Observation id,Observation date,Description,Observation duration,Observation type,Source,Time offset (s),Media duration (s),FPS,Subject,Behavior,Behavioral category,Modifier #1,Behavior type,Time,Media file name,Image index,Image file path,Comment
Baby_1405,2025-06-24 11:48:28.904,,172.403,Media file(s),player #1:C:\Users\esthe\Downloads\baby grizzly 14 _\Baby_1405_10_seven.mp4;C:\Users\esthe\Downloads\baby grizzly 14 _\Baby_1405_11_three.mp4;C:\Users\esthe\Downloads\baby grizzly 14 _\Baby_1405_12_three.mp4;C:\Users\esthe\Downloads\baby grizzly 14 _\Baby_1405_13_five.mp4;C:\Users\esthe\Downloads\baby grizzly 14 _\Baby_1405_14_two.mp4;C:\Users\esthe\Downloads\baby grizzly 14 _\Baby_1405_15_onehalf.mp4;C:\Users\esthe\Downloads\baby grizzly 14 _\Baby_1405_16_seven.mp4;C:\Users\esthe\Downloads\baby grizzly 14 _\Baby_1405_17_seven.mp4;C:\Users\esthe\Downloads\baby grizzly 14 _\Baby_1405_1_three.mp4;C:\Users\esthe\Downloads\baby grizzly 14 _\Baby_1405_2_seven.mp4;C:\Users\esthe\Downloads\baby grizzly 14 _\Baby_1405_3_five.mp4;C:\Users\esthe\Downloads\baby grizzly 14 _\Baby_1405_4_five.mp4;C:\Users\esthe\Downloads\baby grizzly 14 _\Baby_1405_5_seven.mp4;C:\Users\esthe\Downloads\baby grizzly 14 _\Baby_1405_6_seven.mp4;C:\Users\esthe\Downloads\baby grizzly 14 _\Baby_1405_7_seven.mp4;C:\Users\esthe\Downloads\baby grizzly 14 _\Baby_1405_8_two.mp4;C:\Users\esthe\Downloads\baby grizzly 14 _\Baby_1405_9_one.mp4,0.0,9.701;4.433;4.267;7.729;13.965;9.531;5.627;5.099;5.562;15.965;11.869;5.499;17.418;8.460;17.460;17.963;11.965,30.000;30.000;30.000;30.000;30.000;30.000;30.000;30.000;30.000;30.000;30.000;30.000;24.000;24.000;24.000;30.000;30.000,Baby_grizzly,assessing,,,START,0.000,C:\Users\esthe\Downloads\baby grizzly 14 _\Baby_1405_10_seven.mp4,0,NA,
Baby_1405,2025-06-24 11:48:28.904,,172.403,Media file(s),player #1:C:\Users\esthe\Downloads\baby grizzly 14 _\Baby_1405_10_seven.mp4;C:\Users\esthe\Downloads\baby grizzly 14 _\Baby_1405_11_three.mp4;C:\Users\esthe\Downloads\baby grizzly 14 _\Baby_1405_12_three.mp4;C:\Users\esthe\Downloads\baby grizzly 14 _\Baby_1405_13_five.mp4;C:\Users\esthe\Downloads\baby grizzly 14 _\Baby_1405_14_two.mp4;C:\Users\esthe\Downloads\baby grizzly 14 _\Baby_1405_15_onehalf.mp4;C:\Users\esthe\Downloads\baby grizzly 14 _\Baby_1405_16_seven.mp4;C:\Users\esthe\Downloads\baby grizzly 14 _\Baby_1405_17_seven.mp4;C:\Users\esthe\Downloads\baby grizzly 14 _\Baby_1405_1_three.mp4;C:\Users\esthe\Downloads\baby grizzly 14 _\Baby_1405_2_seven.mp4;C:\Users\esthe\Downloads\baby grizzly 14 _\Baby_1405_3_five.mp4;C:\Users\esthe\Downloads\baby grizzly 14 _\Baby_1405_4_five.mp4;C:\Users\esthe\Downloads\baby grizzly 14 _\Baby_1405_5_seven.mp4;C:\Users\esthe\Downloads\baby grizzly 14 _\Baby_1405_6_seven.mp4;C:\Users\esthe\Downloads\baby grizzly 14 _\Baby_1405_7_seven.mp4;C:\Users\esthe\Downloads\baby grizzly 14 _\Baby_1405_8_two.mp4;C:\Users\esthe\Downloads\baby grizzly 14 _\Baby_1405_9_one.mp4,0.0,9.701;4.433;4.267;7.729;13.965;9.531;5.627;5.099;5.562;15.965;11.869;5.499;17.418;8.460;17.460;17.963;11.965,30.000;30.000;30.000;30.000;30.000;30.000;30.000;30.000;30.000;30.000;30.000;30.000;24.000;24.000;24.000;30.000;30.000,Baby_grizzly,rotation,,Vertical,START,0.000,C:\Users\esthe\Downloads\baby grizzly 14 _\Baby_1405_10_seven.mp4,0,NA,
Baby_1405,2025-06-24 11:48:28.904,,172.403,Media file(s),player #1:C:\Users\esthe\Downloads\baby grizzly 14 _\Baby_1405_10_seven.mp4;C:\Users\esthe\Downloads\baby grizzly 14 _\Baby_1405_11_three.mp4;C:\Users\esthe\Downloads\baby grizzly 14 _\Baby_1405_12_three.mp4;C:\Users\esthe\Downloads\baby grizzly 14 _\Baby_1405_13_five.mp4;C:\Users\esthe\Downloads\baby grizzly 14 _\Baby_1405_14_two.mp4;C:\Users\esthe\Downloads\baby grizzly 14 _\Baby_1405_15_onehalf.mp4;C:\Users\esthe\Downloads\baby grizzly 14 _\Baby_1405_16_seven.mp4;C:\Users\esthe\Downloads\baby grizzly 14 _\Baby_1405_17_seven.mp4;C:\Users\esthe\Downloads\baby grizzly 14 _\Baby_1405_1_three.mp4;C:\Users\esthe\Downloads\baby grizzly 14 _\Baby_1405_2_seven.mp4;C:\Users\esthe\Downloads\baby grizzly 14 _\Baby_1405_3_five.mp4;C:\Users\esthe\Downloads\baby grizzly 14 _\Baby_1405_4_five.mp4;C:\Users\esthe\Downloads\baby grizzly 14 _\Baby_1405_5_seven.mp4;C:\Users\esthe\Downloads\baby grizzly 14 _\Baby_1405_6_seven.mp4;C:\Users\esthe\Downloads\baby grizzly 14 _\Baby_1405_7_seven.mp4;C:\Users\esthe\Downloads\baby grizzly 14 _\Baby_1405_8_two.mp4;C:\Users\esthe\Downloads\baby grizzly 14 _\Baby_1405_9_one.mp4,0.0,9.701;4.433;4.267;7.729;13.965;9.531;5.627;5.099;5.562;15.965;11.869;5.499;17.418;8.460;17.460;17.963;11.965,30.000;30.000;30.000;30.000;30.000;30.000;30.000;30.000;30.000;30.000;30.000;30.000;24.000;24.000;24.000;30.000;30.000,Baby_grizzly,jaw movement,,,POINT,0.133,C:\Users\esthe\Downloads\baby grizzly 14 _\Baby_1405_10_seven.mp4,4,NA,
Baby_1405,2025-06-24 11:48:28.904,,172.403,Media file(s),player #1:C:\Users\esthe\Downloads\baby grizzly 14 _\Baby_1405_10_seven.mp4;C:\Users\esthe\Downloads\baby grizzly 14 _\Baby_1405_11_three.mp4;C:\Users\esthe\Downloads\baby grizzly 14 _\Baby_1405_12_three.mp4;C:\Users\esthe\Downloads\baby grizzly 14 _\Baby_1405_13_five.mp4;C:\Users\esthe\Downloads\baby grizzly 14 _\Baby_1405_14_two.mp4;C:\Users\esthe\Downloads\baby grizzly 14 _\Baby_1405_15_onehalf.mp4;C:\Users\esthe\Downloads\baby grizzly 14 _\Baby_1405_16_seven.mp4;C:\Users\esthe\Downloads\baby grizzly 14 _\Baby_1405_17_seven.mp4;C:\Users\esthe\Downloads\baby grizzly 14 _\Baby_1405_1_three.mp4;C:\Users\esthe\Downloads\baby grizzly 14 _\Baby_1405_2_seven.mp4;C:\Users\esthe\Downloads\baby grizzly 14 _\Baby_1405_3_five.mp4;C:\Users\esthe\Downloads\baby grizzly 14 _\Baby_1405_4_five.mp4;C:\Users\esthe\Downloads\baby grizzly 14 _\Baby_1405_5_seven.mp4;C:\Users\esthe\Downloads\baby grizzly 14 _\Baby_1405_6_seven.mp4;C:\Users\esthe\Downloads\baby grizzly 14 _\Baby_1405_7_seven.mp4;C:\Users\esthe\Downloads\baby grizzly 14 _\Baby_1405_8_two.mp4;C:\Users\esthe\Downloads\baby grizzly 14 _\Baby_1405_9_one.mp4,0.0,9.701;4.433;4.267;7.729;13.965;9.531;5.627;5.099;5.562;15.965;11.869;5.499;17.418;8.460;17.460;17.963;11.965,30.000;30.000;30.000;30.000;30.000;30.000;30.000;30.000;30.000;30.000;30.000;30.000;24.000;24.000;24.000;30.000;30.000,Baby_grizzly,translational jaw movement,,,POINT,0.367,C:\Users\esthe\Downloads\baby grizzly 14 _\Baby_1405_10_seven.mp4,11,NA,
Baby_1405,2025-06-24 11:48:28.904,,172.403,Media file(s),player #1:C:\Users\esthe\Downloads\baby grizzly 14 _\Baby_1405_10_seven.mp4;C:\Users\esthe\Downloads\baby grizzly 14 _\Baby_1405_11_three.mp4;C:\Users\esthe\Downloads\baby grizzly 14 _\Baby_1405_12_three.mp4;C:\Users\esthe\Downloads\baby grizzly 14 _\Baby_1405_13_five.mp4;C:\Users\esthe\Downloads\baby grizzly 14 _\Baby_1405_14_two.mp4;C:\Users\esthe\Downloads\baby grizzly 14 _\Baby_1405_15_onehalf.mp4;C:\Users\esthe\Downloads\baby grizzly 14 _\Baby_1405_16_seven.mp4;C:\Users\esthe\Downloads\baby grizzly 14 _\Baby_1405_17_seven.mp4;C:\Users\esthe\Downloads\baby grizzly 14 _\Baby_1405_1_three.mp4;C:\Users\esthe\Downloads\baby grizzly 14 _\Baby_1405_2_seven.mp4;C:\Users\esthe\Downloads\baby grizzly 14 _\Baby_1405_3_five.mp4;C:\Users\esthe\Downloads\baby grizzly 14 _\Baby_1405_4_five.mp4;C:\Users\esthe\Downloads\baby grizzly 14 _\Baby_1405_5_seven.mp4;C:\Users\esthe\Downloads\baby grizzly 14 _\Baby_1405_6_seven.mp4;C:\Users\esthe\Downloads\baby grizzly 14 _\Baby_1405_7_seven.mp4;C:\Users\esthe\Downloads\baby grizzly 14 _\Baby_1405_8_two.mp4;C:\Users\esthe\Downloads\baby grizzly 14 _\Baby_1405_9_one.mp4,0.0,9.701;4.433;4.267;7.729;13.965;9.531;5.627;5.099;5.562;15.965;11.869;5.499;17.418;8.460;17.460;17.963;11.965,30.000;30.000;30.000;30.000;30.000;30.000;30.000;30.000;30.000;30.000;30.000;30.000;24.000;24.000;24.000;30.000;30.000,Baby_grizzly,rotation,,Vertical,STOP,0.500,C:\Users\esthe\Downloads\baby grizzly 14 _\Baby_1405_10_seven.mp4,15,NA,
Baby_1405,2025-06-24 11:48:28.904,,172.403,Media file(s),player #1:C:\Users\esthe\Downloads\baby grizzly 14 _\Baby_1405_10_seven.mp4;C:\Users\esthe\Downloads\baby grizzly 14 _\Baby_1405_11_three.mp4;C:\Users\esthe\Downloads\baby grizzly 14 _\Baby_1405_12_three.mp4;C:\Users\esthe\Downloads\baby grizzly 14 _\Baby_1405_13_five.mp4;C:\Users\esthe\Downloads\baby grizzly 14 _\Baby_1405_14_two.mp4;C:\Users\esthe\Downloads\baby grizzly 14 _\Baby_1405_15_onehalf.mp4;C:\Users\esthe\Downloads\baby grizzly 14 _\Baby_1405_16_seven.mp4;C:\Users\esthe\Downloads\baby grizzly 14 _\Baby_1405_17_seven.mp4;C:\Users\esthe\Downloads\baby grizzly 14 _\Baby_1405_1_three.mp4;C:\Users\esthe\Downloads\baby grizzly 14 _\Baby_1405_2_seven.mp4;C:\Users\esthe\Downloads\baby grizzly 14 _\Baby_1405_3_five.mp4;C:\Users\esthe\Downloads\baby grizzly 14 _\Baby_1405_4_five.mp4;C:\Users\esthe\Downloads\baby grizzly 14 _\Baby_1405_5_seven.mp4;C:\Users\esthe\Downloads\baby grizzly 14 _\Baby_1405_6_seven.mp4;C:\Users\esthe\Downloads\baby grizzly 14 _\Baby_1405_7_seven.mp4;C:\Users\esthe\Downloads\baby grizzly 14 _\Baby_1405_8_two.mp4;C:\Users\esthe\Downloads\baby grizzly 14 _\Baby_1405_9_one.mp4,0.0,9.701;4.433;4.267;7.729;13.965;9.531;5.627;5.099;5.562;15.965;11.869;5.499;17.418;8.460;17.460;17.963;11.965,30.000;30.000;30.000;30.000;30.000;30.000;30.000;30.000;30.000;30.000;30.000;30.000;24.000;24.000;24.000;30.000;30.000,Baby_grizzly,rotation,,Horizontal,START,0.600,C:\Users\esthe\Downloads\baby grizzly 14 _\Baby_1405_10_seven.mp4,18,NA,
Baby_1405,2025-06-24 11:48:28.904,,172.403,Media file(s),player #1:C:\Users\esthe\Downloads\baby grizzly 14 _\Baby_1405_10_seven.mp4;C:\Users\esthe\Downloads\baby grizzly 14 _\Baby_1405_11_three.mp4;C:\Users\esthe\Downloads\baby grizzly 14 _\Baby_1405_12_three.mp4;C:\Users\esthe\Downloads\baby grizzly 14 _\Baby_1405_13_five.mp4;C:\Users\esthe\Downloads\baby grizzly 14 _\Baby_1405_14_two.mp4;C:\Users\esthe\Downloads\baby grizzly 14 _\Baby_1405_15_onehalf.mp4;C:\Users\esthe\Downloads\baby grizzly 14 _\Baby_1405_16_seven.mp4;C:\Users\esthe\Downloads\baby grizzly 14 _\Baby_1405_17_seven.mp4;C:\Users\esthe\Downloads\baby grizzly 14 _\Baby_1405_1_three.mp4;C:\Users\esthe\Downloads\baby grizzly 14 _\Baby_1405_2_seven.mp4;C:\Users\esthe\Downloads\baby grizzly 14 _\Baby_1405_3_five.mp4;C:\Users\esthe\Downloads\baby grizzly 14 _\Baby_1405_4_five.mp4;C:\Users\esthe\Downloads\baby grizzly 14 _\Baby_1405_5_seven.mp4;C:\Users\esthe\Downloads\baby grizzly 14 _\Baby_1405_6_seven.mp4;C:\Users\esthe\Downloads\baby grizzly 14 _\Baby_1405_7_seven.mp4;C:\Users\esthe\Downloads\baby grizzly 14 _\Baby_1405_8_two.mp4;C:\Users\esthe\Downloads\baby grizzly 14 _\Baby_1405_9_one.mp4,0.0,9.701;4.433;4.267;7.729;13.965;9.531;5.627;5.099;5.562;15.965;11.869;5.499;17.418;8.460;17.460;17.963;11.965,30.000;30.000;30.000;30.000;30.000;30.000;30.000;30.000;30.000;30.000;30.000;30.000;24.000;24.000;24.000;30.000;30.000,Baby_grizzly,jaw movement,,,POINT,0.700,C:\Users\esthe\Downloads\baby grizzly 14 _\Baby_1405_10_seven.mp4,21,NA,
Baby_1405,2025-06-24 11:48:28.904,,172.403,Media file(s),player #1:C:\Users\esthe\Downloads\baby grizzly 14 _\Baby_1405_10_seven.mp4;C:\Users\esthe\Downloads\baby grizzly 14 _\Baby_1405_11_three.mp4;C:\Users\esthe\Downloads\baby grizzly 14 _\Baby_1405_12_three.mp4;C:\Users\esthe\Downloads\baby grizzly 14 _\Baby_1405_13_five.mp4;C:\Users\esthe\Downloads\baby grizzly 14 _\Baby_1405_14_two.mp4;C:\Users\esthe\Downloads\baby grizzly 14 _\Baby_1405_15_onehalf.mp4;C:\Users\esthe\Downloads\baby grizzly 14 _\Baby_1405_16_seven.mp4;C:\Users\esthe\Downloads\baby grizzly 14 _\Baby_1405_17_seven.mp4;C:\Users\esthe\Downloads\baby grizzly 14 _\Baby_1405_1_three.mp4;C:\Users\esthe\Downloads\baby grizzly 14 _\Baby_1405_2_seven.mp4;C:\Users\esthe\Downloads\baby grizzly 14 _\Baby_1405_3_five.mp4;C:\Users\esthe\Downloads\baby grizzly 14 _\Baby_1405_4_five.mp4;C:\Users\esthe\Downloads\baby grizzly 14 _\Baby_1405_5_seven.mp4;C:\Users\esthe\Downloads\baby grizzly 14 _\Baby_1405_6_seven.mp4;C:\Users\esthe\Downloads\baby grizzly 14 _\Baby_1405_7_seven.mp4;C:\Users\esthe\Downloads\baby grizzly 14 _\Baby_1405_8_two.mp4;C:\Users\esthe\Downloads\baby grizzly 14 _\Baby_1405_9_one.mp4,0.0,9.701;4.433;4.267;7.729;13.965;9.531;5.627;5.099;5.562;15.965;11.869;5.499;17.418;8.460;17.460;17.963;11.965,30.000;30.000;30.000;30.000;30.000;30.000;30.000;30.000;30.000;30.000;30.000;30.000;24.000;24.000;24.000;30.000;30.000,Baby_grizzly,jaw movement,,,POINT,0.900,C:\Users\esthe\Downloads\baby grizzly 14 _\Baby_1405_10_seven.mp4,27,NA,
Baby_1405,2025-06-24 11:48:28.904,,172.403,Media file(s),player #1:C:\Users\esthe\Downloads\baby grizzly 14 _\Baby_1405_10_seven.mp4;C:\Users\esthe\Downloads\baby grizzly 14 _\Baby_1405_11_three.mp4;C:\Users\esthe\Downloads\baby grizzly 14 _\Baby_1405_12_three.mp4;C:\Users\esthe\Downloads\baby grizzly 14 _\Baby_1405_13_five.mp4;C:\Users\esthe\Downloads\baby grizzly 14 _\Baby_1405_14_two.mp4;C:\Users\esthe\Downloads\baby grizzly 14 _\Baby_1405_15_onehalf.mp4;C:\Users\esthe\Downloads\baby grizzly 14 _\Baby_1405_16_seven.mp4;C:\Users\esthe\Downloads\baby grizzly 14 _\Baby_1405_17_seven.mp4;C:\Users\esthe\Downloads\baby grizzly 14 _\Baby_1405_1_three.mp4;C:\Users\esthe\Downloads\baby grizzly 14 _\Baby_1405_2_seven.mp4;C:\Users\esthe\Downloads\baby grizzly 14 _\Baby_1405_3_five.mp4;C:\Users\esthe\Downloads\baby grizzly 14 _\Baby_1405_4_five.mp4;C:\Users\esthe\Downloads\baby grizzly 14 _\Baby_1405_5_seven.mp4;C:\Users\esthe\Downloads\baby grizzly 14 _\Baby_1405_6_seven.mp4;C:\Users\esthe\Downloads\baby grizzly 14 _\Baby_1405_7_seven.mp4;C:\Users\esthe\Downloads\baby grizzly 14 _\Baby_1405_8_two.mp4;C:\Users\esthe\Downloads\baby grizzly 14 _\Baby_1405_9_one.mp4,0.0,9.701;4.433;4.267;7.729;13.965;9.531;5.627;5.099;5.562;15.965;11.869;5.499;17.418;8.460;17.460;17.963;11.965,30.000;30.000;30.000;30.000;30.000;30.000;30.000;30.000;30.000;30.000;30.000;30.000;24.000;24.000;24.000;30.000;30.000,Baby_grizzly,rotation,,Horizontal,STOP,1.133,C:\Users\esthe\Downloads\baby grizzly 14 _\Baby_1405_10_seven.mp4,34,NA,
Baby_1405,2025-06-24 11:48:28.904,,172.403,Media file(s),player #1:C:\Users\esthe\Downloads\baby grizzly 14 _\Baby_1405_10_seven.mp4;C:\Users\esthe\Downloads\baby grizzly 14 _\Baby_1405_11_three.mp4;C:\Users\esthe\Downloads\baby grizzly 14 _\Baby_1405_12_three.mp4;C:\Users\esthe\Downloads\baby grizzly 14 _\Baby_1405_13_five.mp4;C:\Users\esthe\Downloads\baby grizzly 14 _\Baby_1405_14_two.mp4;C:\Users\esthe\Downloads\baby grizzly 14 _\Baby_1405_15_onehalf.mp4;C:\Users\esthe\Downloads\baby grizzly 14 _\Baby_1405_16_seven.mp4;C:\Users\esthe\Downloads\baby grizzly 14 _\Baby_1405_17_seven.mp4;C:\Users\esthe\Downloads\baby grizzly 14 _\Baby_1405_1_three.mp4;C:\Users\esthe\Downloads\baby grizzly 14 _\Baby_1405_2_seven.mp4;C:\Users\esthe\Downloads\baby grizzly 14 _\Baby_1405_3_five.mp4;C:\Users\esthe\Downloads\baby grizzly 14 _\Baby_1405_4_five.mp4;C:\Users\esthe\Downloads\baby grizzly 14 _\Baby_1405_5_seven.mp4;C:\Users\esthe\Downloads\baby grizzly 14 _\Baby_1405_6_seven.mp4;C:\Users\esthe\Downloads\baby grizzly 14 _\Baby_1405_7_seven.mp4;C:\Users\esthe\Downloads\baby grizzly 14 _\Baby_1405_8_two.mp4;C:\Users\esthe\Downloads\baby grizzly 14 _\Baby_1405_9_one.mp4,0.0,9.701;4.433;4.267;7.729;13.965;9.531;5.627;5.099;5.562;15.965;11.869;5.499;17.418;8.460;17.460;17.963;11.965,30.000;30.000;30.000;30.000;30.000;30.000;30.000;30.000;30.000;30.000;30.000;30.000;24.000;24.000;24.000;30.000;30.000,Baby_grizzly,rotation,,Vertical,START,1.167,C:\Users\esthe\Downloads\baby grizzly 14 _\Baby_1405_10_seven.mp4,35,NA,
Baby_1405,2025-06-24 11:48:28.904,,172.403,Media file(s),player #1:C:\Users\esthe\Downloads\baby grizzly 14 _\Baby_1405_10_seven.mp4;C:\Users\esthe\Downloads\baby grizzly 14 _\Baby_1405_11_three.mp4;C:\Users\esthe\Downloads\baby grizzly 14 _\Baby_1405_12_three.mp4;C:\Users\esthe\Downloads\baby grizzly 14 _\Baby_1405_13_five.mp4;C:\Users\esthe\Downloads\baby grizzly 14 _\Baby_1405_14_two.mp4;C:\Users\esthe\Downloads\baby grizzly 14 _\Baby_1405_15_onehalf.mp4;C:\Users\esthe\Downloads\baby grizzly 14 _\Baby_1405_16_seven.mp4;C:\Users\esthe\Downloads\baby grizzly 14 _\Baby_1405_17_seven.mp4;C:\Users\esthe\Downloads\baby grizzly 14 _\Baby_1405_1_three.mp4;C:\Users\esthe\Downloads\baby grizzly 14 _\Baby_1405_2_seven.mp4;C:\Users\esthe\Downloads\baby grizzly 14 _\Baby_1405_3_five.mp4;C:\Users\esthe\Downloads\baby grizzly 14 _\Baby_1405_4_five.mp4;C:\Users\esthe\Downloads\baby grizzly 14 _\Baby_1405_5_seven.mp4;C:\Users\esthe\Downloads\baby grizzly 14 _\Baby_1405_6_seven.mp4;C:\Users\esthe\Downloads\baby grizzly 14 _\Baby_1405_7_seven.mp4;C:\Users\esthe\Downloads\baby grizzly 14 _\Baby_1405_8_two.mp4;C:\Users\esthe\Downloads\baby grizzly 14 _\Baby_1405_9_one.mp4,0.0,9.701;4.433;4.267;7.729;13.965;9.531;5.627;5.099;5.562;15.965;11.869;5.499;17.418;8.460;17.460;17.963;11.965,30.000;30.000;30.000;30.000;30.000;30.000;30.000;30.000;30.000;30.000;30.000;30.000;24.000;24.000;24.000;30.000;30.000,Baby_grizzly,jaw movement,,,POINT,1.200,C:\Users\esthe\Downloads\baby grizzly 14 _\Baby_1405_10_seven.mp4,36,NA,
Baby_1405,2025-06-24 11:48:28.904,,172.403,Media file(s),player #1:C:\Users\esthe\Downloads\baby grizzly 14 _\Baby_1405_10_seven.mp4;C:\Users\esthe\Downloads\baby grizzly 14 _\Baby_1405_11_three.mp4;C:\Users\esthe\Downloads\baby grizzly 14 _\Baby_1405_12_three.mp4;C:\Users\esthe\Downloads\baby grizzly 14 _\Baby_1405_13_five.mp4;C:\Users\esthe\Downloads\baby grizzly 14 _\Baby_1405_14_two.mp4;C:\Users\esthe\Downloads\baby grizzly 14 _\Baby_1405_15_onehalf.mp4;C:\Users\esthe\Downloads\baby grizzly 14 _\Baby_1405_16_seven.mp4;C:\Users\esthe\Downloads\baby grizzly 14 _\Baby_1405_17_seven.mp4;C:\Users\esthe\Downloads\baby grizzly 14 _\Baby_1405_1_three.mp4;C:\Users\esthe\Downloads\baby grizzly 14 _\Baby_1405_2_seven.mp4;C:\Users\esthe\Downloads\baby grizzly 14 _\Baby_1405_3_five.mp4;C:\Users\esthe\Downloads\baby grizzly 14 _\Baby_1405_4_five.mp4;C:\Users\esthe\Downloads\baby grizzly 14 _\Baby_1405_5_seven.mp4;C:\Users\esthe\Downloads\baby grizzly 14 _\Baby_1405_6_seven.mp4;C:\Users\esthe\Downloads\baby grizzly 14 _\Baby_1405_7_seven.mp4;C:\Users\esthe\Downloads\baby grizzly 14 _\Baby_1405_8_two.mp4;C:\Users\esthe\Downloads\baby grizzly 14 _\Baby_1405_9_one.mp4,0.0,9.701;4.433;4.267;7.729;13.965;9.531;5.627;5.099;5.562;15.965;11.869;5.499;17.418;8.460;17.460;17.963;11.965,30.000;30.000;30.000;30.000;30.000;30.000;30.000;30.000;30.000;30.000;30.000;30.000;24.000;24.000;24.000;30.000;30.000,Baby_grizzly,jaw movement,,,POINT,1.733,C:\Users\esthe\Downloads\baby grizzly 14 _\Baby_1405_10_seven.mp4,52,NA,
Baby_1405,2025-06-24 11:48:28.904,,172.403,Media file(s),player #1:C:\Users\esthe\Downloads\baby grizzly 14 _\Baby_1405_10_seven.mp4;C:\Users\esthe\Downloads\baby grizzly 14 _\Baby_1405_11_three.mp4;C:\Users\esthe\Downloads\baby grizzly 14 _\Baby_1405_12_three.mp4;C:\Users\esthe\Downloads\baby grizzly 14 _\Baby_1405_13_five.mp4;C:\Users\esthe\Downloads\baby grizzly 14 _\Baby_1405_14_two.mp4;C:\Users\esthe\Downloads\baby grizzly 14 _\Baby_1405_15_onehalf.mp4;C:\Users\esthe\Downloads\baby grizzly 14 _\Baby_1405_16_seven.mp4;C:\Users\esthe\Downloads\baby grizzly 14 _\Baby_1405_17_seven.mp4;C:\Users\esthe\Downloads\baby grizzly 14 _\Baby_1405_1_three.mp4;C:\Users\esthe\Downloads\baby grizzly 14 _\Baby_1405_2_seven.mp4;C:\Users\esthe\Downloads\baby grizzly 14 _\Baby_1405_3_five.mp4;C:\Users\esthe\Downloads\baby grizzly 14 _\Baby_1405_4_five.mp4;C:\Users\esthe\Downloads\baby grizzly 14 _\Baby_1405_5_seven.mp4;C:\Users\esthe\Downloads\baby grizzly 14 _\Baby_1405_6_seven.mp4;C:\Users\esthe\Downloads\baby grizzly 14 _\Baby_1405_7_seven.mp4;C:\Users\esthe\Downloads\baby grizzly 14 _\Baby_1405_8_two.mp4;C:\Users\esthe\Downloads\baby grizzly 14 _\Baby_1405_9_one.mp4,0.0,9.701;4.433;4.267;7.729;13.965;9.531;5.627;5.099;5.562;15.965;11.869;5.499;17.418;8.460;17.460;17.963;11.965,30.000;30.000;30.000;30.000;30.000;30.000;30.000;30.000;30.000;30.000;30.000;30.000;24.000;24.000;24.000;30.000;30.000,Baby_grizzly,rotation,,Vertical,STOP,1.800,C:\Users\esthe\Downloads\baby grizzly 14 _\Baby_1405_10_seven.mp4,54,NA,
Baby_1405,2025-06-24 11:48:28.904,,172.403,Media file(s),player #1:C:\Users\esthe\Downloads\baby grizzly 14 _\Baby_1405_10_seven.mp4;C:\Users\esthe\Downloads\baby grizzly 14 _\Baby_1405_11_three.mp4;C:\Users\esthe\Downloads\baby grizzly 14 _\Baby_1405_12_three.mp4;C:\Users\esthe\Downloads\baby grizzly 14 _\Baby_1405_13_five.mp4;C:\Users\esthe\Downloads\baby grizzly 14 _\Baby_1405_14_two.mp4;C:\Users\esthe\Downloads\baby grizzly 14 _\Baby_1405_15_onehalf.mp4;C:\Users\esthe\Downloads\baby grizzly 14 _\Baby_1405_16_seven.mp4;C:\Users\esthe\Downloads\baby grizzly 14 _\Baby_1405_17_seven.mp4;C:\Users\esthe\Downloads\baby grizzly 14 _\Baby_1405_1_three.mp4;C:\Users\esthe\Downloads\baby grizzly 14 _\Baby_1405_2_seven.mp4;C:\Users\esthe\Downloads\baby grizzly 14 _\Baby_1405_3_five.mp4;C:\Users\esthe\Downloads\baby grizzly 14 _\Baby_1405_4_five.mp4;C:\Users\esthe\Downloads\baby grizzly 14 _\Baby_1405_5_seven.mp4;C:\Users\esthe\Downloads\baby grizzly 14 _\Baby_1405_6_seven.mp4;C:\Users\esthe\Downloads\baby grizzly 14 _\Baby_1405_7_seven.mp4;C:\Users\esthe\Downloads\baby grizzly 14 _\Baby_1405_8_two.mp4;C:\Users\esthe\Downloads\baby grizzly 14 _\Baby_1405_9_one.mp4,0.0,9.701;4.433;4.267;7.729;13.965;9.531;5.627;5.099;5.562;15.965;11.869;5.499;17.418;8.460;17.460;17.963;11.965,30.000;30.000;30.000;30.000;30.000;30.000;30.000;30.000;30.000;30.000;30.000;30.000;24.000;24.000;24.000;30.000;30.000,Baby_grizzly,sniffing,,,POINT,2.000,C:\Users\esthe\Downloads\baby grizzly 14 _\Baby_1405_10_seven.mp4,60,NA,
Baby_1405,2025-06-24 11:48:28.904,,172.403,Media file(s),player #1:C:\Users\esthe\Downloads\baby grizzly 14 _\Baby_1405_10_seven.mp4;C:\Users\esthe\Downloads\baby grizzly 14 _\Baby_1405_11_three.mp4;C:\Users\esthe\Downloads\baby grizzly 14 _\Baby_1405_12_three.mp4;C:\Users\esthe\Downloads\baby grizzly 14 _\Baby_1405_13_five.mp4;C:\Users\esthe\Downloads\baby grizzly 14 _\Baby_1405_14_two.mp4;C:\Users\esthe\Downloads\baby grizzly 14 _\Baby_1405_15_onehalf.mp4;C:\Users\esthe\Downloads\baby grizzly 14 _\Baby_1405_16_seven.mp4;C:\Users\esthe\Downloads\baby grizzly 14 _\Baby_1405_17_seven.mp4;C:\Users\esthe\Downloads\baby grizzly 14 _\Baby_1405_1_three.mp4;C:\Users\esthe\Downloads\baby grizzly 14 _\Baby_1405_2_seven.mp4;C:\Users\esthe\Downloads\baby grizzly 14 _\Baby_1405_3_five.mp4;C:\Users\esthe\Downloads\baby grizzly 14 _\Baby_1405_4_five.mp4;C:\Users\esthe\Downloads\baby grizzly 14 _\Baby_1405_5_seven.mp4;C:\Users\esthe\Downloads\baby grizzly 14 _\Baby_1405_6_seven.mp4;C:\Users\esthe\Downloads\baby grizzly 14 _\Baby_1405_7_seven.mp4;C:\Users\esthe\Downloads\baby grizzly 14 _\Baby_1405_8_two.mp4;C:\Users\esthe\Downloads\baby grizzly 14 _\Baby_1405_9_one.mp4,0.0,9.701;4.433;4.267;7.729;13.965;9.531;5.627;5.099;5.562;15.965;11.869;5.499;17.418;8.460;17.460;17.963;11.965,30.000;30.000;30.000;30.000;30.000;30.000;30.000;30.000;30.000;30.000;30.000;30.000;24.000;24.000;24.000;30.000;30.000,Baby_grizzly,jaw movement,,,POINT,2.300,C:\Users\esthe\Downloads\baby grizzly 14 _\Baby_1405_10_seven.mp4,69,NA,
Baby_1405,2025-06-24 11:48:28.904,,172.403,Media file(s),player #1:C:\Users\esthe\Downloads\baby grizzly 14 _\Baby_1405_10_seven.mp4;C:\Users\esthe\Downloads\baby grizzly 14 _\Baby_1405_11_three.mp4;C:\Users\esthe\Downloads\baby grizzly 14 _\Baby_1405_12_three.mp4;C:\Users\esthe\Downloads\baby grizzly 14 _\Baby_1405_13_five.mp4;C:\Users\esthe\Downloads\baby grizzly 14 _\Baby_1405_14_two.mp4;C:\Users\esthe\Downloads\baby grizzly 14 _\Baby_1405_15_onehalf.mp4;C:\Users\esthe\Downloads\baby grizzly 14 _\Baby_1405_16_seven.mp4;C:\Users\esthe\Downloads\baby grizzly 14 _\Baby_1405_17_seven.mp4;C:\Users\esthe\Downloads\baby grizzly 14 _\Baby_1405_1_three.mp4;C:\Users\esthe\Downloads\baby grizzly 14 _\Baby_1405_2_seven.mp4;C:\Users\esthe\Downloads\baby grizzly 14 _\Baby_1405_3_five.mp4;C:\Users\esthe\Downloads\baby grizzly 14 _\Baby_1405_4_five.mp4;C:\Users\esthe\Downloads\baby grizzly 14 _\Baby_1405_5_seven.mp4;C:\Users\esthe\Downloads\baby grizzly 14 _\Baby_1405_6_seven.mp4;C:\Users\esthe\Downloads\baby grizzly 14 _\Baby_1405_7_seven.mp4;C:\Users\esthe\Downloads\baby grizzly 14 _\Baby_1405_8_two.mp4;C:\Users\esthe\Downloads\baby grizzly 14 _\Baby_1405_9_one.mp4,0.0,9.701;4.433;4.267;7.729;13.965;9.531;5.627;5.099;5.562;15.965;11.869;5.499;17.418;8.460;17.460;17.963;11.965,30.000;30.000;30.000;30.000;30.000;30.000;30.000;30.000;30.000;30.000;30.000;30.000;24.000;24.000;24.000;30.000;30.000,Baby_grizzly,rotation,,Horizontal,START,2.300,C:\Users\esthe\Downloads\baby grizzly 14 _\Baby_1405_10_seven.mp4,69,NA,
Baby_1405,2025-06-24 11:48:28.904,,172.403,Media file(s),player #1:C:\Users\esthe\Downloads\baby grizzly 14 _\Baby_1405_10_seven.mp4;C:\Users\esthe\Downloads\baby grizzly 14 _\Baby_1405_11_three.mp4;C:\Users\esthe\Downloads\baby grizzly 14 _\Baby_1405_12_three.mp4;C:\Users\esthe\Downloads\baby grizzly 14 _\Baby_1405_13_five.mp4;C:\Users\esthe\Downloads\baby grizzly 14 _\Baby_1405_14_two.mp4;C:\Users\esthe\Downloads\baby grizzly 14 _\Baby_1405_15_onehalf.mp4;C:\Users\esthe\Downloads\baby grizzly 14 _\Baby_1405_16_seven.mp4;C:\Users\esthe\Downloads\baby grizzly 14 _\Baby_1405_17_seven.mp4;C:\Users\esthe\Downloads\baby grizzly 14 _\Baby_1405_1_three.mp4;C:\Users\esthe\Downloads\baby grizzly 14 _\Baby_1405_2_seven.mp4;C:\Users\esthe\Downloads\baby grizzly 14 _\Baby_1405_3_five.mp4;C:\Users\esthe\Downloads\baby grizzly 14 _\Baby_1405_4_five.mp4;C:\Users\esthe\Downloads\baby grizzly 14 _\Baby_1405_5_seven.mp4;C:\Users\esthe\Downloads\baby grizzly 14 _\Baby_1405_6_seven.mp4;C:\Users\esthe\Downloads\baby grizzly 14 _\Baby_1405_7_seven.mp4;C:\Users\esthe\Downloads\baby grizzly 14 _\Baby_1405_8_two.mp4;C:\Users\esthe\Downloads\baby grizzly 14 _\Baby_1405_9_one.mp4,0.0,9.701;4.433;4.267;7.729;13.965;9.531;5.627;5.099;5.562;15.965;11.869;5.499;17.418;8.460;17.460;17.963;11.965,30.000;30.000;30.000;30.000;30.000;30.000;30.000;30.000;30.000;30.000;30.000;30.000;24.000;24.000;24.000;30.000;30.000,Baby_grizzly,jaw movement,,,POINT,2.667,C:\Users\esthe\Downloads\baby grizzly 14 _\Baby_1405_10_seven.mp4,80,NA,
Baby_1405,2025-06-24 11:48:28.904,,172.403,Media file(s),player #1:C:\Users\esthe\Downloads\baby grizzly 14 _\Baby_1405_10_seven.mp4;C:\Users\esthe\Downloads\baby grizzly 14 _\Baby_1405_11_three.mp4;C:\Users\esthe\Downloads\baby grizzly 14 _\Baby_1405_12_three.mp4;C:\Users\esthe\Downloads\baby grizzly 14 _\Baby_1405_13_five.mp4;C:\Users\esthe\Downloads\baby grizzly 14 _\Baby_1405_14_two.mp4;C:\Users\esthe\Downloads\baby grizzly 14 _\Baby_1405_15_onehalf.mp4;C:\Users\esthe\Downloads\baby grizzly 14 _\Baby_1405_16_seven.mp4;C:\Users\esthe\Downloads\baby grizzly 14 _\Baby_1405_17_seven.mp4;C:\Users\esthe\Downloads\baby grizzly 14 _\Baby_1405_1_three.mp4;C:\Users\esthe\Downloads\baby grizzly 14 _\Baby_1405_2_seven.mp4;C:\Users\esthe\Downloads\baby grizzly 14 _\Baby_1405_3_five.mp4;C:\Users\esthe\Downloads\baby grizzly 14 _\Baby_1405_4_five.mp4;C:\Users\esthe\Downloads\baby grizzly 14 _\Baby_1405_5_seven.mp4;C:\Users\esthe\Downloads\baby grizzly 14 _\Baby_1405_6_seven.mp4;C:\Users\esthe\Downloads\baby grizzly 14 _\Baby_1405_7_seven.mp4;C:\Users\esthe\Downloads\baby grizzly 14 _\Baby_1405_8_two.mp4;C:\Users\esthe\Downloads\baby grizzly 14 _\Baby_1405_9_one.mp4,0.0,9.701;4.433;4.267;7.729;13.965;9.531;5.627;5.099;5.562;15.965;11.869;5.499;17.418;8.460;17.460;17.963;11.965,30.000;30.000;30.000;30.000;30.000;30.000;30.000;30.000;30.000;30.000;30.000;30.000;24.000;24.000;24.000;30.000;30.000,Baby_grizzly,jaw movement,,,POINT,3.034,C:\Users\esthe\Downloads\baby grizzly 14 _\Baby_1405_10_seven.mp4,91,NA,
Baby_1405,2025-06-24 11:48:28.904,,172.403,Media file(s),player #1:C:\Users\esthe\Downloads\baby grizzly 14 _\Baby_1405_10_seven.mp4;C:\Users\esthe\Downloads\baby grizzly 14 _\Baby_1405_11_three.mp4;C:\Users\esthe\Downloads\baby grizzly 14 _\Baby_1405_12_three.mp4;C:\Users\esthe\Downloads\baby grizzly 14 _\Baby_1405_13_five.mp4;C:\Users\esthe\Downloads\baby grizzly 14 _\Baby_1405_14_two.mp4;C:\Users\esthe\Downloads\baby grizzly 14 _\Baby_1405_15_onehalf.mp4;C:\Users\esthe\Downloads\baby grizzly 14 _\Baby_1405_16_seven.mp4;C:\Users\esthe\Downloads\baby grizzly 14 _\Baby_1405_17_seven.mp4;C:\Users\esthe\Downloads\baby grizzly 14 _\Baby_1405_1_three.mp4;C:\Users\esthe\Downloads\baby grizzly 14 _\Baby_1405_2_seven.mp4;C:\Users\esthe\Downloads\baby grizzly 14 _\Baby_1405_3_five.mp4;C:\Users\esthe\Downloads\baby grizzly 14 _\Baby_1405_4_five.mp4;C:\Users\esthe\Downloads\baby grizzly 14 _\Baby_1405_5_seven.mp4;C:\Users\esthe\Downloads\baby grizzly 14 _\Baby_1405_6_seven.mp4;C:\Users\esthe\Downloads\baby grizzly 14 _\Baby_1405_7_seven.mp4;C:\Users\esthe\Downloads\baby grizzly 14 _\Baby_1405_8_two.mp4;C:\Users\esthe\Downloads\baby grizzly 14 _\Baby_1405_9_one.mp4,0.0,9.701;4.433;4.267;7.729;13.965;9.531;5.627;5.099;5.562;15.965;11.869;5.499;17.418;8.460;17.460;17.963;11.965,30.000;30.000;30.000;30.000;30.000;30.000;30.000;30.000;30.000;30.000;30.000;30.000;24.000;24.000;24.000;30.000;30.000,Baby_grizzly,sniffing,,,POINT,3.234,C:\Users\esthe\Downloads\baby grizzly 14 _\Baby_1405_10_seven.mp4,97,NA,
Baby_1405,2025-06-24 11:48:28.904,,172.403,Media file(s),player #1:C:\Users\esthe\Downloads\baby grizzly 14 _\Baby_1405_10_seven.mp4;C:\Users\esthe\Downloads\baby grizzly 14 _\Baby_1405_11_three.mp4;C:\Users\esthe\Downloads\baby grizzly 14 _\Baby_1405_12_three.mp4;C:\Users\esthe\Downloads\baby grizzly 14 _\Baby_1405_13_five.mp4;C:\Users\esthe\Downloads\baby grizzly 14 _\Baby_1405_14_two.mp4;C:\Users\esthe\Downloads\baby grizzly 14 _\Baby_1405_15_onehalf.mp4;C:\Users\esthe\Downloads\baby grizzly 14 _\Baby_1405_16_seven.mp4;C:\Users\esthe\Downloads\baby grizzly 14 _\Baby_1405_17_seven.mp4;C:\Users\esthe\Downloads\baby grizzly 14 _\Baby_1405_1_three.mp4;C:\Users\esthe\Downloads\baby grizzly 14 _\Baby_1405_2_seven.mp4;C:\Users\esthe\Downloads\baby grizzly 14 _\Baby_1405_3_five.mp4;C:\Users\esthe\Downloads\baby grizzly 14 _\Baby_1405_4_five.mp4;C:\Users\esthe\Downloads\baby grizzly 14 _\Baby_1405_5_seven.mp4;C:\Users\esthe\Downloads\baby grizzly 14 _\Baby_1405_6_seven.mp4;C:\Users\esthe\Downloads\baby grizzly 14 _\Baby_1405_7_seven.mp4;C:\Users\esthe\Downloads\baby grizzly 14 _\Baby_1405_8_two.mp4;C:\Users\esthe\Downloads\baby grizzly 14 _\Baby_1405_9_one.mp4,0.0,9.701;4.433;4.267;7.729;13.965;9.531;5.627;5.099;5.562;15.965;11.869;5.499;17.418;8.460;17.460;17.963;11.965,30.000;30.000;30.000;30.000;30.000;30.000;30.000;30.000;30.000;30.000;30.000;30.000;24.000;24.000;24.000;30.000;30.000,Baby_grizzly,jaw movement,,,POINT,3.467,C:\Users\esthe\Downloads\baby grizzly 14 _\Baby_1405_10_seven.mp4,104,NA,
Baby_1405,2025-06-24 11:48:28.904,,172.403,Media file(s),player #1:C:\Users\esthe\Downloads\baby grizzly 14 _\Baby_1405_10_seven.mp4;C:\Users\esthe\Downloads\baby grizzly 14 _\Baby_1405_11_three.mp4;C:\Users\esthe\Downloads\baby grizzly 14 _\Baby_1405_12_three.mp4;C:\Users\esthe\Downloads\baby grizzly 14 _\Baby_1405_13_five.mp4;C:\Users\esthe\Downloads\baby grizzly 14 _\Baby_1405_14_two.mp4;C:\Users\esthe\Downloads\baby grizzly 14 _\Baby_1405_15_onehalf.mp4;C:\Users\esthe\Downloads\baby grizzly 14 _\Baby_1405_16_seven.mp4;C:\Users\esthe\Downloads\baby grizzly 14 _\Baby_1405_17_seven.mp4;C:\Users\esthe\Downloads\baby grizzly 14 _\Baby_1405_1_three.mp4;C:\Users\esthe\Downloads\baby grizzly 14 _\Baby_1405_2_seven.mp4;C:\Users\esthe\Downloads\baby grizzly 14 _\Baby_1405_3_five.mp4;C:\Users\esthe\Downloads\baby grizzly 14 _\Baby_1405_4_five.mp4;C:\Users\esthe\Downloads\baby grizzly 14 _\Baby_1405_5_seven.mp4;C:\Users\esthe\Downloads\baby grizzly 14 _\Baby_1405_6_seven.mp4;C:\Users\esthe\Downloads\baby grizzly 14 _\Baby_1405_7_seven.mp4;C:\Users\esthe\Downloads\baby grizzly 14 _\Baby_1405_8_two.mp4;C:\Users\esthe\Downloads\baby grizzly 14 _\Baby_1405_9_one.mp4,0.0,9.701;4.433;4.267;7.729;13.965;9.531;5.627;5.099;5.562;15.965;11.869;5.499;17.418;8.460;17.460;17.963;11.965,30.000;30.000;30.000;30.000;30.000;30.000;30.000;30.000;30.000;30.000;30.000;30.000;24.000;24.000;24.000;30.000;30.000,Baby_grizzly,jaw movement,,,POINT,3.834,C:\Users\esthe\Downloads\baby grizzly 14 _\Baby_1405_10_seven.mp4,115,NA,
Baby_1405,2025-06-24 11:48:28.904,,172.403,Media file(s),player #1:C:\Users\esthe\Downloads\baby grizzly 14 _\Baby_1405_10_seven.mp4;C:\Users\esthe\Downloads\baby grizzly 14 _\Baby_1405_11_three.mp4;C:\Users\esthe\Downloads\baby grizzly 14 _\Baby_1405_12_three.mp4;C:\Users\esthe\Downloads\baby grizzly 14 _\Baby_1405_13_five.mp4;C:\Users\esthe\Downloads\baby grizzly 14 _\Baby_1405_14_two.mp4;C:\Users\esthe\Downloads\baby grizzly 14 _\Baby_1405_15_onehalf.mp4;C:\Users\esthe\Downloads\baby grizzly 14 _\Baby_1405_16_seven.mp4;C:\Users\esthe\Downloads\baby grizzly 14 _\Baby_1405_17_seven.mp4;C:\Users\esthe\Downloads\baby grizzly 14 _\Baby_1405_1_three.mp4;C:\Users\esthe\Downloads\baby grizzly 14 _\Baby_1405_2_seven.mp4;C:\Users\esthe\Downloads\baby grizzly 14 _\Baby_1405_3_five.mp4;C:\Users\esthe\Downloads\baby grizzly 14 _\Baby_1405_4_five.mp4;C:\Users\esthe\Downloads\baby grizzly 14 _\Baby_1405_5_seven.mp4;C:\Users\esthe\Downloads\baby grizzly 14 _\Baby_1405_6_seven.mp4;C:\Users\esthe\Downloads\baby grizzly 14 _\Baby_1405_7_seven.mp4;C:\Users\esthe\Downloads\baby grizzly 14 _\Baby_1405_8_two.mp4;C:\Users\esthe\Downloads\baby grizzly 14 _\Baby_1405_9_one.mp4,0.0,9.701;4.433;4.267;7.729;13.965;9.531;5.627;5.099;5.562;15.965;11.869;5.499;17.418;8.460;17.460;17.963;11.965,30.000;30.000;30.000;30.000;30.000;30.000;30.000;30.000;30.000;30.000;30.000;30.000;24.000;24.000;24.000;30.000;30.000,Baby_grizzly,translational jaw movement,,,POINT,4.234,C:\Users\esthe\Downloads\baby grizzly 14 _\Baby_1405_10_seven.mp4,127,NA,
Baby_1405,2025-06-24 11:48:28.904,,172.403,Media file(s),player #1:C:\Users\esthe\Downloads\baby grizzly 14 _\Baby_1405_10_seven.mp4;C:\Users\esthe\Downloads\baby grizzly 14 _\Baby_1405_11_three.mp4;C:\Users\esthe\Downloads\baby grizzly 14 _\Baby_1405_12_three.mp4;C:\Users\esthe\Downloads\baby grizzly 14 _\Baby_1405_13_five.mp4;C:\Users\esthe\Downloads\baby grizzly 14 _\Baby_1405_14_two.mp4;C:\Users\esthe\Downloads\baby grizzly 14 _\Baby_1405_15_onehalf.mp4;C:\Users\esthe\Downloads\baby grizzly 14 _\Baby_1405_16_seven.mp4;C:\Users\esthe\Downloads\baby grizzly 14 _\Baby_1405_17_seven.mp4;C:\Users\esthe\Downloads\baby grizzly 14 _\Baby_1405_1_three.mp4;C:\Users\esthe\Downloads\baby grizzly 14 _\Baby_1405_2_seven.mp4;C:\Users\esthe\Downloads\baby grizzly 14 _\Baby_1405_3_five.mp4;C:\Users\esthe\Downloads\baby grizzly 14 _\Baby_1405_4_five.mp4;C:\Users\esthe\Downloads\baby grizzly 14 _\Baby_1405_5_seven.mp4;C:\Users\esthe\Downloads\baby grizzly 14 _\Baby_1405_6_seven.mp4;C:\Users\esthe\Downloads\baby grizzly 14 _\Baby_1405_7_seven.mp4;C:\Users\esthe\Downloads\baby grizzly 14 _\Baby_1405_8_two.mp4;C:\Users\esthe\Downloads\baby grizzly 14 _\Baby_1405_9_one.mp4,0.0,9.701;4.433;4.267;7.729;13.965;9.531;5.627;5.099;5.562;15.965;11.869;5.499;17.418;8.460;17.460;17.963;11.965,30.000;30.000;30.000;30.000;30.000;30.000;30.000;30.000;30.000;30.000;30.000;30.000;24.000;24.000;24.000;30.000;30.000,Baby_grizzly,jaw movement,,,POINT,4.667,C:\Users\esthe\Downloads\baby grizzly 14 _\Baby_1405_10_seven.mp4,140,NA,
Baby_1405,2025-06-24 11:48:28.904,,172.403,Media file(s),player #1:C:\Users\esthe\Downloads\baby grizzly 14 _\Baby_1405_10_seven.mp4;C:\Users\esthe\Downloads\baby grizzly 14 _\Baby_1405_11_three.mp4;C:\Users\esthe\Downloads\baby grizzly 14 _\Baby_1405_12_three.mp4;C:\Users\esthe\Downloads\baby grizzly 14 _\Baby_1405_13_five.mp4;C:\Users\esthe\Downloads\baby grizzly 14 _\Baby_1405_14_two.mp4;C:\Users\esthe\Downloads\baby grizzly 14 _\Baby_1405_15_onehalf.mp4;C:\Users\esthe\Downloads\baby grizzly 14 _\Baby_1405_16_seven.mp4;C:\Users\esthe\Downloads\baby grizzly 14 _\Baby_1405_17_seven.mp4;C:\Users\esthe\Downloads\baby grizzly 14 _\Baby_1405_1_three.mp4;C:\Users\esthe\Downloads\baby grizzly 14 _\Baby_1405_2_seven.mp4;C:\Users\esthe\Downloads\baby grizzly 14 _\Baby_1405_3_five.mp4;C:\Users\esthe\Downloads\baby grizzly 14 _\Baby_1405_4_five.mp4;C:\Users\esthe\Downloads\baby grizzly 14 _\Baby_1405_5_seven.mp4;C:\Users\esthe\Downloads\baby grizzly 14 _\Baby_1405_6_seven.mp4;C:\Users\esthe\Downloads\baby grizzly 14 _\Baby_1405_7_seven.mp4;C:\Users\esthe\Downloads\baby grizzly 14 _\Baby_1405_8_two.mp4;C:\Users\esthe\Downloads\baby grizzly 14 _\Baby_1405_9_one.mp4,0.0,9.701;4.433;4.267;7.729;13.965;9.531;5.627;5.099;5.562;15.965;11.869;5.499;17.418;8.460;17.460;17.963;11.965,30.000;30.000;30.000;30.000;30.000;30.000;30.000;30.000;30.000;30.000;30.000;30.000;24.000;24.000;24.000;30.000;30.000,Baby_grizzly,teeth-hole contact,,,POINT,5.133,C:\Users\esthe\Downloads\baby grizzly 14 _\Baby_1405_10_seven.mp4,154,NA,
Baby_1405,2025-06-24 11:48:28.904,,172.403,Media file(s),player #1:C:\Users\esthe\Downloads\baby grizzly 14 _\Baby_1405_10_seven.mp4;C:\Users\esthe\Downloads\baby grizzly 14 _\Baby_1405_11_three.mp4;C:\Users\esthe\Downloads\baby grizzly 14 _\Baby_1405_12_three.mp4;C:\Users\esthe\Downloads\baby grizzly 14 _\Baby_1405_13_five.mp4;C:\Users\esthe\Downloads\baby grizzly 14 _\Baby_1405_14_two.mp4;C:\Users\esthe\Downloads\baby grizzly 14 _\Baby_1405_15_onehalf.mp4;C:\Users\esthe\Downloads\baby grizzly 14 _\Baby_1405_16_seven.mp4;C:\Users\esthe\Downloads\baby grizzly 14 _\Baby_1405_17_seven.mp4;C:\Users\esthe\Downloads\baby grizzly 14 _\Baby_1405_1_three.mp4;C:\Users\esthe\Downloads\baby grizzly 14 _\Baby_1405_2_seven.mp4;C:\Users\esthe\Downloads\baby grizzly 14 _\Baby_1405_3_five.mp4;C:\Users\esthe\Downloads\baby grizzly 14 _\Baby_1405_4_five.mp4;C:\Users\esthe\Downloads\baby grizzly 14 _\Baby_1405_5_seven.mp4;C:\Users\esthe\Downloads\baby grizzly 14 _\Baby_1405_6_seven.mp4;C:\Users\esthe\Downloads\baby grizzly 14 _\Baby_1405_7_seven.mp4;C:\Users\esthe\Downloads\baby grizzly 14 _\Baby_1405_8_two.mp4;C:\Users\esthe\Downloads\baby grizzly 14 _\Baby_1405_9_one.mp4,0.0,9.701;4.433;4.267;7.729;13.965;9.531;5.627;5.099;5.562;15.965;11.869;5.499;17.418;8.460;17.460;17.963;11.965,30.000;30.000;30.000;30.000;30.000;30.000;30.000;30.000;30.000;30.000;30.000;30.000;24.000;24.000;24.000;30.000;30.000,Baby_grizzly,rotation,,Horizontal,STOP,5.200,C:\Users\esthe\Downloads\baby grizzly 14 _\Baby_1405_10_seven.mp4,156,NA,
Baby_1405,2025-06-24 11:48:28.904,,172.403,Media file(s),player #1:C:\Users\esthe\Downloads\baby grizzly 14 _\Baby_1405_10_seven.mp4;C:\Users\esthe\Downloads\baby grizzly 14 _\Baby_1405_11_three.mp4;C:\Users\esthe\Downloads\baby grizzly 14 _\Baby_1405_12_three.mp4;C:\Users\esthe\Downloads\baby grizzly 14 _\Baby_1405_13_five.mp4;C:\Users\esthe\Downloads\baby grizzly 14 _\Baby_1405_14_two.mp4;C:\Users\esthe\Downloads\baby grizzly 14 _\Baby_1405_15_onehalf.mp4;C:\Users\esthe\Downloads\baby grizzly 14 _\Baby_1405_16_seven.mp4;C:\Users\esthe\Downloads\baby grizzly 14 _\Baby_1405_17_seven.mp4;C:\Users\esthe\Downloads\baby grizzly 14 _\Baby_1405_1_three.mp4;C:\Users\esthe\Downloads\baby grizzly 14 _\Baby_1405_2_seven.mp4;C:\Users\esthe\Downloads\baby grizzly 14 _\Baby_1405_3_five.mp4;C:\Users\esthe\Downloads\baby grizzly 14 _\Baby_1405_4_five.mp4;C:\Users\esthe\Downloads\baby grizzly 14 _\Baby_1405_5_seven.mp4;C:\Users\esthe\Downloads\baby grizzly 14 _\Baby_1405_6_seven.mp4;C:\Users\esthe\Downloads\baby grizzly 14 _\Baby_1405_7_seven.mp4;C:\Users\esthe\Downloads\baby grizzly 14 _\Baby_1405_8_two.mp4;C:\Users\esthe\Downloads\baby grizzly 14 _\Baby_1405_9_one.mp4,0.0,9.701;4.433;4.267;7.729;13.965;9.531;5.627;5.099;5.562;15.965;11.869;5.499;17.418;8.460;17.460;17.963;11.965,30.000;30.000;30.000;30.000;30.000;30.000;30.000;30.000;30.000;30.000;30.000;30.000;24.000;24.000;24.000;30.000;30.000,Baby_grizzly,teeth-hole contact,,,POINT,5.333,C:\Users\esthe\Downloads\baby grizzly 14 _\Baby_1405_10_seven.mp4,160,NA,
Baby_1405,2025-06-24 11:48:28.904,,172.403,Media file(s),player #1:C:\Users\esthe\Downloads\baby grizzly 14 _\Baby_1405_10_seven.mp4;C:\Users\esthe\Downloads\baby grizzly 14 _\Baby_1405_11_three.mp4;C:\Users\esthe\Downloads\baby grizzly 14 _\Baby_1405_12_three.mp4;C:\Users\esthe\Downloads\baby grizzly 14 _\Baby_1405_13_five.mp4;C:\Users\esthe\Downloads\baby grizzly 14 _\Baby_1405_14_two.mp4;C:\Users\esthe\Downloads\baby grizzly 14 _\Baby_1405_15_onehalf.mp4;C:\Users\esthe\Downloads\baby grizzly 14 _\Baby_1405_16_seven.mp4;C:\Users\esthe\Downloads\baby grizzly 14 _\Baby_1405_17_seven.mp4;C:\Users\esthe\Downloads\baby grizzly 14 _\Baby_1405_1_three.mp4;C:\Users\esthe\Downloads\baby grizzly 14 _\Baby_1405_2_seven.mp4;C:\Users\esthe\Downloads\baby grizzly 14 _\Baby_1405_3_five.mp4;C:\Users\esthe\Downloads\baby grizzly 14 _\Baby_1405_4_five.mp4;C:\Users\esthe\Downloads\baby grizzly 14 _\Baby_1405_5_seven.mp4;C:\Users\esthe\Downloads\baby grizzly 14 _\Baby_1405_6_seven.mp4;C:\Users\esthe\Downloads\baby grizzly 14 _\Baby_1405_7_seven.mp4;C:\Users\esthe\Downloads\baby grizzly 14 _\Baby_1405_8_two.mp4;C:\Users\esthe\Downloads\baby grizzly 14 _\Baby_1405_9_one.mp4,0.0,9.701;4.433;4.267;7.729;13.965;9.531;5.627;5.099;5.562;15.965;11.869;5.499;17.418;8.460;17.460;17.963;11.965,30.000;30.000;30.000;30.000;30.000;30.000;30.000;30.000;30.000;30.000;30.000;30.000;24.000;24.000;24.000;30.000;30.000,Baby_grizzly,assessing,,,STOP,5.700,C:\Users\esthe\Downloads\baby grizzly 14 _\Baby_1405_10_seven.mp4,171,NA,
Baby_1405,2025-06-24 11:48:28.904,,172.403,Media file(s),player #1:C:\Users\esthe\Downloads\baby grizzly 14 _\Baby_1405_10_seven.mp4;C:\Users\esthe\Downloads\baby grizzly 14 _\Baby_1405_11_three.mp4;C:\Users\esthe\Downloads\baby grizzly 14 _\Baby_1405_12_three.mp4;C:\Users\esthe\Downloads\baby grizzly 14 _\Baby_1405_13_five.mp4;C:\Users\esthe\Downloads\baby grizzly 14 _\Baby_1405_14_two.mp4;C:\Users\esthe\Downloads\baby grizzly 14 _\Baby_1405_15_onehalf.mp4;C:\Users\esthe\Downloads\baby grizzly 14 _\Baby_1405_16_seven.mp4;C:\Users\esthe\Downloads\baby grizzly 14 _\Baby_1405_17_seven.mp4;C:\Users\esthe\Downloads\baby grizzly 14 _\Baby_1405_1_three.mp4;C:\Users\esthe\Downloads\baby grizzly 14 _\Baby_1405_2_seven.mp4;C:\Users\esthe\Downloads\baby grizzly 14 _\Baby_1405_3_five.mp4;C:\Users\esthe\Downloads\baby grizzly 14 _\Baby_1405_4_five.mp4;C:\Users\esthe\Downloads\baby grizzly 14 _\Baby_1405_5_seven.mp4;C:\Users\esthe\Downloads\baby grizzly 14 _\Baby_1405_6_seven.mp4;C:\Users\esthe\Downloads\baby grizzly 14 _\Baby_1405_7_seven.mp4;C:\Users\esthe\Downloads\baby grizzly 14 _\Baby_1405_8_two.mp4;C:\Users\esthe\Downloads\baby grizzly 14 _\Baby_1405_9_one.mp4,0.0,9.701;4.433;4.267;7.729;13.965;9.531;5.627;5.099;5.562;15.965;11.869;5.499;17.418;8.460;17.460;17.963;11.965,30.000;30.000;30.000;30.000;30.000;30.000;30.000;30.000;30.000;30.000;30.000;30.000;24.000;24.000;24.000;30.000;30.000,Baby_grizzly,jaw movement,,,POINT,5.700,C:\Users\esthe\Downloads\baby grizzly 14 _\Baby_1405_10_seven.mp4,171,NA,
Baby_1405,2025-06-24 11:48:28.904,,172.403,Media file(s),player #1:C:\Users\esthe\Downloads\baby grizzly 14 _\Baby_1405_10_seven.mp4;C:\Users\esthe\Downloads\baby grizzly 14 _\Baby_1405_11_three.mp4;C:\Users\esthe\Downloads\baby grizzly 14 _\Baby_1405_12_three.mp4;C:\Users\esthe\Downloads\baby grizzly 14 _\Baby_1405_13_five.mp4;C:\Users\esthe\Downloads\baby grizzly 14 _\Baby_1405_14_two.mp4;C:\Users\esthe\Downloads\baby grizzly 14 _\Baby_1405_15_onehalf.mp4;C:\Users\esthe\Downloads\baby grizzly 14 _\Baby_1405_16_seven.mp4;C:\Users\esthe\Downloads\baby grizzly 14 _\Baby_1405_17_seven.mp4;C:\Users\esthe\Downloads\baby grizzly 14 _\Baby_1405_1_three.mp4;C:\Users\esthe\Downloads\baby grizzly 14 _\Baby_1405_2_seven.mp4;C:\Users\esthe\Downloads\baby grizzly 14 _\Baby_1405_3_five.mp4;C:\Users\esthe\Downloads\baby grizzly 14 _\Baby_1405_4_five.mp4;C:\Users\esthe\Downloads\baby grizzly 14 _\Baby_1405_5_seven.mp4;C:\Users\esthe\Downloads\baby grizzly 14 _\Baby_1405_6_seven.mp4;C:\Users\esthe\Downloads\baby grizzly 14 _\Baby_1405_7_seven.mp4;C:\Users\esthe\Downloads\baby grizzly 14 _\Baby_1405_8_two.mp4;C:\Users\esthe\Downloads\baby grizzly 14 _\Baby_1405_9_one.mp4,0.0,9.701;4.433;4.267;7.729;13.965;9.531;5.627;5.099;5.562;15.965;11.869;5.499;17.418;8.460;17.460;17.963;11.965,30.000;30.000;30.000;30.000;30.000;30.000;30.000;30.000;30.000;30.000;30.000;30.000;24.000;24.000;24.000;30.000;30.000,Baby_grizzly,peeling,,,START,5.700,C:\Users\esthe\Downloads\baby grizzly 14 _\Baby_1405_10_seven.mp4,171,NA,
Baby_1405,2025-06-24 11:48:28.904,,172.403,Media file(s),player #1:C:\Users\esthe\Downloads\baby grizzly 14 _\Baby_1405_10_seven.mp4;C:\Users\esthe\Downloads\baby grizzly 14 _\Baby_1405_11_three.mp4;C:\Users\esthe\Downloads\baby grizzly 14 _\Baby_1405_12_three.mp4;C:\Users\esthe\Downloads\baby grizzly 14 _\Baby_1405_13_five.mp4;C:\Users\esthe\Downloads\baby grizzly 14 _\Baby_1405_14_two.mp4;C:\Users\esthe\Downloads\baby grizzly 14 _\Baby_1405_15_onehalf.mp4;C:\Users\esthe\Downloads\baby grizzly 14 _\Baby_1405_16_seven.mp4;C:\Users\esthe\Downloads\baby grizzly 14 _\Baby_1405_17_seven.mp4;C:\Users\esthe\Downloads\baby grizzly 14 _\Baby_1405_1_three.mp4;C:\Users\esthe\Downloads\baby grizzly 14 _\Baby_1405_2_seven.mp4;C:\Users\esthe\Downloads\baby grizzly 14 _\Baby_1405_3_five.mp4;C:\Users\esthe\Downloads\baby grizzly 14 _\Baby_1405_4_five.mp4;C:\Users\esthe\Downloads\baby grizzly 14 _\Baby_1405_5_seven.mp4;C:\Users\esthe\Downloads\baby grizzly 14 _\Baby_1405_6_seven.mp4;C:\Users\esthe\Downloads\baby grizzly 14 _\Baby_1405_7_seven.mp4;C:\Users\esthe\Downloads\baby grizzly 14 _\Baby_1405_8_two.mp4;C:\Users\esthe\Downloads\baby grizzly 14 _\Baby_1405_9_one.mp4,0.0,9.701;4.433;4.267;7.729;13.965;9.531;5.627;5.099;5.562;15.965;11.869;5.499;17.418;8.460;17.460;17.963;11.965,30.000;30.000;30.000;30.000;30.000;30.000;30.000;30.000;30.000;30.000;30.000;30.000;24.000;24.000;24.000;30.000;30.000,Baby_grizzly,jaw movement,,,POINT,6.267,C:\Users\esthe\Downloads\baby grizzly 14 _\Baby_1405_10_seven.mp4,188,NA,
Baby_1405,2025-06-24 11:48:28.904,,172.403,Media file(s),player #1:C:\Users\esthe\Downloads\baby grizzly 14 _\Baby_1405_10_seven.mp4;C:\Users\esthe\Downloads\baby grizzly 14 _\Baby_1405_11_three.mp4;C:\Users\esthe\Downloads\baby grizzly 14 _\Baby_1405_12_three.mp4;C:\Users\esthe\Downloads\baby grizzly 14 _\Baby_1405_13_five.mp4;C:\Users\esthe\Downloads\baby grizzly 14 _\Baby_1405_14_two.mp4;C:\Users\esthe\Downloads\baby grizzly 14 _\Baby_1405_15_onehalf.mp4;C:\Users\esthe\Downloads\baby grizzly 14 _\Baby_1405_16_seven.mp4;C:\Users\esthe\Downloads\baby grizzly 14 _\Baby_1405_17_seven.mp4;C:\Users\esthe\Downloads\baby grizzly 14 _\Baby_1405_1_three.mp4;C:\Users\esthe\Downloads\baby grizzly 14 _\Baby_1405_2_seven.mp4;C:\Users\esthe\Downloads\baby grizzly 14 _\Baby_1405_3_five.mp4;C:\Users\esthe\Downloads\baby grizzly 14 _\Baby_1405_4_five.mp4;C:\Users\esthe\Downloads\baby grizzly 14 _\Baby_1405_5_seven.mp4;C:\Users\esthe\Downloads\baby grizzly 14 _\Baby_1405_6_seven.mp4;C:\Users\esthe\Downloads\baby grizzly 14 _\Baby_1405_7_seven.mp4;C:\Users\esthe\Downloads\baby grizzly 14 _\Baby_1405_8_two.mp4;C:\Users\esthe\Downloads\baby grizzly 14 _\Baby_1405_9_one.mp4,0.0,9.701;4.433;4.267;7.729;13.965;9.531;5.627;5.099;5.562;15.965;11.869;5.499;17.418;8.460;17.460;17.963;11.965,30.000;30.000;30.000;30.000;30.000;30.000;30.000;30.000;30.000;30.000;30.000;30.000;24.000;24.000;24.000;30.000;30.000,Baby_grizzly,jaw movement,,,POINT,6.534,C:\Users\esthe\Downloads\baby grizzly 14 _\Baby_1405_10_seven.mp4,196,NA,
Baby_1405,2025-06-24 11:48:28.904,,172.403,Media file(s),player #1:C:\Users\esthe\Downloads\baby grizzly 14 _\Baby_1405_10_seven.mp4;C:\Users\esthe\Downloads\baby grizzly 14 _\Baby_1405_11_three.mp4;C:\Users\esthe\Downloads\baby grizzly 14 _\Baby_1405_12_three.mp4;C:\Users\esthe\Downloads\baby grizzly 14 _\Baby_1405_13_five.mp4;C:\Users\esthe\Downloads\baby grizzly 14 _\Baby_1405_14_two.mp4;C:\Users\esthe\Downloads\baby grizzly 14 _\Baby_1405_15_onehalf.mp4;C:\Users\esthe\Downloads\baby grizzly 14 _\Baby_1405_16_seven.mp4;C:\Users\esthe\Downloads\baby grizzly 14 _\Baby_1405_17_seven.mp4;C:\Users\esthe\Downloads\baby grizzly 14 _\Baby_1405_1_three.mp4;C:\Users\esthe\Downloads\baby grizzly 14 _\Baby_1405_2_seven.mp4;C:\Users\esthe\Downloads\baby grizzly 14 _\Baby_1405_3_five.mp4;C:\Users\esthe\Downloads\baby grizzly 14 _\Baby_1405_4_five.mp4;C:\Users\esthe\Downloads\baby grizzly 14 _\Baby_1405_5_seven.mp4;C:\Users\esthe\Downloads\baby grizzly 14 _\Baby_1405_6_seven.mp4;C:\Users\esthe\Downloads\baby grizzly 14 _\Baby_1405_7_seven.mp4;C:\Users\esthe\Downloads\baby grizzly 14 _\Baby_1405_8_two.mp4;C:\Users\esthe\Downloads\baby grizzly 14 _\Baby_1405_9_one.mp4,0.0,9.701;4.433;4.267;7.729;13.965;9.531;5.627;5.099;5.562;15.965;11.869;5.499;17.418;8.460;17.460;17.963;11.965,30.000;30.000;30.000;30.000;30.000;30.000;30.000;30.000;30.000;30.000;30.000;30.000;24.000;24.000;24.000;30.000;30.000,Baby_grizzly,jaw movement,,,POINT,9.067,C:\Users\esthe\Downloads\baby grizzly 14 _\Baby_1405_10_seven.mp4,272,NA,
Baby_1405,2025-06-24 11:48:28.904,,172.403,Media file(s),player #1:C:\Users\esthe\Downloads\baby grizzly 14 _\Baby_1405_10_seven.mp4;C:\Users\esthe\Downloads\baby grizzly 14 _\Baby_1405_11_three.mp4;C:\Users\esthe\Downloads\baby grizzly 14 _\Baby_1405_12_three.mp4;C:\Users\esthe\Downloads\baby grizzly 14 _\Baby_1405_13_five.mp4;C:\Users\esthe\Downloads\baby grizzly 14 _\Baby_1405_14_two.mp4;C:\Users\esthe\Downloads\baby grizzly 14 _\Baby_1405_15_onehalf.mp4;C:\Users\esthe\Downloads\baby grizzly 14 _\Baby_1405_16_seven.mp4;C:\Users\esthe\Downloads\baby grizzly 14 _\Baby_1405_17_seven.mp4;C:\Users\esthe\Downloads\baby grizzly 14 _\Baby_1405_1_three.mp4;C:\Users\esthe\Downloads\baby grizzly 14 _\Baby_1405_2_seven.mp4;C:\Users\esthe\Downloads\baby grizzly 14 _\Baby_1405_3_five.mp4;C:\Users\esthe\Downloads\baby grizzly 14 _\Baby_1405_4_five.mp4;C:\Users\esthe\Downloads\baby grizzly 14 _\Baby_1405_5_seven.mp4;C:\Users\esthe\Downloads\baby grizzly 14 _\Baby_1405_6_seven.mp4;C:\Users\esthe\Downloads\baby grizzly 14 _\Baby_1405_7_seven.mp4;C:\Users\esthe\Downloads\baby grizzly 14 _\Baby_1405_8_two.mp4;C:\Users\esthe\Downloads\baby grizzly 14 _\Baby_1405_9_one.mp4,0.0,9.701;4.433;4.267;7.729;13.965;9.531;5.627;5.099;5.562;15.965;11.869;5.499;17.418;8.460;17.460;17.963;11.965,30.000;30.000;30.000;30.000;30.000;30.000;30.000;30.000;30.000;30.000;30.000;30.000;24.000;24.000;24.000;30.000;30.000,Baby_grizzly,jaw movement,,,POINT,9.401,C:\Users\esthe\Downloads\baby grizzly 14 _\Baby_1405_10_seven.mp4,282,NA,
Baby_1405,2025-06-24 11:48:28.904,,172.403,Media file(s),player #1:C:\Users\esthe\Downloads\baby grizzly 14 _\Baby_1405_10_seven.mp4;C:\Users\esthe\Downloads\baby grizzly 14 _\Baby_1405_11_three.mp4;C:\Users\esthe\Downloads\baby grizzly 14 _\Baby_1405_12_three.mp4;C:\Users\esthe\Downloads\baby grizzly 14 _\Baby_1405_13_five.mp4;C:\Users\esthe\Downloads\baby grizzly 14 _\Baby_1405_14_two.mp4;C:\Users\esthe\Downloads\baby grizzly 14 _\Baby_1405_15_onehalf.mp4;C:\Users\esthe\Downloads\baby grizzly 14 _\Baby_1405_16_seven.mp4;C:\Users\esthe\Downloads\baby grizzly 14 _\Baby_1405_17_seven.mp4;C:\Users\esthe\Downloads\baby grizzly 14 _\Baby_1405_1_three.mp4;C:\Users\esthe\Downloads\baby grizzly 14 _\Baby_1405_2_seven.mp4;C:\Users\esthe\Downloads\baby grizzly 14 _\Baby_1405_3_five.mp4;C:\Users\esthe\Downloads\baby grizzly 14 _\Baby_1405_4_five.mp4;C:\Users\esthe\Downloads\baby grizzly 14 _\Baby_1405_5_seven.mp4;C:\Users\esthe\Downloads\baby grizzly 14 _\Baby_1405_6_seven.mp4;C:\Users\esthe\Downloads\baby grizzly 14 _\Baby_1405_7_seven.mp4;C:\Users\esthe\Downloads\baby grizzly 14 _\Baby_1405_8_two.mp4;C:\Users\esthe\Downloads\baby grizzly 14 _\Baby_1405_9_one.mp4,0.0,9.701;4.433;4.267;7.729;13.965;9.531;5.627;5.099;5.562;15.965;11.869;5.499;17.418;8.460;17.460;17.963;11.965,30.000;30.000;30.000;30.000;30.000;30.000;30.000;30.000;30.000;30.000;30.000;30.000;24.000;24.000;24.000;30.000;30.000,Baby_grizzly,peeling,,,STOP,9.634,C:\Users\esthe\Downloads\baby grizzly 14 _\Baby_1405_10_seven.mp4,289,NA,
Baby_1405,2025-06-24 11:48:28.904,,172.403,Media file(s),player #1:C:\Users\esthe\Downloads\baby grizzly 14 _\Baby_1405_10_seven.mp4;C:\Users\esthe\Downloads\baby grizzly 14 _\Baby_1405_11_three.mp4;C:\Users\esthe\Downloads\baby grizzly 14 _\Baby_1405_12_three.mp4;C:\Users\esthe\Downloads\baby grizzly 14 _\Baby_1405_13_five.mp4;C:\Users\esthe\Downloads\baby grizzly 14 _\Baby_1405_14_two.mp4;C:\Users\esthe\Downloads\baby grizzly 14 _\Baby_1405_15_onehalf.mp4;C:\Users\esthe\Downloads\baby grizzly 14 _\Baby_1405_16_seven.mp4;C:\Users\esthe\Downloads\baby grizzly 14 _\Baby_1405_17_seven.mp4;C:\Users\esthe\Downloads\baby grizzly 14 _\Baby_1405_1_three.mp4;C:\Users\esthe\Downloads\baby grizzly 14 _\Baby_1405_2_seven.mp4;C:\Users\esthe\Downloads\baby grizzly 14 _\Baby_1405_3_five.mp4;C:\Users\esthe\Downloads\baby grizzly 14 _\Baby_1405_4_five.mp4;C:\Users\esthe\Downloads\baby grizzly 14 _\Baby_1405_5_seven.mp4;C:\Users\esthe\Downloads\baby grizzly 14 _\Baby_1405_6_seven.mp4;C:\Users\esthe\Downloads\baby grizzly 14 _\Baby_1405_7_seven.mp4;C:\Users\esthe\Downloads\baby grizzly 14 _\Baby_1405_8_two.mp4;C:\Users\esthe\Downloads\baby grizzly 14 _\Baby_1405_9_one.mp4,0.0,9.701;4.433;4.267;7.729;13.965;9.531;5.627;5.099;5.562;15.965;11.869;5.499;17.418;8.460;17.460;17.963;11.965,30.000;30.000;30.000;30.000;30.000;30.000;30.000;30.000;30.000;30.000;30.000;30.000;24.000;24.000;24.000;30.000;30.000,Baby_grizzly,bending,,,START,10.000,C:\Users\esthe\Downloads\baby grizzly 14 _\Baby_1405_11_three.mp4,9,NA,
Baby_1405,2025-06-24 11:48:28.904,,172.403,Media file(s),player #1:C:\Users\esthe\Downloads\baby grizzly 14 _\Baby_1405_10_seven.mp4;C:\Users\esthe\Downloads\baby grizzly 14 _\Baby_1405_11_three.mp4;C:\Users\esthe\Downloads\baby grizzly 14 _\Baby_1405_12_three.mp4;C:\Users\esthe\Downloads\baby grizzly 14 _\Baby_1405_13_five.mp4;C:\Users\esthe\Downloads\baby grizzly 14 _\Baby_1405_14_two.mp4;C:\Users\esthe\Downloads\baby grizzly 14 _\Baby_1405_15_onehalf.mp4;C:\Users\esthe\Downloads\baby grizzly 14 _\Baby_1405_16_seven.mp4;C:\Users\esthe\Downloads\baby grizzly 14 _\Baby_1405_17_seven.mp4;C:\Users\esthe\Downloads\baby grizzly 14 _\Baby_1405_1_three.mp4;C:\Users\esthe\Downloads\baby grizzly 14 _\Baby_1405_2_seven.mp4;C:\Users\esthe\Downloads\baby grizzly 14 _\Baby_1405_3_five.mp4;C:\Users\esthe\Downloads\baby grizzly 14 _\Baby_1405_4_five.mp4;C:\Users\esthe\Downloads\baby grizzly 14 _\Baby_1405_5_seven.mp4;C:\Users\esthe\Downloads\baby grizzly 14 _\Baby_1405_6_seven.mp4;C:\Users\esthe\Downloads\baby grizzly 14 _\Baby_1405_7_seven.mp4;C:\Users\esthe\Downloads\baby grizzly 14 _\Baby_1405_8_two.mp4;C:\Users\esthe\Downloads\baby grizzly 14 _\Baby_1405_9_one.mp4,0.0,9.701;4.433;4.267;7.729;13.965;9.531;5.627;5.099;5.562;15.965;11.869;5.499;17.418;8.460;17.460;17.963;11.965,30.000;30.000;30.000;30.000;30.000;30.000;30.000;30.000;30.000;30.000;30.000;30.000;24.000;24.000;24.000;30.000;30.000,Baby_grizzly,grabbing peanut,,,POINT,10.134,C:\Users\esthe\Downloads\baby grizzly 14 _\Baby_1405_11_three.mp4,13,NA,
Baby_1405,2025-06-24 11:48:28.904,,172.403,Media file(s),player #1:C:\Users\esthe\Downloads\baby grizzly 14 _\Baby_1405_10_seven.mp4;C:\Users\esthe\Downloads\baby grizzly 14 _\Baby_1405_11_three.mp4;C:\Users\esthe\Downloads\baby grizzly 14 _\Baby_1405_12_three.mp4;C:\Users\esthe\Downloads\baby grizzly 14 _\Baby_1405_13_five.mp4;C:\Users\esthe\Downloads\baby grizzly 14 _\Baby_1405_14_two.mp4;C:\Users\esthe\Downloads\baby grizzly 14 _\Baby_1405_15_onehalf.mp4;C:\Users\esthe\Downloads\baby grizzly 14 _\Baby_1405_16_seven.mp4;C:\Users\esthe\Downloads\baby grizzly 14 _\Baby_1405_17_seven.mp4;C:\Users\esthe\Downloads\baby grizzly 14 _\Baby_1405_1_three.mp4;C:\Users\esthe\Downloads\baby grizzly 14 _\Baby_1405_2_seven.mp4;C:\Users\esthe\Downloads\baby grizzly 14 _\Baby_1405_3_five.mp4;C:\Users\esthe\Downloads\baby grizzly 14 _\Baby_1405_4_five.mp4;C:\Users\esthe\Downloads\baby grizzly 14 _\Baby_1405_5_seven.mp4;C:\Users\esthe\Downloads\baby grizzly 14 _\Baby_1405_6_seven.mp4;C:\Users\esthe\Downloads\baby grizzly 14 _\Baby_1405_7_seven.mp4;C:\Users\esthe\Downloads\baby grizzly 14 _\Baby_1405_8_two.mp4;C:\Users\esthe\Downloads\baby grizzly 14 _\Baby_1405_9_one.mp4,0.0,9.701;4.433;4.267;7.729;13.965;9.531;5.627;5.099;5.562;15.965;11.869;5.499;17.418;8.460;17.460;17.963;11.965,30.000;30.000;30.000;30.000;30.000;30.000;30.000;30.000;30.000;30.000;30.000;30.000;24.000;24.000;24.000;30.000;30.000,Baby_grizzly,bending,,,STOP,10.167,C:\Users\esthe\Downloads\baby grizzly 14 _\Baby_1405_11_three.mp4,14,NA,
Baby_1405,2025-06-24 11:48:28.904,,172.403,Media file(s),player #1:C:\Users\esthe\Downloads\baby grizzly 14 _\Baby_1405_10_seven.mp4;C:\Users\esthe\Downloads\baby grizzly 14 _\Baby_1405_11_three.mp4;C:\Users\esthe\Downloads\baby grizzly 14 _\Baby_1405_12_three.mp4;C:\Users\esthe\Downloads\baby grizzly 14 _\Baby_1405_13_five.mp4;C:\Users\esthe\Downloads\baby grizzly 14 _\Baby_1405_14_two.mp4;C:\Users\esthe\Downloads\baby grizzly 14 _\Baby_1405_15_onehalf.mp4;C:\Users\esthe\Downloads\baby grizzly 14 _\Baby_1405_16_seven.mp4;C:\Users\esthe\Downloads\baby grizzly 14 _\Baby_1405_17_seven.mp4;C:\Users\esthe\Downloads\baby grizzly 14 _\Baby_1405_1_three.mp4;C:\Users\esthe\Downloads\baby grizzly 14 _\Baby_1405_2_seven.mp4;C:\Users\esthe\Downloads\baby grizzly 14 _\Baby_1405_3_five.mp4;C:\Users\esthe\Downloads\baby grizzly 14 _\Baby_1405_4_five.mp4;C:\Users\esthe\Downloads\baby grizzly 14 _\Baby_1405_5_seven.mp4;C:\Users\esthe\Downloads\baby grizzly 14 _\Baby_1405_6_seven.mp4;C:\Users\esthe\Downloads\baby grizzly 14 _\Baby_1405_7_seven.mp4;C:\Users\esthe\Downloads\baby grizzly 14 _\Baby_1405_8_two.mp4;C:\Users\esthe\Downloads\baby grizzly 14 _\Baby_1405_9_one.mp4,0.0,9.701;4.433;4.267;7.729;13.965;9.531;5.627;5.099;5.562;15.965;11.869;5.499;17.418;8.460;17.460;17.963;11.965,30.000;30.000;30.000;30.000;30.000;30.000;30.000;30.000;30.000;30.000;30.000;30.000;24.000;24.000;24.000;30.000;30.000,Baby_grizzly,lifting,,,START,10.200,C:\Users\esthe\Downloads\baby grizzly 14 _\Baby_1405_11_three.mp4,15,NA,
Baby_1405,2025-06-24 11:48:28.904,,172.403,Media file(s),player #1:C:\Users\esthe\Downloads\baby grizzly 14 _\Baby_1405_10_seven.mp4;C:\Users\esthe\Downloads\baby grizzly 14 _\Baby_1405_11_three.mp4;C:\Users\esthe\Downloads\baby grizzly 14 _\Baby_1405_12_three.mp4;C:\Users\esthe\Downloads\baby grizzly 14 _\Baby_1405_13_five.mp4;C:\Users\esthe\Downloads\baby grizzly 14 _\Baby_1405_14_two.mp4;C:\Users\esthe\Downloads\baby grizzly 14 _\Baby_1405_15_onehalf.mp4;C:\Users\esthe\Downloads\baby grizzly 14 _\Baby_1405_16_seven.mp4;C:\Users\esthe\Downloads\baby grizzly 14 _\Baby_1405_17_seven.mp4;C:\Users\esthe\Downloads\baby grizzly 14 _\Baby_1405_1_three.mp4;C:\Users\esthe\Downloads\baby grizzly 14 _\Baby_1405_2_seven.mp4;C:\Users\esthe\Downloads\baby grizzly 14 _\Baby_1405_3_five.mp4;C:\Users\esthe\Downloads\baby grizzly 14 _\Baby_1405_4_five.mp4;C:\Users\esthe\Downloads\baby grizzly 14 _\Baby_1405_5_seven.mp4;C:\Users\esthe\Downloads\baby grizzly 14 _\Baby_1405_6_seven.mp4;C:\Users\esthe\Downloads\baby grizzly 14 _\Baby_1405_7_seven.mp4;C:\Users\esthe\Downloads\baby grizzly 14 _\Baby_1405_8_two.mp4;C:\Users\esthe\Downloads\baby grizzly 14 _\Baby_1405_9_one.mp4,0.0,9.701;4.433;4.267;7.729;13.965;9.531;5.627;5.099;5.562;15.965;11.869;5.499;17.418;8.460;17.460;17.963;11.965,30.000;30.000;30.000;30.000;30.000;30.000;30.000;30.000;30.000;30.000;30.000;30.000;24.000;24.000;24.000;30.000;30.000,Baby_grizzly,lifting,,,STOP,10.367,C:\Users\esthe\Downloads\baby grizzly 14 _\Baby_1405_11_three.mp4,20,NA,
Baby_1405,2025-06-24 11:48:28.904,,172.403,Media file(s),player #1:C:\Users\esthe\Downloads\baby grizzly 14 _\Baby_1405_10_seven.mp4;C:\Users\esthe\Downloads\baby grizzly 14 _\Baby_1405_11_three.mp4;C:\Users\esthe\Downloads\baby grizzly 14 _\Baby_1405_12_three.mp4;C:\Users\esthe\Downloads\baby grizzly 14 _\Baby_1405_13_five.mp4;C:\Users\esthe\Downloads\baby grizzly 14 _\Baby_1405_14_two.mp4;C:\Users\esthe\Downloads\baby grizzly 14 _\Baby_1405_15_onehalf.mp4;C:\Users\esthe\Downloads\baby grizzly 14 _\Baby_1405_16_seven.mp4;C:\Users\esthe\Downloads\baby grizzly 14 _\Baby_1405_17_seven.mp4;C:\Users\esthe\Downloads\baby grizzly 14 _\Baby_1405_1_three.mp4;C:\Users\esthe\Downloads\baby grizzly 14 _\Baby_1405_2_seven.mp4;C:\Users\esthe\Downloads\baby grizzly 14 _\Baby_1405_3_five.mp4;C:\Users\esthe\Downloads\baby grizzly 14 _\Baby_1405_4_five.mp4;C:\Users\esthe\Downloads\baby grizzly 14 _\Baby_1405_5_seven.mp4;C:\Users\esthe\Downloads\baby grizzly 14 _\Baby_1405_6_seven.mp4;C:\Users\esthe\Downloads\baby grizzly 14 _\Baby_1405_7_seven.mp4;C:\Users\esthe\Downloads\baby grizzly 14 _\Baby_1405_8_two.mp4;C:\Users\esthe\Downloads\baby grizzly 14 _\Baby_1405_9_one.mp4,0.0,9.701;4.433;4.267;7.729;13.965;9.531;5.627;5.099;5.562;15.965;11.869;5.499;17.418;8.460;17.460;17.963;11.965,30.000;30.000;30.000;30.000;30.000;30.000;30.000;30.000;30.000;30.000;30.000;30.000;24.000;24.000;24.000;30.000;30.000,Baby_grizzly,assessing,,,START,10.500,C:\Users\esthe\Downloads\baby grizzly 14 _\Baby_1405_11_three.mp4,24,NA,
Baby_1405,2025-06-24 11:48:28.904,,172.403,Media file(s),player #1:C:\Users\esthe\Downloads\baby grizzly 14 _\Baby_1405_10_seven.mp4;C:\Users\esthe\Downloads\baby grizzly 14 _\Baby_1405_11_three.mp4;C:\Users\esthe\Downloads\baby grizzly 14 _\Baby_1405_12_three.mp4;C:\Users\esthe\Downloads\baby grizzly 14 _\Baby_1405_13_five.mp4;C:\Users\esthe\Downloads\baby grizzly 14 _\Baby_1405_14_two.mp4;C:\Users\esthe\Downloads\baby grizzly 14 _\Baby_1405_15_onehalf.mp4;C:\Users\esthe\Downloads\baby grizzly 14 _\Baby_1405_16_seven.mp4;C:\Users\esthe\Downloads\baby grizzly 14 _\Baby_1405_17_seven.mp4;C:\Users\esthe\Downloads\baby grizzly 14 _\Baby_1405_1_three.mp4;C:\Users\esthe\Downloads\baby grizzly 14 _\Baby_1405_2_seven.mp4;C:\Users\esthe\Downloads\baby grizzly 14 _\Baby_1405_3_five.mp4;C:\Users\esthe\Downloads\baby grizzly 14 _\Baby_1405_4_five.mp4;C:\Users\esthe\Downloads\baby grizzly 14 _\Baby_1405_5_seven.mp4;C:\Users\esthe\Downloads\baby grizzly 14 _\Baby_1405_6_seven.mp4;C:\Users\esthe\Downloads\baby grizzly 14 _\Baby_1405_7_seven.mp4;C:\Users\esthe\Downloads\baby grizzly 14 _\Baby_1405_8_two.mp4;C:\Users\esthe\Downloads\baby grizzly 14 _\Baby_1405_9_one.mp4,0.0,9.701;4.433;4.267;7.729;13.965;9.531;5.627;5.099;5.562;15.965;11.869;5.499;17.418;8.460;17.460;17.963;11.965,30.000;30.000;30.000;30.000;30.000;30.000;30.000;30.000;30.000;30.000;30.000;30.000;24.000;24.000;24.000;30.000;30.000,Baby_grizzly,jaw movement,,,POINT,10.700,C:\Users\esthe\Downloads\baby grizzly 14 _\Baby_1405_11_three.mp4,30,NA,
Baby_1405,2025-06-24 11:48:28.904,,172.403,Media file(s),player #1:C:\Users\esthe\Downloads\baby grizzly 14 _\Baby_1405_10_seven.mp4;C:\Users\esthe\Downloads\baby grizzly 14 _\Baby_1405_11_three.mp4;C:\Users\esthe\Downloads\baby grizzly 14 _\Baby_1405_12_three.mp4;C:\Users\esthe\Downloads\baby grizzly 14 _\Baby_1405_13_five.mp4;C:\Users\esthe\Downloads\baby grizzly 14 _\Baby_1405_14_two.mp4;C:\Users\esthe\Downloads\baby grizzly 14 _\Baby_1405_15_onehalf.mp4;C:\Users\esthe\Downloads\baby grizzly 14 _\Baby_1405_16_seven.mp4;C:\Users\esthe\Downloads\baby grizzly 14 _\Baby_1405_17_seven.mp4;C:\Users\esthe\Downloads\baby grizzly 14 _\Baby_1405_1_three.mp4;C:\Users\esthe\Downloads\baby grizzly 14 _\Baby_1405_2_seven.mp4;C:\Users\esthe\Downloads\baby grizzly 14 _\Baby_1405_3_five.mp4;C:\Users\esthe\Downloads\baby grizzly 14 _\Baby_1405_4_five.mp4;C:\Users\esthe\Downloads\baby grizzly 14 _\Baby_1405_5_seven.mp4;C:\Users\esthe\Downloads\baby grizzly 14 _\Baby_1405_6_seven.mp4;C:\Users\esthe\Downloads\baby grizzly 14 _\Baby_1405_7_seven.mp4;C:\Users\esthe\Downloads\baby grizzly 14 _\Baby_1405_8_two.mp4;C:\Users\esthe\Downloads\baby grizzly 14 _\Baby_1405_9_one.mp4,0.0,9.701;4.433;4.267;7.729;13.965;9.531;5.627;5.099;5.562;15.965;11.869;5.499;17.418;8.460;17.460;17.963;11.965,30.000;30.000;30.000;30.000;30.000;30.000;30.000;30.000;30.000;30.000;30.000;30.000;24.000;24.000;24.000;30.000;30.000,Baby_grizzly,jaw movement,,,POINT,10.900,C:\Users\esthe\Downloads\baby grizzly 14 _\Baby_1405_11_three.mp4,36,NA,
Baby_1405,2025-06-24 11:48:28.904,,172.403,Media file(s),player #1:C:\Users\esthe\Downloads\baby grizzly 14 _\Baby_1405_10_seven.mp4;C:\Users\esthe\Downloads\baby grizzly 14 _\Baby_1405_11_three.mp4;C:\Users\esthe\Downloads\baby grizzly 14 _\Baby_1405_12_three.mp4;C:\Users\esthe\Downloads\baby grizzly 14 _\Baby_1405_13_five.mp4;C:\Users\esthe\Downloads\baby grizzly 14 _\Baby_1405_14_two.mp4;C:\Users\esthe\Downloads\baby grizzly 14 _\Baby_1405_15_onehalf.mp4;C:\Users\esthe\Downloads\baby grizzly 14 _\Baby_1405_16_seven.mp4;C:\Users\esthe\Downloads\baby grizzly 14 _\Baby_1405_17_seven.mp4;C:\Users\esthe\Downloads\baby grizzly 14 _\Baby_1405_1_three.mp4;C:\Users\esthe\Downloads\baby grizzly 14 _\Baby_1405_2_seven.mp4;C:\Users\esthe\Downloads\baby grizzly 14 _\Baby_1405_3_five.mp4;C:\Users\esthe\Downloads\baby grizzly 14 _\Baby_1405_4_five.mp4;C:\Users\esthe\Downloads\baby grizzly 14 _\Baby_1405_5_seven.mp4;C:\Users\esthe\Downloads\baby grizzly 14 _\Baby_1405_6_seven.mp4;C:\Users\esthe\Downloads\baby grizzly 14 _\Baby_1405_7_seven.mp4;C:\Users\esthe\Downloads\baby grizzly 14 _\Baby_1405_8_two.mp4;C:\Users\esthe\Downloads\baby grizzly 14 _\Baby_1405_9_one.mp4,0.0,9.701;4.433;4.267;7.729;13.965;9.531;5.627;5.099;5.562;15.965;11.869;5.499;17.418;8.460;17.460;17.963;11.965,30.000;30.000;30.000;30.000;30.000;30.000;30.000;30.000;30.000;30.000;30.000;30.000;24.000;24.000;24.000;30.000;30.000,Baby_grizzly,jaw movement,,,POINT,11.267,C:\Users\esthe\Downloads\baby grizzly 14 _\Baby_1405_11_three.mp4,47,NA,
Baby_1405,2025-06-24 11:48:28.904,,172.403,Media file(s),player #1:C:\Users\esthe\Downloads\baby grizzly 14 _\Baby_1405_10_seven.mp4;C:\Users\esthe\Downloads\baby grizzly 14 _\Baby_1405_11_three.mp4;C:\Users\esthe\Downloads\baby grizzly 14 _\Baby_1405_12_three.mp4;C:\Users\esthe\Downloads\baby grizzly 14 _\Baby_1405_13_five.mp4;C:\Users\esthe\Downloads\baby grizzly 14 _\Baby_1405_14_two.mp4;C:\Users\esthe\Downloads\baby grizzly 14 _\Baby_1405_15_onehalf.mp4;C:\Users\esthe\Downloads\baby grizzly 14 _\Baby_1405_16_seven.mp4;C:\Users\esthe\Downloads\baby grizzly 14 _\Baby_1405_17_seven.mp4;C:\Users\esthe\Downloads\baby grizzly 14 _\Baby_1405_1_three.mp4;C:\Users\esthe\Downloads\baby grizzly 14 _\Baby_1405_2_seven.mp4;C:\Users\esthe\Downloads\baby grizzly 14 _\Baby_1405_3_five.mp4;C:\Users\esthe\Downloads\baby grizzly 14 _\Baby_1405_4_five.mp4;C:\Users\esthe\Downloads\baby grizzly 14 _\Baby_1405_5_seven.mp4;C:\Users\esthe\Downloads\baby grizzly 14 _\Baby_1405_6_seven.mp4;C:\Users\esthe\Downloads\baby grizzly 14 _\Baby_1405_7_seven.mp4;C:\Users\esthe\Downloads\baby grizzly 14 _\Baby_1405_8_two.mp4;C:\Users\esthe\Downloads\baby grizzly 14 _\Baby_1405_9_one.mp4,0.0,9.701;4.433;4.267;7.729;13.965;9.531;5.627;5.099;5.562;15.965;11.869;5.499;17.418;8.460;17.460;17.963;11.965,30.000;30.000;30.000;30.000;30.000;30.000;30.000;30.000;30.000;30.000;30.000;30.000;24.000;24.000;24.000;30.000;30.000,Baby_grizzly,mouth,,,POINT,11.467,C:\Users\esthe\Downloads\baby grizzly 14 _\Baby_1405_11_three.mp4,53,NA,
Baby_1405,2025-06-24 11:48:28.904,,172.403,Media file(s),player #1:C:\Users\esthe\Downloads\baby grizzly 14 _\Baby_1405_10_seven.mp4;C:\Users\esthe\Downloads\baby grizzly 14 _\Baby_1405_11_three.mp4;C:\Users\esthe\Downloads\baby grizzly 14 _\Baby_1405_12_three.mp4;C:\Users\esthe\Downloads\baby grizzly 14 _\Baby_1405_13_five.mp4;C:\Users\esthe\Downloads\baby grizzly 14 _\Baby_1405_14_two.mp4;C:\Users\esthe\Downloads\baby grizzly 14 _\Baby_1405_15_onehalf.mp4;C:\Users\esthe\Downloads\baby grizzly 14 _\Baby_1405_16_seven.mp4;C:\Users\esthe\Downloads\baby grizzly 14 _\Baby_1405_17_seven.mp4;C:\Users\esthe\Downloads\baby grizzly 14 _\Baby_1405_1_three.mp4;C:\Users\esthe\Downloads\baby grizzly 14 _\Baby_1405_2_seven.mp4;C:\Users\esthe\Downloads\baby grizzly 14 _\Baby_1405_3_five.mp4;C:\Users\esthe\Downloads\baby grizzly 14 _\Baby_1405_4_five.mp4;C:\Users\esthe\Downloads\baby grizzly 14 _\Baby_1405_5_seven.mp4;C:\Users\esthe\Downloads\baby grizzly 14 _\Baby_1405_6_seven.mp4;C:\Users\esthe\Downloads\baby grizzly 14 _\Baby_1405_7_seven.mp4;C:\Users\esthe\Downloads\baby grizzly 14 _\Baby_1405_8_two.mp4;C:\Users\esthe\Downloads\baby grizzly 14 _\Baby_1405_9_one.mp4,0.0,9.701;4.433;4.267;7.729;13.965;9.531;5.627;5.099;5.562;15.965;11.869;5.499;17.418;8.460;17.460;17.963;11.965,30.000;30.000;30.000;30.000;30.000;30.000;30.000;30.000;30.000;30.000;30.000;30.000;24.000;24.000;24.000;30.000;30.000,Baby_grizzly,assessing,,,STOP,11.533,C:\Users\esthe\Downloads\baby grizzly 14 _\Baby_1405_11_three.mp4,55,NA,
Baby_1405,2025-06-24 11:48:28.904,,172.403,Media file(s),player #1:C:\Users\esthe\Downloads\baby grizzly 14 _\Baby_1405_10_seven.mp4;C:\Users\esthe\Downloads\baby grizzly 14 _\Baby_1405_11_three.mp4;C:\Users\esthe\Downloads\baby grizzly 14 _\Baby_1405_12_three.mp4;C:\Users\esthe\Downloads\baby grizzly 14 _\Baby_1405_13_five.mp4;C:\Users\esthe\Downloads\baby grizzly 14 _\Baby_1405_14_two.mp4;C:\Users\esthe\Downloads\baby grizzly 14 _\Baby_1405_15_onehalf.mp4;C:\Users\esthe\Downloads\baby grizzly 14 _\Baby_1405_16_seven.mp4;C:\Users\esthe\Downloads\baby grizzly 14 _\Baby_1405_17_seven.mp4;C:\Users\esthe\Downloads\baby grizzly 14 _\Baby_1405_1_three.mp4;C:\Users\esthe\Downloads\baby grizzly 14 _\Baby_1405_2_seven.mp4;C:\Users\esthe\Downloads\baby grizzly 14 _\Baby_1405_3_five.mp4;C:\Users\esthe\Downloads\baby grizzly 14 _\Baby_1405_4_five.mp4;C:\Users\esthe\Downloads\baby grizzly 14 _\Baby_1405_5_seven.mp4;C:\Users\esthe\Downloads\baby grizzly 14 _\Baby_1405_6_seven.mp4;C:\Users\esthe\Downloads\baby grizzly 14 _\Baby_1405_7_seven.mp4;C:\Users\esthe\Downloads\baby grizzly 14 _\Baby_1405_8_two.mp4;C:\Users\esthe\Downloads\baby grizzly 14 _\Baby_1405_9_one.mp4,0.0,9.701;4.433;4.267;7.729;13.965;9.531;5.627;5.099;5.562;15.965;11.869;5.499;17.418;8.460;17.460;17.963;11.965,30.000;30.000;30.000;30.000;30.000;30.000;30.000;30.000;30.000;30.000;30.000;30.000;24.000;24.000;24.000;30.000;30.000,Baby_grizzly,target,,,START,11.933,C:\Users\esthe\Downloads\baby grizzly 14 _\Baby_1405_11_three.mp4,67,NA,
Baby_1405,2025-06-24 11:48:28.904,,172.403,Media file(s),player #1:C:\Users\esthe\Downloads\baby grizzly 14 _\Baby_1405_10_seven.mp4;C:\Users\esthe\Downloads\baby grizzly 14 _\Baby_1405_11_three.mp4;C:\Users\esthe\Downloads\baby grizzly 14 _\Baby_1405_12_three.mp4;C:\Users\esthe\Downloads\baby grizzly 14 _\Baby_1405_13_five.mp4;C:\Users\esthe\Downloads\baby grizzly 14 _\Baby_1405_14_two.mp4;C:\Users\esthe\Downloads\baby grizzly 14 _\Baby_1405_15_onehalf.mp4;C:\Users\esthe\Downloads\baby grizzly 14 _\Baby_1405_16_seven.mp4;C:\Users\esthe\Downloads\baby grizzly 14 _\Baby_1405_17_seven.mp4;C:\Users\esthe\Downloads\baby grizzly 14 _\Baby_1405_1_three.mp4;C:\Users\esthe\Downloads\baby grizzly 14 _\Baby_1405_2_seven.mp4;C:\Users\esthe\Downloads\baby grizzly 14 _\Baby_1405_3_five.mp4;C:\Users\esthe\Downloads\baby grizzly 14 _\Baby_1405_4_five.mp4;C:\Users\esthe\Downloads\baby grizzly 14 _\Baby_1405_5_seven.mp4;C:\Users\esthe\Downloads\baby grizzly 14 _\Baby_1405_6_seven.mp4;C:\Users\esthe\Downloads\baby grizzly 14 _\Baby_1405_7_seven.mp4;C:\Users\esthe\Downloads\baby grizzly 14 _\Baby_1405_8_two.mp4;C:\Users\esthe\Downloads\baby grizzly 14 _\Baby_1405_9_one.mp4,0.0,9.701;4.433;4.267;7.729;13.965;9.531;5.627;5.099;5.562;15.965;11.869;5.499;17.418;8.460;17.460;17.963;11.965,30.000;30.000;30.000;30.000;30.000;30.000;30.000;30.000;30.000;30.000;30.000;30.000;24.000;24.000;24.000;30.000;30.000,Baby_grizzly,target,,,STOP,14.000,C:\Users\esthe\Downloads\baby grizzly 14 _\Baby_1405_11_three.mp4,129,NA,
Baby_1405,2025-06-24 11:48:28.904,,172.403,Media file(s),player #1:C:\Users\esthe\Downloads\baby grizzly 14 _\Baby_1405_10_seven.mp4;C:\Users\esthe\Downloads\baby grizzly 14 _\Baby_1405_11_three.mp4;C:\Users\esthe\Downloads\baby grizzly 14 _\Baby_1405_12_three.mp4;C:\Users\esthe\Downloads\baby grizzly 14 _\Baby_1405_13_five.mp4;C:\Users\esthe\Downloads\baby grizzly 14 _\Baby_1405_14_two.mp4;C:\Users\esthe\Downloads\baby grizzly 14 _\Baby_1405_15_onehalf.mp4;C:\Users\esthe\Downloads\baby grizzly 14 _\Baby_1405_16_seven.mp4;C:\Users\esthe\Downloads\baby grizzly 14 _\Baby_1405_17_seven.mp4;C:\Users\esthe\Downloads\baby grizzly 14 _\Baby_1405_1_three.mp4;C:\Users\esthe\Downloads\baby grizzly 14 _\Baby_1405_2_seven.mp4;C:\Users\esthe\Downloads\baby grizzly 14 _\Baby_1405_3_five.mp4;C:\Users\esthe\Downloads\baby grizzly 14 _\Baby_1405_4_five.mp4;C:\Users\esthe\Downloads\baby grizzly 14 _\Baby_1405_5_seven.mp4;C:\Users\esthe\Downloads\baby grizzly 14 _\Baby_1405_6_seven.mp4;C:\Users\esthe\Downloads\baby grizzly 14 _\Baby_1405_7_seven.mp4;C:\Users\esthe\Downloads\baby grizzly 14 _\Baby_1405_8_two.mp4;C:\Users\esthe\Downloads\baby grizzly 14 _\Baby_1405_9_one.mp4,0.0,9.701;4.433;4.267;7.729;13.965;9.531;5.627;5.099;5.562;15.965;11.869;5.499;17.418;8.460;17.460;17.963;11.965,30.000;30.000;30.000;30.000;30.000;30.000;30.000;30.000;30.000;30.000;30.000;30.000;24.000;24.000;24.000;30.000;30.000,Baby_grizzly,assessing,,,START,14.133,C:\Users\esthe\Downloads\baby grizzly 14 _\Baby_1405_11_three.mp4,0,NA,
Baby_1405,2025-06-24 11:48:28.904,,172.403,Media file(s),player #1:C:\Users\esthe\Downloads\baby grizzly 14 _\Baby_1405_10_seven.mp4;C:\Users\esthe\Downloads\baby grizzly 14 _\Baby_1405_11_three.mp4;C:\Users\esthe\Downloads\baby grizzly 14 _\Baby_1405_12_three.mp4;C:\Users\esthe\Downloads\baby grizzly 14 _\Baby_1405_13_five.mp4;C:\Users\esthe\Downloads\baby grizzly 14 _\Baby_1405_14_two.mp4;C:\Users\esthe\Downloads\baby grizzly 14 _\Baby_1405_15_onehalf.mp4;C:\Users\esthe\Downloads\baby grizzly 14 _\Baby_1405_16_seven.mp4;C:\Users\esthe\Downloads\baby grizzly 14 _\Baby_1405_17_seven.mp4;C:\Users\esthe\Downloads\baby grizzly 14 _\Baby_1405_1_three.mp4;C:\Users\esthe\Downloads\baby grizzly 14 _\Baby_1405_2_seven.mp4;C:\Users\esthe\Downloads\baby grizzly 14 _\Baby_1405_3_five.mp4;C:\Users\esthe\Downloads\baby grizzly 14 _\Baby_1405_4_five.mp4;C:\Users\esthe\Downloads\baby grizzly 14 _\Baby_1405_5_seven.mp4;C:\Users\esthe\Downloads\baby grizzly 14 _\Baby_1405_6_seven.mp4;C:\Users\esthe\Downloads\baby grizzly 14 _\Baby_1405_7_seven.mp4;C:\Users\esthe\Downloads\baby grizzly 14 _\Baby_1405_8_two.mp4;C:\Users\esthe\Downloads\baby grizzly 14 _\Baby_1405_9_one.mp4,0.0,9.701;4.433;4.267;7.729;13.965;9.531;5.627;5.099;5.562;15.965;11.869;5.499;17.418;8.460;17.460;17.963;11.965,30.000;30.000;30.000;30.000;30.000;30.000;30.000;30.000;30.000;30.000;30.000;30.000;24.000;24.000;24.000;30.000;30.000,Baby_grizzly,jaw movement,,,POINT,14.400,C:\Users\esthe\Downloads\baby grizzly 14 _\Baby_1405_12_three.mp4,8,NA,
Baby_1405,2025-06-24 11:48:28.904,,172.403,Media file(s),player #1:C:\Users\esthe\Downloads\baby grizzly 14 _\Baby_1405_10_seven.mp4;C:\Users\esthe\Downloads\baby grizzly 14 _\Baby_1405_11_three.mp4;C:\Users\esthe\Downloads\baby grizzly 14 _\Baby_1405_12_three.mp4;C:\Users\esthe\Downloads\baby grizzly 14 _\Baby_1405_13_five.mp4;C:\Users\esthe\Downloads\baby grizzly 14 _\Baby_1405_14_two.mp4;C:\Users\esthe\Downloads\baby grizzly 14 _\Baby_1405_15_onehalf.mp4;C:\Users\esthe\Downloads\baby grizzly 14 _\Baby_1405_16_seven.mp4;C:\Users\esthe\Downloads\baby grizzly 14 _\Baby_1405_17_seven.mp4;C:\Users\esthe\Downloads\baby grizzly 14 _\Baby_1405_1_three.mp4;C:\Users\esthe\Downloads\baby grizzly 14 _\Baby_1405_2_seven.mp4;C:\Users\esthe\Downloads\baby grizzly 14 _\Baby_1405_3_five.mp4;C:\Users\esthe\Downloads\baby grizzly 14 _\Baby_1405_4_five.mp4;C:\Users\esthe\Downloads\baby grizzly 14 _\Baby_1405_5_seven.mp4;C:\Users\esthe\Downloads\baby grizzly 14 _\Baby_1405_6_seven.mp4;C:\Users\esthe\Downloads\baby grizzly 14 _\Baby_1405_7_seven.mp4;C:\Users\esthe\Downloads\baby grizzly 14 _\Baby_1405_8_two.mp4;C:\Users\esthe\Downloads\baby grizzly 14 _\Baby_1405_9_one.mp4,0.0,9.701;4.433;4.267;7.729;13.965;9.531;5.627;5.099;5.562;15.965;11.869;5.499;17.418;8.460;17.460;17.963;11.965,30.000;30.000;30.000;30.000;30.000;30.000;30.000;30.000;30.000;30.000;30.000;30.000;24.000;24.000;24.000;30.000;30.000,Baby_grizzly,assessing,,,STOP,14.800,C:\Users\esthe\Downloads\baby grizzly 14 _\Baby_1405_12_three.mp4,20,NA,
Baby_1405,2025-06-24 11:48:28.904,,172.403,Media file(s),player #1:C:\Users\esthe\Downloads\baby grizzly 14 _\Baby_1405_10_seven.mp4;C:\Users\esthe\Downloads\baby grizzly 14 _\Baby_1405_11_three.mp4;C:\Users\esthe\Downloads\baby grizzly 14 _\Baby_1405_12_three.mp4;C:\Users\esthe\Downloads\baby grizzly 14 _\Baby_1405_13_five.mp4;C:\Users\esthe\Downloads\baby grizzly 14 _\Baby_1405_14_two.mp4;C:\Users\esthe\Downloads\baby grizzly 14 _\Baby_1405_15_onehalf.mp4;C:\Users\esthe\Downloads\baby grizzly 14 _\Baby_1405_16_seven.mp4;C:\Users\esthe\Downloads\baby grizzly 14 _\Baby_1405_17_seven.mp4;C:\Users\esthe\Downloads\baby grizzly 14 _\Baby_1405_1_three.mp4;C:\Users\esthe\Downloads\baby grizzly 14 _\Baby_1405_2_seven.mp4;C:\Users\esthe\Downloads\baby grizzly 14 _\Baby_1405_3_five.mp4;C:\Users\esthe\Downloads\baby grizzly 14 _\Baby_1405_4_five.mp4;C:\Users\esthe\Downloads\baby grizzly 14 _\Baby_1405_5_seven.mp4;C:\Users\esthe\Downloads\baby grizzly 14 _\Baby_1405_6_seven.mp4;C:\Users\esthe\Downloads\baby grizzly 14 _\Baby_1405_7_seven.mp4;C:\Users\esthe\Downloads\baby grizzly 14 _\Baby_1405_8_two.mp4;C:\Users\esthe\Downloads\baby grizzly 14 _\Baby_1405_9_one.mp4,0.0,9.701;4.433;4.267;7.729;13.965;9.531;5.627;5.099;5.562;15.965;11.869;5.499;17.418;8.460;17.460;17.963;11.965,30.000;30.000;30.000;30.000;30.000;30.000;30.000;30.000;30.000;30.000;30.000;30.000;24.000;24.000;24.000;30.000;30.000,Baby_grizzly,target,,,START,14.900,C:\Users\esthe\Downloads\baby grizzly 14 _\Baby_1405_12_three.mp4,23,NA,
Baby_1405,2025-06-24 11:48:28.904,,172.403,Media file(s),player #1:C:\Users\esthe\Downloads\baby grizzly 14 _\Baby_1405_10_seven.mp4;C:\Users\esthe\Downloads\baby grizzly 14 _\Baby_1405_11_three.mp4;C:\Users\esthe\Downloads\baby grizzly 14 _\Baby_1405_12_three.mp4;C:\Users\esthe\Downloads\baby grizzly 14 _\Baby_1405_13_five.mp4;C:\Users\esthe\Downloads\baby grizzly 14 _\Baby_1405_14_two.mp4;C:\Users\esthe\Downloads\baby grizzly 14 _\Baby_1405_15_onehalf.mp4;C:\Users\esthe\Downloads\baby grizzly 14 _\Baby_1405_16_seven.mp4;C:\Users\esthe\Downloads\baby grizzly 14 _\Baby_1405_17_seven.mp4;C:\Users\esthe\Downloads\baby grizzly 14 _\Baby_1405_1_three.mp4;C:\Users\esthe\Downloads\baby grizzly 14 _\Baby_1405_2_seven.mp4;C:\Users\esthe\Downloads\baby grizzly 14 _\Baby_1405_3_five.mp4;C:\Users\esthe\Downloads\baby grizzly 14 _\Baby_1405_4_five.mp4;C:\Users\esthe\Downloads\baby grizzly 14 _\Baby_1405_5_seven.mp4;C:\Users\esthe\Downloads\baby grizzly 14 _\Baby_1405_6_seven.mp4;C:\Users\esthe\Downloads\baby grizzly 14 _\Baby_1405_7_seven.mp4;C:\Users\esthe\Downloads\baby grizzly 14 _\Baby_1405_8_two.mp4;C:\Users\esthe\Downloads\baby grizzly 14 _\Baby_1405_9_one.mp4,0.0,9.701;4.433;4.267;7.729;13.965;9.531;5.627;5.099;5.562;15.965;11.869;5.499;17.418;8.460;17.460;17.963;11.965,30.000;30.000;30.000;30.000;30.000;30.000;30.000;30.000;30.000;30.000;30.000;30.000;24.000;24.000;24.000;30.000;30.000,Baby_grizzly,target,,,STOP,18.333,C:\Users\esthe\Downloads\baby grizzly 14 _\Baby_1405_12_three.mp4,126,NA,
Baby_1405,2025-06-24 11:48:28.904,,172.403,Media file(s),player #1:C:\Users\esthe\Downloads\baby grizzly 14 _\Baby_1405_10_seven.mp4;C:\Users\esthe\Downloads\baby grizzly 14 _\Baby_1405_11_three.mp4;C:\Users\esthe\Downloads\baby grizzly 14 _\Baby_1405_12_three.mp4;C:\Users\esthe\Downloads\baby grizzly 14 _\Baby_1405_13_five.mp4;C:\Users\esthe\Downloads\baby grizzly 14 _\Baby_1405_14_two.mp4;C:\Users\esthe\Downloads\baby grizzly 14 _\Baby_1405_15_onehalf.mp4;C:\Users\esthe\Downloads\baby grizzly 14 _\Baby_1405_16_seven.mp4;C:\Users\esthe\Downloads\baby grizzly 14 _\Baby_1405_17_seven.mp4;C:\Users\esthe\Downloads\baby grizzly 14 _\Baby_1405_1_three.mp4;C:\Users\esthe\Downloads\baby grizzly 14 _\Baby_1405_2_seven.mp4;C:\Users\esthe\Downloads\baby grizzly 14 _\Baby_1405_3_five.mp4;C:\Users\esthe\Downloads\baby grizzly 14 _\Baby_1405_4_five.mp4;C:\Users\esthe\Downloads\baby grizzly 14 _\Baby_1405_5_seven.mp4;C:\Users\esthe\Downloads\baby grizzly 14 _\Baby_1405_6_seven.mp4;C:\Users\esthe\Downloads\baby grizzly 14 _\Baby_1405_7_seven.mp4;C:\Users\esthe\Downloads\baby grizzly 14 _\Baby_1405_8_two.mp4;C:\Users\esthe\Downloads\baby grizzly 14 _\Baby_1405_9_one.mp4,0.0,9.701;4.433;4.267;7.729;13.965;9.531;5.627;5.099;5.562;15.965;11.869;5.499;17.418;8.460;17.460;17.963;11.965,30.000;30.000;30.000;30.000;30.000;30.000;30.000;30.000;30.000;30.000;30.000;30.000;24.000;24.000;24.000;30.000;30.000,Baby_grizzly,bending,,,START,18.399,C:\Users\esthe\Downloads\baby grizzly 14 _\Baby_1405_12_three.mp4,0,NA,
Baby_1405,2025-06-24 11:48:28.904,,172.403,Media file(s),player #1:C:\Users\esthe\Downloads\baby grizzly 14 _\Baby_1405_10_seven.mp4;C:\Users\esthe\Downloads\baby grizzly 14 _\Baby_1405_11_three.mp4;C:\Users\esthe\Downloads\baby grizzly 14 _\Baby_1405_12_three.mp4;C:\Users\esthe\Downloads\baby grizzly 14 _\Baby_1405_13_five.mp4;C:\Users\esthe\Downloads\baby grizzly 14 _\Baby_1405_14_two.mp4;C:\Users\esthe\Downloads\baby grizzly 14 _\Baby_1405_15_onehalf.mp4;C:\Users\esthe\Downloads\baby grizzly 14 _\Baby_1405_16_seven.mp4;C:\Users\esthe\Downloads\baby grizzly 14 _\Baby_1405_17_seven.mp4;C:\Users\esthe\Downloads\baby grizzly 14 _\Baby_1405_1_three.mp4;C:\Users\esthe\Downloads\baby grizzly 14 _\Baby_1405_2_seven.mp4;C:\Users\esthe\Downloads\baby grizzly 14 _\Baby_1405_3_five.mp4;C:\Users\esthe\Downloads\baby grizzly 14 _\Baby_1405_4_five.mp4;C:\Users\esthe\Downloads\baby grizzly 14 _\Baby_1405_5_seven.mp4;C:\Users\esthe\Downloads\baby grizzly 14 _\Baby_1405_6_seven.mp4;C:\Users\esthe\Downloads\baby grizzly 14 _\Baby_1405_7_seven.mp4;C:\Users\esthe\Downloads\baby grizzly 14 _\Baby_1405_8_two.mp4;C:\Users\esthe\Downloads\baby grizzly 14 _\Baby_1405_9_one.mp4,0.0,9.701;4.433;4.267;7.729;13.965;9.531;5.627;5.099;5.562;15.965;11.869;5.499;17.418;8.460;17.460;17.963;11.965,30.000;30.000;30.000;30.000;30.000;30.000;30.000;30.000;30.000;30.000;30.000;30.000;24.000;24.000;24.000;30.000;30.000,Baby_grizzly,grabbing peanut,,,POINT,18.766,C:\Users\esthe\Downloads\baby grizzly 14 _\Baby_1405_13_five.mp4,11,NA,
Baby_1405,2025-06-24 11:48:28.904,,172.403,Media file(s),player #1:C:\Users\esthe\Downloads\baby grizzly 14 _\Baby_1405_10_seven.mp4;C:\Users\esthe\Downloads\baby grizzly 14 _\Baby_1405_11_three.mp4;C:\Users\esthe\Downloads\baby grizzly 14 _\Baby_1405_12_three.mp4;C:\Users\esthe\Downloads\baby grizzly 14 _\Baby_1405_13_five.mp4;C:\Users\esthe\Downloads\baby grizzly 14 _\Baby_1405_14_two.mp4;C:\Users\esthe\Downloads\baby grizzly 14 _\Baby_1405_15_onehalf.mp4;C:\Users\esthe\Downloads\baby grizzly 14 _\Baby_1405_16_seven.mp4;C:\Users\esthe\Downloads\baby grizzly 14 _\Baby_1405_17_seven.mp4;C:\Users\esthe\Downloads\baby grizzly 14 _\Baby_1405_1_three.mp4;C:\Users\esthe\Downloads\baby grizzly 14 _\Baby_1405_2_seven.mp4;C:\Users\esthe\Downloads\baby grizzly 14 _\Baby_1405_3_five.mp4;C:\Users\esthe\Downloads\baby grizzly 14 _\Baby_1405_4_five.mp4;C:\Users\esthe\Downloads\baby grizzly 14 _\Baby_1405_5_seven.mp4;C:\Users\esthe\Downloads\baby grizzly 14 _\Baby_1405_6_seven.mp4;C:\Users\esthe\Downloads\baby grizzly 14 _\Baby_1405_7_seven.mp4;C:\Users\esthe\Downloads\baby grizzly 14 _\Baby_1405_8_two.mp4;C:\Users\esthe\Downloads\baby grizzly 14 _\Baby_1405_9_one.mp4,0.0,9.701;4.433;4.267;7.729;13.965;9.531;5.627;5.099;5.562;15.965;11.869;5.499;17.418;8.460;17.460;17.963;11.965,30.000;30.000;30.000;30.000;30.000;30.000;30.000;30.000;30.000;30.000;30.000;30.000;24.000;24.000;24.000;30.000;30.000,Baby_grizzly,bending,,,STOP,18.799,C:\Users\esthe\Downloads\baby grizzly 14 _\Baby_1405_13_five.mp4,12,NA,
Baby_1405,2025-06-24 11:48:28.904,,172.403,Media file(s),player #1:C:\Users\esthe\Downloads\baby grizzly 14 _\Baby_1405_10_seven.mp4;C:\Users\esthe\Downloads\baby grizzly 14 _\Baby_1405_11_three.mp4;C:\Users\esthe\Downloads\baby grizzly 14 _\Baby_1405_12_three.mp4;C:\Users\esthe\Downloads\baby grizzly 14 _\Baby_1405_13_five.mp4;C:\Users\esthe\Downloads\baby grizzly 14 _\Baby_1405_14_two.mp4;C:\Users\esthe\Downloads\baby grizzly 14 _\Baby_1405_15_onehalf.mp4;C:\Users\esthe\Downloads\baby grizzly 14 _\Baby_1405_16_seven.mp4;C:\Users\esthe\Downloads\baby grizzly 14 _\Baby_1405_17_seven.mp4;C:\Users\esthe\Downloads\baby grizzly 14 _\Baby_1405_1_three.mp4;C:\Users\esthe\Downloads\baby grizzly 14 _\Baby_1405_2_seven.mp4;C:\Users\esthe\Downloads\baby grizzly 14 _\Baby_1405_3_five.mp4;C:\Users\esthe\Downloads\baby grizzly 14 _\Baby_1405_4_five.mp4;C:\Users\esthe\Downloads\baby grizzly 14 _\Baby_1405_5_seven.mp4;C:\Users\esthe\Downloads\baby grizzly 14 _\Baby_1405_6_seven.mp4;C:\Users\esthe\Downloads\baby grizzly 14 _\Baby_1405_7_seven.mp4;C:\Users\esthe\Downloads\baby grizzly 14 _\Baby_1405_8_two.mp4;C:\Users\esthe\Downloads\baby grizzly 14 _\Baby_1405_9_one.mp4,0.0,9.701;4.433;4.267;7.729;13.965;9.531;5.627;5.099;5.562;15.965;11.869;5.499;17.418;8.460;17.460;17.963;11.965,30.000;30.000;30.000;30.000;30.000;30.000;30.000;30.000;30.000;30.000;30.000;30.000;24.000;24.000;24.000;30.000;30.000,Baby_grizzly,lifting,,,START,18.833,C:\Users\esthe\Downloads\baby grizzly 14 _\Baby_1405_13_five.mp4,13,NA,
Baby_1405,2025-06-24 11:48:28.904,,172.403,Media file(s),player #1:C:\Users\esthe\Downloads\baby grizzly 14 _\Baby_1405_10_seven.mp4;C:\Users\esthe\Downloads\baby grizzly 14 _\Baby_1405_11_three.mp4;C:\Users\esthe\Downloads\baby grizzly 14 _\Baby_1405_12_three.mp4;C:\Users\esthe\Downloads\baby grizzly 14 _\Baby_1405_13_five.mp4;C:\Users\esthe\Downloads\baby grizzly 14 _\Baby_1405_14_two.mp4;C:\Users\esthe\Downloads\baby grizzly 14 _\Baby_1405_15_onehalf.mp4;C:\Users\esthe\Downloads\baby grizzly 14 _\Baby_1405_16_seven.mp4;C:\Users\esthe\Downloads\baby grizzly 14 _\Baby_1405_17_seven.mp4;C:\Users\esthe\Downloads\baby grizzly 14 _\Baby_1405_1_three.mp4;C:\Users\esthe\Downloads\baby grizzly 14 _\Baby_1405_2_seven.mp4;C:\Users\esthe\Downloads\baby grizzly 14 _\Baby_1405_3_five.mp4;C:\Users\esthe\Downloads\baby grizzly 14 _\Baby_1405_4_five.mp4;C:\Users\esthe\Downloads\baby grizzly 14 _\Baby_1405_5_seven.mp4;C:\Users\esthe\Downloads\baby grizzly 14 _\Baby_1405_6_seven.mp4;C:\Users\esthe\Downloads\baby grizzly 14 _\Baby_1405_7_seven.mp4;C:\Users\esthe\Downloads\baby grizzly 14 _\Baby_1405_8_two.mp4;C:\Users\esthe\Downloads\baby grizzly 14 _\Baby_1405_9_one.mp4,0.0,9.701;4.433;4.267;7.729;13.965;9.531;5.627;5.099;5.562;15.965;11.869;5.499;17.418;8.460;17.460;17.963;11.965,30.000;30.000;30.000;30.000;30.000;30.000;30.000;30.000;30.000;30.000;30.000;30.000;24.000;24.000;24.000;30.000;30.000,Baby_grizzly,lifting,,,STOP,19.133,C:\Users\esthe\Downloads\baby grizzly 14 _\Baby_1405_13_five.mp4,22,NA,
Baby_1405,2025-06-24 11:48:28.904,,172.403,Media file(s),player #1:C:\Users\esthe\Downloads\baby grizzly 14 _\Baby_1405_10_seven.mp4;C:\Users\esthe\Downloads\baby grizzly 14 _\Baby_1405_11_three.mp4;C:\Users\esthe\Downloads\baby grizzly 14 _\Baby_1405_12_three.mp4;C:\Users\esthe\Downloads\baby grizzly 14 _\Baby_1405_13_five.mp4;C:\Users\esthe\Downloads\baby grizzly 14 _\Baby_1405_14_two.mp4;C:\Users\esthe\Downloads\baby grizzly 14 _\Baby_1405_15_onehalf.mp4;C:\Users\esthe\Downloads\baby grizzly 14 _\Baby_1405_16_seven.mp4;C:\Users\esthe\Downloads\baby grizzly 14 _\Baby_1405_17_seven.mp4;C:\Users\esthe\Downloads\baby grizzly 14 _\Baby_1405_1_three.mp4;C:\Users\esthe\Downloads\baby grizzly 14 _\Baby_1405_2_seven.mp4;C:\Users\esthe\Downloads\baby grizzly 14 _\Baby_1405_3_five.mp4;C:\Users\esthe\Downloads\baby grizzly 14 _\Baby_1405_4_five.mp4;C:\Users\esthe\Downloads\baby grizzly 14 _\Baby_1405_5_seven.mp4;C:\Users\esthe\Downloads\baby grizzly 14 _\Baby_1405_6_seven.mp4;C:\Users\esthe\Downloads\baby grizzly 14 _\Baby_1405_7_seven.mp4;C:\Users\esthe\Downloads\baby grizzly 14 _\Baby_1405_8_two.mp4;C:\Users\esthe\Downloads\baby grizzly 14 _\Baby_1405_9_one.mp4,0.0,9.701;4.433;4.267;7.729;13.965;9.531;5.627;5.099;5.562;15.965;11.869;5.499;17.418;8.460;17.460;17.963;11.965,30.000;30.000;30.000;30.000;30.000;30.000;30.000;30.000;30.000;30.000;30.000;30.000;24.000;24.000;24.000;30.000;30.000,Baby_grizzly,assessing,,,START,19.199,C:\Users\esthe\Downloads\baby grizzly 14 _\Baby_1405_13_five.mp4,24,NA,
Baby_1405,2025-06-24 11:48:28.904,,172.403,Media file(s),player #1:C:\Users\esthe\Downloads\baby grizzly 14 _\Baby_1405_10_seven.mp4;C:\Users\esthe\Downloads\baby grizzly 14 _\Baby_1405_11_three.mp4;C:\Users\esthe\Downloads\baby grizzly 14 _\Baby_1405_12_three.mp4;C:\Users\esthe\Downloads\baby grizzly 14 _\Baby_1405_13_five.mp4;C:\Users\esthe\Downloads\baby grizzly 14 _\Baby_1405_14_two.mp4;C:\Users\esthe\Downloads\baby grizzly 14 _\Baby_1405_15_onehalf.mp4;C:\Users\esthe\Downloads\baby grizzly 14 _\Baby_1405_16_seven.mp4;C:\Users\esthe\Downloads\baby grizzly 14 _\Baby_1405_17_seven.mp4;C:\Users\esthe\Downloads\baby grizzly 14 _\Baby_1405_1_three.mp4;C:\Users\esthe\Downloads\baby grizzly 14 _\Baby_1405_2_seven.mp4;C:\Users\esthe\Downloads\baby grizzly 14 _\Baby_1405_3_five.mp4;C:\Users\esthe\Downloads\baby grizzly 14 _\Baby_1405_4_five.mp4;C:\Users\esthe\Downloads\baby grizzly 14 _\Baby_1405_5_seven.mp4;C:\Users\esthe\Downloads\baby grizzly 14 _\Baby_1405_6_seven.mp4;C:\Users\esthe\Downloads\baby grizzly 14 _\Baby_1405_7_seven.mp4;C:\Users\esthe\Downloads\baby grizzly 14 _\Baby_1405_8_two.mp4;C:\Users\esthe\Downloads\baby grizzly 14 _\Baby_1405_9_one.mp4,0.0,9.701;4.433;4.267;7.729;13.965;9.531;5.627;5.099;5.562;15.965;11.869;5.499;17.418;8.460;17.460;17.963;11.965,30.000;30.000;30.000;30.000;30.000;30.000;30.000;30.000;30.000;30.000;30.000;30.000;24.000;24.000;24.000;30.000;30.000,Baby_grizzly,jaw movement,,,POINT,19.399,C:\Users\esthe\Downloads\baby grizzly 14 _\Baby_1405_13_five.mp4,30,NA,
Baby_1405,2025-06-24 11:48:28.904,,172.403,Media file(s),player #1:C:\Users\esthe\Downloads\baby grizzly 14 _\Baby_1405_10_seven.mp4;C:\Users\esthe\Downloads\baby grizzly 14 _\Baby_1405_11_three.mp4;C:\Users\esthe\Downloads\baby grizzly 14 _\Baby_1405_12_three.mp4;C:\Users\esthe\Downloads\baby grizzly 14 _\Baby_1405_13_five.mp4;C:\Users\esthe\Downloads\baby grizzly 14 _\Baby_1405_14_two.mp4;C:\Users\esthe\Downloads\baby grizzly 14 _\Baby_1405_15_onehalf.mp4;C:\Users\esthe\Downloads\baby grizzly 14 _\Baby_1405_16_seven.mp4;C:\Users\esthe\Downloads\baby grizzly 14 _\Baby_1405_17_seven.mp4;C:\Users\esthe\Downloads\baby grizzly 14 _\Baby_1405_1_three.mp4;C:\Users\esthe\Downloads\baby grizzly 14 _\Baby_1405_2_seven.mp4;C:\Users\esthe\Downloads\baby grizzly 14 _\Baby_1405_3_five.mp4;C:\Users\esthe\Downloads\baby grizzly 14 _\Baby_1405_4_five.mp4;C:\Users\esthe\Downloads\baby grizzly 14 _\Baby_1405_5_seven.mp4;C:\Users\esthe\Downloads\baby grizzly 14 _\Baby_1405_6_seven.mp4;C:\Users\esthe\Downloads\baby grizzly 14 _\Baby_1405_7_seven.mp4;C:\Users\esthe\Downloads\baby grizzly 14 _\Baby_1405_8_two.mp4;C:\Users\esthe\Downloads\baby grizzly 14 _\Baby_1405_9_one.mp4,0.0,9.701;4.433;4.267;7.729;13.965;9.531;5.627;5.099;5.562;15.965;11.869;5.499;17.418;8.460;17.460;17.963;11.965,30.000;30.000;30.000;30.000;30.000;30.000;30.000;30.000;30.000;30.000;30.000;30.000;24.000;24.000;24.000;30.000;30.000,Baby_grizzly,licking,,,POINT,19.933,C:\Users\esthe\Downloads\baby grizzly 14 _\Baby_1405_13_five.mp4,46,NA,
Baby_1405,2025-06-24 11:48:28.904,,172.403,Media file(s),player #1:C:\Users\esthe\Downloads\baby grizzly 14 _\Baby_1405_10_seven.mp4;C:\Users\esthe\Downloads\baby grizzly 14 _\Baby_1405_11_three.mp4;C:\Users\esthe\Downloads\baby grizzly 14 _\Baby_1405_12_three.mp4;C:\Users\esthe\Downloads\baby grizzly 14 _\Baby_1405_13_five.mp4;C:\Users\esthe\Downloads\baby grizzly 14 _\Baby_1405_14_two.mp4;C:\Users\esthe\Downloads\baby grizzly 14 _\Baby_1405_15_onehalf.mp4;C:\Users\esthe\Downloads\baby grizzly 14 _\Baby_1405_16_seven.mp4;C:\Users\esthe\Downloads\baby grizzly 14 _\Baby_1405_17_seven.mp4;C:\Users\esthe\Downloads\baby grizzly 14 _\Baby_1405_1_three.mp4;C:\Users\esthe\Downloads\baby grizzly 14 _\Baby_1405_2_seven.mp4;C:\Users\esthe\Downloads\baby grizzly 14 _\Baby_1405_3_five.mp4;C:\Users\esthe\Downloads\baby grizzly 14 _\Baby_1405_4_five.mp4;C:\Users\esthe\Downloads\baby grizzly 14 _\Baby_1405_5_seven.mp4;C:\Users\esthe\Downloads\baby grizzly 14 _\Baby_1405_6_seven.mp4;C:\Users\esthe\Downloads\baby grizzly 14 _\Baby_1405_7_seven.mp4;C:\Users\esthe\Downloads\baby grizzly 14 _\Baby_1405_8_two.mp4;C:\Users\esthe\Downloads\baby grizzly 14 _\Baby_1405_9_one.mp4,0.0,9.701;4.433;4.267;7.729;13.965;9.531;5.627;5.099;5.562;15.965;11.869;5.499;17.418;8.460;17.460;17.963;11.965,30.000;30.000;30.000;30.000;30.000;30.000;30.000;30.000;30.000;30.000;30.000;30.000;24.000;24.000;24.000;30.000;30.000,Baby_grizzly,jaw movement,,,POINT,20.366,C:\Users\esthe\Downloads\baby grizzly 14 _\Baby_1405_13_five.mp4,59,NA,
Baby_1405,2025-06-24 11:48:28.904,,172.403,Media file(s),player #1:C:\Users\esthe\Downloads\baby grizzly 14 _\Baby_1405_10_seven.mp4;C:\Users\esthe\Downloads\baby grizzly 14 _\Baby_1405_11_three.mp4;C:\Users\esthe\Downloads\baby grizzly 14 _\Baby_1405_12_three.mp4;C:\Users\esthe\Downloads\baby grizzly 14 _\Baby_1405_13_five.mp4;C:\Users\esthe\Downloads\baby grizzly 14 _\Baby_1405_14_two.mp4;C:\Users\esthe\Downloads\baby grizzly 14 _\Baby_1405_15_onehalf.mp4;C:\Users\esthe\Downloads\baby grizzly 14 _\Baby_1405_16_seven.mp4;C:\Users\esthe\Downloads\baby grizzly 14 _\Baby_1405_17_seven.mp4;C:\Users\esthe\Downloads\baby grizzly 14 _\Baby_1405_1_three.mp4;C:\Users\esthe\Downloads\baby grizzly 14 _\Baby_1405_2_seven.mp4;C:\Users\esthe\Downloads\baby grizzly 14 _\Baby_1405_3_five.mp4;C:\Users\esthe\Downloads\baby grizzly 14 _\Baby_1405_4_five.mp4;C:\Users\esthe\Downloads\baby grizzly 14 _\Baby_1405_5_seven.mp4;C:\Users\esthe\Downloads\baby grizzly 14 _\Baby_1405_6_seven.mp4;C:\Users\esthe\Downloads\baby grizzly 14 _\Baby_1405_7_seven.mp4;C:\Users\esthe\Downloads\baby grizzly 14 _\Baby_1405_8_two.mp4;C:\Users\esthe\Downloads\baby grizzly 14 _\Baby_1405_9_one.mp4,0.0,9.701;4.433;4.267;7.729;13.965;9.531;5.627;5.099;5.562;15.965;11.869;5.499;17.418;8.460;17.460;17.963;11.965,30.000;30.000;30.000;30.000;30.000;30.000;30.000;30.000;30.000;30.000;30.000;30.000;24.000;24.000;24.000;30.000;30.000,Baby_grizzly,mouth,,,POINT,20.699,C:\Users\esthe\Downloads\baby grizzly 14 _\Baby_1405_13_five.mp4,69,NA,
Baby_1405,2025-06-24 11:48:28.904,,172.403,Media file(s),player #1:C:\Users\esthe\Downloads\baby grizzly 14 _\Baby_1405_10_seven.mp4;C:\Users\esthe\Downloads\baby grizzly 14 _\Baby_1405_11_three.mp4;C:\Users\esthe\Downloads\baby grizzly 14 _\Baby_1405_12_three.mp4;C:\Users\esthe\Downloads\baby grizzly 14 _\Baby_1405_13_five.mp4;C:\Users\esthe\Downloads\baby grizzly 14 _\Baby_1405_14_two.mp4;C:\Users\esthe\Downloads\baby grizzly 14 _\Baby_1405_15_onehalf.mp4;C:\Users\esthe\Downloads\baby grizzly 14 _\Baby_1405_16_seven.mp4;C:\Users\esthe\Downloads\baby grizzly 14 _\Baby_1405_17_seven.mp4;C:\Users\esthe\Downloads\baby grizzly 14 _\Baby_1405_1_three.mp4;C:\Users\esthe\Downloads\baby grizzly 14 _\Baby_1405_2_seven.mp4;C:\Users\esthe\Downloads\baby grizzly 14 _\Baby_1405_3_five.mp4;C:\Users\esthe\Downloads\baby grizzly 14 _\Baby_1405_4_five.mp4;C:\Users\esthe\Downloads\baby grizzly 14 _\Baby_1405_5_seven.mp4;C:\Users\esthe\Downloads\baby grizzly 14 _\Baby_1405_6_seven.mp4;C:\Users\esthe\Downloads\baby grizzly 14 _\Baby_1405_7_seven.mp4;C:\Users\esthe\Downloads\baby grizzly 14 _\Baby_1405_8_two.mp4;C:\Users\esthe\Downloads\baby grizzly 14 _\Baby_1405_9_one.mp4,0.0,9.701;4.433;4.267;7.729;13.965;9.531;5.627;5.099;5.562;15.965;11.869;5.499;17.418;8.460;17.460;17.963;11.965,30.000;30.000;30.000;30.000;30.000;30.000;30.000;30.000;30.000;30.000;30.000;30.000;24.000;24.000;24.000;30.000;30.000,Baby_grizzly,assessing,,,STOP,20.866,C:\Users\esthe\Downloads\baby grizzly 14 _\Baby_1405_13_five.mp4,74,NA,
Baby_1405,2025-06-24 11:48:28.904,,172.403,Media file(s),player #1:C:\Users\esthe\Downloads\baby grizzly 14 _\Baby_1405_10_seven.mp4;C:\Users\esthe\Downloads\baby grizzly 14 _\Baby_1405_11_three.mp4;C:\Users\esthe\Downloads\baby grizzly 14 _\Baby_1405_12_three.mp4;C:\Users\esthe\Downloads\baby grizzly 14 _\Baby_1405_13_five.mp4;C:\Users\esthe\Downloads\baby grizzly 14 _\Baby_1405_14_two.mp4;C:\Users\esthe\Downloads\baby grizzly 14 _\Baby_1405_15_onehalf.mp4;C:\Users\esthe\Downloads\baby grizzly 14 _\Baby_1405_16_seven.mp4;C:\Users\esthe\Downloads\baby grizzly 14 _\Baby_1405_17_seven.mp4;C:\Users\esthe\Downloads\baby grizzly 14 _\Baby_1405_1_three.mp4;C:\Users\esthe\Downloads\baby grizzly 14 _\Baby_1405_2_seven.mp4;C:\Users\esthe\Downloads\baby grizzly 14 _\Baby_1405_3_five.mp4;C:\Users\esthe\Downloads\baby grizzly 14 _\Baby_1405_4_five.mp4;C:\Users\esthe\Downloads\baby grizzly 14 _\Baby_1405_5_seven.mp4;C:\Users\esthe\Downloads\baby grizzly 14 _\Baby_1405_6_seven.mp4;C:\Users\esthe\Downloads\baby grizzly 14 _\Baby_1405_7_seven.mp4;C:\Users\esthe\Downloads\baby grizzly 14 _\Baby_1405_8_two.mp4;C:\Users\esthe\Downloads\baby grizzly 14 _\Baby_1405_9_one.mp4,0.0,9.701;4.433;4.267;7.729;13.965;9.531;5.627;5.099;5.562;15.965;11.869;5.499;17.418;8.460;17.460;17.963;11.965,30.000;30.000;30.000;30.000;30.000;30.000;30.000;30.000;30.000;30.000;30.000;30.000;24.000;24.000;24.000;30.000;30.000,Baby_grizzly,target,,,START,20.899,C:\Users\esthe\Downloads\baby grizzly 14 _\Baby_1405_13_five.mp4,75,NA,
Baby_1405,2025-06-24 11:48:28.904,,172.403,Media file(s),player #1:C:\Users\esthe\Downloads\baby grizzly 14 _\Baby_1405_10_seven.mp4;C:\Users\esthe\Downloads\baby grizzly 14 _\Baby_1405_11_three.mp4;C:\Users\esthe\Downloads\baby grizzly 14 _\Baby_1405_12_three.mp4;C:\Users\esthe\Downloads\baby grizzly 14 _\Baby_1405_13_five.mp4;C:\Users\esthe\Downloads\baby grizzly 14 _\Baby_1405_14_two.mp4;C:\Users\esthe\Downloads\baby grizzly 14 _\Baby_1405_15_onehalf.mp4;C:\Users\esthe\Downloads\baby grizzly 14 _\Baby_1405_16_seven.mp4;C:\Users\esthe\Downloads\baby grizzly 14 _\Baby_1405_17_seven.mp4;C:\Users\esthe\Downloads\baby grizzly 14 _\Baby_1405_1_three.mp4;C:\Users\esthe\Downloads\baby grizzly 14 _\Baby_1405_2_seven.mp4;C:\Users\esthe\Downloads\baby grizzly 14 _\Baby_1405_3_five.mp4;C:\Users\esthe\Downloads\baby grizzly 14 _\Baby_1405_4_five.mp4;C:\Users\esthe\Downloads\baby grizzly 14 _\Baby_1405_5_seven.mp4;C:\Users\esthe\Downloads\baby grizzly 14 _\Baby_1405_6_seven.mp4;C:\Users\esthe\Downloads\baby grizzly 14 _\Baby_1405_7_seven.mp4;C:\Users\esthe\Downloads\baby grizzly 14 _\Baby_1405_8_two.mp4;C:\Users\esthe\Downloads\baby grizzly 14 _\Baby_1405_9_one.mp4,0.0,9.701;4.433;4.267;7.729;13.965;9.531;5.627;5.099;5.562;15.965;11.869;5.499;17.418;8.460;17.460;17.963;11.965,30.000;30.000;30.000;30.000;30.000;30.000;30.000;30.000;30.000;30.000;30.000;30.000;24.000;24.000;24.000;30.000;30.000,Baby_grizzly,pause,,,START,24.696,C:\Users\esthe\Downloads\baby grizzly 14 _\Baby_1405_13_five.mp4,189,NA,
Baby_1405,2025-06-24 11:48:28.904,,172.403,Media file(s),player #1:C:\Users\esthe\Downloads\baby grizzly 14 _\Baby_1405_10_seven.mp4;C:\Users\esthe\Downloads\baby grizzly 14 _\Baby_1405_11_three.mp4;C:\Users\esthe\Downloads\baby grizzly 14 _\Baby_1405_12_three.mp4;C:\Users\esthe\Downloads\baby grizzly 14 _\Baby_1405_13_five.mp4;C:\Users\esthe\Downloads\baby grizzly 14 _\Baby_1405_14_two.mp4;C:\Users\esthe\Downloads\baby grizzly 14 _\Baby_1405_15_onehalf.mp4;C:\Users\esthe\Downloads\baby grizzly 14 _\Baby_1405_16_seven.mp4;C:\Users\esthe\Downloads\baby grizzly 14 _\Baby_1405_17_seven.mp4;C:\Users\esthe\Downloads\baby grizzly 14 _\Baby_1405_1_three.mp4;C:\Users\esthe\Downloads\baby grizzly 14 _\Baby_1405_2_seven.mp4;C:\Users\esthe\Downloads\baby grizzly 14 _\Baby_1405_3_five.mp4;C:\Users\esthe\Downloads\baby grizzly 14 _\Baby_1405_4_five.mp4;C:\Users\esthe\Downloads\baby grizzly 14 _\Baby_1405_5_seven.mp4;C:\Users\esthe\Downloads\baby grizzly 14 _\Baby_1405_6_seven.mp4;C:\Users\esthe\Downloads\baby grizzly 14 _\Baby_1405_7_seven.mp4;C:\Users\esthe\Downloads\baby grizzly 14 _\Baby_1405_8_two.mp4;C:\Users\esthe\Downloads\baby grizzly 14 _\Baby_1405_9_one.mp4,0.0,9.701;4.433;4.267;7.729;13.965;9.531;5.627;5.099;5.562;15.965;11.869;5.499;17.418;8.460;17.460;17.963;11.965,30.000;30.000;30.000;30.000;30.000;30.000;30.000;30.000;30.000;30.000;30.000;30.000;24.000;24.000;24.000;30.000;30.000,Baby_grizzly,pause,,,STOP,26.028,C:\Users\esthe\Downloads\baby grizzly 14 _\Baby_1405_13_five.mp4,229,NA,
Baby_1405,2025-06-24 11:48:28.904,,172.403,Media file(s),player #1:C:\Users\esthe\Downloads\baby grizzly 14 _\Baby_1405_10_seven.mp4;C:\Users\esthe\Downloads\baby grizzly 14 _\Baby_1405_11_three.mp4;C:\Users\esthe\Downloads\baby grizzly 14 _\Baby_1405_12_three.mp4;C:\Users\esthe\Downloads\baby grizzly 14 _\Baby_1405_13_five.mp4;C:\Users\esthe\Downloads\baby grizzly 14 _\Baby_1405_14_two.mp4;C:\Users\esthe\Downloads\baby grizzly 14 _\Baby_1405_15_onehalf.mp4;C:\Users\esthe\Downloads\baby grizzly 14 _\Baby_1405_16_seven.mp4;C:\Users\esthe\Downloads\baby grizzly 14 _\Baby_1405_17_seven.mp4;C:\Users\esthe\Downloads\baby grizzly 14 _\Baby_1405_1_three.mp4;C:\Users\esthe\Downloads\baby grizzly 14 _\Baby_1405_2_seven.mp4;C:\Users\esthe\Downloads\baby grizzly 14 _\Baby_1405_3_five.mp4;C:\Users\esthe\Downloads\baby grizzly 14 _\Baby_1405_4_five.mp4;C:\Users\esthe\Downloads\baby grizzly 14 _\Baby_1405_5_seven.mp4;C:\Users\esthe\Downloads\baby grizzly 14 _\Baby_1405_6_seven.mp4;C:\Users\esthe\Downloads\baby grizzly 14 _\Baby_1405_7_seven.mp4;C:\Users\esthe\Downloads\baby grizzly 14 _\Baby_1405_8_two.mp4;C:\Users\esthe\Downloads\baby grizzly 14 _\Baby_1405_9_one.mp4,0.0,9.701;4.433;4.267;7.729;13.965;9.531;5.627;5.099;5.562;15.965;11.869;5.499;17.418;8.460;17.460;17.963;11.965,30.000;30.000;30.000;30.000;30.000;30.000;30.000;30.000;30.000;30.000;30.000;30.000;24.000;24.000;24.000;30.000;30.000,Baby_grizzly,target,,,STOP,26.120,C:\Users\esthe\Downloads\baby grizzly 14 _\Baby_1405_13_five.mp4,232,NA,
Baby_1405,2025-06-24 11:48:28.904,,172.403,Media file(s),player #1:C:\Users\esthe\Downloads\baby grizzly 14 _\Baby_1405_10_seven.mp4;C:\Users\esthe\Downloads\baby grizzly 14 _\Baby_1405_11_three.mp4;C:\Users\esthe\Downloads\baby grizzly 14 _\Baby_1405_12_three.mp4;C:\Users\esthe\Downloads\baby grizzly 14 _\Baby_1405_13_five.mp4;C:\Users\esthe\Downloads\baby grizzly 14 _\Baby_1405_14_two.mp4;C:\Users\esthe\Downloads\baby grizzly 14 _\Baby_1405_15_onehalf.mp4;C:\Users\esthe\Downloads\baby grizzly 14 _\Baby_1405_16_seven.mp4;C:\Users\esthe\Downloads\baby grizzly 14 _\Baby_1405_17_seven.mp4;C:\Users\esthe\Downloads\baby grizzly 14 _\Baby_1405_1_three.mp4;C:\Users\esthe\Downloads\baby grizzly 14 _\Baby_1405_2_seven.mp4;C:\Users\esthe\Downloads\baby grizzly 14 _\Baby_1405_3_five.mp4;C:\Users\esthe\Downloads\baby grizzly 14 _\Baby_1405_4_five.mp4;C:\Users\esthe\Downloads\baby grizzly 14 _\Baby_1405_5_seven.mp4;C:\Users\esthe\Downloads\baby grizzly 14 _\Baby_1405_6_seven.mp4;C:\Users\esthe\Downloads\baby grizzly 14 _\Baby_1405_7_seven.mp4;C:\Users\esthe\Downloads\baby grizzly 14 _\Baby_1405_8_two.mp4;C:\Users\esthe\Downloads\baby grizzly 14 _\Baby_1405_9_one.mp4,0.0,9.701;4.433;4.267;7.729;13.965;9.531;5.627;5.099;5.562;15.965;11.869;5.499;17.418;8.460;17.460;17.963;11.965,30.000;30.000;30.000;30.000;30.000;30.000;30.000;30.000;30.000;30.000;30.000;30.000;24.000;24.000;24.000;30.000;30.000,Baby_grizzly,grabbing peanut,,,POINT,26.127,C:\Users\esthe\Downloads\baby grizzly 14 _\Baby_1405_13_five.mp4,0,NA,
Baby_1405,2025-06-24 11:48:28.904,,172.403,Media file(s),player #1:C:\Users\esthe\Downloads\baby grizzly 14 _\Baby_1405_10_seven.mp4;C:\Users\esthe\Downloads\baby grizzly 14 _\Baby_1405_11_three.mp4;C:\Users\esthe\Downloads\baby grizzly 14 _\Baby_1405_12_three.mp4;C:\Users\esthe\Downloads\baby grizzly 14 _\Baby_1405_13_five.mp4;C:\Users\esthe\Downloads\baby grizzly 14 _\Baby_1405_14_two.mp4;C:\Users\esthe\Downloads\baby grizzly 14 _\Baby_1405_15_onehalf.mp4;C:\Users\esthe\Downloads\baby grizzly 14 _\Baby_1405_16_seven.mp4;C:\Users\esthe\Downloads\baby grizzly 14 _\Baby_1405_17_seven.mp4;C:\Users\esthe\Downloads\baby grizzly 14 _\Baby_1405_1_three.mp4;C:\Users\esthe\Downloads\baby grizzly 14 _\Baby_1405_2_seven.mp4;C:\Users\esthe\Downloads\baby grizzly 14 _\Baby_1405_3_five.mp4;C:\Users\esthe\Downloads\baby grizzly 14 _\Baby_1405_4_five.mp4;C:\Users\esthe\Downloads\baby grizzly 14 _\Baby_1405_5_seven.mp4;C:\Users\esthe\Downloads\baby grizzly 14 _\Baby_1405_6_seven.mp4;C:\Users\esthe\Downloads\baby grizzly 14 _\Baby_1405_7_seven.mp4;C:\Users\esthe\Downloads\baby grizzly 14 _\Baby_1405_8_two.mp4;C:\Users\esthe\Downloads\baby grizzly 14 _\Baby_1405_9_one.mp4,0.0,9.701;4.433;4.267;7.729;13.965;9.531;5.627;5.099;5.562;15.965;11.869;5.499;17.418;8.460;17.460;17.963;11.965,30.000;30.000;30.000;30.000;30.000;30.000;30.000;30.000;30.000;30.000;30.000;30.000;24.000;24.000;24.000;30.000;30.000,Baby_grizzly,lifting,,,START,26.227,C:\Users\esthe\Downloads\baby grizzly 14 _\Baby_1405_14_two.mp4,3,NA,
Baby_1405,2025-06-24 11:48:28.904,,172.403,Media file(s),player #1:C:\Users\esthe\Downloads\baby grizzly 14 _\Baby_1405_10_seven.mp4;C:\Users\esthe\Downloads\baby grizzly 14 _\Baby_1405_11_three.mp4;C:\Users\esthe\Downloads\baby grizzly 14 _\Baby_1405_12_three.mp4;C:\Users\esthe\Downloads\baby grizzly 14 _\Baby_1405_13_five.mp4;C:\Users\esthe\Downloads\baby grizzly 14 _\Baby_1405_14_two.mp4;C:\Users\esthe\Downloads\baby grizzly 14 _\Baby_1405_15_onehalf.mp4;C:\Users\esthe\Downloads\baby grizzly 14 _\Baby_1405_16_seven.mp4;C:\Users\esthe\Downloads\baby grizzly 14 _\Baby_1405_17_seven.mp4;C:\Users\esthe\Downloads\baby grizzly 14 _\Baby_1405_1_three.mp4;C:\Users\esthe\Downloads\baby grizzly 14 _\Baby_1405_2_seven.mp4;C:\Users\esthe\Downloads\baby grizzly 14 _\Baby_1405_3_five.mp4;C:\Users\esthe\Downloads\baby grizzly 14 _\Baby_1405_4_five.mp4;C:\Users\esthe\Downloads\baby grizzly 14 _\Baby_1405_5_seven.mp4;C:\Users\esthe\Downloads\baby grizzly 14 _\Baby_1405_6_seven.mp4;C:\Users\esthe\Downloads\baby grizzly 14 _\Baby_1405_7_seven.mp4;C:\Users\esthe\Downloads\baby grizzly 14 _\Baby_1405_8_two.mp4;C:\Users\esthe\Downloads\baby grizzly 14 _\Baby_1405_9_one.mp4,0.0,9.701;4.433;4.267;7.729;13.965;9.531;5.627;5.099;5.562;15.965;11.869;5.499;17.418;8.460;17.460;17.963;11.965,30.000;30.000;30.000;30.000;30.000;30.000;30.000;30.000;30.000;30.000;30.000;30.000;24.000;24.000;24.000;30.000;30.000,Baby_grizzly,lifting,,,STOP,26.727,C:\Users\esthe\Downloads\baby grizzly 14 _\Baby_1405_14_two.mp4,18,NA,
Baby_1405,2025-06-24 11:48:28.904,,172.403,Media file(s),player #1:C:\Users\esthe\Downloads\baby grizzly 14 _\Baby_1405_10_seven.mp4;C:\Users\esthe\Downloads\baby grizzly 14 _\Baby_1405_11_three.mp4;C:\Users\esthe\Downloads\baby grizzly 14 _\Baby_1405_12_three.mp4;C:\Users\esthe\Downloads\baby grizzly 14 _\Baby_1405_13_five.mp4;C:\Users\esthe\Downloads\baby grizzly 14 _\Baby_1405_14_two.mp4;C:\Users\esthe\Downloads\baby grizzly 14 _\Baby_1405_15_onehalf.mp4;C:\Users\esthe\Downloads\baby grizzly 14 _\Baby_1405_16_seven.mp4;C:\Users\esthe\Downloads\baby grizzly 14 _\Baby_1405_17_seven.mp4;C:\Users\esthe\Downloads\baby grizzly 14 _\Baby_1405_1_three.mp4;C:\Users\esthe\Downloads\baby grizzly 14 _\Baby_1405_2_seven.mp4;C:\Users\esthe\Downloads\baby grizzly 14 _\Baby_1405_3_five.mp4;C:\Users\esthe\Downloads\baby grizzly 14 _\Baby_1405_4_five.mp4;C:\Users\esthe\Downloads\baby grizzly 14 _\Baby_1405_5_seven.mp4;C:\Users\esthe\Downloads\baby grizzly 14 _\Baby_1405_6_seven.mp4;C:\Users\esthe\Downloads\baby grizzly 14 _\Baby_1405_7_seven.mp4;C:\Users\esthe\Downloads\baby grizzly 14 _\Baby_1405_8_two.mp4;C:\Users\esthe\Downloads\baby grizzly 14 _\Baby_1405_9_one.mp4,0.0,9.701;4.433;4.267;7.729;13.965;9.531;5.627;5.099;5.562;15.965;11.869;5.499;17.418;8.460;17.460;17.963;11.965,30.000;30.000;30.000;30.000;30.000;30.000;30.000;30.000;30.000;30.000;30.000;30.000;24.000;24.000;24.000;30.000;30.000,Baby_grizzly,assessing,,,START,26.860,C:\Users\esthe\Downloads\baby grizzly 14 _\Baby_1405_14_two.mp4,22,NA,
Baby_1405,2025-06-24 11:48:28.904,,172.403,Media file(s),player #1:C:\Users\esthe\Downloads\baby grizzly 14 _\Baby_1405_10_seven.mp4;C:\Users\esthe\Downloads\baby grizzly 14 _\Baby_1405_11_three.mp4;C:\Users\esthe\Downloads\baby grizzly 14 _\Baby_1405_12_three.mp4;C:\Users\esthe\Downloads\baby grizzly 14 _\Baby_1405_13_five.mp4;C:\Users\esthe\Downloads\baby grizzly 14 _\Baby_1405_14_two.mp4;C:\Users\esthe\Downloads\baby grizzly 14 _\Baby_1405_15_onehalf.mp4;C:\Users\esthe\Downloads\baby grizzly 14 _\Baby_1405_16_seven.mp4;C:\Users\esthe\Downloads\baby grizzly 14 _\Baby_1405_17_seven.mp4;C:\Users\esthe\Downloads\baby grizzly 14 _\Baby_1405_1_three.mp4;C:\Users\esthe\Downloads\baby grizzly 14 _\Baby_1405_2_seven.mp4;C:\Users\esthe\Downloads\baby grizzly 14 _\Baby_1405_3_five.mp4;C:\Users\esthe\Downloads\baby grizzly 14 _\Baby_1405_4_five.mp4;C:\Users\esthe\Downloads\baby grizzly 14 _\Baby_1405_5_seven.mp4;C:\Users\esthe\Downloads\baby grizzly 14 _\Baby_1405_6_seven.mp4;C:\Users\esthe\Downloads\baby grizzly 14 _\Baby_1405_7_seven.mp4;C:\Users\esthe\Downloads\baby grizzly 14 _\Baby_1405_8_two.mp4;C:\Users\esthe\Downloads\baby grizzly 14 _\Baby_1405_9_one.mp4,0.0,9.701;4.433;4.267;7.729;13.965;9.531;5.627;5.099;5.562;15.965;11.869;5.499;17.418;8.460;17.460;17.963;11.965,30.000;30.000;30.000;30.000;30.000;30.000;30.000;30.000;30.000;30.000;30.000;30.000;24.000;24.000;24.000;30.000;30.000,Baby_grizzly,jaw movement,,,POINT,26.960,C:\Users\esthe\Downloads\baby grizzly 14 _\Baby_1405_14_two.mp4,25,NA,
Baby_1405,2025-06-24 11:48:28.904,,172.403,Media file(s),player #1:C:\Users\esthe\Downloads\baby grizzly 14 _\Baby_1405_10_seven.mp4;C:\Users\esthe\Downloads\baby grizzly 14 _\Baby_1405_11_three.mp4;C:\Users\esthe\Downloads\baby grizzly 14 _\Baby_1405_12_three.mp4;C:\Users\esthe\Downloads\baby grizzly 14 _\Baby_1405_13_five.mp4;C:\Users\esthe\Downloads\baby grizzly 14 _\Baby_1405_14_two.mp4;C:\Users\esthe\Downloads\baby grizzly 14 _\Baby_1405_15_onehalf.mp4;C:\Users\esthe\Downloads\baby grizzly 14 _\Baby_1405_16_seven.mp4;C:\Users\esthe\Downloads\baby grizzly 14 _\Baby_1405_17_seven.mp4;C:\Users\esthe\Downloads\baby grizzly 14 _\Baby_1405_1_three.mp4;C:\Users\esthe\Downloads\baby grizzly 14 _\Baby_1405_2_seven.mp4;C:\Users\esthe\Downloads\baby grizzly 14 _\Baby_1405_3_five.mp4;C:\Users\esthe\Downloads\baby grizzly 14 _\Baby_1405_4_five.mp4;C:\Users\esthe\Downloads\baby grizzly 14 _\Baby_1405_5_seven.mp4;C:\Users\esthe\Downloads\baby grizzly 14 _\Baby_1405_6_seven.mp4;C:\Users\esthe\Downloads\baby grizzly 14 _\Baby_1405_7_seven.mp4;C:\Users\esthe\Downloads\baby grizzly 14 _\Baby_1405_8_two.mp4;C:\Users\esthe\Downloads\baby grizzly 14 _\Baby_1405_9_one.mp4,0.0,9.701;4.433;4.267;7.729;13.965;9.531;5.627;5.099;5.562;15.965;11.869;5.499;17.418;8.460;17.460;17.963;11.965,30.000;30.000;30.000;30.000;30.000;30.000;30.000;30.000;30.000;30.000;30.000;30.000;24.000;24.000;24.000;30.000;30.000,Baby_grizzly,sniffing,,,POINT,27.460,C:\Users\esthe\Downloads\baby grizzly 14 _\Baby_1405_14_two.mp4,40,NA,
Baby_1405,2025-06-24 11:48:28.904,,172.403,Media file(s),player #1:C:\Users\esthe\Downloads\baby grizzly 14 _\Baby_1405_10_seven.mp4;C:\Users\esthe\Downloads\baby grizzly 14 _\Baby_1405_11_three.mp4;C:\Users\esthe\Downloads\baby grizzly 14 _\Baby_1405_12_three.mp4;C:\Users\esthe\Downloads\baby grizzly 14 _\Baby_1405_13_five.mp4;C:\Users\esthe\Downloads\baby grizzly 14 _\Baby_1405_14_two.mp4;C:\Users\esthe\Downloads\baby grizzly 14 _\Baby_1405_15_onehalf.mp4;C:\Users\esthe\Downloads\baby grizzly 14 _\Baby_1405_16_seven.mp4;C:\Users\esthe\Downloads\baby grizzly 14 _\Baby_1405_17_seven.mp4;C:\Users\esthe\Downloads\baby grizzly 14 _\Baby_1405_1_three.mp4;C:\Users\esthe\Downloads\baby grizzly 14 _\Baby_1405_2_seven.mp4;C:\Users\esthe\Downloads\baby grizzly 14 _\Baby_1405_3_five.mp4;C:\Users\esthe\Downloads\baby grizzly 14 _\Baby_1405_4_five.mp4;C:\Users\esthe\Downloads\baby grizzly 14 _\Baby_1405_5_seven.mp4;C:\Users\esthe\Downloads\baby grizzly 14 _\Baby_1405_6_seven.mp4;C:\Users\esthe\Downloads\baby grizzly 14 _\Baby_1405_7_seven.mp4;C:\Users\esthe\Downloads\baby grizzly 14 _\Baby_1405_8_two.mp4;C:\Users\esthe\Downloads\baby grizzly 14 _\Baby_1405_9_one.mp4,0.0,9.701;4.433;4.267;7.729;13.965;9.531;5.627;5.099;5.562;15.965;11.869;5.499;17.418;8.460;17.460;17.963;11.965,30.000;30.000;30.000;30.000;30.000;30.000;30.000;30.000;30.000;30.000;30.000;30.000;24.000;24.000;24.000;30.000;30.000,Baby_grizzly,rotation,,Horizontal,START,27.627,C:\Users\esthe\Downloads\baby grizzly 14 _\Baby_1405_14_two.mp4,45,NA,
Baby_1405,2025-06-24 11:48:28.904,,172.403,Media file(s),player #1:C:\Users\esthe\Downloads\baby grizzly 14 _\Baby_1405_10_seven.mp4;C:\Users\esthe\Downloads\baby grizzly 14 _\Baby_1405_11_three.mp4;C:\Users\esthe\Downloads\baby grizzly 14 _\Baby_1405_12_three.mp4;C:\Users\esthe\Downloads\baby grizzly 14 _\Baby_1405_13_five.mp4;C:\Users\esthe\Downloads\baby grizzly 14 _\Baby_1405_14_two.mp4;C:\Users\esthe\Downloads\baby grizzly 14 _\Baby_1405_15_onehalf.mp4;C:\Users\esthe\Downloads\baby grizzly 14 _\Baby_1405_16_seven.mp4;C:\Users\esthe\Downloads\baby grizzly 14 _\Baby_1405_17_seven.mp4;C:\Users\esthe\Downloads\baby grizzly 14 _\Baby_1405_1_three.mp4;C:\Users\esthe\Downloads\baby grizzly 14 _\Baby_1405_2_seven.mp4;C:\Users\esthe\Downloads\baby grizzly 14 _\Baby_1405_3_five.mp4;C:\Users\esthe\Downloads\baby grizzly 14 _\Baby_1405_4_five.mp4;C:\Users\esthe\Downloads\baby grizzly 14 _\Baby_1405_5_seven.mp4;C:\Users\esthe\Downloads\baby grizzly 14 _\Baby_1405_6_seven.mp4;C:\Users\esthe\Downloads\baby grizzly 14 _\Baby_1405_7_seven.mp4;C:\Users\esthe\Downloads\baby grizzly 14 _\Baby_1405_8_two.mp4;C:\Users\esthe\Downloads\baby grizzly 14 _\Baby_1405_9_one.mp4,0.0,9.701;4.433;4.267;7.729;13.965;9.531;5.627;5.099;5.562;15.965;11.869;5.499;17.418;8.460;17.460;17.963;11.965,30.000;30.000;30.000;30.000;30.000;30.000;30.000;30.000;30.000;30.000;30.000;30.000;24.000;24.000;24.000;30.000;30.000,Baby_grizzly,teeth-hole contact,,,POINT,27.760,C:\Users\esthe\Downloads\baby grizzly 14 _\Baby_1405_14_two.mp4,49,NA,
Baby_1405,2025-06-24 11:48:28.904,,172.403,Media file(s),player #1:C:\Users\esthe\Downloads\baby grizzly 14 _\Baby_1405_10_seven.mp4;C:\Users\esthe\Downloads\baby grizzly 14 _\Baby_1405_11_three.mp4;C:\Users\esthe\Downloads\baby grizzly 14 _\Baby_1405_12_three.mp4;C:\Users\esthe\Downloads\baby grizzly 14 _\Baby_1405_13_five.mp4;C:\Users\esthe\Downloads\baby grizzly 14 _\Baby_1405_14_two.mp4;C:\Users\esthe\Downloads\baby grizzly 14 _\Baby_1405_15_onehalf.mp4;C:\Users\esthe\Downloads\baby grizzly 14 _\Baby_1405_16_seven.mp4;C:\Users\esthe\Downloads\baby grizzly 14 _\Baby_1405_17_seven.mp4;C:\Users\esthe\Downloads\baby grizzly 14 _\Baby_1405_1_three.mp4;C:\Users\esthe\Downloads\baby grizzly 14 _\Baby_1405_2_seven.mp4;C:\Users\esthe\Downloads\baby grizzly 14 _\Baby_1405_3_five.mp4;C:\Users\esthe\Downloads\baby grizzly 14 _\Baby_1405_4_five.mp4;C:\Users\esthe\Downloads\baby grizzly 14 _\Baby_1405_5_seven.mp4;C:\Users\esthe\Downloads\baby grizzly 14 _\Baby_1405_6_seven.mp4;C:\Users\esthe\Downloads\baby grizzly 14 _\Baby_1405_7_seven.mp4;C:\Users\esthe\Downloads\baby grizzly 14 _\Baby_1405_8_two.mp4;C:\Users\esthe\Downloads\baby grizzly 14 _\Baby_1405_9_one.mp4,0.0,9.701;4.433;4.267;7.729;13.965;9.531;5.627;5.099;5.562;15.965;11.869;5.499;17.418;8.460;17.460;17.963;11.965,30.000;30.000;30.000;30.000;30.000;30.000;30.000;30.000;30.000;30.000;30.000;30.000;24.000;24.000;24.000;30.000;30.000,Baby_grizzly,teeth-hole contact,,,POINT,28.393,C:\Users\esthe\Downloads\baby grizzly 14 _\Baby_1405_14_two.mp4,68,NA,
Baby_1405,2025-06-24 11:48:28.904,,172.403,Media file(s),player #1:C:\Users\esthe\Downloads\baby grizzly 14 _\Baby_1405_10_seven.mp4;C:\Users\esthe\Downloads\baby grizzly 14 _\Baby_1405_11_three.mp4;C:\Users\esthe\Downloads\baby grizzly 14 _\Baby_1405_12_three.mp4;C:\Users\esthe\Downloads\baby grizzly 14 _\Baby_1405_13_five.mp4;C:\Users\esthe\Downloads\baby grizzly 14 _\Baby_1405_14_two.mp4;C:\Users\esthe\Downloads\baby grizzly 14 _\Baby_1405_15_onehalf.mp4;C:\Users\esthe\Downloads\baby grizzly 14 _\Baby_1405_16_seven.mp4;C:\Users\esthe\Downloads\baby grizzly 14 _\Baby_1405_17_seven.mp4;C:\Users\esthe\Downloads\baby grizzly 14 _\Baby_1405_1_three.mp4;C:\Users\esthe\Downloads\baby grizzly 14 _\Baby_1405_2_seven.mp4;C:\Users\esthe\Downloads\baby grizzly 14 _\Baby_1405_3_five.mp4;C:\Users\esthe\Downloads\baby grizzly 14 _\Baby_1405_4_five.mp4;C:\Users\esthe\Downloads\baby grizzly 14 _\Baby_1405_5_seven.mp4;C:\Users\esthe\Downloads\baby grizzly 14 _\Baby_1405_6_seven.mp4;C:\Users\esthe\Downloads\baby grizzly 14 _\Baby_1405_7_seven.mp4;C:\Users\esthe\Downloads\baby grizzly 14 _\Baby_1405_8_two.mp4;C:\Users\esthe\Downloads\baby grizzly 14 _\Baby_1405_9_one.mp4,0.0,9.701;4.433;4.267;7.729;13.965;9.531;5.627;5.099;5.562;15.965;11.869;5.499;17.418;8.460;17.460;17.963;11.965,30.000;30.000;30.000;30.000;30.000;30.000;30.000;30.000;30.000;30.000;30.000;30.000;24.000;24.000;24.000;30.000;30.000,Baby_grizzly,jaw movement,,,POINT,28.660,C:\Users\esthe\Downloads\baby grizzly 14 _\Baby_1405_14_two.mp4,76,NA,
Baby_1405,2025-06-24 11:48:28.904,,172.403,Media file(s),player #1:C:\Users\esthe\Downloads\baby grizzly 14 _\Baby_1405_10_seven.mp4;C:\Users\esthe\Downloads\baby grizzly 14 _\Baby_1405_11_three.mp4;C:\Users\esthe\Downloads\baby grizzly 14 _\Baby_1405_12_three.mp4;C:\Users\esthe\Downloads\baby grizzly 14 _\Baby_1405_13_five.mp4;C:\Users\esthe\Downloads\baby grizzly 14 _\Baby_1405_14_two.mp4;C:\Users\esthe\Downloads\baby grizzly 14 _\Baby_1405_15_onehalf.mp4;C:\Users\esthe\Downloads\baby grizzly 14 _\Baby_1405_16_seven.mp4;C:\Users\esthe\Downloads\baby grizzly 14 _\Baby_1405_17_seven.mp4;C:\Users\esthe\Downloads\baby grizzly 14 _\Baby_1405_1_three.mp4;C:\Users\esthe\Downloads\baby grizzly 14 _\Baby_1405_2_seven.mp4;C:\Users\esthe\Downloads\baby grizzly 14 _\Baby_1405_3_five.mp4;C:\Users\esthe\Downloads\baby grizzly 14 _\Baby_1405_4_five.mp4;C:\Users\esthe\Downloads\baby grizzly 14 _\Baby_1405_5_seven.mp4;C:\Users\esthe\Downloads\baby grizzly 14 _\Baby_1405_6_seven.mp4;C:\Users\esthe\Downloads\baby grizzly 14 _\Baby_1405_7_seven.mp4;C:\Users\esthe\Downloads\baby grizzly 14 _\Baby_1405_8_two.mp4;C:\Users\esthe\Downloads\baby grizzly 14 _\Baby_1405_9_one.mp4,0.0,9.701;4.433;4.267;7.729;13.965;9.531;5.627;5.099;5.562;15.965;11.869;5.499;17.418;8.460;17.460;17.963;11.965,30.000;30.000;30.000;30.000;30.000;30.000;30.000;30.000;30.000;30.000;30.000;30.000;24.000;24.000;24.000;30.000;30.000,Baby_grizzly,rotation,,Horizontal,STOP,28.693,C:\Users\esthe\Downloads\baby grizzly 14 _\Baby_1405_14_two.mp4,77,NA,
Baby_1405,2025-06-24 11:48:28.904,,172.403,Media file(s),player #1:C:\Users\esthe\Downloads\baby grizzly 14 _\Baby_1405_10_seven.mp4;C:\Users\esthe\Downloads\baby grizzly 14 _\Baby_1405_11_three.mp4;C:\Users\esthe\Downloads\baby grizzly 14 _\Baby_1405_12_three.mp4;C:\Users\esthe\Downloads\baby grizzly 14 _\Baby_1405_13_five.mp4;C:\Users\esthe\Downloads\baby grizzly 14 _\Baby_1405_14_two.mp4;C:\Users\esthe\Downloads\baby grizzly 14 _\Baby_1405_15_onehalf.mp4;C:\Users\esthe\Downloads\baby grizzly 14 _\Baby_1405_16_seven.mp4;C:\Users\esthe\Downloads\baby grizzly 14 _\Baby_1405_17_seven.mp4;C:\Users\esthe\Downloads\baby grizzly 14 _\Baby_1405_1_three.mp4;C:\Users\esthe\Downloads\baby grizzly 14 _\Baby_1405_2_seven.mp4;C:\Users\esthe\Downloads\baby grizzly 14 _\Baby_1405_3_five.mp4;C:\Users\esthe\Downloads\baby grizzly 14 _\Baby_1405_4_five.mp4;C:\Users\esthe\Downloads\baby grizzly 14 _\Baby_1405_5_seven.mp4;C:\Users\esthe\Downloads\baby grizzly 14 _\Baby_1405_6_seven.mp4;C:\Users\esthe\Downloads\baby grizzly 14 _\Baby_1405_7_seven.mp4;C:\Users\esthe\Downloads\baby grizzly 14 _\Baby_1405_8_two.mp4;C:\Users\esthe\Downloads\baby grizzly 14 _\Baby_1405_9_one.mp4,0.0,9.701;4.433;4.267;7.729;13.965;9.531;5.627;5.099;5.562;15.965;11.869;5.499;17.418;8.460;17.460;17.963;11.965,30.000;30.000;30.000;30.000;30.000;30.000;30.000;30.000;30.000;30.000;30.000;30.000;24.000;24.000;24.000;30.000;30.000,Baby_grizzly,mouth,,,POINT,28.793,C:\Users\esthe\Downloads\baby grizzly 14 _\Baby_1405_14_two.mp4,80,NA,
Baby_1405,2025-06-24 11:48:28.904,,172.403,Media file(s),player #1:C:\Users\esthe\Downloads\baby grizzly 14 _\Baby_1405_10_seven.mp4;C:\Users\esthe\Downloads\baby grizzly 14 _\Baby_1405_11_three.mp4;C:\Users\esthe\Downloads\baby grizzly 14 _\Baby_1405_12_three.mp4;C:\Users\esthe\Downloads\baby grizzly 14 _\Baby_1405_13_five.mp4;C:\Users\esthe\Downloads\baby grizzly 14 _\Baby_1405_14_two.mp4;C:\Users\esthe\Downloads\baby grizzly 14 _\Baby_1405_15_onehalf.mp4;C:\Users\esthe\Downloads\baby grizzly 14 _\Baby_1405_16_seven.mp4;C:\Users\esthe\Downloads\baby grizzly 14 _\Baby_1405_17_seven.mp4;C:\Users\esthe\Downloads\baby grizzly 14 _\Baby_1405_1_three.mp4;C:\Users\esthe\Downloads\baby grizzly 14 _\Baby_1405_2_seven.mp4;C:\Users\esthe\Downloads\baby grizzly 14 _\Baby_1405_3_five.mp4;C:\Users\esthe\Downloads\baby grizzly 14 _\Baby_1405_4_five.mp4;C:\Users\esthe\Downloads\baby grizzly 14 _\Baby_1405_5_seven.mp4;C:\Users\esthe\Downloads\baby grizzly 14 _\Baby_1405_6_seven.mp4;C:\Users\esthe\Downloads\baby grizzly 14 _\Baby_1405_7_seven.mp4;C:\Users\esthe\Downloads\baby grizzly 14 _\Baby_1405_8_two.mp4;C:\Users\esthe\Downloads\baby grizzly 14 _\Baby_1405_9_one.mp4,0.0,9.701;4.433;4.267;7.729;13.965;9.531;5.627;5.099;5.562;15.965;11.869;5.499;17.418;8.460;17.460;17.963;11.965,30.000;30.000;30.000;30.000;30.000;30.000;30.000;30.000;30.000;30.000;30.000;30.000;24.000;24.000;24.000;30.000;30.000,Baby_grizzly,assessing,,,STOP,28.860,C:\Users\esthe\Downloads\baby grizzly 14 _\Baby_1405_14_two.mp4,82,NA,
Baby_1405,2025-06-24 11:48:28.904,,172.403,Media file(s),player #1:C:\Users\esthe\Downloads\baby grizzly 14 _\Baby_1405_10_seven.mp4;C:\Users\esthe\Downloads\baby grizzly 14 _\Baby_1405_11_three.mp4;C:\Users\esthe\Downloads\baby grizzly 14 _\Baby_1405_12_three.mp4;C:\Users\esthe\Downloads\baby grizzly 14 _\Baby_1405_13_five.mp4;C:\Users\esthe\Downloads\baby grizzly 14 _\Baby_1405_14_two.mp4;C:\Users\esthe\Downloads\baby grizzly 14 _\Baby_1405_15_onehalf.mp4;C:\Users\esthe\Downloads\baby grizzly 14 _\Baby_1405_16_seven.mp4;C:\Users\esthe\Downloads\baby grizzly 14 _\Baby_1405_17_seven.mp4;C:\Users\esthe\Downloads\baby grizzly 14 _\Baby_1405_1_three.mp4;C:\Users\esthe\Downloads\baby grizzly 14 _\Baby_1405_2_seven.mp4;C:\Users\esthe\Downloads\baby grizzly 14 _\Baby_1405_3_five.mp4;C:\Users\esthe\Downloads\baby grizzly 14 _\Baby_1405_4_five.mp4;C:\Users\esthe\Downloads\baby grizzly 14 _\Baby_1405_5_seven.mp4;C:\Users\esthe\Downloads\baby grizzly 14 _\Baby_1405_6_seven.mp4;C:\Users\esthe\Downloads\baby grizzly 14 _\Baby_1405_7_seven.mp4;C:\Users\esthe\Downloads\baby grizzly 14 _\Baby_1405_8_two.mp4;C:\Users\esthe\Downloads\baby grizzly 14 _\Baby_1405_9_one.mp4,0.0,9.701;4.433;4.267;7.729;13.965;9.531;5.627;5.099;5.562;15.965;11.869;5.499;17.418;8.460;17.460;17.963;11.965,30.000;30.000;30.000;30.000;30.000;30.000;30.000;30.000;30.000;30.000;30.000;30.000;24.000;24.000;24.000;30.000;30.000,Baby_grizzly,target,,,START,29.160,C:\Users\esthe\Downloads\baby grizzly 14 _\Baby_1405_14_two.mp4,91,NA,
Baby_1405,2025-06-24 11:48:28.904,,172.403,Media file(s),player #1:C:\Users\esthe\Downloads\baby grizzly 14 _\Baby_1405_10_seven.mp4;C:\Users\esthe\Downloads\baby grizzly 14 _\Baby_1405_11_three.mp4;C:\Users\esthe\Downloads\baby grizzly 14 _\Baby_1405_12_three.mp4;C:\Users\esthe\Downloads\baby grizzly 14 _\Baby_1405_13_five.mp4;C:\Users\esthe\Downloads\baby grizzly 14 _\Baby_1405_14_two.mp4;C:\Users\esthe\Downloads\baby grizzly 14 _\Baby_1405_15_onehalf.mp4;C:\Users\esthe\Downloads\baby grizzly 14 _\Baby_1405_16_seven.mp4;C:\Users\esthe\Downloads\baby grizzly 14 _\Baby_1405_17_seven.mp4;C:\Users\esthe\Downloads\baby grizzly 14 _\Baby_1405_1_three.mp4;C:\Users\esthe\Downloads\baby grizzly 14 _\Baby_1405_2_seven.mp4;C:\Users\esthe\Downloads\baby grizzly 14 _\Baby_1405_3_five.mp4;C:\Users\esthe\Downloads\baby grizzly 14 _\Baby_1405_4_five.mp4;C:\Users\esthe\Downloads\baby grizzly 14 _\Baby_1405_5_seven.mp4;C:\Users\esthe\Downloads\baby grizzly 14 _\Baby_1405_6_seven.mp4;C:\Users\esthe\Downloads\baby grizzly 14 _\Baby_1405_7_seven.mp4;C:\Users\esthe\Downloads\baby grizzly 14 _\Baby_1405_8_two.mp4;C:\Users\esthe\Downloads\baby grizzly 14 _\Baby_1405_9_one.mp4,0.0,9.701;4.433;4.267;7.729;13.965;9.531;5.627;5.099;5.562;15.965;11.869;5.499;17.418;8.460;17.460;17.963;11.965,30.000;30.000;30.000;30.000;30.000;30.000;30.000;30.000;30.000;30.000;30.000;30.000;24.000;24.000;24.000;30.000;30.000,Baby_grizzly,target,,,STOP,30.060,C:\Users\esthe\Downloads\baby grizzly 14 _\Baby_1405_14_two.mp4,118,NA,
Baby_1405,2025-06-24 11:48:28.904,,172.403,Media file(s),player #1:C:\Users\esthe\Downloads\baby grizzly 14 _\Baby_1405_10_seven.mp4;C:\Users\esthe\Downloads\baby grizzly 14 _\Baby_1405_11_three.mp4;C:\Users\esthe\Downloads\baby grizzly 14 _\Baby_1405_12_three.mp4;C:\Users\esthe\Downloads\baby grizzly 14 _\Baby_1405_13_five.mp4;C:\Users\esthe\Downloads\baby grizzly 14 _\Baby_1405_14_two.mp4;C:\Users\esthe\Downloads\baby grizzly 14 _\Baby_1405_15_onehalf.mp4;C:\Users\esthe\Downloads\baby grizzly 14 _\Baby_1405_16_seven.mp4;C:\Users\esthe\Downloads\baby grizzly 14 _\Baby_1405_17_seven.mp4;C:\Users\esthe\Downloads\baby grizzly 14 _\Baby_1405_1_three.mp4;C:\Users\esthe\Downloads\baby grizzly 14 _\Baby_1405_2_seven.mp4;C:\Users\esthe\Downloads\baby grizzly 14 _\Baby_1405_3_five.mp4;C:\Users\esthe\Downloads\baby grizzly 14 _\Baby_1405_4_five.mp4;C:\Users\esthe\Downloads\baby grizzly 14 _\Baby_1405_5_seven.mp4;C:\Users\esthe\Downloads\baby grizzly 14 _\Baby_1405_6_seven.mp4;C:\Users\esthe\Downloads\baby grizzly 14 _\Baby_1405_7_seven.mp4;C:\Users\esthe\Downloads\baby grizzly 14 _\Baby_1405_8_two.mp4;C:\Users\esthe\Downloads\baby grizzly 14 _\Baby_1405_9_one.mp4,0.0,9.701;4.433;4.267;7.729;13.965;9.531;5.627;5.099;5.562;15.965;11.869;5.499;17.418;8.460;17.460;17.963;11.965,30.000;30.000;30.000;30.000;30.000;30.000;30.000;30.000;30.000;30.000;30.000;30.000;24.000;24.000;24.000;30.000;30.000,Baby_grizzly,digging,,,START,30.160,C:\Users\esthe\Downloads\baby grizzly 14 _\Baby_1405_14_two.mp4,121,NA,
Baby_1405,2025-06-24 11:48:28.904,,172.403,Media file(s),player #1:C:\Users\esthe\Downloads\baby grizzly 14 _\Baby_1405_10_seven.mp4;C:\Users\esthe\Downloads\baby grizzly 14 _\Baby_1405_11_three.mp4;C:\Users\esthe\Downloads\baby grizzly 14 _\Baby_1405_12_three.mp4;C:\Users\esthe\Downloads\baby grizzly 14 _\Baby_1405_13_five.mp4;C:\Users\esthe\Downloads\baby grizzly 14 _\Baby_1405_14_two.mp4;C:\Users\esthe\Downloads\baby grizzly 14 _\Baby_1405_15_onehalf.mp4;C:\Users\esthe\Downloads\baby grizzly 14 _\Baby_1405_16_seven.mp4;C:\Users\esthe\Downloads\baby grizzly 14 _\Baby_1405_17_seven.mp4;C:\Users\esthe\Downloads\baby grizzly 14 _\Baby_1405_1_three.mp4;C:\Users\esthe\Downloads\baby grizzly 14 _\Baby_1405_2_seven.mp4;C:\Users\esthe\Downloads\baby grizzly 14 _\Baby_1405_3_five.mp4;C:\Users\esthe\Downloads\baby grizzly 14 _\Baby_1405_4_five.mp4;C:\Users\esthe\Downloads\baby grizzly 14 _\Baby_1405_5_seven.mp4;C:\Users\esthe\Downloads\baby grizzly 14 _\Baby_1405_6_seven.mp4;C:\Users\esthe\Downloads\baby grizzly 14 _\Baby_1405_7_seven.mp4;C:\Users\esthe\Downloads\baby grizzly 14 _\Baby_1405_8_two.mp4;C:\Users\esthe\Downloads\baby grizzly 14 _\Baby_1405_9_one.mp4,0.0,9.701;4.433;4.267;7.729;13.965;9.531;5.627;5.099;5.562;15.965;11.869;5.499;17.418;8.460;17.460;17.963;11.965,30.000;30.000;30.000;30.000;30.000;30.000;30.000;30.000;30.000;30.000;30.000;30.000;24.000;24.000;24.000;30.000;30.000,Baby_grizzly,digging,,,STOP,30.360,C:\Users\esthe\Downloads\baby grizzly 14 _\Baby_1405_14_two.mp4,127,NA,
Baby_1405,2025-06-24 11:48:28.904,,172.403,Media file(s),player #1:C:\Users\esthe\Downloads\baby grizzly 14 _\Baby_1405_10_seven.mp4;C:\Users\esthe\Downloads\baby grizzly 14 _\Baby_1405_11_three.mp4;C:\Users\esthe\Downloads\baby grizzly 14 _\Baby_1405_12_three.mp4;C:\Users\esthe\Downloads\baby grizzly 14 _\Baby_1405_13_five.mp4;C:\Users\esthe\Downloads\baby grizzly 14 _\Baby_1405_14_two.mp4;C:\Users\esthe\Downloads\baby grizzly 14 _\Baby_1405_15_onehalf.mp4;C:\Users\esthe\Downloads\baby grizzly 14 _\Baby_1405_16_seven.mp4;C:\Users\esthe\Downloads\baby grizzly 14 _\Baby_1405_17_seven.mp4;C:\Users\esthe\Downloads\baby grizzly 14 _\Baby_1405_1_three.mp4;C:\Users\esthe\Downloads\baby grizzly 14 _\Baby_1405_2_seven.mp4;C:\Users\esthe\Downloads\baby grizzly 14 _\Baby_1405_3_five.mp4;C:\Users\esthe\Downloads\baby grizzly 14 _\Baby_1405_4_five.mp4;C:\Users\esthe\Downloads\baby grizzly 14 _\Baby_1405_5_seven.mp4;C:\Users\esthe\Downloads\baby grizzly 14 _\Baby_1405_6_seven.mp4;C:\Users\esthe\Downloads\baby grizzly 14 _\Baby_1405_7_seven.mp4;C:\Users\esthe\Downloads\baby grizzly 14 _\Baby_1405_8_two.mp4;C:\Users\esthe\Downloads\baby grizzly 14 _\Baby_1405_9_one.mp4,0.0,9.701;4.433;4.267;7.729;13.965;9.531;5.627;5.099;5.562;15.965;11.869;5.499;17.418;8.460;17.460;17.963;11.965,30.000;30.000;30.000;30.000;30.000;30.000;30.000;30.000;30.000;30.000;30.000;30.000;24.000;24.000;24.000;30.000;30.000,Baby_grizzly,target,,,START,30.460,C:\Users\esthe\Downloads\baby grizzly 14 _\Baby_1405_14_two.mp4,130,NA,
Baby_1405,2025-06-24 11:48:28.904,,172.403,Media file(s),player #1:C:\Users\esthe\Downloads\baby grizzly 14 _\Baby_1405_10_seven.mp4;C:\Users\esthe\Downloads\baby grizzly 14 _\Baby_1405_11_three.mp4;C:\Users\esthe\Downloads\baby grizzly 14 _\Baby_1405_12_three.mp4;C:\Users\esthe\Downloads\baby grizzly 14 _\Baby_1405_13_five.mp4;C:\Users\esthe\Downloads\baby grizzly 14 _\Baby_1405_14_two.mp4;C:\Users\esthe\Downloads\baby grizzly 14 _\Baby_1405_15_onehalf.mp4;C:\Users\esthe\Downloads\baby grizzly 14 _\Baby_1405_16_seven.mp4;C:\Users\esthe\Downloads\baby grizzly 14 _\Baby_1405_17_seven.mp4;C:\Users\esthe\Downloads\baby grizzly 14 _\Baby_1405_1_three.mp4;C:\Users\esthe\Downloads\baby grizzly 14 _\Baby_1405_2_seven.mp4;C:\Users\esthe\Downloads\baby grizzly 14 _\Baby_1405_3_five.mp4;C:\Users\esthe\Downloads\baby grizzly 14 _\Baby_1405_4_five.mp4;C:\Users\esthe\Downloads\baby grizzly 14 _\Baby_1405_5_seven.mp4;C:\Users\esthe\Downloads\baby grizzly 14 _\Baby_1405_6_seven.mp4;C:\Users\esthe\Downloads\baby grizzly 14 _\Baby_1405_7_seven.mp4;C:\Users\esthe\Downloads\baby grizzly 14 _\Baby_1405_8_two.mp4;C:\Users\esthe\Downloads\baby grizzly 14 _\Baby_1405_9_one.mp4,0.0,9.701;4.433;4.267;7.729;13.965;9.531;5.627;5.099;5.562;15.965;11.869;5.499;17.418;8.460;17.460;17.963;11.965,30.000;30.000;30.000;30.000;30.000;30.000;30.000;30.000;30.000;30.000;30.000;30.000;24.000;24.000;24.000;30.000;30.000,Baby_grizzly,pause,,,START,31.926,C:\Users\esthe\Downloads\baby grizzly 14 _\Baby_1405_14_two.mp4,174,NA,
Baby_1405,2025-06-24 11:48:28.904,,172.403,Media file(s),player #1:C:\Users\esthe\Downloads\baby grizzly 14 _\Baby_1405_10_seven.mp4;C:\Users\esthe\Downloads\baby grizzly 14 _\Baby_1405_11_three.mp4;C:\Users\esthe\Downloads\baby grizzly 14 _\Baby_1405_12_three.mp4;C:\Users\esthe\Downloads\baby grizzly 14 _\Baby_1405_13_five.mp4;C:\Users\esthe\Downloads\baby grizzly 14 _\Baby_1405_14_two.mp4;C:\Users\esthe\Downloads\baby grizzly 14 _\Baby_1405_15_onehalf.mp4;C:\Users\esthe\Downloads\baby grizzly 14 _\Baby_1405_16_seven.mp4;C:\Users\esthe\Downloads\baby grizzly 14 _\Baby_1405_17_seven.mp4;C:\Users\esthe\Downloads\baby grizzly 14 _\Baby_1405_1_three.mp4;C:\Users\esthe\Downloads\baby grizzly 14 _\Baby_1405_2_seven.mp4;C:\Users\esthe\Downloads\baby grizzly 14 _\Baby_1405_3_five.mp4;C:\Users\esthe\Downloads\baby grizzly 14 _\Baby_1405_4_five.mp4;C:\Users\esthe\Downloads\baby grizzly 14 _\Baby_1405_5_seven.mp4;C:\Users\esthe\Downloads\baby grizzly 14 _\Baby_1405_6_seven.mp4;C:\Users\esthe\Downloads\baby grizzly 14 _\Baby_1405_7_seven.mp4;C:\Users\esthe\Downloads\baby grizzly 14 _\Baby_1405_8_two.mp4;C:\Users\esthe\Downloads\baby grizzly 14 _\Baby_1405_9_one.mp4,0.0,9.701;4.433;4.267;7.729;13.965;9.531;5.627;5.099;5.562;15.965;11.869;5.499;17.418;8.460;17.460;17.963;11.965,30.000;30.000;30.000;30.000;30.000;30.000;30.000;30.000;30.000;30.000;30.000;30.000;24.000;24.000;24.000;30.000;30.000,Baby_grizzly,pause,,,STOP,32.426,C:\Users\esthe\Downloads\baby grizzly 14 _\Baby_1405_14_two.mp4,189,NA,
Baby_1405,2025-06-24 11:48:28.904,,172.403,Media file(s),player #1:C:\Users\esthe\Downloads\baby grizzly 14 _\Baby_1405_10_seven.mp4;C:\Users\esthe\Downloads\baby grizzly 14 _\Baby_1405_11_three.mp4;C:\Users\esthe\Downloads\baby grizzly 14 _\Baby_1405_12_three.mp4;C:\Users\esthe\Downloads\baby grizzly 14 _\Baby_1405_13_five.mp4;C:\Users\esthe\Downloads\baby grizzly 14 _\Baby_1405_14_two.mp4;C:\Users\esthe\Downloads\baby grizzly 14 _\Baby_1405_15_onehalf.mp4;C:\Users\esthe\Downloads\baby grizzly 14 _\Baby_1405_16_seven.mp4;C:\Users\esthe\Downloads\baby grizzly 14 _\Baby_1405_17_seven.mp4;C:\Users\esthe\Downloads\baby grizzly 14 _\Baby_1405_1_three.mp4;C:\Users\esthe\Downloads\baby grizzly 14 _\Baby_1405_2_seven.mp4;C:\Users\esthe\Downloads\baby grizzly 14 _\Baby_1405_3_five.mp4;C:\Users\esthe\Downloads\baby grizzly 14 _\Baby_1405_4_five.mp4;C:\Users\esthe\Downloads\baby grizzly 14 _\Baby_1405_5_seven.mp4;C:\Users\esthe\Downloads\baby grizzly 14 _\Baby_1405_6_seven.mp4;C:\Users\esthe\Downloads\baby grizzly 14 _\Baby_1405_7_seven.mp4;C:\Users\esthe\Downloads\baby grizzly 14 _\Baby_1405_8_two.mp4;C:\Users\esthe\Downloads\baby grizzly 14 _\Baby_1405_9_one.mp4,0.0,9.701;4.433;4.267;7.729;13.965;9.531;5.627;5.099;5.562;15.965;11.869;5.499;17.418;8.460;17.460;17.963;11.965,30.000;30.000;30.000;30.000;30.000;30.000;30.000;30.000;30.000;30.000;30.000;30.000;24.000;24.000;24.000;30.000;30.000,Baby_grizzly,target,,,STOP,35.026,C:\Users\esthe\Downloads\baby grizzly 14 _\Baby_1405_14_two.mp4,267,NA,
Baby_1405,2025-06-24 11:48:28.904,,172.403,Media file(s),player #1:C:\Users\esthe\Downloads\baby grizzly 14 _\Baby_1405_10_seven.mp4;C:\Users\esthe\Downloads\baby grizzly 14 _\Baby_1405_11_three.mp4;C:\Users\esthe\Downloads\baby grizzly 14 _\Baby_1405_12_three.mp4;C:\Users\esthe\Downloads\baby grizzly 14 _\Baby_1405_13_five.mp4;C:\Users\esthe\Downloads\baby grizzly 14 _\Baby_1405_14_two.mp4;C:\Users\esthe\Downloads\baby grizzly 14 _\Baby_1405_15_onehalf.mp4;C:\Users\esthe\Downloads\baby grizzly 14 _\Baby_1405_16_seven.mp4;C:\Users\esthe\Downloads\baby grizzly 14 _\Baby_1405_17_seven.mp4;C:\Users\esthe\Downloads\baby grizzly 14 _\Baby_1405_1_three.mp4;C:\Users\esthe\Downloads\baby grizzly 14 _\Baby_1405_2_seven.mp4;C:\Users\esthe\Downloads\baby grizzly 14 _\Baby_1405_3_five.mp4;C:\Users\esthe\Downloads\baby grizzly 14 _\Baby_1405_4_five.mp4;C:\Users\esthe\Downloads\baby grizzly 14 _\Baby_1405_5_seven.mp4;C:\Users\esthe\Downloads\baby grizzly 14 _\Baby_1405_6_seven.mp4;C:\Users\esthe\Downloads\baby grizzly 14 _\Baby_1405_7_seven.mp4;C:\Users\esthe\Downloads\baby grizzly 14 _\Baby_1405_8_two.mp4;C:\Users\esthe\Downloads\baby grizzly 14 _\Baby_1405_9_one.mp4,0.0,9.701;4.433;4.267;7.729;13.965;9.531;5.627;5.099;5.562;15.965;11.869;5.499;17.418;8.460;17.460;17.963;11.965,30.000;30.000;30.000;30.000;30.000;30.000;30.000;30.000;30.000;30.000;30.000;30.000;24.000;24.000;24.000;30.000;30.000,Baby_grizzly,digging,,,START,35.126,C:\Users\esthe\Downloads\baby grizzly 14 _\Baby_1405_14_two.mp4,270,NA,
Baby_1405,2025-06-24 11:48:28.904,,172.403,Media file(s),player #1:C:\Users\esthe\Downloads\baby grizzly 14 _\Baby_1405_10_seven.mp4;C:\Users\esthe\Downloads\baby grizzly 14 _\Baby_1405_11_three.mp4;C:\Users\esthe\Downloads\baby grizzly 14 _\Baby_1405_12_three.mp4;C:\Users\esthe\Downloads\baby grizzly 14 _\Baby_1405_13_five.mp4;C:\Users\esthe\Downloads\baby grizzly 14 _\Baby_1405_14_two.mp4;C:\Users\esthe\Downloads\baby grizzly 14 _\Baby_1405_15_onehalf.mp4;C:\Users\esthe\Downloads\baby grizzly 14 _\Baby_1405_16_seven.mp4;C:\Users\esthe\Downloads\baby grizzly 14 _\Baby_1405_17_seven.mp4;C:\Users\esthe\Downloads\baby grizzly 14 _\Baby_1405_1_three.mp4;C:\Users\esthe\Downloads\baby grizzly 14 _\Baby_1405_2_seven.mp4;C:\Users\esthe\Downloads\baby grizzly 14 _\Baby_1405_3_five.mp4;C:\Users\esthe\Downloads\baby grizzly 14 _\Baby_1405_4_five.mp4;C:\Users\esthe\Downloads\baby grizzly 14 _\Baby_1405_5_seven.mp4;C:\Users\esthe\Downloads\baby grizzly 14 _\Baby_1405_6_seven.mp4;C:\Users\esthe\Downloads\baby grizzly 14 _\Baby_1405_7_seven.mp4;C:\Users\esthe\Downloads\baby grizzly 14 _\Baby_1405_8_two.mp4;C:\Users\esthe\Downloads\baby grizzly 14 _\Baby_1405_9_one.mp4,0.0,9.701;4.433;4.267;7.729;13.965;9.531;5.627;5.099;5.562;15.965;11.869;5.499;17.418;8.460;17.460;17.963;11.965,30.000;30.000;30.000;30.000;30.000;30.000;30.000;30.000;30.000;30.000;30.000;30.000;24.000;24.000;24.000;30.000;30.000,Baby_grizzly,digging,,,STOP,36.459,C:\Users\esthe\Downloads\baby grizzly 14 _\Baby_1405_14_two.mp4,310,NA,
Baby_1405,2025-06-24 11:48:28.904,,172.403,Media file(s),player #1:C:\Users\esthe\Downloads\baby grizzly 14 _\Baby_1405_10_seven.mp4;C:\Users\esthe\Downloads\baby grizzly 14 _\Baby_1405_11_three.mp4;C:\Users\esthe\Downloads\baby grizzly 14 _\Baby_1405_12_three.mp4;C:\Users\esthe\Downloads\baby grizzly 14 _\Baby_1405_13_five.mp4;C:\Users\esthe\Downloads\baby grizzly 14 _\Baby_1405_14_two.mp4;C:\Users\esthe\Downloads\baby grizzly 14 _\Baby_1405_15_onehalf.mp4;C:\Users\esthe\Downloads\baby grizzly 14 _\Baby_1405_16_seven.mp4;C:\Users\esthe\Downloads\baby grizzly 14 _\Baby_1405_17_seven.mp4;C:\Users\esthe\Downloads\baby grizzly 14 _\Baby_1405_1_three.mp4;C:\Users\esthe\Downloads\baby grizzly 14 _\Baby_1405_2_seven.mp4;C:\Users\esthe\Downloads\baby grizzly 14 _\Baby_1405_3_five.mp4;C:\Users\esthe\Downloads\baby grizzly 14 _\Baby_1405_4_five.mp4;C:\Users\esthe\Downloads\baby grizzly 14 _\Baby_1405_5_seven.mp4;C:\Users\esthe\Downloads\baby grizzly 14 _\Baby_1405_6_seven.mp4;C:\Users\esthe\Downloads\baby grizzly 14 _\Baby_1405_7_seven.mp4;C:\Users\esthe\Downloads\baby grizzly 14 _\Baby_1405_8_two.mp4;C:\Users\esthe\Downloads\baby grizzly 14 _\Baby_1405_9_one.mp4,0.0,9.701;4.433;4.267;7.729;13.965;9.531;5.627;5.099;5.562;15.965;11.869;5.499;17.418;8.460;17.460;17.963;11.965,30.000;30.000;30.000;30.000;30.000;30.000;30.000;30.000;30.000;30.000;30.000;30.000;24.000;24.000;24.000;30.000;30.000,Baby_grizzly,target,,,START,36.859,C:\Users\esthe\Downloads\baby grizzly 14 _\Baby_1405_14_two.mp4,322,NA,
Baby_1405,2025-06-24 11:48:28.904,,172.403,Media file(s),player #1:C:\Users\esthe\Downloads\baby grizzly 14 _\Baby_1405_10_seven.mp4;C:\Users\esthe\Downloads\baby grizzly 14 _\Baby_1405_11_three.mp4;C:\Users\esthe\Downloads\baby grizzly 14 _\Baby_1405_12_three.mp4;C:\Users\esthe\Downloads\baby grizzly 14 _\Baby_1405_13_five.mp4;C:\Users\esthe\Downloads\baby grizzly 14 _\Baby_1405_14_two.mp4;C:\Users\esthe\Downloads\baby grizzly 14 _\Baby_1405_15_onehalf.mp4;C:\Users\esthe\Downloads\baby grizzly 14 _\Baby_1405_16_seven.mp4;C:\Users\esthe\Downloads\baby grizzly 14 _\Baby_1405_17_seven.mp4;C:\Users\esthe\Downloads\baby grizzly 14 _\Baby_1405_1_three.mp4;C:\Users\esthe\Downloads\baby grizzly 14 _\Baby_1405_2_seven.mp4;C:\Users\esthe\Downloads\baby grizzly 14 _\Baby_1405_3_five.mp4;C:\Users\esthe\Downloads\baby grizzly 14 _\Baby_1405_4_five.mp4;C:\Users\esthe\Downloads\baby grizzly 14 _\Baby_1405_5_seven.mp4;C:\Users\esthe\Downloads\baby grizzly 14 _\Baby_1405_6_seven.mp4;C:\Users\esthe\Downloads\baby grizzly 14 _\Baby_1405_7_seven.mp4;C:\Users\esthe\Downloads\baby grizzly 14 _\Baby_1405_8_two.mp4;C:\Users\esthe\Downloads\baby grizzly 14 _\Baby_1405_9_one.mp4,0.0,9.701;4.433;4.267;7.729;13.965;9.531;5.627;5.099;5.562;15.965;11.869;5.499;17.418;8.460;17.460;17.963;11.965,30.000;30.000;30.000;30.000;30.000;30.000;30.000;30.000;30.000;30.000;30.000;30.000;24.000;24.000;24.000;30.000;30.000,Baby_grizzly,target,,,STOP,38.026,C:\Users\esthe\Downloads\baby grizzly 14 _\Baby_1405_14_two.mp4,357,NA,
Baby_1405,2025-06-24 11:48:28.904,,172.403,Media file(s),player #1:C:\Users\esthe\Downloads\baby grizzly 14 _\Baby_1405_10_seven.mp4;C:\Users\esthe\Downloads\baby grizzly 14 _\Baby_1405_11_three.mp4;C:\Users\esthe\Downloads\baby grizzly 14 _\Baby_1405_12_three.mp4;C:\Users\esthe\Downloads\baby grizzly 14 _\Baby_1405_13_five.mp4;C:\Users\esthe\Downloads\baby grizzly 14 _\Baby_1405_14_two.mp4;C:\Users\esthe\Downloads\baby grizzly 14 _\Baby_1405_15_onehalf.mp4;C:\Users\esthe\Downloads\baby grizzly 14 _\Baby_1405_16_seven.mp4;C:\Users\esthe\Downloads\baby grizzly 14 _\Baby_1405_17_seven.mp4;C:\Users\esthe\Downloads\baby grizzly 14 _\Baby_1405_1_three.mp4;C:\Users\esthe\Downloads\baby grizzly 14 _\Baby_1405_2_seven.mp4;C:\Users\esthe\Downloads\baby grizzly 14 _\Baby_1405_3_five.mp4;C:\Users\esthe\Downloads\baby grizzly 14 _\Baby_1405_4_five.mp4;C:\Users\esthe\Downloads\baby grizzly 14 _\Baby_1405_5_seven.mp4;C:\Users\esthe\Downloads\baby grizzly 14 _\Baby_1405_6_seven.mp4;C:\Users\esthe\Downloads\baby grizzly 14 _\Baby_1405_7_seven.mp4;C:\Users\esthe\Downloads\baby grizzly 14 _\Baby_1405_8_two.mp4;C:\Users\esthe\Downloads\baby grizzly 14 _\Baby_1405_9_one.mp4,0.0,9.701;4.433;4.267;7.729;13.965;9.531;5.627;5.099;5.562;15.965;11.869;5.499;17.418;8.460;17.460;17.963;11.965,30.000;30.000;30.000;30.000;30.000;30.000;30.000;30.000;30.000;30.000;30.000;30.000;24.000;24.000;24.000;30.000;30.000,Baby_grizzly,digging,,,START,38.192,C:\Users\esthe\Downloads\baby grizzly 14 _\Baby_1405_14_two.mp4,362,NA,
Baby_1405,2025-06-24 11:48:28.904,,172.403,Media file(s),player #1:C:\Users\esthe\Downloads\baby grizzly 14 _\Baby_1405_10_seven.mp4;C:\Users\esthe\Downloads\baby grizzly 14 _\Baby_1405_11_three.mp4;C:\Users\esthe\Downloads\baby grizzly 14 _\Baby_1405_12_three.mp4;C:\Users\esthe\Downloads\baby grizzly 14 _\Baby_1405_13_five.mp4;C:\Users\esthe\Downloads\baby grizzly 14 _\Baby_1405_14_two.mp4;C:\Users\esthe\Downloads\baby grizzly 14 _\Baby_1405_15_onehalf.mp4;C:\Users\esthe\Downloads\baby grizzly 14 _\Baby_1405_16_seven.mp4;C:\Users\esthe\Downloads\baby grizzly 14 _\Baby_1405_17_seven.mp4;C:\Users\esthe\Downloads\baby grizzly 14 _\Baby_1405_1_three.mp4;C:\Users\esthe\Downloads\baby grizzly 14 _\Baby_1405_2_seven.mp4;C:\Users\esthe\Downloads\baby grizzly 14 _\Baby_1405_3_five.mp4;C:\Users\esthe\Downloads\baby grizzly 14 _\Baby_1405_4_five.mp4;C:\Users\esthe\Downloads\baby grizzly 14 _\Baby_1405_5_seven.mp4;C:\Users\esthe\Downloads\baby grizzly 14 _\Baby_1405_6_seven.mp4;C:\Users\esthe\Downloads\baby grizzly 14 _\Baby_1405_7_seven.mp4;C:\Users\esthe\Downloads\baby grizzly 14 _\Baby_1405_8_two.mp4;C:\Users\esthe\Downloads\baby grizzly 14 _\Baby_1405_9_one.mp4,0.0,9.701;4.433;4.267;7.729;13.965;9.531;5.627;5.099;5.562;15.965;11.869;5.499;17.418;8.460;17.460;17.963;11.965,30.000;30.000;30.000;30.000;30.000;30.000;30.000;30.000;30.000;30.000;30.000;30.000;24.000;24.000;24.000;30.000;30.000,Baby_grizzly,digging,,,STOP,39.326,C:\Users\esthe\Downloads\baby grizzly 14 _\Baby_1405_14_two.mp4,396,NA,
Baby_1405,2025-06-24 11:48:28.904,,172.403,Media file(s),player #1:C:\Users\esthe\Downloads\baby grizzly 14 _\Baby_1405_10_seven.mp4;C:\Users\esthe\Downloads\baby grizzly 14 _\Baby_1405_11_three.mp4;C:\Users\esthe\Downloads\baby grizzly 14 _\Baby_1405_12_three.mp4;C:\Users\esthe\Downloads\baby grizzly 14 _\Baby_1405_13_five.mp4;C:\Users\esthe\Downloads\baby grizzly 14 _\Baby_1405_14_two.mp4;C:\Users\esthe\Downloads\baby grizzly 14 _\Baby_1405_15_onehalf.mp4;C:\Users\esthe\Downloads\baby grizzly 14 _\Baby_1405_16_seven.mp4;C:\Users\esthe\Downloads\baby grizzly 14 _\Baby_1405_17_seven.mp4;C:\Users\esthe\Downloads\baby grizzly 14 _\Baby_1405_1_three.mp4;C:\Users\esthe\Downloads\baby grizzly 14 _\Baby_1405_2_seven.mp4;C:\Users\esthe\Downloads\baby grizzly 14 _\Baby_1405_3_five.mp4;C:\Users\esthe\Downloads\baby grizzly 14 _\Baby_1405_4_five.mp4;C:\Users\esthe\Downloads\baby grizzly 14 _\Baby_1405_5_seven.mp4;C:\Users\esthe\Downloads\baby grizzly 14 _\Baby_1405_6_seven.mp4;C:\Users\esthe\Downloads\baby grizzly 14 _\Baby_1405_7_seven.mp4;C:\Users\esthe\Downloads\baby grizzly 14 _\Baby_1405_8_two.mp4;C:\Users\esthe\Downloads\baby grizzly 14 _\Baby_1405_9_one.mp4,0.0,9.701;4.433;4.267;7.729;13.965;9.531;5.627;5.099;5.562;15.965;11.869;5.499;17.418;8.460;17.460;17.963;11.965,30.000;30.000;30.000;30.000;30.000;30.000;30.000;30.000;30.000;30.000;30.000;30.000;24.000;24.000;24.000;30.000;30.000,Baby_grizzly,target,,,START,39.426,C:\Users\esthe\Downloads\baby grizzly 14 _\Baby_1405_14_two.mp4,399,NA,
Baby_1405,2025-06-24 11:48:28.904,,172.403,Media file(s),player #1:C:\Users\esthe\Downloads\baby grizzly 14 _\Baby_1405_10_seven.mp4;C:\Users\esthe\Downloads\baby grizzly 14 _\Baby_1405_11_three.mp4;C:\Users\esthe\Downloads\baby grizzly 14 _\Baby_1405_12_three.mp4;C:\Users\esthe\Downloads\baby grizzly 14 _\Baby_1405_13_five.mp4;C:\Users\esthe\Downloads\baby grizzly 14 _\Baby_1405_14_two.mp4;C:\Users\esthe\Downloads\baby grizzly 14 _\Baby_1405_15_onehalf.mp4;C:\Users\esthe\Downloads\baby grizzly 14 _\Baby_1405_16_seven.mp4;C:\Users\esthe\Downloads\baby grizzly 14 _\Baby_1405_17_seven.mp4;C:\Users\esthe\Downloads\baby grizzly 14 _\Baby_1405_1_three.mp4;C:\Users\esthe\Downloads\baby grizzly 14 _\Baby_1405_2_seven.mp4;C:\Users\esthe\Downloads\baby grizzly 14 _\Baby_1405_3_five.mp4;C:\Users\esthe\Downloads\baby grizzly 14 _\Baby_1405_4_five.mp4;C:\Users\esthe\Downloads\baby grizzly 14 _\Baby_1405_5_seven.mp4;C:\Users\esthe\Downloads\baby grizzly 14 _\Baby_1405_6_seven.mp4;C:\Users\esthe\Downloads\baby grizzly 14 _\Baby_1405_7_seven.mp4;C:\Users\esthe\Downloads\baby grizzly 14 _\Baby_1405_8_two.mp4;C:\Users\esthe\Downloads\baby grizzly 14 _\Baby_1405_9_one.mp4,0.0,9.701;4.433;4.267;7.729;13.965;9.531;5.627;5.099;5.562;15.965;11.869;5.499;17.418;8.460;17.460;17.963;11.965,30.000;30.000;30.000;30.000;30.000;30.000;30.000;30.000;30.000;30.000;30.000;30.000;24.000;24.000;24.000;30.000;30.000,Baby_grizzly,target,,,STOP,40.026,C:\Users\esthe\Downloads\baby grizzly 14 _\Baby_1405_14_two.mp4,417,NA,
Baby_1405,2025-06-24 11:48:28.904,,172.403,Media file(s),player #1:C:\Users\esthe\Downloads\baby grizzly 14 _\Baby_1405_10_seven.mp4;C:\Users\esthe\Downloads\baby grizzly 14 _\Baby_1405_11_three.mp4;C:\Users\esthe\Downloads\baby grizzly 14 _\Baby_1405_12_three.mp4;C:\Users\esthe\Downloads\baby grizzly 14 _\Baby_1405_13_five.mp4;C:\Users\esthe\Downloads\baby grizzly 14 _\Baby_1405_14_two.mp4;C:\Users\esthe\Downloads\baby grizzly 14 _\Baby_1405_15_onehalf.mp4;C:\Users\esthe\Downloads\baby grizzly 14 _\Baby_1405_16_seven.mp4;C:\Users\esthe\Downloads\baby grizzly 14 _\Baby_1405_17_seven.mp4;C:\Users\esthe\Downloads\baby grizzly 14 _\Baby_1405_1_three.mp4;C:\Users\esthe\Downloads\baby grizzly 14 _\Baby_1405_2_seven.mp4;C:\Users\esthe\Downloads\baby grizzly 14 _\Baby_1405_3_five.mp4;C:\Users\esthe\Downloads\baby grizzly 14 _\Baby_1405_4_five.mp4;C:\Users\esthe\Downloads\baby grizzly 14 _\Baby_1405_5_seven.mp4;C:\Users\esthe\Downloads\baby grizzly 14 _\Baby_1405_6_seven.mp4;C:\Users\esthe\Downloads\baby grizzly 14 _\Baby_1405_7_seven.mp4;C:\Users\esthe\Downloads\baby grizzly 14 _\Baby_1405_8_two.mp4;C:\Users\esthe\Downloads\baby grizzly 14 _\Baby_1405_9_one.mp4,0.0,9.701;4.433;4.267;7.729;13.965;9.531;5.627;5.099;5.562;15.965;11.869;5.499;17.418;8.460;17.460;17.963;11.965,30.000;30.000;30.000;30.000;30.000;30.000;30.000;30.000;30.000;30.000;30.000;30.000;24.000;24.000;24.000;30.000;30.000,Baby_grizzly,bending,,,START,40.425,C:\Users\esthe\Downloads\baby grizzly 14 _\Baby_1405_15_onehalf.mp4,10,NA,
Baby_1405,2025-06-24 11:48:28.904,,172.403,Media file(s),player #1:C:\Users\esthe\Downloads\baby grizzly 14 _\Baby_1405_10_seven.mp4;C:\Users\esthe\Downloads\baby grizzly 14 _\Baby_1405_11_three.mp4;C:\Users\esthe\Downloads\baby grizzly 14 _\Baby_1405_12_three.mp4;C:\Users\esthe\Downloads\baby grizzly 14 _\Baby_1405_13_five.mp4;C:\Users\esthe\Downloads\baby grizzly 14 _\Baby_1405_14_two.mp4;C:\Users\esthe\Downloads\baby grizzly 14 _\Baby_1405_15_onehalf.mp4;C:\Users\esthe\Downloads\baby grizzly 14 _\Baby_1405_16_seven.mp4;C:\Users\esthe\Downloads\baby grizzly 14 _\Baby_1405_17_seven.mp4;C:\Users\esthe\Downloads\baby grizzly 14 _\Baby_1405_1_three.mp4;C:\Users\esthe\Downloads\baby grizzly 14 _\Baby_1405_2_seven.mp4;C:\Users\esthe\Downloads\baby grizzly 14 _\Baby_1405_3_five.mp4;C:\Users\esthe\Downloads\baby grizzly 14 _\Baby_1405_4_five.mp4;C:\Users\esthe\Downloads\baby grizzly 14 _\Baby_1405_5_seven.mp4;C:\Users\esthe\Downloads\baby grizzly 14 _\Baby_1405_6_seven.mp4;C:\Users\esthe\Downloads\baby grizzly 14 _\Baby_1405_7_seven.mp4;C:\Users\esthe\Downloads\baby grizzly 14 _\Baby_1405_8_two.mp4;C:\Users\esthe\Downloads\baby grizzly 14 _\Baby_1405_9_one.mp4,0.0,9.701;4.433;4.267;7.729;13.965;9.531;5.627;5.099;5.562;15.965;11.869;5.499;17.418;8.460;17.460;17.963;11.965,30.000;30.000;30.000;30.000;30.000;30.000;30.000;30.000;30.000;30.000;30.000;30.000;24.000;24.000;24.000;30.000;30.000,Baby_grizzly,bending,,,STOP,40.825,C:\Users\esthe\Downloads\baby grizzly 14 _\Baby_1405_15_onehalf.mp4,22,NA,
Baby_1405,2025-06-24 11:48:28.904,,172.403,Media file(s),player #1:C:\Users\esthe\Downloads\baby grizzly 14 _\Baby_1405_10_seven.mp4;C:\Users\esthe\Downloads\baby grizzly 14 _\Baby_1405_11_three.mp4;C:\Users\esthe\Downloads\baby grizzly 14 _\Baby_1405_12_three.mp4;C:\Users\esthe\Downloads\baby grizzly 14 _\Baby_1405_13_five.mp4;C:\Users\esthe\Downloads\baby grizzly 14 _\Baby_1405_14_two.mp4;C:\Users\esthe\Downloads\baby grizzly 14 _\Baby_1405_15_onehalf.mp4;C:\Users\esthe\Downloads\baby grizzly 14 _\Baby_1405_16_seven.mp4;C:\Users\esthe\Downloads\baby grizzly 14 _\Baby_1405_17_seven.mp4;C:\Users\esthe\Downloads\baby grizzly 14 _\Baby_1405_1_three.mp4;C:\Users\esthe\Downloads\baby grizzly 14 _\Baby_1405_2_seven.mp4;C:\Users\esthe\Downloads\baby grizzly 14 _\Baby_1405_3_five.mp4;C:\Users\esthe\Downloads\baby grizzly 14 _\Baby_1405_4_five.mp4;C:\Users\esthe\Downloads\baby grizzly 14 _\Baby_1405_5_seven.mp4;C:\Users\esthe\Downloads\baby grizzly 14 _\Baby_1405_6_seven.mp4;C:\Users\esthe\Downloads\baby grizzly 14 _\Baby_1405_7_seven.mp4;C:\Users\esthe\Downloads\baby grizzly 14 _\Baby_1405_8_two.mp4;C:\Users\esthe\Downloads\baby grizzly 14 _\Baby_1405_9_one.mp4,0.0,9.701;4.433;4.267;7.729;13.965;9.531;5.627;5.099;5.562;15.965;11.869;5.499;17.418;8.460;17.460;17.963;11.965,30.000;30.000;30.000;30.000;30.000;30.000;30.000;30.000;30.000;30.000;30.000;30.000;24.000;24.000;24.000;30.000;30.000,Baby_grizzly,grabbing peanut,,,POINT,40.825,C:\Users\esthe\Downloads\baby grizzly 14 _\Baby_1405_15_onehalf.mp4,22,NA,
Baby_1405,2025-06-24 11:48:28.904,,172.403,Media file(s),player #1:C:\Users\esthe\Downloads\baby grizzly 14 _\Baby_1405_10_seven.mp4;C:\Users\esthe\Downloads\baby grizzly 14 _\Baby_1405_11_three.mp4;C:\Users\esthe\Downloads\baby grizzly 14 _\Baby_1405_12_three.mp4;C:\Users\esthe\Downloads\baby grizzly 14 _\Baby_1405_13_five.mp4;C:\Users\esthe\Downloads\baby grizzly 14 _\Baby_1405_14_two.mp4;C:\Users\esthe\Downloads\baby grizzly 14 _\Baby_1405_15_onehalf.mp4;C:\Users\esthe\Downloads\baby grizzly 14 _\Baby_1405_16_seven.mp4;C:\Users\esthe\Downloads\baby grizzly 14 _\Baby_1405_17_seven.mp4;C:\Users\esthe\Downloads\baby grizzly 14 _\Baby_1405_1_three.mp4;C:\Users\esthe\Downloads\baby grizzly 14 _\Baby_1405_2_seven.mp4;C:\Users\esthe\Downloads\baby grizzly 14 _\Baby_1405_3_five.mp4;C:\Users\esthe\Downloads\baby grizzly 14 _\Baby_1405_4_five.mp4;C:\Users\esthe\Downloads\baby grizzly 14 _\Baby_1405_5_seven.mp4;C:\Users\esthe\Downloads\baby grizzly 14 _\Baby_1405_6_seven.mp4;C:\Users\esthe\Downloads\baby grizzly 14 _\Baby_1405_7_seven.mp4;C:\Users\esthe\Downloads\baby grizzly 14 _\Baby_1405_8_two.mp4;C:\Users\esthe\Downloads\baby grizzly 14 _\Baby_1405_9_one.mp4,0.0,9.701;4.433;4.267;7.729;13.965;9.531;5.627;5.099;5.562;15.965;11.869;5.499;17.418;8.460;17.460;17.963;11.965,30.000;30.000;30.000;30.000;30.000;30.000;30.000;30.000;30.000;30.000;30.000;30.000;24.000;24.000;24.000;30.000;30.000,Baby_grizzly,lifting,,,START,40.859,C:\Users\esthe\Downloads\baby grizzly 14 _\Baby_1405_15_onehalf.mp4,23,NA,
Baby_1405,2025-06-24 11:48:28.904,,172.403,Media file(s),player #1:C:\Users\esthe\Downloads\baby grizzly 14 _\Baby_1405_10_seven.mp4;C:\Users\esthe\Downloads\baby grizzly 14 _\Baby_1405_11_three.mp4;C:\Users\esthe\Downloads\baby grizzly 14 _\Baby_1405_12_three.mp4;C:\Users\esthe\Downloads\baby grizzly 14 _\Baby_1405_13_five.mp4;C:\Users\esthe\Downloads\baby grizzly 14 _\Baby_1405_14_two.mp4;C:\Users\esthe\Downloads\baby grizzly 14 _\Baby_1405_15_onehalf.mp4;C:\Users\esthe\Downloads\baby grizzly 14 _\Baby_1405_16_seven.mp4;C:\Users\esthe\Downloads\baby grizzly 14 _\Baby_1405_17_seven.mp4;C:\Users\esthe\Downloads\baby grizzly 14 _\Baby_1405_1_three.mp4;C:\Users\esthe\Downloads\baby grizzly 14 _\Baby_1405_2_seven.mp4;C:\Users\esthe\Downloads\baby grizzly 14 _\Baby_1405_3_five.mp4;C:\Users\esthe\Downloads\baby grizzly 14 _\Baby_1405_4_five.mp4;C:\Users\esthe\Downloads\baby grizzly 14 _\Baby_1405_5_seven.mp4;C:\Users\esthe\Downloads\baby grizzly 14 _\Baby_1405_6_seven.mp4;C:\Users\esthe\Downloads\baby grizzly 14 _\Baby_1405_7_seven.mp4;C:\Users\esthe\Downloads\baby grizzly 14 _\Baby_1405_8_two.mp4;C:\Users\esthe\Downloads\baby grizzly 14 _\Baby_1405_9_one.mp4,0.0,9.701;4.433;4.267;7.729;13.965;9.531;5.627;5.099;5.562;15.965;11.869;5.499;17.418;8.460;17.460;17.963;11.965,30.000;30.000;30.000;30.000;30.000;30.000;30.000;30.000;30.000;30.000;30.000;30.000;24.000;24.000;24.000;30.000;30.000,Baby_grizzly,lifting,,,STOP,41.058,C:\Users\esthe\Downloads\baby grizzly 14 _\Baby_1405_15_onehalf.mp4,29,NA,
Baby_1405,2025-06-24 11:48:28.904,,172.403,Media file(s),player #1:C:\Users\esthe\Downloads\baby grizzly 14 _\Baby_1405_10_seven.mp4;C:\Users\esthe\Downloads\baby grizzly 14 _\Baby_1405_11_three.mp4;C:\Users\esthe\Downloads\baby grizzly 14 _\Baby_1405_12_three.mp4;C:\Users\esthe\Downloads\baby grizzly 14 _\Baby_1405_13_five.mp4;C:\Users\esthe\Downloads\baby grizzly 14 _\Baby_1405_14_two.mp4;C:\Users\esthe\Downloads\baby grizzly 14 _\Baby_1405_15_onehalf.mp4;C:\Users\esthe\Downloads\baby grizzly 14 _\Baby_1405_16_seven.mp4;C:\Users\esthe\Downloads\baby grizzly 14 _\Baby_1405_17_seven.mp4;C:\Users\esthe\Downloads\baby grizzly 14 _\Baby_1405_1_three.mp4;C:\Users\esthe\Downloads\baby grizzly 14 _\Baby_1405_2_seven.mp4;C:\Users\esthe\Downloads\baby grizzly 14 _\Baby_1405_3_five.mp4;C:\Users\esthe\Downloads\baby grizzly 14 _\Baby_1405_4_five.mp4;C:\Users\esthe\Downloads\baby grizzly 14 _\Baby_1405_5_seven.mp4;C:\Users\esthe\Downloads\baby grizzly 14 _\Baby_1405_6_seven.mp4;C:\Users\esthe\Downloads\baby grizzly 14 _\Baby_1405_7_seven.mp4;C:\Users\esthe\Downloads\baby grizzly 14 _\Baby_1405_8_two.mp4;C:\Users\esthe\Downloads\baby grizzly 14 _\Baby_1405_9_one.mp4,0.0,9.701;4.433;4.267;7.729;13.965;9.531;5.627;5.099;5.562;15.965;11.869;5.499;17.418;8.460;17.460;17.963;11.965,30.000;30.000;30.000;30.000;30.000;30.000;30.000;30.000;30.000;30.000;30.000;30.000;24.000;24.000;24.000;30.000;30.000,Baby_grizzly,assessing,,,START,41.425,C:\Users\esthe\Downloads\baby grizzly 14 _\Baby_1405_15_onehalf.mp4,40,NA,
Baby_1405,2025-06-24 11:48:28.904,,172.403,Media file(s),player #1:C:\Users\esthe\Downloads\baby grizzly 14 _\Baby_1405_10_seven.mp4;C:\Users\esthe\Downloads\baby grizzly 14 _\Baby_1405_11_three.mp4;C:\Users\esthe\Downloads\baby grizzly 14 _\Baby_1405_12_three.mp4;C:\Users\esthe\Downloads\baby grizzly 14 _\Baby_1405_13_five.mp4;C:\Users\esthe\Downloads\baby grizzly 14 _\Baby_1405_14_two.mp4;C:\Users\esthe\Downloads\baby grizzly 14 _\Baby_1405_15_onehalf.mp4;C:\Users\esthe\Downloads\baby grizzly 14 _\Baby_1405_16_seven.mp4;C:\Users\esthe\Downloads\baby grizzly 14 _\Baby_1405_17_seven.mp4;C:\Users\esthe\Downloads\baby grizzly 14 _\Baby_1405_1_three.mp4;C:\Users\esthe\Downloads\baby grizzly 14 _\Baby_1405_2_seven.mp4;C:\Users\esthe\Downloads\baby grizzly 14 _\Baby_1405_3_five.mp4;C:\Users\esthe\Downloads\baby grizzly 14 _\Baby_1405_4_five.mp4;C:\Users\esthe\Downloads\baby grizzly 14 _\Baby_1405_5_seven.mp4;C:\Users\esthe\Downloads\baby grizzly 14 _\Baby_1405_6_seven.mp4;C:\Users\esthe\Downloads\baby grizzly 14 _\Baby_1405_7_seven.mp4;C:\Users\esthe\Downloads\baby grizzly 14 _\Baby_1405_8_two.mp4;C:\Users\esthe\Downloads\baby grizzly 14 _\Baby_1405_9_one.mp4,0.0,9.701;4.433;4.267;7.729;13.965;9.531;5.627;5.099;5.562;15.965;11.869;5.499;17.418;8.460;17.460;17.963;11.965,30.000;30.000;30.000;30.000;30.000;30.000;30.000;30.000;30.000;30.000;30.000;30.000;24.000;24.000;24.000;30.000;30.000,Baby_grizzly,rotation,,Vertical,START,41.425,C:\Users\esthe\Downloads\baby grizzly 14 _\Baby_1405_15_onehalf.mp4,40,NA,
Baby_1405,2025-06-24 11:48:28.904,,172.403,Media file(s),player #1:C:\Users\esthe\Downloads\baby grizzly 14 _\Baby_1405_10_seven.mp4;C:\Users\esthe\Downloads\baby grizzly 14 _\Baby_1405_11_three.mp4;C:\Users\esthe\Downloads\baby grizzly 14 _\Baby_1405_12_three.mp4;C:\Users\esthe\Downloads\baby grizzly 14 _\Baby_1405_13_five.mp4;C:\Users\esthe\Downloads\baby grizzly 14 _\Baby_1405_14_two.mp4;C:\Users\esthe\Downloads\baby grizzly 14 _\Baby_1405_15_onehalf.mp4;C:\Users\esthe\Downloads\baby grizzly 14 _\Baby_1405_16_seven.mp4;C:\Users\esthe\Downloads\baby grizzly 14 _\Baby_1405_17_seven.mp4;C:\Users\esthe\Downloads\baby grizzly 14 _\Baby_1405_1_three.mp4;C:\Users\esthe\Downloads\baby grizzly 14 _\Baby_1405_2_seven.mp4;C:\Users\esthe\Downloads\baby grizzly 14 _\Baby_1405_3_five.mp4;C:\Users\esthe\Downloads\baby grizzly 14 _\Baby_1405_4_five.mp4;C:\Users\esthe\Downloads\baby grizzly 14 _\Baby_1405_5_seven.mp4;C:\Users\esthe\Downloads\baby grizzly 14 _\Baby_1405_6_seven.mp4;C:\Users\esthe\Downloads\baby grizzly 14 _\Baby_1405_7_seven.mp4;C:\Users\esthe\Downloads\baby grizzly 14 _\Baby_1405_8_two.mp4;C:\Users\esthe\Downloads\baby grizzly 14 _\Baby_1405_9_one.mp4,0.0,9.701;4.433;4.267;7.729;13.965;9.531;5.627;5.099;5.562;15.965;11.869;5.499;17.418;8.460;17.460;17.963;11.965,30.000;30.000;30.000;30.000;30.000;30.000;30.000;30.000;30.000;30.000;30.000;30.000;24.000;24.000;24.000;30.000;30.000,Baby_grizzly,jaw movement,,,POINT,41.492,C:\Users\esthe\Downloads\baby grizzly 14 _\Baby_1405_15_onehalf.mp4,42,NA,
Baby_1405,2025-06-24 11:48:28.904,,172.403,Media file(s),player #1:C:\Users\esthe\Downloads\baby grizzly 14 _\Baby_1405_10_seven.mp4;C:\Users\esthe\Downloads\baby grizzly 14 _\Baby_1405_11_three.mp4;C:\Users\esthe\Downloads\baby grizzly 14 _\Baby_1405_12_three.mp4;C:\Users\esthe\Downloads\baby grizzly 14 _\Baby_1405_13_five.mp4;C:\Users\esthe\Downloads\baby grizzly 14 _\Baby_1405_14_two.mp4;C:\Users\esthe\Downloads\baby grizzly 14 _\Baby_1405_15_onehalf.mp4;C:\Users\esthe\Downloads\baby grizzly 14 _\Baby_1405_16_seven.mp4;C:\Users\esthe\Downloads\baby grizzly 14 _\Baby_1405_17_seven.mp4;C:\Users\esthe\Downloads\baby grizzly 14 _\Baby_1405_1_three.mp4;C:\Users\esthe\Downloads\baby grizzly 14 _\Baby_1405_2_seven.mp4;C:\Users\esthe\Downloads\baby grizzly 14 _\Baby_1405_3_five.mp4;C:\Users\esthe\Downloads\baby grizzly 14 _\Baby_1405_4_five.mp4;C:\Users\esthe\Downloads\baby grizzly 14 _\Baby_1405_5_seven.mp4;C:\Users\esthe\Downloads\baby grizzly 14 _\Baby_1405_6_seven.mp4;C:\Users\esthe\Downloads\baby grizzly 14 _\Baby_1405_7_seven.mp4;C:\Users\esthe\Downloads\baby grizzly 14 _\Baby_1405_8_two.mp4;C:\Users\esthe\Downloads\baby grizzly 14 _\Baby_1405_9_one.mp4,0.0,9.701;4.433;4.267;7.729;13.965;9.531;5.627;5.099;5.562;15.965;11.869;5.499;17.418;8.460;17.460;17.963;11.965,30.000;30.000;30.000;30.000;30.000;30.000;30.000;30.000;30.000;30.000;30.000;30.000;24.000;24.000;24.000;30.000;30.000,Baby_grizzly,jaw movement,,,POINT,41.692,C:\Users\esthe\Downloads\baby grizzly 14 _\Baby_1405_15_onehalf.mp4,48,NA,
Baby_1405,2025-06-24 11:48:28.904,,172.403,Media file(s),player #1:C:\Users\esthe\Downloads\baby grizzly 14 _\Baby_1405_10_seven.mp4;C:\Users\esthe\Downloads\baby grizzly 14 _\Baby_1405_11_three.mp4;C:\Users\esthe\Downloads\baby grizzly 14 _\Baby_1405_12_three.mp4;C:\Users\esthe\Downloads\baby grizzly 14 _\Baby_1405_13_five.mp4;C:\Users\esthe\Downloads\baby grizzly 14 _\Baby_1405_14_two.mp4;C:\Users\esthe\Downloads\baby grizzly 14 _\Baby_1405_15_onehalf.mp4;C:\Users\esthe\Downloads\baby grizzly 14 _\Baby_1405_16_seven.mp4;C:\Users\esthe\Downloads\baby grizzly 14 _\Baby_1405_17_seven.mp4;C:\Users\esthe\Downloads\baby grizzly 14 _\Baby_1405_1_three.mp4;C:\Users\esthe\Downloads\baby grizzly 14 _\Baby_1405_2_seven.mp4;C:\Users\esthe\Downloads\baby grizzly 14 _\Baby_1405_3_five.mp4;C:\Users\esthe\Downloads\baby grizzly 14 _\Baby_1405_4_five.mp4;C:\Users\esthe\Downloads\baby grizzly 14 _\Baby_1405_5_seven.mp4;C:\Users\esthe\Downloads\baby grizzly 14 _\Baby_1405_6_seven.mp4;C:\Users\esthe\Downloads\baby grizzly 14 _\Baby_1405_7_seven.mp4;C:\Users\esthe\Downloads\baby grizzly 14 _\Baby_1405_8_two.mp4;C:\Users\esthe\Downloads\baby grizzly 14 _\Baby_1405_9_one.mp4,0.0,9.701;4.433;4.267;7.729;13.965;9.531;5.627;5.099;5.562;15.965;11.869;5.499;17.418;8.460;17.460;17.963;11.965,30.000;30.000;30.000;30.000;30.000;30.000;30.000;30.000;30.000;30.000;30.000;30.000;24.000;24.000;24.000;30.000;30.000,Baby_grizzly,rotation,,Vertical,STOP,41.892,C:\Users\esthe\Downloads\baby grizzly 14 _\Baby_1405_15_onehalf.mp4,54,NA,
Baby_1405,2025-06-24 11:48:28.904,,172.403,Media file(s),player #1:C:\Users\esthe\Downloads\baby grizzly 14 _\Baby_1405_10_seven.mp4;C:\Users\esthe\Downloads\baby grizzly 14 _\Baby_1405_11_three.mp4;C:\Users\esthe\Downloads\baby grizzly 14 _\Baby_1405_12_three.mp4;C:\Users\esthe\Downloads\baby grizzly 14 _\Baby_1405_13_five.mp4;C:\Users\esthe\Downloads\baby grizzly 14 _\Baby_1405_14_two.mp4;C:\Users\esthe\Downloads\baby grizzly 14 _\Baby_1405_15_onehalf.mp4;C:\Users\esthe\Downloads\baby grizzly 14 _\Baby_1405_16_seven.mp4;C:\Users\esthe\Downloads\baby grizzly 14 _\Baby_1405_17_seven.mp4;C:\Users\esthe\Downloads\baby grizzly 14 _\Baby_1405_1_three.mp4;C:\Users\esthe\Downloads\baby grizzly 14 _\Baby_1405_2_seven.mp4;C:\Users\esthe\Downloads\baby grizzly 14 _\Baby_1405_3_five.mp4;C:\Users\esthe\Downloads\baby grizzly 14 _\Baby_1405_4_five.mp4;C:\Users\esthe\Downloads\baby grizzly 14 _\Baby_1405_5_seven.mp4;C:\Users\esthe\Downloads\baby grizzly 14 _\Baby_1405_6_seven.mp4;C:\Users\esthe\Downloads\baby grizzly 14 _\Baby_1405_7_seven.mp4;C:\Users\esthe\Downloads\baby grizzly 14 _\Baby_1405_8_two.mp4;C:\Users\esthe\Downloads\baby grizzly 14 _\Baby_1405_9_one.mp4,0.0,9.701;4.433;4.267;7.729;13.965;9.531;5.627;5.099;5.562;15.965;11.869;5.499;17.418;8.460;17.460;17.963;11.965,30.000;30.000;30.000;30.000;30.000;30.000;30.000;30.000;30.000;30.000;30.000;30.000;24.000;24.000;24.000;30.000;30.000,Baby_grizzly,translational jaw movement,,,POINT,42.058,C:\Users\esthe\Downloads\baby grizzly 14 _\Baby_1405_15_onehalf.mp4,59,NA,
Baby_1405,2025-06-24 11:48:28.904,,172.403,Media file(s),player #1:C:\Users\esthe\Downloads\baby grizzly 14 _\Baby_1405_10_seven.mp4;C:\Users\esthe\Downloads\baby grizzly 14 _\Baby_1405_11_three.mp4;C:\Users\esthe\Downloads\baby grizzly 14 _\Baby_1405_12_three.mp4;C:\Users\esthe\Downloads\baby grizzly 14 _\Baby_1405_13_five.mp4;C:\Users\esthe\Downloads\baby grizzly 14 _\Baby_1405_14_two.mp4;C:\Users\esthe\Downloads\baby grizzly 14 _\Baby_1405_15_onehalf.mp4;C:\Users\esthe\Downloads\baby grizzly 14 _\Baby_1405_16_seven.mp4;C:\Users\esthe\Downloads\baby grizzly 14 _\Baby_1405_17_seven.mp4;C:\Users\esthe\Downloads\baby grizzly 14 _\Baby_1405_1_three.mp4;C:\Users\esthe\Downloads\baby grizzly 14 _\Baby_1405_2_seven.mp4;C:\Users\esthe\Downloads\baby grizzly 14 _\Baby_1405_3_five.mp4;C:\Users\esthe\Downloads\baby grizzly 14 _\Baby_1405_4_five.mp4;C:\Users\esthe\Downloads\baby grizzly 14 _\Baby_1405_5_seven.mp4;C:\Users\esthe\Downloads\baby grizzly 14 _\Baby_1405_6_seven.mp4;C:\Users\esthe\Downloads\baby grizzly 14 _\Baby_1405_7_seven.mp4;C:\Users\esthe\Downloads\baby grizzly 14 _\Baby_1405_8_two.mp4;C:\Users\esthe\Downloads\baby grizzly 14 _\Baby_1405_9_one.mp4,0.0,9.701;4.433;4.267;7.729;13.965;9.531;5.627;5.099;5.562;15.965;11.869;5.499;17.418;8.460;17.460;17.963;11.965,30.000;30.000;30.000;30.000;30.000;30.000;30.000;30.000;30.000;30.000;30.000;30.000;24.000;24.000;24.000;30.000;30.000,Baby_grizzly,jaw movement,,,POINT,42.492,C:\Users\esthe\Downloads\baby grizzly 14 _\Baby_1405_15_onehalf.mp4,72,NA,
Baby_1405,2025-06-24 11:48:28.904,,172.403,Media file(s),player #1:C:\Users\esthe\Downloads\baby grizzly 14 _\Baby_1405_10_seven.mp4;C:\Users\esthe\Downloads\baby grizzly 14 _\Baby_1405_11_three.mp4;C:\Users\esthe\Downloads\baby grizzly 14 _\Baby_1405_12_three.mp4;C:\Users\esthe\Downloads\baby grizzly 14 _\Baby_1405_13_five.mp4;C:\Users\esthe\Downloads\baby grizzly 14 _\Baby_1405_14_two.mp4;C:\Users\esthe\Downloads\baby grizzly 14 _\Baby_1405_15_onehalf.mp4;C:\Users\esthe\Downloads\baby grizzly 14 _\Baby_1405_16_seven.mp4;C:\Users\esthe\Downloads\baby grizzly 14 _\Baby_1405_17_seven.mp4;C:\Users\esthe\Downloads\baby grizzly 14 _\Baby_1405_1_three.mp4;C:\Users\esthe\Downloads\baby grizzly 14 _\Baby_1405_2_seven.mp4;C:\Users\esthe\Downloads\baby grizzly 14 _\Baby_1405_3_five.mp4;C:\Users\esthe\Downloads\baby grizzly 14 _\Baby_1405_4_five.mp4;C:\Users\esthe\Downloads\baby grizzly 14 _\Baby_1405_5_seven.mp4;C:\Users\esthe\Downloads\baby grizzly 14 _\Baby_1405_6_seven.mp4;C:\Users\esthe\Downloads\baby grizzly 14 _\Baby_1405_7_seven.mp4;C:\Users\esthe\Downloads\baby grizzly 14 _\Baby_1405_8_two.mp4;C:\Users\esthe\Downloads\baby grizzly 14 _\Baby_1405_9_one.mp4,0.0,9.701;4.433;4.267;7.729;13.965;9.531;5.627;5.099;5.562;15.965;11.869;5.499;17.418;8.460;17.460;17.963;11.965,30.000;30.000;30.000;30.000;30.000;30.000;30.000;30.000;30.000;30.000;30.000;30.000;24.000;24.000;24.000;30.000;30.000,Baby_grizzly,teeth-hole contact,,,POINT,43.358,C:\Users\esthe\Downloads\baby grizzly 14 _\Baby_1405_15_onehalf.mp4,98,NA,
Baby_1405,2025-06-24 11:48:28.904,,172.403,Media file(s),player #1:C:\Users\esthe\Downloads\baby grizzly 14 _\Baby_1405_10_seven.mp4;C:\Users\esthe\Downloads\baby grizzly 14 _\Baby_1405_11_three.mp4;C:\Users\esthe\Downloads\baby grizzly 14 _\Baby_1405_12_three.mp4;C:\Users\esthe\Downloads\baby grizzly 14 _\Baby_1405_13_five.mp4;C:\Users\esthe\Downloads\baby grizzly 14 _\Baby_1405_14_two.mp4;C:\Users\esthe\Downloads\baby grizzly 14 _\Baby_1405_15_onehalf.mp4;C:\Users\esthe\Downloads\baby grizzly 14 _\Baby_1405_16_seven.mp4;C:\Users\esthe\Downloads\baby grizzly 14 _\Baby_1405_17_seven.mp4;C:\Users\esthe\Downloads\baby grizzly 14 _\Baby_1405_1_three.mp4;C:\Users\esthe\Downloads\baby grizzly 14 _\Baby_1405_2_seven.mp4;C:\Users\esthe\Downloads\baby grizzly 14 _\Baby_1405_3_five.mp4;C:\Users\esthe\Downloads\baby grizzly 14 _\Baby_1405_4_five.mp4;C:\Users\esthe\Downloads\baby grizzly 14 _\Baby_1405_5_seven.mp4;C:\Users\esthe\Downloads\baby grizzly 14 _\Baby_1405_6_seven.mp4;C:\Users\esthe\Downloads\baby grizzly 14 _\Baby_1405_7_seven.mp4;C:\Users\esthe\Downloads\baby grizzly 14 _\Baby_1405_8_two.mp4;C:\Users\esthe\Downloads\baby grizzly 14 _\Baby_1405_9_one.mp4,0.0,9.701;4.433;4.267;7.729;13.965;9.531;5.627;5.099;5.562;15.965;11.869;5.499;17.418;8.460;17.460;17.963;11.965,30.000;30.000;30.000;30.000;30.000;30.000;30.000;30.000;30.000;30.000;30.000;30.000;24.000;24.000;24.000;30.000;30.000,Baby_grizzly,translational jaw movement,,,POINT,43.691,C:\Users\esthe\Downloads\baby grizzly 14 _\Baby_1405_15_onehalf.mp4,108,NA,
Baby_1405,2025-06-24 11:48:28.904,,172.403,Media file(s),player #1:C:\Users\esthe\Downloads\baby grizzly 14 _\Baby_1405_10_seven.mp4;C:\Users\esthe\Downloads\baby grizzly 14 _\Baby_1405_11_three.mp4;C:\Users\esthe\Downloads\baby grizzly 14 _\Baby_1405_12_three.mp4;C:\Users\esthe\Downloads\baby grizzly 14 _\Baby_1405_13_five.mp4;C:\Users\esthe\Downloads\baby grizzly 14 _\Baby_1405_14_two.mp4;C:\Users\esthe\Downloads\baby grizzly 14 _\Baby_1405_15_onehalf.mp4;C:\Users\esthe\Downloads\baby grizzly 14 _\Baby_1405_16_seven.mp4;C:\Users\esthe\Downloads\baby grizzly 14 _\Baby_1405_17_seven.mp4;C:\Users\esthe\Downloads\baby grizzly 14 _\Baby_1405_1_three.mp4;C:\Users\esthe\Downloads\baby grizzly 14 _\Baby_1405_2_seven.mp4;C:\Users\esthe\Downloads\baby grizzly 14 _\Baby_1405_3_five.mp4;C:\Users\esthe\Downloads\baby grizzly 14 _\Baby_1405_4_five.mp4;C:\Users\esthe\Downloads\baby grizzly 14 _\Baby_1405_5_seven.mp4;C:\Users\esthe\Downloads\baby grizzly 14 _\Baby_1405_6_seven.mp4;C:\Users\esthe\Downloads\baby grizzly 14 _\Baby_1405_7_seven.mp4;C:\Users\esthe\Downloads\baby grizzly 14 _\Baby_1405_8_two.mp4;C:\Users\esthe\Downloads\baby grizzly 14 _\Baby_1405_9_one.mp4,0.0,9.701;4.433;4.267;7.729;13.965;9.531;5.627;5.099;5.562;15.965;11.869;5.499;17.418;8.460;17.460;17.963;11.965,30.000;30.000;30.000;30.000;30.000;30.000;30.000;30.000;30.000;30.000;30.000;30.000;24.000;24.000;24.000;30.000;30.000,Baby_grizzly,rotation,,Vertical,START,43.925,C:\Users\esthe\Downloads\baby grizzly 14 _\Baby_1405_15_onehalf.mp4,115,NA,
Baby_1405,2025-06-24 11:48:28.904,,172.403,Media file(s),player #1:C:\Users\esthe\Downloads\baby grizzly 14 _\Baby_1405_10_seven.mp4;C:\Users\esthe\Downloads\baby grizzly 14 _\Baby_1405_11_three.mp4;C:\Users\esthe\Downloads\baby grizzly 14 _\Baby_1405_12_three.mp4;C:\Users\esthe\Downloads\baby grizzly 14 _\Baby_1405_13_five.mp4;C:\Users\esthe\Downloads\baby grizzly 14 _\Baby_1405_14_two.mp4;C:\Users\esthe\Downloads\baby grizzly 14 _\Baby_1405_15_onehalf.mp4;C:\Users\esthe\Downloads\baby grizzly 14 _\Baby_1405_16_seven.mp4;C:\Users\esthe\Downloads\baby grizzly 14 _\Baby_1405_17_seven.mp4;C:\Users\esthe\Downloads\baby grizzly 14 _\Baby_1405_1_three.mp4;C:\Users\esthe\Downloads\baby grizzly 14 _\Baby_1405_2_seven.mp4;C:\Users\esthe\Downloads\baby grizzly 14 _\Baby_1405_3_five.mp4;C:\Users\esthe\Downloads\baby grizzly 14 _\Baby_1405_4_five.mp4;C:\Users\esthe\Downloads\baby grizzly 14 _\Baby_1405_5_seven.mp4;C:\Users\esthe\Downloads\baby grizzly 14 _\Baby_1405_6_seven.mp4;C:\Users\esthe\Downloads\baby grizzly 14 _\Baby_1405_7_seven.mp4;C:\Users\esthe\Downloads\baby grizzly 14 _\Baby_1405_8_two.mp4;C:\Users\esthe\Downloads\baby grizzly 14 _\Baby_1405_9_one.mp4,0.0,9.701;4.433;4.267;7.729;13.965;9.531;5.627;5.099;5.562;15.965;11.869;5.499;17.418;8.460;17.460;17.963;11.965,30.000;30.000;30.000;30.000;30.000;30.000;30.000;30.000;30.000;30.000;30.000;30.000;24.000;24.000;24.000;30.000;30.000,Baby_grizzly,translational jaw movement,,,POINT,44.058,C:\Users\esthe\Downloads\baby grizzly 14 _\Baby_1405_15_onehalf.mp4,119,NA,
Baby_1405,2025-06-24 11:48:28.904,,172.403,Media file(s),player #1:C:\Users\esthe\Downloads\baby grizzly 14 _\Baby_1405_10_seven.mp4;C:\Users\esthe\Downloads\baby grizzly 14 _\Baby_1405_11_three.mp4;C:\Users\esthe\Downloads\baby grizzly 14 _\Baby_1405_12_three.mp4;C:\Users\esthe\Downloads\baby grizzly 14 _\Baby_1405_13_five.mp4;C:\Users\esthe\Downloads\baby grizzly 14 _\Baby_1405_14_two.mp4;C:\Users\esthe\Downloads\baby grizzly 14 _\Baby_1405_15_onehalf.mp4;C:\Users\esthe\Downloads\baby grizzly 14 _\Baby_1405_16_seven.mp4;C:\Users\esthe\Downloads\baby grizzly 14 _\Baby_1405_17_seven.mp4;C:\Users\esthe\Downloads\baby grizzly 14 _\Baby_1405_1_three.mp4;C:\Users\esthe\Downloads\baby grizzly 14 _\Baby_1405_2_seven.mp4;C:\Users\esthe\Downloads\baby grizzly 14 _\Baby_1405_3_five.mp4;C:\Users\esthe\Downloads\baby grizzly 14 _\Baby_1405_4_five.mp4;C:\Users\esthe\Downloads\baby grizzly 14 _\Baby_1405_5_seven.mp4;C:\Users\esthe\Downloads\baby grizzly 14 _\Baby_1405_6_seven.mp4;C:\Users\esthe\Downloads\baby grizzly 14 _\Baby_1405_7_seven.mp4;C:\Users\esthe\Downloads\baby grizzly 14 _\Baby_1405_8_two.mp4;C:\Users\esthe\Downloads\baby grizzly 14 _\Baby_1405_9_one.mp4,0.0,9.701;4.433;4.267;7.729;13.965;9.531;5.627;5.099;5.562;15.965;11.869;5.499;17.418;8.460;17.460;17.963;11.965,30.000;30.000;30.000;30.000;30.000;30.000;30.000;30.000;30.000;30.000;30.000;30.000;24.000;24.000;24.000;30.000;30.000,Baby_grizzly,jaw movement,,,POINT,44.626,C:\Users\esthe\Downloads\baby grizzly 14 _\Baby_1405_15_onehalf.mp4,136,NA,
Baby_1405,2025-06-24 11:48:28.904,,172.403,Media file(s),player #1:C:\Users\esthe\Downloads\baby grizzly 14 _\Baby_1405_10_seven.mp4;C:\Users\esthe\Downloads\baby grizzly 14 _\Baby_1405_11_three.mp4;C:\Users\esthe\Downloads\baby grizzly 14 _\Baby_1405_12_three.mp4;C:\Users\esthe\Downloads\baby grizzly 14 _\Baby_1405_13_five.mp4;C:\Users\esthe\Downloads\baby grizzly 14 _\Baby_1405_14_two.mp4;C:\Users\esthe\Downloads\baby grizzly 14 _\Baby_1405_15_onehalf.mp4;C:\Users\esthe\Downloads\baby grizzly 14 _\Baby_1405_16_seven.mp4;C:\Users\esthe\Downloads\baby grizzly 14 _\Baby_1405_17_seven.mp4;C:\Users\esthe\Downloads\baby grizzly 14 _\Baby_1405_1_three.mp4;C:\Users\esthe\Downloads\baby grizzly 14 _\Baby_1405_2_seven.mp4;C:\Users\esthe\Downloads\baby grizzly 14 _\Baby_1405_3_five.mp4;C:\Users\esthe\Downloads\baby grizzly 14 _\Baby_1405_4_five.mp4;C:\Users\esthe\Downloads\baby grizzly 14 _\Baby_1405_5_seven.mp4;C:\Users\esthe\Downloads\baby grizzly 14 _\Baby_1405_6_seven.mp4;C:\Users\esthe\Downloads\baby grizzly 14 _\Baby_1405_7_seven.mp4;C:\Users\esthe\Downloads\baby grizzly 14 _\Baby_1405_8_two.mp4;C:\Users\esthe\Downloads\baby grizzly 14 _\Baby_1405_9_one.mp4,0.0,9.701;4.433;4.267;7.729;13.965;9.531;5.627;5.099;5.562;15.965;11.869;5.499;17.418;8.460;17.460;17.963;11.965,30.000;30.000;30.000;30.000;30.000;30.000;30.000;30.000;30.000;30.000;30.000;30.000;24.000;24.000;24.000;30.000;30.000,Baby_grizzly,rotation,,Vertical,STOP,44.959,C:\Users\esthe\Downloads\baby grizzly 14 _\Baby_1405_15_onehalf.mp4,146,NA,
Baby_1405,2025-06-24 11:48:28.904,,172.403,Media file(s),player #1:C:\Users\esthe\Downloads\baby grizzly 14 _\Baby_1405_10_seven.mp4;C:\Users\esthe\Downloads\baby grizzly 14 _\Baby_1405_11_three.mp4;C:\Users\esthe\Downloads\baby grizzly 14 _\Baby_1405_12_three.mp4;C:\Users\esthe\Downloads\baby grizzly 14 _\Baby_1405_13_five.mp4;C:\Users\esthe\Downloads\baby grizzly 14 _\Baby_1405_14_two.mp4;C:\Users\esthe\Downloads\baby grizzly 14 _\Baby_1405_15_onehalf.mp4;C:\Users\esthe\Downloads\baby grizzly 14 _\Baby_1405_16_seven.mp4;C:\Users\esthe\Downloads\baby grizzly 14 _\Baby_1405_17_seven.mp4;C:\Users\esthe\Downloads\baby grizzly 14 _\Baby_1405_1_three.mp4;C:\Users\esthe\Downloads\baby grizzly 14 _\Baby_1405_2_seven.mp4;C:\Users\esthe\Downloads\baby grizzly 14 _\Baby_1405_3_five.mp4;C:\Users\esthe\Downloads\baby grizzly 14 _\Baby_1405_4_five.mp4;C:\Users\esthe\Downloads\baby grizzly 14 _\Baby_1405_5_seven.mp4;C:\Users\esthe\Downloads\baby grizzly 14 _\Baby_1405_6_seven.mp4;C:\Users\esthe\Downloads\baby grizzly 14 _\Baby_1405_7_seven.mp4;C:\Users\esthe\Downloads\baby grizzly 14 _\Baby_1405_8_two.mp4;C:\Users\esthe\Downloads\baby grizzly 14 _\Baby_1405_9_one.mp4,0.0,9.701;4.433;4.267;7.729;13.965;9.531;5.627;5.099;5.562;15.965;11.869;5.499;17.418;8.460;17.460;17.963;11.965,30.000;30.000;30.000;30.000;30.000;30.000;30.000;30.000;30.000;30.000;30.000;30.000;24.000;24.000;24.000;30.000;30.000,Baby_grizzly,teeth-hole contact,,,POINT,44.959,C:\Users\esthe\Downloads\baby grizzly 14 _\Baby_1405_15_onehalf.mp4,146,NA,
Baby_1405,2025-06-24 11:48:28.904,,172.403,Media file(s),player #1:C:\Users\esthe\Downloads\baby grizzly 14 _\Baby_1405_10_seven.mp4;C:\Users\esthe\Downloads\baby grizzly 14 _\Baby_1405_11_three.mp4;C:\Users\esthe\Downloads\baby grizzly 14 _\Baby_1405_12_three.mp4;C:\Users\esthe\Downloads\baby grizzly 14 _\Baby_1405_13_five.mp4;C:\Users\esthe\Downloads\baby grizzly 14 _\Baby_1405_14_two.mp4;C:\Users\esthe\Downloads\baby grizzly 14 _\Baby_1405_15_onehalf.mp4;C:\Users\esthe\Downloads\baby grizzly 14 _\Baby_1405_16_seven.mp4;C:\Users\esthe\Downloads\baby grizzly 14 _\Baby_1405_17_seven.mp4;C:\Users\esthe\Downloads\baby grizzly 14 _\Baby_1405_1_three.mp4;C:\Users\esthe\Downloads\baby grizzly 14 _\Baby_1405_2_seven.mp4;C:\Users\esthe\Downloads\baby grizzly 14 _\Baby_1405_3_five.mp4;C:\Users\esthe\Downloads\baby grizzly 14 _\Baby_1405_4_five.mp4;C:\Users\esthe\Downloads\baby grizzly 14 _\Baby_1405_5_seven.mp4;C:\Users\esthe\Downloads\baby grizzly 14 _\Baby_1405_6_seven.mp4;C:\Users\esthe\Downloads\baby grizzly 14 _\Baby_1405_7_seven.mp4;C:\Users\esthe\Downloads\baby grizzly 14 _\Baby_1405_8_two.mp4;C:\Users\esthe\Downloads\baby grizzly 14 _\Baby_1405_9_one.mp4,0.0,9.701;4.433;4.267;7.729;13.965;9.531;5.627;5.099;5.562;15.965;11.869;5.499;17.418;8.460;17.460;17.963;11.965,30.000;30.000;30.000;30.000;30.000;30.000;30.000;30.000;30.000;30.000;30.000;30.000;24.000;24.000;24.000;30.000;30.000,Baby_grizzly,translational jaw movement,,,POINT,45.325,C:\Users\esthe\Downloads\baby grizzly 14 _\Baby_1405_15_onehalf.mp4,156,NA,
Baby_1405,2025-06-24 11:48:28.904,,172.403,Media file(s),player #1:C:\Users\esthe\Downloads\baby grizzly 14 _\Baby_1405_10_seven.mp4;C:\Users\esthe\Downloads\baby grizzly 14 _\Baby_1405_11_three.mp4;C:\Users\esthe\Downloads\baby grizzly 14 _\Baby_1405_12_three.mp4;C:\Users\esthe\Downloads\baby grizzly 14 _\Baby_1405_13_five.mp4;C:\Users\esthe\Downloads\baby grizzly 14 _\Baby_1405_14_two.mp4;C:\Users\esthe\Downloads\baby grizzly 14 _\Baby_1405_15_onehalf.mp4;C:\Users\esthe\Downloads\baby grizzly 14 _\Baby_1405_16_seven.mp4;C:\Users\esthe\Downloads\baby grizzly 14 _\Baby_1405_17_seven.mp4;C:\Users\esthe\Downloads\baby grizzly 14 _\Baby_1405_1_three.mp4;C:\Users\esthe\Downloads\baby grizzly 14 _\Baby_1405_2_seven.mp4;C:\Users\esthe\Downloads\baby grizzly 14 _\Baby_1405_3_five.mp4;C:\Users\esthe\Downloads\baby grizzly 14 _\Baby_1405_4_five.mp4;C:\Users\esthe\Downloads\baby grizzly 14 _\Baby_1405_5_seven.mp4;C:\Users\esthe\Downloads\baby grizzly 14 _\Baby_1405_6_seven.mp4;C:\Users\esthe\Downloads\baby grizzly 14 _\Baby_1405_7_seven.mp4;C:\Users\esthe\Downloads\baby grizzly 14 _\Baby_1405_8_two.mp4;C:\Users\esthe\Downloads\baby grizzly 14 _\Baby_1405_9_one.mp4,0.0,9.701;4.433;4.267;7.729;13.965;9.531;5.627;5.099;5.562;15.965;11.869;5.499;17.418;8.460;17.460;17.963;11.965,30.000;30.000;30.000;30.000;30.000;30.000;30.000;30.000;30.000;30.000;30.000;30.000;24.000;24.000;24.000;30.000;30.000,Baby_grizzly,jaw movement,,,POINT,45.625,C:\Users\esthe\Downloads\baby grizzly 14 _\Baby_1405_15_onehalf.mp4,165,NA,
Baby_1405,2025-06-24 11:48:28.904,,172.403,Media file(s),player #1:C:\Users\esthe\Downloads\baby grizzly 14 _\Baby_1405_10_seven.mp4;C:\Users\esthe\Downloads\baby grizzly 14 _\Baby_1405_11_three.mp4;C:\Users\esthe\Downloads\baby grizzly 14 _\Baby_1405_12_three.mp4;C:\Users\esthe\Downloads\baby grizzly 14 _\Baby_1405_13_five.mp4;C:\Users\esthe\Downloads\baby grizzly 14 _\Baby_1405_14_two.mp4;C:\Users\esthe\Downloads\baby grizzly 14 _\Baby_1405_15_onehalf.mp4;C:\Users\esthe\Downloads\baby grizzly 14 _\Baby_1405_16_seven.mp4;C:\Users\esthe\Downloads\baby grizzly 14 _\Baby_1405_17_seven.mp4;C:\Users\esthe\Downloads\baby grizzly 14 _\Baby_1405_1_three.mp4;C:\Users\esthe\Downloads\baby grizzly 14 _\Baby_1405_2_seven.mp4;C:\Users\esthe\Downloads\baby grizzly 14 _\Baby_1405_3_five.mp4;C:\Users\esthe\Downloads\baby grizzly 14 _\Baby_1405_4_five.mp4;C:\Users\esthe\Downloads\baby grizzly 14 _\Baby_1405_5_seven.mp4;C:\Users\esthe\Downloads\baby grizzly 14 _\Baby_1405_6_seven.mp4;C:\Users\esthe\Downloads\baby grizzly 14 _\Baby_1405_7_seven.mp4;C:\Users\esthe\Downloads\baby grizzly 14 _\Baby_1405_8_two.mp4;C:\Users\esthe\Downloads\baby grizzly 14 _\Baby_1405_9_one.mp4,0.0,9.701;4.433;4.267;7.729;13.965;9.531;5.627;5.099;5.562;15.965;11.869;5.499;17.418;8.460;17.460;17.963;11.965,30.000;30.000;30.000;30.000;30.000;30.000;30.000;30.000;30.000;30.000;30.000;30.000;24.000;24.000;24.000;30.000;30.000,Baby_grizzly,mouth,,,POINT,45.758,C:\Users\esthe\Downloads\baby grizzly 14 _\Baby_1405_15_onehalf.mp4,169,NA,
Baby_1405,2025-06-24 11:48:28.904,,172.403,Media file(s),player #1:C:\Users\esthe\Downloads\baby grizzly 14 _\Baby_1405_10_seven.mp4;C:\Users\esthe\Downloads\baby grizzly 14 _\Baby_1405_11_three.mp4;C:\Users\esthe\Downloads\baby grizzly 14 _\Baby_1405_12_three.mp4;C:\Users\esthe\Downloads\baby grizzly 14 _\Baby_1405_13_five.mp4;C:\Users\esthe\Downloads\baby grizzly 14 _\Baby_1405_14_two.mp4;C:\Users\esthe\Downloads\baby grizzly 14 _\Baby_1405_15_onehalf.mp4;C:\Users\esthe\Downloads\baby grizzly 14 _\Baby_1405_16_seven.mp4;C:\Users\esthe\Downloads\baby grizzly 14 _\Baby_1405_17_seven.mp4;C:\Users\esthe\Downloads\baby grizzly 14 _\Baby_1405_1_three.mp4;C:\Users\esthe\Downloads\baby grizzly 14 _\Baby_1405_2_seven.mp4;C:\Users\esthe\Downloads\baby grizzly 14 _\Baby_1405_3_five.mp4;C:\Users\esthe\Downloads\baby grizzly 14 _\Baby_1405_4_five.mp4;C:\Users\esthe\Downloads\baby grizzly 14 _\Baby_1405_5_seven.mp4;C:\Users\esthe\Downloads\baby grizzly 14 _\Baby_1405_6_seven.mp4;C:\Users\esthe\Downloads\baby grizzly 14 _\Baby_1405_7_seven.mp4;C:\Users\esthe\Downloads\baby grizzly 14 _\Baby_1405_8_two.mp4;C:\Users\esthe\Downloads\baby grizzly 14 _\Baby_1405_9_one.mp4,0.0,9.701;4.433;4.267;7.729;13.965;9.531;5.627;5.099;5.562;15.965;11.869;5.499;17.418;8.460;17.460;17.963;11.965,30.000;30.000;30.000;30.000;30.000;30.000;30.000;30.000;30.000;30.000;30.000;30.000;24.000;24.000;24.000;30.000;30.000,Baby_grizzly,assessing,,,STOP,45.924,C:\Users\esthe\Downloads\baby grizzly 14 _\Baby_1405_15_onehalf.mp4,174,NA,
Baby_1405,2025-06-24 11:48:28.904,,172.403,Media file(s),player #1:C:\Users\esthe\Downloads\baby grizzly 14 _\Baby_1405_10_seven.mp4;C:\Users\esthe\Downloads\baby grizzly 14 _\Baby_1405_11_three.mp4;C:\Users\esthe\Downloads\baby grizzly 14 _\Baby_1405_12_three.mp4;C:\Users\esthe\Downloads\baby grizzly 14 _\Baby_1405_13_five.mp4;C:\Users\esthe\Downloads\baby grizzly 14 _\Baby_1405_14_two.mp4;C:\Users\esthe\Downloads\baby grizzly 14 _\Baby_1405_15_onehalf.mp4;C:\Users\esthe\Downloads\baby grizzly 14 _\Baby_1405_16_seven.mp4;C:\Users\esthe\Downloads\baby grizzly 14 _\Baby_1405_17_seven.mp4;C:\Users\esthe\Downloads\baby grizzly 14 _\Baby_1405_1_three.mp4;C:\Users\esthe\Downloads\baby grizzly 14 _\Baby_1405_2_seven.mp4;C:\Users\esthe\Downloads\baby grizzly 14 _\Baby_1405_3_five.mp4;C:\Users\esthe\Downloads\baby grizzly 14 _\Baby_1405_4_five.mp4;C:\Users\esthe\Downloads\baby grizzly 14 _\Baby_1405_5_seven.mp4;C:\Users\esthe\Downloads\baby grizzly 14 _\Baby_1405_6_seven.mp4;C:\Users\esthe\Downloads\baby grizzly 14 _\Baby_1405_7_seven.mp4;C:\Users\esthe\Downloads\baby grizzly 14 _\Baby_1405_8_two.mp4;C:\Users\esthe\Downloads\baby grizzly 14 _\Baby_1405_9_one.mp4,0.0,9.701;4.433;4.267;7.729;13.965;9.531;5.627;5.099;5.562;15.965;11.869;5.499;17.418;8.460;17.460;17.963;11.965,30.000;30.000;30.000;30.000;30.000;30.000;30.000;30.000;30.000;30.000;30.000;30.000;24.000;24.000;24.000;30.000;30.000,Baby_grizzly,target,,,START,46.124,C:\Users\esthe\Downloads\baby grizzly 14 _\Baby_1405_15_onehalf.mp4,180,NA,
Baby_1405,2025-06-24 11:48:28.904,,172.403,Media file(s),player #1:C:\Users\esthe\Downloads\baby grizzly 14 _\Baby_1405_10_seven.mp4;C:\Users\esthe\Downloads\baby grizzly 14 _\Baby_1405_11_three.mp4;C:\Users\esthe\Downloads\baby grizzly 14 _\Baby_1405_12_three.mp4;C:\Users\esthe\Downloads\baby grizzly 14 _\Baby_1405_13_five.mp4;C:\Users\esthe\Downloads\baby grizzly 14 _\Baby_1405_14_two.mp4;C:\Users\esthe\Downloads\baby grizzly 14 _\Baby_1405_15_onehalf.mp4;C:\Users\esthe\Downloads\baby grizzly 14 _\Baby_1405_16_seven.mp4;C:\Users\esthe\Downloads\baby grizzly 14 _\Baby_1405_17_seven.mp4;C:\Users\esthe\Downloads\baby grizzly 14 _\Baby_1405_1_three.mp4;C:\Users\esthe\Downloads\baby grizzly 14 _\Baby_1405_2_seven.mp4;C:\Users\esthe\Downloads\baby grizzly 14 _\Baby_1405_3_five.mp4;C:\Users\esthe\Downloads\baby grizzly 14 _\Baby_1405_4_five.mp4;C:\Users\esthe\Downloads\baby grizzly 14 _\Baby_1405_5_seven.mp4;C:\Users\esthe\Downloads\baby grizzly 14 _\Baby_1405_6_seven.mp4;C:\Users\esthe\Downloads\baby grizzly 14 _\Baby_1405_7_seven.mp4;C:\Users\esthe\Downloads\baby grizzly 14 _\Baby_1405_8_two.mp4;C:\Users\esthe\Downloads\baby grizzly 14 _\Baby_1405_9_one.mp4,0.0,9.701;4.433;4.267;7.729;13.965;9.531;5.627;5.099;5.562;15.965;11.869;5.499;17.418;8.460;17.460;17.963;11.965,30.000;30.000;30.000;30.000;30.000;30.000;30.000;30.000;30.000;30.000;30.000;30.000;24.000;24.000;24.000;30.000;30.000,Baby_grizzly,target,,,STOP,49.390,C:\Users\esthe\Downloads\baby grizzly 14 _\Baby_1405_15_onehalf.mp4,278,NA,
Baby_1405,2025-06-24 11:48:28.904,,172.403,Media file(s),player #1:C:\Users\esthe\Downloads\baby grizzly 14 _\Baby_1405_10_seven.mp4;C:\Users\esthe\Downloads\baby grizzly 14 _\Baby_1405_11_three.mp4;C:\Users\esthe\Downloads\baby grizzly 14 _\Baby_1405_12_three.mp4;C:\Users\esthe\Downloads\baby grizzly 14 _\Baby_1405_13_five.mp4;C:\Users\esthe\Downloads\baby grizzly 14 _\Baby_1405_14_two.mp4;C:\Users\esthe\Downloads\baby grizzly 14 _\Baby_1405_15_onehalf.mp4;C:\Users\esthe\Downloads\baby grizzly 14 _\Baby_1405_16_seven.mp4;C:\Users\esthe\Downloads\baby grizzly 14 _\Baby_1405_17_seven.mp4;C:\Users\esthe\Downloads\baby grizzly 14 _\Baby_1405_1_three.mp4;C:\Users\esthe\Downloads\baby grizzly 14 _\Baby_1405_2_seven.mp4;C:\Users\esthe\Downloads\baby grizzly 14 _\Baby_1405_3_five.mp4;C:\Users\esthe\Downloads\baby grizzly 14 _\Baby_1405_4_five.mp4;C:\Users\esthe\Downloads\baby grizzly 14 _\Baby_1405_5_seven.mp4;C:\Users\esthe\Downloads\baby grizzly 14 _\Baby_1405_6_seven.mp4;C:\Users\esthe\Downloads\baby grizzly 14 _\Baby_1405_7_seven.mp4;C:\Users\esthe\Downloads\baby grizzly 14 _\Baby_1405_8_two.mp4;C:\Users\esthe\Downloads\baby grizzly 14 _\Baby_1405_9_one.mp4,0.0,9.701;4.433;4.267;7.729;13.965;9.531;5.627;5.099;5.562;15.965;11.869;5.499;17.418;8.460;17.460;17.963;11.965,30.000;30.000;30.000;30.000;30.000;30.000;30.000;30.000;30.000;30.000;30.000;30.000;24.000;24.000;24.000;30.000;30.000,Baby_grizzly,bending,,,START,50.751,C:\Users\esthe\Downloads\baby grizzly 14 _\Baby_1405_16_seven.mp4,34,NA,
Baby_1405,2025-06-24 11:48:28.904,,172.403,Media file(s),player #1:C:\Users\esthe\Downloads\baby grizzly 14 _\Baby_1405_10_seven.mp4;C:\Users\esthe\Downloads\baby grizzly 14 _\Baby_1405_11_three.mp4;C:\Users\esthe\Downloads\baby grizzly 14 _\Baby_1405_12_three.mp4;C:\Users\esthe\Downloads\baby grizzly 14 _\Baby_1405_13_five.mp4;C:\Users\esthe\Downloads\baby grizzly 14 _\Baby_1405_14_two.mp4;C:\Users\esthe\Downloads\baby grizzly 14 _\Baby_1405_15_onehalf.mp4;C:\Users\esthe\Downloads\baby grizzly 14 _\Baby_1405_16_seven.mp4;C:\Users\esthe\Downloads\baby grizzly 14 _\Baby_1405_17_seven.mp4;C:\Users\esthe\Downloads\baby grizzly 14 _\Baby_1405_1_three.mp4;C:\Users\esthe\Downloads\baby grizzly 14 _\Baby_1405_2_seven.mp4;C:\Users\esthe\Downloads\baby grizzly 14 _\Baby_1405_3_five.mp4;C:\Users\esthe\Downloads\baby grizzly 14 _\Baby_1405_4_five.mp4;C:\Users\esthe\Downloads\baby grizzly 14 _\Baby_1405_5_seven.mp4;C:\Users\esthe\Downloads\baby grizzly 14 _\Baby_1405_6_seven.mp4;C:\Users\esthe\Downloads\baby grizzly 14 _\Baby_1405_7_seven.mp4;C:\Users\esthe\Downloads\baby grizzly 14 _\Baby_1405_8_two.mp4;C:\Users\esthe\Downloads\baby grizzly 14 _\Baby_1405_9_one.mp4,0.0,9.701;4.433;4.267;7.729;13.965;9.531;5.627;5.099;5.562;15.965;11.869;5.499;17.418;8.460;17.460;17.963;11.965,30.000;30.000;30.000;30.000;30.000;30.000;30.000;30.000;30.000;30.000;30.000;30.000;24.000;24.000;24.000;30.000;30.000,Baby_grizzly,bending,,,STOP,50.950,C:\Users\esthe\Downloads\baby grizzly 14 _\Baby_1405_16_seven.mp4,40,NA,
Baby_1405,2025-06-24 11:48:28.904,,172.403,Media file(s),player #1:C:\Users\esthe\Downloads\baby grizzly 14 _\Baby_1405_10_seven.mp4;C:\Users\esthe\Downloads\baby grizzly 14 _\Baby_1405_11_three.mp4;C:\Users\esthe\Downloads\baby grizzly 14 _\Baby_1405_12_three.mp4;C:\Users\esthe\Downloads\baby grizzly 14 _\Baby_1405_13_five.mp4;C:\Users\esthe\Downloads\baby grizzly 14 _\Baby_1405_14_two.mp4;C:\Users\esthe\Downloads\baby grizzly 14 _\Baby_1405_15_onehalf.mp4;C:\Users\esthe\Downloads\baby grizzly 14 _\Baby_1405_16_seven.mp4;C:\Users\esthe\Downloads\baby grizzly 14 _\Baby_1405_17_seven.mp4;C:\Users\esthe\Downloads\baby grizzly 14 _\Baby_1405_1_three.mp4;C:\Users\esthe\Downloads\baby grizzly 14 _\Baby_1405_2_seven.mp4;C:\Users\esthe\Downloads\baby grizzly 14 _\Baby_1405_3_five.mp4;C:\Users\esthe\Downloads\baby grizzly 14 _\Baby_1405_4_five.mp4;C:\Users\esthe\Downloads\baby grizzly 14 _\Baby_1405_5_seven.mp4;C:\Users\esthe\Downloads\baby grizzly 14 _\Baby_1405_6_seven.mp4;C:\Users\esthe\Downloads\baby grizzly 14 _\Baby_1405_7_seven.mp4;C:\Users\esthe\Downloads\baby grizzly 14 _\Baby_1405_8_two.mp4;C:\Users\esthe\Downloads\baby grizzly 14 _\Baby_1405_9_one.mp4,0.0,9.701;4.433;4.267;7.729;13.965;9.531;5.627;5.099;5.562;15.965;11.869;5.499;17.418;8.460;17.460;17.963;11.965,30.000;30.000;30.000;30.000;30.000;30.000;30.000;30.000;30.000;30.000;30.000;30.000;24.000;24.000;24.000;30.000;30.000,Baby_grizzly,grabbing peanut,,,POINT,50.950,C:\Users\esthe\Downloads\baby grizzly 14 _\Baby_1405_16_seven.mp4,40,NA,
Baby_1405,2025-06-24 11:48:28.904,,172.403,Media file(s),player #1:C:\Users\esthe\Downloads\baby grizzly 14 _\Baby_1405_10_seven.mp4;C:\Users\esthe\Downloads\baby grizzly 14 _\Baby_1405_11_three.mp4;C:\Users\esthe\Downloads\baby grizzly 14 _\Baby_1405_12_three.mp4;C:\Users\esthe\Downloads\baby grizzly 14 _\Baby_1405_13_five.mp4;C:\Users\esthe\Downloads\baby grizzly 14 _\Baby_1405_14_two.mp4;C:\Users\esthe\Downloads\baby grizzly 14 _\Baby_1405_15_onehalf.mp4;C:\Users\esthe\Downloads\baby grizzly 14 _\Baby_1405_16_seven.mp4;C:\Users\esthe\Downloads\baby grizzly 14 _\Baby_1405_17_seven.mp4;C:\Users\esthe\Downloads\baby grizzly 14 _\Baby_1405_1_three.mp4;C:\Users\esthe\Downloads\baby grizzly 14 _\Baby_1405_2_seven.mp4;C:\Users\esthe\Downloads\baby grizzly 14 _\Baby_1405_3_five.mp4;C:\Users\esthe\Downloads\baby grizzly 14 _\Baby_1405_4_five.mp4;C:\Users\esthe\Downloads\baby grizzly 14 _\Baby_1405_5_seven.mp4;C:\Users\esthe\Downloads\baby grizzly 14 _\Baby_1405_6_seven.mp4;C:\Users\esthe\Downloads\baby grizzly 14 _\Baby_1405_7_seven.mp4;C:\Users\esthe\Downloads\baby grizzly 14 _\Baby_1405_8_two.mp4;C:\Users\esthe\Downloads\baby grizzly 14 _\Baby_1405_9_one.mp4,0.0,9.701;4.433;4.267;7.729;13.965;9.531;5.627;5.099;5.562;15.965;11.869;5.499;17.418;8.460;17.460;17.963;11.965,30.000;30.000;30.000;30.000;30.000;30.000;30.000;30.000;30.000;30.000;30.000;30.000;24.000;24.000;24.000;30.000;30.000,Baby_grizzly,lifting,,,START,50.983,C:\Users\esthe\Downloads\baby grizzly 14 _\Baby_1405_16_seven.mp4,41,NA,
Baby_1405,2025-06-24 11:48:28.904,,172.403,Media file(s),player #1:C:\Users\esthe\Downloads\baby grizzly 14 _\Baby_1405_10_seven.mp4;C:\Users\esthe\Downloads\baby grizzly 14 _\Baby_1405_11_three.mp4;C:\Users\esthe\Downloads\baby grizzly 14 _\Baby_1405_12_three.mp4;C:\Users\esthe\Downloads\baby grizzly 14 _\Baby_1405_13_five.mp4;C:\Users\esthe\Downloads\baby grizzly 14 _\Baby_1405_14_two.mp4;C:\Users\esthe\Downloads\baby grizzly 14 _\Baby_1405_15_onehalf.mp4;C:\Users\esthe\Downloads\baby grizzly 14 _\Baby_1405_16_seven.mp4;C:\Users\esthe\Downloads\baby grizzly 14 _\Baby_1405_17_seven.mp4;C:\Users\esthe\Downloads\baby grizzly 14 _\Baby_1405_1_three.mp4;C:\Users\esthe\Downloads\baby grizzly 14 _\Baby_1405_2_seven.mp4;C:\Users\esthe\Downloads\baby grizzly 14 _\Baby_1405_3_five.mp4;C:\Users\esthe\Downloads\baby grizzly 14 _\Baby_1405_4_five.mp4;C:\Users\esthe\Downloads\baby grizzly 14 _\Baby_1405_5_seven.mp4;C:\Users\esthe\Downloads\baby grizzly 14 _\Baby_1405_6_seven.mp4;C:\Users\esthe\Downloads\baby grizzly 14 _\Baby_1405_7_seven.mp4;C:\Users\esthe\Downloads\baby grizzly 14 _\Baby_1405_8_two.mp4;C:\Users\esthe\Downloads\baby grizzly 14 _\Baby_1405_9_one.mp4,0.0,9.701;4.433;4.267;7.729;13.965;9.531;5.627;5.099;5.562;15.965;11.869;5.499;17.418;8.460;17.460;17.963;11.965,30.000;30.000;30.000;30.000;30.000;30.000;30.000;30.000;30.000;30.000;30.000;30.000;24.000;24.000;24.000;30.000;30.000,Baby_grizzly,lifting,,,STOP,51.183,C:\Users\esthe\Downloads\baby grizzly 14 _\Baby_1405_16_seven.mp4,47,NA,
Baby_1405,2025-06-24 11:48:28.904,,172.403,Media file(s),player #1:C:\Users\esthe\Downloads\baby grizzly 14 _\Baby_1405_10_seven.mp4;C:\Users\esthe\Downloads\baby grizzly 14 _\Baby_1405_11_three.mp4;C:\Users\esthe\Downloads\baby grizzly 14 _\Baby_1405_12_three.mp4;C:\Users\esthe\Downloads\baby grizzly 14 _\Baby_1405_13_five.mp4;C:\Users\esthe\Downloads\baby grizzly 14 _\Baby_1405_14_two.mp4;C:\Users\esthe\Downloads\baby grizzly 14 _\Baby_1405_15_onehalf.mp4;C:\Users\esthe\Downloads\baby grizzly 14 _\Baby_1405_16_seven.mp4;C:\Users\esthe\Downloads\baby grizzly 14 _\Baby_1405_17_seven.mp4;C:\Users\esthe\Downloads\baby grizzly 14 _\Baby_1405_1_three.mp4;C:\Users\esthe\Downloads\baby grizzly 14 _\Baby_1405_2_seven.mp4;C:\Users\esthe\Downloads\baby grizzly 14 _\Baby_1405_3_five.mp4;C:\Users\esthe\Downloads\baby grizzly 14 _\Baby_1405_4_five.mp4;C:\Users\esthe\Downloads\baby grizzly 14 _\Baby_1405_5_seven.mp4;C:\Users\esthe\Downloads\baby grizzly 14 _\Baby_1405_6_seven.mp4;C:\Users\esthe\Downloads\baby grizzly 14 _\Baby_1405_7_seven.mp4;C:\Users\esthe\Downloads\baby grizzly 14 _\Baby_1405_8_two.mp4;C:\Users\esthe\Downloads\baby grizzly 14 _\Baby_1405_9_one.mp4,0.0,9.701;4.433;4.267;7.729;13.965;9.531;5.627;5.099;5.562;15.965;11.869;5.499;17.418;8.460;17.460;17.963;11.965,30.000;30.000;30.000;30.000;30.000;30.000;30.000;30.000;30.000;30.000;30.000;30.000;24.000;24.000;24.000;30.000;30.000,Baby_grizzly,assessing,,,START,51.383,C:\Users\esthe\Downloads\baby grizzly 14 _\Baby_1405_16_seven.mp4,53,NA,
Baby_1405,2025-06-24 11:48:28.904,,172.403,Media file(s),player #1:C:\Users\esthe\Downloads\baby grizzly 14 _\Baby_1405_10_seven.mp4;C:\Users\esthe\Downloads\baby grizzly 14 _\Baby_1405_11_three.mp4;C:\Users\esthe\Downloads\baby grizzly 14 _\Baby_1405_12_three.mp4;C:\Users\esthe\Downloads\baby grizzly 14 _\Baby_1405_13_five.mp4;C:\Users\esthe\Downloads\baby grizzly 14 _\Baby_1405_14_two.mp4;C:\Users\esthe\Downloads\baby grizzly 14 _\Baby_1405_15_onehalf.mp4;C:\Users\esthe\Downloads\baby grizzly 14 _\Baby_1405_16_seven.mp4;C:\Users\esthe\Downloads\baby grizzly 14 _\Baby_1405_17_seven.mp4;C:\Users\esthe\Downloads\baby grizzly 14 _\Baby_1405_1_three.mp4;C:\Users\esthe\Downloads\baby grizzly 14 _\Baby_1405_2_seven.mp4;C:\Users\esthe\Downloads\baby grizzly 14 _\Baby_1405_3_five.mp4;C:\Users\esthe\Downloads\baby grizzly 14 _\Baby_1405_4_five.mp4;C:\Users\esthe\Downloads\baby grizzly 14 _\Baby_1405_5_seven.mp4;C:\Users\esthe\Downloads\baby grizzly 14 _\Baby_1405_6_seven.mp4;C:\Users\esthe\Downloads\baby grizzly 14 _\Baby_1405_7_seven.mp4;C:\Users\esthe\Downloads\baby grizzly 14 _\Baby_1405_8_two.mp4;C:\Users\esthe\Downloads\baby grizzly 14 _\Baby_1405_9_one.mp4,0.0,9.701;4.433;4.267;7.729;13.965;9.531;5.627;5.099;5.562;15.965;11.869;5.499;17.418;8.460;17.460;17.963;11.965,30.000;30.000;30.000;30.000;30.000;30.000;30.000;30.000;30.000;30.000;30.000;30.000;24.000;24.000;24.000;30.000;30.000,Baby_grizzly,jaw movement,,,POINT,51.450,C:\Users\esthe\Downloads\baby grizzly 14 _\Baby_1405_16_seven.mp4,55,NA,
Baby_1405,2025-06-24 11:48:28.904,,172.403,Media file(s),player #1:C:\Users\esthe\Downloads\baby grizzly 14 _\Baby_1405_10_seven.mp4;C:\Users\esthe\Downloads\baby grizzly 14 _\Baby_1405_11_three.mp4;C:\Users\esthe\Downloads\baby grizzly 14 _\Baby_1405_12_three.mp4;C:\Users\esthe\Downloads\baby grizzly 14 _\Baby_1405_13_five.mp4;C:\Users\esthe\Downloads\baby grizzly 14 _\Baby_1405_14_two.mp4;C:\Users\esthe\Downloads\baby grizzly 14 _\Baby_1405_15_onehalf.mp4;C:\Users\esthe\Downloads\baby grizzly 14 _\Baby_1405_16_seven.mp4;C:\Users\esthe\Downloads\baby grizzly 14 _\Baby_1405_17_seven.mp4;C:\Users\esthe\Downloads\baby grizzly 14 _\Baby_1405_1_three.mp4;C:\Users\esthe\Downloads\baby grizzly 14 _\Baby_1405_2_seven.mp4;C:\Users\esthe\Downloads\baby grizzly 14 _\Baby_1405_3_five.mp4;C:\Users\esthe\Downloads\baby grizzly 14 _\Baby_1405_4_five.mp4;C:\Users\esthe\Downloads\baby grizzly 14 _\Baby_1405_5_seven.mp4;C:\Users\esthe\Downloads\baby grizzly 14 _\Baby_1405_6_seven.mp4;C:\Users\esthe\Downloads\baby grizzly 14 _\Baby_1405_7_seven.mp4;C:\Users\esthe\Downloads\baby grizzly 14 _\Baby_1405_8_two.mp4;C:\Users\esthe\Downloads\baby grizzly 14 _\Baby_1405_9_one.mp4,0.0,9.701;4.433;4.267;7.729;13.965;9.531;5.627;5.099;5.562;15.965;11.869;5.499;17.418;8.460;17.460;17.963;11.965,30.000;30.000;30.000;30.000;30.000;30.000;30.000;30.000;30.000;30.000;30.000;30.000;24.000;24.000;24.000;30.000;30.000,Baby_grizzly,jaw movement,,,POINT,51.750,C:\Users\esthe\Downloads\baby grizzly 14 _\Baby_1405_16_seven.mp4,64,NA,
Baby_1405,2025-06-24 11:48:28.904,,172.403,Media file(s),player #1:C:\Users\esthe\Downloads\baby grizzly 14 _\Baby_1405_10_seven.mp4;C:\Users\esthe\Downloads\baby grizzly 14 _\Baby_1405_11_three.mp4;C:\Users\esthe\Downloads\baby grizzly 14 _\Baby_1405_12_three.mp4;C:\Users\esthe\Downloads\baby grizzly 14 _\Baby_1405_13_five.mp4;C:\Users\esthe\Downloads\baby grizzly 14 _\Baby_1405_14_two.mp4;C:\Users\esthe\Downloads\baby grizzly 14 _\Baby_1405_15_onehalf.mp4;C:\Users\esthe\Downloads\baby grizzly 14 _\Baby_1405_16_seven.mp4;C:\Users\esthe\Downloads\baby grizzly 14 _\Baby_1405_17_seven.mp4;C:\Users\esthe\Downloads\baby grizzly 14 _\Baby_1405_1_three.mp4;C:\Users\esthe\Downloads\baby grizzly 14 _\Baby_1405_2_seven.mp4;C:\Users\esthe\Downloads\baby grizzly 14 _\Baby_1405_3_five.mp4;C:\Users\esthe\Downloads\baby grizzly 14 _\Baby_1405_4_five.mp4;C:\Users\esthe\Downloads\baby grizzly 14 _\Baby_1405_5_seven.mp4;C:\Users\esthe\Downloads\baby grizzly 14 _\Baby_1405_6_seven.mp4;C:\Users\esthe\Downloads\baby grizzly 14 _\Baby_1405_7_seven.mp4;C:\Users\esthe\Downloads\baby grizzly 14 _\Baby_1405_8_two.mp4;C:\Users\esthe\Downloads\baby grizzly 14 _\Baby_1405_9_one.mp4,0.0,9.701;4.433;4.267;7.729;13.965;9.531;5.627;5.099;5.562;15.965;11.869;5.499;17.418;8.460;17.460;17.963;11.965,30.000;30.000;30.000;30.000;30.000;30.000;30.000;30.000;30.000;30.000;30.000;30.000;24.000;24.000;24.000;30.000;30.000,Baby_grizzly,jaw movement,,,POINT,52.017,C:\Users\esthe\Downloads\baby grizzly 14 _\Baby_1405_16_seven.mp4,72,NA,
Baby_1405,2025-06-24 11:48:28.904,,172.403,Media file(s),player #1:C:\Users\esthe\Downloads\baby grizzly 14 _\Baby_1405_10_seven.mp4;C:\Users\esthe\Downloads\baby grizzly 14 _\Baby_1405_11_three.mp4;C:\Users\esthe\Downloads\baby grizzly 14 _\Baby_1405_12_three.mp4;C:\Users\esthe\Downloads\baby grizzly 14 _\Baby_1405_13_five.mp4;C:\Users\esthe\Downloads\baby grizzly 14 _\Baby_1405_14_two.mp4;C:\Users\esthe\Downloads\baby grizzly 14 _\Baby_1405_15_onehalf.mp4;C:\Users\esthe\Downloads\baby grizzly 14 _\Baby_1405_16_seven.mp4;C:\Users\esthe\Downloads\baby grizzly 14 _\Baby_1405_17_seven.mp4;C:\Users\esthe\Downloads\baby grizzly 14 _\Baby_1405_1_three.mp4;C:\Users\esthe\Downloads\baby grizzly 14 _\Baby_1405_2_seven.mp4;C:\Users\esthe\Downloads\baby grizzly 14 _\Baby_1405_3_five.mp4;C:\Users\esthe\Downloads\baby grizzly 14 _\Baby_1405_4_five.mp4;C:\Users\esthe\Downloads\baby grizzly 14 _\Baby_1405_5_seven.mp4;C:\Users\esthe\Downloads\baby grizzly 14 _\Baby_1405_6_seven.mp4;C:\Users\esthe\Downloads\baby grizzly 14 _\Baby_1405_7_seven.mp4;C:\Users\esthe\Downloads\baby grizzly 14 _\Baby_1405_8_two.mp4;C:\Users\esthe\Downloads\baby grizzly 14 _\Baby_1405_9_one.mp4,0.0,9.701;4.433;4.267;7.729;13.965;9.531;5.627;5.099;5.562;15.965;11.869;5.499;17.418;8.460;17.460;17.963;11.965,30.000;30.000;30.000;30.000;30.000;30.000;30.000;30.000;30.000;30.000;30.000;30.000;24.000;24.000;24.000;30.000;30.000,Baby_grizzly,sniffing,,,POINT,52.184,C:\Users\esthe\Downloads\baby grizzly 14 _\Baby_1405_16_seven.mp4,77,NA,
Baby_1405,2025-06-24 11:48:28.904,,172.403,Media file(s),player #1:C:\Users\esthe\Downloads\baby grizzly 14 _\Baby_1405_10_seven.mp4;C:\Users\esthe\Downloads\baby grizzly 14 _\Baby_1405_11_three.mp4;C:\Users\esthe\Downloads\baby grizzly 14 _\Baby_1405_12_three.mp4;C:\Users\esthe\Downloads\baby grizzly 14 _\Baby_1405_13_five.mp4;C:\Users\esthe\Downloads\baby grizzly 14 _\Baby_1405_14_two.mp4;C:\Users\esthe\Downloads\baby grizzly 14 _\Baby_1405_15_onehalf.mp4;C:\Users\esthe\Downloads\baby grizzly 14 _\Baby_1405_16_seven.mp4;C:\Users\esthe\Downloads\baby grizzly 14 _\Baby_1405_17_seven.mp4;C:\Users\esthe\Downloads\baby grizzly 14 _\Baby_1405_1_three.mp4;C:\Users\esthe\Downloads\baby grizzly 14 _\Baby_1405_2_seven.mp4;C:\Users\esthe\Downloads\baby grizzly 14 _\Baby_1405_3_five.mp4;C:\Users\esthe\Downloads\baby grizzly 14 _\Baby_1405_4_five.mp4;C:\Users\esthe\Downloads\baby grizzly 14 _\Baby_1405_5_seven.mp4;C:\Users\esthe\Downloads\baby grizzly 14 _\Baby_1405_6_seven.mp4;C:\Users\esthe\Downloads\baby grizzly 14 _\Baby_1405_7_seven.mp4;C:\Users\esthe\Downloads\baby grizzly 14 _\Baby_1405_8_two.mp4;C:\Users\esthe\Downloads\baby grizzly 14 _\Baby_1405_9_one.mp4,0.0,9.701;4.433;4.267;7.729;13.965;9.531;5.627;5.099;5.562;15.965;11.869;5.499;17.418;8.460;17.460;17.963;11.965,30.000;30.000;30.000;30.000;30.000;30.000;30.000;30.000;30.000;30.000;30.000;30.000;24.000;24.000;24.000;30.000;30.000,Baby_grizzly,jaw movement,,,POINT,52.351,C:\Users\esthe\Downloads\baby grizzly 14 _\Baby_1405_16_seven.mp4,82,NA,
Baby_1405,2025-06-24 11:48:28.904,,172.403,Media file(s),player #1:C:\Users\esthe\Downloads\baby grizzly 14 _\Baby_1405_10_seven.mp4;C:\Users\esthe\Downloads\baby grizzly 14 _\Baby_1405_11_three.mp4;C:\Users\esthe\Downloads\baby grizzly 14 _\Baby_1405_12_three.mp4;C:\Users\esthe\Downloads\baby grizzly 14 _\Baby_1405_13_five.mp4;C:\Users\esthe\Downloads\baby grizzly 14 _\Baby_1405_14_two.mp4;C:\Users\esthe\Downloads\baby grizzly 14 _\Baby_1405_15_onehalf.mp4;C:\Users\esthe\Downloads\baby grizzly 14 _\Baby_1405_16_seven.mp4;C:\Users\esthe\Downloads\baby grizzly 14 _\Baby_1405_17_seven.mp4;C:\Users\esthe\Downloads\baby grizzly 14 _\Baby_1405_1_three.mp4;C:\Users\esthe\Downloads\baby grizzly 14 _\Baby_1405_2_seven.mp4;C:\Users\esthe\Downloads\baby grizzly 14 _\Baby_1405_3_five.mp4;C:\Users\esthe\Downloads\baby grizzly 14 _\Baby_1405_4_five.mp4;C:\Users\esthe\Downloads\baby grizzly 14 _\Baby_1405_5_seven.mp4;C:\Users\esthe\Downloads\baby grizzly 14 _\Baby_1405_6_seven.mp4;C:\Users\esthe\Downloads\baby grizzly 14 _\Baby_1405_7_seven.mp4;C:\Users\esthe\Downloads\baby grizzly 14 _\Baby_1405_8_two.mp4;C:\Users\esthe\Downloads\baby grizzly 14 _\Baby_1405_9_one.mp4,0.0,9.701;4.433;4.267;7.729;13.965;9.531;5.627;5.099;5.562;15.965;11.869;5.499;17.418;8.460;17.460;17.963;11.965,30.000;30.000;30.000;30.000;30.000;30.000;30.000;30.000;30.000;30.000;30.000;30.000;24.000;24.000;24.000;30.000;30.000,Baby_grizzly,assessing,,,STOP,52.551,C:\Users\esthe\Downloads\baby grizzly 14 _\Baby_1405_16_seven.mp4,88,NA,
Baby_1405,2025-06-24 11:48:28.904,,172.403,Media file(s),player #1:C:\Users\esthe\Downloads\baby grizzly 14 _\Baby_1405_10_seven.mp4;C:\Users\esthe\Downloads\baby grizzly 14 _\Baby_1405_11_three.mp4;C:\Users\esthe\Downloads\baby grizzly 14 _\Baby_1405_12_three.mp4;C:\Users\esthe\Downloads\baby grizzly 14 _\Baby_1405_13_five.mp4;C:\Users\esthe\Downloads\baby grizzly 14 _\Baby_1405_14_two.mp4;C:\Users\esthe\Downloads\baby grizzly 14 _\Baby_1405_15_onehalf.mp4;C:\Users\esthe\Downloads\baby grizzly 14 _\Baby_1405_16_seven.mp4;C:\Users\esthe\Downloads\baby grizzly 14 _\Baby_1405_17_seven.mp4;C:\Users\esthe\Downloads\baby grizzly 14 _\Baby_1405_1_three.mp4;C:\Users\esthe\Downloads\baby grizzly 14 _\Baby_1405_2_seven.mp4;C:\Users\esthe\Downloads\baby grizzly 14 _\Baby_1405_3_five.mp4;C:\Users\esthe\Downloads\baby grizzly 14 _\Baby_1405_4_five.mp4;C:\Users\esthe\Downloads\baby grizzly 14 _\Baby_1405_5_seven.mp4;C:\Users\esthe\Downloads\baby grizzly 14 _\Baby_1405_6_seven.mp4;C:\Users\esthe\Downloads\baby grizzly 14 _\Baby_1405_7_seven.mp4;C:\Users\esthe\Downloads\baby grizzly 14 _\Baby_1405_8_two.mp4;C:\Users\esthe\Downloads\baby grizzly 14 _\Baby_1405_9_one.mp4,0.0,9.701;4.433;4.267;7.729;13.965;9.531;5.627;5.099;5.562;15.965;11.869;5.499;17.418;8.460;17.460;17.963;11.965,30.000;30.000;30.000;30.000;30.000;30.000;30.000;30.000;30.000;30.000;30.000;30.000;24.000;24.000;24.000;30.000;30.000,Baby_grizzly,target,,,START,52.684,C:\Users\esthe\Downloads\baby grizzly 14 _\Baby_1405_16_seven.mp4,92,NA,
Baby_1405,2025-06-24 11:48:28.904,,172.403,Media file(s),player #1:C:\Users\esthe\Downloads\baby grizzly 14 _\Baby_1405_10_seven.mp4;C:\Users\esthe\Downloads\baby grizzly 14 _\Baby_1405_11_three.mp4;C:\Users\esthe\Downloads\baby grizzly 14 _\Baby_1405_12_three.mp4;C:\Users\esthe\Downloads\baby grizzly 14 _\Baby_1405_13_five.mp4;C:\Users\esthe\Downloads\baby grizzly 14 _\Baby_1405_14_two.mp4;C:\Users\esthe\Downloads\baby grizzly 14 _\Baby_1405_15_onehalf.mp4;C:\Users\esthe\Downloads\baby grizzly 14 _\Baby_1405_16_seven.mp4;C:\Users\esthe\Downloads\baby grizzly 14 _\Baby_1405_17_seven.mp4;C:\Users\esthe\Downloads\baby grizzly 14 _\Baby_1405_1_three.mp4;C:\Users\esthe\Downloads\baby grizzly 14 _\Baby_1405_2_seven.mp4;C:\Users\esthe\Downloads\baby grizzly 14 _\Baby_1405_3_five.mp4;C:\Users\esthe\Downloads\baby grizzly 14 _\Baby_1405_4_five.mp4;C:\Users\esthe\Downloads\baby grizzly 14 _\Baby_1405_5_seven.mp4;C:\Users\esthe\Downloads\baby grizzly 14 _\Baby_1405_6_seven.mp4;C:\Users\esthe\Downloads\baby grizzly 14 _\Baby_1405_7_seven.mp4;C:\Users\esthe\Downloads\baby grizzly 14 _\Baby_1405_8_two.mp4;C:\Users\esthe\Downloads\baby grizzly 14 _\Baby_1405_9_one.mp4,0.0,9.701;4.433;4.267;7.729;13.965;9.531;5.627;5.099;5.562;15.965;11.869;5.499;17.418;8.460;17.460;17.963;11.965,30.000;30.000;30.000;30.000;30.000;30.000;30.000;30.000;30.000;30.000;30.000;30.000;24.000;24.000;24.000;30.000;30.000,Baby_grizzly,target,,,STOP,54.648,C:\Users\esthe\Downloads\baby grizzly 14 _\Baby_1405_16_seven.mp4,151,NA,
Baby_1405,2025-06-24 11:48:28.904,,172.403,Media file(s),player #1:C:\Users\esthe\Downloads\baby grizzly 14 _\Baby_1405_10_seven.mp4;C:\Users\esthe\Downloads\baby grizzly 14 _\Baby_1405_11_three.mp4;C:\Users\esthe\Downloads\baby grizzly 14 _\Baby_1405_12_three.mp4;C:\Users\esthe\Downloads\baby grizzly 14 _\Baby_1405_13_five.mp4;C:\Users\esthe\Downloads\baby grizzly 14 _\Baby_1405_14_two.mp4;C:\Users\esthe\Downloads\baby grizzly 14 _\Baby_1405_15_onehalf.mp4;C:\Users\esthe\Downloads\baby grizzly 14 _\Baby_1405_16_seven.mp4;C:\Users\esthe\Downloads\baby grizzly 14 _\Baby_1405_17_seven.mp4;C:\Users\esthe\Downloads\baby grizzly 14 _\Baby_1405_1_three.mp4;C:\Users\esthe\Downloads\baby grizzly 14 _\Baby_1405_2_seven.mp4;C:\Users\esthe\Downloads\baby grizzly 14 _\Baby_1405_3_five.mp4;C:\Users\esthe\Downloads\baby grizzly 14 _\Baby_1405_4_five.mp4;C:\Users\esthe\Downloads\baby grizzly 14 _\Baby_1405_5_seven.mp4;C:\Users\esthe\Downloads\baby grizzly 14 _\Baby_1405_6_seven.mp4;C:\Users\esthe\Downloads\baby grizzly 14 _\Baby_1405_7_seven.mp4;C:\Users\esthe\Downloads\baby grizzly 14 _\Baby_1405_8_two.mp4;C:\Users\esthe\Downloads\baby grizzly 14 _\Baby_1405_9_one.mp4,0.0,9.701;4.433;4.267;7.729;13.965;9.531;5.627;5.099;5.562;15.965;11.869;5.499;17.418;8.460;17.460;17.963;11.965,30.000;30.000;30.000;30.000;30.000;30.000;30.000;30.000;30.000;30.000;30.000;30.000;24.000;24.000;24.000;30.000;30.000,Baby_grizzly,digging,,,START,54.748,C:\Users\esthe\Downloads\baby grizzly 14 _\Baby_1405_16_seven.mp4,154,NA,
Baby_1405,2025-06-24 11:48:28.904,,172.403,Media file(s),player #1:C:\Users\esthe\Downloads\baby grizzly 14 _\Baby_1405_10_seven.mp4;C:\Users\esthe\Downloads\baby grizzly 14 _\Baby_1405_11_three.mp4;C:\Users\esthe\Downloads\baby grizzly 14 _\Baby_1405_12_three.mp4;C:\Users\esthe\Downloads\baby grizzly 14 _\Baby_1405_13_five.mp4;C:\Users\esthe\Downloads\baby grizzly 14 _\Baby_1405_14_two.mp4;C:\Users\esthe\Downloads\baby grizzly 14 _\Baby_1405_15_onehalf.mp4;C:\Users\esthe\Downloads\baby grizzly 14 _\Baby_1405_16_seven.mp4;C:\Users\esthe\Downloads\baby grizzly 14 _\Baby_1405_17_seven.mp4;C:\Users\esthe\Downloads\baby grizzly 14 _\Baby_1405_1_three.mp4;C:\Users\esthe\Downloads\baby grizzly 14 _\Baby_1405_2_seven.mp4;C:\Users\esthe\Downloads\baby grizzly 14 _\Baby_1405_3_five.mp4;C:\Users\esthe\Downloads\baby grizzly 14 _\Baby_1405_4_five.mp4;C:\Users\esthe\Downloads\baby grizzly 14 _\Baby_1405_5_seven.mp4;C:\Users\esthe\Downloads\baby grizzly 14 _\Baby_1405_6_seven.mp4;C:\Users\esthe\Downloads\baby grizzly 14 _\Baby_1405_7_seven.mp4;C:\Users\esthe\Downloads\baby grizzly 14 _\Baby_1405_8_two.mp4;C:\Users\esthe\Downloads\baby grizzly 14 _\Baby_1405_9_one.mp4,0.0,9.701;4.433;4.267;7.729;13.965;9.531;5.627;5.099;5.562;15.965;11.869;5.499;17.418;8.460;17.460;17.963;11.965,30.000;30.000;30.000;30.000;30.000;30.000;30.000;30.000;30.000;30.000;30.000;30.000;24.000;24.000;24.000;30.000;30.000,Baby_grizzly,digging,,,STOP,55.182,C:\Users\esthe\Downloads\baby grizzly 14 _\Baby_1405_16_seven.mp4,167,NA,
Baby_1405,2025-06-24 11:48:28.904,,172.403,Media file(s),player #1:C:\Users\esthe\Downloads\baby grizzly 14 _\Baby_1405_10_seven.mp4;C:\Users\esthe\Downloads\baby grizzly 14 _\Baby_1405_11_three.mp4;C:\Users\esthe\Downloads\baby grizzly 14 _\Baby_1405_12_three.mp4;C:\Users\esthe\Downloads\baby grizzly 14 _\Baby_1405_13_five.mp4;C:\Users\esthe\Downloads\baby grizzly 14 _\Baby_1405_14_two.mp4;C:\Users\esthe\Downloads\baby grizzly 14 _\Baby_1405_15_onehalf.mp4;C:\Users\esthe\Downloads\baby grizzly 14 _\Baby_1405_16_seven.mp4;C:\Users\esthe\Downloads\baby grizzly 14 _\Baby_1405_17_seven.mp4;C:\Users\esthe\Downloads\baby grizzly 14 _\Baby_1405_1_three.mp4;C:\Users\esthe\Downloads\baby grizzly 14 _\Baby_1405_2_seven.mp4;C:\Users\esthe\Downloads\baby grizzly 14 _\Baby_1405_3_five.mp4;C:\Users\esthe\Downloads\baby grizzly 14 _\Baby_1405_4_five.mp4;C:\Users\esthe\Downloads\baby grizzly 14 _\Baby_1405_5_seven.mp4;C:\Users\esthe\Downloads\baby grizzly 14 _\Baby_1405_6_seven.mp4;C:\Users\esthe\Downloads\baby grizzly 14 _\Baby_1405_7_seven.mp4;C:\Users\esthe\Downloads\baby grizzly 14 _\Baby_1405_8_two.mp4;C:\Users\esthe\Downloads\baby grizzly 14 _\Baby_1405_9_one.mp4,0.0,9.701;4.433;4.267;7.729;13.965;9.531;5.627;5.099;5.562;15.965;11.869;5.499;17.418;8.460;17.460;17.963;11.965,30.000;30.000;30.000;30.000;30.000;30.000;30.000;30.000;30.000;30.000;30.000;30.000;24.000;24.000;24.000;30.000;30.000,Baby_grizzly,lifting,,,START,55.248,C:\Users\esthe\Downloads\baby grizzly 14 _\Baby_1405_16_seven.mp4,0,NA,
Baby_1405,2025-06-24 11:48:28.904,,172.403,Media file(s),player #1:C:\Users\esthe\Downloads\baby grizzly 14 _\Baby_1405_10_seven.mp4;C:\Users\esthe\Downloads\baby grizzly 14 _\Baby_1405_11_three.mp4;C:\Users\esthe\Downloads\baby grizzly 14 _\Baby_1405_12_three.mp4;C:\Users\esthe\Downloads\baby grizzly 14 _\Baby_1405_13_five.mp4;C:\Users\esthe\Downloads\baby grizzly 14 _\Baby_1405_14_two.mp4;C:\Users\esthe\Downloads\baby grizzly 14 _\Baby_1405_15_onehalf.mp4;C:\Users\esthe\Downloads\baby grizzly 14 _\Baby_1405_16_seven.mp4;C:\Users\esthe\Downloads\baby grizzly 14 _\Baby_1405_17_seven.mp4;C:\Users\esthe\Downloads\baby grizzly 14 _\Baby_1405_1_three.mp4;C:\Users\esthe\Downloads\baby grizzly 14 _\Baby_1405_2_seven.mp4;C:\Users\esthe\Downloads\baby grizzly 14 _\Baby_1405_3_five.mp4;C:\Users\esthe\Downloads\baby grizzly 14 _\Baby_1405_4_five.mp4;C:\Users\esthe\Downloads\baby grizzly 14 _\Baby_1405_5_seven.mp4;C:\Users\esthe\Downloads\baby grizzly 14 _\Baby_1405_6_seven.mp4;C:\Users\esthe\Downloads\baby grizzly 14 _\Baby_1405_7_seven.mp4;C:\Users\esthe\Downloads\baby grizzly 14 _\Baby_1405_8_two.mp4;C:\Users\esthe\Downloads\baby grizzly 14 _\Baby_1405_9_one.mp4,0.0,9.701;4.433;4.267;7.729;13.965;9.531;5.627;5.099;5.562;15.965;11.869;5.499;17.418;8.460;17.460;17.963;11.965,30.000;30.000;30.000;30.000;30.000;30.000;30.000;30.000;30.000;30.000;30.000;30.000;24.000;24.000;24.000;30.000;30.000,Baby_grizzly,lifting,,,STOP,55.381,C:\Users\esthe\Downloads\baby grizzly 14 _\Baby_1405_17_seven.mp4,4,NA,
Baby_1405,2025-06-24 11:48:28.904,,172.403,Media file(s),player #1:C:\Users\esthe\Downloads\baby grizzly 14 _\Baby_1405_10_seven.mp4;C:\Users\esthe\Downloads\baby grizzly 14 _\Baby_1405_11_three.mp4;C:\Users\esthe\Downloads\baby grizzly 14 _\Baby_1405_12_three.mp4;C:\Users\esthe\Downloads\baby grizzly 14 _\Baby_1405_13_five.mp4;C:\Users\esthe\Downloads\baby grizzly 14 _\Baby_1405_14_two.mp4;C:\Users\esthe\Downloads\baby grizzly 14 _\Baby_1405_15_onehalf.mp4;C:\Users\esthe\Downloads\baby grizzly 14 _\Baby_1405_16_seven.mp4;C:\Users\esthe\Downloads\baby grizzly 14 _\Baby_1405_17_seven.mp4;C:\Users\esthe\Downloads\baby grizzly 14 _\Baby_1405_1_three.mp4;C:\Users\esthe\Downloads\baby grizzly 14 _\Baby_1405_2_seven.mp4;C:\Users\esthe\Downloads\baby grizzly 14 _\Baby_1405_3_five.mp4;C:\Users\esthe\Downloads\baby grizzly 14 _\Baby_1405_4_five.mp4;C:\Users\esthe\Downloads\baby grizzly 14 _\Baby_1405_5_seven.mp4;C:\Users\esthe\Downloads\baby grizzly 14 _\Baby_1405_6_seven.mp4;C:\Users\esthe\Downloads\baby grizzly 14 _\Baby_1405_7_seven.mp4;C:\Users\esthe\Downloads\baby grizzly 14 _\Baby_1405_8_two.mp4;C:\Users\esthe\Downloads\baby grizzly 14 _\Baby_1405_9_one.mp4,0.0,9.701;4.433;4.267;7.729;13.965;9.531;5.627;5.099;5.562;15.965;11.869;5.499;17.418;8.460;17.460;17.963;11.965,30.000;30.000;30.000;30.000;30.000;30.000;30.000;30.000;30.000;30.000;30.000;30.000;24.000;24.000;24.000;30.000;30.000,Baby_grizzly,assessing,,,START,55.548,C:\Users\esthe\Downloads\baby grizzly 14 _\Baby_1405_17_seven.mp4,9,NA,
Baby_1405,2025-06-24 11:48:28.904,,172.403,Media file(s),player #1:C:\Users\esthe\Downloads\baby grizzly 14 _\Baby_1405_10_seven.mp4;C:\Users\esthe\Downloads\baby grizzly 14 _\Baby_1405_11_three.mp4;C:\Users\esthe\Downloads\baby grizzly 14 _\Baby_1405_12_three.mp4;C:\Users\esthe\Downloads\baby grizzly 14 _\Baby_1405_13_five.mp4;C:\Users\esthe\Downloads\baby grizzly 14 _\Baby_1405_14_two.mp4;C:\Users\esthe\Downloads\baby grizzly 14 _\Baby_1405_15_onehalf.mp4;C:\Users\esthe\Downloads\baby grizzly 14 _\Baby_1405_16_seven.mp4;C:\Users\esthe\Downloads\baby grizzly 14 _\Baby_1405_17_seven.mp4;C:\Users\esthe\Downloads\baby grizzly 14 _\Baby_1405_1_three.mp4;C:\Users\esthe\Downloads\baby grizzly 14 _\Baby_1405_2_seven.mp4;C:\Users\esthe\Downloads\baby grizzly 14 _\Baby_1405_3_five.mp4;C:\Users\esthe\Downloads\baby grizzly 14 _\Baby_1405_4_five.mp4;C:\Users\esthe\Downloads\baby grizzly 14 _\Baby_1405_5_seven.mp4;C:\Users\esthe\Downloads\baby grizzly 14 _\Baby_1405_6_seven.mp4;C:\Users\esthe\Downloads\baby grizzly 14 _\Baby_1405_7_seven.mp4;C:\Users\esthe\Downloads\baby grizzly 14 _\Baby_1405_8_two.mp4;C:\Users\esthe\Downloads\baby grizzly 14 _\Baby_1405_9_one.mp4,0.0,9.701;4.433;4.267;7.729;13.965;9.531;5.627;5.099;5.562;15.965;11.869;5.499;17.418;8.460;17.460;17.963;11.965,30.000;30.000;30.000;30.000;30.000;30.000;30.000;30.000;30.000;30.000;30.000;30.000;24.000;24.000;24.000;30.000;30.000,Baby_grizzly,jaw movement,,,POINT,55.682,C:\Users\esthe\Downloads\baby grizzly 14 _\Baby_1405_17_seven.mp4,13,NA,
Baby_1405,2025-06-24 11:48:28.904,,172.403,Media file(s),player #1:C:\Users\esthe\Downloads\baby grizzly 14 _\Baby_1405_10_seven.mp4;C:\Users\esthe\Downloads\baby grizzly 14 _\Baby_1405_11_three.mp4;C:\Users\esthe\Downloads\baby grizzly 14 _\Baby_1405_12_three.mp4;C:\Users\esthe\Downloads\baby grizzly 14 _\Baby_1405_13_five.mp4;C:\Users\esthe\Downloads\baby grizzly 14 _\Baby_1405_14_two.mp4;C:\Users\esthe\Downloads\baby grizzly 14 _\Baby_1405_15_onehalf.mp4;C:\Users\esthe\Downloads\baby grizzly 14 _\Baby_1405_16_seven.mp4;C:\Users\esthe\Downloads\baby grizzly 14 _\Baby_1405_17_seven.mp4;C:\Users\esthe\Downloads\baby grizzly 14 _\Baby_1405_1_three.mp4;C:\Users\esthe\Downloads\baby grizzly 14 _\Baby_1405_2_seven.mp4;C:\Users\esthe\Downloads\baby grizzly 14 _\Baby_1405_3_five.mp4;C:\Users\esthe\Downloads\baby grizzly 14 _\Baby_1405_4_five.mp4;C:\Users\esthe\Downloads\baby grizzly 14 _\Baby_1405_5_seven.mp4;C:\Users\esthe\Downloads\baby grizzly 14 _\Baby_1405_6_seven.mp4;C:\Users\esthe\Downloads\baby grizzly 14 _\Baby_1405_7_seven.mp4;C:\Users\esthe\Downloads\baby grizzly 14 _\Baby_1405_8_two.mp4;C:\Users\esthe\Downloads\baby grizzly 14 _\Baby_1405_9_one.mp4,0.0,9.701;4.433;4.267;7.729;13.965;9.531;5.627;5.099;5.562;15.965;11.869;5.499;17.418;8.460;17.460;17.963;11.965,30.000;30.000;30.000;30.000;30.000;30.000;30.000;30.000;30.000;30.000;30.000;30.000;24.000;24.000;24.000;30.000;30.000,Baby_grizzly,rotation,,Horizontal,START,55.815,C:\Users\esthe\Downloads\baby grizzly 14 _\Baby_1405_17_seven.mp4,17,NA,
Baby_1405,2025-06-24 11:48:28.904,,172.403,Media file(s),player #1:C:\Users\esthe\Downloads\baby grizzly 14 _\Baby_1405_10_seven.mp4;C:\Users\esthe\Downloads\baby grizzly 14 _\Baby_1405_11_three.mp4;C:\Users\esthe\Downloads\baby grizzly 14 _\Baby_1405_12_three.mp4;C:\Users\esthe\Downloads\baby grizzly 14 _\Baby_1405_13_five.mp4;C:\Users\esthe\Downloads\baby grizzly 14 _\Baby_1405_14_two.mp4;C:\Users\esthe\Downloads\baby grizzly 14 _\Baby_1405_15_onehalf.mp4;C:\Users\esthe\Downloads\baby grizzly 14 _\Baby_1405_16_seven.mp4;C:\Users\esthe\Downloads\baby grizzly 14 _\Baby_1405_17_seven.mp4;C:\Users\esthe\Downloads\baby grizzly 14 _\Baby_1405_1_three.mp4;C:\Users\esthe\Downloads\baby grizzly 14 _\Baby_1405_2_seven.mp4;C:\Users\esthe\Downloads\baby grizzly 14 _\Baby_1405_3_five.mp4;C:\Users\esthe\Downloads\baby grizzly 14 _\Baby_1405_4_five.mp4;C:\Users\esthe\Downloads\baby grizzly 14 _\Baby_1405_5_seven.mp4;C:\Users\esthe\Downloads\baby grizzly 14 _\Baby_1405_6_seven.mp4;C:\Users\esthe\Downloads\baby grizzly 14 _\Baby_1405_7_seven.mp4;C:\Users\esthe\Downloads\baby grizzly 14 _\Baby_1405_8_two.mp4;C:\Users\esthe\Downloads\baby grizzly 14 _\Baby_1405_9_one.mp4,0.0,9.701;4.433;4.267;7.729;13.965;9.531;5.627;5.099;5.562;15.965;11.869;5.499;17.418;8.460;17.460;17.963;11.965,30.000;30.000;30.000;30.000;30.000;30.000;30.000;30.000;30.000;30.000;30.000;30.000;24.000;24.000;24.000;30.000;30.000,Baby_grizzly,jaw movement,,,POINT,55.882,C:\Users\esthe\Downloads\baby grizzly 14 _\Baby_1405_17_seven.mp4,19,NA,
Baby_1405,2025-06-24 11:48:28.904,,172.403,Media file(s),player #1:C:\Users\esthe\Downloads\baby grizzly 14 _\Baby_1405_10_seven.mp4;C:\Users\esthe\Downloads\baby grizzly 14 _\Baby_1405_11_three.mp4;C:\Users\esthe\Downloads\baby grizzly 14 _\Baby_1405_12_three.mp4;C:\Users\esthe\Downloads\baby grizzly 14 _\Baby_1405_13_five.mp4;C:\Users\esthe\Downloads\baby grizzly 14 _\Baby_1405_14_two.mp4;C:\Users\esthe\Downloads\baby grizzly 14 _\Baby_1405_15_onehalf.mp4;C:\Users\esthe\Downloads\baby grizzly 14 _\Baby_1405_16_seven.mp4;C:\Users\esthe\Downloads\baby grizzly 14 _\Baby_1405_17_seven.mp4;C:\Users\esthe\Downloads\baby grizzly 14 _\Baby_1405_1_three.mp4;C:\Users\esthe\Downloads\baby grizzly 14 _\Baby_1405_2_seven.mp4;C:\Users\esthe\Downloads\baby grizzly 14 _\Baby_1405_3_five.mp4;C:\Users\esthe\Downloads\baby grizzly 14 _\Baby_1405_4_five.mp4;C:\Users\esthe\Downloads\baby grizzly 14 _\Baby_1405_5_seven.mp4;C:\Users\esthe\Downloads\baby grizzly 14 _\Baby_1405_6_seven.mp4;C:\Users\esthe\Downloads\baby grizzly 14 _\Baby_1405_7_seven.mp4;C:\Users\esthe\Downloads\baby grizzly 14 _\Baby_1405_8_two.mp4;C:\Users\esthe\Downloads\baby grizzly 14 _\Baby_1405_9_one.mp4,0.0,9.701;4.433;4.267;7.729;13.965;9.531;5.627;5.099;5.562;15.965;11.869;5.499;17.418;8.460;17.460;17.963;11.965,30.000;30.000;30.000;30.000;30.000;30.000;30.000;30.000;30.000;30.000;30.000;30.000;24.000;24.000;24.000;30.000;30.000,Baby_grizzly,jaw movement,,,POINT,56.481,C:\Users\esthe\Downloads\baby grizzly 14 _\Baby_1405_17_seven.mp4,37,NA,
Baby_1405,2025-06-24 11:48:28.904,,172.403,Media file(s),player #1:C:\Users\esthe\Downloads\baby grizzly 14 _\Baby_1405_10_seven.mp4;C:\Users\esthe\Downloads\baby grizzly 14 _\Baby_1405_11_three.mp4;C:\Users\esthe\Downloads\baby grizzly 14 _\Baby_1405_12_three.mp4;C:\Users\esthe\Downloads\baby grizzly 14 _\Baby_1405_13_five.mp4;C:\Users\esthe\Downloads\baby grizzly 14 _\Baby_1405_14_two.mp4;C:\Users\esthe\Downloads\baby grizzly 14 _\Baby_1405_15_onehalf.mp4;C:\Users\esthe\Downloads\baby grizzly 14 _\Baby_1405_16_seven.mp4;C:\Users\esthe\Downloads\baby grizzly 14 _\Baby_1405_17_seven.mp4;C:\Users\esthe\Downloads\baby grizzly 14 _\Baby_1405_1_three.mp4;C:\Users\esthe\Downloads\baby grizzly 14 _\Baby_1405_2_seven.mp4;C:\Users\esthe\Downloads\baby grizzly 14 _\Baby_1405_3_five.mp4;C:\Users\esthe\Downloads\baby grizzly 14 _\Baby_1405_4_five.mp4;C:\Users\esthe\Downloads\baby grizzly 14 _\Baby_1405_5_seven.mp4;C:\Users\esthe\Downloads\baby grizzly 14 _\Baby_1405_6_seven.mp4;C:\Users\esthe\Downloads\baby grizzly 14 _\Baby_1405_7_seven.mp4;C:\Users\esthe\Downloads\baby grizzly 14 _\Baby_1405_8_two.mp4;C:\Users\esthe\Downloads\baby grizzly 14 _\Baby_1405_9_one.mp4,0.0,9.701;4.433;4.267;7.729;13.965;9.531;5.627;5.099;5.562;15.965;11.869;5.499;17.418;8.460;17.460;17.963;11.965,30.000;30.000;30.000;30.000;30.000;30.000;30.000;30.000;30.000;30.000;30.000;30.000;24.000;24.000;24.000;30.000;30.000,Baby_grizzly,sniffing,,,POINT,56.848,C:\Users\esthe\Downloads\baby grizzly 14 _\Baby_1405_17_seven.mp4,48,NA,
Baby_1405,2025-06-24 11:48:28.904,,172.403,Media file(s),player #1:C:\Users\esthe\Downloads\baby grizzly 14 _\Baby_1405_10_seven.mp4;C:\Users\esthe\Downloads\baby grizzly 14 _\Baby_1405_11_three.mp4;C:\Users\esthe\Downloads\baby grizzly 14 _\Baby_1405_12_three.mp4;C:\Users\esthe\Downloads\baby grizzly 14 _\Baby_1405_13_five.mp4;C:\Users\esthe\Downloads\baby grizzly 14 _\Baby_1405_14_two.mp4;C:\Users\esthe\Downloads\baby grizzly 14 _\Baby_1405_15_onehalf.mp4;C:\Users\esthe\Downloads\baby grizzly 14 _\Baby_1405_16_seven.mp4;C:\Users\esthe\Downloads\baby grizzly 14 _\Baby_1405_17_seven.mp4;C:\Users\esthe\Downloads\baby grizzly 14 _\Baby_1405_1_three.mp4;C:\Users\esthe\Downloads\baby grizzly 14 _\Baby_1405_2_seven.mp4;C:\Users\esthe\Downloads\baby grizzly 14 _\Baby_1405_3_five.mp4;C:\Users\esthe\Downloads\baby grizzly 14 _\Baby_1405_4_five.mp4;C:\Users\esthe\Downloads\baby grizzly 14 _\Baby_1405_5_seven.mp4;C:\Users\esthe\Downloads\baby grizzly 14 _\Baby_1405_6_seven.mp4;C:\Users\esthe\Downloads\baby grizzly 14 _\Baby_1405_7_seven.mp4;C:\Users\esthe\Downloads\baby grizzly 14 _\Baby_1405_8_two.mp4;C:\Users\esthe\Downloads\baby grizzly 14 _\Baby_1405_9_one.mp4,0.0,9.701;4.433;4.267;7.729;13.965;9.531;5.627;5.099;5.562;15.965;11.869;5.499;17.418;8.460;17.460;17.963;11.965,30.000;30.000;30.000;30.000;30.000;30.000;30.000;30.000;30.000;30.000;30.000;30.000;24.000;24.000;24.000;30.000;30.000,Baby_grizzly,ear clapping,,,POINT,56.881,C:\Users\esthe\Downloads\baby grizzly 14 _\Baby_1405_17_seven.mp4,49,NA,
Baby_1405,2025-06-24 11:48:28.904,,172.403,Media file(s),player #1:C:\Users\esthe\Downloads\baby grizzly 14 _\Baby_1405_10_seven.mp4;C:\Users\esthe\Downloads\baby grizzly 14 _\Baby_1405_11_three.mp4;C:\Users\esthe\Downloads\baby grizzly 14 _\Baby_1405_12_three.mp4;C:\Users\esthe\Downloads\baby grizzly 14 _\Baby_1405_13_five.mp4;C:\Users\esthe\Downloads\baby grizzly 14 _\Baby_1405_14_two.mp4;C:\Users\esthe\Downloads\baby grizzly 14 _\Baby_1405_15_onehalf.mp4;C:\Users\esthe\Downloads\baby grizzly 14 _\Baby_1405_16_seven.mp4;C:\Users\esthe\Downloads\baby grizzly 14 _\Baby_1405_17_seven.mp4;C:\Users\esthe\Downloads\baby grizzly 14 _\Baby_1405_1_three.mp4;C:\Users\esthe\Downloads\baby grizzly 14 _\Baby_1405_2_seven.mp4;C:\Users\esthe\Downloads\baby grizzly 14 _\Baby_1405_3_five.mp4;C:\Users\esthe\Downloads\baby grizzly 14 _\Baby_1405_4_five.mp4;C:\Users\esthe\Downloads\baby grizzly 14 _\Baby_1405_5_seven.mp4;C:\Users\esthe\Downloads\baby grizzly 14 _\Baby_1405_6_seven.mp4;C:\Users\esthe\Downloads\baby grizzly 14 _\Baby_1405_7_seven.mp4;C:\Users\esthe\Downloads\baby grizzly 14 _\Baby_1405_8_two.mp4;C:\Users\esthe\Downloads\baby grizzly 14 _\Baby_1405_9_one.mp4,0.0,9.701;4.433;4.267;7.729;13.965;9.531;5.627;5.099;5.562;15.965;11.869;5.499;17.418;8.460;17.460;17.963;11.965,30.000;30.000;30.000;30.000;30.000;30.000;30.000;30.000;30.000;30.000;30.000;30.000;24.000;24.000;24.000;30.000;30.000,Baby_grizzly,jaw movement,,,POINT,56.981,C:\Users\esthe\Downloads\baby grizzly 14 _\Baby_1405_17_seven.mp4,52,NA,
Baby_1405,2025-06-24 11:48:28.904,,172.403,Media file(s),player #1:C:\Users\esthe\Downloads\baby grizzly 14 _\Baby_1405_10_seven.mp4;C:\Users\esthe\Downloads\baby grizzly 14 _\Baby_1405_11_three.mp4;C:\Users\esthe\Downloads\baby grizzly 14 _\Baby_1405_12_three.mp4;C:\Users\esthe\Downloads\baby grizzly 14 _\Baby_1405_13_five.mp4;C:\Users\esthe\Downloads\baby grizzly 14 _\Baby_1405_14_two.mp4;C:\Users\esthe\Downloads\baby grizzly 14 _\Baby_1405_15_onehalf.mp4;C:\Users\esthe\Downloads\baby grizzly 14 _\Baby_1405_16_seven.mp4;C:\Users\esthe\Downloads\baby grizzly 14 _\Baby_1405_17_seven.mp4;C:\Users\esthe\Downloads\baby grizzly 14 _\Baby_1405_1_three.mp4;C:\Users\esthe\Downloads\baby grizzly 14 _\Baby_1405_2_seven.mp4;C:\Users\esthe\Downloads\baby grizzly 14 _\Baby_1405_3_five.mp4;C:\Users\esthe\Downloads\baby grizzly 14 _\Baby_1405_4_five.mp4;C:\Users\esthe\Downloads\baby grizzly 14 _\Baby_1405_5_seven.mp4;C:\Users\esthe\Downloads\baby grizzly 14 _\Baby_1405_6_seven.mp4;C:\Users\esthe\Downloads\baby grizzly 14 _\Baby_1405_7_seven.mp4;C:\Users\esthe\Downloads\baby grizzly 14 _\Baby_1405_8_two.mp4;C:\Users\esthe\Downloads\baby grizzly 14 _\Baby_1405_9_one.mp4,0.0,9.701;4.433;4.267;7.729;13.965;9.531;5.627;5.099;5.562;15.965;11.869;5.499;17.418;8.460;17.460;17.963;11.965,30.000;30.000;30.000;30.000;30.000;30.000;30.000;30.000;30.000;30.000;30.000;30.000;24.000;24.000;24.000;30.000;30.000,Baby_grizzly,rotation,,Horizontal,STOP,57.048,C:\Users\esthe\Downloads\baby grizzly 14 _\Baby_1405_17_seven.mp4,54,NA,
Baby_1405,2025-06-24 11:48:28.904,,172.403,Media file(s),player #1:C:\Users\esthe\Downloads\baby grizzly 14 _\Baby_1405_10_seven.mp4;C:\Users\esthe\Downloads\baby grizzly 14 _\Baby_1405_11_three.mp4;C:\Users\esthe\Downloads\baby grizzly 14 _\Baby_1405_12_three.mp4;C:\Users\esthe\Downloads\baby grizzly 14 _\Baby_1405_13_five.mp4;C:\Users\esthe\Downloads\baby grizzly 14 _\Baby_1405_14_two.mp4;C:\Users\esthe\Downloads\baby grizzly 14 _\Baby_1405_15_onehalf.mp4;C:\Users\esthe\Downloads\baby grizzly 14 _\Baby_1405_16_seven.mp4;C:\Users\esthe\Downloads\baby grizzly 14 _\Baby_1405_17_seven.mp4;C:\Users\esthe\Downloads\baby grizzly 14 _\Baby_1405_1_three.mp4;C:\Users\esthe\Downloads\baby grizzly 14 _\Baby_1405_2_seven.mp4;C:\Users\esthe\Downloads\baby grizzly 14 _\Baby_1405_3_five.mp4;C:\Users\esthe\Downloads\baby grizzly 14 _\Baby_1405_4_five.mp4;C:\Users\esthe\Downloads\baby grizzly 14 _\Baby_1405_5_seven.mp4;C:\Users\esthe\Downloads\baby grizzly 14 _\Baby_1405_6_seven.mp4;C:\Users\esthe\Downloads\baby grizzly 14 _\Baby_1405_7_seven.mp4;C:\Users\esthe\Downloads\baby grizzly 14 _\Baby_1405_8_two.mp4;C:\Users\esthe\Downloads\baby grizzly 14 _\Baby_1405_9_one.mp4,0.0,9.701;4.433;4.267;7.729;13.965;9.531;5.627;5.099;5.562;15.965;11.869;5.499;17.418;8.460;17.460;17.963;11.965,30.000;30.000;30.000;30.000;30.000;30.000;30.000;30.000;30.000;30.000;30.000;30.000;24.000;24.000;24.000;30.000;30.000,Baby_grizzly,mouth,,,POINT,57.148,C:\Users\esthe\Downloads\baby grizzly 14 _\Baby_1405_17_seven.mp4,57,NA,
Baby_1405,2025-06-24 11:48:28.904,,172.403,Media file(s),player #1:C:\Users\esthe\Downloads\baby grizzly 14 _\Baby_1405_10_seven.mp4;C:\Users\esthe\Downloads\baby grizzly 14 _\Baby_1405_11_three.mp4;C:\Users\esthe\Downloads\baby grizzly 14 _\Baby_1405_12_three.mp4;C:\Users\esthe\Downloads\baby grizzly 14 _\Baby_1405_13_five.mp4;C:\Users\esthe\Downloads\baby grizzly 14 _\Baby_1405_14_two.mp4;C:\Users\esthe\Downloads\baby grizzly 14 _\Baby_1405_15_onehalf.mp4;C:\Users\esthe\Downloads\baby grizzly 14 _\Baby_1405_16_seven.mp4;C:\Users\esthe\Downloads\baby grizzly 14 _\Baby_1405_17_seven.mp4;C:\Users\esthe\Downloads\baby grizzly 14 _\Baby_1405_1_three.mp4;C:\Users\esthe\Downloads\baby grizzly 14 _\Baby_1405_2_seven.mp4;C:\Users\esthe\Downloads\baby grizzly 14 _\Baby_1405_3_five.mp4;C:\Users\esthe\Downloads\baby grizzly 14 _\Baby_1405_4_five.mp4;C:\Users\esthe\Downloads\baby grizzly 14 _\Baby_1405_5_seven.mp4;C:\Users\esthe\Downloads\baby grizzly 14 _\Baby_1405_6_seven.mp4;C:\Users\esthe\Downloads\baby grizzly 14 _\Baby_1405_7_seven.mp4;C:\Users\esthe\Downloads\baby grizzly 14 _\Baby_1405_8_two.mp4;C:\Users\esthe\Downloads\baby grizzly 14 _\Baby_1405_9_one.mp4,0.0,9.701;4.433;4.267;7.729;13.965;9.531;5.627;5.099;5.562;15.965;11.869;5.499;17.418;8.460;17.460;17.963;11.965,30.000;30.000;30.000;30.000;30.000;30.000;30.000;30.000;30.000;30.000;30.000;30.000;24.000;24.000;24.000;30.000;30.000,Baby_grizzly,assessing,,,STOP,57.248,C:\Users\esthe\Downloads\baby grizzly 14 _\Baby_1405_17_seven.mp4,60,NA,
Baby_1405,2025-06-24 11:48:28.904,,172.403,Media file(s),player #1:C:\Users\esthe\Downloads\baby grizzly 14 _\Baby_1405_10_seven.mp4;C:\Users\esthe\Downloads\baby grizzly 14 _\Baby_1405_11_three.mp4;C:\Users\esthe\Downloads\baby grizzly 14 _\Baby_1405_12_three.mp4;C:\Users\esthe\Downloads\baby grizzly 14 _\Baby_1405_13_five.mp4;C:\Users\esthe\Downloads\baby grizzly 14 _\Baby_1405_14_two.mp4;C:\Users\esthe\Downloads\baby grizzly 14 _\Baby_1405_15_onehalf.mp4;C:\Users\esthe\Downloads\baby grizzly 14 _\Baby_1405_16_seven.mp4;C:\Users\esthe\Downloads\baby grizzly 14 _\Baby_1405_17_seven.mp4;C:\Users\esthe\Downloads\baby grizzly 14 _\Baby_1405_1_three.mp4;C:\Users\esthe\Downloads\baby grizzly 14 _\Baby_1405_2_seven.mp4;C:\Users\esthe\Downloads\baby grizzly 14 _\Baby_1405_3_five.mp4;C:\Users\esthe\Downloads\baby grizzly 14 _\Baby_1405_4_five.mp4;C:\Users\esthe\Downloads\baby grizzly 14 _\Baby_1405_5_seven.mp4;C:\Users\esthe\Downloads\baby grizzly 14 _\Baby_1405_6_seven.mp4;C:\Users\esthe\Downloads\baby grizzly 14 _\Baby_1405_7_seven.mp4;C:\Users\esthe\Downloads\baby grizzly 14 _\Baby_1405_8_two.mp4;C:\Users\esthe\Downloads\baby grizzly 14 _\Baby_1405_9_one.mp4,0.0,9.701;4.433;4.267;7.729;13.965;9.531;5.627;5.099;5.562;15.965;11.869;5.499;17.418;8.460;17.460;17.963;11.965,30.000;30.000;30.000;30.000;30.000;30.000;30.000;30.000;30.000;30.000;30.000;30.000;24.000;24.000;24.000;30.000;30.000,Baby_grizzly,assessing,,,START,57.548,C:\Users\esthe\Downloads\baby grizzly 14 _\Baby_1405_17_seven.mp4,69,NA,
Baby_1405,2025-06-24 11:48:28.904,,172.403,Media file(s),player #1:C:\Users\esthe\Downloads\baby grizzly 14 _\Baby_1405_10_seven.mp4;C:\Users\esthe\Downloads\baby grizzly 14 _\Baby_1405_11_three.mp4;C:\Users\esthe\Downloads\baby grizzly 14 _\Baby_1405_12_three.mp4;C:\Users\esthe\Downloads\baby grizzly 14 _\Baby_1405_13_five.mp4;C:\Users\esthe\Downloads\baby grizzly 14 _\Baby_1405_14_two.mp4;C:\Users\esthe\Downloads\baby grizzly 14 _\Baby_1405_15_onehalf.mp4;C:\Users\esthe\Downloads\baby grizzly 14 _\Baby_1405_16_seven.mp4;C:\Users\esthe\Downloads\baby grizzly 14 _\Baby_1405_17_seven.mp4;C:\Users\esthe\Downloads\baby grizzly 14 _\Baby_1405_1_three.mp4;C:\Users\esthe\Downloads\baby grizzly 14 _\Baby_1405_2_seven.mp4;C:\Users\esthe\Downloads\baby grizzly 14 _\Baby_1405_3_five.mp4;C:\Users\esthe\Downloads\baby grizzly 14 _\Baby_1405_4_five.mp4;C:\Users\esthe\Downloads\baby grizzly 14 _\Baby_1405_5_seven.mp4;C:\Users\esthe\Downloads\baby grizzly 14 _\Baby_1405_6_seven.mp4;C:\Users\esthe\Downloads\baby grizzly 14 _\Baby_1405_7_seven.mp4;C:\Users\esthe\Downloads\baby grizzly 14 _\Baby_1405_8_two.mp4;C:\Users\esthe\Downloads\baby grizzly 14 _\Baby_1405_9_one.mp4,0.0,9.701;4.433;4.267;7.729;13.965;9.531;5.627;5.099;5.562;15.965;11.869;5.499;17.418;8.460;17.460;17.963;11.965,30.000;30.000;30.000;30.000;30.000;30.000;30.000;30.000;30.000;30.000;30.000;30.000;24.000;24.000;24.000;30.000;30.000,Baby_grizzly,jaw movement,,,POINT,57.614,C:\Users\esthe\Downloads\baby grizzly 14 _\Baby_1405_17_seven.mp4,71,NA,
Baby_1405,2025-06-24 11:48:28.904,,172.403,Media file(s),player #1:C:\Users\esthe\Downloads\baby grizzly 14 _\Baby_1405_10_seven.mp4;C:\Users\esthe\Downloads\baby grizzly 14 _\Baby_1405_11_three.mp4;C:\Users\esthe\Downloads\baby grizzly 14 _\Baby_1405_12_three.mp4;C:\Users\esthe\Downloads\baby grizzly 14 _\Baby_1405_13_five.mp4;C:\Users\esthe\Downloads\baby grizzly 14 _\Baby_1405_14_two.mp4;C:\Users\esthe\Downloads\baby grizzly 14 _\Baby_1405_15_onehalf.mp4;C:\Users\esthe\Downloads\baby grizzly 14 _\Baby_1405_16_seven.mp4;C:\Users\esthe\Downloads\baby grizzly 14 _\Baby_1405_17_seven.mp4;C:\Users\esthe\Downloads\baby grizzly 14 _\Baby_1405_1_three.mp4;C:\Users\esthe\Downloads\baby grizzly 14 _\Baby_1405_2_seven.mp4;C:\Users\esthe\Downloads\baby grizzly 14 _\Baby_1405_3_five.mp4;C:\Users\esthe\Downloads\baby grizzly 14 _\Baby_1405_4_five.mp4;C:\Users\esthe\Downloads\baby grizzly 14 _\Baby_1405_5_seven.mp4;C:\Users\esthe\Downloads\baby grizzly 14 _\Baby_1405_6_seven.mp4;C:\Users\esthe\Downloads\baby grizzly 14 _\Baby_1405_7_seven.mp4;C:\Users\esthe\Downloads\baby grizzly 14 _\Baby_1405_8_two.mp4;C:\Users\esthe\Downloads\baby grizzly 14 _\Baby_1405_9_one.mp4,0.0,9.701;4.433;4.267;7.729;13.965;9.531;5.627;5.099;5.562;15.965;11.869;5.499;17.418;8.460;17.460;17.963;11.965,30.000;30.000;30.000;30.000;30.000;30.000;30.000;30.000;30.000;30.000;30.000;30.000;24.000;24.000;24.000;30.000;30.000,Baby_grizzly,jaw movement,,,POINT,57.848,C:\Users\esthe\Downloads\baby grizzly 14 _\Baby_1405_17_seven.mp4,78,NA,
Baby_1405,2025-06-24 11:48:28.904,,172.403,Media file(s),player #1:C:\Users\esthe\Downloads\baby grizzly 14 _\Baby_1405_10_seven.mp4;C:\Users\esthe\Downloads\baby grizzly 14 _\Baby_1405_11_three.mp4;C:\Users\esthe\Downloads\baby grizzly 14 _\Baby_1405_12_three.mp4;C:\Users\esthe\Downloads\baby grizzly 14 _\Baby_1405_13_five.mp4;C:\Users\esthe\Downloads\baby grizzly 14 _\Baby_1405_14_two.mp4;C:\Users\esthe\Downloads\baby grizzly 14 _\Baby_1405_15_onehalf.mp4;C:\Users\esthe\Downloads\baby grizzly 14 _\Baby_1405_16_seven.mp4;C:\Users\esthe\Downloads\baby grizzly 14 _\Baby_1405_17_seven.mp4;C:\Users\esthe\Downloads\baby grizzly 14 _\Baby_1405_1_three.mp4;C:\Users\esthe\Downloads\baby grizzly 14 _\Baby_1405_2_seven.mp4;C:\Users\esthe\Downloads\baby grizzly 14 _\Baby_1405_3_five.mp4;C:\Users\esthe\Downloads\baby grizzly 14 _\Baby_1405_4_five.mp4;C:\Users\esthe\Downloads\baby grizzly 14 _\Baby_1405_5_seven.mp4;C:\Users\esthe\Downloads\baby grizzly 14 _\Baby_1405_6_seven.mp4;C:\Users\esthe\Downloads\baby grizzly 14 _\Baby_1405_7_seven.mp4;C:\Users\esthe\Downloads\baby grizzly 14 _\Baby_1405_8_two.mp4;C:\Users\esthe\Downloads\baby grizzly 14 _\Baby_1405_9_one.mp4,0.0,9.701;4.433;4.267;7.729;13.965;9.531;5.627;5.099;5.562;15.965;11.869;5.499;17.418;8.460;17.460;17.963;11.965,30.000;30.000;30.000;30.000;30.000;30.000;30.000;30.000;30.000;30.000;30.000;30.000;24.000;24.000;24.000;30.000;30.000,Baby_grizzly,jaw movement,,,POINT,58.114,C:\Users\esthe\Downloads\baby grizzly 14 _\Baby_1405_17_seven.mp4,86,NA,
Baby_1405,2025-06-24 11:48:28.904,,172.403,Media file(s),player #1:C:\Users\esthe\Downloads\baby grizzly 14 _\Baby_1405_10_seven.mp4;C:\Users\esthe\Downloads\baby grizzly 14 _\Baby_1405_11_three.mp4;C:\Users\esthe\Downloads\baby grizzly 14 _\Baby_1405_12_three.mp4;C:\Users\esthe\Downloads\baby grizzly 14 _\Baby_1405_13_five.mp4;C:\Users\esthe\Downloads\baby grizzly 14 _\Baby_1405_14_two.mp4;C:\Users\esthe\Downloads\baby grizzly 14 _\Baby_1405_15_onehalf.mp4;C:\Users\esthe\Downloads\baby grizzly 14 _\Baby_1405_16_seven.mp4;C:\Users\esthe\Downloads\baby grizzly 14 _\Baby_1405_17_seven.mp4;C:\Users\esthe\Downloads\baby grizzly 14 _\Baby_1405_1_three.mp4;C:\Users\esthe\Downloads\baby grizzly 14 _\Baby_1405_2_seven.mp4;C:\Users\esthe\Downloads\baby grizzly 14 _\Baby_1405_3_five.mp4;C:\Users\esthe\Downloads\baby grizzly 14 _\Baby_1405_4_five.mp4;C:\Users\esthe\Downloads\baby grizzly 14 _\Baby_1405_5_seven.mp4;C:\Users\esthe\Downloads\baby grizzly 14 _\Baby_1405_6_seven.mp4;C:\Users\esthe\Downloads\baby grizzly 14 _\Baby_1405_7_seven.mp4;C:\Users\esthe\Downloads\baby grizzly 14 _\Baby_1405_8_two.mp4;C:\Users\esthe\Downloads\baby grizzly 14 _\Baby_1405_9_one.mp4,0.0,9.701;4.433;4.267;7.729;13.965;9.531;5.627;5.099;5.562;15.965;11.869;5.499;17.418;8.460;17.460;17.963;11.965,30.000;30.000;30.000;30.000;30.000;30.000;30.000;30.000;30.000;30.000;30.000;30.000;24.000;24.000;24.000;30.000;30.000,Baby_grizzly,mouth,,,POINT,58.281,C:\Users\esthe\Downloads\baby grizzly 14 _\Baby_1405_17_seven.mp4,91,NA,
Baby_1405,2025-06-24 11:48:28.904,,172.403,Media file(s),player #1:C:\Users\esthe\Downloads\baby grizzly 14 _\Baby_1405_10_seven.mp4;C:\Users\esthe\Downloads\baby grizzly 14 _\Baby_1405_11_three.mp4;C:\Users\esthe\Downloads\baby grizzly 14 _\Baby_1405_12_three.mp4;C:\Users\esthe\Downloads\baby grizzly 14 _\Baby_1405_13_five.mp4;C:\Users\esthe\Downloads\baby grizzly 14 _\Baby_1405_14_two.mp4;C:\Users\esthe\Downloads\baby grizzly 14 _\Baby_1405_15_onehalf.mp4;C:\Users\esthe\Downloads\baby grizzly 14 _\Baby_1405_16_seven.mp4;C:\Users\esthe\Downloads\baby grizzly 14 _\Baby_1405_17_seven.mp4;C:\Users\esthe\Downloads\baby grizzly 14 _\Baby_1405_1_three.mp4;C:\Users\esthe\Downloads\baby grizzly 14 _\Baby_1405_2_seven.mp4;C:\Users\esthe\Downloads\baby grizzly 14 _\Baby_1405_3_five.mp4;C:\Users\esthe\Downloads\baby grizzly 14 _\Baby_1405_4_five.mp4;C:\Users\esthe\Downloads\baby grizzly 14 _\Baby_1405_5_seven.mp4;C:\Users\esthe\Downloads\baby grizzly 14 _\Baby_1405_6_seven.mp4;C:\Users\esthe\Downloads\baby grizzly 14 _\Baby_1405_7_seven.mp4;C:\Users\esthe\Downloads\baby grizzly 14 _\Baby_1405_8_two.mp4;C:\Users\esthe\Downloads\baby grizzly 14 _\Baby_1405_9_one.mp4,0.0,9.701;4.433;4.267;7.729;13.965;9.531;5.627;5.099;5.562;15.965;11.869;5.499;17.418;8.460;17.460;17.963;11.965,30.000;30.000;30.000;30.000;30.000;30.000;30.000;30.000;30.000;30.000;30.000;30.000;24.000;24.000;24.000;30.000;30.000,Baby_grizzly,assessing,,,STOP,58.314,C:\Users\esthe\Downloads\baby grizzly 14 _\Baby_1405_17_seven.mp4,92,NA,
Baby_1405,2025-06-24 11:48:28.904,,172.403,Media file(s),player #1:C:\Users\esthe\Downloads\baby grizzly 14 _\Baby_1405_10_seven.mp4;C:\Users\esthe\Downloads\baby grizzly 14 _\Baby_1405_11_three.mp4;C:\Users\esthe\Downloads\baby grizzly 14 _\Baby_1405_12_three.mp4;C:\Users\esthe\Downloads\baby grizzly 14 _\Baby_1405_13_five.mp4;C:\Users\esthe\Downloads\baby grizzly 14 _\Baby_1405_14_two.mp4;C:\Users\esthe\Downloads\baby grizzly 14 _\Baby_1405_15_onehalf.mp4;C:\Users\esthe\Downloads\baby grizzly 14 _\Baby_1405_16_seven.mp4;C:\Users\esthe\Downloads\baby grizzly 14 _\Baby_1405_17_seven.mp4;C:\Users\esthe\Downloads\baby grizzly 14 _\Baby_1405_1_three.mp4;C:\Users\esthe\Downloads\baby grizzly 14 _\Baby_1405_2_seven.mp4;C:\Users\esthe\Downloads\baby grizzly 14 _\Baby_1405_3_five.mp4;C:\Users\esthe\Downloads\baby grizzly 14 _\Baby_1405_4_five.mp4;C:\Users\esthe\Downloads\baby grizzly 14 _\Baby_1405_5_seven.mp4;C:\Users\esthe\Downloads\baby grizzly 14 _\Baby_1405_6_seven.mp4;C:\Users\esthe\Downloads\baby grizzly 14 _\Baby_1405_7_seven.mp4;C:\Users\esthe\Downloads\baby grizzly 14 _\Baby_1405_8_two.mp4;C:\Users\esthe\Downloads\baby grizzly 14 _\Baby_1405_9_one.mp4,0.0,9.701;4.433;4.267;7.729;13.965;9.531;5.627;5.099;5.562;15.965;11.869;5.499;17.418;8.460;17.460;17.963;11.965,30.000;30.000;30.000;30.000;30.000;30.000;30.000;30.000;30.000;30.000;30.000;30.000;24.000;24.000;24.000;30.000;30.000,Baby_grizzly,target,,,START,58.381,C:\Users\esthe\Downloads\baby grizzly 14 _\Baby_1405_17_seven.mp4,94,NA,
Baby_1405,2025-06-24 11:48:28.904,,172.403,Media file(s),player #1:C:\Users\esthe\Downloads\baby grizzly 14 _\Baby_1405_10_seven.mp4;C:\Users\esthe\Downloads\baby grizzly 14 _\Baby_1405_11_three.mp4;C:\Users\esthe\Downloads\baby grizzly 14 _\Baby_1405_12_three.mp4;C:\Users\esthe\Downloads\baby grizzly 14 _\Baby_1405_13_five.mp4;C:\Users\esthe\Downloads\baby grizzly 14 _\Baby_1405_14_two.mp4;C:\Users\esthe\Downloads\baby grizzly 14 _\Baby_1405_15_onehalf.mp4;C:\Users\esthe\Downloads\baby grizzly 14 _\Baby_1405_16_seven.mp4;C:\Users\esthe\Downloads\baby grizzly 14 _\Baby_1405_17_seven.mp4;C:\Users\esthe\Downloads\baby grizzly 14 _\Baby_1405_1_three.mp4;C:\Users\esthe\Downloads\baby grizzly 14 _\Baby_1405_2_seven.mp4;C:\Users\esthe\Downloads\baby grizzly 14 _\Baby_1405_3_five.mp4;C:\Users\esthe\Downloads\baby grizzly 14 _\Baby_1405_4_five.mp4;C:\Users\esthe\Downloads\baby grizzly 14 _\Baby_1405_5_seven.mp4;C:\Users\esthe\Downloads\baby grizzly 14 _\Baby_1405_6_seven.mp4;C:\Users\esthe\Downloads\baby grizzly 14 _\Baby_1405_7_seven.mp4;C:\Users\esthe\Downloads\baby grizzly 14 _\Baby_1405_8_two.mp4;C:\Users\esthe\Downloads\baby grizzly 14 _\Baby_1405_9_one.mp4,0.0,9.701;4.433;4.267;7.729;13.965;9.531;5.627;5.099;5.562;15.965;11.869;5.499;17.418;8.460;17.460;17.963;11.965,30.000;30.000;30.000;30.000;30.000;30.000;30.000;30.000;30.000;30.000;30.000;30.000;24.000;24.000;24.000;30.000;30.000,Baby_grizzly,target,,,STOP,60.247,C:\Users\esthe\Downloads\baby grizzly 14 _\Baby_1405_17_seven.mp4,150,NA,
Baby_1405,2025-06-24 11:48:28.904,,172.403,Media file(s),player #1:C:\Users\esthe\Downloads\baby grizzly 14 _\Baby_1405_10_seven.mp4;C:\Users\esthe\Downloads\baby grizzly 14 _\Baby_1405_11_three.mp4;C:\Users\esthe\Downloads\baby grizzly 14 _\Baby_1405_12_three.mp4;C:\Users\esthe\Downloads\baby grizzly 14 _\Baby_1405_13_five.mp4;C:\Users\esthe\Downloads\baby grizzly 14 _\Baby_1405_14_two.mp4;C:\Users\esthe\Downloads\baby grizzly 14 _\Baby_1405_15_onehalf.mp4;C:\Users\esthe\Downloads\baby grizzly 14 _\Baby_1405_16_seven.mp4;C:\Users\esthe\Downloads\baby grizzly 14 _\Baby_1405_17_seven.mp4;C:\Users\esthe\Downloads\baby grizzly 14 _\Baby_1405_1_three.mp4;C:\Users\esthe\Downloads\baby grizzly 14 _\Baby_1405_2_seven.mp4;C:\Users\esthe\Downloads\baby grizzly 14 _\Baby_1405_3_five.mp4;C:\Users\esthe\Downloads\baby grizzly 14 _\Baby_1405_4_five.mp4;C:\Users\esthe\Downloads\baby grizzly 14 _\Baby_1405_5_seven.mp4;C:\Users\esthe\Downloads\baby grizzly 14 _\Baby_1405_6_seven.mp4;C:\Users\esthe\Downloads\baby grizzly 14 _\Baby_1405_7_seven.mp4;C:\Users\esthe\Downloads\baby grizzly 14 _\Baby_1405_8_two.mp4;C:\Users\esthe\Downloads\baby grizzly 14 _\Baby_1405_9_one.mp4,0.0,9.701;4.433;4.267;7.729;13.965;9.531;5.627;5.099;5.562;15.965;11.869;5.499;17.418;8.460;17.460;17.963;11.965,30.000;30.000;30.000;30.000;30.000;30.000;30.000;30.000;30.000;30.000;30.000;30.000;24.000;24.000;24.000;30.000;30.000,Baby_grizzly,lifting,,,START,60.347,C:\Users\esthe\Downloads\baby grizzly 14 _\Baby_1405_17_seven.mp4,0,NA,
Baby_1405,2025-06-24 11:48:28.904,,172.403,Media file(s),player #1:C:\Users\esthe\Downloads\baby grizzly 14 _\Baby_1405_10_seven.mp4;C:\Users\esthe\Downloads\baby grizzly 14 _\Baby_1405_11_three.mp4;C:\Users\esthe\Downloads\baby grizzly 14 _\Baby_1405_12_three.mp4;C:\Users\esthe\Downloads\baby grizzly 14 _\Baby_1405_13_five.mp4;C:\Users\esthe\Downloads\baby grizzly 14 _\Baby_1405_14_two.mp4;C:\Users\esthe\Downloads\baby grizzly 14 _\Baby_1405_15_onehalf.mp4;C:\Users\esthe\Downloads\baby grizzly 14 _\Baby_1405_16_seven.mp4;C:\Users\esthe\Downloads\baby grizzly 14 _\Baby_1405_17_seven.mp4;C:\Users\esthe\Downloads\baby grizzly 14 _\Baby_1405_1_three.mp4;C:\Users\esthe\Downloads\baby grizzly 14 _\Baby_1405_2_seven.mp4;C:\Users\esthe\Downloads\baby grizzly 14 _\Baby_1405_3_five.mp4;C:\Users\esthe\Downloads\baby grizzly 14 _\Baby_1405_4_five.mp4;C:\Users\esthe\Downloads\baby grizzly 14 _\Baby_1405_5_seven.mp4;C:\Users\esthe\Downloads\baby grizzly 14 _\Baby_1405_6_seven.mp4;C:\Users\esthe\Downloads\baby grizzly 14 _\Baby_1405_7_seven.mp4;C:\Users\esthe\Downloads\baby grizzly 14 _\Baby_1405_8_two.mp4;C:\Users\esthe\Downloads\baby grizzly 14 _\Baby_1405_9_one.mp4,0.0,9.701;4.433;4.267;7.729;13.965;9.531;5.627;5.099;5.562;15.965;11.869;5.499;17.418;8.460;17.460;17.963;11.965,30.000;30.000;30.000;30.000;30.000;30.000;30.000;30.000;30.000;30.000;30.000;30.000;24.000;24.000;24.000;30.000;30.000,Baby_grizzly,lifting,,,STOP,60.447,C:\Users\esthe\Downloads\baby grizzly 14 _\Baby_1405_1_three.mp4,3,NA,
Baby_1405,2025-06-24 11:48:28.904,,172.403,Media file(s),player #1:C:\Users\esthe\Downloads\baby grizzly 14 _\Baby_1405_10_seven.mp4;C:\Users\esthe\Downloads\baby grizzly 14 _\Baby_1405_11_three.mp4;C:\Users\esthe\Downloads\baby grizzly 14 _\Baby_1405_12_three.mp4;C:\Users\esthe\Downloads\baby grizzly 14 _\Baby_1405_13_five.mp4;C:\Users\esthe\Downloads\baby grizzly 14 _\Baby_1405_14_two.mp4;C:\Users\esthe\Downloads\baby grizzly 14 _\Baby_1405_15_onehalf.mp4;C:\Users\esthe\Downloads\baby grizzly 14 _\Baby_1405_16_seven.mp4;C:\Users\esthe\Downloads\baby grizzly 14 _\Baby_1405_17_seven.mp4;C:\Users\esthe\Downloads\baby grizzly 14 _\Baby_1405_1_three.mp4;C:\Users\esthe\Downloads\baby grizzly 14 _\Baby_1405_2_seven.mp4;C:\Users\esthe\Downloads\baby grizzly 14 _\Baby_1405_3_five.mp4;C:\Users\esthe\Downloads\baby grizzly 14 _\Baby_1405_4_five.mp4;C:\Users\esthe\Downloads\baby grizzly 14 _\Baby_1405_5_seven.mp4;C:\Users\esthe\Downloads\baby grizzly 14 _\Baby_1405_6_seven.mp4;C:\Users\esthe\Downloads\baby grizzly 14 _\Baby_1405_7_seven.mp4;C:\Users\esthe\Downloads\baby grizzly 14 _\Baby_1405_8_two.mp4;C:\Users\esthe\Downloads\baby grizzly 14 _\Baby_1405_9_one.mp4,0.0,9.701;4.433;4.267;7.729;13.965;9.531;5.627;5.099;5.562;15.965;11.869;5.499;17.418;8.460;17.460;17.963;11.965,30.000;30.000;30.000;30.000;30.000;30.000;30.000;30.000;30.000;30.000;30.000;30.000;24.000;24.000;24.000;30.000;30.000,Baby_grizzly,assessing,,,START,60.747,C:\Users\esthe\Downloads\baby grizzly 14 _\Baby_1405_1_three.mp4,12,NA,
Baby_1405,2025-06-24 11:48:28.904,,172.403,Media file(s),player #1:C:\Users\esthe\Downloads\baby grizzly 14 _\Baby_1405_10_seven.mp4;C:\Users\esthe\Downloads\baby grizzly 14 _\Baby_1405_11_three.mp4;C:\Users\esthe\Downloads\baby grizzly 14 _\Baby_1405_12_three.mp4;C:\Users\esthe\Downloads\baby grizzly 14 _\Baby_1405_13_five.mp4;C:\Users\esthe\Downloads\baby grizzly 14 _\Baby_1405_14_two.mp4;C:\Users\esthe\Downloads\baby grizzly 14 _\Baby_1405_15_onehalf.mp4;C:\Users\esthe\Downloads\baby grizzly 14 _\Baby_1405_16_seven.mp4;C:\Users\esthe\Downloads\baby grizzly 14 _\Baby_1405_17_seven.mp4;C:\Users\esthe\Downloads\baby grizzly 14 _\Baby_1405_1_three.mp4;C:\Users\esthe\Downloads\baby grizzly 14 _\Baby_1405_2_seven.mp4;C:\Users\esthe\Downloads\baby grizzly 14 _\Baby_1405_3_five.mp4;C:\Users\esthe\Downloads\baby grizzly 14 _\Baby_1405_4_five.mp4;C:\Users\esthe\Downloads\baby grizzly 14 _\Baby_1405_5_seven.mp4;C:\Users\esthe\Downloads\baby grizzly 14 _\Baby_1405_6_seven.mp4;C:\Users\esthe\Downloads\baby grizzly 14 _\Baby_1405_7_seven.mp4;C:\Users\esthe\Downloads\baby grizzly 14 _\Baby_1405_8_two.mp4;C:\Users\esthe\Downloads\baby grizzly 14 _\Baby_1405_9_one.mp4,0.0,9.701;4.433;4.267;7.729;13.965;9.531;5.627;5.099;5.562;15.965;11.869;5.499;17.418;8.460;17.460;17.963;11.965,30.000;30.000;30.000;30.000;30.000;30.000;30.000;30.000;30.000;30.000;30.000;30.000;24.000;24.000;24.000;30.000;30.000,Baby_grizzly,rotation,,Horizontal,START,60.877,C:\Users\esthe\Downloads\baby grizzly 14 _\Baby_1405_1_three.mp4,16,NA,
Baby_1405,2025-06-24 11:48:28.904,,172.403,Media file(s),player #1:C:\Users\esthe\Downloads\baby grizzly 14 _\Baby_1405_10_seven.mp4;C:\Users\esthe\Downloads\baby grizzly 14 _\Baby_1405_11_three.mp4;C:\Users\esthe\Downloads\baby grizzly 14 _\Baby_1405_12_three.mp4;C:\Users\esthe\Downloads\baby grizzly 14 _\Baby_1405_13_five.mp4;C:\Users\esthe\Downloads\baby grizzly 14 _\Baby_1405_14_two.mp4;C:\Users\esthe\Downloads\baby grizzly 14 _\Baby_1405_15_onehalf.mp4;C:\Users\esthe\Downloads\baby grizzly 14 _\Baby_1405_16_seven.mp4;C:\Users\esthe\Downloads\baby grizzly 14 _\Baby_1405_17_seven.mp4;C:\Users\esthe\Downloads\baby grizzly 14 _\Baby_1405_1_three.mp4;C:\Users\esthe\Downloads\baby grizzly 14 _\Baby_1405_2_seven.mp4;C:\Users\esthe\Downloads\baby grizzly 14 _\Baby_1405_3_five.mp4;C:\Users\esthe\Downloads\baby grizzly 14 _\Baby_1405_4_five.mp4;C:\Users\esthe\Downloads\baby grizzly 14 _\Baby_1405_5_seven.mp4;C:\Users\esthe\Downloads\baby grizzly 14 _\Baby_1405_6_seven.mp4;C:\Users\esthe\Downloads\baby grizzly 14 _\Baby_1405_7_seven.mp4;C:\Users\esthe\Downloads\baby grizzly 14 _\Baby_1405_8_two.mp4;C:\Users\esthe\Downloads\baby grizzly 14 _\Baby_1405_9_one.mp4,0.0,9.701;4.433;4.267;7.729;13.965;9.531;5.627;5.099;5.562;15.965;11.869;5.499;17.418;8.460;17.460;17.963;11.965,30.000;30.000;30.000;30.000;30.000;30.000;30.000;30.000;30.000;30.000;30.000;30.000;24.000;24.000;24.000;30.000;30.000,Baby_grizzly,jaw movement,,,POINT,61.008,C:\Users\esthe\Downloads\baby grizzly 14 _\Baby_1405_1_three.mp4,20,NA,
Baby_1405,2025-06-24 11:48:28.904,,172.403,Media file(s),player #1:C:\Users\esthe\Downloads\baby grizzly 14 _\Baby_1405_10_seven.mp4;C:\Users\esthe\Downloads\baby grizzly 14 _\Baby_1405_11_three.mp4;C:\Users\esthe\Downloads\baby grizzly 14 _\Baby_1405_12_three.mp4;C:\Users\esthe\Downloads\baby grizzly 14 _\Baby_1405_13_five.mp4;C:\Users\esthe\Downloads\baby grizzly 14 _\Baby_1405_14_two.mp4;C:\Users\esthe\Downloads\baby grizzly 14 _\Baby_1405_15_onehalf.mp4;C:\Users\esthe\Downloads\baby grizzly 14 _\Baby_1405_16_seven.mp4;C:\Users\esthe\Downloads\baby grizzly 14 _\Baby_1405_17_seven.mp4;C:\Users\esthe\Downloads\baby grizzly 14 _\Baby_1405_1_three.mp4;C:\Users\esthe\Downloads\baby grizzly 14 _\Baby_1405_2_seven.mp4;C:\Users\esthe\Downloads\baby grizzly 14 _\Baby_1405_3_five.mp4;C:\Users\esthe\Downloads\baby grizzly 14 _\Baby_1405_4_five.mp4;C:\Users\esthe\Downloads\baby grizzly 14 _\Baby_1405_5_seven.mp4;C:\Users\esthe\Downloads\baby grizzly 14 _\Baby_1405_6_seven.mp4;C:\Users\esthe\Downloads\baby grizzly 14 _\Baby_1405_7_seven.mp4;C:\Users\esthe\Downloads\baby grizzly 14 _\Baby_1405_8_two.mp4;C:\Users\esthe\Downloads\baby grizzly 14 _\Baby_1405_9_one.mp4,0.0,9.701;4.433;4.267;7.729;13.965;9.531;5.627;5.099;5.562;15.965;11.869;5.499;17.418;8.460;17.460;17.963;11.965,30.000;30.000;30.000;30.000;30.000;30.000;30.000;30.000;30.000;30.000;30.000;30.000;24.000;24.000;24.000;30.000;30.000,Baby_grizzly,sniffing,,,POINT,61.175,C:\Users\esthe\Downloads\baby grizzly 14 _\Baby_1405_1_three.mp4,25,NA,
Baby_1405,2025-06-24 11:48:28.904,,172.403,Media file(s),player #1:C:\Users\esthe\Downloads\baby grizzly 14 _\Baby_1405_10_seven.mp4;C:\Users\esthe\Downloads\baby grizzly 14 _\Baby_1405_11_three.mp4;C:\Users\esthe\Downloads\baby grizzly 14 _\Baby_1405_12_three.mp4;C:\Users\esthe\Downloads\baby grizzly 14 _\Baby_1405_13_five.mp4;C:\Users\esthe\Downloads\baby grizzly 14 _\Baby_1405_14_two.mp4;C:\Users\esthe\Downloads\baby grizzly 14 _\Baby_1405_15_onehalf.mp4;C:\Users\esthe\Downloads\baby grizzly 14 _\Baby_1405_16_seven.mp4;C:\Users\esthe\Downloads\baby grizzly 14 _\Baby_1405_17_seven.mp4;C:\Users\esthe\Downloads\baby grizzly 14 _\Baby_1405_1_three.mp4;C:\Users\esthe\Downloads\baby grizzly 14 _\Baby_1405_2_seven.mp4;C:\Users\esthe\Downloads\baby grizzly 14 _\Baby_1405_3_five.mp4;C:\Users\esthe\Downloads\baby grizzly 14 _\Baby_1405_4_five.mp4;C:\Users\esthe\Downloads\baby grizzly 14 _\Baby_1405_5_seven.mp4;C:\Users\esthe\Downloads\baby grizzly 14 _\Baby_1405_6_seven.mp4;C:\Users\esthe\Downloads\baby grizzly 14 _\Baby_1405_7_seven.mp4;C:\Users\esthe\Downloads\baby grizzly 14 _\Baby_1405_8_two.mp4;C:\Users\esthe\Downloads\baby grizzly 14 _\Baby_1405_9_one.mp4,0.0,9.701;4.433;4.267;7.729;13.965;9.531;5.627;5.099;5.562;15.965;11.869;5.499;17.418;8.460;17.460;17.963;11.965,30.000;30.000;30.000;30.000;30.000;30.000;30.000;30.000;30.000;30.000;30.000;30.000;24.000;24.000;24.000;30.000;30.000,Baby_grizzly,jaw movement,,,POINT,61.342,C:\Users\esthe\Downloads\baby grizzly 14 _\Baby_1405_1_three.mp4,30,NA,
Baby_1405,2025-06-24 11:48:28.904,,172.403,Media file(s),player #1:C:\Users\esthe\Downloads\baby grizzly 14 _\Baby_1405_10_seven.mp4;C:\Users\esthe\Downloads\baby grizzly 14 _\Baby_1405_11_three.mp4;C:\Users\esthe\Downloads\baby grizzly 14 _\Baby_1405_12_three.mp4;C:\Users\esthe\Downloads\baby grizzly 14 _\Baby_1405_13_five.mp4;C:\Users\esthe\Downloads\baby grizzly 14 _\Baby_1405_14_two.mp4;C:\Users\esthe\Downloads\baby grizzly 14 _\Baby_1405_15_onehalf.mp4;C:\Users\esthe\Downloads\baby grizzly 14 _\Baby_1405_16_seven.mp4;C:\Users\esthe\Downloads\baby grizzly 14 _\Baby_1405_17_seven.mp4;C:\Users\esthe\Downloads\baby grizzly 14 _\Baby_1405_1_three.mp4;C:\Users\esthe\Downloads\baby grizzly 14 _\Baby_1405_2_seven.mp4;C:\Users\esthe\Downloads\baby grizzly 14 _\Baby_1405_3_five.mp4;C:\Users\esthe\Downloads\baby grizzly 14 _\Baby_1405_4_five.mp4;C:\Users\esthe\Downloads\baby grizzly 14 _\Baby_1405_5_seven.mp4;C:\Users\esthe\Downloads\baby grizzly 14 _\Baby_1405_6_seven.mp4;C:\Users\esthe\Downloads\baby grizzly 14 _\Baby_1405_7_seven.mp4;C:\Users\esthe\Downloads\baby grizzly 14 _\Baby_1405_8_two.mp4;C:\Users\esthe\Downloads\baby grizzly 14 _\Baby_1405_9_one.mp4,0.0,9.701;4.433;4.267;7.729;13.965;9.531;5.627;5.099;5.562;15.965;11.869;5.499;17.418;8.460;17.460;17.963;11.965,30.000;30.000;30.000;30.000;30.000;30.000;30.000;30.000;30.000;30.000;30.000;30.000;24.000;24.000;24.000;30.000;30.000,Baby_grizzly,jaw movement,,,POINT,61.608,C:\Users\esthe\Downloads\baby grizzly 14 _\Baby_1405_1_three.mp4,38,NA,
Baby_1405,2025-06-24 11:48:28.904,,172.403,Media file(s),player #1:C:\Users\esthe\Downloads\baby grizzly 14 _\Baby_1405_10_seven.mp4;C:\Users\esthe\Downloads\baby grizzly 14 _\Baby_1405_11_three.mp4;C:\Users\esthe\Downloads\baby grizzly 14 _\Baby_1405_12_three.mp4;C:\Users\esthe\Downloads\baby grizzly 14 _\Baby_1405_13_five.mp4;C:\Users\esthe\Downloads\baby grizzly 14 _\Baby_1405_14_two.mp4;C:\Users\esthe\Downloads\baby grizzly 14 _\Baby_1405_15_onehalf.mp4;C:\Users\esthe\Downloads\baby grizzly 14 _\Baby_1405_16_seven.mp4;C:\Users\esthe\Downloads\baby grizzly 14 _\Baby_1405_17_seven.mp4;C:\Users\esthe\Downloads\baby grizzly 14 _\Baby_1405_1_three.mp4;C:\Users\esthe\Downloads\baby grizzly 14 _\Baby_1405_2_seven.mp4;C:\Users\esthe\Downloads\baby grizzly 14 _\Baby_1405_3_five.mp4;C:\Users\esthe\Downloads\baby grizzly 14 _\Baby_1405_4_five.mp4;C:\Users\esthe\Downloads\baby grizzly 14 _\Baby_1405_5_seven.mp4;C:\Users\esthe\Downloads\baby grizzly 14 _\Baby_1405_6_seven.mp4;C:\Users\esthe\Downloads\baby grizzly 14 _\Baby_1405_7_seven.mp4;C:\Users\esthe\Downloads\baby grizzly 14 _\Baby_1405_8_two.mp4;C:\Users\esthe\Downloads\baby grizzly 14 _\Baby_1405_9_one.mp4,0.0,9.701;4.433;4.267;7.729;13.965;9.531;5.627;5.099;5.562;15.965;11.869;5.499;17.418;8.460;17.460;17.963;11.965,30.000;30.000;30.000;30.000;30.000;30.000;30.000;30.000;30.000;30.000;30.000;30.000;24.000;24.000;24.000;30.000;30.000,Baby_grizzly,licking,,,POINT,61.775,C:\Users\esthe\Downloads\baby grizzly 14 _\Baby_1405_1_three.mp4,43,NA,
Baby_1405,2025-06-24 11:48:28.904,,172.403,Media file(s),player #1:C:\Users\esthe\Downloads\baby grizzly 14 _\Baby_1405_10_seven.mp4;C:\Users\esthe\Downloads\baby grizzly 14 _\Baby_1405_11_three.mp4;C:\Users\esthe\Downloads\baby grizzly 14 _\Baby_1405_12_three.mp4;C:\Users\esthe\Downloads\baby grizzly 14 _\Baby_1405_13_five.mp4;C:\Users\esthe\Downloads\baby grizzly 14 _\Baby_1405_14_two.mp4;C:\Users\esthe\Downloads\baby grizzly 14 _\Baby_1405_15_onehalf.mp4;C:\Users\esthe\Downloads\baby grizzly 14 _\Baby_1405_16_seven.mp4;C:\Users\esthe\Downloads\baby grizzly 14 _\Baby_1405_17_seven.mp4;C:\Users\esthe\Downloads\baby grizzly 14 _\Baby_1405_1_three.mp4;C:\Users\esthe\Downloads\baby grizzly 14 _\Baby_1405_2_seven.mp4;C:\Users\esthe\Downloads\baby grizzly 14 _\Baby_1405_3_five.mp4;C:\Users\esthe\Downloads\baby grizzly 14 _\Baby_1405_4_five.mp4;C:\Users\esthe\Downloads\baby grizzly 14 _\Baby_1405_5_seven.mp4;C:\Users\esthe\Downloads\baby grizzly 14 _\Baby_1405_6_seven.mp4;C:\Users\esthe\Downloads\baby grizzly 14 _\Baby_1405_7_seven.mp4;C:\Users\esthe\Downloads\baby grizzly 14 _\Baby_1405_8_two.mp4;C:\Users\esthe\Downloads\baby grizzly 14 _\Baby_1405_9_one.mp4,0.0,9.701;4.433;4.267;7.729;13.965;9.531;5.627;5.099;5.562;15.965;11.869;5.499;17.418;8.460;17.460;17.963;11.965,30.000;30.000;30.000;30.000;30.000;30.000;30.000;30.000;30.000;30.000;30.000;30.000;24.000;24.000;24.000;30.000;30.000,Baby_grizzly,rotation,,Horizontal,STOP,62.008,C:\Users\esthe\Downloads\baby grizzly 14 _\Baby_1405_1_three.mp4,50,NA,
Baby_1405,2025-06-24 11:48:28.904,,172.403,Media file(s),player #1:C:\Users\esthe\Downloads\baby grizzly 14 _\Baby_1405_10_seven.mp4;C:\Users\esthe\Downloads\baby grizzly 14 _\Baby_1405_11_three.mp4;C:\Users\esthe\Downloads\baby grizzly 14 _\Baby_1405_12_three.mp4;C:\Users\esthe\Downloads\baby grizzly 14 _\Baby_1405_13_five.mp4;C:\Users\esthe\Downloads\baby grizzly 14 _\Baby_1405_14_two.mp4;C:\Users\esthe\Downloads\baby grizzly 14 _\Baby_1405_15_onehalf.mp4;C:\Users\esthe\Downloads\baby grizzly 14 _\Baby_1405_16_seven.mp4;C:\Users\esthe\Downloads\baby grizzly 14 _\Baby_1405_17_seven.mp4;C:\Users\esthe\Downloads\baby grizzly 14 _\Baby_1405_1_three.mp4;C:\Users\esthe\Downloads\baby grizzly 14 _\Baby_1405_2_seven.mp4;C:\Users\esthe\Downloads\baby grizzly 14 _\Baby_1405_3_five.mp4;C:\Users\esthe\Downloads\baby grizzly 14 _\Baby_1405_4_five.mp4;C:\Users\esthe\Downloads\baby grizzly 14 _\Baby_1405_5_seven.mp4;C:\Users\esthe\Downloads\baby grizzly 14 _\Baby_1405_6_seven.mp4;C:\Users\esthe\Downloads\baby grizzly 14 _\Baby_1405_7_seven.mp4;C:\Users\esthe\Downloads\baby grizzly 14 _\Baby_1405_8_two.mp4;C:\Users\esthe\Downloads\baby grizzly 14 _\Baby_1405_9_one.mp4,0.0,9.701;4.433;4.267;7.729;13.965;9.531;5.627;5.099;5.562;15.965;11.869;5.499;17.418;8.460;17.460;17.963;11.965,30.000;30.000;30.000;30.000;30.000;30.000;30.000;30.000;30.000;30.000;30.000;30.000;24.000;24.000;24.000;30.000;30.000,Baby_grizzly,jaw movement,,,POINT,62.108,C:\Users\esthe\Downloads\baby grizzly 14 _\Baby_1405_1_three.mp4,53,NA,
Baby_1405,2025-06-24 11:48:28.904,,172.403,Media file(s),player #1:C:\Users\esthe\Downloads\baby grizzly 14 _\Baby_1405_10_seven.mp4;C:\Users\esthe\Downloads\baby grizzly 14 _\Baby_1405_11_three.mp4;C:\Users\esthe\Downloads\baby grizzly 14 _\Baby_1405_12_three.mp4;C:\Users\esthe\Downloads\baby grizzly 14 _\Baby_1405_13_five.mp4;C:\Users\esthe\Downloads\baby grizzly 14 _\Baby_1405_14_two.mp4;C:\Users\esthe\Downloads\baby grizzly 14 _\Baby_1405_15_onehalf.mp4;C:\Users\esthe\Downloads\baby grizzly 14 _\Baby_1405_16_seven.mp4;C:\Users\esthe\Downloads\baby grizzly 14 _\Baby_1405_17_seven.mp4;C:\Users\esthe\Downloads\baby grizzly 14 _\Baby_1405_1_three.mp4;C:\Users\esthe\Downloads\baby grizzly 14 _\Baby_1405_2_seven.mp4;C:\Users\esthe\Downloads\baby grizzly 14 _\Baby_1405_3_five.mp4;C:\Users\esthe\Downloads\baby grizzly 14 _\Baby_1405_4_five.mp4;C:\Users\esthe\Downloads\baby grizzly 14 _\Baby_1405_5_seven.mp4;C:\Users\esthe\Downloads\baby grizzly 14 _\Baby_1405_6_seven.mp4;C:\Users\esthe\Downloads\baby grizzly 14 _\Baby_1405_7_seven.mp4;C:\Users\esthe\Downloads\baby grizzly 14 _\Baby_1405_8_two.mp4;C:\Users\esthe\Downloads\baby grizzly 14 _\Baby_1405_9_one.mp4,0.0,9.701;4.433;4.267;7.729;13.965;9.531;5.627;5.099;5.562;15.965;11.869;5.499;17.418;8.460;17.460;17.963;11.965,30.000;30.000;30.000;30.000;30.000;30.000;30.000;30.000;30.000;30.000;30.000;30.000;24.000;24.000;24.000;30.000;30.000,Baby_grizzly,mouth,,,POINT,62.275,C:\Users\esthe\Downloads\baby grizzly 14 _\Baby_1405_1_three.mp4,58,NA,
Baby_1405,2025-06-24 11:48:28.904,,172.403,Media file(s),player #1:C:\Users\esthe\Downloads\baby grizzly 14 _\Baby_1405_10_seven.mp4;C:\Users\esthe\Downloads\baby grizzly 14 _\Baby_1405_11_three.mp4;C:\Users\esthe\Downloads\baby grizzly 14 _\Baby_1405_12_three.mp4;C:\Users\esthe\Downloads\baby grizzly 14 _\Baby_1405_13_five.mp4;C:\Users\esthe\Downloads\baby grizzly 14 _\Baby_1405_14_two.mp4;C:\Users\esthe\Downloads\baby grizzly 14 _\Baby_1405_15_onehalf.mp4;C:\Users\esthe\Downloads\baby grizzly 14 _\Baby_1405_16_seven.mp4;C:\Users\esthe\Downloads\baby grizzly 14 _\Baby_1405_17_seven.mp4;C:\Users\esthe\Downloads\baby grizzly 14 _\Baby_1405_1_three.mp4;C:\Users\esthe\Downloads\baby grizzly 14 _\Baby_1405_2_seven.mp4;C:\Users\esthe\Downloads\baby grizzly 14 _\Baby_1405_3_five.mp4;C:\Users\esthe\Downloads\baby grizzly 14 _\Baby_1405_4_five.mp4;C:\Users\esthe\Downloads\baby grizzly 14 _\Baby_1405_5_seven.mp4;C:\Users\esthe\Downloads\baby grizzly 14 _\Baby_1405_6_seven.mp4;C:\Users\esthe\Downloads\baby grizzly 14 _\Baby_1405_7_seven.mp4;C:\Users\esthe\Downloads\baby grizzly 14 _\Baby_1405_8_two.mp4;C:\Users\esthe\Downloads\baby grizzly 14 _\Baby_1405_9_one.mp4,0.0,9.701;4.433;4.267;7.729;13.965;9.531;5.627;5.099;5.562;15.965;11.869;5.499;17.418;8.460;17.460;17.963;11.965,30.000;30.000;30.000;30.000;30.000;30.000;30.000;30.000;30.000;30.000;30.000;30.000;24.000;24.000;24.000;30.000;30.000,Baby_grizzly,ear clapping,,,POINT,62.308,C:\Users\esthe\Downloads\baby grizzly 14 _\Baby_1405_1_three.mp4,59,NA,
Baby_1405,2025-06-24 11:48:28.904,,172.403,Media file(s),player #1:C:\Users\esthe\Downloads\baby grizzly 14 _\Baby_1405_10_seven.mp4;C:\Users\esthe\Downloads\baby grizzly 14 _\Baby_1405_11_three.mp4;C:\Users\esthe\Downloads\baby grizzly 14 _\Baby_1405_12_three.mp4;C:\Users\esthe\Downloads\baby grizzly 14 _\Baby_1405_13_five.mp4;C:\Users\esthe\Downloads\baby grizzly 14 _\Baby_1405_14_two.mp4;C:\Users\esthe\Downloads\baby grizzly 14 _\Baby_1405_15_onehalf.mp4;C:\Users\esthe\Downloads\baby grizzly 14 _\Baby_1405_16_seven.mp4;C:\Users\esthe\Downloads\baby grizzly 14 _\Baby_1405_17_seven.mp4;C:\Users\esthe\Downloads\baby grizzly 14 _\Baby_1405_1_three.mp4;C:\Users\esthe\Downloads\baby grizzly 14 _\Baby_1405_2_seven.mp4;C:\Users\esthe\Downloads\baby grizzly 14 _\Baby_1405_3_five.mp4;C:\Users\esthe\Downloads\baby grizzly 14 _\Baby_1405_4_five.mp4;C:\Users\esthe\Downloads\baby grizzly 14 _\Baby_1405_5_seven.mp4;C:\Users\esthe\Downloads\baby grizzly 14 _\Baby_1405_6_seven.mp4;C:\Users\esthe\Downloads\baby grizzly 14 _\Baby_1405_7_seven.mp4;C:\Users\esthe\Downloads\baby grizzly 14 _\Baby_1405_8_two.mp4;C:\Users\esthe\Downloads\baby grizzly 14 _\Baby_1405_9_one.mp4,0.0,9.701;4.433;4.267;7.729;13.965;9.531;5.627;5.099;5.562;15.965;11.869;5.499;17.418;8.460;17.460;17.963;11.965,30.000;30.000;30.000;30.000;30.000;30.000;30.000;30.000;30.000;30.000;30.000;30.000;24.000;24.000;24.000;30.000;30.000,Baby_grizzly,assessing,,,STOP,62.342,C:\Users\esthe\Downloads\baby grizzly 14 _\Baby_1405_1_three.mp4,60,NA,
Baby_1405,2025-06-24 11:48:28.904,,172.403,Media file(s),player #1:C:\Users\esthe\Downloads\baby grizzly 14 _\Baby_1405_10_seven.mp4;C:\Users\esthe\Downloads\baby grizzly 14 _\Baby_1405_11_three.mp4;C:\Users\esthe\Downloads\baby grizzly 14 _\Baby_1405_12_three.mp4;C:\Users\esthe\Downloads\baby grizzly 14 _\Baby_1405_13_five.mp4;C:\Users\esthe\Downloads\baby grizzly 14 _\Baby_1405_14_two.mp4;C:\Users\esthe\Downloads\baby grizzly 14 _\Baby_1405_15_onehalf.mp4;C:\Users\esthe\Downloads\baby grizzly 14 _\Baby_1405_16_seven.mp4;C:\Users\esthe\Downloads\baby grizzly 14 _\Baby_1405_17_seven.mp4;C:\Users\esthe\Downloads\baby grizzly 14 _\Baby_1405_1_three.mp4;C:\Users\esthe\Downloads\baby grizzly 14 _\Baby_1405_2_seven.mp4;C:\Users\esthe\Downloads\baby grizzly 14 _\Baby_1405_3_five.mp4;C:\Users\esthe\Downloads\baby grizzly 14 _\Baby_1405_4_five.mp4;C:\Users\esthe\Downloads\baby grizzly 14 _\Baby_1405_5_seven.mp4;C:\Users\esthe\Downloads\baby grizzly 14 _\Baby_1405_6_seven.mp4;C:\Users\esthe\Downloads\baby grizzly 14 _\Baby_1405_7_seven.mp4;C:\Users\esthe\Downloads\baby grizzly 14 _\Baby_1405_8_two.mp4;C:\Users\esthe\Downloads\baby grizzly 14 _\Baby_1405_9_one.mp4,0.0,9.701;4.433;4.267;7.729;13.965;9.531;5.627;5.099;5.562;15.965;11.869;5.499;17.418;8.460;17.460;17.963;11.965,30.000;30.000;30.000;30.000;30.000;30.000;30.000;30.000;30.000;30.000;30.000;30.000;24.000;24.000;24.000;30.000;30.000,Baby_grizzly,assessing,,,START,62.575,C:\Users\esthe\Downloads\baby grizzly 14 _\Baby_1405_1_three.mp4,67,NA,
Baby_1405,2025-06-24 11:48:28.904,,172.403,Media file(s),player #1:C:\Users\esthe\Downloads\baby grizzly 14 _\Baby_1405_10_seven.mp4;C:\Users\esthe\Downloads\baby grizzly 14 _\Baby_1405_11_three.mp4;C:\Users\esthe\Downloads\baby grizzly 14 _\Baby_1405_12_three.mp4;C:\Users\esthe\Downloads\baby grizzly 14 _\Baby_1405_13_five.mp4;C:\Users\esthe\Downloads\baby grizzly 14 _\Baby_1405_14_two.mp4;C:\Users\esthe\Downloads\baby grizzly 14 _\Baby_1405_15_onehalf.mp4;C:\Users\esthe\Downloads\baby grizzly 14 _\Baby_1405_16_seven.mp4;C:\Users\esthe\Downloads\baby grizzly 14 _\Baby_1405_17_seven.mp4;C:\Users\esthe\Downloads\baby grizzly 14 _\Baby_1405_1_three.mp4;C:\Users\esthe\Downloads\baby grizzly 14 _\Baby_1405_2_seven.mp4;C:\Users\esthe\Downloads\baby grizzly 14 _\Baby_1405_3_five.mp4;C:\Users\esthe\Downloads\baby grizzly 14 _\Baby_1405_4_five.mp4;C:\Users\esthe\Downloads\baby grizzly 14 _\Baby_1405_5_seven.mp4;C:\Users\esthe\Downloads\baby grizzly 14 _\Baby_1405_6_seven.mp4;C:\Users\esthe\Downloads\baby grizzly 14 _\Baby_1405_7_seven.mp4;C:\Users\esthe\Downloads\baby grizzly 14 _\Baby_1405_8_two.mp4;C:\Users\esthe\Downloads\baby grizzly 14 _\Baby_1405_9_one.mp4,0.0,9.701;4.433;4.267;7.729;13.965;9.531;5.627;5.099;5.562;15.965;11.869;5.499;17.418;8.460;17.460;17.963;11.965,30.000;30.000;30.000;30.000;30.000;30.000;30.000;30.000;30.000;30.000;30.000;30.000;24.000;24.000;24.000;30.000;30.000,Baby_grizzly,jaw movement,,,POINT,62.642,C:\Users\esthe\Downloads\baby grizzly 14 _\Baby_1405_1_three.mp4,69,NA,
Baby_1405,2025-06-24 11:48:28.904,,172.403,Media file(s),player #1:C:\Users\esthe\Downloads\baby grizzly 14 _\Baby_1405_10_seven.mp4;C:\Users\esthe\Downloads\baby grizzly 14 _\Baby_1405_11_three.mp4;C:\Users\esthe\Downloads\baby grizzly 14 _\Baby_1405_12_three.mp4;C:\Users\esthe\Downloads\baby grizzly 14 _\Baby_1405_13_five.mp4;C:\Users\esthe\Downloads\baby grizzly 14 _\Baby_1405_14_two.mp4;C:\Users\esthe\Downloads\baby grizzly 14 _\Baby_1405_15_onehalf.mp4;C:\Users\esthe\Downloads\baby grizzly 14 _\Baby_1405_16_seven.mp4;C:\Users\esthe\Downloads\baby grizzly 14 _\Baby_1405_17_seven.mp4;C:\Users\esthe\Downloads\baby grizzly 14 _\Baby_1405_1_three.mp4;C:\Users\esthe\Downloads\baby grizzly 14 _\Baby_1405_2_seven.mp4;C:\Users\esthe\Downloads\baby grizzly 14 _\Baby_1405_3_five.mp4;C:\Users\esthe\Downloads\baby grizzly 14 _\Baby_1405_4_five.mp4;C:\Users\esthe\Downloads\baby grizzly 14 _\Baby_1405_5_seven.mp4;C:\Users\esthe\Downloads\baby grizzly 14 _\Baby_1405_6_seven.mp4;C:\Users\esthe\Downloads\baby grizzly 14 _\Baby_1405_7_seven.mp4;C:\Users\esthe\Downloads\baby grizzly 14 _\Baby_1405_8_two.mp4;C:\Users\esthe\Downloads\baby grizzly 14 _\Baby_1405_9_one.mp4,0.0,9.701;4.433;4.267;7.729;13.965;9.531;5.627;5.099;5.562;15.965;11.869;5.499;17.418;8.460;17.460;17.963;11.965,30.000;30.000;30.000;30.000;30.000;30.000;30.000;30.000;30.000;30.000;30.000;30.000;24.000;24.000;24.000;30.000;30.000,Baby_grizzly,sniffing,,,POINT,62.775,C:\Users\esthe\Downloads\baby grizzly 14 _\Baby_1405_1_three.mp4,73,NA,
Baby_1405,2025-06-24 11:48:28.904,,172.403,Media file(s),player #1:C:\Users\esthe\Downloads\baby grizzly 14 _\Baby_1405_10_seven.mp4;C:\Users\esthe\Downloads\baby grizzly 14 _\Baby_1405_11_three.mp4;C:\Users\esthe\Downloads\baby grizzly 14 _\Baby_1405_12_three.mp4;C:\Users\esthe\Downloads\baby grizzly 14 _\Baby_1405_13_five.mp4;C:\Users\esthe\Downloads\baby grizzly 14 _\Baby_1405_14_two.mp4;C:\Users\esthe\Downloads\baby grizzly 14 _\Baby_1405_15_onehalf.mp4;C:\Users\esthe\Downloads\baby grizzly 14 _\Baby_1405_16_seven.mp4;C:\Users\esthe\Downloads\baby grizzly 14 _\Baby_1405_17_seven.mp4;C:\Users\esthe\Downloads\baby grizzly 14 _\Baby_1405_1_three.mp4;C:\Users\esthe\Downloads\baby grizzly 14 _\Baby_1405_2_seven.mp4;C:\Users\esthe\Downloads\baby grizzly 14 _\Baby_1405_3_five.mp4;C:\Users\esthe\Downloads\baby grizzly 14 _\Baby_1405_4_five.mp4;C:\Users\esthe\Downloads\baby grizzly 14 _\Baby_1405_5_seven.mp4;C:\Users\esthe\Downloads\baby grizzly 14 _\Baby_1405_6_seven.mp4;C:\Users\esthe\Downloads\baby grizzly 14 _\Baby_1405_7_seven.mp4;C:\Users\esthe\Downloads\baby grizzly 14 _\Baby_1405_8_two.mp4;C:\Users\esthe\Downloads\baby grizzly 14 _\Baby_1405_9_one.mp4,0.0,9.701;4.433;4.267;7.729;13.965;9.531;5.627;5.099;5.562;15.965;11.869;5.499;17.418;8.460;17.460;17.963;11.965,30.000;30.000;30.000;30.000;30.000;30.000;30.000;30.000;30.000;30.000;30.000;30.000;24.000;24.000;24.000;30.000;30.000,Baby_grizzly,jaw movement,,,POINT,62.908,C:\Users\esthe\Downloads\baby grizzly 14 _\Baby_1405_1_three.mp4,77,NA,
Baby_1405,2025-06-24 11:48:28.904,,172.403,Media file(s),player #1:C:\Users\esthe\Downloads\baby grizzly 14 _\Baby_1405_10_seven.mp4;C:\Users\esthe\Downloads\baby grizzly 14 _\Baby_1405_11_three.mp4;C:\Users\esthe\Downloads\baby grizzly 14 _\Baby_1405_12_three.mp4;C:\Users\esthe\Downloads\baby grizzly 14 _\Baby_1405_13_five.mp4;C:\Users\esthe\Downloads\baby grizzly 14 _\Baby_1405_14_two.mp4;C:\Users\esthe\Downloads\baby grizzly 14 _\Baby_1405_15_onehalf.mp4;C:\Users\esthe\Downloads\baby grizzly 14 _\Baby_1405_16_seven.mp4;C:\Users\esthe\Downloads\baby grizzly 14 _\Baby_1405_17_seven.mp4;C:\Users\esthe\Downloads\baby grizzly 14 _\Baby_1405_1_three.mp4;C:\Users\esthe\Downloads\baby grizzly 14 _\Baby_1405_2_seven.mp4;C:\Users\esthe\Downloads\baby grizzly 14 _\Baby_1405_3_five.mp4;C:\Users\esthe\Downloads\baby grizzly 14 _\Baby_1405_4_five.mp4;C:\Users\esthe\Downloads\baby grizzly 14 _\Baby_1405_5_seven.mp4;C:\Users\esthe\Downloads\baby grizzly 14 _\Baby_1405_6_seven.mp4;C:\Users\esthe\Downloads\baby grizzly 14 _\Baby_1405_7_seven.mp4;C:\Users\esthe\Downloads\baby grizzly 14 _\Baby_1405_8_two.mp4;C:\Users\esthe\Downloads\baby grizzly 14 _\Baby_1405_9_one.mp4,0.0,9.701;4.433;4.267;7.729;13.965;9.531;5.627;5.099;5.562;15.965;11.869;5.499;17.418;8.460;17.460;17.963;11.965,30.000;30.000;30.000;30.000;30.000;30.000;30.000;30.000;30.000;30.000;30.000;30.000;24.000;24.000;24.000;30.000;30.000,Baby_grizzly,jaw movement,,,POINT,63.075,C:\Users\esthe\Downloads\baby grizzly 14 _\Baby_1405_1_three.mp4,82,NA,
Baby_1405,2025-06-24 11:48:28.904,,172.403,Media file(s),player #1:C:\Users\esthe\Downloads\baby grizzly 14 _\Baby_1405_10_seven.mp4;C:\Users\esthe\Downloads\baby grizzly 14 _\Baby_1405_11_three.mp4;C:\Users\esthe\Downloads\baby grizzly 14 _\Baby_1405_12_three.mp4;C:\Users\esthe\Downloads\baby grizzly 14 _\Baby_1405_13_five.mp4;C:\Users\esthe\Downloads\baby grizzly 14 _\Baby_1405_14_two.mp4;C:\Users\esthe\Downloads\baby grizzly 14 _\Baby_1405_15_onehalf.mp4;C:\Users\esthe\Downloads\baby grizzly 14 _\Baby_1405_16_seven.mp4;C:\Users\esthe\Downloads\baby grizzly 14 _\Baby_1405_17_seven.mp4;C:\Users\esthe\Downloads\baby grizzly 14 _\Baby_1405_1_three.mp4;C:\Users\esthe\Downloads\baby grizzly 14 _\Baby_1405_2_seven.mp4;C:\Users\esthe\Downloads\baby grizzly 14 _\Baby_1405_3_five.mp4;C:\Users\esthe\Downloads\baby grizzly 14 _\Baby_1405_4_five.mp4;C:\Users\esthe\Downloads\baby grizzly 14 _\Baby_1405_5_seven.mp4;C:\Users\esthe\Downloads\baby grizzly 14 _\Baby_1405_6_seven.mp4;C:\Users\esthe\Downloads\baby grizzly 14 _\Baby_1405_7_seven.mp4;C:\Users\esthe\Downloads\baby grizzly 14 _\Baby_1405_8_two.mp4;C:\Users\esthe\Downloads\baby grizzly 14 _\Baby_1405_9_one.mp4,0.0,9.701;4.433;4.267;7.729;13.965;9.531;5.627;5.099;5.562;15.965;11.869;5.499;17.418;8.460;17.460;17.963;11.965,30.000;30.000;30.000;30.000;30.000;30.000;30.000;30.000;30.000;30.000;30.000;30.000;24.000;24.000;24.000;30.000;30.000,Baby_grizzly,mouth,,,POINT,63.242,C:\Users\esthe\Downloads\baby grizzly 14 _\Baby_1405_1_three.mp4,87,NA,
Baby_1405,2025-06-24 11:48:28.904,,172.403,Media file(s),player #1:C:\Users\esthe\Downloads\baby grizzly 14 _\Baby_1405_10_seven.mp4;C:\Users\esthe\Downloads\baby grizzly 14 _\Baby_1405_11_three.mp4;C:\Users\esthe\Downloads\baby grizzly 14 _\Baby_1405_12_three.mp4;C:\Users\esthe\Downloads\baby grizzly 14 _\Baby_1405_13_five.mp4;C:\Users\esthe\Downloads\baby grizzly 14 _\Baby_1405_14_two.mp4;C:\Users\esthe\Downloads\baby grizzly 14 _\Baby_1405_15_onehalf.mp4;C:\Users\esthe\Downloads\baby grizzly 14 _\Baby_1405_16_seven.mp4;C:\Users\esthe\Downloads\baby grizzly 14 _\Baby_1405_17_seven.mp4;C:\Users\esthe\Downloads\baby grizzly 14 _\Baby_1405_1_three.mp4;C:\Users\esthe\Downloads\baby grizzly 14 _\Baby_1405_2_seven.mp4;C:\Users\esthe\Downloads\baby grizzly 14 _\Baby_1405_3_five.mp4;C:\Users\esthe\Downloads\baby grizzly 14 _\Baby_1405_4_five.mp4;C:\Users\esthe\Downloads\baby grizzly 14 _\Baby_1405_5_seven.mp4;C:\Users\esthe\Downloads\baby grizzly 14 _\Baby_1405_6_seven.mp4;C:\Users\esthe\Downloads\baby grizzly 14 _\Baby_1405_7_seven.mp4;C:\Users\esthe\Downloads\baby grizzly 14 _\Baby_1405_8_two.mp4;C:\Users\esthe\Downloads\baby grizzly 14 _\Baby_1405_9_one.mp4,0.0,9.701;4.433;4.267;7.729;13.965;9.531;5.627;5.099;5.562;15.965;11.869;5.499;17.418;8.460;17.460;17.963;11.965,30.000;30.000;30.000;30.000;30.000;30.000;30.000;30.000;30.000;30.000;30.000;30.000;24.000;24.000;24.000;30.000;30.000,Baby_grizzly,assessing,,,STOP,63.275,C:\Users\esthe\Downloads\baby grizzly 14 _\Baby_1405_1_three.mp4,88,NA,
Baby_1405,2025-06-24 11:48:28.904,,172.403,Media file(s),player #1:C:\Users\esthe\Downloads\baby grizzly 14 _\Baby_1405_10_seven.mp4;C:\Users\esthe\Downloads\baby grizzly 14 _\Baby_1405_11_three.mp4;C:\Users\esthe\Downloads\baby grizzly 14 _\Baby_1405_12_three.mp4;C:\Users\esthe\Downloads\baby grizzly 14 _\Baby_1405_13_five.mp4;C:\Users\esthe\Downloads\baby grizzly 14 _\Baby_1405_14_two.mp4;C:\Users\esthe\Downloads\baby grizzly 14 _\Baby_1405_15_onehalf.mp4;C:\Users\esthe\Downloads\baby grizzly 14 _\Baby_1405_16_seven.mp4;C:\Users\esthe\Downloads\baby grizzly 14 _\Baby_1405_17_seven.mp4;C:\Users\esthe\Downloads\baby grizzly 14 _\Baby_1405_1_three.mp4;C:\Users\esthe\Downloads\baby grizzly 14 _\Baby_1405_2_seven.mp4;C:\Users\esthe\Downloads\baby grizzly 14 _\Baby_1405_3_five.mp4;C:\Users\esthe\Downloads\baby grizzly 14 _\Baby_1405_4_five.mp4;C:\Users\esthe\Downloads\baby grizzly 14 _\Baby_1405_5_seven.mp4;C:\Users\esthe\Downloads\baby grizzly 14 _\Baby_1405_6_seven.mp4;C:\Users\esthe\Downloads\baby grizzly 14 _\Baby_1405_7_seven.mp4;C:\Users\esthe\Downloads\baby grizzly 14 _\Baby_1405_8_two.mp4;C:\Users\esthe\Downloads\baby grizzly 14 _\Baby_1405_9_one.mp4,0.0,9.701;4.433;4.267;7.729;13.965;9.531;5.627;5.099;5.562;15.965;11.869;5.499;17.418;8.460;17.460;17.963;11.965,30.000;30.000;30.000;30.000;30.000;30.000;30.000;30.000;30.000;30.000;30.000;30.000;24.000;24.000;24.000;30.000;30.000,Baby_grizzly,target,,,START,63.509,C:\Users\esthe\Downloads\baby grizzly 14 _\Baby_1405_1_three.mp4,95,NA,
Baby_1405,2025-06-24 11:48:28.904,,172.403,Media file(s),player #1:C:\Users\esthe\Downloads\baby grizzly 14 _\Baby_1405_10_seven.mp4;C:\Users\esthe\Downloads\baby grizzly 14 _\Baby_1405_11_three.mp4;C:\Users\esthe\Downloads\baby grizzly 14 _\Baby_1405_12_three.mp4;C:\Users\esthe\Downloads\baby grizzly 14 _\Baby_1405_13_five.mp4;C:\Users\esthe\Downloads\baby grizzly 14 _\Baby_1405_14_two.mp4;C:\Users\esthe\Downloads\baby grizzly 14 _\Baby_1405_15_onehalf.mp4;C:\Users\esthe\Downloads\baby grizzly 14 _\Baby_1405_16_seven.mp4;C:\Users\esthe\Downloads\baby grizzly 14 _\Baby_1405_17_seven.mp4;C:\Users\esthe\Downloads\baby grizzly 14 _\Baby_1405_1_three.mp4;C:\Users\esthe\Downloads\baby grizzly 14 _\Baby_1405_2_seven.mp4;C:\Users\esthe\Downloads\baby grizzly 14 _\Baby_1405_3_five.mp4;C:\Users\esthe\Downloads\baby grizzly 14 _\Baby_1405_4_five.mp4;C:\Users\esthe\Downloads\baby grizzly 14 _\Baby_1405_5_seven.mp4;C:\Users\esthe\Downloads\baby grizzly 14 _\Baby_1405_6_seven.mp4;C:\Users\esthe\Downloads\baby grizzly 14 _\Baby_1405_7_seven.mp4;C:\Users\esthe\Downloads\baby grizzly 14 _\Baby_1405_8_two.mp4;C:\Users\esthe\Downloads\baby grizzly 14 _\Baby_1405_9_one.mp4,0.0,9.701;4.433;4.267;7.729;13.965;9.531;5.627;5.099;5.562;15.965;11.869;5.499;17.418;8.460;17.460;17.963;11.965,30.000;30.000;30.000;30.000;30.000;30.000;30.000;30.000;30.000;30.000;30.000;30.000;24.000;24.000;24.000;30.000;30.000,Baby_grizzly,target,,,STOP,65.775,C:\Users\esthe\Downloads\baby grizzly 14 _\Baby_1405_1_three.mp4,163,NA,
Baby_1405,2025-06-24 11:48:28.904,,172.403,Media file(s),player #1:C:\Users\esthe\Downloads\baby grizzly 14 _\Baby_1405_10_seven.mp4;C:\Users\esthe\Downloads\baby grizzly 14 _\Baby_1405_11_three.mp4;C:\Users\esthe\Downloads\baby grizzly 14 _\Baby_1405_12_three.mp4;C:\Users\esthe\Downloads\baby grizzly 14 _\Baby_1405_13_five.mp4;C:\Users\esthe\Downloads\baby grizzly 14 _\Baby_1405_14_two.mp4;C:\Users\esthe\Downloads\baby grizzly 14 _\Baby_1405_15_onehalf.mp4;C:\Users\esthe\Downloads\baby grizzly 14 _\Baby_1405_16_seven.mp4;C:\Users\esthe\Downloads\baby grizzly 14 _\Baby_1405_17_seven.mp4;C:\Users\esthe\Downloads\baby grizzly 14 _\Baby_1405_1_three.mp4;C:\Users\esthe\Downloads\baby grizzly 14 _\Baby_1405_2_seven.mp4;C:\Users\esthe\Downloads\baby grizzly 14 _\Baby_1405_3_five.mp4;C:\Users\esthe\Downloads\baby grizzly 14 _\Baby_1405_4_five.mp4;C:\Users\esthe\Downloads\baby grizzly 14 _\Baby_1405_5_seven.mp4;C:\Users\esthe\Downloads\baby grizzly 14 _\Baby_1405_6_seven.mp4;C:\Users\esthe\Downloads\baby grizzly 14 _\Baby_1405_7_seven.mp4;C:\Users\esthe\Downloads\baby grizzly 14 _\Baby_1405_8_two.mp4;C:\Users\esthe\Downloads\baby grizzly 14 _\Baby_1405_9_one.mp4,0.0,9.701;4.433;4.267;7.729;13.965;9.531;5.627;5.099;5.562;15.965;11.869;5.499;17.418;8.460;17.460;17.963;11.965,30.000;30.000;30.000;30.000;30.000;30.000;30.000;30.000;30.000;30.000;30.000;30.000;24.000;24.000;24.000;30.000;30.000,Baby_grizzly,bending,,,START,66.041,C:\Users\esthe\Downloads\baby grizzly 14 _\Baby_1405_2_seven.mp4,4,NA,
Baby_1405,2025-06-24 11:48:28.904,,172.403,Media file(s),player #1:C:\Users\esthe\Downloads\baby grizzly 14 _\Baby_1405_10_seven.mp4;C:\Users\esthe\Downloads\baby grizzly 14 _\Baby_1405_11_three.mp4;C:\Users\esthe\Downloads\baby grizzly 14 _\Baby_1405_12_three.mp4;C:\Users\esthe\Downloads\baby grizzly 14 _\Baby_1405_13_five.mp4;C:\Users\esthe\Downloads\baby grizzly 14 _\Baby_1405_14_two.mp4;C:\Users\esthe\Downloads\baby grizzly 14 _\Baby_1405_15_onehalf.mp4;C:\Users\esthe\Downloads\baby grizzly 14 _\Baby_1405_16_seven.mp4;C:\Users\esthe\Downloads\baby grizzly 14 _\Baby_1405_17_seven.mp4;C:\Users\esthe\Downloads\baby grizzly 14 _\Baby_1405_1_three.mp4;C:\Users\esthe\Downloads\baby grizzly 14 _\Baby_1405_2_seven.mp4;C:\Users\esthe\Downloads\baby grizzly 14 _\Baby_1405_3_five.mp4;C:\Users\esthe\Downloads\baby grizzly 14 _\Baby_1405_4_five.mp4;C:\Users\esthe\Downloads\baby grizzly 14 _\Baby_1405_5_seven.mp4;C:\Users\esthe\Downloads\baby grizzly 14 _\Baby_1405_6_seven.mp4;C:\Users\esthe\Downloads\baby grizzly 14 _\Baby_1405_7_seven.mp4;C:\Users\esthe\Downloads\baby grizzly 14 _\Baby_1405_8_two.mp4;C:\Users\esthe\Downloads\baby grizzly 14 _\Baby_1405_9_one.mp4,0.0,9.701;4.433;4.267;7.729;13.965;9.531;5.627;5.099;5.562;15.965;11.869;5.499;17.418;8.460;17.460;17.963;11.965,30.000;30.000;30.000;30.000;30.000;30.000;30.000;30.000;30.000;30.000;30.000;30.000;24.000;24.000;24.000;30.000;30.000,Baby_grizzly,bending,,,STOP,66.475,C:\Users\esthe\Downloads\baby grizzly 14 _\Baby_1405_2_seven.mp4,17,NA,
Baby_1405,2025-06-24 11:48:28.904,,172.403,Media file(s),player #1:C:\Users\esthe\Downloads\baby grizzly 14 _\Baby_1405_10_seven.mp4;C:\Users\esthe\Downloads\baby grizzly 14 _\Baby_1405_11_three.mp4;C:\Users\esthe\Downloads\baby grizzly 14 _\Baby_1405_12_three.mp4;C:\Users\esthe\Downloads\baby grizzly 14 _\Baby_1405_13_five.mp4;C:\Users\esthe\Downloads\baby grizzly 14 _\Baby_1405_14_two.mp4;C:\Users\esthe\Downloads\baby grizzly 14 _\Baby_1405_15_onehalf.mp4;C:\Users\esthe\Downloads\baby grizzly 14 _\Baby_1405_16_seven.mp4;C:\Users\esthe\Downloads\baby grizzly 14 _\Baby_1405_17_seven.mp4;C:\Users\esthe\Downloads\baby grizzly 14 _\Baby_1405_1_three.mp4;C:\Users\esthe\Downloads\baby grizzly 14 _\Baby_1405_2_seven.mp4;C:\Users\esthe\Downloads\baby grizzly 14 _\Baby_1405_3_five.mp4;C:\Users\esthe\Downloads\baby grizzly 14 _\Baby_1405_4_five.mp4;C:\Users\esthe\Downloads\baby grizzly 14 _\Baby_1405_5_seven.mp4;C:\Users\esthe\Downloads\baby grizzly 14 _\Baby_1405_6_seven.mp4;C:\Users\esthe\Downloads\baby grizzly 14 _\Baby_1405_7_seven.mp4;C:\Users\esthe\Downloads\baby grizzly 14 _\Baby_1405_8_two.mp4;C:\Users\esthe\Downloads\baby grizzly 14 _\Baby_1405_9_one.mp4,0.0,9.701;4.433;4.267;7.729;13.965;9.531;5.627;5.099;5.562;15.965;11.869;5.499;17.418;8.460;17.460;17.963;11.965,30.000;30.000;30.000;30.000;30.000;30.000;30.000;30.000;30.000;30.000;30.000;30.000;24.000;24.000;24.000;30.000;30.000,Baby_grizzly,grabbing peanut,,,POINT,66.475,C:\Users\esthe\Downloads\baby grizzly 14 _\Baby_1405_2_seven.mp4,17,NA,
Baby_1405,2025-06-24 11:48:28.904,,172.403,Media file(s),player #1:C:\Users\esthe\Downloads\baby grizzly 14 _\Baby_1405_10_seven.mp4;C:\Users\esthe\Downloads\baby grizzly 14 _\Baby_1405_11_three.mp4;C:\Users\esthe\Downloads\baby grizzly 14 _\Baby_1405_12_three.mp4;C:\Users\esthe\Downloads\baby grizzly 14 _\Baby_1405_13_five.mp4;C:\Users\esthe\Downloads\baby grizzly 14 _\Baby_1405_14_two.mp4;C:\Users\esthe\Downloads\baby grizzly 14 _\Baby_1405_15_onehalf.mp4;C:\Users\esthe\Downloads\baby grizzly 14 _\Baby_1405_16_seven.mp4;C:\Users\esthe\Downloads\baby grizzly 14 _\Baby_1405_17_seven.mp4;C:\Users\esthe\Downloads\baby grizzly 14 _\Baby_1405_1_three.mp4;C:\Users\esthe\Downloads\baby grizzly 14 _\Baby_1405_2_seven.mp4;C:\Users\esthe\Downloads\baby grizzly 14 _\Baby_1405_3_five.mp4;C:\Users\esthe\Downloads\baby grizzly 14 _\Baby_1405_4_five.mp4;C:\Users\esthe\Downloads\baby grizzly 14 _\Baby_1405_5_seven.mp4;C:\Users\esthe\Downloads\baby grizzly 14 _\Baby_1405_6_seven.mp4;C:\Users\esthe\Downloads\baby grizzly 14 _\Baby_1405_7_seven.mp4;C:\Users\esthe\Downloads\baby grizzly 14 _\Baby_1405_8_two.mp4;C:\Users\esthe\Downloads\baby grizzly 14 _\Baby_1405_9_one.mp4,0.0,9.701;4.433;4.267;7.729;13.965;9.531;5.627;5.099;5.562;15.965;11.869;5.499;17.418;8.460;17.460;17.963;11.965,30.000;30.000;30.000;30.000;30.000;30.000;30.000;30.000;30.000;30.000;30.000;30.000;24.000;24.000;24.000;30.000;30.000,Baby_grizzly,lifting,,,START,66.508,C:\Users\esthe\Downloads\baby grizzly 14 _\Baby_1405_2_seven.mp4,18,NA,
Baby_1405,2025-06-24 11:48:28.904,,172.403,Media file(s),player #1:C:\Users\esthe\Downloads\baby grizzly 14 _\Baby_1405_10_seven.mp4;C:\Users\esthe\Downloads\baby grizzly 14 _\Baby_1405_11_three.mp4;C:\Users\esthe\Downloads\baby grizzly 14 _\Baby_1405_12_three.mp4;C:\Users\esthe\Downloads\baby grizzly 14 _\Baby_1405_13_five.mp4;C:\Users\esthe\Downloads\baby grizzly 14 _\Baby_1405_14_two.mp4;C:\Users\esthe\Downloads\baby grizzly 14 _\Baby_1405_15_onehalf.mp4;C:\Users\esthe\Downloads\baby grizzly 14 _\Baby_1405_16_seven.mp4;C:\Users\esthe\Downloads\baby grizzly 14 _\Baby_1405_17_seven.mp4;C:\Users\esthe\Downloads\baby grizzly 14 _\Baby_1405_1_three.mp4;C:\Users\esthe\Downloads\baby grizzly 14 _\Baby_1405_2_seven.mp4;C:\Users\esthe\Downloads\baby grizzly 14 _\Baby_1405_3_five.mp4;C:\Users\esthe\Downloads\baby grizzly 14 _\Baby_1405_4_five.mp4;C:\Users\esthe\Downloads\baby grizzly 14 _\Baby_1405_5_seven.mp4;C:\Users\esthe\Downloads\baby grizzly 14 _\Baby_1405_6_seven.mp4;C:\Users\esthe\Downloads\baby grizzly 14 _\Baby_1405_7_seven.mp4;C:\Users\esthe\Downloads\baby grizzly 14 _\Baby_1405_8_two.mp4;C:\Users\esthe\Downloads\baby grizzly 14 _\Baby_1405_9_one.mp4,0.0,9.701;4.433;4.267;7.729;13.965;9.531;5.627;5.099;5.562;15.965;11.869;5.499;17.418;8.460;17.460;17.963;11.965,30.000;30.000;30.000;30.000;30.000;30.000;30.000;30.000;30.000;30.000;30.000;30.000;24.000;24.000;24.000;30.000;30.000,Baby_grizzly,lifting,,,STOP,66.741,C:\Users\esthe\Downloads\baby grizzly 14 _\Baby_1405_2_seven.mp4,25,NA,
Baby_1405,2025-06-24 11:48:28.904,,172.403,Media file(s),player #1:C:\Users\esthe\Downloads\baby grizzly 14 _\Baby_1405_10_seven.mp4;C:\Users\esthe\Downloads\baby grizzly 14 _\Baby_1405_11_three.mp4;C:\Users\esthe\Downloads\baby grizzly 14 _\Baby_1405_12_three.mp4;C:\Users\esthe\Downloads\baby grizzly 14 _\Baby_1405_13_five.mp4;C:\Users\esthe\Downloads\baby grizzly 14 _\Baby_1405_14_two.mp4;C:\Users\esthe\Downloads\baby grizzly 14 _\Baby_1405_15_onehalf.mp4;C:\Users\esthe\Downloads\baby grizzly 14 _\Baby_1405_16_seven.mp4;C:\Users\esthe\Downloads\baby grizzly 14 _\Baby_1405_17_seven.mp4;C:\Users\esthe\Downloads\baby grizzly 14 _\Baby_1405_1_three.mp4;C:\Users\esthe\Downloads\baby grizzly 14 _\Baby_1405_2_seven.mp4;C:\Users\esthe\Downloads\baby grizzly 14 _\Baby_1405_3_five.mp4;C:\Users\esthe\Downloads\baby grizzly 14 _\Baby_1405_4_five.mp4;C:\Users\esthe\Downloads\baby grizzly 14 _\Baby_1405_5_seven.mp4;C:\Users\esthe\Downloads\baby grizzly 14 _\Baby_1405_6_seven.mp4;C:\Users\esthe\Downloads\baby grizzly 14 _\Baby_1405_7_seven.mp4;C:\Users\esthe\Downloads\baby grizzly 14 _\Baby_1405_8_two.mp4;C:\Users\esthe\Downloads\baby grizzly 14 _\Baby_1405_9_one.mp4,0.0,9.701;4.433;4.267;7.729;13.965;9.531;5.627;5.099;5.562;15.965;11.869;5.499;17.418;8.460;17.460;17.963;11.965,30.000;30.000;30.000;30.000;30.000;30.000;30.000;30.000;30.000;30.000;30.000;30.000;24.000;24.000;24.000;30.000;30.000,Baby_grizzly,target,,,START,67.475,C:\Users\esthe\Downloads\baby grizzly 14 _\Baby_1405_2_seven.mp4,47,NA,
Baby_1405,2025-06-24 11:48:28.904,,172.403,Media file(s),player #1:C:\Users\esthe\Downloads\baby grizzly 14 _\Baby_1405_10_seven.mp4;C:\Users\esthe\Downloads\baby grizzly 14 _\Baby_1405_11_three.mp4;C:\Users\esthe\Downloads\baby grizzly 14 _\Baby_1405_12_three.mp4;C:\Users\esthe\Downloads\baby grizzly 14 _\Baby_1405_13_five.mp4;C:\Users\esthe\Downloads\baby grizzly 14 _\Baby_1405_14_two.mp4;C:\Users\esthe\Downloads\baby grizzly 14 _\Baby_1405_15_onehalf.mp4;C:\Users\esthe\Downloads\baby grizzly 14 _\Baby_1405_16_seven.mp4;C:\Users\esthe\Downloads\baby grizzly 14 _\Baby_1405_17_seven.mp4;C:\Users\esthe\Downloads\baby grizzly 14 _\Baby_1405_1_three.mp4;C:\Users\esthe\Downloads\baby grizzly 14 _\Baby_1405_2_seven.mp4;C:\Users\esthe\Downloads\baby grizzly 14 _\Baby_1405_3_five.mp4;C:\Users\esthe\Downloads\baby grizzly 14 _\Baby_1405_4_five.mp4;C:\Users\esthe\Downloads\baby grizzly 14 _\Baby_1405_5_seven.mp4;C:\Users\esthe\Downloads\baby grizzly 14 _\Baby_1405_6_seven.mp4;C:\Users\esthe\Downloads\baby grizzly 14 _\Baby_1405_7_seven.mp4;C:\Users\esthe\Downloads\baby grizzly 14 _\Baby_1405_8_two.mp4;C:\Users\esthe\Downloads\baby grizzly 14 _\Baby_1405_9_one.mp4,0.0,9.701;4.433;4.267;7.729;13.965;9.531;5.627;5.099;5.562;15.965;11.869;5.499;17.418;8.460;17.460;17.963;11.965,30.000;30.000;30.000;30.000;30.000;30.000;30.000;30.000;30.000;30.000;30.000;30.000;24.000;24.000;24.000;30.000;30.000,Baby_grizzly,target,,,STOP,69.408,C:\Users\esthe\Downloads\baby grizzly 14 _\Baby_1405_2_seven.mp4,105,NA,
Baby_1405,2025-06-24 11:48:28.904,,172.403,Media file(s),player #1:C:\Users\esthe\Downloads\baby grizzly 14 _\Baby_1405_10_seven.mp4;C:\Users\esthe\Downloads\baby grizzly 14 _\Baby_1405_11_three.mp4;C:\Users\esthe\Downloads\baby grizzly 14 _\Baby_1405_12_three.mp4;C:\Users\esthe\Downloads\baby grizzly 14 _\Baby_1405_13_five.mp4;C:\Users\esthe\Downloads\baby grizzly 14 _\Baby_1405_14_two.mp4;C:\Users\esthe\Downloads\baby grizzly 14 _\Baby_1405_15_onehalf.mp4;C:\Users\esthe\Downloads\baby grizzly 14 _\Baby_1405_16_seven.mp4;C:\Users\esthe\Downloads\baby grizzly 14 _\Baby_1405_17_seven.mp4;C:\Users\esthe\Downloads\baby grizzly 14 _\Baby_1405_1_three.mp4;C:\Users\esthe\Downloads\baby grizzly 14 _\Baby_1405_2_seven.mp4;C:\Users\esthe\Downloads\baby grizzly 14 _\Baby_1405_3_five.mp4;C:\Users\esthe\Downloads\baby grizzly 14 _\Baby_1405_4_five.mp4;C:\Users\esthe\Downloads\baby grizzly 14 _\Baby_1405_5_seven.mp4;C:\Users\esthe\Downloads\baby grizzly 14 _\Baby_1405_6_seven.mp4;C:\Users\esthe\Downloads\baby grizzly 14 _\Baby_1405_7_seven.mp4;C:\Users\esthe\Downloads\baby grizzly 14 _\Baby_1405_8_two.mp4;C:\Users\esthe\Downloads\baby grizzly 14 _\Baby_1405_9_one.mp4,0.0,9.701;4.433;4.267;7.729;13.965;9.531;5.627;5.099;5.562;15.965;11.869;5.499;17.418;8.460;17.460;17.963;11.965,30.000;30.000;30.000;30.000;30.000;30.000;30.000;30.000;30.000;30.000;30.000;30.000;24.000;24.000;24.000;30.000;30.000,Baby_grizzly,assessing,,,START,69.508,C:\Users\esthe\Downloads\baby grizzly 14 _\Baby_1405_2_seven.mp4,108,NA,
Baby_1405,2025-06-24 11:48:28.904,,172.403,Media file(s),player #1:C:\Users\esthe\Downloads\baby grizzly 14 _\Baby_1405_10_seven.mp4;C:\Users\esthe\Downloads\baby grizzly 14 _\Baby_1405_11_three.mp4;C:\Users\esthe\Downloads\baby grizzly 14 _\Baby_1405_12_three.mp4;C:\Users\esthe\Downloads\baby grizzly 14 _\Baby_1405_13_five.mp4;C:\Users\esthe\Downloads\baby grizzly 14 _\Baby_1405_14_two.mp4;C:\Users\esthe\Downloads\baby grizzly 14 _\Baby_1405_15_onehalf.mp4;C:\Users\esthe\Downloads\baby grizzly 14 _\Baby_1405_16_seven.mp4;C:\Users\esthe\Downloads\baby grizzly 14 _\Baby_1405_17_seven.mp4;C:\Users\esthe\Downloads\baby grizzly 14 _\Baby_1405_1_three.mp4;C:\Users\esthe\Downloads\baby grizzly 14 _\Baby_1405_2_seven.mp4;C:\Users\esthe\Downloads\baby grizzly 14 _\Baby_1405_3_five.mp4;C:\Users\esthe\Downloads\baby grizzly 14 _\Baby_1405_4_five.mp4;C:\Users\esthe\Downloads\baby grizzly 14 _\Baby_1405_5_seven.mp4;C:\Users\esthe\Downloads\baby grizzly 14 _\Baby_1405_6_seven.mp4;C:\Users\esthe\Downloads\baby grizzly 14 _\Baby_1405_7_seven.mp4;C:\Users\esthe\Downloads\baby grizzly 14 _\Baby_1405_8_two.mp4;C:\Users\esthe\Downloads\baby grizzly 14 _\Baby_1405_9_one.mp4,0.0,9.701;4.433;4.267;7.729;13.965;9.531;5.627;5.099;5.562;15.965;11.869;5.499;17.418;8.460;17.460;17.963;11.965,30.000;30.000;30.000;30.000;30.000;30.000;30.000;30.000;30.000;30.000;30.000;30.000;24.000;24.000;24.000;30.000;30.000,Baby_grizzly,jaw movement,,,POINT,69.641,C:\Users\esthe\Downloads\baby grizzly 14 _\Baby_1405_2_seven.mp4,112,NA,
Baby_1405,2025-06-24 11:48:28.904,,172.403,Media file(s),player #1:C:\Users\esthe\Downloads\baby grizzly 14 _\Baby_1405_10_seven.mp4;C:\Users\esthe\Downloads\baby grizzly 14 _\Baby_1405_11_three.mp4;C:\Users\esthe\Downloads\baby grizzly 14 _\Baby_1405_12_three.mp4;C:\Users\esthe\Downloads\baby grizzly 14 _\Baby_1405_13_five.mp4;C:\Users\esthe\Downloads\baby grizzly 14 _\Baby_1405_14_two.mp4;C:\Users\esthe\Downloads\baby grizzly 14 _\Baby_1405_15_onehalf.mp4;C:\Users\esthe\Downloads\baby grizzly 14 _\Baby_1405_16_seven.mp4;C:\Users\esthe\Downloads\baby grizzly 14 _\Baby_1405_17_seven.mp4;C:\Users\esthe\Downloads\baby grizzly 14 _\Baby_1405_1_three.mp4;C:\Users\esthe\Downloads\baby grizzly 14 _\Baby_1405_2_seven.mp4;C:\Users\esthe\Downloads\baby grizzly 14 _\Baby_1405_3_five.mp4;C:\Users\esthe\Downloads\baby grizzly 14 _\Baby_1405_4_five.mp4;C:\Users\esthe\Downloads\baby grizzly 14 _\Baby_1405_5_seven.mp4;C:\Users\esthe\Downloads\baby grizzly 14 _\Baby_1405_6_seven.mp4;C:\Users\esthe\Downloads\baby grizzly 14 _\Baby_1405_7_seven.mp4;C:\Users\esthe\Downloads\baby grizzly 14 _\Baby_1405_8_two.mp4;C:\Users\esthe\Downloads\baby grizzly 14 _\Baby_1405_9_one.mp4,0.0,9.701;4.433;4.267;7.729;13.965;9.531;5.627;5.099;5.562;15.965;11.869;5.499;17.418;8.460;17.460;17.963;11.965,30.000;30.000;30.000;30.000;30.000;30.000;30.000;30.000;30.000;30.000;30.000;30.000;24.000;24.000;24.000;30.000;30.000,Baby_grizzly,rotation,,Horizontal,START,69.641,C:\Users\esthe\Downloads\baby grizzly 14 _\Baby_1405_2_seven.mp4,112,NA,
Baby_1405,2025-06-24 11:48:28.904,,172.403,Media file(s),player #1:C:\Users\esthe\Downloads\baby grizzly 14 _\Baby_1405_10_seven.mp4;C:\Users\esthe\Downloads\baby grizzly 14 _\Baby_1405_11_three.mp4;C:\Users\esthe\Downloads\baby grizzly 14 _\Baby_1405_12_three.mp4;C:\Users\esthe\Downloads\baby grizzly 14 _\Baby_1405_13_five.mp4;C:\Users\esthe\Downloads\baby grizzly 14 _\Baby_1405_14_two.mp4;C:\Users\esthe\Downloads\baby grizzly 14 _\Baby_1405_15_onehalf.mp4;C:\Users\esthe\Downloads\baby grizzly 14 _\Baby_1405_16_seven.mp4;C:\Users\esthe\Downloads\baby grizzly 14 _\Baby_1405_17_seven.mp4;C:\Users\esthe\Downloads\baby grizzly 14 _\Baby_1405_1_three.mp4;C:\Users\esthe\Downloads\baby grizzly 14 _\Baby_1405_2_seven.mp4;C:\Users\esthe\Downloads\baby grizzly 14 _\Baby_1405_3_five.mp4;C:\Users\esthe\Downloads\baby grizzly 14 _\Baby_1405_4_five.mp4;C:\Users\esthe\Downloads\baby grizzly 14 _\Baby_1405_5_seven.mp4;C:\Users\esthe\Downloads\baby grizzly 14 _\Baby_1405_6_seven.mp4;C:\Users\esthe\Downloads\baby grizzly 14 _\Baby_1405_7_seven.mp4;C:\Users\esthe\Downloads\baby grizzly 14 _\Baby_1405_8_two.mp4;C:\Users\esthe\Downloads\baby grizzly 14 _\Baby_1405_9_one.mp4,0.0,9.701;4.433;4.267;7.729;13.965;9.531;5.627;5.099;5.562;15.965;11.869;5.499;17.418;8.460;17.460;17.963;11.965,30.000;30.000;30.000;30.000;30.000;30.000;30.000;30.000;30.000;30.000;30.000;30.000;24.000;24.000;24.000;30.000;30.000,Baby_grizzly,licking,,,POINT,69.775,C:\Users\esthe\Downloads\baby grizzly 14 _\Baby_1405_2_seven.mp4,116,NA,
Baby_1405,2025-06-24 11:48:28.904,,172.403,Media file(s),player #1:C:\Users\esthe\Downloads\baby grizzly 14 _\Baby_1405_10_seven.mp4;C:\Users\esthe\Downloads\baby grizzly 14 _\Baby_1405_11_three.mp4;C:\Users\esthe\Downloads\baby grizzly 14 _\Baby_1405_12_three.mp4;C:\Users\esthe\Downloads\baby grizzly 14 _\Baby_1405_13_five.mp4;C:\Users\esthe\Downloads\baby grizzly 14 _\Baby_1405_14_two.mp4;C:\Users\esthe\Downloads\baby grizzly 14 _\Baby_1405_15_onehalf.mp4;C:\Users\esthe\Downloads\baby grizzly 14 _\Baby_1405_16_seven.mp4;C:\Users\esthe\Downloads\baby grizzly 14 _\Baby_1405_17_seven.mp4;C:\Users\esthe\Downloads\baby grizzly 14 _\Baby_1405_1_three.mp4;C:\Users\esthe\Downloads\baby grizzly 14 _\Baby_1405_2_seven.mp4;C:\Users\esthe\Downloads\baby grizzly 14 _\Baby_1405_3_five.mp4;C:\Users\esthe\Downloads\baby grizzly 14 _\Baby_1405_4_five.mp4;C:\Users\esthe\Downloads\baby grizzly 14 _\Baby_1405_5_seven.mp4;C:\Users\esthe\Downloads\baby grizzly 14 _\Baby_1405_6_seven.mp4;C:\Users\esthe\Downloads\baby grizzly 14 _\Baby_1405_7_seven.mp4;C:\Users\esthe\Downloads\baby grizzly 14 _\Baby_1405_8_two.mp4;C:\Users\esthe\Downloads\baby grizzly 14 _\Baby_1405_9_one.mp4,0.0,9.701;4.433;4.267;7.729;13.965;9.531;5.627;5.099;5.562;15.965;11.869;5.499;17.418;8.460;17.460;17.963;11.965,30.000;30.000;30.000;30.000;30.000;30.000;30.000;30.000;30.000;30.000;30.000;30.000;24.000;24.000;24.000;30.000;30.000,Baby_grizzly,licking,,,POINT,70.075,C:\Users\esthe\Downloads\baby grizzly 14 _\Baby_1405_2_seven.mp4,125,NA,
Baby_1405,2025-06-24 11:48:28.904,,172.403,Media file(s),player #1:C:\Users\esthe\Downloads\baby grizzly 14 _\Baby_1405_10_seven.mp4;C:\Users\esthe\Downloads\baby grizzly 14 _\Baby_1405_11_three.mp4;C:\Users\esthe\Downloads\baby grizzly 14 _\Baby_1405_12_three.mp4;C:\Users\esthe\Downloads\baby grizzly 14 _\Baby_1405_13_five.mp4;C:\Users\esthe\Downloads\baby grizzly 14 _\Baby_1405_14_two.mp4;C:\Users\esthe\Downloads\baby grizzly 14 _\Baby_1405_15_onehalf.mp4;C:\Users\esthe\Downloads\baby grizzly 14 _\Baby_1405_16_seven.mp4;C:\Users\esthe\Downloads\baby grizzly 14 _\Baby_1405_17_seven.mp4;C:\Users\esthe\Downloads\baby grizzly 14 _\Baby_1405_1_three.mp4;C:\Users\esthe\Downloads\baby grizzly 14 _\Baby_1405_2_seven.mp4;C:\Users\esthe\Downloads\baby grizzly 14 _\Baby_1405_3_five.mp4;C:\Users\esthe\Downloads\baby grizzly 14 _\Baby_1405_4_five.mp4;C:\Users\esthe\Downloads\baby grizzly 14 _\Baby_1405_5_seven.mp4;C:\Users\esthe\Downloads\baby grizzly 14 _\Baby_1405_6_seven.mp4;C:\Users\esthe\Downloads\baby grizzly 14 _\Baby_1405_7_seven.mp4;C:\Users\esthe\Downloads\baby grizzly 14 _\Baby_1405_8_two.mp4;C:\Users\esthe\Downloads\baby grizzly 14 _\Baby_1405_9_one.mp4,0.0,9.701;4.433;4.267;7.729;13.965;9.531;5.627;5.099;5.562;15.965;11.869;5.499;17.418;8.460;17.460;17.963;11.965,30.000;30.000;30.000;30.000;30.000;30.000;30.000;30.000;30.000;30.000;30.000;30.000;24.000;24.000;24.000;30.000;30.000,Baby_grizzly,ear clapping,,,POINT,70.374,C:\Users\esthe\Downloads\baby grizzly 14 _\Baby_1405_2_seven.mp4,134,NA,
Baby_1405,2025-06-24 11:48:28.904,,172.403,Media file(s),player #1:C:\Users\esthe\Downloads\baby grizzly 14 _\Baby_1405_10_seven.mp4;C:\Users\esthe\Downloads\baby grizzly 14 _\Baby_1405_11_three.mp4;C:\Users\esthe\Downloads\baby grizzly 14 _\Baby_1405_12_three.mp4;C:\Users\esthe\Downloads\baby grizzly 14 _\Baby_1405_13_five.mp4;C:\Users\esthe\Downloads\baby grizzly 14 _\Baby_1405_14_two.mp4;C:\Users\esthe\Downloads\baby grizzly 14 _\Baby_1405_15_onehalf.mp4;C:\Users\esthe\Downloads\baby grizzly 14 _\Baby_1405_16_seven.mp4;C:\Users\esthe\Downloads\baby grizzly 14 _\Baby_1405_17_seven.mp4;C:\Users\esthe\Downloads\baby grizzly 14 _\Baby_1405_1_three.mp4;C:\Users\esthe\Downloads\baby grizzly 14 _\Baby_1405_2_seven.mp4;C:\Users\esthe\Downloads\baby grizzly 14 _\Baby_1405_3_five.mp4;C:\Users\esthe\Downloads\baby grizzly 14 _\Baby_1405_4_five.mp4;C:\Users\esthe\Downloads\baby grizzly 14 _\Baby_1405_5_seven.mp4;C:\Users\esthe\Downloads\baby grizzly 14 _\Baby_1405_6_seven.mp4;C:\Users\esthe\Downloads\baby grizzly 14 _\Baby_1405_7_seven.mp4;C:\Users\esthe\Downloads\baby grizzly 14 _\Baby_1405_8_two.mp4;C:\Users\esthe\Downloads\baby grizzly 14 _\Baby_1405_9_one.mp4,0.0,9.701;4.433;4.267;7.729;13.965;9.531;5.627;5.099;5.562;15.965;11.869;5.499;17.418;8.460;17.460;17.963;11.965,30.000;30.000;30.000;30.000;30.000;30.000;30.000;30.000;30.000;30.000;30.000;30.000;24.000;24.000;24.000;30.000;30.000,Baby_grizzly,jaw movement,,,POINT,70.541,C:\Users\esthe\Downloads\baby grizzly 14 _\Baby_1405_2_seven.mp4,139,NA,
Baby_1405,2025-06-24 11:48:28.904,,172.403,Media file(s),player #1:C:\Users\esthe\Downloads\baby grizzly 14 _\Baby_1405_10_seven.mp4;C:\Users\esthe\Downloads\baby grizzly 14 _\Baby_1405_11_three.mp4;C:\Users\esthe\Downloads\baby grizzly 14 _\Baby_1405_12_three.mp4;C:\Users\esthe\Downloads\baby grizzly 14 _\Baby_1405_13_five.mp4;C:\Users\esthe\Downloads\baby grizzly 14 _\Baby_1405_14_two.mp4;C:\Users\esthe\Downloads\baby grizzly 14 _\Baby_1405_15_onehalf.mp4;C:\Users\esthe\Downloads\baby grizzly 14 _\Baby_1405_16_seven.mp4;C:\Users\esthe\Downloads\baby grizzly 14 _\Baby_1405_17_seven.mp4;C:\Users\esthe\Downloads\baby grizzly 14 _\Baby_1405_1_three.mp4;C:\Users\esthe\Downloads\baby grizzly 14 _\Baby_1405_2_seven.mp4;C:\Users\esthe\Downloads\baby grizzly 14 _\Baby_1405_3_five.mp4;C:\Users\esthe\Downloads\baby grizzly 14 _\Baby_1405_4_five.mp4;C:\Users\esthe\Downloads\baby grizzly 14 _\Baby_1405_5_seven.mp4;C:\Users\esthe\Downloads\baby grizzly 14 _\Baby_1405_6_seven.mp4;C:\Users\esthe\Downloads\baby grizzly 14 _\Baby_1405_7_seven.mp4;C:\Users\esthe\Downloads\baby grizzly 14 _\Baby_1405_8_two.mp4;C:\Users\esthe\Downloads\baby grizzly 14 _\Baby_1405_9_one.mp4,0.0,9.701;4.433;4.267;7.729;13.965;9.531;5.627;5.099;5.562;15.965;11.869;5.499;17.418;8.460;17.460;17.963;11.965,30.000;30.000;30.000;30.000;30.000;30.000;30.000;30.000;30.000;30.000;30.000;30.000;24.000;24.000;24.000;30.000;30.000,Baby_grizzly,ear clapping,,,POINT,70.674,C:\Users\esthe\Downloads\baby grizzly 14 _\Baby_1405_2_seven.mp4,143,NA,
Baby_1405,2025-06-24 11:48:28.904,,172.403,Media file(s),player #1:C:\Users\esthe\Downloads\baby grizzly 14 _\Baby_1405_10_seven.mp4;C:\Users\esthe\Downloads\baby grizzly 14 _\Baby_1405_11_three.mp4;C:\Users\esthe\Downloads\baby grizzly 14 _\Baby_1405_12_three.mp4;C:\Users\esthe\Downloads\baby grizzly 14 _\Baby_1405_13_five.mp4;C:\Users\esthe\Downloads\baby grizzly 14 _\Baby_1405_14_two.mp4;C:\Users\esthe\Downloads\baby grizzly 14 _\Baby_1405_15_onehalf.mp4;C:\Users\esthe\Downloads\baby grizzly 14 _\Baby_1405_16_seven.mp4;C:\Users\esthe\Downloads\baby grizzly 14 _\Baby_1405_17_seven.mp4;C:\Users\esthe\Downloads\baby grizzly 14 _\Baby_1405_1_three.mp4;C:\Users\esthe\Downloads\baby grizzly 14 _\Baby_1405_2_seven.mp4;C:\Users\esthe\Downloads\baby grizzly 14 _\Baby_1405_3_five.mp4;C:\Users\esthe\Downloads\baby grizzly 14 _\Baby_1405_4_five.mp4;C:\Users\esthe\Downloads\baby grizzly 14 _\Baby_1405_5_seven.mp4;C:\Users\esthe\Downloads\baby grizzly 14 _\Baby_1405_6_seven.mp4;C:\Users\esthe\Downloads\baby grizzly 14 _\Baby_1405_7_seven.mp4;C:\Users\esthe\Downloads\baby grizzly 14 _\Baby_1405_8_two.mp4;C:\Users\esthe\Downloads\baby grizzly 14 _\Baby_1405_9_one.mp4,0.0,9.701;4.433;4.267;7.729;13.965;9.531;5.627;5.099;5.562;15.965;11.869;5.499;17.418;8.460;17.460;17.963;11.965,30.000;30.000;30.000;30.000;30.000;30.000;30.000;30.000;30.000;30.000;30.000;30.000;24.000;24.000;24.000;30.000;30.000,Baby_grizzly,translational jaw movement,,,POINT,70.808,C:\Users\esthe\Downloads\baby grizzly 14 _\Baby_1405_2_seven.mp4,147,NA,
Baby_1405,2025-06-24 11:48:28.904,,172.403,Media file(s),player #1:C:\Users\esthe\Downloads\baby grizzly 14 _\Baby_1405_10_seven.mp4;C:\Users\esthe\Downloads\baby grizzly 14 _\Baby_1405_11_three.mp4;C:\Users\esthe\Downloads\baby grizzly 14 _\Baby_1405_12_three.mp4;C:\Users\esthe\Downloads\baby grizzly 14 _\Baby_1405_13_five.mp4;C:\Users\esthe\Downloads\baby grizzly 14 _\Baby_1405_14_two.mp4;C:\Users\esthe\Downloads\baby grizzly 14 _\Baby_1405_15_onehalf.mp4;C:\Users\esthe\Downloads\baby grizzly 14 _\Baby_1405_16_seven.mp4;C:\Users\esthe\Downloads\baby grizzly 14 _\Baby_1405_17_seven.mp4;C:\Users\esthe\Downloads\baby grizzly 14 _\Baby_1405_1_three.mp4;C:\Users\esthe\Downloads\baby grizzly 14 _\Baby_1405_2_seven.mp4;C:\Users\esthe\Downloads\baby grizzly 14 _\Baby_1405_3_five.mp4;C:\Users\esthe\Downloads\baby grizzly 14 _\Baby_1405_4_five.mp4;C:\Users\esthe\Downloads\baby grizzly 14 _\Baby_1405_5_seven.mp4;C:\Users\esthe\Downloads\baby grizzly 14 _\Baby_1405_6_seven.mp4;C:\Users\esthe\Downloads\baby grizzly 14 _\Baby_1405_7_seven.mp4;C:\Users\esthe\Downloads\baby grizzly 14 _\Baby_1405_8_two.mp4;C:\Users\esthe\Downloads\baby grizzly 14 _\Baby_1405_9_one.mp4,0.0,9.701;4.433;4.267;7.729;13.965;9.531;5.627;5.099;5.562;15.965;11.869;5.499;17.418;8.460;17.460;17.963;11.965,30.000;30.000;30.000;30.000;30.000;30.000;30.000;30.000;30.000;30.000;30.000;30.000;24.000;24.000;24.000;30.000;30.000,Baby_grizzly,jaw movement,,,POINT,71.308,C:\Users\esthe\Downloads\baby grizzly 14 _\Baby_1405_2_seven.mp4,162,NA,
Baby_1405,2025-06-24 11:48:28.904,,172.403,Media file(s),player #1:C:\Users\esthe\Downloads\baby grizzly 14 _\Baby_1405_10_seven.mp4;C:\Users\esthe\Downloads\baby grizzly 14 _\Baby_1405_11_three.mp4;C:\Users\esthe\Downloads\baby grizzly 14 _\Baby_1405_12_three.mp4;C:\Users\esthe\Downloads\baby grizzly 14 _\Baby_1405_13_five.mp4;C:\Users\esthe\Downloads\baby grizzly 14 _\Baby_1405_14_two.mp4;C:\Users\esthe\Downloads\baby grizzly 14 _\Baby_1405_15_onehalf.mp4;C:\Users\esthe\Downloads\baby grizzly 14 _\Baby_1405_16_seven.mp4;C:\Users\esthe\Downloads\baby grizzly 14 _\Baby_1405_17_seven.mp4;C:\Users\esthe\Downloads\baby grizzly 14 _\Baby_1405_1_three.mp4;C:\Users\esthe\Downloads\baby grizzly 14 _\Baby_1405_2_seven.mp4;C:\Users\esthe\Downloads\baby grizzly 14 _\Baby_1405_3_five.mp4;C:\Users\esthe\Downloads\baby grizzly 14 _\Baby_1405_4_five.mp4;C:\Users\esthe\Downloads\baby grizzly 14 _\Baby_1405_5_seven.mp4;C:\Users\esthe\Downloads\baby grizzly 14 _\Baby_1405_6_seven.mp4;C:\Users\esthe\Downloads\baby grizzly 14 _\Baby_1405_7_seven.mp4;C:\Users\esthe\Downloads\baby grizzly 14 _\Baby_1405_8_two.mp4;C:\Users\esthe\Downloads\baby grizzly 14 _\Baby_1405_9_one.mp4,0.0,9.701;4.433;4.267;7.729;13.965;9.531;5.627;5.099;5.562;15.965;11.869;5.499;17.418;8.460;17.460;17.963;11.965,30.000;30.000;30.000;30.000;30.000;30.000;30.000;30.000;30.000;30.000;30.000;30.000;24.000;24.000;24.000;30.000;30.000,Baby_grizzly,rotation,,Horizontal,STOP,71.408,C:\Users\esthe\Downloads\baby grizzly 14 _\Baby_1405_2_seven.mp4,165,NA,
Baby_1405,2025-06-24 11:48:28.904,,172.403,Media file(s),player #1:C:\Users\esthe\Downloads\baby grizzly 14 _\Baby_1405_10_seven.mp4;C:\Users\esthe\Downloads\baby grizzly 14 _\Baby_1405_11_three.mp4;C:\Users\esthe\Downloads\baby grizzly 14 _\Baby_1405_12_three.mp4;C:\Users\esthe\Downloads\baby grizzly 14 _\Baby_1405_13_five.mp4;C:\Users\esthe\Downloads\baby grizzly 14 _\Baby_1405_14_two.mp4;C:\Users\esthe\Downloads\baby grizzly 14 _\Baby_1405_15_onehalf.mp4;C:\Users\esthe\Downloads\baby grizzly 14 _\Baby_1405_16_seven.mp4;C:\Users\esthe\Downloads\baby grizzly 14 _\Baby_1405_17_seven.mp4;C:\Users\esthe\Downloads\baby grizzly 14 _\Baby_1405_1_three.mp4;C:\Users\esthe\Downloads\baby grizzly 14 _\Baby_1405_2_seven.mp4;C:\Users\esthe\Downloads\baby grizzly 14 _\Baby_1405_3_five.mp4;C:\Users\esthe\Downloads\baby grizzly 14 _\Baby_1405_4_five.mp4;C:\Users\esthe\Downloads\baby grizzly 14 _\Baby_1405_5_seven.mp4;C:\Users\esthe\Downloads\baby grizzly 14 _\Baby_1405_6_seven.mp4;C:\Users\esthe\Downloads\baby grizzly 14 _\Baby_1405_7_seven.mp4;C:\Users\esthe\Downloads\baby grizzly 14 _\Baby_1405_8_two.mp4;C:\Users\esthe\Downloads\baby grizzly 14 _\Baby_1405_9_one.mp4,0.0,9.701;4.433;4.267;7.729;13.965;9.531;5.627;5.099;5.562;15.965;11.869;5.499;17.418;8.460;17.460;17.963;11.965,30.000;30.000;30.000;30.000;30.000;30.000;30.000;30.000;30.000;30.000;30.000;30.000;24.000;24.000;24.000;30.000;30.000,Baby_grizzly,ear clapping,,,POINT,71.441,C:\Users\esthe\Downloads\baby grizzly 14 _\Baby_1405_2_seven.mp4,166,NA,
Baby_1405,2025-06-24 11:48:28.904,,172.403,Media file(s),player #1:C:\Users\esthe\Downloads\baby grizzly 14 _\Baby_1405_10_seven.mp4;C:\Users\esthe\Downloads\baby grizzly 14 _\Baby_1405_11_three.mp4;C:\Users\esthe\Downloads\baby grizzly 14 _\Baby_1405_12_three.mp4;C:\Users\esthe\Downloads\baby grizzly 14 _\Baby_1405_13_five.mp4;C:\Users\esthe\Downloads\baby grizzly 14 _\Baby_1405_14_two.mp4;C:\Users\esthe\Downloads\baby grizzly 14 _\Baby_1405_15_onehalf.mp4;C:\Users\esthe\Downloads\baby grizzly 14 _\Baby_1405_16_seven.mp4;C:\Users\esthe\Downloads\baby grizzly 14 _\Baby_1405_17_seven.mp4;C:\Users\esthe\Downloads\baby grizzly 14 _\Baby_1405_1_three.mp4;C:\Users\esthe\Downloads\baby grizzly 14 _\Baby_1405_2_seven.mp4;C:\Users\esthe\Downloads\baby grizzly 14 _\Baby_1405_3_five.mp4;C:\Users\esthe\Downloads\baby grizzly 14 _\Baby_1405_4_five.mp4;C:\Users\esthe\Downloads\baby grizzly 14 _\Baby_1405_5_seven.mp4;C:\Users\esthe\Downloads\baby grizzly 14 _\Baby_1405_6_seven.mp4;C:\Users\esthe\Downloads\baby grizzly 14 _\Baby_1405_7_seven.mp4;C:\Users\esthe\Downloads\baby grizzly 14 _\Baby_1405_8_two.mp4;C:\Users\esthe\Downloads\baby grizzly 14 _\Baby_1405_9_one.mp4,0.0,9.701;4.433;4.267;7.729;13.965;9.531;5.627;5.099;5.562;15.965;11.869;5.499;17.418;8.460;17.460;17.963;11.965,30.000;30.000;30.000;30.000;30.000;30.000;30.000;30.000;30.000;30.000;30.000;30.000;24.000;24.000;24.000;30.000;30.000,Baby_grizzly,mouth,,,POINT,71.441,C:\Users\esthe\Downloads\baby grizzly 14 _\Baby_1405_2_seven.mp4,166,NA,
Baby_1405,2025-06-24 11:48:28.904,,172.403,Media file(s),player #1:C:\Users\esthe\Downloads\baby grizzly 14 _\Baby_1405_10_seven.mp4;C:\Users\esthe\Downloads\baby grizzly 14 _\Baby_1405_11_three.mp4;C:\Users\esthe\Downloads\baby grizzly 14 _\Baby_1405_12_three.mp4;C:\Users\esthe\Downloads\baby grizzly 14 _\Baby_1405_13_five.mp4;C:\Users\esthe\Downloads\baby grizzly 14 _\Baby_1405_14_two.mp4;C:\Users\esthe\Downloads\baby grizzly 14 _\Baby_1405_15_onehalf.mp4;C:\Users\esthe\Downloads\baby grizzly 14 _\Baby_1405_16_seven.mp4;C:\Users\esthe\Downloads\baby grizzly 14 _\Baby_1405_17_seven.mp4;C:\Users\esthe\Downloads\baby grizzly 14 _\Baby_1405_1_three.mp4;C:\Users\esthe\Downloads\baby grizzly 14 _\Baby_1405_2_seven.mp4;C:\Users\esthe\Downloads\baby grizzly 14 _\Baby_1405_3_five.mp4;C:\Users\esthe\Downloads\baby grizzly 14 _\Baby_1405_4_five.mp4;C:\Users\esthe\Downloads\baby grizzly 14 _\Baby_1405_5_seven.mp4;C:\Users\esthe\Downloads\baby grizzly 14 _\Baby_1405_6_seven.mp4;C:\Users\esthe\Downloads\baby grizzly 14 _\Baby_1405_7_seven.mp4;C:\Users\esthe\Downloads\baby grizzly 14 _\Baby_1405_8_two.mp4;C:\Users\esthe\Downloads\baby grizzly 14 _\Baby_1405_9_one.mp4,0.0,9.701;4.433;4.267;7.729;13.965;9.531;5.627;5.099;5.562;15.965;11.869;5.499;17.418;8.460;17.460;17.963;11.965,30.000;30.000;30.000;30.000;30.000;30.000;30.000;30.000;30.000;30.000;30.000;30.000;24.000;24.000;24.000;30.000;30.000,Baby_grizzly,jaw movement,,,POINT,71.474,C:\Users\esthe\Downloads\baby grizzly 14 _\Baby_1405_2_seven.mp4,167,NA,
Baby_1405,2025-06-24 11:48:28.904,,172.403,Media file(s),player #1:C:\Users\esthe\Downloads\baby grizzly 14 _\Baby_1405_10_seven.mp4;C:\Users\esthe\Downloads\baby grizzly 14 _\Baby_1405_11_three.mp4;C:\Users\esthe\Downloads\baby grizzly 14 _\Baby_1405_12_three.mp4;C:\Users\esthe\Downloads\baby grizzly 14 _\Baby_1405_13_five.mp4;C:\Users\esthe\Downloads\baby grizzly 14 _\Baby_1405_14_two.mp4;C:\Users\esthe\Downloads\baby grizzly 14 _\Baby_1405_15_onehalf.mp4;C:\Users\esthe\Downloads\baby grizzly 14 _\Baby_1405_16_seven.mp4;C:\Users\esthe\Downloads\baby grizzly 14 _\Baby_1405_17_seven.mp4;C:\Users\esthe\Downloads\baby grizzly 14 _\Baby_1405_1_three.mp4;C:\Users\esthe\Downloads\baby grizzly 14 _\Baby_1405_2_seven.mp4;C:\Users\esthe\Downloads\baby grizzly 14 _\Baby_1405_3_five.mp4;C:\Users\esthe\Downloads\baby grizzly 14 _\Baby_1405_4_five.mp4;C:\Users\esthe\Downloads\baby grizzly 14 _\Baby_1405_5_seven.mp4;C:\Users\esthe\Downloads\baby grizzly 14 _\Baby_1405_6_seven.mp4;C:\Users\esthe\Downloads\baby grizzly 14 _\Baby_1405_7_seven.mp4;C:\Users\esthe\Downloads\baby grizzly 14 _\Baby_1405_8_two.mp4;C:\Users\esthe\Downloads\baby grizzly 14 _\Baby_1405_9_one.mp4,0.0,9.701;4.433;4.267;7.729;13.965;9.531;5.627;5.099;5.562;15.965;11.869;5.499;17.418;8.460;17.460;17.963;11.965,30.000;30.000;30.000;30.000;30.000;30.000;30.000;30.000;30.000;30.000;30.000;30.000;24.000;24.000;24.000;30.000;30.000,Baby_grizzly,assessing,,,STOP,71.508,C:\Users\esthe\Downloads\baby grizzly 14 _\Baby_1405_2_seven.mp4,168,NA,
Baby_1405,2025-06-24 11:48:28.904,,172.403,Media file(s),player #1:C:\Users\esthe\Downloads\baby grizzly 14 _\Baby_1405_10_seven.mp4;C:\Users\esthe\Downloads\baby grizzly 14 _\Baby_1405_11_three.mp4;C:\Users\esthe\Downloads\baby grizzly 14 _\Baby_1405_12_three.mp4;C:\Users\esthe\Downloads\baby grizzly 14 _\Baby_1405_13_five.mp4;C:\Users\esthe\Downloads\baby grizzly 14 _\Baby_1405_14_two.mp4;C:\Users\esthe\Downloads\baby grizzly 14 _\Baby_1405_15_onehalf.mp4;C:\Users\esthe\Downloads\baby grizzly 14 _\Baby_1405_16_seven.mp4;C:\Users\esthe\Downloads\baby grizzly 14 _\Baby_1405_17_seven.mp4;C:\Users\esthe\Downloads\baby grizzly 14 _\Baby_1405_1_three.mp4;C:\Users\esthe\Downloads\baby grizzly 14 _\Baby_1405_2_seven.mp4;C:\Users\esthe\Downloads\baby grizzly 14 _\Baby_1405_3_five.mp4;C:\Users\esthe\Downloads\baby grizzly 14 _\Baby_1405_4_five.mp4;C:\Users\esthe\Downloads\baby grizzly 14 _\Baby_1405_5_seven.mp4;C:\Users\esthe\Downloads\baby grizzly 14 _\Baby_1405_6_seven.mp4;C:\Users\esthe\Downloads\baby grizzly 14 _\Baby_1405_7_seven.mp4;C:\Users\esthe\Downloads\baby grizzly 14 _\Baby_1405_8_two.mp4;C:\Users\esthe\Downloads\baby grizzly 14 _\Baby_1405_9_one.mp4,0.0,9.701;4.433;4.267;7.729;13.965;9.531;5.627;5.099;5.562;15.965;11.869;5.499;17.418;8.460;17.460;17.963;11.965,30.000;30.000;30.000;30.000;30.000;30.000;30.000;30.000;30.000;30.000;30.000;30.000;24.000;24.000;24.000;30.000;30.000,Baby_grizzly,target,,,START,71.774,C:\Users\esthe\Downloads\baby grizzly 14 _\Baby_1405_2_seven.mp4,176,NA,
Baby_1405,2025-06-24 11:48:28.904,,172.403,Media file(s),player #1:C:\Users\esthe\Downloads\baby grizzly 14 _\Baby_1405_10_seven.mp4;C:\Users\esthe\Downloads\baby grizzly 14 _\Baby_1405_11_three.mp4;C:\Users\esthe\Downloads\baby grizzly 14 _\Baby_1405_12_three.mp4;C:\Users\esthe\Downloads\baby grizzly 14 _\Baby_1405_13_five.mp4;C:\Users\esthe\Downloads\baby grizzly 14 _\Baby_1405_14_two.mp4;C:\Users\esthe\Downloads\baby grizzly 14 _\Baby_1405_15_onehalf.mp4;C:\Users\esthe\Downloads\baby grizzly 14 _\Baby_1405_16_seven.mp4;C:\Users\esthe\Downloads\baby grizzly 14 _\Baby_1405_17_seven.mp4;C:\Users\esthe\Downloads\baby grizzly 14 _\Baby_1405_1_three.mp4;C:\Users\esthe\Downloads\baby grizzly 14 _\Baby_1405_2_seven.mp4;C:\Users\esthe\Downloads\baby grizzly 14 _\Baby_1405_3_five.mp4;C:\Users\esthe\Downloads\baby grizzly 14 _\Baby_1405_4_five.mp4;C:\Users\esthe\Downloads\baby grizzly 14 _\Baby_1405_5_seven.mp4;C:\Users\esthe\Downloads\baby grizzly 14 _\Baby_1405_6_seven.mp4;C:\Users\esthe\Downloads\baby grizzly 14 _\Baby_1405_7_seven.mp4;C:\Users\esthe\Downloads\baby grizzly 14 _\Baby_1405_8_two.mp4;C:\Users\esthe\Downloads\baby grizzly 14 _\Baby_1405_9_one.mp4,0.0,9.701;4.433;4.267;7.729;13.965;9.531;5.627;5.099;5.562;15.965;11.869;5.499;17.418;8.460;17.460;17.963;11.965,30.000;30.000;30.000;30.000;30.000;30.000;30.000;30.000;30.000;30.000;30.000;30.000;24.000;24.000;24.000;30.000;30.000,Baby_grizzly,target,,,STOP,75.674,C:\Users\esthe\Downloads\baby grizzly 14 _\Baby_1405_2_seven.mp4,293,NA,
Baby_1405,2025-06-24 11:48:28.904,,172.403,Media file(s),player #1:C:\Users\esthe\Downloads\baby grizzly 14 _\Baby_1405_10_seven.mp4;C:\Users\esthe\Downloads\baby grizzly 14 _\Baby_1405_11_three.mp4;C:\Users\esthe\Downloads\baby grizzly 14 _\Baby_1405_12_three.mp4;C:\Users\esthe\Downloads\baby grizzly 14 _\Baby_1405_13_five.mp4;C:\Users\esthe\Downloads\baby grizzly 14 _\Baby_1405_14_two.mp4;C:\Users\esthe\Downloads\baby grizzly 14 _\Baby_1405_15_onehalf.mp4;C:\Users\esthe\Downloads\baby grizzly 14 _\Baby_1405_16_seven.mp4;C:\Users\esthe\Downloads\baby grizzly 14 _\Baby_1405_17_seven.mp4;C:\Users\esthe\Downloads\baby grizzly 14 _\Baby_1405_1_three.mp4;C:\Users\esthe\Downloads\baby grizzly 14 _\Baby_1405_2_seven.mp4;C:\Users\esthe\Downloads\baby grizzly 14 _\Baby_1405_3_five.mp4;C:\Users\esthe\Downloads\baby grizzly 14 _\Baby_1405_4_five.mp4;C:\Users\esthe\Downloads\baby grizzly 14 _\Baby_1405_5_seven.mp4;C:\Users\esthe\Downloads\baby grizzly 14 _\Baby_1405_6_seven.mp4;C:\Users\esthe\Downloads\baby grizzly 14 _\Baby_1405_7_seven.mp4;C:\Users\esthe\Downloads\baby grizzly 14 _\Baby_1405_8_two.mp4;C:\Users\esthe\Downloads\baby grizzly 14 _\Baby_1405_9_one.mp4,0.0,9.701;4.433;4.267;7.729;13.965;9.531;5.627;5.099;5.562;15.965;11.869;5.499;17.418;8.460;17.460;17.963;11.965,30.000;30.000;30.000;30.000;30.000;30.000;30.000;30.000;30.000;30.000;30.000;30.000;24.000;24.000;24.000;30.000;30.000,Baby_grizzly,assessing,,,START,75.974,C:\Users\esthe\Downloads\baby grizzly 14 _\Baby_1405_2_seven.mp4,302,NA,
Baby_1405,2025-06-24 11:48:28.904,,172.403,Media file(s),player #1:C:\Users\esthe\Downloads\baby grizzly 14 _\Baby_1405_10_seven.mp4;C:\Users\esthe\Downloads\baby grizzly 14 _\Baby_1405_11_three.mp4;C:\Users\esthe\Downloads\baby grizzly 14 _\Baby_1405_12_three.mp4;C:\Users\esthe\Downloads\baby grizzly 14 _\Baby_1405_13_five.mp4;C:\Users\esthe\Downloads\baby grizzly 14 _\Baby_1405_14_two.mp4;C:\Users\esthe\Downloads\baby grizzly 14 _\Baby_1405_15_onehalf.mp4;C:\Users\esthe\Downloads\baby grizzly 14 _\Baby_1405_16_seven.mp4;C:\Users\esthe\Downloads\baby grizzly 14 _\Baby_1405_17_seven.mp4;C:\Users\esthe\Downloads\baby grizzly 14 _\Baby_1405_1_three.mp4;C:\Users\esthe\Downloads\baby grizzly 14 _\Baby_1405_2_seven.mp4;C:\Users\esthe\Downloads\baby grizzly 14 _\Baby_1405_3_five.mp4;C:\Users\esthe\Downloads\baby grizzly 14 _\Baby_1405_4_five.mp4;C:\Users\esthe\Downloads\baby grizzly 14 _\Baby_1405_5_seven.mp4;C:\Users\esthe\Downloads\baby grizzly 14 _\Baby_1405_6_seven.mp4;C:\Users\esthe\Downloads\baby grizzly 14 _\Baby_1405_7_seven.mp4;C:\Users\esthe\Downloads\baby grizzly 14 _\Baby_1405_8_two.mp4;C:\Users\esthe\Downloads\baby grizzly 14 _\Baby_1405_9_one.mp4,0.0,9.701;4.433;4.267;7.729;13.965;9.531;5.627;5.099;5.562;15.965;11.869;5.499;17.418;8.460;17.460;17.963;11.965,30.000;30.000;30.000;30.000;30.000;30.000;30.000;30.000;30.000;30.000;30.000;30.000;24.000;24.000;24.000;30.000;30.000,Baby_grizzly,jaw movement,,,POINT,76.140,C:\Users\esthe\Downloads\baby grizzly 14 _\Baby_1405_2_seven.mp4,307,NA,
Baby_1405,2025-06-24 11:48:28.904,,172.403,Media file(s),player #1:C:\Users\esthe\Downloads\baby grizzly 14 _\Baby_1405_10_seven.mp4;C:\Users\esthe\Downloads\baby grizzly 14 _\Baby_1405_11_three.mp4;C:\Users\esthe\Downloads\baby grizzly 14 _\Baby_1405_12_three.mp4;C:\Users\esthe\Downloads\baby grizzly 14 _\Baby_1405_13_five.mp4;C:\Users\esthe\Downloads\baby grizzly 14 _\Baby_1405_14_two.mp4;C:\Users\esthe\Downloads\baby grizzly 14 _\Baby_1405_15_onehalf.mp4;C:\Users\esthe\Downloads\baby grizzly 14 _\Baby_1405_16_seven.mp4;C:\Users\esthe\Downloads\baby grizzly 14 _\Baby_1405_17_seven.mp4;C:\Users\esthe\Downloads\baby grizzly 14 _\Baby_1405_1_three.mp4;C:\Users\esthe\Downloads\baby grizzly 14 _\Baby_1405_2_seven.mp4;C:\Users\esthe\Downloads\baby grizzly 14 _\Baby_1405_3_five.mp4;C:\Users\esthe\Downloads\baby grizzly 14 _\Baby_1405_4_five.mp4;C:\Users\esthe\Downloads\baby grizzly 14 _\Baby_1405_5_seven.mp4;C:\Users\esthe\Downloads\baby grizzly 14 _\Baby_1405_6_seven.mp4;C:\Users\esthe\Downloads\baby grizzly 14 _\Baby_1405_7_seven.mp4;C:\Users\esthe\Downloads\baby grizzly 14 _\Baby_1405_8_two.mp4;C:\Users\esthe\Downloads\baby grizzly 14 _\Baby_1405_9_one.mp4,0.0,9.701;4.433;4.267;7.729;13.965;9.531;5.627;5.099;5.562;15.965;11.869;5.499;17.418;8.460;17.460;17.963;11.965,30.000;30.000;30.000;30.000;30.000;30.000;30.000;30.000;30.000;30.000;30.000;30.000;24.000;24.000;24.000;30.000;30.000,Baby_grizzly,sniffing,,,POINT,76.307,C:\Users\esthe\Downloads\baby grizzly 14 _\Baby_1405_2_seven.mp4,312,NA,
Baby_1405,2025-06-24 11:48:28.904,,172.403,Media file(s),player #1:C:\Users\esthe\Downloads\baby grizzly 14 _\Baby_1405_10_seven.mp4;C:\Users\esthe\Downloads\baby grizzly 14 _\Baby_1405_11_three.mp4;C:\Users\esthe\Downloads\baby grizzly 14 _\Baby_1405_12_three.mp4;C:\Users\esthe\Downloads\baby grizzly 14 _\Baby_1405_13_five.mp4;C:\Users\esthe\Downloads\baby grizzly 14 _\Baby_1405_14_two.mp4;C:\Users\esthe\Downloads\baby grizzly 14 _\Baby_1405_15_onehalf.mp4;C:\Users\esthe\Downloads\baby grizzly 14 _\Baby_1405_16_seven.mp4;C:\Users\esthe\Downloads\baby grizzly 14 _\Baby_1405_17_seven.mp4;C:\Users\esthe\Downloads\baby grizzly 14 _\Baby_1405_1_three.mp4;C:\Users\esthe\Downloads\baby grizzly 14 _\Baby_1405_2_seven.mp4;C:\Users\esthe\Downloads\baby grizzly 14 _\Baby_1405_3_five.mp4;C:\Users\esthe\Downloads\baby grizzly 14 _\Baby_1405_4_five.mp4;C:\Users\esthe\Downloads\baby grizzly 14 _\Baby_1405_5_seven.mp4;C:\Users\esthe\Downloads\baby grizzly 14 _\Baby_1405_6_seven.mp4;C:\Users\esthe\Downloads\baby grizzly 14 _\Baby_1405_7_seven.mp4;C:\Users\esthe\Downloads\baby grizzly 14 _\Baby_1405_8_two.mp4;C:\Users\esthe\Downloads\baby grizzly 14 _\Baby_1405_9_one.mp4,0.0,9.701;4.433;4.267;7.729;13.965;9.531;5.627;5.099;5.562;15.965;11.869;5.499;17.418;8.460;17.460;17.963;11.965,30.000;30.000;30.000;30.000;30.000;30.000;30.000;30.000;30.000;30.000;30.000;30.000;24.000;24.000;24.000;30.000;30.000,Baby_grizzly,jaw movement,,,POINT,76.674,C:\Users\esthe\Downloads\baby grizzly 14 _\Baby_1405_2_seven.mp4,322,NA,
Baby_1405,2025-06-24 11:48:28.904,,172.403,Media file(s),player #1:C:\Users\esthe\Downloads\baby grizzly 14 _\Baby_1405_10_seven.mp4;C:\Users\esthe\Downloads\baby grizzly 14 _\Baby_1405_11_three.mp4;C:\Users\esthe\Downloads\baby grizzly 14 _\Baby_1405_12_three.mp4;C:\Users\esthe\Downloads\baby grizzly 14 _\Baby_1405_13_five.mp4;C:\Users\esthe\Downloads\baby grizzly 14 _\Baby_1405_14_two.mp4;C:\Users\esthe\Downloads\baby grizzly 14 _\Baby_1405_15_onehalf.mp4;C:\Users\esthe\Downloads\baby grizzly 14 _\Baby_1405_16_seven.mp4;C:\Users\esthe\Downloads\baby grizzly 14 _\Baby_1405_17_seven.mp4;C:\Users\esthe\Downloads\baby grizzly 14 _\Baby_1405_1_three.mp4;C:\Users\esthe\Downloads\baby grizzly 14 _\Baby_1405_2_seven.mp4;C:\Users\esthe\Downloads\baby grizzly 14 _\Baby_1405_3_five.mp4;C:\Users\esthe\Downloads\baby grizzly 14 _\Baby_1405_4_five.mp4;C:\Users\esthe\Downloads\baby grizzly 14 _\Baby_1405_5_seven.mp4;C:\Users\esthe\Downloads\baby grizzly 14 _\Baby_1405_6_seven.mp4;C:\Users\esthe\Downloads\baby grizzly 14 _\Baby_1405_7_seven.mp4;C:\Users\esthe\Downloads\baby grizzly 14 _\Baby_1405_8_two.mp4;C:\Users\esthe\Downloads\baby grizzly 14 _\Baby_1405_9_one.mp4,0.0,9.701;4.433;4.267;7.729;13.965;9.531;5.627;5.099;5.562;15.965;11.869;5.499;17.418;8.460;17.460;17.963;11.965,30.000;30.000;30.000;30.000;30.000;30.000;30.000;30.000;30.000;30.000;30.000;30.000;24.000;24.000;24.000;30.000;30.000,Baby_grizzly,jaw movement,,,POINT,76.907,C:\Users\esthe\Downloads\baby grizzly 14 _\Baby_1405_2_seven.mp4,329,NA,
Baby_1405,2025-06-24 11:48:28.904,,172.403,Media file(s),player #1:C:\Users\esthe\Downloads\baby grizzly 14 _\Baby_1405_10_seven.mp4;C:\Users\esthe\Downloads\baby grizzly 14 _\Baby_1405_11_three.mp4;C:\Users\esthe\Downloads\baby grizzly 14 _\Baby_1405_12_three.mp4;C:\Users\esthe\Downloads\baby grizzly 14 _\Baby_1405_13_five.mp4;C:\Users\esthe\Downloads\baby grizzly 14 _\Baby_1405_14_two.mp4;C:\Users\esthe\Downloads\baby grizzly 14 _\Baby_1405_15_onehalf.mp4;C:\Users\esthe\Downloads\baby grizzly 14 _\Baby_1405_16_seven.mp4;C:\Users\esthe\Downloads\baby grizzly 14 _\Baby_1405_17_seven.mp4;C:\Users\esthe\Downloads\baby grizzly 14 _\Baby_1405_1_three.mp4;C:\Users\esthe\Downloads\baby grizzly 14 _\Baby_1405_2_seven.mp4;C:\Users\esthe\Downloads\baby grizzly 14 _\Baby_1405_3_five.mp4;C:\Users\esthe\Downloads\baby grizzly 14 _\Baby_1405_4_five.mp4;C:\Users\esthe\Downloads\baby grizzly 14 _\Baby_1405_5_seven.mp4;C:\Users\esthe\Downloads\baby grizzly 14 _\Baby_1405_6_seven.mp4;C:\Users\esthe\Downloads\baby grizzly 14 _\Baby_1405_7_seven.mp4;C:\Users\esthe\Downloads\baby grizzly 14 _\Baby_1405_8_two.mp4;C:\Users\esthe\Downloads\baby grizzly 14 _\Baby_1405_9_one.mp4,0.0,9.701;4.433;4.267;7.729;13.965;9.531;5.627;5.099;5.562;15.965;11.869;5.499;17.418;8.460;17.460;17.963;11.965,30.000;30.000;30.000;30.000;30.000;30.000;30.000;30.000;30.000;30.000;30.000;30.000;24.000;24.000;24.000;30.000;30.000,Baby_grizzly,ear clapping,,,POINT,77.174,C:\Users\esthe\Downloads\baby grizzly 14 _\Baby_1405_2_seven.mp4,337,NA,
Baby_1405,2025-06-24 11:48:28.904,,172.403,Media file(s),player #1:C:\Users\esthe\Downloads\baby grizzly 14 _\Baby_1405_10_seven.mp4;C:\Users\esthe\Downloads\baby grizzly 14 _\Baby_1405_11_three.mp4;C:\Users\esthe\Downloads\baby grizzly 14 _\Baby_1405_12_three.mp4;C:\Users\esthe\Downloads\baby grizzly 14 _\Baby_1405_13_five.mp4;C:\Users\esthe\Downloads\baby grizzly 14 _\Baby_1405_14_two.mp4;C:\Users\esthe\Downloads\baby grizzly 14 _\Baby_1405_15_onehalf.mp4;C:\Users\esthe\Downloads\baby grizzly 14 _\Baby_1405_16_seven.mp4;C:\Users\esthe\Downloads\baby grizzly 14 _\Baby_1405_17_seven.mp4;C:\Users\esthe\Downloads\baby grizzly 14 _\Baby_1405_1_three.mp4;C:\Users\esthe\Downloads\baby grizzly 14 _\Baby_1405_2_seven.mp4;C:\Users\esthe\Downloads\baby grizzly 14 _\Baby_1405_3_five.mp4;C:\Users\esthe\Downloads\baby grizzly 14 _\Baby_1405_4_five.mp4;C:\Users\esthe\Downloads\baby grizzly 14 _\Baby_1405_5_seven.mp4;C:\Users\esthe\Downloads\baby grizzly 14 _\Baby_1405_6_seven.mp4;C:\Users\esthe\Downloads\baby grizzly 14 _\Baby_1405_7_seven.mp4;C:\Users\esthe\Downloads\baby grizzly 14 _\Baby_1405_8_two.mp4;C:\Users\esthe\Downloads\baby grizzly 14 _\Baby_1405_9_one.mp4,0.0,9.701;4.433;4.267;7.729;13.965;9.531;5.627;5.099;5.562;15.965;11.869;5.499;17.418;8.460;17.460;17.963;11.965,30.000;30.000;30.000;30.000;30.000;30.000;30.000;30.000;30.000;30.000;30.000;30.000;24.000;24.000;24.000;30.000;30.000,Baby_grizzly,jaw movement,,,POINT,77.174,C:\Users\esthe\Downloads\baby grizzly 14 _\Baby_1405_2_seven.mp4,337,NA,
Baby_1405,2025-06-24 11:48:28.904,,172.403,Media file(s),player #1:C:\Users\esthe\Downloads\baby grizzly 14 _\Baby_1405_10_seven.mp4;C:\Users\esthe\Downloads\baby grizzly 14 _\Baby_1405_11_three.mp4;C:\Users\esthe\Downloads\baby grizzly 14 _\Baby_1405_12_three.mp4;C:\Users\esthe\Downloads\baby grizzly 14 _\Baby_1405_13_five.mp4;C:\Users\esthe\Downloads\baby grizzly 14 _\Baby_1405_14_two.mp4;C:\Users\esthe\Downloads\baby grizzly 14 _\Baby_1405_15_onehalf.mp4;C:\Users\esthe\Downloads\baby grizzly 14 _\Baby_1405_16_seven.mp4;C:\Users\esthe\Downloads\baby grizzly 14 _\Baby_1405_17_seven.mp4;C:\Users\esthe\Downloads\baby grizzly 14 _\Baby_1405_1_three.mp4;C:\Users\esthe\Downloads\baby grizzly 14 _\Baby_1405_2_seven.mp4;C:\Users\esthe\Downloads\baby grizzly 14 _\Baby_1405_3_five.mp4;C:\Users\esthe\Downloads\baby grizzly 14 _\Baby_1405_4_five.mp4;C:\Users\esthe\Downloads\baby grizzly 14 _\Baby_1405_5_seven.mp4;C:\Users\esthe\Downloads\baby grizzly 14 _\Baby_1405_6_seven.mp4;C:\Users\esthe\Downloads\baby grizzly 14 _\Baby_1405_7_seven.mp4;C:\Users\esthe\Downloads\baby grizzly 14 _\Baby_1405_8_two.mp4;C:\Users\esthe\Downloads\baby grizzly 14 _\Baby_1405_9_one.mp4,0.0,9.701;4.433;4.267;7.729;13.965;9.531;5.627;5.099;5.562;15.965;11.869;5.499;17.418;8.460;17.460;17.963;11.965,30.000;30.000;30.000;30.000;30.000;30.000;30.000;30.000;30.000;30.000;30.000;30.000;24.000;24.000;24.000;30.000;30.000,Baby_grizzly,jaw movement,,,POINT,77.440,C:\Users\esthe\Downloads\baby grizzly 14 _\Baby_1405_2_seven.mp4,345,NA,
Baby_1405,2025-06-24 11:48:28.904,,172.403,Media file(s),player #1:C:\Users\esthe\Downloads\baby grizzly 14 _\Baby_1405_10_seven.mp4;C:\Users\esthe\Downloads\baby grizzly 14 _\Baby_1405_11_three.mp4;C:\Users\esthe\Downloads\baby grizzly 14 _\Baby_1405_12_three.mp4;C:\Users\esthe\Downloads\baby grizzly 14 _\Baby_1405_13_five.mp4;C:\Users\esthe\Downloads\baby grizzly 14 _\Baby_1405_14_two.mp4;C:\Users\esthe\Downloads\baby grizzly 14 _\Baby_1405_15_onehalf.mp4;C:\Users\esthe\Downloads\baby grizzly 14 _\Baby_1405_16_seven.mp4;C:\Users\esthe\Downloads\baby grizzly 14 _\Baby_1405_17_seven.mp4;C:\Users\esthe\Downloads\baby grizzly 14 _\Baby_1405_1_three.mp4;C:\Users\esthe\Downloads\baby grizzly 14 _\Baby_1405_2_seven.mp4;C:\Users\esthe\Downloads\baby grizzly 14 _\Baby_1405_3_five.mp4;C:\Users\esthe\Downloads\baby grizzly 14 _\Baby_1405_4_five.mp4;C:\Users\esthe\Downloads\baby grizzly 14 _\Baby_1405_5_seven.mp4;C:\Users\esthe\Downloads\baby grizzly 14 _\Baby_1405_6_seven.mp4;C:\Users\esthe\Downloads\baby grizzly 14 _\Baby_1405_7_seven.mp4;C:\Users\esthe\Downloads\baby grizzly 14 _\Baby_1405_8_two.mp4;C:\Users\esthe\Downloads\baby grizzly 14 _\Baby_1405_9_one.mp4,0.0,9.701;4.433;4.267;7.729;13.965;9.531;5.627;5.099;5.562;15.965;11.869;5.499;17.418;8.460;17.460;17.963;11.965,30.000;30.000;30.000;30.000;30.000;30.000;30.000;30.000;30.000;30.000;30.000;30.000;24.000;24.000;24.000;30.000;30.000,Baby_grizzly,mouth,,,POINT,77.640,C:\Users\esthe\Downloads\baby grizzly 14 _\Baby_1405_2_seven.mp4,351,NA,
Baby_1405,2025-06-24 11:48:28.904,,172.403,Media file(s),player #1:C:\Users\esthe\Downloads\baby grizzly 14 _\Baby_1405_10_seven.mp4;C:\Users\esthe\Downloads\baby grizzly 14 _\Baby_1405_11_three.mp4;C:\Users\esthe\Downloads\baby grizzly 14 _\Baby_1405_12_three.mp4;C:\Users\esthe\Downloads\baby grizzly 14 _\Baby_1405_13_five.mp4;C:\Users\esthe\Downloads\baby grizzly 14 _\Baby_1405_14_two.mp4;C:\Users\esthe\Downloads\baby grizzly 14 _\Baby_1405_15_onehalf.mp4;C:\Users\esthe\Downloads\baby grizzly 14 _\Baby_1405_16_seven.mp4;C:\Users\esthe\Downloads\baby grizzly 14 _\Baby_1405_17_seven.mp4;C:\Users\esthe\Downloads\baby grizzly 14 _\Baby_1405_1_three.mp4;C:\Users\esthe\Downloads\baby grizzly 14 _\Baby_1405_2_seven.mp4;C:\Users\esthe\Downloads\baby grizzly 14 _\Baby_1405_3_five.mp4;C:\Users\esthe\Downloads\baby grizzly 14 _\Baby_1405_4_five.mp4;C:\Users\esthe\Downloads\baby grizzly 14 _\Baby_1405_5_seven.mp4;C:\Users\esthe\Downloads\baby grizzly 14 _\Baby_1405_6_seven.mp4;C:\Users\esthe\Downloads\baby grizzly 14 _\Baby_1405_7_seven.mp4;C:\Users\esthe\Downloads\baby grizzly 14 _\Baby_1405_8_two.mp4;C:\Users\esthe\Downloads\baby grizzly 14 _\Baby_1405_9_one.mp4,0.0,9.701;4.433;4.267;7.729;13.965;9.531;5.627;5.099;5.562;15.965;11.869;5.499;17.418;8.460;17.460;17.963;11.965,30.000;30.000;30.000;30.000;30.000;30.000;30.000;30.000;30.000;30.000;30.000;30.000;24.000;24.000;24.000;30.000;30.000,Baby_grizzly,assessing,,,STOP,77.674,C:\Users\esthe\Downloads\baby grizzly 14 _\Baby_1405_2_seven.mp4,352,NA,
Baby_1405,2025-06-24 11:48:28.904,,172.403,Media file(s),player #1:C:\Users\esthe\Downloads\baby grizzly 14 _\Baby_1405_10_seven.mp4;C:\Users\esthe\Downloads\baby grizzly 14 _\Baby_1405_11_three.mp4;C:\Users\esthe\Downloads\baby grizzly 14 _\Baby_1405_12_three.mp4;C:\Users\esthe\Downloads\baby grizzly 14 _\Baby_1405_13_five.mp4;C:\Users\esthe\Downloads\baby grizzly 14 _\Baby_1405_14_two.mp4;C:\Users\esthe\Downloads\baby grizzly 14 _\Baby_1405_15_onehalf.mp4;C:\Users\esthe\Downloads\baby grizzly 14 _\Baby_1405_16_seven.mp4;C:\Users\esthe\Downloads\baby grizzly 14 _\Baby_1405_17_seven.mp4;C:\Users\esthe\Downloads\baby grizzly 14 _\Baby_1405_1_three.mp4;C:\Users\esthe\Downloads\baby grizzly 14 _\Baby_1405_2_seven.mp4;C:\Users\esthe\Downloads\baby grizzly 14 _\Baby_1405_3_five.mp4;C:\Users\esthe\Downloads\baby grizzly 14 _\Baby_1405_4_five.mp4;C:\Users\esthe\Downloads\baby grizzly 14 _\Baby_1405_5_seven.mp4;C:\Users\esthe\Downloads\baby grizzly 14 _\Baby_1405_6_seven.mp4;C:\Users\esthe\Downloads\baby grizzly 14 _\Baby_1405_7_seven.mp4;C:\Users\esthe\Downloads\baby grizzly 14 _\Baby_1405_8_two.mp4;C:\Users\esthe\Downloads\baby grizzly 14 _\Baby_1405_9_one.mp4,0.0,9.701;4.433;4.267;7.729;13.965;9.531;5.627;5.099;5.562;15.965;11.869;5.499;17.418;8.460;17.460;17.963;11.965,30.000;30.000;30.000;30.000;30.000;30.000;30.000;30.000;30.000;30.000;30.000;30.000;24.000;24.000;24.000;30.000;30.000,Baby_grizzly,target,,,START,77.874,C:\Users\esthe\Downloads\baby grizzly 14 _\Baby_1405_2_seven.mp4,358,NA,
Baby_1405,2025-06-24 11:48:28.904,,172.403,Media file(s),player #1:C:\Users\esthe\Downloads\baby grizzly 14 _\Baby_1405_10_seven.mp4;C:\Users\esthe\Downloads\baby grizzly 14 _\Baby_1405_11_three.mp4;C:\Users\esthe\Downloads\baby grizzly 14 _\Baby_1405_12_three.mp4;C:\Users\esthe\Downloads\baby grizzly 14 _\Baby_1405_13_five.mp4;C:\Users\esthe\Downloads\baby grizzly 14 _\Baby_1405_14_two.mp4;C:\Users\esthe\Downloads\baby grizzly 14 _\Baby_1405_15_onehalf.mp4;C:\Users\esthe\Downloads\baby grizzly 14 _\Baby_1405_16_seven.mp4;C:\Users\esthe\Downloads\baby grizzly 14 _\Baby_1405_17_seven.mp4;C:\Users\esthe\Downloads\baby grizzly 14 _\Baby_1405_1_three.mp4;C:\Users\esthe\Downloads\baby grizzly 14 _\Baby_1405_2_seven.mp4;C:\Users\esthe\Downloads\baby grizzly 14 _\Baby_1405_3_five.mp4;C:\Users\esthe\Downloads\baby grizzly 14 _\Baby_1405_4_five.mp4;C:\Users\esthe\Downloads\baby grizzly 14 _\Baby_1405_5_seven.mp4;C:\Users\esthe\Downloads\baby grizzly 14 _\Baby_1405_6_seven.mp4;C:\Users\esthe\Downloads\baby grizzly 14 _\Baby_1405_7_seven.mp4;C:\Users\esthe\Downloads\baby grizzly 14 _\Baby_1405_8_two.mp4;C:\Users\esthe\Downloads\baby grizzly 14 _\Baby_1405_9_one.mp4,0.0,9.701;4.433;4.267;7.729;13.965;9.531;5.627;5.099;5.562;15.965;11.869;5.499;17.418;8.460;17.460;17.963;11.965,30.000;30.000;30.000;30.000;30.000;30.000;30.000;30.000;30.000;30.000;30.000;30.000;24.000;24.000;24.000;30.000;30.000,Baby_grizzly,target,,,STOP,80.206,C:\Users\esthe\Downloads\baby grizzly 14 _\Baby_1405_2_seven.mp4,428,NA,
Baby_1405,2025-06-24 11:48:28.904,,172.403,Media file(s),player #1:C:\Users\esthe\Downloads\baby grizzly 14 _\Baby_1405_10_seven.mp4;C:\Users\esthe\Downloads\baby grizzly 14 _\Baby_1405_11_three.mp4;C:\Users\esthe\Downloads\baby grizzly 14 _\Baby_1405_12_three.mp4;C:\Users\esthe\Downloads\baby grizzly 14 _\Baby_1405_13_five.mp4;C:\Users\esthe\Downloads\baby grizzly 14 _\Baby_1405_14_two.mp4;C:\Users\esthe\Downloads\baby grizzly 14 _\Baby_1405_15_onehalf.mp4;C:\Users\esthe\Downloads\baby grizzly 14 _\Baby_1405_16_seven.mp4;C:\Users\esthe\Downloads\baby grizzly 14 _\Baby_1405_17_seven.mp4;C:\Users\esthe\Downloads\baby grizzly 14 _\Baby_1405_1_three.mp4;C:\Users\esthe\Downloads\baby grizzly 14 _\Baby_1405_2_seven.mp4;C:\Users\esthe\Downloads\baby grizzly 14 _\Baby_1405_3_five.mp4;C:\Users\esthe\Downloads\baby grizzly 14 _\Baby_1405_4_five.mp4;C:\Users\esthe\Downloads\baby grizzly 14 _\Baby_1405_5_seven.mp4;C:\Users\esthe\Downloads\baby grizzly 14 _\Baby_1405_6_seven.mp4;C:\Users\esthe\Downloads\baby grizzly 14 _\Baby_1405_7_seven.mp4;C:\Users\esthe\Downloads\baby grizzly 14 _\Baby_1405_8_two.mp4;C:\Users\esthe\Downloads\baby grizzly 14 _\Baby_1405_9_one.mp4,0.0,9.701;4.433;4.267;7.729;13.965;9.531;5.627;5.099;5.562;15.965;11.869;5.499;17.418;8.460;17.460;17.963;11.965,30.000;30.000;30.000;30.000;30.000;30.000;30.000;30.000;30.000;30.000;30.000;30.000;24.000;24.000;24.000;30.000;30.000,Baby_grizzly,digging,,,START,80.340,C:\Users\esthe\Downloads\baby grizzly 14 _\Baby_1405_2_seven.mp4,432,NA,
Baby_1405,2025-06-24 11:48:28.904,,172.403,Media file(s),player #1:C:\Users\esthe\Downloads\baby grizzly 14 _\Baby_1405_10_seven.mp4;C:\Users\esthe\Downloads\baby grizzly 14 _\Baby_1405_11_three.mp4;C:\Users\esthe\Downloads\baby grizzly 14 _\Baby_1405_12_three.mp4;C:\Users\esthe\Downloads\baby grizzly 14 _\Baby_1405_13_five.mp4;C:\Users\esthe\Downloads\baby grizzly 14 _\Baby_1405_14_two.mp4;C:\Users\esthe\Downloads\baby grizzly 14 _\Baby_1405_15_onehalf.mp4;C:\Users\esthe\Downloads\baby grizzly 14 _\Baby_1405_16_seven.mp4;C:\Users\esthe\Downloads\baby grizzly 14 _\Baby_1405_17_seven.mp4;C:\Users\esthe\Downloads\baby grizzly 14 _\Baby_1405_1_three.mp4;C:\Users\esthe\Downloads\baby grizzly 14 _\Baby_1405_2_seven.mp4;C:\Users\esthe\Downloads\baby grizzly 14 _\Baby_1405_3_five.mp4;C:\Users\esthe\Downloads\baby grizzly 14 _\Baby_1405_4_five.mp4;C:\Users\esthe\Downloads\baby grizzly 14 _\Baby_1405_5_seven.mp4;C:\Users\esthe\Downloads\baby grizzly 14 _\Baby_1405_6_seven.mp4;C:\Users\esthe\Downloads\baby grizzly 14 _\Baby_1405_7_seven.mp4;C:\Users\esthe\Downloads\baby grizzly 14 _\Baby_1405_8_two.mp4;C:\Users\esthe\Downloads\baby grizzly 14 _\Baby_1405_9_one.mp4,0.0,9.701;4.433;4.267;7.729;13.965;9.531;5.627;5.099;5.562;15.965;11.869;5.499;17.418;8.460;17.460;17.963;11.965,30.000;30.000;30.000;30.000;30.000;30.000;30.000;30.000;30.000;30.000;30.000;30.000;24.000;24.000;24.000;30.000;30.000,Baby_grizzly,digging,,,STOP,81.773,C:\Users\esthe\Downloads\baby grizzly 14 _\Baby_1405_2_seven.mp4,475,NA,
Baby_1405,2025-06-24 11:48:28.904,,172.403,Media file(s),player #1:C:\Users\esthe\Downloads\baby grizzly 14 _\Baby_1405_10_seven.mp4;C:\Users\esthe\Downloads\baby grizzly 14 _\Baby_1405_11_three.mp4;C:\Users\esthe\Downloads\baby grizzly 14 _\Baby_1405_12_three.mp4;C:\Users\esthe\Downloads\baby grizzly 14 _\Baby_1405_13_five.mp4;C:\Users\esthe\Downloads\baby grizzly 14 _\Baby_1405_14_two.mp4;C:\Users\esthe\Downloads\baby grizzly 14 _\Baby_1405_15_onehalf.mp4;C:\Users\esthe\Downloads\baby grizzly 14 _\Baby_1405_16_seven.mp4;C:\Users\esthe\Downloads\baby grizzly 14 _\Baby_1405_17_seven.mp4;C:\Users\esthe\Downloads\baby grizzly 14 _\Baby_1405_1_three.mp4;C:\Users\esthe\Downloads\baby grizzly 14 _\Baby_1405_2_seven.mp4;C:\Users\esthe\Downloads\baby grizzly 14 _\Baby_1405_3_five.mp4;C:\Users\esthe\Downloads\baby grizzly 14 _\Baby_1405_4_five.mp4;C:\Users\esthe\Downloads\baby grizzly 14 _\Baby_1405_5_seven.mp4;C:\Users\esthe\Downloads\baby grizzly 14 _\Baby_1405_6_seven.mp4;C:\Users\esthe\Downloads\baby grizzly 14 _\Baby_1405_7_seven.mp4;C:\Users\esthe\Downloads\baby grizzly 14 _\Baby_1405_8_two.mp4;C:\Users\esthe\Downloads\baby grizzly 14 _\Baby_1405_9_one.mp4,0.0,9.701;4.433;4.267;7.729;13.965;9.531;5.627;5.099;5.562;15.965;11.869;5.499;17.418;8.460;17.460;17.963;11.965,30.000;30.000;30.000;30.000;30.000;30.000;30.000;30.000;30.000;30.000;30.000;30.000;24.000;24.000;24.000;30.000;30.000,Baby_grizzly,bending,,,START,81.872,C:\Users\esthe\Downloads\baby grizzly 14 _\Baby_1405_2_seven.mp4,0,NA,
Baby_1405,2025-06-24 11:48:28.904,,172.403,Media file(s),player #1:C:\Users\esthe\Downloads\baby grizzly 14 _\Baby_1405_10_seven.mp4;C:\Users\esthe\Downloads\baby grizzly 14 _\Baby_1405_11_three.mp4;C:\Users\esthe\Downloads\baby grizzly 14 _\Baby_1405_12_three.mp4;C:\Users\esthe\Downloads\baby grizzly 14 _\Baby_1405_13_five.mp4;C:\Users\esthe\Downloads\baby grizzly 14 _\Baby_1405_14_two.mp4;C:\Users\esthe\Downloads\baby grizzly 14 _\Baby_1405_15_onehalf.mp4;C:\Users\esthe\Downloads\baby grizzly 14 _\Baby_1405_16_seven.mp4;C:\Users\esthe\Downloads\baby grizzly 14 _\Baby_1405_17_seven.mp4;C:\Users\esthe\Downloads\baby grizzly 14 _\Baby_1405_1_three.mp4;C:\Users\esthe\Downloads\baby grizzly 14 _\Baby_1405_2_seven.mp4;C:\Users\esthe\Downloads\baby grizzly 14 _\Baby_1405_3_five.mp4;C:\Users\esthe\Downloads\baby grizzly 14 _\Baby_1405_4_five.mp4;C:\Users\esthe\Downloads\baby grizzly 14 _\Baby_1405_5_seven.mp4;C:\Users\esthe\Downloads\baby grizzly 14 _\Baby_1405_6_seven.mp4;C:\Users\esthe\Downloads\baby grizzly 14 _\Baby_1405_7_seven.mp4;C:\Users\esthe\Downloads\baby grizzly 14 _\Baby_1405_8_two.mp4;C:\Users\esthe\Downloads\baby grizzly 14 _\Baby_1405_9_one.mp4,0.0,9.701;4.433;4.267;7.729;13.965;9.531;5.627;5.099;5.562;15.965;11.869;5.499;17.418;8.460;17.460;17.963;11.965,30.000;30.000;30.000;30.000;30.000;30.000;30.000;30.000;30.000;30.000;30.000;30.000;24.000;24.000;24.000;30.000;30.000,Baby_grizzly,bending,,,STOP,82.039,C:\Users\esthe\Downloads\baby grizzly 14 _\Baby_1405_3_five.mp4,5,NA,
Baby_1405,2025-06-24 11:48:28.904,,172.403,Media file(s),player #1:C:\Users\esthe\Downloads\baby grizzly 14 _\Baby_1405_10_seven.mp4;C:\Users\esthe\Downloads\baby grizzly 14 _\Baby_1405_11_three.mp4;C:\Users\esthe\Downloads\baby grizzly 14 _\Baby_1405_12_three.mp4;C:\Users\esthe\Downloads\baby grizzly 14 _\Baby_1405_13_five.mp4;C:\Users\esthe\Downloads\baby grizzly 14 _\Baby_1405_14_two.mp4;C:\Users\esthe\Downloads\baby grizzly 14 _\Baby_1405_15_onehalf.mp4;C:\Users\esthe\Downloads\baby grizzly 14 _\Baby_1405_16_seven.mp4;C:\Users\esthe\Downloads\baby grizzly 14 _\Baby_1405_17_seven.mp4;C:\Users\esthe\Downloads\baby grizzly 14 _\Baby_1405_1_three.mp4;C:\Users\esthe\Downloads\baby grizzly 14 _\Baby_1405_2_seven.mp4;C:\Users\esthe\Downloads\baby grizzly 14 _\Baby_1405_3_five.mp4;C:\Users\esthe\Downloads\baby grizzly 14 _\Baby_1405_4_five.mp4;C:\Users\esthe\Downloads\baby grizzly 14 _\Baby_1405_5_seven.mp4;C:\Users\esthe\Downloads\baby grizzly 14 _\Baby_1405_6_seven.mp4;C:\Users\esthe\Downloads\baby grizzly 14 _\Baby_1405_7_seven.mp4;C:\Users\esthe\Downloads\baby grizzly 14 _\Baby_1405_8_two.mp4;C:\Users\esthe\Downloads\baby grizzly 14 _\Baby_1405_9_one.mp4,0.0,9.701;4.433;4.267;7.729;13.965;9.531;5.627;5.099;5.562;15.965;11.869;5.499;17.418;8.460;17.460;17.963;11.965,30.000;30.000;30.000;30.000;30.000;30.000;30.000;30.000;30.000;30.000;30.000;30.000;24.000;24.000;24.000;30.000;30.000,Baby_grizzly,grabbing peanut,,,POINT,82.039,C:\Users\esthe\Downloads\baby grizzly 14 _\Baby_1405_3_five.mp4,5,NA,
Baby_1405,2025-06-24 11:48:28.904,,172.403,Media file(s),player #1:C:\Users\esthe\Downloads\baby grizzly 14 _\Baby_1405_10_seven.mp4;C:\Users\esthe\Downloads\baby grizzly 14 _\Baby_1405_11_three.mp4;C:\Users\esthe\Downloads\baby grizzly 14 _\Baby_1405_12_three.mp4;C:\Users\esthe\Downloads\baby grizzly 14 _\Baby_1405_13_five.mp4;C:\Users\esthe\Downloads\baby grizzly 14 _\Baby_1405_14_two.mp4;C:\Users\esthe\Downloads\baby grizzly 14 _\Baby_1405_15_onehalf.mp4;C:\Users\esthe\Downloads\baby grizzly 14 _\Baby_1405_16_seven.mp4;C:\Users\esthe\Downloads\baby grizzly 14 _\Baby_1405_17_seven.mp4;C:\Users\esthe\Downloads\baby grizzly 14 _\Baby_1405_1_three.mp4;C:\Users\esthe\Downloads\baby grizzly 14 _\Baby_1405_2_seven.mp4;C:\Users\esthe\Downloads\baby grizzly 14 _\Baby_1405_3_five.mp4;C:\Users\esthe\Downloads\baby grizzly 14 _\Baby_1405_4_five.mp4;C:\Users\esthe\Downloads\baby grizzly 14 _\Baby_1405_5_seven.mp4;C:\Users\esthe\Downloads\baby grizzly 14 _\Baby_1405_6_seven.mp4;C:\Users\esthe\Downloads\baby grizzly 14 _\Baby_1405_7_seven.mp4;C:\Users\esthe\Downloads\baby grizzly 14 _\Baby_1405_8_two.mp4;C:\Users\esthe\Downloads\baby grizzly 14 _\Baby_1405_9_one.mp4,0.0,9.701;4.433;4.267;7.729;13.965;9.531;5.627;5.099;5.562;15.965;11.869;5.499;17.418;8.460;17.460;17.963;11.965,30.000;30.000;30.000;30.000;30.000;30.000;30.000;30.000;30.000;30.000;30.000;30.000;24.000;24.000;24.000;30.000;30.000,Baby_grizzly,lifting,,,START,82.072,C:\Users\esthe\Downloads\baby grizzly 14 _\Baby_1405_3_five.mp4,6,NA,
Baby_1405,2025-06-24 11:48:28.904,,172.403,Media file(s),player #1:C:\Users\esthe\Downloads\baby grizzly 14 _\Baby_1405_10_seven.mp4;C:\Users\esthe\Downloads\baby grizzly 14 _\Baby_1405_11_three.mp4;C:\Users\esthe\Downloads\baby grizzly 14 _\Baby_1405_12_three.mp4;C:\Users\esthe\Downloads\baby grizzly 14 _\Baby_1405_13_five.mp4;C:\Users\esthe\Downloads\baby grizzly 14 _\Baby_1405_14_two.mp4;C:\Users\esthe\Downloads\baby grizzly 14 _\Baby_1405_15_onehalf.mp4;C:\Users\esthe\Downloads\baby grizzly 14 _\Baby_1405_16_seven.mp4;C:\Users\esthe\Downloads\baby grizzly 14 _\Baby_1405_17_seven.mp4;C:\Users\esthe\Downloads\baby grizzly 14 _\Baby_1405_1_three.mp4;C:\Users\esthe\Downloads\baby grizzly 14 _\Baby_1405_2_seven.mp4;C:\Users\esthe\Downloads\baby grizzly 14 _\Baby_1405_3_five.mp4;C:\Users\esthe\Downloads\baby grizzly 14 _\Baby_1405_4_five.mp4;C:\Users\esthe\Downloads\baby grizzly 14 _\Baby_1405_5_seven.mp4;C:\Users\esthe\Downloads\baby grizzly 14 _\Baby_1405_6_seven.mp4;C:\Users\esthe\Downloads\baby grizzly 14 _\Baby_1405_7_seven.mp4;C:\Users\esthe\Downloads\baby grizzly 14 _\Baby_1405_8_two.mp4;C:\Users\esthe\Downloads\baby grizzly 14 _\Baby_1405_9_one.mp4,0.0,9.701;4.433;4.267;7.729;13.965;9.531;5.627;5.099;5.562;15.965;11.869;5.499;17.418;8.460;17.460;17.963;11.965,30.000;30.000;30.000;30.000;30.000;30.000;30.000;30.000;30.000;30.000;30.000;30.000;24.000;24.000;24.000;30.000;30.000,Baby_grizzly,lifting,,,STOP,82.305,C:\Users\esthe\Downloads\baby grizzly 14 _\Baby_1405_3_five.mp4,13,NA,
Baby_1405,2025-06-24 11:48:28.904,,172.403,Media file(s),player #1:C:\Users\esthe\Downloads\baby grizzly 14 _\Baby_1405_10_seven.mp4;C:\Users\esthe\Downloads\baby grizzly 14 _\Baby_1405_11_three.mp4;C:\Users\esthe\Downloads\baby grizzly 14 _\Baby_1405_12_three.mp4;C:\Users\esthe\Downloads\baby grizzly 14 _\Baby_1405_13_five.mp4;C:\Users\esthe\Downloads\baby grizzly 14 _\Baby_1405_14_two.mp4;C:\Users\esthe\Downloads\baby grizzly 14 _\Baby_1405_15_onehalf.mp4;C:\Users\esthe\Downloads\baby grizzly 14 _\Baby_1405_16_seven.mp4;C:\Users\esthe\Downloads\baby grizzly 14 _\Baby_1405_17_seven.mp4;C:\Users\esthe\Downloads\baby grizzly 14 _\Baby_1405_1_three.mp4;C:\Users\esthe\Downloads\baby grizzly 14 _\Baby_1405_2_seven.mp4;C:\Users\esthe\Downloads\baby grizzly 14 _\Baby_1405_3_five.mp4;C:\Users\esthe\Downloads\baby grizzly 14 _\Baby_1405_4_five.mp4;C:\Users\esthe\Downloads\baby grizzly 14 _\Baby_1405_5_seven.mp4;C:\Users\esthe\Downloads\baby grizzly 14 _\Baby_1405_6_seven.mp4;C:\Users\esthe\Downloads\baby grizzly 14 _\Baby_1405_7_seven.mp4;C:\Users\esthe\Downloads\baby grizzly 14 _\Baby_1405_8_two.mp4;C:\Users\esthe\Downloads\baby grizzly 14 _\Baby_1405_9_one.mp4,0.0,9.701;4.433;4.267;7.729;13.965;9.531;5.627;5.099;5.562;15.965;11.869;5.499;17.418;8.460;17.460;17.963;11.965,30.000;30.000;30.000;30.000;30.000;30.000;30.000;30.000;30.000;30.000;30.000;30.000;24.000;24.000;24.000;30.000;30.000,Baby_grizzly,pause,,,START,82.873,C:\Users\esthe\Downloads\baby grizzly 14 _\Baby_1405_3_five.mp4,30,NA,
Baby_1405,2025-06-24 11:48:28.904,,172.403,Media file(s),player #1:C:\Users\esthe\Downloads\baby grizzly 14 _\Baby_1405_10_seven.mp4;C:\Users\esthe\Downloads\baby grizzly 14 _\Baby_1405_11_three.mp4;C:\Users\esthe\Downloads\baby grizzly 14 _\Baby_1405_12_three.mp4;C:\Users\esthe\Downloads\baby grizzly 14 _\Baby_1405_13_five.mp4;C:\Users\esthe\Downloads\baby grizzly 14 _\Baby_1405_14_two.mp4;C:\Users\esthe\Downloads\baby grizzly 14 _\Baby_1405_15_onehalf.mp4;C:\Users\esthe\Downloads\baby grizzly 14 _\Baby_1405_16_seven.mp4;C:\Users\esthe\Downloads\baby grizzly 14 _\Baby_1405_17_seven.mp4;C:\Users\esthe\Downloads\baby grizzly 14 _\Baby_1405_1_three.mp4;C:\Users\esthe\Downloads\baby grizzly 14 _\Baby_1405_2_seven.mp4;C:\Users\esthe\Downloads\baby grizzly 14 _\Baby_1405_3_five.mp4;C:\Users\esthe\Downloads\baby grizzly 14 _\Baby_1405_4_five.mp4;C:\Users\esthe\Downloads\baby grizzly 14 _\Baby_1405_5_seven.mp4;C:\Users\esthe\Downloads\baby grizzly 14 _\Baby_1405_6_seven.mp4;C:\Users\esthe\Downloads\baby grizzly 14 _\Baby_1405_7_seven.mp4;C:\Users\esthe\Downloads\baby grizzly 14 _\Baby_1405_8_two.mp4;C:\Users\esthe\Downloads\baby grizzly 14 _\Baby_1405_9_one.mp4,0.0,9.701;4.433;4.267;7.729;13.965;9.531;5.627;5.099;5.562;15.965;11.869;5.499;17.418;8.460;17.460;17.963;11.965,30.000;30.000;30.000;30.000;30.000;30.000;30.000;30.000;30.000;30.000;30.000;30.000;24.000;24.000;24.000;30.000;30.000,Baby_grizzly,pause,,,STOP,83.806,C:\Users\esthe\Downloads\baby grizzly 14 _\Baby_1405_3_five.mp4,58,NA,
Baby_1405,2025-06-24 11:48:28.904,,172.403,Media file(s),player #1:C:\Users\esthe\Downloads\baby grizzly 14 _\Baby_1405_10_seven.mp4;C:\Users\esthe\Downloads\baby grizzly 14 _\Baby_1405_11_three.mp4;C:\Users\esthe\Downloads\baby grizzly 14 _\Baby_1405_12_three.mp4;C:\Users\esthe\Downloads\baby grizzly 14 _\Baby_1405_13_five.mp4;C:\Users\esthe\Downloads\baby grizzly 14 _\Baby_1405_14_two.mp4;C:\Users\esthe\Downloads\baby grizzly 14 _\Baby_1405_15_onehalf.mp4;C:\Users\esthe\Downloads\baby grizzly 14 _\Baby_1405_16_seven.mp4;C:\Users\esthe\Downloads\baby grizzly 14 _\Baby_1405_17_seven.mp4;C:\Users\esthe\Downloads\baby grizzly 14 _\Baby_1405_1_three.mp4;C:\Users\esthe\Downloads\baby grizzly 14 _\Baby_1405_2_seven.mp4;C:\Users\esthe\Downloads\baby grizzly 14 _\Baby_1405_3_five.mp4;C:\Users\esthe\Downloads\baby grizzly 14 _\Baby_1405_4_five.mp4;C:\Users\esthe\Downloads\baby grizzly 14 _\Baby_1405_5_seven.mp4;C:\Users\esthe\Downloads\baby grizzly 14 _\Baby_1405_6_seven.mp4;C:\Users\esthe\Downloads\baby grizzly 14 _\Baby_1405_7_seven.mp4;C:\Users\esthe\Downloads\baby grizzly 14 _\Baby_1405_8_two.mp4;C:\Users\esthe\Downloads\baby grizzly 14 _\Baby_1405_9_one.mp4,0.0,9.701;4.433;4.267;7.729;13.965;9.531;5.627;5.099;5.562;15.965;11.869;5.499;17.418;8.460;17.460;17.963;11.965,30.000;30.000;30.000;30.000;30.000;30.000;30.000;30.000;30.000;30.000;30.000;30.000;24.000;24.000;24.000;30.000;30.000,Baby_grizzly,target,,,START,83.906,C:\Users\esthe\Downloads\baby grizzly 14 _\Baby_1405_3_five.mp4,61,NA,
Baby_1405,2025-06-24 11:48:28.904,,172.403,Media file(s),player #1:C:\Users\esthe\Downloads\baby grizzly 14 _\Baby_1405_10_seven.mp4;C:\Users\esthe\Downloads\baby grizzly 14 _\Baby_1405_11_three.mp4;C:\Users\esthe\Downloads\baby grizzly 14 _\Baby_1405_12_three.mp4;C:\Users\esthe\Downloads\baby grizzly 14 _\Baby_1405_13_five.mp4;C:\Users\esthe\Downloads\baby grizzly 14 _\Baby_1405_14_two.mp4;C:\Users\esthe\Downloads\baby grizzly 14 _\Baby_1405_15_onehalf.mp4;C:\Users\esthe\Downloads\baby grizzly 14 _\Baby_1405_16_seven.mp4;C:\Users\esthe\Downloads\baby grizzly 14 _\Baby_1405_17_seven.mp4;C:\Users\esthe\Downloads\baby grizzly 14 _\Baby_1405_1_three.mp4;C:\Users\esthe\Downloads\baby grizzly 14 _\Baby_1405_2_seven.mp4;C:\Users\esthe\Downloads\baby grizzly 14 _\Baby_1405_3_five.mp4;C:\Users\esthe\Downloads\baby grizzly 14 _\Baby_1405_4_five.mp4;C:\Users\esthe\Downloads\baby grizzly 14 _\Baby_1405_5_seven.mp4;C:\Users\esthe\Downloads\baby grizzly 14 _\Baby_1405_6_seven.mp4;C:\Users\esthe\Downloads\baby grizzly 14 _\Baby_1405_7_seven.mp4;C:\Users\esthe\Downloads\baby grizzly 14 _\Baby_1405_8_two.mp4;C:\Users\esthe\Downloads\baby grizzly 14 _\Baby_1405_9_one.mp4,0.0,9.701;4.433;4.267;7.729;13.965;9.531;5.627;5.099;5.562;15.965;11.869;5.499;17.418;8.460;17.460;17.963;11.965,30.000;30.000;30.000;30.000;30.000;30.000;30.000;30.000;30.000;30.000;30.000;30.000;24.000;24.000;24.000;30.000;30.000,Baby_grizzly,target,,,STOP,88.874,C:\Users\esthe\Downloads\baby grizzly 14 _\Baby_1405_3_five.mp4,210,NA,
Baby_1405,2025-06-24 11:48:28.904,,172.403,Media file(s),player #1:C:\Users\esthe\Downloads\baby grizzly 14 _\Baby_1405_10_seven.mp4;C:\Users\esthe\Downloads\baby grizzly 14 _\Baby_1405_11_three.mp4;C:\Users\esthe\Downloads\baby grizzly 14 _\Baby_1405_12_three.mp4;C:\Users\esthe\Downloads\baby grizzly 14 _\Baby_1405_13_five.mp4;C:\Users\esthe\Downloads\baby grizzly 14 _\Baby_1405_14_two.mp4;C:\Users\esthe\Downloads\baby grizzly 14 _\Baby_1405_15_onehalf.mp4;C:\Users\esthe\Downloads\baby grizzly 14 _\Baby_1405_16_seven.mp4;C:\Users\esthe\Downloads\baby grizzly 14 _\Baby_1405_17_seven.mp4;C:\Users\esthe\Downloads\baby grizzly 14 _\Baby_1405_1_three.mp4;C:\Users\esthe\Downloads\baby grizzly 14 _\Baby_1405_2_seven.mp4;C:\Users\esthe\Downloads\baby grizzly 14 _\Baby_1405_3_five.mp4;C:\Users\esthe\Downloads\baby grizzly 14 _\Baby_1405_4_five.mp4;C:\Users\esthe\Downloads\baby grizzly 14 _\Baby_1405_5_seven.mp4;C:\Users\esthe\Downloads\baby grizzly 14 _\Baby_1405_6_seven.mp4;C:\Users\esthe\Downloads\baby grizzly 14 _\Baby_1405_7_seven.mp4;C:\Users\esthe\Downloads\baby grizzly 14 _\Baby_1405_8_two.mp4;C:\Users\esthe\Downloads\baby grizzly 14 _\Baby_1405_9_one.mp4,0.0,9.701;4.433;4.267;7.729;13.965;9.531;5.627;5.099;5.562;15.965;11.869;5.499;17.418;8.460;17.460;17.963;11.965,30.000;30.000;30.000;30.000;30.000;30.000;30.000;30.000;30.000;30.000;30.000;30.000;24.000;24.000;24.000;30.000;30.000,Baby_grizzly,assessing,,,START,88.907,C:\Users\esthe\Downloads\baby grizzly 14 _\Baby_1405_3_five.mp4,211,NA,
Baby_1405,2025-06-24 11:48:28.904,,172.403,Media file(s),player #1:C:\Users\esthe\Downloads\baby grizzly 14 _\Baby_1405_10_seven.mp4;C:\Users\esthe\Downloads\baby grizzly 14 _\Baby_1405_11_three.mp4;C:\Users\esthe\Downloads\baby grizzly 14 _\Baby_1405_12_three.mp4;C:\Users\esthe\Downloads\baby grizzly 14 _\Baby_1405_13_five.mp4;C:\Users\esthe\Downloads\baby grizzly 14 _\Baby_1405_14_two.mp4;C:\Users\esthe\Downloads\baby grizzly 14 _\Baby_1405_15_onehalf.mp4;C:\Users\esthe\Downloads\baby grizzly 14 _\Baby_1405_16_seven.mp4;C:\Users\esthe\Downloads\baby grizzly 14 _\Baby_1405_17_seven.mp4;C:\Users\esthe\Downloads\baby grizzly 14 _\Baby_1405_1_three.mp4;C:\Users\esthe\Downloads\baby grizzly 14 _\Baby_1405_2_seven.mp4;C:\Users\esthe\Downloads\baby grizzly 14 _\Baby_1405_3_five.mp4;C:\Users\esthe\Downloads\baby grizzly 14 _\Baby_1405_4_five.mp4;C:\Users\esthe\Downloads\baby grizzly 14 _\Baby_1405_5_seven.mp4;C:\Users\esthe\Downloads\baby grizzly 14 _\Baby_1405_6_seven.mp4;C:\Users\esthe\Downloads\baby grizzly 14 _\Baby_1405_7_seven.mp4;C:\Users\esthe\Downloads\baby grizzly 14 _\Baby_1405_8_two.mp4;C:\Users\esthe\Downloads\baby grizzly 14 _\Baby_1405_9_one.mp4,0.0,9.701;4.433;4.267;7.729;13.965;9.531;5.627;5.099;5.562;15.965;11.869;5.499;17.418;8.460;17.460;17.963;11.965,30.000;30.000;30.000;30.000;30.000;30.000;30.000;30.000;30.000;30.000;30.000;30.000;24.000;24.000;24.000;30.000;30.000,Baby_grizzly,jaw movement,,,POINT,89.140,C:\Users\esthe\Downloads\baby grizzly 14 _\Baby_1405_3_five.mp4,218,NA,
Baby_1405,2025-06-24 11:48:28.904,,172.403,Media file(s),player #1:C:\Users\esthe\Downloads\baby grizzly 14 _\Baby_1405_10_seven.mp4;C:\Users\esthe\Downloads\baby grizzly 14 _\Baby_1405_11_three.mp4;C:\Users\esthe\Downloads\baby grizzly 14 _\Baby_1405_12_three.mp4;C:\Users\esthe\Downloads\baby grizzly 14 _\Baby_1405_13_five.mp4;C:\Users\esthe\Downloads\baby grizzly 14 _\Baby_1405_14_two.mp4;C:\Users\esthe\Downloads\baby grizzly 14 _\Baby_1405_15_onehalf.mp4;C:\Users\esthe\Downloads\baby grizzly 14 _\Baby_1405_16_seven.mp4;C:\Users\esthe\Downloads\baby grizzly 14 _\Baby_1405_17_seven.mp4;C:\Users\esthe\Downloads\baby grizzly 14 _\Baby_1405_1_three.mp4;C:\Users\esthe\Downloads\baby grizzly 14 _\Baby_1405_2_seven.mp4;C:\Users\esthe\Downloads\baby grizzly 14 _\Baby_1405_3_five.mp4;C:\Users\esthe\Downloads\baby grizzly 14 _\Baby_1405_4_five.mp4;C:\Users\esthe\Downloads\baby grizzly 14 _\Baby_1405_5_seven.mp4;C:\Users\esthe\Downloads\baby grizzly 14 _\Baby_1405_6_seven.mp4;C:\Users\esthe\Downloads\baby grizzly 14 _\Baby_1405_7_seven.mp4;C:\Users\esthe\Downloads\baby grizzly 14 _\Baby_1405_8_two.mp4;C:\Users\esthe\Downloads\baby grizzly 14 _\Baby_1405_9_one.mp4,0.0,9.701;4.433;4.267;7.729;13.965;9.531;5.627;5.099;5.562;15.965;11.869;5.499;17.418;8.460;17.460;17.963;11.965,30.000;30.000;30.000;30.000;30.000;30.000;30.000;30.000;30.000;30.000;30.000;30.000;24.000;24.000;24.000;30.000;30.000,Baby_grizzly,rotation,,Horizontal,START,89.174,C:\Users\esthe\Downloads\baby grizzly 14 _\Baby_1405_3_five.mp4,219,NA,
Baby_1405,2025-06-24 11:48:28.904,,172.403,Media file(s),player #1:C:\Users\esthe\Downloads\baby grizzly 14 _\Baby_1405_10_seven.mp4;C:\Users\esthe\Downloads\baby grizzly 14 _\Baby_1405_11_three.mp4;C:\Users\esthe\Downloads\baby grizzly 14 _\Baby_1405_12_three.mp4;C:\Users\esthe\Downloads\baby grizzly 14 _\Baby_1405_13_five.mp4;C:\Users\esthe\Downloads\baby grizzly 14 _\Baby_1405_14_two.mp4;C:\Users\esthe\Downloads\baby grizzly 14 _\Baby_1405_15_onehalf.mp4;C:\Users\esthe\Downloads\baby grizzly 14 _\Baby_1405_16_seven.mp4;C:\Users\esthe\Downloads\baby grizzly 14 _\Baby_1405_17_seven.mp4;C:\Users\esthe\Downloads\baby grizzly 14 _\Baby_1405_1_three.mp4;C:\Users\esthe\Downloads\baby grizzly 14 _\Baby_1405_2_seven.mp4;C:\Users\esthe\Downloads\baby grizzly 14 _\Baby_1405_3_five.mp4;C:\Users\esthe\Downloads\baby grizzly 14 _\Baby_1405_4_five.mp4;C:\Users\esthe\Downloads\baby grizzly 14 _\Baby_1405_5_seven.mp4;C:\Users\esthe\Downloads\baby grizzly 14 _\Baby_1405_6_seven.mp4;C:\Users\esthe\Downloads\baby grizzly 14 _\Baby_1405_7_seven.mp4;C:\Users\esthe\Downloads\baby grizzly 14 _\Baby_1405_8_two.mp4;C:\Users\esthe\Downloads\baby grizzly 14 _\Baby_1405_9_one.mp4,0.0,9.701;4.433;4.267;7.729;13.965;9.531;5.627;5.099;5.562;15.965;11.869;5.499;17.418;8.460;17.460;17.963;11.965,30.000;30.000;30.000;30.000;30.000;30.000;30.000;30.000;30.000;30.000;30.000;30.000;24.000;24.000;24.000;30.000;30.000,Baby_grizzly,jaw movement,,,POINT,89.440,C:\Users\esthe\Downloads\baby grizzly 14 _\Baby_1405_3_five.mp4,227,NA,
Baby_1405,2025-06-24 11:48:28.904,,172.403,Media file(s),player #1:C:\Users\esthe\Downloads\baby grizzly 14 _\Baby_1405_10_seven.mp4;C:\Users\esthe\Downloads\baby grizzly 14 _\Baby_1405_11_three.mp4;C:\Users\esthe\Downloads\baby grizzly 14 _\Baby_1405_12_three.mp4;C:\Users\esthe\Downloads\baby grizzly 14 _\Baby_1405_13_five.mp4;C:\Users\esthe\Downloads\baby grizzly 14 _\Baby_1405_14_two.mp4;C:\Users\esthe\Downloads\baby grizzly 14 _\Baby_1405_15_onehalf.mp4;C:\Users\esthe\Downloads\baby grizzly 14 _\Baby_1405_16_seven.mp4;C:\Users\esthe\Downloads\baby grizzly 14 _\Baby_1405_17_seven.mp4;C:\Users\esthe\Downloads\baby grizzly 14 _\Baby_1405_1_three.mp4;C:\Users\esthe\Downloads\baby grizzly 14 _\Baby_1405_2_seven.mp4;C:\Users\esthe\Downloads\baby grizzly 14 _\Baby_1405_3_five.mp4;C:\Users\esthe\Downloads\baby grizzly 14 _\Baby_1405_4_five.mp4;C:\Users\esthe\Downloads\baby grizzly 14 _\Baby_1405_5_seven.mp4;C:\Users\esthe\Downloads\baby grizzly 14 _\Baby_1405_6_seven.mp4;C:\Users\esthe\Downloads\baby grizzly 14 _\Baby_1405_7_seven.mp4;C:\Users\esthe\Downloads\baby grizzly 14 _\Baby_1405_8_two.mp4;C:\Users\esthe\Downloads\baby grizzly 14 _\Baby_1405_9_one.mp4,0.0,9.701;4.433;4.267;7.729;13.965;9.531;5.627;5.099;5.562;15.965;11.869;5.499;17.418;8.460;17.460;17.963;11.965,30.000;30.000;30.000;30.000;30.000;30.000;30.000;30.000;30.000;30.000;30.000;30.000;24.000;24.000;24.000;30.000;30.000,Baby_grizzly,sniffing,,,POINT,89.640,C:\Users\esthe\Downloads\baby grizzly 14 _\Baby_1405_3_five.mp4,233,NA,
Baby_1405,2025-06-24 11:48:28.904,,172.403,Media file(s),player #1:C:\Users\esthe\Downloads\baby grizzly 14 _\Baby_1405_10_seven.mp4;C:\Users\esthe\Downloads\baby grizzly 14 _\Baby_1405_11_three.mp4;C:\Users\esthe\Downloads\baby grizzly 14 _\Baby_1405_12_three.mp4;C:\Users\esthe\Downloads\baby grizzly 14 _\Baby_1405_13_five.mp4;C:\Users\esthe\Downloads\baby grizzly 14 _\Baby_1405_14_two.mp4;C:\Users\esthe\Downloads\baby grizzly 14 _\Baby_1405_15_onehalf.mp4;C:\Users\esthe\Downloads\baby grizzly 14 _\Baby_1405_16_seven.mp4;C:\Users\esthe\Downloads\baby grizzly 14 _\Baby_1405_17_seven.mp4;C:\Users\esthe\Downloads\baby grizzly 14 _\Baby_1405_1_three.mp4;C:\Users\esthe\Downloads\baby grizzly 14 _\Baby_1405_2_seven.mp4;C:\Users\esthe\Downloads\baby grizzly 14 _\Baby_1405_3_five.mp4;C:\Users\esthe\Downloads\baby grizzly 14 _\Baby_1405_4_five.mp4;C:\Users\esthe\Downloads\baby grizzly 14 _\Baby_1405_5_seven.mp4;C:\Users\esthe\Downloads\baby grizzly 14 _\Baby_1405_6_seven.mp4;C:\Users\esthe\Downloads\baby grizzly 14 _\Baby_1405_7_seven.mp4;C:\Users\esthe\Downloads\baby grizzly 14 _\Baby_1405_8_two.mp4;C:\Users\esthe\Downloads\baby grizzly 14 _\Baby_1405_9_one.mp4,0.0,9.701;4.433;4.267;7.729;13.965;9.531;5.627;5.099;5.562;15.965;11.869;5.499;17.418;8.460;17.460;17.963;11.965,30.000;30.000;30.000;30.000;30.000;30.000;30.000;30.000;30.000;30.000;30.000;30.000;24.000;24.000;24.000;30.000;30.000,Baby_grizzly,jaw movement,,,POINT,89.974,C:\Users\esthe\Downloads\baby grizzly 14 _\Baby_1405_3_five.mp4,243,NA,
Baby_1405,2025-06-24 11:48:28.904,,172.403,Media file(s),player #1:C:\Users\esthe\Downloads\baby grizzly 14 _\Baby_1405_10_seven.mp4;C:\Users\esthe\Downloads\baby grizzly 14 _\Baby_1405_11_three.mp4;C:\Users\esthe\Downloads\baby grizzly 14 _\Baby_1405_12_three.mp4;C:\Users\esthe\Downloads\baby grizzly 14 _\Baby_1405_13_five.mp4;C:\Users\esthe\Downloads\baby grizzly 14 _\Baby_1405_14_two.mp4;C:\Users\esthe\Downloads\baby grizzly 14 _\Baby_1405_15_onehalf.mp4;C:\Users\esthe\Downloads\baby grizzly 14 _\Baby_1405_16_seven.mp4;C:\Users\esthe\Downloads\baby grizzly 14 _\Baby_1405_17_seven.mp4;C:\Users\esthe\Downloads\baby grizzly 14 _\Baby_1405_1_three.mp4;C:\Users\esthe\Downloads\baby grizzly 14 _\Baby_1405_2_seven.mp4;C:\Users\esthe\Downloads\baby grizzly 14 _\Baby_1405_3_five.mp4;C:\Users\esthe\Downloads\baby grizzly 14 _\Baby_1405_4_five.mp4;C:\Users\esthe\Downloads\baby grizzly 14 _\Baby_1405_5_seven.mp4;C:\Users\esthe\Downloads\baby grizzly 14 _\Baby_1405_6_seven.mp4;C:\Users\esthe\Downloads\baby grizzly 14 _\Baby_1405_7_seven.mp4;C:\Users\esthe\Downloads\baby grizzly 14 _\Baby_1405_8_two.mp4;C:\Users\esthe\Downloads\baby grizzly 14 _\Baby_1405_9_one.mp4,0.0,9.701;4.433;4.267;7.729;13.965;9.531;5.627;5.099;5.562;15.965;11.869;5.499;17.418;8.460;17.460;17.963;11.965,30.000;30.000;30.000;30.000;30.000;30.000;30.000;30.000;30.000;30.000;30.000;30.000;24.000;24.000;24.000;30.000;30.000,Baby_grizzly,rotation,,Horizontal,STOP,90.074,C:\Users\esthe\Downloads\baby grizzly 14 _\Baby_1405_3_five.mp4,246,NA,
Baby_1405,2025-06-24 11:48:28.904,,172.403,Media file(s),player #1:C:\Users\esthe\Downloads\baby grizzly 14 _\Baby_1405_10_seven.mp4;C:\Users\esthe\Downloads\baby grizzly 14 _\Baby_1405_11_three.mp4;C:\Users\esthe\Downloads\baby grizzly 14 _\Baby_1405_12_three.mp4;C:\Users\esthe\Downloads\baby grizzly 14 _\Baby_1405_13_five.mp4;C:\Users\esthe\Downloads\baby grizzly 14 _\Baby_1405_14_two.mp4;C:\Users\esthe\Downloads\baby grizzly 14 _\Baby_1405_15_onehalf.mp4;C:\Users\esthe\Downloads\baby grizzly 14 _\Baby_1405_16_seven.mp4;C:\Users\esthe\Downloads\baby grizzly 14 _\Baby_1405_17_seven.mp4;C:\Users\esthe\Downloads\baby grizzly 14 _\Baby_1405_1_three.mp4;C:\Users\esthe\Downloads\baby grizzly 14 _\Baby_1405_2_seven.mp4;C:\Users\esthe\Downloads\baby grizzly 14 _\Baby_1405_3_five.mp4;C:\Users\esthe\Downloads\baby grizzly 14 _\Baby_1405_4_five.mp4;C:\Users\esthe\Downloads\baby grizzly 14 _\Baby_1405_5_seven.mp4;C:\Users\esthe\Downloads\baby grizzly 14 _\Baby_1405_6_seven.mp4;C:\Users\esthe\Downloads\baby grizzly 14 _\Baby_1405_7_seven.mp4;C:\Users\esthe\Downloads\baby grizzly 14 _\Baby_1405_8_two.mp4;C:\Users\esthe\Downloads\baby grizzly 14 _\Baby_1405_9_one.mp4,0.0,9.701;4.433;4.267;7.729;13.965;9.531;5.627;5.099;5.562;15.965;11.869;5.499;17.418;8.460;17.460;17.963;11.965,30.000;30.000;30.000;30.000;30.000;30.000;30.000;30.000;30.000;30.000;30.000;30.000;24.000;24.000;24.000;30.000;30.000,Baby_grizzly,mouth,,,POINT,90.107,C:\Users\esthe\Downloads\baby grizzly 14 _\Baby_1405_3_five.mp4,247,NA,
Baby_1405,2025-06-24 11:48:28.904,,172.403,Media file(s),player #1:C:\Users\esthe\Downloads\baby grizzly 14 _\Baby_1405_10_seven.mp4;C:\Users\esthe\Downloads\baby grizzly 14 _\Baby_1405_11_three.mp4;C:\Users\esthe\Downloads\baby grizzly 14 _\Baby_1405_12_three.mp4;C:\Users\esthe\Downloads\baby grizzly 14 _\Baby_1405_13_five.mp4;C:\Users\esthe\Downloads\baby grizzly 14 _\Baby_1405_14_two.mp4;C:\Users\esthe\Downloads\baby grizzly 14 _\Baby_1405_15_onehalf.mp4;C:\Users\esthe\Downloads\baby grizzly 14 _\Baby_1405_16_seven.mp4;C:\Users\esthe\Downloads\baby grizzly 14 _\Baby_1405_17_seven.mp4;C:\Users\esthe\Downloads\baby grizzly 14 _\Baby_1405_1_three.mp4;C:\Users\esthe\Downloads\baby grizzly 14 _\Baby_1405_2_seven.mp4;C:\Users\esthe\Downloads\baby grizzly 14 _\Baby_1405_3_five.mp4;C:\Users\esthe\Downloads\baby grizzly 14 _\Baby_1405_4_five.mp4;C:\Users\esthe\Downloads\baby grizzly 14 _\Baby_1405_5_seven.mp4;C:\Users\esthe\Downloads\baby grizzly 14 _\Baby_1405_6_seven.mp4;C:\Users\esthe\Downloads\baby grizzly 14 _\Baby_1405_7_seven.mp4;C:\Users\esthe\Downloads\baby grizzly 14 _\Baby_1405_8_two.mp4;C:\Users\esthe\Downloads\baby grizzly 14 _\Baby_1405_9_one.mp4,0.0,9.701;4.433;4.267;7.729;13.965;9.531;5.627;5.099;5.562;15.965;11.869;5.499;17.418;8.460;17.460;17.963;11.965,30.000;30.000;30.000;30.000;30.000;30.000;30.000;30.000;30.000;30.000;30.000;30.000;24.000;24.000;24.000;30.000;30.000,Baby_grizzly,assessing,,,STOP,90.274,C:\Users\esthe\Downloads\baby grizzly 14 _\Baby_1405_3_five.mp4,252,NA,
Baby_1405,2025-06-24 11:48:28.904,,172.403,Media file(s),player #1:C:\Users\esthe\Downloads\baby grizzly 14 _\Baby_1405_10_seven.mp4;C:\Users\esthe\Downloads\baby grizzly 14 _\Baby_1405_11_three.mp4;C:\Users\esthe\Downloads\baby grizzly 14 _\Baby_1405_12_three.mp4;C:\Users\esthe\Downloads\baby grizzly 14 _\Baby_1405_13_five.mp4;C:\Users\esthe\Downloads\baby grizzly 14 _\Baby_1405_14_two.mp4;C:\Users\esthe\Downloads\baby grizzly 14 _\Baby_1405_15_onehalf.mp4;C:\Users\esthe\Downloads\baby grizzly 14 _\Baby_1405_16_seven.mp4;C:\Users\esthe\Downloads\baby grizzly 14 _\Baby_1405_17_seven.mp4;C:\Users\esthe\Downloads\baby grizzly 14 _\Baby_1405_1_three.mp4;C:\Users\esthe\Downloads\baby grizzly 14 _\Baby_1405_2_seven.mp4;C:\Users\esthe\Downloads\baby grizzly 14 _\Baby_1405_3_five.mp4;C:\Users\esthe\Downloads\baby grizzly 14 _\Baby_1405_4_five.mp4;C:\Users\esthe\Downloads\baby grizzly 14 _\Baby_1405_5_seven.mp4;C:\Users\esthe\Downloads\baby grizzly 14 _\Baby_1405_6_seven.mp4;C:\Users\esthe\Downloads\baby grizzly 14 _\Baby_1405_7_seven.mp4;C:\Users\esthe\Downloads\baby grizzly 14 _\Baby_1405_8_two.mp4;C:\Users\esthe\Downloads\baby grizzly 14 _\Baby_1405_9_one.mp4,0.0,9.701;4.433;4.267;7.729;13.965;9.531;5.627;5.099;5.562;15.965;11.869;5.499;17.418;8.460;17.460;17.963;11.965,30.000;30.000;30.000;30.000;30.000;30.000;30.000;30.000;30.000;30.000;30.000;30.000;24.000;24.000;24.000;30.000;30.000,Baby_grizzly,target,,,START,90.640,C:\Users\esthe\Downloads\baby grizzly 14 _\Baby_1405_3_five.mp4,263,NA,
Baby_1405,2025-06-24 11:48:28.904,,172.403,Media file(s),player #1:C:\Users\esthe\Downloads\baby grizzly 14 _\Baby_1405_10_seven.mp4;C:\Users\esthe\Downloads\baby grizzly 14 _\Baby_1405_11_three.mp4;C:\Users\esthe\Downloads\baby grizzly 14 _\Baby_1405_12_three.mp4;C:\Users\esthe\Downloads\baby grizzly 14 _\Baby_1405_13_five.mp4;C:\Users\esthe\Downloads\baby grizzly 14 _\Baby_1405_14_two.mp4;C:\Users\esthe\Downloads\baby grizzly 14 _\Baby_1405_15_onehalf.mp4;C:\Users\esthe\Downloads\baby grizzly 14 _\Baby_1405_16_seven.mp4;C:\Users\esthe\Downloads\baby grizzly 14 _\Baby_1405_17_seven.mp4;C:\Users\esthe\Downloads\baby grizzly 14 _\Baby_1405_1_three.mp4;C:\Users\esthe\Downloads\baby grizzly 14 _\Baby_1405_2_seven.mp4;C:\Users\esthe\Downloads\baby grizzly 14 _\Baby_1405_3_five.mp4;C:\Users\esthe\Downloads\baby grizzly 14 _\Baby_1405_4_five.mp4;C:\Users\esthe\Downloads\baby grizzly 14 _\Baby_1405_5_seven.mp4;C:\Users\esthe\Downloads\baby grizzly 14 _\Baby_1405_6_seven.mp4;C:\Users\esthe\Downloads\baby grizzly 14 _\Baby_1405_7_seven.mp4;C:\Users\esthe\Downloads\baby grizzly 14 _\Baby_1405_8_two.mp4;C:\Users\esthe\Downloads\baby grizzly 14 _\Baby_1405_9_one.mp4,0.0,9.701;4.433;4.267;7.729;13.965;9.531;5.627;5.099;5.562;15.965;11.869;5.499;17.418;8.460;17.460;17.963;11.965,30.000;30.000;30.000;30.000;30.000;30.000;30.000;30.000;30.000;30.000;30.000;30.000;24.000;24.000;24.000;30.000;30.000,Baby_grizzly,target,,,STOP,93.507,C:\Users\esthe\Downloads\baby grizzly 14 _\Baby_1405_3_five.mp4,349,NA,
Baby_1405,2025-06-24 11:48:28.904,,172.403,Media file(s),player #1:C:\Users\esthe\Downloads\baby grizzly 14 _\Baby_1405_10_seven.mp4;C:\Users\esthe\Downloads\baby grizzly 14 _\Baby_1405_11_three.mp4;C:\Users\esthe\Downloads\baby grizzly 14 _\Baby_1405_12_three.mp4;C:\Users\esthe\Downloads\baby grizzly 14 _\Baby_1405_13_five.mp4;C:\Users\esthe\Downloads\baby grizzly 14 _\Baby_1405_14_two.mp4;C:\Users\esthe\Downloads\baby grizzly 14 _\Baby_1405_15_onehalf.mp4;C:\Users\esthe\Downloads\baby grizzly 14 _\Baby_1405_16_seven.mp4;C:\Users\esthe\Downloads\baby grizzly 14 _\Baby_1405_17_seven.mp4;C:\Users\esthe\Downloads\baby grizzly 14 _\Baby_1405_1_three.mp4;C:\Users\esthe\Downloads\baby grizzly 14 _\Baby_1405_2_seven.mp4;C:\Users\esthe\Downloads\baby grizzly 14 _\Baby_1405_3_five.mp4;C:\Users\esthe\Downloads\baby grizzly 14 _\Baby_1405_4_five.mp4;C:\Users\esthe\Downloads\baby grizzly 14 _\Baby_1405_5_seven.mp4;C:\Users\esthe\Downloads\baby grizzly 14 _\Baby_1405_6_seven.mp4;C:\Users\esthe\Downloads\baby grizzly 14 _\Baby_1405_7_seven.mp4;C:\Users\esthe\Downloads\baby grizzly 14 _\Baby_1405_8_two.mp4;C:\Users\esthe\Downloads\baby grizzly 14 _\Baby_1405_9_one.mp4,0.0,9.701;4.433;4.267;7.729;13.965;9.531;5.627;5.099;5.562;15.965;11.869;5.499;17.418;8.460;17.460;17.963;11.965,30.000;30.000;30.000;30.000;30.000;30.000;30.000;30.000;30.000;30.000;30.000;30.000;24.000;24.000;24.000;30.000;30.000,Baby_grizzly,explore,,,START,99.238,C:\Users\esthe\Downloads\baby grizzly 14 _\Baby_1405_4_five.mp4,0,NA,
Baby_1405,2025-06-24 11:48:28.904,,172.403,Media file(s),player #1:C:\Users\esthe\Downloads\baby grizzly 14 _\Baby_1405_10_seven.mp4;C:\Users\esthe\Downloads\baby grizzly 14 _\Baby_1405_11_three.mp4;C:\Users\esthe\Downloads\baby grizzly 14 _\Baby_1405_12_three.mp4;C:\Users\esthe\Downloads\baby grizzly 14 _\Baby_1405_13_five.mp4;C:\Users\esthe\Downloads\baby grizzly 14 _\Baby_1405_14_two.mp4;C:\Users\esthe\Downloads\baby grizzly 14 _\Baby_1405_15_onehalf.mp4;C:\Users\esthe\Downloads\baby grizzly 14 _\Baby_1405_16_seven.mp4;C:\Users\esthe\Downloads\baby grizzly 14 _\Baby_1405_17_seven.mp4;C:\Users\esthe\Downloads\baby grizzly 14 _\Baby_1405_1_three.mp4;C:\Users\esthe\Downloads\baby grizzly 14 _\Baby_1405_2_seven.mp4;C:\Users\esthe\Downloads\baby grizzly 14 _\Baby_1405_3_five.mp4;C:\Users\esthe\Downloads\baby grizzly 14 _\Baby_1405_4_five.mp4;C:\Users\esthe\Downloads\baby grizzly 14 _\Baby_1405_5_seven.mp4;C:\Users\esthe\Downloads\baby grizzly 14 _\Baby_1405_6_seven.mp4;C:\Users\esthe\Downloads\baby grizzly 14 _\Baby_1405_7_seven.mp4;C:\Users\esthe\Downloads\baby grizzly 14 _\Baby_1405_8_two.mp4;C:\Users\esthe\Downloads\baby grizzly 14 _\Baby_1405_9_one.mp4,0.0,9.701;4.433;4.267;7.729;13.965;9.531;5.627;5.099;5.562;15.965;11.869;5.499;17.418;8.460;17.460;17.963;11.965,30.000;30.000;30.000;30.000;30.000;30.000;30.000;30.000;30.000;30.000;30.000;30.000;24.000;24.000;24.000;30.000;30.000,Baby_grizzly,explore,,,STOP,101.656,C:\Users\esthe\Downloads\baby grizzly 14 _\Baby_1405_5_seven.mp4,58,NA,
Baby_1405,2025-06-24 11:48:28.904,,172.403,Media file(s),player #1:C:\Users\esthe\Downloads\baby grizzly 14 _\Baby_1405_10_seven.mp4;C:\Users\esthe\Downloads\baby grizzly 14 _\Baby_1405_11_three.mp4;C:\Users\esthe\Downloads\baby grizzly 14 _\Baby_1405_12_three.mp4;C:\Users\esthe\Downloads\baby grizzly 14 _\Baby_1405_13_five.mp4;C:\Users\esthe\Downloads\baby grizzly 14 _\Baby_1405_14_two.mp4;C:\Users\esthe\Downloads\baby grizzly 14 _\Baby_1405_15_onehalf.mp4;C:\Users\esthe\Downloads\baby grizzly 14 _\Baby_1405_16_seven.mp4;C:\Users\esthe\Downloads\baby grizzly 14 _\Baby_1405_17_seven.mp4;C:\Users\esthe\Downloads\baby grizzly 14 _\Baby_1405_1_three.mp4;C:\Users\esthe\Downloads\baby grizzly 14 _\Baby_1405_2_seven.mp4;C:\Users\esthe\Downloads\baby grizzly 14 _\Baby_1405_3_five.mp4;C:\Users\esthe\Downloads\baby grizzly 14 _\Baby_1405_4_five.mp4;C:\Users\esthe\Downloads\baby grizzly 14 _\Baby_1405_5_seven.mp4;C:\Users\esthe\Downloads\baby grizzly 14 _\Baby_1405_6_seven.mp4;C:\Users\esthe\Downloads\baby grizzly 14 _\Baby_1405_7_seven.mp4;C:\Users\esthe\Downloads\baby grizzly 14 _\Baby_1405_8_two.mp4;C:\Users\esthe\Downloads\baby grizzly 14 _\Baby_1405_9_one.mp4,0.0,9.701;4.433;4.267;7.729;13.965;9.531;5.627;5.099;5.562;15.965;11.869;5.499;17.418;8.460;17.460;17.963;11.965,30.000;30.000;30.000;30.000;30.000;30.000;30.000;30.000;30.000;30.000;30.000;30.000;24.000;24.000;24.000;30.000;30.000,Baby_grizzly,bending,,,START,102.031,C:\Users\esthe\Downloads\baby grizzly 14 _\Baby_1405_5_seven.mp4,67,NA,
Baby_1405,2025-06-24 11:48:28.904,,172.403,Media file(s),player #1:C:\Users\esthe\Downloads\baby grizzly 14 _\Baby_1405_10_seven.mp4;C:\Users\esthe\Downloads\baby grizzly 14 _\Baby_1405_11_three.mp4;C:\Users\esthe\Downloads\baby grizzly 14 _\Baby_1405_12_three.mp4;C:\Users\esthe\Downloads\baby grizzly 14 _\Baby_1405_13_five.mp4;C:\Users\esthe\Downloads\baby grizzly 14 _\Baby_1405_14_two.mp4;C:\Users\esthe\Downloads\baby grizzly 14 _\Baby_1405_15_onehalf.mp4;C:\Users\esthe\Downloads\baby grizzly 14 _\Baby_1405_16_seven.mp4;C:\Users\esthe\Downloads\baby grizzly 14 _\Baby_1405_17_seven.mp4;C:\Users\esthe\Downloads\baby grizzly 14 _\Baby_1405_1_three.mp4;C:\Users\esthe\Downloads\baby grizzly 14 _\Baby_1405_2_seven.mp4;C:\Users\esthe\Downloads\baby grizzly 14 _\Baby_1405_3_five.mp4;C:\Users\esthe\Downloads\baby grizzly 14 _\Baby_1405_4_five.mp4;C:\Users\esthe\Downloads\baby grizzly 14 _\Baby_1405_5_seven.mp4;C:\Users\esthe\Downloads\baby grizzly 14 _\Baby_1405_6_seven.mp4;C:\Users\esthe\Downloads\baby grizzly 14 _\Baby_1405_7_seven.mp4;C:\Users\esthe\Downloads\baby grizzly 14 _\Baby_1405_8_two.mp4;C:\Users\esthe\Downloads\baby grizzly 14 _\Baby_1405_9_one.mp4,0.0,9.701;4.433;4.267;7.729;13.965;9.531;5.627;5.099;5.562;15.965;11.869;5.499;17.418;8.460;17.460;17.963;11.965,30.000;30.000;30.000;30.000;30.000;30.000;30.000;30.000;30.000;30.000;30.000;30.000;24.000;24.000;24.000;30.000;30.000,Baby_grizzly,bending,,,STOP,102.323,C:\Users\esthe\Downloads\baby grizzly 14 _\Baby_1405_5_seven.mp4,74,NA,
Baby_1405,2025-06-24 11:48:28.904,,172.403,Media file(s),player #1:C:\Users\esthe\Downloads\baby grizzly 14 _\Baby_1405_10_seven.mp4;C:\Users\esthe\Downloads\baby grizzly 14 _\Baby_1405_11_three.mp4;C:\Users\esthe\Downloads\baby grizzly 14 _\Baby_1405_12_three.mp4;C:\Users\esthe\Downloads\baby grizzly 14 _\Baby_1405_13_five.mp4;C:\Users\esthe\Downloads\baby grizzly 14 _\Baby_1405_14_two.mp4;C:\Users\esthe\Downloads\baby grizzly 14 _\Baby_1405_15_onehalf.mp4;C:\Users\esthe\Downloads\baby grizzly 14 _\Baby_1405_16_seven.mp4;C:\Users\esthe\Downloads\baby grizzly 14 _\Baby_1405_17_seven.mp4;C:\Users\esthe\Downloads\baby grizzly 14 _\Baby_1405_1_three.mp4;C:\Users\esthe\Downloads\baby grizzly 14 _\Baby_1405_2_seven.mp4;C:\Users\esthe\Downloads\baby grizzly 14 _\Baby_1405_3_five.mp4;C:\Users\esthe\Downloads\baby grizzly 14 _\Baby_1405_4_five.mp4;C:\Users\esthe\Downloads\baby grizzly 14 _\Baby_1405_5_seven.mp4;C:\Users\esthe\Downloads\baby grizzly 14 _\Baby_1405_6_seven.mp4;C:\Users\esthe\Downloads\baby grizzly 14 _\Baby_1405_7_seven.mp4;C:\Users\esthe\Downloads\baby grizzly 14 _\Baby_1405_8_two.mp4;C:\Users\esthe\Downloads\baby grizzly 14 _\Baby_1405_9_one.mp4,0.0,9.701;4.433;4.267;7.729;13.965;9.531;5.627;5.099;5.562;15.965;11.869;5.499;17.418;8.460;17.460;17.963;11.965,30.000;30.000;30.000;30.000;30.000;30.000;30.000;30.000;30.000;30.000;30.000;30.000;24.000;24.000;24.000;30.000;30.000,Baby_grizzly,grabbing peanut,,,POINT,102.323,C:\Users\esthe\Downloads\baby grizzly 14 _\Baby_1405_5_seven.mp4,74,NA,
Baby_1405,2025-06-24 11:48:28.904,,172.403,Media file(s),player #1:C:\Users\esthe\Downloads\baby grizzly 14 _\Baby_1405_10_seven.mp4;C:\Users\esthe\Downloads\baby grizzly 14 _\Baby_1405_11_three.mp4;C:\Users\esthe\Downloads\baby grizzly 14 _\Baby_1405_12_three.mp4;C:\Users\esthe\Downloads\baby grizzly 14 _\Baby_1405_13_five.mp4;C:\Users\esthe\Downloads\baby grizzly 14 _\Baby_1405_14_two.mp4;C:\Users\esthe\Downloads\baby grizzly 14 _\Baby_1405_15_onehalf.mp4;C:\Users\esthe\Downloads\baby grizzly 14 _\Baby_1405_16_seven.mp4;C:\Users\esthe\Downloads\baby grizzly 14 _\Baby_1405_17_seven.mp4;C:\Users\esthe\Downloads\baby grizzly 14 _\Baby_1405_1_three.mp4;C:\Users\esthe\Downloads\baby grizzly 14 _\Baby_1405_2_seven.mp4;C:\Users\esthe\Downloads\baby grizzly 14 _\Baby_1405_3_five.mp4;C:\Users\esthe\Downloads\baby grizzly 14 _\Baby_1405_4_five.mp4;C:\Users\esthe\Downloads\baby grizzly 14 _\Baby_1405_5_seven.mp4;C:\Users\esthe\Downloads\baby grizzly 14 _\Baby_1405_6_seven.mp4;C:\Users\esthe\Downloads\baby grizzly 14 _\Baby_1405_7_seven.mp4;C:\Users\esthe\Downloads\baby grizzly 14 _\Baby_1405_8_two.mp4;C:\Users\esthe\Downloads\baby grizzly 14 _\Baby_1405_9_one.mp4,0.0,9.701;4.433;4.267;7.729;13.965;9.531;5.627;5.099;5.562;15.965;11.869;5.499;17.418;8.460;17.460;17.963;11.965,30.000;30.000;30.000;30.000;30.000;30.000;30.000;30.000;30.000;30.000;30.000;30.000;24.000;24.000;24.000;30.000;30.000,Baby_grizzly,lifting,,,START,102.364,C:\Users\esthe\Downloads\baby grizzly 14 _\Baby_1405_5_seven.mp4,75,NA,
Baby_1405,2025-06-24 11:48:28.904,,172.403,Media file(s),player #1:C:\Users\esthe\Downloads\baby grizzly 14 _\Baby_1405_10_seven.mp4;C:\Users\esthe\Downloads\baby grizzly 14 _\Baby_1405_11_three.mp4;C:\Users\esthe\Downloads\baby grizzly 14 _\Baby_1405_12_three.mp4;C:\Users\esthe\Downloads\baby grizzly 14 _\Baby_1405_13_five.mp4;C:\Users\esthe\Downloads\baby grizzly 14 _\Baby_1405_14_two.mp4;C:\Users\esthe\Downloads\baby grizzly 14 _\Baby_1405_15_onehalf.mp4;C:\Users\esthe\Downloads\baby grizzly 14 _\Baby_1405_16_seven.mp4;C:\Users\esthe\Downloads\baby grizzly 14 _\Baby_1405_17_seven.mp4;C:\Users\esthe\Downloads\baby grizzly 14 _\Baby_1405_1_three.mp4;C:\Users\esthe\Downloads\baby grizzly 14 _\Baby_1405_2_seven.mp4;C:\Users\esthe\Downloads\baby grizzly 14 _\Baby_1405_3_five.mp4;C:\Users\esthe\Downloads\baby grizzly 14 _\Baby_1405_4_five.mp4;C:\Users\esthe\Downloads\baby grizzly 14 _\Baby_1405_5_seven.mp4;C:\Users\esthe\Downloads\baby grizzly 14 _\Baby_1405_6_seven.mp4;C:\Users\esthe\Downloads\baby grizzly 14 _\Baby_1405_7_seven.mp4;C:\Users\esthe\Downloads\baby grizzly 14 _\Baby_1405_8_two.mp4;C:\Users\esthe\Downloads\baby grizzly 14 _\Baby_1405_9_one.mp4,0.0,9.701;4.433;4.267;7.729;13.965;9.531;5.627;5.099;5.562;15.965;11.869;5.499;17.418;8.460;17.460;17.963;11.965,30.000;30.000;30.000;30.000;30.000;30.000;30.000;30.000;30.000;30.000;30.000;30.000;24.000;24.000;24.000;30.000;30.000,Baby_grizzly,lifting,,,STOP,102.698,C:\Users\esthe\Downloads\baby grizzly 14 _\Baby_1405_5_seven.mp4,83,NA,
Baby_1405,2025-06-24 11:48:28.904,,172.403,Media file(s),player #1:C:\Users\esthe\Downloads\baby grizzly 14 _\Baby_1405_10_seven.mp4;C:\Users\esthe\Downloads\baby grizzly 14 _\Baby_1405_11_three.mp4;C:\Users\esthe\Downloads\baby grizzly 14 _\Baby_1405_12_three.mp4;C:\Users\esthe\Downloads\baby grizzly 14 _\Baby_1405_13_five.mp4;C:\Users\esthe\Downloads\baby grizzly 14 _\Baby_1405_14_two.mp4;C:\Users\esthe\Downloads\baby grizzly 14 _\Baby_1405_15_onehalf.mp4;C:\Users\esthe\Downloads\baby grizzly 14 _\Baby_1405_16_seven.mp4;C:\Users\esthe\Downloads\baby grizzly 14 _\Baby_1405_17_seven.mp4;C:\Users\esthe\Downloads\baby grizzly 14 _\Baby_1405_1_three.mp4;C:\Users\esthe\Downloads\baby grizzly 14 _\Baby_1405_2_seven.mp4;C:\Users\esthe\Downloads\baby grizzly 14 _\Baby_1405_3_five.mp4;C:\Users\esthe\Downloads\baby grizzly 14 _\Baby_1405_4_five.mp4;C:\Users\esthe\Downloads\baby grizzly 14 _\Baby_1405_5_seven.mp4;C:\Users\esthe\Downloads\baby grizzly 14 _\Baby_1405_6_seven.mp4;C:\Users\esthe\Downloads\baby grizzly 14 _\Baby_1405_7_seven.mp4;C:\Users\esthe\Downloads\baby grizzly 14 _\Baby_1405_8_two.mp4;C:\Users\esthe\Downloads\baby grizzly 14 _\Baby_1405_9_one.mp4,0.0,9.701;4.433;4.267;7.729;13.965;9.531;5.627;5.099;5.562;15.965;11.869;5.499;17.418;8.460;17.460;17.963;11.965,30.000;30.000;30.000;30.000;30.000;30.000;30.000;30.000;30.000;30.000;30.000;30.000;24.000;24.000;24.000;30.000;30.000,Baby_grizzly,assessing,,,START,102.823,C:\Users\esthe\Downloads\baby grizzly 14 _\Baby_1405_5_seven.mp4,86,NA,
Baby_1405,2025-06-24 11:48:28.904,,172.403,Media file(s),player #1:C:\Users\esthe\Downloads\baby grizzly 14 _\Baby_1405_10_seven.mp4;C:\Users\esthe\Downloads\baby grizzly 14 _\Baby_1405_11_three.mp4;C:\Users\esthe\Downloads\baby grizzly 14 _\Baby_1405_12_three.mp4;C:\Users\esthe\Downloads\baby grizzly 14 _\Baby_1405_13_five.mp4;C:\Users\esthe\Downloads\baby grizzly 14 _\Baby_1405_14_two.mp4;C:\Users\esthe\Downloads\baby grizzly 14 _\Baby_1405_15_onehalf.mp4;C:\Users\esthe\Downloads\baby grizzly 14 _\Baby_1405_16_seven.mp4;C:\Users\esthe\Downloads\baby grizzly 14 _\Baby_1405_17_seven.mp4;C:\Users\esthe\Downloads\baby grizzly 14 _\Baby_1405_1_three.mp4;C:\Users\esthe\Downloads\baby grizzly 14 _\Baby_1405_2_seven.mp4;C:\Users\esthe\Downloads\baby grizzly 14 _\Baby_1405_3_five.mp4;C:\Users\esthe\Downloads\baby grizzly 14 _\Baby_1405_4_five.mp4;C:\Users\esthe\Downloads\baby grizzly 14 _\Baby_1405_5_seven.mp4;C:\Users\esthe\Downloads\baby grizzly 14 _\Baby_1405_6_seven.mp4;C:\Users\esthe\Downloads\baby grizzly 14 _\Baby_1405_7_seven.mp4;C:\Users\esthe\Downloads\baby grizzly 14 _\Baby_1405_8_two.mp4;C:\Users\esthe\Downloads\baby grizzly 14 _\Baby_1405_9_one.mp4,0.0,9.701;4.433;4.267;7.729;13.965;9.531;5.627;5.099;5.562;15.965;11.869;5.499;17.418;8.460;17.460;17.963;11.965,30.000;30.000;30.000;30.000;30.000;30.000;30.000;30.000;30.000;30.000;30.000;30.000;24.000;24.000;24.000;30.000;30.000,Baby_grizzly,rotation,,Yaw,START,102.864,C:\Users\esthe\Downloads\baby grizzly 14 _\Baby_1405_5_seven.mp4,87,NA,
Baby_1405,2025-06-24 11:48:28.904,,172.403,Media file(s),player #1:C:\Users\esthe\Downloads\baby grizzly 14 _\Baby_1405_10_seven.mp4;C:\Users\esthe\Downloads\baby grizzly 14 _\Baby_1405_11_three.mp4;C:\Users\esthe\Downloads\baby grizzly 14 _\Baby_1405_12_three.mp4;C:\Users\esthe\Downloads\baby grizzly 14 _\Baby_1405_13_five.mp4;C:\Users\esthe\Downloads\baby grizzly 14 _\Baby_1405_14_two.mp4;C:\Users\esthe\Downloads\baby grizzly 14 _\Baby_1405_15_onehalf.mp4;C:\Users\esthe\Downloads\baby grizzly 14 _\Baby_1405_16_seven.mp4;C:\Users\esthe\Downloads\baby grizzly 14 _\Baby_1405_17_seven.mp4;C:\Users\esthe\Downloads\baby grizzly 14 _\Baby_1405_1_three.mp4;C:\Users\esthe\Downloads\baby grizzly 14 _\Baby_1405_2_seven.mp4;C:\Users\esthe\Downloads\baby grizzly 14 _\Baby_1405_3_five.mp4;C:\Users\esthe\Downloads\baby grizzly 14 _\Baby_1405_4_five.mp4;C:\Users\esthe\Downloads\baby grizzly 14 _\Baby_1405_5_seven.mp4;C:\Users\esthe\Downloads\baby grizzly 14 _\Baby_1405_6_seven.mp4;C:\Users\esthe\Downloads\baby grizzly 14 _\Baby_1405_7_seven.mp4;C:\Users\esthe\Downloads\baby grizzly 14 _\Baby_1405_8_two.mp4;C:\Users\esthe\Downloads\baby grizzly 14 _\Baby_1405_9_one.mp4,0.0,9.701;4.433;4.267;7.729;13.965;9.531;5.627;5.099;5.562;15.965;11.869;5.499;17.418;8.460;17.460;17.963;11.965,30.000;30.000;30.000;30.000;30.000;30.000;30.000;30.000;30.000;30.000;30.000;30.000;24.000;24.000;24.000;30.000;30.000,Baby_grizzly,jaw movement,,,POINT,103.073,C:\Users\esthe\Downloads\baby grizzly 14 _\Baby_1405_5_seven.mp4,92,NA,
Baby_1405,2025-06-24 11:48:28.904,,172.403,Media file(s),player #1:C:\Users\esthe\Downloads\baby grizzly 14 _\Baby_1405_10_seven.mp4;C:\Users\esthe\Downloads\baby grizzly 14 _\Baby_1405_11_three.mp4;C:\Users\esthe\Downloads\baby grizzly 14 _\Baby_1405_12_three.mp4;C:\Users\esthe\Downloads\baby grizzly 14 _\Baby_1405_13_five.mp4;C:\Users\esthe\Downloads\baby grizzly 14 _\Baby_1405_14_two.mp4;C:\Users\esthe\Downloads\baby grizzly 14 _\Baby_1405_15_onehalf.mp4;C:\Users\esthe\Downloads\baby grizzly 14 _\Baby_1405_16_seven.mp4;C:\Users\esthe\Downloads\baby grizzly 14 _\Baby_1405_17_seven.mp4;C:\Users\esthe\Downloads\baby grizzly 14 _\Baby_1405_1_three.mp4;C:\Users\esthe\Downloads\baby grizzly 14 _\Baby_1405_2_seven.mp4;C:\Users\esthe\Downloads\baby grizzly 14 _\Baby_1405_3_five.mp4;C:\Users\esthe\Downloads\baby grizzly 14 _\Baby_1405_4_five.mp4;C:\Users\esthe\Downloads\baby grizzly 14 _\Baby_1405_5_seven.mp4;C:\Users\esthe\Downloads\baby grizzly 14 _\Baby_1405_6_seven.mp4;C:\Users\esthe\Downloads\baby grizzly 14 _\Baby_1405_7_seven.mp4;C:\Users\esthe\Downloads\baby grizzly 14 _\Baby_1405_8_two.mp4;C:\Users\esthe\Downloads\baby grizzly 14 _\Baby_1405_9_one.mp4,0.0,9.701;4.433;4.267;7.729;13.965;9.531;5.627;5.099;5.562;15.965;11.869;5.499;17.418;8.460;17.460;17.963;11.965,30.000;30.000;30.000;30.000;30.000;30.000;30.000;30.000;30.000;30.000;30.000;30.000;24.000;24.000;24.000;30.000;30.000,Baby_grizzly,jaw movement,,,POINT,103.323,C:\Users\esthe\Downloads\baby grizzly 14 _\Baby_1405_5_seven.mp4,98,NA,
Baby_1405,2025-06-24 11:48:28.904,,172.403,Media file(s),player #1:C:\Users\esthe\Downloads\baby grizzly 14 _\Baby_1405_10_seven.mp4;C:\Users\esthe\Downloads\baby grizzly 14 _\Baby_1405_11_three.mp4;C:\Users\esthe\Downloads\baby grizzly 14 _\Baby_1405_12_three.mp4;C:\Users\esthe\Downloads\baby grizzly 14 _\Baby_1405_13_five.mp4;C:\Users\esthe\Downloads\baby grizzly 14 _\Baby_1405_14_two.mp4;C:\Users\esthe\Downloads\baby grizzly 14 _\Baby_1405_15_onehalf.mp4;C:\Users\esthe\Downloads\baby grizzly 14 _\Baby_1405_16_seven.mp4;C:\Users\esthe\Downloads\baby grizzly 14 _\Baby_1405_17_seven.mp4;C:\Users\esthe\Downloads\baby grizzly 14 _\Baby_1405_1_three.mp4;C:\Users\esthe\Downloads\baby grizzly 14 _\Baby_1405_2_seven.mp4;C:\Users\esthe\Downloads\baby grizzly 14 _\Baby_1405_3_five.mp4;C:\Users\esthe\Downloads\baby grizzly 14 _\Baby_1405_4_five.mp4;C:\Users\esthe\Downloads\baby grizzly 14 _\Baby_1405_5_seven.mp4;C:\Users\esthe\Downloads\baby grizzly 14 _\Baby_1405_6_seven.mp4;C:\Users\esthe\Downloads\baby grizzly 14 _\Baby_1405_7_seven.mp4;C:\Users\esthe\Downloads\baby grizzly 14 _\Baby_1405_8_two.mp4;C:\Users\esthe\Downloads\baby grizzly 14 _\Baby_1405_9_one.mp4,0.0,9.701;4.433;4.267;7.729;13.965;9.531;5.627;5.099;5.562;15.965;11.869;5.499;17.418;8.460;17.460;17.963;11.965,30.000;30.000;30.000;30.000;30.000;30.000;30.000;30.000;30.000;30.000;30.000;30.000;24.000;24.000;24.000;30.000;30.000,Baby_grizzly,jaw movement,,,POINT,103.531,C:\Users\esthe\Downloads\baby grizzly 14 _\Baby_1405_5_seven.mp4,103,NA,
Baby_1405,2025-06-24 11:48:28.904,,172.403,Media file(s),player #1:C:\Users\esthe\Downloads\baby grizzly 14 _\Baby_1405_10_seven.mp4;C:\Users\esthe\Downloads\baby grizzly 14 _\Baby_1405_11_three.mp4;C:\Users\esthe\Downloads\baby grizzly 14 _\Baby_1405_12_three.mp4;C:\Users\esthe\Downloads\baby grizzly 14 _\Baby_1405_13_five.mp4;C:\Users\esthe\Downloads\baby grizzly 14 _\Baby_1405_14_two.mp4;C:\Users\esthe\Downloads\baby grizzly 14 _\Baby_1405_15_onehalf.mp4;C:\Users\esthe\Downloads\baby grizzly 14 _\Baby_1405_16_seven.mp4;C:\Users\esthe\Downloads\baby grizzly 14 _\Baby_1405_17_seven.mp4;C:\Users\esthe\Downloads\baby grizzly 14 _\Baby_1405_1_three.mp4;C:\Users\esthe\Downloads\baby grizzly 14 _\Baby_1405_2_seven.mp4;C:\Users\esthe\Downloads\baby grizzly 14 _\Baby_1405_3_five.mp4;C:\Users\esthe\Downloads\baby grizzly 14 _\Baby_1405_4_five.mp4;C:\Users\esthe\Downloads\baby grizzly 14 _\Baby_1405_5_seven.mp4;C:\Users\esthe\Downloads\baby grizzly 14 _\Baby_1405_6_seven.mp4;C:\Users\esthe\Downloads\baby grizzly 14 _\Baby_1405_7_seven.mp4;C:\Users\esthe\Downloads\baby grizzly 14 _\Baby_1405_8_two.mp4;C:\Users\esthe\Downloads\baby grizzly 14 _\Baby_1405_9_one.mp4,0.0,9.701;4.433;4.267;7.729;13.965;9.531;5.627;5.099;5.562;15.965;11.869;5.499;17.418;8.460;17.460;17.963;11.965,30.000;30.000;30.000;30.000;30.000;30.000;30.000;30.000;30.000;30.000;30.000;30.000;24.000;24.000;24.000;30.000;30.000,Baby_grizzly,sniffing,,,POINT,103.614,C:\Users\esthe\Downloads\baby grizzly 14 _\Baby_1405_5_seven.mp4,105,NA,
Baby_1405,2025-06-24 11:48:28.904,,172.403,Media file(s),player #1:C:\Users\esthe\Downloads\baby grizzly 14 _\Baby_1405_10_seven.mp4;C:\Users\esthe\Downloads\baby grizzly 14 _\Baby_1405_11_three.mp4;C:\Users\esthe\Downloads\baby grizzly 14 _\Baby_1405_12_three.mp4;C:\Users\esthe\Downloads\baby grizzly 14 _\Baby_1405_13_five.mp4;C:\Users\esthe\Downloads\baby grizzly 14 _\Baby_1405_14_two.mp4;C:\Users\esthe\Downloads\baby grizzly 14 _\Baby_1405_15_onehalf.mp4;C:\Users\esthe\Downloads\baby grizzly 14 _\Baby_1405_16_seven.mp4;C:\Users\esthe\Downloads\baby grizzly 14 _\Baby_1405_17_seven.mp4;C:\Users\esthe\Downloads\baby grizzly 14 _\Baby_1405_1_three.mp4;C:\Users\esthe\Downloads\baby grizzly 14 _\Baby_1405_2_seven.mp4;C:\Users\esthe\Downloads\baby grizzly 14 _\Baby_1405_3_five.mp4;C:\Users\esthe\Downloads\baby grizzly 14 _\Baby_1405_4_five.mp4;C:\Users\esthe\Downloads\baby grizzly 14 _\Baby_1405_5_seven.mp4;C:\Users\esthe\Downloads\baby grizzly 14 _\Baby_1405_6_seven.mp4;C:\Users\esthe\Downloads\baby grizzly 14 _\Baby_1405_7_seven.mp4;C:\Users\esthe\Downloads\baby grizzly 14 _\Baby_1405_8_two.mp4;C:\Users\esthe\Downloads\baby grizzly 14 _\Baby_1405_9_one.mp4,0.0,9.701;4.433;4.267;7.729;13.965;9.531;5.627;5.099;5.562;15.965;11.869;5.499;17.418;8.460;17.460;17.963;11.965,30.000;30.000;30.000;30.000;30.000;30.000;30.000;30.000;30.000;30.000;30.000;30.000;24.000;24.000;24.000;30.000;30.000,Baby_grizzly,jaw movement,,,POINT,103.781,C:\Users\esthe\Downloads\baby grizzly 14 _\Baby_1405_5_seven.mp4,109,NA,
Baby_1405,2025-06-24 11:48:28.904,,172.403,Media file(s),player #1:C:\Users\esthe\Downloads\baby grizzly 14 _\Baby_1405_10_seven.mp4;C:\Users\esthe\Downloads\baby grizzly 14 _\Baby_1405_11_three.mp4;C:\Users\esthe\Downloads\baby grizzly 14 _\Baby_1405_12_three.mp4;C:\Users\esthe\Downloads\baby grizzly 14 _\Baby_1405_13_five.mp4;C:\Users\esthe\Downloads\baby grizzly 14 _\Baby_1405_14_two.mp4;C:\Users\esthe\Downloads\baby grizzly 14 _\Baby_1405_15_onehalf.mp4;C:\Users\esthe\Downloads\baby grizzly 14 _\Baby_1405_16_seven.mp4;C:\Users\esthe\Downloads\baby grizzly 14 _\Baby_1405_17_seven.mp4;C:\Users\esthe\Downloads\baby grizzly 14 _\Baby_1405_1_three.mp4;C:\Users\esthe\Downloads\baby grizzly 14 _\Baby_1405_2_seven.mp4;C:\Users\esthe\Downloads\baby grizzly 14 _\Baby_1405_3_five.mp4;C:\Users\esthe\Downloads\baby grizzly 14 _\Baby_1405_4_five.mp4;C:\Users\esthe\Downloads\baby grizzly 14 _\Baby_1405_5_seven.mp4;C:\Users\esthe\Downloads\baby grizzly 14 _\Baby_1405_6_seven.mp4;C:\Users\esthe\Downloads\baby grizzly 14 _\Baby_1405_7_seven.mp4;C:\Users\esthe\Downloads\baby grizzly 14 _\Baby_1405_8_two.mp4;C:\Users\esthe\Downloads\baby grizzly 14 _\Baby_1405_9_one.mp4,0.0,9.701;4.433;4.267;7.729;13.965;9.531;5.627;5.099;5.562;15.965;11.869;5.499;17.418;8.460;17.460;17.963;11.965,30.000;30.000;30.000;30.000;30.000;30.000;30.000;30.000;30.000;30.000;30.000;30.000;24.000;24.000;24.000;30.000;30.000,Baby_grizzly,rotation,,Yaw,STOP,103.948,C:\Users\esthe\Downloads\baby grizzly 14 _\Baby_1405_5_seven.mp4,113,NA,
Baby_1405,2025-06-24 11:48:28.904,,172.403,Media file(s),player #1:C:\Users\esthe\Downloads\baby grizzly 14 _\Baby_1405_10_seven.mp4;C:\Users\esthe\Downloads\baby grizzly 14 _\Baby_1405_11_three.mp4;C:\Users\esthe\Downloads\baby grizzly 14 _\Baby_1405_12_three.mp4;C:\Users\esthe\Downloads\baby grizzly 14 _\Baby_1405_13_five.mp4;C:\Users\esthe\Downloads\baby grizzly 14 _\Baby_1405_14_two.mp4;C:\Users\esthe\Downloads\baby grizzly 14 _\Baby_1405_15_onehalf.mp4;C:\Users\esthe\Downloads\baby grizzly 14 _\Baby_1405_16_seven.mp4;C:\Users\esthe\Downloads\baby grizzly 14 _\Baby_1405_17_seven.mp4;C:\Users\esthe\Downloads\baby grizzly 14 _\Baby_1405_1_three.mp4;C:\Users\esthe\Downloads\baby grizzly 14 _\Baby_1405_2_seven.mp4;C:\Users\esthe\Downloads\baby grizzly 14 _\Baby_1405_3_five.mp4;C:\Users\esthe\Downloads\baby grizzly 14 _\Baby_1405_4_five.mp4;C:\Users\esthe\Downloads\baby grizzly 14 _\Baby_1405_5_seven.mp4;C:\Users\esthe\Downloads\baby grizzly 14 _\Baby_1405_6_seven.mp4;C:\Users\esthe\Downloads\baby grizzly 14 _\Baby_1405_7_seven.mp4;C:\Users\esthe\Downloads\baby grizzly 14 _\Baby_1405_8_two.mp4;C:\Users\esthe\Downloads\baby grizzly 14 _\Baby_1405_9_one.mp4,0.0,9.701;4.433;4.267;7.729;13.965;9.531;5.627;5.099;5.562;15.965;11.869;5.499;17.418;8.460;17.460;17.963;11.965,30.000;30.000;30.000;30.000;30.000;30.000;30.000;30.000;30.000;30.000;30.000;30.000;24.000;24.000;24.000;30.000;30.000,Baby_grizzly,mouth,,,POINT,103.989,C:\Users\esthe\Downloads\baby grizzly 14 _\Baby_1405_5_seven.mp4,114,NA,
Baby_1405,2025-06-24 11:48:28.904,,172.403,Media file(s),player #1:C:\Users\esthe\Downloads\baby grizzly 14 _\Baby_1405_10_seven.mp4;C:\Users\esthe\Downloads\baby grizzly 14 _\Baby_1405_11_three.mp4;C:\Users\esthe\Downloads\baby grizzly 14 _\Baby_1405_12_three.mp4;C:\Users\esthe\Downloads\baby grizzly 14 _\Baby_1405_13_five.mp4;C:\Users\esthe\Downloads\baby grizzly 14 _\Baby_1405_14_two.mp4;C:\Users\esthe\Downloads\baby grizzly 14 _\Baby_1405_15_onehalf.mp4;C:\Users\esthe\Downloads\baby grizzly 14 _\Baby_1405_16_seven.mp4;C:\Users\esthe\Downloads\baby grizzly 14 _\Baby_1405_17_seven.mp4;C:\Users\esthe\Downloads\baby grizzly 14 _\Baby_1405_1_three.mp4;C:\Users\esthe\Downloads\baby grizzly 14 _\Baby_1405_2_seven.mp4;C:\Users\esthe\Downloads\baby grizzly 14 _\Baby_1405_3_five.mp4;C:\Users\esthe\Downloads\baby grizzly 14 _\Baby_1405_4_five.mp4;C:\Users\esthe\Downloads\baby grizzly 14 _\Baby_1405_5_seven.mp4;C:\Users\esthe\Downloads\baby grizzly 14 _\Baby_1405_6_seven.mp4;C:\Users\esthe\Downloads\baby grizzly 14 _\Baby_1405_7_seven.mp4;C:\Users\esthe\Downloads\baby grizzly 14 _\Baby_1405_8_two.mp4;C:\Users\esthe\Downloads\baby grizzly 14 _\Baby_1405_9_one.mp4,0.0,9.701;4.433;4.267;7.729;13.965;9.531;5.627;5.099;5.562;15.965;11.869;5.499;17.418;8.460;17.460;17.963;11.965,30.000;30.000;30.000;30.000;30.000;30.000;30.000;30.000;30.000;30.000;30.000;30.000;24.000;24.000;24.000;30.000;30.000,Baby_grizzly,assessing,,,STOP,104.198,C:\Users\esthe\Downloads\baby grizzly 14 _\Baby_1405_5_seven.mp4,119,NA,
Baby_1405,2025-06-24 11:48:28.904,,172.403,Media file(s),player #1:C:\Users\esthe\Downloads\baby grizzly 14 _\Baby_1405_10_seven.mp4;C:\Users\esthe\Downloads\baby grizzly 14 _\Baby_1405_11_three.mp4;C:\Users\esthe\Downloads\baby grizzly 14 _\Baby_1405_12_three.mp4;C:\Users\esthe\Downloads\baby grizzly 14 _\Baby_1405_13_five.mp4;C:\Users\esthe\Downloads\baby grizzly 14 _\Baby_1405_14_two.mp4;C:\Users\esthe\Downloads\baby grizzly 14 _\Baby_1405_15_onehalf.mp4;C:\Users\esthe\Downloads\baby grizzly 14 _\Baby_1405_16_seven.mp4;C:\Users\esthe\Downloads\baby grizzly 14 _\Baby_1405_17_seven.mp4;C:\Users\esthe\Downloads\baby grizzly 14 _\Baby_1405_1_three.mp4;C:\Users\esthe\Downloads\baby grizzly 14 _\Baby_1405_2_seven.mp4;C:\Users\esthe\Downloads\baby grizzly 14 _\Baby_1405_3_five.mp4;C:\Users\esthe\Downloads\baby grizzly 14 _\Baby_1405_4_five.mp4;C:\Users\esthe\Downloads\baby grizzly 14 _\Baby_1405_5_seven.mp4;C:\Users\esthe\Downloads\baby grizzly 14 _\Baby_1405_6_seven.mp4;C:\Users\esthe\Downloads\baby grizzly 14 _\Baby_1405_7_seven.mp4;C:\Users\esthe\Downloads\baby grizzly 14 _\Baby_1405_8_two.mp4;C:\Users\esthe\Downloads\baby grizzly 14 _\Baby_1405_9_one.mp4,0.0,9.701;4.433;4.267;7.729;13.965;9.531;5.627;5.099;5.562;15.965;11.869;5.499;17.418;8.460;17.460;17.963;11.965,30.000;30.000;30.000;30.000;30.000;30.000;30.000;30.000;30.000;30.000;30.000;30.000;24.000;24.000;24.000;30.000;30.000,Baby_grizzly,target,,,START,104.781,C:\Users\esthe\Downloads\baby grizzly 14 _\Baby_1405_5_seven.mp4,133,NA,
Baby_1405,2025-06-24 11:48:28.904,,172.403,Media file(s),player #1:C:\Users\esthe\Downloads\baby grizzly 14 _\Baby_1405_10_seven.mp4;C:\Users\esthe\Downloads\baby grizzly 14 _\Baby_1405_11_three.mp4;C:\Users\esthe\Downloads\baby grizzly 14 _\Baby_1405_12_three.mp4;C:\Users\esthe\Downloads\baby grizzly 14 _\Baby_1405_13_five.mp4;C:\Users\esthe\Downloads\baby grizzly 14 _\Baby_1405_14_two.mp4;C:\Users\esthe\Downloads\baby grizzly 14 _\Baby_1405_15_onehalf.mp4;C:\Users\esthe\Downloads\baby grizzly 14 _\Baby_1405_16_seven.mp4;C:\Users\esthe\Downloads\baby grizzly 14 _\Baby_1405_17_seven.mp4;C:\Users\esthe\Downloads\baby grizzly 14 _\Baby_1405_1_three.mp4;C:\Users\esthe\Downloads\baby grizzly 14 _\Baby_1405_2_seven.mp4;C:\Users\esthe\Downloads\baby grizzly 14 _\Baby_1405_3_five.mp4;C:\Users\esthe\Downloads\baby grizzly 14 _\Baby_1405_4_five.mp4;C:\Users\esthe\Downloads\baby grizzly 14 _\Baby_1405_5_seven.mp4;C:\Users\esthe\Downloads\baby grizzly 14 _\Baby_1405_6_seven.mp4;C:\Users\esthe\Downloads\baby grizzly 14 _\Baby_1405_7_seven.mp4;C:\Users\esthe\Downloads\baby grizzly 14 _\Baby_1405_8_two.mp4;C:\Users\esthe\Downloads\baby grizzly 14 _\Baby_1405_9_one.mp4,0.0,9.701;4.433;4.267;7.729;13.965;9.531;5.627;5.099;5.562;15.965;11.869;5.499;17.418;8.460;17.460;17.963;11.965,30.000;30.000;30.000;30.000;30.000;30.000;30.000;30.000;30.000;30.000;30.000;30.000;24.000;24.000;24.000;30.000;30.000,Baby_grizzly,target,,,STOP,106.823,C:\Users\esthe\Downloads\baby grizzly 14 _\Baby_1405_5_seven.mp4,182,NA,
Baby_1405,2025-06-24 11:48:28.904,,172.403,Media file(s),player #1:C:\Users\esthe\Downloads\baby grizzly 14 _\Baby_1405_10_seven.mp4;C:\Users\esthe\Downloads\baby grizzly 14 _\Baby_1405_11_three.mp4;C:\Users\esthe\Downloads\baby grizzly 14 _\Baby_1405_12_three.mp4;C:\Users\esthe\Downloads\baby grizzly 14 _\Baby_1405_13_five.mp4;C:\Users\esthe\Downloads\baby grizzly 14 _\Baby_1405_14_two.mp4;C:\Users\esthe\Downloads\baby grizzly 14 _\Baby_1405_15_onehalf.mp4;C:\Users\esthe\Downloads\baby grizzly 14 _\Baby_1405_16_seven.mp4;C:\Users\esthe\Downloads\baby grizzly 14 _\Baby_1405_17_seven.mp4;C:\Users\esthe\Downloads\baby grizzly 14 _\Baby_1405_1_three.mp4;C:\Users\esthe\Downloads\baby grizzly 14 _\Baby_1405_2_seven.mp4;C:\Users\esthe\Downloads\baby grizzly 14 _\Baby_1405_3_five.mp4;C:\Users\esthe\Downloads\baby grizzly 14 _\Baby_1405_4_five.mp4;C:\Users\esthe\Downloads\baby grizzly 14 _\Baby_1405_5_seven.mp4;C:\Users\esthe\Downloads\baby grizzly 14 _\Baby_1405_6_seven.mp4;C:\Users\esthe\Downloads\baby grizzly 14 _\Baby_1405_7_seven.mp4;C:\Users\esthe\Downloads\baby grizzly 14 _\Baby_1405_8_two.mp4;C:\Users\esthe\Downloads\baby grizzly 14 _\Baby_1405_9_one.mp4,0.0,9.701;4.433;4.267;7.729;13.965;9.531;5.627;5.099;5.562;15.965;11.869;5.499;17.418;8.460;17.460;17.963;11.965,30.000;30.000;30.000;30.000;30.000;30.000;30.000;30.000;30.000;30.000;30.000;30.000;24.000;24.000;24.000;30.000;30.000,Baby_grizzly,assessing,,,START,107.573,C:\Users\esthe\Downloads\baby grizzly 14 _\Baby_1405_5_seven.mp4,200,NA,
Baby_1405,2025-06-24 11:48:28.904,,172.403,Media file(s),player #1:C:\Users\esthe\Downloads\baby grizzly 14 _\Baby_1405_10_seven.mp4;C:\Users\esthe\Downloads\baby grizzly 14 _\Baby_1405_11_three.mp4;C:\Users\esthe\Downloads\baby grizzly 14 _\Baby_1405_12_three.mp4;C:\Users\esthe\Downloads\baby grizzly 14 _\Baby_1405_13_five.mp4;C:\Users\esthe\Downloads\baby grizzly 14 _\Baby_1405_14_two.mp4;C:\Users\esthe\Downloads\baby grizzly 14 _\Baby_1405_15_onehalf.mp4;C:\Users\esthe\Downloads\baby grizzly 14 _\Baby_1405_16_seven.mp4;C:\Users\esthe\Downloads\baby grizzly 14 _\Baby_1405_17_seven.mp4;C:\Users\esthe\Downloads\baby grizzly 14 _\Baby_1405_1_three.mp4;C:\Users\esthe\Downloads\baby grizzly 14 _\Baby_1405_2_seven.mp4;C:\Users\esthe\Downloads\baby grizzly 14 _\Baby_1405_3_five.mp4;C:\Users\esthe\Downloads\baby grizzly 14 _\Baby_1405_4_five.mp4;C:\Users\esthe\Downloads\baby grizzly 14 _\Baby_1405_5_seven.mp4;C:\Users\esthe\Downloads\baby grizzly 14 _\Baby_1405_6_seven.mp4;C:\Users\esthe\Downloads\baby grizzly 14 _\Baby_1405_7_seven.mp4;C:\Users\esthe\Downloads\baby grizzly 14 _\Baby_1405_8_two.mp4;C:\Users\esthe\Downloads\baby grizzly 14 _\Baby_1405_9_one.mp4,0.0,9.701;4.433;4.267;7.729;13.965;9.531;5.627;5.099;5.562;15.965;11.869;5.499;17.418;8.460;17.460;17.963;11.965,30.000;30.000;30.000;30.000;30.000;30.000;30.000;30.000;30.000;30.000;30.000;30.000;24.000;24.000;24.000;30.000;30.000,Baby_grizzly,ear clapping,,,POINT,107.573,C:\Users\esthe\Downloads\baby grizzly 14 _\Baby_1405_5_seven.mp4,200,NA,
Baby_1405,2025-06-24 11:48:28.904,,172.403,Media file(s),player #1:C:\Users\esthe\Downloads\baby grizzly 14 _\Baby_1405_10_seven.mp4;C:\Users\esthe\Downloads\baby grizzly 14 _\Baby_1405_11_three.mp4;C:\Users\esthe\Downloads\baby grizzly 14 _\Baby_1405_12_three.mp4;C:\Users\esthe\Downloads\baby grizzly 14 _\Baby_1405_13_five.mp4;C:\Users\esthe\Downloads\baby grizzly 14 _\Baby_1405_14_two.mp4;C:\Users\esthe\Downloads\baby grizzly 14 _\Baby_1405_15_onehalf.mp4;C:\Users\esthe\Downloads\baby grizzly 14 _\Baby_1405_16_seven.mp4;C:\Users\esthe\Downloads\baby grizzly 14 _\Baby_1405_17_seven.mp4;C:\Users\esthe\Downloads\baby grizzly 14 _\Baby_1405_1_three.mp4;C:\Users\esthe\Downloads\baby grizzly 14 _\Baby_1405_2_seven.mp4;C:\Users\esthe\Downloads\baby grizzly 14 _\Baby_1405_3_five.mp4;C:\Users\esthe\Downloads\baby grizzly 14 _\Baby_1405_4_five.mp4;C:\Users\esthe\Downloads\baby grizzly 14 _\Baby_1405_5_seven.mp4;C:\Users\esthe\Downloads\baby grizzly 14 _\Baby_1405_6_seven.mp4;C:\Users\esthe\Downloads\baby grizzly 14 _\Baby_1405_7_seven.mp4;C:\Users\esthe\Downloads\baby grizzly 14 _\Baby_1405_8_two.mp4;C:\Users\esthe\Downloads\baby grizzly 14 _\Baby_1405_9_one.mp4,0.0,9.701;4.433;4.267;7.729;13.965;9.531;5.627;5.099;5.562;15.965;11.869;5.499;17.418;8.460;17.460;17.963;11.965,30.000;30.000;30.000;30.000;30.000;30.000;30.000;30.000;30.000;30.000;30.000;30.000;24.000;24.000;24.000;30.000;30.000,Baby_grizzly,jaw movement,,,POINT,107.698,C:\Users\esthe\Downloads\baby grizzly 14 _\Baby_1405_5_seven.mp4,203,NA,
Baby_1405,2025-06-24 11:48:28.904,,172.403,Media file(s),player #1:C:\Users\esthe\Downloads\baby grizzly 14 _\Baby_1405_10_seven.mp4;C:\Users\esthe\Downloads\baby grizzly 14 _\Baby_1405_11_three.mp4;C:\Users\esthe\Downloads\baby grizzly 14 _\Baby_1405_12_three.mp4;C:\Users\esthe\Downloads\baby grizzly 14 _\Baby_1405_13_five.mp4;C:\Users\esthe\Downloads\baby grizzly 14 _\Baby_1405_14_two.mp4;C:\Users\esthe\Downloads\baby grizzly 14 _\Baby_1405_15_onehalf.mp4;C:\Users\esthe\Downloads\baby grizzly 14 _\Baby_1405_16_seven.mp4;C:\Users\esthe\Downloads\baby grizzly 14 _\Baby_1405_17_seven.mp4;C:\Users\esthe\Downloads\baby grizzly 14 _\Baby_1405_1_three.mp4;C:\Users\esthe\Downloads\baby grizzly 14 _\Baby_1405_2_seven.mp4;C:\Users\esthe\Downloads\baby grizzly 14 _\Baby_1405_3_five.mp4;C:\Users\esthe\Downloads\baby grizzly 14 _\Baby_1405_4_five.mp4;C:\Users\esthe\Downloads\baby grizzly 14 _\Baby_1405_5_seven.mp4;C:\Users\esthe\Downloads\baby grizzly 14 _\Baby_1405_6_seven.mp4;C:\Users\esthe\Downloads\baby grizzly 14 _\Baby_1405_7_seven.mp4;C:\Users\esthe\Downloads\baby grizzly 14 _\Baby_1405_8_two.mp4;C:\Users\esthe\Downloads\baby grizzly 14 _\Baby_1405_9_one.mp4,0.0,9.701;4.433;4.267;7.729;13.965;9.531;5.627;5.099;5.562;15.965;11.869;5.499;17.418;8.460;17.460;17.963;11.965,30.000;30.000;30.000;30.000;30.000;30.000;30.000;30.000;30.000;30.000;30.000;30.000;24.000;24.000;24.000;30.000;30.000,Baby_grizzly,sniffing,,,POINT,108.156,C:\Users\esthe\Downloads\baby grizzly 14 _\Baby_1405_5_seven.mp4,214,NA,
Baby_1405,2025-06-24 11:48:28.904,,172.403,Media file(s),player #1:C:\Users\esthe\Downloads\baby grizzly 14 _\Baby_1405_10_seven.mp4;C:\Users\esthe\Downloads\baby grizzly 14 _\Baby_1405_11_three.mp4;C:\Users\esthe\Downloads\baby grizzly 14 _\Baby_1405_12_three.mp4;C:\Users\esthe\Downloads\baby grizzly 14 _\Baby_1405_13_five.mp4;C:\Users\esthe\Downloads\baby grizzly 14 _\Baby_1405_14_two.mp4;C:\Users\esthe\Downloads\baby grizzly 14 _\Baby_1405_15_onehalf.mp4;C:\Users\esthe\Downloads\baby grizzly 14 _\Baby_1405_16_seven.mp4;C:\Users\esthe\Downloads\baby grizzly 14 _\Baby_1405_17_seven.mp4;C:\Users\esthe\Downloads\baby grizzly 14 _\Baby_1405_1_three.mp4;C:\Users\esthe\Downloads\baby grizzly 14 _\Baby_1405_2_seven.mp4;C:\Users\esthe\Downloads\baby grizzly 14 _\Baby_1405_3_five.mp4;C:\Users\esthe\Downloads\baby grizzly 14 _\Baby_1405_4_five.mp4;C:\Users\esthe\Downloads\baby grizzly 14 _\Baby_1405_5_seven.mp4;C:\Users\esthe\Downloads\baby grizzly 14 _\Baby_1405_6_seven.mp4;C:\Users\esthe\Downloads\baby grizzly 14 _\Baby_1405_7_seven.mp4;C:\Users\esthe\Downloads\baby grizzly 14 _\Baby_1405_8_two.mp4;C:\Users\esthe\Downloads\baby grizzly 14 _\Baby_1405_9_one.mp4,0.0,9.701;4.433;4.267;7.729;13.965;9.531;5.627;5.099;5.562;15.965;11.869;5.499;17.418;8.460;17.460;17.963;11.965,30.000;30.000;30.000;30.000;30.000;30.000;30.000;30.000;30.000;30.000;30.000;30.000;24.000;24.000;24.000;30.000;30.000,Baby_grizzly,translational jaw movement,,,POINT,108.156,C:\Users\esthe\Downloads\baby grizzly 14 _\Baby_1405_5_seven.mp4,214,NA,
Baby_1405,2025-06-24 11:48:28.904,,172.403,Media file(s),player #1:C:\Users\esthe\Downloads\baby grizzly 14 _\Baby_1405_10_seven.mp4;C:\Users\esthe\Downloads\baby grizzly 14 _\Baby_1405_11_three.mp4;C:\Users\esthe\Downloads\baby grizzly 14 _\Baby_1405_12_three.mp4;C:\Users\esthe\Downloads\baby grizzly 14 _\Baby_1405_13_five.mp4;C:\Users\esthe\Downloads\baby grizzly 14 _\Baby_1405_14_two.mp4;C:\Users\esthe\Downloads\baby grizzly 14 _\Baby_1405_15_onehalf.mp4;C:\Users\esthe\Downloads\baby grizzly 14 _\Baby_1405_16_seven.mp4;C:\Users\esthe\Downloads\baby grizzly 14 _\Baby_1405_17_seven.mp4;C:\Users\esthe\Downloads\baby grizzly 14 _\Baby_1405_1_three.mp4;C:\Users\esthe\Downloads\baby grizzly 14 _\Baby_1405_2_seven.mp4;C:\Users\esthe\Downloads\baby grizzly 14 _\Baby_1405_3_five.mp4;C:\Users\esthe\Downloads\baby grizzly 14 _\Baby_1405_4_five.mp4;C:\Users\esthe\Downloads\baby grizzly 14 _\Baby_1405_5_seven.mp4;C:\Users\esthe\Downloads\baby grizzly 14 _\Baby_1405_6_seven.mp4;C:\Users\esthe\Downloads\baby grizzly 14 _\Baby_1405_7_seven.mp4;C:\Users\esthe\Downloads\baby grizzly 14 _\Baby_1405_8_two.mp4;C:\Users\esthe\Downloads\baby grizzly 14 _\Baby_1405_9_one.mp4,0.0,9.701;4.433;4.267;7.729;13.965;9.531;5.627;5.099;5.562;15.965;11.869;5.499;17.418;8.460;17.460;17.963;11.965,30.000;30.000;30.000;30.000;30.000;30.000;30.000;30.000;30.000;30.000;30.000;30.000;24.000;24.000;24.000;30.000;30.000,Baby_grizzly,jaw movement,,,POINT,108.365,C:\Users\esthe\Downloads\baby grizzly 14 _\Baby_1405_5_seven.mp4,219,NA,
Baby_1405,2025-06-24 11:48:28.904,,172.403,Media file(s),player #1:C:\Users\esthe\Downloads\baby grizzly 14 _\Baby_1405_10_seven.mp4;C:\Users\esthe\Downloads\baby grizzly 14 _\Baby_1405_11_three.mp4;C:\Users\esthe\Downloads\baby grizzly 14 _\Baby_1405_12_three.mp4;C:\Users\esthe\Downloads\baby grizzly 14 _\Baby_1405_13_five.mp4;C:\Users\esthe\Downloads\baby grizzly 14 _\Baby_1405_14_two.mp4;C:\Users\esthe\Downloads\baby grizzly 14 _\Baby_1405_15_onehalf.mp4;C:\Users\esthe\Downloads\baby grizzly 14 _\Baby_1405_16_seven.mp4;C:\Users\esthe\Downloads\baby grizzly 14 _\Baby_1405_17_seven.mp4;C:\Users\esthe\Downloads\baby grizzly 14 _\Baby_1405_1_three.mp4;C:\Users\esthe\Downloads\baby grizzly 14 _\Baby_1405_2_seven.mp4;C:\Users\esthe\Downloads\baby grizzly 14 _\Baby_1405_3_five.mp4;C:\Users\esthe\Downloads\baby grizzly 14 _\Baby_1405_4_five.mp4;C:\Users\esthe\Downloads\baby grizzly 14 _\Baby_1405_5_seven.mp4;C:\Users\esthe\Downloads\baby grizzly 14 _\Baby_1405_6_seven.mp4;C:\Users\esthe\Downloads\baby grizzly 14 _\Baby_1405_7_seven.mp4;C:\Users\esthe\Downloads\baby grizzly 14 _\Baby_1405_8_two.mp4;C:\Users\esthe\Downloads\baby grizzly 14 _\Baby_1405_9_one.mp4,0.0,9.701;4.433;4.267;7.729;13.965;9.531;5.627;5.099;5.562;15.965;11.869;5.499;17.418;8.460;17.460;17.963;11.965,30.000;30.000;30.000;30.000;30.000;30.000;30.000;30.000;30.000;30.000;30.000;30.000;24.000;24.000;24.000;30.000;30.000,Baby_grizzly,mouth,,,POINT,108.365,C:\Users\esthe\Downloads\baby grizzly 14 _\Baby_1405_5_seven.mp4,219,NA,
Baby_1405,2025-06-24 11:48:28.904,,172.403,Media file(s),player #1:C:\Users\esthe\Downloads\baby grizzly 14 _\Baby_1405_10_seven.mp4;C:\Users\esthe\Downloads\baby grizzly 14 _\Baby_1405_11_three.mp4;C:\Users\esthe\Downloads\baby grizzly 14 _\Baby_1405_12_three.mp4;C:\Users\esthe\Downloads\baby grizzly 14 _\Baby_1405_13_five.mp4;C:\Users\esthe\Downloads\baby grizzly 14 _\Baby_1405_14_two.mp4;C:\Users\esthe\Downloads\baby grizzly 14 _\Baby_1405_15_onehalf.mp4;C:\Users\esthe\Downloads\baby grizzly 14 _\Baby_1405_16_seven.mp4;C:\Users\esthe\Downloads\baby grizzly 14 _\Baby_1405_17_seven.mp4;C:\Users\esthe\Downloads\baby grizzly 14 _\Baby_1405_1_three.mp4;C:\Users\esthe\Downloads\baby grizzly 14 _\Baby_1405_2_seven.mp4;C:\Users\esthe\Downloads\baby grizzly 14 _\Baby_1405_3_five.mp4;C:\Users\esthe\Downloads\baby grizzly 14 _\Baby_1405_4_five.mp4;C:\Users\esthe\Downloads\baby grizzly 14 _\Baby_1405_5_seven.mp4;C:\Users\esthe\Downloads\baby grizzly 14 _\Baby_1405_6_seven.mp4;C:\Users\esthe\Downloads\baby grizzly 14 _\Baby_1405_7_seven.mp4;C:\Users\esthe\Downloads\baby grizzly 14 _\Baby_1405_8_two.mp4;C:\Users\esthe\Downloads\baby grizzly 14 _\Baby_1405_9_one.mp4,0.0,9.701;4.433;4.267;7.729;13.965;9.531;5.627;5.099;5.562;15.965;11.869;5.499;17.418;8.460;17.460;17.963;11.965,30.000;30.000;30.000;30.000;30.000;30.000;30.000;30.000;30.000;30.000;30.000;30.000;24.000;24.000;24.000;30.000;30.000,Baby_grizzly,assessing,,,STOP,108.406,C:\Users\esthe\Downloads\baby grizzly 14 _\Baby_1405_5_seven.mp4,220,NA,
Baby_1405,2025-06-24 11:48:28.904,,172.403,Media file(s),player #1:C:\Users\esthe\Downloads\baby grizzly 14 _\Baby_1405_10_seven.mp4;C:\Users\esthe\Downloads\baby grizzly 14 _\Baby_1405_11_three.mp4;C:\Users\esthe\Downloads\baby grizzly 14 _\Baby_1405_12_three.mp4;C:\Users\esthe\Downloads\baby grizzly 14 _\Baby_1405_13_five.mp4;C:\Users\esthe\Downloads\baby grizzly 14 _\Baby_1405_14_two.mp4;C:\Users\esthe\Downloads\baby grizzly 14 _\Baby_1405_15_onehalf.mp4;C:\Users\esthe\Downloads\baby grizzly 14 _\Baby_1405_16_seven.mp4;C:\Users\esthe\Downloads\baby grizzly 14 _\Baby_1405_17_seven.mp4;C:\Users\esthe\Downloads\baby grizzly 14 _\Baby_1405_1_three.mp4;C:\Users\esthe\Downloads\baby grizzly 14 _\Baby_1405_2_seven.mp4;C:\Users\esthe\Downloads\baby grizzly 14 _\Baby_1405_3_five.mp4;C:\Users\esthe\Downloads\baby grizzly 14 _\Baby_1405_4_five.mp4;C:\Users\esthe\Downloads\baby grizzly 14 _\Baby_1405_5_seven.mp4;C:\Users\esthe\Downloads\baby grizzly 14 _\Baby_1405_6_seven.mp4;C:\Users\esthe\Downloads\baby grizzly 14 _\Baby_1405_7_seven.mp4;C:\Users\esthe\Downloads\baby grizzly 14 _\Baby_1405_8_two.mp4;C:\Users\esthe\Downloads\baby grizzly 14 _\Baby_1405_9_one.mp4,0.0,9.701;4.433;4.267;7.729;13.965;9.531;5.627;5.099;5.562;15.965;11.869;5.499;17.418;8.460;17.460;17.963;11.965,30.000;30.000;30.000;30.000;30.000;30.000;30.000;30.000;30.000;30.000;30.000;30.000;24.000;24.000;24.000;30.000;30.000,Baby_grizzly,target,,,START,108.906,C:\Users\esthe\Downloads\baby grizzly 14 _\Baby_1405_5_seven.mp4,232,NA,
Baby_1405,2025-06-24 11:48:28.904,,172.403,Media file(s),player #1:C:\Users\esthe\Downloads\baby grizzly 14 _\Baby_1405_10_seven.mp4;C:\Users\esthe\Downloads\baby grizzly 14 _\Baby_1405_11_three.mp4;C:\Users\esthe\Downloads\baby grizzly 14 _\Baby_1405_12_three.mp4;C:\Users\esthe\Downloads\baby grizzly 14 _\Baby_1405_13_five.mp4;C:\Users\esthe\Downloads\baby grizzly 14 _\Baby_1405_14_two.mp4;C:\Users\esthe\Downloads\baby grizzly 14 _\Baby_1405_15_onehalf.mp4;C:\Users\esthe\Downloads\baby grizzly 14 _\Baby_1405_16_seven.mp4;C:\Users\esthe\Downloads\baby grizzly 14 _\Baby_1405_17_seven.mp4;C:\Users\esthe\Downloads\baby grizzly 14 _\Baby_1405_1_three.mp4;C:\Users\esthe\Downloads\baby grizzly 14 _\Baby_1405_2_seven.mp4;C:\Users\esthe\Downloads\baby grizzly 14 _\Baby_1405_3_five.mp4;C:\Users\esthe\Downloads\baby grizzly 14 _\Baby_1405_4_five.mp4;C:\Users\esthe\Downloads\baby grizzly 14 _\Baby_1405_5_seven.mp4;C:\Users\esthe\Downloads\baby grizzly 14 _\Baby_1405_6_seven.mp4;C:\Users\esthe\Downloads\baby grizzly 14 _\Baby_1405_7_seven.mp4;C:\Users\esthe\Downloads\baby grizzly 14 _\Baby_1405_8_two.mp4;C:\Users\esthe\Downloads\baby grizzly 14 _\Baby_1405_9_one.mp4,0.0,9.701;4.433;4.267;7.729;13.965;9.531;5.627;5.099;5.562;15.965;11.869;5.499;17.418;8.460;17.460;17.963;11.965,30.000;30.000;30.000;30.000;30.000;30.000;30.000;30.000;30.000;30.000;30.000;30.000;24.000;24.000;24.000;30.000;30.000,Baby_grizzly,target,,,STOP,114.531,C:\Users\esthe\Downloads\baby grizzly 14 _\Baby_1405_5_seven.mp4,367,NA,
Baby_1405,2025-06-24 11:48:28.904,,172.403,Media file(s),player #1:C:\Users\esthe\Downloads\baby grizzly 14 _\Baby_1405_10_seven.mp4;C:\Users\esthe\Downloads\baby grizzly 14 _\Baby_1405_11_three.mp4;C:\Users\esthe\Downloads\baby grizzly 14 _\Baby_1405_12_three.mp4;C:\Users\esthe\Downloads\baby grizzly 14 _\Baby_1405_13_five.mp4;C:\Users\esthe\Downloads\baby grizzly 14 _\Baby_1405_14_two.mp4;C:\Users\esthe\Downloads\baby grizzly 14 _\Baby_1405_15_onehalf.mp4;C:\Users\esthe\Downloads\baby grizzly 14 _\Baby_1405_16_seven.mp4;C:\Users\esthe\Downloads\baby grizzly 14 _\Baby_1405_17_seven.mp4;C:\Users\esthe\Downloads\baby grizzly 14 _\Baby_1405_1_three.mp4;C:\Users\esthe\Downloads\baby grizzly 14 _\Baby_1405_2_seven.mp4;C:\Users\esthe\Downloads\baby grizzly 14 _\Baby_1405_3_five.mp4;C:\Users\esthe\Downloads\baby grizzly 14 _\Baby_1405_4_five.mp4;C:\Users\esthe\Downloads\baby grizzly 14 _\Baby_1405_5_seven.mp4;C:\Users\esthe\Downloads\baby grizzly 14 _\Baby_1405_6_seven.mp4;C:\Users\esthe\Downloads\baby grizzly 14 _\Baby_1405_7_seven.mp4;C:\Users\esthe\Downloads\baby grizzly 14 _\Baby_1405_8_two.mp4;C:\Users\esthe\Downloads\baby grizzly 14 _\Baby_1405_9_one.mp4,0.0,9.701;4.433;4.267;7.729;13.965;9.531;5.627;5.099;5.562;15.965;11.869;5.499;17.418;8.460;17.460;17.963;11.965,30.000;30.000;30.000;30.000;30.000;30.000;30.000;30.000;30.000;30.000;30.000;30.000;24.000;24.000;24.000;30.000;30.000,Baby_grizzly,assessing,,,START,114.864,C:\Users\esthe\Downloads\baby grizzly 14 _\Baby_1405_5_seven.mp4,375,NA,
Baby_1405,2025-06-24 11:48:28.904,,172.403,Media file(s),player #1:C:\Users\esthe\Downloads\baby grizzly 14 _\Baby_1405_10_seven.mp4;C:\Users\esthe\Downloads\baby grizzly 14 _\Baby_1405_11_three.mp4;C:\Users\esthe\Downloads\baby grizzly 14 _\Baby_1405_12_three.mp4;C:\Users\esthe\Downloads\baby grizzly 14 _\Baby_1405_13_five.mp4;C:\Users\esthe\Downloads\baby grizzly 14 _\Baby_1405_14_two.mp4;C:\Users\esthe\Downloads\baby grizzly 14 _\Baby_1405_15_onehalf.mp4;C:\Users\esthe\Downloads\baby grizzly 14 _\Baby_1405_16_seven.mp4;C:\Users\esthe\Downloads\baby grizzly 14 _\Baby_1405_17_seven.mp4;C:\Users\esthe\Downloads\baby grizzly 14 _\Baby_1405_1_three.mp4;C:\Users\esthe\Downloads\baby grizzly 14 _\Baby_1405_2_seven.mp4;C:\Users\esthe\Downloads\baby grizzly 14 _\Baby_1405_3_five.mp4;C:\Users\esthe\Downloads\baby grizzly 14 _\Baby_1405_4_five.mp4;C:\Users\esthe\Downloads\baby grizzly 14 _\Baby_1405_5_seven.mp4;C:\Users\esthe\Downloads\baby grizzly 14 _\Baby_1405_6_seven.mp4;C:\Users\esthe\Downloads\baby grizzly 14 _\Baby_1405_7_seven.mp4;C:\Users\esthe\Downloads\baby grizzly 14 _\Baby_1405_8_two.mp4;C:\Users\esthe\Downloads\baby grizzly 14 _\Baby_1405_9_one.mp4,0.0,9.701;4.433;4.267;7.729;13.965;9.531;5.627;5.099;5.562;15.965;11.869;5.499;17.418;8.460;17.460;17.963;11.965,30.000;30.000;30.000;30.000;30.000;30.000;30.000;30.000;30.000;30.000;30.000;30.000;24.000;24.000;24.000;30.000;30.000,Baby_grizzly,jaw movement,,,POINT,115.031,C:\Users\esthe\Downloads\baby grizzly 14 _\Baby_1405_5_seven.mp4,379,NA,
Baby_1405,2025-06-24 11:48:28.904,,172.403,Media file(s),player #1:C:\Users\esthe\Downloads\baby grizzly 14 _\Baby_1405_10_seven.mp4;C:\Users\esthe\Downloads\baby grizzly 14 _\Baby_1405_11_three.mp4;C:\Users\esthe\Downloads\baby grizzly 14 _\Baby_1405_12_three.mp4;C:\Users\esthe\Downloads\baby grizzly 14 _\Baby_1405_13_five.mp4;C:\Users\esthe\Downloads\baby grizzly 14 _\Baby_1405_14_two.mp4;C:\Users\esthe\Downloads\baby grizzly 14 _\Baby_1405_15_onehalf.mp4;C:\Users\esthe\Downloads\baby grizzly 14 _\Baby_1405_16_seven.mp4;C:\Users\esthe\Downloads\baby grizzly 14 _\Baby_1405_17_seven.mp4;C:\Users\esthe\Downloads\baby grizzly 14 _\Baby_1405_1_three.mp4;C:\Users\esthe\Downloads\baby grizzly 14 _\Baby_1405_2_seven.mp4;C:\Users\esthe\Downloads\baby grizzly 14 _\Baby_1405_3_five.mp4;C:\Users\esthe\Downloads\baby grizzly 14 _\Baby_1405_4_five.mp4;C:\Users\esthe\Downloads\baby grizzly 14 _\Baby_1405_5_seven.mp4;C:\Users\esthe\Downloads\baby grizzly 14 _\Baby_1405_6_seven.mp4;C:\Users\esthe\Downloads\baby grizzly 14 _\Baby_1405_7_seven.mp4;C:\Users\esthe\Downloads\baby grizzly 14 _\Baby_1405_8_two.mp4;C:\Users\esthe\Downloads\baby grizzly 14 _\Baby_1405_9_one.mp4,0.0,9.701;4.433;4.267;7.729;13.965;9.531;5.627;5.099;5.562;15.965;11.869;5.499;17.418;8.460;17.460;17.963;11.965,30.000;30.000;30.000;30.000;30.000;30.000;30.000;30.000;30.000;30.000;30.000;30.000;24.000;24.000;24.000;30.000;30.000,Baby_grizzly,teeth-hole contact,,,POINT,115.114,C:\Users\esthe\Downloads\baby grizzly 14 _\Baby_1405_5_seven.mp4,381,NA,
Baby_1405,2025-06-24 11:48:28.904,,172.403,Media file(s),player #1:C:\Users\esthe\Downloads\baby grizzly 14 _\Baby_1405_10_seven.mp4;C:\Users\esthe\Downloads\baby grizzly 14 _\Baby_1405_11_three.mp4;C:\Users\esthe\Downloads\baby grizzly 14 _\Baby_1405_12_three.mp4;C:\Users\esthe\Downloads\baby grizzly 14 _\Baby_1405_13_five.mp4;C:\Users\esthe\Downloads\baby grizzly 14 _\Baby_1405_14_two.mp4;C:\Users\esthe\Downloads\baby grizzly 14 _\Baby_1405_15_onehalf.mp4;C:\Users\esthe\Downloads\baby grizzly 14 _\Baby_1405_16_seven.mp4;C:\Users\esthe\Downloads\baby grizzly 14 _\Baby_1405_17_seven.mp4;C:\Users\esthe\Downloads\baby grizzly 14 _\Baby_1405_1_three.mp4;C:\Users\esthe\Downloads\baby grizzly 14 _\Baby_1405_2_seven.mp4;C:\Users\esthe\Downloads\baby grizzly 14 _\Baby_1405_3_five.mp4;C:\Users\esthe\Downloads\baby grizzly 14 _\Baby_1405_4_five.mp4;C:\Users\esthe\Downloads\baby grizzly 14 _\Baby_1405_5_seven.mp4;C:\Users\esthe\Downloads\baby grizzly 14 _\Baby_1405_6_seven.mp4;C:\Users\esthe\Downloads\baby grizzly 14 _\Baby_1405_7_seven.mp4;C:\Users\esthe\Downloads\baby grizzly 14 _\Baby_1405_8_two.mp4;C:\Users\esthe\Downloads\baby grizzly 14 _\Baby_1405_9_one.mp4,0.0,9.701;4.433;4.267;7.729;13.965;9.531;5.627;5.099;5.562;15.965;11.869;5.499;17.418;8.460;17.460;17.963;11.965,30.000;30.000;30.000;30.000;30.000;30.000;30.000;30.000;30.000;30.000;30.000;30.000;24.000;24.000;24.000;30.000;30.000,Baby_grizzly,assessing,,,STOP,115.448,C:\Users\esthe\Downloads\baby grizzly 14 _\Baby_1405_5_seven.mp4,389,NA,
Baby_1405,2025-06-24 11:48:28.904,,172.403,Media file(s),player #1:C:\Users\esthe\Downloads\baby grizzly 14 _\Baby_1405_10_seven.mp4;C:\Users\esthe\Downloads\baby grizzly 14 _\Baby_1405_11_three.mp4;C:\Users\esthe\Downloads\baby grizzly 14 _\Baby_1405_12_three.mp4;C:\Users\esthe\Downloads\baby grizzly 14 _\Baby_1405_13_five.mp4;C:\Users\esthe\Downloads\baby grizzly 14 _\Baby_1405_14_two.mp4;C:\Users\esthe\Downloads\baby grizzly 14 _\Baby_1405_15_onehalf.mp4;C:\Users\esthe\Downloads\baby grizzly 14 _\Baby_1405_16_seven.mp4;C:\Users\esthe\Downloads\baby grizzly 14 _\Baby_1405_17_seven.mp4;C:\Users\esthe\Downloads\baby grizzly 14 _\Baby_1405_1_three.mp4;C:\Users\esthe\Downloads\baby grizzly 14 _\Baby_1405_2_seven.mp4;C:\Users\esthe\Downloads\baby grizzly 14 _\Baby_1405_3_five.mp4;C:\Users\esthe\Downloads\baby grizzly 14 _\Baby_1405_4_five.mp4;C:\Users\esthe\Downloads\baby grizzly 14 _\Baby_1405_5_seven.mp4;C:\Users\esthe\Downloads\baby grizzly 14 _\Baby_1405_6_seven.mp4;C:\Users\esthe\Downloads\baby grizzly 14 _\Baby_1405_7_seven.mp4;C:\Users\esthe\Downloads\baby grizzly 14 _\Baby_1405_8_two.mp4;C:\Users\esthe\Downloads\baby grizzly 14 _\Baby_1405_9_one.mp4,0.0,9.701;4.433;4.267;7.729;13.965;9.531;5.627;5.099;5.562;15.965;11.869;5.499;17.418;8.460;17.460;17.963;11.965,30.000;30.000;30.000;30.000;30.000;30.000;30.000;30.000;30.000;30.000;30.000;30.000;24.000;24.000;24.000;30.000;30.000,Baby_grizzly,jaw movement,,,POINT,115.448,C:\Users\esthe\Downloads\baby grizzly 14 _\Baby_1405_5_seven.mp4,389,NA,
Baby_1405,2025-06-24 11:48:28.904,,172.403,Media file(s),player #1:C:\Users\esthe\Downloads\baby grizzly 14 _\Baby_1405_10_seven.mp4;C:\Users\esthe\Downloads\baby grizzly 14 _\Baby_1405_11_three.mp4;C:\Users\esthe\Downloads\baby grizzly 14 _\Baby_1405_12_three.mp4;C:\Users\esthe\Downloads\baby grizzly 14 _\Baby_1405_13_five.mp4;C:\Users\esthe\Downloads\baby grizzly 14 _\Baby_1405_14_two.mp4;C:\Users\esthe\Downloads\baby grizzly 14 _\Baby_1405_15_onehalf.mp4;C:\Users\esthe\Downloads\baby grizzly 14 _\Baby_1405_16_seven.mp4;C:\Users\esthe\Downloads\baby grizzly 14 _\Baby_1405_17_seven.mp4;C:\Users\esthe\Downloads\baby grizzly 14 _\Baby_1405_1_three.mp4;C:\Users\esthe\Downloads\baby grizzly 14 _\Baby_1405_2_seven.mp4;C:\Users\esthe\Downloads\baby grizzly 14 _\Baby_1405_3_five.mp4;C:\Users\esthe\Downloads\baby grizzly 14 _\Baby_1405_4_five.mp4;C:\Users\esthe\Downloads\baby grizzly 14 _\Baby_1405_5_seven.mp4;C:\Users\esthe\Downloads\baby grizzly 14 _\Baby_1405_6_seven.mp4;C:\Users\esthe\Downloads\baby grizzly 14 _\Baby_1405_7_seven.mp4;C:\Users\esthe\Downloads\baby grizzly 14 _\Baby_1405_8_two.mp4;C:\Users\esthe\Downloads\baby grizzly 14 _\Baby_1405_9_one.mp4,0.0,9.701;4.433;4.267;7.729;13.965;9.531;5.627;5.099;5.562;15.965;11.869;5.499;17.418;8.460;17.460;17.963;11.965,30.000;30.000;30.000;30.000;30.000;30.000;30.000;30.000;30.000;30.000;30.000;30.000;24.000;24.000;24.000;30.000;30.000,Baby_grizzly,peeling,,,START,115.489,C:\Users\esthe\Downloads\baby grizzly 14 _\Baby_1405_5_seven.mp4,390,NA,
Baby_1405,2025-06-24 11:48:28.904,,172.403,Media file(s),player #1:C:\Users\esthe\Downloads\baby grizzly 14 _\Baby_1405_10_seven.mp4;C:\Users\esthe\Downloads\baby grizzly 14 _\Baby_1405_11_three.mp4;C:\Users\esthe\Downloads\baby grizzly 14 _\Baby_1405_12_three.mp4;C:\Users\esthe\Downloads\baby grizzly 14 _\Baby_1405_13_five.mp4;C:\Users\esthe\Downloads\baby grizzly 14 _\Baby_1405_14_two.mp4;C:\Users\esthe\Downloads\baby grizzly 14 _\Baby_1405_15_onehalf.mp4;C:\Users\esthe\Downloads\baby grizzly 14 _\Baby_1405_16_seven.mp4;C:\Users\esthe\Downloads\baby grizzly 14 _\Baby_1405_17_seven.mp4;C:\Users\esthe\Downloads\baby grizzly 14 _\Baby_1405_1_three.mp4;C:\Users\esthe\Downloads\baby grizzly 14 _\Baby_1405_2_seven.mp4;C:\Users\esthe\Downloads\baby grizzly 14 _\Baby_1405_3_five.mp4;C:\Users\esthe\Downloads\baby grizzly 14 _\Baby_1405_4_five.mp4;C:\Users\esthe\Downloads\baby grizzly 14 _\Baby_1405_5_seven.mp4;C:\Users\esthe\Downloads\baby grizzly 14 _\Baby_1405_6_seven.mp4;C:\Users\esthe\Downloads\baby grizzly 14 _\Baby_1405_7_seven.mp4;C:\Users\esthe\Downloads\baby grizzly 14 _\Baby_1405_8_two.mp4;C:\Users\esthe\Downloads\baby grizzly 14 _\Baby_1405_9_one.mp4,0.0,9.701;4.433;4.267;7.729;13.965;9.531;5.627;5.099;5.562;15.965;11.869;5.499;17.418;8.460;17.460;17.963;11.965,30.000;30.000;30.000;30.000;30.000;30.000;30.000;30.000;30.000;30.000;30.000;30.000;24.000;24.000;24.000;30.000;30.000,Baby_grizzly,peeling,,,STOP,116.531,C:\Users\esthe\Downloads\baby grizzly 14 _\Baby_1405_5_seven.mp4,415,NA,
Baby_1405,2025-06-24 11:48:28.904,,172.403,Media file(s),player #1:C:\Users\esthe\Downloads\baby grizzly 14 _\Baby_1405_10_seven.mp4;C:\Users\esthe\Downloads\baby grizzly 14 _\Baby_1405_11_three.mp4;C:\Users\esthe\Downloads\baby grizzly 14 _\Baby_1405_12_three.mp4;C:\Users\esthe\Downloads\baby grizzly 14 _\Baby_1405_13_five.mp4;C:\Users\esthe\Downloads\baby grizzly 14 _\Baby_1405_14_two.mp4;C:\Users\esthe\Downloads\baby grizzly 14 _\Baby_1405_15_onehalf.mp4;C:\Users\esthe\Downloads\baby grizzly 14 _\Baby_1405_16_seven.mp4;C:\Users\esthe\Downloads\baby grizzly 14 _\Baby_1405_17_seven.mp4;C:\Users\esthe\Downloads\baby grizzly 14 _\Baby_1405_1_three.mp4;C:\Users\esthe\Downloads\baby grizzly 14 _\Baby_1405_2_seven.mp4;C:\Users\esthe\Downloads\baby grizzly 14 _\Baby_1405_3_five.mp4;C:\Users\esthe\Downloads\baby grizzly 14 _\Baby_1405_4_five.mp4;C:\Users\esthe\Downloads\baby grizzly 14 _\Baby_1405_5_seven.mp4;C:\Users\esthe\Downloads\baby grizzly 14 _\Baby_1405_6_seven.mp4;C:\Users\esthe\Downloads\baby grizzly 14 _\Baby_1405_7_seven.mp4;C:\Users\esthe\Downloads\baby grizzly 14 _\Baby_1405_8_two.mp4;C:\Users\esthe\Downloads\baby grizzly 14 _\Baby_1405_9_one.mp4,0.0,9.701;4.433;4.267;7.729;13.965;9.531;5.627;5.099;5.562;15.965;11.869;5.499;17.418;8.460;17.460;17.963;11.965,30.000;30.000;30.000;30.000;30.000;30.000;30.000;30.000;30.000;30.000;30.000;30.000;24.000;24.000;24.000;30.000;30.000,Baby_grizzly,bending,,,START,117.407,C:\Users\esthe\Downloads\baby grizzly 14 _\Baby_1405_6_seven.mp4,18,NA,
Baby_1405,2025-06-24 11:48:28.904,,172.403,Media file(s),player #1:C:\Users\esthe\Downloads\baby grizzly 14 _\Baby_1405_10_seven.mp4;C:\Users\esthe\Downloads\baby grizzly 14 _\Baby_1405_11_three.mp4;C:\Users\esthe\Downloads\baby grizzly 14 _\Baby_1405_12_three.mp4;C:\Users\esthe\Downloads\baby grizzly 14 _\Baby_1405_13_five.mp4;C:\Users\esthe\Downloads\baby grizzly 14 _\Baby_1405_14_two.mp4;C:\Users\esthe\Downloads\baby grizzly 14 _\Baby_1405_15_onehalf.mp4;C:\Users\esthe\Downloads\baby grizzly 14 _\Baby_1405_16_seven.mp4;C:\Users\esthe\Downloads\baby grizzly 14 _\Baby_1405_17_seven.mp4;C:\Users\esthe\Downloads\baby grizzly 14 _\Baby_1405_1_three.mp4;C:\Users\esthe\Downloads\baby grizzly 14 _\Baby_1405_2_seven.mp4;C:\Users\esthe\Downloads\baby grizzly 14 _\Baby_1405_3_five.mp4;C:\Users\esthe\Downloads\baby grizzly 14 _\Baby_1405_4_five.mp4;C:\Users\esthe\Downloads\baby grizzly 14 _\Baby_1405_5_seven.mp4;C:\Users\esthe\Downloads\baby grizzly 14 _\Baby_1405_6_seven.mp4;C:\Users\esthe\Downloads\baby grizzly 14 _\Baby_1405_7_seven.mp4;C:\Users\esthe\Downloads\baby grizzly 14 _\Baby_1405_8_two.mp4;C:\Users\esthe\Downloads\baby grizzly 14 _\Baby_1405_9_one.mp4,0.0,9.701;4.433;4.267;7.729;13.965;9.531;5.627;5.099;5.562;15.965;11.869;5.499;17.418;8.460;17.460;17.963;11.965,30.000;30.000;30.000;30.000;30.000;30.000;30.000;30.000;30.000;30.000;30.000;30.000;24.000;24.000;24.000;30.000;30.000,Baby_grizzly,grabbing peanut,,,POINT,117.532,C:\Users\esthe\Downloads\baby grizzly 14 _\Baby_1405_6_seven.mp4,21,NA,
Baby_1405,2025-06-24 11:48:28.904,,172.403,Media file(s),player #1:C:\Users\esthe\Downloads\baby grizzly 14 _\Baby_1405_10_seven.mp4;C:\Users\esthe\Downloads\baby grizzly 14 _\Baby_1405_11_three.mp4;C:\Users\esthe\Downloads\baby grizzly 14 _\Baby_1405_12_three.mp4;C:\Users\esthe\Downloads\baby grizzly 14 _\Baby_1405_13_five.mp4;C:\Users\esthe\Downloads\baby grizzly 14 _\Baby_1405_14_two.mp4;C:\Users\esthe\Downloads\baby grizzly 14 _\Baby_1405_15_onehalf.mp4;C:\Users\esthe\Downloads\baby grizzly 14 _\Baby_1405_16_seven.mp4;C:\Users\esthe\Downloads\baby grizzly 14 _\Baby_1405_17_seven.mp4;C:\Users\esthe\Downloads\baby grizzly 14 _\Baby_1405_1_three.mp4;C:\Users\esthe\Downloads\baby grizzly 14 _\Baby_1405_2_seven.mp4;C:\Users\esthe\Downloads\baby grizzly 14 _\Baby_1405_3_five.mp4;C:\Users\esthe\Downloads\baby grizzly 14 _\Baby_1405_4_five.mp4;C:\Users\esthe\Downloads\baby grizzly 14 _\Baby_1405_5_seven.mp4;C:\Users\esthe\Downloads\baby grizzly 14 _\Baby_1405_6_seven.mp4;C:\Users\esthe\Downloads\baby grizzly 14 _\Baby_1405_7_seven.mp4;C:\Users\esthe\Downloads\baby grizzly 14 _\Baby_1405_8_two.mp4;C:\Users\esthe\Downloads\baby grizzly 14 _\Baby_1405_9_one.mp4,0.0,9.701;4.433;4.267;7.729;13.965;9.531;5.627;5.099;5.562;15.965;11.869;5.499;17.418;8.460;17.460;17.963;11.965,30.000;30.000;30.000;30.000;30.000;30.000;30.000;30.000;30.000;30.000;30.000;30.000;24.000;24.000;24.000;30.000;30.000,Baby_grizzly,bending,,,STOP,117.573,C:\Users\esthe\Downloads\baby grizzly 14 _\Baby_1405_6_seven.mp4,22,NA,
Baby_1405,2025-06-24 11:48:28.904,,172.403,Media file(s),player #1:C:\Users\esthe\Downloads\baby grizzly 14 _\Baby_1405_10_seven.mp4;C:\Users\esthe\Downloads\baby grizzly 14 _\Baby_1405_11_three.mp4;C:\Users\esthe\Downloads\baby grizzly 14 _\Baby_1405_12_three.mp4;C:\Users\esthe\Downloads\baby grizzly 14 _\Baby_1405_13_five.mp4;C:\Users\esthe\Downloads\baby grizzly 14 _\Baby_1405_14_two.mp4;C:\Users\esthe\Downloads\baby grizzly 14 _\Baby_1405_15_onehalf.mp4;C:\Users\esthe\Downloads\baby grizzly 14 _\Baby_1405_16_seven.mp4;C:\Users\esthe\Downloads\baby grizzly 14 _\Baby_1405_17_seven.mp4;C:\Users\esthe\Downloads\baby grizzly 14 _\Baby_1405_1_three.mp4;C:\Users\esthe\Downloads\baby grizzly 14 _\Baby_1405_2_seven.mp4;C:\Users\esthe\Downloads\baby grizzly 14 _\Baby_1405_3_five.mp4;C:\Users\esthe\Downloads\baby grizzly 14 _\Baby_1405_4_five.mp4;C:\Users\esthe\Downloads\baby grizzly 14 _\Baby_1405_5_seven.mp4;C:\Users\esthe\Downloads\baby grizzly 14 _\Baby_1405_6_seven.mp4;C:\Users\esthe\Downloads\baby grizzly 14 _\Baby_1405_7_seven.mp4;C:\Users\esthe\Downloads\baby grizzly 14 _\Baby_1405_8_two.mp4;C:\Users\esthe\Downloads\baby grizzly 14 _\Baby_1405_9_one.mp4,0.0,9.701;4.433;4.267;7.729;13.965;9.531;5.627;5.099;5.562;15.965;11.869;5.499;17.418;8.460;17.460;17.963;11.965,30.000;30.000;30.000;30.000;30.000;30.000;30.000;30.000;30.000;30.000;30.000;30.000;24.000;24.000;24.000;30.000;30.000,Baby_grizzly,lifting,,,START,117.615,C:\Users\esthe\Downloads\baby grizzly 14 _\Baby_1405_6_seven.mp4,23,NA,
Baby_1405,2025-06-24 11:48:28.904,,172.403,Media file(s),player #1:C:\Users\esthe\Downloads\baby grizzly 14 _\Baby_1405_10_seven.mp4;C:\Users\esthe\Downloads\baby grizzly 14 _\Baby_1405_11_three.mp4;C:\Users\esthe\Downloads\baby grizzly 14 _\Baby_1405_12_three.mp4;C:\Users\esthe\Downloads\baby grizzly 14 _\Baby_1405_13_five.mp4;C:\Users\esthe\Downloads\baby grizzly 14 _\Baby_1405_14_two.mp4;C:\Users\esthe\Downloads\baby grizzly 14 _\Baby_1405_15_onehalf.mp4;C:\Users\esthe\Downloads\baby grizzly 14 _\Baby_1405_16_seven.mp4;C:\Users\esthe\Downloads\baby grizzly 14 _\Baby_1405_17_seven.mp4;C:\Users\esthe\Downloads\baby grizzly 14 _\Baby_1405_1_three.mp4;C:\Users\esthe\Downloads\baby grizzly 14 _\Baby_1405_2_seven.mp4;C:\Users\esthe\Downloads\baby grizzly 14 _\Baby_1405_3_five.mp4;C:\Users\esthe\Downloads\baby grizzly 14 _\Baby_1405_4_five.mp4;C:\Users\esthe\Downloads\baby grizzly 14 _\Baby_1405_5_seven.mp4;C:\Users\esthe\Downloads\baby grizzly 14 _\Baby_1405_6_seven.mp4;C:\Users\esthe\Downloads\baby grizzly 14 _\Baby_1405_7_seven.mp4;C:\Users\esthe\Downloads\baby grizzly 14 _\Baby_1405_8_two.mp4;C:\Users\esthe\Downloads\baby grizzly 14 _\Baby_1405_9_one.mp4,0.0,9.701;4.433;4.267;7.729;13.965;9.531;5.627;5.099;5.562;15.965;11.869;5.499;17.418;8.460;17.460;17.963;11.965,30.000;30.000;30.000;30.000;30.000;30.000;30.000;30.000;30.000;30.000;30.000;30.000;24.000;24.000;24.000;30.000;30.000,Baby_grizzly,lifting,,,STOP,117.948,C:\Users\esthe\Downloads\baby grizzly 14 _\Baby_1405_6_seven.mp4,31,NA,
Baby_1405,2025-06-24 11:48:28.904,,172.403,Media file(s),player #1:C:\Users\esthe\Downloads\baby grizzly 14 _\Baby_1405_10_seven.mp4;C:\Users\esthe\Downloads\baby grizzly 14 _\Baby_1405_11_three.mp4;C:\Users\esthe\Downloads\baby grizzly 14 _\Baby_1405_12_three.mp4;C:\Users\esthe\Downloads\baby grizzly 14 _\Baby_1405_13_five.mp4;C:\Users\esthe\Downloads\baby grizzly 14 _\Baby_1405_14_two.mp4;C:\Users\esthe\Downloads\baby grizzly 14 _\Baby_1405_15_onehalf.mp4;C:\Users\esthe\Downloads\baby grizzly 14 _\Baby_1405_16_seven.mp4;C:\Users\esthe\Downloads\baby grizzly 14 _\Baby_1405_17_seven.mp4;C:\Users\esthe\Downloads\baby grizzly 14 _\Baby_1405_1_three.mp4;C:\Users\esthe\Downloads\baby grizzly 14 _\Baby_1405_2_seven.mp4;C:\Users\esthe\Downloads\baby grizzly 14 _\Baby_1405_3_five.mp4;C:\Users\esthe\Downloads\baby grizzly 14 _\Baby_1405_4_five.mp4;C:\Users\esthe\Downloads\baby grizzly 14 _\Baby_1405_5_seven.mp4;C:\Users\esthe\Downloads\baby grizzly 14 _\Baby_1405_6_seven.mp4;C:\Users\esthe\Downloads\baby grizzly 14 _\Baby_1405_7_seven.mp4;C:\Users\esthe\Downloads\baby grizzly 14 _\Baby_1405_8_two.mp4;C:\Users\esthe\Downloads\baby grizzly 14 _\Baby_1405_9_one.mp4,0.0,9.701;4.433;4.267;7.729;13.965;9.531;5.627;5.099;5.562;15.965;11.869;5.499;17.418;8.460;17.460;17.963;11.965,30.000;30.000;30.000;30.000;30.000;30.000;30.000;30.000;30.000;30.000;30.000;30.000;24.000;24.000;24.000;30.000;30.000,Baby_grizzly,assessing,,,START,118.115,C:\Users\esthe\Downloads\baby grizzly 14 _\Baby_1405_6_seven.mp4,35,NA,
Baby_1405,2025-06-24 11:48:28.904,,172.403,Media file(s),player #1:C:\Users\esthe\Downloads\baby grizzly 14 _\Baby_1405_10_seven.mp4;C:\Users\esthe\Downloads\baby grizzly 14 _\Baby_1405_11_three.mp4;C:\Users\esthe\Downloads\baby grizzly 14 _\Baby_1405_12_three.mp4;C:\Users\esthe\Downloads\baby grizzly 14 _\Baby_1405_13_five.mp4;C:\Users\esthe\Downloads\baby grizzly 14 _\Baby_1405_14_two.mp4;C:\Users\esthe\Downloads\baby grizzly 14 _\Baby_1405_15_onehalf.mp4;C:\Users\esthe\Downloads\baby grizzly 14 _\Baby_1405_16_seven.mp4;C:\Users\esthe\Downloads\baby grizzly 14 _\Baby_1405_17_seven.mp4;C:\Users\esthe\Downloads\baby grizzly 14 _\Baby_1405_1_three.mp4;C:\Users\esthe\Downloads\baby grizzly 14 _\Baby_1405_2_seven.mp4;C:\Users\esthe\Downloads\baby grizzly 14 _\Baby_1405_3_five.mp4;C:\Users\esthe\Downloads\baby grizzly 14 _\Baby_1405_4_five.mp4;C:\Users\esthe\Downloads\baby grizzly 14 _\Baby_1405_5_seven.mp4;C:\Users\esthe\Downloads\baby grizzly 14 _\Baby_1405_6_seven.mp4;C:\Users\esthe\Downloads\baby grizzly 14 _\Baby_1405_7_seven.mp4;C:\Users\esthe\Downloads\baby grizzly 14 _\Baby_1405_8_two.mp4;C:\Users\esthe\Downloads\baby grizzly 14 _\Baby_1405_9_one.mp4,0.0,9.701;4.433;4.267;7.729;13.965;9.531;5.627;5.099;5.562;15.965;11.869;5.499;17.418;8.460;17.460;17.963;11.965,30.000;30.000;30.000;30.000;30.000;30.000;30.000;30.000;30.000;30.000;30.000;30.000;24.000;24.000;24.000;30.000;30.000,Baby_grizzly,jaw movement,,,POINT,118.282,C:\Users\esthe\Downloads\baby grizzly 14 _\Baby_1405_6_seven.mp4,39,NA,
Baby_1405,2025-06-24 11:48:28.904,,172.403,Media file(s),player #1:C:\Users\esthe\Downloads\baby grizzly 14 _\Baby_1405_10_seven.mp4;C:\Users\esthe\Downloads\baby grizzly 14 _\Baby_1405_11_three.mp4;C:\Users\esthe\Downloads\baby grizzly 14 _\Baby_1405_12_three.mp4;C:\Users\esthe\Downloads\baby grizzly 14 _\Baby_1405_13_five.mp4;C:\Users\esthe\Downloads\baby grizzly 14 _\Baby_1405_14_two.mp4;C:\Users\esthe\Downloads\baby grizzly 14 _\Baby_1405_15_onehalf.mp4;C:\Users\esthe\Downloads\baby grizzly 14 _\Baby_1405_16_seven.mp4;C:\Users\esthe\Downloads\baby grizzly 14 _\Baby_1405_17_seven.mp4;C:\Users\esthe\Downloads\baby grizzly 14 _\Baby_1405_1_three.mp4;C:\Users\esthe\Downloads\baby grizzly 14 _\Baby_1405_2_seven.mp4;C:\Users\esthe\Downloads\baby grizzly 14 _\Baby_1405_3_five.mp4;C:\Users\esthe\Downloads\baby grizzly 14 _\Baby_1405_4_five.mp4;C:\Users\esthe\Downloads\baby grizzly 14 _\Baby_1405_5_seven.mp4;C:\Users\esthe\Downloads\baby grizzly 14 _\Baby_1405_6_seven.mp4;C:\Users\esthe\Downloads\baby grizzly 14 _\Baby_1405_7_seven.mp4;C:\Users\esthe\Downloads\baby grizzly 14 _\Baby_1405_8_two.mp4;C:\Users\esthe\Downloads\baby grizzly 14 _\Baby_1405_9_one.mp4,0.0,9.701;4.433;4.267;7.729;13.965;9.531;5.627;5.099;5.562;15.965;11.869;5.499;17.418;8.460;17.460;17.963;11.965,30.000;30.000;30.000;30.000;30.000;30.000;30.000;30.000;30.000;30.000;30.000;30.000;24.000;24.000;24.000;30.000;30.000,Baby_grizzly,ear clapping,,,POINT,118.324,C:\Users\esthe\Downloads\baby grizzly 14 _\Baby_1405_6_seven.mp4,40,NA,
Baby_1405,2025-06-24 11:48:28.904,,172.403,Media file(s),player #1:C:\Users\esthe\Downloads\baby grizzly 14 _\Baby_1405_10_seven.mp4;C:\Users\esthe\Downloads\baby grizzly 14 _\Baby_1405_11_three.mp4;C:\Users\esthe\Downloads\baby grizzly 14 _\Baby_1405_12_three.mp4;C:\Users\esthe\Downloads\baby grizzly 14 _\Baby_1405_13_five.mp4;C:\Users\esthe\Downloads\baby grizzly 14 _\Baby_1405_14_two.mp4;C:\Users\esthe\Downloads\baby grizzly 14 _\Baby_1405_15_onehalf.mp4;C:\Users\esthe\Downloads\baby grizzly 14 _\Baby_1405_16_seven.mp4;C:\Users\esthe\Downloads\baby grizzly 14 _\Baby_1405_17_seven.mp4;C:\Users\esthe\Downloads\baby grizzly 14 _\Baby_1405_1_three.mp4;C:\Users\esthe\Downloads\baby grizzly 14 _\Baby_1405_2_seven.mp4;C:\Users\esthe\Downloads\baby grizzly 14 _\Baby_1405_3_five.mp4;C:\Users\esthe\Downloads\baby grizzly 14 _\Baby_1405_4_five.mp4;C:\Users\esthe\Downloads\baby grizzly 14 _\Baby_1405_5_seven.mp4;C:\Users\esthe\Downloads\baby grizzly 14 _\Baby_1405_6_seven.mp4;C:\Users\esthe\Downloads\baby grizzly 14 _\Baby_1405_7_seven.mp4;C:\Users\esthe\Downloads\baby grizzly 14 _\Baby_1405_8_two.mp4;C:\Users\esthe\Downloads\baby grizzly 14 _\Baby_1405_9_one.mp4,0.0,9.701;4.433;4.267;7.729;13.965;9.531;5.627;5.099;5.562;15.965;11.869;5.499;17.418;8.460;17.460;17.963;11.965,30.000;30.000;30.000;30.000;30.000;30.000;30.000;30.000;30.000;30.000;30.000;30.000;24.000;24.000;24.000;30.000;30.000,Baby_grizzly,jaw movement,,,POINT,118.490,C:\Users\esthe\Downloads\baby grizzly 14 _\Baby_1405_6_seven.mp4,44,NA,
Baby_1405,2025-06-24 11:48:28.904,,172.403,Media file(s),player #1:C:\Users\esthe\Downloads\baby grizzly 14 _\Baby_1405_10_seven.mp4;C:\Users\esthe\Downloads\baby grizzly 14 _\Baby_1405_11_three.mp4;C:\Users\esthe\Downloads\baby grizzly 14 _\Baby_1405_12_three.mp4;C:\Users\esthe\Downloads\baby grizzly 14 _\Baby_1405_13_five.mp4;C:\Users\esthe\Downloads\baby grizzly 14 _\Baby_1405_14_two.mp4;C:\Users\esthe\Downloads\baby grizzly 14 _\Baby_1405_15_onehalf.mp4;C:\Users\esthe\Downloads\baby grizzly 14 _\Baby_1405_16_seven.mp4;C:\Users\esthe\Downloads\baby grizzly 14 _\Baby_1405_17_seven.mp4;C:\Users\esthe\Downloads\baby grizzly 14 _\Baby_1405_1_three.mp4;C:\Users\esthe\Downloads\baby grizzly 14 _\Baby_1405_2_seven.mp4;C:\Users\esthe\Downloads\baby grizzly 14 _\Baby_1405_3_five.mp4;C:\Users\esthe\Downloads\baby grizzly 14 _\Baby_1405_4_five.mp4;C:\Users\esthe\Downloads\baby grizzly 14 _\Baby_1405_5_seven.mp4;C:\Users\esthe\Downloads\baby grizzly 14 _\Baby_1405_6_seven.mp4;C:\Users\esthe\Downloads\baby grizzly 14 _\Baby_1405_7_seven.mp4;C:\Users\esthe\Downloads\baby grizzly 14 _\Baby_1405_8_two.mp4;C:\Users\esthe\Downloads\baby grizzly 14 _\Baby_1405_9_one.mp4,0.0,9.701;4.433;4.267;7.729;13.965;9.531;5.627;5.099;5.562;15.965;11.869;5.499;17.418;8.460;17.460;17.963;11.965,30.000;30.000;30.000;30.000;30.000;30.000;30.000;30.000;30.000;30.000;30.000;30.000;24.000;24.000;24.000;30.000;30.000,Baby_grizzly,ear clapping,,,POINT,118.615,C:\Users\esthe\Downloads\baby grizzly 14 _\Baby_1405_6_seven.mp4,47,NA,
Baby_1405,2025-06-24 11:48:28.904,,172.403,Media file(s),player #1:C:\Users\esthe\Downloads\baby grizzly 14 _\Baby_1405_10_seven.mp4;C:\Users\esthe\Downloads\baby grizzly 14 _\Baby_1405_11_three.mp4;C:\Users\esthe\Downloads\baby grizzly 14 _\Baby_1405_12_three.mp4;C:\Users\esthe\Downloads\baby grizzly 14 _\Baby_1405_13_five.mp4;C:\Users\esthe\Downloads\baby grizzly 14 _\Baby_1405_14_two.mp4;C:\Users\esthe\Downloads\baby grizzly 14 _\Baby_1405_15_onehalf.mp4;C:\Users\esthe\Downloads\baby grizzly 14 _\Baby_1405_16_seven.mp4;C:\Users\esthe\Downloads\baby grizzly 14 _\Baby_1405_17_seven.mp4;C:\Users\esthe\Downloads\baby grizzly 14 _\Baby_1405_1_three.mp4;C:\Users\esthe\Downloads\baby grizzly 14 _\Baby_1405_2_seven.mp4;C:\Users\esthe\Downloads\baby grizzly 14 _\Baby_1405_3_five.mp4;C:\Users\esthe\Downloads\baby grizzly 14 _\Baby_1405_4_five.mp4;C:\Users\esthe\Downloads\baby grizzly 14 _\Baby_1405_5_seven.mp4;C:\Users\esthe\Downloads\baby grizzly 14 _\Baby_1405_6_seven.mp4;C:\Users\esthe\Downloads\baby grizzly 14 _\Baby_1405_7_seven.mp4;C:\Users\esthe\Downloads\baby grizzly 14 _\Baby_1405_8_two.mp4;C:\Users\esthe\Downloads\baby grizzly 14 _\Baby_1405_9_one.mp4,0.0,9.701;4.433;4.267;7.729;13.965;9.531;5.627;5.099;5.562;15.965;11.869;5.499;17.418;8.460;17.460;17.963;11.965,30.000;30.000;30.000;30.000;30.000;30.000;30.000;30.000;30.000;30.000;30.000;30.000;24.000;24.000;24.000;30.000;30.000,Baby_grizzly,assessing,,,STOP,118.699,C:\Users\esthe\Downloads\baby grizzly 14 _\Baby_1405_6_seven.mp4,49,NA,
Baby_1405,2025-06-24 11:48:28.904,,172.403,Media file(s),player #1:C:\Users\esthe\Downloads\baby grizzly 14 _\Baby_1405_10_seven.mp4;C:\Users\esthe\Downloads\baby grizzly 14 _\Baby_1405_11_three.mp4;C:\Users\esthe\Downloads\baby grizzly 14 _\Baby_1405_12_three.mp4;C:\Users\esthe\Downloads\baby grizzly 14 _\Baby_1405_13_five.mp4;C:\Users\esthe\Downloads\baby grizzly 14 _\Baby_1405_14_two.mp4;C:\Users\esthe\Downloads\baby grizzly 14 _\Baby_1405_15_onehalf.mp4;C:\Users\esthe\Downloads\baby grizzly 14 _\Baby_1405_16_seven.mp4;C:\Users\esthe\Downloads\baby grizzly 14 _\Baby_1405_17_seven.mp4;C:\Users\esthe\Downloads\baby grizzly 14 _\Baby_1405_1_three.mp4;C:\Users\esthe\Downloads\baby grizzly 14 _\Baby_1405_2_seven.mp4;C:\Users\esthe\Downloads\baby grizzly 14 _\Baby_1405_3_five.mp4;C:\Users\esthe\Downloads\baby grizzly 14 _\Baby_1405_4_five.mp4;C:\Users\esthe\Downloads\baby grizzly 14 _\Baby_1405_5_seven.mp4;C:\Users\esthe\Downloads\baby grizzly 14 _\Baby_1405_6_seven.mp4;C:\Users\esthe\Downloads\baby grizzly 14 _\Baby_1405_7_seven.mp4;C:\Users\esthe\Downloads\baby grizzly 14 _\Baby_1405_8_two.mp4;C:\Users\esthe\Downloads\baby grizzly 14 _\Baby_1405_9_one.mp4,0.0,9.701;4.433;4.267;7.729;13.965;9.531;5.627;5.099;5.562;15.965;11.869;5.499;17.418;8.460;17.460;17.963;11.965,30.000;30.000;30.000;30.000;30.000;30.000;30.000;30.000;30.000;30.000;30.000;30.000;24.000;24.000;24.000;30.000;30.000,Baby_grizzly,ear clapping,,,POINT,119.157,C:\Users\esthe\Downloads\baby grizzly 14 _\Baby_1405_6_seven.mp4,60,NA,
Baby_1405,2025-06-24 11:48:28.904,,172.403,Media file(s),player #1:C:\Users\esthe\Downloads\baby grizzly 14 _\Baby_1405_10_seven.mp4;C:\Users\esthe\Downloads\baby grizzly 14 _\Baby_1405_11_three.mp4;C:\Users\esthe\Downloads\baby grizzly 14 _\Baby_1405_12_three.mp4;C:\Users\esthe\Downloads\baby grizzly 14 _\Baby_1405_13_five.mp4;C:\Users\esthe\Downloads\baby grizzly 14 _\Baby_1405_14_two.mp4;C:\Users\esthe\Downloads\baby grizzly 14 _\Baby_1405_15_onehalf.mp4;C:\Users\esthe\Downloads\baby grizzly 14 _\Baby_1405_16_seven.mp4;C:\Users\esthe\Downloads\baby grizzly 14 _\Baby_1405_17_seven.mp4;C:\Users\esthe\Downloads\baby grizzly 14 _\Baby_1405_1_three.mp4;C:\Users\esthe\Downloads\baby grizzly 14 _\Baby_1405_2_seven.mp4;C:\Users\esthe\Downloads\baby grizzly 14 _\Baby_1405_3_five.mp4;C:\Users\esthe\Downloads\baby grizzly 14 _\Baby_1405_4_five.mp4;C:\Users\esthe\Downloads\baby grizzly 14 _\Baby_1405_5_seven.mp4;C:\Users\esthe\Downloads\baby grizzly 14 _\Baby_1405_6_seven.mp4;C:\Users\esthe\Downloads\baby grizzly 14 _\Baby_1405_7_seven.mp4;C:\Users\esthe\Downloads\baby grizzly 14 _\Baby_1405_8_two.mp4;C:\Users\esthe\Downloads\baby grizzly 14 _\Baby_1405_9_one.mp4,0.0,9.701;4.433;4.267;7.729;13.965;9.531;5.627;5.099;5.562;15.965;11.869;5.499;17.418;8.460;17.460;17.963;11.965,30.000;30.000;30.000;30.000;30.000;30.000;30.000;30.000;30.000;30.000;30.000;30.000;24.000;24.000;24.000;30.000;30.000,Baby_grizzly,peeling,,,START,119.199,C:\Users\esthe\Downloads\baby grizzly 14 _\Baby_1405_6_seven.mp4,61,NA,
Baby_1405,2025-06-24 11:48:28.904,,172.403,Media file(s),player #1:C:\Users\esthe\Downloads\baby grizzly 14 _\Baby_1405_10_seven.mp4;C:\Users\esthe\Downloads\baby grizzly 14 _\Baby_1405_11_three.mp4;C:\Users\esthe\Downloads\baby grizzly 14 _\Baby_1405_12_three.mp4;C:\Users\esthe\Downloads\baby grizzly 14 _\Baby_1405_13_five.mp4;C:\Users\esthe\Downloads\baby grizzly 14 _\Baby_1405_14_two.mp4;C:\Users\esthe\Downloads\baby grizzly 14 _\Baby_1405_15_onehalf.mp4;C:\Users\esthe\Downloads\baby grizzly 14 _\Baby_1405_16_seven.mp4;C:\Users\esthe\Downloads\baby grizzly 14 _\Baby_1405_17_seven.mp4;C:\Users\esthe\Downloads\baby grizzly 14 _\Baby_1405_1_three.mp4;C:\Users\esthe\Downloads\baby grizzly 14 _\Baby_1405_2_seven.mp4;C:\Users\esthe\Downloads\baby grizzly 14 _\Baby_1405_3_five.mp4;C:\Users\esthe\Downloads\baby grizzly 14 _\Baby_1405_4_five.mp4;C:\Users\esthe\Downloads\baby grizzly 14 _\Baby_1405_5_seven.mp4;C:\Users\esthe\Downloads\baby grizzly 14 _\Baby_1405_6_seven.mp4;C:\Users\esthe\Downloads\baby grizzly 14 _\Baby_1405_7_seven.mp4;C:\Users\esthe\Downloads\baby grizzly 14 _\Baby_1405_8_two.mp4;C:\Users\esthe\Downloads\baby grizzly 14 _\Baby_1405_9_one.mp4,0.0,9.701;4.433;4.267;7.729;13.965;9.531;5.627;5.099;5.562;15.965;11.869;5.499;17.418;8.460;17.460;17.963;11.965,30.000;30.000;30.000;30.000;30.000;30.000;30.000;30.000;30.000;30.000;30.000;30.000;24.000;24.000;24.000;30.000;30.000,Baby_grizzly,ear clapping,,,POINT,119.866,C:\Users\esthe\Downloads\baby grizzly 14 _\Baby_1405_6_seven.mp4,77,NA,
Baby_1405,2025-06-24 11:48:28.904,,172.403,Media file(s),player #1:C:\Users\esthe\Downloads\baby grizzly 14 _\Baby_1405_10_seven.mp4;C:\Users\esthe\Downloads\baby grizzly 14 _\Baby_1405_11_three.mp4;C:\Users\esthe\Downloads\baby grizzly 14 _\Baby_1405_12_three.mp4;C:\Users\esthe\Downloads\baby grizzly 14 _\Baby_1405_13_five.mp4;C:\Users\esthe\Downloads\baby grizzly 14 _\Baby_1405_14_two.mp4;C:\Users\esthe\Downloads\baby grizzly 14 _\Baby_1405_15_onehalf.mp4;C:\Users\esthe\Downloads\baby grizzly 14 _\Baby_1405_16_seven.mp4;C:\Users\esthe\Downloads\baby grizzly 14 _\Baby_1405_17_seven.mp4;C:\Users\esthe\Downloads\baby grizzly 14 _\Baby_1405_1_three.mp4;C:\Users\esthe\Downloads\baby grizzly 14 _\Baby_1405_2_seven.mp4;C:\Users\esthe\Downloads\baby grizzly 14 _\Baby_1405_3_five.mp4;C:\Users\esthe\Downloads\baby grizzly 14 _\Baby_1405_4_five.mp4;C:\Users\esthe\Downloads\baby grizzly 14 _\Baby_1405_5_seven.mp4;C:\Users\esthe\Downloads\baby grizzly 14 _\Baby_1405_6_seven.mp4;C:\Users\esthe\Downloads\baby grizzly 14 _\Baby_1405_7_seven.mp4;C:\Users\esthe\Downloads\baby grizzly 14 _\Baby_1405_8_two.mp4;C:\Users\esthe\Downloads\baby grizzly 14 _\Baby_1405_9_one.mp4,0.0,9.701;4.433;4.267;7.729;13.965;9.531;5.627;5.099;5.562;15.965;11.869;5.499;17.418;8.460;17.460;17.963;11.965,30.000;30.000;30.000;30.000;30.000;30.000;30.000;30.000;30.000;30.000;30.000;30.000;24.000;24.000;24.000;30.000;30.000,Baby_grizzly,ear clapping,,,POINT,120.699,C:\Users\esthe\Downloads\baby grizzly 14 _\Baby_1405_6_seven.mp4,97,NA,
Baby_1405,2025-06-24 11:48:28.904,,172.403,Media file(s),player #1:C:\Users\esthe\Downloads\baby grizzly 14 _\Baby_1405_10_seven.mp4;C:\Users\esthe\Downloads\baby grizzly 14 _\Baby_1405_11_three.mp4;C:\Users\esthe\Downloads\baby grizzly 14 _\Baby_1405_12_three.mp4;C:\Users\esthe\Downloads\baby grizzly 14 _\Baby_1405_13_five.mp4;C:\Users\esthe\Downloads\baby grizzly 14 _\Baby_1405_14_two.mp4;C:\Users\esthe\Downloads\baby grizzly 14 _\Baby_1405_15_onehalf.mp4;C:\Users\esthe\Downloads\baby grizzly 14 _\Baby_1405_16_seven.mp4;C:\Users\esthe\Downloads\baby grizzly 14 _\Baby_1405_17_seven.mp4;C:\Users\esthe\Downloads\baby grizzly 14 _\Baby_1405_1_three.mp4;C:\Users\esthe\Downloads\baby grizzly 14 _\Baby_1405_2_seven.mp4;C:\Users\esthe\Downloads\baby grizzly 14 _\Baby_1405_3_five.mp4;C:\Users\esthe\Downloads\baby grizzly 14 _\Baby_1405_4_five.mp4;C:\Users\esthe\Downloads\baby grizzly 14 _\Baby_1405_5_seven.mp4;C:\Users\esthe\Downloads\baby grizzly 14 _\Baby_1405_6_seven.mp4;C:\Users\esthe\Downloads\baby grizzly 14 _\Baby_1405_7_seven.mp4;C:\Users\esthe\Downloads\baby grizzly 14 _\Baby_1405_8_two.mp4;C:\Users\esthe\Downloads\baby grizzly 14 _\Baby_1405_9_one.mp4,0.0,9.701;4.433;4.267;7.729;13.965;9.531;5.627;5.099;5.562;15.965;11.869;5.499;17.418;8.460;17.460;17.963;11.965,30.000;30.000;30.000;30.000;30.000;30.000;30.000;30.000;30.000;30.000;30.000;30.000;24.000;24.000;24.000;30.000;30.000,Baby_grizzly,ear clapping,,,POINT,120.907,C:\Users\esthe\Downloads\baby grizzly 14 _\Baby_1405_6_seven.mp4,102,NA,
Baby_1405,2025-06-24 11:48:28.904,,172.403,Media file(s),player #1:C:\Users\esthe\Downloads\baby grizzly 14 _\Baby_1405_10_seven.mp4;C:\Users\esthe\Downloads\baby grizzly 14 _\Baby_1405_11_three.mp4;C:\Users\esthe\Downloads\baby grizzly 14 _\Baby_1405_12_three.mp4;C:\Users\esthe\Downloads\baby grizzly 14 _\Baby_1405_13_five.mp4;C:\Users\esthe\Downloads\baby grizzly 14 _\Baby_1405_14_two.mp4;C:\Users\esthe\Downloads\baby grizzly 14 _\Baby_1405_15_onehalf.mp4;C:\Users\esthe\Downloads\baby grizzly 14 _\Baby_1405_16_seven.mp4;C:\Users\esthe\Downloads\baby grizzly 14 _\Baby_1405_17_seven.mp4;C:\Users\esthe\Downloads\baby grizzly 14 _\Baby_1405_1_three.mp4;C:\Users\esthe\Downloads\baby grizzly 14 _\Baby_1405_2_seven.mp4;C:\Users\esthe\Downloads\baby grizzly 14 _\Baby_1405_3_five.mp4;C:\Users\esthe\Downloads\baby grizzly 14 _\Baby_1405_4_five.mp4;C:\Users\esthe\Downloads\baby grizzly 14 _\Baby_1405_5_seven.mp4;C:\Users\esthe\Downloads\baby grizzly 14 _\Baby_1405_6_seven.mp4;C:\Users\esthe\Downloads\baby grizzly 14 _\Baby_1405_7_seven.mp4;C:\Users\esthe\Downloads\baby grizzly 14 _\Baby_1405_8_two.mp4;C:\Users\esthe\Downloads\baby grizzly 14 _\Baby_1405_9_one.mp4,0.0,9.701;4.433;4.267;7.729;13.965;9.531;5.627;5.099;5.562;15.965;11.869;5.499;17.418;8.460;17.460;17.963;11.965,30.000;30.000;30.000;30.000;30.000;30.000;30.000;30.000;30.000;30.000;30.000;30.000;24.000;24.000;24.000;30.000;30.000,Baby_grizzly,peeling,,,STOP,120.991,C:\Users\esthe\Downloads\baby grizzly 14 _\Baby_1405_6_seven.mp4,104,NA,
Baby_1405,2025-06-24 11:48:28.904,,172.403,Media file(s),player #1:C:\Users\esthe\Downloads\baby grizzly 14 _\Baby_1405_10_seven.mp4;C:\Users\esthe\Downloads\baby grizzly 14 _\Baby_1405_11_three.mp4;C:\Users\esthe\Downloads\baby grizzly 14 _\Baby_1405_12_three.mp4;C:\Users\esthe\Downloads\baby grizzly 14 _\Baby_1405_13_five.mp4;C:\Users\esthe\Downloads\baby grizzly 14 _\Baby_1405_14_two.mp4;C:\Users\esthe\Downloads\baby grizzly 14 _\Baby_1405_15_onehalf.mp4;C:\Users\esthe\Downloads\baby grizzly 14 _\Baby_1405_16_seven.mp4;C:\Users\esthe\Downloads\baby grizzly 14 _\Baby_1405_17_seven.mp4;C:\Users\esthe\Downloads\baby grizzly 14 _\Baby_1405_1_three.mp4;C:\Users\esthe\Downloads\baby grizzly 14 _\Baby_1405_2_seven.mp4;C:\Users\esthe\Downloads\baby grizzly 14 _\Baby_1405_3_five.mp4;C:\Users\esthe\Downloads\baby grizzly 14 _\Baby_1405_4_five.mp4;C:\Users\esthe\Downloads\baby grizzly 14 _\Baby_1405_5_seven.mp4;C:\Users\esthe\Downloads\baby grizzly 14 _\Baby_1405_6_seven.mp4;C:\Users\esthe\Downloads\baby grizzly 14 _\Baby_1405_7_seven.mp4;C:\Users\esthe\Downloads\baby grizzly 14 _\Baby_1405_8_two.mp4;C:\Users\esthe\Downloads\baby grizzly 14 _\Baby_1405_9_one.mp4,0.0,9.701;4.433;4.267;7.729;13.965;9.531;5.627;5.099;5.562;15.965;11.869;5.499;17.418;8.460;17.460;17.963;11.965,30.000;30.000;30.000;30.000;30.000;30.000;30.000;30.000;30.000;30.000;30.000;30.000;24.000;24.000;24.000;30.000;30.000,Baby_grizzly,eating,,,START,121.157,C:\Users\esthe\Downloads\baby grizzly 14 _\Baby_1405_6_seven.mp4,108,NA,
Baby_1405,2025-06-24 11:48:28.904,,172.403,Media file(s),player #1:C:\Users\esthe\Downloads\baby grizzly 14 _\Baby_1405_10_seven.mp4;C:\Users\esthe\Downloads\baby grizzly 14 _\Baby_1405_11_three.mp4;C:\Users\esthe\Downloads\baby grizzly 14 _\Baby_1405_12_three.mp4;C:\Users\esthe\Downloads\baby grizzly 14 _\Baby_1405_13_five.mp4;C:\Users\esthe\Downloads\baby grizzly 14 _\Baby_1405_14_two.mp4;C:\Users\esthe\Downloads\baby grizzly 14 _\Baby_1405_15_onehalf.mp4;C:\Users\esthe\Downloads\baby grizzly 14 _\Baby_1405_16_seven.mp4;C:\Users\esthe\Downloads\baby grizzly 14 _\Baby_1405_17_seven.mp4;C:\Users\esthe\Downloads\baby grizzly 14 _\Baby_1405_1_three.mp4;C:\Users\esthe\Downloads\baby grizzly 14 _\Baby_1405_2_seven.mp4;C:\Users\esthe\Downloads\baby grizzly 14 _\Baby_1405_3_five.mp4;C:\Users\esthe\Downloads\baby grizzly 14 _\Baby_1405_4_five.mp4;C:\Users\esthe\Downloads\baby grizzly 14 _\Baby_1405_5_seven.mp4;C:\Users\esthe\Downloads\baby grizzly 14 _\Baby_1405_6_seven.mp4;C:\Users\esthe\Downloads\baby grizzly 14 _\Baby_1405_7_seven.mp4;C:\Users\esthe\Downloads\baby grizzly 14 _\Baby_1405_8_two.mp4;C:\Users\esthe\Downloads\baby grizzly 14 _\Baby_1405_9_one.mp4,0.0,9.701;4.433;4.267;7.729;13.965;9.531;5.627;5.099;5.562;15.965;11.869;5.499;17.418;8.460;17.460;17.963;11.965,30.000;30.000;30.000;30.000;30.000;30.000;30.000;30.000;30.000;30.000;30.000;30.000;24.000;24.000;24.000;30.000;30.000,Baby_grizzly,eating,,,STOP,122.366,C:\Users\esthe\Downloads\baby grizzly 14 _\Baby_1405_6_seven.mp4,137,NA,
Baby_1405,2025-06-24 11:48:28.904,,172.403,Media file(s),player #1:C:\Users\esthe\Downloads\baby grizzly 14 _\Baby_1405_10_seven.mp4;C:\Users\esthe\Downloads\baby grizzly 14 _\Baby_1405_11_three.mp4;C:\Users\esthe\Downloads\baby grizzly 14 _\Baby_1405_12_three.mp4;C:\Users\esthe\Downloads\baby grizzly 14 _\Baby_1405_13_five.mp4;C:\Users\esthe\Downloads\baby grizzly 14 _\Baby_1405_14_two.mp4;C:\Users\esthe\Downloads\baby grizzly 14 _\Baby_1405_15_onehalf.mp4;C:\Users\esthe\Downloads\baby grizzly 14 _\Baby_1405_16_seven.mp4;C:\Users\esthe\Downloads\baby grizzly 14 _\Baby_1405_17_seven.mp4;C:\Users\esthe\Downloads\baby grizzly 14 _\Baby_1405_1_three.mp4;C:\Users\esthe\Downloads\baby grizzly 14 _\Baby_1405_2_seven.mp4;C:\Users\esthe\Downloads\baby grizzly 14 _\Baby_1405_3_five.mp4;C:\Users\esthe\Downloads\baby grizzly 14 _\Baby_1405_4_five.mp4;C:\Users\esthe\Downloads\baby grizzly 14 _\Baby_1405_5_seven.mp4;C:\Users\esthe\Downloads\baby grizzly 14 _\Baby_1405_6_seven.mp4;C:\Users\esthe\Downloads\baby grizzly 14 _\Baby_1405_7_seven.mp4;C:\Users\esthe\Downloads\baby grizzly 14 _\Baby_1405_8_two.mp4;C:\Users\esthe\Downloads\baby grizzly 14 _\Baby_1405_9_one.mp4,0.0,9.701;4.433;4.267;7.729;13.965;9.531;5.627;5.099;5.562;15.965;11.869;5.499;17.418;8.460;17.460;17.963;11.965,30.000;30.000;30.000;30.000;30.000;30.000;30.000;30.000;30.000;30.000;30.000;30.000;24.000;24.000;24.000;30.000;30.000,Baby_grizzly,ear clapping,,,POINT,122.449,C:\Users\esthe\Downloads\baby grizzly 14 _\Baby_1405_6_seven.mp4,139,NA,
Baby_1405,2025-06-24 11:48:28.904,,172.403,Media file(s),player #1:C:\Users\esthe\Downloads\baby grizzly 14 _\Baby_1405_10_seven.mp4;C:\Users\esthe\Downloads\baby grizzly 14 _\Baby_1405_11_three.mp4;C:\Users\esthe\Downloads\baby grizzly 14 _\Baby_1405_12_three.mp4;C:\Users\esthe\Downloads\baby grizzly 14 _\Baby_1405_13_five.mp4;C:\Users\esthe\Downloads\baby grizzly 14 _\Baby_1405_14_two.mp4;C:\Users\esthe\Downloads\baby grizzly 14 _\Baby_1405_15_onehalf.mp4;C:\Users\esthe\Downloads\baby grizzly 14 _\Baby_1405_16_seven.mp4;C:\Users\esthe\Downloads\baby grizzly 14 _\Baby_1405_17_seven.mp4;C:\Users\esthe\Downloads\baby grizzly 14 _\Baby_1405_1_three.mp4;C:\Users\esthe\Downloads\baby grizzly 14 _\Baby_1405_2_seven.mp4;C:\Users\esthe\Downloads\baby grizzly 14 _\Baby_1405_3_five.mp4;C:\Users\esthe\Downloads\baby grizzly 14 _\Baby_1405_4_five.mp4;C:\Users\esthe\Downloads\baby grizzly 14 _\Baby_1405_5_seven.mp4;C:\Users\esthe\Downloads\baby grizzly 14 _\Baby_1405_6_seven.mp4;C:\Users\esthe\Downloads\baby grizzly 14 _\Baby_1405_7_seven.mp4;C:\Users\esthe\Downloads\baby grizzly 14 _\Baby_1405_8_two.mp4;C:\Users\esthe\Downloads\baby grizzly 14 _\Baby_1405_9_one.mp4,0.0,9.701;4.433;4.267;7.729;13.965;9.531;5.627;5.099;5.562;15.965;11.869;5.499;17.418;8.460;17.460;17.963;11.965,30.000;30.000;30.000;30.000;30.000;30.000;30.000;30.000;30.000;30.000;30.000;30.000;24.000;24.000;24.000;30.000;30.000,Baby_grizzly,chewing,,,START,122.574,C:\Users\esthe\Downloads\baby grizzly 14 _\Baby_1405_6_seven.mp4,142,NA,
Baby_1405,2025-06-24 11:48:28.904,,172.403,Media file(s),player #1:C:\Users\esthe\Downloads\baby grizzly 14 _\Baby_1405_10_seven.mp4;C:\Users\esthe\Downloads\baby grizzly 14 _\Baby_1405_11_three.mp4;C:\Users\esthe\Downloads\baby grizzly 14 _\Baby_1405_12_three.mp4;C:\Users\esthe\Downloads\baby grizzly 14 _\Baby_1405_13_five.mp4;C:\Users\esthe\Downloads\baby grizzly 14 _\Baby_1405_14_two.mp4;C:\Users\esthe\Downloads\baby grizzly 14 _\Baby_1405_15_onehalf.mp4;C:\Users\esthe\Downloads\baby grizzly 14 _\Baby_1405_16_seven.mp4;C:\Users\esthe\Downloads\baby grizzly 14 _\Baby_1405_17_seven.mp4;C:\Users\esthe\Downloads\baby grizzly 14 _\Baby_1405_1_three.mp4;C:\Users\esthe\Downloads\baby grizzly 14 _\Baby_1405_2_seven.mp4;C:\Users\esthe\Downloads\baby grizzly 14 _\Baby_1405_3_five.mp4;C:\Users\esthe\Downloads\baby grizzly 14 _\Baby_1405_4_five.mp4;C:\Users\esthe\Downloads\baby grizzly 14 _\Baby_1405_5_seven.mp4;C:\Users\esthe\Downloads\baby grizzly 14 _\Baby_1405_6_seven.mp4;C:\Users\esthe\Downloads\baby grizzly 14 _\Baby_1405_7_seven.mp4;C:\Users\esthe\Downloads\baby grizzly 14 _\Baby_1405_8_two.mp4;C:\Users\esthe\Downloads\baby grizzly 14 _\Baby_1405_9_one.mp4,0.0,9.701;4.433;4.267;7.729;13.965;9.531;5.627;5.099;5.562;15.965;11.869;5.499;17.418;8.460;17.460;17.963;11.965,30.000;30.000;30.000;30.000;30.000;30.000;30.000;30.000;30.000;30.000;30.000;30.000;24.000;24.000;24.000;30.000;30.000,Baby_grizzly,ear clapping,,,POINT,123.241,C:\Users\esthe\Downloads\baby grizzly 14 _\Baby_1405_6_seven.mp4,158,NA,
Baby_1405,2025-06-24 11:48:28.904,,172.403,Media file(s),player #1:C:\Users\esthe\Downloads\baby grizzly 14 _\Baby_1405_10_seven.mp4;C:\Users\esthe\Downloads\baby grizzly 14 _\Baby_1405_11_three.mp4;C:\Users\esthe\Downloads\baby grizzly 14 _\Baby_1405_12_three.mp4;C:\Users\esthe\Downloads\baby grizzly 14 _\Baby_1405_13_five.mp4;C:\Users\esthe\Downloads\baby grizzly 14 _\Baby_1405_14_two.mp4;C:\Users\esthe\Downloads\baby grizzly 14 _\Baby_1405_15_onehalf.mp4;C:\Users\esthe\Downloads\baby grizzly 14 _\Baby_1405_16_seven.mp4;C:\Users\esthe\Downloads\baby grizzly 14 _\Baby_1405_17_seven.mp4;C:\Users\esthe\Downloads\baby grizzly 14 _\Baby_1405_1_three.mp4;C:\Users\esthe\Downloads\baby grizzly 14 _\Baby_1405_2_seven.mp4;C:\Users\esthe\Downloads\baby grizzly 14 _\Baby_1405_3_five.mp4;C:\Users\esthe\Downloads\baby grizzly 14 _\Baby_1405_4_five.mp4;C:\Users\esthe\Downloads\baby grizzly 14 _\Baby_1405_5_seven.mp4;C:\Users\esthe\Downloads\baby grizzly 14 _\Baby_1405_6_seven.mp4;C:\Users\esthe\Downloads\baby grizzly 14 _\Baby_1405_7_seven.mp4;C:\Users\esthe\Downloads\baby grizzly 14 _\Baby_1405_8_two.mp4;C:\Users\esthe\Downloads\baby grizzly 14 _\Baby_1405_9_one.mp4,0.0,9.701;4.433;4.267;7.729;13.965;9.531;5.627;5.099;5.562;15.965;11.869;5.499;17.418;8.460;17.460;17.963;11.965,30.000;30.000;30.000;30.000;30.000;30.000;30.000;30.000;30.000;30.000;30.000;30.000;24.000;24.000;24.000;30.000;30.000,Baby_grizzly,chewing,,,STOP,124.449,C:\Users\esthe\Downloads\baby grizzly 14 _\Baby_1405_6_seven.mp4,187,NA,
Baby_1405,2025-06-24 11:48:28.904,,172.403,Media file(s),player #1:C:\Users\esthe\Downloads\baby grizzly 14 _\Baby_1405_10_seven.mp4;C:\Users\esthe\Downloads\baby grizzly 14 _\Baby_1405_11_three.mp4;C:\Users\esthe\Downloads\baby grizzly 14 _\Baby_1405_12_three.mp4;C:\Users\esthe\Downloads\baby grizzly 14 _\Baby_1405_13_five.mp4;C:\Users\esthe\Downloads\baby grizzly 14 _\Baby_1405_14_two.mp4;C:\Users\esthe\Downloads\baby grizzly 14 _\Baby_1405_15_onehalf.mp4;C:\Users\esthe\Downloads\baby grizzly 14 _\Baby_1405_16_seven.mp4;C:\Users\esthe\Downloads\baby grizzly 14 _\Baby_1405_17_seven.mp4;C:\Users\esthe\Downloads\baby grizzly 14 _\Baby_1405_1_three.mp4;C:\Users\esthe\Downloads\baby grizzly 14 _\Baby_1405_2_seven.mp4;C:\Users\esthe\Downloads\baby grizzly 14 _\Baby_1405_3_five.mp4;C:\Users\esthe\Downloads\baby grizzly 14 _\Baby_1405_4_five.mp4;C:\Users\esthe\Downloads\baby grizzly 14 _\Baby_1405_5_seven.mp4;C:\Users\esthe\Downloads\baby grizzly 14 _\Baby_1405_6_seven.mp4;C:\Users\esthe\Downloads\baby grizzly 14 _\Baby_1405_7_seven.mp4;C:\Users\esthe\Downloads\baby grizzly 14 _\Baby_1405_8_two.mp4;C:\Users\esthe\Downloads\baby grizzly 14 _\Baby_1405_9_one.mp4,0.0,9.701;4.433;4.267;7.729;13.965;9.531;5.627;5.099;5.562;15.965;11.869;5.499;17.418;8.460;17.460;17.963;11.965,30.000;30.000;30.000;30.000;30.000;30.000;30.000;30.000;30.000;30.000;30.000;30.000;24.000;24.000;24.000;30.000;30.000,Baby_grizzly,chewing,,,START,125.158,C:\Users\esthe\Downloads\baby grizzly 14 _\Baby_1405_7_seven.mp4,1,NA,
Baby_1405,2025-06-24 11:48:28.904,,172.403,Media file(s),player #1:C:\Users\esthe\Downloads\baby grizzly 14 _\Baby_1405_10_seven.mp4;C:\Users\esthe\Downloads\baby grizzly 14 _\Baby_1405_11_three.mp4;C:\Users\esthe\Downloads\baby grizzly 14 _\Baby_1405_12_three.mp4;C:\Users\esthe\Downloads\baby grizzly 14 _\Baby_1405_13_five.mp4;C:\Users\esthe\Downloads\baby grizzly 14 _\Baby_1405_14_two.mp4;C:\Users\esthe\Downloads\baby grizzly 14 _\Baby_1405_15_onehalf.mp4;C:\Users\esthe\Downloads\baby grizzly 14 _\Baby_1405_16_seven.mp4;C:\Users\esthe\Downloads\baby grizzly 14 _\Baby_1405_17_seven.mp4;C:\Users\esthe\Downloads\baby grizzly 14 _\Baby_1405_1_three.mp4;C:\Users\esthe\Downloads\baby grizzly 14 _\Baby_1405_2_seven.mp4;C:\Users\esthe\Downloads\baby grizzly 14 _\Baby_1405_3_five.mp4;C:\Users\esthe\Downloads\baby grizzly 14 _\Baby_1405_4_five.mp4;C:\Users\esthe\Downloads\baby grizzly 14 _\Baby_1405_5_seven.mp4;C:\Users\esthe\Downloads\baby grizzly 14 _\Baby_1405_6_seven.mp4;C:\Users\esthe\Downloads\baby grizzly 14 _\Baby_1405_7_seven.mp4;C:\Users\esthe\Downloads\baby grizzly 14 _\Baby_1405_8_two.mp4;C:\Users\esthe\Downloads\baby grizzly 14 _\Baby_1405_9_one.mp4,0.0,9.701;4.433;4.267;7.729;13.965;9.531;5.627;5.099;5.562;15.965;11.869;5.499;17.418;8.460;17.460;17.963;11.965,30.000;30.000;30.000;30.000;30.000;30.000;30.000;30.000;30.000;30.000;30.000;30.000;24.000;24.000;24.000;30.000;30.000,Baby_grizzly,chewing,,,STOP,127.158,C:\Users\esthe\Downloads\baby grizzly 14 _\Baby_1405_7_seven.mp4,49,NA,
Baby_1405,2025-06-24 11:48:28.904,,172.403,Media file(s),player #1:C:\Users\esthe\Downloads\baby grizzly 14 _\Baby_1405_10_seven.mp4;C:\Users\esthe\Downloads\baby grizzly 14 _\Baby_1405_11_three.mp4;C:\Users\esthe\Downloads\baby grizzly 14 _\Baby_1405_12_three.mp4;C:\Users\esthe\Downloads\baby grizzly 14 _\Baby_1405_13_five.mp4;C:\Users\esthe\Downloads\baby grizzly 14 _\Baby_1405_14_two.mp4;C:\Users\esthe\Downloads\baby grizzly 14 _\Baby_1405_15_onehalf.mp4;C:\Users\esthe\Downloads\baby grizzly 14 _\Baby_1405_16_seven.mp4;C:\Users\esthe\Downloads\baby grizzly 14 _\Baby_1405_17_seven.mp4;C:\Users\esthe\Downloads\baby grizzly 14 _\Baby_1405_1_three.mp4;C:\Users\esthe\Downloads\baby grizzly 14 _\Baby_1405_2_seven.mp4;C:\Users\esthe\Downloads\baby grizzly 14 _\Baby_1405_3_five.mp4;C:\Users\esthe\Downloads\baby grizzly 14 _\Baby_1405_4_five.mp4;C:\Users\esthe\Downloads\baby grizzly 14 _\Baby_1405_5_seven.mp4;C:\Users\esthe\Downloads\baby grizzly 14 _\Baby_1405_6_seven.mp4;C:\Users\esthe\Downloads\baby grizzly 14 _\Baby_1405_7_seven.mp4;C:\Users\esthe\Downloads\baby grizzly 14 _\Baby_1405_8_two.mp4;C:\Users\esthe\Downloads\baby grizzly 14 _\Baby_1405_9_one.mp4,0.0,9.701;4.433;4.267;7.729;13.965;9.531;5.627;5.099;5.562;15.965;11.869;5.499;17.418;8.460;17.460;17.963;11.965,30.000;30.000;30.000;30.000;30.000;30.000;30.000;30.000;30.000;30.000;30.000;30.000;24.000;24.000;24.000;30.000;30.000,Baby_grizzly,mouth,,,POINT,127.242,C:\Users\esthe\Downloads\baby grizzly 14 _\Baby_1405_7_seven.mp4,51,NA,
Baby_1405,2025-06-24 11:48:28.904,,172.403,Media file(s),player #1:C:\Users\esthe\Downloads\baby grizzly 14 _\Baby_1405_10_seven.mp4;C:\Users\esthe\Downloads\baby grizzly 14 _\Baby_1405_11_three.mp4;C:\Users\esthe\Downloads\baby grizzly 14 _\Baby_1405_12_three.mp4;C:\Users\esthe\Downloads\baby grizzly 14 _\Baby_1405_13_five.mp4;C:\Users\esthe\Downloads\baby grizzly 14 _\Baby_1405_14_two.mp4;C:\Users\esthe\Downloads\baby grizzly 14 _\Baby_1405_15_onehalf.mp4;C:\Users\esthe\Downloads\baby grizzly 14 _\Baby_1405_16_seven.mp4;C:\Users\esthe\Downloads\baby grizzly 14 _\Baby_1405_17_seven.mp4;C:\Users\esthe\Downloads\baby grizzly 14 _\Baby_1405_1_three.mp4;C:\Users\esthe\Downloads\baby grizzly 14 _\Baby_1405_2_seven.mp4;C:\Users\esthe\Downloads\baby grizzly 14 _\Baby_1405_3_five.mp4;C:\Users\esthe\Downloads\baby grizzly 14 _\Baby_1405_4_five.mp4;C:\Users\esthe\Downloads\baby grizzly 14 _\Baby_1405_5_seven.mp4;C:\Users\esthe\Downloads\baby grizzly 14 _\Baby_1405_6_seven.mp4;C:\Users\esthe\Downloads\baby grizzly 14 _\Baby_1405_7_seven.mp4;C:\Users\esthe\Downloads\baby grizzly 14 _\Baby_1405_8_two.mp4;C:\Users\esthe\Downloads\baby grizzly 14 _\Baby_1405_9_one.mp4,0.0,9.701;4.433;4.267;7.729;13.965;9.531;5.627;5.099;5.562;15.965;11.869;5.499;17.418;8.460;17.460;17.963;11.965,30.000;30.000;30.000;30.000;30.000;30.000;30.000;30.000;30.000;30.000;30.000;30.000;24.000;24.000;24.000;30.000;30.000,Baby_grizzly,target,,,START,127.824,C:\Users\esthe\Downloads\baby grizzly 14 _\Baby_1405_7_seven.mp4,65,NA,
Baby_1405,2025-06-24 11:48:28.904,,172.403,Media file(s),player #1:C:\Users\esthe\Downloads\baby grizzly 14 _\Baby_1405_10_seven.mp4;C:\Users\esthe\Downloads\baby grizzly 14 _\Baby_1405_11_three.mp4;C:\Users\esthe\Downloads\baby grizzly 14 _\Baby_1405_12_three.mp4;C:\Users\esthe\Downloads\baby grizzly 14 _\Baby_1405_13_five.mp4;C:\Users\esthe\Downloads\baby grizzly 14 _\Baby_1405_14_two.mp4;C:\Users\esthe\Downloads\baby grizzly 14 _\Baby_1405_15_onehalf.mp4;C:\Users\esthe\Downloads\baby grizzly 14 _\Baby_1405_16_seven.mp4;C:\Users\esthe\Downloads\baby grizzly 14 _\Baby_1405_17_seven.mp4;C:\Users\esthe\Downloads\baby grizzly 14 _\Baby_1405_1_three.mp4;C:\Users\esthe\Downloads\baby grizzly 14 _\Baby_1405_2_seven.mp4;C:\Users\esthe\Downloads\baby grizzly 14 _\Baby_1405_3_five.mp4;C:\Users\esthe\Downloads\baby grizzly 14 _\Baby_1405_4_five.mp4;C:\Users\esthe\Downloads\baby grizzly 14 _\Baby_1405_5_seven.mp4;C:\Users\esthe\Downloads\baby grizzly 14 _\Baby_1405_6_seven.mp4;C:\Users\esthe\Downloads\baby grizzly 14 _\Baby_1405_7_seven.mp4;C:\Users\esthe\Downloads\baby grizzly 14 _\Baby_1405_8_two.mp4;C:\Users\esthe\Downloads\baby grizzly 14 _\Baby_1405_9_one.mp4,0.0,9.701;4.433;4.267;7.729;13.965;9.531;5.627;5.099;5.562;15.965;11.869;5.499;17.418;8.460;17.460;17.963;11.965,30.000;30.000;30.000;30.000;30.000;30.000;30.000;30.000;30.000;30.000;30.000;30.000;24.000;24.000;24.000;30.000;30.000,Baby_grizzly,target,,,STOP,131.741,C:\Users\esthe\Downloads\baby grizzly 14 _\Baby_1405_7_seven.mp4,159,NA,
Baby_1405,2025-06-24 11:48:28.904,,172.403,Media file(s),player #1:C:\Users\esthe\Downloads\baby grizzly 14 _\Baby_1405_10_seven.mp4;C:\Users\esthe\Downloads\baby grizzly 14 _\Baby_1405_11_three.mp4;C:\Users\esthe\Downloads\baby grizzly 14 _\Baby_1405_12_three.mp4;C:\Users\esthe\Downloads\baby grizzly 14 _\Baby_1405_13_five.mp4;C:\Users\esthe\Downloads\baby grizzly 14 _\Baby_1405_14_two.mp4;C:\Users\esthe\Downloads\baby grizzly 14 _\Baby_1405_15_onehalf.mp4;C:\Users\esthe\Downloads\baby grizzly 14 _\Baby_1405_16_seven.mp4;C:\Users\esthe\Downloads\baby grizzly 14 _\Baby_1405_17_seven.mp4;C:\Users\esthe\Downloads\baby grizzly 14 _\Baby_1405_1_three.mp4;C:\Users\esthe\Downloads\baby grizzly 14 _\Baby_1405_2_seven.mp4;C:\Users\esthe\Downloads\baby grizzly 14 _\Baby_1405_3_five.mp4;C:\Users\esthe\Downloads\baby grizzly 14 _\Baby_1405_4_five.mp4;C:\Users\esthe\Downloads\baby grizzly 14 _\Baby_1405_5_seven.mp4;C:\Users\esthe\Downloads\baby grizzly 14 _\Baby_1405_6_seven.mp4;C:\Users\esthe\Downloads\baby grizzly 14 _\Baby_1405_7_seven.mp4;C:\Users\esthe\Downloads\baby grizzly 14 _\Baby_1405_8_two.mp4;C:\Users\esthe\Downloads\baby grizzly 14 _\Baby_1405_9_one.mp4,0.0,9.701;4.433;4.267;7.729;13.965;9.531;5.627;5.099;5.562;15.965;11.869;5.499;17.418;8.460;17.460;17.963;11.965,30.000;30.000;30.000;30.000;30.000;30.000;30.000;30.000;30.000;30.000;30.000;30.000;24.000;24.000;24.000;30.000;30.000,Baby_grizzly,assessing,,,START,131.824,C:\Users\esthe\Downloads\baby grizzly 14 _\Baby_1405_7_seven.mp4,161,NA,
Baby_1405,2025-06-24 11:48:28.904,,172.403,Media file(s),player #1:C:\Users\esthe\Downloads\baby grizzly 14 _\Baby_1405_10_seven.mp4;C:\Users\esthe\Downloads\baby grizzly 14 _\Baby_1405_11_three.mp4;C:\Users\esthe\Downloads\baby grizzly 14 _\Baby_1405_12_three.mp4;C:\Users\esthe\Downloads\baby grizzly 14 _\Baby_1405_13_five.mp4;C:\Users\esthe\Downloads\baby grizzly 14 _\Baby_1405_14_two.mp4;C:\Users\esthe\Downloads\baby grizzly 14 _\Baby_1405_15_onehalf.mp4;C:\Users\esthe\Downloads\baby grizzly 14 _\Baby_1405_16_seven.mp4;C:\Users\esthe\Downloads\baby grizzly 14 _\Baby_1405_17_seven.mp4;C:\Users\esthe\Downloads\baby grizzly 14 _\Baby_1405_1_three.mp4;C:\Users\esthe\Downloads\baby grizzly 14 _\Baby_1405_2_seven.mp4;C:\Users\esthe\Downloads\baby grizzly 14 _\Baby_1405_3_five.mp4;C:\Users\esthe\Downloads\baby grizzly 14 _\Baby_1405_4_five.mp4;C:\Users\esthe\Downloads\baby grizzly 14 _\Baby_1405_5_seven.mp4;C:\Users\esthe\Downloads\baby grizzly 14 _\Baby_1405_6_seven.mp4;C:\Users\esthe\Downloads\baby grizzly 14 _\Baby_1405_7_seven.mp4;C:\Users\esthe\Downloads\baby grizzly 14 _\Baby_1405_8_two.mp4;C:\Users\esthe\Downloads\baby grizzly 14 _\Baby_1405_9_one.mp4,0.0,9.701;4.433;4.267;7.729;13.965;9.531;5.627;5.099;5.562;15.965;11.869;5.499;17.418;8.460;17.460;17.963;11.965,30.000;30.000;30.000;30.000;30.000;30.000;30.000;30.000;30.000;30.000;30.000;30.000;24.000;24.000;24.000;30.000;30.000,Baby_grizzly,jaw movement,,,POINT,131.908,C:\Users\esthe\Downloads\baby grizzly 14 _\Baby_1405_7_seven.mp4,163,NA,
Baby_1405,2025-06-24 11:48:28.904,,172.403,Media file(s),player #1:C:\Users\esthe\Downloads\baby grizzly 14 _\Baby_1405_10_seven.mp4;C:\Users\esthe\Downloads\baby grizzly 14 _\Baby_1405_11_three.mp4;C:\Users\esthe\Downloads\baby grizzly 14 _\Baby_1405_12_three.mp4;C:\Users\esthe\Downloads\baby grizzly 14 _\Baby_1405_13_five.mp4;C:\Users\esthe\Downloads\baby grizzly 14 _\Baby_1405_14_two.mp4;C:\Users\esthe\Downloads\baby grizzly 14 _\Baby_1405_15_onehalf.mp4;C:\Users\esthe\Downloads\baby grizzly 14 _\Baby_1405_16_seven.mp4;C:\Users\esthe\Downloads\baby grizzly 14 _\Baby_1405_17_seven.mp4;C:\Users\esthe\Downloads\baby grizzly 14 _\Baby_1405_1_three.mp4;C:\Users\esthe\Downloads\baby grizzly 14 _\Baby_1405_2_seven.mp4;C:\Users\esthe\Downloads\baby grizzly 14 _\Baby_1405_3_five.mp4;C:\Users\esthe\Downloads\baby grizzly 14 _\Baby_1405_4_five.mp4;C:\Users\esthe\Downloads\baby grizzly 14 _\Baby_1405_5_seven.mp4;C:\Users\esthe\Downloads\baby grizzly 14 _\Baby_1405_6_seven.mp4;C:\Users\esthe\Downloads\baby grizzly 14 _\Baby_1405_7_seven.mp4;C:\Users\esthe\Downloads\baby grizzly 14 _\Baby_1405_8_two.mp4;C:\Users\esthe\Downloads\baby grizzly 14 _\Baby_1405_9_one.mp4,0.0,9.701;4.433;4.267;7.729;13.965;9.531;5.627;5.099;5.562;15.965;11.869;5.499;17.418;8.460;17.460;17.963;11.965,30.000;30.000;30.000;30.000;30.000;30.000;30.000;30.000;30.000;30.000;30.000;30.000;24.000;24.000;24.000;30.000;30.000,Baby_grizzly,licking,,,POINT,131.991,C:\Users\esthe\Downloads\baby grizzly 14 _\Baby_1405_7_seven.mp4,165,NA,
Baby_1405,2025-06-24 11:48:28.904,,172.403,Media file(s),player #1:C:\Users\esthe\Downloads\baby grizzly 14 _\Baby_1405_10_seven.mp4;C:\Users\esthe\Downloads\baby grizzly 14 _\Baby_1405_11_three.mp4;C:\Users\esthe\Downloads\baby grizzly 14 _\Baby_1405_12_three.mp4;C:\Users\esthe\Downloads\baby grizzly 14 _\Baby_1405_13_five.mp4;C:\Users\esthe\Downloads\baby grizzly 14 _\Baby_1405_14_two.mp4;C:\Users\esthe\Downloads\baby grizzly 14 _\Baby_1405_15_onehalf.mp4;C:\Users\esthe\Downloads\baby grizzly 14 _\Baby_1405_16_seven.mp4;C:\Users\esthe\Downloads\baby grizzly 14 _\Baby_1405_17_seven.mp4;C:\Users\esthe\Downloads\baby grizzly 14 _\Baby_1405_1_three.mp4;C:\Users\esthe\Downloads\baby grizzly 14 _\Baby_1405_2_seven.mp4;C:\Users\esthe\Downloads\baby grizzly 14 _\Baby_1405_3_five.mp4;C:\Users\esthe\Downloads\baby grizzly 14 _\Baby_1405_4_five.mp4;C:\Users\esthe\Downloads\baby grizzly 14 _\Baby_1405_5_seven.mp4;C:\Users\esthe\Downloads\baby grizzly 14 _\Baby_1405_6_seven.mp4;C:\Users\esthe\Downloads\baby grizzly 14 _\Baby_1405_7_seven.mp4;C:\Users\esthe\Downloads\baby grizzly 14 _\Baby_1405_8_two.mp4;C:\Users\esthe\Downloads\baby grizzly 14 _\Baby_1405_9_one.mp4,0.0,9.701;4.433;4.267;7.729;13.965;9.531;5.627;5.099;5.562;15.965;11.869;5.499;17.418;8.460;17.460;17.963;11.965,30.000;30.000;30.000;30.000;30.000;30.000;30.000;30.000;30.000;30.000;30.000;30.000;24.000;24.000;24.000;30.000;30.000,Baby_grizzly,chewing,,,START,132.199,C:\Users\esthe\Downloads\baby grizzly 14 _\Baby_1405_7_seven.mp4,170,NA,
Baby_1405,2025-06-24 11:48:28.904,,172.403,Media file(s),player #1:C:\Users\esthe\Downloads\baby grizzly 14 _\Baby_1405_10_seven.mp4;C:\Users\esthe\Downloads\baby grizzly 14 _\Baby_1405_11_three.mp4;C:\Users\esthe\Downloads\baby grizzly 14 _\Baby_1405_12_three.mp4;C:\Users\esthe\Downloads\baby grizzly 14 _\Baby_1405_13_five.mp4;C:\Users\esthe\Downloads\baby grizzly 14 _\Baby_1405_14_two.mp4;C:\Users\esthe\Downloads\baby grizzly 14 _\Baby_1405_15_onehalf.mp4;C:\Users\esthe\Downloads\baby grizzly 14 _\Baby_1405_16_seven.mp4;C:\Users\esthe\Downloads\baby grizzly 14 _\Baby_1405_17_seven.mp4;C:\Users\esthe\Downloads\baby grizzly 14 _\Baby_1405_1_three.mp4;C:\Users\esthe\Downloads\baby grizzly 14 _\Baby_1405_2_seven.mp4;C:\Users\esthe\Downloads\baby grizzly 14 _\Baby_1405_3_five.mp4;C:\Users\esthe\Downloads\baby grizzly 14 _\Baby_1405_4_five.mp4;C:\Users\esthe\Downloads\baby grizzly 14 _\Baby_1405_5_seven.mp4;C:\Users\esthe\Downloads\baby grizzly 14 _\Baby_1405_6_seven.mp4;C:\Users\esthe\Downloads\baby grizzly 14 _\Baby_1405_7_seven.mp4;C:\Users\esthe\Downloads\baby grizzly 14 _\Baby_1405_8_two.mp4;C:\Users\esthe\Downloads\baby grizzly 14 _\Baby_1405_9_one.mp4,0.0,9.701;4.433;4.267;7.729;13.965;9.531;5.627;5.099;5.562;15.965;11.869;5.499;17.418;8.460;17.460;17.963;11.965,30.000;30.000;30.000;30.000;30.000;30.000;30.000;30.000;30.000;30.000;30.000;30.000;24.000;24.000;24.000;30.000;30.000,Baby_grizzly,chewing,,,STOP,133.658,C:\Users\esthe\Downloads\baby grizzly 14 _\Baby_1405_7_seven.mp4,205,NA,
Baby_1405,2025-06-24 11:48:28.904,,172.403,Media file(s),player #1:C:\Users\esthe\Downloads\baby grizzly 14 _\Baby_1405_10_seven.mp4;C:\Users\esthe\Downloads\baby grizzly 14 _\Baby_1405_11_three.mp4;C:\Users\esthe\Downloads\baby grizzly 14 _\Baby_1405_12_three.mp4;C:\Users\esthe\Downloads\baby grizzly 14 _\Baby_1405_13_five.mp4;C:\Users\esthe\Downloads\baby grizzly 14 _\Baby_1405_14_two.mp4;C:\Users\esthe\Downloads\baby grizzly 14 _\Baby_1405_15_onehalf.mp4;C:\Users\esthe\Downloads\baby grizzly 14 _\Baby_1405_16_seven.mp4;C:\Users\esthe\Downloads\baby grizzly 14 _\Baby_1405_17_seven.mp4;C:\Users\esthe\Downloads\baby grizzly 14 _\Baby_1405_1_three.mp4;C:\Users\esthe\Downloads\baby grizzly 14 _\Baby_1405_2_seven.mp4;C:\Users\esthe\Downloads\baby grizzly 14 _\Baby_1405_3_five.mp4;C:\Users\esthe\Downloads\baby grizzly 14 _\Baby_1405_4_five.mp4;C:\Users\esthe\Downloads\baby grizzly 14 _\Baby_1405_5_seven.mp4;C:\Users\esthe\Downloads\baby grizzly 14 _\Baby_1405_6_seven.mp4;C:\Users\esthe\Downloads\baby grizzly 14 _\Baby_1405_7_seven.mp4;C:\Users\esthe\Downloads\baby grizzly 14 _\Baby_1405_8_two.mp4;C:\Users\esthe\Downloads\baby grizzly 14 _\Baby_1405_9_one.mp4,0.0,9.701;4.433;4.267;7.729;13.965;9.531;5.627;5.099;5.562;15.965;11.869;5.499;17.418;8.460;17.460;17.963;11.965,30.000;30.000;30.000;30.000;30.000;30.000;30.000;30.000;30.000;30.000;30.000;30.000;24.000;24.000;24.000;30.000;30.000,Baby_grizzly,licking,,,POINT,133.908,C:\Users\esthe\Downloads\baby grizzly 14 _\Baby_1405_7_seven.mp4,211,NA,
Baby_1405,2025-06-24 11:48:28.904,,172.403,Media file(s),player #1:C:\Users\esthe\Downloads\baby grizzly 14 _\Baby_1405_10_seven.mp4;C:\Users\esthe\Downloads\baby grizzly 14 _\Baby_1405_11_three.mp4;C:\Users\esthe\Downloads\baby grizzly 14 _\Baby_1405_12_three.mp4;C:\Users\esthe\Downloads\baby grizzly 14 _\Baby_1405_13_five.mp4;C:\Users\esthe\Downloads\baby grizzly 14 _\Baby_1405_14_two.mp4;C:\Users\esthe\Downloads\baby grizzly 14 _\Baby_1405_15_onehalf.mp4;C:\Users\esthe\Downloads\baby grizzly 14 _\Baby_1405_16_seven.mp4;C:\Users\esthe\Downloads\baby grizzly 14 _\Baby_1405_17_seven.mp4;C:\Users\esthe\Downloads\baby grizzly 14 _\Baby_1405_1_three.mp4;C:\Users\esthe\Downloads\baby grizzly 14 _\Baby_1405_2_seven.mp4;C:\Users\esthe\Downloads\baby grizzly 14 _\Baby_1405_3_five.mp4;C:\Users\esthe\Downloads\baby grizzly 14 _\Baby_1405_4_five.mp4;C:\Users\esthe\Downloads\baby grizzly 14 _\Baby_1405_5_seven.mp4;C:\Users\esthe\Downloads\baby grizzly 14 _\Baby_1405_6_seven.mp4;C:\Users\esthe\Downloads\baby grizzly 14 _\Baby_1405_7_seven.mp4;C:\Users\esthe\Downloads\baby grizzly 14 _\Baby_1405_8_two.mp4;C:\Users\esthe\Downloads\baby grizzly 14 _\Baby_1405_9_one.mp4,0.0,9.701;4.433;4.267;7.729;13.965;9.531;5.627;5.099;5.562;15.965;11.869;5.499;17.418;8.460;17.460;17.963;11.965,30.000;30.000;30.000;30.000;30.000;30.000;30.000;30.000;30.000;30.000;30.000;30.000;24.000;24.000;24.000;30.000;30.000,Baby_grizzly,sniffing,,,POINT,135.658,C:\Users\esthe\Downloads\baby grizzly 14 _\Baby_1405_7_seven.mp4,253,NA,
Baby_1405,2025-06-24 11:48:28.904,,172.403,Media file(s),player #1:C:\Users\esthe\Downloads\baby grizzly 14 _\Baby_1405_10_seven.mp4;C:\Users\esthe\Downloads\baby grizzly 14 _\Baby_1405_11_three.mp4;C:\Users\esthe\Downloads\baby grizzly 14 _\Baby_1405_12_three.mp4;C:\Users\esthe\Downloads\baby grizzly 14 _\Baby_1405_13_five.mp4;C:\Users\esthe\Downloads\baby grizzly 14 _\Baby_1405_14_two.mp4;C:\Users\esthe\Downloads\baby grizzly 14 _\Baby_1405_15_onehalf.mp4;C:\Users\esthe\Downloads\baby grizzly 14 _\Baby_1405_16_seven.mp4;C:\Users\esthe\Downloads\baby grizzly 14 _\Baby_1405_17_seven.mp4;C:\Users\esthe\Downloads\baby grizzly 14 _\Baby_1405_1_three.mp4;C:\Users\esthe\Downloads\baby grizzly 14 _\Baby_1405_2_seven.mp4;C:\Users\esthe\Downloads\baby grizzly 14 _\Baby_1405_3_five.mp4;C:\Users\esthe\Downloads\baby grizzly 14 _\Baby_1405_4_five.mp4;C:\Users\esthe\Downloads\baby grizzly 14 _\Baby_1405_5_seven.mp4;C:\Users\esthe\Downloads\baby grizzly 14 _\Baby_1405_6_seven.mp4;C:\Users\esthe\Downloads\baby grizzly 14 _\Baby_1405_7_seven.mp4;C:\Users\esthe\Downloads\baby grizzly 14 _\Baby_1405_8_two.mp4;C:\Users\esthe\Downloads\baby grizzly 14 _\Baby_1405_9_one.mp4,0.0,9.701;4.433;4.267;7.729;13.965;9.531;5.627;5.099;5.562;15.965;11.869;5.499;17.418;8.460;17.460;17.963;11.965,30.000;30.000;30.000;30.000;30.000;30.000;30.000;30.000;30.000;30.000;30.000;30.000;24.000;24.000;24.000;30.000;30.000,Baby_grizzly,jaw movement,,,POINT,136.075,C:\Users\esthe\Downloads\baby grizzly 14 _\Baby_1405_7_seven.mp4,263,NA,
Baby_1405,2025-06-24 11:48:28.904,,172.403,Media file(s),player #1:C:\Users\esthe\Downloads\baby grizzly 14 _\Baby_1405_10_seven.mp4;C:\Users\esthe\Downloads\baby grizzly 14 _\Baby_1405_11_three.mp4;C:\Users\esthe\Downloads\baby grizzly 14 _\Baby_1405_12_three.mp4;C:\Users\esthe\Downloads\baby grizzly 14 _\Baby_1405_13_five.mp4;C:\Users\esthe\Downloads\baby grizzly 14 _\Baby_1405_14_two.mp4;C:\Users\esthe\Downloads\baby grizzly 14 _\Baby_1405_15_onehalf.mp4;C:\Users\esthe\Downloads\baby grizzly 14 _\Baby_1405_16_seven.mp4;C:\Users\esthe\Downloads\baby grizzly 14 _\Baby_1405_17_seven.mp4;C:\Users\esthe\Downloads\baby grizzly 14 _\Baby_1405_1_three.mp4;C:\Users\esthe\Downloads\baby grizzly 14 _\Baby_1405_2_seven.mp4;C:\Users\esthe\Downloads\baby grizzly 14 _\Baby_1405_3_five.mp4;C:\Users\esthe\Downloads\baby grizzly 14 _\Baby_1405_4_five.mp4;C:\Users\esthe\Downloads\baby grizzly 14 _\Baby_1405_5_seven.mp4;C:\Users\esthe\Downloads\baby grizzly 14 _\Baby_1405_6_seven.mp4;C:\Users\esthe\Downloads\baby grizzly 14 _\Baby_1405_7_seven.mp4;C:\Users\esthe\Downloads\baby grizzly 14 _\Baby_1405_8_two.mp4;C:\Users\esthe\Downloads\baby grizzly 14 _\Baby_1405_9_one.mp4,0.0,9.701;4.433;4.267;7.729;13.965;9.531;5.627;5.099;5.562;15.965;11.869;5.499;17.418;8.460;17.460;17.963;11.965,30.000;30.000;30.000;30.000;30.000;30.000;30.000;30.000;30.000;30.000;30.000;30.000;24.000;24.000;24.000;30.000;30.000,Baby_grizzly,mouth,,,POINT,136.367,C:\Users\esthe\Downloads\baby grizzly 14 _\Baby_1405_7_seven.mp4,270,NA,
Baby_1405,2025-06-24 11:48:28.904,,172.403,Media file(s),player #1:C:\Users\esthe\Downloads\baby grizzly 14 _\Baby_1405_10_seven.mp4;C:\Users\esthe\Downloads\baby grizzly 14 _\Baby_1405_11_three.mp4;C:\Users\esthe\Downloads\baby grizzly 14 _\Baby_1405_12_three.mp4;C:\Users\esthe\Downloads\baby grizzly 14 _\Baby_1405_13_five.mp4;C:\Users\esthe\Downloads\baby grizzly 14 _\Baby_1405_14_two.mp4;C:\Users\esthe\Downloads\baby grizzly 14 _\Baby_1405_15_onehalf.mp4;C:\Users\esthe\Downloads\baby grizzly 14 _\Baby_1405_16_seven.mp4;C:\Users\esthe\Downloads\baby grizzly 14 _\Baby_1405_17_seven.mp4;C:\Users\esthe\Downloads\baby grizzly 14 _\Baby_1405_1_three.mp4;C:\Users\esthe\Downloads\baby grizzly 14 _\Baby_1405_2_seven.mp4;C:\Users\esthe\Downloads\baby grizzly 14 _\Baby_1405_3_five.mp4;C:\Users\esthe\Downloads\baby grizzly 14 _\Baby_1405_4_five.mp4;C:\Users\esthe\Downloads\baby grizzly 14 _\Baby_1405_5_seven.mp4;C:\Users\esthe\Downloads\baby grizzly 14 _\Baby_1405_6_seven.mp4;C:\Users\esthe\Downloads\baby grizzly 14 _\Baby_1405_7_seven.mp4;C:\Users\esthe\Downloads\baby grizzly 14 _\Baby_1405_8_two.mp4;C:\Users\esthe\Downloads\baby grizzly 14 _\Baby_1405_9_one.mp4,0.0,9.701;4.433;4.267;7.729;13.965;9.531;5.627;5.099;5.562;15.965;11.869;5.499;17.418;8.460;17.460;17.963;11.965,30.000;30.000;30.000;30.000;30.000;30.000;30.000;30.000;30.000;30.000;30.000;30.000;24.000;24.000;24.000;30.000;30.000,Baby_grizzly,assessing,,,STOP,136.492,C:\Users\esthe\Downloads\baby grizzly 14 _\Baby_1405_7_seven.mp4,273,NA,
Baby_1405,2025-06-24 11:48:28.904,,172.403,Media file(s),player #1:C:\Users\esthe\Downloads\baby grizzly 14 _\Baby_1405_10_seven.mp4;C:\Users\esthe\Downloads\baby grizzly 14 _\Baby_1405_11_three.mp4;C:\Users\esthe\Downloads\baby grizzly 14 _\Baby_1405_12_three.mp4;C:\Users\esthe\Downloads\baby grizzly 14 _\Baby_1405_13_five.mp4;C:\Users\esthe\Downloads\baby grizzly 14 _\Baby_1405_14_two.mp4;C:\Users\esthe\Downloads\baby grizzly 14 _\Baby_1405_15_onehalf.mp4;C:\Users\esthe\Downloads\baby grizzly 14 _\Baby_1405_16_seven.mp4;C:\Users\esthe\Downloads\baby grizzly 14 _\Baby_1405_17_seven.mp4;C:\Users\esthe\Downloads\baby grizzly 14 _\Baby_1405_1_three.mp4;C:\Users\esthe\Downloads\baby grizzly 14 _\Baby_1405_2_seven.mp4;C:\Users\esthe\Downloads\baby grizzly 14 _\Baby_1405_3_five.mp4;C:\Users\esthe\Downloads\baby grizzly 14 _\Baby_1405_4_five.mp4;C:\Users\esthe\Downloads\baby grizzly 14 _\Baby_1405_5_seven.mp4;C:\Users\esthe\Downloads\baby grizzly 14 _\Baby_1405_6_seven.mp4;C:\Users\esthe\Downloads\baby grizzly 14 _\Baby_1405_7_seven.mp4;C:\Users\esthe\Downloads\baby grizzly 14 _\Baby_1405_8_two.mp4;C:\Users\esthe\Downloads\baby grizzly 14 _\Baby_1405_9_one.mp4,0.0,9.701;4.433;4.267;7.729;13.965;9.531;5.627;5.099;5.562;15.965;11.869;5.499;17.418;8.460;17.460;17.963;11.965,30.000;30.000;30.000;30.000;30.000;30.000;30.000;30.000;30.000;30.000;30.000;30.000;24.000;24.000;24.000;30.000;30.000,Baby_grizzly,target,,,START,136.700,C:\Users\esthe\Downloads\baby grizzly 14 _\Baby_1405_7_seven.mp4,278,NA,
Baby_1405,2025-06-24 11:48:28.904,,172.403,Media file(s),player #1:C:\Users\esthe\Downloads\baby grizzly 14 _\Baby_1405_10_seven.mp4;C:\Users\esthe\Downloads\baby grizzly 14 _\Baby_1405_11_three.mp4;C:\Users\esthe\Downloads\baby grizzly 14 _\Baby_1405_12_three.mp4;C:\Users\esthe\Downloads\baby grizzly 14 _\Baby_1405_13_five.mp4;C:\Users\esthe\Downloads\baby grizzly 14 _\Baby_1405_14_two.mp4;C:\Users\esthe\Downloads\baby grizzly 14 _\Baby_1405_15_onehalf.mp4;C:\Users\esthe\Downloads\baby grizzly 14 _\Baby_1405_16_seven.mp4;C:\Users\esthe\Downloads\baby grizzly 14 _\Baby_1405_17_seven.mp4;C:\Users\esthe\Downloads\baby grizzly 14 _\Baby_1405_1_three.mp4;C:\Users\esthe\Downloads\baby grizzly 14 _\Baby_1405_2_seven.mp4;C:\Users\esthe\Downloads\baby grizzly 14 _\Baby_1405_3_five.mp4;C:\Users\esthe\Downloads\baby grizzly 14 _\Baby_1405_4_five.mp4;C:\Users\esthe\Downloads\baby grizzly 14 _\Baby_1405_5_seven.mp4;C:\Users\esthe\Downloads\baby grizzly 14 _\Baby_1405_6_seven.mp4;C:\Users\esthe\Downloads\baby grizzly 14 _\Baby_1405_7_seven.mp4;C:\Users\esthe\Downloads\baby grizzly 14 _\Baby_1405_8_two.mp4;C:\Users\esthe\Downloads\baby grizzly 14 _\Baby_1405_9_one.mp4,0.0,9.701;4.433;4.267;7.729;13.965;9.531;5.627;5.099;5.562;15.965;11.869;5.499;17.418;8.460;17.460;17.963;11.965,30.000;30.000;30.000;30.000;30.000;30.000;30.000;30.000;30.000;30.000;30.000;30.000;24.000;24.000;24.000;30.000;30.000,Baby_grizzly,target,,,STOP,141.867,C:\Users\esthe\Downloads\baby grizzly 14 _\Baby_1405_7_seven.mp4,402,NA,
Baby_1405,2025-06-24 11:48:28.904,,172.403,Media file(s),player #1:C:\Users\esthe\Downloads\baby grizzly 14 _\Baby_1405_10_seven.mp4;C:\Users\esthe\Downloads\baby grizzly 14 _\Baby_1405_11_three.mp4;C:\Users\esthe\Downloads\baby grizzly 14 _\Baby_1405_12_three.mp4;C:\Users\esthe\Downloads\baby grizzly 14 _\Baby_1405_13_five.mp4;C:\Users\esthe\Downloads\baby grizzly 14 _\Baby_1405_14_two.mp4;C:\Users\esthe\Downloads\baby grizzly 14 _\Baby_1405_15_onehalf.mp4;C:\Users\esthe\Downloads\baby grizzly 14 _\Baby_1405_16_seven.mp4;C:\Users\esthe\Downloads\baby grizzly 14 _\Baby_1405_17_seven.mp4;C:\Users\esthe\Downloads\baby grizzly 14 _\Baby_1405_1_three.mp4;C:\Users\esthe\Downloads\baby grizzly 14 _\Baby_1405_2_seven.mp4;C:\Users\esthe\Downloads\baby grizzly 14 _\Baby_1405_3_five.mp4;C:\Users\esthe\Downloads\baby grizzly 14 _\Baby_1405_4_five.mp4;C:\Users\esthe\Downloads\baby grizzly 14 _\Baby_1405_5_seven.mp4;C:\Users\esthe\Downloads\baby grizzly 14 _\Baby_1405_6_seven.mp4;C:\Users\esthe\Downloads\baby grizzly 14 _\Baby_1405_7_seven.mp4;C:\Users\esthe\Downloads\baby grizzly 14 _\Baby_1405_8_two.mp4;C:\Users\esthe\Downloads\baby grizzly 14 _\Baby_1405_9_one.mp4,0.0,9.701;4.433;4.267;7.729;13.965;9.531;5.627;5.099;5.562;15.965;11.869;5.499;17.418;8.460;17.460;17.963;11.965,30.000;30.000;30.000;30.000;30.000;30.000;30.000;30.000;30.000;30.000;30.000;30.000;24.000;24.000;24.000;30.000;30.000,Baby_grizzly,bending,,,START,142.575,C:\Users\esthe\Downloads\baby grizzly 14 _\Baby_1405_7_seven.mp4,0,NA,
Baby_1405,2025-06-24 11:48:28.904,,172.403,Media file(s),player #1:C:\Users\esthe\Downloads\baby grizzly 14 _\Baby_1405_10_seven.mp4;C:\Users\esthe\Downloads\baby grizzly 14 _\Baby_1405_11_three.mp4;C:\Users\esthe\Downloads\baby grizzly 14 _\Baby_1405_12_three.mp4;C:\Users\esthe\Downloads\baby grizzly 14 _\Baby_1405_13_five.mp4;C:\Users\esthe\Downloads\baby grizzly 14 _\Baby_1405_14_two.mp4;C:\Users\esthe\Downloads\baby grizzly 14 _\Baby_1405_15_onehalf.mp4;C:\Users\esthe\Downloads\baby grizzly 14 _\Baby_1405_16_seven.mp4;C:\Users\esthe\Downloads\baby grizzly 14 _\Baby_1405_17_seven.mp4;C:\Users\esthe\Downloads\baby grizzly 14 _\Baby_1405_1_three.mp4;C:\Users\esthe\Downloads\baby grizzly 14 _\Baby_1405_2_seven.mp4;C:\Users\esthe\Downloads\baby grizzly 14 _\Baby_1405_3_five.mp4;C:\Users\esthe\Downloads\baby grizzly 14 _\Baby_1405_4_five.mp4;C:\Users\esthe\Downloads\baby grizzly 14 _\Baby_1405_5_seven.mp4;C:\Users\esthe\Downloads\baby grizzly 14 _\Baby_1405_6_seven.mp4;C:\Users\esthe\Downloads\baby grizzly 14 _\Baby_1405_7_seven.mp4;C:\Users\esthe\Downloads\baby grizzly 14 _\Baby_1405_8_two.mp4;C:\Users\esthe\Downloads\baby grizzly 14 _\Baby_1405_9_one.mp4,0.0,9.701;4.433;4.267;7.729;13.965;9.531;5.627;5.099;5.562;15.965;11.869;5.499;17.418;8.460;17.460;17.963;11.965,30.000;30.000;30.000;30.000;30.000;30.000;30.000;30.000;30.000;30.000;30.000;30.000;24.000;24.000;24.000;30.000;30.000,Baby_grizzly,bending,,,STOP,142.675,C:\Users\esthe\Downloads\baby grizzly 14 _\Baby_1405_8_two.mp4,3,NA,
Baby_1405,2025-06-24 11:48:28.904,,172.403,Media file(s),player #1:C:\Users\esthe\Downloads\baby grizzly 14 _\Baby_1405_10_seven.mp4;C:\Users\esthe\Downloads\baby grizzly 14 _\Baby_1405_11_three.mp4;C:\Users\esthe\Downloads\baby grizzly 14 _\Baby_1405_12_three.mp4;C:\Users\esthe\Downloads\baby grizzly 14 _\Baby_1405_13_five.mp4;C:\Users\esthe\Downloads\baby grizzly 14 _\Baby_1405_14_two.mp4;C:\Users\esthe\Downloads\baby grizzly 14 _\Baby_1405_15_onehalf.mp4;C:\Users\esthe\Downloads\baby grizzly 14 _\Baby_1405_16_seven.mp4;C:\Users\esthe\Downloads\baby grizzly 14 _\Baby_1405_17_seven.mp4;C:\Users\esthe\Downloads\baby grizzly 14 _\Baby_1405_1_three.mp4;C:\Users\esthe\Downloads\baby grizzly 14 _\Baby_1405_2_seven.mp4;C:\Users\esthe\Downloads\baby grizzly 14 _\Baby_1405_3_five.mp4;C:\Users\esthe\Downloads\baby grizzly 14 _\Baby_1405_4_five.mp4;C:\Users\esthe\Downloads\baby grizzly 14 _\Baby_1405_5_seven.mp4;C:\Users\esthe\Downloads\baby grizzly 14 _\Baby_1405_6_seven.mp4;C:\Users\esthe\Downloads\baby grizzly 14 _\Baby_1405_7_seven.mp4;C:\Users\esthe\Downloads\baby grizzly 14 _\Baby_1405_8_two.mp4;C:\Users\esthe\Downloads\baby grizzly 14 _\Baby_1405_9_one.mp4,0.0,9.701;4.433;4.267;7.729;13.965;9.531;5.627;5.099;5.562;15.965;11.869;5.499;17.418;8.460;17.460;17.963;11.965,30.000;30.000;30.000;30.000;30.000;30.000;30.000;30.000;30.000;30.000;30.000;30.000;24.000;24.000;24.000;30.000;30.000,Baby_grizzly,grabbing peanut,,,POINT,142.675,C:\Users\esthe\Downloads\baby grizzly 14 _\Baby_1405_8_two.mp4,3,NA,
Baby_1405,2025-06-24 11:48:28.904,,172.403,Media file(s),player #1:C:\Users\esthe\Downloads\baby grizzly 14 _\Baby_1405_10_seven.mp4;C:\Users\esthe\Downloads\baby grizzly 14 _\Baby_1405_11_three.mp4;C:\Users\esthe\Downloads\baby grizzly 14 _\Baby_1405_12_three.mp4;C:\Users\esthe\Downloads\baby grizzly 14 _\Baby_1405_13_five.mp4;C:\Users\esthe\Downloads\baby grizzly 14 _\Baby_1405_14_two.mp4;C:\Users\esthe\Downloads\baby grizzly 14 _\Baby_1405_15_onehalf.mp4;C:\Users\esthe\Downloads\baby grizzly 14 _\Baby_1405_16_seven.mp4;C:\Users\esthe\Downloads\baby grizzly 14 _\Baby_1405_17_seven.mp4;C:\Users\esthe\Downloads\baby grizzly 14 _\Baby_1405_1_three.mp4;C:\Users\esthe\Downloads\baby grizzly 14 _\Baby_1405_2_seven.mp4;C:\Users\esthe\Downloads\baby grizzly 14 _\Baby_1405_3_five.mp4;C:\Users\esthe\Downloads\baby grizzly 14 _\Baby_1405_4_five.mp4;C:\Users\esthe\Downloads\baby grizzly 14 _\Baby_1405_5_seven.mp4;C:\Users\esthe\Downloads\baby grizzly 14 _\Baby_1405_6_seven.mp4;C:\Users\esthe\Downloads\baby grizzly 14 _\Baby_1405_7_seven.mp4;C:\Users\esthe\Downloads\baby grizzly 14 _\Baby_1405_8_two.mp4;C:\Users\esthe\Downloads\baby grizzly 14 _\Baby_1405_9_one.mp4,0.0,9.701;4.433;4.267;7.729;13.965;9.531;5.627;5.099;5.562;15.965;11.869;5.499;17.418;8.460;17.460;17.963;11.965,30.000;30.000;30.000;30.000;30.000;30.000;30.000;30.000;30.000;30.000;30.000;30.000;24.000;24.000;24.000;30.000;30.000,Baby_grizzly,lifting,,,START,142.708,C:\Users\esthe\Downloads\baby grizzly 14 _\Baby_1405_8_two.mp4,4,NA,
Baby_1405,2025-06-24 11:48:28.904,,172.403,Media file(s),player #1:C:\Users\esthe\Downloads\baby grizzly 14 _\Baby_1405_10_seven.mp4;C:\Users\esthe\Downloads\baby grizzly 14 _\Baby_1405_11_three.mp4;C:\Users\esthe\Downloads\baby grizzly 14 _\Baby_1405_12_three.mp4;C:\Users\esthe\Downloads\baby grizzly 14 _\Baby_1405_13_five.mp4;C:\Users\esthe\Downloads\baby grizzly 14 _\Baby_1405_14_two.mp4;C:\Users\esthe\Downloads\baby grizzly 14 _\Baby_1405_15_onehalf.mp4;C:\Users\esthe\Downloads\baby grizzly 14 _\Baby_1405_16_seven.mp4;C:\Users\esthe\Downloads\baby grizzly 14 _\Baby_1405_17_seven.mp4;C:\Users\esthe\Downloads\baby grizzly 14 _\Baby_1405_1_three.mp4;C:\Users\esthe\Downloads\baby grizzly 14 _\Baby_1405_2_seven.mp4;C:\Users\esthe\Downloads\baby grizzly 14 _\Baby_1405_3_five.mp4;C:\Users\esthe\Downloads\baby grizzly 14 _\Baby_1405_4_five.mp4;C:\Users\esthe\Downloads\baby grizzly 14 _\Baby_1405_5_seven.mp4;C:\Users\esthe\Downloads\baby grizzly 14 _\Baby_1405_6_seven.mp4;C:\Users\esthe\Downloads\baby grizzly 14 _\Baby_1405_7_seven.mp4;C:\Users\esthe\Downloads\baby grizzly 14 _\Baby_1405_8_two.mp4;C:\Users\esthe\Downloads\baby grizzly 14 _\Baby_1405_9_one.mp4,0.0,9.701;4.433;4.267;7.729;13.965;9.531;5.627;5.099;5.562;15.965;11.869;5.499;17.418;8.460;17.460;17.963;11.965,30.000;30.000;30.000;30.000;30.000;30.000;30.000;30.000;30.000;30.000;30.000;30.000;24.000;24.000;24.000;30.000;30.000,Baby_grizzly,lifting,,,STOP,143.042,C:\Users\esthe\Downloads\baby grizzly 14 _\Baby_1405_8_two.mp4,14,NA,
Baby_1405,2025-06-24 11:48:28.904,,172.403,Media file(s),player #1:C:\Users\esthe\Downloads\baby grizzly 14 _\Baby_1405_10_seven.mp4;C:\Users\esthe\Downloads\baby grizzly 14 _\Baby_1405_11_three.mp4;C:\Users\esthe\Downloads\baby grizzly 14 _\Baby_1405_12_three.mp4;C:\Users\esthe\Downloads\baby grizzly 14 _\Baby_1405_13_five.mp4;C:\Users\esthe\Downloads\baby grizzly 14 _\Baby_1405_14_two.mp4;C:\Users\esthe\Downloads\baby grizzly 14 _\Baby_1405_15_onehalf.mp4;C:\Users\esthe\Downloads\baby grizzly 14 _\Baby_1405_16_seven.mp4;C:\Users\esthe\Downloads\baby grizzly 14 _\Baby_1405_17_seven.mp4;C:\Users\esthe\Downloads\baby grizzly 14 _\Baby_1405_1_three.mp4;C:\Users\esthe\Downloads\baby grizzly 14 _\Baby_1405_2_seven.mp4;C:\Users\esthe\Downloads\baby grizzly 14 _\Baby_1405_3_five.mp4;C:\Users\esthe\Downloads\baby grizzly 14 _\Baby_1405_4_five.mp4;C:\Users\esthe\Downloads\baby grizzly 14 _\Baby_1405_5_seven.mp4;C:\Users\esthe\Downloads\baby grizzly 14 _\Baby_1405_6_seven.mp4;C:\Users\esthe\Downloads\baby grizzly 14 _\Baby_1405_7_seven.mp4;C:\Users\esthe\Downloads\baby grizzly 14 _\Baby_1405_8_two.mp4;C:\Users\esthe\Downloads\baby grizzly 14 _\Baby_1405_9_one.mp4,0.0,9.701;4.433;4.267;7.729;13.965;9.531;5.627;5.099;5.562;15.965;11.869;5.499;17.418;8.460;17.460;17.963;11.965,30.000;30.000;30.000;30.000;30.000;30.000;30.000;30.000;30.000;30.000;30.000;30.000;24.000;24.000;24.000;30.000;30.000,Baby_grizzly,assessing,,,START,143.109,C:\Users\esthe\Downloads\baby grizzly 14 _\Baby_1405_8_two.mp4,16,NA,
Baby_1405,2025-06-24 11:48:28.904,,172.403,Media file(s),player #1:C:\Users\esthe\Downloads\baby grizzly 14 _\Baby_1405_10_seven.mp4;C:\Users\esthe\Downloads\baby grizzly 14 _\Baby_1405_11_three.mp4;C:\Users\esthe\Downloads\baby grizzly 14 _\Baby_1405_12_three.mp4;C:\Users\esthe\Downloads\baby grizzly 14 _\Baby_1405_13_five.mp4;C:\Users\esthe\Downloads\baby grizzly 14 _\Baby_1405_14_two.mp4;C:\Users\esthe\Downloads\baby grizzly 14 _\Baby_1405_15_onehalf.mp4;C:\Users\esthe\Downloads\baby grizzly 14 _\Baby_1405_16_seven.mp4;C:\Users\esthe\Downloads\baby grizzly 14 _\Baby_1405_17_seven.mp4;C:\Users\esthe\Downloads\baby grizzly 14 _\Baby_1405_1_three.mp4;C:\Users\esthe\Downloads\baby grizzly 14 _\Baby_1405_2_seven.mp4;C:\Users\esthe\Downloads\baby grizzly 14 _\Baby_1405_3_five.mp4;C:\Users\esthe\Downloads\baby grizzly 14 _\Baby_1405_4_five.mp4;C:\Users\esthe\Downloads\baby grizzly 14 _\Baby_1405_5_seven.mp4;C:\Users\esthe\Downloads\baby grizzly 14 _\Baby_1405_6_seven.mp4;C:\Users\esthe\Downloads\baby grizzly 14 _\Baby_1405_7_seven.mp4;C:\Users\esthe\Downloads\baby grizzly 14 _\Baby_1405_8_two.mp4;C:\Users\esthe\Downloads\baby grizzly 14 _\Baby_1405_9_one.mp4,0.0,9.701;4.433;4.267;7.729;13.965;9.531;5.627;5.099;5.562;15.965;11.869;5.499;17.418;8.460;17.460;17.963;11.965,30.000;30.000;30.000;30.000;30.000;30.000;30.000;30.000;30.000;30.000;30.000;30.000;24.000;24.000;24.000;30.000;30.000,Baby_grizzly,jaw movement,,,POINT,143.175,C:\Users\esthe\Downloads\baby grizzly 14 _\Baby_1405_8_two.mp4,18,NA,
Baby_1405,2025-06-24 11:48:28.904,,172.403,Media file(s),player #1:C:\Users\esthe\Downloads\baby grizzly 14 _\Baby_1405_10_seven.mp4;C:\Users\esthe\Downloads\baby grizzly 14 _\Baby_1405_11_three.mp4;C:\Users\esthe\Downloads\baby grizzly 14 _\Baby_1405_12_three.mp4;C:\Users\esthe\Downloads\baby grizzly 14 _\Baby_1405_13_five.mp4;C:\Users\esthe\Downloads\baby grizzly 14 _\Baby_1405_14_two.mp4;C:\Users\esthe\Downloads\baby grizzly 14 _\Baby_1405_15_onehalf.mp4;C:\Users\esthe\Downloads\baby grizzly 14 _\Baby_1405_16_seven.mp4;C:\Users\esthe\Downloads\baby grizzly 14 _\Baby_1405_17_seven.mp4;C:\Users\esthe\Downloads\baby grizzly 14 _\Baby_1405_1_three.mp4;C:\Users\esthe\Downloads\baby grizzly 14 _\Baby_1405_2_seven.mp4;C:\Users\esthe\Downloads\baby grizzly 14 _\Baby_1405_3_five.mp4;C:\Users\esthe\Downloads\baby grizzly 14 _\Baby_1405_4_five.mp4;C:\Users\esthe\Downloads\baby grizzly 14 _\Baby_1405_5_seven.mp4;C:\Users\esthe\Downloads\baby grizzly 14 _\Baby_1405_6_seven.mp4;C:\Users\esthe\Downloads\baby grizzly 14 _\Baby_1405_7_seven.mp4;C:\Users\esthe\Downloads\baby grizzly 14 _\Baby_1405_8_two.mp4;C:\Users\esthe\Downloads\baby grizzly 14 _\Baby_1405_9_one.mp4,0.0,9.701;4.433;4.267;7.729;13.965;9.531;5.627;5.099;5.562;15.965;11.869;5.499;17.418;8.460;17.460;17.963;11.965,30.000;30.000;30.000;30.000;30.000;30.000;30.000;30.000;30.000;30.000;30.000;30.000;24.000;24.000;24.000;30.000;30.000,Baby_grizzly,rotation,,Horizontal,START,143.309,C:\Users\esthe\Downloads\baby grizzly 14 _\Baby_1405_8_two.mp4,22,NA,
Baby_1405,2025-06-24 11:48:28.904,,172.403,Media file(s),player #1:C:\Users\esthe\Downloads\baby grizzly 14 _\Baby_1405_10_seven.mp4;C:\Users\esthe\Downloads\baby grizzly 14 _\Baby_1405_11_three.mp4;C:\Users\esthe\Downloads\baby grizzly 14 _\Baby_1405_12_three.mp4;C:\Users\esthe\Downloads\baby grizzly 14 _\Baby_1405_13_five.mp4;C:\Users\esthe\Downloads\baby grizzly 14 _\Baby_1405_14_two.mp4;C:\Users\esthe\Downloads\baby grizzly 14 _\Baby_1405_15_onehalf.mp4;C:\Users\esthe\Downloads\baby grizzly 14 _\Baby_1405_16_seven.mp4;C:\Users\esthe\Downloads\baby grizzly 14 _\Baby_1405_17_seven.mp4;C:\Users\esthe\Downloads\baby grizzly 14 _\Baby_1405_1_three.mp4;C:\Users\esthe\Downloads\baby grizzly 14 _\Baby_1405_2_seven.mp4;C:\Users\esthe\Downloads\baby grizzly 14 _\Baby_1405_3_five.mp4;C:\Users\esthe\Downloads\baby grizzly 14 _\Baby_1405_4_five.mp4;C:\Users\esthe\Downloads\baby grizzly 14 _\Baby_1405_5_seven.mp4;C:\Users\esthe\Downloads\baby grizzly 14 _\Baby_1405_6_seven.mp4;C:\Users\esthe\Downloads\baby grizzly 14 _\Baby_1405_7_seven.mp4;C:\Users\esthe\Downloads\baby grizzly 14 _\Baby_1405_8_two.mp4;C:\Users\esthe\Downloads\baby grizzly 14 _\Baby_1405_9_one.mp4,0.0,9.701;4.433;4.267;7.729;13.965;9.531;5.627;5.099;5.562;15.965;11.869;5.499;17.418;8.460;17.460;17.963;11.965,30.000;30.000;30.000;30.000;30.000;30.000;30.000;30.000;30.000;30.000;30.000;30.000;24.000;24.000;24.000;30.000;30.000,Baby_grizzly,jaw movement,,,POINT,143.809,C:\Users\esthe\Downloads\baby grizzly 14 _\Baby_1405_8_two.mp4,37,NA,
Baby_1405,2025-06-24 11:48:28.904,,172.403,Media file(s),player #1:C:\Users\esthe\Downloads\baby grizzly 14 _\Baby_1405_10_seven.mp4;C:\Users\esthe\Downloads\baby grizzly 14 _\Baby_1405_11_three.mp4;C:\Users\esthe\Downloads\baby grizzly 14 _\Baby_1405_12_three.mp4;C:\Users\esthe\Downloads\baby grizzly 14 _\Baby_1405_13_five.mp4;C:\Users\esthe\Downloads\baby grizzly 14 _\Baby_1405_14_two.mp4;C:\Users\esthe\Downloads\baby grizzly 14 _\Baby_1405_15_onehalf.mp4;C:\Users\esthe\Downloads\baby grizzly 14 _\Baby_1405_16_seven.mp4;C:\Users\esthe\Downloads\baby grizzly 14 _\Baby_1405_17_seven.mp4;C:\Users\esthe\Downloads\baby grizzly 14 _\Baby_1405_1_three.mp4;C:\Users\esthe\Downloads\baby grizzly 14 _\Baby_1405_2_seven.mp4;C:\Users\esthe\Downloads\baby grizzly 14 _\Baby_1405_3_five.mp4;C:\Users\esthe\Downloads\baby grizzly 14 _\Baby_1405_4_five.mp4;C:\Users\esthe\Downloads\baby grizzly 14 _\Baby_1405_5_seven.mp4;C:\Users\esthe\Downloads\baby grizzly 14 _\Baby_1405_6_seven.mp4;C:\Users\esthe\Downloads\baby grizzly 14 _\Baby_1405_7_seven.mp4;C:\Users\esthe\Downloads\baby grizzly 14 _\Baby_1405_8_two.mp4;C:\Users\esthe\Downloads\baby grizzly 14 _\Baby_1405_9_one.mp4,0.0,9.701;4.433;4.267;7.729;13.965;9.531;5.627;5.099;5.562;15.965;11.869;5.499;17.418;8.460;17.460;17.963;11.965,30.000;30.000;30.000;30.000;30.000;30.000;30.000;30.000;30.000;30.000;30.000;30.000;24.000;24.000;24.000;30.000;30.000,Baby_grizzly,jaw movement,,,POINT,144.209,C:\Users\esthe\Downloads\baby grizzly 14 _\Baby_1405_8_two.mp4,49,NA,
Baby_1405,2025-06-24 11:48:28.904,,172.403,Media file(s),player #1:C:\Users\esthe\Downloads\baby grizzly 14 _\Baby_1405_10_seven.mp4;C:\Users\esthe\Downloads\baby grizzly 14 _\Baby_1405_11_three.mp4;C:\Users\esthe\Downloads\baby grizzly 14 _\Baby_1405_12_three.mp4;C:\Users\esthe\Downloads\baby grizzly 14 _\Baby_1405_13_five.mp4;C:\Users\esthe\Downloads\baby grizzly 14 _\Baby_1405_14_two.mp4;C:\Users\esthe\Downloads\baby grizzly 14 _\Baby_1405_15_onehalf.mp4;C:\Users\esthe\Downloads\baby grizzly 14 _\Baby_1405_16_seven.mp4;C:\Users\esthe\Downloads\baby grizzly 14 _\Baby_1405_17_seven.mp4;C:\Users\esthe\Downloads\baby grizzly 14 _\Baby_1405_1_three.mp4;C:\Users\esthe\Downloads\baby grizzly 14 _\Baby_1405_2_seven.mp4;C:\Users\esthe\Downloads\baby grizzly 14 _\Baby_1405_3_five.mp4;C:\Users\esthe\Downloads\baby grizzly 14 _\Baby_1405_4_five.mp4;C:\Users\esthe\Downloads\baby grizzly 14 _\Baby_1405_5_seven.mp4;C:\Users\esthe\Downloads\baby grizzly 14 _\Baby_1405_6_seven.mp4;C:\Users\esthe\Downloads\baby grizzly 14 _\Baby_1405_7_seven.mp4;C:\Users\esthe\Downloads\baby grizzly 14 _\Baby_1405_8_two.mp4;C:\Users\esthe\Downloads\baby grizzly 14 _\Baby_1405_9_one.mp4,0.0,9.701;4.433;4.267;7.729;13.965;9.531;5.627;5.099;5.562;15.965;11.869;5.499;17.418;8.460;17.460;17.963;11.965,30.000;30.000;30.000;30.000;30.000;30.000;30.000;30.000;30.000;30.000;30.000;30.000;24.000;24.000;24.000;30.000;30.000,Baby_grizzly,rotation,,Horizontal,STOP,144.275,C:\Users\esthe\Downloads\baby grizzly 14 _\Baby_1405_8_two.mp4,51,NA,
Baby_1405,2025-06-24 11:48:28.904,,172.403,Media file(s),player #1:C:\Users\esthe\Downloads\baby grizzly 14 _\Baby_1405_10_seven.mp4;C:\Users\esthe\Downloads\baby grizzly 14 _\Baby_1405_11_three.mp4;C:\Users\esthe\Downloads\baby grizzly 14 _\Baby_1405_12_three.mp4;C:\Users\esthe\Downloads\baby grizzly 14 _\Baby_1405_13_five.mp4;C:\Users\esthe\Downloads\baby grizzly 14 _\Baby_1405_14_two.mp4;C:\Users\esthe\Downloads\baby grizzly 14 _\Baby_1405_15_onehalf.mp4;C:\Users\esthe\Downloads\baby grizzly 14 _\Baby_1405_16_seven.mp4;C:\Users\esthe\Downloads\baby grizzly 14 _\Baby_1405_17_seven.mp4;C:\Users\esthe\Downloads\baby grizzly 14 _\Baby_1405_1_three.mp4;C:\Users\esthe\Downloads\baby grizzly 14 _\Baby_1405_2_seven.mp4;C:\Users\esthe\Downloads\baby grizzly 14 _\Baby_1405_3_five.mp4;C:\Users\esthe\Downloads\baby grizzly 14 _\Baby_1405_4_five.mp4;C:\Users\esthe\Downloads\baby grizzly 14 _\Baby_1405_5_seven.mp4;C:\Users\esthe\Downloads\baby grizzly 14 _\Baby_1405_6_seven.mp4;C:\Users\esthe\Downloads\baby grizzly 14 _\Baby_1405_7_seven.mp4;C:\Users\esthe\Downloads\baby grizzly 14 _\Baby_1405_8_two.mp4;C:\Users\esthe\Downloads\baby grizzly 14 _\Baby_1405_9_one.mp4,0.0,9.701;4.433;4.267;7.729;13.965;9.531;5.627;5.099;5.562;15.965;11.869;5.499;17.418;8.460;17.460;17.963;11.965,30.000;30.000;30.000;30.000;30.000;30.000;30.000;30.000;30.000;30.000;30.000;30.000;24.000;24.000;24.000;30.000;30.000,Baby_grizzly,jaw movement,,,POINT,144.775,C:\Users\esthe\Downloads\baby grizzly 14 _\Baby_1405_8_two.mp4,66,NA,
Baby_1405,2025-06-24 11:48:28.904,,172.403,Media file(s),player #1:C:\Users\esthe\Downloads\baby grizzly 14 _\Baby_1405_10_seven.mp4;C:\Users\esthe\Downloads\baby grizzly 14 _\Baby_1405_11_three.mp4;C:\Users\esthe\Downloads\baby grizzly 14 _\Baby_1405_12_three.mp4;C:\Users\esthe\Downloads\baby grizzly 14 _\Baby_1405_13_five.mp4;C:\Users\esthe\Downloads\baby grizzly 14 _\Baby_1405_14_two.mp4;C:\Users\esthe\Downloads\baby grizzly 14 _\Baby_1405_15_onehalf.mp4;C:\Users\esthe\Downloads\baby grizzly 14 _\Baby_1405_16_seven.mp4;C:\Users\esthe\Downloads\baby grizzly 14 _\Baby_1405_17_seven.mp4;C:\Users\esthe\Downloads\baby grizzly 14 _\Baby_1405_1_three.mp4;C:\Users\esthe\Downloads\baby grizzly 14 _\Baby_1405_2_seven.mp4;C:\Users\esthe\Downloads\baby grizzly 14 _\Baby_1405_3_five.mp4;C:\Users\esthe\Downloads\baby grizzly 14 _\Baby_1405_4_five.mp4;C:\Users\esthe\Downloads\baby grizzly 14 _\Baby_1405_5_seven.mp4;C:\Users\esthe\Downloads\baby grizzly 14 _\Baby_1405_6_seven.mp4;C:\Users\esthe\Downloads\baby grizzly 14 _\Baby_1405_7_seven.mp4;C:\Users\esthe\Downloads\baby grizzly 14 _\Baby_1405_8_two.mp4;C:\Users\esthe\Downloads\baby grizzly 14 _\Baby_1405_9_one.mp4,0.0,9.701;4.433;4.267;7.729;13.965;9.531;5.627;5.099;5.562;15.965;11.869;5.499;17.418;8.460;17.460;17.963;11.965,30.000;30.000;30.000;30.000;30.000;30.000;30.000;30.000;30.000;30.000;30.000;30.000;24.000;24.000;24.000;30.000;30.000,Baby_grizzly,jaw movement,,,POINT,144.942,C:\Users\esthe\Downloads\baby grizzly 14 _\Baby_1405_8_two.mp4,71,NA,
Baby_1405,2025-06-24 11:48:28.904,,172.403,Media file(s),player #1:C:\Users\esthe\Downloads\baby grizzly 14 _\Baby_1405_10_seven.mp4;C:\Users\esthe\Downloads\baby grizzly 14 _\Baby_1405_11_three.mp4;C:\Users\esthe\Downloads\baby grizzly 14 _\Baby_1405_12_three.mp4;C:\Users\esthe\Downloads\baby grizzly 14 _\Baby_1405_13_five.mp4;C:\Users\esthe\Downloads\baby grizzly 14 _\Baby_1405_14_two.mp4;C:\Users\esthe\Downloads\baby grizzly 14 _\Baby_1405_15_onehalf.mp4;C:\Users\esthe\Downloads\baby grizzly 14 _\Baby_1405_16_seven.mp4;C:\Users\esthe\Downloads\baby grizzly 14 _\Baby_1405_17_seven.mp4;C:\Users\esthe\Downloads\baby grizzly 14 _\Baby_1405_1_three.mp4;C:\Users\esthe\Downloads\baby grizzly 14 _\Baby_1405_2_seven.mp4;C:\Users\esthe\Downloads\baby grizzly 14 _\Baby_1405_3_five.mp4;C:\Users\esthe\Downloads\baby grizzly 14 _\Baby_1405_4_five.mp4;C:\Users\esthe\Downloads\baby grizzly 14 _\Baby_1405_5_seven.mp4;C:\Users\esthe\Downloads\baby grizzly 14 _\Baby_1405_6_seven.mp4;C:\Users\esthe\Downloads\baby grizzly 14 _\Baby_1405_7_seven.mp4;C:\Users\esthe\Downloads\baby grizzly 14 _\Baby_1405_8_two.mp4;C:\Users\esthe\Downloads\baby grizzly 14 _\Baby_1405_9_one.mp4,0.0,9.701;4.433;4.267;7.729;13.965;9.531;5.627;5.099;5.562;15.965;11.869;5.499;17.418;8.460;17.460;17.963;11.965,30.000;30.000;30.000;30.000;30.000;30.000;30.000;30.000;30.000;30.000;30.000;30.000;24.000;24.000;24.000;30.000;30.000,Baby_grizzly,jaw movement,,,POINT,145.442,C:\Users\esthe\Downloads\baby grizzly 14 _\Baby_1405_8_two.mp4,86,NA,
Baby_1405,2025-06-24 11:48:28.904,,172.403,Media file(s),player #1:C:\Users\esthe\Downloads\baby grizzly 14 _\Baby_1405_10_seven.mp4;C:\Users\esthe\Downloads\baby grizzly 14 _\Baby_1405_11_three.mp4;C:\Users\esthe\Downloads\baby grizzly 14 _\Baby_1405_12_three.mp4;C:\Users\esthe\Downloads\baby grizzly 14 _\Baby_1405_13_five.mp4;C:\Users\esthe\Downloads\baby grizzly 14 _\Baby_1405_14_two.mp4;C:\Users\esthe\Downloads\baby grizzly 14 _\Baby_1405_15_onehalf.mp4;C:\Users\esthe\Downloads\baby grizzly 14 _\Baby_1405_16_seven.mp4;C:\Users\esthe\Downloads\baby grizzly 14 _\Baby_1405_17_seven.mp4;C:\Users\esthe\Downloads\baby grizzly 14 _\Baby_1405_1_three.mp4;C:\Users\esthe\Downloads\baby grizzly 14 _\Baby_1405_2_seven.mp4;C:\Users\esthe\Downloads\baby grizzly 14 _\Baby_1405_3_five.mp4;C:\Users\esthe\Downloads\baby grizzly 14 _\Baby_1405_4_five.mp4;C:\Users\esthe\Downloads\baby grizzly 14 _\Baby_1405_5_seven.mp4;C:\Users\esthe\Downloads\baby grizzly 14 _\Baby_1405_6_seven.mp4;C:\Users\esthe\Downloads\baby grizzly 14 _\Baby_1405_7_seven.mp4;C:\Users\esthe\Downloads\baby grizzly 14 _\Baby_1405_8_two.mp4;C:\Users\esthe\Downloads\baby grizzly 14 _\Baby_1405_9_one.mp4,0.0,9.701;4.433;4.267;7.729;13.965;9.531;5.627;5.099;5.562;15.965;11.869;5.499;17.418;8.460;17.460;17.963;11.965,30.000;30.000;30.000;30.000;30.000;30.000;30.000;30.000;30.000;30.000;30.000;30.000;24.000;24.000;24.000;30.000;30.000,Baby_grizzly,assessing,,,STOP,145.509,C:\Users\esthe\Downloads\baby grizzly 14 _\Baby_1405_8_two.mp4,88,NA,
Baby_1405,2025-06-24 11:48:28.904,,172.403,Media file(s),player #1:C:\Users\esthe\Downloads\baby grizzly 14 _\Baby_1405_10_seven.mp4;C:\Users\esthe\Downloads\baby grizzly 14 _\Baby_1405_11_three.mp4;C:\Users\esthe\Downloads\baby grizzly 14 _\Baby_1405_12_three.mp4;C:\Users\esthe\Downloads\baby grizzly 14 _\Baby_1405_13_five.mp4;C:\Users\esthe\Downloads\baby grizzly 14 _\Baby_1405_14_two.mp4;C:\Users\esthe\Downloads\baby grizzly 14 _\Baby_1405_15_onehalf.mp4;C:\Users\esthe\Downloads\baby grizzly 14 _\Baby_1405_16_seven.mp4;C:\Users\esthe\Downloads\baby grizzly 14 _\Baby_1405_17_seven.mp4;C:\Users\esthe\Downloads\baby grizzly 14 _\Baby_1405_1_three.mp4;C:\Users\esthe\Downloads\baby grizzly 14 _\Baby_1405_2_seven.mp4;C:\Users\esthe\Downloads\baby grizzly 14 _\Baby_1405_3_five.mp4;C:\Users\esthe\Downloads\baby grizzly 14 _\Baby_1405_4_five.mp4;C:\Users\esthe\Downloads\baby grizzly 14 _\Baby_1405_5_seven.mp4;C:\Users\esthe\Downloads\baby grizzly 14 _\Baby_1405_6_seven.mp4;C:\Users\esthe\Downloads\baby grizzly 14 _\Baby_1405_7_seven.mp4;C:\Users\esthe\Downloads\baby grizzly 14 _\Baby_1405_8_two.mp4;C:\Users\esthe\Downloads\baby grizzly 14 _\Baby_1405_9_one.mp4,0.0,9.701;4.433;4.267;7.729;13.965;9.531;5.627;5.099;5.562;15.965;11.869;5.499;17.418;8.460;17.460;17.963;11.965,30.000;30.000;30.000;30.000;30.000;30.000;30.000;30.000;30.000;30.000;30.000;30.000;24.000;24.000;24.000;30.000;30.000,Baby_grizzly,target,,,START,145.775,C:\Users\esthe\Downloads\baby grizzly 14 _\Baby_1405_8_two.mp4,96,NA,
Baby_1405,2025-06-24 11:48:28.904,,172.403,Media file(s),player #1:C:\Users\esthe\Downloads\baby grizzly 14 _\Baby_1405_10_seven.mp4;C:\Users\esthe\Downloads\baby grizzly 14 _\Baby_1405_11_three.mp4;C:\Users\esthe\Downloads\baby grizzly 14 _\Baby_1405_12_three.mp4;C:\Users\esthe\Downloads\baby grizzly 14 _\Baby_1405_13_five.mp4;C:\Users\esthe\Downloads\baby grizzly 14 _\Baby_1405_14_two.mp4;C:\Users\esthe\Downloads\baby grizzly 14 _\Baby_1405_15_onehalf.mp4;C:\Users\esthe\Downloads\baby grizzly 14 _\Baby_1405_16_seven.mp4;C:\Users\esthe\Downloads\baby grizzly 14 _\Baby_1405_17_seven.mp4;C:\Users\esthe\Downloads\baby grizzly 14 _\Baby_1405_1_three.mp4;C:\Users\esthe\Downloads\baby grizzly 14 _\Baby_1405_2_seven.mp4;C:\Users\esthe\Downloads\baby grizzly 14 _\Baby_1405_3_five.mp4;C:\Users\esthe\Downloads\baby grizzly 14 _\Baby_1405_4_five.mp4;C:\Users\esthe\Downloads\baby grizzly 14 _\Baby_1405_5_seven.mp4;C:\Users\esthe\Downloads\baby grizzly 14 _\Baby_1405_6_seven.mp4;C:\Users\esthe\Downloads\baby grizzly 14 _\Baby_1405_7_seven.mp4;C:\Users\esthe\Downloads\baby grizzly 14 _\Baby_1405_8_two.mp4;C:\Users\esthe\Downloads\baby grizzly 14 _\Baby_1405_9_one.mp4,0.0,9.701;4.433;4.267;7.729;13.965;9.531;5.627;5.099;5.562;15.965;11.869;5.499;17.418;8.460;17.460;17.963;11.965,30.000;30.000;30.000;30.000;30.000;30.000;30.000;30.000;30.000;30.000;30.000;30.000;24.000;24.000;24.000;30.000;30.000,Baby_grizzly,pause,,,START,146.576,C:\Users\esthe\Downloads\baby grizzly 14 _\Baby_1405_8_two.mp4,120,NA,
Baby_1405,2025-06-24 11:48:28.904,,172.403,Media file(s),player #1:C:\Users\esthe\Downloads\baby grizzly 14 _\Baby_1405_10_seven.mp4;C:\Users\esthe\Downloads\baby grizzly 14 _\Baby_1405_11_three.mp4;C:\Users\esthe\Downloads\baby grizzly 14 _\Baby_1405_12_three.mp4;C:\Users\esthe\Downloads\baby grizzly 14 _\Baby_1405_13_five.mp4;C:\Users\esthe\Downloads\baby grizzly 14 _\Baby_1405_14_two.mp4;C:\Users\esthe\Downloads\baby grizzly 14 _\Baby_1405_15_onehalf.mp4;C:\Users\esthe\Downloads\baby grizzly 14 _\Baby_1405_16_seven.mp4;C:\Users\esthe\Downloads\baby grizzly 14 _\Baby_1405_17_seven.mp4;C:\Users\esthe\Downloads\baby grizzly 14 _\Baby_1405_1_three.mp4;C:\Users\esthe\Downloads\baby grizzly 14 _\Baby_1405_2_seven.mp4;C:\Users\esthe\Downloads\baby grizzly 14 _\Baby_1405_3_five.mp4;C:\Users\esthe\Downloads\baby grizzly 14 _\Baby_1405_4_five.mp4;C:\Users\esthe\Downloads\baby grizzly 14 _\Baby_1405_5_seven.mp4;C:\Users\esthe\Downloads\baby grizzly 14 _\Baby_1405_6_seven.mp4;C:\Users\esthe\Downloads\baby grizzly 14 _\Baby_1405_7_seven.mp4;C:\Users\esthe\Downloads\baby grizzly 14 _\Baby_1405_8_two.mp4;C:\Users\esthe\Downloads\baby grizzly 14 _\Baby_1405_9_one.mp4,0.0,9.701;4.433;4.267;7.729;13.965;9.531;5.627;5.099;5.562;15.965;11.869;5.499;17.418;8.460;17.460;17.963;11.965,30.000;30.000;30.000;30.000;30.000;30.000;30.000;30.000;30.000;30.000;30.000;30.000;24.000;24.000;24.000;30.000;30.000,Baby_grizzly,pause,,,STOP,146.843,C:\Users\esthe\Downloads\baby grizzly 14 _\Baby_1405_8_two.mp4,128,NA,
Baby_1405,2025-06-24 11:48:28.904,,172.403,Media file(s),player #1:C:\Users\esthe\Downloads\baby grizzly 14 _\Baby_1405_10_seven.mp4;C:\Users\esthe\Downloads\baby grizzly 14 _\Baby_1405_11_three.mp4;C:\Users\esthe\Downloads\baby grizzly 14 _\Baby_1405_12_three.mp4;C:\Users\esthe\Downloads\baby grizzly 14 _\Baby_1405_13_five.mp4;C:\Users\esthe\Downloads\baby grizzly 14 _\Baby_1405_14_two.mp4;C:\Users\esthe\Downloads\baby grizzly 14 _\Baby_1405_15_onehalf.mp4;C:\Users\esthe\Downloads\baby grizzly 14 _\Baby_1405_16_seven.mp4;C:\Users\esthe\Downloads\baby grizzly 14 _\Baby_1405_17_seven.mp4;C:\Users\esthe\Downloads\baby grizzly 14 _\Baby_1405_1_three.mp4;C:\Users\esthe\Downloads\baby grizzly 14 _\Baby_1405_2_seven.mp4;C:\Users\esthe\Downloads\baby grizzly 14 _\Baby_1405_3_five.mp4;C:\Users\esthe\Downloads\baby grizzly 14 _\Baby_1405_4_five.mp4;C:\Users\esthe\Downloads\baby grizzly 14 _\Baby_1405_5_seven.mp4;C:\Users\esthe\Downloads\baby grizzly 14 _\Baby_1405_6_seven.mp4;C:\Users\esthe\Downloads\baby grizzly 14 _\Baby_1405_7_seven.mp4;C:\Users\esthe\Downloads\baby grizzly 14 _\Baby_1405_8_two.mp4;C:\Users\esthe\Downloads\baby grizzly 14 _\Baby_1405_9_one.mp4,0.0,9.701;4.433;4.267;7.729;13.965;9.531;5.627;5.099;5.562;15.965;11.869;5.499;17.418;8.460;17.460;17.963;11.965,30.000;30.000;30.000;30.000;30.000;30.000;30.000;30.000;30.000;30.000;30.000;30.000;24.000;24.000;24.000;30.000;30.000,Baby_grizzly,pause,,,START,148.639,C:\Users\esthe\Downloads\baby grizzly 14 _\Baby_1405_8_two.mp4,182,NA,
Baby_1405,2025-06-24 11:48:28.904,,172.403,Media file(s),player #1:C:\Users\esthe\Downloads\baby grizzly 14 _\Baby_1405_10_seven.mp4;C:\Users\esthe\Downloads\baby grizzly 14 _\Baby_1405_11_three.mp4;C:\Users\esthe\Downloads\baby grizzly 14 _\Baby_1405_12_three.mp4;C:\Users\esthe\Downloads\baby grizzly 14 _\Baby_1405_13_five.mp4;C:\Users\esthe\Downloads\baby grizzly 14 _\Baby_1405_14_two.mp4;C:\Users\esthe\Downloads\baby grizzly 14 _\Baby_1405_15_onehalf.mp4;C:\Users\esthe\Downloads\baby grizzly 14 _\Baby_1405_16_seven.mp4;C:\Users\esthe\Downloads\baby grizzly 14 _\Baby_1405_17_seven.mp4;C:\Users\esthe\Downloads\baby grizzly 14 _\Baby_1405_1_three.mp4;C:\Users\esthe\Downloads\baby grizzly 14 _\Baby_1405_2_seven.mp4;C:\Users\esthe\Downloads\baby grizzly 14 _\Baby_1405_3_five.mp4;C:\Users\esthe\Downloads\baby grizzly 14 _\Baby_1405_4_five.mp4;C:\Users\esthe\Downloads\baby grizzly 14 _\Baby_1405_5_seven.mp4;C:\Users\esthe\Downloads\baby grizzly 14 _\Baby_1405_6_seven.mp4;C:\Users\esthe\Downloads\baby grizzly 14 _\Baby_1405_7_seven.mp4;C:\Users\esthe\Downloads\baby grizzly 14 _\Baby_1405_8_two.mp4;C:\Users\esthe\Downloads\baby grizzly 14 _\Baby_1405_9_one.mp4,0.0,9.701;4.433;4.267;7.729;13.965;9.531;5.627;5.099;5.562;15.965;11.869;5.499;17.418;8.460;17.460;17.963;11.965,30.000;30.000;30.000;30.000;30.000;30.000;30.000;30.000;30.000;30.000;30.000;30.000;24.000;24.000;24.000;30.000;30.000,Baby_grizzly,pause,,,STOP,150.006,C:\Users\esthe\Downloads\baby grizzly 14 _\Baby_1405_8_two.mp4,223,NA,
Baby_1405,2025-06-24 11:48:28.904,,172.403,Media file(s),player #1:C:\Users\esthe\Downloads\baby grizzly 14 _\Baby_1405_10_seven.mp4;C:\Users\esthe\Downloads\baby grizzly 14 _\Baby_1405_11_three.mp4;C:\Users\esthe\Downloads\baby grizzly 14 _\Baby_1405_12_three.mp4;C:\Users\esthe\Downloads\baby grizzly 14 _\Baby_1405_13_five.mp4;C:\Users\esthe\Downloads\baby grizzly 14 _\Baby_1405_14_two.mp4;C:\Users\esthe\Downloads\baby grizzly 14 _\Baby_1405_15_onehalf.mp4;C:\Users\esthe\Downloads\baby grizzly 14 _\Baby_1405_16_seven.mp4;C:\Users\esthe\Downloads\baby grizzly 14 _\Baby_1405_17_seven.mp4;C:\Users\esthe\Downloads\baby grizzly 14 _\Baby_1405_1_three.mp4;C:\Users\esthe\Downloads\baby grizzly 14 _\Baby_1405_2_seven.mp4;C:\Users\esthe\Downloads\baby grizzly 14 _\Baby_1405_3_five.mp4;C:\Users\esthe\Downloads\baby grizzly 14 _\Baby_1405_4_five.mp4;C:\Users\esthe\Downloads\baby grizzly 14 _\Baby_1405_5_seven.mp4;C:\Users\esthe\Downloads\baby grizzly 14 _\Baby_1405_6_seven.mp4;C:\Users\esthe\Downloads\baby grizzly 14 _\Baby_1405_7_seven.mp4;C:\Users\esthe\Downloads\baby grizzly 14 _\Baby_1405_8_two.mp4;C:\Users\esthe\Downloads\baby grizzly 14 _\Baby_1405_9_one.mp4,0.0,9.701;4.433;4.267;7.729;13.965;9.531;5.627;5.099;5.562;15.965;11.869;5.499;17.418;8.460;17.460;17.963;11.965,30.000;30.000;30.000;30.000;30.000;30.000;30.000;30.000;30.000;30.000;30.000;30.000;24.000;24.000;24.000;30.000;30.000,Baby_grizzly,pause,,,START,151.239,C:\Users\esthe\Downloads\baby grizzly 14 _\Baby_1405_8_two.mp4,260,NA,
Baby_1405,2025-06-24 11:48:28.904,,172.403,Media file(s),player #1:C:\Users\esthe\Downloads\baby grizzly 14 _\Baby_1405_10_seven.mp4;C:\Users\esthe\Downloads\baby grizzly 14 _\Baby_1405_11_three.mp4;C:\Users\esthe\Downloads\baby grizzly 14 _\Baby_1405_12_three.mp4;C:\Users\esthe\Downloads\baby grizzly 14 _\Baby_1405_13_five.mp4;C:\Users\esthe\Downloads\baby grizzly 14 _\Baby_1405_14_two.mp4;C:\Users\esthe\Downloads\baby grizzly 14 _\Baby_1405_15_onehalf.mp4;C:\Users\esthe\Downloads\baby grizzly 14 _\Baby_1405_16_seven.mp4;C:\Users\esthe\Downloads\baby grizzly 14 _\Baby_1405_17_seven.mp4;C:\Users\esthe\Downloads\baby grizzly 14 _\Baby_1405_1_three.mp4;C:\Users\esthe\Downloads\baby grizzly 14 _\Baby_1405_2_seven.mp4;C:\Users\esthe\Downloads\baby grizzly 14 _\Baby_1405_3_five.mp4;C:\Users\esthe\Downloads\baby grizzly 14 _\Baby_1405_4_five.mp4;C:\Users\esthe\Downloads\baby grizzly 14 _\Baby_1405_5_seven.mp4;C:\Users\esthe\Downloads\baby grizzly 14 _\Baby_1405_6_seven.mp4;C:\Users\esthe\Downloads\baby grizzly 14 _\Baby_1405_7_seven.mp4;C:\Users\esthe\Downloads\baby grizzly 14 _\Baby_1405_8_two.mp4;C:\Users\esthe\Downloads\baby grizzly 14 _\Baby_1405_9_one.mp4,0.0,9.701;4.433;4.267;7.729;13.965;9.531;5.627;5.099;5.562;15.965;11.869;5.499;17.418;8.460;17.460;17.963;11.965,30.000;30.000;30.000;30.000;30.000;30.000;30.000;30.000;30.000;30.000;30.000;30.000;24.000;24.000;24.000;30.000;30.000,Baby_grizzly,pause,,,STOP,152.706,C:\Users\esthe\Downloads\baby grizzly 14 _\Baby_1405_8_two.mp4,304,NA,
Baby_1405,2025-06-24 11:48:28.904,,172.403,Media file(s),player #1:C:\Users\esthe\Downloads\baby grizzly 14 _\Baby_1405_10_seven.mp4;C:\Users\esthe\Downloads\baby grizzly 14 _\Baby_1405_11_three.mp4;C:\Users\esthe\Downloads\baby grizzly 14 _\Baby_1405_12_three.mp4;C:\Users\esthe\Downloads\baby grizzly 14 _\Baby_1405_13_five.mp4;C:\Users\esthe\Downloads\baby grizzly 14 _\Baby_1405_14_two.mp4;C:\Users\esthe\Downloads\baby grizzly 14 _\Baby_1405_15_onehalf.mp4;C:\Users\esthe\Downloads\baby grizzly 14 _\Baby_1405_16_seven.mp4;C:\Users\esthe\Downloads\baby grizzly 14 _\Baby_1405_17_seven.mp4;C:\Users\esthe\Downloads\baby grizzly 14 _\Baby_1405_1_three.mp4;C:\Users\esthe\Downloads\baby grizzly 14 _\Baby_1405_2_seven.mp4;C:\Users\esthe\Downloads\baby grizzly 14 _\Baby_1405_3_five.mp4;C:\Users\esthe\Downloads\baby grizzly 14 _\Baby_1405_4_five.mp4;C:\Users\esthe\Downloads\baby grizzly 14 _\Baby_1405_5_seven.mp4;C:\Users\esthe\Downloads\baby grizzly 14 _\Baby_1405_6_seven.mp4;C:\Users\esthe\Downloads\baby grizzly 14 _\Baby_1405_7_seven.mp4;C:\Users\esthe\Downloads\baby grizzly 14 _\Baby_1405_8_two.mp4;C:\Users\esthe\Downloads\baby grizzly 14 _\Baby_1405_9_one.mp4,0.0,9.701;4.433;4.267;7.729;13.965;9.531;5.627;5.099;5.562;15.965;11.869;5.499;17.418;8.460;17.460;17.963;11.965,30.000;30.000;30.000;30.000;30.000;30.000;30.000;30.000;30.000;30.000;30.000;30.000;24.000;24.000;24.000;30.000;30.000,Baby_grizzly,pause,,,START,154.139,C:\Users\esthe\Downloads\baby grizzly 14 _\Baby_1405_8_two.mp4,346,NA,
Baby_1405,2025-06-24 11:48:28.904,,172.403,Media file(s),player #1:C:\Users\esthe\Downloads\baby grizzly 14 _\Baby_1405_10_seven.mp4;C:\Users\esthe\Downloads\baby grizzly 14 _\Baby_1405_11_three.mp4;C:\Users\esthe\Downloads\baby grizzly 14 _\Baby_1405_12_three.mp4;C:\Users\esthe\Downloads\baby grizzly 14 _\Baby_1405_13_five.mp4;C:\Users\esthe\Downloads\baby grizzly 14 _\Baby_1405_14_two.mp4;C:\Users\esthe\Downloads\baby grizzly 14 _\Baby_1405_15_onehalf.mp4;C:\Users\esthe\Downloads\baby grizzly 14 _\Baby_1405_16_seven.mp4;C:\Users\esthe\Downloads\baby grizzly 14 _\Baby_1405_17_seven.mp4;C:\Users\esthe\Downloads\baby grizzly 14 _\Baby_1405_1_three.mp4;C:\Users\esthe\Downloads\baby grizzly 14 _\Baby_1405_2_seven.mp4;C:\Users\esthe\Downloads\baby grizzly 14 _\Baby_1405_3_five.mp4;C:\Users\esthe\Downloads\baby grizzly 14 _\Baby_1405_4_five.mp4;C:\Users\esthe\Downloads\baby grizzly 14 _\Baby_1405_5_seven.mp4;C:\Users\esthe\Downloads\baby grizzly 14 _\Baby_1405_6_seven.mp4;C:\Users\esthe\Downloads\baby grizzly 14 _\Baby_1405_7_seven.mp4;C:\Users\esthe\Downloads\baby grizzly 14 _\Baby_1405_8_two.mp4;C:\Users\esthe\Downloads\baby grizzly 14 _\Baby_1405_9_one.mp4,0.0,9.701;4.433;4.267;7.729;13.965;9.531;5.627;5.099;5.562;15.965;11.869;5.499;17.418;8.460;17.460;17.963;11.965,30.000;30.000;30.000;30.000;30.000;30.000;30.000;30.000;30.000;30.000;30.000;30.000;24.000;24.000;24.000;30.000;30.000,Baby_grizzly,pause,,,STOP,154.839,C:\Users\esthe\Downloads\baby grizzly 14 _\Baby_1405_8_two.mp4,367,NA,
Baby_1405,2025-06-24 11:48:28.904,,172.403,Media file(s),player #1:C:\Users\esthe\Downloads\baby grizzly 14 _\Baby_1405_10_seven.mp4;C:\Users\esthe\Downloads\baby grizzly 14 _\Baby_1405_11_three.mp4;C:\Users\esthe\Downloads\baby grizzly 14 _\Baby_1405_12_three.mp4;C:\Users\esthe\Downloads\baby grizzly 14 _\Baby_1405_13_five.mp4;C:\Users\esthe\Downloads\baby grizzly 14 _\Baby_1405_14_two.mp4;C:\Users\esthe\Downloads\baby grizzly 14 _\Baby_1405_15_onehalf.mp4;C:\Users\esthe\Downloads\baby grizzly 14 _\Baby_1405_16_seven.mp4;C:\Users\esthe\Downloads\baby grizzly 14 _\Baby_1405_17_seven.mp4;C:\Users\esthe\Downloads\baby grizzly 14 _\Baby_1405_1_three.mp4;C:\Users\esthe\Downloads\baby grizzly 14 _\Baby_1405_2_seven.mp4;C:\Users\esthe\Downloads\baby grizzly 14 _\Baby_1405_3_five.mp4;C:\Users\esthe\Downloads\baby grizzly 14 _\Baby_1405_4_five.mp4;C:\Users\esthe\Downloads\baby grizzly 14 _\Baby_1405_5_seven.mp4;C:\Users\esthe\Downloads\baby grizzly 14 _\Baby_1405_6_seven.mp4;C:\Users\esthe\Downloads\baby grizzly 14 _\Baby_1405_7_seven.mp4;C:\Users\esthe\Downloads\baby grizzly 14 _\Baby_1405_8_two.mp4;C:\Users\esthe\Downloads\baby grizzly 14 _\Baby_1405_9_one.mp4,0.0,9.701;4.433;4.267;7.729;13.965;9.531;5.627;5.099;5.562;15.965;11.869;5.499;17.418;8.460;17.460;17.963;11.965,30.000;30.000;30.000;30.000;30.000;30.000;30.000;30.000;30.000;30.000;30.000;30.000;24.000;24.000;24.000;30.000;30.000,Baby_grizzly,digging,,,START,155.972,C:\Users\esthe\Downloads\baby grizzly 14 _\Baby_1405_8_two.mp4,401,NA,
Baby_1405,2025-06-24 11:48:28.904,,172.403,Media file(s),player #1:C:\Users\esthe\Downloads\baby grizzly 14 _\Baby_1405_10_seven.mp4;C:\Users\esthe\Downloads\baby grizzly 14 _\Baby_1405_11_three.mp4;C:\Users\esthe\Downloads\baby grizzly 14 _\Baby_1405_12_three.mp4;C:\Users\esthe\Downloads\baby grizzly 14 _\Baby_1405_13_five.mp4;C:\Users\esthe\Downloads\baby grizzly 14 _\Baby_1405_14_two.mp4;C:\Users\esthe\Downloads\baby grizzly 14 _\Baby_1405_15_onehalf.mp4;C:\Users\esthe\Downloads\baby grizzly 14 _\Baby_1405_16_seven.mp4;C:\Users\esthe\Downloads\baby grizzly 14 _\Baby_1405_17_seven.mp4;C:\Users\esthe\Downloads\baby grizzly 14 _\Baby_1405_1_three.mp4;C:\Users\esthe\Downloads\baby grizzly 14 _\Baby_1405_2_seven.mp4;C:\Users\esthe\Downloads\baby grizzly 14 _\Baby_1405_3_five.mp4;C:\Users\esthe\Downloads\baby grizzly 14 _\Baby_1405_4_five.mp4;C:\Users\esthe\Downloads\baby grizzly 14 _\Baby_1405_5_seven.mp4;C:\Users\esthe\Downloads\baby grizzly 14 _\Baby_1405_6_seven.mp4;C:\Users\esthe\Downloads\baby grizzly 14 _\Baby_1405_7_seven.mp4;C:\Users\esthe\Downloads\baby grizzly 14 _\Baby_1405_8_two.mp4;C:\Users\esthe\Downloads\baby grizzly 14 _\Baby_1405_9_one.mp4,0.0,9.701;4.433;4.267;7.729;13.965;9.531;5.627;5.099;5.562;15.965;11.869;5.499;17.418;8.460;17.460;17.963;11.965,30.000;30.000;30.000;30.000;30.000;30.000;30.000;30.000;30.000;30.000;30.000;30.000;24.000;24.000;24.000;30.000;30.000,Baby_grizzly,target,,,STOP,155.972,C:\Users\esthe\Downloads\baby grizzly 14 _\Baby_1405_8_two.mp4,401,NA,
Baby_1405,2025-06-24 11:48:28.904,,172.403,Media file(s),player #1:C:\Users\esthe\Downloads\baby grizzly 14 _\Baby_1405_10_seven.mp4;C:\Users\esthe\Downloads\baby grizzly 14 _\Baby_1405_11_three.mp4;C:\Users\esthe\Downloads\baby grizzly 14 _\Baby_1405_12_three.mp4;C:\Users\esthe\Downloads\baby grizzly 14 _\Baby_1405_13_five.mp4;C:\Users\esthe\Downloads\baby grizzly 14 _\Baby_1405_14_two.mp4;C:\Users\esthe\Downloads\baby grizzly 14 _\Baby_1405_15_onehalf.mp4;C:\Users\esthe\Downloads\baby grizzly 14 _\Baby_1405_16_seven.mp4;C:\Users\esthe\Downloads\baby grizzly 14 _\Baby_1405_17_seven.mp4;C:\Users\esthe\Downloads\baby grizzly 14 _\Baby_1405_1_three.mp4;C:\Users\esthe\Downloads\baby grizzly 14 _\Baby_1405_2_seven.mp4;C:\Users\esthe\Downloads\baby grizzly 14 _\Baby_1405_3_five.mp4;C:\Users\esthe\Downloads\baby grizzly 14 _\Baby_1405_4_five.mp4;C:\Users\esthe\Downloads\baby grizzly 14 _\Baby_1405_5_seven.mp4;C:\Users\esthe\Downloads\baby grizzly 14 _\Baby_1405_6_seven.mp4;C:\Users\esthe\Downloads\baby grizzly 14 _\Baby_1405_7_seven.mp4;C:\Users\esthe\Downloads\baby grizzly 14 _\Baby_1405_8_two.mp4;C:\Users\esthe\Downloads\baby grizzly 14 _\Baby_1405_9_one.mp4,0.0,9.701;4.433;4.267;7.729;13.965;9.531;5.627;5.099;5.562;15.965;11.869;5.499;17.418;8.460;17.460;17.963;11.965,30.000;30.000;30.000;30.000;30.000;30.000;30.000;30.000;30.000;30.000;30.000;30.000;24.000;24.000;24.000;30.000;30.000,Baby_grizzly,digging,,,STOP,160.438,C:\Users\esthe\Downloads\baby grizzly 14 _\Baby_1405_8_two.mp4,535,NA,
Baby_1405,2025-06-24 11:48:28.904,,172.403,Media file(s),player #1:C:\Users\esthe\Downloads\baby grizzly 14 _\Baby_1405_10_seven.mp4;C:\Users\esthe\Downloads\baby grizzly 14 _\Baby_1405_11_three.mp4;C:\Users\esthe\Downloads\baby grizzly 14 _\Baby_1405_12_three.mp4;C:\Users\esthe\Downloads\baby grizzly 14 _\Baby_1405_13_five.mp4;C:\Users\esthe\Downloads\baby grizzly 14 _\Baby_1405_14_two.mp4;C:\Users\esthe\Downloads\baby grizzly 14 _\Baby_1405_15_onehalf.mp4;C:\Users\esthe\Downloads\baby grizzly 14 _\Baby_1405_16_seven.mp4;C:\Users\esthe\Downloads\baby grizzly 14 _\Baby_1405_17_seven.mp4;C:\Users\esthe\Downloads\baby grizzly 14 _\Baby_1405_1_three.mp4;C:\Users\esthe\Downloads\baby grizzly 14 _\Baby_1405_2_seven.mp4;C:\Users\esthe\Downloads\baby grizzly 14 _\Baby_1405_3_five.mp4;C:\Users\esthe\Downloads\baby grizzly 14 _\Baby_1405_4_five.mp4;C:\Users\esthe\Downloads\baby grizzly 14 _\Baby_1405_5_seven.mp4;C:\Users\esthe\Downloads\baby grizzly 14 _\Baby_1405_6_seven.mp4;C:\Users\esthe\Downloads\baby grizzly 14 _\Baby_1405_7_seven.mp4;C:\Users\esthe\Downloads\baby grizzly 14 _\Baby_1405_8_two.mp4;C:\Users\esthe\Downloads\baby grizzly 14 _\Baby_1405_9_one.mp4,0.0,9.701;4.433;4.267;7.729;13.965;9.531;5.627;5.099;5.562;15.965;11.869;5.499;17.418;8.460;17.460;17.963;11.965,30.000;30.000;30.000;30.000;30.000;30.000;30.000;30.000;30.000;30.000;30.000;30.000;24.000;24.000;24.000;30.000;30.000,Baby_grizzly,lifting,,,START,160.538,C:\Users\esthe\Downloads\baby grizzly 14 _\Baby_1405_8_two.mp4,0,NA,
Baby_1405,2025-06-24 11:48:28.904,,172.403,Media file(s),player #1:C:\Users\esthe\Downloads\baby grizzly 14 _\Baby_1405_10_seven.mp4;C:\Users\esthe\Downloads\baby grizzly 14 _\Baby_1405_11_three.mp4;C:\Users\esthe\Downloads\baby grizzly 14 _\Baby_1405_12_three.mp4;C:\Users\esthe\Downloads\baby grizzly 14 _\Baby_1405_13_five.mp4;C:\Users\esthe\Downloads\baby grizzly 14 _\Baby_1405_14_two.mp4;C:\Users\esthe\Downloads\baby grizzly 14 _\Baby_1405_15_onehalf.mp4;C:\Users\esthe\Downloads\baby grizzly 14 _\Baby_1405_16_seven.mp4;C:\Users\esthe\Downloads\baby grizzly 14 _\Baby_1405_17_seven.mp4;C:\Users\esthe\Downloads\baby grizzly 14 _\Baby_1405_1_three.mp4;C:\Users\esthe\Downloads\baby grizzly 14 _\Baby_1405_2_seven.mp4;C:\Users\esthe\Downloads\baby grizzly 14 _\Baby_1405_3_five.mp4;C:\Users\esthe\Downloads\baby grizzly 14 _\Baby_1405_4_five.mp4;C:\Users\esthe\Downloads\baby grizzly 14 _\Baby_1405_5_seven.mp4;C:\Users\esthe\Downloads\baby grizzly 14 _\Baby_1405_6_seven.mp4;C:\Users\esthe\Downloads\baby grizzly 14 _\Baby_1405_7_seven.mp4;C:\Users\esthe\Downloads\baby grizzly 14 _\Baby_1405_8_two.mp4;C:\Users\esthe\Downloads\baby grizzly 14 _\Baby_1405_9_one.mp4,0.0,9.701;4.433;4.267;7.729;13.965;9.531;5.627;5.099;5.562;15.965;11.869;5.499;17.418;8.460;17.460;17.963;11.965,30.000;30.000;30.000;30.000;30.000;30.000;30.000;30.000;30.000;30.000;30.000;30.000;24.000;24.000;24.000;30.000;30.000,Baby_grizzly,lifting,,,STOP,160.738,C:\Users\esthe\Downloads\baby grizzly 14 _\Baby_1405_9_one.mp4,6,NA,
Baby_1405,2025-06-24 11:48:28.904,,172.403,Media file(s),player #1:C:\Users\esthe\Downloads\baby grizzly 14 _\Baby_1405_10_seven.mp4;C:\Users\esthe\Downloads\baby grizzly 14 _\Baby_1405_11_three.mp4;C:\Users\esthe\Downloads\baby grizzly 14 _\Baby_1405_12_three.mp4;C:\Users\esthe\Downloads\baby grizzly 14 _\Baby_1405_13_five.mp4;C:\Users\esthe\Downloads\baby grizzly 14 _\Baby_1405_14_two.mp4;C:\Users\esthe\Downloads\baby grizzly 14 _\Baby_1405_15_onehalf.mp4;C:\Users\esthe\Downloads\baby grizzly 14 _\Baby_1405_16_seven.mp4;C:\Users\esthe\Downloads\baby grizzly 14 _\Baby_1405_17_seven.mp4;C:\Users\esthe\Downloads\baby grizzly 14 _\Baby_1405_1_three.mp4;C:\Users\esthe\Downloads\baby grizzly 14 _\Baby_1405_2_seven.mp4;C:\Users\esthe\Downloads\baby grizzly 14 _\Baby_1405_3_five.mp4;C:\Users\esthe\Downloads\baby grizzly 14 _\Baby_1405_4_five.mp4;C:\Users\esthe\Downloads\baby grizzly 14 _\Baby_1405_5_seven.mp4;C:\Users\esthe\Downloads\baby grizzly 14 _\Baby_1405_6_seven.mp4;C:\Users\esthe\Downloads\baby grizzly 14 _\Baby_1405_7_seven.mp4;C:\Users\esthe\Downloads\baby grizzly 14 _\Baby_1405_8_two.mp4;C:\Users\esthe\Downloads\baby grizzly 14 _\Baby_1405_9_one.mp4,0.0,9.701;4.433;4.267;7.729;13.965;9.531;5.627;5.099;5.562;15.965;11.869;5.499;17.418;8.460;17.460;17.963;11.965,30.000;30.000;30.000;30.000;30.000;30.000;30.000;30.000;30.000;30.000;30.000;30.000;24.000;24.000;24.000;30.000;30.000,Baby_grizzly,assessing,,,START,160.872,C:\Users\esthe\Downloads\baby grizzly 14 _\Baby_1405_9_one.mp4,10,NA,
Baby_1405,2025-06-24 11:48:28.904,,172.403,Media file(s),player #1:C:\Users\esthe\Downloads\baby grizzly 14 _\Baby_1405_10_seven.mp4;C:\Users\esthe\Downloads\baby grizzly 14 _\Baby_1405_11_three.mp4;C:\Users\esthe\Downloads\baby grizzly 14 _\Baby_1405_12_three.mp4;C:\Users\esthe\Downloads\baby grizzly 14 _\Baby_1405_13_five.mp4;C:\Users\esthe\Downloads\baby grizzly 14 _\Baby_1405_14_two.mp4;C:\Users\esthe\Downloads\baby grizzly 14 _\Baby_1405_15_onehalf.mp4;C:\Users\esthe\Downloads\baby grizzly 14 _\Baby_1405_16_seven.mp4;C:\Users\esthe\Downloads\baby grizzly 14 _\Baby_1405_17_seven.mp4;C:\Users\esthe\Downloads\baby grizzly 14 _\Baby_1405_1_three.mp4;C:\Users\esthe\Downloads\baby grizzly 14 _\Baby_1405_2_seven.mp4;C:\Users\esthe\Downloads\baby grizzly 14 _\Baby_1405_3_five.mp4;C:\Users\esthe\Downloads\baby grizzly 14 _\Baby_1405_4_five.mp4;C:\Users\esthe\Downloads\baby grizzly 14 _\Baby_1405_5_seven.mp4;C:\Users\esthe\Downloads\baby grizzly 14 _\Baby_1405_6_seven.mp4;C:\Users\esthe\Downloads\baby grizzly 14 _\Baby_1405_7_seven.mp4;C:\Users\esthe\Downloads\baby grizzly 14 _\Baby_1405_8_two.mp4;C:\Users\esthe\Downloads\baby grizzly 14 _\Baby_1405_9_one.mp4,0.0,9.701;4.433;4.267;7.729;13.965;9.531;5.627;5.099;5.562;15.965;11.869;5.499;17.418;8.460;17.460;17.963;11.965,30.000;30.000;30.000;30.000;30.000;30.000;30.000;30.000;30.000;30.000;30.000;30.000;24.000;24.000;24.000;30.000;30.000,Baby_grizzly,jaw movement,,,POINT,160.905,C:\Users\esthe\Downloads\baby grizzly 14 _\Baby_1405_9_one.mp4,11,NA,
Baby_1405,2025-06-24 11:48:28.904,,172.403,Media file(s),player #1:C:\Users\esthe\Downloads\baby grizzly 14 _\Baby_1405_10_seven.mp4;C:\Users\esthe\Downloads\baby grizzly 14 _\Baby_1405_11_three.mp4;C:\Users\esthe\Downloads\baby grizzly 14 _\Baby_1405_12_three.mp4;C:\Users\esthe\Downloads\baby grizzly 14 _\Baby_1405_13_five.mp4;C:\Users\esthe\Downloads\baby grizzly 14 _\Baby_1405_14_two.mp4;C:\Users\esthe\Downloads\baby grizzly 14 _\Baby_1405_15_onehalf.mp4;C:\Users\esthe\Downloads\baby grizzly 14 _\Baby_1405_16_seven.mp4;C:\Users\esthe\Downloads\baby grizzly 14 _\Baby_1405_17_seven.mp4;C:\Users\esthe\Downloads\baby grizzly 14 _\Baby_1405_1_three.mp4;C:\Users\esthe\Downloads\baby grizzly 14 _\Baby_1405_2_seven.mp4;C:\Users\esthe\Downloads\baby grizzly 14 _\Baby_1405_3_five.mp4;C:\Users\esthe\Downloads\baby grizzly 14 _\Baby_1405_4_five.mp4;C:\Users\esthe\Downloads\baby grizzly 14 _\Baby_1405_5_seven.mp4;C:\Users\esthe\Downloads\baby grizzly 14 _\Baby_1405_6_seven.mp4;C:\Users\esthe\Downloads\baby grizzly 14 _\Baby_1405_7_seven.mp4;C:\Users\esthe\Downloads\baby grizzly 14 _\Baby_1405_8_two.mp4;C:\Users\esthe\Downloads\baby grizzly 14 _\Baby_1405_9_one.mp4,0.0,9.701;4.433;4.267;7.729;13.965;9.531;5.627;5.099;5.562;15.965;11.869;5.499;17.418;8.460;17.460;17.963;11.965,30.000;30.000;30.000;30.000;30.000;30.000;30.000;30.000;30.000;30.000;30.000;30.000;24.000;24.000;24.000;30.000;30.000,Baby_grizzly,rotation,,Vertical,START,161.172,C:\Users\esthe\Downloads\baby grizzly 14 _\Baby_1405_9_one.mp4,19,NA,
Baby_1405,2025-06-24 11:48:28.904,,172.403,Media file(s),player #1:C:\Users\esthe\Downloads\baby grizzly 14 _\Baby_1405_10_seven.mp4;C:\Users\esthe\Downloads\baby grizzly 14 _\Baby_1405_11_three.mp4;C:\Users\esthe\Downloads\baby grizzly 14 _\Baby_1405_12_three.mp4;C:\Users\esthe\Downloads\baby grizzly 14 _\Baby_1405_13_five.mp4;C:\Users\esthe\Downloads\baby grizzly 14 _\Baby_1405_14_two.mp4;C:\Users\esthe\Downloads\baby grizzly 14 _\Baby_1405_15_onehalf.mp4;C:\Users\esthe\Downloads\baby grizzly 14 _\Baby_1405_16_seven.mp4;C:\Users\esthe\Downloads\baby grizzly 14 _\Baby_1405_17_seven.mp4;C:\Users\esthe\Downloads\baby grizzly 14 _\Baby_1405_1_three.mp4;C:\Users\esthe\Downloads\baby grizzly 14 _\Baby_1405_2_seven.mp4;C:\Users\esthe\Downloads\baby grizzly 14 _\Baby_1405_3_five.mp4;C:\Users\esthe\Downloads\baby grizzly 14 _\Baby_1405_4_five.mp4;C:\Users\esthe\Downloads\baby grizzly 14 _\Baby_1405_5_seven.mp4;C:\Users\esthe\Downloads\baby grizzly 14 _\Baby_1405_6_seven.mp4;C:\Users\esthe\Downloads\baby grizzly 14 _\Baby_1405_7_seven.mp4;C:\Users\esthe\Downloads\baby grizzly 14 _\Baby_1405_8_two.mp4;C:\Users\esthe\Downloads\baby grizzly 14 _\Baby_1405_9_one.mp4,0.0,9.701;4.433;4.267;7.729;13.965;9.531;5.627;5.099;5.562;15.965;11.869;5.499;17.418;8.460;17.460;17.963;11.965,30.000;30.000;30.000;30.000;30.000;30.000;30.000;30.000;30.000;30.000;30.000;30.000;24.000;24.000;24.000;30.000;30.000,Baby_grizzly,jaw movement,,,POINT,161.371,C:\Users\esthe\Downloads\baby grizzly 14 _\Baby_1405_9_one.mp4,25,NA,
Baby_1405,2025-06-24 11:48:28.904,,172.403,Media file(s),player #1:C:\Users\esthe\Downloads\baby grizzly 14 _\Baby_1405_10_seven.mp4;C:\Users\esthe\Downloads\baby grizzly 14 _\Baby_1405_11_three.mp4;C:\Users\esthe\Downloads\baby grizzly 14 _\Baby_1405_12_three.mp4;C:\Users\esthe\Downloads\baby grizzly 14 _\Baby_1405_13_five.mp4;C:\Users\esthe\Downloads\baby grizzly 14 _\Baby_1405_14_two.mp4;C:\Users\esthe\Downloads\baby grizzly 14 _\Baby_1405_15_onehalf.mp4;C:\Users\esthe\Downloads\baby grizzly 14 _\Baby_1405_16_seven.mp4;C:\Users\esthe\Downloads\baby grizzly 14 _\Baby_1405_17_seven.mp4;C:\Users\esthe\Downloads\baby grizzly 14 _\Baby_1405_1_three.mp4;C:\Users\esthe\Downloads\baby grizzly 14 _\Baby_1405_2_seven.mp4;C:\Users\esthe\Downloads\baby grizzly 14 _\Baby_1405_3_five.mp4;C:\Users\esthe\Downloads\baby grizzly 14 _\Baby_1405_4_five.mp4;C:\Users\esthe\Downloads\baby grizzly 14 _\Baby_1405_5_seven.mp4;C:\Users\esthe\Downloads\baby grizzly 14 _\Baby_1405_6_seven.mp4;C:\Users\esthe\Downloads\baby grizzly 14 _\Baby_1405_7_seven.mp4;C:\Users\esthe\Downloads\baby grizzly 14 _\Baby_1405_8_two.mp4;C:\Users\esthe\Downloads\baby grizzly 14 _\Baby_1405_9_one.mp4,0.0,9.701;4.433;4.267;7.729;13.965;9.531;5.627;5.099;5.562;15.965;11.869;5.499;17.418;8.460;17.460;17.963;11.965,30.000;30.000;30.000;30.000;30.000;30.000;30.000;30.000;30.000;30.000;30.000;30.000;24.000;24.000;24.000;30.000;30.000,Baby_grizzly,jaw movement,,,POINT,161.605,C:\Users\esthe\Downloads\baby grizzly 14 _\Baby_1405_9_one.mp4,32,NA,
Baby_1405,2025-06-24 11:48:28.904,,172.403,Media file(s),player #1:C:\Users\esthe\Downloads\baby grizzly 14 _\Baby_1405_10_seven.mp4;C:\Users\esthe\Downloads\baby grizzly 14 _\Baby_1405_11_three.mp4;C:\Users\esthe\Downloads\baby grizzly 14 _\Baby_1405_12_three.mp4;C:\Users\esthe\Downloads\baby grizzly 14 _\Baby_1405_13_five.mp4;C:\Users\esthe\Downloads\baby grizzly 14 _\Baby_1405_14_two.mp4;C:\Users\esthe\Downloads\baby grizzly 14 _\Baby_1405_15_onehalf.mp4;C:\Users\esthe\Downloads\baby grizzly 14 _\Baby_1405_16_seven.mp4;C:\Users\esthe\Downloads\baby grizzly 14 _\Baby_1405_17_seven.mp4;C:\Users\esthe\Downloads\baby grizzly 14 _\Baby_1405_1_three.mp4;C:\Users\esthe\Downloads\baby grizzly 14 _\Baby_1405_2_seven.mp4;C:\Users\esthe\Downloads\baby grizzly 14 _\Baby_1405_3_five.mp4;C:\Users\esthe\Downloads\baby grizzly 14 _\Baby_1405_4_five.mp4;C:\Users\esthe\Downloads\baby grizzly 14 _\Baby_1405_5_seven.mp4;C:\Users\esthe\Downloads\baby grizzly 14 _\Baby_1405_6_seven.mp4;C:\Users\esthe\Downloads\baby grizzly 14 _\Baby_1405_7_seven.mp4;C:\Users\esthe\Downloads\baby grizzly 14 _\Baby_1405_8_two.mp4;C:\Users\esthe\Downloads\baby grizzly 14 _\Baby_1405_9_one.mp4,0.0,9.701;4.433;4.267;7.729;13.965;9.531;5.627;5.099;5.562;15.965;11.869;5.499;17.418;8.460;17.460;17.963;11.965,30.000;30.000;30.000;30.000;30.000;30.000;30.000;30.000;30.000;30.000;30.000;30.000;24.000;24.000;24.000;30.000;30.000,Baby_grizzly,rotation,,Vertical,STOP,161.771,C:\Users\esthe\Downloads\baby grizzly 14 _\Baby_1405_9_one.mp4,37,NA,
Baby_1405,2025-06-24 11:48:28.904,,172.403,Media file(s),player #1:C:\Users\esthe\Downloads\baby grizzly 14 _\Baby_1405_10_seven.mp4;C:\Users\esthe\Downloads\baby grizzly 14 _\Baby_1405_11_three.mp4;C:\Users\esthe\Downloads\baby grizzly 14 _\Baby_1405_12_three.mp4;C:\Users\esthe\Downloads\baby grizzly 14 _\Baby_1405_13_five.mp4;C:\Users\esthe\Downloads\baby grizzly 14 _\Baby_1405_14_two.mp4;C:\Users\esthe\Downloads\baby grizzly 14 _\Baby_1405_15_onehalf.mp4;C:\Users\esthe\Downloads\baby grizzly 14 _\Baby_1405_16_seven.mp4;C:\Users\esthe\Downloads\baby grizzly 14 _\Baby_1405_17_seven.mp4;C:\Users\esthe\Downloads\baby grizzly 14 _\Baby_1405_1_three.mp4;C:\Users\esthe\Downloads\baby grizzly 14 _\Baby_1405_2_seven.mp4;C:\Users\esthe\Downloads\baby grizzly 14 _\Baby_1405_3_five.mp4;C:\Users\esthe\Downloads\baby grizzly 14 _\Baby_1405_4_five.mp4;C:\Users\esthe\Downloads\baby grizzly 14 _\Baby_1405_5_seven.mp4;C:\Users\esthe\Downloads\baby grizzly 14 _\Baby_1405_6_seven.mp4;C:\Users\esthe\Downloads\baby grizzly 14 _\Baby_1405_7_seven.mp4;C:\Users\esthe\Downloads\baby grizzly 14 _\Baby_1405_8_two.mp4;C:\Users\esthe\Downloads\baby grizzly 14 _\Baby_1405_9_one.mp4,0.0,9.701;4.433;4.267;7.729;13.965;9.531;5.627;5.099;5.562;15.965;11.869;5.499;17.418;8.460;17.460;17.963;11.965,30.000;30.000;30.000;30.000;30.000;30.000;30.000;30.000;30.000;30.000;30.000;30.000;24.000;24.000;24.000;30.000;30.000,Baby_grizzly,jaw movement,,,POINT,162.005,C:\Users\esthe\Downloads\baby grizzly 14 _\Baby_1405_9_one.mp4,44,NA,
Baby_1405,2025-06-24 11:48:28.904,,172.403,Media file(s),player #1:C:\Users\esthe\Downloads\baby grizzly 14 _\Baby_1405_10_seven.mp4;C:\Users\esthe\Downloads\baby grizzly 14 _\Baby_1405_11_three.mp4;C:\Users\esthe\Downloads\baby grizzly 14 _\Baby_1405_12_three.mp4;C:\Users\esthe\Downloads\baby grizzly 14 _\Baby_1405_13_five.mp4;C:\Users\esthe\Downloads\baby grizzly 14 _\Baby_1405_14_two.mp4;C:\Users\esthe\Downloads\baby grizzly 14 _\Baby_1405_15_onehalf.mp4;C:\Users\esthe\Downloads\baby grizzly 14 _\Baby_1405_16_seven.mp4;C:\Users\esthe\Downloads\baby grizzly 14 _\Baby_1405_17_seven.mp4;C:\Users\esthe\Downloads\baby grizzly 14 _\Baby_1405_1_three.mp4;C:\Users\esthe\Downloads\baby grizzly 14 _\Baby_1405_2_seven.mp4;C:\Users\esthe\Downloads\baby grizzly 14 _\Baby_1405_3_five.mp4;C:\Users\esthe\Downloads\baby grizzly 14 _\Baby_1405_4_five.mp4;C:\Users\esthe\Downloads\baby grizzly 14 _\Baby_1405_5_seven.mp4;C:\Users\esthe\Downloads\baby grizzly 14 _\Baby_1405_6_seven.mp4;C:\Users\esthe\Downloads\baby grizzly 14 _\Baby_1405_7_seven.mp4;C:\Users\esthe\Downloads\baby grizzly 14 _\Baby_1405_8_two.mp4;C:\Users\esthe\Downloads\baby grizzly 14 _\Baby_1405_9_one.mp4,0.0,9.701;4.433;4.267;7.729;13.965;9.531;5.627;5.099;5.562;15.965;11.869;5.499;17.418;8.460;17.460;17.963;11.965,30.000;30.000;30.000;30.000;30.000;30.000;30.000;30.000;30.000;30.000;30.000;30.000;24.000;24.000;24.000;30.000;30.000,Baby_grizzly,mouth,,,POINT,162.138,C:\Users\esthe\Downloads\baby grizzly 14 _\Baby_1405_9_one.mp4,48,NA,
Baby_1405,2025-06-24 11:48:28.904,,172.403,Media file(s),player #1:C:\Users\esthe\Downloads\baby grizzly 14 _\Baby_1405_10_seven.mp4;C:\Users\esthe\Downloads\baby grizzly 14 _\Baby_1405_11_three.mp4;C:\Users\esthe\Downloads\baby grizzly 14 _\Baby_1405_12_three.mp4;C:\Users\esthe\Downloads\baby grizzly 14 _\Baby_1405_13_five.mp4;C:\Users\esthe\Downloads\baby grizzly 14 _\Baby_1405_14_two.mp4;C:\Users\esthe\Downloads\baby grizzly 14 _\Baby_1405_15_onehalf.mp4;C:\Users\esthe\Downloads\baby grizzly 14 _\Baby_1405_16_seven.mp4;C:\Users\esthe\Downloads\baby grizzly 14 _\Baby_1405_17_seven.mp4;C:\Users\esthe\Downloads\baby grizzly 14 _\Baby_1405_1_three.mp4;C:\Users\esthe\Downloads\baby grizzly 14 _\Baby_1405_2_seven.mp4;C:\Users\esthe\Downloads\baby grizzly 14 _\Baby_1405_3_five.mp4;C:\Users\esthe\Downloads\baby grizzly 14 _\Baby_1405_4_five.mp4;C:\Users\esthe\Downloads\baby grizzly 14 _\Baby_1405_5_seven.mp4;C:\Users\esthe\Downloads\baby grizzly 14 _\Baby_1405_6_seven.mp4;C:\Users\esthe\Downloads\baby grizzly 14 _\Baby_1405_7_seven.mp4;C:\Users\esthe\Downloads\baby grizzly 14 _\Baby_1405_8_two.mp4;C:\Users\esthe\Downloads\baby grizzly 14 _\Baby_1405_9_one.mp4,0.0,9.701;4.433;4.267;7.729;13.965;9.531;5.627;5.099;5.562;15.965;11.869;5.499;17.418;8.460;17.460;17.963;11.965,30.000;30.000;30.000;30.000;30.000;30.000;30.000;30.000;30.000;30.000;30.000;30.000;24.000;24.000;24.000;30.000;30.000,Baby_grizzly,assessing,,,STOP,162.205,C:\Users\esthe\Downloads\baby grizzly 14 _\Baby_1405_9_one.mp4,50,NA,
Baby_1405,2025-06-24 11:48:28.904,,172.403,Media file(s),player #1:C:\Users\esthe\Downloads\baby grizzly 14 _\Baby_1405_10_seven.mp4;C:\Users\esthe\Downloads\baby grizzly 14 _\Baby_1405_11_three.mp4;C:\Users\esthe\Downloads\baby grizzly 14 _\Baby_1405_12_three.mp4;C:\Users\esthe\Downloads\baby grizzly 14 _\Baby_1405_13_five.mp4;C:\Users\esthe\Downloads\baby grizzly 14 _\Baby_1405_14_two.mp4;C:\Users\esthe\Downloads\baby grizzly 14 _\Baby_1405_15_onehalf.mp4;C:\Users\esthe\Downloads\baby grizzly 14 _\Baby_1405_16_seven.mp4;C:\Users\esthe\Downloads\baby grizzly 14 _\Baby_1405_17_seven.mp4;C:\Users\esthe\Downloads\baby grizzly 14 _\Baby_1405_1_three.mp4;C:\Users\esthe\Downloads\baby grizzly 14 _\Baby_1405_2_seven.mp4;C:\Users\esthe\Downloads\baby grizzly 14 _\Baby_1405_3_five.mp4;C:\Users\esthe\Downloads\baby grizzly 14 _\Baby_1405_4_five.mp4;C:\Users\esthe\Downloads\baby grizzly 14 _\Baby_1405_5_seven.mp4;C:\Users\esthe\Downloads\baby grizzly 14 _\Baby_1405_6_seven.mp4;C:\Users\esthe\Downloads\baby grizzly 14 _\Baby_1405_7_seven.mp4;C:\Users\esthe\Downloads\baby grizzly 14 _\Baby_1405_8_two.mp4;C:\Users\esthe\Downloads\baby grizzly 14 _\Baby_1405_9_one.mp4,0.0,9.701;4.433;4.267;7.729;13.965;9.531;5.627;5.099;5.562;15.965;11.869;5.499;17.418;8.460;17.460;17.963;11.965,30.000;30.000;30.000;30.000;30.000;30.000;30.000;30.000;30.000;30.000;30.000;30.000;24.000;24.000;24.000;30.000;30.000,Baby_grizzly,target,,,START,162.471,C:\Users\esthe\Downloads\baby grizzly 14 _\Baby_1405_9_one.mp4,58,NA,
Baby_1405,2025-06-24 11:48:28.904,,172.403,Media file(s),player #1:C:\Users\esthe\Downloads\baby grizzly 14 _\Baby_1405_10_seven.mp4;C:\Users\esthe\Downloads\baby grizzly 14 _\Baby_1405_11_three.mp4;C:\Users\esthe\Downloads\baby grizzly 14 _\Baby_1405_12_three.mp4;C:\Users\esthe\Downloads\baby grizzly 14 _\Baby_1405_13_five.mp4;C:\Users\esthe\Downloads\baby grizzly 14 _\Baby_1405_14_two.mp4;C:\Users\esthe\Downloads\baby grizzly 14 _\Baby_1405_15_onehalf.mp4;C:\Users\esthe\Downloads\baby grizzly 14 _\Baby_1405_16_seven.mp4;C:\Users\esthe\Downloads\baby grizzly 14 _\Baby_1405_17_seven.mp4;C:\Users\esthe\Downloads\baby grizzly 14 _\Baby_1405_1_three.mp4;C:\Users\esthe\Downloads\baby grizzly 14 _\Baby_1405_2_seven.mp4;C:\Users\esthe\Downloads\baby grizzly 14 _\Baby_1405_3_five.mp4;C:\Users\esthe\Downloads\baby grizzly 14 _\Baby_1405_4_five.mp4;C:\Users\esthe\Downloads\baby grizzly 14 _\Baby_1405_5_seven.mp4;C:\Users\esthe\Downloads\baby grizzly 14 _\Baby_1405_6_seven.mp4;C:\Users\esthe\Downloads\baby grizzly 14 _\Baby_1405_7_seven.mp4;C:\Users\esthe\Downloads\baby grizzly 14 _\Baby_1405_8_two.mp4;C:\Users\esthe\Downloads\baby grizzly 14 _\Baby_1405_9_one.mp4,0.0,9.701;4.433;4.267;7.729;13.965;9.531;5.627;5.099;5.562;15.965;11.869;5.499;17.418;8.460;17.460;17.963;11.965,30.000;30.000;30.000;30.000;30.000;30.000;30.000;30.000;30.000;30.000;30.000;30.000;24.000;24.000;24.000;30.000;30.000,Baby_grizzly,target,,,STOP,165.503,C:\Users\esthe\Downloads\baby grizzly 14 _\Baby_1405_9_one.mp4,149,NA,
Baby_1405,2025-06-24 11:48:28.904,,172.403,Media file(s),player #1:C:\Users\esthe\Downloads\baby grizzly 14 _\Baby_1405_10_seven.mp4;C:\Users\esthe\Downloads\baby grizzly 14 _\Baby_1405_11_three.mp4;C:\Users\esthe\Downloads\baby grizzly 14 _\Baby_1405_12_three.mp4;C:\Users\esthe\Downloads\baby grizzly 14 _\Baby_1405_13_five.mp4;C:\Users\esthe\Downloads\baby grizzly 14 _\Baby_1405_14_two.mp4;C:\Users\esthe\Downloads\baby grizzly 14 _\Baby_1405_15_onehalf.mp4;C:\Users\esthe\Downloads\baby grizzly 14 _\Baby_1405_16_seven.mp4;C:\Users\esthe\Downloads\baby grizzly 14 _\Baby_1405_17_seven.mp4;C:\Users\esthe\Downloads\baby grizzly 14 _\Baby_1405_1_three.mp4;C:\Users\esthe\Downloads\baby grizzly 14 _\Baby_1405_2_seven.mp4;C:\Users\esthe\Downloads\baby grizzly 14 _\Baby_1405_3_five.mp4;C:\Users\esthe\Downloads\baby grizzly 14 _\Baby_1405_4_five.mp4;C:\Users\esthe\Downloads\baby grizzly 14 _\Baby_1405_5_seven.mp4;C:\Users\esthe\Downloads\baby grizzly 14 _\Baby_1405_6_seven.mp4;C:\Users\esthe\Downloads\baby grizzly 14 _\Baby_1405_7_seven.mp4;C:\Users\esthe\Downloads\baby grizzly 14 _\Baby_1405_8_two.mp4;C:\Users\esthe\Downloads\baby grizzly 14 _\Baby_1405_9_one.mp4,0.0,9.701;4.433;4.267;7.729;13.965;9.531;5.627;5.099;5.562;15.965;11.869;5.499;17.418;8.460;17.460;17.963;11.965,30.000;30.000;30.000;30.000;30.000;30.000;30.000;30.000;30.000;30.000;30.000;30.000;24.000;24.000;24.000;30.000;30.000,Baby_grizzly,digging,,,START,165.670,C:\Users\esthe\Downloads\baby grizzly 14 _\Baby_1405_9_one.mp4,154,NA,
Baby_1405,2025-06-24 11:48:28.904,,172.403,Media file(s),player #1:C:\Users\esthe\Downloads\baby grizzly 14 _\Baby_1405_10_seven.mp4;C:\Users\esthe\Downloads\baby grizzly 14 _\Baby_1405_11_three.mp4;C:\Users\esthe\Downloads\baby grizzly 14 _\Baby_1405_12_three.mp4;C:\Users\esthe\Downloads\baby grizzly 14 _\Baby_1405_13_five.mp4;C:\Users\esthe\Downloads\baby grizzly 14 _\Baby_1405_14_two.mp4;C:\Users\esthe\Downloads\baby grizzly 14 _\Baby_1405_15_onehalf.mp4;C:\Users\esthe\Downloads\baby grizzly 14 _\Baby_1405_16_seven.mp4;C:\Users\esthe\Downloads\baby grizzly 14 _\Baby_1405_17_seven.mp4;C:\Users\esthe\Downloads\baby grizzly 14 _\Baby_1405_1_three.mp4;C:\Users\esthe\Downloads\baby grizzly 14 _\Baby_1405_2_seven.mp4;C:\Users\esthe\Downloads\baby grizzly 14 _\Baby_1405_3_five.mp4;C:\Users\esthe\Downloads\baby grizzly 14 _\Baby_1405_4_five.mp4;C:\Users\esthe\Downloads\baby grizzly 14 _\Baby_1405_5_seven.mp4;C:\Users\esthe\Downloads\baby grizzly 14 _\Baby_1405_6_seven.mp4;C:\Users\esthe\Downloads\baby grizzly 14 _\Baby_1405_7_seven.mp4;C:\Users\esthe\Downloads\baby grizzly 14 _\Baby_1405_8_two.mp4;C:\Users\esthe\Downloads\baby grizzly 14 _\Baby_1405_9_one.mp4,0.0,9.701;4.433;4.267;7.729;13.965;9.531;5.627;5.099;5.562;15.965;11.869;5.499;17.418;8.460;17.460;17.963;11.965,30.000;30.000;30.000;30.000;30.000;30.000;30.000;30.000;30.000;30.000;30.000;30.000;24.000;24.000;24.000;30.000;30.000,Baby_grizzly,digging,,,STOP,165.870,C:\Users\esthe\Downloads\baby grizzly 14 _\Baby_1405_9_one.mp4,160,NA,
Baby_1405,2025-06-24 11:48:28.904,,172.403,Media file(s),player #1:C:\Users\esthe\Downloads\baby grizzly 14 _\Baby_1405_10_seven.mp4;C:\Users\esthe\Downloads\baby grizzly 14 _\Baby_1405_11_three.mp4;C:\Users\esthe\Downloads\baby grizzly 14 _\Baby_1405_12_three.mp4;C:\Users\esthe\Downloads\baby grizzly 14 _\Baby_1405_13_five.mp4;C:\Users\esthe\Downloads\baby grizzly 14 _\Baby_1405_14_two.mp4;C:\Users\esthe\Downloads\baby grizzly 14 _\Baby_1405_15_onehalf.mp4;C:\Users\esthe\Downloads\baby grizzly 14 _\Baby_1405_16_seven.mp4;C:\Users\esthe\Downloads\baby grizzly 14 _\Baby_1405_17_seven.mp4;C:\Users\esthe\Downloads\baby grizzly 14 _\Baby_1405_1_three.mp4;C:\Users\esthe\Downloads\baby grizzly 14 _\Baby_1405_2_seven.mp4;C:\Users\esthe\Downloads\baby grizzly 14 _\Baby_1405_3_five.mp4;C:\Users\esthe\Downloads\baby grizzly 14 _\Baby_1405_4_five.mp4;C:\Users\esthe\Downloads\baby grizzly 14 _\Baby_1405_5_seven.mp4;C:\Users\esthe\Downloads\baby grizzly 14 _\Baby_1405_6_seven.mp4;C:\Users\esthe\Downloads\baby grizzly 14 _\Baby_1405_7_seven.mp4;C:\Users\esthe\Downloads\baby grizzly 14 _\Baby_1405_8_two.mp4;C:\Users\esthe\Downloads\baby grizzly 14 _\Baby_1405_9_one.mp4,0.0,9.701;4.433;4.267;7.729;13.965;9.531;5.627;5.099;5.562;15.965;11.869;5.499;17.418;8.460;17.460;17.963;11.965,30.000;30.000;30.000;30.000;30.000;30.000;30.000;30.000;30.000;30.000;30.000;30.000;24.000;24.000;24.000;30.000;30.000,Baby_grizzly,target,,,START,166.103,C:\Users\esthe\Downloads\baby grizzly 14 _\Baby_1405_9_one.mp4,167,NA,
Baby_1405,2025-06-24 11:48:28.904,,172.403,Media file(s),player #1:C:\Users\esthe\Downloads\baby grizzly 14 _\Baby_1405_10_seven.mp4;C:\Users\esthe\Downloads\baby grizzly 14 _\Baby_1405_11_three.mp4;C:\Users\esthe\Downloads\baby grizzly 14 _\Baby_1405_12_three.mp4;C:\Users\esthe\Downloads\baby grizzly 14 _\Baby_1405_13_five.mp4;C:\Users\esthe\Downloads\baby grizzly 14 _\Baby_1405_14_two.mp4;C:\Users\esthe\Downloads\baby grizzly 14 _\Baby_1405_15_onehalf.mp4;C:\Users\esthe\Downloads\baby grizzly 14 _\Baby_1405_16_seven.mp4;C:\Users\esthe\Downloads\baby grizzly 14 _\Baby_1405_17_seven.mp4;C:\Users\esthe\Downloads\baby grizzly 14 _\Baby_1405_1_three.mp4;C:\Users\esthe\Downloads\baby grizzly 14 _\Baby_1405_2_seven.mp4;C:\Users\esthe\Downloads\baby grizzly 14 _\Baby_1405_3_five.mp4;C:\Users\esthe\Downloads\baby grizzly 14 _\Baby_1405_4_five.mp4;C:\Users\esthe\Downloads\baby grizzly 14 _\Baby_1405_5_seven.mp4;C:\Users\esthe\Downloads\baby grizzly 14 _\Baby_1405_6_seven.mp4;C:\Users\esthe\Downloads\baby grizzly 14 _\Baby_1405_7_seven.mp4;C:\Users\esthe\Downloads\baby grizzly 14 _\Baby_1405_8_two.mp4;C:\Users\esthe\Downloads\baby grizzly 14 _\Baby_1405_9_one.mp4,0.0,9.701;4.433;4.267;7.729;13.965;9.531;5.627;5.099;5.562;15.965;11.869;5.499;17.418;8.460;17.460;17.963;11.965,30.000;30.000;30.000;30.000;30.000;30.000;30.000;30.000;30.000;30.000;30.000;30.000;24.000;24.000;24.000;30.000;30.000,Baby_grizzly,digging,,,START,167.070,C:\Users\esthe\Downloads\baby grizzly 14 _\Baby_1405_9_one.mp4,195,NA,
Baby_1405,2025-06-24 11:48:28.904,,172.403,Media file(s),player #1:C:\Users\esthe\Downloads\baby grizzly 14 _\Baby_1405_10_seven.mp4;C:\Users\esthe\Downloads\baby grizzly 14 _\Baby_1405_11_three.mp4;C:\Users\esthe\Downloads\baby grizzly 14 _\Baby_1405_12_three.mp4;C:\Users\esthe\Downloads\baby grizzly 14 _\Baby_1405_13_five.mp4;C:\Users\esthe\Downloads\baby grizzly 14 _\Baby_1405_14_two.mp4;C:\Users\esthe\Downloads\baby grizzly 14 _\Baby_1405_15_onehalf.mp4;C:\Users\esthe\Downloads\baby grizzly 14 _\Baby_1405_16_seven.mp4;C:\Users\esthe\Downloads\baby grizzly 14 _\Baby_1405_17_seven.mp4;C:\Users\esthe\Downloads\baby grizzly 14 _\Baby_1405_1_three.mp4;C:\Users\esthe\Downloads\baby grizzly 14 _\Baby_1405_2_seven.mp4;C:\Users\esthe\Downloads\baby grizzly 14 _\Baby_1405_3_five.mp4;C:\Users\esthe\Downloads\baby grizzly 14 _\Baby_1405_4_five.mp4;C:\Users\esthe\Downloads\baby grizzly 14 _\Baby_1405_5_seven.mp4;C:\Users\esthe\Downloads\baby grizzly 14 _\Baby_1405_6_seven.mp4;C:\Users\esthe\Downloads\baby grizzly 14 _\Baby_1405_7_seven.mp4;C:\Users\esthe\Downloads\baby grizzly 14 _\Baby_1405_8_two.mp4;C:\Users\esthe\Downloads\baby grizzly 14 _\Baby_1405_9_one.mp4,0.0,9.701;4.433;4.267;7.729;13.965;9.531;5.627;5.099;5.562;15.965;11.869;5.499;17.418;8.460;17.460;17.963;11.965,30.000;30.000;30.000;30.000;30.000;30.000;30.000;30.000;30.000;30.000;30.000;30.000;24.000;24.000;24.000;30.000;30.000,Baby_grizzly,target,,,STOP,167.070,C:\Users\esthe\Downloads\baby grizzly 14 _\Baby_1405_9_one.mp4,195,NA,
Baby_1405,2025-06-24 11:48:28.904,,172.403,Media file(s),player #1:C:\Users\esthe\Downloads\baby grizzly 14 _\Baby_1405_10_seven.mp4;C:\Users\esthe\Downloads\baby grizzly 14 _\Baby_1405_11_three.mp4;C:\Users\esthe\Downloads\baby grizzly 14 _\Baby_1405_12_three.mp4;C:\Users\esthe\Downloads\baby grizzly 14 _\Baby_1405_13_five.mp4;C:\Users\esthe\Downloads\baby grizzly 14 _\Baby_1405_14_two.mp4;C:\Users\esthe\Downloads\baby grizzly 14 _\Baby_1405_15_onehalf.mp4;C:\Users\esthe\Downloads\baby grizzly 14 _\Baby_1405_16_seven.mp4;C:\Users\esthe\Downloads\baby grizzly 14 _\Baby_1405_17_seven.mp4;C:\Users\esthe\Downloads\baby grizzly 14 _\Baby_1405_1_three.mp4;C:\Users\esthe\Downloads\baby grizzly 14 _\Baby_1405_2_seven.mp4;C:\Users\esthe\Downloads\baby grizzly 14 _\Baby_1405_3_five.mp4;C:\Users\esthe\Downloads\baby grizzly 14 _\Baby_1405_4_five.mp4;C:\Users\esthe\Downloads\baby grizzly 14 _\Baby_1405_5_seven.mp4;C:\Users\esthe\Downloads\baby grizzly 14 _\Baby_1405_6_seven.mp4;C:\Users\esthe\Downloads\baby grizzly 14 _\Baby_1405_7_seven.mp4;C:\Users\esthe\Downloads\baby grizzly 14 _\Baby_1405_8_two.mp4;C:\Users\esthe\Downloads\baby grizzly 14 _\Baby_1405_9_one.mp4,0.0,9.701;4.433;4.267;7.729;13.965;9.531;5.627;5.099;5.562;15.965;11.869;5.499;17.418;8.460;17.460;17.963;11.965,30.000;30.000;30.000;30.000;30.000;30.000;30.000;30.000;30.000;30.000;30.000;30.000;24.000;24.000;24.000;30.000;30.000,Baby_grizzly,digging,,,STOP,168.236,C:\Users\esthe\Downloads\baby grizzly 14 _\Baby_1405_9_one.mp4,230,NA,
Baby_1405,2025-06-24 11:48:28.904,,172.403,Media file(s),player #1:C:\Users\esthe\Downloads\baby grizzly 14 _\Baby_1405_10_seven.mp4;C:\Users\esthe\Downloads\baby grizzly 14 _\Baby_1405_11_three.mp4;C:\Users\esthe\Downloads\baby grizzly 14 _\Baby_1405_12_three.mp4;C:\Users\esthe\Downloads\baby grizzly 14 _\Baby_1405_13_five.mp4;C:\Users\esthe\Downloads\baby grizzly 14 _\Baby_1405_14_two.mp4;C:\Users\esthe\Downloads\baby grizzly 14 _\Baby_1405_15_onehalf.mp4;C:\Users\esthe\Downloads\baby grizzly 14 _\Baby_1405_16_seven.mp4;C:\Users\esthe\Downloads\baby grizzly 14 _\Baby_1405_17_seven.mp4;C:\Users\esthe\Downloads\baby grizzly 14 _\Baby_1405_1_three.mp4;C:\Users\esthe\Downloads\baby grizzly 14 _\Baby_1405_2_seven.mp4;C:\Users\esthe\Downloads\baby grizzly 14 _\Baby_1405_3_five.mp4;C:\Users\esthe\Downloads\baby grizzly 14 _\Baby_1405_4_five.mp4;C:\Users\esthe\Downloads\baby grizzly 14 _\Baby_1405_5_seven.mp4;C:\Users\esthe\Downloads\baby grizzly 14 _\Baby_1405_6_seven.mp4;C:\Users\esthe\Downloads\baby grizzly 14 _\Baby_1405_7_seven.mp4;C:\Users\esthe\Downloads\baby grizzly 14 _\Baby_1405_8_two.mp4;C:\Users\esthe\Downloads\baby grizzly 14 _\Baby_1405_9_one.mp4,0.0,9.701;4.433;4.267;7.729;13.965;9.531;5.627;5.099;5.562;15.965;11.869;5.499;17.418;8.460;17.460;17.963;11.965,30.000;30.000;30.000;30.000;30.000;30.000;30.000;30.000;30.000;30.000;30.000;30.000;24.000;24.000;24.000;30.000;30.000,Baby_grizzly,target,,,START,168.303,C:\Users\esthe\Downloads\baby grizzly 14 _\Baby_1405_9_one.mp4,232,NA,
Baby_1405,2025-06-24 11:48:28.904,,172.403,Media file(s),player #1:C:\Users\esthe\Downloads\baby grizzly 14 _\Baby_1405_10_seven.mp4;C:\Users\esthe\Downloads\baby grizzly 14 _\Baby_1405_11_three.mp4;C:\Users\esthe\Downloads\baby grizzly 14 _\Baby_1405_12_three.mp4;C:\Users\esthe\Downloads\baby grizzly 14 _\Baby_1405_13_five.mp4;C:\Users\esthe\Downloads\baby grizzly 14 _\Baby_1405_14_two.mp4;C:\Users\esthe\Downloads\baby grizzly 14 _\Baby_1405_15_onehalf.mp4;C:\Users\esthe\Downloads\baby grizzly 14 _\Baby_1405_16_seven.mp4;C:\Users\esthe\Downloads\baby grizzly 14 _\Baby_1405_17_seven.mp4;C:\Users\esthe\Downloads\baby grizzly 14 _\Baby_1405_1_three.mp4;C:\Users\esthe\Downloads\baby grizzly 14 _\Baby_1405_2_seven.mp4;C:\Users\esthe\Downloads\baby grizzly 14 _\Baby_1405_3_five.mp4;C:\Users\esthe\Downloads\baby grizzly 14 _\Baby_1405_4_five.mp4;C:\Users\esthe\Downloads\baby grizzly 14 _\Baby_1405_5_seven.mp4;C:\Users\esthe\Downloads\baby grizzly 14 _\Baby_1405_6_seven.mp4;C:\Users\esthe\Downloads\baby grizzly 14 _\Baby_1405_7_seven.mp4;C:\Users\esthe\Downloads\baby grizzly 14 _\Baby_1405_8_two.mp4;C:\Users\esthe\Downloads\baby grizzly 14 _\Baby_1405_9_one.mp4,0.0,9.701;4.433;4.267;7.729;13.965;9.531;5.627;5.099;5.562;15.965;11.869;5.499;17.418;8.460;17.460;17.963;11.965,30.000;30.000;30.000;30.000;30.000;30.000;30.000;30.000;30.000;30.000;30.000;30.000;24.000;24.000;24.000;30.000;30.000,Baby_grizzly,digging,,,START,169.904,C:\Users\esthe\Downloads\baby grizzly 14 _\Baby_1405_9_one.mp4,280,NA,
Baby_1405,2025-06-24 11:48:28.904,,172.403,Media file(s),player #1:C:\Users\esthe\Downloads\baby grizzly 14 _\Baby_1405_10_seven.mp4;C:\Users\esthe\Downloads\baby grizzly 14 _\Baby_1405_11_three.mp4;C:\Users\esthe\Downloads\baby grizzly 14 _\Baby_1405_12_three.mp4;C:\Users\esthe\Downloads\baby grizzly 14 _\Baby_1405_13_five.mp4;C:\Users\esthe\Downloads\baby grizzly 14 _\Baby_1405_14_two.mp4;C:\Users\esthe\Downloads\baby grizzly 14 _\Baby_1405_15_onehalf.mp4;C:\Users\esthe\Downloads\baby grizzly 14 _\Baby_1405_16_seven.mp4;C:\Users\esthe\Downloads\baby grizzly 14 _\Baby_1405_17_seven.mp4;C:\Users\esthe\Downloads\baby grizzly 14 _\Baby_1405_1_three.mp4;C:\Users\esthe\Downloads\baby grizzly 14 _\Baby_1405_2_seven.mp4;C:\Users\esthe\Downloads\baby grizzly 14 _\Baby_1405_3_five.mp4;C:\Users\esthe\Downloads\baby grizzly 14 _\Baby_1405_4_five.mp4;C:\Users\esthe\Downloads\baby grizzly 14 _\Baby_1405_5_seven.mp4;C:\Users\esthe\Downloads\baby grizzly 14 _\Baby_1405_6_seven.mp4;C:\Users\esthe\Downloads\baby grizzly 14 _\Baby_1405_7_seven.mp4;C:\Users\esthe\Downloads\baby grizzly 14 _\Baby_1405_8_two.mp4;C:\Users\esthe\Downloads\baby grizzly 14 _\Baby_1405_9_one.mp4,0.0,9.701;4.433;4.267;7.729;13.965;9.531;5.627;5.099;5.562;15.965;11.869;5.499;17.418;8.460;17.460;17.963;11.965,30.000;30.000;30.000;30.000;30.000;30.000;30.000;30.000;30.000;30.000;30.000;30.000;24.000;24.000;24.000;30.000;30.000,Baby_grizzly,target,,,STOP,169.904,C:\Users\esthe\Downloads\baby grizzly 14 _\Baby_1405_9_one.mp4,280,NA,
Baby_1405,2025-06-24 11:48:28.904,,172.403,Media file(s),player #1:C:\Users\esthe\Downloads\baby grizzly 14 _\Baby_1405_10_seven.mp4;C:\Users\esthe\Downloads\baby grizzly 14 _\Baby_1405_11_three.mp4;C:\Users\esthe\Downloads\baby grizzly 14 _\Baby_1405_12_three.mp4;C:\Users\esthe\Downloads\baby grizzly 14 _\Baby_1405_13_five.mp4;C:\Users\esthe\Downloads\baby grizzly 14 _\Baby_1405_14_two.mp4;C:\Users\esthe\Downloads\baby grizzly 14 _\Baby_1405_15_onehalf.mp4;C:\Users\esthe\Downloads\baby grizzly 14 _\Baby_1405_16_seven.mp4;C:\Users\esthe\Downloads\baby grizzly 14 _\Baby_1405_17_seven.mp4;C:\Users\esthe\Downloads\baby grizzly 14 _\Baby_1405_1_three.mp4;C:\Users\esthe\Downloads\baby grizzly 14 _\Baby_1405_2_seven.mp4;C:\Users\esthe\Downloads\baby grizzly 14 _\Baby_1405_3_five.mp4;C:\Users\esthe\Downloads\baby grizzly 14 _\Baby_1405_4_five.mp4;C:\Users\esthe\Downloads\baby grizzly 14 _\Baby_1405_5_seven.mp4;C:\Users\esthe\Downloads\baby grizzly 14 _\Baby_1405_6_seven.mp4;C:\Users\esthe\Downloads\baby grizzly 14 _\Baby_1405_7_seven.mp4;C:\Users\esthe\Downloads\baby grizzly 14 _\Baby_1405_8_two.mp4;C:\Users\esthe\Downloads\baby grizzly 14 _\Baby_1405_9_one.mp4,0.0,9.701;4.433;4.267;7.729;13.965;9.531;5.627;5.099;5.562;15.965;11.869;5.499;17.418;8.460;17.460;17.963;11.965,30.000;30.000;30.000;30.000;30.000;30.000;30.000;30.000;30.000;30.000;30.000;30.000;24.000;24.000;24.000;30.000;30.000,Baby_grizzly,digging,,,STOP,170.503,C:\Users\esthe\Downloads\baby grizzly 14 _\Baby_1405_9_one.mp4,298,NA,
Baby_1405,2025-06-24 11:48:28.904,,172.403,Media file(s),player #1:C:\Users\esthe\Downloads\baby grizzly 14 _\Baby_1405_10_seven.mp4;C:\Users\esthe\Downloads\baby grizzly 14 _\Baby_1405_11_three.mp4;C:\Users\esthe\Downloads\baby grizzly 14 _\Baby_1405_12_three.mp4;C:\Users\esthe\Downloads\baby grizzly 14 _\Baby_1405_13_five.mp4;C:\Users\esthe\Downloads\baby grizzly 14 _\Baby_1405_14_two.mp4;C:\Users\esthe\Downloads\baby grizzly 14 _\Baby_1405_15_onehalf.mp4;C:\Users\esthe\Downloads\baby grizzly 14 _\Baby_1405_16_seven.mp4;C:\Users\esthe\Downloads\baby grizzly 14 _\Baby_1405_17_seven.mp4;C:\Users\esthe\Downloads\baby grizzly 14 _\Baby_1405_1_three.mp4;C:\Users\esthe\Downloads\baby grizzly 14 _\Baby_1405_2_seven.mp4;C:\Users\esthe\Downloads\baby grizzly 14 _\Baby_1405_3_five.mp4;C:\Users\esthe\Downloads\baby grizzly 14 _\Baby_1405_4_five.mp4;C:\Users\esthe\Downloads\baby grizzly 14 _\Baby_1405_5_seven.mp4;C:\Users\esthe\Downloads\baby grizzly 14 _\Baby_1405_6_seven.mp4;C:\Users\esthe\Downloads\baby grizzly 14 _\Baby_1405_7_seven.mp4;C:\Users\esthe\Downloads\baby grizzly 14 _\Baby_1405_8_two.mp4;C:\Users\esthe\Downloads\baby grizzly 14 _\Baby_1405_9_one.mp4,0.0,9.701;4.433;4.267;7.729;13.965;9.531;5.627;5.099;5.562;15.965;11.869;5.499;17.418;8.460;17.460;17.963;11.965,30.000;30.000;30.000;30.000;30.000;30.000;30.000;30.000;30.000;30.000;30.000;30.000;24.000;24.000;24.000;30.000;30.000,Baby_grizzly,target,,,START,170.503,C:\Users\esthe\Downloads\baby grizzly 14 _\Baby_1405_9_one.mp4,298,NA,
Baby_1405,2025-06-24 11:48:28.904,,172.403,Media file(s),player #1:C:\Users\esthe\Downloads\baby grizzly 14 _\Baby_1405_10_seven.mp4;C:\Users\esthe\Downloads\baby grizzly 14 _\Baby_1405_11_three.mp4;C:\Users\esthe\Downloads\baby grizzly 14 _\Baby_1405_12_three.mp4;C:\Users\esthe\Downloads\baby grizzly 14 _\Baby_1405_13_five.mp4;C:\Users\esthe\Downloads\baby grizzly 14 _\Baby_1405_14_two.mp4;C:\Users\esthe\Downloads\baby grizzly 14 _\Baby_1405_15_onehalf.mp4;C:\Users\esthe\Downloads\baby grizzly 14 _\Baby_1405_16_seven.mp4;C:\Users\esthe\Downloads\baby grizzly 14 _\Baby_1405_17_seven.mp4;C:\Users\esthe\Downloads\baby grizzly 14 _\Baby_1405_1_three.mp4;C:\Users\esthe\Downloads\baby grizzly 14 _\Baby_1405_2_seven.mp4;C:\Users\esthe\Downloads\baby grizzly 14 _\Baby_1405_3_five.mp4;C:\Users\esthe\Downloads\baby grizzly 14 _\Baby_1405_4_five.mp4;C:\Users\esthe\Downloads\baby grizzly 14 _\Baby_1405_5_seven.mp4;C:\Users\esthe\Downloads\baby grizzly 14 _\Baby_1405_6_seven.mp4;C:\Users\esthe\Downloads\baby grizzly 14 _\Baby_1405_7_seven.mp4;C:\Users\esthe\Downloads\baby grizzly 14 _\Baby_1405_8_two.mp4;C:\Users\esthe\Downloads\baby grizzly 14 _\Baby_1405_9_one.mp4,0.0,9.701;4.433;4.267;7.729;13.965;9.531;5.627;5.099;5.562;15.965;11.869;5.499;17.418;8.460;17.460;17.963;11.965,30.000;30.000;30.000;30.000;30.000;30.000;30.000;30.000;30.000;30.000;30.000;30.000;24.000;24.000;24.000;30.000;30.000,Baby_grizzly,digging,,,START,170.903,C:\Users\esthe\Downloads\baby grizzly 14 _\Baby_1405_9_one.mp4,310,NA,
Baby_1405,2025-06-24 11:48:28.904,,172.403,Media file(s),player #1:C:\Users\esthe\Downloads\baby grizzly 14 _\Baby_1405_10_seven.mp4;C:\Users\esthe\Downloads\baby grizzly 14 _\Baby_1405_11_three.mp4;C:\Users\esthe\Downloads\baby grizzly 14 _\Baby_1405_12_three.mp4;C:\Users\esthe\Downloads\baby grizzly 14 _\Baby_1405_13_five.mp4;C:\Users\esthe\Downloads\baby grizzly 14 _\Baby_1405_14_two.mp4;C:\Users\esthe\Downloads\baby grizzly 14 _\Baby_1405_15_onehalf.mp4;C:\Users\esthe\Downloads\baby grizzly 14 _\Baby_1405_16_seven.mp4;C:\Users\esthe\Downloads\baby grizzly 14 _\Baby_1405_17_seven.mp4;C:\Users\esthe\Downloads\baby grizzly 14 _\Baby_1405_1_three.mp4;C:\Users\esthe\Downloads\baby grizzly 14 _\Baby_1405_2_seven.mp4;C:\Users\esthe\Downloads\baby grizzly 14 _\Baby_1405_3_five.mp4;C:\Users\esthe\Downloads\baby grizzly 14 _\Baby_1405_4_five.mp4;C:\Users\esthe\Downloads\baby grizzly 14 _\Baby_1405_5_seven.mp4;C:\Users\esthe\Downloads\baby grizzly 14 _\Baby_1405_6_seven.mp4;C:\Users\esthe\Downloads\baby grizzly 14 _\Baby_1405_7_seven.mp4;C:\Users\esthe\Downloads\baby grizzly 14 _\Baby_1405_8_two.mp4;C:\Users\esthe\Downloads\baby grizzly 14 _\Baby_1405_9_one.mp4,0.0,9.701;4.433;4.267;7.729;13.965;9.531;5.627;5.099;5.562;15.965;11.869;5.499;17.418;8.460;17.460;17.963;11.965,30.000;30.000;30.000;30.000;30.000;30.000;30.000;30.000;30.000;30.000;30.000;30.000;24.000;24.000;24.000;30.000;30.000,Baby_grizzly,target,,,STOP,170.903,C:\Users\esthe\Downloads\baby grizzly 14 _\Baby_1405_9_one.mp4,310,NA,
Baby_1405,2025-06-24 11:48:28.904,,172.403,Media file(s),player #1:C:\Users\esthe\Downloads\baby grizzly 14 _\Baby_1405_10_seven.mp4;C:\Users\esthe\Downloads\baby grizzly 14 _\Baby_1405_11_three.mp4;C:\Users\esthe\Downloads\baby grizzly 14 _\Baby_1405_12_three.mp4;C:\Users\esthe\Downloads\baby grizzly 14 _\Baby_1405_13_five.mp4;C:\Users\esthe\Downloads\baby grizzly 14 _\Baby_1405_14_two.mp4;C:\Users\esthe\Downloads\baby grizzly 14 _\Baby_1405_15_onehalf.mp4;C:\Users\esthe\Downloads\baby grizzly 14 _\Baby_1405_16_seven.mp4;C:\Users\esthe\Downloads\baby grizzly 14 _\Baby_1405_17_seven.mp4;C:\Users\esthe\Downloads\baby grizzly 14 _\Baby_1405_1_three.mp4;C:\Users\esthe\Downloads\baby grizzly 14 _\Baby_1405_2_seven.mp4;C:\Users\esthe\Downloads\baby grizzly 14 _\Baby_1405_3_five.mp4;C:\Users\esthe\Downloads\baby grizzly 14 _\Baby_1405_4_five.mp4;C:\Users\esthe\Downloads\baby grizzly 14 _\Baby_1405_5_seven.mp4;C:\Users\esthe\Downloads\baby grizzly 14 _\Baby_1405_6_seven.mp4;C:\Users\esthe\Downloads\baby grizzly 14 _\Baby_1405_7_seven.mp4;C:\Users\esthe\Downloads\baby grizzly 14 _\Baby_1405_8_two.mp4;C:\Users\esthe\Downloads\baby grizzly 14 _\Baby_1405_9_one.mp4,0.0,9.701;4.433;4.267;7.729;13.965;9.531;5.627;5.099;5.562;15.965;11.869;5.499;17.418;8.460;17.460;17.963;11.965,30.000;30.000;30.000;30.000;30.000;30.000;30.000;30.000;30.000;30.000;30.000;30.000;24.000;24.000;24.000;30.000;30.000,Baby_grizzly,digging,,,STOP,171.237,C:\Users\esthe\Downloads\baby grizzly 14 _\Baby_1405_9_one.mp4,320,NA,
Baby_1405,2025-06-24 11:48:28.904,,172.403,Media file(s),player #1:C:\Users\esthe\Downloads\baby grizzly 14 _\Baby_1405_10_seven.mp4;C:\Users\esthe\Downloads\baby grizzly 14 _\Baby_1405_11_three.mp4;C:\Users\esthe\Downloads\baby grizzly 14 _\Baby_1405_12_three.mp4;C:\Users\esthe\Downloads\baby grizzly 14 _\Baby_1405_13_five.mp4;C:\Users\esthe\Downloads\baby grizzly 14 _\Baby_1405_14_two.mp4;C:\Users\esthe\Downloads\baby grizzly 14 _\Baby_1405_15_onehalf.mp4;C:\Users\esthe\Downloads\baby grizzly 14 _\Baby_1405_16_seven.mp4;C:\Users\esthe\Downloads\baby grizzly 14 _\Baby_1405_17_seven.mp4;C:\Users\esthe\Downloads\baby grizzly 14 _\Baby_1405_1_three.mp4;C:\Users\esthe\Downloads\baby grizzly 14 _\Baby_1405_2_seven.mp4;C:\Users\esthe\Downloads\baby grizzly 14 _\Baby_1405_3_five.mp4;C:\Users\esthe\Downloads\baby grizzly 14 _\Baby_1405_4_five.mp4;C:\Users\esthe\Downloads\baby grizzly 14 _\Baby_1405_5_seven.mp4;C:\Users\esthe\Downloads\baby grizzly 14 _\Baby_1405_6_seven.mp4;C:\Users\esthe\Downloads\baby grizzly 14 _\Baby_1405_7_seven.mp4;C:\Users\esthe\Downloads\baby grizzly 14 _\Baby_1405_8_two.mp4;C:\Users\esthe\Downloads\baby grizzly 14 _\Baby_1405_9_one.mp4,0.0,9.701;4.433;4.267;7.729;13.965;9.531;5.627;5.099;5.562;15.965;11.869;5.499;17.418;8.460;17.460;17.963;11.965,30.000;30.000;30.000;30.000;30.000;30.000;30.000;30.000;30.000;30.000;30.000;30.000;24.000;24.000;24.000;30.000;30.000,Baby_grizzly,target,,,START,171.237,C:\Users\esthe\Downloads\baby grizzly 14 _\Baby_1405_9_one.mp4,320,NA,
Baby_1405,2025-06-24 11:48:28.904,,172.403,Media file(s),player #1:C:\Users\esthe\Downloads\baby grizzly 14 _\Baby_1405_10_seven.mp4;C:\Users\esthe\Downloads\baby grizzly 14 _\Baby_1405_11_three.mp4;C:\Users\esthe\Downloads\baby grizzly 14 _\Baby_1405_12_three.mp4;C:\Users\esthe\Downloads\baby grizzly 14 _\Baby_1405_13_five.mp4;C:\Users\esthe\Downloads\baby grizzly 14 _\Baby_1405_14_two.mp4;C:\Users\esthe\Downloads\baby grizzly 14 _\Baby_1405_15_onehalf.mp4;C:\Users\esthe\Downloads\baby grizzly 14 _\Baby_1405_16_seven.mp4;C:\Users\esthe\Downloads\baby grizzly 14 _\Baby_1405_17_seven.mp4;C:\Users\esthe\Downloads\baby grizzly 14 _\Baby_1405_1_three.mp4;C:\Users\esthe\Downloads\baby grizzly 14 _\Baby_1405_2_seven.mp4;C:\Users\esthe\Downloads\baby grizzly 14 _\Baby_1405_3_five.mp4;C:\Users\esthe\Downloads\baby grizzly 14 _\Baby_1405_4_five.mp4;C:\Users\esthe\Downloads\baby grizzly 14 _\Baby_1405_5_seven.mp4;C:\Users\esthe\Downloads\baby grizzly 14 _\Baby_1405_6_seven.mp4;C:\Users\esthe\Downloads\baby grizzly 14 _\Baby_1405_7_seven.mp4;C:\Users\esthe\Downloads\baby grizzly 14 _\Baby_1405_8_two.mp4;C:\Users\esthe\Downloads\baby grizzly 14 _\Baby_1405_9_one.mp4,0.0,9.701;4.433;4.267;7.729;13.965;9.531;5.627;5.099;5.562;15.965;11.869;5.499;17.418;8.460;17.460;17.963;11.965,30.000;30.000;30.000;30.000;30.000;30.000;30.000;30.000;30.000;30.000;30.000;30.000;24.000;24.000;24.000;30.000;30.000,Baby_grizzly,target,,,STOP,172.403,C:\Users\esthe\Downloads\baby grizzly 14 _\Baby_1405_9_one.mp4,355,NA,
