Observation id,Observation date,Description,Observation duration,Observation type,Source,Time offset (s),Media duration (s),FPS,Subject,Behavior,Behavioral category,Modifier #1,Behavior type,Time,Media file name,Image index,Image file path,Comment
baby_1405_1,2025-07-11 12:39:14.695,,91.716,Media file(s),player #1:baby grizzly 14 1 _\Baby_1405_1_seven(1).mp4;baby grizzly 14 1 _\Baby_1405_2_seven(1).mp4;baby grizzly 14 1 _\Baby_1405_3_five(1).mp4;baby grizzly 14 1 _\Baby_1405_4_seven(1).mp4;baby grizzly 14 1 _\Baby_1405_5_two(1).mp4;baby grizzly 14 1 _\Baby_1405_6_one(1).mp4;baby grizzly 14 1 _\Baby_1405_7_one(1).mp4;baby grizzly 14 1 _\Baby_1405_8_seven(1).mp4,0.0,10.629;4.100;7.366;21.330;11.932;7.699;11.765;18.166,30.000;30.000;30.000;30.000;30.000;30.000;30.000;30.000,Baby_grizzly,explore,,,START,0.000,baby grizzly 14 1 _\Baby_1405_1_seven(1).mp4,0,NA,
baby_1405_1,2025-07-11 12:39:14.695,,91.716,Media file(s),player #1:baby grizzly 14 1 _\Baby_1405_1_seven(1).mp4;baby grizzly 14 1 _\Baby_1405_2_seven(1).mp4;baby grizzly 14 1 _\Baby_1405_3_five(1).mp4;baby grizzly 14 1 _\Baby_1405_4_seven(1).mp4;baby grizzly 14 1 _\Baby_1405_5_two(1).mp4;baby grizzly 14 1 _\Baby_1405_6_one(1).mp4;baby grizzly 14 1 _\Baby_1405_7_one(1).mp4;baby grizzly 14 1 _\Baby_1405_8_seven(1).mp4,0.0,10.629;4.100;7.366;21.330;11.932;7.699;11.765;18.166,30.000;30.000;30.000;30.000;30.000;30.000;30.000;30.000,Baby_grizzly,explore,,,STOP,2.661,baby grizzly 14 1 _\Baby_1405_1_seven(1).mp4,80,NA,
baby_1405_1,2025-07-11 12:39:14.695,,91.716,Media file(s),player #1:baby grizzly 14 1 _\Baby_1405_1_seven(1).mp4;baby grizzly 14 1 _\Baby_1405_2_seven(1).mp4;baby grizzly 14 1 _\Baby_1405_3_five(1).mp4;baby grizzly 14 1 _\Baby_1405_4_seven(1).mp4;baby grizzly 14 1 _\Baby_1405_5_two(1).mp4;baby grizzly 14 1 _\Baby_1405_6_one(1).mp4;baby grizzly 14 1 _\Baby_1405_7_one(1).mp4;baby grizzly 14 1 _\Baby_1405_8_seven(1).mp4,0.0,10.629;4.100;7.366;21.330;11.932;7.699;11.765;18.166,30.000;30.000;30.000;30.000;30.000;30.000;30.000;30.000,Baby_grizzly,bending,,,START,2.728,baby grizzly 14 1 _\Baby_1405_1_seven(1).mp4,82,NA,
baby_1405_1,2025-07-11 12:39:14.695,,91.716,Media file(s),player #1:baby grizzly 14 1 _\Baby_1405_1_seven(1).mp4;baby grizzly 14 1 _\Baby_1405_2_seven(1).mp4;baby grizzly 14 1 _\Baby_1405_3_five(1).mp4;baby grizzly 14 1 _\Baby_1405_4_seven(1).mp4;baby grizzly 14 1 _\Baby_1405_5_two(1).mp4;baby grizzly 14 1 _\Baby_1405_6_one(1).mp4;baby grizzly 14 1 _\Baby_1405_7_one(1).mp4;baby grizzly 14 1 _\Baby_1405_8_seven(1).mp4,0.0,10.629;4.100;7.366;21.330;11.932;7.699;11.765;18.166,30.000;30.000;30.000;30.000;30.000;30.000;30.000;30.000,Baby_grizzly,bending,,,STOP,3.295,baby grizzly 14 1 _\Baby_1405_1_seven(1).mp4,99,NA,
baby_1405_1,2025-07-11 12:39:14.695,,91.716,Media file(s),player #1:baby grizzly 14 1 _\Baby_1405_1_seven(1).mp4;baby grizzly 14 1 _\Baby_1405_2_seven(1).mp4;baby grizzly 14 1 _\Baby_1405_3_five(1).mp4;baby grizzly 14 1 _\Baby_1405_4_seven(1).mp4;baby grizzly 14 1 _\Baby_1405_5_two(1).mp4;baby grizzly 14 1 _\Baby_1405_6_one(1).mp4;baby grizzly 14 1 _\Baby_1405_7_one(1).mp4;baby grizzly 14 1 _\Baby_1405_8_seven(1).mp4,0.0,10.629;4.100;7.366;21.330;11.932;7.699;11.765;18.166,30.000;30.000;30.000;30.000;30.000;30.000;30.000;30.000,Baby_grizzly,grabbing peanut,,,POINT,3.295,baby grizzly 14 1 _\Baby_1405_1_seven(1).mp4,99,NA,
baby_1405_1,2025-07-11 12:39:14.695,,91.716,Media file(s),player #1:baby grizzly 14 1 _\Baby_1405_1_seven(1).mp4;baby grizzly 14 1 _\Baby_1405_2_seven(1).mp4;baby grizzly 14 1 _\Baby_1405_3_five(1).mp4;baby grizzly 14 1 _\Baby_1405_4_seven(1).mp4;baby grizzly 14 1 _\Baby_1405_5_two(1).mp4;baby grizzly 14 1 _\Baby_1405_6_one(1).mp4;baby grizzly 14 1 _\Baby_1405_7_one(1).mp4;baby grizzly 14 1 _\Baby_1405_8_seven(1).mp4,0.0,10.629;4.100;7.366;21.330;11.932;7.699;11.765;18.166,30.000;30.000;30.000;30.000;30.000;30.000;30.000;30.000,Baby_grizzly,lifting,,,START,3.328,baby grizzly 14 1 _\Baby_1405_1_seven(1).mp4,100,NA,
baby_1405_1,2025-07-11 12:39:14.695,,91.716,Media file(s),player #1:baby grizzly 14 1 _\Baby_1405_1_seven(1).mp4;baby grizzly 14 1 _\Baby_1405_2_seven(1).mp4;baby grizzly 14 1 _\Baby_1405_3_five(1).mp4;baby grizzly 14 1 _\Baby_1405_4_seven(1).mp4;baby grizzly 14 1 _\Baby_1405_5_two(1).mp4;baby grizzly 14 1 _\Baby_1405_6_one(1).mp4;baby grizzly 14 1 _\Baby_1405_7_one(1).mp4;baby grizzly 14 1 _\Baby_1405_8_seven(1).mp4,0.0,10.629;4.100;7.366;21.330;11.932;7.699;11.765;18.166,30.000;30.000;30.000;30.000;30.000;30.000;30.000;30.000,Baby_grizzly,lifting,,,STOP,3.662,baby grizzly 14 1 _\Baby_1405_1_seven(1).mp4,110,NA,
baby_1405_1,2025-07-11 12:39:14.695,,91.716,Media file(s),player #1:baby grizzly 14 1 _\Baby_1405_1_seven(1).mp4;baby grizzly 14 1 _\Baby_1405_2_seven(1).mp4;baby grizzly 14 1 _\Baby_1405_3_five(1).mp4;baby grizzly 14 1 _\Baby_1405_4_seven(1).mp4;baby grizzly 14 1 _\Baby_1405_5_two(1).mp4;baby grizzly 14 1 _\Baby_1405_6_one(1).mp4;baby grizzly 14 1 _\Baby_1405_7_one(1).mp4;baby grizzly 14 1 _\Baby_1405_8_seven(1).mp4,0.0,10.629;4.100;7.366;21.330;11.932;7.699;11.765;18.166,30.000;30.000;30.000;30.000;30.000;30.000;30.000;30.000,Baby_grizzly,assessing,,,START,3.795,baby grizzly 14 1 _\Baby_1405_1_seven(1).mp4,114,NA,
baby_1405_1,2025-07-11 12:39:14.695,,91.716,Media file(s),player #1:baby grizzly 14 1 _\Baby_1405_1_seven(1).mp4;baby grizzly 14 1 _\Baby_1405_2_seven(1).mp4;baby grizzly 14 1 _\Baby_1405_3_five(1).mp4;baby grizzly 14 1 _\Baby_1405_4_seven(1).mp4;baby grizzly 14 1 _\Baby_1405_5_two(1).mp4;baby grizzly 14 1 _\Baby_1405_6_one(1).mp4;baby grizzly 14 1 _\Baby_1405_7_one(1).mp4;baby grizzly 14 1 _\Baby_1405_8_seven(1).mp4,0.0,10.629;4.100;7.366;21.330;11.932;7.699;11.765;18.166,30.000;30.000;30.000;30.000;30.000;30.000;30.000;30.000,Baby_grizzly,jaw movement,,,POINT,3.962,baby grizzly 14 1 _\Baby_1405_1_seven(1).mp4,119,NA,
baby_1405_1,2025-07-11 12:39:14.695,,91.716,Media file(s),player #1:baby grizzly 14 1 _\Baby_1405_1_seven(1).mp4;baby grizzly 14 1 _\Baby_1405_2_seven(1).mp4;baby grizzly 14 1 _\Baby_1405_3_five(1).mp4;baby grizzly 14 1 _\Baby_1405_4_seven(1).mp4;baby grizzly 14 1 _\Baby_1405_5_two(1).mp4;baby grizzly 14 1 _\Baby_1405_6_one(1).mp4;baby grizzly 14 1 _\Baby_1405_7_one(1).mp4;baby grizzly 14 1 _\Baby_1405_8_seven(1).mp4,0.0,10.629;4.100;7.366;21.330;11.932;7.699;11.765;18.166,30.000;30.000;30.000;30.000;30.000;30.000;30.000;30.000,Baby_grizzly,licking,,,POINT,4.062,baby grizzly 14 1 _\Baby_1405_1_seven(1).mp4,122,NA,
baby_1405_1,2025-07-11 12:39:14.695,,91.716,Media file(s),player #1:baby grizzly 14 1 _\Baby_1405_1_seven(1).mp4;baby grizzly 14 1 _\Baby_1405_2_seven(1).mp4;baby grizzly 14 1 _\Baby_1405_3_five(1).mp4;baby grizzly 14 1 _\Baby_1405_4_seven(1).mp4;baby grizzly 14 1 _\Baby_1405_5_two(1).mp4;baby grizzly 14 1 _\Baby_1405_6_one(1).mp4;baby grizzly 14 1 _\Baby_1405_7_one(1).mp4;baby grizzly 14 1 _\Baby_1405_8_seven(1).mp4,0.0,10.629;4.100;7.366;21.330;11.932;7.699;11.765;18.166,30.000;30.000;30.000;30.000;30.000;30.000;30.000;30.000,Baby_grizzly,licking,,,POINT,4.228,baby grizzly 14 1 _\Baby_1405_1_seven(1).mp4,127,NA,
baby_1405_1,2025-07-11 12:39:14.695,,91.716,Media file(s),player #1:baby grizzly 14 1 _\Baby_1405_1_seven(1).mp4;baby grizzly 14 1 _\Baby_1405_2_seven(1).mp4;baby grizzly 14 1 _\Baby_1405_3_five(1).mp4;baby grizzly 14 1 _\Baby_1405_4_seven(1).mp4;baby grizzly 14 1 _\Baby_1405_5_two(1).mp4;baby grizzly 14 1 _\Baby_1405_6_one(1).mp4;baby grizzly 14 1 _\Baby_1405_7_one(1).mp4;baby grizzly 14 1 _\Baby_1405_8_seven(1).mp4,0.0,10.629;4.100;7.366;21.330;11.932;7.699;11.765;18.166,30.000;30.000;30.000;30.000;30.000;30.000;30.000;30.000,Baby_grizzly,rotation,,Horizontal,START,4.295,baby grizzly 14 1 _\Baby_1405_1_seven(1).mp4,129,NA,
baby_1405_1,2025-07-11 12:39:14.695,,91.716,Media file(s),player #1:baby grizzly 14 1 _\Baby_1405_1_seven(1).mp4;baby grizzly 14 1 _\Baby_1405_2_seven(1).mp4;baby grizzly 14 1 _\Baby_1405_3_five(1).mp4;baby grizzly 14 1 _\Baby_1405_4_seven(1).mp4;baby grizzly 14 1 _\Baby_1405_5_two(1).mp4;baby grizzly 14 1 _\Baby_1405_6_one(1).mp4;baby grizzly 14 1 _\Baby_1405_7_one(1).mp4;baby grizzly 14 1 _\Baby_1405_8_seven(1).mp4,0.0,10.629;4.100;7.366;21.330;11.932;7.699;11.765;18.166,30.000;30.000;30.000;30.000;30.000;30.000;30.000;30.000,Baby_grizzly,rotation,,Horizontal,STOP,4.462,baby grizzly 14 1 _\Baby_1405_1_seven(1).mp4,134,NA,
baby_1405_1,2025-07-11 12:39:14.695,,91.716,Media file(s),player #1:baby grizzly 14 1 _\Baby_1405_1_seven(1).mp4;baby grizzly 14 1 _\Baby_1405_2_seven(1).mp4;baby grizzly 14 1 _\Baby_1405_3_five(1).mp4;baby grizzly 14 1 _\Baby_1405_4_seven(1).mp4;baby grizzly 14 1 _\Baby_1405_5_two(1).mp4;baby grizzly 14 1 _\Baby_1405_6_one(1).mp4;baby grizzly 14 1 _\Baby_1405_7_one(1).mp4;baby grizzly 14 1 _\Baby_1405_8_seven(1).mp4,0.0,10.629;4.100;7.366;21.330;11.932;7.699;11.765;18.166,30.000;30.000;30.000;30.000;30.000;30.000;30.000;30.000,Baby_grizzly,jaw movement,,,POINT,4.495,baby grizzly 14 1 _\Baby_1405_1_seven(1).mp4,135,NA,
baby_1405_1,2025-07-11 12:39:14.695,,91.716,Media file(s),player #1:baby grizzly 14 1 _\Baby_1405_1_seven(1).mp4;baby grizzly 14 1 _\Baby_1405_2_seven(1).mp4;baby grizzly 14 1 _\Baby_1405_3_five(1).mp4;baby grizzly 14 1 _\Baby_1405_4_seven(1).mp4;baby grizzly 14 1 _\Baby_1405_5_two(1).mp4;baby grizzly 14 1 _\Baby_1405_6_one(1).mp4;baby grizzly 14 1 _\Baby_1405_7_one(1).mp4;baby grizzly 14 1 _\Baby_1405_8_seven(1).mp4,0.0,10.629;4.100;7.366;21.330;11.932;7.699;11.765;18.166,30.000;30.000;30.000;30.000;30.000;30.000;30.000;30.000,Baby_grizzly,rotation,,Horizontal,START,4.528,baby grizzly 14 1 _\Baby_1405_1_seven(1).mp4,136,NA,
baby_1405_1,2025-07-11 12:39:14.695,,91.716,Media file(s),player #1:baby grizzly 14 1 _\Baby_1405_1_seven(1).mp4;baby grizzly 14 1 _\Baby_1405_2_seven(1).mp4;baby grizzly 14 1 _\Baby_1405_3_five(1).mp4;baby grizzly 14 1 _\Baby_1405_4_seven(1).mp4;baby grizzly 14 1 _\Baby_1405_5_two(1).mp4;baby grizzly 14 1 _\Baby_1405_6_one(1).mp4;baby grizzly 14 1 _\Baby_1405_7_one(1).mp4;baby grizzly 14 1 _\Baby_1405_8_seven(1).mp4,0.0,10.629;4.100;7.366;21.330;11.932;7.699;11.765;18.166,30.000;30.000;30.000;30.000;30.000;30.000;30.000;30.000,Baby_grizzly,rotation,,Horizontal,STOP,4.762,baby grizzly 14 1 _\Baby_1405_1_seven(1).mp4,143,NA,
baby_1405_1,2025-07-11 12:39:14.695,,91.716,Media file(s),player #1:baby grizzly 14 1 _\Baby_1405_1_seven(1).mp4;baby grizzly 14 1 _\Baby_1405_2_seven(1).mp4;baby grizzly 14 1 _\Baby_1405_3_five(1).mp4;baby grizzly 14 1 _\Baby_1405_4_seven(1).mp4;baby grizzly 14 1 _\Baby_1405_5_two(1).mp4;baby grizzly 14 1 _\Baby_1405_6_one(1).mp4;baby grizzly 14 1 _\Baby_1405_7_one(1).mp4;baby grizzly 14 1 _\Baby_1405_8_seven(1).mp4,0.0,10.629;4.100;7.366;21.330;11.932;7.699;11.765;18.166,30.000;30.000;30.000;30.000;30.000;30.000;30.000;30.000,Baby_grizzly,jaw movement,,,POINT,4.828,baby grizzly 14 1 _\Baby_1405_1_seven(1).mp4,145,NA,
baby_1405_1,2025-07-11 12:39:14.695,,91.716,Media file(s),player #1:baby grizzly 14 1 _\Baby_1405_1_seven(1).mp4;baby grizzly 14 1 _\Baby_1405_2_seven(1).mp4;baby grizzly 14 1 _\Baby_1405_3_five(1).mp4;baby grizzly 14 1 _\Baby_1405_4_seven(1).mp4;baby grizzly 14 1 _\Baby_1405_5_two(1).mp4;baby grizzly 14 1 _\Baby_1405_6_one(1).mp4;baby grizzly 14 1 _\Baby_1405_7_one(1).mp4;baby grizzly 14 1 _\Baby_1405_8_seven(1).mp4,0.0,10.629;4.100;7.366;21.330;11.932;7.699;11.765;18.166,30.000;30.000;30.000;30.000;30.000;30.000;30.000;30.000,Baby_grizzly,jaw movement,,,POINT,5.129,baby grizzly 14 1 _\Baby_1405_1_seven(1).mp4,154,NA,
baby_1405_1,2025-07-11 12:39:14.695,,91.716,Media file(s),player #1:baby grizzly 14 1 _\Baby_1405_1_seven(1).mp4;baby grizzly 14 1 _\Baby_1405_2_seven(1).mp4;baby grizzly 14 1 _\Baby_1405_3_five(1).mp4;baby grizzly 14 1 _\Baby_1405_4_seven(1).mp4;baby grizzly 14 1 _\Baby_1405_5_two(1).mp4;baby grizzly 14 1 _\Baby_1405_6_one(1).mp4;baby grizzly 14 1 _\Baby_1405_7_one(1).mp4;baby grizzly 14 1 _\Baby_1405_8_seven(1).mp4,0.0,10.629;4.100;7.366;21.330;11.932;7.699;11.765;18.166,30.000;30.000;30.000;30.000;30.000;30.000;30.000;30.000,Baby_grizzly,translational movement,,,POINT,5.328,baby grizzly 14 1 _\Baby_1405_1_seven(1).mp4,160,NA,
baby_1405_1,2025-07-11 12:39:14.695,,91.716,Media file(s),player #1:baby grizzly 14 1 _\Baby_1405_1_seven(1).mp4;baby grizzly 14 1 _\Baby_1405_2_seven(1).mp4;baby grizzly 14 1 _\Baby_1405_3_five(1).mp4;baby grizzly 14 1 _\Baby_1405_4_seven(1).mp4;baby grizzly 14 1 _\Baby_1405_5_two(1).mp4;baby grizzly 14 1 _\Baby_1405_6_one(1).mp4;baby grizzly 14 1 _\Baby_1405_7_one(1).mp4;baby grizzly 14 1 _\Baby_1405_8_seven(1).mp4,0.0,10.629;4.100;7.366;21.330;11.932;7.699;11.765;18.166,30.000;30.000;30.000;30.000;30.000;30.000;30.000;30.000,Baby_grizzly,licking,,,POINT,5.362,baby grizzly 14 1 _\Baby_1405_1_seven(1).mp4,161,NA,
baby_1405_1,2025-07-11 12:39:14.695,,91.716,Media file(s),player #1:baby grizzly 14 1 _\Baby_1405_1_seven(1).mp4;baby grizzly 14 1 _\Baby_1405_2_seven(1).mp4;baby grizzly 14 1 _\Baby_1405_3_five(1).mp4;baby grizzly 14 1 _\Baby_1405_4_seven(1).mp4;baby grizzly 14 1 _\Baby_1405_5_two(1).mp4;baby grizzly 14 1 _\Baby_1405_6_one(1).mp4;baby grizzly 14 1 _\Baby_1405_7_one(1).mp4;baby grizzly 14 1 _\Baby_1405_8_seven(1).mp4,0.0,10.629;4.100;7.366;21.330;11.932;7.699;11.765;18.166,30.000;30.000;30.000;30.000;30.000;30.000;30.000;30.000,Baby_grizzly,sniffing,,,POINT,5.562,baby grizzly 14 1 _\Baby_1405_1_seven(1).mp4,167,NA,
baby_1405_1,2025-07-11 12:39:14.695,,91.716,Media file(s),player #1:baby grizzly 14 1 _\Baby_1405_1_seven(1).mp4;baby grizzly 14 1 _\Baby_1405_2_seven(1).mp4;baby grizzly 14 1 _\Baby_1405_3_five(1).mp4;baby grizzly 14 1 _\Baby_1405_4_seven(1).mp4;baby grizzly 14 1 _\Baby_1405_5_two(1).mp4;baby grizzly 14 1 _\Baby_1405_6_one(1).mp4;baby grizzly 14 1 _\Baby_1405_7_one(1).mp4;baby grizzly 14 1 _\Baby_1405_8_seven(1).mp4,0.0,10.629;4.100;7.366;21.330;11.932;7.699;11.765;18.166,30.000;30.000;30.000;30.000;30.000;30.000;30.000;30.000,Baby_grizzly,jaw movement,,,POINT,5.795,baby grizzly 14 1 _\Baby_1405_1_seven(1).mp4,174,NA,
baby_1405_1,2025-07-11 12:39:14.695,,91.716,Media file(s),player #1:baby grizzly 14 1 _\Baby_1405_1_seven(1).mp4;baby grizzly 14 1 _\Baby_1405_2_seven(1).mp4;baby grizzly 14 1 _\Baby_1405_3_five(1).mp4;baby grizzly 14 1 _\Baby_1405_4_seven(1).mp4;baby grizzly 14 1 _\Baby_1405_5_two(1).mp4;baby grizzly 14 1 _\Baby_1405_6_one(1).mp4;baby grizzly 14 1 _\Baby_1405_7_one(1).mp4;baby grizzly 14 1 _\Baby_1405_8_seven(1).mp4,0.0,10.629;4.100;7.366;21.330;11.932;7.699;11.765;18.166,30.000;30.000;30.000;30.000;30.000;30.000;30.000;30.000,Baby_grizzly,jaw movement,,,POINT,5.995,baby grizzly 14 1 _\Baby_1405_1_seven(1).mp4,180,NA,
baby_1405_1,2025-07-11 12:39:14.695,,91.716,Media file(s),player #1:baby grizzly 14 1 _\Baby_1405_1_seven(1).mp4;baby grizzly 14 1 _\Baby_1405_2_seven(1).mp4;baby grizzly 14 1 _\Baby_1405_3_five(1).mp4;baby grizzly 14 1 _\Baby_1405_4_seven(1).mp4;baby grizzly 14 1 _\Baby_1405_5_two(1).mp4;baby grizzly 14 1 _\Baby_1405_6_one(1).mp4;baby grizzly 14 1 _\Baby_1405_7_one(1).mp4;baby grizzly 14 1 _\Baby_1405_8_seven(1).mp4,0.0,10.629;4.100;7.366;21.330;11.932;7.699;11.765;18.166,30.000;30.000;30.000;30.000;30.000;30.000;30.000;30.000,Baby_grizzly,rotation,,Horizontal,START,6.028,baby grizzly 14 1 _\Baby_1405_1_seven(1).mp4,181,NA,
baby_1405_1,2025-07-11 12:39:14.695,,91.716,Media file(s),player #1:baby grizzly 14 1 _\Baby_1405_1_seven(1).mp4;baby grizzly 14 1 _\Baby_1405_2_seven(1).mp4;baby grizzly 14 1 _\Baby_1405_3_five(1).mp4;baby grizzly 14 1 _\Baby_1405_4_seven(1).mp4;baby grizzly 14 1 _\Baby_1405_5_two(1).mp4;baby grizzly 14 1 _\Baby_1405_6_one(1).mp4;baby grizzly 14 1 _\Baby_1405_7_one(1).mp4;baby grizzly 14 1 _\Baby_1405_8_seven(1).mp4,0.0,10.629;4.100;7.366;21.330;11.932;7.699;11.765;18.166,30.000;30.000;30.000;30.000;30.000;30.000;30.000;30.000,Baby_grizzly,licking,,,POINT,6.362,baby grizzly 14 1 _\Baby_1405_1_seven(1).mp4,191,NA,
baby_1405_1,2025-07-11 12:39:14.695,,91.716,Media file(s),player #1:baby grizzly 14 1 _\Baby_1405_1_seven(1).mp4;baby grizzly 14 1 _\Baby_1405_2_seven(1).mp4;baby grizzly 14 1 _\Baby_1405_3_five(1).mp4;baby grizzly 14 1 _\Baby_1405_4_seven(1).mp4;baby grizzly 14 1 _\Baby_1405_5_two(1).mp4;baby grizzly 14 1 _\Baby_1405_6_one(1).mp4;baby grizzly 14 1 _\Baby_1405_7_one(1).mp4;baby grizzly 14 1 _\Baby_1405_8_seven(1).mp4,0.0,10.629;4.100;7.366;21.330;11.932;7.699;11.765;18.166,30.000;30.000;30.000;30.000;30.000;30.000;30.000;30.000,Baby_grizzly,rotation,,Horizontal,STOP,6.362,baby grizzly 14 1 _\Baby_1405_1_seven(1).mp4,191,NA,
baby_1405_1,2025-07-11 12:39:14.695,,91.716,Media file(s),player #1:baby grizzly 14 1 _\Baby_1405_1_seven(1).mp4;baby grizzly 14 1 _\Baby_1405_2_seven(1).mp4;baby grizzly 14 1 _\Baby_1405_3_five(1).mp4;baby grizzly 14 1 _\Baby_1405_4_seven(1).mp4;baby grizzly 14 1 _\Baby_1405_5_two(1).mp4;baby grizzly 14 1 _\Baby_1405_6_one(1).mp4;baby grizzly 14 1 _\Baby_1405_7_one(1).mp4;baby grizzly 14 1 _\Baby_1405_8_seven(1).mp4,0.0,10.629;4.100;7.366;21.330;11.932;7.699;11.765;18.166,30.000;30.000;30.000;30.000;30.000;30.000;30.000;30.000,Baby_grizzly,rotation,,Vertical,START,6.462,baby grizzly 14 1 _\Baby_1405_1_seven(1).mp4,194,NA,
baby_1405_1,2025-07-11 12:39:14.695,,91.716,Media file(s),player #1:baby grizzly 14 1 _\Baby_1405_1_seven(1).mp4;baby grizzly 14 1 _\Baby_1405_2_seven(1).mp4;baby grizzly 14 1 _\Baby_1405_3_five(1).mp4;baby grizzly 14 1 _\Baby_1405_4_seven(1).mp4;baby grizzly 14 1 _\Baby_1405_5_two(1).mp4;baby grizzly 14 1 _\Baby_1405_6_one(1).mp4;baby grizzly 14 1 _\Baby_1405_7_one(1).mp4;baby grizzly 14 1 _\Baby_1405_8_seven(1).mp4,0.0,10.629;4.100;7.366;21.330;11.932;7.699;11.765;18.166,30.000;30.000;30.000;30.000;30.000;30.000;30.000;30.000,Baby_grizzly,rotation,,Vertical,STOP,6.595,baby grizzly 14 1 _\Baby_1405_1_seven(1).mp4,198,NA,
baby_1405_1,2025-07-11 12:39:14.695,,91.716,Media file(s),player #1:baby grizzly 14 1 _\Baby_1405_1_seven(1).mp4;baby grizzly 14 1 _\Baby_1405_2_seven(1).mp4;baby grizzly 14 1 _\Baby_1405_3_five(1).mp4;baby grizzly 14 1 _\Baby_1405_4_seven(1).mp4;baby grizzly 14 1 _\Baby_1405_5_two(1).mp4;baby grizzly 14 1 _\Baby_1405_6_one(1).mp4;baby grizzly 14 1 _\Baby_1405_7_one(1).mp4;baby grizzly 14 1 _\Baby_1405_8_seven(1).mp4,0.0,10.629;4.100;7.366;21.330;11.932;7.699;11.765;18.166,30.000;30.000;30.000;30.000;30.000;30.000;30.000;30.000,Baby_grizzly,jaw movement,,,POINT,6.628,baby grizzly 14 1 _\Baby_1405_1_seven(1).mp4,199,NA,
baby_1405_1,2025-07-11 12:39:14.695,,91.716,Media file(s),player #1:baby grizzly 14 1 _\Baby_1405_1_seven(1).mp4;baby grizzly 14 1 _\Baby_1405_2_seven(1).mp4;baby grizzly 14 1 _\Baby_1405_3_five(1).mp4;baby grizzly 14 1 _\Baby_1405_4_seven(1).mp4;baby grizzly 14 1 _\Baby_1405_5_two(1).mp4;baby grizzly 14 1 _\Baby_1405_6_one(1).mp4;baby grizzly 14 1 _\Baby_1405_7_one(1).mp4;baby grizzly 14 1 _\Baby_1405_8_seven(1).mp4,0.0,10.629;4.100;7.366;21.330;11.932;7.699;11.765;18.166,30.000;30.000;30.000;30.000;30.000;30.000;30.000;30.000,Baby_grizzly,teeth-hole contact,,,POINT,6.828,baby grizzly 14 1 _\Baby_1405_1_seven(1).mp4,205,NA,
baby_1405_1,2025-07-11 12:39:14.695,,91.716,Media file(s),player #1:baby grizzly 14 1 _\Baby_1405_1_seven(1).mp4;baby grizzly 14 1 _\Baby_1405_2_seven(1).mp4;baby grizzly 14 1 _\Baby_1405_3_five(1).mp4;baby grizzly 14 1 _\Baby_1405_4_seven(1).mp4;baby grizzly 14 1 _\Baby_1405_5_two(1).mp4;baby grizzly 14 1 _\Baby_1405_6_one(1).mp4;baby grizzly 14 1 _\Baby_1405_7_one(1).mp4;baby grizzly 14 1 _\Baby_1405_8_seven(1).mp4,0.0,10.629;4.100;7.366;21.330;11.932;7.699;11.765;18.166,30.000;30.000;30.000;30.000;30.000;30.000;30.000;30.000,Baby_grizzly,jaw movement,,,POINT,6.862,baby grizzly 14 1 _\Baby_1405_1_seven(1).mp4,206,NA,
baby_1405_1,2025-07-11 12:39:14.695,,91.716,Media file(s),player #1:baby grizzly 14 1 _\Baby_1405_1_seven(1).mp4;baby grizzly 14 1 _\Baby_1405_2_seven(1).mp4;baby grizzly 14 1 _\Baby_1405_3_five(1).mp4;baby grizzly 14 1 _\Baby_1405_4_seven(1).mp4;baby grizzly 14 1 _\Baby_1405_5_two(1).mp4;baby grizzly 14 1 _\Baby_1405_6_one(1).mp4;baby grizzly 14 1 _\Baby_1405_7_one(1).mp4;baby grizzly 14 1 _\Baby_1405_8_seven(1).mp4,0.0,10.629;4.100;7.366;21.330;11.932;7.699;11.765;18.166,30.000;30.000;30.000;30.000;30.000;30.000;30.000;30.000,Baby_grizzly,assessing,,,STOP,7.062,baby grizzly 14 1 _\Baby_1405_1_seven(1).mp4,212,NA,
baby_1405_1,2025-07-11 12:39:14.695,,91.716,Media file(s),player #1:baby grizzly 14 1 _\Baby_1405_1_seven(1).mp4;baby grizzly 14 1 _\Baby_1405_2_seven(1).mp4;baby grizzly 14 1 _\Baby_1405_3_five(1).mp4;baby grizzly 14 1 _\Baby_1405_4_seven(1).mp4;baby grizzly 14 1 _\Baby_1405_5_two(1).mp4;baby grizzly 14 1 _\Baby_1405_6_one(1).mp4;baby grizzly 14 1 _\Baby_1405_7_one(1).mp4;baby grizzly 14 1 _\Baby_1405_8_seven(1).mp4,0.0,10.629;4.100;7.366;21.330;11.932;7.699;11.765;18.166,30.000;30.000;30.000;30.000;30.000;30.000;30.000;30.000,Baby_grizzly,peeling,,,START,7.095,baby grizzly 14 1 _\Baby_1405_1_seven(1).mp4,213,NA,
baby_1405_1,2025-07-11 12:39:14.695,,91.716,Media file(s),player #1:baby grizzly 14 1 _\Baby_1405_1_seven(1).mp4;baby grizzly 14 1 _\Baby_1405_2_seven(1).mp4;baby grizzly 14 1 _\Baby_1405_3_five(1).mp4;baby grizzly 14 1 _\Baby_1405_4_seven(1).mp4;baby grizzly 14 1 _\Baby_1405_5_two(1).mp4;baby grizzly 14 1 _\Baby_1405_6_one(1).mp4;baby grizzly 14 1 _\Baby_1405_7_one(1).mp4;baby grizzly 14 1 _\Baby_1405_8_seven(1).mp4,0.0,10.629;4.100;7.366;21.330;11.932;7.699;11.765;18.166,30.000;30.000;30.000;30.000;30.000;30.000;30.000;30.000,Baby_grizzly,jaw movement,,,POINT,7.128,baby grizzly 14 1 _\Baby_1405_1_seven(1).mp4,214,NA,
baby_1405_1,2025-07-11 12:39:14.695,,91.716,Media file(s),player #1:baby grizzly 14 1 _\Baby_1405_1_seven(1).mp4;baby grizzly 14 1 _\Baby_1405_2_seven(1).mp4;baby grizzly 14 1 _\Baby_1405_3_five(1).mp4;baby grizzly 14 1 _\Baby_1405_4_seven(1).mp4;baby grizzly 14 1 _\Baby_1405_5_two(1).mp4;baby grizzly 14 1 _\Baby_1405_6_one(1).mp4;baby grizzly 14 1 _\Baby_1405_7_one(1).mp4;baby grizzly 14 1 _\Baby_1405_8_seven(1).mp4,0.0,10.629;4.100;7.366;21.330;11.932;7.699;11.765;18.166,30.000;30.000;30.000;30.000;30.000;30.000;30.000;30.000,Baby_grizzly,jaw movement,,,POINT,7.429,baby grizzly 14 1 _\Baby_1405_1_seven(1).mp4,223,NA,
baby_1405_1,2025-07-11 12:39:14.695,,91.716,Media file(s),player #1:baby grizzly 14 1 _\Baby_1405_1_seven(1).mp4;baby grizzly 14 1 _\Baby_1405_2_seven(1).mp4;baby grizzly 14 1 _\Baby_1405_3_five(1).mp4;baby grizzly 14 1 _\Baby_1405_4_seven(1).mp4;baby grizzly 14 1 _\Baby_1405_5_two(1).mp4;baby grizzly 14 1 _\Baby_1405_6_one(1).mp4;baby grizzly 14 1 _\Baby_1405_7_one(1).mp4;baby grizzly 14 1 _\Baby_1405_8_seven(1).mp4,0.0,10.629;4.100;7.366;21.330;11.932;7.699;11.765;18.166,30.000;30.000;30.000;30.000;30.000;30.000;30.000;30.000,Baby_grizzly,jaw movement,,,POINT,7.695,baby grizzly 14 1 _\Baby_1405_1_seven(1).mp4,231,NA,
baby_1405_1,2025-07-11 12:39:14.695,,91.716,Media file(s),player #1:baby grizzly 14 1 _\Baby_1405_1_seven(1).mp4;baby grizzly 14 1 _\Baby_1405_2_seven(1).mp4;baby grizzly 14 1 _\Baby_1405_3_five(1).mp4;baby grizzly 14 1 _\Baby_1405_4_seven(1).mp4;baby grizzly 14 1 _\Baby_1405_5_two(1).mp4;baby grizzly 14 1 _\Baby_1405_6_one(1).mp4;baby grizzly 14 1 _\Baby_1405_7_one(1).mp4;baby grizzly 14 1 _\Baby_1405_8_seven(1).mp4,0.0,10.629;4.100;7.366;21.330;11.932;7.699;11.765;18.166,30.000;30.000;30.000;30.000;30.000;30.000;30.000;30.000,Baby_grizzly,jaw movement,,,POINT,7.929,baby grizzly 14 1 _\Baby_1405_1_seven(1).mp4,238,NA,
baby_1405_1,2025-07-11 12:39:14.695,,91.716,Media file(s),player #1:baby grizzly 14 1 _\Baby_1405_1_seven(1).mp4;baby grizzly 14 1 _\Baby_1405_2_seven(1).mp4;baby grizzly 14 1 _\Baby_1405_3_five(1).mp4;baby grizzly 14 1 _\Baby_1405_4_seven(1).mp4;baby grizzly 14 1 _\Baby_1405_5_two(1).mp4;baby grizzly 14 1 _\Baby_1405_6_one(1).mp4;baby grizzly 14 1 _\Baby_1405_7_one(1).mp4;baby grizzly 14 1 _\Baby_1405_8_seven(1).mp4,0.0,10.629;4.100;7.366;21.330;11.932;7.699;11.765;18.166,30.000;30.000;30.000;30.000;30.000;30.000;30.000;30.000,Baby_grizzly,jaw movement,,,POINT,8.962,baby grizzly 14 1 _\Baby_1405_1_seven(1).mp4,269,NA,
baby_1405_1,2025-07-11 12:39:14.695,,91.716,Media file(s),player #1:baby grizzly 14 1 _\Baby_1405_1_seven(1).mp4;baby grizzly 14 1 _\Baby_1405_2_seven(1).mp4;baby grizzly 14 1 _\Baby_1405_3_five(1).mp4;baby grizzly 14 1 _\Baby_1405_4_seven(1).mp4;baby grizzly 14 1 _\Baby_1405_5_two(1).mp4;baby grizzly 14 1 _\Baby_1405_6_one(1).mp4;baby grizzly 14 1 _\Baby_1405_7_one(1).mp4;baby grizzly 14 1 _\Baby_1405_8_seven(1).mp4,0.0,10.629;4.100;7.366;21.330;11.932;7.699;11.765;18.166,30.000;30.000;30.000;30.000;30.000;30.000;30.000;30.000,Baby_grizzly,jaw movement,,,POINT,9.162,baby grizzly 14 1 _\Baby_1405_1_seven(1).mp4,275,NA,
baby_1405_1,2025-07-11 12:39:14.695,,91.716,Media file(s),player #1:baby grizzly 14 1 _\Baby_1405_1_seven(1).mp4;baby grizzly 14 1 _\Baby_1405_2_seven(1).mp4;baby grizzly 14 1 _\Baby_1405_3_five(1).mp4;baby grizzly 14 1 _\Baby_1405_4_seven(1).mp4;baby grizzly 14 1 _\Baby_1405_5_two(1).mp4;baby grizzly 14 1 _\Baby_1405_6_one(1).mp4;baby grizzly 14 1 _\Baby_1405_7_one(1).mp4;baby grizzly 14 1 _\Baby_1405_8_seven(1).mp4,0.0,10.629;4.100;7.366;21.330;11.932;7.699;11.765;18.166,30.000;30.000;30.000;30.000;30.000;30.000;30.000;30.000,Baby_grizzly,jaw movement,,,POINT,9.362,baby grizzly 14 1 _\Baby_1405_1_seven(1).mp4,281,NA,
baby_1405_1,2025-07-11 12:39:14.695,,91.716,Media file(s),player #1:baby grizzly 14 1 _\Baby_1405_1_seven(1).mp4;baby grizzly 14 1 _\Baby_1405_2_seven(1).mp4;baby grizzly 14 1 _\Baby_1405_3_five(1).mp4;baby grizzly 14 1 _\Baby_1405_4_seven(1).mp4;baby grizzly 14 1 _\Baby_1405_5_two(1).mp4;baby grizzly 14 1 _\Baby_1405_6_one(1).mp4;baby grizzly 14 1 _\Baby_1405_7_one(1).mp4;baby grizzly 14 1 _\Baby_1405_8_seven(1).mp4,0.0,10.629;4.100;7.366;21.330;11.932;7.699;11.765;18.166,30.000;30.000;30.000;30.000;30.000;30.000;30.000;30.000,Baby_grizzly,jaw movement,,,POINT,9.596,baby grizzly 14 1 _\Baby_1405_1_seven(1).mp4,288,NA,
baby_1405_1,2025-07-11 12:39:14.695,,91.716,Media file(s),player #1:baby grizzly 14 1 _\Baby_1405_1_seven(1).mp4;baby grizzly 14 1 _\Baby_1405_2_seven(1).mp4;baby grizzly 14 1 _\Baby_1405_3_five(1).mp4;baby grizzly 14 1 _\Baby_1405_4_seven(1).mp4;baby grizzly 14 1 _\Baby_1405_5_two(1).mp4;baby grizzly 14 1 _\Baby_1405_6_one(1).mp4;baby grizzly 14 1 _\Baby_1405_7_one(1).mp4;baby grizzly 14 1 _\Baby_1405_8_seven(1).mp4,0.0,10.629;4.100;7.366;21.330;11.932;7.699;11.765;18.166,30.000;30.000;30.000;30.000;30.000;30.000;30.000;30.000,Baby_grizzly,peeling,,,STOP,10.029,baby grizzly 14 1 _\Baby_1405_1_seven(1).mp4,301,NA,
baby_1405_1,2025-07-11 12:39:14.695,,91.716,Media file(s),player #1:baby grizzly 14 1 _\Baby_1405_1_seven(1).mp4;baby grizzly 14 1 _\Baby_1405_2_seven(1).mp4;baby grizzly 14 1 _\Baby_1405_3_five(1).mp4;baby grizzly 14 1 _\Baby_1405_4_seven(1).mp4;baby grizzly 14 1 _\Baby_1405_5_two(1).mp4;baby grizzly 14 1 _\Baby_1405_6_one(1).mp4;baby grizzly 14 1 _\Baby_1405_7_one(1).mp4;baby grizzly 14 1 _\Baby_1405_8_seven(1).mp4,0.0,10.629;4.100;7.366;21.330;11.932;7.699;11.765;18.166,30.000;30.000;30.000;30.000;30.000;30.000;30.000;30.000,Baby_grizzly,eating,,,START,10.262,baby grizzly 14 1 _\Baby_1405_1_seven(1).mp4,308,NA,
baby_1405_1,2025-07-11 12:39:14.695,,91.716,Media file(s),player #1:baby grizzly 14 1 _\Baby_1405_1_seven(1).mp4;baby grizzly 14 1 _\Baby_1405_2_seven(1).mp4;baby grizzly 14 1 _\Baby_1405_3_five(1).mp4;baby grizzly 14 1 _\Baby_1405_4_seven(1).mp4;baby grizzly 14 1 _\Baby_1405_5_two(1).mp4;baby grizzly 14 1 _\Baby_1405_6_one(1).mp4;baby grizzly 14 1 _\Baby_1405_7_one(1).mp4;baby grizzly 14 1 _\Baby_1405_8_seven(1).mp4,0.0,10.629;4.100;7.366;21.330;11.932;7.699;11.765;18.166,30.000;30.000;30.000;30.000;30.000;30.000;30.000;30.000,Baby_grizzly,eating,,,STOP,10.462,baby grizzly 14 1 _\Baby_1405_1_seven(1).mp4,314,NA,
baby_1405_1,2025-07-11 12:39:14.695,,91.716,Media file(s),player #1:baby grizzly 14 1 _\Baby_1405_1_seven(1).mp4;baby grizzly 14 1 _\Baby_1405_2_seven(1).mp4;baby grizzly 14 1 _\Baby_1405_3_five(1).mp4;baby grizzly 14 1 _\Baby_1405_4_seven(1).mp4;baby grizzly 14 1 _\Baby_1405_5_two(1).mp4;baby grizzly 14 1 _\Baby_1405_6_one(1).mp4;baby grizzly 14 1 _\Baby_1405_7_one(1).mp4;baby grizzly 14 1 _\Baby_1405_8_seven(1).mp4,0.0,10.629;4.100;7.366;21.330;11.932;7.699;11.765;18.166,30.000;30.000;30.000;30.000;30.000;30.000;30.000;30.000,Baby_grizzly,assessing,,,START,10.728,baby grizzly 14 1 _\Baby_1405_2_seven(1).mp4,3,NA,
baby_1405_1,2025-07-11 12:39:14.695,,91.716,Media file(s),player #1:baby grizzly 14 1 _\Baby_1405_1_seven(1).mp4;baby grizzly 14 1 _\Baby_1405_2_seven(1).mp4;baby grizzly 14 1 _\Baby_1405_3_five(1).mp4;baby grizzly 14 1 _\Baby_1405_4_seven(1).mp4;baby grizzly 14 1 _\Baby_1405_5_two(1).mp4;baby grizzly 14 1 _\Baby_1405_6_one(1).mp4;baby grizzly 14 1 _\Baby_1405_7_one(1).mp4;baby grizzly 14 1 _\Baby_1405_8_seven(1).mp4,0.0,10.629;4.100;7.366;21.330;11.932;7.699;11.765;18.166,30.000;30.000;30.000;30.000;30.000;30.000;30.000;30.000,Baby_grizzly,jaw movement,,,POINT,10.795,baby grizzly 14 1 _\Baby_1405_2_seven(1).mp4,5,NA,
baby_1405_1,2025-07-11 12:39:14.695,,91.716,Media file(s),player #1:baby grizzly 14 1 _\Baby_1405_1_seven(1).mp4;baby grizzly 14 1 _\Baby_1405_2_seven(1).mp4;baby grizzly 14 1 _\Baby_1405_3_five(1).mp4;baby grizzly 14 1 _\Baby_1405_4_seven(1).mp4;baby grizzly 14 1 _\Baby_1405_5_two(1).mp4;baby grizzly 14 1 _\Baby_1405_6_one(1).mp4;baby grizzly 14 1 _\Baby_1405_7_one(1).mp4;baby grizzly 14 1 _\Baby_1405_8_seven(1).mp4,0.0,10.629;4.100;7.366;21.330;11.932;7.699;11.765;18.166,30.000;30.000;30.000;30.000;30.000;30.000;30.000;30.000,Baby_grizzly,translational movement,,,POINT,11.095,baby grizzly 14 1 _\Baby_1405_2_seven(1).mp4,14,NA,
baby_1405_1,2025-07-11 12:39:14.695,,91.716,Media file(s),player #1:baby grizzly 14 1 _\Baby_1405_1_seven(1).mp4;baby grizzly 14 1 _\Baby_1405_2_seven(1).mp4;baby grizzly 14 1 _\Baby_1405_3_five(1).mp4;baby grizzly 14 1 _\Baby_1405_4_seven(1).mp4;baby grizzly 14 1 _\Baby_1405_5_two(1).mp4;baby grizzly 14 1 _\Baby_1405_6_one(1).mp4;baby grizzly 14 1 _\Baby_1405_7_one(1).mp4;baby grizzly 14 1 _\Baby_1405_8_seven(1).mp4,0.0,10.629;4.100;7.366;21.330;11.932;7.699;11.765;18.166,30.000;30.000;30.000;30.000;30.000;30.000;30.000;30.000,Baby_grizzly,jaw movement,,,POINT,11.228,baby grizzly 14 1 _\Baby_1405_2_seven(1).mp4,18,NA,
baby_1405_1,2025-07-11 12:39:14.695,,91.716,Media file(s),player #1:baby grizzly 14 1 _\Baby_1405_1_seven(1).mp4;baby grizzly 14 1 _\Baby_1405_2_seven(1).mp4;baby grizzly 14 1 _\Baby_1405_3_five(1).mp4;baby grizzly 14 1 _\Baby_1405_4_seven(1).mp4;baby grizzly 14 1 _\Baby_1405_5_two(1).mp4;baby grizzly 14 1 _\Baby_1405_6_one(1).mp4;baby grizzly 14 1 _\Baby_1405_7_one(1).mp4;baby grizzly 14 1 _\Baby_1405_8_seven(1).mp4,0.0,10.629;4.100;7.366;21.330;11.932;7.699;11.765;18.166,30.000;30.000;30.000;30.000;30.000;30.000;30.000;30.000,Baby_grizzly,assessing,,,STOP,11.394,baby grizzly 14 1 _\Baby_1405_2_seven(1).mp4,23,NA,
baby_1405_1,2025-07-11 12:39:14.695,,91.716,Media file(s),player #1:baby grizzly 14 1 _\Baby_1405_1_seven(1).mp4;baby grizzly 14 1 _\Baby_1405_2_seven(1).mp4;baby grizzly 14 1 _\Baby_1405_3_five(1).mp4;baby grizzly 14 1 _\Baby_1405_4_seven(1).mp4;baby grizzly 14 1 _\Baby_1405_5_two(1).mp4;baby grizzly 14 1 _\Baby_1405_6_one(1).mp4;baby grizzly 14 1 _\Baby_1405_7_one(1).mp4;baby grizzly 14 1 _\Baby_1405_8_seven(1).mp4,0.0,10.629;4.100;7.366;21.330;11.932;7.699;11.765;18.166,30.000;30.000;30.000;30.000;30.000;30.000;30.000;30.000,Baby_grizzly,target,,,START,11.628,baby grizzly 14 1 _\Baby_1405_2_seven(1).mp4,30,NA,
baby_1405_1,2025-07-11 12:39:14.695,,91.716,Media file(s),player #1:baby grizzly 14 1 _\Baby_1405_1_seven(1).mp4;baby grizzly 14 1 _\Baby_1405_2_seven(1).mp4;baby grizzly 14 1 _\Baby_1405_3_five(1).mp4;baby grizzly 14 1 _\Baby_1405_4_seven(1).mp4;baby grizzly 14 1 _\Baby_1405_5_two(1).mp4;baby grizzly 14 1 _\Baby_1405_6_one(1).mp4;baby grizzly 14 1 _\Baby_1405_7_one(1).mp4;baby grizzly 14 1 _\Baby_1405_8_seven(1).mp4,0.0,10.629;4.100;7.366;21.330;11.932;7.699;11.765;18.166,30.000;30.000;30.000;30.000;30.000;30.000;30.000;30.000,Baby_grizzly,target,,,STOP,14.628,baby grizzly 14 1 _\Baby_1405_2_seven(1).mp4,120,NA,
baby_1405_1,2025-07-11 12:39:14.695,,91.716,Media file(s),player #1:baby grizzly 14 1 _\Baby_1405_1_seven(1).mp4;baby grizzly 14 1 _\Baby_1405_2_seven(1).mp4;baby grizzly 14 1 _\Baby_1405_3_five(1).mp4;baby grizzly 14 1 _\Baby_1405_4_seven(1).mp4;baby grizzly 14 1 _\Baby_1405_5_two(1).mp4;baby grizzly 14 1 _\Baby_1405_6_one(1).mp4;baby grizzly 14 1 _\Baby_1405_7_one(1).mp4;baby grizzly 14 1 _\Baby_1405_8_seven(1).mp4,0.0,10.629;4.100;7.366;21.330;11.932;7.699;11.765;18.166,30.000;30.000;30.000;30.000;30.000;30.000;30.000;30.000,Baby_grizzly,assessing,,,START,16.527,baby grizzly 14 1 _\Baby_1405_3_five(1).mp4,54,NA,
baby_1405_1,2025-07-11 12:39:14.695,,91.716,Media file(s),player #1:baby grizzly 14 1 _\Baby_1405_1_seven(1).mp4;baby grizzly 14 1 _\Baby_1405_2_seven(1).mp4;baby grizzly 14 1 _\Baby_1405_3_five(1).mp4;baby grizzly 14 1 _\Baby_1405_4_seven(1).mp4;baby grizzly 14 1 _\Baby_1405_5_two(1).mp4;baby grizzly 14 1 _\Baby_1405_6_one(1).mp4;baby grizzly 14 1 _\Baby_1405_7_one(1).mp4;baby grizzly 14 1 _\Baby_1405_8_seven(1).mp4,0.0,10.629;4.100;7.366;21.330;11.932;7.699;11.765;18.166,30.000;30.000;30.000;30.000;30.000;30.000;30.000;30.000,Baby_grizzly,jaw movement,,,POINT,16.560,baby grizzly 14 1 _\Baby_1405_3_five(1).mp4,55,NA,
baby_1405_1,2025-07-11 12:39:14.695,,91.716,Media file(s),player #1:baby grizzly 14 1 _\Baby_1405_1_seven(1).mp4;baby grizzly 14 1 _\Baby_1405_2_seven(1).mp4;baby grizzly 14 1 _\Baby_1405_3_five(1).mp4;baby grizzly 14 1 _\Baby_1405_4_seven(1).mp4;baby grizzly 14 1 _\Baby_1405_5_two(1).mp4;baby grizzly 14 1 _\Baby_1405_6_one(1).mp4;baby grizzly 14 1 _\Baby_1405_7_one(1).mp4;baby grizzly 14 1 _\Baby_1405_8_seven(1).mp4,0.0,10.629;4.100;7.366;21.330;11.932;7.699;11.765;18.166,30.000;30.000;30.000;30.000;30.000;30.000;30.000;30.000,Baby_grizzly,jaw movement,,,POINT,16.827,baby grizzly 14 1 _\Baby_1405_3_five(1).mp4,63,NA,
baby_1405_1,2025-07-11 12:39:14.695,,91.716,Media file(s),player #1:baby grizzly 14 1 _\Baby_1405_1_seven(1).mp4;baby grizzly 14 1 _\Baby_1405_2_seven(1).mp4;baby grizzly 14 1 _\Baby_1405_3_five(1).mp4;baby grizzly 14 1 _\Baby_1405_4_seven(1).mp4;baby grizzly 14 1 _\Baby_1405_5_two(1).mp4;baby grizzly 14 1 _\Baby_1405_6_one(1).mp4;baby grizzly 14 1 _\Baby_1405_7_one(1).mp4;baby grizzly 14 1 _\Baby_1405_8_seven(1).mp4,0.0,10.629;4.100;7.366;21.330;11.932;7.699;11.765;18.166,30.000;30.000;30.000;30.000;30.000;30.000;30.000;30.000,Baby_grizzly,translational movement,,,POINT,16.893,baby grizzly 14 1 _\Baby_1405_3_five(1).mp4,65,NA,
baby_1405_1,2025-07-11 12:39:14.695,,91.716,Media file(s),player #1:baby grizzly 14 1 _\Baby_1405_1_seven(1).mp4;baby grizzly 14 1 _\Baby_1405_2_seven(1).mp4;baby grizzly 14 1 _\Baby_1405_3_five(1).mp4;baby grizzly 14 1 _\Baby_1405_4_seven(1).mp4;baby grizzly 14 1 _\Baby_1405_5_two(1).mp4;baby grizzly 14 1 _\Baby_1405_6_one(1).mp4;baby grizzly 14 1 _\Baby_1405_7_one(1).mp4;baby grizzly 14 1 _\Baby_1405_8_seven(1).mp4,0.0,10.629;4.100;7.366;21.330;11.932;7.699;11.765;18.166,30.000;30.000;30.000;30.000;30.000;30.000;30.000;30.000,Baby_grizzly,jaw movement,,,POINT,17.160,baby grizzly 14 1 _\Baby_1405_3_five(1).mp4,73,NA,
baby_1405_1,2025-07-11 12:39:14.695,,91.716,Media file(s),player #1:baby grizzly 14 1 _\Baby_1405_1_seven(1).mp4;baby grizzly 14 1 _\Baby_1405_2_seven(1).mp4;baby grizzly 14 1 _\Baby_1405_3_five(1).mp4;baby grizzly 14 1 _\Baby_1405_4_seven(1).mp4;baby grizzly 14 1 _\Baby_1405_5_two(1).mp4;baby grizzly 14 1 _\Baby_1405_6_one(1).mp4;baby grizzly 14 1 _\Baby_1405_7_one(1).mp4;baby grizzly 14 1 _\Baby_1405_8_seven(1).mp4,0.0,10.629;4.100;7.366;21.330;11.932;7.699;11.765;18.166,30.000;30.000;30.000;30.000;30.000;30.000;30.000;30.000,Baby_grizzly,rotation,,Horizontal,START,17.193,baby grizzly 14 1 _\Baby_1405_3_five(1).mp4,74,NA,
baby_1405_1,2025-07-11 12:39:14.695,,91.716,Media file(s),player #1:baby grizzly 14 1 _\Baby_1405_1_seven(1).mp4;baby grizzly 14 1 _\Baby_1405_2_seven(1).mp4;baby grizzly 14 1 _\Baby_1405_3_five(1).mp4;baby grizzly 14 1 _\Baby_1405_4_seven(1).mp4;baby grizzly 14 1 _\Baby_1405_5_two(1).mp4;baby grizzly 14 1 _\Baby_1405_6_one(1).mp4;baby grizzly 14 1 _\Baby_1405_7_one(1).mp4;baby grizzly 14 1 _\Baby_1405_8_seven(1).mp4,0.0,10.629;4.100;7.366;21.330;11.932;7.699;11.765;18.166,30.000;30.000;30.000;30.000;30.000;30.000;30.000;30.000,Baby_grizzly,rotation,,Horizontal,STOP,17.293,baby grizzly 14 1 _\Baby_1405_3_five(1).mp4,77,NA,
baby_1405_1,2025-07-11 12:39:14.695,,91.716,Media file(s),player #1:baby grizzly 14 1 _\Baby_1405_1_seven(1).mp4;baby grizzly 14 1 _\Baby_1405_2_seven(1).mp4;baby grizzly 14 1 _\Baby_1405_3_five(1).mp4;baby grizzly 14 1 _\Baby_1405_4_seven(1).mp4;baby grizzly 14 1 _\Baby_1405_5_two(1).mp4;baby grizzly 14 1 _\Baby_1405_6_one(1).mp4;baby grizzly 14 1 _\Baby_1405_7_one(1).mp4;baby grizzly 14 1 _\Baby_1405_8_seven(1).mp4,0.0,10.629;4.100;7.366;21.330;11.932;7.699;11.765;18.166,30.000;30.000;30.000;30.000;30.000;30.000;30.000;30.000,Baby_grizzly,jaw movement,,,POINT,17.327,baby grizzly 14 1 _\Baby_1405_3_five(1).mp4,78,NA,
baby_1405_1,2025-07-11 12:39:14.695,,91.716,Media file(s),player #1:baby grizzly 14 1 _\Baby_1405_1_seven(1).mp4;baby grizzly 14 1 _\Baby_1405_2_seven(1).mp4;baby grizzly 14 1 _\Baby_1405_3_five(1).mp4;baby grizzly 14 1 _\Baby_1405_4_seven(1).mp4;baby grizzly 14 1 _\Baby_1405_5_two(1).mp4;baby grizzly 14 1 _\Baby_1405_6_one(1).mp4;baby grizzly 14 1 _\Baby_1405_7_one(1).mp4;baby grizzly 14 1 _\Baby_1405_8_seven(1).mp4,0.0,10.629;4.100;7.366;21.330;11.932;7.699;11.765;18.166,30.000;30.000;30.000;30.000;30.000;30.000;30.000;30.000,Baby_grizzly,rotation,,Horizontal,START,17.460,baby grizzly 14 1 _\Baby_1405_3_five(1).mp4,82,NA,
baby_1405_1,2025-07-11 12:39:14.695,,91.716,Media file(s),player #1:baby grizzly 14 1 _\Baby_1405_1_seven(1).mp4;baby grizzly 14 1 _\Baby_1405_2_seven(1).mp4;baby grizzly 14 1 _\Baby_1405_3_five(1).mp4;baby grizzly 14 1 _\Baby_1405_4_seven(1).mp4;baby grizzly 14 1 _\Baby_1405_5_two(1).mp4;baby grizzly 14 1 _\Baby_1405_6_one(1).mp4;baby grizzly 14 1 _\Baby_1405_7_one(1).mp4;baby grizzly 14 1 _\Baby_1405_8_seven(1).mp4,0.0,10.629;4.100;7.366;21.330;11.932;7.699;11.765;18.166,30.000;30.000;30.000;30.000;30.000;30.000;30.000;30.000,Baby_grizzly,rotation,,Horizontal,STOP,17.927,baby grizzly 14 1 _\Baby_1405_3_five(1).mp4,96,NA,
baby_1405_1,2025-07-11 12:39:14.695,,91.716,Media file(s),player #1:baby grizzly 14 1 _\Baby_1405_1_seven(1).mp4;baby grizzly 14 1 _\Baby_1405_2_seven(1).mp4;baby grizzly 14 1 _\Baby_1405_3_five(1).mp4;baby grizzly 14 1 _\Baby_1405_4_seven(1).mp4;baby grizzly 14 1 _\Baby_1405_5_two(1).mp4;baby grizzly 14 1 _\Baby_1405_6_one(1).mp4;baby grizzly 14 1 _\Baby_1405_7_one(1).mp4;baby grizzly 14 1 _\Baby_1405_8_seven(1).mp4,0.0,10.629;4.100;7.366;21.330;11.932;7.699;11.765;18.166,30.000;30.000;30.000;30.000;30.000;30.000;30.000;30.000,Baby_grizzly,jaw movement,,,POINT,17.993,baby grizzly 14 1 _\Baby_1405_3_five(1).mp4,98,NA,
baby_1405_1,2025-07-11 12:39:14.695,,91.716,Media file(s),player #1:baby grizzly 14 1 _\Baby_1405_1_seven(1).mp4;baby grizzly 14 1 _\Baby_1405_2_seven(1).mp4;baby grizzly 14 1 _\Baby_1405_3_five(1).mp4;baby grizzly 14 1 _\Baby_1405_4_seven(1).mp4;baby grizzly 14 1 _\Baby_1405_5_two(1).mp4;baby grizzly 14 1 _\Baby_1405_6_one(1).mp4;baby grizzly 14 1 _\Baby_1405_7_one(1).mp4;baby grizzly 14 1 _\Baby_1405_8_seven(1).mp4,0.0,10.629;4.100;7.366;21.330;11.932;7.699;11.765;18.166,30.000;30.000;30.000;30.000;30.000;30.000;30.000;30.000,Baby_grizzly,jaw movement,,,POINT,18.093,baby grizzly 14 1 _\Baby_1405_3_five(1).mp4,101,NA,
baby_1405_1,2025-07-11 12:39:14.695,,91.716,Media file(s),player #1:baby grizzly 14 1 _\Baby_1405_1_seven(1).mp4;baby grizzly 14 1 _\Baby_1405_2_seven(1).mp4;baby grizzly 14 1 _\Baby_1405_3_five(1).mp4;baby grizzly 14 1 _\Baby_1405_4_seven(1).mp4;baby grizzly 14 1 _\Baby_1405_5_two(1).mp4;baby grizzly 14 1 _\Baby_1405_6_one(1).mp4;baby grizzly 14 1 _\Baby_1405_7_one(1).mp4;baby grizzly 14 1 _\Baby_1405_8_seven(1).mp4,0.0,10.629;4.100;7.366;21.330;11.932;7.699;11.765;18.166,30.000;30.000;30.000;30.000;30.000;30.000;30.000;30.000,Baby_grizzly,assessing,,,STOP,18.193,baby grizzly 14 1 _\Baby_1405_3_five(1).mp4,104,NA,
baby_1405_1,2025-07-11 12:39:14.695,,91.716,Media file(s),player #1:baby grizzly 14 1 _\Baby_1405_1_seven(1).mp4;baby grizzly 14 1 _\Baby_1405_2_seven(1).mp4;baby grizzly 14 1 _\Baby_1405_3_five(1).mp4;baby grizzly 14 1 _\Baby_1405_4_seven(1).mp4;baby grizzly 14 1 _\Baby_1405_5_two(1).mp4;baby grizzly 14 1 _\Baby_1405_6_one(1).mp4;baby grizzly 14 1 _\Baby_1405_7_one(1).mp4;baby grizzly 14 1 _\Baby_1405_8_seven(1).mp4,0.0,10.629;4.100;7.366;21.330;11.932;7.699;11.765;18.166,30.000;30.000;30.000;30.000;30.000;30.000;30.000;30.000,Baby_grizzly,target,,,START,18.393,baby grizzly 14 1 _\Baby_1405_3_five(1).mp4,110,NA,
baby_1405_1,2025-07-11 12:39:14.695,,91.716,Media file(s),player #1:baby grizzly 14 1 _\Baby_1405_1_seven(1).mp4;baby grizzly 14 1 _\Baby_1405_2_seven(1).mp4;baby grizzly 14 1 _\Baby_1405_3_five(1).mp4;baby grizzly 14 1 _\Baby_1405_4_seven(1).mp4;baby grizzly 14 1 _\Baby_1405_5_two(1).mp4;baby grizzly 14 1 _\Baby_1405_6_one(1).mp4;baby grizzly 14 1 _\Baby_1405_7_one(1).mp4;baby grizzly 14 1 _\Baby_1405_8_seven(1).mp4,0.0,10.629;4.100;7.366;21.330;11.932;7.699;11.765;18.166,30.000;30.000;30.000;30.000;30.000;30.000;30.000;30.000,Baby_grizzly,target,,,STOP,21.793,baby grizzly 14 1 _\Baby_1405_3_five(1).mp4,211,NA,
baby_1405_1,2025-07-11 12:39:14.695,,91.716,Media file(s),player #1:baby grizzly 14 1 _\Baby_1405_1_seven(1).mp4;baby grizzly 14 1 _\Baby_1405_2_seven(1).mp4;baby grizzly 14 1 _\Baby_1405_3_five(1).mp4;baby grizzly 14 1 _\Baby_1405_4_seven(1).mp4;baby grizzly 14 1 _\Baby_1405_5_two(1).mp4;baby grizzly 14 1 _\Baby_1405_6_one(1).mp4;baby grizzly 14 1 _\Baby_1405_7_one(1).mp4;baby grizzly 14 1 _\Baby_1405_8_seven(1).mp4,0.0,10.629;4.100;7.366;21.330;11.932;7.699;11.765;18.166,30.000;30.000;30.000;30.000;30.000;30.000;30.000;30.000,Baby_grizzly,grabbing peanut,,,POINT,22.092,baby grizzly 14 1 _\Baby_1405_3_five(1).mp4,0,NA,
baby_1405_1,2025-07-11 12:39:14.695,,91.716,Media file(s),player #1:baby grizzly 14 1 _\Baby_1405_1_seven(1).mp4;baby grizzly 14 1 _\Baby_1405_2_seven(1).mp4;baby grizzly 14 1 _\Baby_1405_3_five(1).mp4;baby grizzly 14 1 _\Baby_1405_4_seven(1).mp4;baby grizzly 14 1 _\Baby_1405_5_two(1).mp4;baby grizzly 14 1 _\Baby_1405_6_one(1).mp4;baby grizzly 14 1 _\Baby_1405_7_one(1).mp4;baby grizzly 14 1 _\Baby_1405_8_seven(1).mp4,0.0,10.629;4.100;7.366;21.330;11.932;7.699;11.765;18.166,30.000;30.000;30.000;30.000;30.000;30.000;30.000;30.000,Baby_grizzly,lifting,,,START,22.125,baby grizzly 14 1 _\Baby_1405_4_seven(1).mp4,1,NA,
baby_1405_1,2025-07-11 12:39:14.695,,91.716,Media file(s),player #1:baby grizzly 14 1 _\Baby_1405_1_seven(1).mp4;baby grizzly 14 1 _\Baby_1405_2_seven(1).mp4;baby grizzly 14 1 _\Baby_1405_3_five(1).mp4;baby grizzly 14 1 _\Baby_1405_4_seven(1).mp4;baby grizzly 14 1 _\Baby_1405_5_two(1).mp4;baby grizzly 14 1 _\Baby_1405_6_one(1).mp4;baby grizzly 14 1 _\Baby_1405_7_one(1).mp4;baby grizzly 14 1 _\Baby_1405_8_seven(1).mp4,0.0,10.629;4.100;7.366;21.330;11.932;7.699;11.765;18.166,30.000;30.000;30.000;30.000;30.000;30.000;30.000;30.000,Baby_grizzly,lifting,,,STOP,22.425,baby grizzly 14 1 _\Baby_1405_4_seven(1).mp4,10,NA,
baby_1405_1,2025-07-11 12:39:14.695,,91.716,Media file(s),player #1:baby grizzly 14 1 _\Baby_1405_1_seven(1).mp4;baby grizzly 14 1 _\Baby_1405_2_seven(1).mp4;baby grizzly 14 1 _\Baby_1405_3_five(1).mp4;baby grizzly 14 1 _\Baby_1405_4_seven(1).mp4;baby grizzly 14 1 _\Baby_1405_5_two(1).mp4;baby grizzly 14 1 _\Baby_1405_6_one(1).mp4;baby grizzly 14 1 _\Baby_1405_7_one(1).mp4;baby grizzly 14 1 _\Baby_1405_8_seven(1).mp4,0.0,10.629;4.100;7.366;21.330;11.932;7.699;11.765;18.166,30.000;30.000;30.000;30.000;30.000;30.000;30.000;30.000,Baby_grizzly,assessing,,,START,23.058,baby grizzly 14 1 _\Baby_1405_4_seven(1).mp4,29,NA,
baby_1405_1,2025-07-11 12:39:14.695,,91.716,Media file(s),player #1:baby grizzly 14 1 _\Baby_1405_1_seven(1).mp4;baby grizzly 14 1 _\Baby_1405_2_seven(1).mp4;baby grizzly 14 1 _\Baby_1405_3_five(1).mp4;baby grizzly 14 1 _\Baby_1405_4_seven(1).mp4;baby grizzly 14 1 _\Baby_1405_5_two(1).mp4;baby grizzly 14 1 _\Baby_1405_6_one(1).mp4;baby grizzly 14 1 _\Baby_1405_7_one(1).mp4;baby grizzly 14 1 _\Baby_1405_8_seven(1).mp4,0.0,10.629;4.100;7.366;21.330;11.932;7.699;11.765;18.166,30.000;30.000;30.000;30.000;30.000;30.000;30.000;30.000,Baby_grizzly,jaw movement,,,POINT,23.192,baby grizzly 14 1 _\Baby_1405_4_seven(1).mp4,33,NA,
baby_1405_1,2025-07-11 12:39:14.695,,91.716,Media file(s),player #1:baby grizzly 14 1 _\Baby_1405_1_seven(1).mp4;baby grizzly 14 1 _\Baby_1405_2_seven(1).mp4;baby grizzly 14 1 _\Baby_1405_3_five(1).mp4;baby grizzly 14 1 _\Baby_1405_4_seven(1).mp4;baby grizzly 14 1 _\Baby_1405_5_two(1).mp4;baby grizzly 14 1 _\Baby_1405_6_one(1).mp4;baby grizzly 14 1 _\Baby_1405_7_one(1).mp4;baby grizzly 14 1 _\Baby_1405_8_seven(1).mp4,0.0,10.629;4.100;7.366;21.330;11.932;7.699;11.765;18.166,30.000;30.000;30.000;30.000;30.000;30.000;30.000;30.000,Baby_grizzly,jaw movement,,,POINT,24.323,baby grizzly 14 1 _\Baby_1405_4_seven(1).mp4,67,NA,
baby_1405_1,2025-07-11 12:39:14.695,,91.716,Media file(s),player #1:baby grizzly 14 1 _\Baby_1405_1_seven(1).mp4;baby grizzly 14 1 _\Baby_1405_2_seven(1).mp4;baby grizzly 14 1 _\Baby_1405_3_five(1).mp4;baby grizzly 14 1 _\Baby_1405_4_seven(1).mp4;baby grizzly 14 1 _\Baby_1405_5_two(1).mp4;baby grizzly 14 1 _\Baby_1405_6_one(1).mp4;baby grizzly 14 1 _\Baby_1405_7_one(1).mp4;baby grizzly 14 1 _\Baby_1405_8_seven(1).mp4,0.0,10.629;4.100;7.366;21.330;11.932;7.699;11.765;18.166,30.000;30.000;30.000;30.000;30.000;30.000;30.000;30.000,Baby_grizzly,assessing,,,STOP,24.523,baby grizzly 14 1 _\Baby_1405_4_seven(1).mp4,73,NA,
baby_1405_1,2025-07-11 12:39:14.695,,91.716,Media file(s),player #1:baby grizzly 14 1 _\Baby_1405_1_seven(1).mp4;baby grizzly 14 1 _\Baby_1405_2_seven(1).mp4;baby grizzly 14 1 _\Baby_1405_3_five(1).mp4;baby grizzly 14 1 _\Baby_1405_4_seven(1).mp4;baby grizzly 14 1 _\Baby_1405_5_two(1).mp4;baby grizzly 14 1 _\Baby_1405_6_one(1).mp4;baby grizzly 14 1 _\Baby_1405_7_one(1).mp4;baby grizzly 14 1 _\Baby_1405_8_seven(1).mp4,0.0,10.629;4.100;7.366;21.330;11.932;7.699;11.765;18.166,30.000;30.000;30.000;30.000;30.000;30.000;30.000;30.000,Baby_grizzly,pause,,,START,24.723,baby grizzly 14 1 _\Baby_1405_4_seven(1).mp4,79,NA,
baby_1405_1,2025-07-11 12:39:14.695,,91.716,Media file(s),player #1:baby grizzly 14 1 _\Baby_1405_1_seven(1).mp4;baby grizzly 14 1 _\Baby_1405_2_seven(1).mp4;baby grizzly 14 1 _\Baby_1405_3_five(1).mp4;baby grizzly 14 1 _\Baby_1405_4_seven(1).mp4;baby grizzly 14 1 _\Baby_1405_5_two(1).mp4;baby grizzly 14 1 _\Baby_1405_6_one(1).mp4;baby grizzly 14 1 _\Baby_1405_7_one(1).mp4;baby grizzly 14 1 _\Baby_1405_8_seven(1).mp4,0.0,10.629;4.100;7.366;21.330;11.932;7.699;11.765;18.166,30.000;30.000;30.000;30.000;30.000;30.000;30.000;30.000,Baby_grizzly,pause,,,STOP,28.690,baby grizzly 14 1 _\Baby_1405_4_seven(1).mp4,198,NA,
baby_1405_1,2025-07-11 12:39:14.695,,91.716,Media file(s),player #1:baby grizzly 14 1 _\Baby_1405_1_seven(1).mp4;baby grizzly 14 1 _\Baby_1405_2_seven(1).mp4;baby grizzly 14 1 _\Baby_1405_3_five(1).mp4;baby grizzly 14 1 _\Baby_1405_4_seven(1).mp4;baby grizzly 14 1 _\Baby_1405_5_two(1).mp4;baby grizzly 14 1 _\Baby_1405_6_one(1).mp4;baby grizzly 14 1 _\Baby_1405_7_one(1).mp4;baby grizzly 14 1 _\Baby_1405_8_seven(1).mp4,0.0,10.629;4.100;7.366;21.330;11.932;7.699;11.765;18.166,30.000;30.000;30.000;30.000;30.000;30.000;30.000;30.000,Baby_grizzly,target,,,START,28.724,baby grizzly 14 1 _\Baby_1405_4_seven(1).mp4,199,NA,
baby_1405_1,2025-07-11 12:39:14.695,,91.716,Media file(s),player #1:baby grizzly 14 1 _\Baby_1405_1_seven(1).mp4;baby grizzly 14 1 _\Baby_1405_2_seven(1).mp4;baby grizzly 14 1 _\Baby_1405_3_five(1).mp4;baby grizzly 14 1 _\Baby_1405_4_seven(1).mp4;baby grizzly 14 1 _\Baby_1405_5_two(1).mp4;baby grizzly 14 1 _\Baby_1405_6_one(1).mp4;baby grizzly 14 1 _\Baby_1405_7_one(1).mp4;baby grizzly 14 1 _\Baby_1405_8_seven(1).mp4,0.0,10.629;4.100;7.366;21.330;11.932;7.699;11.765;18.166,30.000;30.000;30.000;30.000;30.000;30.000;30.000;30.000,Baby_grizzly,target,,,STOP,29.624,baby grizzly 14 1 _\Baby_1405_4_seven(1).mp4,226,NA,
baby_1405_1,2025-07-11 12:39:14.695,,91.716,Media file(s),player #1:baby grizzly 14 1 _\Baby_1405_1_seven(1).mp4;baby grizzly 14 1 _\Baby_1405_2_seven(1).mp4;baby grizzly 14 1 _\Baby_1405_3_five(1).mp4;baby grizzly 14 1 _\Baby_1405_4_seven(1).mp4;baby grizzly 14 1 _\Baby_1405_5_two(1).mp4;baby grizzly 14 1 _\Baby_1405_6_one(1).mp4;baby grizzly 14 1 _\Baby_1405_7_one(1).mp4;baby grizzly 14 1 _\Baby_1405_8_seven(1).mp4,0.0,10.629;4.100;7.366;21.330;11.932;7.699;11.765;18.166,30.000;30.000;30.000;30.000;30.000;30.000;30.000;30.000,Baby_grizzly,pause,,,START,29.657,baby grizzly 14 1 _\Baby_1405_4_seven(1).mp4,227,NA,
baby_1405_1,2025-07-11 12:39:14.695,,91.716,Media file(s),player #1:baby grizzly 14 1 _\Baby_1405_1_seven(1).mp4;baby grizzly 14 1 _\Baby_1405_2_seven(1).mp4;baby grizzly 14 1 _\Baby_1405_3_five(1).mp4;baby grizzly 14 1 _\Baby_1405_4_seven(1).mp4;baby grizzly 14 1 _\Baby_1405_5_two(1).mp4;baby grizzly 14 1 _\Baby_1405_6_one(1).mp4;baby grizzly 14 1 _\Baby_1405_7_one(1).mp4;baby grizzly 14 1 _\Baby_1405_8_seven(1).mp4,0.0,10.629;4.100;7.366;21.330;11.932;7.699;11.765;18.166,30.000;30.000;30.000;30.000;30.000;30.000;30.000;30.000,Baby_grizzly,pause,,,STOP,33.557,baby grizzly 14 1 _\Baby_1405_4_seven(1).mp4,344,NA,
baby_1405_1,2025-07-11 12:39:14.695,,91.716,Media file(s),player #1:baby grizzly 14 1 _\Baby_1405_1_seven(1).mp4;baby grizzly 14 1 _\Baby_1405_2_seven(1).mp4;baby grizzly 14 1 _\Baby_1405_3_five(1).mp4;baby grizzly 14 1 _\Baby_1405_4_seven(1).mp4;baby grizzly 14 1 _\Baby_1405_5_two(1).mp4;baby grizzly 14 1 _\Baby_1405_6_one(1).mp4;baby grizzly 14 1 _\Baby_1405_7_one(1).mp4;baby grizzly 14 1 _\Baby_1405_8_seven(1).mp4,0.0,10.629;4.100;7.366;21.330;11.932;7.699;11.765;18.166,30.000;30.000;30.000;30.000;30.000;30.000;30.000;30.000,Baby_grizzly,target,,,START,33.590,baby grizzly 14 1 _\Baby_1405_4_seven(1).mp4,345,NA,
baby_1405_1,2025-07-11 12:39:14.695,,91.716,Media file(s),player #1:baby grizzly 14 1 _\Baby_1405_1_seven(1).mp4;baby grizzly 14 1 _\Baby_1405_2_seven(1).mp4;baby grizzly 14 1 _\Baby_1405_3_five(1).mp4;baby grizzly 14 1 _\Baby_1405_4_seven(1).mp4;baby grizzly 14 1 _\Baby_1405_5_two(1).mp4;baby grizzly 14 1 _\Baby_1405_6_one(1).mp4;baby grizzly 14 1 _\Baby_1405_7_one(1).mp4;baby grizzly 14 1 _\Baby_1405_8_seven(1).mp4,0.0,10.629;4.100;7.366;21.330;11.932;7.699;11.765;18.166,30.000;30.000;30.000;30.000;30.000;30.000;30.000;30.000,Baby_grizzly,target,,,STOP,42.656,baby grizzly 14 1 _\Baby_1405_4_seven(1).mp4,617,NA,
baby_1405_1,2025-07-11 12:39:14.695,,91.716,Media file(s),player #1:baby grizzly 14 1 _\Baby_1405_1_seven(1).mp4;baby grizzly 14 1 _\Baby_1405_2_seven(1).mp4;baby grizzly 14 1 _\Baby_1405_3_five(1).mp4;baby grizzly 14 1 _\Baby_1405_4_seven(1).mp4;baby grizzly 14 1 _\Baby_1405_5_two(1).mp4;baby grizzly 14 1 _\Baby_1405_6_one(1).mp4;baby grizzly 14 1 _\Baby_1405_7_one(1).mp4;baby grizzly 14 1 _\Baby_1405_8_seven(1).mp4,0.0,10.629;4.100;7.366;21.330;11.932;7.699;11.765;18.166,30.000;30.000;30.000;30.000;30.000;30.000;30.000;30.000,Baby_grizzly,explore,,,START,43.422,baby grizzly 14 1 _\Baby_1405_4_seven(1).mp4,0,NA,
baby_1405_1,2025-07-11 12:39:14.695,,91.716,Media file(s),player #1:baby grizzly 14 1 _\Baby_1405_1_seven(1).mp4;baby grizzly 14 1 _\Baby_1405_2_seven(1).mp4;baby grizzly 14 1 _\Baby_1405_3_five(1).mp4;baby grizzly 14 1 _\Baby_1405_4_seven(1).mp4;baby grizzly 14 1 _\Baby_1405_5_two(1).mp4;baby grizzly 14 1 _\Baby_1405_6_one(1).mp4;baby grizzly 14 1 _\Baby_1405_7_one(1).mp4;baby grizzly 14 1 _\Baby_1405_8_seven(1).mp4,0.0,10.629;4.100;7.366;21.330;11.932;7.699;11.765;18.166,30.000;30.000;30.000;30.000;30.000;30.000;30.000;30.000,Baby_grizzly,explore,,,STOP,45.220,baby grizzly 14 1 _\Baby_1405_5_two(1).mp4,54,NA,
baby_1405_1,2025-07-11 12:39:14.695,,91.716,Media file(s),player #1:baby grizzly 14 1 _\Baby_1405_1_seven(1).mp4;baby grizzly 14 1 _\Baby_1405_2_seven(1).mp4;baby grizzly 14 1 _\Baby_1405_3_five(1).mp4;baby grizzly 14 1 _\Baby_1405_4_seven(1).mp4;baby grizzly 14 1 _\Baby_1405_5_two(1).mp4;baby grizzly 14 1 _\Baby_1405_6_one(1).mp4;baby grizzly 14 1 _\Baby_1405_7_one(1).mp4;baby grizzly 14 1 _\Baby_1405_8_seven(1).mp4,0.0,10.629;4.100;7.366;21.330;11.932;7.699;11.765;18.166,30.000;30.000;30.000;30.000;30.000;30.000;30.000;30.000,Baby_grizzly,bending,,,START,45.287,baby grizzly 14 1 _\Baby_1405_5_two(1).mp4,56,NA,
baby_1405_1,2025-07-11 12:39:14.695,,91.716,Media file(s),player #1:baby grizzly 14 1 _\Baby_1405_1_seven(1).mp4;baby grizzly 14 1 _\Baby_1405_2_seven(1).mp4;baby grizzly 14 1 _\Baby_1405_3_five(1).mp4;baby grizzly 14 1 _\Baby_1405_4_seven(1).mp4;baby grizzly 14 1 _\Baby_1405_5_two(1).mp4;baby grizzly 14 1 _\Baby_1405_6_one(1).mp4;baby grizzly 14 1 _\Baby_1405_7_one(1).mp4;baby grizzly 14 1 _\Baby_1405_8_seven(1).mp4,0.0,10.629;4.100;7.366;21.330;11.932;7.699;11.765;18.166,30.000;30.000;30.000;30.000;30.000;30.000;30.000;30.000,Baby_grizzly,bending,,,STOP,45.553,baby grizzly 14 1 _\Baby_1405_5_two(1).mp4,64,NA,
baby_1405_1,2025-07-11 12:39:14.695,,91.716,Media file(s),player #1:baby grizzly 14 1 _\Baby_1405_1_seven(1).mp4;baby grizzly 14 1 _\Baby_1405_2_seven(1).mp4;baby grizzly 14 1 _\Baby_1405_3_five(1).mp4;baby grizzly 14 1 _\Baby_1405_4_seven(1).mp4;baby grizzly 14 1 _\Baby_1405_5_two(1).mp4;baby grizzly 14 1 _\Baby_1405_6_one(1).mp4;baby grizzly 14 1 _\Baby_1405_7_one(1).mp4;baby grizzly 14 1 _\Baby_1405_8_seven(1).mp4,0.0,10.629;4.100;7.366;21.330;11.932;7.699;11.765;18.166,30.000;30.000;30.000;30.000;30.000;30.000;30.000;30.000,Baby_grizzly,grabbing peanut,,,POINT,45.553,baby grizzly 14 1 _\Baby_1405_5_two(1).mp4,64,NA,
baby_1405_1,2025-07-11 12:39:14.695,,91.716,Media file(s),player #1:baby grizzly 14 1 _\Baby_1405_1_seven(1).mp4;baby grizzly 14 1 _\Baby_1405_2_seven(1).mp4;baby grizzly 14 1 _\Baby_1405_3_five(1).mp4;baby grizzly 14 1 _\Baby_1405_4_seven(1).mp4;baby grizzly 14 1 _\Baby_1405_5_two(1).mp4;baby grizzly 14 1 _\Baby_1405_6_one(1).mp4;baby grizzly 14 1 _\Baby_1405_7_one(1).mp4;baby grizzly 14 1 _\Baby_1405_8_seven(1).mp4,0.0,10.629;4.100;7.366;21.330;11.932;7.699;11.765;18.166,30.000;30.000;30.000;30.000;30.000;30.000;30.000;30.000,Baby_grizzly,teeth-hole contact,,,POINT,45.553,baby grizzly 14 1 _\Baby_1405_5_two(1).mp4,64,NA,
baby_1405_1,2025-07-11 12:39:14.695,,91.716,Media file(s),player #1:baby grizzly 14 1 _\Baby_1405_1_seven(1).mp4;baby grizzly 14 1 _\Baby_1405_2_seven(1).mp4;baby grizzly 14 1 _\Baby_1405_3_five(1).mp4;baby grizzly 14 1 _\Baby_1405_4_seven(1).mp4;baby grizzly 14 1 _\Baby_1405_5_two(1).mp4;baby grizzly 14 1 _\Baby_1405_6_one(1).mp4;baby grizzly 14 1 _\Baby_1405_7_one(1).mp4;baby grizzly 14 1 _\Baby_1405_8_seven(1).mp4,0.0,10.629;4.100;7.366;21.330;11.932;7.699;11.765;18.166,30.000;30.000;30.000;30.000;30.000;30.000;30.000;30.000,Baby_grizzly,lifting,,,START,45.587,baby grizzly 14 1 _\Baby_1405_5_two(1).mp4,65,NA,
baby_1405_1,2025-07-11 12:39:14.695,,91.716,Media file(s),player #1:baby grizzly 14 1 _\Baby_1405_1_seven(1).mp4;baby grizzly 14 1 _\Baby_1405_2_seven(1).mp4;baby grizzly 14 1 _\Baby_1405_3_five(1).mp4;baby grizzly 14 1 _\Baby_1405_4_seven(1).mp4;baby grizzly 14 1 _\Baby_1405_5_two(1).mp4;baby grizzly 14 1 _\Baby_1405_6_one(1).mp4;baby grizzly 14 1 _\Baby_1405_7_one(1).mp4;baby grizzly 14 1 _\Baby_1405_8_seven(1).mp4,0.0,10.629;4.100;7.366;21.330;11.932;7.699;11.765;18.166,30.000;30.000;30.000;30.000;30.000;30.000;30.000;30.000,Baby_grizzly,lifting,,,STOP,45.820,baby grizzly 14 1 _\Baby_1405_5_two(1).mp4,72,NA,
baby_1405_1,2025-07-11 12:39:14.695,,91.716,Media file(s),player #1:baby grizzly 14 1 _\Baby_1405_1_seven(1).mp4;baby grizzly 14 1 _\Baby_1405_2_seven(1).mp4;baby grizzly 14 1 _\Baby_1405_3_five(1).mp4;baby grizzly 14 1 _\Baby_1405_4_seven(1).mp4;baby grizzly 14 1 _\Baby_1405_5_two(1).mp4;baby grizzly 14 1 _\Baby_1405_6_one(1).mp4;baby grizzly 14 1 _\Baby_1405_7_one(1).mp4;baby grizzly 14 1 _\Baby_1405_8_seven(1).mp4,0.0,10.629;4.100;7.366;21.330;11.932;7.699;11.765;18.166,30.000;30.000;30.000;30.000;30.000;30.000;30.000;30.000,Baby_grizzly,assessing,,,START,45.987,baby grizzly 14 1 _\Baby_1405_5_two(1).mp4,77,NA,
baby_1405_1,2025-07-11 12:39:14.695,,91.716,Media file(s),player #1:baby grizzly 14 1 _\Baby_1405_1_seven(1).mp4;baby grizzly 14 1 _\Baby_1405_2_seven(1).mp4;baby grizzly 14 1 _\Baby_1405_3_five(1).mp4;baby grizzly 14 1 _\Baby_1405_4_seven(1).mp4;baby grizzly 14 1 _\Baby_1405_5_two(1).mp4;baby grizzly 14 1 _\Baby_1405_6_one(1).mp4;baby grizzly 14 1 _\Baby_1405_7_one(1).mp4;baby grizzly 14 1 _\Baby_1405_8_seven(1).mp4,0.0,10.629;4.100;7.366;21.330;11.932;7.699;11.765;18.166,30.000;30.000;30.000;30.000;30.000;30.000;30.000;30.000,Baby_grizzly,teeth-hole contact,,,POINT,46.053,baby grizzly 14 1 _\Baby_1405_5_two(1).mp4,79,NA,
baby_1405_1,2025-07-11 12:39:14.695,,91.716,Media file(s),player #1:baby grizzly 14 1 _\Baby_1405_1_seven(1).mp4;baby grizzly 14 1 _\Baby_1405_2_seven(1).mp4;baby grizzly 14 1 _\Baby_1405_3_five(1).mp4;baby grizzly 14 1 _\Baby_1405_4_seven(1).mp4;baby grizzly 14 1 _\Baby_1405_5_two(1).mp4;baby grizzly 14 1 _\Baby_1405_6_one(1).mp4;baby grizzly 14 1 _\Baby_1405_7_one(1).mp4;baby grizzly 14 1 _\Baby_1405_8_seven(1).mp4,0.0,10.629;4.100;7.366;21.330;11.932;7.699;11.765;18.166,30.000;30.000;30.000;30.000;30.000;30.000;30.000;30.000,Baby_grizzly,rotation,,Yaw,START,46.087,baby grizzly 14 1 _\Baby_1405_5_two(1).mp4,80,NA,
baby_1405_1,2025-07-11 12:39:14.695,,91.716,Media file(s),player #1:baby grizzly 14 1 _\Baby_1405_1_seven(1).mp4;baby grizzly 14 1 _\Baby_1405_2_seven(1).mp4;baby grizzly 14 1 _\Baby_1405_3_five(1).mp4;baby grizzly 14 1 _\Baby_1405_4_seven(1).mp4;baby grizzly 14 1 _\Baby_1405_5_two(1).mp4;baby grizzly 14 1 _\Baby_1405_6_one(1).mp4;baby grizzly 14 1 _\Baby_1405_7_one(1).mp4;baby grizzly 14 1 _\Baby_1405_8_seven(1).mp4,0.0,10.629;4.100;7.366;21.330;11.932;7.699;11.765;18.166,30.000;30.000;30.000;30.000;30.000;30.000;30.000;30.000,Baby_grizzly,rotation,,Yaw,STOP,46.287,baby grizzly 14 1 _\Baby_1405_5_two(1).mp4,86,NA,
baby_1405_1,2025-07-11 12:39:14.695,,91.716,Media file(s),player #1:baby grizzly 14 1 _\Baby_1405_1_seven(1).mp4;baby grizzly 14 1 _\Baby_1405_2_seven(1).mp4;baby grizzly 14 1 _\Baby_1405_3_five(1).mp4;baby grizzly 14 1 _\Baby_1405_4_seven(1).mp4;baby grizzly 14 1 _\Baby_1405_5_two(1).mp4;baby grizzly 14 1 _\Baby_1405_6_one(1).mp4;baby grizzly 14 1 _\Baby_1405_7_one(1).mp4;baby grizzly 14 1 _\Baby_1405_8_seven(1).mp4,0.0,10.629;4.100;7.366;21.330;11.932;7.699;11.765;18.166,30.000;30.000;30.000;30.000;30.000;30.000;30.000;30.000,Baby_grizzly,teeth-hole contact,,,POINT,46.320,baby grizzly 14 1 _\Baby_1405_5_two(1).mp4,87,NA,
baby_1405_1,2025-07-11 12:39:14.695,,91.716,Media file(s),player #1:baby grizzly 14 1 _\Baby_1405_1_seven(1).mp4;baby grizzly 14 1 _\Baby_1405_2_seven(1).mp4;baby grizzly 14 1 _\Baby_1405_3_five(1).mp4;baby grizzly 14 1 _\Baby_1405_4_seven(1).mp4;baby grizzly 14 1 _\Baby_1405_5_two(1).mp4;baby grizzly 14 1 _\Baby_1405_6_one(1).mp4;baby grizzly 14 1 _\Baby_1405_7_one(1).mp4;baby grizzly 14 1 _\Baby_1405_8_seven(1).mp4,0.0,10.629;4.100;7.366;21.330;11.932;7.699;11.765;18.166,30.000;30.000;30.000;30.000;30.000;30.000;30.000;30.000,Baby_grizzly,rotation,,Yaw,START,46.354,baby grizzly 14 1 _\Baby_1405_5_two(1).mp4,88,NA,
baby_1405_1,2025-07-11 12:39:14.695,,91.716,Media file(s),player #1:baby grizzly 14 1 _\Baby_1405_1_seven(1).mp4;baby grizzly 14 1 _\Baby_1405_2_seven(1).mp4;baby grizzly 14 1 _\Baby_1405_3_five(1).mp4;baby grizzly 14 1 _\Baby_1405_4_seven(1).mp4;baby grizzly 14 1 _\Baby_1405_5_two(1).mp4;baby grizzly 14 1 _\Baby_1405_6_one(1).mp4;baby grizzly 14 1 _\Baby_1405_7_one(1).mp4;baby grizzly 14 1 _\Baby_1405_8_seven(1).mp4,0.0,10.629;4.100;7.366;21.330;11.932;7.699;11.765;18.166,30.000;30.000;30.000;30.000;30.000;30.000;30.000;30.000,Baby_grizzly,rotation,,Yaw,STOP,46.620,baby grizzly 14 1 _\Baby_1405_5_two(1).mp4,96,NA,
baby_1405_1,2025-07-11 12:39:14.695,,91.716,Media file(s),player #1:baby grizzly 14 1 _\Baby_1405_1_seven(1).mp4;baby grizzly 14 1 _\Baby_1405_2_seven(1).mp4;baby grizzly 14 1 _\Baby_1405_3_five(1).mp4;baby grizzly 14 1 _\Baby_1405_4_seven(1).mp4;baby grizzly 14 1 _\Baby_1405_5_two(1).mp4;baby grizzly 14 1 _\Baby_1405_6_one(1).mp4;baby grizzly 14 1 _\Baby_1405_7_one(1).mp4;baby grizzly 14 1 _\Baby_1405_8_seven(1).mp4,0.0,10.629;4.100;7.366;21.330;11.932;7.699;11.765;18.166,30.000;30.000;30.000;30.000;30.000;30.000;30.000;30.000,Baby_grizzly,jaw movement,,,POINT,46.654,baby grizzly 14 1 _\Baby_1405_5_two(1).mp4,97,NA,
baby_1405_1,2025-07-11 12:39:14.695,,91.716,Media file(s),player #1:baby grizzly 14 1 _\Baby_1405_1_seven(1).mp4;baby grizzly 14 1 _\Baby_1405_2_seven(1).mp4;baby grizzly 14 1 _\Baby_1405_3_five(1).mp4;baby grizzly 14 1 _\Baby_1405_4_seven(1).mp4;baby grizzly 14 1 _\Baby_1405_5_two(1).mp4;baby grizzly 14 1 _\Baby_1405_6_one(1).mp4;baby grizzly 14 1 _\Baby_1405_7_one(1).mp4;baby grizzly 14 1 _\Baby_1405_8_seven(1).mp4,0.0,10.629;4.100;7.366;21.330;11.932;7.699;11.765;18.166,30.000;30.000;30.000;30.000;30.000;30.000;30.000;30.000,Baby_grizzly,jaw movement,,,POINT,46.820,baby grizzly 14 1 _\Baby_1405_5_two(1).mp4,102,NA,
baby_1405_1,2025-07-11 12:39:14.695,,91.716,Media file(s),player #1:baby grizzly 14 1 _\Baby_1405_1_seven(1).mp4;baby grizzly 14 1 _\Baby_1405_2_seven(1).mp4;baby grizzly 14 1 _\Baby_1405_3_five(1).mp4;baby grizzly 14 1 _\Baby_1405_4_seven(1).mp4;baby grizzly 14 1 _\Baby_1405_5_two(1).mp4;baby grizzly 14 1 _\Baby_1405_6_one(1).mp4;baby grizzly 14 1 _\Baby_1405_7_one(1).mp4;baby grizzly 14 1 _\Baby_1405_8_seven(1).mp4,0.0,10.629;4.100;7.366;21.330;11.932;7.699;11.765;18.166,30.000;30.000;30.000;30.000;30.000;30.000;30.000;30.000,Baby_grizzly,rotation,,Yaw,START,46.887,baby grizzly 14 1 _\Baby_1405_5_two(1).mp4,104,NA,
baby_1405_1,2025-07-11 12:39:14.695,,91.716,Media file(s),player #1:baby grizzly 14 1 _\Baby_1405_1_seven(1).mp4;baby grizzly 14 1 _\Baby_1405_2_seven(1).mp4;baby grizzly 14 1 _\Baby_1405_3_five(1).mp4;baby grizzly 14 1 _\Baby_1405_4_seven(1).mp4;baby grizzly 14 1 _\Baby_1405_5_two(1).mp4;baby grizzly 14 1 _\Baby_1405_6_one(1).mp4;baby grizzly 14 1 _\Baby_1405_7_one(1).mp4;baby grizzly 14 1 _\Baby_1405_8_seven(1).mp4,0.0,10.629;4.100;7.366;21.330;11.932;7.699;11.765;18.166,30.000;30.000;30.000;30.000;30.000;30.000;30.000;30.000,Baby_grizzly,rotation,,Yaw,STOP,47.020,baby grizzly 14 1 _\Baby_1405_5_two(1).mp4,108,NA,
baby_1405_1,2025-07-11 12:39:14.695,,91.716,Media file(s),player #1:baby grizzly 14 1 _\Baby_1405_1_seven(1).mp4;baby grizzly 14 1 _\Baby_1405_2_seven(1).mp4;baby grizzly 14 1 _\Baby_1405_3_five(1).mp4;baby grizzly 14 1 _\Baby_1405_4_seven(1).mp4;baby grizzly 14 1 _\Baby_1405_5_two(1).mp4;baby grizzly 14 1 _\Baby_1405_6_one(1).mp4;baby grizzly 14 1 _\Baby_1405_7_one(1).mp4;baby grizzly 14 1 _\Baby_1405_8_seven(1).mp4,0.0,10.629;4.100;7.366;21.330;11.932;7.699;11.765;18.166,30.000;30.000;30.000;30.000;30.000;30.000;30.000;30.000,Baby_grizzly,jaw movement,,,POINT,47.087,baby grizzly 14 1 _\Baby_1405_5_two(1).mp4,110,NA,
baby_1405_1,2025-07-11 12:39:14.695,,91.716,Media file(s),player #1:baby grizzly 14 1 _\Baby_1405_1_seven(1).mp4;baby grizzly 14 1 _\Baby_1405_2_seven(1).mp4;baby grizzly 14 1 _\Baby_1405_3_five(1).mp4;baby grizzly 14 1 _\Baby_1405_4_seven(1).mp4;baby grizzly 14 1 _\Baby_1405_5_two(1).mp4;baby grizzly 14 1 _\Baby_1405_6_one(1).mp4;baby grizzly 14 1 _\Baby_1405_7_one(1).mp4;baby grizzly 14 1 _\Baby_1405_8_seven(1).mp4,0.0,10.629;4.100;7.366;21.330;11.932;7.699;11.765;18.166,30.000;30.000;30.000;30.000;30.000;30.000;30.000;30.000,Baby_grizzly,licking,,,POINT,47.254,baby grizzly 14 1 _\Baby_1405_5_two(1).mp4,115,NA,
baby_1405_1,2025-07-11 12:39:14.695,,91.716,Media file(s),player #1:baby grizzly 14 1 _\Baby_1405_1_seven(1).mp4;baby grizzly 14 1 _\Baby_1405_2_seven(1).mp4;baby grizzly 14 1 _\Baby_1405_3_five(1).mp4;baby grizzly 14 1 _\Baby_1405_4_seven(1).mp4;baby grizzly 14 1 _\Baby_1405_5_two(1).mp4;baby grizzly 14 1 _\Baby_1405_6_one(1).mp4;baby grizzly 14 1 _\Baby_1405_7_one(1).mp4;baby grizzly 14 1 _\Baby_1405_8_seven(1).mp4,0.0,10.629;4.100;7.366;21.330;11.932;7.699;11.765;18.166,30.000;30.000;30.000;30.000;30.000;30.000;30.000;30.000,Baby_grizzly,sniffing,,,POINT,47.387,baby grizzly 14 1 _\Baby_1405_5_two(1).mp4,119,NA,
baby_1405_1,2025-07-11 12:39:14.695,,91.716,Media file(s),player #1:baby grizzly 14 1 _\Baby_1405_1_seven(1).mp4;baby grizzly 14 1 _\Baby_1405_2_seven(1).mp4;baby grizzly 14 1 _\Baby_1405_3_five(1).mp4;baby grizzly 14 1 _\Baby_1405_4_seven(1).mp4;baby grizzly 14 1 _\Baby_1405_5_two(1).mp4;baby grizzly 14 1 _\Baby_1405_6_one(1).mp4;baby grizzly 14 1 _\Baby_1405_7_one(1).mp4;baby grizzly 14 1 _\Baby_1405_8_seven(1).mp4,0.0,10.629;4.100;7.366;21.330;11.932;7.699;11.765;18.166,30.000;30.000;30.000;30.000;30.000;30.000;30.000;30.000,Baby_grizzly,jaw movement,,,POINT,47.654,baby grizzly 14 1 _\Baby_1405_5_two(1).mp4,127,NA,
baby_1405_1,2025-07-11 12:39:14.695,,91.716,Media file(s),player #1:baby grizzly 14 1 _\Baby_1405_1_seven(1).mp4;baby grizzly 14 1 _\Baby_1405_2_seven(1).mp4;baby grizzly 14 1 _\Baby_1405_3_five(1).mp4;baby grizzly 14 1 _\Baby_1405_4_seven(1).mp4;baby grizzly 14 1 _\Baby_1405_5_two(1).mp4;baby grizzly 14 1 _\Baby_1405_6_one(1).mp4;baby grizzly 14 1 _\Baby_1405_7_one(1).mp4;baby grizzly 14 1 _\Baby_1405_8_seven(1).mp4,0.0,10.629;4.100;7.366;21.330;11.932;7.699;11.765;18.166,30.000;30.000;30.000;30.000;30.000;30.000;30.000;30.000,Baby_grizzly,jaw movement,,,POINT,47.854,baby grizzly 14 1 _\Baby_1405_5_two(1).mp4,133,NA,
baby_1405_1,2025-07-11 12:39:14.695,,91.716,Media file(s),player #1:baby grizzly 14 1 _\Baby_1405_1_seven(1).mp4;baby grizzly 14 1 _\Baby_1405_2_seven(1).mp4;baby grizzly 14 1 _\Baby_1405_3_five(1).mp4;baby grizzly 14 1 _\Baby_1405_4_seven(1).mp4;baby grizzly 14 1 _\Baby_1405_5_two(1).mp4;baby grizzly 14 1 _\Baby_1405_6_one(1).mp4;baby grizzly 14 1 _\Baby_1405_7_one(1).mp4;baby grizzly 14 1 _\Baby_1405_8_seven(1).mp4,0.0,10.629;4.100;7.366;21.330;11.932;7.699;11.765;18.166,30.000;30.000;30.000;30.000;30.000;30.000;30.000;30.000,Baby_grizzly,jaw movement,,,POINT,48.154,baby grizzly 14 1 _\Baby_1405_5_two(1).mp4,142,NA,
baby_1405_1,2025-07-11 12:39:14.695,,91.716,Media file(s),player #1:baby grizzly 14 1 _\Baby_1405_1_seven(1).mp4;baby grizzly 14 1 _\Baby_1405_2_seven(1).mp4;baby grizzly 14 1 _\Baby_1405_3_five(1).mp4;baby grizzly 14 1 _\Baby_1405_4_seven(1).mp4;baby grizzly 14 1 _\Baby_1405_5_two(1).mp4;baby grizzly 14 1 _\Baby_1405_6_one(1).mp4;baby grizzly 14 1 _\Baby_1405_7_one(1).mp4;baby grizzly 14 1 _\Baby_1405_8_seven(1).mp4,0.0,10.629;4.100;7.366;21.330;11.932;7.699;11.765;18.166,30.000;30.000;30.000;30.000;30.000;30.000;30.000;30.000,Baby_grizzly,sniffing,,,POINT,48.387,baby grizzly 14 1 _\Baby_1405_5_two(1).mp4,149,NA,
baby_1405_1,2025-07-11 12:39:14.695,,91.716,Media file(s),player #1:baby grizzly 14 1 _\Baby_1405_1_seven(1).mp4;baby grizzly 14 1 _\Baby_1405_2_seven(1).mp4;baby grizzly 14 1 _\Baby_1405_3_five(1).mp4;baby grizzly 14 1 _\Baby_1405_4_seven(1).mp4;baby grizzly 14 1 _\Baby_1405_5_two(1).mp4;baby grizzly 14 1 _\Baby_1405_6_one(1).mp4;baby grizzly 14 1 _\Baby_1405_7_one(1).mp4;baby grizzly 14 1 _\Baby_1405_8_seven(1).mp4,0.0,10.629;4.100;7.366;21.330;11.932;7.699;11.765;18.166,30.000;30.000;30.000;30.000;30.000;30.000;30.000;30.000,Baby_grizzly,jaw movement,,,POINT,48.787,baby grizzly 14 1 _\Baby_1405_5_two(1).mp4,161,NA,
baby_1405_1,2025-07-11 12:39:14.695,,91.716,Media file(s),player #1:baby grizzly 14 1 _\Baby_1405_1_seven(1).mp4;baby grizzly 14 1 _\Baby_1405_2_seven(1).mp4;baby grizzly 14 1 _\Baby_1405_3_five(1).mp4;baby grizzly 14 1 _\Baby_1405_4_seven(1).mp4;baby grizzly 14 1 _\Baby_1405_5_two(1).mp4;baby grizzly 14 1 _\Baby_1405_6_one(1).mp4;baby grizzly 14 1 _\Baby_1405_7_one(1).mp4;baby grizzly 14 1 _\Baby_1405_8_seven(1).mp4,0.0,10.629;4.100;7.366;21.330;11.932;7.699;11.765;18.166,30.000;30.000;30.000;30.000;30.000;30.000;30.000;30.000,Baby_grizzly,rotation,,Vertical,START,48.887,baby grizzly 14 1 _\Baby_1405_5_two(1).mp4,164,NA,
baby_1405_1,2025-07-11 12:39:14.695,,91.716,Media file(s),player #1:baby grizzly 14 1 _\Baby_1405_1_seven(1).mp4;baby grizzly 14 1 _\Baby_1405_2_seven(1).mp4;baby grizzly 14 1 _\Baby_1405_3_five(1).mp4;baby grizzly 14 1 _\Baby_1405_4_seven(1).mp4;baby grizzly 14 1 _\Baby_1405_5_two(1).mp4;baby grizzly 14 1 _\Baby_1405_6_one(1).mp4;baby grizzly 14 1 _\Baby_1405_7_one(1).mp4;baby grizzly 14 1 _\Baby_1405_8_seven(1).mp4,0.0,10.629;4.100;7.366;21.330;11.932;7.699;11.765;18.166,30.000;30.000;30.000;30.000;30.000;30.000;30.000;30.000,Baby_grizzly,jaw movement,,,POINT,49.054,baby grizzly 14 1 _\Baby_1405_5_two(1).mp4,169,NA,
baby_1405_1,2025-07-11 12:39:14.695,,91.716,Media file(s),player #1:baby grizzly 14 1 _\Baby_1405_1_seven(1).mp4;baby grizzly 14 1 _\Baby_1405_2_seven(1).mp4;baby grizzly 14 1 _\Baby_1405_3_five(1).mp4;baby grizzly 14 1 _\Baby_1405_4_seven(1).mp4;baby grizzly 14 1 _\Baby_1405_5_two(1).mp4;baby grizzly 14 1 _\Baby_1405_6_one(1).mp4;baby grizzly 14 1 _\Baby_1405_7_one(1).mp4;baby grizzly 14 1 _\Baby_1405_8_seven(1).mp4,0.0,10.629;4.100;7.366;21.330;11.932;7.699;11.765;18.166,30.000;30.000;30.000;30.000;30.000;30.000;30.000;30.000,Baby_grizzly,rotation,,Vertical,STOP,49.054,baby grizzly 14 1 _\Baby_1405_5_two(1).mp4,169,NA,
baby_1405_1,2025-07-11 12:39:14.695,,91.716,Media file(s),player #1:baby grizzly 14 1 _\Baby_1405_1_seven(1).mp4;baby grizzly 14 1 _\Baby_1405_2_seven(1).mp4;baby grizzly 14 1 _\Baby_1405_3_five(1).mp4;baby grizzly 14 1 _\Baby_1405_4_seven(1).mp4;baby grizzly 14 1 _\Baby_1405_5_two(1).mp4;baby grizzly 14 1 _\Baby_1405_6_one(1).mp4;baby grizzly 14 1 _\Baby_1405_7_one(1).mp4;baby grizzly 14 1 _\Baby_1405_8_seven(1).mp4,0.0,10.629;4.100;7.366;21.330;11.932;7.699;11.765;18.166,30.000;30.000;30.000;30.000;30.000;30.000;30.000;30.000,Baby_grizzly,rotation,,Vertical,START,49.087,baby grizzly 14 1 _\Baby_1405_5_two(1).mp4,170,NA,
baby_1405_1,2025-07-11 12:39:14.695,,91.716,Media file(s),player #1:baby grizzly 14 1 _\Baby_1405_1_seven(1).mp4;baby grizzly 14 1 _\Baby_1405_2_seven(1).mp4;baby grizzly 14 1 _\Baby_1405_3_five(1).mp4;baby grizzly 14 1 _\Baby_1405_4_seven(1).mp4;baby grizzly 14 1 _\Baby_1405_5_two(1).mp4;baby grizzly 14 1 _\Baby_1405_6_one(1).mp4;baby grizzly 14 1 _\Baby_1405_7_one(1).mp4;baby grizzly 14 1 _\Baby_1405_8_seven(1).mp4,0.0,10.629;4.100;7.366;21.330;11.932;7.699;11.765;18.166,30.000;30.000;30.000;30.000;30.000;30.000;30.000;30.000,Baby_grizzly,rotation,,Vertical,STOP,49.254,baby grizzly 14 1 _\Baby_1405_5_two(1).mp4,175,NA,
baby_1405_1,2025-07-11 12:39:14.695,,91.716,Media file(s),player #1:baby grizzly 14 1 _\Baby_1405_1_seven(1).mp4;baby grizzly 14 1 _\Baby_1405_2_seven(1).mp4;baby grizzly 14 1 _\Baby_1405_3_five(1).mp4;baby grizzly 14 1 _\Baby_1405_4_seven(1).mp4;baby grizzly 14 1 _\Baby_1405_5_two(1).mp4;baby grizzly 14 1 _\Baby_1405_6_one(1).mp4;baby grizzly 14 1 _\Baby_1405_7_one(1).mp4;baby grizzly 14 1 _\Baby_1405_8_seven(1).mp4,0.0,10.629;4.100;7.366;21.330;11.932;7.699;11.765;18.166,30.000;30.000;30.000;30.000;30.000;30.000;30.000;30.000,Baby_grizzly,jaw movement,,,POINT,49.387,baby grizzly 14 1 _\Baby_1405_5_two(1).mp4,179,NA,
baby_1405_1,2025-07-11 12:39:14.695,,91.716,Media file(s),player #1:baby grizzly 14 1 _\Baby_1405_1_seven(1).mp4;baby grizzly 14 1 _\Baby_1405_2_seven(1).mp4;baby grizzly 14 1 _\Baby_1405_3_five(1).mp4;baby grizzly 14 1 _\Baby_1405_4_seven(1).mp4;baby grizzly 14 1 _\Baby_1405_5_two(1).mp4;baby grizzly 14 1 _\Baby_1405_6_one(1).mp4;baby grizzly 14 1 _\Baby_1405_7_one(1).mp4;baby grizzly 14 1 _\Baby_1405_8_seven(1).mp4,0.0,10.629;4.100;7.366;21.330;11.932;7.699;11.765;18.166,30.000;30.000;30.000;30.000;30.000;30.000;30.000;30.000,Baby_grizzly,rotation,,Vertical,START,49.454,baby grizzly 14 1 _\Baby_1405_5_two(1).mp4,181,NA,
baby_1405_1,2025-07-11 12:39:14.695,,91.716,Media file(s),player #1:baby grizzly 14 1 _\Baby_1405_1_seven(1).mp4;baby grizzly 14 1 _\Baby_1405_2_seven(1).mp4;baby grizzly 14 1 _\Baby_1405_3_five(1).mp4;baby grizzly 14 1 _\Baby_1405_4_seven(1).mp4;baby grizzly 14 1 _\Baby_1405_5_two(1).mp4;baby grizzly 14 1 _\Baby_1405_6_one(1).mp4;baby grizzly 14 1 _\Baby_1405_7_one(1).mp4;baby grizzly 14 1 _\Baby_1405_8_seven(1).mp4,0.0,10.629;4.100;7.366;21.330;11.932;7.699;11.765;18.166,30.000;30.000;30.000;30.000;30.000;30.000;30.000;30.000,Baby_grizzly,rotation,,Vertical,STOP,49.621,baby grizzly 14 1 _\Baby_1405_5_two(1).mp4,186,NA,
baby_1405_1,2025-07-11 12:39:14.695,,91.716,Media file(s),player #1:baby grizzly 14 1 _\Baby_1405_1_seven(1).mp4;baby grizzly 14 1 _\Baby_1405_2_seven(1).mp4;baby grizzly 14 1 _\Baby_1405_3_five(1).mp4;baby grizzly 14 1 _\Baby_1405_4_seven(1).mp4;baby grizzly 14 1 _\Baby_1405_5_two(1).mp4;baby grizzly 14 1 _\Baby_1405_6_one(1).mp4;baby grizzly 14 1 _\Baby_1405_7_one(1).mp4;baby grizzly 14 1 _\Baby_1405_8_seven(1).mp4,0.0,10.629;4.100;7.366;21.330;11.932;7.699;11.765;18.166,30.000;30.000;30.000;30.000;30.000;30.000;30.000;30.000,Baby_grizzly,sniffing,,,POINT,49.787,baby grizzly 14 1 _\Baby_1405_5_two(1).mp4,191,NA,
baby_1405_1,2025-07-11 12:39:14.695,,91.716,Media file(s),player #1:baby grizzly 14 1 _\Baby_1405_1_seven(1).mp4;baby grizzly 14 1 _\Baby_1405_2_seven(1).mp4;baby grizzly 14 1 _\Baby_1405_3_five(1).mp4;baby grizzly 14 1 _\Baby_1405_4_seven(1).mp4;baby grizzly 14 1 _\Baby_1405_5_two(1).mp4;baby grizzly 14 1 _\Baby_1405_6_one(1).mp4;baby grizzly 14 1 _\Baby_1405_7_one(1).mp4;baby grizzly 14 1 _\Baby_1405_8_seven(1).mp4,0.0,10.629;4.100;7.366;21.330;11.932;7.699;11.765;18.166,30.000;30.000;30.000;30.000;30.000;30.000;30.000;30.000,Baby_grizzly,teeth-hole contact,,,POINT,49.954,baby grizzly 14 1 _\Baby_1405_5_two(1).mp4,196,NA,
baby_1405_1,2025-07-11 12:39:14.695,,91.716,Media file(s),player #1:baby grizzly 14 1 _\Baby_1405_1_seven(1).mp4;baby grizzly 14 1 _\Baby_1405_2_seven(1).mp4;baby grizzly 14 1 _\Baby_1405_3_five(1).mp4;baby grizzly 14 1 _\Baby_1405_4_seven(1).mp4;baby grizzly 14 1 _\Baby_1405_5_two(1).mp4;baby grizzly 14 1 _\Baby_1405_6_one(1).mp4;baby grizzly 14 1 _\Baby_1405_7_one(1).mp4;baby grizzly 14 1 _\Baby_1405_8_seven(1).mp4,0.0,10.629;4.100;7.366;21.330;11.932;7.699;11.765;18.166,30.000;30.000;30.000;30.000;30.000;30.000;30.000;30.000,Baby_grizzly,rotation,,Horizontal,START,50.221,baby grizzly 14 1 _\Baby_1405_5_two(1).mp4,204,NA,
baby_1405_1,2025-07-11 12:39:14.695,,91.716,Media file(s),player #1:baby grizzly 14 1 _\Baby_1405_1_seven(1).mp4;baby grizzly 14 1 _\Baby_1405_2_seven(1).mp4;baby grizzly 14 1 _\Baby_1405_3_five(1).mp4;baby grizzly 14 1 _\Baby_1405_4_seven(1).mp4;baby grizzly 14 1 _\Baby_1405_5_two(1).mp4;baby grizzly 14 1 _\Baby_1405_6_one(1).mp4;baby grizzly 14 1 _\Baby_1405_7_one(1).mp4;baby grizzly 14 1 _\Baby_1405_8_seven(1).mp4,0.0,10.629;4.100;7.366;21.330;11.932;7.699;11.765;18.166,30.000;30.000;30.000;30.000;30.000;30.000;30.000;30.000,Baby_grizzly,licking,,,POINT,50.321,baby grizzly 14 1 _\Baby_1405_5_two(1).mp4,207,NA,
baby_1405_1,2025-07-11 12:39:14.695,,91.716,Media file(s),player #1:baby grizzly 14 1 _\Baby_1405_1_seven(1).mp4;baby grizzly 14 1 _\Baby_1405_2_seven(1).mp4;baby grizzly 14 1 _\Baby_1405_3_five(1).mp4;baby grizzly 14 1 _\Baby_1405_4_seven(1).mp4;baby grizzly 14 1 _\Baby_1405_5_two(1).mp4;baby grizzly 14 1 _\Baby_1405_6_one(1).mp4;baby grizzly 14 1 _\Baby_1405_7_one(1).mp4;baby grizzly 14 1 _\Baby_1405_8_seven(1).mp4,0.0,10.629;4.100;7.366;21.330;11.932;7.699;11.765;18.166,30.000;30.000;30.000;30.000;30.000;30.000;30.000;30.000,Baby_grizzly,rotation,,Horizontal,STOP,50.421,baby grizzly 14 1 _\Baby_1405_5_two(1).mp4,210,NA,
baby_1405_1,2025-07-11 12:39:14.695,,91.716,Media file(s),player #1:baby grizzly 14 1 _\Baby_1405_1_seven(1).mp4;baby grizzly 14 1 _\Baby_1405_2_seven(1).mp4;baby grizzly 14 1 _\Baby_1405_3_five(1).mp4;baby grizzly 14 1 _\Baby_1405_4_seven(1).mp4;baby grizzly 14 1 _\Baby_1405_5_two(1).mp4;baby grizzly 14 1 _\Baby_1405_6_one(1).mp4;baby grizzly 14 1 _\Baby_1405_7_one(1).mp4;baby grizzly 14 1 _\Baby_1405_8_seven(1).mp4,0.0,10.629;4.100;7.366;21.330;11.932;7.699;11.765;18.166,30.000;30.000;30.000;30.000;30.000;30.000;30.000;30.000,Baby_grizzly,teeth-hole contact,,,POINT,50.454,baby grizzly 14 1 _\Baby_1405_5_two(1).mp4,211,NA,
baby_1405_1,2025-07-11 12:39:14.695,,91.716,Media file(s),player #1:baby grizzly 14 1 _\Baby_1405_1_seven(1).mp4;baby grizzly 14 1 _\Baby_1405_2_seven(1).mp4;baby grizzly 14 1 _\Baby_1405_3_five(1).mp4;baby grizzly 14 1 _\Baby_1405_4_seven(1).mp4;baby grizzly 14 1 _\Baby_1405_5_two(1).mp4;baby grizzly 14 1 _\Baby_1405_6_one(1).mp4;baby grizzly 14 1 _\Baby_1405_7_one(1).mp4;baby grizzly 14 1 _\Baby_1405_8_seven(1).mp4,0.0,10.629;4.100;7.366;21.330;11.932;7.699;11.765;18.166,30.000;30.000;30.000;30.000;30.000;30.000;30.000;30.000,Baby_grizzly,teeth-hole contact,,,POINT,50.887,baby grizzly 14 1 _\Baby_1405_5_two(1).mp4,224,NA,
baby_1405_1,2025-07-11 12:39:14.695,,91.716,Media file(s),player #1:baby grizzly 14 1 _\Baby_1405_1_seven(1).mp4;baby grizzly 14 1 _\Baby_1405_2_seven(1).mp4;baby grizzly 14 1 _\Baby_1405_3_five(1).mp4;baby grizzly 14 1 _\Baby_1405_4_seven(1).mp4;baby grizzly 14 1 _\Baby_1405_5_two(1).mp4;baby grizzly 14 1 _\Baby_1405_6_one(1).mp4;baby grizzly 14 1 _\Baby_1405_7_one(1).mp4;baby grizzly 14 1 _\Baby_1405_8_seven(1).mp4,0.0,10.629;4.100;7.366;21.330;11.932;7.699;11.765;18.166,30.000;30.000;30.000;30.000;30.000;30.000;30.000;30.000,Baby_grizzly,assessing,,,STOP,51.021,baby grizzly 14 1 _\Baby_1405_5_two(1).mp4,228,NA,
baby_1405_1,2025-07-11 12:39:14.695,,91.716,Media file(s),player #1:baby grizzly 14 1 _\Baby_1405_1_seven(1).mp4;baby grizzly 14 1 _\Baby_1405_2_seven(1).mp4;baby grizzly 14 1 _\Baby_1405_3_five(1).mp4;baby grizzly 14 1 _\Baby_1405_4_seven(1).mp4;baby grizzly 14 1 _\Baby_1405_5_two(1).mp4;baby grizzly 14 1 _\Baby_1405_6_one(1).mp4;baby grizzly 14 1 _\Baby_1405_7_one(1).mp4;baby grizzly 14 1 _\Baby_1405_8_seven(1).mp4,0.0,10.629;4.100;7.366;21.330;11.932;7.699;11.765;18.166,30.000;30.000;30.000;30.000;30.000;30.000;30.000;30.000,Baby_grizzly,peeling,,,START,51.154,baby grizzly 14 1 _\Baby_1405_5_two(1).mp4,232,NA,
baby_1405_1,2025-07-11 12:39:14.695,,91.716,Media file(s),player #1:baby grizzly 14 1 _\Baby_1405_1_seven(1).mp4;baby grizzly 14 1 _\Baby_1405_2_seven(1).mp4;baby grizzly 14 1 _\Baby_1405_3_five(1).mp4;baby grizzly 14 1 _\Baby_1405_4_seven(1).mp4;baby grizzly 14 1 _\Baby_1405_5_two(1).mp4;baby grizzly 14 1 _\Baby_1405_6_one(1).mp4;baby grizzly 14 1 _\Baby_1405_7_one(1).mp4;baby grizzly 14 1 _\Baby_1405_8_seven(1).mp4,0.0,10.629;4.100;7.366;21.330;11.932;7.699;11.765;18.166,30.000;30.000;30.000;30.000;30.000;30.000;30.000;30.000,Baby_grizzly,jaw movement,,,POINT,51.521,baby grizzly 14 1 _\Baby_1405_5_two(1).mp4,243,NA,
baby_1405_1,2025-07-11 12:39:14.695,,91.716,Media file(s),player #1:baby grizzly 14 1 _\Baby_1405_1_seven(1).mp4;baby grizzly 14 1 _\Baby_1405_2_seven(1).mp4;baby grizzly 14 1 _\Baby_1405_3_five(1).mp4;baby grizzly 14 1 _\Baby_1405_4_seven(1).mp4;baby grizzly 14 1 _\Baby_1405_5_two(1).mp4;baby grizzly 14 1 _\Baby_1405_6_one(1).mp4;baby grizzly 14 1 _\Baby_1405_7_one(1).mp4;baby grizzly 14 1 _\Baby_1405_8_seven(1).mp4,0.0,10.629;4.100;7.366;21.330;11.932;7.699;11.765;18.166,30.000;30.000;30.000;30.000;30.000;30.000;30.000;30.000,Baby_grizzly,jaw movement,,,POINT,51.787,baby grizzly 14 1 _\Baby_1405_5_two(1).mp4,251,NA,
baby_1405_1,2025-07-11 12:39:14.695,,91.716,Media file(s),player #1:baby grizzly 14 1 _\Baby_1405_1_seven(1).mp4;baby grizzly 14 1 _\Baby_1405_2_seven(1).mp4;baby grizzly 14 1 _\Baby_1405_3_five(1).mp4;baby grizzly 14 1 _\Baby_1405_4_seven(1).mp4;baby grizzly 14 1 _\Baby_1405_5_two(1).mp4;baby grizzly 14 1 _\Baby_1405_6_one(1).mp4;baby grizzly 14 1 _\Baby_1405_7_one(1).mp4;baby grizzly 14 1 _\Baby_1405_8_seven(1).mp4,0.0,10.629;4.100;7.366;21.330;11.932;7.699;11.765;18.166,30.000;30.000;30.000;30.000;30.000;30.000;30.000;30.000,Baby_grizzly,jaw movement,,,POINT,51.987,baby grizzly 14 1 _\Baby_1405_5_two(1).mp4,257,NA,
baby_1405_1,2025-07-11 12:39:14.695,,91.716,Media file(s),player #1:baby grizzly 14 1 _\Baby_1405_1_seven(1).mp4;baby grizzly 14 1 _\Baby_1405_2_seven(1).mp4;baby grizzly 14 1 _\Baby_1405_3_five(1).mp4;baby grizzly 14 1 _\Baby_1405_4_seven(1).mp4;baby grizzly 14 1 _\Baby_1405_5_two(1).mp4;baby grizzly 14 1 _\Baby_1405_6_one(1).mp4;baby grizzly 14 1 _\Baby_1405_7_one(1).mp4;baby grizzly 14 1 _\Baby_1405_8_seven(1).mp4,0.0,10.629;4.100;7.366;21.330;11.932;7.699;11.765;18.166,30.000;30.000;30.000;30.000;30.000;30.000;30.000;30.000,Baby_grizzly,jaw movement,,,POINT,52.154,baby grizzly 14 1 _\Baby_1405_5_two(1).mp4,262,NA,
baby_1405_1,2025-07-11 12:39:14.695,,91.716,Media file(s),player #1:baby grizzly 14 1 _\Baby_1405_1_seven(1).mp4;baby grizzly 14 1 _\Baby_1405_2_seven(1).mp4;baby grizzly 14 1 _\Baby_1405_3_five(1).mp4;baby grizzly 14 1 _\Baby_1405_4_seven(1).mp4;baby grizzly 14 1 _\Baby_1405_5_two(1).mp4;baby grizzly 14 1 _\Baby_1405_6_one(1).mp4;baby grizzly 14 1 _\Baby_1405_7_one(1).mp4;baby grizzly 14 1 _\Baby_1405_8_seven(1).mp4,0.0,10.629;4.100;7.366;21.330;11.932;7.699;11.765;18.166,30.000;30.000;30.000;30.000;30.000;30.000;30.000;30.000,Baby_grizzly,jaw movement,,,POINT,52.387,baby grizzly 14 1 _\Baby_1405_5_two(1).mp4,269,NA,
baby_1405_1,2025-07-11 12:39:14.695,,91.716,Media file(s),player #1:baby grizzly 14 1 _\Baby_1405_1_seven(1).mp4;baby grizzly 14 1 _\Baby_1405_2_seven(1).mp4;baby grizzly 14 1 _\Baby_1405_3_five(1).mp4;baby grizzly 14 1 _\Baby_1405_4_seven(1).mp4;baby grizzly 14 1 _\Baby_1405_5_two(1).mp4;baby grizzly 14 1 _\Baby_1405_6_one(1).mp4;baby grizzly 14 1 _\Baby_1405_7_one(1).mp4;baby grizzly 14 1 _\Baby_1405_8_seven(1).mp4,0.0,10.629;4.100;7.366;21.330;11.932;7.699;11.765;18.166,30.000;30.000;30.000;30.000;30.000;30.000;30.000;30.000,Baby_grizzly,jaw movement,,,POINT,52.587,baby grizzly 14 1 _\Baby_1405_5_two(1).mp4,275,NA,
baby_1405_1,2025-07-11 12:39:14.695,,91.716,Media file(s),player #1:baby grizzly 14 1 _\Baby_1405_1_seven(1).mp4;baby grizzly 14 1 _\Baby_1405_2_seven(1).mp4;baby grizzly 14 1 _\Baby_1405_3_five(1).mp4;baby grizzly 14 1 _\Baby_1405_4_seven(1).mp4;baby grizzly 14 1 _\Baby_1405_5_two(1).mp4;baby grizzly 14 1 _\Baby_1405_6_one(1).mp4;baby grizzly 14 1 _\Baby_1405_7_one(1).mp4;baby grizzly 14 1 _\Baby_1405_8_seven(1).mp4,0.0,10.629;4.100;7.366;21.330;11.932;7.699;11.765;18.166,30.000;30.000;30.000;30.000;30.000;30.000;30.000;30.000,Baby_grizzly,peeling,,,STOP,53.954,baby grizzly 14 1 _\Baby_1405_5_two(1).mp4,316,NA,
baby_1405_1,2025-07-11 12:39:14.695,,91.716,Media file(s),player #1:baby grizzly 14 1 _\Baby_1405_1_seven(1).mp4;baby grizzly 14 1 _\Baby_1405_2_seven(1).mp4;baby grizzly 14 1 _\Baby_1405_3_five(1).mp4;baby grizzly 14 1 _\Baby_1405_4_seven(1).mp4;baby grizzly 14 1 _\Baby_1405_5_two(1).mp4;baby grizzly 14 1 _\Baby_1405_6_one(1).mp4;baby grizzly 14 1 _\Baby_1405_7_one(1).mp4;baby grizzly 14 1 _\Baby_1405_8_seven(1).mp4,0.0,10.629;4.100;7.366;21.330;11.932;7.699;11.765;18.166,30.000;30.000;30.000;30.000;30.000;30.000;30.000;30.000,Baby_grizzly,eating,,,START,54.020,baby grizzly 14 1 _\Baby_1405_5_two(1).mp4,318,NA,
baby_1405_1,2025-07-11 12:39:14.695,,91.716,Media file(s),player #1:baby grizzly 14 1 _\Baby_1405_1_seven(1).mp4;baby grizzly 14 1 _\Baby_1405_2_seven(1).mp4;baby grizzly 14 1 _\Baby_1405_3_five(1).mp4;baby grizzly 14 1 _\Baby_1405_4_seven(1).mp4;baby grizzly 14 1 _\Baby_1405_5_two(1).mp4;baby grizzly 14 1 _\Baby_1405_6_one(1).mp4;baby grizzly 14 1 _\Baby_1405_7_one(1).mp4;baby grizzly 14 1 _\Baby_1405_8_seven(1).mp4,0.0,10.629;4.100;7.366;21.330;11.932;7.699;11.765;18.166,30.000;30.000;30.000;30.000;30.000;30.000;30.000;30.000,Baby_grizzly,eating,,,STOP,55.220,baby grizzly 14 1 _\Baby_1405_5_two(1).mp4,354,NA,
baby_1405_1,2025-07-11 12:39:14.695,,91.716,Media file(s),player #1:baby grizzly 14 1 _\Baby_1405_1_seven(1).mp4;baby grizzly 14 1 _\Baby_1405_2_seven(1).mp4;baby grizzly 14 1 _\Baby_1405_3_five(1).mp4;baby grizzly 14 1 _\Baby_1405_4_seven(1).mp4;baby grizzly 14 1 _\Baby_1405_5_two(1).mp4;baby grizzly 14 1 _\Baby_1405_6_one(1).mp4;baby grizzly 14 1 _\Baby_1405_7_one(1).mp4;baby grizzly 14 1 _\Baby_1405_8_seven(1).mp4,0.0,10.629;4.100;7.366;21.330;11.932;7.699;11.765;18.166,30.000;30.000;30.000;30.000;30.000;30.000;30.000;30.000,Baby_grizzly,bending,,,START,55.653,baby grizzly 14 1 _\Baby_1405_6_one(1).mp4,9,NA,
baby_1405_1,2025-07-11 12:39:14.695,,91.716,Media file(s),player #1:baby grizzly 14 1 _\Baby_1405_1_seven(1).mp4;baby grizzly 14 1 _\Baby_1405_2_seven(1).mp4;baby grizzly 14 1 _\Baby_1405_3_five(1).mp4;baby grizzly 14 1 _\Baby_1405_4_seven(1).mp4;baby grizzly 14 1 _\Baby_1405_5_two(1).mp4;baby grizzly 14 1 _\Baby_1405_6_one(1).mp4;baby grizzly 14 1 _\Baby_1405_7_one(1).mp4;baby grizzly 14 1 _\Baby_1405_8_seven(1).mp4,0.0,10.629;4.100;7.366;21.330;11.932;7.699;11.765;18.166,30.000;30.000;30.000;30.000;30.000;30.000;30.000;30.000,Baby_grizzly,bending,,,STOP,56.351,baby grizzly 14 1 _\Baby_1405_6_one(1).mp4,30,NA,
baby_1405_1,2025-07-11 12:39:14.695,,91.716,Media file(s),player #1:baby grizzly 14 1 _\Baby_1405_1_seven(1).mp4;baby grizzly 14 1 _\Baby_1405_2_seven(1).mp4;baby grizzly 14 1 _\Baby_1405_3_five(1).mp4;baby grizzly 14 1 _\Baby_1405_4_seven(1).mp4;baby grizzly 14 1 _\Baby_1405_5_two(1).mp4;baby grizzly 14 1 _\Baby_1405_6_one(1).mp4;baby grizzly 14 1 _\Baby_1405_7_one(1).mp4;baby grizzly 14 1 _\Baby_1405_8_seven(1).mp4,0.0,10.629;4.100;7.366;21.330;11.932;7.699;11.765;18.166,30.000;30.000;30.000;30.000;30.000;30.000;30.000;30.000,Baby_grizzly,grabbing peanut,,,POINT,56.351,baby grizzly 14 1 _\Baby_1405_6_one(1).mp4,30,NA,
baby_1405_1,2025-07-11 12:39:14.695,,91.716,Media file(s),player #1:baby grizzly 14 1 _\Baby_1405_1_seven(1).mp4;baby grizzly 14 1 _\Baby_1405_2_seven(1).mp4;baby grizzly 14 1 _\Baby_1405_3_five(1).mp4;baby grizzly 14 1 _\Baby_1405_4_seven(1).mp4;baby grizzly 14 1 _\Baby_1405_5_two(1).mp4;baby grizzly 14 1 _\Baby_1405_6_one(1).mp4;baby grizzly 14 1 _\Baby_1405_7_one(1).mp4;baby grizzly 14 1 _\Baby_1405_8_seven(1).mp4,0.0,10.629;4.100;7.366;21.330;11.932;7.699;11.765;18.166,30.000;30.000;30.000;30.000;30.000;30.000;30.000;30.000,Baby_grizzly,lifting,,,START,56.384,baby grizzly 14 1 _\Baby_1405_6_one(1).mp4,31,NA,
baby_1405_1,2025-07-11 12:39:14.695,,91.716,Media file(s),player #1:baby grizzly 14 1 _\Baby_1405_1_seven(1).mp4;baby grizzly 14 1 _\Baby_1405_2_seven(1).mp4;baby grizzly 14 1 _\Baby_1405_3_five(1).mp4;baby grizzly 14 1 _\Baby_1405_4_seven(1).mp4;baby grizzly 14 1 _\Baby_1405_5_two(1).mp4;baby grizzly 14 1 _\Baby_1405_6_one(1).mp4;baby grizzly 14 1 _\Baby_1405_7_one(1).mp4;baby grizzly 14 1 _\Baby_1405_8_seven(1).mp4,0.0,10.629;4.100;7.366;21.330;11.932;7.699;11.765;18.166,30.000;30.000;30.000;30.000;30.000;30.000;30.000;30.000,Baby_grizzly,lifting,,,STOP,56.751,baby grizzly 14 1 _\Baby_1405_6_one(1).mp4,42,NA,
baby_1405_1,2025-07-11 12:39:14.695,,91.716,Media file(s),player #1:baby grizzly 14 1 _\Baby_1405_1_seven(1).mp4;baby grizzly 14 1 _\Baby_1405_2_seven(1).mp4;baby grizzly 14 1 _\Baby_1405_3_five(1).mp4;baby grizzly 14 1 _\Baby_1405_4_seven(1).mp4;baby grizzly 14 1 _\Baby_1405_5_two(1).mp4;baby grizzly 14 1 _\Baby_1405_6_one(1).mp4;baby grizzly 14 1 _\Baby_1405_7_one(1).mp4;baby grizzly 14 1 _\Baby_1405_8_seven(1).mp4,0.0,10.629;4.100;7.366;21.330;11.932;7.699;11.765;18.166,30.000;30.000;30.000;30.000;30.000;30.000;30.000;30.000,Baby_grizzly,assessing,,,START,56.918,baby grizzly 14 1 _\Baby_1405_6_one(1).mp4,47,NA,
baby_1405_1,2025-07-11 12:39:14.695,,91.716,Media file(s),player #1:baby grizzly 14 1 _\Baby_1405_1_seven(1).mp4;baby grizzly 14 1 _\Baby_1405_2_seven(1).mp4;baby grizzly 14 1 _\Baby_1405_3_five(1).mp4;baby grizzly 14 1 _\Baby_1405_4_seven(1).mp4;baby grizzly 14 1 _\Baby_1405_5_two(1).mp4;baby grizzly 14 1 _\Baby_1405_6_one(1).mp4;baby grizzly 14 1 _\Baby_1405_7_one(1).mp4;baby grizzly 14 1 _\Baby_1405_8_seven(1).mp4,0.0,10.629;4.100;7.366;21.330;11.932;7.699;11.765;18.166,30.000;30.000;30.000;30.000;30.000;30.000;30.000;30.000,Baby_grizzly,jaw movement,,,POINT,56.984,baby grizzly 14 1 _\Baby_1405_6_one(1).mp4,49,NA,
baby_1405_1,2025-07-11 12:39:14.695,,91.716,Media file(s),player #1:baby grizzly 14 1 _\Baby_1405_1_seven(1).mp4;baby grizzly 14 1 _\Baby_1405_2_seven(1).mp4;baby grizzly 14 1 _\Baby_1405_3_five(1).mp4;baby grizzly 14 1 _\Baby_1405_4_seven(1).mp4;baby grizzly 14 1 _\Baby_1405_5_two(1).mp4;baby grizzly 14 1 _\Baby_1405_6_one(1).mp4;baby grizzly 14 1 _\Baby_1405_7_one(1).mp4;baby grizzly 14 1 _\Baby_1405_8_seven(1).mp4,0.0,10.629;4.100;7.366;21.330;11.932;7.699;11.765;18.166,30.000;30.000;30.000;30.000;30.000;30.000;30.000;30.000,Baby_grizzly,rotation,,Horizontal,START,57.151,baby grizzly 14 1 _\Baby_1405_6_one(1).mp4,54,NA,
baby_1405_1,2025-07-11 12:39:14.695,,91.716,Media file(s),player #1:baby grizzly 14 1 _\Baby_1405_1_seven(1).mp4;baby grizzly 14 1 _\Baby_1405_2_seven(1).mp4;baby grizzly 14 1 _\Baby_1405_3_five(1).mp4;baby grizzly 14 1 _\Baby_1405_4_seven(1).mp4;baby grizzly 14 1 _\Baby_1405_5_two(1).mp4;baby grizzly 14 1 _\Baby_1405_6_one(1).mp4;baby grizzly 14 1 _\Baby_1405_7_one(1).mp4;baby grizzly 14 1 _\Baby_1405_8_seven(1).mp4,0.0,10.629;4.100;7.366;21.330;11.932;7.699;11.765;18.166,30.000;30.000;30.000;30.000;30.000;30.000;30.000;30.000,Baby_grizzly,sniffing,,,POINT,57.151,baby grizzly 14 1 _\Baby_1405_6_one(1).mp4,54,NA,
baby_1405_1,2025-07-11 12:39:14.695,,91.716,Media file(s),player #1:baby grizzly 14 1 _\Baby_1405_1_seven(1).mp4;baby grizzly 14 1 _\Baby_1405_2_seven(1).mp4;baby grizzly 14 1 _\Baby_1405_3_five(1).mp4;baby grizzly 14 1 _\Baby_1405_4_seven(1).mp4;baby grizzly 14 1 _\Baby_1405_5_two(1).mp4;baby grizzly 14 1 _\Baby_1405_6_one(1).mp4;baby grizzly 14 1 _\Baby_1405_7_one(1).mp4;baby grizzly 14 1 _\Baby_1405_8_seven(1).mp4,0.0,10.629;4.100;7.366;21.330;11.932;7.699;11.765;18.166,30.000;30.000;30.000;30.000;30.000;30.000;30.000;30.000,Baby_grizzly,rotation,,Horizontal,STOP,57.284,baby grizzly 14 1 _\Baby_1405_6_one(1).mp4,58,NA,
baby_1405_1,2025-07-11 12:39:14.695,,91.716,Media file(s),player #1:baby grizzly 14 1 _\Baby_1405_1_seven(1).mp4;baby grizzly 14 1 _\Baby_1405_2_seven(1).mp4;baby grizzly 14 1 _\Baby_1405_3_five(1).mp4;baby grizzly 14 1 _\Baby_1405_4_seven(1).mp4;baby grizzly 14 1 _\Baby_1405_5_two(1).mp4;baby grizzly 14 1 _\Baby_1405_6_one(1).mp4;baby grizzly 14 1 _\Baby_1405_7_one(1).mp4;baby grizzly 14 1 _\Baby_1405_8_seven(1).mp4,0.0,10.629;4.100;7.366;21.330;11.932;7.699;11.765;18.166,30.000;30.000;30.000;30.000;30.000;30.000;30.000;30.000,Baby_grizzly,jaw movement,,,POINT,57.318,baby grizzly 14 1 _\Baby_1405_6_one(1).mp4,59,NA,
baby_1405_1,2025-07-11 12:39:14.695,,91.716,Media file(s),player #1:baby grizzly 14 1 _\Baby_1405_1_seven(1).mp4;baby grizzly 14 1 _\Baby_1405_2_seven(1).mp4;baby grizzly 14 1 _\Baby_1405_3_five(1).mp4;baby grizzly 14 1 _\Baby_1405_4_seven(1).mp4;baby grizzly 14 1 _\Baby_1405_5_two(1).mp4;baby grizzly 14 1 _\Baby_1405_6_one(1).mp4;baby grizzly 14 1 _\Baby_1405_7_one(1).mp4;baby grizzly 14 1 _\Baby_1405_8_seven(1).mp4,0.0,10.629;4.100;7.366;21.330;11.932;7.699;11.765;18.166,30.000;30.000;30.000;30.000;30.000;30.000;30.000;30.000,Baby_grizzly,assessing,,,STOP,57.451,baby grizzly 14 1 _\Baby_1405_6_one(1).mp4,63,NA,
baby_1405_1,2025-07-11 12:39:14.695,,91.716,Media file(s),player #1:baby grizzly 14 1 _\Baby_1405_1_seven(1).mp4;baby grizzly 14 1 _\Baby_1405_2_seven(1).mp4;baby grizzly 14 1 _\Baby_1405_3_five(1).mp4;baby grizzly 14 1 _\Baby_1405_4_seven(1).mp4;baby grizzly 14 1 _\Baby_1405_5_two(1).mp4;baby grizzly 14 1 _\Baby_1405_6_one(1).mp4;baby grizzly 14 1 _\Baby_1405_7_one(1).mp4;baby grizzly 14 1 _\Baby_1405_8_seven(1).mp4,0.0,10.629;4.100;7.366;21.330;11.932;7.699;11.765;18.166,30.000;30.000;30.000;30.000;30.000;30.000;30.000;30.000,Baby_grizzly,target,,,START,57.584,baby grizzly 14 1 _\Baby_1405_6_one(1).mp4,67,NA,
baby_1405_1,2025-07-11 12:39:14.695,,91.716,Media file(s),player #1:baby grizzly 14 1 _\Baby_1405_1_seven(1).mp4;baby grizzly 14 1 _\Baby_1405_2_seven(1).mp4;baby grizzly 14 1 _\Baby_1405_3_five(1).mp4;baby grizzly 14 1 _\Baby_1405_4_seven(1).mp4;baby grizzly 14 1 _\Baby_1405_5_two(1).mp4;baby grizzly 14 1 _\Baby_1405_6_one(1).mp4;baby grizzly 14 1 _\Baby_1405_7_one(1).mp4;baby grizzly 14 1 _\Baby_1405_8_seven(1).mp4,0.0,10.629;4.100;7.366;21.330;11.932;7.699;11.765;18.166,30.000;30.000;30.000;30.000;30.000;30.000;30.000;30.000,Baby_grizzly,target,,,STOP,62.818,baby grizzly 14 1 _\Baby_1405_6_one(1).mp4,224,NA,
baby_1405_1,2025-07-11 12:39:14.695,,91.716,Media file(s),player #1:baby grizzly 14 1 _\Baby_1405_1_seven(1).mp4;baby grizzly 14 1 _\Baby_1405_2_seven(1).mp4;baby grizzly 14 1 _\Baby_1405_3_five(1).mp4;baby grizzly 14 1 _\Baby_1405_4_seven(1).mp4;baby grizzly 14 1 _\Baby_1405_5_two(1).mp4;baby grizzly 14 1 _\Baby_1405_6_one(1).mp4;baby grizzly 14 1 _\Baby_1405_7_one(1).mp4;baby grizzly 14 1 _\Baby_1405_8_seven(1).mp4,0.0,10.629;4.100;7.366;21.330;11.932;7.699;11.765;18.166,30.000;30.000;30.000;30.000;30.000;30.000;30.000;30.000,Baby_grizzly,explore,,,START,63.051,baby grizzly 14 1 _\Baby_1405_6_one(1).mp4,0,NA,
baby_1405_1,2025-07-11 12:39:14.695,,91.716,Media file(s),player #1:baby grizzly 14 1 _\Baby_1405_1_seven(1).mp4;baby grizzly 14 1 _\Baby_1405_2_seven(1).mp4;baby grizzly 14 1 _\Baby_1405_3_five(1).mp4;baby grizzly 14 1 _\Baby_1405_4_seven(1).mp4;baby grizzly 14 1 _\Baby_1405_5_two(1).mp4;baby grizzly 14 1 _\Baby_1405_6_one(1).mp4;baby grizzly 14 1 _\Baby_1405_7_one(1).mp4;baby grizzly 14 1 _\Baby_1405_8_seven(1).mp4,0.0,10.629;4.100;7.366;21.330;11.932;7.699;11.765;18.166,30.000;30.000;30.000;30.000;30.000;30.000;30.000;30.000,Baby_grizzly,explore,,,STOP,66.049,baby grizzly 14 1 _\Baby_1405_7_one(1).mp4,90,NA,
baby_1405_1,2025-07-11 12:39:14.695,,91.716,Media file(s),player #1:baby grizzly 14 1 _\Baby_1405_1_seven(1).mp4;baby grizzly 14 1 _\Baby_1405_2_seven(1).mp4;baby grizzly 14 1 _\Baby_1405_3_five(1).mp4;baby grizzly 14 1 _\Baby_1405_4_seven(1).mp4;baby grizzly 14 1 _\Baby_1405_5_two(1).mp4;baby grizzly 14 1 _\Baby_1405_6_one(1).mp4;baby grizzly 14 1 _\Baby_1405_7_one(1).mp4;baby grizzly 14 1 _\Baby_1405_8_seven(1).mp4,0.0,10.629;4.100;7.366;21.330;11.932;7.699;11.765;18.166,30.000;30.000;30.000;30.000;30.000;30.000;30.000;30.000,Baby_grizzly,bending,,,START,66.349,baby grizzly 14 1 _\Baby_1405_7_one(1).mp4,99,NA,
baby_1405_1,2025-07-11 12:39:14.695,,91.716,Media file(s),player #1:baby grizzly 14 1 _\Baby_1405_1_seven(1).mp4;baby grizzly 14 1 _\Baby_1405_2_seven(1).mp4;baby grizzly 14 1 _\Baby_1405_3_five(1).mp4;baby grizzly 14 1 _\Baby_1405_4_seven(1).mp4;baby grizzly 14 1 _\Baby_1405_5_two(1).mp4;baby grizzly 14 1 _\Baby_1405_6_one(1).mp4;baby grizzly 14 1 _\Baby_1405_7_one(1).mp4;baby grizzly 14 1 _\Baby_1405_8_seven(1).mp4,0.0,10.629;4.100;7.366;21.330;11.932;7.699;11.765;18.166,30.000;30.000;30.000;30.000;30.000;30.000;30.000;30.000,Baby_grizzly,sniffing,,,POINT,66.716,baby grizzly 14 1 _\Baby_1405_7_one(1).mp4,110,NA,
baby_1405_1,2025-07-11 12:39:14.695,,91.716,Media file(s),player #1:baby grizzly 14 1 _\Baby_1405_1_seven(1).mp4;baby grizzly 14 1 _\Baby_1405_2_seven(1).mp4;baby grizzly 14 1 _\Baby_1405_3_five(1).mp4;baby grizzly 14 1 _\Baby_1405_4_seven(1).mp4;baby grizzly 14 1 _\Baby_1405_5_two(1).mp4;baby grizzly 14 1 _\Baby_1405_6_one(1).mp4;baby grizzly 14 1 _\Baby_1405_7_one(1).mp4;baby grizzly 14 1 _\Baby_1405_8_seven(1).mp4,0.0,10.629;4.100;7.366;21.330;11.932;7.699;11.765;18.166,30.000;30.000;30.000;30.000;30.000;30.000;30.000;30.000,Baby_grizzly,grabbing peanut,,,POINT,67.316,baby grizzly 14 1 _\Baby_1405_7_one(1).mp4,128,NA,
baby_1405_1,2025-07-11 12:39:14.695,,91.716,Media file(s),player #1:baby grizzly 14 1 _\Baby_1405_1_seven(1).mp4;baby grizzly 14 1 _\Baby_1405_2_seven(1).mp4;baby grizzly 14 1 _\Baby_1405_3_five(1).mp4;baby grizzly 14 1 _\Baby_1405_4_seven(1).mp4;baby grizzly 14 1 _\Baby_1405_5_two(1).mp4;baby grizzly 14 1 _\Baby_1405_6_one(1).mp4;baby grizzly 14 1 _\Baby_1405_7_one(1).mp4;baby grizzly 14 1 _\Baby_1405_8_seven(1).mp4,0.0,10.629;4.100;7.366;21.330;11.932;7.699;11.765;18.166,30.000;30.000;30.000;30.000;30.000;30.000;30.000;30.000,Baby_grizzly,bending,,,STOP,67.349,baby grizzly 14 1 _\Baby_1405_7_one(1).mp4,129,NA,
baby_1405_1,2025-07-11 12:39:14.695,,91.716,Media file(s),player #1:baby grizzly 14 1 _\Baby_1405_1_seven(1).mp4;baby grizzly 14 1 _\Baby_1405_2_seven(1).mp4;baby grizzly 14 1 _\Baby_1405_3_five(1).mp4;baby grizzly 14 1 _\Baby_1405_4_seven(1).mp4;baby grizzly 14 1 _\Baby_1405_5_two(1).mp4;baby grizzly 14 1 _\Baby_1405_6_one(1).mp4;baby grizzly 14 1 _\Baby_1405_7_one(1).mp4;baby grizzly 14 1 _\Baby_1405_8_seven(1).mp4,0.0,10.629;4.100;7.366;21.330;11.932;7.699;11.765;18.166,30.000;30.000;30.000;30.000;30.000;30.000;30.000;30.000,Baby_grizzly,lifting,,,START,67.383,baby grizzly 14 1 _\Baby_1405_7_one(1).mp4,130,NA,
baby_1405_1,2025-07-11 12:39:14.695,,91.716,Media file(s),player #1:baby grizzly 14 1 _\Baby_1405_1_seven(1).mp4;baby grizzly 14 1 _\Baby_1405_2_seven(1).mp4;baby grizzly 14 1 _\Baby_1405_3_five(1).mp4;baby grizzly 14 1 _\Baby_1405_4_seven(1).mp4;baby grizzly 14 1 _\Baby_1405_5_two(1).mp4;baby grizzly 14 1 _\Baby_1405_6_one(1).mp4;baby grizzly 14 1 _\Baby_1405_7_one(1).mp4;baby grizzly 14 1 _\Baby_1405_8_seven(1).mp4,0.0,10.629;4.100;7.366;21.330;11.932;7.699;11.765;18.166,30.000;30.000;30.000;30.000;30.000;30.000;30.000;30.000,Baby_grizzly,lifting,,,STOP,67.582,baby grizzly 14 1 _\Baby_1405_7_one(1).mp4,136,NA,
baby_1405_1,2025-07-11 12:39:14.695,,91.716,Media file(s),player #1:baby grizzly 14 1 _\Baby_1405_1_seven(1).mp4;baby grizzly 14 1 _\Baby_1405_2_seven(1).mp4;baby grizzly 14 1 _\Baby_1405_3_five(1).mp4;baby grizzly 14 1 _\Baby_1405_4_seven(1).mp4;baby grizzly 14 1 _\Baby_1405_5_two(1).mp4;baby grizzly 14 1 _\Baby_1405_6_one(1).mp4;baby grizzly 14 1 _\Baby_1405_7_one(1).mp4;baby grizzly 14 1 _\Baby_1405_8_seven(1).mp4,0.0,10.629;4.100;7.366;21.330;11.932;7.699;11.765;18.166,30.000;30.000;30.000;30.000;30.000;30.000;30.000;30.000,Baby_grizzly,assessing,,,START,67.816,baby grizzly 14 1 _\Baby_1405_7_one(1).mp4,143,NA,
baby_1405_1,2025-07-11 12:39:14.695,,91.716,Media file(s),player #1:baby grizzly 14 1 _\Baby_1405_1_seven(1).mp4;baby grizzly 14 1 _\Baby_1405_2_seven(1).mp4;baby grizzly 14 1 _\Baby_1405_3_five(1).mp4;baby grizzly 14 1 _\Baby_1405_4_seven(1).mp4;baby grizzly 14 1 _\Baby_1405_5_two(1).mp4;baby grizzly 14 1 _\Baby_1405_6_one(1).mp4;baby grizzly 14 1 _\Baby_1405_7_one(1).mp4;baby grizzly 14 1 _\Baby_1405_8_seven(1).mp4,0.0,10.629;4.100;7.366;21.330;11.932;7.699;11.765;18.166,30.000;30.000;30.000;30.000;30.000;30.000;30.000;30.000,Baby_grizzly,jaw movement,,,POINT,67.849,baby grizzly 14 1 _\Baby_1405_7_one(1).mp4,144,NA,
baby_1405_1,2025-07-11 12:39:14.695,,91.716,Media file(s),player #1:baby grizzly 14 1 _\Baby_1405_1_seven(1).mp4;baby grizzly 14 1 _\Baby_1405_2_seven(1).mp4;baby grizzly 14 1 _\Baby_1405_3_five(1).mp4;baby grizzly 14 1 _\Baby_1405_4_seven(1).mp4;baby grizzly 14 1 _\Baby_1405_5_two(1).mp4;baby grizzly 14 1 _\Baby_1405_6_one(1).mp4;baby grizzly 14 1 _\Baby_1405_7_one(1).mp4;baby grizzly 14 1 _\Baby_1405_8_seven(1).mp4,0.0,10.629;4.100;7.366;21.330;11.932;7.699;11.765;18.166,30.000;30.000;30.000;30.000;30.000;30.000;30.000;30.000,Baby_grizzly,jaw movement,,,POINT,68.049,baby grizzly 14 1 _\Baby_1405_7_one(1).mp4,150,NA,
baby_1405_1,2025-07-11 12:39:14.695,,91.716,Media file(s),player #1:baby grizzly 14 1 _\Baby_1405_1_seven(1).mp4;baby grizzly 14 1 _\Baby_1405_2_seven(1).mp4;baby grizzly 14 1 _\Baby_1405_3_five(1).mp4;baby grizzly 14 1 _\Baby_1405_4_seven(1).mp4;baby grizzly 14 1 _\Baby_1405_5_two(1).mp4;baby grizzly 14 1 _\Baby_1405_6_one(1).mp4;baby grizzly 14 1 _\Baby_1405_7_one(1).mp4;baby grizzly 14 1 _\Baby_1405_8_seven(1).mp4,0.0,10.629;4.100;7.366;21.330;11.932;7.699;11.765;18.166,30.000;30.000;30.000;30.000;30.000;30.000;30.000;30.000,Baby_grizzly,jaw movement,,,POINT,68.283,baby grizzly 14 1 _\Baby_1405_7_one(1).mp4,157,NA,
baby_1405_1,2025-07-11 12:39:14.695,,91.716,Media file(s),player #1:baby grizzly 14 1 _\Baby_1405_1_seven(1).mp4;baby grizzly 14 1 _\Baby_1405_2_seven(1).mp4;baby grizzly 14 1 _\Baby_1405_3_five(1).mp4;baby grizzly 14 1 _\Baby_1405_4_seven(1).mp4;baby grizzly 14 1 _\Baby_1405_5_two(1).mp4;baby grizzly 14 1 _\Baby_1405_6_one(1).mp4;baby grizzly 14 1 _\Baby_1405_7_one(1).mp4;baby grizzly 14 1 _\Baby_1405_8_seven(1).mp4,0.0,10.629;4.100;7.366;21.330;11.932;7.699;11.765;18.166,30.000;30.000;30.000;30.000;30.000;30.000;30.000;30.000,Baby_grizzly,translational movement,,,POINT,68.549,baby grizzly 14 1 _\Baby_1405_7_one(1).mp4,165,NA,
baby_1405_1,2025-07-11 12:39:14.695,,91.716,Media file(s),player #1:baby grizzly 14 1 _\Baby_1405_1_seven(1).mp4;baby grizzly 14 1 _\Baby_1405_2_seven(1).mp4;baby grizzly 14 1 _\Baby_1405_3_five(1).mp4;baby grizzly 14 1 _\Baby_1405_4_seven(1).mp4;baby grizzly 14 1 _\Baby_1405_5_two(1).mp4;baby grizzly 14 1 _\Baby_1405_6_one(1).mp4;baby grizzly 14 1 _\Baby_1405_7_one(1).mp4;baby grizzly 14 1 _\Baby_1405_8_seven(1).mp4,0.0,10.629;4.100;7.366;21.330;11.932;7.699;11.765;18.166,30.000;30.000;30.000;30.000;30.000;30.000;30.000;30.000,Baby_grizzly,sniffing,,,POINT,68.716,baby grizzly 14 1 _\Baby_1405_7_one(1).mp4,170,NA,
baby_1405_1,2025-07-11 12:39:14.695,,91.716,Media file(s),player #1:baby grizzly 14 1 _\Baby_1405_1_seven(1).mp4;baby grizzly 14 1 _\Baby_1405_2_seven(1).mp4;baby grizzly 14 1 _\Baby_1405_3_five(1).mp4;baby grizzly 14 1 _\Baby_1405_4_seven(1).mp4;baby grizzly 14 1 _\Baby_1405_5_two(1).mp4;baby grizzly 14 1 _\Baby_1405_6_one(1).mp4;baby grizzly 14 1 _\Baby_1405_7_one(1).mp4;baby grizzly 14 1 _\Baby_1405_8_seven(1).mp4,0.0,10.629;4.100;7.366;21.330;11.932;7.699;11.765;18.166,30.000;30.000;30.000;30.000;30.000;30.000;30.000;30.000,Baby_grizzly,jaw movement,,,POINT,68.916,baby grizzly 14 1 _\Baby_1405_7_one(1).mp4,176,NA,
baby_1405_1,2025-07-11 12:39:14.695,,91.716,Media file(s),player #1:baby grizzly 14 1 _\Baby_1405_1_seven(1).mp4;baby grizzly 14 1 _\Baby_1405_2_seven(1).mp4;baby grizzly 14 1 _\Baby_1405_3_five(1).mp4;baby grizzly 14 1 _\Baby_1405_4_seven(1).mp4;baby grizzly 14 1 _\Baby_1405_5_two(1).mp4;baby grizzly 14 1 _\Baby_1405_6_one(1).mp4;baby grizzly 14 1 _\Baby_1405_7_one(1).mp4;baby grizzly 14 1 _\Baby_1405_8_seven(1).mp4,0.0,10.629;4.100;7.366;21.330;11.932;7.699;11.765;18.166,30.000;30.000;30.000;30.000;30.000;30.000;30.000;30.000,Baby_grizzly,rotation,,Horizontal,START,68.949,baby grizzly 14 1 _\Baby_1405_7_one(1).mp4,177,NA,
baby_1405_1,2025-07-11 12:39:14.695,,91.716,Media file(s),player #1:baby grizzly 14 1 _\Baby_1405_1_seven(1).mp4;baby grizzly 14 1 _\Baby_1405_2_seven(1).mp4;baby grizzly 14 1 _\Baby_1405_3_five(1).mp4;baby grizzly 14 1 _\Baby_1405_4_seven(1).mp4;baby grizzly 14 1 _\Baby_1405_5_two(1).mp4;baby grizzly 14 1 _\Baby_1405_6_one(1).mp4;baby grizzly 14 1 _\Baby_1405_7_one(1).mp4;baby grizzly 14 1 _\Baby_1405_8_seven(1).mp4,0.0,10.629;4.100;7.366;21.330;11.932;7.699;11.765;18.166,30.000;30.000;30.000;30.000;30.000;30.000;30.000;30.000,Baby_grizzly,rotation,,Horizontal,STOP,69.083,baby grizzly 14 1 _\Baby_1405_7_one(1).mp4,181,NA,
baby_1405_1,2025-07-11 12:39:14.695,,91.716,Media file(s),player #1:baby grizzly 14 1 _\Baby_1405_1_seven(1).mp4;baby grizzly 14 1 _\Baby_1405_2_seven(1).mp4;baby grizzly 14 1 _\Baby_1405_3_five(1).mp4;baby grizzly 14 1 _\Baby_1405_4_seven(1).mp4;baby grizzly 14 1 _\Baby_1405_5_two(1).mp4;baby grizzly 14 1 _\Baby_1405_6_one(1).mp4;baby grizzly 14 1 _\Baby_1405_7_one(1).mp4;baby grizzly 14 1 _\Baby_1405_8_seven(1).mp4,0.0,10.629;4.100;7.366;21.330;11.932;7.699;11.765;18.166,30.000;30.000;30.000;30.000;30.000;30.000;30.000;30.000,Baby_grizzly,ear clapping,,,POINT,69.116,baby grizzly 14 1 _\Baby_1405_7_one(1).mp4,182,NA,
baby_1405_1,2025-07-11 12:39:14.695,,91.716,Media file(s),player #1:baby grizzly 14 1 _\Baby_1405_1_seven(1).mp4;baby grizzly 14 1 _\Baby_1405_2_seven(1).mp4;baby grizzly 14 1 _\Baby_1405_3_five(1).mp4;baby grizzly 14 1 _\Baby_1405_4_seven(1).mp4;baby grizzly 14 1 _\Baby_1405_5_two(1).mp4;baby grizzly 14 1 _\Baby_1405_6_one(1).mp4;baby grizzly 14 1 _\Baby_1405_7_one(1).mp4;baby grizzly 14 1 _\Baby_1405_8_seven(1).mp4,0.0,10.629;4.100;7.366;21.330;11.932;7.699;11.765;18.166,30.000;30.000;30.000;30.000;30.000;30.000;30.000;30.000,Baby_grizzly,jaw movement,,,POINT,69.116,baby grizzly 14 1 _\Baby_1405_7_one(1).mp4,182,NA,
baby_1405_1,2025-07-11 12:39:14.695,,91.716,Media file(s),player #1:baby grizzly 14 1 _\Baby_1405_1_seven(1).mp4;baby grizzly 14 1 _\Baby_1405_2_seven(1).mp4;baby grizzly 14 1 _\Baby_1405_3_five(1).mp4;baby grizzly 14 1 _\Baby_1405_4_seven(1).mp4;baby grizzly 14 1 _\Baby_1405_5_two(1).mp4;baby grizzly 14 1 _\Baby_1405_6_one(1).mp4;baby grizzly 14 1 _\Baby_1405_7_one(1).mp4;baby grizzly 14 1 _\Baby_1405_8_seven(1).mp4,0.0,10.629;4.100;7.366;21.330;11.932;7.699;11.765;18.166,30.000;30.000;30.000;30.000;30.000;30.000;30.000;30.000,Baby_grizzly,rotation,,Horizontal,START,69.150,baby grizzly 14 1 _\Baby_1405_7_one(1).mp4,183,NA,
baby_1405_1,2025-07-11 12:39:14.695,,91.716,Media file(s),player #1:baby grizzly 14 1 _\Baby_1405_1_seven(1).mp4;baby grizzly 14 1 _\Baby_1405_2_seven(1).mp4;baby grizzly 14 1 _\Baby_1405_3_five(1).mp4;baby grizzly 14 1 _\Baby_1405_4_seven(1).mp4;baby grizzly 14 1 _\Baby_1405_5_two(1).mp4;baby grizzly 14 1 _\Baby_1405_6_one(1).mp4;baby grizzly 14 1 _\Baby_1405_7_one(1).mp4;baby grizzly 14 1 _\Baby_1405_8_seven(1).mp4,0.0,10.629;4.100;7.366;21.330;11.932;7.699;11.765;18.166,30.000;30.000;30.000;30.000;30.000;30.000;30.000;30.000,Baby_grizzly,rotation,,Horizontal,STOP,69.383,baby grizzly 14 1 _\Baby_1405_7_one(1).mp4,190,NA,
baby_1405_1,2025-07-11 12:39:14.695,,91.716,Media file(s),player #1:baby grizzly 14 1 _\Baby_1405_1_seven(1).mp4;baby grizzly 14 1 _\Baby_1405_2_seven(1).mp4;baby grizzly 14 1 _\Baby_1405_3_five(1).mp4;baby grizzly 14 1 _\Baby_1405_4_seven(1).mp4;baby grizzly 14 1 _\Baby_1405_5_two(1).mp4;baby grizzly 14 1 _\Baby_1405_6_one(1).mp4;baby grizzly 14 1 _\Baby_1405_7_one(1).mp4;baby grizzly 14 1 _\Baby_1405_8_seven(1).mp4,0.0,10.629;4.100;7.366;21.330;11.932;7.699;11.765;18.166,30.000;30.000;30.000;30.000;30.000;30.000;30.000;30.000,Baby_grizzly,jaw movement,,,POINT,69.416,baby grizzly 14 1 _\Baby_1405_7_one(1).mp4,191,NA,
baby_1405_1,2025-07-11 12:39:14.695,,91.716,Media file(s),player #1:baby grizzly 14 1 _\Baby_1405_1_seven(1).mp4;baby grizzly 14 1 _\Baby_1405_2_seven(1).mp4;baby grizzly 14 1 _\Baby_1405_3_five(1).mp4;baby grizzly 14 1 _\Baby_1405_4_seven(1).mp4;baby grizzly 14 1 _\Baby_1405_5_two(1).mp4;baby grizzly 14 1 _\Baby_1405_6_one(1).mp4;baby grizzly 14 1 _\Baby_1405_7_one(1).mp4;baby grizzly 14 1 _\Baby_1405_8_seven(1).mp4,0.0,10.629;4.100;7.366;21.330;11.932;7.699;11.765;18.166,30.000;30.000;30.000;30.000;30.000;30.000;30.000;30.000,Baby_grizzly,translational movement,,,POINT,69.549,baby grizzly 14 1 _\Baby_1405_7_one(1).mp4,195,NA,
baby_1405_1,2025-07-11 12:39:14.695,,91.716,Media file(s),player #1:baby grizzly 14 1 _\Baby_1405_1_seven(1).mp4;baby grizzly 14 1 _\Baby_1405_2_seven(1).mp4;baby grizzly 14 1 _\Baby_1405_3_five(1).mp4;baby grizzly 14 1 _\Baby_1405_4_seven(1).mp4;baby grizzly 14 1 _\Baby_1405_5_two(1).mp4;baby grizzly 14 1 _\Baby_1405_6_one(1).mp4;baby grizzly 14 1 _\Baby_1405_7_one(1).mp4;baby grizzly 14 1 _\Baby_1405_8_seven(1).mp4,0.0,10.629;4.100;7.366;21.330;11.932;7.699;11.765;18.166,30.000;30.000;30.000;30.000;30.000;30.000;30.000;30.000,Baby_grizzly,jaw movement,,,POINT,69.616,baby grizzly 14 1 _\Baby_1405_7_one(1).mp4,197,NA,
baby_1405_1,2025-07-11 12:39:14.695,,91.716,Media file(s),player #1:baby grizzly 14 1 _\Baby_1405_1_seven(1).mp4;baby grizzly 14 1 _\Baby_1405_2_seven(1).mp4;baby grizzly 14 1 _\Baby_1405_3_five(1).mp4;baby grizzly 14 1 _\Baby_1405_4_seven(1).mp4;baby grizzly 14 1 _\Baby_1405_5_two(1).mp4;baby grizzly 14 1 _\Baby_1405_6_one(1).mp4;baby grizzly 14 1 _\Baby_1405_7_one(1).mp4;baby grizzly 14 1 _\Baby_1405_8_seven(1).mp4,0.0,10.629;4.100;7.366;21.330;11.932;7.699;11.765;18.166,30.000;30.000;30.000;30.000;30.000;30.000;30.000;30.000,Baby_grizzly,jaw movement,,,POINT,69.750,baby grizzly 14 1 _\Baby_1405_7_one(1).mp4,201,NA,
baby_1405_1,2025-07-11 12:39:14.695,,91.716,Media file(s),player #1:baby grizzly 14 1 _\Baby_1405_1_seven(1).mp4;baby grizzly 14 1 _\Baby_1405_2_seven(1).mp4;baby grizzly 14 1 _\Baby_1405_3_five(1).mp4;baby grizzly 14 1 _\Baby_1405_4_seven(1).mp4;baby grizzly 14 1 _\Baby_1405_5_two(1).mp4;baby grizzly 14 1 _\Baby_1405_6_one(1).mp4;baby grizzly 14 1 _\Baby_1405_7_one(1).mp4;baby grizzly 14 1 _\Baby_1405_8_seven(1).mp4,0.0,10.629;4.100;7.366;21.330;11.932;7.699;11.765;18.166,30.000;30.000;30.000;30.000;30.000;30.000;30.000;30.000,Baby_grizzly,sniffing,,,POINT,70.050,baby grizzly 14 1 _\Baby_1405_7_one(1).mp4,210,NA,
baby_1405_1,2025-07-11 12:39:14.695,,91.716,Media file(s),player #1:baby grizzly 14 1 _\Baby_1405_1_seven(1).mp4;baby grizzly 14 1 _\Baby_1405_2_seven(1).mp4;baby grizzly 14 1 _\Baby_1405_3_five(1).mp4;baby grizzly 14 1 _\Baby_1405_4_seven(1).mp4;baby grizzly 14 1 _\Baby_1405_5_two(1).mp4;baby grizzly 14 1 _\Baby_1405_6_one(1).mp4;baby grizzly 14 1 _\Baby_1405_7_one(1).mp4;baby grizzly 14 1 _\Baby_1405_8_seven(1).mp4,0.0,10.629;4.100;7.366;21.330;11.932;7.699;11.765;18.166,30.000;30.000;30.000;30.000;30.000;30.000;30.000;30.000,Baby_grizzly,jaw movement,,,POINT,70.283,baby grizzly 14 1 _\Baby_1405_7_one(1).mp4,217,NA,
baby_1405_1,2025-07-11 12:39:14.695,,91.716,Media file(s),player #1:baby grizzly 14 1 _\Baby_1405_1_seven(1).mp4;baby grizzly 14 1 _\Baby_1405_2_seven(1).mp4;baby grizzly 14 1 _\Baby_1405_3_five(1).mp4;baby grizzly 14 1 _\Baby_1405_4_seven(1).mp4;baby grizzly 14 1 _\Baby_1405_5_two(1).mp4;baby grizzly 14 1 _\Baby_1405_6_one(1).mp4;baby grizzly 14 1 _\Baby_1405_7_one(1).mp4;baby grizzly 14 1 _\Baby_1405_8_seven(1).mp4,0.0,10.629;4.100;7.366;21.330;11.932;7.699;11.765;18.166,30.000;30.000;30.000;30.000;30.000;30.000;30.000;30.000,Baby_grizzly,jaw movement,,,POINT,70.450,baby grizzly 14 1 _\Baby_1405_7_one(1).mp4,222,NA,
baby_1405_1,2025-07-11 12:39:14.695,,91.716,Media file(s),player #1:baby grizzly 14 1 _\Baby_1405_1_seven(1).mp4;baby grizzly 14 1 _\Baby_1405_2_seven(1).mp4;baby grizzly 14 1 _\Baby_1405_3_five(1).mp4;baby grizzly 14 1 _\Baby_1405_4_seven(1).mp4;baby grizzly 14 1 _\Baby_1405_5_two(1).mp4;baby grizzly 14 1 _\Baby_1405_6_one(1).mp4;baby grizzly 14 1 _\Baby_1405_7_one(1).mp4;baby grizzly 14 1 _\Baby_1405_8_seven(1).mp4,0.0,10.629;4.100;7.366;21.330;11.932;7.699;11.765;18.166,30.000;30.000;30.000;30.000;30.000;30.000;30.000;30.000,Baby_grizzly,translational movement,,,POINT,70.483,baby grizzly 14 1 _\Baby_1405_7_one(1).mp4,223,NA,
baby_1405_1,2025-07-11 12:39:14.695,,91.716,Media file(s),player #1:baby grizzly 14 1 _\Baby_1405_1_seven(1).mp4;baby grizzly 14 1 _\Baby_1405_2_seven(1).mp4;baby grizzly 14 1 _\Baby_1405_3_five(1).mp4;baby grizzly 14 1 _\Baby_1405_4_seven(1).mp4;baby grizzly 14 1 _\Baby_1405_5_two(1).mp4;baby grizzly 14 1 _\Baby_1405_6_one(1).mp4;baby grizzly 14 1 _\Baby_1405_7_one(1).mp4;baby grizzly 14 1 _\Baby_1405_8_seven(1).mp4,0.0,10.629;4.100;7.366;21.330;11.932;7.699;11.765;18.166,30.000;30.000;30.000;30.000;30.000;30.000;30.000;30.000,Baby_grizzly,jaw movement,,,POINT,70.716,baby grizzly 14 1 _\Baby_1405_7_one(1).mp4,230,NA,
baby_1405_1,2025-07-11 12:39:14.695,,91.716,Media file(s),player #1:baby grizzly 14 1 _\Baby_1405_1_seven(1).mp4;baby grizzly 14 1 _\Baby_1405_2_seven(1).mp4;baby grizzly 14 1 _\Baby_1405_3_five(1).mp4;baby grizzly 14 1 _\Baby_1405_4_seven(1).mp4;baby grizzly 14 1 _\Baby_1405_5_two(1).mp4;baby grizzly 14 1 _\Baby_1405_6_one(1).mp4;baby grizzly 14 1 _\Baby_1405_7_one(1).mp4;baby grizzly 14 1 _\Baby_1405_8_seven(1).mp4,0.0,10.629;4.100;7.366;21.330;11.932;7.699;11.765;18.166,30.000;30.000;30.000;30.000;30.000;30.000;30.000;30.000,Baby_grizzly,jaw movement,,,POINT,70.983,baby grizzly 14 1 _\Baby_1405_7_one(1).mp4,238,NA,
baby_1405_1,2025-07-11 12:39:14.695,,91.716,Media file(s),player #1:baby grizzly 14 1 _\Baby_1405_1_seven(1).mp4;baby grizzly 14 1 _\Baby_1405_2_seven(1).mp4;baby grizzly 14 1 _\Baby_1405_3_five(1).mp4;baby grizzly 14 1 _\Baby_1405_4_seven(1).mp4;baby grizzly 14 1 _\Baby_1405_5_two(1).mp4;baby grizzly 14 1 _\Baby_1405_6_one(1).mp4;baby grizzly 14 1 _\Baby_1405_7_one(1).mp4;baby grizzly 14 1 _\Baby_1405_8_seven(1).mp4,0.0,10.629;4.100;7.366;21.330;11.932;7.699;11.765;18.166,30.000;30.000;30.000;30.000;30.000;30.000;30.000;30.000,Baby_grizzly,assessing,,,STOP,71.050,baby grizzly 14 1 _\Baby_1405_7_one(1).mp4,240,NA,
baby_1405_1,2025-07-11 12:39:14.695,,91.716,Media file(s),player #1:baby grizzly 14 1 _\Baby_1405_1_seven(1).mp4;baby grizzly 14 1 _\Baby_1405_2_seven(1).mp4;baby grizzly 14 1 _\Baby_1405_3_five(1).mp4;baby grizzly 14 1 _\Baby_1405_4_seven(1).mp4;baby grizzly 14 1 _\Baby_1405_5_two(1).mp4;baby grizzly 14 1 _\Baby_1405_6_one(1).mp4;baby grizzly 14 1 _\Baby_1405_7_one(1).mp4;baby grizzly 14 1 _\Baby_1405_8_seven(1).mp4,0.0,10.629;4.100;7.366;21.330;11.932;7.699;11.765;18.166,30.000;30.000;30.000;30.000;30.000;30.000;30.000;30.000,Baby_grizzly,target,,,START,71.150,baby grizzly 14 1 _\Baby_1405_7_one(1).mp4,243,NA,
baby_1405_1,2025-07-11 12:39:14.695,,91.716,Media file(s),player #1:baby grizzly 14 1 _\Baby_1405_1_seven(1).mp4;baby grizzly 14 1 _\Baby_1405_2_seven(1).mp4;baby grizzly 14 1 _\Baby_1405_3_five(1).mp4;baby grizzly 14 1 _\Baby_1405_4_seven(1).mp4;baby grizzly 14 1 _\Baby_1405_5_two(1).mp4;baby grizzly 14 1 _\Baby_1405_6_one(1).mp4;baby grizzly 14 1 _\Baby_1405_7_one(1).mp4;baby grizzly 14 1 _\Baby_1405_8_seven(1).mp4,0.0,10.629;4.100;7.366;21.330;11.932;7.699;11.765;18.166,30.000;30.000;30.000;30.000;30.000;30.000;30.000;30.000,Baby_grizzly,target,,,STOP,73.250,baby grizzly 14 1 _\Baby_1405_7_one(1).mp4,306,NA,
baby_1405_1,2025-07-11 12:39:14.695,,91.716,Media file(s),player #1:baby grizzly 14 1 _\Baby_1405_1_seven(1).mp4;baby grizzly 14 1 _\Baby_1405_2_seven(1).mp4;baby grizzly 14 1 _\Baby_1405_3_five(1).mp4;baby grizzly 14 1 _\Baby_1405_4_seven(1).mp4;baby grizzly 14 1 _\Baby_1405_5_two(1).mp4;baby grizzly 14 1 _\Baby_1405_6_one(1).mp4;baby grizzly 14 1 _\Baby_1405_7_one(1).mp4;baby grizzly 14 1 _\Baby_1405_8_seven(1).mp4,0.0,10.629;4.100;7.366;21.330;11.932;7.699;11.765;18.166,30.000;30.000;30.000;30.000;30.000;30.000;30.000;30.000,Baby_grizzly,digging,,,START,73.283,baby grizzly 14 1 _\Baby_1405_7_one(1).mp4,307,NA,
baby_1405_1,2025-07-11 12:39:14.695,,91.716,Media file(s),player #1:baby grizzly 14 1 _\Baby_1405_1_seven(1).mp4;baby grizzly 14 1 _\Baby_1405_2_seven(1).mp4;baby grizzly 14 1 _\Baby_1405_3_five(1).mp4;baby grizzly 14 1 _\Baby_1405_4_seven(1).mp4;baby grizzly 14 1 _\Baby_1405_5_two(1).mp4;baby grizzly 14 1 _\Baby_1405_6_one(1).mp4;baby grizzly 14 1 _\Baby_1405_7_one(1).mp4;baby grizzly 14 1 _\Baby_1405_8_seven(1).mp4,0.0,10.629;4.100;7.366;21.330;11.932;7.699;11.765;18.166,30.000;30.000;30.000;30.000;30.000;30.000;30.000;30.000,Baby_grizzly,digging,,,STOP,74.650,baby grizzly 14 1 _\Baby_1405_7_one(1).mp4,348,NA,
baby_1405_1,2025-07-11 12:39:14.695,,91.716,Media file(s),player #1:baby grizzly 14 1 _\Baby_1405_1_seven(1).mp4;baby grizzly 14 1 _\Baby_1405_2_seven(1).mp4;baby grizzly 14 1 _\Baby_1405_3_five(1).mp4;baby grizzly 14 1 _\Baby_1405_4_seven(1).mp4;baby grizzly 14 1 _\Baby_1405_5_two(1).mp4;baby grizzly 14 1 _\Baby_1405_6_one(1).mp4;baby grizzly 14 1 _\Baby_1405_7_one(1).mp4;baby grizzly 14 1 _\Baby_1405_8_seven(1).mp4,0.0,10.629;4.100;7.366;21.330;11.932;7.699;11.765;18.166,30.000;30.000;30.000;30.000;30.000;30.000;30.000;30.000,Baby_grizzly,explore,,,START,74.816,baby grizzly 14 1 _\Baby_1405_7_one(1).mp4,0,NA,
baby_1405_1,2025-07-11 12:39:14.695,,91.716,Media file(s),player #1:baby grizzly 14 1 _\Baby_1405_1_seven(1).mp4;baby grizzly 14 1 _\Baby_1405_2_seven(1).mp4;baby grizzly 14 1 _\Baby_1405_3_five(1).mp4;baby grizzly 14 1 _\Baby_1405_4_seven(1).mp4;baby grizzly 14 1 _\Baby_1405_5_two(1).mp4;baby grizzly 14 1 _\Baby_1405_6_one(1).mp4;baby grizzly 14 1 _\Baby_1405_7_one(1).mp4;baby grizzly 14 1 _\Baby_1405_8_seven(1).mp4,0.0,10.629;4.100;7.366;21.330;11.932;7.699;11.765;18.166,30.000;30.000;30.000;30.000;30.000;30.000;30.000;30.000,Baby_grizzly,bending,,,START,78.282,baby grizzly 14 1 _\Baby_1405_8_seven(1).mp4,104,NA,
baby_1405_1,2025-07-11 12:39:14.695,,91.716,Media file(s),player #1:baby grizzly 14 1 _\Baby_1405_1_seven(1).mp4;baby grizzly 14 1 _\Baby_1405_2_seven(1).mp4;baby grizzly 14 1 _\Baby_1405_3_five(1).mp4;baby grizzly 14 1 _\Baby_1405_4_seven(1).mp4;baby grizzly 14 1 _\Baby_1405_5_two(1).mp4;baby grizzly 14 1 _\Baby_1405_6_one(1).mp4;baby grizzly 14 1 _\Baby_1405_7_one(1).mp4;baby grizzly 14 1 _\Baby_1405_8_seven(1).mp4,0.0,10.629;4.100;7.366;21.330;11.932;7.699;11.765;18.166,30.000;30.000;30.000;30.000;30.000;30.000;30.000;30.000,Baby_grizzly,explore,,,STOP,78.282,baby grizzly 14 1 _\Baby_1405_8_seven(1).mp4,104,NA,
baby_1405_1,2025-07-11 12:39:14.695,,91.716,Media file(s),player #1:baby grizzly 14 1 _\Baby_1405_1_seven(1).mp4;baby grizzly 14 1 _\Baby_1405_2_seven(1).mp4;baby grizzly 14 1 _\Baby_1405_3_five(1).mp4;baby grizzly 14 1 _\Baby_1405_4_seven(1).mp4;baby grizzly 14 1 _\Baby_1405_5_two(1).mp4;baby grizzly 14 1 _\Baby_1405_6_one(1).mp4;baby grizzly 14 1 _\Baby_1405_7_one(1).mp4;baby grizzly 14 1 _\Baby_1405_8_seven(1).mp4,0.0,10.629;4.100;7.366;21.330;11.932;7.699;11.765;18.166,30.000;30.000;30.000;30.000;30.000;30.000;30.000;30.000,Baby_grizzly,grabbing peanut,,,POINT,78.482,baby grizzly 14 1 _\Baby_1405_8_seven(1).mp4,110,NA,
baby_1405_1,2025-07-11 12:39:14.695,,91.716,Media file(s),player #1:baby grizzly 14 1 _\Baby_1405_1_seven(1).mp4;baby grizzly 14 1 _\Baby_1405_2_seven(1).mp4;baby grizzly 14 1 _\Baby_1405_3_five(1).mp4;baby grizzly 14 1 _\Baby_1405_4_seven(1).mp4;baby grizzly 14 1 _\Baby_1405_5_two(1).mp4;baby grizzly 14 1 _\Baby_1405_6_one(1).mp4;baby grizzly 14 1 _\Baby_1405_7_one(1).mp4;baby grizzly 14 1 _\Baby_1405_8_seven(1).mp4,0.0,10.629;4.100;7.366;21.330;11.932;7.699;11.765;18.166,30.000;30.000;30.000;30.000;30.000;30.000;30.000;30.000,Baby_grizzly,bending,,,STOP,78.582,baby grizzly 14 1 _\Baby_1405_8_seven(1).mp4,113,NA,
baby_1405_1,2025-07-11 12:39:14.695,,91.716,Media file(s),player #1:baby grizzly 14 1 _\Baby_1405_1_seven(1).mp4;baby grizzly 14 1 _\Baby_1405_2_seven(1).mp4;baby grizzly 14 1 _\Baby_1405_3_five(1).mp4;baby grizzly 14 1 _\Baby_1405_4_seven(1).mp4;baby grizzly 14 1 _\Baby_1405_5_two(1).mp4;baby grizzly 14 1 _\Baby_1405_6_one(1).mp4;baby grizzly 14 1 _\Baby_1405_7_one(1).mp4;baby grizzly 14 1 _\Baby_1405_8_seven(1).mp4,0.0,10.629;4.100;7.366;21.330;11.932;7.699;11.765;18.166,30.000;30.000;30.000;30.000;30.000;30.000;30.000;30.000,Baby_grizzly,lifting,,,START,78.615,baby grizzly 14 1 _\Baby_1405_8_seven(1).mp4,114,NA,
baby_1405_1,2025-07-11 12:39:14.695,,91.716,Media file(s),player #1:baby grizzly 14 1 _\Baby_1405_1_seven(1).mp4;baby grizzly 14 1 _\Baby_1405_2_seven(1).mp4;baby grizzly 14 1 _\Baby_1405_3_five(1).mp4;baby grizzly 14 1 _\Baby_1405_4_seven(1).mp4;baby grizzly 14 1 _\Baby_1405_5_two(1).mp4;baby grizzly 14 1 _\Baby_1405_6_one(1).mp4;baby grizzly 14 1 _\Baby_1405_7_one(1).mp4;baby grizzly 14 1 _\Baby_1405_8_seven(1).mp4,0.0,10.629;4.100;7.366;21.330;11.932;7.699;11.765;18.166,30.000;30.000;30.000;30.000;30.000;30.000;30.000;30.000,Baby_grizzly,lifting,,,STOP,78.949,baby grizzly 14 1 _\Baby_1405_8_seven(1).mp4,124,NA,
baby_1405_1,2025-07-11 12:39:14.695,,91.716,Media file(s),player #1:baby grizzly 14 1 _\Baby_1405_1_seven(1).mp4;baby grizzly 14 1 _\Baby_1405_2_seven(1).mp4;baby grizzly 14 1 _\Baby_1405_3_five(1).mp4;baby grizzly 14 1 _\Baby_1405_4_seven(1).mp4;baby grizzly 14 1 _\Baby_1405_5_two(1).mp4;baby grizzly 14 1 _\Baby_1405_6_one(1).mp4;baby grizzly 14 1 _\Baby_1405_7_one(1).mp4;baby grizzly 14 1 _\Baby_1405_8_seven(1).mp4,0.0,10.629;4.100;7.366;21.330;11.932;7.699;11.765;18.166,30.000;30.000;30.000;30.000;30.000;30.000;30.000;30.000,Baby_grizzly,assessing,,,START,79.182,baby grizzly 14 1 _\Baby_1405_8_seven(1).mp4,131,NA,
baby_1405_1,2025-07-11 12:39:14.695,,91.716,Media file(s),player #1:baby grizzly 14 1 _\Baby_1405_1_seven(1).mp4;baby grizzly 14 1 _\Baby_1405_2_seven(1).mp4;baby grizzly 14 1 _\Baby_1405_3_five(1).mp4;baby grizzly 14 1 _\Baby_1405_4_seven(1).mp4;baby grizzly 14 1 _\Baby_1405_5_two(1).mp4;baby grizzly 14 1 _\Baby_1405_6_one(1).mp4;baby grizzly 14 1 _\Baby_1405_7_one(1).mp4;baby grizzly 14 1 _\Baby_1405_8_seven(1).mp4,0.0,10.629;4.100;7.366;21.330;11.932;7.699;11.765;18.166,30.000;30.000;30.000;30.000;30.000;30.000;30.000;30.000,Baby_grizzly,jaw movement,,,POINT,79.215,baby grizzly 14 1 _\Baby_1405_8_seven(1).mp4,132,NA,
baby_1405_1,2025-07-11 12:39:14.695,,91.716,Media file(s),player #1:baby grizzly 14 1 _\Baby_1405_1_seven(1).mp4;baby grizzly 14 1 _\Baby_1405_2_seven(1).mp4;baby grizzly 14 1 _\Baby_1405_3_five(1).mp4;baby grizzly 14 1 _\Baby_1405_4_seven(1).mp4;baby grizzly 14 1 _\Baby_1405_5_two(1).mp4;baby grizzly 14 1 _\Baby_1405_6_one(1).mp4;baby grizzly 14 1 _\Baby_1405_7_one(1).mp4;baby grizzly 14 1 _\Baby_1405_8_seven(1).mp4,0.0,10.629;4.100;7.366;21.330;11.932;7.699;11.765;18.166,30.000;30.000;30.000;30.000;30.000;30.000;30.000;30.000,Baby_grizzly,jaw movement,,,POINT,79.282,baby grizzly 14 1 _\Baby_1405_8_seven(1).mp4,134,NA,
baby_1405_1,2025-07-11 12:39:14.695,,91.716,Media file(s),player #1:baby grizzly 14 1 _\Baby_1405_1_seven(1).mp4;baby grizzly 14 1 _\Baby_1405_2_seven(1).mp4;baby grizzly 14 1 _\Baby_1405_3_five(1).mp4;baby grizzly 14 1 _\Baby_1405_4_seven(1).mp4;baby grizzly 14 1 _\Baby_1405_5_two(1).mp4;baby grizzly 14 1 _\Baby_1405_6_one(1).mp4;baby grizzly 14 1 _\Baby_1405_7_one(1).mp4;baby grizzly 14 1 _\Baby_1405_8_seven(1).mp4,0.0,10.629;4.100;7.366;21.330;11.932;7.699;11.765;18.166,30.000;30.000;30.000;30.000;30.000;30.000;30.000;30.000,Baby_grizzly,rotation,,Vertical,START,79.282,baby grizzly 14 1 _\Baby_1405_8_seven(1).mp4,134,NA,
baby_1405_1,2025-07-11 12:39:14.695,,91.716,Media file(s),player #1:baby grizzly 14 1 _\Baby_1405_1_seven(1).mp4;baby grizzly 14 1 _\Baby_1405_2_seven(1).mp4;baby grizzly 14 1 _\Baby_1405_3_five(1).mp4;baby grizzly 14 1 _\Baby_1405_4_seven(1).mp4;baby grizzly 14 1 _\Baby_1405_5_two(1).mp4;baby grizzly 14 1 _\Baby_1405_6_one(1).mp4;baby grizzly 14 1 _\Baby_1405_7_one(1).mp4;baby grizzly 14 1 _\Baby_1405_8_seven(1).mp4,0.0,10.629;4.100;7.366;21.330;11.932;7.699;11.765;18.166,30.000;30.000;30.000;30.000;30.000;30.000;30.000;30.000,Baby_grizzly,rotation,,Vertical,STOP,79.415,baby grizzly 14 1 _\Baby_1405_8_seven(1).mp4,138,NA,
baby_1405_1,2025-07-11 12:39:14.695,,91.716,Media file(s),player #1:baby grizzly 14 1 _\Baby_1405_1_seven(1).mp4;baby grizzly 14 1 _\Baby_1405_2_seven(1).mp4;baby grizzly 14 1 _\Baby_1405_3_five(1).mp4;baby grizzly 14 1 _\Baby_1405_4_seven(1).mp4;baby grizzly 14 1 _\Baby_1405_5_two(1).mp4;baby grizzly 14 1 _\Baby_1405_6_one(1).mp4;baby grizzly 14 1 _\Baby_1405_7_one(1).mp4;baby grizzly 14 1 _\Baby_1405_8_seven(1).mp4,0.0,10.629;4.100;7.366;21.330;11.932;7.699;11.765;18.166,30.000;30.000;30.000;30.000;30.000;30.000;30.000;30.000,Baby_grizzly,jaw movement,,,POINT,79.449,baby grizzly 14 1 _\Baby_1405_8_seven(1).mp4,139,NA,
baby_1405_1,2025-07-11 12:39:14.695,,91.716,Media file(s),player #1:baby grizzly 14 1 _\Baby_1405_1_seven(1).mp4;baby grizzly 14 1 _\Baby_1405_2_seven(1).mp4;baby grizzly 14 1 _\Baby_1405_3_five(1).mp4;baby grizzly 14 1 _\Baby_1405_4_seven(1).mp4;baby grizzly 14 1 _\Baby_1405_5_two(1).mp4;baby grizzly 14 1 _\Baby_1405_6_one(1).mp4;baby grizzly 14 1 _\Baby_1405_7_one(1).mp4;baby grizzly 14 1 _\Baby_1405_8_seven(1).mp4,0.0,10.629;4.100;7.366;21.330;11.932;7.699;11.765;18.166,30.000;30.000;30.000;30.000;30.000;30.000;30.000;30.000,Baby_grizzly,rotation,,Vertical,START,79.515,baby grizzly 14 1 _\Baby_1405_8_seven(1).mp4,141,NA,
baby_1405_1,2025-07-11 12:39:14.695,,91.716,Media file(s),player #1:baby grizzly 14 1 _\Baby_1405_1_seven(1).mp4;baby grizzly 14 1 _\Baby_1405_2_seven(1).mp4;baby grizzly 14 1 _\Baby_1405_3_five(1).mp4;baby grizzly 14 1 _\Baby_1405_4_seven(1).mp4;baby grizzly 14 1 _\Baby_1405_5_two(1).mp4;baby grizzly 14 1 _\Baby_1405_6_one(1).mp4;baby grizzly 14 1 _\Baby_1405_7_one(1).mp4;baby grizzly 14 1 _\Baby_1405_8_seven(1).mp4,0.0,10.629;4.100;7.366;21.330;11.932;7.699;11.765;18.166,30.000;30.000;30.000;30.000;30.000;30.000;30.000;30.000,Baby_grizzly,rotation,,Vertical,STOP,79.649,baby grizzly 14 1 _\Baby_1405_8_seven(1).mp4,145,NA,
baby_1405_1,2025-07-11 12:39:14.695,,91.716,Media file(s),player #1:baby grizzly 14 1 _\Baby_1405_1_seven(1).mp4;baby grizzly 14 1 _\Baby_1405_2_seven(1).mp4;baby grizzly 14 1 _\Baby_1405_3_five(1).mp4;baby grizzly 14 1 _\Baby_1405_4_seven(1).mp4;baby grizzly 14 1 _\Baby_1405_5_two(1).mp4;baby grizzly 14 1 _\Baby_1405_6_one(1).mp4;baby grizzly 14 1 _\Baby_1405_7_one(1).mp4;baby grizzly 14 1 _\Baby_1405_8_seven(1).mp4,0.0,10.629;4.100;7.366;21.330;11.932;7.699;11.765;18.166,30.000;30.000;30.000;30.000;30.000;30.000;30.000;30.000,Baby_grizzly,jaw movement,,,POINT,79.682,baby grizzly 14 1 _\Baby_1405_8_seven(1).mp4,146,NA,
baby_1405_1,2025-07-11 12:39:14.695,,91.716,Media file(s),player #1:baby grizzly 14 1 _\Baby_1405_1_seven(1).mp4;baby grizzly 14 1 _\Baby_1405_2_seven(1).mp4;baby grizzly 14 1 _\Baby_1405_3_five(1).mp4;baby grizzly 14 1 _\Baby_1405_4_seven(1).mp4;baby grizzly 14 1 _\Baby_1405_5_two(1).mp4;baby grizzly 14 1 _\Baby_1405_6_one(1).mp4;baby grizzly 14 1 _\Baby_1405_7_one(1).mp4;baby grizzly 14 1 _\Baby_1405_8_seven(1).mp4,0.0,10.629;4.100;7.366;21.330;11.932;7.699;11.765;18.166,30.000;30.000;30.000;30.000;30.000;30.000;30.000;30.000,Baby_grizzly,sniffing,,,POINT,79.915,baby grizzly 14 1 _\Baby_1405_8_seven(1).mp4,153,NA,
baby_1405_1,2025-07-11 12:39:14.695,,91.716,Media file(s),player #1:baby grizzly 14 1 _\Baby_1405_1_seven(1).mp4;baby grizzly 14 1 _\Baby_1405_2_seven(1).mp4;baby grizzly 14 1 _\Baby_1405_3_five(1).mp4;baby grizzly 14 1 _\Baby_1405_4_seven(1).mp4;baby grizzly 14 1 _\Baby_1405_5_two(1).mp4;baby grizzly 14 1 _\Baby_1405_6_one(1).mp4;baby grizzly 14 1 _\Baby_1405_7_one(1).mp4;baby grizzly 14 1 _\Baby_1405_8_seven(1).mp4,0.0,10.629;4.100;7.366;21.330;11.932;7.699;11.765;18.166,30.000;30.000;30.000;30.000;30.000;30.000;30.000;30.000,Baby_grizzly,sniffing,,,POINT,80.082,baby grizzly 14 1 _\Baby_1405_8_seven(1).mp4,158,NA,
baby_1405_1,2025-07-11 12:39:14.695,,91.716,Media file(s),player #1:baby grizzly 14 1 _\Baby_1405_1_seven(1).mp4;baby grizzly 14 1 _\Baby_1405_2_seven(1).mp4;baby grizzly 14 1 _\Baby_1405_3_five(1).mp4;baby grizzly 14 1 _\Baby_1405_4_seven(1).mp4;baby grizzly 14 1 _\Baby_1405_5_two(1).mp4;baby grizzly 14 1 _\Baby_1405_6_one(1).mp4;baby grizzly 14 1 _\Baby_1405_7_one(1).mp4;baby grizzly 14 1 _\Baby_1405_8_seven(1).mp4,0.0,10.629;4.100;7.366;21.330;11.932;7.699;11.765;18.166,30.000;30.000;30.000;30.000;30.000;30.000;30.000;30.000,Baby_grizzly,jaw movement,,,POINT,80.249,baby grizzly 14 1 _\Baby_1405_8_seven(1).mp4,163,NA,
baby_1405_1,2025-07-11 12:39:14.695,,91.716,Media file(s),player #1:baby grizzly 14 1 _\Baby_1405_1_seven(1).mp4;baby grizzly 14 1 _\Baby_1405_2_seven(1).mp4;baby grizzly 14 1 _\Baby_1405_3_five(1).mp4;baby grizzly 14 1 _\Baby_1405_4_seven(1).mp4;baby grizzly 14 1 _\Baby_1405_5_two(1).mp4;baby grizzly 14 1 _\Baby_1405_6_one(1).mp4;baby grizzly 14 1 _\Baby_1405_7_one(1).mp4;baby grizzly 14 1 _\Baby_1405_8_seven(1).mp4,0.0,10.629;4.100;7.366;21.330;11.932;7.699;11.765;18.166,30.000;30.000;30.000;30.000;30.000;30.000;30.000;30.000,Baby_grizzly,sniffing,,,POINT,80.382,baby grizzly 14 1 _\Baby_1405_8_seven(1).mp4,167,NA,
baby_1405_1,2025-07-11 12:39:14.695,,91.716,Media file(s),player #1:baby grizzly 14 1 _\Baby_1405_1_seven(1).mp4;baby grizzly 14 1 _\Baby_1405_2_seven(1).mp4;baby grizzly 14 1 _\Baby_1405_3_five(1).mp4;baby grizzly 14 1 _\Baby_1405_4_seven(1).mp4;baby grizzly 14 1 _\Baby_1405_5_two(1).mp4;baby grizzly 14 1 _\Baby_1405_6_one(1).mp4;baby grizzly 14 1 _\Baby_1405_7_one(1).mp4;baby grizzly 14 1 _\Baby_1405_8_seven(1).mp4,0.0,10.629;4.100;7.366;21.330;11.932;7.699;11.765;18.166,30.000;30.000;30.000;30.000;30.000;30.000;30.000;30.000,Baby_grizzly,jaw movement,,,POINT,80.582,baby grizzly 14 1 _\Baby_1405_8_seven(1).mp4,172,NA,
baby_1405_1,2025-07-11 12:39:14.695,,91.716,Media file(s),player #1:baby grizzly 14 1 _\Baby_1405_1_seven(1).mp4;baby grizzly 14 1 _\Baby_1405_2_seven(1).mp4;baby grizzly 14 1 _\Baby_1405_3_five(1).mp4;baby grizzly 14 1 _\Baby_1405_4_seven(1).mp4;baby grizzly 14 1 _\Baby_1405_5_two(1).mp4;baby grizzly 14 1 _\Baby_1405_6_one(1).mp4;baby grizzly 14 1 _\Baby_1405_7_one(1).mp4;baby grizzly 14 1 _\Baby_1405_8_seven(1).mp4,0.0,10.629;4.100;7.366;21.330;11.932;7.699;11.765;18.166,30.000;30.000;30.000;30.000;30.000;30.000;30.000;30.000,Baby_grizzly,jaw movement,,,POINT,80.749,baby grizzly 14 1 _\Baby_1405_8_seven(1).mp4,177,NA,
baby_1405_1,2025-07-11 12:39:14.695,,91.716,Media file(s),player #1:baby grizzly 14 1 _\Baby_1405_1_seven(1).mp4;baby grizzly 14 1 _\Baby_1405_2_seven(1).mp4;baby grizzly 14 1 _\Baby_1405_3_five(1).mp4;baby grizzly 14 1 _\Baby_1405_4_seven(1).mp4;baby grizzly 14 1 _\Baby_1405_5_two(1).mp4;baby grizzly 14 1 _\Baby_1405_6_one(1).mp4;baby grizzly 14 1 _\Baby_1405_7_one(1).mp4;baby grizzly 14 1 _\Baby_1405_8_seven(1).mp4,0.0,10.629;4.100;7.366;21.330;11.932;7.699;11.765;18.166,30.000;30.000;30.000;30.000;30.000;30.000;30.000;30.000,Baby_grizzly,assessing,,,STOP,81.248,baby grizzly 14 1 _\Baby_1405_8_seven(1).mp4,192,NA,
baby_1405_1,2025-07-11 12:39:14.695,,91.716,Media file(s),player #1:baby grizzly 14 1 _\Baby_1405_1_seven(1).mp4;baby grizzly 14 1 _\Baby_1405_2_seven(1).mp4;baby grizzly 14 1 _\Baby_1405_3_five(1).mp4;baby grizzly 14 1 _\Baby_1405_4_seven(1).mp4;baby grizzly 14 1 _\Baby_1405_5_two(1).mp4;baby grizzly 14 1 _\Baby_1405_6_one(1).mp4;baby grizzly 14 1 _\Baby_1405_7_one(1).mp4;baby grizzly 14 1 _\Baby_1405_8_seven(1).mp4,0.0,10.629;4.100;7.366;21.330;11.932;7.699;11.765;18.166,30.000;30.000;30.000;30.000;30.000;30.000;30.000;30.000,Baby_grizzly,pause,,,START,81.282,baby grizzly 14 1 _\Baby_1405_8_seven(1).mp4,193,NA,
baby_1405_1,2025-07-11 12:39:14.695,,91.716,Media file(s),player #1:baby grizzly 14 1 _\Baby_1405_1_seven(1).mp4;baby grizzly 14 1 _\Baby_1405_2_seven(1).mp4;baby grizzly 14 1 _\Baby_1405_3_five(1).mp4;baby grizzly 14 1 _\Baby_1405_4_seven(1).mp4;baby grizzly 14 1 _\Baby_1405_5_two(1).mp4;baby grizzly 14 1 _\Baby_1405_6_one(1).mp4;baby grizzly 14 1 _\Baby_1405_7_one(1).mp4;baby grizzly 14 1 _\Baby_1405_8_seven(1).mp4,0.0,10.629;4.100;7.366;21.330;11.932;7.699;11.765;18.166,30.000;30.000;30.000;30.000;30.000;30.000;30.000;30.000,Baby_grizzly,pause,,,STOP,83.381,baby grizzly 14 1 _\Baby_1405_8_seven(1).mp4,256,NA,
baby_1405_1,2025-07-11 12:39:14.695,,91.716,Media file(s),player #1:baby grizzly 14 1 _\Baby_1405_1_seven(1).mp4;baby grizzly 14 1 _\Baby_1405_2_seven(1).mp4;baby grizzly 14 1 _\Baby_1405_3_five(1).mp4;baby grizzly 14 1 _\Baby_1405_4_seven(1).mp4;baby grizzly 14 1 _\Baby_1405_5_two(1).mp4;baby grizzly 14 1 _\Baby_1405_6_one(1).mp4;baby grizzly 14 1 _\Baby_1405_7_one(1).mp4;baby grizzly 14 1 _\Baby_1405_8_seven(1).mp4,0.0,10.629;4.100;7.366;21.330;11.932;7.699;11.765;18.166,30.000;30.000;30.000;30.000;30.000;30.000;30.000;30.000,Baby_grizzly,target,,,START,83.448,baby grizzly 14 1 _\Baby_1405_8_seven(1).mp4,258,NA,
baby_1405_1,2025-07-11 12:39:14.695,,91.716,Media file(s),player #1:baby grizzly 14 1 _\Baby_1405_1_seven(1).mp4;baby grizzly 14 1 _\Baby_1405_2_seven(1).mp4;baby grizzly 14 1 _\Baby_1405_3_five(1).mp4;baby grizzly 14 1 _\Baby_1405_4_seven(1).mp4;baby grizzly 14 1 _\Baby_1405_5_two(1).mp4;baby grizzly 14 1 _\Baby_1405_6_one(1).mp4;baby grizzly 14 1 _\Baby_1405_7_one(1).mp4;baby grizzly 14 1 _\Baby_1405_8_seven(1).mp4,0.0,10.629;4.100;7.366;21.330;11.932;7.699;11.765;18.166,30.000;30.000;30.000;30.000;30.000;30.000;30.000;30.000,Baby_grizzly,pause,,,START,85.182,baby grizzly 14 1 _\Baby_1405_8_seven(1).mp4,310,NA,
baby_1405_1,2025-07-11 12:39:14.695,,91.716,Media file(s),player #1:baby grizzly 14 1 _\Baby_1405_1_seven(1).mp4;baby grizzly 14 1 _\Baby_1405_2_seven(1).mp4;baby grizzly 14 1 _\Baby_1405_3_five(1).mp4;baby grizzly 14 1 _\Baby_1405_4_seven(1).mp4;baby grizzly 14 1 _\Baby_1405_5_two(1).mp4;baby grizzly 14 1 _\Baby_1405_6_one(1).mp4;baby grizzly 14 1 _\Baby_1405_7_one(1).mp4;baby grizzly 14 1 _\Baby_1405_8_seven(1).mp4,0.0,10.629;4.100;7.366;21.330;11.932;7.699;11.765;18.166,30.000;30.000;30.000;30.000;30.000;30.000;30.000;30.000,Baby_grizzly,pause,,,STOP,89.282,baby grizzly 14 1 _\Baby_1405_8_seven(1).mp4,433,NA,
baby_1405_1,2025-07-11 12:39:14.695,,91.716,Media file(s),player #1:baby grizzly 14 1 _\Baby_1405_1_seven(1).mp4;baby grizzly 14 1 _\Baby_1405_2_seven(1).mp4;baby grizzly 14 1 _\Baby_1405_3_five(1).mp4;baby grizzly 14 1 _\Baby_1405_4_seven(1).mp4;baby grizzly 14 1 _\Baby_1405_5_two(1).mp4;baby grizzly 14 1 _\Baby_1405_6_one(1).mp4;baby grizzly 14 1 _\Baby_1405_7_one(1).mp4;baby grizzly 14 1 _\Baby_1405_8_seven(1).mp4,0.0,10.629;4.100;7.366;21.330;11.932;7.699;11.765;18.166,30.000;30.000;30.000;30.000;30.000;30.000;30.000;30.000,Baby_grizzly,target,,,STOP,91.716,baby grizzly 14 1 _\Baby_1405_8_seven(1).mp4,506,NA,
