Observation id,Observation date,Description,Observation duration,Observation type,Source,Time offset (s),Media duration (s),FPS,Subject,Behavior,Behavioral category,Modifier #1,Behavior type,Time,Media file name,Image index,Image file path,Comment
boit_1205,2025-06-05 16:05:44.780,,209.095,Media file(s),player #1:C:\Users\esthe\Downloads\small boiteux 12_\Boi_1205_1_seven.mp4;C:\Users\esthe\Downloads\small boiteux 12_\Boit_1205_10_three.mp4;C:\Users\esthe\Downloads\small boiteux 12_\Boit_1205_11_five.mp4;C:\Users\esthe\Downloads\small boiteux 12_\Boit_1205_12_control.mp4;C:\Users\esthe\Downloads\small boiteux 12_\Boit_1205_13_control.mp4;C:\Users\esthe\Downloads\small boiteux 12_\Boit_1205_2_three.mp4;C:\Users\esthe\Downloads\small boiteux 12_\Boit_1205_3_five.mp4;C:\Users\esthe\Downloads\small boiteux 12_\Boit_1205_4_one.mp4;C:\Users\esthe\Downloads\small boiteux 12_\Boit_1205_5_five.mp4;C:\Users\esthe\Downloads\small boiteux 12_\Boit_1205_6_three.mp4;C:\Users\esthe\Downloads\small boiteux 12_\Boit_1205_7_one.mp4;C:\Users\esthe\Downloads\small boiteux 12_\Boit_1205_8_five.mp4;C:\Users\esthe\Downloads\small boiteux 12_\Boit_1205_9_seven.mp4,0.0,33.361;14.067;14.331;21.564;6.399;8.664;23.761;18.197;19.200;7.900;7.064;10.199;28.898,30.000;30.000;30.000;30.000;30.000;30.000;30.000;30.000;30.000;30.000;30.000;30.000;30.000,Boiteux,explore,,,START,4.500,C:\Users\esthe\Downloads\small boiteux 12_\Boi_1205_1_seven.mp4,135,NA,
boit_1205,2025-06-05 16:05:44.780,,209.095,Media file(s),player #1:C:\Users\esthe\Downloads\small boiteux 12_\Boi_1205_1_seven.mp4;C:\Users\esthe\Downloads\small boiteux 12_\Boit_1205_10_three.mp4;C:\Users\esthe\Downloads\small boiteux 12_\Boit_1205_11_five.mp4;C:\Users\esthe\Downloads\small boiteux 12_\Boit_1205_12_control.mp4;C:\Users\esthe\Downloads\small boiteux 12_\Boit_1205_13_control.mp4;C:\Users\esthe\Downloads\small boiteux 12_\Boit_1205_2_three.mp4;C:\Users\esthe\Downloads\small boiteux 12_\Boit_1205_3_five.mp4;C:\Users\esthe\Downloads\small boiteux 12_\Boit_1205_4_one.mp4;C:\Users\esthe\Downloads\small boiteux 12_\Boit_1205_5_five.mp4;C:\Users\esthe\Downloads\small boiteux 12_\Boit_1205_6_three.mp4;C:\Users\esthe\Downloads\small boiteux 12_\Boit_1205_7_one.mp4;C:\Users\esthe\Downloads\small boiteux 12_\Boit_1205_8_five.mp4;C:\Users\esthe\Downloads\small boiteux 12_\Boit_1205_9_seven.mp4,0.0,33.361;14.067;14.331;21.564;6.399;8.664;23.761;18.197;19.200;7.900;7.064;10.199;28.898,30.000;30.000;30.000;30.000;30.000;30.000;30.000;30.000;30.000;30.000;30.000;30.000;30.000,Boiteux,explore,,,STOP,24.063,C:\Users\esthe\Downloads\small boiteux 12_\Boi_1205_1_seven.mp4,722,NA,
boit_1205,2025-06-05 16:05:44.780,,209.095,Media file(s),player #1:C:\Users\esthe\Downloads\small boiteux 12_\Boi_1205_1_seven.mp4;C:\Users\esthe\Downloads\small boiteux 12_\Boit_1205_10_three.mp4;C:\Users\esthe\Downloads\small boiteux 12_\Boit_1205_11_five.mp4;C:\Users\esthe\Downloads\small boiteux 12_\Boit_1205_12_control.mp4;C:\Users\esthe\Downloads\small boiteux 12_\Boit_1205_13_control.mp4;C:\Users\esthe\Downloads\small boiteux 12_\Boit_1205_2_three.mp4;C:\Users\esthe\Downloads\small boiteux 12_\Boit_1205_3_five.mp4;C:\Users\esthe\Downloads\small boiteux 12_\Boit_1205_4_one.mp4;C:\Users\esthe\Downloads\small boiteux 12_\Boit_1205_5_five.mp4;C:\Users\esthe\Downloads\small boiteux 12_\Boit_1205_6_three.mp4;C:\Users\esthe\Downloads\small boiteux 12_\Boit_1205_7_one.mp4;C:\Users\esthe\Downloads\small boiteux 12_\Boit_1205_8_five.mp4;C:\Users\esthe\Downloads\small boiteux 12_\Boit_1205_9_seven.mp4,0.0,33.361;14.067;14.331;21.564;6.399;8.664;23.761;18.197;19.200;7.900;7.064;10.199;28.898,30.000;30.000;30.000;30.000;30.000;30.000;30.000;30.000;30.000;30.000;30.000;30.000;30.000,Boiteux,bending,,,START,24.429,C:\Users\esthe\Downloads\small boiteux 12_\Boi_1205_1_seven.mp4,733,NA,
boit_1205,2025-06-05 16:05:44.780,,209.095,Media file(s),player #1:C:\Users\esthe\Downloads\small boiteux 12_\Boi_1205_1_seven.mp4;C:\Users\esthe\Downloads\small boiteux 12_\Boit_1205_10_three.mp4;C:\Users\esthe\Downloads\small boiteux 12_\Boit_1205_11_five.mp4;C:\Users\esthe\Downloads\small boiteux 12_\Boit_1205_12_control.mp4;C:\Users\esthe\Downloads\small boiteux 12_\Boit_1205_13_control.mp4;C:\Users\esthe\Downloads\small boiteux 12_\Boit_1205_2_three.mp4;C:\Users\esthe\Downloads\small boiteux 12_\Boit_1205_3_five.mp4;C:\Users\esthe\Downloads\small boiteux 12_\Boit_1205_4_one.mp4;C:\Users\esthe\Downloads\small boiteux 12_\Boit_1205_5_five.mp4;C:\Users\esthe\Downloads\small boiteux 12_\Boit_1205_6_three.mp4;C:\Users\esthe\Downloads\small boiteux 12_\Boit_1205_7_one.mp4;C:\Users\esthe\Downloads\small boiteux 12_\Boit_1205_8_five.mp4;C:\Users\esthe\Downloads\small boiteux 12_\Boit_1205_9_seven.mp4,0.0,33.361;14.067;14.331;21.564;6.399;8.664;23.761;18.197;19.200;7.900;7.064;10.199;28.898,30.000;30.000;30.000;30.000;30.000;30.000;30.000;30.000;30.000;30.000;30.000;30.000;30.000,Boiteux,grabbing peanut,,,POINT,25.029,C:\Users\esthe\Downloads\small boiteux 12_\Boi_1205_1_seven.mp4,751,NA,
boit_1205,2025-06-05 16:05:44.780,,209.095,Media file(s),player #1:C:\Users\esthe\Downloads\small boiteux 12_\Boi_1205_1_seven.mp4;C:\Users\esthe\Downloads\small boiteux 12_\Boit_1205_10_three.mp4;C:\Users\esthe\Downloads\small boiteux 12_\Boit_1205_11_five.mp4;C:\Users\esthe\Downloads\small boiteux 12_\Boit_1205_12_control.mp4;C:\Users\esthe\Downloads\small boiteux 12_\Boit_1205_13_control.mp4;C:\Users\esthe\Downloads\small boiteux 12_\Boit_1205_2_three.mp4;C:\Users\esthe\Downloads\small boiteux 12_\Boit_1205_3_five.mp4;C:\Users\esthe\Downloads\small boiteux 12_\Boit_1205_4_one.mp4;C:\Users\esthe\Downloads\small boiteux 12_\Boit_1205_5_five.mp4;C:\Users\esthe\Downloads\small boiteux 12_\Boit_1205_6_three.mp4;C:\Users\esthe\Downloads\small boiteux 12_\Boit_1205_7_one.mp4;C:\Users\esthe\Downloads\small boiteux 12_\Boit_1205_8_five.mp4;C:\Users\esthe\Downloads\small boiteux 12_\Boit_1205_9_seven.mp4,0.0,33.361;14.067;14.331;21.564;6.399;8.664;23.761;18.197;19.200;7.900;7.064;10.199;28.898,30.000;30.000;30.000;30.000;30.000;30.000;30.000;30.000;30.000;30.000;30.000;30.000;30.000,Boiteux,bending,,,STOP,25.062,C:\Users\esthe\Downloads\small boiteux 12_\Boi_1205_1_seven.mp4,752,NA,
boit_1205,2025-06-05 16:05:44.780,,209.095,Media file(s),player #1:C:\Users\esthe\Downloads\small boiteux 12_\Boi_1205_1_seven.mp4;C:\Users\esthe\Downloads\small boiteux 12_\Boit_1205_10_three.mp4;C:\Users\esthe\Downloads\small boiteux 12_\Boit_1205_11_five.mp4;C:\Users\esthe\Downloads\small boiteux 12_\Boit_1205_12_control.mp4;C:\Users\esthe\Downloads\small boiteux 12_\Boit_1205_13_control.mp4;C:\Users\esthe\Downloads\small boiteux 12_\Boit_1205_2_three.mp4;C:\Users\esthe\Downloads\small boiteux 12_\Boit_1205_3_five.mp4;C:\Users\esthe\Downloads\small boiteux 12_\Boit_1205_4_one.mp4;C:\Users\esthe\Downloads\small boiteux 12_\Boit_1205_5_five.mp4;C:\Users\esthe\Downloads\small boiteux 12_\Boit_1205_6_three.mp4;C:\Users\esthe\Downloads\small boiteux 12_\Boit_1205_7_one.mp4;C:\Users\esthe\Downloads\small boiteux 12_\Boit_1205_8_five.mp4;C:\Users\esthe\Downloads\small boiteux 12_\Boit_1205_9_seven.mp4,0.0,33.361;14.067;14.331;21.564;6.399;8.664;23.761;18.197;19.200;7.900;7.064;10.199;28.898,30.000;30.000;30.000;30.000;30.000;30.000;30.000;30.000;30.000;30.000;30.000;30.000;30.000,Boiteux,lifting,,,START,25.062,C:\Users\esthe\Downloads\small boiteux 12_\Boi_1205_1_seven.mp4,752,NA,
boit_1205,2025-06-05 16:05:44.780,,209.095,Media file(s),player #1:C:\Users\esthe\Downloads\small boiteux 12_\Boi_1205_1_seven.mp4;C:\Users\esthe\Downloads\small boiteux 12_\Boit_1205_10_three.mp4;C:\Users\esthe\Downloads\small boiteux 12_\Boit_1205_11_five.mp4;C:\Users\esthe\Downloads\small boiteux 12_\Boit_1205_12_control.mp4;C:\Users\esthe\Downloads\small boiteux 12_\Boit_1205_13_control.mp4;C:\Users\esthe\Downloads\small boiteux 12_\Boit_1205_2_three.mp4;C:\Users\esthe\Downloads\small boiteux 12_\Boit_1205_3_five.mp4;C:\Users\esthe\Downloads\small boiteux 12_\Boit_1205_4_one.mp4;C:\Users\esthe\Downloads\small boiteux 12_\Boit_1205_5_five.mp4;C:\Users\esthe\Downloads\small boiteux 12_\Boit_1205_6_three.mp4;C:\Users\esthe\Downloads\small boiteux 12_\Boit_1205_7_one.mp4;C:\Users\esthe\Downloads\small boiteux 12_\Boit_1205_8_five.mp4;C:\Users\esthe\Downloads\small boiteux 12_\Boit_1205_9_seven.mp4,0.0,33.361;14.067;14.331;21.564;6.399;8.664;23.761;18.197;19.200;7.900;7.064;10.199;28.898,30.000;30.000;30.000;30.000;30.000;30.000;30.000;30.000;30.000;30.000;30.000;30.000;30.000,Boiteux,lifting,,,STOP,25.229,C:\Users\esthe\Downloads\small boiteux 12_\Boi_1205_1_seven.mp4,757,NA,
boit_1205,2025-06-05 16:05:44.780,,209.095,Media file(s),player #1:C:\Users\esthe\Downloads\small boiteux 12_\Boi_1205_1_seven.mp4;C:\Users\esthe\Downloads\small boiteux 12_\Boit_1205_10_three.mp4;C:\Users\esthe\Downloads\small boiteux 12_\Boit_1205_11_five.mp4;C:\Users\esthe\Downloads\small boiteux 12_\Boit_1205_12_control.mp4;C:\Users\esthe\Downloads\small boiteux 12_\Boit_1205_13_control.mp4;C:\Users\esthe\Downloads\small boiteux 12_\Boit_1205_2_three.mp4;C:\Users\esthe\Downloads\small boiteux 12_\Boit_1205_3_five.mp4;C:\Users\esthe\Downloads\small boiteux 12_\Boit_1205_4_one.mp4;C:\Users\esthe\Downloads\small boiteux 12_\Boit_1205_5_five.mp4;C:\Users\esthe\Downloads\small boiteux 12_\Boit_1205_6_three.mp4;C:\Users\esthe\Downloads\small boiteux 12_\Boit_1205_7_one.mp4;C:\Users\esthe\Downloads\small boiteux 12_\Boit_1205_8_five.mp4;C:\Users\esthe\Downloads\small boiteux 12_\Boit_1205_9_seven.mp4,0.0,33.361;14.067;14.331;21.564;6.399;8.664;23.761;18.197;19.200;7.900;7.064;10.199;28.898,30.000;30.000;30.000;30.000;30.000;30.000;30.000;30.000;30.000;30.000;30.000;30.000;30.000,Boiteux,assessing,,,START,25.396,C:\Users\esthe\Downloads\small boiteux 12_\Boi_1205_1_seven.mp4,762,NA,
boit_1205,2025-06-05 16:05:44.780,,209.095,Media file(s),player #1:C:\Users\esthe\Downloads\small boiteux 12_\Boi_1205_1_seven.mp4;C:\Users\esthe\Downloads\small boiteux 12_\Boit_1205_10_three.mp4;C:\Users\esthe\Downloads\small boiteux 12_\Boit_1205_11_five.mp4;C:\Users\esthe\Downloads\small boiteux 12_\Boit_1205_12_control.mp4;C:\Users\esthe\Downloads\small boiteux 12_\Boit_1205_13_control.mp4;C:\Users\esthe\Downloads\small boiteux 12_\Boit_1205_2_three.mp4;C:\Users\esthe\Downloads\small boiteux 12_\Boit_1205_3_five.mp4;C:\Users\esthe\Downloads\small boiteux 12_\Boit_1205_4_one.mp4;C:\Users\esthe\Downloads\small boiteux 12_\Boit_1205_5_five.mp4;C:\Users\esthe\Downloads\small boiteux 12_\Boit_1205_6_three.mp4;C:\Users\esthe\Downloads\small boiteux 12_\Boit_1205_7_one.mp4;C:\Users\esthe\Downloads\small boiteux 12_\Boit_1205_8_five.mp4;C:\Users\esthe\Downloads\small boiteux 12_\Boit_1205_9_seven.mp4,0.0,33.361;14.067;14.331;21.564;6.399;8.664;23.761;18.197;19.200;7.900;7.064;10.199;28.898,30.000;30.000;30.000;30.000;30.000;30.000;30.000;30.000;30.000;30.000;30.000;30.000;30.000,Boiteux,jaw movement,,,POINT,25.562,C:\Users\esthe\Downloads\small boiteux 12_\Boi_1205_1_seven.mp4,767,NA,
boit_1205,2025-06-05 16:05:44.780,,209.095,Media file(s),player #1:C:\Users\esthe\Downloads\small boiteux 12_\Boi_1205_1_seven.mp4;C:\Users\esthe\Downloads\small boiteux 12_\Boit_1205_10_three.mp4;C:\Users\esthe\Downloads\small boiteux 12_\Boit_1205_11_five.mp4;C:\Users\esthe\Downloads\small boiteux 12_\Boit_1205_12_control.mp4;C:\Users\esthe\Downloads\small boiteux 12_\Boit_1205_13_control.mp4;C:\Users\esthe\Downloads\small boiteux 12_\Boit_1205_2_three.mp4;C:\Users\esthe\Downloads\small boiteux 12_\Boit_1205_3_five.mp4;C:\Users\esthe\Downloads\small boiteux 12_\Boit_1205_4_one.mp4;C:\Users\esthe\Downloads\small boiteux 12_\Boit_1205_5_five.mp4;C:\Users\esthe\Downloads\small boiteux 12_\Boit_1205_6_three.mp4;C:\Users\esthe\Downloads\small boiteux 12_\Boit_1205_7_one.mp4;C:\Users\esthe\Downloads\small boiteux 12_\Boit_1205_8_five.mp4;C:\Users\esthe\Downloads\small boiteux 12_\Boit_1205_9_seven.mp4,0.0,33.361;14.067;14.331;21.564;6.399;8.664;23.761;18.197;19.200;7.900;7.064;10.199;28.898,30.000;30.000;30.000;30.000;30.000;30.000;30.000;30.000;30.000;30.000;30.000;30.000;30.000,Boiteux,licking,,,POINT,25.996,C:\Users\esthe\Downloads\small boiteux 12_\Boi_1205_1_seven.mp4,780,NA,
boit_1205,2025-06-05 16:05:44.780,,209.095,Media file(s),player #1:C:\Users\esthe\Downloads\small boiteux 12_\Boi_1205_1_seven.mp4;C:\Users\esthe\Downloads\small boiteux 12_\Boit_1205_10_three.mp4;C:\Users\esthe\Downloads\small boiteux 12_\Boit_1205_11_five.mp4;C:\Users\esthe\Downloads\small boiteux 12_\Boit_1205_12_control.mp4;C:\Users\esthe\Downloads\small boiteux 12_\Boit_1205_13_control.mp4;C:\Users\esthe\Downloads\small boiteux 12_\Boit_1205_2_three.mp4;C:\Users\esthe\Downloads\small boiteux 12_\Boit_1205_3_five.mp4;C:\Users\esthe\Downloads\small boiteux 12_\Boit_1205_4_one.mp4;C:\Users\esthe\Downloads\small boiteux 12_\Boit_1205_5_five.mp4;C:\Users\esthe\Downloads\small boiteux 12_\Boit_1205_6_three.mp4;C:\Users\esthe\Downloads\small boiteux 12_\Boit_1205_7_one.mp4;C:\Users\esthe\Downloads\small boiteux 12_\Boit_1205_8_five.mp4;C:\Users\esthe\Downloads\small boiteux 12_\Boit_1205_9_seven.mp4,0.0,33.361;14.067;14.331;21.564;6.399;8.664;23.761;18.197;19.200;7.900;7.064;10.199;28.898,30.000;30.000;30.000;30.000;30.000;30.000;30.000;30.000;30.000;30.000;30.000;30.000;30.000,Boiteux,jaw movement,,,POINT,26.562,C:\Users\esthe\Downloads\small boiteux 12_\Boi_1205_1_seven.mp4,797,NA,
boit_1205,2025-06-05 16:05:44.780,,209.095,Media file(s),player #1:C:\Users\esthe\Downloads\small boiteux 12_\Boi_1205_1_seven.mp4;C:\Users\esthe\Downloads\small boiteux 12_\Boit_1205_10_three.mp4;C:\Users\esthe\Downloads\small boiteux 12_\Boit_1205_11_five.mp4;C:\Users\esthe\Downloads\small boiteux 12_\Boit_1205_12_control.mp4;C:\Users\esthe\Downloads\small boiteux 12_\Boit_1205_13_control.mp4;C:\Users\esthe\Downloads\small boiteux 12_\Boit_1205_2_three.mp4;C:\Users\esthe\Downloads\small boiteux 12_\Boit_1205_3_five.mp4;C:\Users\esthe\Downloads\small boiteux 12_\Boit_1205_4_one.mp4;C:\Users\esthe\Downloads\small boiteux 12_\Boit_1205_5_five.mp4;C:\Users\esthe\Downloads\small boiteux 12_\Boit_1205_6_three.mp4;C:\Users\esthe\Downloads\small boiteux 12_\Boit_1205_7_one.mp4;C:\Users\esthe\Downloads\small boiteux 12_\Boit_1205_8_five.mp4;C:\Users\esthe\Downloads\small boiteux 12_\Boit_1205_9_seven.mp4,0.0,33.361;14.067;14.331;21.564;6.399;8.664;23.761;18.197;19.200;7.900;7.064;10.199;28.898,30.000;30.000;30.000;30.000;30.000;30.000;30.000;30.000;30.000;30.000;30.000;30.000;30.000,Boiteux,sniffing,,,POINT,26.829,C:\Users\esthe\Downloads\small boiteux 12_\Boi_1205_1_seven.mp4,805,NA,
boit_1205,2025-06-05 16:05:44.780,,209.095,Media file(s),player #1:C:\Users\esthe\Downloads\small boiteux 12_\Boi_1205_1_seven.mp4;C:\Users\esthe\Downloads\small boiteux 12_\Boit_1205_10_three.mp4;C:\Users\esthe\Downloads\small boiteux 12_\Boit_1205_11_five.mp4;C:\Users\esthe\Downloads\small boiteux 12_\Boit_1205_12_control.mp4;C:\Users\esthe\Downloads\small boiteux 12_\Boit_1205_13_control.mp4;C:\Users\esthe\Downloads\small boiteux 12_\Boit_1205_2_three.mp4;C:\Users\esthe\Downloads\small boiteux 12_\Boit_1205_3_five.mp4;C:\Users\esthe\Downloads\small boiteux 12_\Boit_1205_4_one.mp4;C:\Users\esthe\Downloads\small boiteux 12_\Boit_1205_5_five.mp4;C:\Users\esthe\Downloads\small boiteux 12_\Boit_1205_6_three.mp4;C:\Users\esthe\Downloads\small boiteux 12_\Boit_1205_7_one.mp4;C:\Users\esthe\Downloads\small boiteux 12_\Boit_1205_8_five.mp4;C:\Users\esthe\Downloads\small boiteux 12_\Boit_1205_9_seven.mp4,0.0,33.361;14.067;14.331;21.564;6.399;8.664;23.761;18.197;19.200;7.900;7.064;10.199;28.898,30.000;30.000;30.000;30.000;30.000;30.000;30.000;30.000;30.000;30.000;30.000;30.000;30.000,Boiteux,rotation,,Horizontal,START,26.862,C:\Users\esthe\Downloads\small boiteux 12_\Boi_1205_1_seven.mp4,806,NA,
boit_1205,2025-06-05 16:05:44.780,,209.095,Media file(s),player #1:C:\Users\esthe\Downloads\small boiteux 12_\Boi_1205_1_seven.mp4;C:\Users\esthe\Downloads\small boiteux 12_\Boit_1205_10_three.mp4;C:\Users\esthe\Downloads\small boiteux 12_\Boit_1205_11_five.mp4;C:\Users\esthe\Downloads\small boiteux 12_\Boit_1205_12_control.mp4;C:\Users\esthe\Downloads\small boiteux 12_\Boit_1205_13_control.mp4;C:\Users\esthe\Downloads\small boiteux 12_\Boit_1205_2_three.mp4;C:\Users\esthe\Downloads\small boiteux 12_\Boit_1205_3_five.mp4;C:\Users\esthe\Downloads\small boiteux 12_\Boit_1205_4_one.mp4;C:\Users\esthe\Downloads\small boiteux 12_\Boit_1205_5_five.mp4;C:\Users\esthe\Downloads\small boiteux 12_\Boit_1205_6_three.mp4;C:\Users\esthe\Downloads\small boiteux 12_\Boit_1205_7_one.mp4;C:\Users\esthe\Downloads\small boiteux 12_\Boit_1205_8_five.mp4;C:\Users\esthe\Downloads\small boiteux 12_\Boit_1205_9_seven.mp4,0.0,33.361;14.067;14.331;21.564;6.399;8.664;23.761;18.197;19.200;7.900;7.064;10.199;28.898,30.000;30.000;30.000;30.000;30.000;30.000;30.000;30.000;30.000;30.000;30.000;30.000;30.000,Boiteux,rotation,,Horizontal,STOP,27.129,C:\Users\esthe\Downloads\small boiteux 12_\Boi_1205_1_seven.mp4,814,NA,
boit_1205,2025-06-05 16:05:44.780,,209.095,Media file(s),player #1:C:\Users\esthe\Downloads\small boiteux 12_\Boi_1205_1_seven.mp4;C:\Users\esthe\Downloads\small boiteux 12_\Boit_1205_10_three.mp4;C:\Users\esthe\Downloads\small boiteux 12_\Boit_1205_11_five.mp4;C:\Users\esthe\Downloads\small boiteux 12_\Boit_1205_12_control.mp4;C:\Users\esthe\Downloads\small boiteux 12_\Boit_1205_13_control.mp4;C:\Users\esthe\Downloads\small boiteux 12_\Boit_1205_2_three.mp4;C:\Users\esthe\Downloads\small boiteux 12_\Boit_1205_3_five.mp4;C:\Users\esthe\Downloads\small boiteux 12_\Boit_1205_4_one.mp4;C:\Users\esthe\Downloads\small boiteux 12_\Boit_1205_5_five.mp4;C:\Users\esthe\Downloads\small boiteux 12_\Boit_1205_6_three.mp4;C:\Users\esthe\Downloads\small boiteux 12_\Boit_1205_7_one.mp4;C:\Users\esthe\Downloads\small boiteux 12_\Boit_1205_8_five.mp4;C:\Users\esthe\Downloads\small boiteux 12_\Boit_1205_9_seven.mp4,0.0,33.361;14.067;14.331;21.564;6.399;8.664;23.761;18.197;19.200;7.900;7.064;10.199;28.898,30.000;30.000;30.000;30.000;30.000;30.000;30.000;30.000;30.000;30.000;30.000;30.000;30.000,Boiteux,licking,,,POINT,27.162,C:\Users\esthe\Downloads\small boiteux 12_\Boi_1205_1_seven.mp4,815,NA,
boit_1205,2025-06-05 16:05:44.780,,209.095,Media file(s),player #1:C:\Users\esthe\Downloads\small boiteux 12_\Boi_1205_1_seven.mp4;C:\Users\esthe\Downloads\small boiteux 12_\Boit_1205_10_three.mp4;C:\Users\esthe\Downloads\small boiteux 12_\Boit_1205_11_five.mp4;C:\Users\esthe\Downloads\small boiteux 12_\Boit_1205_12_control.mp4;C:\Users\esthe\Downloads\small boiteux 12_\Boit_1205_13_control.mp4;C:\Users\esthe\Downloads\small boiteux 12_\Boit_1205_2_three.mp4;C:\Users\esthe\Downloads\small boiteux 12_\Boit_1205_3_five.mp4;C:\Users\esthe\Downloads\small boiteux 12_\Boit_1205_4_one.mp4;C:\Users\esthe\Downloads\small boiteux 12_\Boit_1205_5_five.mp4;C:\Users\esthe\Downloads\small boiteux 12_\Boit_1205_6_three.mp4;C:\Users\esthe\Downloads\small boiteux 12_\Boit_1205_7_one.mp4;C:\Users\esthe\Downloads\small boiteux 12_\Boit_1205_8_five.mp4;C:\Users\esthe\Downloads\small boiteux 12_\Boit_1205_9_seven.mp4,0.0,33.361;14.067;14.331;21.564;6.399;8.664;23.761;18.197;19.200;7.900;7.064;10.199;28.898,30.000;30.000;30.000;30.000;30.000;30.000;30.000;30.000;30.000;30.000;30.000;30.000;30.000,Boiteux,licking,,,POINT,27.862,C:\Users\esthe\Downloads\small boiteux 12_\Boi_1205_1_seven.mp4,836,NA,
boit_1205,2025-06-05 16:05:44.780,,209.095,Media file(s),player #1:C:\Users\esthe\Downloads\small boiteux 12_\Boi_1205_1_seven.mp4;C:\Users\esthe\Downloads\small boiteux 12_\Boit_1205_10_three.mp4;C:\Users\esthe\Downloads\small boiteux 12_\Boit_1205_11_five.mp4;C:\Users\esthe\Downloads\small boiteux 12_\Boit_1205_12_control.mp4;C:\Users\esthe\Downloads\small boiteux 12_\Boit_1205_13_control.mp4;C:\Users\esthe\Downloads\small boiteux 12_\Boit_1205_2_three.mp4;C:\Users\esthe\Downloads\small boiteux 12_\Boit_1205_3_five.mp4;C:\Users\esthe\Downloads\small boiteux 12_\Boit_1205_4_one.mp4;C:\Users\esthe\Downloads\small boiteux 12_\Boit_1205_5_five.mp4;C:\Users\esthe\Downloads\small boiteux 12_\Boit_1205_6_three.mp4;C:\Users\esthe\Downloads\small boiteux 12_\Boit_1205_7_one.mp4;C:\Users\esthe\Downloads\small boiteux 12_\Boit_1205_8_five.mp4;C:\Users\esthe\Downloads\small boiteux 12_\Boit_1205_9_seven.mp4,0.0,33.361;14.067;14.331;21.564;6.399;8.664;23.761;18.197;19.200;7.900;7.064;10.199;28.898,30.000;30.000;30.000;30.000;30.000;30.000;30.000;30.000;30.000;30.000;30.000;30.000;30.000,Boiteux,jaw movement,,,POINT,28.229,C:\Users\esthe\Downloads\small boiteux 12_\Boi_1205_1_seven.mp4,847,NA,
boit_1205,2025-06-05 16:05:44.780,,209.095,Media file(s),player #1:C:\Users\esthe\Downloads\small boiteux 12_\Boi_1205_1_seven.mp4;C:\Users\esthe\Downloads\small boiteux 12_\Boit_1205_10_three.mp4;C:\Users\esthe\Downloads\small boiteux 12_\Boit_1205_11_five.mp4;C:\Users\esthe\Downloads\small boiteux 12_\Boit_1205_12_control.mp4;C:\Users\esthe\Downloads\small boiteux 12_\Boit_1205_13_control.mp4;C:\Users\esthe\Downloads\small boiteux 12_\Boit_1205_2_three.mp4;C:\Users\esthe\Downloads\small boiteux 12_\Boit_1205_3_five.mp4;C:\Users\esthe\Downloads\small boiteux 12_\Boit_1205_4_one.mp4;C:\Users\esthe\Downloads\small boiteux 12_\Boit_1205_5_five.mp4;C:\Users\esthe\Downloads\small boiteux 12_\Boit_1205_6_three.mp4;C:\Users\esthe\Downloads\small boiteux 12_\Boit_1205_7_one.mp4;C:\Users\esthe\Downloads\small boiteux 12_\Boit_1205_8_five.mp4;C:\Users\esthe\Downloads\small boiteux 12_\Boit_1205_9_seven.mp4,0.0,33.361;14.067;14.331;21.564;6.399;8.664;23.761;18.197;19.200;7.900;7.064;10.199;28.898,30.000;30.000;30.000;30.000;30.000;30.000;30.000;30.000;30.000;30.000;30.000;30.000;30.000,Boiteux,jaw movement,,,POINT,28.395,C:\Users\esthe\Downloads\small boiteux 12_\Boi_1205_1_seven.mp4,852,NA,
boit_1205,2025-06-05 16:05:44.780,,209.095,Media file(s),player #1:C:\Users\esthe\Downloads\small boiteux 12_\Boi_1205_1_seven.mp4;C:\Users\esthe\Downloads\small boiteux 12_\Boit_1205_10_three.mp4;C:\Users\esthe\Downloads\small boiteux 12_\Boit_1205_11_five.mp4;C:\Users\esthe\Downloads\small boiteux 12_\Boit_1205_12_control.mp4;C:\Users\esthe\Downloads\small boiteux 12_\Boit_1205_13_control.mp4;C:\Users\esthe\Downloads\small boiteux 12_\Boit_1205_2_three.mp4;C:\Users\esthe\Downloads\small boiteux 12_\Boit_1205_3_five.mp4;C:\Users\esthe\Downloads\small boiteux 12_\Boit_1205_4_one.mp4;C:\Users\esthe\Downloads\small boiteux 12_\Boit_1205_5_five.mp4;C:\Users\esthe\Downloads\small boiteux 12_\Boit_1205_6_three.mp4;C:\Users\esthe\Downloads\small boiteux 12_\Boit_1205_7_one.mp4;C:\Users\esthe\Downloads\small boiteux 12_\Boit_1205_8_five.mp4;C:\Users\esthe\Downloads\small boiteux 12_\Boit_1205_9_seven.mp4,0.0,33.361;14.067;14.331;21.564;6.399;8.664;23.761;18.197;19.200;7.900;7.064;10.199;28.898,30.000;30.000;30.000;30.000;30.000;30.000;30.000;30.000;30.000;30.000;30.000;30.000;30.000,Boiteux,licking,,,POINT,28.562,C:\Users\esthe\Downloads\small boiteux 12_\Boi_1205_1_seven.mp4,857,NA,
boit_1205,2025-06-05 16:05:44.780,,209.095,Media file(s),player #1:C:\Users\esthe\Downloads\small boiteux 12_\Boi_1205_1_seven.mp4;C:\Users\esthe\Downloads\small boiteux 12_\Boit_1205_10_three.mp4;C:\Users\esthe\Downloads\small boiteux 12_\Boit_1205_11_five.mp4;C:\Users\esthe\Downloads\small boiteux 12_\Boit_1205_12_control.mp4;C:\Users\esthe\Downloads\small boiteux 12_\Boit_1205_13_control.mp4;C:\Users\esthe\Downloads\small boiteux 12_\Boit_1205_2_three.mp4;C:\Users\esthe\Downloads\small boiteux 12_\Boit_1205_3_five.mp4;C:\Users\esthe\Downloads\small boiteux 12_\Boit_1205_4_one.mp4;C:\Users\esthe\Downloads\small boiteux 12_\Boit_1205_5_five.mp4;C:\Users\esthe\Downloads\small boiteux 12_\Boit_1205_6_three.mp4;C:\Users\esthe\Downloads\small boiteux 12_\Boit_1205_7_one.mp4;C:\Users\esthe\Downloads\small boiteux 12_\Boit_1205_8_five.mp4;C:\Users\esthe\Downloads\small boiteux 12_\Boit_1205_9_seven.mp4,0.0,33.361;14.067;14.331;21.564;6.399;8.664;23.761;18.197;19.200;7.900;7.064;10.199;28.898,30.000;30.000;30.000;30.000;30.000;30.000;30.000;30.000;30.000;30.000;30.000;30.000;30.000,Boiteux,rotation,,Horizontal,START,28.695,C:\Users\esthe\Downloads\small boiteux 12_\Boi_1205_1_seven.mp4,861,NA,
boit_1205,2025-06-05 16:05:44.780,,209.095,Media file(s),player #1:C:\Users\esthe\Downloads\small boiteux 12_\Boi_1205_1_seven.mp4;C:\Users\esthe\Downloads\small boiteux 12_\Boit_1205_10_three.mp4;C:\Users\esthe\Downloads\small boiteux 12_\Boit_1205_11_five.mp4;C:\Users\esthe\Downloads\small boiteux 12_\Boit_1205_12_control.mp4;C:\Users\esthe\Downloads\small boiteux 12_\Boit_1205_13_control.mp4;C:\Users\esthe\Downloads\small boiteux 12_\Boit_1205_2_three.mp4;C:\Users\esthe\Downloads\small boiteux 12_\Boit_1205_3_five.mp4;C:\Users\esthe\Downloads\small boiteux 12_\Boit_1205_4_one.mp4;C:\Users\esthe\Downloads\small boiteux 12_\Boit_1205_5_five.mp4;C:\Users\esthe\Downloads\small boiteux 12_\Boit_1205_6_three.mp4;C:\Users\esthe\Downloads\small boiteux 12_\Boit_1205_7_one.mp4;C:\Users\esthe\Downloads\small boiteux 12_\Boit_1205_8_five.mp4;C:\Users\esthe\Downloads\small boiteux 12_\Boit_1205_9_seven.mp4,0.0,33.361;14.067;14.331;21.564;6.399;8.664;23.761;18.197;19.200;7.900;7.064;10.199;28.898,30.000;30.000;30.000;30.000;30.000;30.000;30.000;30.000;30.000;30.000;30.000;30.000;30.000,Boiteux,rotation,,Horizontal,STOP,28.895,C:\Users\esthe\Downloads\small boiteux 12_\Boi_1205_1_seven.mp4,867,NA,
boit_1205,2025-06-05 16:05:44.780,,209.095,Media file(s),player #1:C:\Users\esthe\Downloads\small boiteux 12_\Boi_1205_1_seven.mp4;C:\Users\esthe\Downloads\small boiteux 12_\Boit_1205_10_three.mp4;C:\Users\esthe\Downloads\small boiteux 12_\Boit_1205_11_five.mp4;C:\Users\esthe\Downloads\small boiteux 12_\Boit_1205_12_control.mp4;C:\Users\esthe\Downloads\small boiteux 12_\Boit_1205_13_control.mp4;C:\Users\esthe\Downloads\small boiteux 12_\Boit_1205_2_three.mp4;C:\Users\esthe\Downloads\small boiteux 12_\Boit_1205_3_five.mp4;C:\Users\esthe\Downloads\small boiteux 12_\Boit_1205_4_one.mp4;C:\Users\esthe\Downloads\small boiteux 12_\Boit_1205_5_five.mp4;C:\Users\esthe\Downloads\small boiteux 12_\Boit_1205_6_three.mp4;C:\Users\esthe\Downloads\small boiteux 12_\Boit_1205_7_one.mp4;C:\Users\esthe\Downloads\small boiteux 12_\Boit_1205_8_five.mp4;C:\Users\esthe\Downloads\small boiteux 12_\Boit_1205_9_seven.mp4,0.0,33.361;14.067;14.331;21.564;6.399;8.664;23.761;18.197;19.200;7.900;7.064;10.199;28.898,30.000;30.000;30.000;30.000;30.000;30.000;30.000;30.000;30.000;30.000;30.000;30.000;30.000,Boiteux,jaw movement,,,POINT,28.929,C:\Users\esthe\Downloads\small boiteux 12_\Boi_1205_1_seven.mp4,868,NA,
boit_1205,2025-06-05 16:05:44.780,,209.095,Media file(s),player #1:C:\Users\esthe\Downloads\small boiteux 12_\Boi_1205_1_seven.mp4;C:\Users\esthe\Downloads\small boiteux 12_\Boit_1205_10_three.mp4;C:\Users\esthe\Downloads\small boiteux 12_\Boit_1205_11_five.mp4;C:\Users\esthe\Downloads\small boiteux 12_\Boit_1205_12_control.mp4;C:\Users\esthe\Downloads\small boiteux 12_\Boit_1205_13_control.mp4;C:\Users\esthe\Downloads\small boiteux 12_\Boit_1205_2_three.mp4;C:\Users\esthe\Downloads\small boiteux 12_\Boit_1205_3_five.mp4;C:\Users\esthe\Downloads\small boiteux 12_\Boit_1205_4_one.mp4;C:\Users\esthe\Downloads\small boiteux 12_\Boit_1205_5_five.mp4;C:\Users\esthe\Downloads\small boiteux 12_\Boit_1205_6_three.mp4;C:\Users\esthe\Downloads\small boiteux 12_\Boit_1205_7_one.mp4;C:\Users\esthe\Downloads\small boiteux 12_\Boit_1205_8_five.mp4;C:\Users\esthe\Downloads\small boiteux 12_\Boit_1205_9_seven.mp4,0.0,33.361;14.067;14.331;21.564;6.399;8.664;23.761;18.197;19.200;7.900;7.064;10.199;28.898,30.000;30.000;30.000;30.000;30.000;30.000;30.000;30.000;30.000;30.000;30.000;30.000;30.000,Boiteux,licking,,,POINT,29.062,C:\Users\esthe\Downloads\small boiteux 12_\Boi_1205_1_seven.mp4,872,NA,
boit_1205,2025-06-05 16:05:44.780,,209.095,Media file(s),player #1:C:\Users\esthe\Downloads\small boiteux 12_\Boi_1205_1_seven.mp4;C:\Users\esthe\Downloads\small boiteux 12_\Boit_1205_10_three.mp4;C:\Users\esthe\Downloads\small boiteux 12_\Boit_1205_11_five.mp4;C:\Users\esthe\Downloads\small boiteux 12_\Boit_1205_12_control.mp4;C:\Users\esthe\Downloads\small boiteux 12_\Boit_1205_13_control.mp4;C:\Users\esthe\Downloads\small boiteux 12_\Boit_1205_2_three.mp4;C:\Users\esthe\Downloads\small boiteux 12_\Boit_1205_3_five.mp4;C:\Users\esthe\Downloads\small boiteux 12_\Boit_1205_4_one.mp4;C:\Users\esthe\Downloads\small boiteux 12_\Boit_1205_5_five.mp4;C:\Users\esthe\Downloads\small boiteux 12_\Boit_1205_6_three.mp4;C:\Users\esthe\Downloads\small boiteux 12_\Boit_1205_7_one.mp4;C:\Users\esthe\Downloads\small boiteux 12_\Boit_1205_8_five.mp4;C:\Users\esthe\Downloads\small boiteux 12_\Boit_1205_9_seven.mp4,0.0,33.361;14.067;14.331;21.564;6.399;8.664;23.761;18.197;19.200;7.900;7.064;10.199;28.898,30.000;30.000;30.000;30.000;30.000;30.000;30.000;30.000;30.000;30.000;30.000;30.000;30.000,Boiteux,rotation,,Horizontal,START,29.095,C:\Users\esthe\Downloads\small boiteux 12_\Boi_1205_1_seven.mp4,873,NA,
boit_1205,2025-06-05 16:05:44.780,,209.095,Media file(s),player #1:C:\Users\esthe\Downloads\small boiteux 12_\Boi_1205_1_seven.mp4;C:\Users\esthe\Downloads\small boiteux 12_\Boit_1205_10_three.mp4;C:\Users\esthe\Downloads\small boiteux 12_\Boit_1205_11_five.mp4;C:\Users\esthe\Downloads\small boiteux 12_\Boit_1205_12_control.mp4;C:\Users\esthe\Downloads\small boiteux 12_\Boit_1205_13_control.mp4;C:\Users\esthe\Downloads\small boiteux 12_\Boit_1205_2_three.mp4;C:\Users\esthe\Downloads\small boiteux 12_\Boit_1205_3_five.mp4;C:\Users\esthe\Downloads\small boiteux 12_\Boit_1205_4_one.mp4;C:\Users\esthe\Downloads\small boiteux 12_\Boit_1205_5_five.mp4;C:\Users\esthe\Downloads\small boiteux 12_\Boit_1205_6_three.mp4;C:\Users\esthe\Downloads\small boiteux 12_\Boit_1205_7_one.mp4;C:\Users\esthe\Downloads\small boiteux 12_\Boit_1205_8_five.mp4;C:\Users\esthe\Downloads\small boiteux 12_\Boit_1205_9_seven.mp4,0.0,33.361;14.067;14.331;21.564;6.399;8.664;23.761;18.197;19.200;7.900;7.064;10.199;28.898,30.000;30.000;30.000;30.000;30.000;30.000;30.000;30.000;30.000;30.000;30.000;30.000;30.000,Boiteux,rotation,,Horizontal,STOP,29.295,C:\Users\esthe\Downloads\small boiteux 12_\Boi_1205_1_seven.mp4,879,NA,
boit_1205,2025-06-05 16:05:44.780,,209.095,Media file(s),player #1:C:\Users\esthe\Downloads\small boiteux 12_\Boi_1205_1_seven.mp4;C:\Users\esthe\Downloads\small boiteux 12_\Boit_1205_10_three.mp4;C:\Users\esthe\Downloads\small boiteux 12_\Boit_1205_11_five.mp4;C:\Users\esthe\Downloads\small boiteux 12_\Boit_1205_12_control.mp4;C:\Users\esthe\Downloads\small boiteux 12_\Boit_1205_13_control.mp4;C:\Users\esthe\Downloads\small boiteux 12_\Boit_1205_2_three.mp4;C:\Users\esthe\Downloads\small boiteux 12_\Boit_1205_3_five.mp4;C:\Users\esthe\Downloads\small boiteux 12_\Boit_1205_4_one.mp4;C:\Users\esthe\Downloads\small boiteux 12_\Boit_1205_5_five.mp4;C:\Users\esthe\Downloads\small boiteux 12_\Boit_1205_6_three.mp4;C:\Users\esthe\Downloads\small boiteux 12_\Boit_1205_7_one.mp4;C:\Users\esthe\Downloads\small boiteux 12_\Boit_1205_8_five.mp4;C:\Users\esthe\Downloads\small boiteux 12_\Boit_1205_9_seven.mp4,0.0,33.361;14.067;14.331;21.564;6.399;8.664;23.761;18.197;19.200;7.900;7.064;10.199;28.898,30.000;30.000;30.000;30.000;30.000;30.000;30.000;30.000;30.000;30.000;30.000;30.000;30.000,Boiteux,jaw movement,,,POINT,29.328,C:\Users\esthe\Downloads\small boiteux 12_\Boi_1205_1_seven.mp4,880,NA,
boit_1205,2025-06-05 16:05:44.780,,209.095,Media file(s),player #1:C:\Users\esthe\Downloads\small boiteux 12_\Boi_1205_1_seven.mp4;C:\Users\esthe\Downloads\small boiteux 12_\Boit_1205_10_three.mp4;C:\Users\esthe\Downloads\small boiteux 12_\Boit_1205_11_five.mp4;C:\Users\esthe\Downloads\small boiteux 12_\Boit_1205_12_control.mp4;C:\Users\esthe\Downloads\small boiteux 12_\Boit_1205_13_control.mp4;C:\Users\esthe\Downloads\small boiteux 12_\Boit_1205_2_three.mp4;C:\Users\esthe\Downloads\small boiteux 12_\Boit_1205_3_five.mp4;C:\Users\esthe\Downloads\small boiteux 12_\Boit_1205_4_one.mp4;C:\Users\esthe\Downloads\small boiteux 12_\Boit_1205_5_five.mp4;C:\Users\esthe\Downloads\small boiteux 12_\Boit_1205_6_three.mp4;C:\Users\esthe\Downloads\small boiteux 12_\Boit_1205_7_one.mp4;C:\Users\esthe\Downloads\small boiteux 12_\Boit_1205_8_five.mp4;C:\Users\esthe\Downloads\small boiteux 12_\Boit_1205_9_seven.mp4,0.0,33.361;14.067;14.331;21.564;6.399;8.664;23.761;18.197;19.200;7.900;7.064;10.199;28.898,30.000;30.000;30.000;30.000;30.000;30.000;30.000;30.000;30.000;30.000;30.000;30.000;30.000,Boiteux,rotation,,Horizontal,START,29.528,C:\Users\esthe\Downloads\small boiteux 12_\Boi_1205_1_seven.mp4,886,NA,
boit_1205,2025-06-05 16:05:44.780,,209.095,Media file(s),player #1:C:\Users\esthe\Downloads\small boiteux 12_\Boi_1205_1_seven.mp4;C:\Users\esthe\Downloads\small boiteux 12_\Boit_1205_10_three.mp4;C:\Users\esthe\Downloads\small boiteux 12_\Boit_1205_11_five.mp4;C:\Users\esthe\Downloads\small boiteux 12_\Boit_1205_12_control.mp4;C:\Users\esthe\Downloads\small boiteux 12_\Boit_1205_13_control.mp4;C:\Users\esthe\Downloads\small boiteux 12_\Boit_1205_2_three.mp4;C:\Users\esthe\Downloads\small boiteux 12_\Boit_1205_3_five.mp4;C:\Users\esthe\Downloads\small boiteux 12_\Boit_1205_4_one.mp4;C:\Users\esthe\Downloads\small boiteux 12_\Boit_1205_5_five.mp4;C:\Users\esthe\Downloads\small boiteux 12_\Boit_1205_6_three.mp4;C:\Users\esthe\Downloads\small boiteux 12_\Boit_1205_7_one.mp4;C:\Users\esthe\Downloads\small boiteux 12_\Boit_1205_8_five.mp4;C:\Users\esthe\Downloads\small boiteux 12_\Boit_1205_9_seven.mp4,0.0,33.361;14.067;14.331;21.564;6.399;8.664;23.761;18.197;19.200;7.900;7.064;10.199;28.898,30.000;30.000;30.000;30.000;30.000;30.000;30.000;30.000;30.000;30.000;30.000;30.000;30.000,Boiteux,rotation,,Horizontal,STOP,29.795,C:\Users\esthe\Downloads\small boiteux 12_\Boi_1205_1_seven.mp4,894,NA,
boit_1205,2025-06-05 16:05:44.780,,209.095,Media file(s),player #1:C:\Users\esthe\Downloads\small boiteux 12_\Boi_1205_1_seven.mp4;C:\Users\esthe\Downloads\small boiteux 12_\Boit_1205_10_three.mp4;C:\Users\esthe\Downloads\small boiteux 12_\Boit_1205_11_five.mp4;C:\Users\esthe\Downloads\small boiteux 12_\Boit_1205_12_control.mp4;C:\Users\esthe\Downloads\small boiteux 12_\Boit_1205_13_control.mp4;C:\Users\esthe\Downloads\small boiteux 12_\Boit_1205_2_three.mp4;C:\Users\esthe\Downloads\small boiteux 12_\Boit_1205_3_five.mp4;C:\Users\esthe\Downloads\small boiteux 12_\Boit_1205_4_one.mp4;C:\Users\esthe\Downloads\small boiteux 12_\Boit_1205_5_five.mp4;C:\Users\esthe\Downloads\small boiteux 12_\Boit_1205_6_three.mp4;C:\Users\esthe\Downloads\small boiteux 12_\Boit_1205_7_one.mp4;C:\Users\esthe\Downloads\small boiteux 12_\Boit_1205_8_five.mp4;C:\Users\esthe\Downloads\small boiteux 12_\Boit_1205_9_seven.mp4,0.0,33.361;14.067;14.331;21.564;6.399;8.664;23.761;18.197;19.200;7.900;7.064;10.199;28.898,30.000;30.000;30.000;30.000;30.000;30.000;30.000;30.000;30.000;30.000;30.000;30.000;30.000,Boiteux,licking,,,POINT,29.928,C:\Users\esthe\Downloads\small boiteux 12_\Boi_1205_1_seven.mp4,898,NA,
boit_1205,2025-06-05 16:05:44.780,,209.095,Media file(s),player #1:C:\Users\esthe\Downloads\small boiteux 12_\Boi_1205_1_seven.mp4;C:\Users\esthe\Downloads\small boiteux 12_\Boit_1205_10_three.mp4;C:\Users\esthe\Downloads\small boiteux 12_\Boit_1205_11_five.mp4;C:\Users\esthe\Downloads\small boiteux 12_\Boit_1205_12_control.mp4;C:\Users\esthe\Downloads\small boiteux 12_\Boit_1205_13_control.mp4;C:\Users\esthe\Downloads\small boiteux 12_\Boit_1205_2_three.mp4;C:\Users\esthe\Downloads\small boiteux 12_\Boit_1205_3_five.mp4;C:\Users\esthe\Downloads\small boiteux 12_\Boit_1205_4_one.mp4;C:\Users\esthe\Downloads\small boiteux 12_\Boit_1205_5_five.mp4;C:\Users\esthe\Downloads\small boiteux 12_\Boit_1205_6_three.mp4;C:\Users\esthe\Downloads\small boiteux 12_\Boit_1205_7_one.mp4;C:\Users\esthe\Downloads\small boiteux 12_\Boit_1205_8_five.mp4;C:\Users\esthe\Downloads\small boiteux 12_\Boit_1205_9_seven.mp4,0.0,33.361;14.067;14.331;21.564;6.399;8.664;23.761;18.197;19.200;7.900;7.064;10.199;28.898,30.000;30.000;30.000;30.000;30.000;30.000;30.000;30.000;30.000;30.000;30.000;30.000;30.000,Boiteux,jaw movement,,,POINT,30.228,C:\Users\esthe\Downloads\small boiteux 12_\Boi_1205_1_seven.mp4,907,NA,
boit_1205,2025-06-05 16:05:44.780,,209.095,Media file(s),player #1:C:\Users\esthe\Downloads\small boiteux 12_\Boi_1205_1_seven.mp4;C:\Users\esthe\Downloads\small boiteux 12_\Boit_1205_10_three.mp4;C:\Users\esthe\Downloads\small boiteux 12_\Boit_1205_11_five.mp4;C:\Users\esthe\Downloads\small boiteux 12_\Boit_1205_12_control.mp4;C:\Users\esthe\Downloads\small boiteux 12_\Boit_1205_13_control.mp4;C:\Users\esthe\Downloads\small boiteux 12_\Boit_1205_2_three.mp4;C:\Users\esthe\Downloads\small boiteux 12_\Boit_1205_3_five.mp4;C:\Users\esthe\Downloads\small boiteux 12_\Boit_1205_4_one.mp4;C:\Users\esthe\Downloads\small boiteux 12_\Boit_1205_5_five.mp4;C:\Users\esthe\Downloads\small boiteux 12_\Boit_1205_6_three.mp4;C:\Users\esthe\Downloads\small boiteux 12_\Boit_1205_7_one.mp4;C:\Users\esthe\Downloads\small boiteux 12_\Boit_1205_8_five.mp4;C:\Users\esthe\Downloads\small boiteux 12_\Boit_1205_9_seven.mp4,0.0,33.361;14.067;14.331;21.564;6.399;8.664;23.761;18.197;19.200;7.900;7.064;10.199;28.898,30.000;30.000;30.000;30.000;30.000;30.000;30.000;30.000;30.000;30.000;30.000;30.000;30.000,Boiteux,mouth,,,POINT,30.562,C:\Users\esthe\Downloads\small boiteux 12_\Boi_1205_1_seven.mp4,917,NA,
boit_1205,2025-06-05 16:05:44.780,,209.095,Media file(s),player #1:C:\Users\esthe\Downloads\small boiteux 12_\Boi_1205_1_seven.mp4;C:\Users\esthe\Downloads\small boiteux 12_\Boit_1205_10_three.mp4;C:\Users\esthe\Downloads\small boiteux 12_\Boit_1205_11_five.mp4;C:\Users\esthe\Downloads\small boiteux 12_\Boit_1205_12_control.mp4;C:\Users\esthe\Downloads\small boiteux 12_\Boit_1205_13_control.mp4;C:\Users\esthe\Downloads\small boiteux 12_\Boit_1205_2_three.mp4;C:\Users\esthe\Downloads\small boiteux 12_\Boit_1205_3_five.mp4;C:\Users\esthe\Downloads\small boiteux 12_\Boit_1205_4_one.mp4;C:\Users\esthe\Downloads\small boiteux 12_\Boit_1205_5_five.mp4;C:\Users\esthe\Downloads\small boiteux 12_\Boit_1205_6_three.mp4;C:\Users\esthe\Downloads\small boiteux 12_\Boit_1205_7_one.mp4;C:\Users\esthe\Downloads\small boiteux 12_\Boit_1205_8_five.mp4;C:\Users\esthe\Downloads\small boiteux 12_\Boit_1205_9_seven.mp4,0.0,33.361;14.067;14.331;21.564;6.399;8.664;23.761;18.197;19.200;7.900;7.064;10.199;28.898,30.000;30.000;30.000;30.000;30.000;30.000;30.000;30.000;30.000;30.000;30.000;30.000;30.000,Boiteux,assessing,,,STOP,30.662,C:\Users\esthe\Downloads\small boiteux 12_\Boi_1205_1_seven.mp4,920,NA,
boit_1205,2025-06-05 16:05:44.780,,209.095,Media file(s),player #1:C:\Users\esthe\Downloads\small boiteux 12_\Boi_1205_1_seven.mp4;C:\Users\esthe\Downloads\small boiteux 12_\Boit_1205_10_three.mp4;C:\Users\esthe\Downloads\small boiteux 12_\Boit_1205_11_five.mp4;C:\Users\esthe\Downloads\small boiteux 12_\Boit_1205_12_control.mp4;C:\Users\esthe\Downloads\small boiteux 12_\Boit_1205_13_control.mp4;C:\Users\esthe\Downloads\small boiteux 12_\Boit_1205_2_three.mp4;C:\Users\esthe\Downloads\small boiteux 12_\Boit_1205_3_five.mp4;C:\Users\esthe\Downloads\small boiteux 12_\Boit_1205_4_one.mp4;C:\Users\esthe\Downloads\small boiteux 12_\Boit_1205_5_five.mp4;C:\Users\esthe\Downloads\small boiteux 12_\Boit_1205_6_three.mp4;C:\Users\esthe\Downloads\small boiteux 12_\Boit_1205_7_one.mp4;C:\Users\esthe\Downloads\small boiteux 12_\Boit_1205_8_five.mp4;C:\Users\esthe\Downloads\small boiteux 12_\Boit_1205_9_seven.mp4,0.0,33.361;14.067;14.331;21.564;6.399;8.664;23.761;18.197;19.200;7.900;7.064;10.199;28.898,30.000;30.000;30.000;30.000;30.000;30.000;30.000;30.000;30.000;30.000;30.000;30.000;30.000,Boiteux,target,,,START,30.862,C:\Users\esthe\Downloads\small boiteux 12_\Boi_1205_1_seven.mp4,926,NA,
boit_1205,2025-06-05 16:05:44.780,,209.095,Media file(s),player #1:C:\Users\esthe\Downloads\small boiteux 12_\Boi_1205_1_seven.mp4;C:\Users\esthe\Downloads\small boiteux 12_\Boit_1205_10_three.mp4;C:\Users\esthe\Downloads\small boiteux 12_\Boit_1205_11_five.mp4;C:\Users\esthe\Downloads\small boiteux 12_\Boit_1205_12_control.mp4;C:\Users\esthe\Downloads\small boiteux 12_\Boit_1205_13_control.mp4;C:\Users\esthe\Downloads\small boiteux 12_\Boit_1205_2_three.mp4;C:\Users\esthe\Downloads\small boiteux 12_\Boit_1205_3_five.mp4;C:\Users\esthe\Downloads\small boiteux 12_\Boit_1205_4_one.mp4;C:\Users\esthe\Downloads\small boiteux 12_\Boit_1205_5_five.mp4;C:\Users\esthe\Downloads\small boiteux 12_\Boit_1205_6_three.mp4;C:\Users\esthe\Downloads\small boiteux 12_\Boit_1205_7_one.mp4;C:\Users\esthe\Downloads\small boiteux 12_\Boit_1205_8_five.mp4;C:\Users\esthe\Downloads\small boiteux 12_\Boit_1205_9_seven.mp4,0.0,33.361;14.067;14.331;21.564;6.399;8.664;23.761;18.197;19.200;7.900;7.064;10.199;28.898,30.000;30.000;30.000;30.000;30.000;30.000;30.000;30.000;30.000;30.000;30.000;30.000;30.000,Boiteux,target,,,STOP,32.395,C:\Users\esthe\Downloads\small boiteux 12_\Boi_1205_1_seven.mp4,972,NA,
boit_1205,2025-06-05 16:05:44.780,,209.095,Media file(s),player #1:C:\Users\esthe\Downloads\small boiteux 12_\Boi_1205_1_seven.mp4;C:\Users\esthe\Downloads\small boiteux 12_\Boit_1205_10_three.mp4;C:\Users\esthe\Downloads\small boiteux 12_\Boit_1205_11_five.mp4;C:\Users\esthe\Downloads\small boiteux 12_\Boit_1205_12_control.mp4;C:\Users\esthe\Downloads\small boiteux 12_\Boit_1205_13_control.mp4;C:\Users\esthe\Downloads\small boiteux 12_\Boit_1205_2_three.mp4;C:\Users\esthe\Downloads\small boiteux 12_\Boit_1205_3_five.mp4;C:\Users\esthe\Downloads\small boiteux 12_\Boit_1205_4_one.mp4;C:\Users\esthe\Downloads\small boiteux 12_\Boit_1205_5_five.mp4;C:\Users\esthe\Downloads\small boiteux 12_\Boit_1205_6_three.mp4;C:\Users\esthe\Downloads\small boiteux 12_\Boit_1205_7_one.mp4;C:\Users\esthe\Downloads\small boiteux 12_\Boit_1205_8_five.mp4;C:\Users\esthe\Downloads\small boiteux 12_\Boit_1205_9_seven.mp4,0.0,33.361;14.067;14.331;21.564;6.399;8.664;23.761;18.197;19.200;7.900;7.064;10.199;28.898,30.000;30.000;30.000;30.000;30.000;30.000;30.000;30.000;30.000;30.000;30.000;30.000;30.000,Boiteux,grabbing peanut,,,POINT,33.461,C:\Users\esthe\Downloads\small boiteux 12_\Boit_1205_10_three.mp4,3,NA,
boit_1205,2025-06-05 16:05:44.780,,209.095,Media file(s),player #1:C:\Users\esthe\Downloads\small boiteux 12_\Boi_1205_1_seven.mp4;C:\Users\esthe\Downloads\small boiteux 12_\Boit_1205_10_three.mp4;C:\Users\esthe\Downloads\small boiteux 12_\Boit_1205_11_five.mp4;C:\Users\esthe\Downloads\small boiteux 12_\Boit_1205_12_control.mp4;C:\Users\esthe\Downloads\small boiteux 12_\Boit_1205_13_control.mp4;C:\Users\esthe\Downloads\small boiteux 12_\Boit_1205_2_three.mp4;C:\Users\esthe\Downloads\small boiteux 12_\Boit_1205_3_five.mp4;C:\Users\esthe\Downloads\small boiteux 12_\Boit_1205_4_one.mp4;C:\Users\esthe\Downloads\small boiteux 12_\Boit_1205_5_five.mp4;C:\Users\esthe\Downloads\small boiteux 12_\Boit_1205_6_three.mp4;C:\Users\esthe\Downloads\small boiteux 12_\Boit_1205_7_one.mp4;C:\Users\esthe\Downloads\small boiteux 12_\Boit_1205_8_five.mp4;C:\Users\esthe\Downloads\small boiteux 12_\Boit_1205_9_seven.mp4,0.0,33.361;14.067;14.331;21.564;6.399;8.664;23.761;18.197;19.200;7.900;7.064;10.199;28.898,30.000;30.000;30.000;30.000;30.000;30.000;30.000;30.000;30.000;30.000;30.000;30.000;30.000,Boiteux,lifting,,,START,33.494,C:\Users\esthe\Downloads\small boiteux 12_\Boit_1205_10_three.mp4,4,NA,
boit_1205,2025-06-05 16:05:44.780,,209.095,Media file(s),player #1:C:\Users\esthe\Downloads\small boiteux 12_\Boi_1205_1_seven.mp4;C:\Users\esthe\Downloads\small boiteux 12_\Boit_1205_10_three.mp4;C:\Users\esthe\Downloads\small boiteux 12_\Boit_1205_11_five.mp4;C:\Users\esthe\Downloads\small boiteux 12_\Boit_1205_12_control.mp4;C:\Users\esthe\Downloads\small boiteux 12_\Boit_1205_13_control.mp4;C:\Users\esthe\Downloads\small boiteux 12_\Boit_1205_2_three.mp4;C:\Users\esthe\Downloads\small boiteux 12_\Boit_1205_3_five.mp4;C:\Users\esthe\Downloads\small boiteux 12_\Boit_1205_4_one.mp4;C:\Users\esthe\Downloads\small boiteux 12_\Boit_1205_5_five.mp4;C:\Users\esthe\Downloads\small boiteux 12_\Boit_1205_6_three.mp4;C:\Users\esthe\Downloads\small boiteux 12_\Boit_1205_7_one.mp4;C:\Users\esthe\Downloads\small boiteux 12_\Boit_1205_8_five.mp4;C:\Users\esthe\Downloads\small boiteux 12_\Boit_1205_9_seven.mp4,0.0,33.361;14.067;14.331;21.564;6.399;8.664;23.761;18.197;19.200;7.900;7.064;10.199;28.898,30.000;30.000;30.000;30.000;30.000;30.000;30.000;30.000;30.000;30.000;30.000;30.000;30.000,Boiteux,lifting,,,STOP,33.794,C:\Users\esthe\Downloads\small boiteux 12_\Boit_1205_10_three.mp4,13,NA,
boit_1205,2025-06-05 16:05:44.780,,209.095,Media file(s),player #1:C:\Users\esthe\Downloads\small boiteux 12_\Boi_1205_1_seven.mp4;C:\Users\esthe\Downloads\small boiteux 12_\Boit_1205_10_three.mp4;C:\Users\esthe\Downloads\small boiteux 12_\Boit_1205_11_five.mp4;C:\Users\esthe\Downloads\small boiteux 12_\Boit_1205_12_control.mp4;C:\Users\esthe\Downloads\small boiteux 12_\Boit_1205_13_control.mp4;C:\Users\esthe\Downloads\small boiteux 12_\Boit_1205_2_three.mp4;C:\Users\esthe\Downloads\small boiteux 12_\Boit_1205_3_five.mp4;C:\Users\esthe\Downloads\small boiteux 12_\Boit_1205_4_one.mp4;C:\Users\esthe\Downloads\small boiteux 12_\Boit_1205_5_five.mp4;C:\Users\esthe\Downloads\small boiteux 12_\Boit_1205_6_three.mp4;C:\Users\esthe\Downloads\small boiteux 12_\Boit_1205_7_one.mp4;C:\Users\esthe\Downloads\small boiteux 12_\Boit_1205_8_five.mp4;C:\Users\esthe\Downloads\small boiteux 12_\Boit_1205_9_seven.mp4,0.0,33.361;14.067;14.331;21.564;6.399;8.664;23.761;18.197;19.200;7.900;7.064;10.199;28.898,30.000;30.000;30.000;30.000;30.000;30.000;30.000;30.000;30.000;30.000;30.000;30.000;30.000,Boiteux,assessing,,,START,33.828,C:\Users\esthe\Downloads\small boiteux 12_\Boit_1205_10_three.mp4,14,NA,
boit_1205,2025-06-05 16:05:44.780,,209.095,Media file(s),player #1:C:\Users\esthe\Downloads\small boiteux 12_\Boi_1205_1_seven.mp4;C:\Users\esthe\Downloads\small boiteux 12_\Boit_1205_10_three.mp4;C:\Users\esthe\Downloads\small boiteux 12_\Boit_1205_11_five.mp4;C:\Users\esthe\Downloads\small boiteux 12_\Boit_1205_12_control.mp4;C:\Users\esthe\Downloads\small boiteux 12_\Boit_1205_13_control.mp4;C:\Users\esthe\Downloads\small boiteux 12_\Boit_1205_2_three.mp4;C:\Users\esthe\Downloads\small boiteux 12_\Boit_1205_3_five.mp4;C:\Users\esthe\Downloads\small boiteux 12_\Boit_1205_4_one.mp4;C:\Users\esthe\Downloads\small boiteux 12_\Boit_1205_5_five.mp4;C:\Users\esthe\Downloads\small boiteux 12_\Boit_1205_6_three.mp4;C:\Users\esthe\Downloads\small boiteux 12_\Boit_1205_7_one.mp4;C:\Users\esthe\Downloads\small boiteux 12_\Boit_1205_8_five.mp4;C:\Users\esthe\Downloads\small boiteux 12_\Boit_1205_9_seven.mp4,0.0,33.361;14.067;14.331;21.564;6.399;8.664;23.761;18.197;19.200;7.900;7.064;10.199;28.898,30.000;30.000;30.000;30.000;30.000;30.000;30.000;30.000;30.000;30.000;30.000;30.000;30.000,Boiteux,jaw movement,,,POINT,33.928,C:\Users\esthe\Downloads\small boiteux 12_\Boit_1205_10_three.mp4,17,NA,
boit_1205,2025-06-05 16:05:44.780,,209.095,Media file(s),player #1:C:\Users\esthe\Downloads\small boiteux 12_\Boi_1205_1_seven.mp4;C:\Users\esthe\Downloads\small boiteux 12_\Boit_1205_10_three.mp4;C:\Users\esthe\Downloads\small boiteux 12_\Boit_1205_11_five.mp4;C:\Users\esthe\Downloads\small boiteux 12_\Boit_1205_12_control.mp4;C:\Users\esthe\Downloads\small boiteux 12_\Boit_1205_13_control.mp4;C:\Users\esthe\Downloads\small boiteux 12_\Boit_1205_2_three.mp4;C:\Users\esthe\Downloads\small boiteux 12_\Boit_1205_3_five.mp4;C:\Users\esthe\Downloads\small boiteux 12_\Boit_1205_4_one.mp4;C:\Users\esthe\Downloads\small boiteux 12_\Boit_1205_5_five.mp4;C:\Users\esthe\Downloads\small boiteux 12_\Boit_1205_6_three.mp4;C:\Users\esthe\Downloads\small boiteux 12_\Boit_1205_7_one.mp4;C:\Users\esthe\Downloads\small boiteux 12_\Boit_1205_8_five.mp4;C:\Users\esthe\Downloads\small boiteux 12_\Boit_1205_9_seven.mp4,0.0,33.361;14.067;14.331;21.564;6.399;8.664;23.761;18.197;19.200;7.900;7.064;10.199;28.898,30.000;30.000;30.000;30.000;30.000;30.000;30.000;30.000;30.000;30.000;30.000;30.000;30.000,Boiteux,rotation,,Horizontal,START,33.994,C:\Users\esthe\Downloads\small boiteux 12_\Boit_1205_10_three.mp4,19,NA,
boit_1205,2025-06-05 16:05:44.780,,209.095,Media file(s),player #1:C:\Users\esthe\Downloads\small boiteux 12_\Boi_1205_1_seven.mp4;C:\Users\esthe\Downloads\small boiteux 12_\Boit_1205_10_three.mp4;C:\Users\esthe\Downloads\small boiteux 12_\Boit_1205_11_five.mp4;C:\Users\esthe\Downloads\small boiteux 12_\Boit_1205_12_control.mp4;C:\Users\esthe\Downloads\small boiteux 12_\Boit_1205_13_control.mp4;C:\Users\esthe\Downloads\small boiteux 12_\Boit_1205_2_three.mp4;C:\Users\esthe\Downloads\small boiteux 12_\Boit_1205_3_five.mp4;C:\Users\esthe\Downloads\small boiteux 12_\Boit_1205_4_one.mp4;C:\Users\esthe\Downloads\small boiteux 12_\Boit_1205_5_five.mp4;C:\Users\esthe\Downloads\small boiteux 12_\Boit_1205_6_three.mp4;C:\Users\esthe\Downloads\small boiteux 12_\Boit_1205_7_one.mp4;C:\Users\esthe\Downloads\small boiteux 12_\Boit_1205_8_five.mp4;C:\Users\esthe\Downloads\small boiteux 12_\Boit_1205_9_seven.mp4,0.0,33.361;14.067;14.331;21.564;6.399;8.664;23.761;18.197;19.200;7.900;7.064;10.199;28.898,30.000;30.000;30.000;30.000;30.000;30.000;30.000;30.000;30.000;30.000;30.000;30.000;30.000,Boiteux,rotation,,Horizontal,STOP,34.361,C:\Users\esthe\Downloads\small boiteux 12_\Boit_1205_10_three.mp4,30,NA,
boit_1205,2025-06-05 16:05:44.780,,209.095,Media file(s),player #1:C:\Users\esthe\Downloads\small boiteux 12_\Boi_1205_1_seven.mp4;C:\Users\esthe\Downloads\small boiteux 12_\Boit_1205_10_three.mp4;C:\Users\esthe\Downloads\small boiteux 12_\Boit_1205_11_five.mp4;C:\Users\esthe\Downloads\small boiteux 12_\Boit_1205_12_control.mp4;C:\Users\esthe\Downloads\small boiteux 12_\Boit_1205_13_control.mp4;C:\Users\esthe\Downloads\small boiteux 12_\Boit_1205_2_three.mp4;C:\Users\esthe\Downloads\small boiteux 12_\Boit_1205_3_five.mp4;C:\Users\esthe\Downloads\small boiteux 12_\Boit_1205_4_one.mp4;C:\Users\esthe\Downloads\small boiteux 12_\Boit_1205_5_five.mp4;C:\Users\esthe\Downloads\small boiteux 12_\Boit_1205_6_three.mp4;C:\Users\esthe\Downloads\small boiteux 12_\Boit_1205_7_one.mp4;C:\Users\esthe\Downloads\small boiteux 12_\Boit_1205_8_five.mp4;C:\Users\esthe\Downloads\small boiteux 12_\Boit_1205_9_seven.mp4,0.0,33.361;14.067;14.331;21.564;6.399;8.664;23.761;18.197;19.200;7.900;7.064;10.199;28.898,30.000;30.000;30.000;30.000;30.000;30.000;30.000;30.000;30.000;30.000;30.000;30.000;30.000,Boiteux,jaw movement,,,POINT,34.394,C:\Users\esthe\Downloads\small boiteux 12_\Boit_1205_10_three.mp4,31,NA,
boit_1205,2025-06-05 16:05:44.780,,209.095,Media file(s),player #1:C:\Users\esthe\Downloads\small boiteux 12_\Boi_1205_1_seven.mp4;C:\Users\esthe\Downloads\small boiteux 12_\Boit_1205_10_three.mp4;C:\Users\esthe\Downloads\small boiteux 12_\Boit_1205_11_five.mp4;C:\Users\esthe\Downloads\small boiteux 12_\Boit_1205_12_control.mp4;C:\Users\esthe\Downloads\small boiteux 12_\Boit_1205_13_control.mp4;C:\Users\esthe\Downloads\small boiteux 12_\Boit_1205_2_three.mp4;C:\Users\esthe\Downloads\small boiteux 12_\Boit_1205_3_five.mp4;C:\Users\esthe\Downloads\small boiteux 12_\Boit_1205_4_one.mp4;C:\Users\esthe\Downloads\small boiteux 12_\Boit_1205_5_five.mp4;C:\Users\esthe\Downloads\small boiteux 12_\Boit_1205_6_three.mp4;C:\Users\esthe\Downloads\small boiteux 12_\Boit_1205_7_one.mp4;C:\Users\esthe\Downloads\small boiteux 12_\Boit_1205_8_five.mp4;C:\Users\esthe\Downloads\small boiteux 12_\Boit_1205_9_seven.mp4,0.0,33.361;14.067;14.331;21.564;6.399;8.664;23.761;18.197;19.200;7.900;7.064;10.199;28.898,30.000;30.000;30.000;30.000;30.000;30.000;30.000;30.000;30.000;30.000;30.000;30.000;30.000,Boiteux,translational movement,,,POINT,34.494,C:\Users\esthe\Downloads\small boiteux 12_\Boit_1205_10_three.mp4,34,NA,
boit_1205,2025-06-05 16:05:44.780,,209.095,Media file(s),player #1:C:\Users\esthe\Downloads\small boiteux 12_\Boi_1205_1_seven.mp4;C:\Users\esthe\Downloads\small boiteux 12_\Boit_1205_10_three.mp4;C:\Users\esthe\Downloads\small boiteux 12_\Boit_1205_11_five.mp4;C:\Users\esthe\Downloads\small boiteux 12_\Boit_1205_12_control.mp4;C:\Users\esthe\Downloads\small boiteux 12_\Boit_1205_13_control.mp4;C:\Users\esthe\Downloads\small boiteux 12_\Boit_1205_2_three.mp4;C:\Users\esthe\Downloads\small boiteux 12_\Boit_1205_3_five.mp4;C:\Users\esthe\Downloads\small boiteux 12_\Boit_1205_4_one.mp4;C:\Users\esthe\Downloads\small boiteux 12_\Boit_1205_5_five.mp4;C:\Users\esthe\Downloads\small boiteux 12_\Boit_1205_6_three.mp4;C:\Users\esthe\Downloads\small boiteux 12_\Boit_1205_7_one.mp4;C:\Users\esthe\Downloads\small boiteux 12_\Boit_1205_8_five.mp4;C:\Users\esthe\Downloads\small boiteux 12_\Boit_1205_9_seven.mp4,0.0,33.361;14.067;14.331;21.564;6.399;8.664;23.761;18.197;19.200;7.900;7.064;10.199;28.898,30.000;30.000;30.000;30.000;30.000;30.000;30.000;30.000;30.000;30.000;30.000;30.000;30.000,Boiteux,rotation,,Horizontal,START,34.527,C:\Users\esthe\Downloads\small boiteux 12_\Boit_1205_10_three.mp4,35,NA,
boit_1205,2025-06-05 16:05:44.780,,209.095,Media file(s),player #1:C:\Users\esthe\Downloads\small boiteux 12_\Boi_1205_1_seven.mp4;C:\Users\esthe\Downloads\small boiteux 12_\Boit_1205_10_three.mp4;C:\Users\esthe\Downloads\small boiteux 12_\Boit_1205_11_five.mp4;C:\Users\esthe\Downloads\small boiteux 12_\Boit_1205_12_control.mp4;C:\Users\esthe\Downloads\small boiteux 12_\Boit_1205_13_control.mp4;C:\Users\esthe\Downloads\small boiteux 12_\Boit_1205_2_three.mp4;C:\Users\esthe\Downloads\small boiteux 12_\Boit_1205_3_five.mp4;C:\Users\esthe\Downloads\small boiteux 12_\Boit_1205_4_one.mp4;C:\Users\esthe\Downloads\small boiteux 12_\Boit_1205_5_five.mp4;C:\Users\esthe\Downloads\small boiteux 12_\Boit_1205_6_three.mp4;C:\Users\esthe\Downloads\small boiteux 12_\Boit_1205_7_one.mp4;C:\Users\esthe\Downloads\small boiteux 12_\Boit_1205_8_five.mp4;C:\Users\esthe\Downloads\small boiteux 12_\Boit_1205_9_seven.mp4,0.0,33.361;14.067;14.331;21.564;6.399;8.664;23.761;18.197;19.200;7.900;7.064;10.199;28.898,30.000;30.000;30.000;30.000;30.000;30.000;30.000;30.000;30.000;30.000;30.000;30.000;30.000,Boiteux,licking,,,POINT,34.561,C:\Users\esthe\Downloads\small boiteux 12_\Boit_1205_10_three.mp4,36,NA,
boit_1205,2025-06-05 16:05:44.780,,209.095,Media file(s),player #1:C:\Users\esthe\Downloads\small boiteux 12_\Boi_1205_1_seven.mp4;C:\Users\esthe\Downloads\small boiteux 12_\Boit_1205_10_three.mp4;C:\Users\esthe\Downloads\small boiteux 12_\Boit_1205_11_five.mp4;C:\Users\esthe\Downloads\small boiteux 12_\Boit_1205_12_control.mp4;C:\Users\esthe\Downloads\small boiteux 12_\Boit_1205_13_control.mp4;C:\Users\esthe\Downloads\small boiteux 12_\Boit_1205_2_three.mp4;C:\Users\esthe\Downloads\small boiteux 12_\Boit_1205_3_five.mp4;C:\Users\esthe\Downloads\small boiteux 12_\Boit_1205_4_one.mp4;C:\Users\esthe\Downloads\small boiteux 12_\Boit_1205_5_five.mp4;C:\Users\esthe\Downloads\small boiteux 12_\Boit_1205_6_three.mp4;C:\Users\esthe\Downloads\small boiteux 12_\Boit_1205_7_one.mp4;C:\Users\esthe\Downloads\small boiteux 12_\Boit_1205_8_five.mp4;C:\Users\esthe\Downloads\small boiteux 12_\Boit_1205_9_seven.mp4,0.0,33.361;14.067;14.331;21.564;6.399;8.664;23.761;18.197;19.200;7.900;7.064;10.199;28.898,30.000;30.000;30.000;30.000;30.000;30.000;30.000;30.000;30.000;30.000;30.000;30.000;30.000,Boiteux,translational movement,,,POINT,34.694,C:\Users\esthe\Downloads\small boiteux 12_\Boit_1205_10_three.mp4,40,NA,
boit_1205,2025-06-05 16:05:44.780,,209.095,Media file(s),player #1:C:\Users\esthe\Downloads\small boiteux 12_\Boi_1205_1_seven.mp4;C:\Users\esthe\Downloads\small boiteux 12_\Boit_1205_10_three.mp4;C:\Users\esthe\Downloads\small boiteux 12_\Boit_1205_11_five.mp4;C:\Users\esthe\Downloads\small boiteux 12_\Boit_1205_12_control.mp4;C:\Users\esthe\Downloads\small boiteux 12_\Boit_1205_13_control.mp4;C:\Users\esthe\Downloads\small boiteux 12_\Boit_1205_2_three.mp4;C:\Users\esthe\Downloads\small boiteux 12_\Boit_1205_3_five.mp4;C:\Users\esthe\Downloads\small boiteux 12_\Boit_1205_4_one.mp4;C:\Users\esthe\Downloads\small boiteux 12_\Boit_1205_5_five.mp4;C:\Users\esthe\Downloads\small boiteux 12_\Boit_1205_6_three.mp4;C:\Users\esthe\Downloads\small boiteux 12_\Boit_1205_7_one.mp4;C:\Users\esthe\Downloads\small boiteux 12_\Boit_1205_8_five.mp4;C:\Users\esthe\Downloads\small boiteux 12_\Boit_1205_9_seven.mp4,0.0,33.361;14.067;14.331;21.564;6.399;8.664;23.761;18.197;19.200;7.900;7.064;10.199;28.898,30.000;30.000;30.000;30.000;30.000;30.000;30.000;30.000;30.000;30.000;30.000;30.000;30.000,Boiteux,ear clapping,,,POINT,34.727,C:\Users\esthe\Downloads\small boiteux 12_\Boit_1205_10_three.mp4,41,NA,
boit_1205,2025-06-05 16:05:44.780,,209.095,Media file(s),player #1:C:\Users\esthe\Downloads\small boiteux 12_\Boi_1205_1_seven.mp4;C:\Users\esthe\Downloads\small boiteux 12_\Boit_1205_10_three.mp4;C:\Users\esthe\Downloads\small boiteux 12_\Boit_1205_11_five.mp4;C:\Users\esthe\Downloads\small boiteux 12_\Boit_1205_12_control.mp4;C:\Users\esthe\Downloads\small boiteux 12_\Boit_1205_13_control.mp4;C:\Users\esthe\Downloads\small boiteux 12_\Boit_1205_2_three.mp4;C:\Users\esthe\Downloads\small boiteux 12_\Boit_1205_3_five.mp4;C:\Users\esthe\Downloads\small boiteux 12_\Boit_1205_4_one.mp4;C:\Users\esthe\Downloads\small boiteux 12_\Boit_1205_5_five.mp4;C:\Users\esthe\Downloads\small boiteux 12_\Boit_1205_6_three.mp4;C:\Users\esthe\Downloads\small boiteux 12_\Boit_1205_7_one.mp4;C:\Users\esthe\Downloads\small boiteux 12_\Boit_1205_8_five.mp4;C:\Users\esthe\Downloads\small boiteux 12_\Boit_1205_9_seven.mp4,0.0,33.361;14.067;14.331;21.564;6.399;8.664;23.761;18.197;19.200;7.900;7.064;10.199;28.898,30.000;30.000;30.000;30.000;30.000;30.000;30.000;30.000;30.000;30.000;30.000;30.000;30.000,Boiteux,rotation,,Horizontal,STOP,34.861,C:\Users\esthe\Downloads\small boiteux 12_\Boit_1205_10_three.mp4,45,NA,
boit_1205,2025-06-05 16:05:44.780,,209.095,Media file(s),player #1:C:\Users\esthe\Downloads\small boiteux 12_\Boi_1205_1_seven.mp4;C:\Users\esthe\Downloads\small boiteux 12_\Boit_1205_10_three.mp4;C:\Users\esthe\Downloads\small boiteux 12_\Boit_1205_11_five.mp4;C:\Users\esthe\Downloads\small boiteux 12_\Boit_1205_12_control.mp4;C:\Users\esthe\Downloads\small boiteux 12_\Boit_1205_13_control.mp4;C:\Users\esthe\Downloads\small boiteux 12_\Boit_1205_2_three.mp4;C:\Users\esthe\Downloads\small boiteux 12_\Boit_1205_3_five.mp4;C:\Users\esthe\Downloads\small boiteux 12_\Boit_1205_4_one.mp4;C:\Users\esthe\Downloads\small boiteux 12_\Boit_1205_5_five.mp4;C:\Users\esthe\Downloads\small boiteux 12_\Boit_1205_6_three.mp4;C:\Users\esthe\Downloads\small boiteux 12_\Boit_1205_7_one.mp4;C:\Users\esthe\Downloads\small boiteux 12_\Boit_1205_8_five.mp4;C:\Users\esthe\Downloads\small boiteux 12_\Boit_1205_9_seven.mp4,0.0,33.361;14.067;14.331;21.564;6.399;8.664;23.761;18.197;19.200;7.900;7.064;10.199;28.898,30.000;30.000;30.000;30.000;30.000;30.000;30.000;30.000;30.000;30.000;30.000;30.000;30.000,Boiteux,jaw movement,,,POINT,34.894,C:\Users\esthe\Downloads\small boiteux 12_\Boit_1205_10_three.mp4,46,NA,
boit_1205,2025-06-05 16:05:44.780,,209.095,Media file(s),player #1:C:\Users\esthe\Downloads\small boiteux 12_\Boi_1205_1_seven.mp4;C:\Users\esthe\Downloads\small boiteux 12_\Boit_1205_10_three.mp4;C:\Users\esthe\Downloads\small boiteux 12_\Boit_1205_11_five.mp4;C:\Users\esthe\Downloads\small boiteux 12_\Boit_1205_12_control.mp4;C:\Users\esthe\Downloads\small boiteux 12_\Boit_1205_13_control.mp4;C:\Users\esthe\Downloads\small boiteux 12_\Boit_1205_2_three.mp4;C:\Users\esthe\Downloads\small boiteux 12_\Boit_1205_3_five.mp4;C:\Users\esthe\Downloads\small boiteux 12_\Boit_1205_4_one.mp4;C:\Users\esthe\Downloads\small boiteux 12_\Boit_1205_5_five.mp4;C:\Users\esthe\Downloads\small boiteux 12_\Boit_1205_6_three.mp4;C:\Users\esthe\Downloads\small boiteux 12_\Boit_1205_7_one.mp4;C:\Users\esthe\Downloads\small boiteux 12_\Boit_1205_8_five.mp4;C:\Users\esthe\Downloads\small boiteux 12_\Boit_1205_9_seven.mp4,0.0,33.361;14.067;14.331;21.564;6.399;8.664;23.761;18.197;19.200;7.900;7.064;10.199;28.898,30.000;30.000;30.000;30.000;30.000;30.000;30.000;30.000;30.000;30.000;30.000;30.000;30.000,Boiteux,jaw movement,,,POINT,35.061,C:\Users\esthe\Downloads\small boiteux 12_\Boit_1205_10_three.mp4,51,NA,
boit_1205,2025-06-05 16:05:44.780,,209.095,Media file(s),player #1:C:\Users\esthe\Downloads\small boiteux 12_\Boi_1205_1_seven.mp4;C:\Users\esthe\Downloads\small boiteux 12_\Boit_1205_10_three.mp4;C:\Users\esthe\Downloads\small boiteux 12_\Boit_1205_11_five.mp4;C:\Users\esthe\Downloads\small boiteux 12_\Boit_1205_12_control.mp4;C:\Users\esthe\Downloads\small boiteux 12_\Boit_1205_13_control.mp4;C:\Users\esthe\Downloads\small boiteux 12_\Boit_1205_2_three.mp4;C:\Users\esthe\Downloads\small boiteux 12_\Boit_1205_3_five.mp4;C:\Users\esthe\Downloads\small boiteux 12_\Boit_1205_4_one.mp4;C:\Users\esthe\Downloads\small boiteux 12_\Boit_1205_5_five.mp4;C:\Users\esthe\Downloads\small boiteux 12_\Boit_1205_6_three.mp4;C:\Users\esthe\Downloads\small boiteux 12_\Boit_1205_7_one.mp4;C:\Users\esthe\Downloads\small boiteux 12_\Boit_1205_8_five.mp4;C:\Users\esthe\Downloads\small boiteux 12_\Boit_1205_9_seven.mp4,0.0,33.361;14.067;14.331;21.564;6.399;8.664;23.761;18.197;19.200;7.900;7.064;10.199;28.898,30.000;30.000;30.000;30.000;30.000;30.000;30.000;30.000;30.000;30.000;30.000;30.000;30.000,Boiteux,rotation,,Vertical,START,35.327,C:\Users\esthe\Downloads\small boiteux 12_\Boit_1205_10_three.mp4,59,NA,
boit_1205,2025-06-05 16:05:44.780,,209.095,Media file(s),player #1:C:\Users\esthe\Downloads\small boiteux 12_\Boi_1205_1_seven.mp4;C:\Users\esthe\Downloads\small boiteux 12_\Boit_1205_10_three.mp4;C:\Users\esthe\Downloads\small boiteux 12_\Boit_1205_11_five.mp4;C:\Users\esthe\Downloads\small boiteux 12_\Boit_1205_12_control.mp4;C:\Users\esthe\Downloads\small boiteux 12_\Boit_1205_13_control.mp4;C:\Users\esthe\Downloads\small boiteux 12_\Boit_1205_2_three.mp4;C:\Users\esthe\Downloads\small boiteux 12_\Boit_1205_3_five.mp4;C:\Users\esthe\Downloads\small boiteux 12_\Boit_1205_4_one.mp4;C:\Users\esthe\Downloads\small boiteux 12_\Boit_1205_5_five.mp4;C:\Users\esthe\Downloads\small boiteux 12_\Boit_1205_6_three.mp4;C:\Users\esthe\Downloads\small boiteux 12_\Boit_1205_7_one.mp4;C:\Users\esthe\Downloads\small boiteux 12_\Boit_1205_8_five.mp4;C:\Users\esthe\Downloads\small boiteux 12_\Boit_1205_9_seven.mp4,0.0,33.361;14.067;14.331;21.564;6.399;8.664;23.761;18.197;19.200;7.900;7.064;10.199;28.898,30.000;30.000;30.000;30.000;30.000;30.000;30.000;30.000;30.000;30.000;30.000;30.000;30.000,Boiteux,rotation,,Vertical,STOP,35.827,C:\Users\esthe\Downloads\small boiteux 12_\Boit_1205_10_three.mp4,74,NA,
boit_1205,2025-06-05 16:05:44.780,,209.095,Media file(s),player #1:C:\Users\esthe\Downloads\small boiteux 12_\Boi_1205_1_seven.mp4;C:\Users\esthe\Downloads\small boiteux 12_\Boit_1205_10_three.mp4;C:\Users\esthe\Downloads\small boiteux 12_\Boit_1205_11_five.mp4;C:\Users\esthe\Downloads\small boiteux 12_\Boit_1205_12_control.mp4;C:\Users\esthe\Downloads\small boiteux 12_\Boit_1205_13_control.mp4;C:\Users\esthe\Downloads\small boiteux 12_\Boit_1205_2_three.mp4;C:\Users\esthe\Downloads\small boiteux 12_\Boit_1205_3_five.mp4;C:\Users\esthe\Downloads\small boiteux 12_\Boit_1205_4_one.mp4;C:\Users\esthe\Downloads\small boiteux 12_\Boit_1205_5_five.mp4;C:\Users\esthe\Downloads\small boiteux 12_\Boit_1205_6_three.mp4;C:\Users\esthe\Downloads\small boiteux 12_\Boit_1205_7_one.mp4;C:\Users\esthe\Downloads\small boiteux 12_\Boit_1205_8_five.mp4;C:\Users\esthe\Downloads\small boiteux 12_\Boit_1205_9_seven.mp4,0.0,33.361;14.067;14.331;21.564;6.399;8.664;23.761;18.197;19.200;7.900;7.064;10.199;28.898,30.000;30.000;30.000;30.000;30.000;30.000;30.000;30.000;30.000;30.000;30.000;30.000;30.000,Boiteux,licking,,,POINT,35.861,C:\Users\esthe\Downloads\small boiteux 12_\Boit_1205_10_three.mp4,75,NA,
boit_1205,2025-06-05 16:05:44.780,,209.095,Media file(s),player #1:C:\Users\esthe\Downloads\small boiteux 12_\Boi_1205_1_seven.mp4;C:\Users\esthe\Downloads\small boiteux 12_\Boit_1205_10_three.mp4;C:\Users\esthe\Downloads\small boiteux 12_\Boit_1205_11_five.mp4;C:\Users\esthe\Downloads\small boiteux 12_\Boit_1205_12_control.mp4;C:\Users\esthe\Downloads\small boiteux 12_\Boit_1205_13_control.mp4;C:\Users\esthe\Downloads\small boiteux 12_\Boit_1205_2_three.mp4;C:\Users\esthe\Downloads\small boiteux 12_\Boit_1205_3_five.mp4;C:\Users\esthe\Downloads\small boiteux 12_\Boit_1205_4_one.mp4;C:\Users\esthe\Downloads\small boiteux 12_\Boit_1205_5_five.mp4;C:\Users\esthe\Downloads\small boiteux 12_\Boit_1205_6_three.mp4;C:\Users\esthe\Downloads\small boiteux 12_\Boit_1205_7_one.mp4;C:\Users\esthe\Downloads\small boiteux 12_\Boit_1205_8_five.mp4;C:\Users\esthe\Downloads\small boiteux 12_\Boit_1205_9_seven.mp4,0.0,33.361;14.067;14.331;21.564;6.399;8.664;23.761;18.197;19.200;7.900;7.064;10.199;28.898,30.000;30.000;30.000;30.000;30.000;30.000;30.000;30.000;30.000;30.000;30.000;30.000;30.000,Boiteux,ear clapping,,,POINT,36.061,C:\Users\esthe\Downloads\small boiteux 12_\Boit_1205_10_three.mp4,81,NA,
boit_1205,2025-06-05 16:05:44.780,,209.095,Media file(s),player #1:C:\Users\esthe\Downloads\small boiteux 12_\Boi_1205_1_seven.mp4;C:\Users\esthe\Downloads\small boiteux 12_\Boit_1205_10_three.mp4;C:\Users\esthe\Downloads\small boiteux 12_\Boit_1205_11_five.mp4;C:\Users\esthe\Downloads\small boiteux 12_\Boit_1205_12_control.mp4;C:\Users\esthe\Downloads\small boiteux 12_\Boit_1205_13_control.mp4;C:\Users\esthe\Downloads\small boiteux 12_\Boit_1205_2_three.mp4;C:\Users\esthe\Downloads\small boiteux 12_\Boit_1205_3_five.mp4;C:\Users\esthe\Downloads\small boiteux 12_\Boit_1205_4_one.mp4;C:\Users\esthe\Downloads\small boiteux 12_\Boit_1205_5_five.mp4;C:\Users\esthe\Downloads\small boiteux 12_\Boit_1205_6_three.mp4;C:\Users\esthe\Downloads\small boiteux 12_\Boit_1205_7_one.mp4;C:\Users\esthe\Downloads\small boiteux 12_\Boit_1205_8_five.mp4;C:\Users\esthe\Downloads\small boiteux 12_\Boit_1205_9_seven.mp4,0.0,33.361;14.067;14.331;21.564;6.399;8.664;23.761;18.197;19.200;7.900;7.064;10.199;28.898,30.000;30.000;30.000;30.000;30.000;30.000;30.000;30.000;30.000;30.000;30.000;30.000;30.000,Boiteux,sniffing,,,POINT,36.161,C:\Users\esthe\Downloads\small boiteux 12_\Boit_1205_10_three.mp4,84,NA,
boit_1205,2025-06-05 16:05:44.780,,209.095,Media file(s),player #1:C:\Users\esthe\Downloads\small boiteux 12_\Boi_1205_1_seven.mp4;C:\Users\esthe\Downloads\small boiteux 12_\Boit_1205_10_three.mp4;C:\Users\esthe\Downloads\small boiteux 12_\Boit_1205_11_five.mp4;C:\Users\esthe\Downloads\small boiteux 12_\Boit_1205_12_control.mp4;C:\Users\esthe\Downloads\small boiteux 12_\Boit_1205_13_control.mp4;C:\Users\esthe\Downloads\small boiteux 12_\Boit_1205_2_three.mp4;C:\Users\esthe\Downloads\small boiteux 12_\Boit_1205_3_five.mp4;C:\Users\esthe\Downloads\small boiteux 12_\Boit_1205_4_one.mp4;C:\Users\esthe\Downloads\small boiteux 12_\Boit_1205_5_five.mp4;C:\Users\esthe\Downloads\small boiteux 12_\Boit_1205_6_three.mp4;C:\Users\esthe\Downloads\small boiteux 12_\Boit_1205_7_one.mp4;C:\Users\esthe\Downloads\small boiteux 12_\Boit_1205_8_five.mp4;C:\Users\esthe\Downloads\small boiteux 12_\Boit_1205_9_seven.mp4,0.0,33.361;14.067;14.331;21.564;6.399;8.664;23.761;18.197;19.200;7.900;7.064;10.199;28.898,30.000;30.000;30.000;30.000;30.000;30.000;30.000;30.000;30.000;30.000;30.000;30.000;30.000,Boiteux,jaw movement,,,POINT,36.361,C:\Users\esthe\Downloads\small boiteux 12_\Boit_1205_10_three.mp4,90,NA,
boit_1205,2025-06-05 16:05:44.780,,209.095,Media file(s),player #1:C:\Users\esthe\Downloads\small boiteux 12_\Boi_1205_1_seven.mp4;C:\Users\esthe\Downloads\small boiteux 12_\Boit_1205_10_three.mp4;C:\Users\esthe\Downloads\small boiteux 12_\Boit_1205_11_five.mp4;C:\Users\esthe\Downloads\small boiteux 12_\Boit_1205_12_control.mp4;C:\Users\esthe\Downloads\small boiteux 12_\Boit_1205_13_control.mp4;C:\Users\esthe\Downloads\small boiteux 12_\Boit_1205_2_three.mp4;C:\Users\esthe\Downloads\small boiteux 12_\Boit_1205_3_five.mp4;C:\Users\esthe\Downloads\small boiteux 12_\Boit_1205_4_one.mp4;C:\Users\esthe\Downloads\small boiteux 12_\Boit_1205_5_five.mp4;C:\Users\esthe\Downloads\small boiteux 12_\Boit_1205_6_three.mp4;C:\Users\esthe\Downloads\small boiteux 12_\Boit_1205_7_one.mp4;C:\Users\esthe\Downloads\small boiteux 12_\Boit_1205_8_five.mp4;C:\Users\esthe\Downloads\small boiteux 12_\Boit_1205_9_seven.mp4,0.0,33.361;14.067;14.331;21.564;6.399;8.664;23.761;18.197;19.200;7.900;7.064;10.199;28.898,30.000;30.000;30.000;30.000;30.000;30.000;30.000;30.000;30.000;30.000;30.000;30.000;30.000,Boiteux,jaw movement,,,POINT,36.394,C:\Users\esthe\Downloads\small boiteux 12_\Boit_1205_10_three.mp4,91,NA,
boit_1205,2025-06-05 16:05:44.780,,209.095,Media file(s),player #1:C:\Users\esthe\Downloads\small boiteux 12_\Boi_1205_1_seven.mp4;C:\Users\esthe\Downloads\small boiteux 12_\Boit_1205_10_three.mp4;C:\Users\esthe\Downloads\small boiteux 12_\Boit_1205_11_five.mp4;C:\Users\esthe\Downloads\small boiteux 12_\Boit_1205_12_control.mp4;C:\Users\esthe\Downloads\small boiteux 12_\Boit_1205_13_control.mp4;C:\Users\esthe\Downloads\small boiteux 12_\Boit_1205_2_three.mp4;C:\Users\esthe\Downloads\small boiteux 12_\Boit_1205_3_five.mp4;C:\Users\esthe\Downloads\small boiteux 12_\Boit_1205_4_one.mp4;C:\Users\esthe\Downloads\small boiteux 12_\Boit_1205_5_five.mp4;C:\Users\esthe\Downloads\small boiteux 12_\Boit_1205_6_three.mp4;C:\Users\esthe\Downloads\small boiteux 12_\Boit_1205_7_one.mp4;C:\Users\esthe\Downloads\small boiteux 12_\Boit_1205_8_five.mp4;C:\Users\esthe\Downloads\small boiteux 12_\Boit_1205_9_seven.mp4,0.0,33.361;14.067;14.331;21.564;6.399;8.664;23.761;18.197;19.200;7.900;7.064;10.199;28.898,30.000;30.000;30.000;30.000;30.000;30.000;30.000;30.000;30.000;30.000;30.000;30.000;30.000,Boiteux,jaw movement,,,POINT,36.461,C:\Users\esthe\Downloads\small boiteux 12_\Boit_1205_10_three.mp4,93,NA,
boit_1205,2025-06-05 16:05:44.780,,209.095,Media file(s),player #1:C:\Users\esthe\Downloads\small boiteux 12_\Boi_1205_1_seven.mp4;C:\Users\esthe\Downloads\small boiteux 12_\Boit_1205_10_three.mp4;C:\Users\esthe\Downloads\small boiteux 12_\Boit_1205_11_five.mp4;C:\Users\esthe\Downloads\small boiteux 12_\Boit_1205_12_control.mp4;C:\Users\esthe\Downloads\small boiteux 12_\Boit_1205_13_control.mp4;C:\Users\esthe\Downloads\small boiteux 12_\Boit_1205_2_three.mp4;C:\Users\esthe\Downloads\small boiteux 12_\Boit_1205_3_five.mp4;C:\Users\esthe\Downloads\small boiteux 12_\Boit_1205_4_one.mp4;C:\Users\esthe\Downloads\small boiteux 12_\Boit_1205_5_five.mp4;C:\Users\esthe\Downloads\small boiteux 12_\Boit_1205_6_three.mp4;C:\Users\esthe\Downloads\small boiteux 12_\Boit_1205_7_one.mp4;C:\Users\esthe\Downloads\small boiteux 12_\Boit_1205_8_five.mp4;C:\Users\esthe\Downloads\small boiteux 12_\Boit_1205_9_seven.mp4,0.0,33.361;14.067;14.331;21.564;6.399;8.664;23.761;18.197;19.200;7.900;7.064;10.199;28.898,30.000;30.000;30.000;30.000;30.000;30.000;30.000;30.000;30.000;30.000;30.000;30.000;30.000,Boiteux,rotation,,Vertical,START,36.494,C:\Users\esthe\Downloads\small boiteux 12_\Boit_1205_10_three.mp4,94,NA,
boit_1205,2025-06-05 16:05:44.780,,209.095,Media file(s),player #1:C:\Users\esthe\Downloads\small boiteux 12_\Boi_1205_1_seven.mp4;C:\Users\esthe\Downloads\small boiteux 12_\Boit_1205_10_three.mp4;C:\Users\esthe\Downloads\small boiteux 12_\Boit_1205_11_five.mp4;C:\Users\esthe\Downloads\small boiteux 12_\Boit_1205_12_control.mp4;C:\Users\esthe\Downloads\small boiteux 12_\Boit_1205_13_control.mp4;C:\Users\esthe\Downloads\small boiteux 12_\Boit_1205_2_three.mp4;C:\Users\esthe\Downloads\small boiteux 12_\Boit_1205_3_five.mp4;C:\Users\esthe\Downloads\small boiteux 12_\Boit_1205_4_one.mp4;C:\Users\esthe\Downloads\small boiteux 12_\Boit_1205_5_five.mp4;C:\Users\esthe\Downloads\small boiteux 12_\Boit_1205_6_three.mp4;C:\Users\esthe\Downloads\small boiteux 12_\Boit_1205_7_one.mp4;C:\Users\esthe\Downloads\small boiteux 12_\Boit_1205_8_five.mp4;C:\Users\esthe\Downloads\small boiteux 12_\Boit_1205_9_seven.mp4,0.0,33.361;14.067;14.331;21.564;6.399;8.664;23.761;18.197;19.200;7.900;7.064;10.199;28.898,30.000;30.000;30.000;30.000;30.000;30.000;30.000;30.000;30.000;30.000;30.000;30.000;30.000,Boiteux,rotation,,Vertical,STOP,36.594,C:\Users\esthe\Downloads\small boiteux 12_\Boit_1205_10_three.mp4,97,NA,
boit_1205,2025-06-05 16:05:44.780,,209.095,Media file(s),player #1:C:\Users\esthe\Downloads\small boiteux 12_\Boi_1205_1_seven.mp4;C:\Users\esthe\Downloads\small boiteux 12_\Boit_1205_10_three.mp4;C:\Users\esthe\Downloads\small boiteux 12_\Boit_1205_11_five.mp4;C:\Users\esthe\Downloads\small boiteux 12_\Boit_1205_12_control.mp4;C:\Users\esthe\Downloads\small boiteux 12_\Boit_1205_13_control.mp4;C:\Users\esthe\Downloads\small boiteux 12_\Boit_1205_2_three.mp4;C:\Users\esthe\Downloads\small boiteux 12_\Boit_1205_3_five.mp4;C:\Users\esthe\Downloads\small boiteux 12_\Boit_1205_4_one.mp4;C:\Users\esthe\Downloads\small boiteux 12_\Boit_1205_5_five.mp4;C:\Users\esthe\Downloads\small boiteux 12_\Boit_1205_6_three.mp4;C:\Users\esthe\Downloads\small boiteux 12_\Boit_1205_7_one.mp4;C:\Users\esthe\Downloads\small boiteux 12_\Boit_1205_8_five.mp4;C:\Users\esthe\Downloads\small boiteux 12_\Boit_1205_9_seven.mp4,0.0,33.361;14.067;14.331;21.564;6.399;8.664;23.761;18.197;19.200;7.900;7.064;10.199;28.898,30.000;30.000;30.000;30.000;30.000;30.000;30.000;30.000;30.000;30.000;30.000;30.000;30.000,Boiteux,mouth,,,POINT,36.627,C:\Users\esthe\Downloads\small boiteux 12_\Boit_1205_10_three.mp4,98,NA,
boit_1205,2025-06-05 16:05:44.780,,209.095,Media file(s),player #1:C:\Users\esthe\Downloads\small boiteux 12_\Boi_1205_1_seven.mp4;C:\Users\esthe\Downloads\small boiteux 12_\Boit_1205_10_three.mp4;C:\Users\esthe\Downloads\small boiteux 12_\Boit_1205_11_five.mp4;C:\Users\esthe\Downloads\small boiteux 12_\Boit_1205_12_control.mp4;C:\Users\esthe\Downloads\small boiteux 12_\Boit_1205_13_control.mp4;C:\Users\esthe\Downloads\small boiteux 12_\Boit_1205_2_three.mp4;C:\Users\esthe\Downloads\small boiteux 12_\Boit_1205_3_five.mp4;C:\Users\esthe\Downloads\small boiteux 12_\Boit_1205_4_one.mp4;C:\Users\esthe\Downloads\small boiteux 12_\Boit_1205_5_five.mp4;C:\Users\esthe\Downloads\small boiteux 12_\Boit_1205_6_three.mp4;C:\Users\esthe\Downloads\small boiteux 12_\Boit_1205_7_one.mp4;C:\Users\esthe\Downloads\small boiteux 12_\Boit_1205_8_five.mp4;C:\Users\esthe\Downloads\small boiteux 12_\Boit_1205_9_seven.mp4,0.0,33.361;14.067;14.331;21.564;6.399;8.664;23.761;18.197;19.200;7.900;7.064;10.199;28.898,30.000;30.000;30.000;30.000;30.000;30.000;30.000;30.000;30.000;30.000;30.000;30.000;30.000,Boiteux,assessing,,,STOP,36.727,C:\Users\esthe\Downloads\small boiteux 12_\Boit_1205_10_three.mp4,101,NA,
boit_1205,2025-06-05 16:05:44.780,,209.095,Media file(s),player #1:C:\Users\esthe\Downloads\small boiteux 12_\Boi_1205_1_seven.mp4;C:\Users\esthe\Downloads\small boiteux 12_\Boit_1205_10_three.mp4;C:\Users\esthe\Downloads\small boiteux 12_\Boit_1205_11_five.mp4;C:\Users\esthe\Downloads\small boiteux 12_\Boit_1205_12_control.mp4;C:\Users\esthe\Downloads\small boiteux 12_\Boit_1205_13_control.mp4;C:\Users\esthe\Downloads\small boiteux 12_\Boit_1205_2_three.mp4;C:\Users\esthe\Downloads\small boiteux 12_\Boit_1205_3_five.mp4;C:\Users\esthe\Downloads\small boiteux 12_\Boit_1205_4_one.mp4;C:\Users\esthe\Downloads\small boiteux 12_\Boit_1205_5_five.mp4;C:\Users\esthe\Downloads\small boiteux 12_\Boit_1205_6_three.mp4;C:\Users\esthe\Downloads\small boiteux 12_\Boit_1205_7_one.mp4;C:\Users\esthe\Downloads\small boiteux 12_\Boit_1205_8_five.mp4;C:\Users\esthe\Downloads\small boiteux 12_\Boit_1205_9_seven.mp4,0.0,33.361;14.067;14.331;21.564;6.399;8.664;23.761;18.197;19.200;7.900;7.064;10.199;28.898,30.000;30.000;30.000;30.000;30.000;30.000;30.000;30.000;30.000;30.000;30.000;30.000;30.000,Boiteux,pause,,,START,36.794,C:\Users\esthe\Downloads\small boiteux 12_\Boit_1205_10_three.mp4,103,NA,
boit_1205,2025-06-05 16:05:44.780,,209.095,Media file(s),player #1:C:\Users\esthe\Downloads\small boiteux 12_\Boi_1205_1_seven.mp4;C:\Users\esthe\Downloads\small boiteux 12_\Boit_1205_10_three.mp4;C:\Users\esthe\Downloads\small boiteux 12_\Boit_1205_11_five.mp4;C:\Users\esthe\Downloads\small boiteux 12_\Boit_1205_12_control.mp4;C:\Users\esthe\Downloads\small boiteux 12_\Boit_1205_13_control.mp4;C:\Users\esthe\Downloads\small boiteux 12_\Boit_1205_2_three.mp4;C:\Users\esthe\Downloads\small boiteux 12_\Boit_1205_3_five.mp4;C:\Users\esthe\Downloads\small boiteux 12_\Boit_1205_4_one.mp4;C:\Users\esthe\Downloads\small boiteux 12_\Boit_1205_5_five.mp4;C:\Users\esthe\Downloads\small boiteux 12_\Boit_1205_6_three.mp4;C:\Users\esthe\Downloads\small boiteux 12_\Boit_1205_7_one.mp4;C:\Users\esthe\Downloads\small boiteux 12_\Boit_1205_8_five.mp4;C:\Users\esthe\Downloads\small boiteux 12_\Boit_1205_9_seven.mp4,0.0,33.361;14.067;14.331;21.564;6.399;8.664;23.761;18.197;19.200;7.900;7.064;10.199;28.898,30.000;30.000;30.000;30.000;30.000;30.000;30.000;30.000;30.000;30.000;30.000;30.000;30.000,Boiteux,pause,,,STOP,40.394,C:\Users\esthe\Downloads\small boiteux 12_\Boit_1205_10_three.mp4,211,NA,
boit_1205,2025-06-05 16:05:44.780,,209.095,Media file(s),player #1:C:\Users\esthe\Downloads\small boiteux 12_\Boi_1205_1_seven.mp4;C:\Users\esthe\Downloads\small boiteux 12_\Boit_1205_10_three.mp4;C:\Users\esthe\Downloads\small boiteux 12_\Boit_1205_11_five.mp4;C:\Users\esthe\Downloads\small boiteux 12_\Boit_1205_12_control.mp4;C:\Users\esthe\Downloads\small boiteux 12_\Boit_1205_13_control.mp4;C:\Users\esthe\Downloads\small boiteux 12_\Boit_1205_2_three.mp4;C:\Users\esthe\Downloads\small boiteux 12_\Boit_1205_3_five.mp4;C:\Users\esthe\Downloads\small boiteux 12_\Boit_1205_4_one.mp4;C:\Users\esthe\Downloads\small boiteux 12_\Boit_1205_5_five.mp4;C:\Users\esthe\Downloads\small boiteux 12_\Boit_1205_6_three.mp4;C:\Users\esthe\Downloads\small boiteux 12_\Boit_1205_7_one.mp4;C:\Users\esthe\Downloads\small boiteux 12_\Boit_1205_8_five.mp4;C:\Users\esthe\Downloads\small boiteux 12_\Boit_1205_9_seven.mp4,0.0,33.361;14.067;14.331;21.564;6.399;8.664;23.761;18.197;19.200;7.900;7.064;10.199;28.898,30.000;30.000;30.000;30.000;30.000;30.000;30.000;30.000;30.000;30.000;30.000;30.000;30.000,Boiteux,assessing,,,START,40.427,C:\Users\esthe\Downloads\small boiteux 12_\Boit_1205_10_three.mp4,212,NA,
boit_1205,2025-06-05 16:05:44.780,,209.095,Media file(s),player #1:C:\Users\esthe\Downloads\small boiteux 12_\Boi_1205_1_seven.mp4;C:\Users\esthe\Downloads\small boiteux 12_\Boit_1205_10_three.mp4;C:\Users\esthe\Downloads\small boiteux 12_\Boit_1205_11_five.mp4;C:\Users\esthe\Downloads\small boiteux 12_\Boit_1205_12_control.mp4;C:\Users\esthe\Downloads\small boiteux 12_\Boit_1205_13_control.mp4;C:\Users\esthe\Downloads\small boiteux 12_\Boit_1205_2_three.mp4;C:\Users\esthe\Downloads\small boiteux 12_\Boit_1205_3_five.mp4;C:\Users\esthe\Downloads\small boiteux 12_\Boit_1205_4_one.mp4;C:\Users\esthe\Downloads\small boiteux 12_\Boit_1205_5_five.mp4;C:\Users\esthe\Downloads\small boiteux 12_\Boit_1205_6_three.mp4;C:\Users\esthe\Downloads\small boiteux 12_\Boit_1205_7_one.mp4;C:\Users\esthe\Downloads\small boiteux 12_\Boit_1205_8_five.mp4;C:\Users\esthe\Downloads\small boiteux 12_\Boit_1205_9_seven.mp4,0.0,33.361;14.067;14.331;21.564;6.399;8.664;23.761;18.197;19.200;7.900;7.064;10.199;28.898,30.000;30.000;30.000;30.000;30.000;30.000;30.000;30.000;30.000;30.000;30.000;30.000;30.000,Boiteux,jaw movement,,,POINT,40.460,C:\Users\esthe\Downloads\small boiteux 12_\Boit_1205_10_three.mp4,213,NA,
boit_1205,2025-06-05 16:05:44.780,,209.095,Media file(s),player #1:C:\Users\esthe\Downloads\small boiteux 12_\Boi_1205_1_seven.mp4;C:\Users\esthe\Downloads\small boiteux 12_\Boit_1205_10_three.mp4;C:\Users\esthe\Downloads\small boiteux 12_\Boit_1205_11_five.mp4;C:\Users\esthe\Downloads\small boiteux 12_\Boit_1205_12_control.mp4;C:\Users\esthe\Downloads\small boiteux 12_\Boit_1205_13_control.mp4;C:\Users\esthe\Downloads\small boiteux 12_\Boit_1205_2_three.mp4;C:\Users\esthe\Downloads\small boiteux 12_\Boit_1205_3_five.mp4;C:\Users\esthe\Downloads\small boiteux 12_\Boit_1205_4_one.mp4;C:\Users\esthe\Downloads\small boiteux 12_\Boit_1205_5_five.mp4;C:\Users\esthe\Downloads\small boiteux 12_\Boit_1205_6_three.mp4;C:\Users\esthe\Downloads\small boiteux 12_\Boit_1205_7_one.mp4;C:\Users\esthe\Downloads\small boiteux 12_\Boit_1205_8_five.mp4;C:\Users\esthe\Downloads\small boiteux 12_\Boit_1205_9_seven.mp4,0.0,33.361;14.067;14.331;21.564;6.399;8.664;23.761;18.197;19.200;7.900;7.064;10.199;28.898,30.000;30.000;30.000;30.000;30.000;30.000;30.000;30.000;30.000;30.000;30.000;30.000;30.000,Boiteux,licking,,,POINT,40.727,C:\Users\esthe\Downloads\small boiteux 12_\Boit_1205_10_three.mp4,221,NA,
boit_1205,2025-06-05 16:05:44.780,,209.095,Media file(s),player #1:C:\Users\esthe\Downloads\small boiteux 12_\Boi_1205_1_seven.mp4;C:\Users\esthe\Downloads\small boiteux 12_\Boit_1205_10_three.mp4;C:\Users\esthe\Downloads\small boiteux 12_\Boit_1205_11_five.mp4;C:\Users\esthe\Downloads\small boiteux 12_\Boit_1205_12_control.mp4;C:\Users\esthe\Downloads\small boiteux 12_\Boit_1205_13_control.mp4;C:\Users\esthe\Downloads\small boiteux 12_\Boit_1205_2_three.mp4;C:\Users\esthe\Downloads\small boiteux 12_\Boit_1205_3_five.mp4;C:\Users\esthe\Downloads\small boiteux 12_\Boit_1205_4_one.mp4;C:\Users\esthe\Downloads\small boiteux 12_\Boit_1205_5_five.mp4;C:\Users\esthe\Downloads\small boiteux 12_\Boit_1205_6_three.mp4;C:\Users\esthe\Downloads\small boiteux 12_\Boit_1205_7_one.mp4;C:\Users\esthe\Downloads\small boiteux 12_\Boit_1205_8_five.mp4;C:\Users\esthe\Downloads\small boiteux 12_\Boit_1205_9_seven.mp4,0.0,33.361;14.067;14.331;21.564;6.399;8.664;23.761;18.197;19.200;7.900;7.064;10.199;28.898,30.000;30.000;30.000;30.000;30.000;30.000;30.000;30.000;30.000;30.000;30.000;30.000;30.000,Boiteux,translational movement,,,POINT,40.927,C:\Users\esthe\Downloads\small boiteux 12_\Boit_1205_10_three.mp4,227,NA,
boit_1205,2025-06-05 16:05:44.780,,209.095,Media file(s),player #1:C:\Users\esthe\Downloads\small boiteux 12_\Boi_1205_1_seven.mp4;C:\Users\esthe\Downloads\small boiteux 12_\Boit_1205_10_three.mp4;C:\Users\esthe\Downloads\small boiteux 12_\Boit_1205_11_five.mp4;C:\Users\esthe\Downloads\small boiteux 12_\Boit_1205_12_control.mp4;C:\Users\esthe\Downloads\small boiteux 12_\Boit_1205_13_control.mp4;C:\Users\esthe\Downloads\small boiteux 12_\Boit_1205_2_three.mp4;C:\Users\esthe\Downloads\small boiteux 12_\Boit_1205_3_five.mp4;C:\Users\esthe\Downloads\small boiteux 12_\Boit_1205_4_one.mp4;C:\Users\esthe\Downloads\small boiteux 12_\Boit_1205_5_five.mp4;C:\Users\esthe\Downloads\small boiteux 12_\Boit_1205_6_three.mp4;C:\Users\esthe\Downloads\small boiteux 12_\Boit_1205_7_one.mp4;C:\Users\esthe\Downloads\small boiteux 12_\Boit_1205_8_five.mp4;C:\Users\esthe\Downloads\small boiteux 12_\Boit_1205_9_seven.mp4,0.0,33.361;14.067;14.331;21.564;6.399;8.664;23.761;18.197;19.200;7.900;7.064;10.199;28.898,30.000;30.000;30.000;30.000;30.000;30.000;30.000;30.000;30.000;30.000;30.000;30.000;30.000,Boiteux,jaw movement,,,POINT,41.127,C:\Users\esthe\Downloads\small boiteux 12_\Boit_1205_10_three.mp4,233,NA,
boit_1205,2025-06-05 16:05:44.780,,209.095,Media file(s),player #1:C:\Users\esthe\Downloads\small boiteux 12_\Boi_1205_1_seven.mp4;C:\Users\esthe\Downloads\small boiteux 12_\Boit_1205_10_three.mp4;C:\Users\esthe\Downloads\small boiteux 12_\Boit_1205_11_five.mp4;C:\Users\esthe\Downloads\small boiteux 12_\Boit_1205_12_control.mp4;C:\Users\esthe\Downloads\small boiteux 12_\Boit_1205_13_control.mp4;C:\Users\esthe\Downloads\small boiteux 12_\Boit_1205_2_three.mp4;C:\Users\esthe\Downloads\small boiteux 12_\Boit_1205_3_five.mp4;C:\Users\esthe\Downloads\small boiteux 12_\Boit_1205_4_one.mp4;C:\Users\esthe\Downloads\small boiteux 12_\Boit_1205_5_five.mp4;C:\Users\esthe\Downloads\small boiteux 12_\Boit_1205_6_three.mp4;C:\Users\esthe\Downloads\small boiteux 12_\Boit_1205_7_one.mp4;C:\Users\esthe\Downloads\small boiteux 12_\Boit_1205_8_five.mp4;C:\Users\esthe\Downloads\small boiteux 12_\Boit_1205_9_seven.mp4,0.0,33.361;14.067;14.331;21.564;6.399;8.664;23.761;18.197;19.200;7.900;7.064;10.199;28.898,30.000;30.000;30.000;30.000;30.000;30.000;30.000;30.000;30.000;30.000;30.000;30.000;30.000,Boiteux,sniffing,,,POINT,41.260,C:\Users\esthe\Downloads\small boiteux 12_\Boit_1205_10_three.mp4,237,NA,
boit_1205,2025-06-05 16:05:44.780,,209.095,Media file(s),player #1:C:\Users\esthe\Downloads\small boiteux 12_\Boi_1205_1_seven.mp4;C:\Users\esthe\Downloads\small boiteux 12_\Boit_1205_10_three.mp4;C:\Users\esthe\Downloads\small boiteux 12_\Boit_1205_11_five.mp4;C:\Users\esthe\Downloads\small boiteux 12_\Boit_1205_12_control.mp4;C:\Users\esthe\Downloads\small boiteux 12_\Boit_1205_13_control.mp4;C:\Users\esthe\Downloads\small boiteux 12_\Boit_1205_2_three.mp4;C:\Users\esthe\Downloads\small boiteux 12_\Boit_1205_3_five.mp4;C:\Users\esthe\Downloads\small boiteux 12_\Boit_1205_4_one.mp4;C:\Users\esthe\Downloads\small boiteux 12_\Boit_1205_5_five.mp4;C:\Users\esthe\Downloads\small boiteux 12_\Boit_1205_6_three.mp4;C:\Users\esthe\Downloads\small boiteux 12_\Boit_1205_7_one.mp4;C:\Users\esthe\Downloads\small boiteux 12_\Boit_1205_8_five.mp4;C:\Users\esthe\Downloads\small boiteux 12_\Boit_1205_9_seven.mp4,0.0,33.361;14.067;14.331;21.564;6.399;8.664;23.761;18.197;19.200;7.900;7.064;10.199;28.898,30.000;30.000;30.000;30.000;30.000;30.000;30.000;30.000;30.000;30.000;30.000;30.000;30.000,Boiteux,jaw movement,,,POINT,41.460,C:\Users\esthe\Downloads\small boiteux 12_\Boit_1205_10_three.mp4,243,NA,
boit_1205,2025-06-05 16:05:44.780,,209.095,Media file(s),player #1:C:\Users\esthe\Downloads\small boiteux 12_\Boi_1205_1_seven.mp4;C:\Users\esthe\Downloads\small boiteux 12_\Boit_1205_10_three.mp4;C:\Users\esthe\Downloads\small boiteux 12_\Boit_1205_11_five.mp4;C:\Users\esthe\Downloads\small boiteux 12_\Boit_1205_12_control.mp4;C:\Users\esthe\Downloads\small boiteux 12_\Boit_1205_13_control.mp4;C:\Users\esthe\Downloads\small boiteux 12_\Boit_1205_2_three.mp4;C:\Users\esthe\Downloads\small boiteux 12_\Boit_1205_3_five.mp4;C:\Users\esthe\Downloads\small boiteux 12_\Boit_1205_4_one.mp4;C:\Users\esthe\Downloads\small boiteux 12_\Boit_1205_5_five.mp4;C:\Users\esthe\Downloads\small boiteux 12_\Boit_1205_6_three.mp4;C:\Users\esthe\Downloads\small boiteux 12_\Boit_1205_7_one.mp4;C:\Users\esthe\Downloads\small boiteux 12_\Boit_1205_8_five.mp4;C:\Users\esthe\Downloads\small boiteux 12_\Boit_1205_9_seven.mp4,0.0,33.361;14.067;14.331;21.564;6.399;8.664;23.761;18.197;19.200;7.900;7.064;10.199;28.898,30.000;30.000;30.000;30.000;30.000;30.000;30.000;30.000;30.000;30.000;30.000;30.000;30.000,Boiteux,jaw movement,,,POINT,41.627,C:\Users\esthe\Downloads\small boiteux 12_\Boit_1205_10_three.mp4,248,NA,
boit_1205,2025-06-05 16:05:44.780,,209.095,Media file(s),player #1:C:\Users\esthe\Downloads\small boiteux 12_\Boi_1205_1_seven.mp4;C:\Users\esthe\Downloads\small boiteux 12_\Boit_1205_10_three.mp4;C:\Users\esthe\Downloads\small boiteux 12_\Boit_1205_11_five.mp4;C:\Users\esthe\Downloads\small boiteux 12_\Boit_1205_12_control.mp4;C:\Users\esthe\Downloads\small boiteux 12_\Boit_1205_13_control.mp4;C:\Users\esthe\Downloads\small boiteux 12_\Boit_1205_2_three.mp4;C:\Users\esthe\Downloads\small boiteux 12_\Boit_1205_3_five.mp4;C:\Users\esthe\Downloads\small boiteux 12_\Boit_1205_4_one.mp4;C:\Users\esthe\Downloads\small boiteux 12_\Boit_1205_5_five.mp4;C:\Users\esthe\Downloads\small boiteux 12_\Boit_1205_6_three.mp4;C:\Users\esthe\Downloads\small boiteux 12_\Boit_1205_7_one.mp4;C:\Users\esthe\Downloads\small boiteux 12_\Boit_1205_8_five.mp4;C:\Users\esthe\Downloads\small boiteux 12_\Boit_1205_9_seven.mp4,0.0,33.361;14.067;14.331;21.564;6.399;8.664;23.761;18.197;19.200;7.900;7.064;10.199;28.898,30.000;30.000;30.000;30.000;30.000;30.000;30.000;30.000;30.000;30.000;30.000;30.000;30.000,Boiteux,assessing,,,STOP,41.694,C:\Users\esthe\Downloads\small boiteux 12_\Boit_1205_10_three.mp4,250,NA,
boit_1205,2025-06-05 16:05:44.780,,209.095,Media file(s),player #1:C:\Users\esthe\Downloads\small boiteux 12_\Boi_1205_1_seven.mp4;C:\Users\esthe\Downloads\small boiteux 12_\Boit_1205_10_three.mp4;C:\Users\esthe\Downloads\small boiteux 12_\Boit_1205_11_five.mp4;C:\Users\esthe\Downloads\small boiteux 12_\Boit_1205_12_control.mp4;C:\Users\esthe\Downloads\small boiteux 12_\Boit_1205_13_control.mp4;C:\Users\esthe\Downloads\small boiteux 12_\Boit_1205_2_three.mp4;C:\Users\esthe\Downloads\small boiteux 12_\Boit_1205_3_five.mp4;C:\Users\esthe\Downloads\small boiteux 12_\Boit_1205_4_one.mp4;C:\Users\esthe\Downloads\small boiteux 12_\Boit_1205_5_five.mp4;C:\Users\esthe\Downloads\small boiteux 12_\Boit_1205_6_three.mp4;C:\Users\esthe\Downloads\small boiteux 12_\Boit_1205_7_one.mp4;C:\Users\esthe\Downloads\small boiteux 12_\Boit_1205_8_five.mp4;C:\Users\esthe\Downloads\small boiteux 12_\Boit_1205_9_seven.mp4,0.0,33.361;14.067;14.331;21.564;6.399;8.664;23.761;18.197;19.200;7.900;7.064;10.199;28.898,30.000;30.000;30.000;30.000;30.000;30.000;30.000;30.000;30.000;30.000;30.000;30.000;30.000,Boiteux,peeling,,,START,41.794,C:\Users\esthe\Downloads\small boiteux 12_\Boit_1205_10_three.mp4,253,NA,
boit_1205,2025-06-05 16:05:44.780,,209.095,Media file(s),player #1:C:\Users\esthe\Downloads\small boiteux 12_\Boi_1205_1_seven.mp4;C:\Users\esthe\Downloads\small boiteux 12_\Boit_1205_10_three.mp4;C:\Users\esthe\Downloads\small boiteux 12_\Boit_1205_11_five.mp4;C:\Users\esthe\Downloads\small boiteux 12_\Boit_1205_12_control.mp4;C:\Users\esthe\Downloads\small boiteux 12_\Boit_1205_13_control.mp4;C:\Users\esthe\Downloads\small boiteux 12_\Boit_1205_2_three.mp4;C:\Users\esthe\Downloads\small boiteux 12_\Boit_1205_3_five.mp4;C:\Users\esthe\Downloads\small boiteux 12_\Boit_1205_4_one.mp4;C:\Users\esthe\Downloads\small boiteux 12_\Boit_1205_5_five.mp4;C:\Users\esthe\Downloads\small boiteux 12_\Boit_1205_6_three.mp4;C:\Users\esthe\Downloads\small boiteux 12_\Boit_1205_7_one.mp4;C:\Users\esthe\Downloads\small boiteux 12_\Boit_1205_8_five.mp4;C:\Users\esthe\Downloads\small boiteux 12_\Boit_1205_9_seven.mp4,0.0,33.361;14.067;14.331;21.564;6.399;8.664;23.761;18.197;19.200;7.900;7.064;10.199;28.898,30.000;30.000;30.000;30.000;30.000;30.000;30.000;30.000;30.000;30.000;30.000;30.000;30.000,Boiteux,jaw movement,,,POINT,42.094,C:\Users\esthe\Downloads\small boiteux 12_\Boit_1205_10_three.mp4,262,NA,
boit_1205,2025-06-05 16:05:44.780,,209.095,Media file(s),player #1:C:\Users\esthe\Downloads\small boiteux 12_\Boi_1205_1_seven.mp4;C:\Users\esthe\Downloads\small boiteux 12_\Boit_1205_10_three.mp4;C:\Users\esthe\Downloads\small boiteux 12_\Boit_1205_11_five.mp4;C:\Users\esthe\Downloads\small boiteux 12_\Boit_1205_12_control.mp4;C:\Users\esthe\Downloads\small boiteux 12_\Boit_1205_13_control.mp4;C:\Users\esthe\Downloads\small boiteux 12_\Boit_1205_2_three.mp4;C:\Users\esthe\Downloads\small boiteux 12_\Boit_1205_3_five.mp4;C:\Users\esthe\Downloads\small boiteux 12_\Boit_1205_4_one.mp4;C:\Users\esthe\Downloads\small boiteux 12_\Boit_1205_5_five.mp4;C:\Users\esthe\Downloads\small boiteux 12_\Boit_1205_6_three.mp4;C:\Users\esthe\Downloads\small boiteux 12_\Boit_1205_7_one.mp4;C:\Users\esthe\Downloads\small boiteux 12_\Boit_1205_8_five.mp4;C:\Users\esthe\Downloads\small boiteux 12_\Boit_1205_9_seven.mp4,0.0,33.361;14.067;14.331;21.564;6.399;8.664;23.761;18.197;19.200;7.900;7.064;10.199;28.898,30.000;30.000;30.000;30.000;30.000;30.000;30.000;30.000;30.000;30.000;30.000;30.000;30.000,Boiteux,jaw movement,,,POINT,42.661,C:\Users\esthe\Downloads\small boiteux 12_\Boit_1205_10_three.mp4,279,NA,
boit_1205,2025-06-05 16:05:44.780,,209.095,Media file(s),player #1:C:\Users\esthe\Downloads\small boiteux 12_\Boi_1205_1_seven.mp4;C:\Users\esthe\Downloads\small boiteux 12_\Boit_1205_10_three.mp4;C:\Users\esthe\Downloads\small boiteux 12_\Boit_1205_11_five.mp4;C:\Users\esthe\Downloads\small boiteux 12_\Boit_1205_12_control.mp4;C:\Users\esthe\Downloads\small boiteux 12_\Boit_1205_13_control.mp4;C:\Users\esthe\Downloads\small boiteux 12_\Boit_1205_2_three.mp4;C:\Users\esthe\Downloads\small boiteux 12_\Boit_1205_3_five.mp4;C:\Users\esthe\Downloads\small boiteux 12_\Boit_1205_4_one.mp4;C:\Users\esthe\Downloads\small boiteux 12_\Boit_1205_5_five.mp4;C:\Users\esthe\Downloads\small boiteux 12_\Boit_1205_6_three.mp4;C:\Users\esthe\Downloads\small boiteux 12_\Boit_1205_7_one.mp4;C:\Users\esthe\Downloads\small boiteux 12_\Boit_1205_8_five.mp4;C:\Users\esthe\Downloads\small boiteux 12_\Boit_1205_9_seven.mp4,0.0,33.361;14.067;14.331;21.564;6.399;8.664;23.761;18.197;19.200;7.900;7.064;10.199;28.898,30.000;30.000;30.000;30.000;30.000;30.000;30.000;30.000;30.000;30.000;30.000;30.000;30.000,Boiteux,jaw movement,,,POINT,42.861,C:\Users\esthe\Downloads\small boiteux 12_\Boit_1205_10_three.mp4,285,NA,
boit_1205,2025-06-05 16:05:44.780,,209.095,Media file(s),player #1:C:\Users\esthe\Downloads\small boiteux 12_\Boi_1205_1_seven.mp4;C:\Users\esthe\Downloads\small boiteux 12_\Boit_1205_10_three.mp4;C:\Users\esthe\Downloads\small boiteux 12_\Boit_1205_11_five.mp4;C:\Users\esthe\Downloads\small boiteux 12_\Boit_1205_12_control.mp4;C:\Users\esthe\Downloads\small boiteux 12_\Boit_1205_13_control.mp4;C:\Users\esthe\Downloads\small boiteux 12_\Boit_1205_2_three.mp4;C:\Users\esthe\Downloads\small boiteux 12_\Boit_1205_3_five.mp4;C:\Users\esthe\Downloads\small boiteux 12_\Boit_1205_4_one.mp4;C:\Users\esthe\Downloads\small boiteux 12_\Boit_1205_5_five.mp4;C:\Users\esthe\Downloads\small boiteux 12_\Boit_1205_6_three.mp4;C:\Users\esthe\Downloads\small boiteux 12_\Boit_1205_7_one.mp4;C:\Users\esthe\Downloads\small boiteux 12_\Boit_1205_8_five.mp4;C:\Users\esthe\Downloads\small boiteux 12_\Boit_1205_9_seven.mp4,0.0,33.361;14.067;14.331;21.564;6.399;8.664;23.761;18.197;19.200;7.900;7.064;10.199;28.898,30.000;30.000;30.000;30.000;30.000;30.000;30.000;30.000;30.000;30.000;30.000;30.000;30.000,Boiteux,jaw movement,,,POINT,43.094,C:\Users\esthe\Downloads\small boiteux 12_\Boit_1205_10_three.mp4,292,NA,
boit_1205,2025-06-05 16:05:44.780,,209.095,Media file(s),player #1:C:\Users\esthe\Downloads\small boiteux 12_\Boi_1205_1_seven.mp4;C:\Users\esthe\Downloads\small boiteux 12_\Boit_1205_10_three.mp4;C:\Users\esthe\Downloads\small boiteux 12_\Boit_1205_11_five.mp4;C:\Users\esthe\Downloads\small boiteux 12_\Boit_1205_12_control.mp4;C:\Users\esthe\Downloads\small boiteux 12_\Boit_1205_13_control.mp4;C:\Users\esthe\Downloads\small boiteux 12_\Boit_1205_2_three.mp4;C:\Users\esthe\Downloads\small boiteux 12_\Boit_1205_3_five.mp4;C:\Users\esthe\Downloads\small boiteux 12_\Boit_1205_4_one.mp4;C:\Users\esthe\Downloads\small boiteux 12_\Boit_1205_5_five.mp4;C:\Users\esthe\Downloads\small boiteux 12_\Boit_1205_6_three.mp4;C:\Users\esthe\Downloads\small boiteux 12_\Boit_1205_7_one.mp4;C:\Users\esthe\Downloads\small boiteux 12_\Boit_1205_8_five.mp4;C:\Users\esthe\Downloads\small boiteux 12_\Boit_1205_9_seven.mp4,0.0,33.361;14.067;14.331;21.564;6.399;8.664;23.761;18.197;19.200;7.900;7.064;10.199;28.898,30.000;30.000;30.000;30.000;30.000;30.000;30.000;30.000;30.000;30.000;30.000;30.000;30.000,Boiteux,jaw movement,,,POINT,43.494,C:\Users\esthe\Downloads\small boiteux 12_\Boit_1205_10_three.mp4,304,NA,
boit_1205,2025-06-05 16:05:44.780,,209.095,Media file(s),player #1:C:\Users\esthe\Downloads\small boiteux 12_\Boi_1205_1_seven.mp4;C:\Users\esthe\Downloads\small boiteux 12_\Boit_1205_10_three.mp4;C:\Users\esthe\Downloads\small boiteux 12_\Boit_1205_11_five.mp4;C:\Users\esthe\Downloads\small boiteux 12_\Boit_1205_12_control.mp4;C:\Users\esthe\Downloads\small boiteux 12_\Boit_1205_13_control.mp4;C:\Users\esthe\Downloads\small boiteux 12_\Boit_1205_2_three.mp4;C:\Users\esthe\Downloads\small boiteux 12_\Boit_1205_3_five.mp4;C:\Users\esthe\Downloads\small boiteux 12_\Boit_1205_4_one.mp4;C:\Users\esthe\Downloads\small boiteux 12_\Boit_1205_5_five.mp4;C:\Users\esthe\Downloads\small boiteux 12_\Boit_1205_6_three.mp4;C:\Users\esthe\Downloads\small boiteux 12_\Boit_1205_7_one.mp4;C:\Users\esthe\Downloads\small boiteux 12_\Boit_1205_8_five.mp4;C:\Users\esthe\Downloads\small boiteux 12_\Boit_1205_9_seven.mp4,0.0,33.361;14.067;14.331;21.564;6.399;8.664;23.761;18.197;19.200;7.900;7.064;10.199;28.898,30.000;30.000;30.000;30.000;30.000;30.000;30.000;30.000;30.000;30.000;30.000;30.000;30.000,Boiteux,peeling,,,STOP,43.661,C:\Users\esthe\Downloads\small boiteux 12_\Boit_1205_10_three.mp4,310,NA,
boit_1205,2025-06-05 16:05:44.780,,209.095,Media file(s),player #1:C:\Users\esthe\Downloads\small boiteux 12_\Boi_1205_1_seven.mp4;C:\Users\esthe\Downloads\small boiteux 12_\Boit_1205_10_three.mp4;C:\Users\esthe\Downloads\small boiteux 12_\Boit_1205_11_five.mp4;C:\Users\esthe\Downloads\small boiteux 12_\Boit_1205_12_control.mp4;C:\Users\esthe\Downloads\small boiteux 12_\Boit_1205_13_control.mp4;C:\Users\esthe\Downloads\small boiteux 12_\Boit_1205_2_three.mp4;C:\Users\esthe\Downloads\small boiteux 12_\Boit_1205_3_five.mp4;C:\Users\esthe\Downloads\small boiteux 12_\Boit_1205_4_one.mp4;C:\Users\esthe\Downloads\small boiteux 12_\Boit_1205_5_five.mp4;C:\Users\esthe\Downloads\small boiteux 12_\Boit_1205_6_three.mp4;C:\Users\esthe\Downloads\small boiteux 12_\Boit_1205_7_one.mp4;C:\Users\esthe\Downloads\small boiteux 12_\Boit_1205_8_five.mp4;C:\Users\esthe\Downloads\small boiteux 12_\Boit_1205_9_seven.mp4,0.0,33.361;14.067;14.331;21.564;6.399;8.664;23.761;18.197;19.200;7.900;7.064;10.199;28.898,30.000;30.000;30.000;30.000;30.000;30.000;30.000;30.000;30.000;30.000;30.000;30.000;30.000,Boiteux,eating,,,START,43.794,C:\Users\esthe\Downloads\small boiteux 12_\Boit_1205_10_three.mp4,313,NA,
boit_1205,2025-06-05 16:05:44.780,,209.095,Media file(s),player #1:C:\Users\esthe\Downloads\small boiteux 12_\Boi_1205_1_seven.mp4;C:\Users\esthe\Downloads\small boiteux 12_\Boit_1205_10_three.mp4;C:\Users\esthe\Downloads\small boiteux 12_\Boit_1205_11_five.mp4;C:\Users\esthe\Downloads\small boiteux 12_\Boit_1205_12_control.mp4;C:\Users\esthe\Downloads\small boiteux 12_\Boit_1205_13_control.mp4;C:\Users\esthe\Downloads\small boiteux 12_\Boit_1205_2_three.mp4;C:\Users\esthe\Downloads\small boiteux 12_\Boit_1205_3_five.mp4;C:\Users\esthe\Downloads\small boiteux 12_\Boit_1205_4_one.mp4;C:\Users\esthe\Downloads\small boiteux 12_\Boit_1205_5_five.mp4;C:\Users\esthe\Downloads\small boiteux 12_\Boit_1205_6_three.mp4;C:\Users\esthe\Downloads\small boiteux 12_\Boit_1205_7_one.mp4;C:\Users\esthe\Downloads\small boiteux 12_\Boit_1205_8_five.mp4;C:\Users\esthe\Downloads\small boiteux 12_\Boit_1205_9_seven.mp4,0.0,33.361;14.067;14.331;21.564;6.399;8.664;23.761;18.197;19.200;7.900;7.064;10.199;28.898,30.000;30.000;30.000;30.000;30.000;30.000;30.000;30.000;30.000;30.000;30.000;30.000;30.000,Boiteux,eating,,,STOP,46.928,C:\Users\esthe\Downloads\small boiteux 12_\Boit_1205_10_three.mp4,407,NA,
boit_1205,2025-06-05 16:05:44.780,,209.095,Media file(s),player #1:C:\Users\esthe\Downloads\small boiteux 12_\Boi_1205_1_seven.mp4;C:\Users\esthe\Downloads\small boiteux 12_\Boit_1205_10_three.mp4;C:\Users\esthe\Downloads\small boiteux 12_\Boit_1205_11_five.mp4;C:\Users\esthe\Downloads\small boiteux 12_\Boit_1205_12_control.mp4;C:\Users\esthe\Downloads\small boiteux 12_\Boit_1205_13_control.mp4;C:\Users\esthe\Downloads\small boiteux 12_\Boit_1205_2_three.mp4;C:\Users\esthe\Downloads\small boiteux 12_\Boit_1205_3_five.mp4;C:\Users\esthe\Downloads\small boiteux 12_\Boit_1205_4_one.mp4;C:\Users\esthe\Downloads\small boiteux 12_\Boit_1205_5_five.mp4;C:\Users\esthe\Downloads\small boiteux 12_\Boit_1205_6_three.mp4;C:\Users\esthe\Downloads\small boiteux 12_\Boit_1205_7_one.mp4;C:\Users\esthe\Downloads\small boiteux 12_\Boit_1205_8_five.mp4;C:\Users\esthe\Downloads\small boiteux 12_\Boit_1205_9_seven.mp4,0.0,33.361;14.067;14.331;21.564;6.399;8.664;23.761;18.197;19.200;7.900;7.064;10.199;28.898,30.000;30.000;30.000;30.000;30.000;30.000;30.000;30.000;30.000;30.000;30.000;30.000;30.000,Boiteux,chewing,,,START,48.460,C:\Users\esthe\Downloads\small boiteux 12_\Boit_1205_11_five.mp4,31,NA,
boit_1205,2025-06-05 16:05:44.780,,209.095,Media file(s),player #1:C:\Users\esthe\Downloads\small boiteux 12_\Boi_1205_1_seven.mp4;C:\Users\esthe\Downloads\small boiteux 12_\Boit_1205_10_three.mp4;C:\Users\esthe\Downloads\small boiteux 12_\Boit_1205_11_five.mp4;C:\Users\esthe\Downloads\small boiteux 12_\Boit_1205_12_control.mp4;C:\Users\esthe\Downloads\small boiteux 12_\Boit_1205_13_control.mp4;C:\Users\esthe\Downloads\small boiteux 12_\Boit_1205_2_three.mp4;C:\Users\esthe\Downloads\small boiteux 12_\Boit_1205_3_five.mp4;C:\Users\esthe\Downloads\small boiteux 12_\Boit_1205_4_one.mp4;C:\Users\esthe\Downloads\small boiteux 12_\Boit_1205_5_five.mp4;C:\Users\esthe\Downloads\small boiteux 12_\Boit_1205_6_three.mp4;C:\Users\esthe\Downloads\small boiteux 12_\Boit_1205_7_one.mp4;C:\Users\esthe\Downloads\small boiteux 12_\Boit_1205_8_five.mp4;C:\Users\esthe\Downloads\small boiteux 12_\Boit_1205_9_seven.mp4,0.0,33.361;14.067;14.331;21.564;6.399;8.664;23.761;18.197;19.200;7.900;7.064;10.199;28.898,30.000;30.000;30.000;30.000;30.000;30.000;30.000;30.000;30.000;30.000;30.000;30.000;30.000,Boiteux,chewing,,,STOP,50.560,C:\Users\esthe\Downloads\small boiteux 12_\Boit_1205_11_five.mp4,94,NA,
boit_1205,2025-06-05 16:05:44.780,,209.095,Media file(s),player #1:C:\Users\esthe\Downloads\small boiteux 12_\Boi_1205_1_seven.mp4;C:\Users\esthe\Downloads\small boiteux 12_\Boit_1205_10_three.mp4;C:\Users\esthe\Downloads\small boiteux 12_\Boit_1205_11_five.mp4;C:\Users\esthe\Downloads\small boiteux 12_\Boit_1205_12_control.mp4;C:\Users\esthe\Downloads\small boiteux 12_\Boit_1205_13_control.mp4;C:\Users\esthe\Downloads\small boiteux 12_\Boit_1205_2_three.mp4;C:\Users\esthe\Downloads\small boiteux 12_\Boit_1205_3_five.mp4;C:\Users\esthe\Downloads\small boiteux 12_\Boit_1205_4_one.mp4;C:\Users\esthe\Downloads\small boiteux 12_\Boit_1205_5_five.mp4;C:\Users\esthe\Downloads\small boiteux 12_\Boit_1205_6_three.mp4;C:\Users\esthe\Downloads\small boiteux 12_\Boit_1205_7_one.mp4;C:\Users\esthe\Downloads\small boiteux 12_\Boit_1205_8_five.mp4;C:\Users\esthe\Downloads\small boiteux 12_\Boit_1205_9_seven.mp4,0.0,33.361;14.067;14.331;21.564;6.399;8.664;23.761;18.197;19.200;7.900;7.064;10.199;28.898,30.000;30.000;30.000;30.000;30.000;30.000;30.000;30.000;30.000;30.000;30.000;30.000;30.000,Boiteux,bending,,,START,50.565,C:\Users\esthe\Downloads\small boiteux 12_\Boit_1205_11_five.mp4,94,NA,
boit_1205,2025-06-05 16:05:44.780,,209.095,Media file(s),player #1:C:\Users\esthe\Downloads\small boiteux 12_\Boi_1205_1_seven.mp4;C:\Users\esthe\Downloads\small boiteux 12_\Boit_1205_10_three.mp4;C:\Users\esthe\Downloads\small boiteux 12_\Boit_1205_11_five.mp4;C:\Users\esthe\Downloads\small boiteux 12_\Boit_1205_12_control.mp4;C:\Users\esthe\Downloads\small boiteux 12_\Boit_1205_13_control.mp4;C:\Users\esthe\Downloads\small boiteux 12_\Boit_1205_2_three.mp4;C:\Users\esthe\Downloads\small boiteux 12_\Boit_1205_3_five.mp4;C:\Users\esthe\Downloads\small boiteux 12_\Boit_1205_4_one.mp4;C:\Users\esthe\Downloads\small boiteux 12_\Boit_1205_5_five.mp4;C:\Users\esthe\Downloads\small boiteux 12_\Boit_1205_6_three.mp4;C:\Users\esthe\Downloads\small boiteux 12_\Boit_1205_7_one.mp4;C:\Users\esthe\Downloads\small boiteux 12_\Boit_1205_8_five.mp4;C:\Users\esthe\Downloads\small boiteux 12_\Boit_1205_9_seven.mp4,0.0,33.361;14.067;14.331;21.564;6.399;8.664;23.761;18.197;19.200;7.900;7.064;10.199;28.898,30.000;30.000;30.000;30.000;30.000;30.000;30.000;30.000;30.000;30.000;30.000;30.000;30.000,Boiteux,bending,,,STOP,51.260,C:\Users\esthe\Downloads\small boiteux 12_\Boit_1205_11_five.mp4,115,NA,
boit_1205,2025-06-05 16:05:44.780,,209.095,Media file(s),player #1:C:\Users\esthe\Downloads\small boiteux 12_\Boi_1205_1_seven.mp4;C:\Users\esthe\Downloads\small boiteux 12_\Boit_1205_10_three.mp4;C:\Users\esthe\Downloads\small boiteux 12_\Boit_1205_11_five.mp4;C:\Users\esthe\Downloads\small boiteux 12_\Boit_1205_12_control.mp4;C:\Users\esthe\Downloads\small boiteux 12_\Boit_1205_13_control.mp4;C:\Users\esthe\Downloads\small boiteux 12_\Boit_1205_2_three.mp4;C:\Users\esthe\Downloads\small boiteux 12_\Boit_1205_3_five.mp4;C:\Users\esthe\Downloads\small boiteux 12_\Boit_1205_4_one.mp4;C:\Users\esthe\Downloads\small boiteux 12_\Boit_1205_5_five.mp4;C:\Users\esthe\Downloads\small boiteux 12_\Boit_1205_6_three.mp4;C:\Users\esthe\Downloads\small boiteux 12_\Boit_1205_7_one.mp4;C:\Users\esthe\Downloads\small boiteux 12_\Boit_1205_8_five.mp4;C:\Users\esthe\Downloads\small boiteux 12_\Boit_1205_9_seven.mp4,0.0,33.361;14.067;14.331;21.564;6.399;8.664;23.761;18.197;19.200;7.900;7.064;10.199;28.898,30.000;30.000;30.000;30.000;30.000;30.000;30.000;30.000;30.000;30.000;30.000;30.000;30.000,Boiteux,grabbing peanut,,,POINT,51.260,C:\Users\esthe\Downloads\small boiteux 12_\Boit_1205_11_five.mp4,115,NA,
boit_1205,2025-06-05 16:05:44.780,,209.095,Media file(s),player #1:C:\Users\esthe\Downloads\small boiteux 12_\Boi_1205_1_seven.mp4;C:\Users\esthe\Downloads\small boiteux 12_\Boit_1205_10_three.mp4;C:\Users\esthe\Downloads\small boiteux 12_\Boit_1205_11_five.mp4;C:\Users\esthe\Downloads\small boiteux 12_\Boit_1205_12_control.mp4;C:\Users\esthe\Downloads\small boiteux 12_\Boit_1205_13_control.mp4;C:\Users\esthe\Downloads\small boiteux 12_\Boit_1205_2_three.mp4;C:\Users\esthe\Downloads\small boiteux 12_\Boit_1205_3_five.mp4;C:\Users\esthe\Downloads\small boiteux 12_\Boit_1205_4_one.mp4;C:\Users\esthe\Downloads\small boiteux 12_\Boit_1205_5_five.mp4;C:\Users\esthe\Downloads\small boiteux 12_\Boit_1205_6_three.mp4;C:\Users\esthe\Downloads\small boiteux 12_\Boit_1205_7_one.mp4;C:\Users\esthe\Downloads\small boiteux 12_\Boit_1205_8_five.mp4;C:\Users\esthe\Downloads\small boiteux 12_\Boit_1205_9_seven.mp4,0.0,33.361;14.067;14.331;21.564;6.399;8.664;23.761;18.197;19.200;7.900;7.064;10.199;28.898,30.000;30.000;30.000;30.000;30.000;30.000;30.000;30.000;30.000;30.000;30.000;30.000;30.000,Boiteux,lifting,,,START,51.293,C:\Users\esthe\Downloads\small boiteux 12_\Boit_1205_11_five.mp4,116,NA,
boit_1205,2025-06-05 16:05:44.780,,209.095,Media file(s),player #1:C:\Users\esthe\Downloads\small boiteux 12_\Boi_1205_1_seven.mp4;C:\Users\esthe\Downloads\small boiteux 12_\Boit_1205_10_three.mp4;C:\Users\esthe\Downloads\small boiteux 12_\Boit_1205_11_five.mp4;C:\Users\esthe\Downloads\small boiteux 12_\Boit_1205_12_control.mp4;C:\Users\esthe\Downloads\small boiteux 12_\Boit_1205_13_control.mp4;C:\Users\esthe\Downloads\small boiteux 12_\Boit_1205_2_three.mp4;C:\Users\esthe\Downloads\small boiteux 12_\Boit_1205_3_five.mp4;C:\Users\esthe\Downloads\small boiteux 12_\Boit_1205_4_one.mp4;C:\Users\esthe\Downloads\small boiteux 12_\Boit_1205_5_five.mp4;C:\Users\esthe\Downloads\small boiteux 12_\Boit_1205_6_three.mp4;C:\Users\esthe\Downloads\small boiteux 12_\Boit_1205_7_one.mp4;C:\Users\esthe\Downloads\small boiteux 12_\Boit_1205_8_five.mp4;C:\Users\esthe\Downloads\small boiteux 12_\Boit_1205_9_seven.mp4,0.0,33.361;14.067;14.331;21.564;6.399;8.664;23.761;18.197;19.200;7.900;7.064;10.199;28.898,30.000;30.000;30.000;30.000;30.000;30.000;30.000;30.000;30.000;30.000;30.000;30.000;30.000,Boiteux,lifting,,,STOP,51.593,C:\Users\esthe\Downloads\small boiteux 12_\Boit_1205_11_five.mp4,125,NA,
boit_1205,2025-06-05 16:05:44.780,,209.095,Media file(s),player #1:C:\Users\esthe\Downloads\small boiteux 12_\Boi_1205_1_seven.mp4;C:\Users\esthe\Downloads\small boiteux 12_\Boit_1205_10_three.mp4;C:\Users\esthe\Downloads\small boiteux 12_\Boit_1205_11_five.mp4;C:\Users\esthe\Downloads\small boiteux 12_\Boit_1205_12_control.mp4;C:\Users\esthe\Downloads\small boiteux 12_\Boit_1205_13_control.mp4;C:\Users\esthe\Downloads\small boiteux 12_\Boit_1205_2_three.mp4;C:\Users\esthe\Downloads\small boiteux 12_\Boit_1205_3_five.mp4;C:\Users\esthe\Downloads\small boiteux 12_\Boit_1205_4_one.mp4;C:\Users\esthe\Downloads\small boiteux 12_\Boit_1205_5_five.mp4;C:\Users\esthe\Downloads\small boiteux 12_\Boit_1205_6_three.mp4;C:\Users\esthe\Downloads\small boiteux 12_\Boit_1205_7_one.mp4;C:\Users\esthe\Downloads\small boiteux 12_\Boit_1205_8_five.mp4;C:\Users\esthe\Downloads\small boiteux 12_\Boit_1205_9_seven.mp4,0.0,33.361;14.067;14.331;21.564;6.399;8.664;23.761;18.197;19.200;7.900;7.064;10.199;28.898,30.000;30.000;30.000;30.000;30.000;30.000;30.000;30.000;30.000;30.000;30.000;30.000;30.000,Boiteux,peeling,,,START,51.693,C:\Users\esthe\Downloads\small boiteux 12_\Boit_1205_11_five.mp4,128,NA,
boit_1205,2025-06-05 16:05:44.780,,209.095,Media file(s),player #1:C:\Users\esthe\Downloads\small boiteux 12_\Boi_1205_1_seven.mp4;C:\Users\esthe\Downloads\small boiteux 12_\Boit_1205_10_three.mp4;C:\Users\esthe\Downloads\small boiteux 12_\Boit_1205_11_five.mp4;C:\Users\esthe\Downloads\small boiteux 12_\Boit_1205_12_control.mp4;C:\Users\esthe\Downloads\small boiteux 12_\Boit_1205_13_control.mp4;C:\Users\esthe\Downloads\small boiteux 12_\Boit_1205_2_three.mp4;C:\Users\esthe\Downloads\small boiteux 12_\Boit_1205_3_five.mp4;C:\Users\esthe\Downloads\small boiteux 12_\Boit_1205_4_one.mp4;C:\Users\esthe\Downloads\small boiteux 12_\Boit_1205_5_five.mp4;C:\Users\esthe\Downloads\small boiteux 12_\Boit_1205_6_three.mp4;C:\Users\esthe\Downloads\small boiteux 12_\Boit_1205_7_one.mp4;C:\Users\esthe\Downloads\small boiteux 12_\Boit_1205_8_five.mp4;C:\Users\esthe\Downloads\small boiteux 12_\Boit_1205_9_seven.mp4,0.0,33.361;14.067;14.331;21.564;6.399;8.664;23.761;18.197;19.200;7.900;7.064;10.199;28.898,30.000;30.000;30.000;30.000;30.000;30.000;30.000;30.000;30.000;30.000;30.000;30.000;30.000,Boiteux,jaw movement,,,POINT,51.793,C:\Users\esthe\Downloads\small boiteux 12_\Boit_1205_11_five.mp4,131,NA,
boit_1205,2025-06-05 16:05:44.780,,209.095,Media file(s),player #1:C:\Users\esthe\Downloads\small boiteux 12_\Boi_1205_1_seven.mp4;C:\Users\esthe\Downloads\small boiteux 12_\Boit_1205_10_three.mp4;C:\Users\esthe\Downloads\small boiteux 12_\Boit_1205_11_five.mp4;C:\Users\esthe\Downloads\small boiteux 12_\Boit_1205_12_control.mp4;C:\Users\esthe\Downloads\small boiteux 12_\Boit_1205_13_control.mp4;C:\Users\esthe\Downloads\small boiteux 12_\Boit_1205_2_three.mp4;C:\Users\esthe\Downloads\small boiteux 12_\Boit_1205_3_five.mp4;C:\Users\esthe\Downloads\small boiteux 12_\Boit_1205_4_one.mp4;C:\Users\esthe\Downloads\small boiteux 12_\Boit_1205_5_five.mp4;C:\Users\esthe\Downloads\small boiteux 12_\Boit_1205_6_three.mp4;C:\Users\esthe\Downloads\small boiteux 12_\Boit_1205_7_one.mp4;C:\Users\esthe\Downloads\small boiteux 12_\Boit_1205_8_five.mp4;C:\Users\esthe\Downloads\small boiteux 12_\Boit_1205_9_seven.mp4,0.0,33.361;14.067;14.331;21.564;6.399;8.664;23.761;18.197;19.200;7.900;7.064;10.199;28.898,30.000;30.000;30.000;30.000;30.000;30.000;30.000;30.000;30.000;30.000;30.000;30.000;30.000,Boiteux,jaw movement,,,POINT,51.960,C:\Users\esthe\Downloads\small boiteux 12_\Boit_1205_11_five.mp4,136,NA,
boit_1205,2025-06-05 16:05:44.780,,209.095,Media file(s),player #1:C:\Users\esthe\Downloads\small boiteux 12_\Boi_1205_1_seven.mp4;C:\Users\esthe\Downloads\small boiteux 12_\Boit_1205_10_three.mp4;C:\Users\esthe\Downloads\small boiteux 12_\Boit_1205_11_five.mp4;C:\Users\esthe\Downloads\small boiteux 12_\Boit_1205_12_control.mp4;C:\Users\esthe\Downloads\small boiteux 12_\Boit_1205_13_control.mp4;C:\Users\esthe\Downloads\small boiteux 12_\Boit_1205_2_three.mp4;C:\Users\esthe\Downloads\small boiteux 12_\Boit_1205_3_five.mp4;C:\Users\esthe\Downloads\small boiteux 12_\Boit_1205_4_one.mp4;C:\Users\esthe\Downloads\small boiteux 12_\Boit_1205_5_five.mp4;C:\Users\esthe\Downloads\small boiteux 12_\Boit_1205_6_three.mp4;C:\Users\esthe\Downloads\small boiteux 12_\Boit_1205_7_one.mp4;C:\Users\esthe\Downloads\small boiteux 12_\Boit_1205_8_five.mp4;C:\Users\esthe\Downloads\small boiteux 12_\Boit_1205_9_seven.mp4,0.0,33.361;14.067;14.331;21.564;6.399;8.664;23.761;18.197;19.200;7.900;7.064;10.199;28.898,30.000;30.000;30.000;30.000;30.000;30.000;30.000;30.000;30.000;30.000;30.000;30.000;30.000,Boiteux,jaw movement,,,POINT,52.160,C:\Users\esthe\Downloads\small boiteux 12_\Boit_1205_11_five.mp4,142,NA,
boit_1205,2025-06-05 16:05:44.780,,209.095,Media file(s),player #1:C:\Users\esthe\Downloads\small boiteux 12_\Boi_1205_1_seven.mp4;C:\Users\esthe\Downloads\small boiteux 12_\Boit_1205_10_three.mp4;C:\Users\esthe\Downloads\small boiteux 12_\Boit_1205_11_five.mp4;C:\Users\esthe\Downloads\small boiteux 12_\Boit_1205_12_control.mp4;C:\Users\esthe\Downloads\small boiteux 12_\Boit_1205_13_control.mp4;C:\Users\esthe\Downloads\small boiteux 12_\Boit_1205_2_three.mp4;C:\Users\esthe\Downloads\small boiteux 12_\Boit_1205_3_five.mp4;C:\Users\esthe\Downloads\small boiteux 12_\Boit_1205_4_one.mp4;C:\Users\esthe\Downloads\small boiteux 12_\Boit_1205_5_five.mp4;C:\Users\esthe\Downloads\small boiteux 12_\Boit_1205_6_three.mp4;C:\Users\esthe\Downloads\small boiteux 12_\Boit_1205_7_one.mp4;C:\Users\esthe\Downloads\small boiteux 12_\Boit_1205_8_five.mp4;C:\Users\esthe\Downloads\small boiteux 12_\Boit_1205_9_seven.mp4,0.0,33.361;14.067;14.331;21.564;6.399;8.664;23.761;18.197;19.200;7.900;7.064;10.199;28.898,30.000;30.000;30.000;30.000;30.000;30.000;30.000;30.000;30.000;30.000;30.000;30.000;30.000,Boiteux,jaw movement,,,POINT,52.293,C:\Users\esthe\Downloads\small boiteux 12_\Boit_1205_11_five.mp4,146,NA,
boit_1205,2025-06-05 16:05:44.780,,209.095,Media file(s),player #1:C:\Users\esthe\Downloads\small boiteux 12_\Boi_1205_1_seven.mp4;C:\Users\esthe\Downloads\small boiteux 12_\Boit_1205_10_three.mp4;C:\Users\esthe\Downloads\small boiteux 12_\Boit_1205_11_five.mp4;C:\Users\esthe\Downloads\small boiteux 12_\Boit_1205_12_control.mp4;C:\Users\esthe\Downloads\small boiteux 12_\Boit_1205_13_control.mp4;C:\Users\esthe\Downloads\small boiteux 12_\Boit_1205_2_three.mp4;C:\Users\esthe\Downloads\small boiteux 12_\Boit_1205_3_five.mp4;C:\Users\esthe\Downloads\small boiteux 12_\Boit_1205_4_one.mp4;C:\Users\esthe\Downloads\small boiteux 12_\Boit_1205_5_five.mp4;C:\Users\esthe\Downloads\small boiteux 12_\Boit_1205_6_three.mp4;C:\Users\esthe\Downloads\small boiteux 12_\Boit_1205_7_one.mp4;C:\Users\esthe\Downloads\small boiteux 12_\Boit_1205_8_five.mp4;C:\Users\esthe\Downloads\small boiteux 12_\Boit_1205_9_seven.mp4,0.0,33.361;14.067;14.331;21.564;6.399;8.664;23.761;18.197;19.200;7.900;7.064;10.199;28.898,30.000;30.000;30.000;30.000;30.000;30.000;30.000;30.000;30.000;30.000;30.000;30.000;30.000,Boiteux,jaw movement,,,POINT,52.726,C:\Users\esthe\Downloads\small boiteux 12_\Boit_1205_11_five.mp4,159,NA,
boit_1205,2025-06-05 16:05:44.780,,209.095,Media file(s),player #1:C:\Users\esthe\Downloads\small boiteux 12_\Boi_1205_1_seven.mp4;C:\Users\esthe\Downloads\small boiteux 12_\Boit_1205_10_three.mp4;C:\Users\esthe\Downloads\small boiteux 12_\Boit_1205_11_five.mp4;C:\Users\esthe\Downloads\small boiteux 12_\Boit_1205_12_control.mp4;C:\Users\esthe\Downloads\small boiteux 12_\Boit_1205_13_control.mp4;C:\Users\esthe\Downloads\small boiteux 12_\Boit_1205_2_three.mp4;C:\Users\esthe\Downloads\small boiteux 12_\Boit_1205_3_five.mp4;C:\Users\esthe\Downloads\small boiteux 12_\Boit_1205_4_one.mp4;C:\Users\esthe\Downloads\small boiteux 12_\Boit_1205_5_five.mp4;C:\Users\esthe\Downloads\small boiteux 12_\Boit_1205_6_three.mp4;C:\Users\esthe\Downloads\small boiteux 12_\Boit_1205_7_one.mp4;C:\Users\esthe\Downloads\small boiteux 12_\Boit_1205_8_five.mp4;C:\Users\esthe\Downloads\small boiteux 12_\Boit_1205_9_seven.mp4,0.0,33.361;14.067;14.331;21.564;6.399;8.664;23.761;18.197;19.200;7.900;7.064;10.199;28.898,30.000;30.000;30.000;30.000;30.000;30.000;30.000;30.000;30.000;30.000;30.000;30.000;30.000,Boiteux,ear clapping,,,POINT,52.793,C:\Users\esthe\Downloads\small boiteux 12_\Boit_1205_11_five.mp4,161,NA,
boit_1205,2025-06-05 16:05:44.780,,209.095,Media file(s),player #1:C:\Users\esthe\Downloads\small boiteux 12_\Boi_1205_1_seven.mp4;C:\Users\esthe\Downloads\small boiteux 12_\Boit_1205_10_three.mp4;C:\Users\esthe\Downloads\small boiteux 12_\Boit_1205_11_five.mp4;C:\Users\esthe\Downloads\small boiteux 12_\Boit_1205_12_control.mp4;C:\Users\esthe\Downloads\small boiteux 12_\Boit_1205_13_control.mp4;C:\Users\esthe\Downloads\small boiteux 12_\Boit_1205_2_three.mp4;C:\Users\esthe\Downloads\small boiteux 12_\Boit_1205_3_five.mp4;C:\Users\esthe\Downloads\small boiteux 12_\Boit_1205_4_one.mp4;C:\Users\esthe\Downloads\small boiteux 12_\Boit_1205_5_five.mp4;C:\Users\esthe\Downloads\small boiteux 12_\Boit_1205_6_three.mp4;C:\Users\esthe\Downloads\small boiteux 12_\Boit_1205_7_one.mp4;C:\Users\esthe\Downloads\small boiteux 12_\Boit_1205_8_five.mp4;C:\Users\esthe\Downloads\small boiteux 12_\Boit_1205_9_seven.mp4,0.0,33.361;14.067;14.331;21.564;6.399;8.664;23.761;18.197;19.200;7.900;7.064;10.199;28.898,30.000;30.000;30.000;30.000;30.000;30.000;30.000;30.000;30.000;30.000;30.000;30.000;30.000,Boiteux,ear clapping,,,POINT,52.860,C:\Users\esthe\Downloads\small boiteux 12_\Boit_1205_11_five.mp4,163,NA,
boit_1205,2025-06-05 16:05:44.780,,209.095,Media file(s),player #1:C:\Users\esthe\Downloads\small boiteux 12_\Boi_1205_1_seven.mp4;C:\Users\esthe\Downloads\small boiteux 12_\Boit_1205_10_three.mp4;C:\Users\esthe\Downloads\small boiteux 12_\Boit_1205_11_five.mp4;C:\Users\esthe\Downloads\small boiteux 12_\Boit_1205_12_control.mp4;C:\Users\esthe\Downloads\small boiteux 12_\Boit_1205_13_control.mp4;C:\Users\esthe\Downloads\small boiteux 12_\Boit_1205_2_three.mp4;C:\Users\esthe\Downloads\small boiteux 12_\Boit_1205_3_five.mp4;C:\Users\esthe\Downloads\small boiteux 12_\Boit_1205_4_one.mp4;C:\Users\esthe\Downloads\small boiteux 12_\Boit_1205_5_five.mp4;C:\Users\esthe\Downloads\small boiteux 12_\Boit_1205_6_three.mp4;C:\Users\esthe\Downloads\small boiteux 12_\Boit_1205_7_one.mp4;C:\Users\esthe\Downloads\small boiteux 12_\Boit_1205_8_five.mp4;C:\Users\esthe\Downloads\small boiteux 12_\Boit_1205_9_seven.mp4,0.0,33.361;14.067;14.331;21.564;6.399;8.664;23.761;18.197;19.200;7.900;7.064;10.199;28.898,30.000;30.000;30.000;30.000;30.000;30.000;30.000;30.000;30.000;30.000;30.000;30.000;30.000,Boiteux,jaw movement,,,POINT,52.926,C:\Users\esthe\Downloads\small boiteux 12_\Boit_1205_11_five.mp4,165,NA,
boit_1205,2025-06-05 16:05:44.780,,209.095,Media file(s),player #1:C:\Users\esthe\Downloads\small boiteux 12_\Boi_1205_1_seven.mp4;C:\Users\esthe\Downloads\small boiteux 12_\Boit_1205_10_three.mp4;C:\Users\esthe\Downloads\small boiteux 12_\Boit_1205_11_five.mp4;C:\Users\esthe\Downloads\small boiteux 12_\Boit_1205_12_control.mp4;C:\Users\esthe\Downloads\small boiteux 12_\Boit_1205_13_control.mp4;C:\Users\esthe\Downloads\small boiteux 12_\Boit_1205_2_three.mp4;C:\Users\esthe\Downloads\small boiteux 12_\Boit_1205_3_five.mp4;C:\Users\esthe\Downloads\small boiteux 12_\Boit_1205_4_one.mp4;C:\Users\esthe\Downloads\small boiteux 12_\Boit_1205_5_five.mp4;C:\Users\esthe\Downloads\small boiteux 12_\Boit_1205_6_three.mp4;C:\Users\esthe\Downloads\small boiteux 12_\Boit_1205_7_one.mp4;C:\Users\esthe\Downloads\small boiteux 12_\Boit_1205_8_five.mp4;C:\Users\esthe\Downloads\small boiteux 12_\Boit_1205_9_seven.mp4,0.0,33.361;14.067;14.331;21.564;6.399;8.664;23.761;18.197;19.200;7.900;7.064;10.199;28.898,30.000;30.000;30.000;30.000;30.000;30.000;30.000;30.000;30.000;30.000;30.000;30.000;30.000,Boiteux,jaw movement,,,POINT,53.160,C:\Users\esthe\Downloads\small boiteux 12_\Boit_1205_11_five.mp4,172,NA,
boit_1205,2025-06-05 16:05:44.780,,209.095,Media file(s),player #1:C:\Users\esthe\Downloads\small boiteux 12_\Boi_1205_1_seven.mp4;C:\Users\esthe\Downloads\small boiteux 12_\Boit_1205_10_three.mp4;C:\Users\esthe\Downloads\small boiteux 12_\Boit_1205_11_five.mp4;C:\Users\esthe\Downloads\small boiteux 12_\Boit_1205_12_control.mp4;C:\Users\esthe\Downloads\small boiteux 12_\Boit_1205_13_control.mp4;C:\Users\esthe\Downloads\small boiteux 12_\Boit_1205_2_three.mp4;C:\Users\esthe\Downloads\small boiteux 12_\Boit_1205_3_five.mp4;C:\Users\esthe\Downloads\small boiteux 12_\Boit_1205_4_one.mp4;C:\Users\esthe\Downloads\small boiteux 12_\Boit_1205_5_five.mp4;C:\Users\esthe\Downloads\small boiteux 12_\Boit_1205_6_three.mp4;C:\Users\esthe\Downloads\small boiteux 12_\Boit_1205_7_one.mp4;C:\Users\esthe\Downloads\small boiteux 12_\Boit_1205_8_five.mp4;C:\Users\esthe\Downloads\small boiteux 12_\Boit_1205_9_seven.mp4,0.0,33.361;14.067;14.331;21.564;6.399;8.664;23.761;18.197;19.200;7.900;7.064;10.199;28.898,30.000;30.000;30.000;30.000;30.000;30.000;30.000;30.000;30.000;30.000;30.000;30.000;30.000,Boiteux,jaw movement,,,POINT,53.359,C:\Users\esthe\Downloads\small boiteux 12_\Boit_1205_11_five.mp4,178,NA,
boit_1205,2025-06-05 16:05:44.780,,209.095,Media file(s),player #1:C:\Users\esthe\Downloads\small boiteux 12_\Boi_1205_1_seven.mp4;C:\Users\esthe\Downloads\small boiteux 12_\Boit_1205_10_three.mp4;C:\Users\esthe\Downloads\small boiteux 12_\Boit_1205_11_five.mp4;C:\Users\esthe\Downloads\small boiteux 12_\Boit_1205_12_control.mp4;C:\Users\esthe\Downloads\small boiteux 12_\Boit_1205_13_control.mp4;C:\Users\esthe\Downloads\small boiteux 12_\Boit_1205_2_three.mp4;C:\Users\esthe\Downloads\small boiteux 12_\Boit_1205_3_five.mp4;C:\Users\esthe\Downloads\small boiteux 12_\Boit_1205_4_one.mp4;C:\Users\esthe\Downloads\small boiteux 12_\Boit_1205_5_five.mp4;C:\Users\esthe\Downloads\small boiteux 12_\Boit_1205_6_three.mp4;C:\Users\esthe\Downloads\small boiteux 12_\Boit_1205_7_one.mp4;C:\Users\esthe\Downloads\small boiteux 12_\Boit_1205_8_five.mp4;C:\Users\esthe\Downloads\small boiteux 12_\Boit_1205_9_seven.mp4,0.0,33.361;14.067;14.331;21.564;6.399;8.664;23.761;18.197;19.200;7.900;7.064;10.199;28.898,30.000;30.000;30.000;30.000;30.000;30.000;30.000;30.000;30.000;30.000;30.000;30.000;30.000,Boiteux,peeling,,,STOP,53.826,C:\Users\esthe\Downloads\small boiteux 12_\Boit_1205_11_five.mp4,192,NA,
boit_1205,2025-06-05 16:05:44.780,,209.095,Media file(s),player #1:C:\Users\esthe\Downloads\small boiteux 12_\Boi_1205_1_seven.mp4;C:\Users\esthe\Downloads\small boiteux 12_\Boit_1205_10_three.mp4;C:\Users\esthe\Downloads\small boiteux 12_\Boit_1205_11_five.mp4;C:\Users\esthe\Downloads\small boiteux 12_\Boit_1205_12_control.mp4;C:\Users\esthe\Downloads\small boiteux 12_\Boit_1205_13_control.mp4;C:\Users\esthe\Downloads\small boiteux 12_\Boit_1205_2_three.mp4;C:\Users\esthe\Downloads\small boiteux 12_\Boit_1205_3_five.mp4;C:\Users\esthe\Downloads\small boiteux 12_\Boit_1205_4_one.mp4;C:\Users\esthe\Downloads\small boiteux 12_\Boit_1205_5_five.mp4;C:\Users\esthe\Downloads\small boiteux 12_\Boit_1205_6_three.mp4;C:\Users\esthe\Downloads\small boiteux 12_\Boit_1205_7_one.mp4;C:\Users\esthe\Downloads\small boiteux 12_\Boit_1205_8_five.mp4;C:\Users\esthe\Downloads\small boiteux 12_\Boit_1205_9_seven.mp4,0.0,33.361;14.067;14.331;21.564;6.399;8.664;23.761;18.197;19.200;7.900;7.064;10.199;28.898,30.000;30.000;30.000;30.000;30.000;30.000;30.000;30.000;30.000;30.000;30.000;30.000;30.000,Boiteux,ear clapping,,,POINT,53.959,C:\Users\esthe\Downloads\small boiteux 12_\Boit_1205_11_five.mp4,196,NA,
boit_1205,2025-06-05 16:05:44.780,,209.095,Media file(s),player #1:C:\Users\esthe\Downloads\small boiteux 12_\Boi_1205_1_seven.mp4;C:\Users\esthe\Downloads\small boiteux 12_\Boit_1205_10_three.mp4;C:\Users\esthe\Downloads\small boiteux 12_\Boit_1205_11_five.mp4;C:\Users\esthe\Downloads\small boiteux 12_\Boit_1205_12_control.mp4;C:\Users\esthe\Downloads\small boiteux 12_\Boit_1205_13_control.mp4;C:\Users\esthe\Downloads\small boiteux 12_\Boit_1205_2_three.mp4;C:\Users\esthe\Downloads\small boiteux 12_\Boit_1205_3_five.mp4;C:\Users\esthe\Downloads\small boiteux 12_\Boit_1205_4_one.mp4;C:\Users\esthe\Downloads\small boiteux 12_\Boit_1205_5_five.mp4;C:\Users\esthe\Downloads\small boiteux 12_\Boit_1205_6_three.mp4;C:\Users\esthe\Downloads\small boiteux 12_\Boit_1205_7_one.mp4;C:\Users\esthe\Downloads\small boiteux 12_\Boit_1205_8_five.mp4;C:\Users\esthe\Downloads\small boiteux 12_\Boit_1205_9_seven.mp4,0.0,33.361;14.067;14.331;21.564;6.399;8.664;23.761;18.197;19.200;7.900;7.064;10.199;28.898,30.000;30.000;30.000;30.000;30.000;30.000;30.000;30.000;30.000;30.000;30.000;30.000;30.000,Boiteux,ear clapping,,,POINT,54.026,C:\Users\esthe\Downloads\small boiteux 12_\Boit_1205_11_five.mp4,198,NA,
boit_1205,2025-06-05 16:05:44.780,,209.095,Media file(s),player #1:C:\Users\esthe\Downloads\small boiteux 12_\Boi_1205_1_seven.mp4;C:\Users\esthe\Downloads\small boiteux 12_\Boit_1205_10_three.mp4;C:\Users\esthe\Downloads\small boiteux 12_\Boit_1205_11_five.mp4;C:\Users\esthe\Downloads\small boiteux 12_\Boit_1205_12_control.mp4;C:\Users\esthe\Downloads\small boiteux 12_\Boit_1205_13_control.mp4;C:\Users\esthe\Downloads\small boiteux 12_\Boit_1205_2_three.mp4;C:\Users\esthe\Downloads\small boiteux 12_\Boit_1205_3_five.mp4;C:\Users\esthe\Downloads\small boiteux 12_\Boit_1205_4_one.mp4;C:\Users\esthe\Downloads\small boiteux 12_\Boit_1205_5_five.mp4;C:\Users\esthe\Downloads\small boiteux 12_\Boit_1205_6_three.mp4;C:\Users\esthe\Downloads\small boiteux 12_\Boit_1205_7_one.mp4;C:\Users\esthe\Downloads\small boiteux 12_\Boit_1205_8_five.mp4;C:\Users\esthe\Downloads\small boiteux 12_\Boit_1205_9_seven.mp4,0.0,33.361;14.067;14.331;21.564;6.399;8.664;23.761;18.197;19.200;7.900;7.064;10.199;28.898,30.000;30.000;30.000;30.000;30.000;30.000;30.000;30.000;30.000;30.000;30.000;30.000;30.000,Boiteux,eating,,,START,54.393,C:\Users\esthe\Downloads\small boiteux 12_\Boit_1205_11_five.mp4,209,NA,
boit_1205,2025-06-05 16:05:44.780,,209.095,Media file(s),player #1:C:\Users\esthe\Downloads\small boiteux 12_\Boi_1205_1_seven.mp4;C:\Users\esthe\Downloads\small boiteux 12_\Boit_1205_10_three.mp4;C:\Users\esthe\Downloads\small boiteux 12_\Boit_1205_11_five.mp4;C:\Users\esthe\Downloads\small boiteux 12_\Boit_1205_12_control.mp4;C:\Users\esthe\Downloads\small boiteux 12_\Boit_1205_13_control.mp4;C:\Users\esthe\Downloads\small boiteux 12_\Boit_1205_2_three.mp4;C:\Users\esthe\Downloads\small boiteux 12_\Boit_1205_3_five.mp4;C:\Users\esthe\Downloads\small boiteux 12_\Boit_1205_4_one.mp4;C:\Users\esthe\Downloads\small boiteux 12_\Boit_1205_5_five.mp4;C:\Users\esthe\Downloads\small boiteux 12_\Boit_1205_6_three.mp4;C:\Users\esthe\Downloads\small boiteux 12_\Boit_1205_7_one.mp4;C:\Users\esthe\Downloads\small boiteux 12_\Boit_1205_8_five.mp4;C:\Users\esthe\Downloads\small boiteux 12_\Boit_1205_9_seven.mp4,0.0,33.361;14.067;14.331;21.564;6.399;8.664;23.761;18.197;19.200;7.900;7.064;10.199;28.898,30.000;30.000;30.000;30.000;30.000;30.000;30.000;30.000;30.000;30.000;30.000;30.000;30.000,Boiteux,eating,,,STOP,55.759,C:\Users\esthe\Downloads\small boiteux 12_\Boit_1205_11_five.mp4,250,NA,
boit_1205,2025-06-05 16:05:44.780,,209.095,Media file(s),player #1:C:\Users\esthe\Downloads\small boiteux 12_\Boi_1205_1_seven.mp4;C:\Users\esthe\Downloads\small boiteux 12_\Boit_1205_10_three.mp4;C:\Users\esthe\Downloads\small boiteux 12_\Boit_1205_11_five.mp4;C:\Users\esthe\Downloads\small boiteux 12_\Boit_1205_12_control.mp4;C:\Users\esthe\Downloads\small boiteux 12_\Boit_1205_13_control.mp4;C:\Users\esthe\Downloads\small boiteux 12_\Boit_1205_2_three.mp4;C:\Users\esthe\Downloads\small boiteux 12_\Boit_1205_3_five.mp4;C:\Users\esthe\Downloads\small boiteux 12_\Boit_1205_4_one.mp4;C:\Users\esthe\Downloads\small boiteux 12_\Boit_1205_5_five.mp4;C:\Users\esthe\Downloads\small boiteux 12_\Boit_1205_6_three.mp4;C:\Users\esthe\Downloads\small boiteux 12_\Boit_1205_7_one.mp4;C:\Users\esthe\Downloads\small boiteux 12_\Boit_1205_8_five.mp4;C:\Users\esthe\Downloads\small boiteux 12_\Boit_1205_9_seven.mp4,0.0,33.361;14.067;14.331;21.564;6.399;8.664;23.761;18.197;19.200;7.900;7.064;10.199;28.898,30.000;30.000;30.000;30.000;30.000;30.000;30.000;30.000;30.000;30.000;30.000;30.000;30.000,Boiteux,chewing,,,START,55.892,C:\Users\esthe\Downloads\small boiteux 12_\Boit_1205_11_five.mp4,254,NA,
boit_1205,2025-06-05 16:05:44.780,,209.095,Media file(s),player #1:C:\Users\esthe\Downloads\small boiteux 12_\Boi_1205_1_seven.mp4;C:\Users\esthe\Downloads\small boiteux 12_\Boit_1205_10_three.mp4;C:\Users\esthe\Downloads\small boiteux 12_\Boit_1205_11_five.mp4;C:\Users\esthe\Downloads\small boiteux 12_\Boit_1205_12_control.mp4;C:\Users\esthe\Downloads\small boiteux 12_\Boit_1205_13_control.mp4;C:\Users\esthe\Downloads\small boiteux 12_\Boit_1205_2_three.mp4;C:\Users\esthe\Downloads\small boiteux 12_\Boit_1205_3_five.mp4;C:\Users\esthe\Downloads\small boiteux 12_\Boit_1205_4_one.mp4;C:\Users\esthe\Downloads\small boiteux 12_\Boit_1205_5_five.mp4;C:\Users\esthe\Downloads\small boiteux 12_\Boit_1205_6_three.mp4;C:\Users\esthe\Downloads\small boiteux 12_\Boit_1205_7_one.mp4;C:\Users\esthe\Downloads\small boiteux 12_\Boit_1205_8_five.mp4;C:\Users\esthe\Downloads\small boiteux 12_\Boit_1205_9_seven.mp4,0.0,33.361;14.067;14.331;21.564;6.399;8.664;23.761;18.197;19.200;7.900;7.064;10.199;28.898,30.000;30.000;30.000;30.000;30.000;30.000;30.000;30.000;30.000;30.000;30.000;30.000;30.000,Boiteux,ear clapping,,,POINT,56.526,C:\Users\esthe\Downloads\small boiteux 12_\Boit_1205_11_five.mp4,273,NA,
boit_1205,2025-06-05 16:05:44.780,,209.095,Media file(s),player #1:C:\Users\esthe\Downloads\small boiteux 12_\Boi_1205_1_seven.mp4;C:\Users\esthe\Downloads\small boiteux 12_\Boit_1205_10_three.mp4;C:\Users\esthe\Downloads\small boiteux 12_\Boit_1205_11_five.mp4;C:\Users\esthe\Downloads\small boiteux 12_\Boit_1205_12_control.mp4;C:\Users\esthe\Downloads\small boiteux 12_\Boit_1205_13_control.mp4;C:\Users\esthe\Downloads\small boiteux 12_\Boit_1205_2_three.mp4;C:\Users\esthe\Downloads\small boiteux 12_\Boit_1205_3_five.mp4;C:\Users\esthe\Downloads\small boiteux 12_\Boit_1205_4_one.mp4;C:\Users\esthe\Downloads\small boiteux 12_\Boit_1205_5_five.mp4;C:\Users\esthe\Downloads\small boiteux 12_\Boit_1205_6_three.mp4;C:\Users\esthe\Downloads\small boiteux 12_\Boit_1205_7_one.mp4;C:\Users\esthe\Downloads\small boiteux 12_\Boit_1205_8_five.mp4;C:\Users\esthe\Downloads\small boiteux 12_\Boit_1205_9_seven.mp4,0.0,33.361;14.067;14.331;21.564;6.399;8.664;23.761;18.197;19.200;7.900;7.064;10.199;28.898,30.000;30.000;30.000;30.000;30.000;30.000;30.000;30.000;30.000;30.000;30.000;30.000;30.000,Boiteux,ear clapping,,,POINT,56.559,C:\Users\esthe\Downloads\small boiteux 12_\Boit_1205_11_five.mp4,274,NA,
boit_1205,2025-06-05 16:05:44.780,,209.095,Media file(s),player #1:C:\Users\esthe\Downloads\small boiteux 12_\Boi_1205_1_seven.mp4;C:\Users\esthe\Downloads\small boiteux 12_\Boit_1205_10_three.mp4;C:\Users\esthe\Downloads\small boiteux 12_\Boit_1205_11_five.mp4;C:\Users\esthe\Downloads\small boiteux 12_\Boit_1205_12_control.mp4;C:\Users\esthe\Downloads\small boiteux 12_\Boit_1205_13_control.mp4;C:\Users\esthe\Downloads\small boiteux 12_\Boit_1205_2_three.mp4;C:\Users\esthe\Downloads\small boiteux 12_\Boit_1205_3_five.mp4;C:\Users\esthe\Downloads\small boiteux 12_\Boit_1205_4_one.mp4;C:\Users\esthe\Downloads\small boiteux 12_\Boit_1205_5_five.mp4;C:\Users\esthe\Downloads\small boiteux 12_\Boit_1205_6_three.mp4;C:\Users\esthe\Downloads\small boiteux 12_\Boit_1205_7_one.mp4;C:\Users\esthe\Downloads\small boiteux 12_\Boit_1205_8_five.mp4;C:\Users\esthe\Downloads\small boiteux 12_\Boit_1205_9_seven.mp4,0.0,33.361;14.067;14.331;21.564;6.399;8.664;23.761;18.197;19.200;7.900;7.064;10.199;28.898,30.000;30.000;30.000;30.000;30.000;30.000;30.000;30.000;30.000;30.000;30.000;30.000;30.000,Boiteux,ear clapping,,,POINT,56.592,C:\Users\esthe\Downloads\small boiteux 12_\Boit_1205_11_five.mp4,275,NA,
boit_1205,2025-06-05 16:05:44.780,,209.095,Media file(s),player #1:C:\Users\esthe\Downloads\small boiteux 12_\Boi_1205_1_seven.mp4;C:\Users\esthe\Downloads\small boiteux 12_\Boit_1205_10_three.mp4;C:\Users\esthe\Downloads\small boiteux 12_\Boit_1205_11_five.mp4;C:\Users\esthe\Downloads\small boiteux 12_\Boit_1205_12_control.mp4;C:\Users\esthe\Downloads\small boiteux 12_\Boit_1205_13_control.mp4;C:\Users\esthe\Downloads\small boiteux 12_\Boit_1205_2_three.mp4;C:\Users\esthe\Downloads\small boiteux 12_\Boit_1205_3_five.mp4;C:\Users\esthe\Downloads\small boiteux 12_\Boit_1205_4_one.mp4;C:\Users\esthe\Downloads\small boiteux 12_\Boit_1205_5_five.mp4;C:\Users\esthe\Downloads\small boiteux 12_\Boit_1205_6_three.mp4;C:\Users\esthe\Downloads\small boiteux 12_\Boit_1205_7_one.mp4;C:\Users\esthe\Downloads\small boiteux 12_\Boit_1205_8_five.mp4;C:\Users\esthe\Downloads\small boiteux 12_\Boit_1205_9_seven.mp4,0.0,33.361;14.067;14.331;21.564;6.399;8.664;23.761;18.197;19.200;7.900;7.064;10.199;28.898,30.000;30.000;30.000;30.000;30.000;30.000;30.000;30.000;30.000;30.000;30.000;30.000;30.000,Boiteux,ear clapping,,,POINT,56.659,C:\Users\esthe\Downloads\small boiteux 12_\Boit_1205_11_five.mp4,277,NA,
boit_1205,2025-06-05 16:05:44.780,,209.095,Media file(s),player #1:C:\Users\esthe\Downloads\small boiteux 12_\Boi_1205_1_seven.mp4;C:\Users\esthe\Downloads\small boiteux 12_\Boit_1205_10_three.mp4;C:\Users\esthe\Downloads\small boiteux 12_\Boit_1205_11_five.mp4;C:\Users\esthe\Downloads\small boiteux 12_\Boit_1205_12_control.mp4;C:\Users\esthe\Downloads\small boiteux 12_\Boit_1205_13_control.mp4;C:\Users\esthe\Downloads\small boiteux 12_\Boit_1205_2_three.mp4;C:\Users\esthe\Downloads\small boiteux 12_\Boit_1205_3_five.mp4;C:\Users\esthe\Downloads\small boiteux 12_\Boit_1205_4_one.mp4;C:\Users\esthe\Downloads\small boiteux 12_\Boit_1205_5_five.mp4;C:\Users\esthe\Downloads\small boiteux 12_\Boit_1205_6_three.mp4;C:\Users\esthe\Downloads\small boiteux 12_\Boit_1205_7_one.mp4;C:\Users\esthe\Downloads\small boiteux 12_\Boit_1205_8_five.mp4;C:\Users\esthe\Downloads\small boiteux 12_\Boit_1205_9_seven.mp4,0.0,33.361;14.067;14.331;21.564;6.399;8.664;23.761;18.197;19.200;7.900;7.064;10.199;28.898,30.000;30.000;30.000;30.000;30.000;30.000;30.000;30.000;30.000;30.000;30.000;30.000;30.000,Boiteux,chewing,,,STOP,57.092,C:\Users\esthe\Downloads\small boiteux 12_\Boit_1205_11_five.mp4,290,NA,
boit_1205,2025-06-05 16:05:44.780,,209.095,Media file(s),player #1:C:\Users\esthe\Downloads\small boiteux 12_\Boi_1205_1_seven.mp4;C:\Users\esthe\Downloads\small boiteux 12_\Boit_1205_10_three.mp4;C:\Users\esthe\Downloads\small boiteux 12_\Boit_1205_11_five.mp4;C:\Users\esthe\Downloads\small boiteux 12_\Boit_1205_12_control.mp4;C:\Users\esthe\Downloads\small boiteux 12_\Boit_1205_13_control.mp4;C:\Users\esthe\Downloads\small boiteux 12_\Boit_1205_2_three.mp4;C:\Users\esthe\Downloads\small boiteux 12_\Boit_1205_3_five.mp4;C:\Users\esthe\Downloads\small boiteux 12_\Boit_1205_4_one.mp4;C:\Users\esthe\Downloads\small boiteux 12_\Boit_1205_5_five.mp4;C:\Users\esthe\Downloads\small boiteux 12_\Boit_1205_6_three.mp4;C:\Users\esthe\Downloads\small boiteux 12_\Boit_1205_7_one.mp4;C:\Users\esthe\Downloads\small boiteux 12_\Boit_1205_8_five.mp4;C:\Users\esthe\Downloads\small boiteux 12_\Boit_1205_9_seven.mp4,0.0,33.361;14.067;14.331;21.564;6.399;8.664;23.761;18.197;19.200;7.900;7.064;10.199;28.898,30.000;30.000;30.000;30.000;30.000;30.000;30.000;30.000;30.000;30.000;30.000;30.000;30.000,Boiteux,eating,,,START,57.326,C:\Users\esthe\Downloads\small boiteux 12_\Boit_1205_11_five.mp4,297,NA,
boit_1205,2025-06-05 16:05:44.780,,209.095,Media file(s),player #1:C:\Users\esthe\Downloads\small boiteux 12_\Boi_1205_1_seven.mp4;C:\Users\esthe\Downloads\small boiteux 12_\Boit_1205_10_three.mp4;C:\Users\esthe\Downloads\small boiteux 12_\Boit_1205_11_five.mp4;C:\Users\esthe\Downloads\small boiteux 12_\Boit_1205_12_control.mp4;C:\Users\esthe\Downloads\small boiteux 12_\Boit_1205_13_control.mp4;C:\Users\esthe\Downloads\small boiteux 12_\Boit_1205_2_three.mp4;C:\Users\esthe\Downloads\small boiteux 12_\Boit_1205_3_five.mp4;C:\Users\esthe\Downloads\small boiteux 12_\Boit_1205_4_one.mp4;C:\Users\esthe\Downloads\small boiteux 12_\Boit_1205_5_five.mp4;C:\Users\esthe\Downloads\small boiteux 12_\Boit_1205_6_three.mp4;C:\Users\esthe\Downloads\small boiteux 12_\Boit_1205_7_one.mp4;C:\Users\esthe\Downloads\small boiteux 12_\Boit_1205_8_five.mp4;C:\Users\esthe\Downloads\small boiteux 12_\Boit_1205_9_seven.mp4,0.0,33.361;14.067;14.331;21.564;6.399;8.664;23.761;18.197;19.200;7.900;7.064;10.199;28.898,30.000;30.000;30.000;30.000;30.000;30.000;30.000;30.000;30.000;30.000;30.000;30.000;30.000,Boiteux,ear clapping,,,POINT,58.659,C:\Users\esthe\Downloads\small boiteux 12_\Boit_1205_11_five.mp4,337,NA,
boit_1205,2025-06-05 16:05:44.780,,209.095,Media file(s),player #1:C:\Users\esthe\Downloads\small boiteux 12_\Boi_1205_1_seven.mp4;C:\Users\esthe\Downloads\small boiteux 12_\Boit_1205_10_three.mp4;C:\Users\esthe\Downloads\small boiteux 12_\Boit_1205_11_five.mp4;C:\Users\esthe\Downloads\small boiteux 12_\Boit_1205_12_control.mp4;C:\Users\esthe\Downloads\small boiteux 12_\Boit_1205_13_control.mp4;C:\Users\esthe\Downloads\small boiteux 12_\Boit_1205_2_three.mp4;C:\Users\esthe\Downloads\small boiteux 12_\Boit_1205_3_five.mp4;C:\Users\esthe\Downloads\small boiteux 12_\Boit_1205_4_one.mp4;C:\Users\esthe\Downloads\small boiteux 12_\Boit_1205_5_five.mp4;C:\Users\esthe\Downloads\small boiteux 12_\Boit_1205_6_three.mp4;C:\Users\esthe\Downloads\small boiteux 12_\Boit_1205_7_one.mp4;C:\Users\esthe\Downloads\small boiteux 12_\Boit_1205_8_five.mp4;C:\Users\esthe\Downloads\small boiteux 12_\Boit_1205_9_seven.mp4,0.0,33.361;14.067;14.331;21.564;6.399;8.664;23.761;18.197;19.200;7.900;7.064;10.199;28.898,30.000;30.000;30.000;30.000;30.000;30.000;30.000;30.000;30.000;30.000;30.000;30.000;30.000,Boiteux,ear clapping,,,POINT,58.726,C:\Users\esthe\Downloads\small boiteux 12_\Boit_1205_11_five.mp4,339,NA,
boit_1205,2025-06-05 16:05:44.780,,209.095,Media file(s),player #1:C:\Users\esthe\Downloads\small boiteux 12_\Boi_1205_1_seven.mp4;C:\Users\esthe\Downloads\small boiteux 12_\Boit_1205_10_three.mp4;C:\Users\esthe\Downloads\small boiteux 12_\Boit_1205_11_five.mp4;C:\Users\esthe\Downloads\small boiteux 12_\Boit_1205_12_control.mp4;C:\Users\esthe\Downloads\small boiteux 12_\Boit_1205_13_control.mp4;C:\Users\esthe\Downloads\small boiteux 12_\Boit_1205_2_three.mp4;C:\Users\esthe\Downloads\small boiteux 12_\Boit_1205_3_five.mp4;C:\Users\esthe\Downloads\small boiteux 12_\Boit_1205_4_one.mp4;C:\Users\esthe\Downloads\small boiteux 12_\Boit_1205_5_five.mp4;C:\Users\esthe\Downloads\small boiteux 12_\Boit_1205_6_three.mp4;C:\Users\esthe\Downloads\small boiteux 12_\Boit_1205_7_one.mp4;C:\Users\esthe\Downloads\small boiteux 12_\Boit_1205_8_five.mp4;C:\Users\esthe\Downloads\small boiteux 12_\Boit_1205_9_seven.mp4,0.0,33.361;14.067;14.331;21.564;6.399;8.664;23.761;18.197;19.200;7.900;7.064;10.199;28.898,30.000;30.000;30.000;30.000;30.000;30.000;30.000;30.000;30.000;30.000;30.000;30.000;30.000,Boiteux,ear clapping,,,POINT,58.792,C:\Users\esthe\Downloads\small boiteux 12_\Boit_1205_11_five.mp4,341,NA,
boit_1205,2025-06-05 16:05:44.780,,209.095,Media file(s),player #1:C:\Users\esthe\Downloads\small boiteux 12_\Boi_1205_1_seven.mp4;C:\Users\esthe\Downloads\small boiteux 12_\Boit_1205_10_three.mp4;C:\Users\esthe\Downloads\small boiteux 12_\Boit_1205_11_five.mp4;C:\Users\esthe\Downloads\small boiteux 12_\Boit_1205_12_control.mp4;C:\Users\esthe\Downloads\small boiteux 12_\Boit_1205_13_control.mp4;C:\Users\esthe\Downloads\small boiteux 12_\Boit_1205_2_three.mp4;C:\Users\esthe\Downloads\small boiteux 12_\Boit_1205_3_five.mp4;C:\Users\esthe\Downloads\small boiteux 12_\Boit_1205_4_one.mp4;C:\Users\esthe\Downloads\small boiteux 12_\Boit_1205_5_five.mp4;C:\Users\esthe\Downloads\small boiteux 12_\Boit_1205_6_three.mp4;C:\Users\esthe\Downloads\small boiteux 12_\Boit_1205_7_one.mp4;C:\Users\esthe\Downloads\small boiteux 12_\Boit_1205_8_five.mp4;C:\Users\esthe\Downloads\small boiteux 12_\Boit_1205_9_seven.mp4,0.0,33.361;14.067;14.331;21.564;6.399;8.664;23.761;18.197;19.200;7.900;7.064;10.199;28.898,30.000;30.000;30.000;30.000;30.000;30.000;30.000;30.000;30.000;30.000;30.000;30.000;30.000,Boiteux,eating,,,STOP,59.225,C:\Users\esthe\Downloads\small boiteux 12_\Boit_1205_11_five.mp4,354,NA,
boit_1205,2025-06-05 16:05:44.780,,209.095,Media file(s),player #1:C:\Users\esthe\Downloads\small boiteux 12_\Boi_1205_1_seven.mp4;C:\Users\esthe\Downloads\small boiteux 12_\Boit_1205_10_three.mp4;C:\Users\esthe\Downloads\small boiteux 12_\Boit_1205_11_five.mp4;C:\Users\esthe\Downloads\small boiteux 12_\Boit_1205_12_control.mp4;C:\Users\esthe\Downloads\small boiteux 12_\Boit_1205_13_control.mp4;C:\Users\esthe\Downloads\small boiteux 12_\Boit_1205_2_three.mp4;C:\Users\esthe\Downloads\small boiteux 12_\Boit_1205_3_five.mp4;C:\Users\esthe\Downloads\small boiteux 12_\Boit_1205_4_one.mp4;C:\Users\esthe\Downloads\small boiteux 12_\Boit_1205_5_five.mp4;C:\Users\esthe\Downloads\small boiteux 12_\Boit_1205_6_three.mp4;C:\Users\esthe\Downloads\small boiteux 12_\Boit_1205_7_one.mp4;C:\Users\esthe\Downloads\small boiteux 12_\Boit_1205_8_five.mp4;C:\Users\esthe\Downloads\small boiteux 12_\Boit_1205_9_seven.mp4,0.0,33.361;14.067;14.331;21.564;6.399;8.664;23.761;18.197;19.200;7.900;7.064;10.199;28.898,30.000;30.000;30.000;30.000;30.000;30.000;30.000;30.000;30.000;30.000;30.000;30.000;30.000,Boiteux,chewing,,,START,60.192,C:\Users\esthe\Downloads\small boiteux 12_\Boit_1205_11_five.mp4,383,NA,
boit_1205,2025-06-05 16:05:44.780,,209.095,Media file(s),player #1:C:\Users\esthe\Downloads\small boiteux 12_\Boi_1205_1_seven.mp4;C:\Users\esthe\Downloads\small boiteux 12_\Boit_1205_10_three.mp4;C:\Users\esthe\Downloads\small boiteux 12_\Boit_1205_11_five.mp4;C:\Users\esthe\Downloads\small boiteux 12_\Boit_1205_12_control.mp4;C:\Users\esthe\Downloads\small boiteux 12_\Boit_1205_13_control.mp4;C:\Users\esthe\Downloads\small boiteux 12_\Boit_1205_2_three.mp4;C:\Users\esthe\Downloads\small boiteux 12_\Boit_1205_3_five.mp4;C:\Users\esthe\Downloads\small boiteux 12_\Boit_1205_4_one.mp4;C:\Users\esthe\Downloads\small boiteux 12_\Boit_1205_5_five.mp4;C:\Users\esthe\Downloads\small boiteux 12_\Boit_1205_6_three.mp4;C:\Users\esthe\Downloads\small boiteux 12_\Boit_1205_7_one.mp4;C:\Users\esthe\Downloads\small boiteux 12_\Boit_1205_8_five.mp4;C:\Users\esthe\Downloads\small boiteux 12_\Boit_1205_9_seven.mp4,0.0,33.361;14.067;14.331;21.564;6.399;8.664;23.761;18.197;19.200;7.900;7.064;10.199;28.898,30.000;30.000;30.000;30.000;30.000;30.000;30.000;30.000;30.000;30.000;30.000;30.000;30.000,Boiteux,chewing,,,STOP,60.992,C:\Users\esthe\Downloads\small boiteux 12_\Boit_1205_11_five.mp4,407,NA,
boit_1205,2025-06-05 16:05:44.780,,209.095,Media file(s),player #1:C:\Users\esthe\Downloads\small boiteux 12_\Boi_1205_1_seven.mp4;C:\Users\esthe\Downloads\small boiteux 12_\Boit_1205_10_three.mp4;C:\Users\esthe\Downloads\small boiteux 12_\Boit_1205_11_five.mp4;C:\Users\esthe\Downloads\small boiteux 12_\Boit_1205_12_control.mp4;C:\Users\esthe\Downloads\small boiteux 12_\Boit_1205_13_control.mp4;C:\Users\esthe\Downloads\small boiteux 12_\Boit_1205_2_three.mp4;C:\Users\esthe\Downloads\small boiteux 12_\Boit_1205_3_five.mp4;C:\Users\esthe\Downloads\small boiteux 12_\Boit_1205_4_one.mp4;C:\Users\esthe\Downloads\small boiteux 12_\Boit_1205_5_five.mp4;C:\Users\esthe\Downloads\small boiteux 12_\Boit_1205_6_three.mp4;C:\Users\esthe\Downloads\small boiteux 12_\Boit_1205_7_one.mp4;C:\Users\esthe\Downloads\small boiteux 12_\Boit_1205_8_five.mp4;C:\Users\esthe\Downloads\small boiteux 12_\Boit_1205_9_seven.mp4,0.0,33.361;14.067;14.331;21.564;6.399;8.664;23.761;18.197;19.200;7.900;7.064;10.199;28.898,30.000;30.000;30.000;30.000;30.000;30.000;30.000;30.000;30.000;30.000;30.000;30.000;30.000,Boiteux,eating,,,START,61.058,C:\Users\esthe\Downloads\small boiteux 12_\Boit_1205_11_five.mp4,409,NA,
boit_1205,2025-06-05 16:05:44.780,,209.095,Media file(s),player #1:C:\Users\esthe\Downloads\small boiteux 12_\Boi_1205_1_seven.mp4;C:\Users\esthe\Downloads\small boiteux 12_\Boit_1205_10_three.mp4;C:\Users\esthe\Downloads\small boiteux 12_\Boit_1205_11_five.mp4;C:\Users\esthe\Downloads\small boiteux 12_\Boit_1205_12_control.mp4;C:\Users\esthe\Downloads\small boiteux 12_\Boit_1205_13_control.mp4;C:\Users\esthe\Downloads\small boiteux 12_\Boit_1205_2_three.mp4;C:\Users\esthe\Downloads\small boiteux 12_\Boit_1205_3_five.mp4;C:\Users\esthe\Downloads\small boiteux 12_\Boit_1205_4_one.mp4;C:\Users\esthe\Downloads\small boiteux 12_\Boit_1205_5_five.mp4;C:\Users\esthe\Downloads\small boiteux 12_\Boit_1205_6_three.mp4;C:\Users\esthe\Downloads\small boiteux 12_\Boit_1205_7_one.mp4;C:\Users\esthe\Downloads\small boiteux 12_\Boit_1205_8_five.mp4;C:\Users\esthe\Downloads\small boiteux 12_\Boit_1205_9_seven.mp4,0.0,33.361;14.067;14.331;21.564;6.399;8.664;23.761;18.197;19.200;7.900;7.064;10.199;28.898,30.000;30.000;30.000;30.000;30.000;30.000;30.000;30.000;30.000;30.000;30.000;30.000;30.000,Boiteux,eating,,,STOP,61.658,C:\Users\esthe\Downloads\small boiteux 12_\Boit_1205_11_five.mp4,427,NA,
boit_1205,2025-06-05 16:05:44.780,,209.095,Media file(s),player #1:C:\Users\esthe\Downloads\small boiteux 12_\Boi_1205_1_seven.mp4;C:\Users\esthe\Downloads\small boiteux 12_\Boit_1205_10_three.mp4;C:\Users\esthe\Downloads\small boiteux 12_\Boit_1205_11_five.mp4;C:\Users\esthe\Downloads\small boiteux 12_\Boit_1205_12_control.mp4;C:\Users\esthe\Downloads\small boiteux 12_\Boit_1205_13_control.mp4;C:\Users\esthe\Downloads\small boiteux 12_\Boit_1205_2_three.mp4;C:\Users\esthe\Downloads\small boiteux 12_\Boit_1205_3_five.mp4;C:\Users\esthe\Downloads\small boiteux 12_\Boit_1205_4_one.mp4;C:\Users\esthe\Downloads\small boiteux 12_\Boit_1205_5_five.mp4;C:\Users\esthe\Downloads\small boiteux 12_\Boit_1205_6_three.mp4;C:\Users\esthe\Downloads\small boiteux 12_\Boit_1205_7_one.mp4;C:\Users\esthe\Downloads\small boiteux 12_\Boit_1205_8_five.mp4;C:\Users\esthe\Downloads\small boiteux 12_\Boit_1205_9_seven.mp4,0.0,33.361;14.067;14.331;21.564;6.399;8.664;23.761;18.197;19.200;7.900;7.064;10.199;28.898,30.000;30.000;30.000;30.000;30.000;30.000;30.000;30.000;30.000;30.000;30.000;30.000;30.000,Boiteux,bending,,,START,61.925,C:\Users\esthe\Downloads\small boiteux 12_\Boit_1205_12_control.mp4,5,NA,
boit_1205,2025-06-05 16:05:44.780,,209.095,Media file(s),player #1:C:\Users\esthe\Downloads\small boiteux 12_\Boi_1205_1_seven.mp4;C:\Users\esthe\Downloads\small boiteux 12_\Boit_1205_10_three.mp4;C:\Users\esthe\Downloads\small boiteux 12_\Boit_1205_11_five.mp4;C:\Users\esthe\Downloads\small boiteux 12_\Boit_1205_12_control.mp4;C:\Users\esthe\Downloads\small boiteux 12_\Boit_1205_13_control.mp4;C:\Users\esthe\Downloads\small boiteux 12_\Boit_1205_2_three.mp4;C:\Users\esthe\Downloads\small boiteux 12_\Boit_1205_3_five.mp4;C:\Users\esthe\Downloads\small boiteux 12_\Boit_1205_4_one.mp4;C:\Users\esthe\Downloads\small boiteux 12_\Boit_1205_5_five.mp4;C:\Users\esthe\Downloads\small boiteux 12_\Boit_1205_6_three.mp4;C:\Users\esthe\Downloads\small boiteux 12_\Boit_1205_7_one.mp4;C:\Users\esthe\Downloads\small boiteux 12_\Boit_1205_8_five.mp4;C:\Users\esthe\Downloads\small boiteux 12_\Boit_1205_9_seven.mp4,0.0,33.361;14.067;14.331;21.564;6.399;8.664;23.761;18.197;19.200;7.900;7.064;10.199;28.898,30.000;30.000;30.000;30.000;30.000;30.000;30.000;30.000;30.000;30.000;30.000;30.000;30.000,Boiteux,grabbing peanut,,,POINT,62.325,C:\Users\esthe\Downloads\small boiteux 12_\Boit_1205_12_control.mp4,17,NA,
boit_1205,2025-06-05 16:05:44.780,,209.095,Media file(s),player #1:C:\Users\esthe\Downloads\small boiteux 12_\Boi_1205_1_seven.mp4;C:\Users\esthe\Downloads\small boiteux 12_\Boit_1205_10_three.mp4;C:\Users\esthe\Downloads\small boiteux 12_\Boit_1205_11_five.mp4;C:\Users\esthe\Downloads\small boiteux 12_\Boit_1205_12_control.mp4;C:\Users\esthe\Downloads\small boiteux 12_\Boit_1205_13_control.mp4;C:\Users\esthe\Downloads\small boiteux 12_\Boit_1205_2_three.mp4;C:\Users\esthe\Downloads\small boiteux 12_\Boit_1205_3_five.mp4;C:\Users\esthe\Downloads\small boiteux 12_\Boit_1205_4_one.mp4;C:\Users\esthe\Downloads\small boiteux 12_\Boit_1205_5_five.mp4;C:\Users\esthe\Downloads\small boiteux 12_\Boit_1205_6_three.mp4;C:\Users\esthe\Downloads\small boiteux 12_\Boit_1205_7_one.mp4;C:\Users\esthe\Downloads\small boiteux 12_\Boit_1205_8_five.mp4;C:\Users\esthe\Downloads\small boiteux 12_\Boit_1205_9_seven.mp4,0.0,33.361;14.067;14.331;21.564;6.399;8.664;23.761;18.197;19.200;7.900;7.064;10.199;28.898,30.000;30.000;30.000;30.000;30.000;30.000;30.000;30.000;30.000;30.000;30.000;30.000;30.000,Boiteux,bending,,,STOP,62.358,C:\Users\esthe\Downloads\small boiteux 12_\Boit_1205_12_control.mp4,18,NA,
boit_1205,2025-06-05 16:05:44.780,,209.095,Media file(s),player #1:C:\Users\esthe\Downloads\small boiteux 12_\Boi_1205_1_seven.mp4;C:\Users\esthe\Downloads\small boiteux 12_\Boit_1205_10_three.mp4;C:\Users\esthe\Downloads\small boiteux 12_\Boit_1205_11_five.mp4;C:\Users\esthe\Downloads\small boiteux 12_\Boit_1205_12_control.mp4;C:\Users\esthe\Downloads\small boiteux 12_\Boit_1205_13_control.mp4;C:\Users\esthe\Downloads\small boiteux 12_\Boit_1205_2_three.mp4;C:\Users\esthe\Downloads\small boiteux 12_\Boit_1205_3_five.mp4;C:\Users\esthe\Downloads\small boiteux 12_\Boit_1205_4_one.mp4;C:\Users\esthe\Downloads\small boiteux 12_\Boit_1205_5_five.mp4;C:\Users\esthe\Downloads\small boiteux 12_\Boit_1205_6_three.mp4;C:\Users\esthe\Downloads\small boiteux 12_\Boit_1205_7_one.mp4;C:\Users\esthe\Downloads\small boiteux 12_\Boit_1205_8_five.mp4;C:\Users\esthe\Downloads\small boiteux 12_\Boit_1205_9_seven.mp4,0.0,33.361;14.067;14.331;21.564;6.399;8.664;23.761;18.197;19.200;7.900;7.064;10.199;28.898,30.000;30.000;30.000;30.000;30.000;30.000;30.000;30.000;30.000;30.000;30.000;30.000;30.000,Boiteux,lifting,,,START,62.391,C:\Users\esthe\Downloads\small boiteux 12_\Boit_1205_12_control.mp4,19,NA,
boit_1205,2025-06-05 16:05:44.780,,209.095,Media file(s),player #1:C:\Users\esthe\Downloads\small boiteux 12_\Boi_1205_1_seven.mp4;C:\Users\esthe\Downloads\small boiteux 12_\Boit_1205_10_three.mp4;C:\Users\esthe\Downloads\small boiteux 12_\Boit_1205_11_five.mp4;C:\Users\esthe\Downloads\small boiteux 12_\Boit_1205_12_control.mp4;C:\Users\esthe\Downloads\small boiteux 12_\Boit_1205_13_control.mp4;C:\Users\esthe\Downloads\small boiteux 12_\Boit_1205_2_three.mp4;C:\Users\esthe\Downloads\small boiteux 12_\Boit_1205_3_five.mp4;C:\Users\esthe\Downloads\small boiteux 12_\Boit_1205_4_one.mp4;C:\Users\esthe\Downloads\small boiteux 12_\Boit_1205_5_five.mp4;C:\Users\esthe\Downloads\small boiteux 12_\Boit_1205_6_three.mp4;C:\Users\esthe\Downloads\small boiteux 12_\Boit_1205_7_one.mp4;C:\Users\esthe\Downloads\small boiteux 12_\Boit_1205_8_five.mp4;C:\Users\esthe\Downloads\small boiteux 12_\Boit_1205_9_seven.mp4,0.0,33.361;14.067;14.331;21.564;6.399;8.664;23.761;18.197;19.200;7.900;7.064;10.199;28.898,30.000;30.000;30.000;30.000;30.000;30.000;30.000;30.000;30.000;30.000;30.000;30.000;30.000,Boiteux,lifting,,,STOP,62.691,C:\Users\esthe\Downloads\small boiteux 12_\Boit_1205_12_control.mp4,28,NA,
boit_1205,2025-06-05 16:05:44.780,,209.095,Media file(s),player #1:C:\Users\esthe\Downloads\small boiteux 12_\Boi_1205_1_seven.mp4;C:\Users\esthe\Downloads\small boiteux 12_\Boit_1205_10_three.mp4;C:\Users\esthe\Downloads\small boiteux 12_\Boit_1205_11_five.mp4;C:\Users\esthe\Downloads\small boiteux 12_\Boit_1205_12_control.mp4;C:\Users\esthe\Downloads\small boiteux 12_\Boit_1205_13_control.mp4;C:\Users\esthe\Downloads\small boiteux 12_\Boit_1205_2_three.mp4;C:\Users\esthe\Downloads\small boiteux 12_\Boit_1205_3_five.mp4;C:\Users\esthe\Downloads\small boiteux 12_\Boit_1205_4_one.mp4;C:\Users\esthe\Downloads\small boiteux 12_\Boit_1205_5_five.mp4;C:\Users\esthe\Downloads\small boiteux 12_\Boit_1205_6_three.mp4;C:\Users\esthe\Downloads\small boiteux 12_\Boit_1205_7_one.mp4;C:\Users\esthe\Downloads\small boiteux 12_\Boit_1205_8_five.mp4;C:\Users\esthe\Downloads\small boiteux 12_\Boit_1205_9_seven.mp4,0.0,33.361;14.067;14.331;21.564;6.399;8.664;23.761;18.197;19.200;7.900;7.064;10.199;28.898,30.000;30.000;30.000;30.000;30.000;30.000;30.000;30.000;30.000;30.000;30.000;30.000;30.000,Boiteux,assessing,,,START,62.824,C:\Users\esthe\Downloads\small boiteux 12_\Boit_1205_12_control.mp4,32,NA,
boit_1205,2025-06-05 16:05:44.780,,209.095,Media file(s),player #1:C:\Users\esthe\Downloads\small boiteux 12_\Boi_1205_1_seven.mp4;C:\Users\esthe\Downloads\small boiteux 12_\Boit_1205_10_three.mp4;C:\Users\esthe\Downloads\small boiteux 12_\Boit_1205_11_five.mp4;C:\Users\esthe\Downloads\small boiteux 12_\Boit_1205_12_control.mp4;C:\Users\esthe\Downloads\small boiteux 12_\Boit_1205_13_control.mp4;C:\Users\esthe\Downloads\small boiteux 12_\Boit_1205_2_three.mp4;C:\Users\esthe\Downloads\small boiteux 12_\Boit_1205_3_five.mp4;C:\Users\esthe\Downloads\small boiteux 12_\Boit_1205_4_one.mp4;C:\Users\esthe\Downloads\small boiteux 12_\Boit_1205_5_five.mp4;C:\Users\esthe\Downloads\small boiteux 12_\Boit_1205_6_three.mp4;C:\Users\esthe\Downloads\small boiteux 12_\Boit_1205_7_one.mp4;C:\Users\esthe\Downloads\small boiteux 12_\Boit_1205_8_five.mp4;C:\Users\esthe\Downloads\small boiteux 12_\Boit_1205_9_seven.mp4,0.0,33.361;14.067;14.331;21.564;6.399;8.664;23.761;18.197;19.200;7.900;7.064;10.199;28.898,30.000;30.000;30.000;30.000;30.000;30.000;30.000;30.000;30.000;30.000;30.000;30.000;30.000,Boiteux,jaw movement,,,POINT,62.924,C:\Users\esthe\Downloads\small boiteux 12_\Boit_1205_12_control.mp4,35,NA,
boit_1205,2025-06-05 16:05:44.780,,209.095,Media file(s),player #1:C:\Users\esthe\Downloads\small boiteux 12_\Boi_1205_1_seven.mp4;C:\Users\esthe\Downloads\small boiteux 12_\Boit_1205_10_three.mp4;C:\Users\esthe\Downloads\small boiteux 12_\Boit_1205_11_five.mp4;C:\Users\esthe\Downloads\small boiteux 12_\Boit_1205_12_control.mp4;C:\Users\esthe\Downloads\small boiteux 12_\Boit_1205_13_control.mp4;C:\Users\esthe\Downloads\small boiteux 12_\Boit_1205_2_three.mp4;C:\Users\esthe\Downloads\small boiteux 12_\Boit_1205_3_five.mp4;C:\Users\esthe\Downloads\small boiteux 12_\Boit_1205_4_one.mp4;C:\Users\esthe\Downloads\small boiteux 12_\Boit_1205_5_five.mp4;C:\Users\esthe\Downloads\small boiteux 12_\Boit_1205_6_three.mp4;C:\Users\esthe\Downloads\small boiteux 12_\Boit_1205_7_one.mp4;C:\Users\esthe\Downloads\small boiteux 12_\Boit_1205_8_five.mp4;C:\Users\esthe\Downloads\small boiteux 12_\Boit_1205_9_seven.mp4,0.0,33.361;14.067;14.331;21.564;6.399;8.664;23.761;18.197;19.200;7.900;7.064;10.199;28.898,30.000;30.000;30.000;30.000;30.000;30.000;30.000;30.000;30.000;30.000;30.000;30.000;30.000,Boiteux,assessing,,,STOP,63.058,C:\Users\esthe\Downloads\small boiteux 12_\Boit_1205_12_control.mp4,39,NA,
boit_1205,2025-06-05 16:05:44.780,,209.095,Media file(s),player #1:C:\Users\esthe\Downloads\small boiteux 12_\Boi_1205_1_seven.mp4;C:\Users\esthe\Downloads\small boiteux 12_\Boit_1205_10_three.mp4;C:\Users\esthe\Downloads\small boiteux 12_\Boit_1205_11_five.mp4;C:\Users\esthe\Downloads\small boiteux 12_\Boit_1205_12_control.mp4;C:\Users\esthe\Downloads\small boiteux 12_\Boit_1205_13_control.mp4;C:\Users\esthe\Downloads\small boiteux 12_\Boit_1205_2_three.mp4;C:\Users\esthe\Downloads\small boiteux 12_\Boit_1205_3_five.mp4;C:\Users\esthe\Downloads\small boiteux 12_\Boit_1205_4_one.mp4;C:\Users\esthe\Downloads\small boiteux 12_\Boit_1205_5_five.mp4;C:\Users\esthe\Downloads\small boiteux 12_\Boit_1205_6_three.mp4;C:\Users\esthe\Downloads\small boiteux 12_\Boit_1205_7_one.mp4;C:\Users\esthe\Downloads\small boiteux 12_\Boit_1205_8_five.mp4;C:\Users\esthe\Downloads\small boiteux 12_\Boit_1205_9_seven.mp4,0.0,33.361;14.067;14.331;21.564;6.399;8.664;23.761;18.197;19.200;7.900;7.064;10.199;28.898,30.000;30.000;30.000;30.000;30.000;30.000;30.000;30.000;30.000;30.000;30.000;30.000;30.000,Boiteux,chewing,,,START,63.091,C:\Users\esthe\Downloads\small boiteux 12_\Boit_1205_12_control.mp4,40,NA,
boit_1205,2025-06-05 16:05:44.780,,209.095,Media file(s),player #1:C:\Users\esthe\Downloads\small boiteux 12_\Boi_1205_1_seven.mp4;C:\Users\esthe\Downloads\small boiteux 12_\Boit_1205_10_three.mp4;C:\Users\esthe\Downloads\small boiteux 12_\Boit_1205_11_five.mp4;C:\Users\esthe\Downloads\small boiteux 12_\Boit_1205_12_control.mp4;C:\Users\esthe\Downloads\small boiteux 12_\Boit_1205_13_control.mp4;C:\Users\esthe\Downloads\small boiteux 12_\Boit_1205_2_three.mp4;C:\Users\esthe\Downloads\small boiteux 12_\Boit_1205_3_five.mp4;C:\Users\esthe\Downloads\small boiteux 12_\Boit_1205_4_one.mp4;C:\Users\esthe\Downloads\small boiteux 12_\Boit_1205_5_five.mp4;C:\Users\esthe\Downloads\small boiteux 12_\Boit_1205_6_three.mp4;C:\Users\esthe\Downloads\small boiteux 12_\Boit_1205_7_one.mp4;C:\Users\esthe\Downloads\small boiteux 12_\Boit_1205_8_five.mp4;C:\Users\esthe\Downloads\small boiteux 12_\Boit_1205_9_seven.mp4,0.0,33.361;14.067;14.331;21.564;6.399;8.664;23.761;18.197;19.200;7.900;7.064;10.199;28.898,30.000;30.000;30.000;30.000;30.000;30.000;30.000;30.000;30.000;30.000;30.000;30.000;30.000,Boiteux,chewing,,,STOP,67.957,C:\Users\esthe\Downloads\small boiteux 12_\Boit_1205_12_control.mp4,186,NA,
boit_1205,2025-06-05 16:05:44.780,,209.095,Media file(s),player #1:C:\Users\esthe\Downloads\small boiteux 12_\Boi_1205_1_seven.mp4;C:\Users\esthe\Downloads\small boiteux 12_\Boit_1205_10_three.mp4;C:\Users\esthe\Downloads\small boiteux 12_\Boit_1205_11_five.mp4;C:\Users\esthe\Downloads\small boiteux 12_\Boit_1205_12_control.mp4;C:\Users\esthe\Downloads\small boiteux 12_\Boit_1205_13_control.mp4;C:\Users\esthe\Downloads\small boiteux 12_\Boit_1205_2_three.mp4;C:\Users\esthe\Downloads\small boiteux 12_\Boit_1205_3_five.mp4;C:\Users\esthe\Downloads\small boiteux 12_\Boit_1205_4_one.mp4;C:\Users\esthe\Downloads\small boiteux 12_\Boit_1205_5_five.mp4;C:\Users\esthe\Downloads\small boiteux 12_\Boit_1205_6_three.mp4;C:\Users\esthe\Downloads\small boiteux 12_\Boit_1205_7_one.mp4;C:\Users\esthe\Downloads\small boiteux 12_\Boit_1205_8_five.mp4;C:\Users\esthe\Downloads\small boiteux 12_\Boit_1205_9_seven.mp4,0.0,33.361;14.067;14.331;21.564;6.399;8.664;23.761;18.197;19.200;7.900;7.064;10.199;28.898,30.000;30.000;30.000;30.000;30.000;30.000;30.000;30.000;30.000;30.000;30.000;30.000;30.000,Boiteux,assessing,,,START,67.991,C:\Users\esthe\Downloads\small boiteux 12_\Boit_1205_12_control.mp4,187,NA,
boit_1205,2025-06-05 16:05:44.780,,209.095,Media file(s),player #1:C:\Users\esthe\Downloads\small boiteux 12_\Boi_1205_1_seven.mp4;C:\Users\esthe\Downloads\small boiteux 12_\Boit_1205_10_three.mp4;C:\Users\esthe\Downloads\small boiteux 12_\Boit_1205_11_five.mp4;C:\Users\esthe\Downloads\small boiteux 12_\Boit_1205_12_control.mp4;C:\Users\esthe\Downloads\small boiteux 12_\Boit_1205_13_control.mp4;C:\Users\esthe\Downloads\small boiteux 12_\Boit_1205_2_three.mp4;C:\Users\esthe\Downloads\small boiteux 12_\Boit_1205_3_five.mp4;C:\Users\esthe\Downloads\small boiteux 12_\Boit_1205_4_one.mp4;C:\Users\esthe\Downloads\small boiteux 12_\Boit_1205_5_five.mp4;C:\Users\esthe\Downloads\small boiteux 12_\Boit_1205_6_three.mp4;C:\Users\esthe\Downloads\small boiteux 12_\Boit_1205_7_one.mp4;C:\Users\esthe\Downloads\small boiteux 12_\Boit_1205_8_five.mp4;C:\Users\esthe\Downloads\small boiteux 12_\Boit_1205_9_seven.mp4,0.0,33.361;14.067;14.331;21.564;6.399;8.664;23.761;18.197;19.200;7.900;7.064;10.199;28.898,30.000;30.000;30.000;30.000;30.000;30.000;30.000;30.000;30.000;30.000;30.000;30.000;30.000,Boiteux,jaw movement,,,POINT,68.457,C:\Users\esthe\Downloads\small boiteux 12_\Boit_1205_12_control.mp4,201,NA,
boit_1205,2025-06-05 16:05:44.780,,209.095,Media file(s),player #1:C:\Users\esthe\Downloads\small boiteux 12_\Boi_1205_1_seven.mp4;C:\Users\esthe\Downloads\small boiteux 12_\Boit_1205_10_three.mp4;C:\Users\esthe\Downloads\small boiteux 12_\Boit_1205_11_five.mp4;C:\Users\esthe\Downloads\small boiteux 12_\Boit_1205_12_control.mp4;C:\Users\esthe\Downloads\small boiteux 12_\Boit_1205_13_control.mp4;C:\Users\esthe\Downloads\small boiteux 12_\Boit_1205_2_three.mp4;C:\Users\esthe\Downloads\small boiteux 12_\Boit_1205_3_five.mp4;C:\Users\esthe\Downloads\small boiteux 12_\Boit_1205_4_one.mp4;C:\Users\esthe\Downloads\small boiteux 12_\Boit_1205_5_five.mp4;C:\Users\esthe\Downloads\small boiteux 12_\Boit_1205_6_three.mp4;C:\Users\esthe\Downloads\small boiteux 12_\Boit_1205_7_one.mp4;C:\Users\esthe\Downloads\small boiteux 12_\Boit_1205_8_five.mp4;C:\Users\esthe\Downloads\small boiteux 12_\Boit_1205_9_seven.mp4,0.0,33.361;14.067;14.331;21.564;6.399;8.664;23.761;18.197;19.200;7.900;7.064;10.199;28.898,30.000;30.000;30.000;30.000;30.000;30.000;30.000;30.000;30.000;30.000;30.000;30.000;30.000,Boiteux,jaw movement,,,POINT,68.590,C:\Users\esthe\Downloads\small boiteux 12_\Boit_1205_12_control.mp4,205,NA,
boit_1205,2025-06-05 16:05:44.780,,209.095,Media file(s),player #1:C:\Users\esthe\Downloads\small boiteux 12_\Boi_1205_1_seven.mp4;C:\Users\esthe\Downloads\small boiteux 12_\Boit_1205_10_three.mp4;C:\Users\esthe\Downloads\small boiteux 12_\Boit_1205_11_five.mp4;C:\Users\esthe\Downloads\small boiteux 12_\Boit_1205_12_control.mp4;C:\Users\esthe\Downloads\small boiteux 12_\Boit_1205_13_control.mp4;C:\Users\esthe\Downloads\small boiteux 12_\Boit_1205_2_three.mp4;C:\Users\esthe\Downloads\small boiteux 12_\Boit_1205_3_five.mp4;C:\Users\esthe\Downloads\small boiteux 12_\Boit_1205_4_one.mp4;C:\Users\esthe\Downloads\small boiteux 12_\Boit_1205_5_five.mp4;C:\Users\esthe\Downloads\small boiteux 12_\Boit_1205_6_three.mp4;C:\Users\esthe\Downloads\small boiteux 12_\Boit_1205_7_one.mp4;C:\Users\esthe\Downloads\small boiteux 12_\Boit_1205_8_five.mp4;C:\Users\esthe\Downloads\small boiteux 12_\Boit_1205_9_seven.mp4,0.0,33.361;14.067;14.331;21.564;6.399;8.664;23.761;18.197;19.200;7.900;7.064;10.199;28.898,30.000;30.000;30.000;30.000;30.000;30.000;30.000;30.000;30.000;30.000;30.000;30.000;30.000,Boiteux,rotation,,Vertical,START,68.757,C:\Users\esthe\Downloads\small boiteux 12_\Boit_1205_12_control.mp4,210,NA,
boit_1205,2025-06-05 16:05:44.780,,209.095,Media file(s),player #1:C:\Users\esthe\Downloads\small boiteux 12_\Boi_1205_1_seven.mp4;C:\Users\esthe\Downloads\small boiteux 12_\Boit_1205_10_three.mp4;C:\Users\esthe\Downloads\small boiteux 12_\Boit_1205_11_five.mp4;C:\Users\esthe\Downloads\small boiteux 12_\Boit_1205_12_control.mp4;C:\Users\esthe\Downloads\small boiteux 12_\Boit_1205_13_control.mp4;C:\Users\esthe\Downloads\small boiteux 12_\Boit_1205_2_three.mp4;C:\Users\esthe\Downloads\small boiteux 12_\Boit_1205_3_five.mp4;C:\Users\esthe\Downloads\small boiteux 12_\Boit_1205_4_one.mp4;C:\Users\esthe\Downloads\small boiteux 12_\Boit_1205_5_five.mp4;C:\Users\esthe\Downloads\small boiteux 12_\Boit_1205_6_three.mp4;C:\Users\esthe\Downloads\small boiteux 12_\Boit_1205_7_one.mp4;C:\Users\esthe\Downloads\small boiteux 12_\Boit_1205_8_five.mp4;C:\Users\esthe\Downloads\small boiteux 12_\Boit_1205_9_seven.mp4,0.0,33.361;14.067;14.331;21.564;6.399;8.664;23.761;18.197;19.200;7.900;7.064;10.199;28.898,30.000;30.000;30.000;30.000;30.000;30.000;30.000;30.000;30.000;30.000;30.000;30.000;30.000,Boiteux,rotation,,Vertical,STOP,69.290,C:\Users\esthe\Downloads\small boiteux 12_\Boit_1205_12_control.mp4,226,NA,
boit_1205,2025-06-05 16:05:44.780,,209.095,Media file(s),player #1:C:\Users\esthe\Downloads\small boiteux 12_\Boi_1205_1_seven.mp4;C:\Users\esthe\Downloads\small boiteux 12_\Boit_1205_10_three.mp4;C:\Users\esthe\Downloads\small boiteux 12_\Boit_1205_11_five.mp4;C:\Users\esthe\Downloads\small boiteux 12_\Boit_1205_12_control.mp4;C:\Users\esthe\Downloads\small boiteux 12_\Boit_1205_13_control.mp4;C:\Users\esthe\Downloads\small boiteux 12_\Boit_1205_2_three.mp4;C:\Users\esthe\Downloads\small boiteux 12_\Boit_1205_3_five.mp4;C:\Users\esthe\Downloads\small boiteux 12_\Boit_1205_4_one.mp4;C:\Users\esthe\Downloads\small boiteux 12_\Boit_1205_5_five.mp4;C:\Users\esthe\Downloads\small boiteux 12_\Boit_1205_6_three.mp4;C:\Users\esthe\Downloads\small boiteux 12_\Boit_1205_7_one.mp4;C:\Users\esthe\Downloads\small boiteux 12_\Boit_1205_8_five.mp4;C:\Users\esthe\Downloads\small boiteux 12_\Boit_1205_9_seven.mp4,0.0,33.361;14.067;14.331;21.564;6.399;8.664;23.761;18.197;19.200;7.900;7.064;10.199;28.898,30.000;30.000;30.000;30.000;30.000;30.000;30.000;30.000;30.000;30.000;30.000;30.000;30.000,Boiteux,jaw movement,,,POINT,69.324,C:\Users\esthe\Downloads\small boiteux 12_\Boit_1205_12_control.mp4,227,NA,
boit_1205,2025-06-05 16:05:44.780,,209.095,Media file(s),player #1:C:\Users\esthe\Downloads\small boiteux 12_\Boi_1205_1_seven.mp4;C:\Users\esthe\Downloads\small boiteux 12_\Boit_1205_10_three.mp4;C:\Users\esthe\Downloads\small boiteux 12_\Boit_1205_11_five.mp4;C:\Users\esthe\Downloads\small boiteux 12_\Boit_1205_12_control.mp4;C:\Users\esthe\Downloads\small boiteux 12_\Boit_1205_13_control.mp4;C:\Users\esthe\Downloads\small boiteux 12_\Boit_1205_2_three.mp4;C:\Users\esthe\Downloads\small boiteux 12_\Boit_1205_3_five.mp4;C:\Users\esthe\Downloads\small boiteux 12_\Boit_1205_4_one.mp4;C:\Users\esthe\Downloads\small boiteux 12_\Boit_1205_5_five.mp4;C:\Users\esthe\Downloads\small boiteux 12_\Boit_1205_6_three.mp4;C:\Users\esthe\Downloads\small boiteux 12_\Boit_1205_7_one.mp4;C:\Users\esthe\Downloads\small boiteux 12_\Boit_1205_8_five.mp4;C:\Users\esthe\Downloads\small boiteux 12_\Boit_1205_9_seven.mp4,0.0,33.361;14.067;14.331;21.564;6.399;8.664;23.761;18.197;19.200;7.900;7.064;10.199;28.898,30.000;30.000;30.000;30.000;30.000;30.000;30.000;30.000;30.000;30.000;30.000;30.000;30.000,Boiteux,translational movement,,,POINT,69.690,C:\Users\esthe\Downloads\small boiteux 12_\Boit_1205_12_control.mp4,238,NA,
boit_1205,2025-06-05 16:05:44.780,,209.095,Media file(s),player #1:C:\Users\esthe\Downloads\small boiteux 12_\Boi_1205_1_seven.mp4;C:\Users\esthe\Downloads\small boiteux 12_\Boit_1205_10_three.mp4;C:\Users\esthe\Downloads\small boiteux 12_\Boit_1205_11_five.mp4;C:\Users\esthe\Downloads\small boiteux 12_\Boit_1205_12_control.mp4;C:\Users\esthe\Downloads\small boiteux 12_\Boit_1205_13_control.mp4;C:\Users\esthe\Downloads\small boiteux 12_\Boit_1205_2_three.mp4;C:\Users\esthe\Downloads\small boiteux 12_\Boit_1205_3_five.mp4;C:\Users\esthe\Downloads\small boiteux 12_\Boit_1205_4_one.mp4;C:\Users\esthe\Downloads\small boiteux 12_\Boit_1205_5_five.mp4;C:\Users\esthe\Downloads\small boiteux 12_\Boit_1205_6_three.mp4;C:\Users\esthe\Downloads\small boiteux 12_\Boit_1205_7_one.mp4;C:\Users\esthe\Downloads\small boiteux 12_\Boit_1205_8_five.mp4;C:\Users\esthe\Downloads\small boiteux 12_\Boit_1205_9_seven.mp4,0.0,33.361;14.067;14.331;21.564;6.399;8.664;23.761;18.197;19.200;7.900;7.064;10.199;28.898,30.000;30.000;30.000;30.000;30.000;30.000;30.000;30.000;30.000;30.000;30.000;30.000;30.000,Boiteux,sniffing,,,POINT,70.090,C:\Users\esthe\Downloads\small boiteux 12_\Boit_1205_12_control.mp4,250,NA,
boit_1205,2025-06-05 16:05:44.780,,209.095,Media file(s),player #1:C:\Users\esthe\Downloads\small boiteux 12_\Boi_1205_1_seven.mp4;C:\Users\esthe\Downloads\small boiteux 12_\Boit_1205_10_three.mp4;C:\Users\esthe\Downloads\small boiteux 12_\Boit_1205_11_five.mp4;C:\Users\esthe\Downloads\small boiteux 12_\Boit_1205_12_control.mp4;C:\Users\esthe\Downloads\small boiteux 12_\Boit_1205_13_control.mp4;C:\Users\esthe\Downloads\small boiteux 12_\Boit_1205_2_three.mp4;C:\Users\esthe\Downloads\small boiteux 12_\Boit_1205_3_five.mp4;C:\Users\esthe\Downloads\small boiteux 12_\Boit_1205_4_one.mp4;C:\Users\esthe\Downloads\small boiteux 12_\Boit_1205_5_five.mp4;C:\Users\esthe\Downloads\small boiteux 12_\Boit_1205_6_three.mp4;C:\Users\esthe\Downloads\small boiteux 12_\Boit_1205_7_one.mp4;C:\Users\esthe\Downloads\small boiteux 12_\Boit_1205_8_five.mp4;C:\Users\esthe\Downloads\small boiteux 12_\Boit_1205_9_seven.mp4,0.0,33.361;14.067;14.331;21.564;6.399;8.664;23.761;18.197;19.200;7.900;7.064;10.199;28.898,30.000;30.000;30.000;30.000;30.000;30.000;30.000;30.000;30.000;30.000;30.000;30.000;30.000,Boiteux,assessing,,,STOP,70.357,C:\Users\esthe\Downloads\small boiteux 12_\Boit_1205_12_control.mp4,258,NA,
boit_1205,2025-06-05 16:05:44.780,,209.095,Media file(s),player #1:C:\Users\esthe\Downloads\small boiteux 12_\Boi_1205_1_seven.mp4;C:\Users\esthe\Downloads\small boiteux 12_\Boit_1205_10_three.mp4;C:\Users\esthe\Downloads\small boiteux 12_\Boit_1205_11_five.mp4;C:\Users\esthe\Downloads\small boiteux 12_\Boit_1205_12_control.mp4;C:\Users\esthe\Downloads\small boiteux 12_\Boit_1205_13_control.mp4;C:\Users\esthe\Downloads\small boiteux 12_\Boit_1205_2_three.mp4;C:\Users\esthe\Downloads\small boiteux 12_\Boit_1205_3_five.mp4;C:\Users\esthe\Downloads\small boiteux 12_\Boit_1205_4_one.mp4;C:\Users\esthe\Downloads\small boiteux 12_\Boit_1205_5_five.mp4;C:\Users\esthe\Downloads\small boiteux 12_\Boit_1205_6_three.mp4;C:\Users\esthe\Downloads\small boiteux 12_\Boit_1205_7_one.mp4;C:\Users\esthe\Downloads\small boiteux 12_\Boit_1205_8_five.mp4;C:\Users\esthe\Downloads\small boiteux 12_\Boit_1205_9_seven.mp4,0.0,33.361;14.067;14.331;21.564;6.399;8.664;23.761;18.197;19.200;7.900;7.064;10.199;28.898,30.000;30.000;30.000;30.000;30.000;30.000;30.000;30.000;30.000;30.000;30.000;30.000;30.000,Boiteux,chewing,,,START,70.457,C:\Users\esthe\Downloads\small boiteux 12_\Boit_1205_12_control.mp4,261,NA,
boit_1205,2025-06-05 16:05:44.780,,209.095,Media file(s),player #1:C:\Users\esthe\Downloads\small boiteux 12_\Boi_1205_1_seven.mp4;C:\Users\esthe\Downloads\small boiteux 12_\Boit_1205_10_three.mp4;C:\Users\esthe\Downloads\small boiteux 12_\Boit_1205_11_five.mp4;C:\Users\esthe\Downloads\small boiteux 12_\Boit_1205_12_control.mp4;C:\Users\esthe\Downloads\small boiteux 12_\Boit_1205_13_control.mp4;C:\Users\esthe\Downloads\small boiteux 12_\Boit_1205_2_three.mp4;C:\Users\esthe\Downloads\small boiteux 12_\Boit_1205_3_five.mp4;C:\Users\esthe\Downloads\small boiteux 12_\Boit_1205_4_one.mp4;C:\Users\esthe\Downloads\small boiteux 12_\Boit_1205_5_five.mp4;C:\Users\esthe\Downloads\small boiteux 12_\Boit_1205_6_three.mp4;C:\Users\esthe\Downloads\small boiteux 12_\Boit_1205_7_one.mp4;C:\Users\esthe\Downloads\small boiteux 12_\Boit_1205_8_five.mp4;C:\Users\esthe\Downloads\small boiteux 12_\Boit_1205_9_seven.mp4,0.0,33.361;14.067;14.331;21.564;6.399;8.664;23.761;18.197;19.200;7.900;7.064;10.199;28.898,30.000;30.000;30.000;30.000;30.000;30.000;30.000;30.000;30.000;30.000;30.000;30.000;30.000,Boiteux,chewing,,,STOP,72.190,C:\Users\esthe\Downloads\small boiteux 12_\Boit_1205_12_control.mp4,313,NA,
boit_1205,2025-06-05 16:05:44.780,,209.095,Media file(s),player #1:C:\Users\esthe\Downloads\small boiteux 12_\Boi_1205_1_seven.mp4;C:\Users\esthe\Downloads\small boiteux 12_\Boit_1205_10_three.mp4;C:\Users\esthe\Downloads\small boiteux 12_\Boit_1205_11_five.mp4;C:\Users\esthe\Downloads\small boiteux 12_\Boit_1205_12_control.mp4;C:\Users\esthe\Downloads\small boiteux 12_\Boit_1205_13_control.mp4;C:\Users\esthe\Downloads\small boiteux 12_\Boit_1205_2_three.mp4;C:\Users\esthe\Downloads\small boiteux 12_\Boit_1205_3_five.mp4;C:\Users\esthe\Downloads\small boiteux 12_\Boit_1205_4_one.mp4;C:\Users\esthe\Downloads\small boiteux 12_\Boit_1205_5_five.mp4;C:\Users\esthe\Downloads\small boiteux 12_\Boit_1205_6_three.mp4;C:\Users\esthe\Downloads\small boiteux 12_\Boit_1205_7_one.mp4;C:\Users\esthe\Downloads\small boiteux 12_\Boit_1205_8_five.mp4;C:\Users\esthe\Downloads\small boiteux 12_\Boit_1205_9_seven.mp4,0.0,33.361;14.067;14.331;21.564;6.399;8.664;23.761;18.197;19.200;7.900;7.064;10.199;28.898,30.000;30.000;30.000;30.000;30.000;30.000;30.000;30.000;30.000;30.000;30.000;30.000;30.000,Boiteux,assessing,,,START,72.223,C:\Users\esthe\Downloads\small boiteux 12_\Boit_1205_12_control.mp4,314,NA,
boit_1205,2025-06-05 16:05:44.780,,209.095,Media file(s),player #1:C:\Users\esthe\Downloads\small boiteux 12_\Boi_1205_1_seven.mp4;C:\Users\esthe\Downloads\small boiteux 12_\Boit_1205_10_three.mp4;C:\Users\esthe\Downloads\small boiteux 12_\Boit_1205_11_five.mp4;C:\Users\esthe\Downloads\small boiteux 12_\Boit_1205_12_control.mp4;C:\Users\esthe\Downloads\small boiteux 12_\Boit_1205_13_control.mp4;C:\Users\esthe\Downloads\small boiteux 12_\Boit_1205_2_three.mp4;C:\Users\esthe\Downloads\small boiteux 12_\Boit_1205_3_five.mp4;C:\Users\esthe\Downloads\small boiteux 12_\Boit_1205_4_one.mp4;C:\Users\esthe\Downloads\small boiteux 12_\Boit_1205_5_five.mp4;C:\Users\esthe\Downloads\small boiteux 12_\Boit_1205_6_three.mp4;C:\Users\esthe\Downloads\small boiteux 12_\Boit_1205_7_one.mp4;C:\Users\esthe\Downloads\small boiteux 12_\Boit_1205_8_five.mp4;C:\Users\esthe\Downloads\small boiteux 12_\Boit_1205_9_seven.mp4,0.0,33.361;14.067;14.331;21.564;6.399;8.664;23.761;18.197;19.200;7.900;7.064;10.199;28.898,30.000;30.000;30.000;30.000;30.000;30.000;30.000;30.000;30.000;30.000;30.000;30.000;30.000,Boiteux,jaw movement,,,POINT,72.390,C:\Users\esthe\Downloads\small boiteux 12_\Boit_1205_12_control.mp4,319,NA,
boit_1205,2025-06-05 16:05:44.780,,209.095,Media file(s),player #1:C:\Users\esthe\Downloads\small boiteux 12_\Boi_1205_1_seven.mp4;C:\Users\esthe\Downloads\small boiteux 12_\Boit_1205_10_three.mp4;C:\Users\esthe\Downloads\small boiteux 12_\Boit_1205_11_five.mp4;C:\Users\esthe\Downloads\small boiteux 12_\Boit_1205_12_control.mp4;C:\Users\esthe\Downloads\small boiteux 12_\Boit_1205_13_control.mp4;C:\Users\esthe\Downloads\small boiteux 12_\Boit_1205_2_three.mp4;C:\Users\esthe\Downloads\small boiteux 12_\Boit_1205_3_five.mp4;C:\Users\esthe\Downloads\small boiteux 12_\Boit_1205_4_one.mp4;C:\Users\esthe\Downloads\small boiteux 12_\Boit_1205_5_five.mp4;C:\Users\esthe\Downloads\small boiteux 12_\Boit_1205_6_three.mp4;C:\Users\esthe\Downloads\small boiteux 12_\Boit_1205_7_one.mp4;C:\Users\esthe\Downloads\small boiteux 12_\Boit_1205_8_five.mp4;C:\Users\esthe\Downloads\small boiteux 12_\Boit_1205_9_seven.mp4,0.0,33.361;14.067;14.331;21.564;6.399;8.664;23.761;18.197;19.200;7.900;7.064;10.199;28.898,30.000;30.000;30.000;30.000;30.000;30.000;30.000;30.000;30.000;30.000;30.000;30.000;30.000,Boiteux,jaw movement,,,POINT,72.523,C:\Users\esthe\Downloads\small boiteux 12_\Boit_1205_12_control.mp4,323,NA,
boit_1205,2025-06-05 16:05:44.780,,209.095,Media file(s),player #1:C:\Users\esthe\Downloads\small boiteux 12_\Boi_1205_1_seven.mp4;C:\Users\esthe\Downloads\small boiteux 12_\Boit_1205_10_three.mp4;C:\Users\esthe\Downloads\small boiteux 12_\Boit_1205_11_five.mp4;C:\Users\esthe\Downloads\small boiteux 12_\Boit_1205_12_control.mp4;C:\Users\esthe\Downloads\small boiteux 12_\Boit_1205_13_control.mp4;C:\Users\esthe\Downloads\small boiteux 12_\Boit_1205_2_three.mp4;C:\Users\esthe\Downloads\small boiteux 12_\Boit_1205_3_five.mp4;C:\Users\esthe\Downloads\small boiteux 12_\Boit_1205_4_one.mp4;C:\Users\esthe\Downloads\small boiteux 12_\Boit_1205_5_five.mp4;C:\Users\esthe\Downloads\small boiteux 12_\Boit_1205_6_three.mp4;C:\Users\esthe\Downloads\small boiteux 12_\Boit_1205_7_one.mp4;C:\Users\esthe\Downloads\small boiteux 12_\Boit_1205_8_five.mp4;C:\Users\esthe\Downloads\small boiteux 12_\Boit_1205_9_seven.mp4,0.0,33.361;14.067;14.331;21.564;6.399;8.664;23.761;18.197;19.200;7.900;7.064;10.199;28.898,30.000;30.000;30.000;30.000;30.000;30.000;30.000;30.000;30.000;30.000;30.000;30.000;30.000,Boiteux,licking,,,POINT,72.823,C:\Users\esthe\Downloads\small boiteux 12_\Boit_1205_12_control.mp4,332,NA,
boit_1205,2025-06-05 16:05:44.780,,209.095,Media file(s),player #1:C:\Users\esthe\Downloads\small boiteux 12_\Boi_1205_1_seven.mp4;C:\Users\esthe\Downloads\small boiteux 12_\Boit_1205_10_three.mp4;C:\Users\esthe\Downloads\small boiteux 12_\Boit_1205_11_five.mp4;C:\Users\esthe\Downloads\small boiteux 12_\Boit_1205_12_control.mp4;C:\Users\esthe\Downloads\small boiteux 12_\Boit_1205_13_control.mp4;C:\Users\esthe\Downloads\small boiteux 12_\Boit_1205_2_three.mp4;C:\Users\esthe\Downloads\small boiteux 12_\Boit_1205_3_five.mp4;C:\Users\esthe\Downloads\small boiteux 12_\Boit_1205_4_one.mp4;C:\Users\esthe\Downloads\small boiteux 12_\Boit_1205_5_five.mp4;C:\Users\esthe\Downloads\small boiteux 12_\Boit_1205_6_three.mp4;C:\Users\esthe\Downloads\small boiteux 12_\Boit_1205_7_one.mp4;C:\Users\esthe\Downloads\small boiteux 12_\Boit_1205_8_five.mp4;C:\Users\esthe\Downloads\small boiteux 12_\Boit_1205_9_seven.mp4,0.0,33.361;14.067;14.331;21.564;6.399;8.664;23.761;18.197;19.200;7.900;7.064;10.199;28.898,30.000;30.000;30.000;30.000;30.000;30.000;30.000;30.000;30.000;30.000;30.000;30.000;30.000,Boiteux,assessing,,,STOP,72.923,C:\Users\esthe\Downloads\small boiteux 12_\Boit_1205_12_control.mp4,335,NA,
boit_1205,2025-06-05 16:05:44.780,,209.095,Media file(s),player #1:C:\Users\esthe\Downloads\small boiteux 12_\Boi_1205_1_seven.mp4;C:\Users\esthe\Downloads\small boiteux 12_\Boit_1205_10_three.mp4;C:\Users\esthe\Downloads\small boiteux 12_\Boit_1205_11_five.mp4;C:\Users\esthe\Downloads\small boiteux 12_\Boit_1205_12_control.mp4;C:\Users\esthe\Downloads\small boiteux 12_\Boit_1205_13_control.mp4;C:\Users\esthe\Downloads\small boiteux 12_\Boit_1205_2_three.mp4;C:\Users\esthe\Downloads\small boiteux 12_\Boit_1205_3_five.mp4;C:\Users\esthe\Downloads\small boiteux 12_\Boit_1205_4_one.mp4;C:\Users\esthe\Downloads\small boiteux 12_\Boit_1205_5_five.mp4;C:\Users\esthe\Downloads\small boiteux 12_\Boit_1205_6_three.mp4;C:\Users\esthe\Downloads\small boiteux 12_\Boit_1205_7_one.mp4;C:\Users\esthe\Downloads\small boiteux 12_\Boit_1205_8_five.mp4;C:\Users\esthe\Downloads\small boiteux 12_\Boit_1205_9_seven.mp4,0.0,33.361;14.067;14.331;21.564;6.399;8.664;23.761;18.197;19.200;7.900;7.064;10.199;28.898,30.000;30.000;30.000;30.000;30.000;30.000;30.000;30.000;30.000;30.000;30.000;30.000;30.000,Boiteux,peeling,,,START,73.057,C:\Users\esthe\Downloads\small boiteux 12_\Boit_1205_12_control.mp4,339,NA,
boit_1205,2025-06-05 16:05:44.780,,209.095,Media file(s),player #1:C:\Users\esthe\Downloads\small boiteux 12_\Boi_1205_1_seven.mp4;C:\Users\esthe\Downloads\small boiteux 12_\Boit_1205_10_three.mp4;C:\Users\esthe\Downloads\small boiteux 12_\Boit_1205_11_five.mp4;C:\Users\esthe\Downloads\small boiteux 12_\Boit_1205_12_control.mp4;C:\Users\esthe\Downloads\small boiteux 12_\Boit_1205_13_control.mp4;C:\Users\esthe\Downloads\small boiteux 12_\Boit_1205_2_three.mp4;C:\Users\esthe\Downloads\small boiteux 12_\Boit_1205_3_five.mp4;C:\Users\esthe\Downloads\small boiteux 12_\Boit_1205_4_one.mp4;C:\Users\esthe\Downloads\small boiteux 12_\Boit_1205_5_five.mp4;C:\Users\esthe\Downloads\small boiteux 12_\Boit_1205_6_three.mp4;C:\Users\esthe\Downloads\small boiteux 12_\Boit_1205_7_one.mp4;C:\Users\esthe\Downloads\small boiteux 12_\Boit_1205_8_five.mp4;C:\Users\esthe\Downloads\small boiteux 12_\Boit_1205_9_seven.mp4,0.0,33.361;14.067;14.331;21.564;6.399;8.664;23.761;18.197;19.200;7.900;7.064;10.199;28.898,30.000;30.000;30.000;30.000;30.000;30.000;30.000;30.000;30.000;30.000;30.000;30.000;30.000,Boiteux,jaw movement,,,POINT,73.156,C:\Users\esthe\Downloads\small boiteux 12_\Boit_1205_12_control.mp4,342,NA,
boit_1205,2025-06-05 16:05:44.780,,209.095,Media file(s),player #1:C:\Users\esthe\Downloads\small boiteux 12_\Boi_1205_1_seven.mp4;C:\Users\esthe\Downloads\small boiteux 12_\Boit_1205_10_three.mp4;C:\Users\esthe\Downloads\small boiteux 12_\Boit_1205_11_five.mp4;C:\Users\esthe\Downloads\small boiteux 12_\Boit_1205_12_control.mp4;C:\Users\esthe\Downloads\small boiteux 12_\Boit_1205_13_control.mp4;C:\Users\esthe\Downloads\small boiteux 12_\Boit_1205_2_three.mp4;C:\Users\esthe\Downloads\small boiteux 12_\Boit_1205_3_five.mp4;C:\Users\esthe\Downloads\small boiteux 12_\Boit_1205_4_one.mp4;C:\Users\esthe\Downloads\small boiteux 12_\Boit_1205_5_five.mp4;C:\Users\esthe\Downloads\small boiteux 12_\Boit_1205_6_three.mp4;C:\Users\esthe\Downloads\small boiteux 12_\Boit_1205_7_one.mp4;C:\Users\esthe\Downloads\small boiteux 12_\Boit_1205_8_five.mp4;C:\Users\esthe\Downloads\small boiteux 12_\Boit_1205_9_seven.mp4,0.0,33.361;14.067;14.331;21.564;6.399;8.664;23.761;18.197;19.200;7.900;7.064;10.199;28.898,30.000;30.000;30.000;30.000;30.000;30.000;30.000;30.000;30.000;30.000;30.000;30.000;30.000,Boiteux,jaw movement,,,POINT,74.156,C:\Users\esthe\Downloads\small boiteux 12_\Boit_1205_12_control.mp4,372,NA,
boit_1205,2025-06-05 16:05:44.780,,209.095,Media file(s),player #1:C:\Users\esthe\Downloads\small boiteux 12_\Boi_1205_1_seven.mp4;C:\Users\esthe\Downloads\small boiteux 12_\Boit_1205_10_three.mp4;C:\Users\esthe\Downloads\small boiteux 12_\Boit_1205_11_five.mp4;C:\Users\esthe\Downloads\small boiteux 12_\Boit_1205_12_control.mp4;C:\Users\esthe\Downloads\small boiteux 12_\Boit_1205_13_control.mp4;C:\Users\esthe\Downloads\small boiteux 12_\Boit_1205_2_three.mp4;C:\Users\esthe\Downloads\small boiteux 12_\Boit_1205_3_five.mp4;C:\Users\esthe\Downloads\small boiteux 12_\Boit_1205_4_one.mp4;C:\Users\esthe\Downloads\small boiteux 12_\Boit_1205_5_five.mp4;C:\Users\esthe\Downloads\small boiteux 12_\Boit_1205_6_three.mp4;C:\Users\esthe\Downloads\small boiteux 12_\Boit_1205_7_one.mp4;C:\Users\esthe\Downloads\small boiteux 12_\Boit_1205_8_five.mp4;C:\Users\esthe\Downloads\small boiteux 12_\Boit_1205_9_seven.mp4,0.0,33.361;14.067;14.331;21.564;6.399;8.664;23.761;18.197;19.200;7.900;7.064;10.199;28.898,30.000;30.000;30.000;30.000;30.000;30.000;30.000;30.000;30.000;30.000;30.000;30.000;30.000,Boiteux,jaw movement,,,POINT,74.590,C:\Users\esthe\Downloads\small boiteux 12_\Boit_1205_12_control.mp4,385,NA,
boit_1205,2025-06-05 16:05:44.780,,209.095,Media file(s),player #1:C:\Users\esthe\Downloads\small boiteux 12_\Boi_1205_1_seven.mp4;C:\Users\esthe\Downloads\small boiteux 12_\Boit_1205_10_three.mp4;C:\Users\esthe\Downloads\small boiteux 12_\Boit_1205_11_five.mp4;C:\Users\esthe\Downloads\small boiteux 12_\Boit_1205_12_control.mp4;C:\Users\esthe\Downloads\small boiteux 12_\Boit_1205_13_control.mp4;C:\Users\esthe\Downloads\small boiteux 12_\Boit_1205_2_three.mp4;C:\Users\esthe\Downloads\small boiteux 12_\Boit_1205_3_five.mp4;C:\Users\esthe\Downloads\small boiteux 12_\Boit_1205_4_one.mp4;C:\Users\esthe\Downloads\small boiteux 12_\Boit_1205_5_five.mp4;C:\Users\esthe\Downloads\small boiteux 12_\Boit_1205_6_three.mp4;C:\Users\esthe\Downloads\small boiteux 12_\Boit_1205_7_one.mp4;C:\Users\esthe\Downloads\small boiteux 12_\Boit_1205_8_five.mp4;C:\Users\esthe\Downloads\small boiteux 12_\Boit_1205_9_seven.mp4,0.0,33.361;14.067;14.331;21.564;6.399;8.664;23.761;18.197;19.200;7.900;7.064;10.199;28.898,30.000;30.000;30.000;30.000;30.000;30.000;30.000;30.000;30.000;30.000;30.000;30.000;30.000,Boiteux,jaw movement,,,POINT,74.790,C:\Users\esthe\Downloads\small boiteux 12_\Boit_1205_12_control.mp4,391,NA,
boit_1205,2025-06-05 16:05:44.780,,209.095,Media file(s),player #1:C:\Users\esthe\Downloads\small boiteux 12_\Boi_1205_1_seven.mp4;C:\Users\esthe\Downloads\small boiteux 12_\Boit_1205_10_three.mp4;C:\Users\esthe\Downloads\small boiteux 12_\Boit_1205_11_five.mp4;C:\Users\esthe\Downloads\small boiteux 12_\Boit_1205_12_control.mp4;C:\Users\esthe\Downloads\small boiteux 12_\Boit_1205_13_control.mp4;C:\Users\esthe\Downloads\small boiteux 12_\Boit_1205_2_three.mp4;C:\Users\esthe\Downloads\small boiteux 12_\Boit_1205_3_five.mp4;C:\Users\esthe\Downloads\small boiteux 12_\Boit_1205_4_one.mp4;C:\Users\esthe\Downloads\small boiteux 12_\Boit_1205_5_five.mp4;C:\Users\esthe\Downloads\small boiteux 12_\Boit_1205_6_three.mp4;C:\Users\esthe\Downloads\small boiteux 12_\Boit_1205_7_one.mp4;C:\Users\esthe\Downloads\small boiteux 12_\Boit_1205_8_five.mp4;C:\Users\esthe\Downloads\small boiteux 12_\Boit_1205_9_seven.mp4,0.0,33.361;14.067;14.331;21.564;6.399;8.664;23.761;18.197;19.200;7.900;7.064;10.199;28.898,30.000;30.000;30.000;30.000;30.000;30.000;30.000;30.000;30.000;30.000;30.000;30.000;30.000,Boiteux,jaw movement,,,POINT,75.423,C:\Users\esthe\Downloads\small boiteux 12_\Boit_1205_12_control.mp4,410,NA,
boit_1205,2025-06-05 16:05:44.780,,209.095,Media file(s),player #1:C:\Users\esthe\Downloads\small boiteux 12_\Boi_1205_1_seven.mp4;C:\Users\esthe\Downloads\small boiteux 12_\Boit_1205_10_three.mp4;C:\Users\esthe\Downloads\small boiteux 12_\Boit_1205_11_five.mp4;C:\Users\esthe\Downloads\small boiteux 12_\Boit_1205_12_control.mp4;C:\Users\esthe\Downloads\small boiteux 12_\Boit_1205_13_control.mp4;C:\Users\esthe\Downloads\small boiteux 12_\Boit_1205_2_three.mp4;C:\Users\esthe\Downloads\small boiteux 12_\Boit_1205_3_five.mp4;C:\Users\esthe\Downloads\small boiteux 12_\Boit_1205_4_one.mp4;C:\Users\esthe\Downloads\small boiteux 12_\Boit_1205_5_five.mp4;C:\Users\esthe\Downloads\small boiteux 12_\Boit_1205_6_three.mp4;C:\Users\esthe\Downloads\small boiteux 12_\Boit_1205_7_one.mp4;C:\Users\esthe\Downloads\small boiteux 12_\Boit_1205_8_five.mp4;C:\Users\esthe\Downloads\small boiteux 12_\Boit_1205_9_seven.mp4,0.0,33.361;14.067;14.331;21.564;6.399;8.664;23.761;18.197;19.200;7.900;7.064;10.199;28.898,30.000;30.000;30.000;30.000;30.000;30.000;30.000;30.000;30.000;30.000;30.000;30.000;30.000,Boiteux,jaw movement,,,POINT,75.623,C:\Users\esthe\Downloads\small boiteux 12_\Boit_1205_12_control.mp4,416,NA,
boit_1205,2025-06-05 16:05:44.780,,209.095,Media file(s),player #1:C:\Users\esthe\Downloads\small boiteux 12_\Boi_1205_1_seven.mp4;C:\Users\esthe\Downloads\small boiteux 12_\Boit_1205_10_three.mp4;C:\Users\esthe\Downloads\small boiteux 12_\Boit_1205_11_five.mp4;C:\Users\esthe\Downloads\small boiteux 12_\Boit_1205_12_control.mp4;C:\Users\esthe\Downloads\small boiteux 12_\Boit_1205_13_control.mp4;C:\Users\esthe\Downloads\small boiteux 12_\Boit_1205_2_three.mp4;C:\Users\esthe\Downloads\small boiteux 12_\Boit_1205_3_five.mp4;C:\Users\esthe\Downloads\small boiteux 12_\Boit_1205_4_one.mp4;C:\Users\esthe\Downloads\small boiteux 12_\Boit_1205_5_five.mp4;C:\Users\esthe\Downloads\small boiteux 12_\Boit_1205_6_three.mp4;C:\Users\esthe\Downloads\small boiteux 12_\Boit_1205_7_one.mp4;C:\Users\esthe\Downloads\small boiteux 12_\Boit_1205_8_five.mp4;C:\Users\esthe\Downloads\small boiteux 12_\Boit_1205_9_seven.mp4,0.0,33.361;14.067;14.331;21.564;6.399;8.664;23.761;18.197;19.200;7.900;7.064;10.199;28.898,30.000;30.000;30.000;30.000;30.000;30.000;30.000;30.000;30.000;30.000;30.000;30.000;30.000,Boiteux,jaw movement,,,POINT,76.723,C:\Users\esthe\Downloads\small boiteux 12_\Boit_1205_12_control.mp4,449,NA,
boit_1205,2025-06-05 16:05:44.780,,209.095,Media file(s),player #1:C:\Users\esthe\Downloads\small boiteux 12_\Boi_1205_1_seven.mp4;C:\Users\esthe\Downloads\small boiteux 12_\Boit_1205_10_three.mp4;C:\Users\esthe\Downloads\small boiteux 12_\Boit_1205_11_five.mp4;C:\Users\esthe\Downloads\small boiteux 12_\Boit_1205_12_control.mp4;C:\Users\esthe\Downloads\small boiteux 12_\Boit_1205_13_control.mp4;C:\Users\esthe\Downloads\small boiteux 12_\Boit_1205_2_three.mp4;C:\Users\esthe\Downloads\small boiteux 12_\Boit_1205_3_five.mp4;C:\Users\esthe\Downloads\small boiteux 12_\Boit_1205_4_one.mp4;C:\Users\esthe\Downloads\small boiteux 12_\Boit_1205_5_five.mp4;C:\Users\esthe\Downloads\small boiteux 12_\Boit_1205_6_three.mp4;C:\Users\esthe\Downloads\small boiteux 12_\Boit_1205_7_one.mp4;C:\Users\esthe\Downloads\small boiteux 12_\Boit_1205_8_five.mp4;C:\Users\esthe\Downloads\small boiteux 12_\Boit_1205_9_seven.mp4,0.0,33.361;14.067;14.331;21.564;6.399;8.664;23.761;18.197;19.200;7.900;7.064;10.199;28.898,30.000;30.000;30.000;30.000;30.000;30.000;30.000;30.000;30.000;30.000;30.000;30.000;30.000,Boiteux,ear clapping,,,POINT,76.989,C:\Users\esthe\Downloads\small boiteux 12_\Boit_1205_12_control.mp4,457,NA,
boit_1205,2025-06-05 16:05:44.780,,209.095,Media file(s),player #1:C:\Users\esthe\Downloads\small boiteux 12_\Boi_1205_1_seven.mp4;C:\Users\esthe\Downloads\small boiteux 12_\Boit_1205_10_three.mp4;C:\Users\esthe\Downloads\small boiteux 12_\Boit_1205_11_five.mp4;C:\Users\esthe\Downloads\small boiteux 12_\Boit_1205_12_control.mp4;C:\Users\esthe\Downloads\small boiteux 12_\Boit_1205_13_control.mp4;C:\Users\esthe\Downloads\small boiteux 12_\Boit_1205_2_three.mp4;C:\Users\esthe\Downloads\small boiteux 12_\Boit_1205_3_five.mp4;C:\Users\esthe\Downloads\small boiteux 12_\Boit_1205_4_one.mp4;C:\Users\esthe\Downloads\small boiteux 12_\Boit_1205_5_five.mp4;C:\Users\esthe\Downloads\small boiteux 12_\Boit_1205_6_three.mp4;C:\Users\esthe\Downloads\small boiteux 12_\Boit_1205_7_one.mp4;C:\Users\esthe\Downloads\small boiteux 12_\Boit_1205_8_five.mp4;C:\Users\esthe\Downloads\small boiteux 12_\Boit_1205_9_seven.mp4,0.0,33.361;14.067;14.331;21.564;6.399;8.664;23.761;18.197;19.200;7.900;7.064;10.199;28.898,30.000;30.000;30.000;30.000;30.000;30.000;30.000;30.000;30.000;30.000;30.000;30.000;30.000,Boiteux,jaw movement,,,POINT,77.056,C:\Users\esthe\Downloads\small boiteux 12_\Boit_1205_12_control.mp4,459,NA,
boit_1205,2025-06-05 16:05:44.780,,209.095,Media file(s),player #1:C:\Users\esthe\Downloads\small boiteux 12_\Boi_1205_1_seven.mp4;C:\Users\esthe\Downloads\small boiteux 12_\Boit_1205_10_three.mp4;C:\Users\esthe\Downloads\small boiteux 12_\Boit_1205_11_five.mp4;C:\Users\esthe\Downloads\small boiteux 12_\Boit_1205_12_control.mp4;C:\Users\esthe\Downloads\small boiteux 12_\Boit_1205_13_control.mp4;C:\Users\esthe\Downloads\small boiteux 12_\Boit_1205_2_three.mp4;C:\Users\esthe\Downloads\small boiteux 12_\Boit_1205_3_five.mp4;C:\Users\esthe\Downloads\small boiteux 12_\Boit_1205_4_one.mp4;C:\Users\esthe\Downloads\small boiteux 12_\Boit_1205_5_five.mp4;C:\Users\esthe\Downloads\small boiteux 12_\Boit_1205_6_three.mp4;C:\Users\esthe\Downloads\small boiteux 12_\Boit_1205_7_one.mp4;C:\Users\esthe\Downloads\small boiteux 12_\Boit_1205_8_five.mp4;C:\Users\esthe\Downloads\small boiteux 12_\Boit_1205_9_seven.mp4,0.0,33.361;14.067;14.331;21.564;6.399;8.664;23.761;18.197;19.200;7.900;7.064;10.199;28.898,30.000;30.000;30.000;30.000;30.000;30.000;30.000;30.000;30.000;30.000;30.000;30.000;30.000,Boiteux,jaw movement,,,POINT,77.356,C:\Users\esthe\Downloads\small boiteux 12_\Boit_1205_12_control.mp4,468,NA,
boit_1205,2025-06-05 16:05:44.780,,209.095,Media file(s),player #1:C:\Users\esthe\Downloads\small boiteux 12_\Boi_1205_1_seven.mp4;C:\Users\esthe\Downloads\small boiteux 12_\Boit_1205_10_three.mp4;C:\Users\esthe\Downloads\small boiteux 12_\Boit_1205_11_five.mp4;C:\Users\esthe\Downloads\small boiteux 12_\Boit_1205_12_control.mp4;C:\Users\esthe\Downloads\small boiteux 12_\Boit_1205_13_control.mp4;C:\Users\esthe\Downloads\small boiteux 12_\Boit_1205_2_three.mp4;C:\Users\esthe\Downloads\small boiteux 12_\Boit_1205_3_five.mp4;C:\Users\esthe\Downloads\small boiteux 12_\Boit_1205_4_one.mp4;C:\Users\esthe\Downloads\small boiteux 12_\Boit_1205_5_five.mp4;C:\Users\esthe\Downloads\small boiteux 12_\Boit_1205_6_three.mp4;C:\Users\esthe\Downloads\small boiteux 12_\Boit_1205_7_one.mp4;C:\Users\esthe\Downloads\small boiteux 12_\Boit_1205_8_five.mp4;C:\Users\esthe\Downloads\small boiteux 12_\Boit_1205_9_seven.mp4,0.0,33.361;14.067;14.331;21.564;6.399;8.664;23.761;18.197;19.200;7.900;7.064;10.199;28.898,30.000;30.000;30.000;30.000;30.000;30.000;30.000;30.000;30.000;30.000;30.000;30.000;30.000,Boiteux,jaw movement,,,POINT,77.989,C:\Users\esthe\Downloads\small boiteux 12_\Boit_1205_12_control.mp4,487,NA,
boit_1205,2025-06-05 16:05:44.780,,209.095,Media file(s),player #1:C:\Users\esthe\Downloads\small boiteux 12_\Boi_1205_1_seven.mp4;C:\Users\esthe\Downloads\small boiteux 12_\Boit_1205_10_three.mp4;C:\Users\esthe\Downloads\small boiteux 12_\Boit_1205_11_five.mp4;C:\Users\esthe\Downloads\small boiteux 12_\Boit_1205_12_control.mp4;C:\Users\esthe\Downloads\small boiteux 12_\Boit_1205_13_control.mp4;C:\Users\esthe\Downloads\small boiteux 12_\Boit_1205_2_three.mp4;C:\Users\esthe\Downloads\small boiteux 12_\Boit_1205_3_five.mp4;C:\Users\esthe\Downloads\small boiteux 12_\Boit_1205_4_one.mp4;C:\Users\esthe\Downloads\small boiteux 12_\Boit_1205_5_five.mp4;C:\Users\esthe\Downloads\small boiteux 12_\Boit_1205_6_three.mp4;C:\Users\esthe\Downloads\small boiteux 12_\Boit_1205_7_one.mp4;C:\Users\esthe\Downloads\small boiteux 12_\Boit_1205_8_five.mp4;C:\Users\esthe\Downloads\small boiteux 12_\Boit_1205_9_seven.mp4,0.0,33.361;14.067;14.331;21.564;6.399;8.664;23.761;18.197;19.200;7.900;7.064;10.199;28.898,30.000;30.000;30.000;30.000;30.000;30.000;30.000;30.000;30.000;30.000;30.000;30.000;30.000,Boiteux,ear clapping,,,POINT,78.489,C:\Users\esthe\Downloads\small boiteux 12_\Boit_1205_12_control.mp4,502,NA,
boit_1205,2025-06-05 16:05:44.780,,209.095,Media file(s),player #1:C:\Users\esthe\Downloads\small boiteux 12_\Boi_1205_1_seven.mp4;C:\Users\esthe\Downloads\small boiteux 12_\Boit_1205_10_three.mp4;C:\Users\esthe\Downloads\small boiteux 12_\Boit_1205_11_five.mp4;C:\Users\esthe\Downloads\small boiteux 12_\Boit_1205_12_control.mp4;C:\Users\esthe\Downloads\small boiteux 12_\Boit_1205_13_control.mp4;C:\Users\esthe\Downloads\small boiteux 12_\Boit_1205_2_three.mp4;C:\Users\esthe\Downloads\small boiteux 12_\Boit_1205_3_five.mp4;C:\Users\esthe\Downloads\small boiteux 12_\Boit_1205_4_one.mp4;C:\Users\esthe\Downloads\small boiteux 12_\Boit_1205_5_five.mp4;C:\Users\esthe\Downloads\small boiteux 12_\Boit_1205_6_three.mp4;C:\Users\esthe\Downloads\small boiteux 12_\Boit_1205_7_one.mp4;C:\Users\esthe\Downloads\small boiteux 12_\Boit_1205_8_five.mp4;C:\Users\esthe\Downloads\small boiteux 12_\Boit_1205_9_seven.mp4,0.0,33.361;14.067;14.331;21.564;6.399;8.664;23.761;18.197;19.200;7.900;7.064;10.199;28.898,30.000;30.000;30.000;30.000;30.000;30.000;30.000;30.000;30.000;30.000;30.000;30.000;30.000,Boiteux,jaw movement,,,POINT,78.623,C:\Users\esthe\Downloads\small boiteux 12_\Boit_1205_12_control.mp4,506,NA,
boit_1205,2025-06-05 16:05:44.780,,209.095,Media file(s),player #1:C:\Users\esthe\Downloads\small boiteux 12_\Boi_1205_1_seven.mp4;C:\Users\esthe\Downloads\small boiteux 12_\Boit_1205_10_three.mp4;C:\Users\esthe\Downloads\small boiteux 12_\Boit_1205_11_five.mp4;C:\Users\esthe\Downloads\small boiteux 12_\Boit_1205_12_control.mp4;C:\Users\esthe\Downloads\small boiteux 12_\Boit_1205_13_control.mp4;C:\Users\esthe\Downloads\small boiteux 12_\Boit_1205_2_three.mp4;C:\Users\esthe\Downloads\small boiteux 12_\Boit_1205_3_five.mp4;C:\Users\esthe\Downloads\small boiteux 12_\Boit_1205_4_one.mp4;C:\Users\esthe\Downloads\small boiteux 12_\Boit_1205_5_five.mp4;C:\Users\esthe\Downloads\small boiteux 12_\Boit_1205_6_three.mp4;C:\Users\esthe\Downloads\small boiteux 12_\Boit_1205_7_one.mp4;C:\Users\esthe\Downloads\small boiteux 12_\Boit_1205_8_five.mp4;C:\Users\esthe\Downloads\small boiteux 12_\Boit_1205_9_seven.mp4,0.0,33.361;14.067;14.331;21.564;6.399;8.664;23.761;18.197;19.200;7.900;7.064;10.199;28.898,30.000;30.000;30.000;30.000;30.000;30.000;30.000;30.000;30.000;30.000;30.000;30.000;30.000,Boiteux,jaw movement,,,POINT,79.022,C:\Users\esthe\Downloads\small boiteux 12_\Boit_1205_12_control.mp4,518,NA,
boit_1205,2025-06-05 16:05:44.780,,209.095,Media file(s),player #1:C:\Users\esthe\Downloads\small boiteux 12_\Boi_1205_1_seven.mp4;C:\Users\esthe\Downloads\small boiteux 12_\Boit_1205_10_three.mp4;C:\Users\esthe\Downloads\small boiteux 12_\Boit_1205_11_five.mp4;C:\Users\esthe\Downloads\small boiteux 12_\Boit_1205_12_control.mp4;C:\Users\esthe\Downloads\small boiteux 12_\Boit_1205_13_control.mp4;C:\Users\esthe\Downloads\small boiteux 12_\Boit_1205_2_three.mp4;C:\Users\esthe\Downloads\small boiteux 12_\Boit_1205_3_five.mp4;C:\Users\esthe\Downloads\small boiteux 12_\Boit_1205_4_one.mp4;C:\Users\esthe\Downloads\small boiteux 12_\Boit_1205_5_five.mp4;C:\Users\esthe\Downloads\small boiteux 12_\Boit_1205_6_three.mp4;C:\Users\esthe\Downloads\small boiteux 12_\Boit_1205_7_one.mp4;C:\Users\esthe\Downloads\small boiteux 12_\Boit_1205_8_five.mp4;C:\Users\esthe\Downloads\small boiteux 12_\Boit_1205_9_seven.mp4,0.0,33.361;14.067;14.331;21.564;6.399;8.664;23.761;18.197;19.200;7.900;7.064;10.199;28.898,30.000;30.000;30.000;30.000;30.000;30.000;30.000;30.000;30.000;30.000;30.000;30.000;30.000,Boiteux,ear clapping,,,POINT,79.489,C:\Users\esthe\Downloads\small boiteux 12_\Boit_1205_12_control.mp4,532,NA,
boit_1205,2025-06-05 16:05:44.780,,209.095,Media file(s),player #1:C:\Users\esthe\Downloads\small boiteux 12_\Boi_1205_1_seven.mp4;C:\Users\esthe\Downloads\small boiteux 12_\Boit_1205_10_three.mp4;C:\Users\esthe\Downloads\small boiteux 12_\Boit_1205_11_five.mp4;C:\Users\esthe\Downloads\small boiteux 12_\Boit_1205_12_control.mp4;C:\Users\esthe\Downloads\small boiteux 12_\Boit_1205_13_control.mp4;C:\Users\esthe\Downloads\small boiteux 12_\Boit_1205_2_three.mp4;C:\Users\esthe\Downloads\small boiteux 12_\Boit_1205_3_five.mp4;C:\Users\esthe\Downloads\small boiteux 12_\Boit_1205_4_one.mp4;C:\Users\esthe\Downloads\small boiteux 12_\Boit_1205_5_five.mp4;C:\Users\esthe\Downloads\small boiteux 12_\Boit_1205_6_three.mp4;C:\Users\esthe\Downloads\small boiteux 12_\Boit_1205_7_one.mp4;C:\Users\esthe\Downloads\small boiteux 12_\Boit_1205_8_five.mp4;C:\Users\esthe\Downloads\small boiteux 12_\Boit_1205_9_seven.mp4,0.0,33.361;14.067;14.331;21.564;6.399;8.664;23.761;18.197;19.200;7.900;7.064;10.199;28.898,30.000;30.000;30.000;30.000;30.000;30.000;30.000;30.000;30.000;30.000;30.000;30.000;30.000,Boiteux,ear clapping,,,POINT,79.589,C:\Users\esthe\Downloads\small boiteux 12_\Boit_1205_12_control.mp4,535,NA,
boit_1205,2025-06-05 16:05:44.780,,209.095,Media file(s),player #1:C:\Users\esthe\Downloads\small boiteux 12_\Boi_1205_1_seven.mp4;C:\Users\esthe\Downloads\small boiteux 12_\Boit_1205_10_three.mp4;C:\Users\esthe\Downloads\small boiteux 12_\Boit_1205_11_five.mp4;C:\Users\esthe\Downloads\small boiteux 12_\Boit_1205_12_control.mp4;C:\Users\esthe\Downloads\small boiteux 12_\Boit_1205_13_control.mp4;C:\Users\esthe\Downloads\small boiteux 12_\Boit_1205_2_three.mp4;C:\Users\esthe\Downloads\small boiteux 12_\Boit_1205_3_five.mp4;C:\Users\esthe\Downloads\small boiteux 12_\Boit_1205_4_one.mp4;C:\Users\esthe\Downloads\small boiteux 12_\Boit_1205_5_five.mp4;C:\Users\esthe\Downloads\small boiteux 12_\Boit_1205_6_three.mp4;C:\Users\esthe\Downloads\small boiteux 12_\Boit_1205_7_one.mp4;C:\Users\esthe\Downloads\small boiteux 12_\Boit_1205_8_five.mp4;C:\Users\esthe\Downloads\small boiteux 12_\Boit_1205_9_seven.mp4,0.0,33.361;14.067;14.331;21.564;6.399;8.664;23.761;18.197;19.200;7.900;7.064;10.199;28.898,30.000;30.000;30.000;30.000;30.000;30.000;30.000;30.000;30.000;30.000;30.000;30.000;30.000,Boiteux,jaw movement,,,POINT,80.322,C:\Users\esthe\Downloads\small boiteux 12_\Boit_1205_12_control.mp4,557,NA,
boit_1205,2025-06-05 16:05:44.780,,209.095,Media file(s),player #1:C:\Users\esthe\Downloads\small boiteux 12_\Boi_1205_1_seven.mp4;C:\Users\esthe\Downloads\small boiteux 12_\Boit_1205_10_three.mp4;C:\Users\esthe\Downloads\small boiteux 12_\Boit_1205_11_five.mp4;C:\Users\esthe\Downloads\small boiteux 12_\Boit_1205_12_control.mp4;C:\Users\esthe\Downloads\small boiteux 12_\Boit_1205_13_control.mp4;C:\Users\esthe\Downloads\small boiteux 12_\Boit_1205_2_three.mp4;C:\Users\esthe\Downloads\small boiteux 12_\Boit_1205_3_five.mp4;C:\Users\esthe\Downloads\small boiteux 12_\Boit_1205_4_one.mp4;C:\Users\esthe\Downloads\small boiteux 12_\Boit_1205_5_five.mp4;C:\Users\esthe\Downloads\small boiteux 12_\Boit_1205_6_three.mp4;C:\Users\esthe\Downloads\small boiteux 12_\Boit_1205_7_one.mp4;C:\Users\esthe\Downloads\small boiteux 12_\Boit_1205_8_five.mp4;C:\Users\esthe\Downloads\small boiteux 12_\Boit_1205_9_seven.mp4,0.0,33.361;14.067;14.331;21.564;6.399;8.664;23.761;18.197;19.200;7.900;7.064;10.199;28.898,30.000;30.000;30.000;30.000;30.000;30.000;30.000;30.000;30.000;30.000;30.000;30.000;30.000,Boiteux,jaw movement,,,POINT,81.589,C:\Users\esthe\Downloads\small boiteux 12_\Boit_1205_12_control.mp4,595,NA,
boit_1205,2025-06-05 16:05:44.780,,209.095,Media file(s),player #1:C:\Users\esthe\Downloads\small boiteux 12_\Boi_1205_1_seven.mp4;C:\Users\esthe\Downloads\small boiteux 12_\Boit_1205_10_three.mp4;C:\Users\esthe\Downloads\small boiteux 12_\Boit_1205_11_five.mp4;C:\Users\esthe\Downloads\small boiteux 12_\Boit_1205_12_control.mp4;C:\Users\esthe\Downloads\small boiteux 12_\Boit_1205_13_control.mp4;C:\Users\esthe\Downloads\small boiteux 12_\Boit_1205_2_three.mp4;C:\Users\esthe\Downloads\small boiteux 12_\Boit_1205_3_five.mp4;C:\Users\esthe\Downloads\small boiteux 12_\Boit_1205_4_one.mp4;C:\Users\esthe\Downloads\small boiteux 12_\Boit_1205_5_five.mp4;C:\Users\esthe\Downloads\small boiteux 12_\Boit_1205_6_three.mp4;C:\Users\esthe\Downloads\small boiteux 12_\Boit_1205_7_one.mp4;C:\Users\esthe\Downloads\small boiteux 12_\Boit_1205_8_five.mp4;C:\Users\esthe\Downloads\small boiteux 12_\Boit_1205_9_seven.mp4,0.0,33.361;14.067;14.331;21.564;6.399;8.664;23.761;18.197;19.200;7.900;7.064;10.199;28.898,30.000;30.000;30.000;30.000;30.000;30.000;30.000;30.000;30.000;30.000;30.000;30.000;30.000,Boiteux,jaw movement,,,POINT,82.222,C:\Users\esthe\Downloads\small boiteux 12_\Boit_1205_12_control.mp4,614,NA,
boit_1205,2025-06-05 16:05:44.780,,209.095,Media file(s),player #1:C:\Users\esthe\Downloads\small boiteux 12_\Boi_1205_1_seven.mp4;C:\Users\esthe\Downloads\small boiteux 12_\Boit_1205_10_three.mp4;C:\Users\esthe\Downloads\small boiteux 12_\Boit_1205_11_five.mp4;C:\Users\esthe\Downloads\small boiteux 12_\Boit_1205_12_control.mp4;C:\Users\esthe\Downloads\small boiteux 12_\Boit_1205_13_control.mp4;C:\Users\esthe\Downloads\small boiteux 12_\Boit_1205_2_three.mp4;C:\Users\esthe\Downloads\small boiteux 12_\Boit_1205_3_five.mp4;C:\Users\esthe\Downloads\small boiteux 12_\Boit_1205_4_one.mp4;C:\Users\esthe\Downloads\small boiteux 12_\Boit_1205_5_five.mp4;C:\Users\esthe\Downloads\small boiteux 12_\Boit_1205_6_three.mp4;C:\Users\esthe\Downloads\small boiteux 12_\Boit_1205_7_one.mp4;C:\Users\esthe\Downloads\small boiteux 12_\Boit_1205_8_five.mp4;C:\Users\esthe\Downloads\small boiteux 12_\Boit_1205_9_seven.mp4,0.0,33.361;14.067;14.331;21.564;6.399;8.664;23.761;18.197;19.200;7.900;7.064;10.199;28.898,30.000;30.000;30.000;30.000;30.000;30.000;30.000;30.000;30.000;30.000;30.000;30.000;30.000,Boiteux,peeling,,,STOP,82.589,C:\Users\esthe\Downloads\small boiteux 12_\Boit_1205_12_control.mp4,625,NA,
boit_1205,2025-06-05 16:05:44.780,,209.095,Media file(s),player #1:C:\Users\esthe\Downloads\small boiteux 12_\Boi_1205_1_seven.mp4;C:\Users\esthe\Downloads\small boiteux 12_\Boit_1205_10_three.mp4;C:\Users\esthe\Downloads\small boiteux 12_\Boit_1205_11_five.mp4;C:\Users\esthe\Downloads\small boiteux 12_\Boit_1205_12_control.mp4;C:\Users\esthe\Downloads\small boiteux 12_\Boit_1205_13_control.mp4;C:\Users\esthe\Downloads\small boiteux 12_\Boit_1205_2_three.mp4;C:\Users\esthe\Downloads\small boiteux 12_\Boit_1205_3_five.mp4;C:\Users\esthe\Downloads\small boiteux 12_\Boit_1205_4_one.mp4;C:\Users\esthe\Downloads\small boiteux 12_\Boit_1205_5_five.mp4;C:\Users\esthe\Downloads\small boiteux 12_\Boit_1205_6_three.mp4;C:\Users\esthe\Downloads\small boiteux 12_\Boit_1205_7_one.mp4;C:\Users\esthe\Downloads\small boiteux 12_\Boit_1205_8_five.mp4;C:\Users\esthe\Downloads\small boiteux 12_\Boit_1205_9_seven.mp4,0.0,33.361;14.067;14.331;21.564;6.399;8.664;23.761;18.197;19.200;7.900;7.064;10.199;28.898,30.000;30.000;30.000;30.000;30.000;30.000;30.000;30.000;30.000;30.000;30.000;30.000;30.000,Boiteux,eating,,,START,82.622,C:\Users\esthe\Downloads\small boiteux 12_\Boit_1205_12_control.mp4,626,NA,
boit_1205,2025-06-05 16:05:44.780,,209.095,Media file(s),player #1:C:\Users\esthe\Downloads\small boiteux 12_\Boi_1205_1_seven.mp4;C:\Users\esthe\Downloads\small boiteux 12_\Boit_1205_10_three.mp4;C:\Users\esthe\Downloads\small boiteux 12_\Boit_1205_11_five.mp4;C:\Users\esthe\Downloads\small boiteux 12_\Boit_1205_12_control.mp4;C:\Users\esthe\Downloads\small boiteux 12_\Boit_1205_13_control.mp4;C:\Users\esthe\Downloads\small boiteux 12_\Boit_1205_2_three.mp4;C:\Users\esthe\Downloads\small boiteux 12_\Boit_1205_3_five.mp4;C:\Users\esthe\Downloads\small boiteux 12_\Boit_1205_4_one.mp4;C:\Users\esthe\Downloads\small boiteux 12_\Boit_1205_5_five.mp4;C:\Users\esthe\Downloads\small boiteux 12_\Boit_1205_6_three.mp4;C:\Users\esthe\Downloads\small boiteux 12_\Boit_1205_7_one.mp4;C:\Users\esthe\Downloads\small boiteux 12_\Boit_1205_8_five.mp4;C:\Users\esthe\Downloads\small boiteux 12_\Boit_1205_9_seven.mp4,0.0,33.361;14.067;14.331;21.564;6.399;8.664;23.761;18.197;19.200;7.900;7.064;10.199;28.898,30.000;30.000;30.000;30.000;30.000;30.000;30.000;30.000;30.000;30.000;30.000;30.000;30.000,Boiteux,eating,,,STOP,83.188,C:\Users\esthe\Downloads\small boiteux 12_\Boit_1205_12_control.mp4,643,NA,
boit_1205,2025-06-05 16:05:44.780,,209.095,Media file(s),player #1:C:\Users\esthe\Downloads\small boiteux 12_\Boi_1205_1_seven.mp4;C:\Users\esthe\Downloads\small boiteux 12_\Boit_1205_10_three.mp4;C:\Users\esthe\Downloads\small boiteux 12_\Boit_1205_11_five.mp4;C:\Users\esthe\Downloads\small boiteux 12_\Boit_1205_12_control.mp4;C:\Users\esthe\Downloads\small boiteux 12_\Boit_1205_13_control.mp4;C:\Users\esthe\Downloads\small boiteux 12_\Boit_1205_2_three.mp4;C:\Users\esthe\Downloads\small boiteux 12_\Boit_1205_3_five.mp4;C:\Users\esthe\Downloads\small boiteux 12_\Boit_1205_4_one.mp4;C:\Users\esthe\Downloads\small boiteux 12_\Boit_1205_5_five.mp4;C:\Users\esthe\Downloads\small boiteux 12_\Boit_1205_6_three.mp4;C:\Users\esthe\Downloads\small boiteux 12_\Boit_1205_7_one.mp4;C:\Users\esthe\Downloads\small boiteux 12_\Boit_1205_8_five.mp4;C:\Users\esthe\Downloads\small boiteux 12_\Boit_1205_9_seven.mp4,0.0,33.361;14.067;14.331;21.564;6.399;8.664;23.761;18.197;19.200;7.900;7.064;10.199;28.898,30.000;30.000;30.000;30.000;30.000;30.000;30.000;30.000;30.000;30.000;30.000;30.000;30.000,Boiteux,assessing,,,START,83.554,C:\Users\esthe\Downloads\small boiteux 12_\Boit_1205_13_control.mp4,7,NA,
boit_1205,2025-06-05 16:05:44.780,,209.095,Media file(s),player #1:C:\Users\esthe\Downloads\small boiteux 12_\Boi_1205_1_seven.mp4;C:\Users\esthe\Downloads\small boiteux 12_\Boit_1205_10_three.mp4;C:\Users\esthe\Downloads\small boiteux 12_\Boit_1205_11_five.mp4;C:\Users\esthe\Downloads\small boiteux 12_\Boit_1205_12_control.mp4;C:\Users\esthe\Downloads\small boiteux 12_\Boit_1205_13_control.mp4;C:\Users\esthe\Downloads\small boiteux 12_\Boit_1205_2_three.mp4;C:\Users\esthe\Downloads\small boiteux 12_\Boit_1205_3_five.mp4;C:\Users\esthe\Downloads\small boiteux 12_\Boit_1205_4_one.mp4;C:\Users\esthe\Downloads\small boiteux 12_\Boit_1205_5_five.mp4;C:\Users\esthe\Downloads\small boiteux 12_\Boit_1205_6_three.mp4;C:\Users\esthe\Downloads\small boiteux 12_\Boit_1205_7_one.mp4;C:\Users\esthe\Downloads\small boiteux 12_\Boit_1205_8_five.mp4;C:\Users\esthe\Downloads\small boiteux 12_\Boit_1205_9_seven.mp4,0.0,33.361;14.067;14.331;21.564;6.399;8.664;23.761;18.197;19.200;7.900;7.064;10.199;28.898,30.000;30.000;30.000;30.000;30.000;30.000;30.000;30.000;30.000;30.000;30.000;30.000;30.000,Boiteux,jaw movement,,,POINT,83.621,C:\Users\esthe\Downloads\small boiteux 12_\Boit_1205_13_control.mp4,9,NA,
boit_1205,2025-06-05 16:05:44.780,,209.095,Media file(s),player #1:C:\Users\esthe\Downloads\small boiteux 12_\Boi_1205_1_seven.mp4;C:\Users\esthe\Downloads\small boiteux 12_\Boit_1205_10_three.mp4;C:\Users\esthe\Downloads\small boiteux 12_\Boit_1205_11_five.mp4;C:\Users\esthe\Downloads\small boiteux 12_\Boit_1205_12_control.mp4;C:\Users\esthe\Downloads\small boiteux 12_\Boit_1205_13_control.mp4;C:\Users\esthe\Downloads\small boiteux 12_\Boit_1205_2_three.mp4;C:\Users\esthe\Downloads\small boiteux 12_\Boit_1205_3_five.mp4;C:\Users\esthe\Downloads\small boiteux 12_\Boit_1205_4_one.mp4;C:\Users\esthe\Downloads\small boiteux 12_\Boit_1205_5_five.mp4;C:\Users\esthe\Downloads\small boiteux 12_\Boit_1205_6_three.mp4;C:\Users\esthe\Downloads\small boiteux 12_\Boit_1205_7_one.mp4;C:\Users\esthe\Downloads\small boiteux 12_\Boit_1205_8_five.mp4;C:\Users\esthe\Downloads\small boiteux 12_\Boit_1205_9_seven.mp4,0.0,33.361;14.067;14.331;21.564;6.399;8.664;23.761;18.197;19.200;7.900;7.064;10.199;28.898,30.000;30.000;30.000;30.000;30.000;30.000;30.000;30.000;30.000;30.000;30.000;30.000;30.000,Boiteux,licking,,,POINT,83.654,C:\Users\esthe\Downloads\small boiteux 12_\Boit_1205_13_control.mp4,10,NA,
boit_1205,2025-06-05 16:05:44.780,,209.095,Media file(s),player #1:C:\Users\esthe\Downloads\small boiteux 12_\Boi_1205_1_seven.mp4;C:\Users\esthe\Downloads\small boiteux 12_\Boit_1205_10_three.mp4;C:\Users\esthe\Downloads\small boiteux 12_\Boit_1205_11_five.mp4;C:\Users\esthe\Downloads\small boiteux 12_\Boit_1205_12_control.mp4;C:\Users\esthe\Downloads\small boiteux 12_\Boit_1205_13_control.mp4;C:\Users\esthe\Downloads\small boiteux 12_\Boit_1205_2_three.mp4;C:\Users\esthe\Downloads\small boiteux 12_\Boit_1205_3_five.mp4;C:\Users\esthe\Downloads\small boiteux 12_\Boit_1205_4_one.mp4;C:\Users\esthe\Downloads\small boiteux 12_\Boit_1205_5_five.mp4;C:\Users\esthe\Downloads\small boiteux 12_\Boit_1205_6_three.mp4;C:\Users\esthe\Downloads\small boiteux 12_\Boit_1205_7_one.mp4;C:\Users\esthe\Downloads\small boiteux 12_\Boit_1205_8_five.mp4;C:\Users\esthe\Downloads\small boiteux 12_\Boit_1205_9_seven.mp4,0.0,33.361;14.067;14.331;21.564;6.399;8.664;23.761;18.197;19.200;7.900;7.064;10.199;28.898,30.000;30.000;30.000;30.000;30.000;30.000;30.000;30.000;30.000;30.000;30.000;30.000;30.000,Boiteux,jaw movement,,,POINT,83.888,C:\Users\esthe\Downloads\small boiteux 12_\Boit_1205_13_control.mp4,17,NA,
boit_1205,2025-06-05 16:05:44.780,,209.095,Media file(s),player #1:C:\Users\esthe\Downloads\small boiteux 12_\Boi_1205_1_seven.mp4;C:\Users\esthe\Downloads\small boiteux 12_\Boit_1205_10_three.mp4;C:\Users\esthe\Downloads\small boiteux 12_\Boit_1205_11_five.mp4;C:\Users\esthe\Downloads\small boiteux 12_\Boit_1205_12_control.mp4;C:\Users\esthe\Downloads\small boiteux 12_\Boit_1205_13_control.mp4;C:\Users\esthe\Downloads\small boiteux 12_\Boit_1205_2_three.mp4;C:\Users\esthe\Downloads\small boiteux 12_\Boit_1205_3_five.mp4;C:\Users\esthe\Downloads\small boiteux 12_\Boit_1205_4_one.mp4;C:\Users\esthe\Downloads\small boiteux 12_\Boit_1205_5_five.mp4;C:\Users\esthe\Downloads\small boiteux 12_\Boit_1205_6_three.mp4;C:\Users\esthe\Downloads\small boiteux 12_\Boit_1205_7_one.mp4;C:\Users\esthe\Downloads\small boiteux 12_\Boit_1205_8_five.mp4;C:\Users\esthe\Downloads\small boiteux 12_\Boit_1205_9_seven.mp4,0.0,33.361;14.067;14.331;21.564;6.399;8.664;23.761;18.197;19.200;7.900;7.064;10.199;28.898,30.000;30.000;30.000;30.000;30.000;30.000;30.000;30.000;30.000;30.000;30.000;30.000;30.000,Boiteux,translational movement,,,POINT,83.954,C:\Users\esthe\Downloads\small boiteux 12_\Boit_1205_13_control.mp4,19,NA,
boit_1205,2025-06-05 16:05:44.780,,209.095,Media file(s),player #1:C:\Users\esthe\Downloads\small boiteux 12_\Boi_1205_1_seven.mp4;C:\Users\esthe\Downloads\small boiteux 12_\Boit_1205_10_three.mp4;C:\Users\esthe\Downloads\small boiteux 12_\Boit_1205_11_five.mp4;C:\Users\esthe\Downloads\small boiteux 12_\Boit_1205_12_control.mp4;C:\Users\esthe\Downloads\small boiteux 12_\Boit_1205_13_control.mp4;C:\Users\esthe\Downloads\small boiteux 12_\Boit_1205_2_three.mp4;C:\Users\esthe\Downloads\small boiteux 12_\Boit_1205_3_five.mp4;C:\Users\esthe\Downloads\small boiteux 12_\Boit_1205_4_one.mp4;C:\Users\esthe\Downloads\small boiteux 12_\Boit_1205_5_five.mp4;C:\Users\esthe\Downloads\small boiteux 12_\Boit_1205_6_three.mp4;C:\Users\esthe\Downloads\small boiteux 12_\Boit_1205_7_one.mp4;C:\Users\esthe\Downloads\small boiteux 12_\Boit_1205_8_five.mp4;C:\Users\esthe\Downloads\small boiteux 12_\Boit_1205_9_seven.mp4,0.0,33.361;14.067;14.331;21.564;6.399;8.664;23.761;18.197;19.200;7.900;7.064;10.199;28.898,30.000;30.000;30.000;30.000;30.000;30.000;30.000;30.000;30.000;30.000;30.000;30.000;30.000,Boiteux,jaw movement,,,POINT,84.121,C:\Users\esthe\Downloads\small boiteux 12_\Boit_1205_13_control.mp4,24,NA,
boit_1205,2025-06-05 16:05:44.780,,209.095,Media file(s),player #1:C:\Users\esthe\Downloads\small boiteux 12_\Boi_1205_1_seven.mp4;C:\Users\esthe\Downloads\small boiteux 12_\Boit_1205_10_three.mp4;C:\Users\esthe\Downloads\small boiteux 12_\Boit_1205_11_five.mp4;C:\Users\esthe\Downloads\small boiteux 12_\Boit_1205_12_control.mp4;C:\Users\esthe\Downloads\small boiteux 12_\Boit_1205_13_control.mp4;C:\Users\esthe\Downloads\small boiteux 12_\Boit_1205_2_three.mp4;C:\Users\esthe\Downloads\small boiteux 12_\Boit_1205_3_five.mp4;C:\Users\esthe\Downloads\small boiteux 12_\Boit_1205_4_one.mp4;C:\Users\esthe\Downloads\small boiteux 12_\Boit_1205_5_five.mp4;C:\Users\esthe\Downloads\small boiteux 12_\Boit_1205_6_three.mp4;C:\Users\esthe\Downloads\small boiteux 12_\Boit_1205_7_one.mp4;C:\Users\esthe\Downloads\small boiteux 12_\Boit_1205_8_five.mp4;C:\Users\esthe\Downloads\small boiteux 12_\Boit_1205_9_seven.mp4,0.0,33.361;14.067;14.331;21.564;6.399;8.664;23.761;18.197;19.200;7.900;7.064;10.199;28.898,30.000;30.000;30.000;30.000;30.000;30.000;30.000;30.000;30.000;30.000;30.000;30.000;30.000,Boiteux,licking,,,POINT,84.221,C:\Users\esthe\Downloads\small boiteux 12_\Boit_1205_13_control.mp4,27,NA,
boit_1205,2025-06-05 16:05:44.780,,209.095,Media file(s),player #1:C:\Users\esthe\Downloads\small boiteux 12_\Boi_1205_1_seven.mp4;C:\Users\esthe\Downloads\small boiteux 12_\Boit_1205_10_three.mp4;C:\Users\esthe\Downloads\small boiteux 12_\Boit_1205_11_five.mp4;C:\Users\esthe\Downloads\small boiteux 12_\Boit_1205_12_control.mp4;C:\Users\esthe\Downloads\small boiteux 12_\Boit_1205_13_control.mp4;C:\Users\esthe\Downloads\small boiteux 12_\Boit_1205_2_three.mp4;C:\Users\esthe\Downloads\small boiteux 12_\Boit_1205_3_five.mp4;C:\Users\esthe\Downloads\small boiteux 12_\Boit_1205_4_one.mp4;C:\Users\esthe\Downloads\small boiteux 12_\Boit_1205_5_five.mp4;C:\Users\esthe\Downloads\small boiteux 12_\Boit_1205_6_three.mp4;C:\Users\esthe\Downloads\small boiteux 12_\Boit_1205_7_one.mp4;C:\Users\esthe\Downloads\small boiteux 12_\Boit_1205_8_five.mp4;C:\Users\esthe\Downloads\small boiteux 12_\Boit_1205_9_seven.mp4,0.0,33.361;14.067;14.331;21.564;6.399;8.664;23.761;18.197;19.200;7.900;7.064;10.199;28.898,30.000;30.000;30.000;30.000;30.000;30.000;30.000;30.000;30.000;30.000;30.000;30.000;30.000,Boiteux,ear clapping,,,POINT,84.287,C:\Users\esthe\Downloads\small boiteux 12_\Boit_1205_13_control.mp4,29,NA,
boit_1205,2025-06-05 16:05:44.780,,209.095,Media file(s),player #1:C:\Users\esthe\Downloads\small boiteux 12_\Boi_1205_1_seven.mp4;C:\Users\esthe\Downloads\small boiteux 12_\Boit_1205_10_three.mp4;C:\Users\esthe\Downloads\small boiteux 12_\Boit_1205_11_five.mp4;C:\Users\esthe\Downloads\small boiteux 12_\Boit_1205_12_control.mp4;C:\Users\esthe\Downloads\small boiteux 12_\Boit_1205_13_control.mp4;C:\Users\esthe\Downloads\small boiteux 12_\Boit_1205_2_three.mp4;C:\Users\esthe\Downloads\small boiteux 12_\Boit_1205_3_five.mp4;C:\Users\esthe\Downloads\small boiteux 12_\Boit_1205_4_one.mp4;C:\Users\esthe\Downloads\small boiteux 12_\Boit_1205_5_five.mp4;C:\Users\esthe\Downloads\small boiteux 12_\Boit_1205_6_three.mp4;C:\Users\esthe\Downloads\small boiteux 12_\Boit_1205_7_one.mp4;C:\Users\esthe\Downloads\small boiteux 12_\Boit_1205_8_five.mp4;C:\Users\esthe\Downloads\small boiteux 12_\Boit_1205_9_seven.mp4,0.0,33.361;14.067;14.331;21.564;6.399;8.664;23.761;18.197;19.200;7.900;7.064;10.199;28.898,30.000;30.000;30.000;30.000;30.000;30.000;30.000;30.000;30.000;30.000;30.000;30.000;30.000,Boiteux,translational movement,,,POINT,84.287,C:\Users\esthe\Downloads\small boiteux 12_\Boit_1205_13_control.mp4,29,NA,
boit_1205,2025-06-05 16:05:44.780,,209.095,Media file(s),player #1:C:\Users\esthe\Downloads\small boiteux 12_\Boi_1205_1_seven.mp4;C:\Users\esthe\Downloads\small boiteux 12_\Boit_1205_10_three.mp4;C:\Users\esthe\Downloads\small boiteux 12_\Boit_1205_11_five.mp4;C:\Users\esthe\Downloads\small boiteux 12_\Boit_1205_12_control.mp4;C:\Users\esthe\Downloads\small boiteux 12_\Boit_1205_13_control.mp4;C:\Users\esthe\Downloads\small boiteux 12_\Boit_1205_2_three.mp4;C:\Users\esthe\Downloads\small boiteux 12_\Boit_1205_3_five.mp4;C:\Users\esthe\Downloads\small boiteux 12_\Boit_1205_4_one.mp4;C:\Users\esthe\Downloads\small boiteux 12_\Boit_1205_5_five.mp4;C:\Users\esthe\Downloads\small boiteux 12_\Boit_1205_6_three.mp4;C:\Users\esthe\Downloads\small boiteux 12_\Boit_1205_7_one.mp4;C:\Users\esthe\Downloads\small boiteux 12_\Boit_1205_8_five.mp4;C:\Users\esthe\Downloads\small boiteux 12_\Boit_1205_9_seven.mp4,0.0,33.361;14.067;14.331;21.564;6.399;8.664;23.761;18.197;19.200;7.900;7.064;10.199;28.898,30.000;30.000;30.000;30.000;30.000;30.000;30.000;30.000;30.000;30.000;30.000;30.000;30.000,Boiteux,licking,,,POINT,84.354,C:\Users\esthe\Downloads\small boiteux 12_\Boit_1205_13_control.mp4,31,NA,
boit_1205,2025-06-05 16:05:44.780,,209.095,Media file(s),player #1:C:\Users\esthe\Downloads\small boiteux 12_\Boi_1205_1_seven.mp4;C:\Users\esthe\Downloads\small boiteux 12_\Boit_1205_10_three.mp4;C:\Users\esthe\Downloads\small boiteux 12_\Boit_1205_11_five.mp4;C:\Users\esthe\Downloads\small boiteux 12_\Boit_1205_12_control.mp4;C:\Users\esthe\Downloads\small boiteux 12_\Boit_1205_13_control.mp4;C:\Users\esthe\Downloads\small boiteux 12_\Boit_1205_2_three.mp4;C:\Users\esthe\Downloads\small boiteux 12_\Boit_1205_3_five.mp4;C:\Users\esthe\Downloads\small boiteux 12_\Boit_1205_4_one.mp4;C:\Users\esthe\Downloads\small boiteux 12_\Boit_1205_5_five.mp4;C:\Users\esthe\Downloads\small boiteux 12_\Boit_1205_6_three.mp4;C:\Users\esthe\Downloads\small boiteux 12_\Boit_1205_7_one.mp4;C:\Users\esthe\Downloads\small boiteux 12_\Boit_1205_8_five.mp4;C:\Users\esthe\Downloads\small boiteux 12_\Boit_1205_9_seven.mp4,0.0,33.361;14.067;14.331;21.564;6.399;8.664;23.761;18.197;19.200;7.900;7.064;10.199;28.898,30.000;30.000;30.000;30.000;30.000;30.000;30.000;30.000;30.000;30.000;30.000;30.000;30.000,Boiteux,jaw movement,,,POINT,84.621,C:\Users\esthe\Downloads\small boiteux 12_\Boit_1205_13_control.mp4,39,NA,
boit_1205,2025-06-05 16:05:44.780,,209.095,Media file(s),player #1:C:\Users\esthe\Downloads\small boiteux 12_\Boi_1205_1_seven.mp4;C:\Users\esthe\Downloads\small boiteux 12_\Boit_1205_10_three.mp4;C:\Users\esthe\Downloads\small boiteux 12_\Boit_1205_11_five.mp4;C:\Users\esthe\Downloads\small boiteux 12_\Boit_1205_12_control.mp4;C:\Users\esthe\Downloads\small boiteux 12_\Boit_1205_13_control.mp4;C:\Users\esthe\Downloads\small boiteux 12_\Boit_1205_2_three.mp4;C:\Users\esthe\Downloads\small boiteux 12_\Boit_1205_3_five.mp4;C:\Users\esthe\Downloads\small boiteux 12_\Boit_1205_4_one.mp4;C:\Users\esthe\Downloads\small boiteux 12_\Boit_1205_5_five.mp4;C:\Users\esthe\Downloads\small boiteux 12_\Boit_1205_6_three.mp4;C:\Users\esthe\Downloads\small boiteux 12_\Boit_1205_7_one.mp4;C:\Users\esthe\Downloads\small boiteux 12_\Boit_1205_8_five.mp4;C:\Users\esthe\Downloads\small boiteux 12_\Boit_1205_9_seven.mp4,0.0,33.361;14.067;14.331;21.564;6.399;8.664;23.761;18.197;19.200;7.900;7.064;10.199;28.898,30.000;30.000;30.000;30.000;30.000;30.000;30.000;30.000;30.000;30.000;30.000;30.000;30.000,Boiteux,rotation,,Horizontal,START,84.621,C:\Users\esthe\Downloads\small boiteux 12_\Boit_1205_13_control.mp4,39,NA,
boit_1205,2025-06-05 16:05:44.780,,209.095,Media file(s),player #1:C:\Users\esthe\Downloads\small boiteux 12_\Boi_1205_1_seven.mp4;C:\Users\esthe\Downloads\small boiteux 12_\Boit_1205_10_three.mp4;C:\Users\esthe\Downloads\small boiteux 12_\Boit_1205_11_five.mp4;C:\Users\esthe\Downloads\small boiteux 12_\Boit_1205_12_control.mp4;C:\Users\esthe\Downloads\small boiteux 12_\Boit_1205_13_control.mp4;C:\Users\esthe\Downloads\small boiteux 12_\Boit_1205_2_three.mp4;C:\Users\esthe\Downloads\small boiteux 12_\Boit_1205_3_five.mp4;C:\Users\esthe\Downloads\small boiteux 12_\Boit_1205_4_one.mp4;C:\Users\esthe\Downloads\small boiteux 12_\Boit_1205_5_five.mp4;C:\Users\esthe\Downloads\small boiteux 12_\Boit_1205_6_three.mp4;C:\Users\esthe\Downloads\small boiteux 12_\Boit_1205_7_one.mp4;C:\Users\esthe\Downloads\small boiteux 12_\Boit_1205_8_five.mp4;C:\Users\esthe\Downloads\small boiteux 12_\Boit_1205_9_seven.mp4,0.0,33.361;14.067;14.331;21.564;6.399;8.664;23.761;18.197;19.200;7.900;7.064;10.199;28.898,30.000;30.000;30.000;30.000;30.000;30.000;30.000;30.000;30.000;30.000;30.000;30.000;30.000,Boiteux,rotation,,Horizontal,STOP,84.787,C:\Users\esthe\Downloads\small boiteux 12_\Boit_1205_13_control.mp4,44,NA,
boit_1205,2025-06-05 16:05:44.780,,209.095,Media file(s),player #1:C:\Users\esthe\Downloads\small boiteux 12_\Boi_1205_1_seven.mp4;C:\Users\esthe\Downloads\small boiteux 12_\Boit_1205_10_three.mp4;C:\Users\esthe\Downloads\small boiteux 12_\Boit_1205_11_five.mp4;C:\Users\esthe\Downloads\small boiteux 12_\Boit_1205_12_control.mp4;C:\Users\esthe\Downloads\small boiteux 12_\Boit_1205_13_control.mp4;C:\Users\esthe\Downloads\small boiteux 12_\Boit_1205_2_three.mp4;C:\Users\esthe\Downloads\small boiteux 12_\Boit_1205_3_five.mp4;C:\Users\esthe\Downloads\small boiteux 12_\Boit_1205_4_one.mp4;C:\Users\esthe\Downloads\small boiteux 12_\Boit_1205_5_five.mp4;C:\Users\esthe\Downloads\small boiteux 12_\Boit_1205_6_three.mp4;C:\Users\esthe\Downloads\small boiteux 12_\Boit_1205_7_one.mp4;C:\Users\esthe\Downloads\small boiteux 12_\Boit_1205_8_five.mp4;C:\Users\esthe\Downloads\small boiteux 12_\Boit_1205_9_seven.mp4,0.0,33.361;14.067;14.331;21.564;6.399;8.664;23.761;18.197;19.200;7.900;7.064;10.199;28.898,30.000;30.000;30.000;30.000;30.000;30.000;30.000;30.000;30.000;30.000;30.000;30.000;30.000,Boiteux,licking,,,POINT,84.821,C:\Users\esthe\Downloads\small boiteux 12_\Boit_1205_13_control.mp4,45,NA,
boit_1205,2025-06-05 16:05:44.780,,209.095,Media file(s),player #1:C:\Users\esthe\Downloads\small boiteux 12_\Boi_1205_1_seven.mp4;C:\Users\esthe\Downloads\small boiteux 12_\Boit_1205_10_three.mp4;C:\Users\esthe\Downloads\small boiteux 12_\Boit_1205_11_five.mp4;C:\Users\esthe\Downloads\small boiteux 12_\Boit_1205_12_control.mp4;C:\Users\esthe\Downloads\small boiteux 12_\Boit_1205_13_control.mp4;C:\Users\esthe\Downloads\small boiteux 12_\Boit_1205_2_three.mp4;C:\Users\esthe\Downloads\small boiteux 12_\Boit_1205_3_five.mp4;C:\Users\esthe\Downloads\small boiteux 12_\Boit_1205_4_one.mp4;C:\Users\esthe\Downloads\small boiteux 12_\Boit_1205_5_five.mp4;C:\Users\esthe\Downloads\small boiteux 12_\Boit_1205_6_three.mp4;C:\Users\esthe\Downloads\small boiteux 12_\Boit_1205_7_one.mp4;C:\Users\esthe\Downloads\small boiteux 12_\Boit_1205_8_five.mp4;C:\Users\esthe\Downloads\small boiteux 12_\Boit_1205_9_seven.mp4,0.0,33.361;14.067;14.331;21.564;6.399;8.664;23.761;18.197;19.200;7.900;7.064;10.199;28.898,30.000;30.000;30.000;30.000;30.000;30.000;30.000;30.000;30.000;30.000;30.000;30.000;30.000,Boiteux,sniffing,,,POINT,84.954,C:\Users\esthe\Downloads\small boiteux 12_\Boit_1205_13_control.mp4,49,NA,
boit_1205,2025-06-05 16:05:44.780,,209.095,Media file(s),player #1:C:\Users\esthe\Downloads\small boiteux 12_\Boi_1205_1_seven.mp4;C:\Users\esthe\Downloads\small boiteux 12_\Boit_1205_10_three.mp4;C:\Users\esthe\Downloads\small boiteux 12_\Boit_1205_11_five.mp4;C:\Users\esthe\Downloads\small boiteux 12_\Boit_1205_12_control.mp4;C:\Users\esthe\Downloads\small boiteux 12_\Boit_1205_13_control.mp4;C:\Users\esthe\Downloads\small boiteux 12_\Boit_1205_2_three.mp4;C:\Users\esthe\Downloads\small boiteux 12_\Boit_1205_3_five.mp4;C:\Users\esthe\Downloads\small boiteux 12_\Boit_1205_4_one.mp4;C:\Users\esthe\Downloads\small boiteux 12_\Boit_1205_5_five.mp4;C:\Users\esthe\Downloads\small boiteux 12_\Boit_1205_6_three.mp4;C:\Users\esthe\Downloads\small boiteux 12_\Boit_1205_7_one.mp4;C:\Users\esthe\Downloads\small boiteux 12_\Boit_1205_8_five.mp4;C:\Users\esthe\Downloads\small boiteux 12_\Boit_1205_9_seven.mp4,0.0,33.361;14.067;14.331;21.564;6.399;8.664;23.761;18.197;19.200;7.900;7.064;10.199;28.898,30.000;30.000;30.000;30.000;30.000;30.000;30.000;30.000;30.000;30.000;30.000;30.000;30.000,Boiteux,jaw movement,,,POINT,85.154,C:\Users\esthe\Downloads\small boiteux 12_\Boit_1205_13_control.mp4,55,NA,
boit_1205,2025-06-05 16:05:44.780,,209.095,Media file(s),player #1:C:\Users\esthe\Downloads\small boiteux 12_\Boi_1205_1_seven.mp4;C:\Users\esthe\Downloads\small boiteux 12_\Boit_1205_10_three.mp4;C:\Users\esthe\Downloads\small boiteux 12_\Boit_1205_11_five.mp4;C:\Users\esthe\Downloads\small boiteux 12_\Boit_1205_12_control.mp4;C:\Users\esthe\Downloads\small boiteux 12_\Boit_1205_13_control.mp4;C:\Users\esthe\Downloads\small boiteux 12_\Boit_1205_2_three.mp4;C:\Users\esthe\Downloads\small boiteux 12_\Boit_1205_3_five.mp4;C:\Users\esthe\Downloads\small boiteux 12_\Boit_1205_4_one.mp4;C:\Users\esthe\Downloads\small boiteux 12_\Boit_1205_5_five.mp4;C:\Users\esthe\Downloads\small boiteux 12_\Boit_1205_6_three.mp4;C:\Users\esthe\Downloads\small boiteux 12_\Boit_1205_7_one.mp4;C:\Users\esthe\Downloads\small boiteux 12_\Boit_1205_8_five.mp4;C:\Users\esthe\Downloads\small boiteux 12_\Boit_1205_9_seven.mp4,0.0,33.361;14.067;14.331;21.564;6.399;8.664;23.761;18.197;19.200;7.900;7.064;10.199;28.898,30.000;30.000;30.000;30.000;30.000;30.000;30.000;30.000;30.000;30.000;30.000;30.000;30.000,Boiteux,mouth,,,POINT,85.287,C:\Users\esthe\Downloads\small boiteux 12_\Boit_1205_13_control.mp4,59,NA,
boit_1205,2025-06-05 16:05:44.780,,209.095,Media file(s),player #1:C:\Users\esthe\Downloads\small boiteux 12_\Boi_1205_1_seven.mp4;C:\Users\esthe\Downloads\small boiteux 12_\Boit_1205_10_three.mp4;C:\Users\esthe\Downloads\small boiteux 12_\Boit_1205_11_five.mp4;C:\Users\esthe\Downloads\small boiteux 12_\Boit_1205_12_control.mp4;C:\Users\esthe\Downloads\small boiteux 12_\Boit_1205_13_control.mp4;C:\Users\esthe\Downloads\small boiteux 12_\Boit_1205_2_three.mp4;C:\Users\esthe\Downloads\small boiteux 12_\Boit_1205_3_five.mp4;C:\Users\esthe\Downloads\small boiteux 12_\Boit_1205_4_one.mp4;C:\Users\esthe\Downloads\small boiteux 12_\Boit_1205_5_five.mp4;C:\Users\esthe\Downloads\small boiteux 12_\Boit_1205_6_three.mp4;C:\Users\esthe\Downloads\small boiteux 12_\Boit_1205_7_one.mp4;C:\Users\esthe\Downloads\small boiteux 12_\Boit_1205_8_five.mp4;C:\Users\esthe\Downloads\small boiteux 12_\Boit_1205_9_seven.mp4,0.0,33.361;14.067;14.331;21.564;6.399;8.664;23.761;18.197;19.200;7.900;7.064;10.199;28.898,30.000;30.000;30.000;30.000;30.000;30.000;30.000;30.000;30.000;30.000;30.000;30.000;30.000,Boiteux,assessing,,,STOP,85.487,C:\Users\esthe\Downloads\small boiteux 12_\Boit_1205_13_control.mp4,65,NA,
boit_1205,2025-06-05 16:05:44.780,,209.095,Media file(s),player #1:C:\Users\esthe\Downloads\small boiteux 12_\Boi_1205_1_seven.mp4;C:\Users\esthe\Downloads\small boiteux 12_\Boit_1205_10_three.mp4;C:\Users\esthe\Downloads\small boiteux 12_\Boit_1205_11_five.mp4;C:\Users\esthe\Downloads\small boiteux 12_\Boit_1205_12_control.mp4;C:\Users\esthe\Downloads\small boiteux 12_\Boit_1205_13_control.mp4;C:\Users\esthe\Downloads\small boiteux 12_\Boit_1205_2_three.mp4;C:\Users\esthe\Downloads\small boiteux 12_\Boit_1205_3_five.mp4;C:\Users\esthe\Downloads\small boiteux 12_\Boit_1205_4_one.mp4;C:\Users\esthe\Downloads\small boiteux 12_\Boit_1205_5_five.mp4;C:\Users\esthe\Downloads\small boiteux 12_\Boit_1205_6_three.mp4;C:\Users\esthe\Downloads\small boiteux 12_\Boit_1205_7_one.mp4;C:\Users\esthe\Downloads\small boiteux 12_\Boit_1205_8_five.mp4;C:\Users\esthe\Downloads\small boiteux 12_\Boit_1205_9_seven.mp4,0.0,33.361;14.067;14.331;21.564;6.399;8.664;23.761;18.197;19.200;7.900;7.064;10.199;28.898,30.000;30.000;30.000;30.000;30.000;30.000;30.000;30.000;30.000;30.000;30.000;30.000;30.000,Boiteux,ear clapping,,,POINT,85.521,C:\Users\esthe\Downloads\small boiteux 12_\Boit_1205_13_control.mp4,66,NA,
boit_1205,2025-06-05 16:05:44.780,,209.095,Media file(s),player #1:C:\Users\esthe\Downloads\small boiteux 12_\Boi_1205_1_seven.mp4;C:\Users\esthe\Downloads\small boiteux 12_\Boit_1205_10_three.mp4;C:\Users\esthe\Downloads\small boiteux 12_\Boit_1205_11_five.mp4;C:\Users\esthe\Downloads\small boiteux 12_\Boit_1205_12_control.mp4;C:\Users\esthe\Downloads\small boiteux 12_\Boit_1205_13_control.mp4;C:\Users\esthe\Downloads\small boiteux 12_\Boit_1205_2_three.mp4;C:\Users\esthe\Downloads\small boiteux 12_\Boit_1205_3_five.mp4;C:\Users\esthe\Downloads\small boiteux 12_\Boit_1205_4_one.mp4;C:\Users\esthe\Downloads\small boiteux 12_\Boit_1205_5_five.mp4;C:\Users\esthe\Downloads\small boiteux 12_\Boit_1205_6_three.mp4;C:\Users\esthe\Downloads\small boiteux 12_\Boit_1205_7_one.mp4;C:\Users\esthe\Downloads\small boiteux 12_\Boit_1205_8_five.mp4;C:\Users\esthe\Downloads\small boiteux 12_\Boit_1205_9_seven.mp4,0.0,33.361;14.067;14.331;21.564;6.399;8.664;23.761;18.197;19.200;7.900;7.064;10.199;28.898,30.000;30.000;30.000;30.000;30.000;30.000;30.000;30.000;30.000;30.000;30.000;30.000;30.000,Boiteux,target,,,START,85.821,C:\Users\esthe\Downloads\small boiteux 12_\Boit_1205_13_control.mp4,75,NA,
boit_1205,2025-06-05 16:05:44.780,,209.095,Media file(s),player #1:C:\Users\esthe\Downloads\small boiteux 12_\Boi_1205_1_seven.mp4;C:\Users\esthe\Downloads\small boiteux 12_\Boit_1205_10_three.mp4;C:\Users\esthe\Downloads\small boiteux 12_\Boit_1205_11_five.mp4;C:\Users\esthe\Downloads\small boiteux 12_\Boit_1205_12_control.mp4;C:\Users\esthe\Downloads\small boiteux 12_\Boit_1205_13_control.mp4;C:\Users\esthe\Downloads\small boiteux 12_\Boit_1205_2_three.mp4;C:\Users\esthe\Downloads\small boiteux 12_\Boit_1205_3_five.mp4;C:\Users\esthe\Downloads\small boiteux 12_\Boit_1205_4_one.mp4;C:\Users\esthe\Downloads\small boiteux 12_\Boit_1205_5_five.mp4;C:\Users\esthe\Downloads\small boiteux 12_\Boit_1205_6_three.mp4;C:\Users\esthe\Downloads\small boiteux 12_\Boit_1205_7_one.mp4;C:\Users\esthe\Downloads\small boiteux 12_\Boit_1205_8_five.mp4;C:\Users\esthe\Downloads\small boiteux 12_\Boit_1205_9_seven.mp4,0.0,33.361;14.067;14.331;21.564;6.399;8.664;23.761;18.197;19.200;7.900;7.064;10.199;28.898,30.000;30.000;30.000;30.000;30.000;30.000;30.000;30.000;30.000;30.000;30.000;30.000;30.000,Boiteux,target,,,STOP,89.587,C:\Users\esthe\Downloads\small boiteux 12_\Boit_1205_13_control.mp4,188,NA,
boit_1205,2025-06-05 16:05:44.780,,209.095,Media file(s),player #1:C:\Users\esthe\Downloads\small boiteux 12_\Boi_1205_1_seven.mp4;C:\Users\esthe\Downloads\small boiteux 12_\Boit_1205_10_three.mp4;C:\Users\esthe\Downloads\small boiteux 12_\Boit_1205_11_five.mp4;C:\Users\esthe\Downloads\small boiteux 12_\Boit_1205_12_control.mp4;C:\Users\esthe\Downloads\small boiteux 12_\Boit_1205_13_control.mp4;C:\Users\esthe\Downloads\small boiteux 12_\Boit_1205_2_three.mp4;C:\Users\esthe\Downloads\small boiteux 12_\Boit_1205_3_five.mp4;C:\Users\esthe\Downloads\small boiteux 12_\Boit_1205_4_one.mp4;C:\Users\esthe\Downloads\small boiteux 12_\Boit_1205_5_five.mp4;C:\Users\esthe\Downloads\small boiteux 12_\Boit_1205_6_three.mp4;C:\Users\esthe\Downloads\small boiteux 12_\Boit_1205_7_one.mp4;C:\Users\esthe\Downloads\small boiteux 12_\Boit_1205_8_five.mp4;C:\Users\esthe\Downloads\small boiteux 12_\Boit_1205_9_seven.mp4,0.0,33.361;14.067;14.331;21.564;6.399;8.664;23.761;18.197;19.200;7.900;7.064;10.199;28.898,30.000;30.000;30.000;30.000;30.000;30.000;30.000;30.000;30.000;30.000;30.000;30.000;30.000,Boiteux,bending,,,START,89.920,C:\Users\esthe\Downloads\small boiteux 12_\Boit_1205_2_three.mp4,6,NA,
boit_1205,2025-06-05 16:05:44.780,,209.095,Media file(s),player #1:C:\Users\esthe\Downloads\small boiteux 12_\Boi_1205_1_seven.mp4;C:\Users\esthe\Downloads\small boiteux 12_\Boit_1205_10_three.mp4;C:\Users\esthe\Downloads\small boiteux 12_\Boit_1205_11_five.mp4;C:\Users\esthe\Downloads\small boiteux 12_\Boit_1205_12_control.mp4;C:\Users\esthe\Downloads\small boiteux 12_\Boit_1205_13_control.mp4;C:\Users\esthe\Downloads\small boiteux 12_\Boit_1205_2_three.mp4;C:\Users\esthe\Downloads\small boiteux 12_\Boit_1205_3_five.mp4;C:\Users\esthe\Downloads\small boiteux 12_\Boit_1205_4_one.mp4;C:\Users\esthe\Downloads\small boiteux 12_\Boit_1205_5_five.mp4;C:\Users\esthe\Downloads\small boiteux 12_\Boit_1205_6_three.mp4;C:\Users\esthe\Downloads\small boiteux 12_\Boit_1205_7_one.mp4;C:\Users\esthe\Downloads\small boiteux 12_\Boit_1205_8_five.mp4;C:\Users\esthe\Downloads\small boiteux 12_\Boit_1205_9_seven.mp4,0.0,33.361;14.067;14.331;21.564;6.399;8.664;23.761;18.197;19.200;7.900;7.064;10.199;28.898,30.000;30.000;30.000;30.000;30.000;30.000;30.000;30.000;30.000;30.000;30.000;30.000;30.000,Boiteux,grabbing peanut,,,POINT,90.587,C:\Users\esthe\Downloads\small boiteux 12_\Boit_1205_2_three.mp4,26,NA,
boit_1205,2025-06-05 16:05:44.780,,209.095,Media file(s),player #1:C:\Users\esthe\Downloads\small boiteux 12_\Boi_1205_1_seven.mp4;C:\Users\esthe\Downloads\small boiteux 12_\Boit_1205_10_three.mp4;C:\Users\esthe\Downloads\small boiteux 12_\Boit_1205_11_five.mp4;C:\Users\esthe\Downloads\small boiteux 12_\Boit_1205_12_control.mp4;C:\Users\esthe\Downloads\small boiteux 12_\Boit_1205_13_control.mp4;C:\Users\esthe\Downloads\small boiteux 12_\Boit_1205_2_three.mp4;C:\Users\esthe\Downloads\small boiteux 12_\Boit_1205_3_five.mp4;C:\Users\esthe\Downloads\small boiteux 12_\Boit_1205_4_one.mp4;C:\Users\esthe\Downloads\small boiteux 12_\Boit_1205_5_five.mp4;C:\Users\esthe\Downloads\small boiteux 12_\Boit_1205_6_three.mp4;C:\Users\esthe\Downloads\small boiteux 12_\Boit_1205_7_one.mp4;C:\Users\esthe\Downloads\small boiteux 12_\Boit_1205_8_five.mp4;C:\Users\esthe\Downloads\small boiteux 12_\Boit_1205_9_seven.mp4,0.0,33.361;14.067;14.331;21.564;6.399;8.664;23.761;18.197;19.200;7.900;7.064;10.199;28.898,30.000;30.000;30.000;30.000;30.000;30.000;30.000;30.000;30.000;30.000;30.000;30.000;30.000,Boiteux,bending,,,STOP,90.620,C:\Users\esthe\Downloads\small boiteux 12_\Boit_1205_2_three.mp4,27,NA,
boit_1205,2025-06-05 16:05:44.780,,209.095,Media file(s),player #1:C:\Users\esthe\Downloads\small boiteux 12_\Boi_1205_1_seven.mp4;C:\Users\esthe\Downloads\small boiteux 12_\Boit_1205_10_three.mp4;C:\Users\esthe\Downloads\small boiteux 12_\Boit_1205_11_five.mp4;C:\Users\esthe\Downloads\small boiteux 12_\Boit_1205_12_control.mp4;C:\Users\esthe\Downloads\small boiteux 12_\Boit_1205_13_control.mp4;C:\Users\esthe\Downloads\small boiteux 12_\Boit_1205_2_three.mp4;C:\Users\esthe\Downloads\small boiteux 12_\Boit_1205_3_five.mp4;C:\Users\esthe\Downloads\small boiteux 12_\Boit_1205_4_one.mp4;C:\Users\esthe\Downloads\small boiteux 12_\Boit_1205_5_five.mp4;C:\Users\esthe\Downloads\small boiteux 12_\Boit_1205_6_three.mp4;C:\Users\esthe\Downloads\small boiteux 12_\Boit_1205_7_one.mp4;C:\Users\esthe\Downloads\small boiteux 12_\Boit_1205_8_five.mp4;C:\Users\esthe\Downloads\small boiteux 12_\Boit_1205_9_seven.mp4,0.0,33.361;14.067;14.331;21.564;6.399;8.664;23.761;18.197;19.200;7.900;7.064;10.199;28.898,30.000;30.000;30.000;30.000;30.000;30.000;30.000;30.000;30.000;30.000;30.000;30.000;30.000,Boiteux,lifting,,,START,90.620,C:\Users\esthe\Downloads\small boiteux 12_\Boit_1205_2_three.mp4,27,NA,
boit_1205,2025-06-05 16:05:44.780,,209.095,Media file(s),player #1:C:\Users\esthe\Downloads\small boiteux 12_\Boi_1205_1_seven.mp4;C:\Users\esthe\Downloads\small boiteux 12_\Boit_1205_10_three.mp4;C:\Users\esthe\Downloads\small boiteux 12_\Boit_1205_11_five.mp4;C:\Users\esthe\Downloads\small boiteux 12_\Boit_1205_12_control.mp4;C:\Users\esthe\Downloads\small boiteux 12_\Boit_1205_13_control.mp4;C:\Users\esthe\Downloads\small boiteux 12_\Boit_1205_2_three.mp4;C:\Users\esthe\Downloads\small boiteux 12_\Boit_1205_3_five.mp4;C:\Users\esthe\Downloads\small boiteux 12_\Boit_1205_4_one.mp4;C:\Users\esthe\Downloads\small boiteux 12_\Boit_1205_5_five.mp4;C:\Users\esthe\Downloads\small boiteux 12_\Boit_1205_6_three.mp4;C:\Users\esthe\Downloads\small boiteux 12_\Boit_1205_7_one.mp4;C:\Users\esthe\Downloads\small boiteux 12_\Boit_1205_8_five.mp4;C:\Users\esthe\Downloads\small boiteux 12_\Boit_1205_9_seven.mp4,0.0,33.361;14.067;14.331;21.564;6.399;8.664;23.761;18.197;19.200;7.900;7.064;10.199;28.898,30.000;30.000;30.000;30.000;30.000;30.000;30.000;30.000;30.000;30.000;30.000;30.000;30.000,Boiteux,lifting,,,STOP,90.850,C:\Users\esthe\Downloads\small boiteux 12_\Boit_1205_2_three.mp4,34,NA,
boit_1205,2025-06-05 16:05:44.780,,209.095,Media file(s),player #1:C:\Users\esthe\Downloads\small boiteux 12_\Boi_1205_1_seven.mp4;C:\Users\esthe\Downloads\small boiteux 12_\Boit_1205_10_three.mp4;C:\Users\esthe\Downloads\small boiteux 12_\Boit_1205_11_five.mp4;C:\Users\esthe\Downloads\small boiteux 12_\Boit_1205_12_control.mp4;C:\Users\esthe\Downloads\small boiteux 12_\Boit_1205_13_control.mp4;C:\Users\esthe\Downloads\small boiteux 12_\Boit_1205_2_three.mp4;C:\Users\esthe\Downloads\small boiteux 12_\Boit_1205_3_five.mp4;C:\Users\esthe\Downloads\small boiteux 12_\Boit_1205_4_one.mp4;C:\Users\esthe\Downloads\small boiteux 12_\Boit_1205_5_five.mp4;C:\Users\esthe\Downloads\small boiteux 12_\Boit_1205_6_three.mp4;C:\Users\esthe\Downloads\small boiteux 12_\Boit_1205_7_one.mp4;C:\Users\esthe\Downloads\small boiteux 12_\Boit_1205_8_five.mp4;C:\Users\esthe\Downloads\small boiteux 12_\Boit_1205_9_seven.mp4,0.0,33.361;14.067;14.331;21.564;6.399;8.664;23.761;18.197;19.200;7.900;7.064;10.199;28.898,30.000;30.000;30.000;30.000;30.000;30.000;30.000;30.000;30.000;30.000;30.000;30.000;30.000,Boiteux,assessing,,,START,90.983,C:\Users\esthe\Downloads\small boiteux 12_\Boit_1205_2_three.mp4,38,NA,
boit_1205,2025-06-05 16:05:44.780,,209.095,Media file(s),player #1:C:\Users\esthe\Downloads\small boiteux 12_\Boi_1205_1_seven.mp4;C:\Users\esthe\Downloads\small boiteux 12_\Boit_1205_10_three.mp4;C:\Users\esthe\Downloads\small boiteux 12_\Boit_1205_11_five.mp4;C:\Users\esthe\Downloads\small boiteux 12_\Boit_1205_12_control.mp4;C:\Users\esthe\Downloads\small boiteux 12_\Boit_1205_13_control.mp4;C:\Users\esthe\Downloads\small boiteux 12_\Boit_1205_2_three.mp4;C:\Users\esthe\Downloads\small boiteux 12_\Boit_1205_3_five.mp4;C:\Users\esthe\Downloads\small boiteux 12_\Boit_1205_4_one.mp4;C:\Users\esthe\Downloads\small boiteux 12_\Boit_1205_5_five.mp4;C:\Users\esthe\Downloads\small boiteux 12_\Boit_1205_6_three.mp4;C:\Users\esthe\Downloads\small boiteux 12_\Boit_1205_7_one.mp4;C:\Users\esthe\Downloads\small boiteux 12_\Boit_1205_8_five.mp4;C:\Users\esthe\Downloads\small boiteux 12_\Boit_1205_9_seven.mp4,0.0,33.361;14.067;14.331;21.564;6.399;8.664;23.761;18.197;19.200;7.900;7.064;10.199;28.898,30.000;30.000;30.000;30.000;30.000;30.000;30.000;30.000;30.000;30.000;30.000;30.000;30.000,Boiteux,jaw movement,,,POINT,91.050,C:\Users\esthe\Downloads\small boiteux 12_\Boit_1205_2_three.mp4,40,NA,
boit_1205,2025-06-05 16:05:44.780,,209.095,Media file(s),player #1:C:\Users\esthe\Downloads\small boiteux 12_\Boi_1205_1_seven.mp4;C:\Users\esthe\Downloads\small boiteux 12_\Boit_1205_10_three.mp4;C:\Users\esthe\Downloads\small boiteux 12_\Boit_1205_11_five.mp4;C:\Users\esthe\Downloads\small boiteux 12_\Boit_1205_12_control.mp4;C:\Users\esthe\Downloads\small boiteux 12_\Boit_1205_13_control.mp4;C:\Users\esthe\Downloads\small boiteux 12_\Boit_1205_2_three.mp4;C:\Users\esthe\Downloads\small boiteux 12_\Boit_1205_3_five.mp4;C:\Users\esthe\Downloads\small boiteux 12_\Boit_1205_4_one.mp4;C:\Users\esthe\Downloads\small boiteux 12_\Boit_1205_5_five.mp4;C:\Users\esthe\Downloads\small boiteux 12_\Boit_1205_6_three.mp4;C:\Users\esthe\Downloads\small boiteux 12_\Boit_1205_7_one.mp4;C:\Users\esthe\Downloads\small boiteux 12_\Boit_1205_8_five.mp4;C:\Users\esthe\Downloads\small boiteux 12_\Boit_1205_9_seven.mp4,0.0,33.361;14.067;14.331;21.564;6.399;8.664;23.761;18.197;19.200;7.900;7.064;10.199;28.898,30.000;30.000;30.000;30.000;30.000;30.000;30.000;30.000;30.000;30.000;30.000;30.000;30.000,Boiteux,licking,,,POINT,91.083,C:\Users\esthe\Downloads\small boiteux 12_\Boit_1205_2_three.mp4,41,NA,
boit_1205,2025-06-05 16:05:44.780,,209.095,Media file(s),player #1:C:\Users\esthe\Downloads\small boiteux 12_\Boi_1205_1_seven.mp4;C:\Users\esthe\Downloads\small boiteux 12_\Boit_1205_10_three.mp4;C:\Users\esthe\Downloads\small boiteux 12_\Boit_1205_11_five.mp4;C:\Users\esthe\Downloads\small boiteux 12_\Boit_1205_12_control.mp4;C:\Users\esthe\Downloads\small boiteux 12_\Boit_1205_13_control.mp4;C:\Users\esthe\Downloads\small boiteux 12_\Boit_1205_2_three.mp4;C:\Users\esthe\Downloads\small boiteux 12_\Boit_1205_3_five.mp4;C:\Users\esthe\Downloads\small boiteux 12_\Boit_1205_4_one.mp4;C:\Users\esthe\Downloads\small boiteux 12_\Boit_1205_5_five.mp4;C:\Users\esthe\Downloads\small boiteux 12_\Boit_1205_6_three.mp4;C:\Users\esthe\Downloads\small boiteux 12_\Boit_1205_7_one.mp4;C:\Users\esthe\Downloads\small boiteux 12_\Boit_1205_8_five.mp4;C:\Users\esthe\Downloads\small boiteux 12_\Boit_1205_9_seven.mp4,0.0,33.361;14.067;14.331;21.564;6.399;8.664;23.761;18.197;19.200;7.900;7.064;10.199;28.898,30.000;30.000;30.000;30.000;30.000;30.000;30.000;30.000;30.000;30.000;30.000;30.000;30.000,Boiteux,licking,,,POINT,91.316,C:\Users\esthe\Downloads\small boiteux 12_\Boit_1205_2_three.mp4,48,NA,
boit_1205,2025-06-05 16:05:44.780,,209.095,Media file(s),player #1:C:\Users\esthe\Downloads\small boiteux 12_\Boi_1205_1_seven.mp4;C:\Users\esthe\Downloads\small boiteux 12_\Boit_1205_10_three.mp4;C:\Users\esthe\Downloads\small boiteux 12_\Boit_1205_11_five.mp4;C:\Users\esthe\Downloads\small boiteux 12_\Boit_1205_12_control.mp4;C:\Users\esthe\Downloads\small boiteux 12_\Boit_1205_13_control.mp4;C:\Users\esthe\Downloads\small boiteux 12_\Boit_1205_2_three.mp4;C:\Users\esthe\Downloads\small boiteux 12_\Boit_1205_3_five.mp4;C:\Users\esthe\Downloads\small boiteux 12_\Boit_1205_4_one.mp4;C:\Users\esthe\Downloads\small boiteux 12_\Boit_1205_5_five.mp4;C:\Users\esthe\Downloads\small boiteux 12_\Boit_1205_6_three.mp4;C:\Users\esthe\Downloads\small boiteux 12_\Boit_1205_7_one.mp4;C:\Users\esthe\Downloads\small boiteux 12_\Boit_1205_8_five.mp4;C:\Users\esthe\Downloads\small boiteux 12_\Boit_1205_9_seven.mp4,0.0,33.361;14.067;14.331;21.564;6.399;8.664;23.761;18.197;19.200;7.900;7.064;10.199;28.898,30.000;30.000;30.000;30.000;30.000;30.000;30.000;30.000;30.000;30.000;30.000;30.000;30.000,Boiteux,rotation,,Vertical,START,91.350,C:\Users\esthe\Downloads\small boiteux 12_\Boit_1205_2_three.mp4,49,NA,
boit_1205,2025-06-05 16:05:44.780,,209.095,Media file(s),player #1:C:\Users\esthe\Downloads\small boiteux 12_\Boi_1205_1_seven.mp4;C:\Users\esthe\Downloads\small boiteux 12_\Boit_1205_10_three.mp4;C:\Users\esthe\Downloads\small boiteux 12_\Boit_1205_11_five.mp4;C:\Users\esthe\Downloads\small boiteux 12_\Boit_1205_12_control.mp4;C:\Users\esthe\Downloads\small boiteux 12_\Boit_1205_13_control.mp4;C:\Users\esthe\Downloads\small boiteux 12_\Boit_1205_2_three.mp4;C:\Users\esthe\Downloads\small boiteux 12_\Boit_1205_3_five.mp4;C:\Users\esthe\Downloads\small boiteux 12_\Boit_1205_4_one.mp4;C:\Users\esthe\Downloads\small boiteux 12_\Boit_1205_5_five.mp4;C:\Users\esthe\Downloads\small boiteux 12_\Boit_1205_6_three.mp4;C:\Users\esthe\Downloads\small boiteux 12_\Boit_1205_7_one.mp4;C:\Users\esthe\Downloads\small boiteux 12_\Boit_1205_8_five.mp4;C:\Users\esthe\Downloads\small boiteux 12_\Boit_1205_9_seven.mp4,0.0,33.361;14.067;14.331;21.564;6.399;8.664;23.761;18.197;19.200;7.900;7.064;10.199;28.898,30.000;30.000;30.000;30.000;30.000;30.000;30.000;30.000;30.000;30.000;30.000;30.000;30.000,Boiteux,licking,,,POINT,91.616,C:\Users\esthe\Downloads\small boiteux 12_\Boit_1205_2_three.mp4,57,NA,
boit_1205,2025-06-05 16:05:44.780,,209.095,Media file(s),player #1:C:\Users\esthe\Downloads\small boiteux 12_\Boi_1205_1_seven.mp4;C:\Users\esthe\Downloads\small boiteux 12_\Boit_1205_10_three.mp4;C:\Users\esthe\Downloads\small boiteux 12_\Boit_1205_11_five.mp4;C:\Users\esthe\Downloads\small boiteux 12_\Boit_1205_12_control.mp4;C:\Users\esthe\Downloads\small boiteux 12_\Boit_1205_13_control.mp4;C:\Users\esthe\Downloads\small boiteux 12_\Boit_1205_2_three.mp4;C:\Users\esthe\Downloads\small boiteux 12_\Boit_1205_3_five.mp4;C:\Users\esthe\Downloads\small boiteux 12_\Boit_1205_4_one.mp4;C:\Users\esthe\Downloads\small boiteux 12_\Boit_1205_5_five.mp4;C:\Users\esthe\Downloads\small boiteux 12_\Boit_1205_6_three.mp4;C:\Users\esthe\Downloads\small boiteux 12_\Boit_1205_7_one.mp4;C:\Users\esthe\Downloads\small boiteux 12_\Boit_1205_8_five.mp4;C:\Users\esthe\Downloads\small boiteux 12_\Boit_1205_9_seven.mp4,0.0,33.361;14.067;14.331;21.564;6.399;8.664;23.761;18.197;19.200;7.900;7.064;10.199;28.898,30.000;30.000;30.000;30.000;30.000;30.000;30.000;30.000;30.000;30.000;30.000;30.000;30.000,Boiteux,rotation,,Vertical,STOP,91.616,C:\Users\esthe\Downloads\small boiteux 12_\Boit_1205_2_three.mp4,57,NA,
boit_1205,2025-06-05 16:05:44.780,,209.095,Media file(s),player #1:C:\Users\esthe\Downloads\small boiteux 12_\Boi_1205_1_seven.mp4;C:\Users\esthe\Downloads\small boiteux 12_\Boit_1205_10_three.mp4;C:\Users\esthe\Downloads\small boiteux 12_\Boit_1205_11_five.mp4;C:\Users\esthe\Downloads\small boiteux 12_\Boit_1205_12_control.mp4;C:\Users\esthe\Downloads\small boiteux 12_\Boit_1205_13_control.mp4;C:\Users\esthe\Downloads\small boiteux 12_\Boit_1205_2_three.mp4;C:\Users\esthe\Downloads\small boiteux 12_\Boit_1205_3_five.mp4;C:\Users\esthe\Downloads\small boiteux 12_\Boit_1205_4_one.mp4;C:\Users\esthe\Downloads\small boiteux 12_\Boit_1205_5_five.mp4;C:\Users\esthe\Downloads\small boiteux 12_\Boit_1205_6_three.mp4;C:\Users\esthe\Downloads\small boiteux 12_\Boit_1205_7_one.mp4;C:\Users\esthe\Downloads\small boiteux 12_\Boit_1205_8_five.mp4;C:\Users\esthe\Downloads\small boiteux 12_\Boit_1205_9_seven.mp4,0.0,33.361;14.067;14.331;21.564;6.399;8.664;23.761;18.197;19.200;7.900;7.064;10.199;28.898,30.000;30.000;30.000;30.000;30.000;30.000;30.000;30.000;30.000;30.000;30.000;30.000;30.000,Boiteux,licking,,,POINT,91.683,C:\Users\esthe\Downloads\small boiteux 12_\Boit_1205_2_three.mp4,59,NA,
boit_1205,2025-06-05 16:05:44.780,,209.095,Media file(s),player #1:C:\Users\esthe\Downloads\small boiteux 12_\Boi_1205_1_seven.mp4;C:\Users\esthe\Downloads\small boiteux 12_\Boit_1205_10_three.mp4;C:\Users\esthe\Downloads\small boiteux 12_\Boit_1205_11_five.mp4;C:\Users\esthe\Downloads\small boiteux 12_\Boit_1205_12_control.mp4;C:\Users\esthe\Downloads\small boiteux 12_\Boit_1205_13_control.mp4;C:\Users\esthe\Downloads\small boiteux 12_\Boit_1205_2_three.mp4;C:\Users\esthe\Downloads\small boiteux 12_\Boit_1205_3_five.mp4;C:\Users\esthe\Downloads\small boiteux 12_\Boit_1205_4_one.mp4;C:\Users\esthe\Downloads\small boiteux 12_\Boit_1205_5_five.mp4;C:\Users\esthe\Downloads\small boiteux 12_\Boit_1205_6_three.mp4;C:\Users\esthe\Downloads\small boiteux 12_\Boit_1205_7_one.mp4;C:\Users\esthe\Downloads\small boiteux 12_\Boit_1205_8_five.mp4;C:\Users\esthe\Downloads\small boiteux 12_\Boit_1205_9_seven.mp4,0.0,33.361;14.067;14.331;21.564;6.399;8.664;23.761;18.197;19.200;7.900;7.064;10.199;28.898,30.000;30.000;30.000;30.000;30.000;30.000;30.000;30.000;30.000;30.000;30.000;30.000;30.000,Boiteux,licking,,,POINT,91.983,C:\Users\esthe\Downloads\small boiteux 12_\Boit_1205_2_three.mp4,68,NA,
boit_1205,2025-06-05 16:05:44.780,,209.095,Media file(s),player #1:C:\Users\esthe\Downloads\small boiteux 12_\Boi_1205_1_seven.mp4;C:\Users\esthe\Downloads\small boiteux 12_\Boit_1205_10_three.mp4;C:\Users\esthe\Downloads\small boiteux 12_\Boit_1205_11_five.mp4;C:\Users\esthe\Downloads\small boiteux 12_\Boit_1205_12_control.mp4;C:\Users\esthe\Downloads\small boiteux 12_\Boit_1205_13_control.mp4;C:\Users\esthe\Downloads\small boiteux 12_\Boit_1205_2_three.mp4;C:\Users\esthe\Downloads\small boiteux 12_\Boit_1205_3_five.mp4;C:\Users\esthe\Downloads\small boiteux 12_\Boit_1205_4_one.mp4;C:\Users\esthe\Downloads\small boiteux 12_\Boit_1205_5_five.mp4;C:\Users\esthe\Downloads\small boiteux 12_\Boit_1205_6_three.mp4;C:\Users\esthe\Downloads\small boiteux 12_\Boit_1205_7_one.mp4;C:\Users\esthe\Downloads\small boiteux 12_\Boit_1205_8_five.mp4;C:\Users\esthe\Downloads\small boiteux 12_\Boit_1205_9_seven.mp4,0.0,33.361;14.067;14.331;21.564;6.399;8.664;23.761;18.197;19.200;7.900;7.064;10.199;28.898,30.000;30.000;30.000;30.000;30.000;30.000;30.000;30.000;30.000;30.000;30.000;30.000;30.000,Boiteux,rotation,,Vertical,START,92.050,C:\Users\esthe\Downloads\small boiteux 12_\Boit_1205_2_three.mp4,70,NA,
boit_1205,2025-06-05 16:05:44.780,,209.095,Media file(s),player #1:C:\Users\esthe\Downloads\small boiteux 12_\Boi_1205_1_seven.mp4;C:\Users\esthe\Downloads\small boiteux 12_\Boit_1205_10_three.mp4;C:\Users\esthe\Downloads\small boiteux 12_\Boit_1205_11_five.mp4;C:\Users\esthe\Downloads\small boiteux 12_\Boit_1205_12_control.mp4;C:\Users\esthe\Downloads\small boiteux 12_\Boit_1205_13_control.mp4;C:\Users\esthe\Downloads\small boiteux 12_\Boit_1205_2_three.mp4;C:\Users\esthe\Downloads\small boiteux 12_\Boit_1205_3_five.mp4;C:\Users\esthe\Downloads\small boiteux 12_\Boit_1205_4_one.mp4;C:\Users\esthe\Downloads\small boiteux 12_\Boit_1205_5_five.mp4;C:\Users\esthe\Downloads\small boiteux 12_\Boit_1205_6_three.mp4;C:\Users\esthe\Downloads\small boiteux 12_\Boit_1205_7_one.mp4;C:\Users\esthe\Downloads\small boiteux 12_\Boit_1205_8_five.mp4;C:\Users\esthe\Downloads\small boiteux 12_\Boit_1205_9_seven.mp4,0.0,33.361;14.067;14.331;21.564;6.399;8.664;23.761;18.197;19.200;7.900;7.064;10.199;28.898,30.000;30.000;30.000;30.000;30.000;30.000;30.000;30.000;30.000;30.000;30.000;30.000;30.000,Boiteux,rotation,,Vertical,STOP,92.250,C:\Users\esthe\Downloads\small boiteux 12_\Boit_1205_2_three.mp4,76,NA,
boit_1205,2025-06-05 16:05:44.780,,209.095,Media file(s),player #1:C:\Users\esthe\Downloads\small boiteux 12_\Boi_1205_1_seven.mp4;C:\Users\esthe\Downloads\small boiteux 12_\Boit_1205_10_three.mp4;C:\Users\esthe\Downloads\small boiteux 12_\Boit_1205_11_five.mp4;C:\Users\esthe\Downloads\small boiteux 12_\Boit_1205_12_control.mp4;C:\Users\esthe\Downloads\small boiteux 12_\Boit_1205_13_control.mp4;C:\Users\esthe\Downloads\small boiteux 12_\Boit_1205_2_three.mp4;C:\Users\esthe\Downloads\small boiteux 12_\Boit_1205_3_five.mp4;C:\Users\esthe\Downloads\small boiteux 12_\Boit_1205_4_one.mp4;C:\Users\esthe\Downloads\small boiteux 12_\Boit_1205_5_five.mp4;C:\Users\esthe\Downloads\small boiteux 12_\Boit_1205_6_three.mp4;C:\Users\esthe\Downloads\small boiteux 12_\Boit_1205_7_one.mp4;C:\Users\esthe\Downloads\small boiteux 12_\Boit_1205_8_five.mp4;C:\Users\esthe\Downloads\small boiteux 12_\Boit_1205_9_seven.mp4,0.0,33.361;14.067;14.331;21.564;6.399;8.664;23.761;18.197;19.200;7.900;7.064;10.199;28.898,30.000;30.000;30.000;30.000;30.000;30.000;30.000;30.000;30.000;30.000;30.000;30.000;30.000,Boiteux,jaw movement,,,POINT,92.283,C:\Users\esthe\Downloads\small boiteux 12_\Boit_1205_2_three.mp4,77,NA,
boit_1205,2025-06-05 16:05:44.780,,209.095,Media file(s),player #1:C:\Users\esthe\Downloads\small boiteux 12_\Boi_1205_1_seven.mp4;C:\Users\esthe\Downloads\small boiteux 12_\Boit_1205_10_three.mp4;C:\Users\esthe\Downloads\small boiteux 12_\Boit_1205_11_five.mp4;C:\Users\esthe\Downloads\small boiteux 12_\Boit_1205_12_control.mp4;C:\Users\esthe\Downloads\small boiteux 12_\Boit_1205_13_control.mp4;C:\Users\esthe\Downloads\small boiteux 12_\Boit_1205_2_three.mp4;C:\Users\esthe\Downloads\small boiteux 12_\Boit_1205_3_five.mp4;C:\Users\esthe\Downloads\small boiteux 12_\Boit_1205_4_one.mp4;C:\Users\esthe\Downloads\small boiteux 12_\Boit_1205_5_five.mp4;C:\Users\esthe\Downloads\small boiteux 12_\Boit_1205_6_three.mp4;C:\Users\esthe\Downloads\small boiteux 12_\Boit_1205_7_one.mp4;C:\Users\esthe\Downloads\small boiteux 12_\Boit_1205_8_five.mp4;C:\Users\esthe\Downloads\small boiteux 12_\Boit_1205_9_seven.mp4,0.0,33.361;14.067;14.331;21.564;6.399;8.664;23.761;18.197;19.200;7.900;7.064;10.199;28.898,30.000;30.000;30.000;30.000;30.000;30.000;30.000;30.000;30.000;30.000;30.000;30.000;30.000,Boiteux,rotation,,Vertical,START,92.316,C:\Users\esthe\Downloads\small boiteux 12_\Boit_1205_2_three.mp4,78,NA,
boit_1205,2025-06-05 16:05:44.780,,209.095,Media file(s),player #1:C:\Users\esthe\Downloads\small boiteux 12_\Boi_1205_1_seven.mp4;C:\Users\esthe\Downloads\small boiteux 12_\Boit_1205_10_three.mp4;C:\Users\esthe\Downloads\small boiteux 12_\Boit_1205_11_five.mp4;C:\Users\esthe\Downloads\small boiteux 12_\Boit_1205_12_control.mp4;C:\Users\esthe\Downloads\small boiteux 12_\Boit_1205_13_control.mp4;C:\Users\esthe\Downloads\small boiteux 12_\Boit_1205_2_three.mp4;C:\Users\esthe\Downloads\small boiteux 12_\Boit_1205_3_five.mp4;C:\Users\esthe\Downloads\small boiteux 12_\Boit_1205_4_one.mp4;C:\Users\esthe\Downloads\small boiteux 12_\Boit_1205_5_five.mp4;C:\Users\esthe\Downloads\small boiteux 12_\Boit_1205_6_three.mp4;C:\Users\esthe\Downloads\small boiteux 12_\Boit_1205_7_one.mp4;C:\Users\esthe\Downloads\small boiteux 12_\Boit_1205_8_five.mp4;C:\Users\esthe\Downloads\small boiteux 12_\Boit_1205_9_seven.mp4,0.0,33.361;14.067;14.331;21.564;6.399;8.664;23.761;18.197;19.200;7.900;7.064;10.199;28.898,30.000;30.000;30.000;30.000;30.000;30.000;30.000;30.000;30.000;30.000;30.000;30.000;30.000,Boiteux,rotation,,Vertical,STOP,92.483,C:\Users\esthe\Downloads\small boiteux 12_\Boit_1205_2_three.mp4,83,NA,
boit_1205,2025-06-05 16:05:44.780,,209.095,Media file(s),player #1:C:\Users\esthe\Downloads\small boiteux 12_\Boi_1205_1_seven.mp4;C:\Users\esthe\Downloads\small boiteux 12_\Boit_1205_10_three.mp4;C:\Users\esthe\Downloads\small boiteux 12_\Boit_1205_11_five.mp4;C:\Users\esthe\Downloads\small boiteux 12_\Boit_1205_12_control.mp4;C:\Users\esthe\Downloads\small boiteux 12_\Boit_1205_13_control.mp4;C:\Users\esthe\Downloads\small boiteux 12_\Boit_1205_2_three.mp4;C:\Users\esthe\Downloads\small boiteux 12_\Boit_1205_3_five.mp4;C:\Users\esthe\Downloads\small boiteux 12_\Boit_1205_4_one.mp4;C:\Users\esthe\Downloads\small boiteux 12_\Boit_1205_5_five.mp4;C:\Users\esthe\Downloads\small boiteux 12_\Boit_1205_6_three.mp4;C:\Users\esthe\Downloads\small boiteux 12_\Boit_1205_7_one.mp4;C:\Users\esthe\Downloads\small boiteux 12_\Boit_1205_8_five.mp4;C:\Users\esthe\Downloads\small boiteux 12_\Boit_1205_9_seven.mp4,0.0,33.361;14.067;14.331;21.564;6.399;8.664;23.761;18.197;19.200;7.900;7.064;10.199;28.898,30.000;30.000;30.000;30.000;30.000;30.000;30.000;30.000;30.000;30.000;30.000;30.000;30.000,Boiteux,jaw movement,,,POINT,92.516,C:\Users\esthe\Downloads\small boiteux 12_\Boit_1205_2_three.mp4,84,NA,
boit_1205,2025-06-05 16:05:44.780,,209.095,Media file(s),player #1:C:\Users\esthe\Downloads\small boiteux 12_\Boi_1205_1_seven.mp4;C:\Users\esthe\Downloads\small boiteux 12_\Boit_1205_10_three.mp4;C:\Users\esthe\Downloads\small boiteux 12_\Boit_1205_11_five.mp4;C:\Users\esthe\Downloads\small boiteux 12_\Boit_1205_12_control.mp4;C:\Users\esthe\Downloads\small boiteux 12_\Boit_1205_13_control.mp4;C:\Users\esthe\Downloads\small boiteux 12_\Boit_1205_2_three.mp4;C:\Users\esthe\Downloads\small boiteux 12_\Boit_1205_3_five.mp4;C:\Users\esthe\Downloads\small boiteux 12_\Boit_1205_4_one.mp4;C:\Users\esthe\Downloads\small boiteux 12_\Boit_1205_5_five.mp4;C:\Users\esthe\Downloads\small boiteux 12_\Boit_1205_6_three.mp4;C:\Users\esthe\Downloads\small boiteux 12_\Boit_1205_7_one.mp4;C:\Users\esthe\Downloads\small boiteux 12_\Boit_1205_8_five.mp4;C:\Users\esthe\Downloads\small boiteux 12_\Boit_1205_9_seven.mp4,0.0,33.361;14.067;14.331;21.564;6.399;8.664;23.761;18.197;19.200;7.900;7.064;10.199;28.898,30.000;30.000;30.000;30.000;30.000;30.000;30.000;30.000;30.000;30.000;30.000;30.000;30.000,Boiteux,jaw movement,,,POINT,92.716,C:\Users\esthe\Downloads\small boiteux 12_\Boit_1205_2_three.mp4,90,NA,
boit_1205,2025-06-05 16:05:44.780,,209.095,Media file(s),player #1:C:\Users\esthe\Downloads\small boiteux 12_\Boi_1205_1_seven.mp4;C:\Users\esthe\Downloads\small boiteux 12_\Boit_1205_10_three.mp4;C:\Users\esthe\Downloads\small boiteux 12_\Boit_1205_11_five.mp4;C:\Users\esthe\Downloads\small boiteux 12_\Boit_1205_12_control.mp4;C:\Users\esthe\Downloads\small boiteux 12_\Boit_1205_13_control.mp4;C:\Users\esthe\Downloads\small boiteux 12_\Boit_1205_2_three.mp4;C:\Users\esthe\Downloads\small boiteux 12_\Boit_1205_3_five.mp4;C:\Users\esthe\Downloads\small boiteux 12_\Boit_1205_4_one.mp4;C:\Users\esthe\Downloads\small boiteux 12_\Boit_1205_5_five.mp4;C:\Users\esthe\Downloads\small boiteux 12_\Boit_1205_6_three.mp4;C:\Users\esthe\Downloads\small boiteux 12_\Boit_1205_7_one.mp4;C:\Users\esthe\Downloads\small boiteux 12_\Boit_1205_8_five.mp4;C:\Users\esthe\Downloads\small boiteux 12_\Boit_1205_9_seven.mp4,0.0,33.361;14.067;14.331;21.564;6.399;8.664;23.761;18.197;19.200;7.900;7.064;10.199;28.898,30.000;30.000;30.000;30.000;30.000;30.000;30.000;30.000;30.000;30.000;30.000;30.000;30.000,Boiteux,rotation,,Horizontal,START,92.850,C:\Users\esthe\Downloads\small boiteux 12_\Boit_1205_2_three.mp4,94,NA,
boit_1205,2025-06-05 16:05:44.780,,209.095,Media file(s),player #1:C:\Users\esthe\Downloads\small boiteux 12_\Boi_1205_1_seven.mp4;C:\Users\esthe\Downloads\small boiteux 12_\Boit_1205_10_three.mp4;C:\Users\esthe\Downloads\small boiteux 12_\Boit_1205_11_five.mp4;C:\Users\esthe\Downloads\small boiteux 12_\Boit_1205_12_control.mp4;C:\Users\esthe\Downloads\small boiteux 12_\Boit_1205_13_control.mp4;C:\Users\esthe\Downloads\small boiteux 12_\Boit_1205_2_three.mp4;C:\Users\esthe\Downloads\small boiteux 12_\Boit_1205_3_five.mp4;C:\Users\esthe\Downloads\small boiteux 12_\Boit_1205_4_one.mp4;C:\Users\esthe\Downloads\small boiteux 12_\Boit_1205_5_five.mp4;C:\Users\esthe\Downloads\small boiteux 12_\Boit_1205_6_three.mp4;C:\Users\esthe\Downloads\small boiteux 12_\Boit_1205_7_one.mp4;C:\Users\esthe\Downloads\small boiteux 12_\Boit_1205_8_five.mp4;C:\Users\esthe\Downloads\small boiteux 12_\Boit_1205_9_seven.mp4,0.0,33.361;14.067;14.331;21.564;6.399;8.664;23.761;18.197;19.200;7.900;7.064;10.199;28.898,30.000;30.000;30.000;30.000;30.000;30.000;30.000;30.000;30.000;30.000;30.000;30.000;30.000,Boiteux,rotation,,Horizontal,STOP,93.217,C:\Users\esthe\Downloads\small boiteux 12_\Boit_1205_2_three.mp4,105,NA,
boit_1205,2025-06-05 16:05:44.780,,209.095,Media file(s),player #1:C:\Users\esthe\Downloads\small boiteux 12_\Boi_1205_1_seven.mp4;C:\Users\esthe\Downloads\small boiteux 12_\Boit_1205_10_three.mp4;C:\Users\esthe\Downloads\small boiteux 12_\Boit_1205_11_five.mp4;C:\Users\esthe\Downloads\small boiteux 12_\Boit_1205_12_control.mp4;C:\Users\esthe\Downloads\small boiteux 12_\Boit_1205_13_control.mp4;C:\Users\esthe\Downloads\small boiteux 12_\Boit_1205_2_three.mp4;C:\Users\esthe\Downloads\small boiteux 12_\Boit_1205_3_five.mp4;C:\Users\esthe\Downloads\small boiteux 12_\Boit_1205_4_one.mp4;C:\Users\esthe\Downloads\small boiteux 12_\Boit_1205_5_five.mp4;C:\Users\esthe\Downloads\small boiteux 12_\Boit_1205_6_three.mp4;C:\Users\esthe\Downloads\small boiteux 12_\Boit_1205_7_one.mp4;C:\Users\esthe\Downloads\small boiteux 12_\Boit_1205_8_five.mp4;C:\Users\esthe\Downloads\small boiteux 12_\Boit_1205_9_seven.mp4,0.0,33.361;14.067;14.331;21.564;6.399;8.664;23.761;18.197;19.200;7.900;7.064;10.199;28.898,30.000;30.000;30.000;30.000;30.000;30.000;30.000;30.000;30.000;30.000;30.000;30.000;30.000,Boiteux,jaw movement,,,POINT,93.283,C:\Users\esthe\Downloads\small boiteux 12_\Boit_1205_2_three.mp4,107,NA,
boit_1205,2025-06-05 16:05:44.780,,209.095,Media file(s),player #1:C:\Users\esthe\Downloads\small boiteux 12_\Boi_1205_1_seven.mp4;C:\Users\esthe\Downloads\small boiteux 12_\Boit_1205_10_three.mp4;C:\Users\esthe\Downloads\small boiteux 12_\Boit_1205_11_five.mp4;C:\Users\esthe\Downloads\small boiteux 12_\Boit_1205_12_control.mp4;C:\Users\esthe\Downloads\small boiteux 12_\Boit_1205_13_control.mp4;C:\Users\esthe\Downloads\small boiteux 12_\Boit_1205_2_three.mp4;C:\Users\esthe\Downloads\small boiteux 12_\Boit_1205_3_five.mp4;C:\Users\esthe\Downloads\small boiteux 12_\Boit_1205_4_one.mp4;C:\Users\esthe\Downloads\small boiteux 12_\Boit_1205_5_five.mp4;C:\Users\esthe\Downloads\small boiteux 12_\Boit_1205_6_three.mp4;C:\Users\esthe\Downloads\small boiteux 12_\Boit_1205_7_one.mp4;C:\Users\esthe\Downloads\small boiteux 12_\Boit_1205_8_five.mp4;C:\Users\esthe\Downloads\small boiteux 12_\Boit_1205_9_seven.mp4,0.0,33.361;14.067;14.331;21.564;6.399;8.664;23.761;18.197;19.200;7.900;7.064;10.199;28.898,30.000;30.000;30.000;30.000;30.000;30.000;30.000;30.000;30.000;30.000;30.000;30.000;30.000,Boiteux,licking,,,POINT,93.517,C:\Users\esthe\Downloads\small boiteux 12_\Boit_1205_2_three.mp4,114,NA,
boit_1205,2025-06-05 16:05:44.780,,209.095,Media file(s),player #1:C:\Users\esthe\Downloads\small boiteux 12_\Boi_1205_1_seven.mp4;C:\Users\esthe\Downloads\small boiteux 12_\Boit_1205_10_three.mp4;C:\Users\esthe\Downloads\small boiteux 12_\Boit_1205_11_five.mp4;C:\Users\esthe\Downloads\small boiteux 12_\Boit_1205_12_control.mp4;C:\Users\esthe\Downloads\small boiteux 12_\Boit_1205_13_control.mp4;C:\Users\esthe\Downloads\small boiteux 12_\Boit_1205_2_three.mp4;C:\Users\esthe\Downloads\small boiteux 12_\Boit_1205_3_five.mp4;C:\Users\esthe\Downloads\small boiteux 12_\Boit_1205_4_one.mp4;C:\Users\esthe\Downloads\small boiteux 12_\Boit_1205_5_five.mp4;C:\Users\esthe\Downloads\small boiteux 12_\Boit_1205_6_three.mp4;C:\Users\esthe\Downloads\small boiteux 12_\Boit_1205_7_one.mp4;C:\Users\esthe\Downloads\small boiteux 12_\Boit_1205_8_five.mp4;C:\Users\esthe\Downloads\small boiteux 12_\Boit_1205_9_seven.mp4,0.0,33.361;14.067;14.331;21.564;6.399;8.664;23.761;18.197;19.200;7.900;7.064;10.199;28.898,30.000;30.000;30.000;30.000;30.000;30.000;30.000;30.000;30.000;30.000;30.000;30.000;30.000,Boiteux,jaw movement,,,POINT,93.850,C:\Users\esthe\Downloads\small boiteux 12_\Boit_1205_2_three.mp4,124,NA,
boit_1205,2025-06-05 16:05:44.780,,209.095,Media file(s),player #1:C:\Users\esthe\Downloads\small boiteux 12_\Boi_1205_1_seven.mp4;C:\Users\esthe\Downloads\small boiteux 12_\Boit_1205_10_three.mp4;C:\Users\esthe\Downloads\small boiteux 12_\Boit_1205_11_five.mp4;C:\Users\esthe\Downloads\small boiteux 12_\Boit_1205_12_control.mp4;C:\Users\esthe\Downloads\small boiteux 12_\Boit_1205_13_control.mp4;C:\Users\esthe\Downloads\small boiteux 12_\Boit_1205_2_three.mp4;C:\Users\esthe\Downloads\small boiteux 12_\Boit_1205_3_five.mp4;C:\Users\esthe\Downloads\small boiteux 12_\Boit_1205_4_one.mp4;C:\Users\esthe\Downloads\small boiteux 12_\Boit_1205_5_five.mp4;C:\Users\esthe\Downloads\small boiteux 12_\Boit_1205_6_three.mp4;C:\Users\esthe\Downloads\small boiteux 12_\Boit_1205_7_one.mp4;C:\Users\esthe\Downloads\small boiteux 12_\Boit_1205_8_five.mp4;C:\Users\esthe\Downloads\small boiteux 12_\Boit_1205_9_seven.mp4,0.0,33.361;14.067;14.331;21.564;6.399;8.664;23.761;18.197;19.200;7.900;7.064;10.199;28.898,30.000;30.000;30.000;30.000;30.000;30.000;30.000;30.000;30.000;30.000;30.000;30.000;30.000,Boiteux,jaw movement,,,POINT,94.083,C:\Users\esthe\Downloads\small boiteux 12_\Boit_1205_2_three.mp4,131,NA,
boit_1205,2025-06-05 16:05:44.780,,209.095,Media file(s),player #1:C:\Users\esthe\Downloads\small boiteux 12_\Boi_1205_1_seven.mp4;C:\Users\esthe\Downloads\small boiteux 12_\Boit_1205_10_three.mp4;C:\Users\esthe\Downloads\small boiteux 12_\Boit_1205_11_five.mp4;C:\Users\esthe\Downloads\small boiteux 12_\Boit_1205_12_control.mp4;C:\Users\esthe\Downloads\small boiteux 12_\Boit_1205_13_control.mp4;C:\Users\esthe\Downloads\small boiteux 12_\Boit_1205_2_three.mp4;C:\Users\esthe\Downloads\small boiteux 12_\Boit_1205_3_five.mp4;C:\Users\esthe\Downloads\small boiteux 12_\Boit_1205_4_one.mp4;C:\Users\esthe\Downloads\small boiteux 12_\Boit_1205_5_five.mp4;C:\Users\esthe\Downloads\small boiteux 12_\Boit_1205_6_three.mp4;C:\Users\esthe\Downloads\small boiteux 12_\Boit_1205_7_one.mp4;C:\Users\esthe\Downloads\small boiteux 12_\Boit_1205_8_five.mp4;C:\Users\esthe\Downloads\small boiteux 12_\Boit_1205_9_seven.mp4,0.0,33.361;14.067;14.331;21.564;6.399;8.664;23.761;18.197;19.200;7.900;7.064;10.199;28.898,30.000;30.000;30.000;30.000;30.000;30.000;30.000;30.000;30.000;30.000;30.000;30.000;30.000,Boiteux,rotation,,Horizontal,START,94.150,C:\Users\esthe\Downloads\small boiteux 12_\Boit_1205_2_three.mp4,133,NA,
boit_1205,2025-06-05 16:05:44.780,,209.095,Media file(s),player #1:C:\Users\esthe\Downloads\small boiteux 12_\Boi_1205_1_seven.mp4;C:\Users\esthe\Downloads\small boiteux 12_\Boit_1205_10_three.mp4;C:\Users\esthe\Downloads\small boiteux 12_\Boit_1205_11_five.mp4;C:\Users\esthe\Downloads\small boiteux 12_\Boit_1205_12_control.mp4;C:\Users\esthe\Downloads\small boiteux 12_\Boit_1205_13_control.mp4;C:\Users\esthe\Downloads\small boiteux 12_\Boit_1205_2_three.mp4;C:\Users\esthe\Downloads\small boiteux 12_\Boit_1205_3_five.mp4;C:\Users\esthe\Downloads\small boiteux 12_\Boit_1205_4_one.mp4;C:\Users\esthe\Downloads\small boiteux 12_\Boit_1205_5_five.mp4;C:\Users\esthe\Downloads\small boiteux 12_\Boit_1205_6_three.mp4;C:\Users\esthe\Downloads\small boiteux 12_\Boit_1205_7_one.mp4;C:\Users\esthe\Downloads\small boiteux 12_\Boit_1205_8_five.mp4;C:\Users\esthe\Downloads\small boiteux 12_\Boit_1205_9_seven.mp4,0.0,33.361;14.067;14.331;21.564;6.399;8.664;23.761;18.197;19.200;7.900;7.064;10.199;28.898,30.000;30.000;30.000;30.000;30.000;30.000;30.000;30.000;30.000;30.000;30.000;30.000;30.000,Boiteux,licking,,,POINT,94.350,C:\Users\esthe\Downloads\small boiteux 12_\Boit_1205_2_three.mp4,139,NA,
boit_1205,2025-06-05 16:05:44.780,,209.095,Media file(s),player #1:C:\Users\esthe\Downloads\small boiteux 12_\Boi_1205_1_seven.mp4;C:\Users\esthe\Downloads\small boiteux 12_\Boit_1205_10_three.mp4;C:\Users\esthe\Downloads\small boiteux 12_\Boit_1205_11_five.mp4;C:\Users\esthe\Downloads\small boiteux 12_\Boit_1205_12_control.mp4;C:\Users\esthe\Downloads\small boiteux 12_\Boit_1205_13_control.mp4;C:\Users\esthe\Downloads\small boiteux 12_\Boit_1205_2_three.mp4;C:\Users\esthe\Downloads\small boiteux 12_\Boit_1205_3_five.mp4;C:\Users\esthe\Downloads\small boiteux 12_\Boit_1205_4_one.mp4;C:\Users\esthe\Downloads\small boiteux 12_\Boit_1205_5_five.mp4;C:\Users\esthe\Downloads\small boiteux 12_\Boit_1205_6_three.mp4;C:\Users\esthe\Downloads\small boiteux 12_\Boit_1205_7_one.mp4;C:\Users\esthe\Downloads\small boiteux 12_\Boit_1205_8_five.mp4;C:\Users\esthe\Downloads\small boiteux 12_\Boit_1205_9_seven.mp4,0.0,33.361;14.067;14.331;21.564;6.399;8.664;23.761;18.197;19.200;7.900;7.064;10.199;28.898,30.000;30.000;30.000;30.000;30.000;30.000;30.000;30.000;30.000;30.000;30.000;30.000;30.000,Boiteux,sniffing,,,POINT,94.383,C:\Users\esthe\Downloads\small boiteux 12_\Boit_1205_2_three.mp4,140,NA,
boit_1205,2025-06-05 16:05:44.780,,209.095,Media file(s),player #1:C:\Users\esthe\Downloads\small boiteux 12_\Boi_1205_1_seven.mp4;C:\Users\esthe\Downloads\small boiteux 12_\Boit_1205_10_three.mp4;C:\Users\esthe\Downloads\small boiteux 12_\Boit_1205_11_five.mp4;C:\Users\esthe\Downloads\small boiteux 12_\Boit_1205_12_control.mp4;C:\Users\esthe\Downloads\small boiteux 12_\Boit_1205_13_control.mp4;C:\Users\esthe\Downloads\small boiteux 12_\Boit_1205_2_three.mp4;C:\Users\esthe\Downloads\small boiteux 12_\Boit_1205_3_five.mp4;C:\Users\esthe\Downloads\small boiteux 12_\Boit_1205_4_one.mp4;C:\Users\esthe\Downloads\small boiteux 12_\Boit_1205_5_five.mp4;C:\Users\esthe\Downloads\small boiteux 12_\Boit_1205_6_three.mp4;C:\Users\esthe\Downloads\small boiteux 12_\Boit_1205_7_one.mp4;C:\Users\esthe\Downloads\small boiteux 12_\Boit_1205_8_five.mp4;C:\Users\esthe\Downloads\small boiteux 12_\Boit_1205_9_seven.mp4,0.0,33.361;14.067;14.331;21.564;6.399;8.664;23.761;18.197;19.200;7.900;7.064;10.199;28.898,30.000;30.000;30.000;30.000;30.000;30.000;30.000;30.000;30.000;30.000;30.000;30.000;30.000,Boiteux,translational movement,,,POINT,94.650,C:\Users\esthe\Downloads\small boiteux 12_\Boit_1205_2_three.mp4,148,NA,
boit_1205,2025-06-05 16:05:44.780,,209.095,Media file(s),player #1:C:\Users\esthe\Downloads\small boiteux 12_\Boi_1205_1_seven.mp4;C:\Users\esthe\Downloads\small boiteux 12_\Boit_1205_10_three.mp4;C:\Users\esthe\Downloads\small boiteux 12_\Boit_1205_11_five.mp4;C:\Users\esthe\Downloads\small boiteux 12_\Boit_1205_12_control.mp4;C:\Users\esthe\Downloads\small boiteux 12_\Boit_1205_13_control.mp4;C:\Users\esthe\Downloads\small boiteux 12_\Boit_1205_2_three.mp4;C:\Users\esthe\Downloads\small boiteux 12_\Boit_1205_3_five.mp4;C:\Users\esthe\Downloads\small boiteux 12_\Boit_1205_4_one.mp4;C:\Users\esthe\Downloads\small boiteux 12_\Boit_1205_5_five.mp4;C:\Users\esthe\Downloads\small boiteux 12_\Boit_1205_6_three.mp4;C:\Users\esthe\Downloads\small boiteux 12_\Boit_1205_7_one.mp4;C:\Users\esthe\Downloads\small boiteux 12_\Boit_1205_8_five.mp4;C:\Users\esthe\Downloads\small boiteux 12_\Boit_1205_9_seven.mp4,0.0,33.361;14.067;14.331;21.564;6.399;8.664;23.761;18.197;19.200;7.900;7.064;10.199;28.898,30.000;30.000;30.000;30.000;30.000;30.000;30.000;30.000;30.000;30.000;30.000;30.000;30.000,Boiteux,rotation,,Horizontal,STOP,94.717,C:\Users\esthe\Downloads\small boiteux 12_\Boit_1205_2_three.mp4,150,NA,
boit_1205,2025-06-05 16:05:44.780,,209.095,Media file(s),player #1:C:\Users\esthe\Downloads\small boiteux 12_\Boi_1205_1_seven.mp4;C:\Users\esthe\Downloads\small boiteux 12_\Boit_1205_10_three.mp4;C:\Users\esthe\Downloads\small boiteux 12_\Boit_1205_11_five.mp4;C:\Users\esthe\Downloads\small boiteux 12_\Boit_1205_12_control.mp4;C:\Users\esthe\Downloads\small boiteux 12_\Boit_1205_13_control.mp4;C:\Users\esthe\Downloads\small boiteux 12_\Boit_1205_2_three.mp4;C:\Users\esthe\Downloads\small boiteux 12_\Boit_1205_3_five.mp4;C:\Users\esthe\Downloads\small boiteux 12_\Boit_1205_4_one.mp4;C:\Users\esthe\Downloads\small boiteux 12_\Boit_1205_5_five.mp4;C:\Users\esthe\Downloads\small boiteux 12_\Boit_1205_6_three.mp4;C:\Users\esthe\Downloads\small boiteux 12_\Boit_1205_7_one.mp4;C:\Users\esthe\Downloads\small boiteux 12_\Boit_1205_8_five.mp4;C:\Users\esthe\Downloads\small boiteux 12_\Boit_1205_9_seven.mp4,0.0,33.361;14.067;14.331;21.564;6.399;8.664;23.761;18.197;19.200;7.900;7.064;10.199;28.898,30.000;30.000;30.000;30.000;30.000;30.000;30.000;30.000;30.000;30.000;30.000;30.000;30.000,Boiteux,jaw movement,,,POINT,94.750,C:\Users\esthe\Downloads\small boiteux 12_\Boit_1205_2_three.mp4,151,NA,
boit_1205,2025-06-05 16:05:44.780,,209.095,Media file(s),player #1:C:\Users\esthe\Downloads\small boiteux 12_\Boi_1205_1_seven.mp4;C:\Users\esthe\Downloads\small boiteux 12_\Boit_1205_10_three.mp4;C:\Users\esthe\Downloads\small boiteux 12_\Boit_1205_11_five.mp4;C:\Users\esthe\Downloads\small boiteux 12_\Boit_1205_12_control.mp4;C:\Users\esthe\Downloads\small boiteux 12_\Boit_1205_13_control.mp4;C:\Users\esthe\Downloads\small boiteux 12_\Boit_1205_2_three.mp4;C:\Users\esthe\Downloads\small boiteux 12_\Boit_1205_3_five.mp4;C:\Users\esthe\Downloads\small boiteux 12_\Boit_1205_4_one.mp4;C:\Users\esthe\Downloads\small boiteux 12_\Boit_1205_5_five.mp4;C:\Users\esthe\Downloads\small boiteux 12_\Boit_1205_6_three.mp4;C:\Users\esthe\Downloads\small boiteux 12_\Boit_1205_7_one.mp4;C:\Users\esthe\Downloads\small boiteux 12_\Boit_1205_8_five.mp4;C:\Users\esthe\Downloads\small boiteux 12_\Boit_1205_9_seven.mp4,0.0,33.361;14.067;14.331;21.564;6.399;8.664;23.761;18.197;19.200;7.900;7.064;10.199;28.898,30.000;30.000;30.000;30.000;30.000;30.000;30.000;30.000;30.000;30.000;30.000;30.000;30.000,Boiteux,jaw movement,,,POINT,94.883,C:\Users\esthe\Downloads\small boiteux 12_\Boit_1205_2_three.mp4,155,NA,
boit_1205,2025-06-05 16:05:44.780,,209.095,Media file(s),player #1:C:\Users\esthe\Downloads\small boiteux 12_\Boi_1205_1_seven.mp4;C:\Users\esthe\Downloads\small boiteux 12_\Boit_1205_10_three.mp4;C:\Users\esthe\Downloads\small boiteux 12_\Boit_1205_11_five.mp4;C:\Users\esthe\Downloads\small boiteux 12_\Boit_1205_12_control.mp4;C:\Users\esthe\Downloads\small boiteux 12_\Boit_1205_13_control.mp4;C:\Users\esthe\Downloads\small boiteux 12_\Boit_1205_2_three.mp4;C:\Users\esthe\Downloads\small boiteux 12_\Boit_1205_3_five.mp4;C:\Users\esthe\Downloads\small boiteux 12_\Boit_1205_4_one.mp4;C:\Users\esthe\Downloads\small boiteux 12_\Boit_1205_5_five.mp4;C:\Users\esthe\Downloads\small boiteux 12_\Boit_1205_6_three.mp4;C:\Users\esthe\Downloads\small boiteux 12_\Boit_1205_7_one.mp4;C:\Users\esthe\Downloads\small boiteux 12_\Boit_1205_8_five.mp4;C:\Users\esthe\Downloads\small boiteux 12_\Boit_1205_9_seven.mp4,0.0,33.361;14.067;14.331;21.564;6.399;8.664;23.761;18.197;19.200;7.900;7.064;10.199;28.898,30.000;30.000;30.000;30.000;30.000;30.000;30.000;30.000;30.000;30.000;30.000;30.000;30.000,Boiteux,jaw movement,,,POINT,95.083,C:\Users\esthe\Downloads\small boiteux 12_\Boit_1205_2_three.mp4,161,NA,
boit_1205,2025-06-05 16:05:44.780,,209.095,Media file(s),player #1:C:\Users\esthe\Downloads\small boiteux 12_\Boi_1205_1_seven.mp4;C:\Users\esthe\Downloads\small boiteux 12_\Boit_1205_10_three.mp4;C:\Users\esthe\Downloads\small boiteux 12_\Boit_1205_11_five.mp4;C:\Users\esthe\Downloads\small boiteux 12_\Boit_1205_12_control.mp4;C:\Users\esthe\Downloads\small boiteux 12_\Boit_1205_13_control.mp4;C:\Users\esthe\Downloads\small boiteux 12_\Boit_1205_2_three.mp4;C:\Users\esthe\Downloads\small boiteux 12_\Boit_1205_3_five.mp4;C:\Users\esthe\Downloads\small boiteux 12_\Boit_1205_4_one.mp4;C:\Users\esthe\Downloads\small boiteux 12_\Boit_1205_5_five.mp4;C:\Users\esthe\Downloads\small boiteux 12_\Boit_1205_6_three.mp4;C:\Users\esthe\Downloads\small boiteux 12_\Boit_1205_7_one.mp4;C:\Users\esthe\Downloads\small boiteux 12_\Boit_1205_8_five.mp4;C:\Users\esthe\Downloads\small boiteux 12_\Boit_1205_9_seven.mp4,0.0,33.361;14.067;14.331;21.564;6.399;8.664;23.761;18.197;19.200;7.900;7.064;10.199;28.898,30.000;30.000;30.000;30.000;30.000;30.000;30.000;30.000;30.000;30.000;30.000;30.000;30.000,Boiteux,mouth,,,POINT,95.250,C:\Users\esthe\Downloads\small boiteux 12_\Boit_1205_2_three.mp4,166,NA,
boit_1205,2025-06-05 16:05:44.780,,209.095,Media file(s),player #1:C:\Users\esthe\Downloads\small boiteux 12_\Boi_1205_1_seven.mp4;C:\Users\esthe\Downloads\small boiteux 12_\Boit_1205_10_three.mp4;C:\Users\esthe\Downloads\small boiteux 12_\Boit_1205_11_five.mp4;C:\Users\esthe\Downloads\small boiteux 12_\Boit_1205_12_control.mp4;C:\Users\esthe\Downloads\small boiteux 12_\Boit_1205_13_control.mp4;C:\Users\esthe\Downloads\small boiteux 12_\Boit_1205_2_three.mp4;C:\Users\esthe\Downloads\small boiteux 12_\Boit_1205_3_five.mp4;C:\Users\esthe\Downloads\small boiteux 12_\Boit_1205_4_one.mp4;C:\Users\esthe\Downloads\small boiteux 12_\Boit_1205_5_five.mp4;C:\Users\esthe\Downloads\small boiteux 12_\Boit_1205_6_three.mp4;C:\Users\esthe\Downloads\small boiteux 12_\Boit_1205_7_one.mp4;C:\Users\esthe\Downloads\small boiteux 12_\Boit_1205_8_five.mp4;C:\Users\esthe\Downloads\small boiteux 12_\Boit_1205_9_seven.mp4,0.0,33.361;14.067;14.331;21.564;6.399;8.664;23.761;18.197;19.200;7.900;7.064;10.199;28.898,30.000;30.000;30.000;30.000;30.000;30.000;30.000;30.000;30.000;30.000;30.000;30.000;30.000,Boiteux,ear clapping,,,POINT,95.284,C:\Users\esthe\Downloads\small boiteux 12_\Boit_1205_2_three.mp4,167,NA,
boit_1205,2025-06-05 16:05:44.780,,209.095,Media file(s),player #1:C:\Users\esthe\Downloads\small boiteux 12_\Boi_1205_1_seven.mp4;C:\Users\esthe\Downloads\small boiteux 12_\Boit_1205_10_three.mp4;C:\Users\esthe\Downloads\small boiteux 12_\Boit_1205_11_five.mp4;C:\Users\esthe\Downloads\small boiteux 12_\Boit_1205_12_control.mp4;C:\Users\esthe\Downloads\small boiteux 12_\Boit_1205_13_control.mp4;C:\Users\esthe\Downloads\small boiteux 12_\Boit_1205_2_three.mp4;C:\Users\esthe\Downloads\small boiteux 12_\Boit_1205_3_five.mp4;C:\Users\esthe\Downloads\small boiteux 12_\Boit_1205_4_one.mp4;C:\Users\esthe\Downloads\small boiteux 12_\Boit_1205_5_five.mp4;C:\Users\esthe\Downloads\small boiteux 12_\Boit_1205_6_three.mp4;C:\Users\esthe\Downloads\small boiteux 12_\Boit_1205_7_one.mp4;C:\Users\esthe\Downloads\small boiteux 12_\Boit_1205_8_five.mp4;C:\Users\esthe\Downloads\small boiteux 12_\Boit_1205_9_seven.mp4,0.0,33.361;14.067;14.331;21.564;6.399;8.664;23.761;18.197;19.200;7.900;7.064;10.199;28.898,30.000;30.000;30.000;30.000;30.000;30.000;30.000;30.000;30.000;30.000;30.000;30.000;30.000,Boiteux,assessing,,,STOP,95.350,C:\Users\esthe\Downloads\small boiteux 12_\Boit_1205_2_three.mp4,169,NA,
boit_1205,2025-06-05 16:05:44.780,,209.095,Media file(s),player #1:C:\Users\esthe\Downloads\small boiteux 12_\Boi_1205_1_seven.mp4;C:\Users\esthe\Downloads\small boiteux 12_\Boit_1205_10_three.mp4;C:\Users\esthe\Downloads\small boiteux 12_\Boit_1205_11_five.mp4;C:\Users\esthe\Downloads\small boiteux 12_\Boit_1205_12_control.mp4;C:\Users\esthe\Downloads\small boiteux 12_\Boit_1205_13_control.mp4;C:\Users\esthe\Downloads\small boiteux 12_\Boit_1205_2_three.mp4;C:\Users\esthe\Downloads\small boiteux 12_\Boit_1205_3_five.mp4;C:\Users\esthe\Downloads\small boiteux 12_\Boit_1205_4_one.mp4;C:\Users\esthe\Downloads\small boiteux 12_\Boit_1205_5_five.mp4;C:\Users\esthe\Downloads\small boiteux 12_\Boit_1205_6_three.mp4;C:\Users\esthe\Downloads\small boiteux 12_\Boit_1205_7_one.mp4;C:\Users\esthe\Downloads\small boiteux 12_\Boit_1205_8_five.mp4;C:\Users\esthe\Downloads\small boiteux 12_\Boit_1205_9_seven.mp4,0.0,33.361;14.067;14.331;21.564;6.399;8.664;23.761;18.197;19.200;7.900;7.064;10.199;28.898,30.000;30.000;30.000;30.000;30.000;30.000;30.000;30.000;30.000;30.000;30.000;30.000;30.000,Boiteux,ear clapping,,,POINT,95.350,C:\Users\esthe\Downloads\small boiteux 12_\Boit_1205_2_three.mp4,169,NA,
boit_1205,2025-06-05 16:05:44.780,,209.095,Media file(s),player #1:C:\Users\esthe\Downloads\small boiteux 12_\Boi_1205_1_seven.mp4;C:\Users\esthe\Downloads\small boiteux 12_\Boit_1205_10_three.mp4;C:\Users\esthe\Downloads\small boiteux 12_\Boit_1205_11_five.mp4;C:\Users\esthe\Downloads\small boiteux 12_\Boit_1205_12_control.mp4;C:\Users\esthe\Downloads\small boiteux 12_\Boit_1205_13_control.mp4;C:\Users\esthe\Downloads\small boiteux 12_\Boit_1205_2_three.mp4;C:\Users\esthe\Downloads\small boiteux 12_\Boit_1205_3_five.mp4;C:\Users\esthe\Downloads\small boiteux 12_\Boit_1205_4_one.mp4;C:\Users\esthe\Downloads\small boiteux 12_\Boit_1205_5_five.mp4;C:\Users\esthe\Downloads\small boiteux 12_\Boit_1205_6_three.mp4;C:\Users\esthe\Downloads\small boiteux 12_\Boit_1205_7_one.mp4;C:\Users\esthe\Downloads\small boiteux 12_\Boit_1205_8_five.mp4;C:\Users\esthe\Downloads\small boiteux 12_\Boit_1205_9_seven.mp4,0.0,33.361;14.067;14.331;21.564;6.399;8.664;23.761;18.197;19.200;7.900;7.064;10.199;28.898,30.000;30.000;30.000;30.000;30.000;30.000;30.000;30.000;30.000;30.000;30.000;30.000;30.000,Boiteux,target,,,START,95.517,C:\Users\esthe\Downloads\small boiteux 12_\Boit_1205_2_three.mp4,174,NA,
boit_1205,2025-06-05 16:05:44.780,,209.095,Media file(s),player #1:C:\Users\esthe\Downloads\small boiteux 12_\Boi_1205_1_seven.mp4;C:\Users\esthe\Downloads\small boiteux 12_\Boit_1205_10_three.mp4;C:\Users\esthe\Downloads\small boiteux 12_\Boit_1205_11_five.mp4;C:\Users\esthe\Downloads\small boiteux 12_\Boit_1205_12_control.mp4;C:\Users\esthe\Downloads\small boiteux 12_\Boit_1205_13_control.mp4;C:\Users\esthe\Downloads\small boiteux 12_\Boit_1205_2_three.mp4;C:\Users\esthe\Downloads\small boiteux 12_\Boit_1205_3_five.mp4;C:\Users\esthe\Downloads\small boiteux 12_\Boit_1205_4_one.mp4;C:\Users\esthe\Downloads\small boiteux 12_\Boit_1205_5_five.mp4;C:\Users\esthe\Downloads\small boiteux 12_\Boit_1205_6_three.mp4;C:\Users\esthe\Downloads\small boiteux 12_\Boit_1205_7_one.mp4;C:\Users\esthe\Downloads\small boiteux 12_\Boit_1205_8_five.mp4;C:\Users\esthe\Downloads\small boiteux 12_\Boit_1205_9_seven.mp4,0.0,33.361;14.067;14.331;21.564;6.399;8.664;23.761;18.197;19.200;7.900;7.064;10.199;28.898,30.000;30.000;30.000;30.000;30.000;30.000;30.000;30.000;30.000;30.000;30.000;30.000;30.000,Boiteux,target,,,STOP,98.184,C:\Users\esthe\Downloads\small boiteux 12_\Boit_1205_2_three.mp4,254,NA,
boit_1205,2025-06-05 16:05:44.780,,209.095,Media file(s),player #1:C:\Users\esthe\Downloads\small boiteux 12_\Boi_1205_1_seven.mp4;C:\Users\esthe\Downloads\small boiteux 12_\Boit_1205_10_three.mp4;C:\Users\esthe\Downloads\small boiteux 12_\Boit_1205_11_five.mp4;C:\Users\esthe\Downloads\small boiteux 12_\Boit_1205_12_control.mp4;C:\Users\esthe\Downloads\small boiteux 12_\Boit_1205_13_control.mp4;C:\Users\esthe\Downloads\small boiteux 12_\Boit_1205_2_three.mp4;C:\Users\esthe\Downloads\small boiteux 12_\Boit_1205_3_five.mp4;C:\Users\esthe\Downloads\small boiteux 12_\Boit_1205_4_one.mp4;C:\Users\esthe\Downloads\small boiteux 12_\Boit_1205_5_five.mp4;C:\Users\esthe\Downloads\small boiteux 12_\Boit_1205_6_three.mp4;C:\Users\esthe\Downloads\small boiteux 12_\Boit_1205_7_one.mp4;C:\Users\esthe\Downloads\small boiteux 12_\Boit_1205_8_five.mp4;C:\Users\esthe\Downloads\small boiteux 12_\Boit_1205_9_seven.mp4,0.0,33.361;14.067;14.331;21.564;6.399;8.664;23.761;18.197;19.200;7.900;7.064;10.199;28.898,30.000;30.000;30.000;30.000;30.000;30.000;30.000;30.000;30.000;30.000;30.000;30.000;30.000,Boiteux,bending,,,START,100.716,C:\Users\esthe\Downloads\small boiteux 12_\Boit_1205_3_five.mp4,70,NA,
boit_1205,2025-06-05 16:05:44.780,,209.095,Media file(s),player #1:C:\Users\esthe\Downloads\small boiteux 12_\Boi_1205_1_seven.mp4;C:\Users\esthe\Downloads\small boiteux 12_\Boit_1205_10_three.mp4;C:\Users\esthe\Downloads\small boiteux 12_\Boit_1205_11_five.mp4;C:\Users\esthe\Downloads\small boiteux 12_\Boit_1205_12_control.mp4;C:\Users\esthe\Downloads\small boiteux 12_\Boit_1205_13_control.mp4;C:\Users\esthe\Downloads\small boiteux 12_\Boit_1205_2_three.mp4;C:\Users\esthe\Downloads\small boiteux 12_\Boit_1205_3_five.mp4;C:\Users\esthe\Downloads\small boiteux 12_\Boit_1205_4_one.mp4;C:\Users\esthe\Downloads\small boiteux 12_\Boit_1205_5_five.mp4;C:\Users\esthe\Downloads\small boiteux 12_\Boit_1205_6_three.mp4;C:\Users\esthe\Downloads\small boiteux 12_\Boit_1205_7_one.mp4;C:\Users\esthe\Downloads\small boiteux 12_\Boit_1205_8_five.mp4;C:\Users\esthe\Downloads\small boiteux 12_\Boit_1205_9_seven.mp4,0.0,33.361;14.067;14.331;21.564;6.399;8.664;23.761;18.197;19.200;7.900;7.064;10.199;28.898,30.000;30.000;30.000;30.000;30.000;30.000;30.000;30.000;30.000;30.000;30.000;30.000;30.000,Boiteux,grabbing peanut,,,POINT,101.483,C:\Users\esthe\Downloads\small boiteux 12_\Boit_1205_3_five.mp4,93,NA,
boit_1205,2025-06-05 16:05:44.780,,209.095,Media file(s),player #1:C:\Users\esthe\Downloads\small boiteux 12_\Boi_1205_1_seven.mp4;C:\Users\esthe\Downloads\small boiteux 12_\Boit_1205_10_three.mp4;C:\Users\esthe\Downloads\small boiteux 12_\Boit_1205_11_five.mp4;C:\Users\esthe\Downloads\small boiteux 12_\Boit_1205_12_control.mp4;C:\Users\esthe\Downloads\small boiteux 12_\Boit_1205_13_control.mp4;C:\Users\esthe\Downloads\small boiteux 12_\Boit_1205_2_three.mp4;C:\Users\esthe\Downloads\small boiteux 12_\Boit_1205_3_five.mp4;C:\Users\esthe\Downloads\small boiteux 12_\Boit_1205_4_one.mp4;C:\Users\esthe\Downloads\small boiteux 12_\Boit_1205_5_five.mp4;C:\Users\esthe\Downloads\small boiteux 12_\Boit_1205_6_three.mp4;C:\Users\esthe\Downloads\small boiteux 12_\Boit_1205_7_one.mp4;C:\Users\esthe\Downloads\small boiteux 12_\Boit_1205_8_five.mp4;C:\Users\esthe\Downloads\small boiteux 12_\Boit_1205_9_seven.mp4,0.0,33.361;14.067;14.331;21.564;6.399;8.664;23.761;18.197;19.200;7.900;7.064;10.199;28.898,30.000;30.000;30.000;30.000;30.000;30.000;30.000;30.000;30.000;30.000;30.000;30.000;30.000,Boiteux,bending,,,STOP,101.716,C:\Users\esthe\Downloads\small boiteux 12_\Boit_1205_3_five.mp4,100,NA,
boit_1205,2025-06-05 16:05:44.780,,209.095,Media file(s),player #1:C:\Users\esthe\Downloads\small boiteux 12_\Boi_1205_1_seven.mp4;C:\Users\esthe\Downloads\small boiteux 12_\Boit_1205_10_three.mp4;C:\Users\esthe\Downloads\small boiteux 12_\Boit_1205_11_five.mp4;C:\Users\esthe\Downloads\small boiteux 12_\Boit_1205_12_control.mp4;C:\Users\esthe\Downloads\small boiteux 12_\Boit_1205_13_control.mp4;C:\Users\esthe\Downloads\small boiteux 12_\Boit_1205_2_three.mp4;C:\Users\esthe\Downloads\small boiteux 12_\Boit_1205_3_five.mp4;C:\Users\esthe\Downloads\small boiteux 12_\Boit_1205_4_one.mp4;C:\Users\esthe\Downloads\small boiteux 12_\Boit_1205_5_five.mp4;C:\Users\esthe\Downloads\small boiteux 12_\Boit_1205_6_three.mp4;C:\Users\esthe\Downloads\small boiteux 12_\Boit_1205_7_one.mp4;C:\Users\esthe\Downloads\small boiteux 12_\Boit_1205_8_five.mp4;C:\Users\esthe\Downloads\small boiteux 12_\Boit_1205_9_seven.mp4,0.0,33.361;14.067;14.331;21.564;6.399;8.664;23.761;18.197;19.200;7.900;7.064;10.199;28.898,30.000;30.000;30.000;30.000;30.000;30.000;30.000;30.000;30.000;30.000;30.000;30.000;30.000,Boiteux,lifting,,,START,101.749,C:\Users\esthe\Downloads\small boiteux 12_\Boit_1205_3_five.mp4,101,NA,
boit_1205,2025-06-05 16:05:44.780,,209.095,Media file(s),player #1:C:\Users\esthe\Downloads\small boiteux 12_\Boi_1205_1_seven.mp4;C:\Users\esthe\Downloads\small boiteux 12_\Boit_1205_10_three.mp4;C:\Users\esthe\Downloads\small boiteux 12_\Boit_1205_11_five.mp4;C:\Users\esthe\Downloads\small boiteux 12_\Boit_1205_12_control.mp4;C:\Users\esthe\Downloads\small boiteux 12_\Boit_1205_13_control.mp4;C:\Users\esthe\Downloads\small boiteux 12_\Boit_1205_2_three.mp4;C:\Users\esthe\Downloads\small boiteux 12_\Boit_1205_3_five.mp4;C:\Users\esthe\Downloads\small boiteux 12_\Boit_1205_4_one.mp4;C:\Users\esthe\Downloads\small boiteux 12_\Boit_1205_5_five.mp4;C:\Users\esthe\Downloads\small boiteux 12_\Boit_1205_6_three.mp4;C:\Users\esthe\Downloads\small boiteux 12_\Boit_1205_7_one.mp4;C:\Users\esthe\Downloads\small boiteux 12_\Boit_1205_8_five.mp4;C:\Users\esthe\Downloads\small boiteux 12_\Boit_1205_9_seven.mp4,0.0,33.361;14.067;14.331;21.564;6.399;8.664;23.761;18.197;19.200;7.900;7.064;10.199;28.898,30.000;30.000;30.000;30.000;30.000;30.000;30.000;30.000;30.000;30.000;30.000;30.000;30.000,Boiteux,lifting,,,STOP,102.016,C:\Users\esthe\Downloads\small boiteux 12_\Boit_1205_3_five.mp4,109,NA,
boit_1205,2025-06-05 16:05:44.780,,209.095,Media file(s),player #1:C:\Users\esthe\Downloads\small boiteux 12_\Boi_1205_1_seven.mp4;C:\Users\esthe\Downloads\small boiteux 12_\Boit_1205_10_three.mp4;C:\Users\esthe\Downloads\small boiteux 12_\Boit_1205_11_five.mp4;C:\Users\esthe\Downloads\small boiteux 12_\Boit_1205_12_control.mp4;C:\Users\esthe\Downloads\small boiteux 12_\Boit_1205_13_control.mp4;C:\Users\esthe\Downloads\small boiteux 12_\Boit_1205_2_three.mp4;C:\Users\esthe\Downloads\small boiteux 12_\Boit_1205_3_five.mp4;C:\Users\esthe\Downloads\small boiteux 12_\Boit_1205_4_one.mp4;C:\Users\esthe\Downloads\small boiteux 12_\Boit_1205_5_five.mp4;C:\Users\esthe\Downloads\small boiteux 12_\Boit_1205_6_three.mp4;C:\Users\esthe\Downloads\small boiteux 12_\Boit_1205_7_one.mp4;C:\Users\esthe\Downloads\small boiteux 12_\Boit_1205_8_five.mp4;C:\Users\esthe\Downloads\small boiteux 12_\Boit_1205_9_seven.mp4,0.0,33.361;14.067;14.331;21.564;6.399;8.664;23.761;18.197;19.200;7.900;7.064;10.199;28.898,30.000;30.000;30.000;30.000;30.000;30.000;30.000;30.000;30.000;30.000;30.000;30.000;30.000,Boiteux,assessing,,,START,103.845,C:\Users\esthe\Downloads\small boiteux 12_\Boit_1205_3_five.mp4,164,NA,
boit_1205,2025-06-05 16:05:44.780,,209.095,Media file(s),player #1:C:\Users\esthe\Downloads\small boiteux 12_\Boi_1205_1_seven.mp4;C:\Users\esthe\Downloads\small boiteux 12_\Boit_1205_10_three.mp4;C:\Users\esthe\Downloads\small boiteux 12_\Boit_1205_11_five.mp4;C:\Users\esthe\Downloads\small boiteux 12_\Boit_1205_12_control.mp4;C:\Users\esthe\Downloads\small boiteux 12_\Boit_1205_13_control.mp4;C:\Users\esthe\Downloads\small boiteux 12_\Boit_1205_2_three.mp4;C:\Users\esthe\Downloads\small boiteux 12_\Boit_1205_3_five.mp4;C:\Users\esthe\Downloads\small boiteux 12_\Boit_1205_4_one.mp4;C:\Users\esthe\Downloads\small boiteux 12_\Boit_1205_5_five.mp4;C:\Users\esthe\Downloads\small boiteux 12_\Boit_1205_6_three.mp4;C:\Users\esthe\Downloads\small boiteux 12_\Boit_1205_7_one.mp4;C:\Users\esthe\Downloads\small boiteux 12_\Boit_1205_8_five.mp4;C:\Users\esthe\Downloads\small boiteux 12_\Boit_1205_9_seven.mp4,0.0,33.361;14.067;14.331;21.564;6.399;8.664;23.761;18.197;19.200;7.900;7.064;10.199;28.898,30.000;30.000;30.000;30.000;30.000;30.000;30.000;30.000;30.000;30.000;30.000;30.000;30.000,Boiteux,jaw movement,,,POINT,103.912,C:\Users\esthe\Downloads\small boiteux 12_\Boit_1205_3_five.mp4,166,NA,
boit_1205,2025-06-05 16:05:44.780,,209.095,Media file(s),player #1:C:\Users\esthe\Downloads\small boiteux 12_\Boi_1205_1_seven.mp4;C:\Users\esthe\Downloads\small boiteux 12_\Boit_1205_10_three.mp4;C:\Users\esthe\Downloads\small boiteux 12_\Boit_1205_11_five.mp4;C:\Users\esthe\Downloads\small boiteux 12_\Boit_1205_12_control.mp4;C:\Users\esthe\Downloads\small boiteux 12_\Boit_1205_13_control.mp4;C:\Users\esthe\Downloads\small boiteux 12_\Boit_1205_2_three.mp4;C:\Users\esthe\Downloads\small boiteux 12_\Boit_1205_3_five.mp4;C:\Users\esthe\Downloads\small boiteux 12_\Boit_1205_4_one.mp4;C:\Users\esthe\Downloads\small boiteux 12_\Boit_1205_5_five.mp4;C:\Users\esthe\Downloads\small boiteux 12_\Boit_1205_6_three.mp4;C:\Users\esthe\Downloads\small boiteux 12_\Boit_1205_7_one.mp4;C:\Users\esthe\Downloads\small boiteux 12_\Boit_1205_8_five.mp4;C:\Users\esthe\Downloads\small boiteux 12_\Boit_1205_9_seven.mp4,0.0,33.361;14.067;14.331;21.564;6.399;8.664;23.761;18.197;19.200;7.900;7.064;10.199;28.898,30.000;30.000;30.000;30.000;30.000;30.000;30.000;30.000;30.000;30.000;30.000;30.000;30.000,Boiteux,sniffing,,,POINT,104.246,C:\Users\esthe\Downloads\small boiteux 12_\Boit_1205_3_five.mp4,176,NA,
boit_1205,2025-06-05 16:05:44.780,,209.095,Media file(s),player #1:C:\Users\esthe\Downloads\small boiteux 12_\Boi_1205_1_seven.mp4;C:\Users\esthe\Downloads\small boiteux 12_\Boit_1205_10_three.mp4;C:\Users\esthe\Downloads\small boiteux 12_\Boit_1205_11_five.mp4;C:\Users\esthe\Downloads\small boiteux 12_\Boit_1205_12_control.mp4;C:\Users\esthe\Downloads\small boiteux 12_\Boit_1205_13_control.mp4;C:\Users\esthe\Downloads\small boiteux 12_\Boit_1205_2_three.mp4;C:\Users\esthe\Downloads\small boiteux 12_\Boit_1205_3_five.mp4;C:\Users\esthe\Downloads\small boiteux 12_\Boit_1205_4_one.mp4;C:\Users\esthe\Downloads\small boiteux 12_\Boit_1205_5_five.mp4;C:\Users\esthe\Downloads\small boiteux 12_\Boit_1205_6_three.mp4;C:\Users\esthe\Downloads\small boiteux 12_\Boit_1205_7_one.mp4;C:\Users\esthe\Downloads\small boiteux 12_\Boit_1205_8_five.mp4;C:\Users\esthe\Downloads\small boiteux 12_\Boit_1205_9_seven.mp4,0.0,33.361;14.067;14.331;21.564;6.399;8.664;23.761;18.197;19.200;7.900;7.064;10.199;28.898,30.000;30.000;30.000;30.000;30.000;30.000;30.000;30.000;30.000;30.000;30.000;30.000;30.000,Boiteux,rotation,,Vertical,START,104.279,C:\Users\esthe\Downloads\small boiteux 12_\Boit_1205_3_five.mp4,177,NA,
boit_1205,2025-06-05 16:05:44.780,,209.095,Media file(s),player #1:C:\Users\esthe\Downloads\small boiteux 12_\Boi_1205_1_seven.mp4;C:\Users\esthe\Downloads\small boiteux 12_\Boit_1205_10_three.mp4;C:\Users\esthe\Downloads\small boiteux 12_\Boit_1205_11_five.mp4;C:\Users\esthe\Downloads\small boiteux 12_\Boit_1205_12_control.mp4;C:\Users\esthe\Downloads\small boiteux 12_\Boit_1205_13_control.mp4;C:\Users\esthe\Downloads\small boiteux 12_\Boit_1205_2_three.mp4;C:\Users\esthe\Downloads\small boiteux 12_\Boit_1205_3_five.mp4;C:\Users\esthe\Downloads\small boiteux 12_\Boit_1205_4_one.mp4;C:\Users\esthe\Downloads\small boiteux 12_\Boit_1205_5_five.mp4;C:\Users\esthe\Downloads\small boiteux 12_\Boit_1205_6_three.mp4;C:\Users\esthe\Downloads\small boiteux 12_\Boit_1205_7_one.mp4;C:\Users\esthe\Downloads\small boiteux 12_\Boit_1205_8_five.mp4;C:\Users\esthe\Downloads\small boiteux 12_\Boit_1205_9_seven.mp4,0.0,33.361;14.067;14.331;21.564;6.399;8.664;23.761;18.197;19.200;7.900;7.064;10.199;28.898,30.000;30.000;30.000;30.000;30.000;30.000;30.000;30.000;30.000;30.000;30.000;30.000;30.000,Boiteux,rotation,,Vertical,STOP,104.479,C:\Users\esthe\Downloads\small boiteux 12_\Boit_1205_3_five.mp4,183,NA,
boit_1205,2025-06-05 16:05:44.780,,209.095,Media file(s),player #1:C:\Users\esthe\Downloads\small boiteux 12_\Boi_1205_1_seven.mp4;C:\Users\esthe\Downloads\small boiteux 12_\Boit_1205_10_three.mp4;C:\Users\esthe\Downloads\small boiteux 12_\Boit_1205_11_five.mp4;C:\Users\esthe\Downloads\small boiteux 12_\Boit_1205_12_control.mp4;C:\Users\esthe\Downloads\small boiteux 12_\Boit_1205_13_control.mp4;C:\Users\esthe\Downloads\small boiteux 12_\Boit_1205_2_three.mp4;C:\Users\esthe\Downloads\small boiteux 12_\Boit_1205_3_five.mp4;C:\Users\esthe\Downloads\small boiteux 12_\Boit_1205_4_one.mp4;C:\Users\esthe\Downloads\small boiteux 12_\Boit_1205_5_five.mp4;C:\Users\esthe\Downloads\small boiteux 12_\Boit_1205_6_three.mp4;C:\Users\esthe\Downloads\small boiteux 12_\Boit_1205_7_one.mp4;C:\Users\esthe\Downloads\small boiteux 12_\Boit_1205_8_five.mp4;C:\Users\esthe\Downloads\small boiteux 12_\Boit_1205_9_seven.mp4,0.0,33.361;14.067;14.331;21.564;6.399;8.664;23.761;18.197;19.200;7.900;7.064;10.199;28.898,30.000;30.000;30.000;30.000;30.000;30.000;30.000;30.000;30.000;30.000;30.000;30.000;30.000,Boiteux,jaw movement,,,POINT,104.512,C:\Users\esthe\Downloads\small boiteux 12_\Boit_1205_3_five.mp4,184,NA,
boit_1205,2025-06-05 16:05:44.780,,209.095,Media file(s),player #1:C:\Users\esthe\Downloads\small boiteux 12_\Boi_1205_1_seven.mp4;C:\Users\esthe\Downloads\small boiteux 12_\Boit_1205_10_three.mp4;C:\Users\esthe\Downloads\small boiteux 12_\Boit_1205_11_five.mp4;C:\Users\esthe\Downloads\small boiteux 12_\Boit_1205_12_control.mp4;C:\Users\esthe\Downloads\small boiteux 12_\Boit_1205_13_control.mp4;C:\Users\esthe\Downloads\small boiteux 12_\Boit_1205_2_three.mp4;C:\Users\esthe\Downloads\small boiteux 12_\Boit_1205_3_five.mp4;C:\Users\esthe\Downloads\small boiteux 12_\Boit_1205_4_one.mp4;C:\Users\esthe\Downloads\small boiteux 12_\Boit_1205_5_five.mp4;C:\Users\esthe\Downloads\small boiteux 12_\Boit_1205_6_three.mp4;C:\Users\esthe\Downloads\small boiteux 12_\Boit_1205_7_one.mp4;C:\Users\esthe\Downloads\small boiteux 12_\Boit_1205_8_five.mp4;C:\Users\esthe\Downloads\small boiteux 12_\Boit_1205_9_seven.mp4,0.0,33.361;14.067;14.331;21.564;6.399;8.664;23.761;18.197;19.200;7.900;7.064;10.199;28.898,30.000;30.000;30.000;30.000;30.000;30.000;30.000;30.000;30.000;30.000;30.000;30.000;30.000,Boiteux,rotation,,Vertical,START,104.579,C:\Users\esthe\Downloads\small boiteux 12_\Boit_1205_3_five.mp4,186,NA,
boit_1205,2025-06-05 16:05:44.780,,209.095,Media file(s),player #1:C:\Users\esthe\Downloads\small boiteux 12_\Boi_1205_1_seven.mp4;C:\Users\esthe\Downloads\small boiteux 12_\Boit_1205_10_three.mp4;C:\Users\esthe\Downloads\small boiteux 12_\Boit_1205_11_five.mp4;C:\Users\esthe\Downloads\small boiteux 12_\Boit_1205_12_control.mp4;C:\Users\esthe\Downloads\small boiteux 12_\Boit_1205_13_control.mp4;C:\Users\esthe\Downloads\small boiteux 12_\Boit_1205_2_three.mp4;C:\Users\esthe\Downloads\small boiteux 12_\Boit_1205_3_five.mp4;C:\Users\esthe\Downloads\small boiteux 12_\Boit_1205_4_one.mp4;C:\Users\esthe\Downloads\small boiteux 12_\Boit_1205_5_five.mp4;C:\Users\esthe\Downloads\small boiteux 12_\Boit_1205_6_three.mp4;C:\Users\esthe\Downloads\small boiteux 12_\Boit_1205_7_one.mp4;C:\Users\esthe\Downloads\small boiteux 12_\Boit_1205_8_five.mp4;C:\Users\esthe\Downloads\small boiteux 12_\Boit_1205_9_seven.mp4,0.0,33.361;14.067;14.331;21.564;6.399;8.664;23.761;18.197;19.200;7.900;7.064;10.199;28.898,30.000;30.000;30.000;30.000;30.000;30.000;30.000;30.000;30.000;30.000;30.000;30.000;30.000,Boiteux,rotation,,Vertical,STOP,104.846,C:\Users\esthe\Downloads\small boiteux 12_\Boit_1205_3_five.mp4,194,NA,
boit_1205,2025-06-05 16:05:44.780,,209.095,Media file(s),player #1:C:\Users\esthe\Downloads\small boiteux 12_\Boi_1205_1_seven.mp4;C:\Users\esthe\Downloads\small boiteux 12_\Boit_1205_10_three.mp4;C:\Users\esthe\Downloads\small boiteux 12_\Boit_1205_11_five.mp4;C:\Users\esthe\Downloads\small boiteux 12_\Boit_1205_12_control.mp4;C:\Users\esthe\Downloads\small boiteux 12_\Boit_1205_13_control.mp4;C:\Users\esthe\Downloads\small boiteux 12_\Boit_1205_2_three.mp4;C:\Users\esthe\Downloads\small boiteux 12_\Boit_1205_3_five.mp4;C:\Users\esthe\Downloads\small boiteux 12_\Boit_1205_4_one.mp4;C:\Users\esthe\Downloads\small boiteux 12_\Boit_1205_5_five.mp4;C:\Users\esthe\Downloads\small boiteux 12_\Boit_1205_6_three.mp4;C:\Users\esthe\Downloads\small boiteux 12_\Boit_1205_7_one.mp4;C:\Users\esthe\Downloads\small boiteux 12_\Boit_1205_8_five.mp4;C:\Users\esthe\Downloads\small boiteux 12_\Boit_1205_9_seven.mp4,0.0,33.361;14.067;14.331;21.564;6.399;8.664;23.761;18.197;19.200;7.900;7.064;10.199;28.898,30.000;30.000;30.000;30.000;30.000;30.000;30.000;30.000;30.000;30.000;30.000;30.000;30.000,Boiteux,jaw movement,,,POINT,104.879,C:\Users\esthe\Downloads\small boiteux 12_\Boit_1205_3_five.mp4,195,NA,
boit_1205,2025-06-05 16:05:44.780,,209.095,Media file(s),player #1:C:\Users\esthe\Downloads\small boiteux 12_\Boi_1205_1_seven.mp4;C:\Users\esthe\Downloads\small boiteux 12_\Boit_1205_10_three.mp4;C:\Users\esthe\Downloads\small boiteux 12_\Boit_1205_11_five.mp4;C:\Users\esthe\Downloads\small boiteux 12_\Boit_1205_12_control.mp4;C:\Users\esthe\Downloads\small boiteux 12_\Boit_1205_13_control.mp4;C:\Users\esthe\Downloads\small boiteux 12_\Boit_1205_2_three.mp4;C:\Users\esthe\Downloads\small boiteux 12_\Boit_1205_3_five.mp4;C:\Users\esthe\Downloads\small boiteux 12_\Boit_1205_4_one.mp4;C:\Users\esthe\Downloads\small boiteux 12_\Boit_1205_5_five.mp4;C:\Users\esthe\Downloads\small boiteux 12_\Boit_1205_6_three.mp4;C:\Users\esthe\Downloads\small boiteux 12_\Boit_1205_7_one.mp4;C:\Users\esthe\Downloads\small boiteux 12_\Boit_1205_8_five.mp4;C:\Users\esthe\Downloads\small boiteux 12_\Boit_1205_9_seven.mp4,0.0,33.361;14.067;14.331;21.564;6.399;8.664;23.761;18.197;19.200;7.900;7.064;10.199;28.898,30.000;30.000;30.000;30.000;30.000;30.000;30.000;30.000;30.000;30.000;30.000;30.000;30.000,Boiteux,sniffing,,,POINT,105.079,C:\Users\esthe\Downloads\small boiteux 12_\Boit_1205_3_five.mp4,201,NA,
boit_1205,2025-06-05 16:05:44.780,,209.095,Media file(s),player #1:C:\Users\esthe\Downloads\small boiteux 12_\Boi_1205_1_seven.mp4;C:\Users\esthe\Downloads\small boiteux 12_\Boit_1205_10_three.mp4;C:\Users\esthe\Downloads\small boiteux 12_\Boit_1205_11_five.mp4;C:\Users\esthe\Downloads\small boiteux 12_\Boit_1205_12_control.mp4;C:\Users\esthe\Downloads\small boiteux 12_\Boit_1205_13_control.mp4;C:\Users\esthe\Downloads\small boiteux 12_\Boit_1205_2_three.mp4;C:\Users\esthe\Downloads\small boiteux 12_\Boit_1205_3_five.mp4;C:\Users\esthe\Downloads\small boiteux 12_\Boit_1205_4_one.mp4;C:\Users\esthe\Downloads\small boiteux 12_\Boit_1205_5_five.mp4;C:\Users\esthe\Downloads\small boiteux 12_\Boit_1205_6_three.mp4;C:\Users\esthe\Downloads\small boiteux 12_\Boit_1205_7_one.mp4;C:\Users\esthe\Downloads\small boiteux 12_\Boit_1205_8_five.mp4;C:\Users\esthe\Downloads\small boiteux 12_\Boit_1205_9_seven.mp4,0.0,33.361;14.067;14.331;21.564;6.399;8.664;23.761;18.197;19.200;7.900;7.064;10.199;28.898,30.000;30.000;30.000;30.000;30.000;30.000;30.000;30.000;30.000;30.000;30.000;30.000;30.000,Boiteux,jaw movement,,,POINT,105.379,C:\Users\esthe\Downloads\small boiteux 12_\Boit_1205_3_five.mp4,210,NA,
boit_1205,2025-06-05 16:05:44.780,,209.095,Media file(s),player #1:C:\Users\esthe\Downloads\small boiteux 12_\Boi_1205_1_seven.mp4;C:\Users\esthe\Downloads\small boiteux 12_\Boit_1205_10_three.mp4;C:\Users\esthe\Downloads\small boiteux 12_\Boit_1205_11_five.mp4;C:\Users\esthe\Downloads\small boiteux 12_\Boit_1205_12_control.mp4;C:\Users\esthe\Downloads\small boiteux 12_\Boit_1205_13_control.mp4;C:\Users\esthe\Downloads\small boiteux 12_\Boit_1205_2_three.mp4;C:\Users\esthe\Downloads\small boiteux 12_\Boit_1205_3_five.mp4;C:\Users\esthe\Downloads\small boiteux 12_\Boit_1205_4_one.mp4;C:\Users\esthe\Downloads\small boiteux 12_\Boit_1205_5_five.mp4;C:\Users\esthe\Downloads\small boiteux 12_\Boit_1205_6_three.mp4;C:\Users\esthe\Downloads\small boiteux 12_\Boit_1205_7_one.mp4;C:\Users\esthe\Downloads\small boiteux 12_\Boit_1205_8_five.mp4;C:\Users\esthe\Downloads\small boiteux 12_\Boit_1205_9_seven.mp4,0.0,33.361;14.067;14.331;21.564;6.399;8.664;23.761;18.197;19.200;7.900;7.064;10.199;28.898,30.000;30.000;30.000;30.000;30.000;30.000;30.000;30.000;30.000;30.000;30.000;30.000;30.000,Boiteux,licking,,,POINT,105.546,C:\Users\esthe\Downloads\small boiteux 12_\Boit_1205_3_five.mp4,215,NA,
boit_1205,2025-06-05 16:05:44.780,,209.095,Media file(s),player #1:C:\Users\esthe\Downloads\small boiteux 12_\Boi_1205_1_seven.mp4;C:\Users\esthe\Downloads\small boiteux 12_\Boit_1205_10_three.mp4;C:\Users\esthe\Downloads\small boiteux 12_\Boit_1205_11_five.mp4;C:\Users\esthe\Downloads\small boiteux 12_\Boit_1205_12_control.mp4;C:\Users\esthe\Downloads\small boiteux 12_\Boit_1205_13_control.mp4;C:\Users\esthe\Downloads\small boiteux 12_\Boit_1205_2_three.mp4;C:\Users\esthe\Downloads\small boiteux 12_\Boit_1205_3_five.mp4;C:\Users\esthe\Downloads\small boiteux 12_\Boit_1205_4_one.mp4;C:\Users\esthe\Downloads\small boiteux 12_\Boit_1205_5_five.mp4;C:\Users\esthe\Downloads\small boiteux 12_\Boit_1205_6_three.mp4;C:\Users\esthe\Downloads\small boiteux 12_\Boit_1205_7_one.mp4;C:\Users\esthe\Downloads\small boiteux 12_\Boit_1205_8_five.mp4;C:\Users\esthe\Downloads\small boiteux 12_\Boit_1205_9_seven.mp4,0.0,33.361;14.067;14.331;21.564;6.399;8.664;23.761;18.197;19.200;7.900;7.064;10.199;28.898,30.000;30.000;30.000;30.000;30.000;30.000;30.000;30.000;30.000;30.000;30.000;30.000;30.000,Boiteux,rotation,,Horizontal,START,105.612,C:\Users\esthe\Downloads\small boiteux 12_\Boit_1205_3_five.mp4,217,NA,
boit_1205,2025-06-05 16:05:44.780,,209.095,Media file(s),player #1:C:\Users\esthe\Downloads\small boiteux 12_\Boi_1205_1_seven.mp4;C:\Users\esthe\Downloads\small boiteux 12_\Boit_1205_10_three.mp4;C:\Users\esthe\Downloads\small boiteux 12_\Boit_1205_11_five.mp4;C:\Users\esthe\Downloads\small boiteux 12_\Boit_1205_12_control.mp4;C:\Users\esthe\Downloads\small boiteux 12_\Boit_1205_13_control.mp4;C:\Users\esthe\Downloads\small boiteux 12_\Boit_1205_2_three.mp4;C:\Users\esthe\Downloads\small boiteux 12_\Boit_1205_3_five.mp4;C:\Users\esthe\Downloads\small boiteux 12_\Boit_1205_4_one.mp4;C:\Users\esthe\Downloads\small boiteux 12_\Boit_1205_5_five.mp4;C:\Users\esthe\Downloads\small boiteux 12_\Boit_1205_6_three.mp4;C:\Users\esthe\Downloads\small boiteux 12_\Boit_1205_7_one.mp4;C:\Users\esthe\Downloads\small boiteux 12_\Boit_1205_8_five.mp4;C:\Users\esthe\Downloads\small boiteux 12_\Boit_1205_9_seven.mp4,0.0,33.361;14.067;14.331;21.564;6.399;8.664;23.761;18.197;19.200;7.900;7.064;10.199;28.898,30.000;30.000;30.000;30.000;30.000;30.000;30.000;30.000;30.000;30.000;30.000;30.000;30.000,Boiteux,rotation,,Horizontal,STOP,106.012,C:\Users\esthe\Downloads\small boiteux 12_\Boit_1205_3_five.mp4,229,NA,
boit_1205,2025-06-05 16:05:44.780,,209.095,Media file(s),player #1:C:\Users\esthe\Downloads\small boiteux 12_\Boi_1205_1_seven.mp4;C:\Users\esthe\Downloads\small boiteux 12_\Boit_1205_10_three.mp4;C:\Users\esthe\Downloads\small boiteux 12_\Boit_1205_11_five.mp4;C:\Users\esthe\Downloads\small boiteux 12_\Boit_1205_12_control.mp4;C:\Users\esthe\Downloads\small boiteux 12_\Boit_1205_13_control.mp4;C:\Users\esthe\Downloads\small boiteux 12_\Boit_1205_2_three.mp4;C:\Users\esthe\Downloads\small boiteux 12_\Boit_1205_3_five.mp4;C:\Users\esthe\Downloads\small boiteux 12_\Boit_1205_4_one.mp4;C:\Users\esthe\Downloads\small boiteux 12_\Boit_1205_5_five.mp4;C:\Users\esthe\Downloads\small boiteux 12_\Boit_1205_6_three.mp4;C:\Users\esthe\Downloads\small boiteux 12_\Boit_1205_7_one.mp4;C:\Users\esthe\Downloads\small boiteux 12_\Boit_1205_8_five.mp4;C:\Users\esthe\Downloads\small boiteux 12_\Boit_1205_9_seven.mp4,0.0,33.361;14.067;14.331;21.564;6.399;8.664;23.761;18.197;19.200;7.900;7.064;10.199;28.898,30.000;30.000;30.000;30.000;30.000;30.000;30.000;30.000;30.000;30.000;30.000;30.000;30.000,Boiteux,jaw movement,,,POINT,106.046,C:\Users\esthe\Downloads\small boiteux 12_\Boit_1205_3_five.mp4,230,NA,
boit_1205,2025-06-05 16:05:44.780,,209.095,Media file(s),player #1:C:\Users\esthe\Downloads\small boiteux 12_\Boi_1205_1_seven.mp4;C:\Users\esthe\Downloads\small boiteux 12_\Boit_1205_10_three.mp4;C:\Users\esthe\Downloads\small boiteux 12_\Boit_1205_11_five.mp4;C:\Users\esthe\Downloads\small boiteux 12_\Boit_1205_12_control.mp4;C:\Users\esthe\Downloads\small boiteux 12_\Boit_1205_13_control.mp4;C:\Users\esthe\Downloads\small boiteux 12_\Boit_1205_2_three.mp4;C:\Users\esthe\Downloads\small boiteux 12_\Boit_1205_3_five.mp4;C:\Users\esthe\Downloads\small boiteux 12_\Boit_1205_4_one.mp4;C:\Users\esthe\Downloads\small boiteux 12_\Boit_1205_5_five.mp4;C:\Users\esthe\Downloads\small boiteux 12_\Boit_1205_6_three.mp4;C:\Users\esthe\Downloads\small boiteux 12_\Boit_1205_7_one.mp4;C:\Users\esthe\Downloads\small boiteux 12_\Boit_1205_8_five.mp4;C:\Users\esthe\Downloads\small boiteux 12_\Boit_1205_9_seven.mp4,0.0,33.361;14.067;14.331;21.564;6.399;8.664;23.761;18.197;19.200;7.900;7.064;10.199;28.898,30.000;30.000;30.000;30.000;30.000;30.000;30.000;30.000;30.000;30.000;30.000;30.000;30.000,Boiteux,licking,,,POINT,106.179,C:\Users\esthe\Downloads\small boiteux 12_\Boit_1205_3_five.mp4,234,NA,
boit_1205,2025-06-05 16:05:44.780,,209.095,Media file(s),player #1:C:\Users\esthe\Downloads\small boiteux 12_\Boi_1205_1_seven.mp4;C:\Users\esthe\Downloads\small boiteux 12_\Boit_1205_10_three.mp4;C:\Users\esthe\Downloads\small boiteux 12_\Boit_1205_11_five.mp4;C:\Users\esthe\Downloads\small boiteux 12_\Boit_1205_12_control.mp4;C:\Users\esthe\Downloads\small boiteux 12_\Boit_1205_13_control.mp4;C:\Users\esthe\Downloads\small boiteux 12_\Boit_1205_2_three.mp4;C:\Users\esthe\Downloads\small boiteux 12_\Boit_1205_3_five.mp4;C:\Users\esthe\Downloads\small boiteux 12_\Boit_1205_4_one.mp4;C:\Users\esthe\Downloads\small boiteux 12_\Boit_1205_5_five.mp4;C:\Users\esthe\Downloads\small boiteux 12_\Boit_1205_6_three.mp4;C:\Users\esthe\Downloads\small boiteux 12_\Boit_1205_7_one.mp4;C:\Users\esthe\Downloads\small boiteux 12_\Boit_1205_8_five.mp4;C:\Users\esthe\Downloads\small boiteux 12_\Boit_1205_9_seven.mp4,0.0,33.361;14.067;14.331;21.564;6.399;8.664;23.761;18.197;19.200;7.900;7.064;10.199;28.898,30.000;30.000;30.000;30.000;30.000;30.000;30.000;30.000;30.000;30.000;30.000;30.000;30.000,Boiteux,sniffing,,,POINT,106.312,C:\Users\esthe\Downloads\small boiteux 12_\Boit_1205_3_five.mp4,238,NA,
boit_1205,2025-06-05 16:05:44.780,,209.095,Media file(s),player #1:C:\Users\esthe\Downloads\small boiteux 12_\Boi_1205_1_seven.mp4;C:\Users\esthe\Downloads\small boiteux 12_\Boit_1205_10_three.mp4;C:\Users\esthe\Downloads\small boiteux 12_\Boit_1205_11_five.mp4;C:\Users\esthe\Downloads\small boiteux 12_\Boit_1205_12_control.mp4;C:\Users\esthe\Downloads\small boiteux 12_\Boit_1205_13_control.mp4;C:\Users\esthe\Downloads\small boiteux 12_\Boit_1205_2_three.mp4;C:\Users\esthe\Downloads\small boiteux 12_\Boit_1205_3_five.mp4;C:\Users\esthe\Downloads\small boiteux 12_\Boit_1205_4_one.mp4;C:\Users\esthe\Downloads\small boiteux 12_\Boit_1205_5_five.mp4;C:\Users\esthe\Downloads\small boiteux 12_\Boit_1205_6_three.mp4;C:\Users\esthe\Downloads\small boiteux 12_\Boit_1205_7_one.mp4;C:\Users\esthe\Downloads\small boiteux 12_\Boit_1205_8_five.mp4;C:\Users\esthe\Downloads\small boiteux 12_\Boit_1205_9_seven.mp4,0.0,33.361;14.067;14.331;21.564;6.399;8.664;23.761;18.197;19.200;7.900;7.064;10.199;28.898,30.000;30.000;30.000;30.000;30.000;30.000;30.000;30.000;30.000;30.000;30.000;30.000;30.000,Boiteux,jaw movement,,,POINT,106.446,C:\Users\esthe\Downloads\small boiteux 12_\Boit_1205_3_five.mp4,242,NA,
boit_1205,2025-06-05 16:05:44.780,,209.095,Media file(s),player #1:C:\Users\esthe\Downloads\small boiteux 12_\Boi_1205_1_seven.mp4;C:\Users\esthe\Downloads\small boiteux 12_\Boit_1205_10_three.mp4;C:\Users\esthe\Downloads\small boiteux 12_\Boit_1205_11_five.mp4;C:\Users\esthe\Downloads\small boiteux 12_\Boit_1205_12_control.mp4;C:\Users\esthe\Downloads\small boiteux 12_\Boit_1205_13_control.mp4;C:\Users\esthe\Downloads\small boiteux 12_\Boit_1205_2_three.mp4;C:\Users\esthe\Downloads\small boiteux 12_\Boit_1205_3_five.mp4;C:\Users\esthe\Downloads\small boiteux 12_\Boit_1205_4_one.mp4;C:\Users\esthe\Downloads\small boiteux 12_\Boit_1205_5_five.mp4;C:\Users\esthe\Downloads\small boiteux 12_\Boit_1205_6_three.mp4;C:\Users\esthe\Downloads\small boiteux 12_\Boit_1205_7_one.mp4;C:\Users\esthe\Downloads\small boiteux 12_\Boit_1205_8_five.mp4;C:\Users\esthe\Downloads\small boiteux 12_\Boit_1205_9_seven.mp4,0.0,33.361;14.067;14.331;21.564;6.399;8.664;23.761;18.197;19.200;7.900;7.064;10.199;28.898,30.000;30.000;30.000;30.000;30.000;30.000;30.000;30.000;30.000;30.000;30.000;30.000;30.000,Boiteux,rotation,,Horizontal,START,106.479,C:\Users\esthe\Downloads\small boiteux 12_\Boit_1205_3_five.mp4,243,NA,
boit_1205,2025-06-05 16:05:44.780,,209.095,Media file(s),player #1:C:\Users\esthe\Downloads\small boiteux 12_\Boi_1205_1_seven.mp4;C:\Users\esthe\Downloads\small boiteux 12_\Boit_1205_10_three.mp4;C:\Users\esthe\Downloads\small boiteux 12_\Boit_1205_11_five.mp4;C:\Users\esthe\Downloads\small boiteux 12_\Boit_1205_12_control.mp4;C:\Users\esthe\Downloads\small boiteux 12_\Boit_1205_13_control.mp4;C:\Users\esthe\Downloads\small boiteux 12_\Boit_1205_2_three.mp4;C:\Users\esthe\Downloads\small boiteux 12_\Boit_1205_3_five.mp4;C:\Users\esthe\Downloads\small boiteux 12_\Boit_1205_4_one.mp4;C:\Users\esthe\Downloads\small boiteux 12_\Boit_1205_5_five.mp4;C:\Users\esthe\Downloads\small boiteux 12_\Boit_1205_6_three.mp4;C:\Users\esthe\Downloads\small boiteux 12_\Boit_1205_7_one.mp4;C:\Users\esthe\Downloads\small boiteux 12_\Boit_1205_8_five.mp4;C:\Users\esthe\Downloads\small boiteux 12_\Boit_1205_9_seven.mp4,0.0,33.361;14.067;14.331;21.564;6.399;8.664;23.761;18.197;19.200;7.900;7.064;10.199;28.898,30.000;30.000;30.000;30.000;30.000;30.000;30.000;30.000;30.000;30.000;30.000;30.000;30.000,Boiteux,rotation,,Horizontal,STOP,106.612,C:\Users\esthe\Downloads\small boiteux 12_\Boit_1205_3_five.mp4,247,NA,
boit_1205,2025-06-05 16:05:44.780,,209.095,Media file(s),player #1:C:\Users\esthe\Downloads\small boiteux 12_\Boi_1205_1_seven.mp4;C:\Users\esthe\Downloads\small boiteux 12_\Boit_1205_10_three.mp4;C:\Users\esthe\Downloads\small boiteux 12_\Boit_1205_11_five.mp4;C:\Users\esthe\Downloads\small boiteux 12_\Boit_1205_12_control.mp4;C:\Users\esthe\Downloads\small boiteux 12_\Boit_1205_13_control.mp4;C:\Users\esthe\Downloads\small boiteux 12_\Boit_1205_2_three.mp4;C:\Users\esthe\Downloads\small boiteux 12_\Boit_1205_3_five.mp4;C:\Users\esthe\Downloads\small boiteux 12_\Boit_1205_4_one.mp4;C:\Users\esthe\Downloads\small boiteux 12_\Boit_1205_5_five.mp4;C:\Users\esthe\Downloads\small boiteux 12_\Boit_1205_6_three.mp4;C:\Users\esthe\Downloads\small boiteux 12_\Boit_1205_7_one.mp4;C:\Users\esthe\Downloads\small boiteux 12_\Boit_1205_8_five.mp4;C:\Users\esthe\Downloads\small boiteux 12_\Boit_1205_9_seven.mp4,0.0,33.361;14.067;14.331;21.564;6.399;8.664;23.761;18.197;19.200;7.900;7.064;10.199;28.898,30.000;30.000;30.000;30.000;30.000;30.000;30.000;30.000;30.000;30.000;30.000;30.000;30.000,Boiteux,jaw movement,,,POINT,106.646,C:\Users\esthe\Downloads\small boiteux 12_\Boit_1205_3_five.mp4,248,NA,
boit_1205,2025-06-05 16:05:44.780,,209.095,Media file(s),player #1:C:\Users\esthe\Downloads\small boiteux 12_\Boi_1205_1_seven.mp4;C:\Users\esthe\Downloads\small boiteux 12_\Boit_1205_10_three.mp4;C:\Users\esthe\Downloads\small boiteux 12_\Boit_1205_11_five.mp4;C:\Users\esthe\Downloads\small boiteux 12_\Boit_1205_12_control.mp4;C:\Users\esthe\Downloads\small boiteux 12_\Boit_1205_13_control.mp4;C:\Users\esthe\Downloads\small boiteux 12_\Boit_1205_2_three.mp4;C:\Users\esthe\Downloads\small boiteux 12_\Boit_1205_3_five.mp4;C:\Users\esthe\Downloads\small boiteux 12_\Boit_1205_4_one.mp4;C:\Users\esthe\Downloads\small boiteux 12_\Boit_1205_5_five.mp4;C:\Users\esthe\Downloads\small boiteux 12_\Boit_1205_6_three.mp4;C:\Users\esthe\Downloads\small boiteux 12_\Boit_1205_7_one.mp4;C:\Users\esthe\Downloads\small boiteux 12_\Boit_1205_8_five.mp4;C:\Users\esthe\Downloads\small boiteux 12_\Boit_1205_9_seven.mp4,0.0,33.361;14.067;14.331;21.564;6.399;8.664;23.761;18.197;19.200;7.900;7.064;10.199;28.898,30.000;30.000;30.000;30.000;30.000;30.000;30.000;30.000;30.000;30.000;30.000;30.000;30.000,Boiteux,sniffing,,,POINT,106.812,C:\Users\esthe\Downloads\small boiteux 12_\Boit_1205_3_five.mp4,253,NA,
boit_1205,2025-06-05 16:05:44.780,,209.095,Media file(s),player #1:C:\Users\esthe\Downloads\small boiteux 12_\Boi_1205_1_seven.mp4;C:\Users\esthe\Downloads\small boiteux 12_\Boit_1205_10_three.mp4;C:\Users\esthe\Downloads\small boiteux 12_\Boit_1205_11_five.mp4;C:\Users\esthe\Downloads\small boiteux 12_\Boit_1205_12_control.mp4;C:\Users\esthe\Downloads\small boiteux 12_\Boit_1205_13_control.mp4;C:\Users\esthe\Downloads\small boiteux 12_\Boit_1205_2_three.mp4;C:\Users\esthe\Downloads\small boiteux 12_\Boit_1205_3_five.mp4;C:\Users\esthe\Downloads\small boiteux 12_\Boit_1205_4_one.mp4;C:\Users\esthe\Downloads\small boiteux 12_\Boit_1205_5_five.mp4;C:\Users\esthe\Downloads\small boiteux 12_\Boit_1205_6_three.mp4;C:\Users\esthe\Downloads\small boiteux 12_\Boit_1205_7_one.mp4;C:\Users\esthe\Downloads\small boiteux 12_\Boit_1205_8_five.mp4;C:\Users\esthe\Downloads\small boiteux 12_\Boit_1205_9_seven.mp4,0.0,33.361;14.067;14.331;21.564;6.399;8.664;23.761;18.197;19.200;7.900;7.064;10.199;28.898,30.000;30.000;30.000;30.000;30.000;30.000;30.000;30.000;30.000;30.000;30.000;30.000;30.000,Boiteux,rotation,,Yaw,START,106.846,C:\Users\esthe\Downloads\small boiteux 12_\Boit_1205_3_five.mp4,254,NA,
boit_1205,2025-06-05 16:05:44.780,,209.095,Media file(s),player #1:C:\Users\esthe\Downloads\small boiteux 12_\Boi_1205_1_seven.mp4;C:\Users\esthe\Downloads\small boiteux 12_\Boit_1205_10_three.mp4;C:\Users\esthe\Downloads\small boiteux 12_\Boit_1205_11_five.mp4;C:\Users\esthe\Downloads\small boiteux 12_\Boit_1205_12_control.mp4;C:\Users\esthe\Downloads\small boiteux 12_\Boit_1205_13_control.mp4;C:\Users\esthe\Downloads\small boiteux 12_\Boit_1205_2_three.mp4;C:\Users\esthe\Downloads\small boiteux 12_\Boit_1205_3_five.mp4;C:\Users\esthe\Downloads\small boiteux 12_\Boit_1205_4_one.mp4;C:\Users\esthe\Downloads\small boiteux 12_\Boit_1205_5_five.mp4;C:\Users\esthe\Downloads\small boiteux 12_\Boit_1205_6_three.mp4;C:\Users\esthe\Downloads\small boiteux 12_\Boit_1205_7_one.mp4;C:\Users\esthe\Downloads\small boiteux 12_\Boit_1205_8_five.mp4;C:\Users\esthe\Downloads\small boiteux 12_\Boit_1205_9_seven.mp4,0.0,33.361;14.067;14.331;21.564;6.399;8.664;23.761;18.197;19.200;7.900;7.064;10.199;28.898,30.000;30.000;30.000;30.000;30.000;30.000;30.000;30.000;30.000;30.000;30.000;30.000;30.000,Boiteux,rotation,,Yaw,STOP,107.012,C:\Users\esthe\Downloads\small boiteux 12_\Boit_1205_3_five.mp4,259,NA,
boit_1205,2025-06-05 16:05:44.780,,209.095,Media file(s),player #1:C:\Users\esthe\Downloads\small boiteux 12_\Boi_1205_1_seven.mp4;C:\Users\esthe\Downloads\small boiteux 12_\Boit_1205_10_three.mp4;C:\Users\esthe\Downloads\small boiteux 12_\Boit_1205_11_five.mp4;C:\Users\esthe\Downloads\small boiteux 12_\Boit_1205_12_control.mp4;C:\Users\esthe\Downloads\small boiteux 12_\Boit_1205_13_control.mp4;C:\Users\esthe\Downloads\small boiteux 12_\Boit_1205_2_three.mp4;C:\Users\esthe\Downloads\small boiteux 12_\Boit_1205_3_five.mp4;C:\Users\esthe\Downloads\small boiteux 12_\Boit_1205_4_one.mp4;C:\Users\esthe\Downloads\small boiteux 12_\Boit_1205_5_five.mp4;C:\Users\esthe\Downloads\small boiteux 12_\Boit_1205_6_three.mp4;C:\Users\esthe\Downloads\small boiteux 12_\Boit_1205_7_one.mp4;C:\Users\esthe\Downloads\small boiteux 12_\Boit_1205_8_five.mp4;C:\Users\esthe\Downloads\small boiteux 12_\Boit_1205_9_seven.mp4,0.0,33.361;14.067;14.331;21.564;6.399;8.664;23.761;18.197;19.200;7.900;7.064;10.199;28.898,30.000;30.000;30.000;30.000;30.000;30.000;30.000;30.000;30.000;30.000;30.000;30.000;30.000,Boiteux,jaw movement,,,POINT,107.046,C:\Users\esthe\Downloads\small boiteux 12_\Boit_1205_3_five.mp4,260,NA,
boit_1205,2025-06-05 16:05:44.780,,209.095,Media file(s),player #1:C:\Users\esthe\Downloads\small boiteux 12_\Boi_1205_1_seven.mp4;C:\Users\esthe\Downloads\small boiteux 12_\Boit_1205_10_three.mp4;C:\Users\esthe\Downloads\small boiteux 12_\Boit_1205_11_five.mp4;C:\Users\esthe\Downloads\small boiteux 12_\Boit_1205_12_control.mp4;C:\Users\esthe\Downloads\small boiteux 12_\Boit_1205_13_control.mp4;C:\Users\esthe\Downloads\small boiteux 12_\Boit_1205_2_three.mp4;C:\Users\esthe\Downloads\small boiteux 12_\Boit_1205_3_five.mp4;C:\Users\esthe\Downloads\small boiteux 12_\Boit_1205_4_one.mp4;C:\Users\esthe\Downloads\small boiteux 12_\Boit_1205_5_five.mp4;C:\Users\esthe\Downloads\small boiteux 12_\Boit_1205_6_three.mp4;C:\Users\esthe\Downloads\small boiteux 12_\Boit_1205_7_one.mp4;C:\Users\esthe\Downloads\small boiteux 12_\Boit_1205_8_five.mp4;C:\Users\esthe\Downloads\small boiteux 12_\Boit_1205_9_seven.mp4,0.0,33.361;14.067;14.331;21.564;6.399;8.664;23.761;18.197;19.200;7.900;7.064;10.199;28.898,30.000;30.000;30.000;30.000;30.000;30.000;30.000;30.000;30.000;30.000;30.000;30.000;30.000,Boiteux,jaw movement,,,POINT,107.279,C:\Users\esthe\Downloads\small boiteux 12_\Boit_1205_3_five.mp4,267,NA,
boit_1205,2025-06-05 16:05:44.780,,209.095,Media file(s),player #1:C:\Users\esthe\Downloads\small boiteux 12_\Boi_1205_1_seven.mp4;C:\Users\esthe\Downloads\small boiteux 12_\Boit_1205_10_three.mp4;C:\Users\esthe\Downloads\small boiteux 12_\Boit_1205_11_five.mp4;C:\Users\esthe\Downloads\small boiteux 12_\Boit_1205_12_control.mp4;C:\Users\esthe\Downloads\small boiteux 12_\Boit_1205_13_control.mp4;C:\Users\esthe\Downloads\small boiteux 12_\Boit_1205_2_three.mp4;C:\Users\esthe\Downloads\small boiteux 12_\Boit_1205_3_five.mp4;C:\Users\esthe\Downloads\small boiteux 12_\Boit_1205_4_one.mp4;C:\Users\esthe\Downloads\small boiteux 12_\Boit_1205_5_five.mp4;C:\Users\esthe\Downloads\small boiteux 12_\Boit_1205_6_three.mp4;C:\Users\esthe\Downloads\small boiteux 12_\Boit_1205_7_one.mp4;C:\Users\esthe\Downloads\small boiteux 12_\Boit_1205_8_five.mp4;C:\Users\esthe\Downloads\small boiteux 12_\Boit_1205_9_seven.mp4,0.0,33.361;14.067;14.331;21.564;6.399;8.664;23.761;18.197;19.200;7.900;7.064;10.199;28.898,30.000;30.000;30.000;30.000;30.000;30.000;30.000;30.000;30.000;30.000;30.000;30.000;30.000,Boiteux,licking,,,POINT,107.513,C:\Users\esthe\Downloads\small boiteux 12_\Boit_1205_3_five.mp4,274,NA,
boit_1205,2025-06-05 16:05:44.780,,209.095,Media file(s),player #1:C:\Users\esthe\Downloads\small boiteux 12_\Boi_1205_1_seven.mp4;C:\Users\esthe\Downloads\small boiteux 12_\Boit_1205_10_three.mp4;C:\Users\esthe\Downloads\small boiteux 12_\Boit_1205_11_five.mp4;C:\Users\esthe\Downloads\small boiteux 12_\Boit_1205_12_control.mp4;C:\Users\esthe\Downloads\small boiteux 12_\Boit_1205_13_control.mp4;C:\Users\esthe\Downloads\small boiteux 12_\Boit_1205_2_three.mp4;C:\Users\esthe\Downloads\small boiteux 12_\Boit_1205_3_five.mp4;C:\Users\esthe\Downloads\small boiteux 12_\Boit_1205_4_one.mp4;C:\Users\esthe\Downloads\small boiteux 12_\Boit_1205_5_five.mp4;C:\Users\esthe\Downloads\small boiteux 12_\Boit_1205_6_three.mp4;C:\Users\esthe\Downloads\small boiteux 12_\Boit_1205_7_one.mp4;C:\Users\esthe\Downloads\small boiteux 12_\Boit_1205_8_five.mp4;C:\Users\esthe\Downloads\small boiteux 12_\Boit_1205_9_seven.mp4,0.0,33.361;14.067;14.331;21.564;6.399;8.664;23.761;18.197;19.200;7.900;7.064;10.199;28.898,30.000;30.000;30.000;30.000;30.000;30.000;30.000;30.000;30.000;30.000;30.000;30.000;30.000,Boiteux,sniffing,,,POINT,107.579,C:\Users\esthe\Downloads\small boiteux 12_\Boit_1205_3_five.mp4,276,NA,
boit_1205,2025-06-05 16:05:44.780,,209.095,Media file(s),player #1:C:\Users\esthe\Downloads\small boiteux 12_\Boi_1205_1_seven.mp4;C:\Users\esthe\Downloads\small boiteux 12_\Boit_1205_10_three.mp4;C:\Users\esthe\Downloads\small boiteux 12_\Boit_1205_11_five.mp4;C:\Users\esthe\Downloads\small boiteux 12_\Boit_1205_12_control.mp4;C:\Users\esthe\Downloads\small boiteux 12_\Boit_1205_13_control.mp4;C:\Users\esthe\Downloads\small boiteux 12_\Boit_1205_2_three.mp4;C:\Users\esthe\Downloads\small boiteux 12_\Boit_1205_3_five.mp4;C:\Users\esthe\Downloads\small boiteux 12_\Boit_1205_4_one.mp4;C:\Users\esthe\Downloads\small boiteux 12_\Boit_1205_5_five.mp4;C:\Users\esthe\Downloads\small boiteux 12_\Boit_1205_6_three.mp4;C:\Users\esthe\Downloads\small boiteux 12_\Boit_1205_7_one.mp4;C:\Users\esthe\Downloads\small boiteux 12_\Boit_1205_8_five.mp4;C:\Users\esthe\Downloads\small boiteux 12_\Boit_1205_9_seven.mp4,0.0,33.361;14.067;14.331;21.564;6.399;8.664;23.761;18.197;19.200;7.900;7.064;10.199;28.898,30.000;30.000;30.000;30.000;30.000;30.000;30.000;30.000;30.000;30.000;30.000;30.000;30.000,Boiteux,jaw movement,,,POINT,107.846,C:\Users\esthe\Downloads\small boiteux 12_\Boit_1205_3_five.mp4,284,NA,
boit_1205,2025-06-05 16:05:44.780,,209.095,Media file(s),player #1:C:\Users\esthe\Downloads\small boiteux 12_\Boi_1205_1_seven.mp4;C:\Users\esthe\Downloads\small boiteux 12_\Boit_1205_10_three.mp4;C:\Users\esthe\Downloads\small boiteux 12_\Boit_1205_11_five.mp4;C:\Users\esthe\Downloads\small boiteux 12_\Boit_1205_12_control.mp4;C:\Users\esthe\Downloads\small boiteux 12_\Boit_1205_13_control.mp4;C:\Users\esthe\Downloads\small boiteux 12_\Boit_1205_2_three.mp4;C:\Users\esthe\Downloads\small boiteux 12_\Boit_1205_3_five.mp4;C:\Users\esthe\Downloads\small boiteux 12_\Boit_1205_4_one.mp4;C:\Users\esthe\Downloads\small boiteux 12_\Boit_1205_5_five.mp4;C:\Users\esthe\Downloads\small boiteux 12_\Boit_1205_6_three.mp4;C:\Users\esthe\Downloads\small boiteux 12_\Boit_1205_7_one.mp4;C:\Users\esthe\Downloads\small boiteux 12_\Boit_1205_8_five.mp4;C:\Users\esthe\Downloads\small boiteux 12_\Boit_1205_9_seven.mp4,0.0,33.361;14.067;14.331;21.564;6.399;8.664;23.761;18.197;19.200;7.900;7.064;10.199;28.898,30.000;30.000;30.000;30.000;30.000;30.000;30.000;30.000;30.000;30.000;30.000;30.000;30.000,Boiteux,jaw movement,,,POINT,108.113,C:\Users\esthe\Downloads\small boiteux 12_\Boit_1205_3_five.mp4,292,NA,
boit_1205,2025-06-05 16:05:44.780,,209.095,Media file(s),player #1:C:\Users\esthe\Downloads\small boiteux 12_\Boi_1205_1_seven.mp4;C:\Users\esthe\Downloads\small boiteux 12_\Boit_1205_10_three.mp4;C:\Users\esthe\Downloads\small boiteux 12_\Boit_1205_11_five.mp4;C:\Users\esthe\Downloads\small boiteux 12_\Boit_1205_12_control.mp4;C:\Users\esthe\Downloads\small boiteux 12_\Boit_1205_13_control.mp4;C:\Users\esthe\Downloads\small boiteux 12_\Boit_1205_2_three.mp4;C:\Users\esthe\Downloads\small boiteux 12_\Boit_1205_3_five.mp4;C:\Users\esthe\Downloads\small boiteux 12_\Boit_1205_4_one.mp4;C:\Users\esthe\Downloads\small boiteux 12_\Boit_1205_5_five.mp4;C:\Users\esthe\Downloads\small boiteux 12_\Boit_1205_6_three.mp4;C:\Users\esthe\Downloads\small boiteux 12_\Boit_1205_7_one.mp4;C:\Users\esthe\Downloads\small boiteux 12_\Boit_1205_8_five.mp4;C:\Users\esthe\Downloads\small boiteux 12_\Boit_1205_9_seven.mp4,0.0,33.361;14.067;14.331;21.564;6.399;8.664;23.761;18.197;19.200;7.900;7.064;10.199;28.898,30.000;30.000;30.000;30.000;30.000;30.000;30.000;30.000;30.000;30.000;30.000;30.000;30.000,Boiteux,jaw movement,,,POINT,108.313,C:\Users\esthe\Downloads\small boiteux 12_\Boit_1205_3_five.mp4,298,NA,
boit_1205,2025-06-05 16:05:44.780,,209.095,Media file(s),player #1:C:\Users\esthe\Downloads\small boiteux 12_\Boi_1205_1_seven.mp4;C:\Users\esthe\Downloads\small boiteux 12_\Boit_1205_10_three.mp4;C:\Users\esthe\Downloads\small boiteux 12_\Boit_1205_11_five.mp4;C:\Users\esthe\Downloads\small boiteux 12_\Boit_1205_12_control.mp4;C:\Users\esthe\Downloads\small boiteux 12_\Boit_1205_13_control.mp4;C:\Users\esthe\Downloads\small boiteux 12_\Boit_1205_2_three.mp4;C:\Users\esthe\Downloads\small boiteux 12_\Boit_1205_3_five.mp4;C:\Users\esthe\Downloads\small boiteux 12_\Boit_1205_4_one.mp4;C:\Users\esthe\Downloads\small boiteux 12_\Boit_1205_5_five.mp4;C:\Users\esthe\Downloads\small boiteux 12_\Boit_1205_6_three.mp4;C:\Users\esthe\Downloads\small boiteux 12_\Boit_1205_7_one.mp4;C:\Users\esthe\Downloads\small boiteux 12_\Boit_1205_8_five.mp4;C:\Users\esthe\Downloads\small boiteux 12_\Boit_1205_9_seven.mp4,0.0,33.361;14.067;14.331;21.564;6.399;8.664;23.761;18.197;19.200;7.900;7.064;10.199;28.898,30.000;30.000;30.000;30.000;30.000;30.000;30.000;30.000;30.000;30.000;30.000;30.000;30.000,Boiteux,rotation,,Vertical,START,108.346,C:\Users\esthe\Downloads\small boiteux 12_\Boit_1205_3_five.mp4,299,NA,
boit_1205,2025-06-05 16:05:44.780,,209.095,Media file(s),player #1:C:\Users\esthe\Downloads\small boiteux 12_\Boi_1205_1_seven.mp4;C:\Users\esthe\Downloads\small boiteux 12_\Boit_1205_10_three.mp4;C:\Users\esthe\Downloads\small boiteux 12_\Boit_1205_11_five.mp4;C:\Users\esthe\Downloads\small boiteux 12_\Boit_1205_12_control.mp4;C:\Users\esthe\Downloads\small boiteux 12_\Boit_1205_13_control.mp4;C:\Users\esthe\Downloads\small boiteux 12_\Boit_1205_2_three.mp4;C:\Users\esthe\Downloads\small boiteux 12_\Boit_1205_3_five.mp4;C:\Users\esthe\Downloads\small boiteux 12_\Boit_1205_4_one.mp4;C:\Users\esthe\Downloads\small boiteux 12_\Boit_1205_5_five.mp4;C:\Users\esthe\Downloads\small boiteux 12_\Boit_1205_6_three.mp4;C:\Users\esthe\Downloads\small boiteux 12_\Boit_1205_7_one.mp4;C:\Users\esthe\Downloads\small boiteux 12_\Boit_1205_8_five.mp4;C:\Users\esthe\Downloads\small boiteux 12_\Boit_1205_9_seven.mp4,0.0,33.361;14.067;14.331;21.564;6.399;8.664;23.761;18.197;19.200;7.900;7.064;10.199;28.898,30.000;30.000;30.000;30.000;30.000;30.000;30.000;30.000;30.000;30.000;30.000;30.000;30.000,Boiteux,rotation,,Vertical,STOP,108.546,C:\Users\esthe\Downloads\small boiteux 12_\Boit_1205_3_five.mp4,305,NA,
boit_1205,2025-06-05 16:05:44.780,,209.095,Media file(s),player #1:C:\Users\esthe\Downloads\small boiteux 12_\Boi_1205_1_seven.mp4;C:\Users\esthe\Downloads\small boiteux 12_\Boit_1205_10_three.mp4;C:\Users\esthe\Downloads\small boiteux 12_\Boit_1205_11_five.mp4;C:\Users\esthe\Downloads\small boiteux 12_\Boit_1205_12_control.mp4;C:\Users\esthe\Downloads\small boiteux 12_\Boit_1205_13_control.mp4;C:\Users\esthe\Downloads\small boiteux 12_\Boit_1205_2_three.mp4;C:\Users\esthe\Downloads\small boiteux 12_\Boit_1205_3_five.mp4;C:\Users\esthe\Downloads\small boiteux 12_\Boit_1205_4_one.mp4;C:\Users\esthe\Downloads\small boiteux 12_\Boit_1205_5_five.mp4;C:\Users\esthe\Downloads\small boiteux 12_\Boit_1205_6_three.mp4;C:\Users\esthe\Downloads\small boiteux 12_\Boit_1205_7_one.mp4;C:\Users\esthe\Downloads\small boiteux 12_\Boit_1205_8_five.mp4;C:\Users\esthe\Downloads\small boiteux 12_\Boit_1205_9_seven.mp4,0.0,33.361;14.067;14.331;21.564;6.399;8.664;23.761;18.197;19.200;7.900;7.064;10.199;28.898,30.000;30.000;30.000;30.000;30.000;30.000;30.000;30.000;30.000;30.000;30.000;30.000;30.000,Boiteux,jaw movement,,,POINT,108.579,C:\Users\esthe\Downloads\small boiteux 12_\Boit_1205_3_five.mp4,306,NA,
boit_1205,2025-06-05 16:05:44.780,,209.095,Media file(s),player #1:C:\Users\esthe\Downloads\small boiteux 12_\Boi_1205_1_seven.mp4;C:\Users\esthe\Downloads\small boiteux 12_\Boit_1205_10_three.mp4;C:\Users\esthe\Downloads\small boiteux 12_\Boit_1205_11_five.mp4;C:\Users\esthe\Downloads\small boiteux 12_\Boit_1205_12_control.mp4;C:\Users\esthe\Downloads\small boiteux 12_\Boit_1205_13_control.mp4;C:\Users\esthe\Downloads\small boiteux 12_\Boit_1205_2_three.mp4;C:\Users\esthe\Downloads\small boiteux 12_\Boit_1205_3_five.mp4;C:\Users\esthe\Downloads\small boiteux 12_\Boit_1205_4_one.mp4;C:\Users\esthe\Downloads\small boiteux 12_\Boit_1205_5_five.mp4;C:\Users\esthe\Downloads\small boiteux 12_\Boit_1205_6_three.mp4;C:\Users\esthe\Downloads\small boiteux 12_\Boit_1205_7_one.mp4;C:\Users\esthe\Downloads\small boiteux 12_\Boit_1205_8_five.mp4;C:\Users\esthe\Downloads\small boiteux 12_\Boit_1205_9_seven.mp4,0.0,33.361;14.067;14.331;21.564;6.399;8.664;23.761;18.197;19.200;7.900;7.064;10.199;28.898,30.000;30.000;30.000;30.000;30.000;30.000;30.000;30.000;30.000;30.000;30.000;30.000;30.000,Boiteux,jaw movement,,,POINT,108.679,C:\Users\esthe\Downloads\small boiteux 12_\Boit_1205_3_five.mp4,309,NA,
boit_1205,2025-06-05 16:05:44.780,,209.095,Media file(s),player #1:C:\Users\esthe\Downloads\small boiteux 12_\Boi_1205_1_seven.mp4;C:\Users\esthe\Downloads\small boiteux 12_\Boit_1205_10_three.mp4;C:\Users\esthe\Downloads\small boiteux 12_\Boit_1205_11_five.mp4;C:\Users\esthe\Downloads\small boiteux 12_\Boit_1205_12_control.mp4;C:\Users\esthe\Downloads\small boiteux 12_\Boit_1205_13_control.mp4;C:\Users\esthe\Downloads\small boiteux 12_\Boit_1205_2_three.mp4;C:\Users\esthe\Downloads\small boiteux 12_\Boit_1205_3_five.mp4;C:\Users\esthe\Downloads\small boiteux 12_\Boit_1205_4_one.mp4;C:\Users\esthe\Downloads\small boiteux 12_\Boit_1205_5_five.mp4;C:\Users\esthe\Downloads\small boiteux 12_\Boit_1205_6_three.mp4;C:\Users\esthe\Downloads\small boiteux 12_\Boit_1205_7_one.mp4;C:\Users\esthe\Downloads\small boiteux 12_\Boit_1205_8_five.mp4;C:\Users\esthe\Downloads\small boiteux 12_\Boit_1205_9_seven.mp4,0.0,33.361;14.067;14.331;21.564;6.399;8.664;23.761;18.197;19.200;7.900;7.064;10.199;28.898,30.000;30.000;30.000;30.000;30.000;30.000;30.000;30.000;30.000;30.000;30.000;30.000;30.000,Boiteux,licking,,,POINT,108.846,C:\Users\esthe\Downloads\small boiteux 12_\Boit_1205_3_five.mp4,314,NA,
boit_1205,2025-06-05 16:05:44.780,,209.095,Media file(s),player #1:C:\Users\esthe\Downloads\small boiteux 12_\Boi_1205_1_seven.mp4;C:\Users\esthe\Downloads\small boiteux 12_\Boit_1205_10_three.mp4;C:\Users\esthe\Downloads\small boiteux 12_\Boit_1205_11_five.mp4;C:\Users\esthe\Downloads\small boiteux 12_\Boit_1205_12_control.mp4;C:\Users\esthe\Downloads\small boiteux 12_\Boit_1205_13_control.mp4;C:\Users\esthe\Downloads\small boiteux 12_\Boit_1205_2_three.mp4;C:\Users\esthe\Downloads\small boiteux 12_\Boit_1205_3_five.mp4;C:\Users\esthe\Downloads\small boiteux 12_\Boit_1205_4_one.mp4;C:\Users\esthe\Downloads\small boiteux 12_\Boit_1205_5_five.mp4;C:\Users\esthe\Downloads\small boiteux 12_\Boit_1205_6_three.mp4;C:\Users\esthe\Downloads\small boiteux 12_\Boit_1205_7_one.mp4;C:\Users\esthe\Downloads\small boiteux 12_\Boit_1205_8_five.mp4;C:\Users\esthe\Downloads\small boiteux 12_\Boit_1205_9_seven.mp4,0.0,33.361;14.067;14.331;21.564;6.399;8.664;23.761;18.197;19.200;7.900;7.064;10.199;28.898,30.000;30.000;30.000;30.000;30.000;30.000;30.000;30.000;30.000;30.000;30.000;30.000;30.000,Boiteux,sniffing,,,POINT,109.046,C:\Users\esthe\Downloads\small boiteux 12_\Boit_1205_3_five.mp4,320,NA,
boit_1205,2025-06-05 16:05:44.780,,209.095,Media file(s),player #1:C:\Users\esthe\Downloads\small boiteux 12_\Boi_1205_1_seven.mp4;C:\Users\esthe\Downloads\small boiteux 12_\Boit_1205_10_three.mp4;C:\Users\esthe\Downloads\small boiteux 12_\Boit_1205_11_five.mp4;C:\Users\esthe\Downloads\small boiteux 12_\Boit_1205_12_control.mp4;C:\Users\esthe\Downloads\small boiteux 12_\Boit_1205_13_control.mp4;C:\Users\esthe\Downloads\small boiteux 12_\Boit_1205_2_three.mp4;C:\Users\esthe\Downloads\small boiteux 12_\Boit_1205_3_five.mp4;C:\Users\esthe\Downloads\small boiteux 12_\Boit_1205_4_one.mp4;C:\Users\esthe\Downloads\small boiteux 12_\Boit_1205_5_five.mp4;C:\Users\esthe\Downloads\small boiteux 12_\Boit_1205_6_three.mp4;C:\Users\esthe\Downloads\small boiteux 12_\Boit_1205_7_one.mp4;C:\Users\esthe\Downloads\small boiteux 12_\Boit_1205_8_five.mp4;C:\Users\esthe\Downloads\small boiteux 12_\Boit_1205_9_seven.mp4,0.0,33.361;14.067;14.331;21.564;6.399;8.664;23.761;18.197;19.200;7.900;7.064;10.199;28.898,30.000;30.000;30.000;30.000;30.000;30.000;30.000;30.000;30.000;30.000;30.000;30.000;30.000,Boiteux,rotation,,Vertical,START,109.279,C:\Users\esthe\Downloads\small boiteux 12_\Boit_1205_3_five.mp4,327,NA,
boit_1205,2025-06-05 16:05:44.780,,209.095,Media file(s),player #1:C:\Users\esthe\Downloads\small boiteux 12_\Boi_1205_1_seven.mp4;C:\Users\esthe\Downloads\small boiteux 12_\Boit_1205_10_three.mp4;C:\Users\esthe\Downloads\small boiteux 12_\Boit_1205_11_five.mp4;C:\Users\esthe\Downloads\small boiteux 12_\Boit_1205_12_control.mp4;C:\Users\esthe\Downloads\small boiteux 12_\Boit_1205_13_control.mp4;C:\Users\esthe\Downloads\small boiteux 12_\Boit_1205_2_three.mp4;C:\Users\esthe\Downloads\small boiteux 12_\Boit_1205_3_five.mp4;C:\Users\esthe\Downloads\small boiteux 12_\Boit_1205_4_one.mp4;C:\Users\esthe\Downloads\small boiteux 12_\Boit_1205_5_five.mp4;C:\Users\esthe\Downloads\small boiteux 12_\Boit_1205_6_three.mp4;C:\Users\esthe\Downloads\small boiteux 12_\Boit_1205_7_one.mp4;C:\Users\esthe\Downloads\small boiteux 12_\Boit_1205_8_five.mp4;C:\Users\esthe\Downloads\small boiteux 12_\Boit_1205_9_seven.mp4,0.0,33.361;14.067;14.331;21.564;6.399;8.664;23.761;18.197;19.200;7.900;7.064;10.199;28.898,30.000;30.000;30.000;30.000;30.000;30.000;30.000;30.000;30.000;30.000;30.000;30.000;30.000,Boiteux,rotation,,Vertical,STOP,109.613,C:\Users\esthe\Downloads\small boiteux 12_\Boit_1205_3_five.mp4,337,NA,
boit_1205,2025-06-05 16:05:44.780,,209.095,Media file(s),player #1:C:\Users\esthe\Downloads\small boiteux 12_\Boi_1205_1_seven.mp4;C:\Users\esthe\Downloads\small boiteux 12_\Boit_1205_10_three.mp4;C:\Users\esthe\Downloads\small boiteux 12_\Boit_1205_11_five.mp4;C:\Users\esthe\Downloads\small boiteux 12_\Boit_1205_12_control.mp4;C:\Users\esthe\Downloads\small boiteux 12_\Boit_1205_13_control.mp4;C:\Users\esthe\Downloads\small boiteux 12_\Boit_1205_2_three.mp4;C:\Users\esthe\Downloads\small boiteux 12_\Boit_1205_3_five.mp4;C:\Users\esthe\Downloads\small boiteux 12_\Boit_1205_4_one.mp4;C:\Users\esthe\Downloads\small boiteux 12_\Boit_1205_5_five.mp4;C:\Users\esthe\Downloads\small boiteux 12_\Boit_1205_6_three.mp4;C:\Users\esthe\Downloads\small boiteux 12_\Boit_1205_7_one.mp4;C:\Users\esthe\Downloads\small boiteux 12_\Boit_1205_8_five.mp4;C:\Users\esthe\Downloads\small boiteux 12_\Boit_1205_9_seven.mp4,0.0,33.361;14.067;14.331;21.564;6.399;8.664;23.761;18.197;19.200;7.900;7.064;10.199;28.898,30.000;30.000;30.000;30.000;30.000;30.000;30.000;30.000;30.000;30.000;30.000;30.000;30.000,Boiteux,jaw movement,,,POINT,109.646,C:\Users\esthe\Downloads\small boiteux 12_\Boit_1205_3_five.mp4,338,NA,
boit_1205,2025-06-05 16:05:44.780,,209.095,Media file(s),player #1:C:\Users\esthe\Downloads\small boiteux 12_\Boi_1205_1_seven.mp4;C:\Users\esthe\Downloads\small boiteux 12_\Boit_1205_10_three.mp4;C:\Users\esthe\Downloads\small boiteux 12_\Boit_1205_11_five.mp4;C:\Users\esthe\Downloads\small boiteux 12_\Boit_1205_12_control.mp4;C:\Users\esthe\Downloads\small boiteux 12_\Boit_1205_13_control.mp4;C:\Users\esthe\Downloads\small boiteux 12_\Boit_1205_2_three.mp4;C:\Users\esthe\Downloads\small boiteux 12_\Boit_1205_3_five.mp4;C:\Users\esthe\Downloads\small boiteux 12_\Boit_1205_4_one.mp4;C:\Users\esthe\Downloads\small boiteux 12_\Boit_1205_5_five.mp4;C:\Users\esthe\Downloads\small boiteux 12_\Boit_1205_6_three.mp4;C:\Users\esthe\Downloads\small boiteux 12_\Boit_1205_7_one.mp4;C:\Users\esthe\Downloads\small boiteux 12_\Boit_1205_8_five.mp4;C:\Users\esthe\Downloads\small boiteux 12_\Boit_1205_9_seven.mp4,0.0,33.361;14.067;14.331;21.564;6.399;8.664;23.761;18.197;19.200;7.900;7.064;10.199;28.898,30.000;30.000;30.000;30.000;30.000;30.000;30.000;30.000;30.000;30.000;30.000;30.000;30.000,Boiteux,translational movement,,,POINT,109.846,C:\Users\esthe\Downloads\small boiteux 12_\Boit_1205_3_five.mp4,344,NA,
boit_1205,2025-06-05 16:05:44.780,,209.095,Media file(s),player #1:C:\Users\esthe\Downloads\small boiteux 12_\Boi_1205_1_seven.mp4;C:\Users\esthe\Downloads\small boiteux 12_\Boit_1205_10_three.mp4;C:\Users\esthe\Downloads\small boiteux 12_\Boit_1205_11_five.mp4;C:\Users\esthe\Downloads\small boiteux 12_\Boit_1205_12_control.mp4;C:\Users\esthe\Downloads\small boiteux 12_\Boit_1205_13_control.mp4;C:\Users\esthe\Downloads\small boiteux 12_\Boit_1205_2_three.mp4;C:\Users\esthe\Downloads\small boiteux 12_\Boit_1205_3_five.mp4;C:\Users\esthe\Downloads\small boiteux 12_\Boit_1205_4_one.mp4;C:\Users\esthe\Downloads\small boiteux 12_\Boit_1205_5_five.mp4;C:\Users\esthe\Downloads\small boiteux 12_\Boit_1205_6_three.mp4;C:\Users\esthe\Downloads\small boiteux 12_\Boit_1205_7_one.mp4;C:\Users\esthe\Downloads\small boiteux 12_\Boit_1205_8_five.mp4;C:\Users\esthe\Downloads\small boiteux 12_\Boit_1205_9_seven.mp4,0.0,33.361;14.067;14.331;21.564;6.399;8.664;23.761;18.197;19.200;7.900;7.064;10.199;28.898,30.000;30.000;30.000;30.000;30.000;30.000;30.000;30.000;30.000;30.000;30.000;30.000;30.000,Boiteux,jaw movement,,,POINT,110.146,C:\Users\esthe\Downloads\small boiteux 12_\Boit_1205_3_five.mp4,353,NA,
boit_1205,2025-06-05 16:05:44.780,,209.095,Media file(s),player #1:C:\Users\esthe\Downloads\small boiteux 12_\Boi_1205_1_seven.mp4;C:\Users\esthe\Downloads\small boiteux 12_\Boit_1205_10_three.mp4;C:\Users\esthe\Downloads\small boiteux 12_\Boit_1205_11_five.mp4;C:\Users\esthe\Downloads\small boiteux 12_\Boit_1205_12_control.mp4;C:\Users\esthe\Downloads\small boiteux 12_\Boit_1205_13_control.mp4;C:\Users\esthe\Downloads\small boiteux 12_\Boit_1205_2_three.mp4;C:\Users\esthe\Downloads\small boiteux 12_\Boit_1205_3_five.mp4;C:\Users\esthe\Downloads\small boiteux 12_\Boit_1205_4_one.mp4;C:\Users\esthe\Downloads\small boiteux 12_\Boit_1205_5_five.mp4;C:\Users\esthe\Downloads\small boiteux 12_\Boit_1205_6_three.mp4;C:\Users\esthe\Downloads\small boiteux 12_\Boit_1205_7_one.mp4;C:\Users\esthe\Downloads\small boiteux 12_\Boit_1205_8_five.mp4;C:\Users\esthe\Downloads\small boiteux 12_\Boit_1205_9_seven.mp4,0.0,33.361;14.067;14.331;21.564;6.399;8.664;23.761;18.197;19.200;7.900;7.064;10.199;28.898,30.000;30.000;30.000;30.000;30.000;30.000;30.000;30.000;30.000;30.000;30.000;30.000;30.000,Boiteux,licking,,,POINT,110.413,C:\Users\esthe\Downloads\small boiteux 12_\Boit_1205_3_five.mp4,361,NA,
boit_1205,2025-06-05 16:05:44.780,,209.095,Media file(s),player #1:C:\Users\esthe\Downloads\small boiteux 12_\Boi_1205_1_seven.mp4;C:\Users\esthe\Downloads\small boiteux 12_\Boit_1205_10_three.mp4;C:\Users\esthe\Downloads\small boiteux 12_\Boit_1205_11_five.mp4;C:\Users\esthe\Downloads\small boiteux 12_\Boit_1205_12_control.mp4;C:\Users\esthe\Downloads\small boiteux 12_\Boit_1205_13_control.mp4;C:\Users\esthe\Downloads\small boiteux 12_\Boit_1205_2_three.mp4;C:\Users\esthe\Downloads\small boiteux 12_\Boit_1205_3_five.mp4;C:\Users\esthe\Downloads\small boiteux 12_\Boit_1205_4_one.mp4;C:\Users\esthe\Downloads\small boiteux 12_\Boit_1205_5_five.mp4;C:\Users\esthe\Downloads\small boiteux 12_\Boit_1205_6_three.mp4;C:\Users\esthe\Downloads\small boiteux 12_\Boit_1205_7_one.mp4;C:\Users\esthe\Downloads\small boiteux 12_\Boit_1205_8_five.mp4;C:\Users\esthe\Downloads\small boiteux 12_\Boit_1205_9_seven.mp4,0.0,33.361;14.067;14.331;21.564;6.399;8.664;23.761;18.197;19.200;7.900;7.064;10.199;28.898,30.000;30.000;30.000;30.000;30.000;30.000;30.000;30.000;30.000;30.000;30.000;30.000;30.000,Boiteux,jaw movement,,,POINT,110.546,C:\Users\esthe\Downloads\small boiteux 12_\Boit_1205_3_five.mp4,365,NA,
boit_1205,2025-06-05 16:05:44.780,,209.095,Media file(s),player #1:C:\Users\esthe\Downloads\small boiteux 12_\Boi_1205_1_seven.mp4;C:\Users\esthe\Downloads\small boiteux 12_\Boit_1205_10_three.mp4;C:\Users\esthe\Downloads\small boiteux 12_\Boit_1205_11_five.mp4;C:\Users\esthe\Downloads\small boiteux 12_\Boit_1205_12_control.mp4;C:\Users\esthe\Downloads\small boiteux 12_\Boit_1205_13_control.mp4;C:\Users\esthe\Downloads\small boiteux 12_\Boit_1205_2_three.mp4;C:\Users\esthe\Downloads\small boiteux 12_\Boit_1205_3_five.mp4;C:\Users\esthe\Downloads\small boiteux 12_\Boit_1205_4_one.mp4;C:\Users\esthe\Downloads\small boiteux 12_\Boit_1205_5_five.mp4;C:\Users\esthe\Downloads\small boiteux 12_\Boit_1205_6_three.mp4;C:\Users\esthe\Downloads\small boiteux 12_\Boit_1205_7_one.mp4;C:\Users\esthe\Downloads\small boiteux 12_\Boit_1205_8_five.mp4;C:\Users\esthe\Downloads\small boiteux 12_\Boit_1205_9_seven.mp4,0.0,33.361;14.067;14.331;21.564;6.399;8.664;23.761;18.197;19.200;7.900;7.064;10.199;28.898,30.000;30.000;30.000;30.000;30.000;30.000;30.000;30.000;30.000;30.000;30.000;30.000;30.000,Boiteux,jaw movement,,,POINT,110.779,C:\Users\esthe\Downloads\small boiteux 12_\Boit_1205_3_five.mp4,372,NA,
boit_1205,2025-06-05 16:05:44.780,,209.095,Media file(s),player #1:C:\Users\esthe\Downloads\small boiteux 12_\Boi_1205_1_seven.mp4;C:\Users\esthe\Downloads\small boiteux 12_\Boit_1205_10_three.mp4;C:\Users\esthe\Downloads\small boiteux 12_\Boit_1205_11_five.mp4;C:\Users\esthe\Downloads\small boiteux 12_\Boit_1205_12_control.mp4;C:\Users\esthe\Downloads\small boiteux 12_\Boit_1205_13_control.mp4;C:\Users\esthe\Downloads\small boiteux 12_\Boit_1205_2_three.mp4;C:\Users\esthe\Downloads\small boiteux 12_\Boit_1205_3_five.mp4;C:\Users\esthe\Downloads\small boiteux 12_\Boit_1205_4_one.mp4;C:\Users\esthe\Downloads\small boiteux 12_\Boit_1205_5_five.mp4;C:\Users\esthe\Downloads\small boiteux 12_\Boit_1205_6_three.mp4;C:\Users\esthe\Downloads\small boiteux 12_\Boit_1205_7_one.mp4;C:\Users\esthe\Downloads\small boiteux 12_\Boit_1205_8_five.mp4;C:\Users\esthe\Downloads\small boiteux 12_\Boit_1205_9_seven.mp4,0.0,33.361;14.067;14.331;21.564;6.399;8.664;23.761;18.197;19.200;7.900;7.064;10.199;28.898,30.000;30.000;30.000;30.000;30.000;30.000;30.000;30.000;30.000;30.000;30.000;30.000;30.000,Boiteux,translational movement,,,POINT,111.013,C:\Users\esthe\Downloads\small boiteux 12_\Boit_1205_3_five.mp4,379,NA,
boit_1205,2025-06-05 16:05:44.780,,209.095,Media file(s),player #1:C:\Users\esthe\Downloads\small boiteux 12_\Boi_1205_1_seven.mp4;C:\Users\esthe\Downloads\small boiteux 12_\Boit_1205_10_three.mp4;C:\Users\esthe\Downloads\small boiteux 12_\Boit_1205_11_five.mp4;C:\Users\esthe\Downloads\small boiteux 12_\Boit_1205_12_control.mp4;C:\Users\esthe\Downloads\small boiteux 12_\Boit_1205_13_control.mp4;C:\Users\esthe\Downloads\small boiteux 12_\Boit_1205_2_three.mp4;C:\Users\esthe\Downloads\small boiteux 12_\Boit_1205_3_five.mp4;C:\Users\esthe\Downloads\small boiteux 12_\Boit_1205_4_one.mp4;C:\Users\esthe\Downloads\small boiteux 12_\Boit_1205_5_five.mp4;C:\Users\esthe\Downloads\small boiteux 12_\Boit_1205_6_three.mp4;C:\Users\esthe\Downloads\small boiteux 12_\Boit_1205_7_one.mp4;C:\Users\esthe\Downloads\small boiteux 12_\Boit_1205_8_five.mp4;C:\Users\esthe\Downloads\small boiteux 12_\Boit_1205_9_seven.mp4,0.0,33.361;14.067;14.331;21.564;6.399;8.664;23.761;18.197;19.200;7.900;7.064;10.199;28.898,30.000;30.000;30.000;30.000;30.000;30.000;30.000;30.000;30.000;30.000;30.000;30.000;30.000,Boiteux,jaw movement,,,POINT,111.079,C:\Users\esthe\Downloads\small boiteux 12_\Boit_1205_3_five.mp4,381,NA,
boit_1205,2025-06-05 16:05:44.780,,209.095,Media file(s),player #1:C:\Users\esthe\Downloads\small boiteux 12_\Boi_1205_1_seven.mp4;C:\Users\esthe\Downloads\small boiteux 12_\Boit_1205_10_three.mp4;C:\Users\esthe\Downloads\small boiteux 12_\Boit_1205_11_five.mp4;C:\Users\esthe\Downloads\small boiteux 12_\Boit_1205_12_control.mp4;C:\Users\esthe\Downloads\small boiteux 12_\Boit_1205_13_control.mp4;C:\Users\esthe\Downloads\small boiteux 12_\Boit_1205_2_three.mp4;C:\Users\esthe\Downloads\small boiteux 12_\Boit_1205_3_five.mp4;C:\Users\esthe\Downloads\small boiteux 12_\Boit_1205_4_one.mp4;C:\Users\esthe\Downloads\small boiteux 12_\Boit_1205_5_five.mp4;C:\Users\esthe\Downloads\small boiteux 12_\Boit_1205_6_three.mp4;C:\Users\esthe\Downloads\small boiteux 12_\Boit_1205_7_one.mp4;C:\Users\esthe\Downloads\small boiteux 12_\Boit_1205_8_five.mp4;C:\Users\esthe\Downloads\small boiteux 12_\Boit_1205_9_seven.mp4,0.0,33.361;14.067;14.331;21.564;6.399;8.664;23.761;18.197;19.200;7.900;7.064;10.199;28.898,30.000;30.000;30.000;30.000;30.000;30.000;30.000;30.000;30.000;30.000;30.000;30.000;30.000,Boiteux,sniffing,,,POINT,111.413,C:\Users\esthe\Downloads\small boiteux 12_\Boit_1205_3_five.mp4,391,NA,
boit_1205,2025-06-05 16:05:44.780,,209.095,Media file(s),player #1:C:\Users\esthe\Downloads\small boiteux 12_\Boi_1205_1_seven.mp4;C:\Users\esthe\Downloads\small boiteux 12_\Boit_1205_10_three.mp4;C:\Users\esthe\Downloads\small boiteux 12_\Boit_1205_11_five.mp4;C:\Users\esthe\Downloads\small boiteux 12_\Boit_1205_12_control.mp4;C:\Users\esthe\Downloads\small boiteux 12_\Boit_1205_13_control.mp4;C:\Users\esthe\Downloads\small boiteux 12_\Boit_1205_2_three.mp4;C:\Users\esthe\Downloads\small boiteux 12_\Boit_1205_3_five.mp4;C:\Users\esthe\Downloads\small boiteux 12_\Boit_1205_4_one.mp4;C:\Users\esthe\Downloads\small boiteux 12_\Boit_1205_5_five.mp4;C:\Users\esthe\Downloads\small boiteux 12_\Boit_1205_6_three.mp4;C:\Users\esthe\Downloads\small boiteux 12_\Boit_1205_7_one.mp4;C:\Users\esthe\Downloads\small boiteux 12_\Boit_1205_8_five.mp4;C:\Users\esthe\Downloads\small boiteux 12_\Boit_1205_9_seven.mp4,0.0,33.361;14.067;14.331;21.564;6.399;8.664;23.761;18.197;19.200;7.900;7.064;10.199;28.898,30.000;30.000;30.000;30.000;30.000;30.000;30.000;30.000;30.000;30.000;30.000;30.000;30.000,Boiteux,rotation,,Vertical,START,111.446,C:\Users\esthe\Downloads\small boiteux 12_\Boit_1205_3_five.mp4,392,NA,
boit_1205,2025-06-05 16:05:44.780,,209.095,Media file(s),player #1:C:\Users\esthe\Downloads\small boiteux 12_\Boi_1205_1_seven.mp4;C:\Users\esthe\Downloads\small boiteux 12_\Boit_1205_10_three.mp4;C:\Users\esthe\Downloads\small boiteux 12_\Boit_1205_11_five.mp4;C:\Users\esthe\Downloads\small boiteux 12_\Boit_1205_12_control.mp4;C:\Users\esthe\Downloads\small boiteux 12_\Boit_1205_13_control.mp4;C:\Users\esthe\Downloads\small boiteux 12_\Boit_1205_2_three.mp4;C:\Users\esthe\Downloads\small boiteux 12_\Boit_1205_3_five.mp4;C:\Users\esthe\Downloads\small boiteux 12_\Boit_1205_4_one.mp4;C:\Users\esthe\Downloads\small boiteux 12_\Boit_1205_5_five.mp4;C:\Users\esthe\Downloads\small boiteux 12_\Boit_1205_6_three.mp4;C:\Users\esthe\Downloads\small boiteux 12_\Boit_1205_7_one.mp4;C:\Users\esthe\Downloads\small boiteux 12_\Boit_1205_8_five.mp4;C:\Users\esthe\Downloads\small boiteux 12_\Boit_1205_9_seven.mp4,0.0,33.361;14.067;14.331;21.564;6.399;8.664;23.761;18.197;19.200;7.900;7.064;10.199;28.898,30.000;30.000;30.000;30.000;30.000;30.000;30.000;30.000;30.000;30.000;30.000;30.000;30.000,Boiteux,licking,,,POINT,111.646,C:\Users\esthe\Downloads\small boiteux 12_\Boit_1205_3_five.mp4,398,NA,
boit_1205,2025-06-05 16:05:44.780,,209.095,Media file(s),player #1:C:\Users\esthe\Downloads\small boiteux 12_\Boi_1205_1_seven.mp4;C:\Users\esthe\Downloads\small boiteux 12_\Boit_1205_10_three.mp4;C:\Users\esthe\Downloads\small boiteux 12_\Boit_1205_11_five.mp4;C:\Users\esthe\Downloads\small boiteux 12_\Boit_1205_12_control.mp4;C:\Users\esthe\Downloads\small boiteux 12_\Boit_1205_13_control.mp4;C:\Users\esthe\Downloads\small boiteux 12_\Boit_1205_2_three.mp4;C:\Users\esthe\Downloads\small boiteux 12_\Boit_1205_3_five.mp4;C:\Users\esthe\Downloads\small boiteux 12_\Boit_1205_4_one.mp4;C:\Users\esthe\Downloads\small boiteux 12_\Boit_1205_5_five.mp4;C:\Users\esthe\Downloads\small boiteux 12_\Boit_1205_6_three.mp4;C:\Users\esthe\Downloads\small boiteux 12_\Boit_1205_7_one.mp4;C:\Users\esthe\Downloads\small boiteux 12_\Boit_1205_8_five.mp4;C:\Users\esthe\Downloads\small boiteux 12_\Boit_1205_9_seven.mp4,0.0,33.361;14.067;14.331;21.564;6.399;8.664;23.761;18.197;19.200;7.900;7.064;10.199;28.898,30.000;30.000;30.000;30.000;30.000;30.000;30.000;30.000;30.000;30.000;30.000;30.000;30.000,Boiteux,rotation,,Vertical,STOP,111.646,C:\Users\esthe\Downloads\small boiteux 12_\Boit_1205_3_five.mp4,398,NA,
boit_1205,2025-06-05 16:05:44.780,,209.095,Media file(s),player #1:C:\Users\esthe\Downloads\small boiteux 12_\Boi_1205_1_seven.mp4;C:\Users\esthe\Downloads\small boiteux 12_\Boit_1205_10_three.mp4;C:\Users\esthe\Downloads\small boiteux 12_\Boit_1205_11_five.mp4;C:\Users\esthe\Downloads\small boiteux 12_\Boit_1205_12_control.mp4;C:\Users\esthe\Downloads\small boiteux 12_\Boit_1205_13_control.mp4;C:\Users\esthe\Downloads\small boiteux 12_\Boit_1205_2_three.mp4;C:\Users\esthe\Downloads\small boiteux 12_\Boit_1205_3_five.mp4;C:\Users\esthe\Downloads\small boiteux 12_\Boit_1205_4_one.mp4;C:\Users\esthe\Downloads\small boiteux 12_\Boit_1205_5_five.mp4;C:\Users\esthe\Downloads\small boiteux 12_\Boit_1205_6_three.mp4;C:\Users\esthe\Downloads\small boiteux 12_\Boit_1205_7_one.mp4;C:\Users\esthe\Downloads\small boiteux 12_\Boit_1205_8_five.mp4;C:\Users\esthe\Downloads\small boiteux 12_\Boit_1205_9_seven.mp4,0.0,33.361;14.067;14.331;21.564;6.399;8.664;23.761;18.197;19.200;7.900;7.064;10.199;28.898,30.000;30.000;30.000;30.000;30.000;30.000;30.000;30.000;30.000;30.000;30.000;30.000;30.000,Boiteux,jaw movement,,,POINT,111.779,C:\Users\esthe\Downloads\small boiteux 12_\Boit_1205_3_five.mp4,402,NA,
boit_1205,2025-06-05 16:05:44.780,,209.095,Media file(s),player #1:C:\Users\esthe\Downloads\small boiteux 12_\Boi_1205_1_seven.mp4;C:\Users\esthe\Downloads\small boiteux 12_\Boit_1205_10_three.mp4;C:\Users\esthe\Downloads\small boiteux 12_\Boit_1205_11_five.mp4;C:\Users\esthe\Downloads\small boiteux 12_\Boit_1205_12_control.mp4;C:\Users\esthe\Downloads\small boiteux 12_\Boit_1205_13_control.mp4;C:\Users\esthe\Downloads\small boiteux 12_\Boit_1205_2_three.mp4;C:\Users\esthe\Downloads\small boiteux 12_\Boit_1205_3_five.mp4;C:\Users\esthe\Downloads\small boiteux 12_\Boit_1205_4_one.mp4;C:\Users\esthe\Downloads\small boiteux 12_\Boit_1205_5_five.mp4;C:\Users\esthe\Downloads\small boiteux 12_\Boit_1205_6_three.mp4;C:\Users\esthe\Downloads\small boiteux 12_\Boit_1205_7_one.mp4;C:\Users\esthe\Downloads\small boiteux 12_\Boit_1205_8_five.mp4;C:\Users\esthe\Downloads\small boiteux 12_\Boit_1205_9_seven.mp4,0.0,33.361;14.067;14.331;21.564;6.399;8.664;23.761;18.197;19.200;7.900;7.064;10.199;28.898,30.000;30.000;30.000;30.000;30.000;30.000;30.000;30.000;30.000;30.000;30.000;30.000;30.000,Boiteux,jaw movement,,,POINT,112.012,C:\Users\esthe\Downloads\small boiteux 12_\Boit_1205_3_five.mp4,409,NA,
boit_1205,2025-06-05 16:05:44.780,,209.095,Media file(s),player #1:C:\Users\esthe\Downloads\small boiteux 12_\Boi_1205_1_seven.mp4;C:\Users\esthe\Downloads\small boiteux 12_\Boit_1205_10_three.mp4;C:\Users\esthe\Downloads\small boiteux 12_\Boit_1205_11_five.mp4;C:\Users\esthe\Downloads\small boiteux 12_\Boit_1205_12_control.mp4;C:\Users\esthe\Downloads\small boiteux 12_\Boit_1205_13_control.mp4;C:\Users\esthe\Downloads\small boiteux 12_\Boit_1205_2_three.mp4;C:\Users\esthe\Downloads\small boiteux 12_\Boit_1205_3_five.mp4;C:\Users\esthe\Downloads\small boiteux 12_\Boit_1205_4_one.mp4;C:\Users\esthe\Downloads\small boiteux 12_\Boit_1205_5_five.mp4;C:\Users\esthe\Downloads\small boiteux 12_\Boit_1205_6_three.mp4;C:\Users\esthe\Downloads\small boiteux 12_\Boit_1205_7_one.mp4;C:\Users\esthe\Downloads\small boiteux 12_\Boit_1205_8_five.mp4;C:\Users\esthe\Downloads\small boiteux 12_\Boit_1205_9_seven.mp4,0.0,33.361;14.067;14.331;21.564;6.399;8.664;23.761;18.197;19.200;7.900;7.064;10.199;28.898,30.000;30.000;30.000;30.000;30.000;30.000;30.000;30.000;30.000;30.000;30.000;30.000;30.000,Boiteux,licking,,,POINT,112.213,C:\Users\esthe\Downloads\small boiteux 12_\Boit_1205_3_five.mp4,415,NA,
boit_1205,2025-06-05 16:05:44.780,,209.095,Media file(s),player #1:C:\Users\esthe\Downloads\small boiteux 12_\Boi_1205_1_seven.mp4;C:\Users\esthe\Downloads\small boiteux 12_\Boit_1205_10_three.mp4;C:\Users\esthe\Downloads\small boiteux 12_\Boit_1205_11_five.mp4;C:\Users\esthe\Downloads\small boiteux 12_\Boit_1205_12_control.mp4;C:\Users\esthe\Downloads\small boiteux 12_\Boit_1205_13_control.mp4;C:\Users\esthe\Downloads\small boiteux 12_\Boit_1205_2_three.mp4;C:\Users\esthe\Downloads\small boiteux 12_\Boit_1205_3_five.mp4;C:\Users\esthe\Downloads\small boiteux 12_\Boit_1205_4_one.mp4;C:\Users\esthe\Downloads\small boiteux 12_\Boit_1205_5_five.mp4;C:\Users\esthe\Downloads\small boiteux 12_\Boit_1205_6_three.mp4;C:\Users\esthe\Downloads\small boiteux 12_\Boit_1205_7_one.mp4;C:\Users\esthe\Downloads\small boiteux 12_\Boit_1205_8_five.mp4;C:\Users\esthe\Downloads\small boiteux 12_\Boit_1205_9_seven.mp4,0.0,33.361;14.067;14.331;21.564;6.399;8.664;23.761;18.197;19.200;7.900;7.064;10.199;28.898,30.000;30.000;30.000;30.000;30.000;30.000;30.000;30.000;30.000;30.000;30.000;30.000;30.000,Boiteux,sniffing,,,POINT,112.513,C:\Users\esthe\Downloads\small boiteux 12_\Boit_1205_3_five.mp4,424,NA,
boit_1205,2025-06-05 16:05:44.780,,209.095,Media file(s),player #1:C:\Users\esthe\Downloads\small boiteux 12_\Boi_1205_1_seven.mp4;C:\Users\esthe\Downloads\small boiteux 12_\Boit_1205_10_three.mp4;C:\Users\esthe\Downloads\small boiteux 12_\Boit_1205_11_five.mp4;C:\Users\esthe\Downloads\small boiteux 12_\Boit_1205_12_control.mp4;C:\Users\esthe\Downloads\small boiteux 12_\Boit_1205_13_control.mp4;C:\Users\esthe\Downloads\small boiteux 12_\Boit_1205_2_three.mp4;C:\Users\esthe\Downloads\small boiteux 12_\Boit_1205_3_five.mp4;C:\Users\esthe\Downloads\small boiteux 12_\Boit_1205_4_one.mp4;C:\Users\esthe\Downloads\small boiteux 12_\Boit_1205_5_five.mp4;C:\Users\esthe\Downloads\small boiteux 12_\Boit_1205_6_three.mp4;C:\Users\esthe\Downloads\small boiteux 12_\Boit_1205_7_one.mp4;C:\Users\esthe\Downloads\small boiteux 12_\Boit_1205_8_five.mp4;C:\Users\esthe\Downloads\small boiteux 12_\Boit_1205_9_seven.mp4,0.0,33.361;14.067;14.331;21.564;6.399;8.664;23.761;18.197;19.200;7.900;7.064;10.199;28.898,30.000;30.000;30.000;30.000;30.000;30.000;30.000;30.000;30.000;30.000;30.000;30.000;30.000,Boiteux,jaw movement,,,POINT,112.713,C:\Users\esthe\Downloads\small boiteux 12_\Boit_1205_3_five.mp4,430,NA,
boit_1205,2025-06-05 16:05:44.780,,209.095,Media file(s),player #1:C:\Users\esthe\Downloads\small boiteux 12_\Boi_1205_1_seven.mp4;C:\Users\esthe\Downloads\small boiteux 12_\Boit_1205_10_three.mp4;C:\Users\esthe\Downloads\small boiteux 12_\Boit_1205_11_five.mp4;C:\Users\esthe\Downloads\small boiteux 12_\Boit_1205_12_control.mp4;C:\Users\esthe\Downloads\small boiteux 12_\Boit_1205_13_control.mp4;C:\Users\esthe\Downloads\small boiteux 12_\Boit_1205_2_three.mp4;C:\Users\esthe\Downloads\small boiteux 12_\Boit_1205_3_five.mp4;C:\Users\esthe\Downloads\small boiteux 12_\Boit_1205_4_one.mp4;C:\Users\esthe\Downloads\small boiteux 12_\Boit_1205_5_five.mp4;C:\Users\esthe\Downloads\small boiteux 12_\Boit_1205_6_three.mp4;C:\Users\esthe\Downloads\small boiteux 12_\Boit_1205_7_one.mp4;C:\Users\esthe\Downloads\small boiteux 12_\Boit_1205_8_five.mp4;C:\Users\esthe\Downloads\small boiteux 12_\Boit_1205_9_seven.mp4,0.0,33.361;14.067;14.331;21.564;6.399;8.664;23.761;18.197;19.200;7.900;7.064;10.199;28.898,30.000;30.000;30.000;30.000;30.000;30.000;30.000;30.000;30.000;30.000;30.000;30.000;30.000,Boiteux,jaw movement,,,POINT,112.979,C:\Users\esthe\Downloads\small boiteux 12_\Boit_1205_3_five.mp4,438,NA,
boit_1205,2025-06-05 16:05:44.780,,209.095,Media file(s),player #1:C:\Users\esthe\Downloads\small boiteux 12_\Boi_1205_1_seven.mp4;C:\Users\esthe\Downloads\small boiteux 12_\Boit_1205_10_three.mp4;C:\Users\esthe\Downloads\small boiteux 12_\Boit_1205_11_five.mp4;C:\Users\esthe\Downloads\small boiteux 12_\Boit_1205_12_control.mp4;C:\Users\esthe\Downloads\small boiteux 12_\Boit_1205_13_control.mp4;C:\Users\esthe\Downloads\small boiteux 12_\Boit_1205_2_three.mp4;C:\Users\esthe\Downloads\small boiteux 12_\Boit_1205_3_five.mp4;C:\Users\esthe\Downloads\small boiteux 12_\Boit_1205_4_one.mp4;C:\Users\esthe\Downloads\small boiteux 12_\Boit_1205_5_five.mp4;C:\Users\esthe\Downloads\small boiteux 12_\Boit_1205_6_three.mp4;C:\Users\esthe\Downloads\small boiteux 12_\Boit_1205_7_one.mp4;C:\Users\esthe\Downloads\small boiteux 12_\Boit_1205_8_five.mp4;C:\Users\esthe\Downloads\small boiteux 12_\Boit_1205_9_seven.mp4,0.0,33.361;14.067;14.331;21.564;6.399;8.664;23.761;18.197;19.200;7.900;7.064;10.199;28.898,30.000;30.000;30.000;30.000;30.000;30.000;30.000;30.000;30.000;30.000;30.000;30.000;30.000,Boiteux,rotation,,Vertical,START,113.013,C:\Users\esthe\Downloads\small boiteux 12_\Boit_1205_3_five.mp4,439,NA,
boit_1205,2025-06-05 16:05:44.780,,209.095,Media file(s),player #1:C:\Users\esthe\Downloads\small boiteux 12_\Boi_1205_1_seven.mp4;C:\Users\esthe\Downloads\small boiteux 12_\Boit_1205_10_three.mp4;C:\Users\esthe\Downloads\small boiteux 12_\Boit_1205_11_five.mp4;C:\Users\esthe\Downloads\small boiteux 12_\Boit_1205_12_control.mp4;C:\Users\esthe\Downloads\small boiteux 12_\Boit_1205_13_control.mp4;C:\Users\esthe\Downloads\small boiteux 12_\Boit_1205_2_three.mp4;C:\Users\esthe\Downloads\small boiteux 12_\Boit_1205_3_five.mp4;C:\Users\esthe\Downloads\small boiteux 12_\Boit_1205_4_one.mp4;C:\Users\esthe\Downloads\small boiteux 12_\Boit_1205_5_five.mp4;C:\Users\esthe\Downloads\small boiteux 12_\Boit_1205_6_three.mp4;C:\Users\esthe\Downloads\small boiteux 12_\Boit_1205_7_one.mp4;C:\Users\esthe\Downloads\small boiteux 12_\Boit_1205_8_five.mp4;C:\Users\esthe\Downloads\small boiteux 12_\Boit_1205_9_seven.mp4,0.0,33.361;14.067;14.331;21.564;6.399;8.664;23.761;18.197;19.200;7.900;7.064;10.199;28.898,30.000;30.000;30.000;30.000;30.000;30.000;30.000;30.000;30.000;30.000;30.000;30.000;30.000,Boiteux,rotation,,Vertical,STOP,113.146,C:\Users\esthe\Downloads\small boiteux 12_\Boit_1205_3_five.mp4,443,NA,
boit_1205,2025-06-05 16:05:44.780,,209.095,Media file(s),player #1:C:\Users\esthe\Downloads\small boiteux 12_\Boi_1205_1_seven.mp4;C:\Users\esthe\Downloads\small boiteux 12_\Boit_1205_10_three.mp4;C:\Users\esthe\Downloads\small boiteux 12_\Boit_1205_11_five.mp4;C:\Users\esthe\Downloads\small boiteux 12_\Boit_1205_12_control.mp4;C:\Users\esthe\Downloads\small boiteux 12_\Boit_1205_13_control.mp4;C:\Users\esthe\Downloads\small boiteux 12_\Boit_1205_2_three.mp4;C:\Users\esthe\Downloads\small boiteux 12_\Boit_1205_3_five.mp4;C:\Users\esthe\Downloads\small boiteux 12_\Boit_1205_4_one.mp4;C:\Users\esthe\Downloads\small boiteux 12_\Boit_1205_5_five.mp4;C:\Users\esthe\Downloads\small boiteux 12_\Boit_1205_6_three.mp4;C:\Users\esthe\Downloads\small boiteux 12_\Boit_1205_7_one.mp4;C:\Users\esthe\Downloads\small boiteux 12_\Boit_1205_8_five.mp4;C:\Users\esthe\Downloads\small boiteux 12_\Boit_1205_9_seven.mp4,0.0,33.361;14.067;14.331;21.564;6.399;8.664;23.761;18.197;19.200;7.900;7.064;10.199;28.898,30.000;30.000;30.000;30.000;30.000;30.000;30.000;30.000;30.000;30.000;30.000;30.000;30.000,Boiteux,jaw movement,,,POINT,113.179,C:\Users\esthe\Downloads\small boiteux 12_\Boit_1205_3_five.mp4,444,NA,
boit_1205,2025-06-05 16:05:44.780,,209.095,Media file(s),player #1:C:\Users\esthe\Downloads\small boiteux 12_\Boi_1205_1_seven.mp4;C:\Users\esthe\Downloads\small boiteux 12_\Boit_1205_10_three.mp4;C:\Users\esthe\Downloads\small boiteux 12_\Boit_1205_11_five.mp4;C:\Users\esthe\Downloads\small boiteux 12_\Boit_1205_12_control.mp4;C:\Users\esthe\Downloads\small boiteux 12_\Boit_1205_13_control.mp4;C:\Users\esthe\Downloads\small boiteux 12_\Boit_1205_2_three.mp4;C:\Users\esthe\Downloads\small boiteux 12_\Boit_1205_3_five.mp4;C:\Users\esthe\Downloads\small boiteux 12_\Boit_1205_4_one.mp4;C:\Users\esthe\Downloads\small boiteux 12_\Boit_1205_5_five.mp4;C:\Users\esthe\Downloads\small boiteux 12_\Boit_1205_6_three.mp4;C:\Users\esthe\Downloads\small boiteux 12_\Boit_1205_7_one.mp4;C:\Users\esthe\Downloads\small boiteux 12_\Boit_1205_8_five.mp4;C:\Users\esthe\Downloads\small boiteux 12_\Boit_1205_9_seven.mp4,0.0,33.361;14.067;14.331;21.564;6.399;8.664;23.761;18.197;19.200;7.900;7.064;10.199;28.898,30.000;30.000;30.000;30.000;30.000;30.000;30.000;30.000;30.000;30.000;30.000;30.000;30.000,Boiteux,rotation,,Vertical,START,113.279,C:\Users\esthe\Downloads\small boiteux 12_\Boit_1205_3_five.mp4,447,NA,
boit_1205,2025-06-05 16:05:44.780,,209.095,Media file(s),player #1:C:\Users\esthe\Downloads\small boiteux 12_\Boi_1205_1_seven.mp4;C:\Users\esthe\Downloads\small boiteux 12_\Boit_1205_10_three.mp4;C:\Users\esthe\Downloads\small boiteux 12_\Boit_1205_11_five.mp4;C:\Users\esthe\Downloads\small boiteux 12_\Boit_1205_12_control.mp4;C:\Users\esthe\Downloads\small boiteux 12_\Boit_1205_13_control.mp4;C:\Users\esthe\Downloads\small boiteux 12_\Boit_1205_2_three.mp4;C:\Users\esthe\Downloads\small boiteux 12_\Boit_1205_3_five.mp4;C:\Users\esthe\Downloads\small boiteux 12_\Boit_1205_4_one.mp4;C:\Users\esthe\Downloads\small boiteux 12_\Boit_1205_5_five.mp4;C:\Users\esthe\Downloads\small boiteux 12_\Boit_1205_6_three.mp4;C:\Users\esthe\Downloads\small boiteux 12_\Boit_1205_7_one.mp4;C:\Users\esthe\Downloads\small boiteux 12_\Boit_1205_8_five.mp4;C:\Users\esthe\Downloads\small boiteux 12_\Boit_1205_9_seven.mp4,0.0,33.361;14.067;14.331;21.564;6.399;8.664;23.761;18.197;19.200;7.900;7.064;10.199;28.898,30.000;30.000;30.000;30.000;30.000;30.000;30.000;30.000;30.000;30.000;30.000;30.000;30.000,Boiteux,licking,,,POINT,113.379,C:\Users\esthe\Downloads\small boiteux 12_\Boit_1205_3_five.mp4,450,NA,
boit_1205,2025-06-05 16:05:44.780,,209.095,Media file(s),player #1:C:\Users\esthe\Downloads\small boiteux 12_\Boi_1205_1_seven.mp4;C:\Users\esthe\Downloads\small boiteux 12_\Boit_1205_10_three.mp4;C:\Users\esthe\Downloads\small boiteux 12_\Boit_1205_11_five.mp4;C:\Users\esthe\Downloads\small boiteux 12_\Boit_1205_12_control.mp4;C:\Users\esthe\Downloads\small boiteux 12_\Boit_1205_13_control.mp4;C:\Users\esthe\Downloads\small boiteux 12_\Boit_1205_2_three.mp4;C:\Users\esthe\Downloads\small boiteux 12_\Boit_1205_3_five.mp4;C:\Users\esthe\Downloads\small boiteux 12_\Boit_1205_4_one.mp4;C:\Users\esthe\Downloads\small boiteux 12_\Boit_1205_5_five.mp4;C:\Users\esthe\Downloads\small boiteux 12_\Boit_1205_6_three.mp4;C:\Users\esthe\Downloads\small boiteux 12_\Boit_1205_7_one.mp4;C:\Users\esthe\Downloads\small boiteux 12_\Boit_1205_8_five.mp4;C:\Users\esthe\Downloads\small boiteux 12_\Boit_1205_9_seven.mp4,0.0,33.361;14.067;14.331;21.564;6.399;8.664;23.761;18.197;19.200;7.900;7.064;10.199;28.898,30.000;30.000;30.000;30.000;30.000;30.000;30.000;30.000;30.000;30.000;30.000;30.000;30.000,Boiteux,jaw movement,,,POINT,113.612,C:\Users\esthe\Downloads\small boiteux 12_\Boit_1205_3_five.mp4,457,NA,
boit_1205,2025-06-05 16:05:44.780,,209.095,Media file(s),player #1:C:\Users\esthe\Downloads\small boiteux 12_\Boi_1205_1_seven.mp4;C:\Users\esthe\Downloads\small boiteux 12_\Boit_1205_10_three.mp4;C:\Users\esthe\Downloads\small boiteux 12_\Boit_1205_11_five.mp4;C:\Users\esthe\Downloads\small boiteux 12_\Boit_1205_12_control.mp4;C:\Users\esthe\Downloads\small boiteux 12_\Boit_1205_13_control.mp4;C:\Users\esthe\Downloads\small boiteux 12_\Boit_1205_2_three.mp4;C:\Users\esthe\Downloads\small boiteux 12_\Boit_1205_3_five.mp4;C:\Users\esthe\Downloads\small boiteux 12_\Boit_1205_4_one.mp4;C:\Users\esthe\Downloads\small boiteux 12_\Boit_1205_5_five.mp4;C:\Users\esthe\Downloads\small boiteux 12_\Boit_1205_6_three.mp4;C:\Users\esthe\Downloads\small boiteux 12_\Boit_1205_7_one.mp4;C:\Users\esthe\Downloads\small boiteux 12_\Boit_1205_8_five.mp4;C:\Users\esthe\Downloads\small boiteux 12_\Boit_1205_9_seven.mp4,0.0,33.361;14.067;14.331;21.564;6.399;8.664;23.761;18.197;19.200;7.900;7.064;10.199;28.898,30.000;30.000;30.000;30.000;30.000;30.000;30.000;30.000;30.000;30.000;30.000;30.000;30.000,Boiteux,rotation,,Vertical,STOP,113.612,C:\Users\esthe\Downloads\small boiteux 12_\Boit_1205_3_five.mp4,457,NA,
boit_1205,2025-06-05 16:05:44.780,,209.095,Media file(s),player #1:C:\Users\esthe\Downloads\small boiteux 12_\Boi_1205_1_seven.mp4;C:\Users\esthe\Downloads\small boiteux 12_\Boit_1205_10_three.mp4;C:\Users\esthe\Downloads\small boiteux 12_\Boit_1205_11_five.mp4;C:\Users\esthe\Downloads\small boiteux 12_\Boit_1205_12_control.mp4;C:\Users\esthe\Downloads\small boiteux 12_\Boit_1205_13_control.mp4;C:\Users\esthe\Downloads\small boiteux 12_\Boit_1205_2_three.mp4;C:\Users\esthe\Downloads\small boiteux 12_\Boit_1205_3_five.mp4;C:\Users\esthe\Downloads\small boiteux 12_\Boit_1205_4_one.mp4;C:\Users\esthe\Downloads\small boiteux 12_\Boit_1205_5_five.mp4;C:\Users\esthe\Downloads\small boiteux 12_\Boit_1205_6_three.mp4;C:\Users\esthe\Downloads\small boiteux 12_\Boit_1205_7_one.mp4;C:\Users\esthe\Downloads\small boiteux 12_\Boit_1205_8_five.mp4;C:\Users\esthe\Downloads\small boiteux 12_\Boit_1205_9_seven.mp4,0.0,33.361;14.067;14.331;21.564;6.399;8.664;23.761;18.197;19.200;7.900;7.064;10.199;28.898,30.000;30.000;30.000;30.000;30.000;30.000;30.000;30.000;30.000;30.000;30.000;30.000;30.000,Boiteux,jaw movement,,,POINT,113.646,C:\Users\esthe\Downloads\small boiteux 12_\Boit_1205_3_five.mp4,458,NA,
boit_1205,2025-06-05 16:05:44.780,,209.095,Media file(s),player #1:C:\Users\esthe\Downloads\small boiteux 12_\Boi_1205_1_seven.mp4;C:\Users\esthe\Downloads\small boiteux 12_\Boit_1205_10_three.mp4;C:\Users\esthe\Downloads\small boiteux 12_\Boit_1205_11_five.mp4;C:\Users\esthe\Downloads\small boiteux 12_\Boit_1205_12_control.mp4;C:\Users\esthe\Downloads\small boiteux 12_\Boit_1205_13_control.mp4;C:\Users\esthe\Downloads\small boiteux 12_\Boit_1205_2_three.mp4;C:\Users\esthe\Downloads\small boiteux 12_\Boit_1205_3_five.mp4;C:\Users\esthe\Downloads\small boiteux 12_\Boit_1205_4_one.mp4;C:\Users\esthe\Downloads\small boiteux 12_\Boit_1205_5_five.mp4;C:\Users\esthe\Downloads\small boiteux 12_\Boit_1205_6_three.mp4;C:\Users\esthe\Downloads\small boiteux 12_\Boit_1205_7_one.mp4;C:\Users\esthe\Downloads\small boiteux 12_\Boit_1205_8_five.mp4;C:\Users\esthe\Downloads\small boiteux 12_\Boit_1205_9_seven.mp4,0.0,33.361;14.067;14.331;21.564;6.399;8.664;23.761;18.197;19.200;7.900;7.064;10.199;28.898,30.000;30.000;30.000;30.000;30.000;30.000;30.000;30.000;30.000;30.000;30.000;30.000;30.000,Boiteux,jaw movement,,,POINT,113.746,C:\Users\esthe\Downloads\small boiteux 12_\Boit_1205_3_five.mp4,461,NA,
boit_1205,2025-06-05 16:05:44.780,,209.095,Media file(s),player #1:C:\Users\esthe\Downloads\small boiteux 12_\Boi_1205_1_seven.mp4;C:\Users\esthe\Downloads\small boiteux 12_\Boit_1205_10_three.mp4;C:\Users\esthe\Downloads\small boiteux 12_\Boit_1205_11_five.mp4;C:\Users\esthe\Downloads\small boiteux 12_\Boit_1205_12_control.mp4;C:\Users\esthe\Downloads\small boiteux 12_\Boit_1205_13_control.mp4;C:\Users\esthe\Downloads\small boiteux 12_\Boit_1205_2_three.mp4;C:\Users\esthe\Downloads\small boiteux 12_\Boit_1205_3_five.mp4;C:\Users\esthe\Downloads\small boiteux 12_\Boit_1205_4_one.mp4;C:\Users\esthe\Downloads\small boiteux 12_\Boit_1205_5_five.mp4;C:\Users\esthe\Downloads\small boiteux 12_\Boit_1205_6_three.mp4;C:\Users\esthe\Downloads\small boiteux 12_\Boit_1205_7_one.mp4;C:\Users\esthe\Downloads\small boiteux 12_\Boit_1205_8_five.mp4;C:\Users\esthe\Downloads\small boiteux 12_\Boit_1205_9_seven.mp4,0.0,33.361;14.067;14.331;21.564;6.399;8.664;23.761;18.197;19.200;7.900;7.064;10.199;28.898,30.000;30.000;30.000;30.000;30.000;30.000;30.000;30.000;30.000;30.000;30.000;30.000;30.000,Boiteux,jaw movement,,,POINT,113.946,C:\Users\esthe\Downloads\small boiteux 12_\Boit_1205_3_five.mp4,467,NA,
boit_1205,2025-06-05 16:05:44.780,,209.095,Media file(s),player #1:C:\Users\esthe\Downloads\small boiteux 12_\Boi_1205_1_seven.mp4;C:\Users\esthe\Downloads\small boiteux 12_\Boit_1205_10_three.mp4;C:\Users\esthe\Downloads\small boiteux 12_\Boit_1205_11_five.mp4;C:\Users\esthe\Downloads\small boiteux 12_\Boit_1205_12_control.mp4;C:\Users\esthe\Downloads\small boiteux 12_\Boit_1205_13_control.mp4;C:\Users\esthe\Downloads\small boiteux 12_\Boit_1205_2_three.mp4;C:\Users\esthe\Downloads\small boiteux 12_\Boit_1205_3_five.mp4;C:\Users\esthe\Downloads\small boiteux 12_\Boit_1205_4_one.mp4;C:\Users\esthe\Downloads\small boiteux 12_\Boit_1205_5_five.mp4;C:\Users\esthe\Downloads\small boiteux 12_\Boit_1205_6_three.mp4;C:\Users\esthe\Downloads\small boiteux 12_\Boit_1205_7_one.mp4;C:\Users\esthe\Downloads\small boiteux 12_\Boit_1205_8_five.mp4;C:\Users\esthe\Downloads\small boiteux 12_\Boit_1205_9_seven.mp4,0.0,33.361;14.067;14.331;21.564;6.399;8.664;23.761;18.197;19.200;7.900;7.064;10.199;28.898,30.000;30.000;30.000;30.000;30.000;30.000;30.000;30.000;30.000;30.000;30.000;30.000;30.000,Boiteux,jaw movement,,,POINT,114.146,C:\Users\esthe\Downloads\small boiteux 12_\Boit_1205_3_five.mp4,473,NA,
boit_1205,2025-06-05 16:05:44.780,,209.095,Media file(s),player #1:C:\Users\esthe\Downloads\small boiteux 12_\Boi_1205_1_seven.mp4;C:\Users\esthe\Downloads\small boiteux 12_\Boit_1205_10_three.mp4;C:\Users\esthe\Downloads\small boiteux 12_\Boit_1205_11_five.mp4;C:\Users\esthe\Downloads\small boiteux 12_\Boit_1205_12_control.mp4;C:\Users\esthe\Downloads\small boiteux 12_\Boit_1205_13_control.mp4;C:\Users\esthe\Downloads\small boiteux 12_\Boit_1205_2_three.mp4;C:\Users\esthe\Downloads\small boiteux 12_\Boit_1205_3_five.mp4;C:\Users\esthe\Downloads\small boiteux 12_\Boit_1205_4_one.mp4;C:\Users\esthe\Downloads\small boiteux 12_\Boit_1205_5_five.mp4;C:\Users\esthe\Downloads\small boiteux 12_\Boit_1205_6_three.mp4;C:\Users\esthe\Downloads\small boiteux 12_\Boit_1205_7_one.mp4;C:\Users\esthe\Downloads\small boiteux 12_\Boit_1205_8_five.mp4;C:\Users\esthe\Downloads\small boiteux 12_\Boit_1205_9_seven.mp4,0.0,33.361;14.067;14.331;21.564;6.399;8.664;23.761;18.197;19.200;7.900;7.064;10.199;28.898,30.000;30.000;30.000;30.000;30.000;30.000;30.000;30.000;30.000;30.000;30.000;30.000;30.000,Boiteux,jaw movement,,,POINT,114.412,C:\Users\esthe\Downloads\small boiteux 12_\Boit_1205_3_five.mp4,481,NA,
boit_1205,2025-06-05 16:05:44.780,,209.095,Media file(s),player #1:C:\Users\esthe\Downloads\small boiteux 12_\Boi_1205_1_seven.mp4;C:\Users\esthe\Downloads\small boiteux 12_\Boit_1205_10_three.mp4;C:\Users\esthe\Downloads\small boiteux 12_\Boit_1205_11_five.mp4;C:\Users\esthe\Downloads\small boiteux 12_\Boit_1205_12_control.mp4;C:\Users\esthe\Downloads\small boiteux 12_\Boit_1205_13_control.mp4;C:\Users\esthe\Downloads\small boiteux 12_\Boit_1205_2_three.mp4;C:\Users\esthe\Downloads\small boiteux 12_\Boit_1205_3_five.mp4;C:\Users\esthe\Downloads\small boiteux 12_\Boit_1205_4_one.mp4;C:\Users\esthe\Downloads\small boiteux 12_\Boit_1205_5_five.mp4;C:\Users\esthe\Downloads\small boiteux 12_\Boit_1205_6_three.mp4;C:\Users\esthe\Downloads\small boiteux 12_\Boit_1205_7_one.mp4;C:\Users\esthe\Downloads\small boiteux 12_\Boit_1205_8_five.mp4;C:\Users\esthe\Downloads\small boiteux 12_\Boit_1205_9_seven.mp4,0.0,33.361;14.067;14.331;21.564;6.399;8.664;23.761;18.197;19.200;7.900;7.064;10.199;28.898,30.000;30.000;30.000;30.000;30.000;30.000;30.000;30.000;30.000;30.000;30.000;30.000;30.000,Boiteux,translational movement,,,POINT,114.546,C:\Users\esthe\Downloads\small boiteux 12_\Boit_1205_3_five.mp4,485,NA,
boit_1205,2025-06-05 16:05:44.780,,209.095,Media file(s),player #1:C:\Users\esthe\Downloads\small boiteux 12_\Boi_1205_1_seven.mp4;C:\Users\esthe\Downloads\small boiteux 12_\Boit_1205_10_three.mp4;C:\Users\esthe\Downloads\small boiteux 12_\Boit_1205_11_five.mp4;C:\Users\esthe\Downloads\small boiteux 12_\Boit_1205_12_control.mp4;C:\Users\esthe\Downloads\small boiteux 12_\Boit_1205_13_control.mp4;C:\Users\esthe\Downloads\small boiteux 12_\Boit_1205_2_three.mp4;C:\Users\esthe\Downloads\small boiteux 12_\Boit_1205_3_five.mp4;C:\Users\esthe\Downloads\small boiteux 12_\Boit_1205_4_one.mp4;C:\Users\esthe\Downloads\small boiteux 12_\Boit_1205_5_five.mp4;C:\Users\esthe\Downloads\small boiteux 12_\Boit_1205_6_three.mp4;C:\Users\esthe\Downloads\small boiteux 12_\Boit_1205_7_one.mp4;C:\Users\esthe\Downloads\small boiteux 12_\Boit_1205_8_five.mp4;C:\Users\esthe\Downloads\small boiteux 12_\Boit_1205_9_seven.mp4,0.0,33.361;14.067;14.331;21.564;6.399;8.664;23.761;18.197;19.200;7.900;7.064;10.199;28.898,30.000;30.000;30.000;30.000;30.000;30.000;30.000;30.000;30.000;30.000;30.000;30.000;30.000,Boiteux,jaw movement,,,POINT,114.679,C:\Users\esthe\Downloads\small boiteux 12_\Boit_1205_3_five.mp4,489,NA,
boit_1205,2025-06-05 16:05:44.780,,209.095,Media file(s),player #1:C:\Users\esthe\Downloads\small boiteux 12_\Boi_1205_1_seven.mp4;C:\Users\esthe\Downloads\small boiteux 12_\Boit_1205_10_three.mp4;C:\Users\esthe\Downloads\small boiteux 12_\Boit_1205_11_five.mp4;C:\Users\esthe\Downloads\small boiteux 12_\Boit_1205_12_control.mp4;C:\Users\esthe\Downloads\small boiteux 12_\Boit_1205_13_control.mp4;C:\Users\esthe\Downloads\small boiteux 12_\Boit_1205_2_three.mp4;C:\Users\esthe\Downloads\small boiteux 12_\Boit_1205_3_five.mp4;C:\Users\esthe\Downloads\small boiteux 12_\Boit_1205_4_one.mp4;C:\Users\esthe\Downloads\small boiteux 12_\Boit_1205_5_five.mp4;C:\Users\esthe\Downloads\small boiteux 12_\Boit_1205_6_three.mp4;C:\Users\esthe\Downloads\small boiteux 12_\Boit_1205_7_one.mp4;C:\Users\esthe\Downloads\small boiteux 12_\Boit_1205_8_five.mp4;C:\Users\esthe\Downloads\small boiteux 12_\Boit_1205_9_seven.mp4,0.0,33.361;14.067;14.331;21.564;6.399;8.664;23.761;18.197;19.200;7.900;7.064;10.199;28.898,30.000;30.000;30.000;30.000;30.000;30.000;30.000;30.000;30.000;30.000;30.000;30.000;30.000,Boiteux,jaw movement,,,POINT,115.012,C:\Users\esthe\Downloads\small boiteux 12_\Boit_1205_3_five.mp4,499,NA,
boit_1205,2025-06-05 16:05:44.780,,209.095,Media file(s),player #1:C:\Users\esthe\Downloads\small boiteux 12_\Boi_1205_1_seven.mp4;C:\Users\esthe\Downloads\small boiteux 12_\Boit_1205_10_three.mp4;C:\Users\esthe\Downloads\small boiteux 12_\Boit_1205_11_five.mp4;C:\Users\esthe\Downloads\small boiteux 12_\Boit_1205_12_control.mp4;C:\Users\esthe\Downloads\small boiteux 12_\Boit_1205_13_control.mp4;C:\Users\esthe\Downloads\small boiteux 12_\Boit_1205_2_three.mp4;C:\Users\esthe\Downloads\small boiteux 12_\Boit_1205_3_five.mp4;C:\Users\esthe\Downloads\small boiteux 12_\Boit_1205_4_one.mp4;C:\Users\esthe\Downloads\small boiteux 12_\Boit_1205_5_five.mp4;C:\Users\esthe\Downloads\small boiteux 12_\Boit_1205_6_three.mp4;C:\Users\esthe\Downloads\small boiteux 12_\Boit_1205_7_one.mp4;C:\Users\esthe\Downloads\small boiteux 12_\Boit_1205_8_five.mp4;C:\Users\esthe\Downloads\small boiteux 12_\Boit_1205_9_seven.mp4,0.0,33.361;14.067;14.331;21.564;6.399;8.664;23.761;18.197;19.200;7.900;7.064;10.199;28.898,30.000;30.000;30.000;30.000;30.000;30.000;30.000;30.000;30.000;30.000;30.000;30.000;30.000,Boiteux,jaw movement,,,POINT,115.745,C:\Users\esthe\Downloads\small boiteux 12_\Boit_1205_3_five.mp4,521,NA,
boit_1205,2025-06-05 16:05:44.780,,209.095,Media file(s),player #1:C:\Users\esthe\Downloads\small boiteux 12_\Boi_1205_1_seven.mp4;C:\Users\esthe\Downloads\small boiteux 12_\Boit_1205_10_three.mp4;C:\Users\esthe\Downloads\small boiteux 12_\Boit_1205_11_five.mp4;C:\Users\esthe\Downloads\small boiteux 12_\Boit_1205_12_control.mp4;C:\Users\esthe\Downloads\small boiteux 12_\Boit_1205_13_control.mp4;C:\Users\esthe\Downloads\small boiteux 12_\Boit_1205_2_three.mp4;C:\Users\esthe\Downloads\small boiteux 12_\Boit_1205_3_five.mp4;C:\Users\esthe\Downloads\small boiteux 12_\Boit_1205_4_one.mp4;C:\Users\esthe\Downloads\small boiteux 12_\Boit_1205_5_five.mp4;C:\Users\esthe\Downloads\small boiteux 12_\Boit_1205_6_three.mp4;C:\Users\esthe\Downloads\small boiteux 12_\Boit_1205_7_one.mp4;C:\Users\esthe\Downloads\small boiteux 12_\Boit_1205_8_five.mp4;C:\Users\esthe\Downloads\small boiteux 12_\Boit_1205_9_seven.mp4,0.0,33.361;14.067;14.331;21.564;6.399;8.664;23.761;18.197;19.200;7.900;7.064;10.199;28.898,30.000;30.000;30.000;30.000;30.000;30.000;30.000;30.000;30.000;30.000;30.000;30.000;30.000,Boiteux,sniffing,,,POINT,115.945,C:\Users\esthe\Downloads\small boiteux 12_\Boit_1205_3_five.mp4,527,NA,
boit_1205,2025-06-05 16:05:44.780,,209.095,Media file(s),player #1:C:\Users\esthe\Downloads\small boiteux 12_\Boi_1205_1_seven.mp4;C:\Users\esthe\Downloads\small boiteux 12_\Boit_1205_10_three.mp4;C:\Users\esthe\Downloads\small boiteux 12_\Boit_1205_11_five.mp4;C:\Users\esthe\Downloads\small boiteux 12_\Boit_1205_12_control.mp4;C:\Users\esthe\Downloads\small boiteux 12_\Boit_1205_13_control.mp4;C:\Users\esthe\Downloads\small boiteux 12_\Boit_1205_2_three.mp4;C:\Users\esthe\Downloads\small boiteux 12_\Boit_1205_3_five.mp4;C:\Users\esthe\Downloads\small boiteux 12_\Boit_1205_4_one.mp4;C:\Users\esthe\Downloads\small boiteux 12_\Boit_1205_5_five.mp4;C:\Users\esthe\Downloads\small boiteux 12_\Boit_1205_6_three.mp4;C:\Users\esthe\Downloads\small boiteux 12_\Boit_1205_7_one.mp4;C:\Users\esthe\Downloads\small boiteux 12_\Boit_1205_8_five.mp4;C:\Users\esthe\Downloads\small boiteux 12_\Boit_1205_9_seven.mp4,0.0,33.361;14.067;14.331;21.564;6.399;8.664;23.761;18.197;19.200;7.900;7.064;10.199;28.898,30.000;30.000;30.000;30.000;30.000;30.000;30.000;30.000;30.000;30.000;30.000;30.000;30.000,Boiteux,licking,,,POINT,116.279,C:\Users\esthe\Downloads\small boiteux 12_\Boit_1205_3_five.mp4,537,NA,
boit_1205,2025-06-05 16:05:44.780,,209.095,Media file(s),player #1:C:\Users\esthe\Downloads\small boiteux 12_\Boi_1205_1_seven.mp4;C:\Users\esthe\Downloads\small boiteux 12_\Boit_1205_10_three.mp4;C:\Users\esthe\Downloads\small boiteux 12_\Boit_1205_11_five.mp4;C:\Users\esthe\Downloads\small boiteux 12_\Boit_1205_12_control.mp4;C:\Users\esthe\Downloads\small boiteux 12_\Boit_1205_13_control.mp4;C:\Users\esthe\Downloads\small boiteux 12_\Boit_1205_2_three.mp4;C:\Users\esthe\Downloads\small boiteux 12_\Boit_1205_3_five.mp4;C:\Users\esthe\Downloads\small boiteux 12_\Boit_1205_4_one.mp4;C:\Users\esthe\Downloads\small boiteux 12_\Boit_1205_5_five.mp4;C:\Users\esthe\Downloads\small boiteux 12_\Boit_1205_6_three.mp4;C:\Users\esthe\Downloads\small boiteux 12_\Boit_1205_7_one.mp4;C:\Users\esthe\Downloads\small boiteux 12_\Boit_1205_8_five.mp4;C:\Users\esthe\Downloads\small boiteux 12_\Boit_1205_9_seven.mp4,0.0,33.361;14.067;14.331;21.564;6.399;8.664;23.761;18.197;19.200;7.900;7.064;10.199;28.898,30.000;30.000;30.000;30.000;30.000;30.000;30.000;30.000;30.000;30.000;30.000;30.000;30.000,Boiteux,sniffing,,,POINT,116.579,C:\Users\esthe\Downloads\small boiteux 12_\Boit_1205_3_five.mp4,546,NA,
boit_1205,2025-06-05 16:05:44.780,,209.095,Media file(s),player #1:C:\Users\esthe\Downloads\small boiteux 12_\Boi_1205_1_seven.mp4;C:\Users\esthe\Downloads\small boiteux 12_\Boit_1205_10_three.mp4;C:\Users\esthe\Downloads\small boiteux 12_\Boit_1205_11_five.mp4;C:\Users\esthe\Downloads\small boiteux 12_\Boit_1205_12_control.mp4;C:\Users\esthe\Downloads\small boiteux 12_\Boit_1205_13_control.mp4;C:\Users\esthe\Downloads\small boiteux 12_\Boit_1205_2_three.mp4;C:\Users\esthe\Downloads\small boiteux 12_\Boit_1205_3_five.mp4;C:\Users\esthe\Downloads\small boiteux 12_\Boit_1205_4_one.mp4;C:\Users\esthe\Downloads\small boiteux 12_\Boit_1205_5_five.mp4;C:\Users\esthe\Downloads\small boiteux 12_\Boit_1205_6_three.mp4;C:\Users\esthe\Downloads\small boiteux 12_\Boit_1205_7_one.mp4;C:\Users\esthe\Downloads\small boiteux 12_\Boit_1205_8_five.mp4;C:\Users\esthe\Downloads\small boiteux 12_\Boit_1205_9_seven.mp4,0.0,33.361;14.067;14.331;21.564;6.399;8.664;23.761;18.197;19.200;7.900;7.064;10.199;28.898,30.000;30.000;30.000;30.000;30.000;30.000;30.000;30.000;30.000;30.000;30.000;30.000;30.000,Boiteux,jaw movement,,,POINT,116.779,C:\Users\esthe\Downloads\small boiteux 12_\Boit_1205_3_five.mp4,552,NA,
boit_1205,2025-06-05 16:05:44.780,,209.095,Media file(s),player #1:C:\Users\esthe\Downloads\small boiteux 12_\Boi_1205_1_seven.mp4;C:\Users\esthe\Downloads\small boiteux 12_\Boit_1205_10_three.mp4;C:\Users\esthe\Downloads\small boiteux 12_\Boit_1205_11_five.mp4;C:\Users\esthe\Downloads\small boiteux 12_\Boit_1205_12_control.mp4;C:\Users\esthe\Downloads\small boiteux 12_\Boit_1205_13_control.mp4;C:\Users\esthe\Downloads\small boiteux 12_\Boit_1205_2_three.mp4;C:\Users\esthe\Downloads\small boiteux 12_\Boit_1205_3_five.mp4;C:\Users\esthe\Downloads\small boiteux 12_\Boit_1205_4_one.mp4;C:\Users\esthe\Downloads\small boiteux 12_\Boit_1205_5_five.mp4;C:\Users\esthe\Downloads\small boiteux 12_\Boit_1205_6_three.mp4;C:\Users\esthe\Downloads\small boiteux 12_\Boit_1205_7_one.mp4;C:\Users\esthe\Downloads\small boiteux 12_\Boit_1205_8_five.mp4;C:\Users\esthe\Downloads\small boiteux 12_\Boit_1205_9_seven.mp4,0.0,33.361;14.067;14.331;21.564;6.399;8.664;23.761;18.197;19.200;7.900;7.064;10.199;28.898,30.000;30.000;30.000;30.000;30.000;30.000;30.000;30.000;30.000;30.000;30.000;30.000;30.000,Boiteux,jaw movement,,,POINT,117.045,C:\Users\esthe\Downloads\small boiteux 12_\Boit_1205_3_five.mp4,560,NA,
boit_1205,2025-06-05 16:05:44.780,,209.095,Media file(s),player #1:C:\Users\esthe\Downloads\small boiteux 12_\Boi_1205_1_seven.mp4;C:\Users\esthe\Downloads\small boiteux 12_\Boit_1205_10_three.mp4;C:\Users\esthe\Downloads\small boiteux 12_\Boit_1205_11_five.mp4;C:\Users\esthe\Downloads\small boiteux 12_\Boit_1205_12_control.mp4;C:\Users\esthe\Downloads\small boiteux 12_\Boit_1205_13_control.mp4;C:\Users\esthe\Downloads\small boiteux 12_\Boit_1205_2_three.mp4;C:\Users\esthe\Downloads\small boiteux 12_\Boit_1205_3_five.mp4;C:\Users\esthe\Downloads\small boiteux 12_\Boit_1205_4_one.mp4;C:\Users\esthe\Downloads\small boiteux 12_\Boit_1205_5_five.mp4;C:\Users\esthe\Downloads\small boiteux 12_\Boit_1205_6_three.mp4;C:\Users\esthe\Downloads\small boiteux 12_\Boit_1205_7_one.mp4;C:\Users\esthe\Downloads\small boiteux 12_\Boit_1205_8_five.mp4;C:\Users\esthe\Downloads\small boiteux 12_\Boit_1205_9_seven.mp4,0.0,33.361;14.067;14.331;21.564;6.399;8.664;23.761;18.197;19.200;7.900;7.064;10.199;28.898,30.000;30.000;30.000;30.000;30.000;30.000;30.000;30.000;30.000;30.000;30.000;30.000;30.000,Boiteux,jaw movement,,,POINT,117.312,C:\Users\esthe\Downloads\small boiteux 12_\Boit_1205_3_five.mp4,568,NA,
boit_1205,2025-06-05 16:05:44.780,,209.095,Media file(s),player #1:C:\Users\esthe\Downloads\small boiteux 12_\Boi_1205_1_seven.mp4;C:\Users\esthe\Downloads\small boiteux 12_\Boit_1205_10_three.mp4;C:\Users\esthe\Downloads\small boiteux 12_\Boit_1205_11_five.mp4;C:\Users\esthe\Downloads\small boiteux 12_\Boit_1205_12_control.mp4;C:\Users\esthe\Downloads\small boiteux 12_\Boit_1205_13_control.mp4;C:\Users\esthe\Downloads\small boiteux 12_\Boit_1205_2_three.mp4;C:\Users\esthe\Downloads\small boiteux 12_\Boit_1205_3_five.mp4;C:\Users\esthe\Downloads\small boiteux 12_\Boit_1205_4_one.mp4;C:\Users\esthe\Downloads\small boiteux 12_\Boit_1205_5_five.mp4;C:\Users\esthe\Downloads\small boiteux 12_\Boit_1205_6_three.mp4;C:\Users\esthe\Downloads\small boiteux 12_\Boit_1205_7_one.mp4;C:\Users\esthe\Downloads\small boiteux 12_\Boit_1205_8_five.mp4;C:\Users\esthe\Downloads\small boiteux 12_\Boit_1205_9_seven.mp4,0.0,33.361;14.067;14.331;21.564;6.399;8.664;23.761;18.197;19.200;7.900;7.064;10.199;28.898,30.000;30.000;30.000;30.000;30.000;30.000;30.000;30.000;30.000;30.000;30.000;30.000;30.000,Boiteux,mouth,,,POINT,117.912,C:\Users\esthe\Downloads\small boiteux 12_\Boit_1205_3_five.mp4,586,NA,
boit_1205,2025-06-05 16:05:44.780,,209.095,Media file(s),player #1:C:\Users\esthe\Downloads\small boiteux 12_\Boi_1205_1_seven.mp4;C:\Users\esthe\Downloads\small boiteux 12_\Boit_1205_10_three.mp4;C:\Users\esthe\Downloads\small boiteux 12_\Boit_1205_11_five.mp4;C:\Users\esthe\Downloads\small boiteux 12_\Boit_1205_12_control.mp4;C:\Users\esthe\Downloads\small boiteux 12_\Boit_1205_13_control.mp4;C:\Users\esthe\Downloads\small boiteux 12_\Boit_1205_2_three.mp4;C:\Users\esthe\Downloads\small boiteux 12_\Boit_1205_3_five.mp4;C:\Users\esthe\Downloads\small boiteux 12_\Boit_1205_4_one.mp4;C:\Users\esthe\Downloads\small boiteux 12_\Boit_1205_5_five.mp4;C:\Users\esthe\Downloads\small boiteux 12_\Boit_1205_6_three.mp4;C:\Users\esthe\Downloads\small boiteux 12_\Boit_1205_7_one.mp4;C:\Users\esthe\Downloads\small boiteux 12_\Boit_1205_8_five.mp4;C:\Users\esthe\Downloads\small boiteux 12_\Boit_1205_9_seven.mp4,0.0,33.361;14.067;14.331;21.564;6.399;8.664;23.761;18.197;19.200;7.900;7.064;10.199;28.898,30.000;30.000;30.000;30.000;30.000;30.000;30.000;30.000;30.000;30.000;30.000;30.000;30.000,Boiteux,assessing,,,STOP,117.979,C:\Users\esthe\Downloads\small boiteux 12_\Boit_1205_3_five.mp4,588,NA,
boit_1205,2025-06-05 16:05:44.780,,209.095,Media file(s),player #1:C:\Users\esthe\Downloads\small boiteux 12_\Boi_1205_1_seven.mp4;C:\Users\esthe\Downloads\small boiteux 12_\Boit_1205_10_three.mp4;C:\Users\esthe\Downloads\small boiteux 12_\Boit_1205_11_five.mp4;C:\Users\esthe\Downloads\small boiteux 12_\Boit_1205_12_control.mp4;C:\Users\esthe\Downloads\small boiteux 12_\Boit_1205_13_control.mp4;C:\Users\esthe\Downloads\small boiteux 12_\Boit_1205_2_three.mp4;C:\Users\esthe\Downloads\small boiteux 12_\Boit_1205_3_five.mp4;C:\Users\esthe\Downloads\small boiteux 12_\Boit_1205_4_one.mp4;C:\Users\esthe\Downloads\small boiteux 12_\Boit_1205_5_five.mp4;C:\Users\esthe\Downloads\small boiteux 12_\Boit_1205_6_three.mp4;C:\Users\esthe\Downloads\small boiteux 12_\Boit_1205_7_one.mp4;C:\Users\esthe\Downloads\small boiteux 12_\Boit_1205_8_five.mp4;C:\Users\esthe\Downloads\small boiteux 12_\Boit_1205_9_seven.mp4,0.0,33.361;14.067;14.331;21.564;6.399;8.664;23.761;18.197;19.200;7.900;7.064;10.199;28.898,30.000;30.000;30.000;30.000;30.000;30.000;30.000;30.000;30.000;30.000;30.000;30.000;30.000,Boiteux,target,,,START,118.178,C:\Users\esthe\Downloads\small boiteux 12_\Boit_1205_3_five.mp4,594,NA,
boit_1205,2025-06-05 16:05:44.780,,209.095,Media file(s),player #1:C:\Users\esthe\Downloads\small boiteux 12_\Boi_1205_1_seven.mp4;C:\Users\esthe\Downloads\small boiteux 12_\Boit_1205_10_three.mp4;C:\Users\esthe\Downloads\small boiteux 12_\Boit_1205_11_five.mp4;C:\Users\esthe\Downloads\small boiteux 12_\Boit_1205_12_control.mp4;C:\Users\esthe\Downloads\small boiteux 12_\Boit_1205_13_control.mp4;C:\Users\esthe\Downloads\small boiteux 12_\Boit_1205_2_three.mp4;C:\Users\esthe\Downloads\small boiteux 12_\Boit_1205_3_five.mp4;C:\Users\esthe\Downloads\small boiteux 12_\Boit_1205_4_one.mp4;C:\Users\esthe\Downloads\small boiteux 12_\Boit_1205_5_five.mp4;C:\Users\esthe\Downloads\small boiteux 12_\Boit_1205_6_three.mp4;C:\Users\esthe\Downloads\small boiteux 12_\Boit_1205_7_one.mp4;C:\Users\esthe\Downloads\small boiteux 12_\Boit_1205_8_five.mp4;C:\Users\esthe\Downloads\small boiteux 12_\Boit_1205_9_seven.mp4,0.0,33.361;14.067;14.331;21.564;6.399;8.664;23.761;18.197;19.200;7.900;7.064;10.199;28.898,30.000;30.000;30.000;30.000;30.000;30.000;30.000;30.000;30.000;30.000;30.000;30.000;30.000,Boiteux,target,,,STOP,121.911,C:\Users\esthe\Downloads\small boiteux 12_\Boit_1205_3_five.mp4,706,NA,
boit_1205,2025-06-05 16:05:44.780,,209.095,Media file(s),player #1:C:\Users\esthe\Downloads\small boiteux 12_\Boi_1205_1_seven.mp4;C:\Users\esthe\Downloads\small boiteux 12_\Boit_1205_10_three.mp4;C:\Users\esthe\Downloads\small boiteux 12_\Boit_1205_11_five.mp4;C:\Users\esthe\Downloads\small boiteux 12_\Boit_1205_12_control.mp4;C:\Users\esthe\Downloads\small boiteux 12_\Boit_1205_13_control.mp4;C:\Users\esthe\Downloads\small boiteux 12_\Boit_1205_2_three.mp4;C:\Users\esthe\Downloads\small boiteux 12_\Boit_1205_3_five.mp4;C:\Users\esthe\Downloads\small boiteux 12_\Boit_1205_4_one.mp4;C:\Users\esthe\Downloads\small boiteux 12_\Boit_1205_5_five.mp4;C:\Users\esthe\Downloads\small boiteux 12_\Boit_1205_6_three.mp4;C:\Users\esthe\Downloads\small boiteux 12_\Boit_1205_7_one.mp4;C:\Users\esthe\Downloads\small boiteux 12_\Boit_1205_8_five.mp4;C:\Users\esthe\Downloads\small boiteux 12_\Boit_1205_9_seven.mp4,0.0,33.361;14.067;14.331;21.564;6.399;8.664;23.761;18.197;19.200;7.900;7.064;10.199;28.898,30.000;30.000;30.000;30.000;30.000;30.000;30.000;30.000;30.000;30.000;30.000;30.000;30.000,Boiteux,explore,,,START,123.111,C:\Users\esthe\Downloads\small boiteux 12_\Boit_1205_4_one.mp4,29,NA,
boit_1205,2025-06-05 16:05:44.780,,209.095,Media file(s),player #1:C:\Users\esthe\Downloads\small boiteux 12_\Boi_1205_1_seven.mp4;C:\Users\esthe\Downloads\small boiteux 12_\Boit_1205_10_three.mp4;C:\Users\esthe\Downloads\small boiteux 12_\Boit_1205_11_five.mp4;C:\Users\esthe\Downloads\small boiteux 12_\Boit_1205_12_control.mp4;C:\Users\esthe\Downloads\small boiteux 12_\Boit_1205_13_control.mp4;C:\Users\esthe\Downloads\small boiteux 12_\Boit_1205_2_three.mp4;C:\Users\esthe\Downloads\small boiteux 12_\Boit_1205_3_five.mp4;C:\Users\esthe\Downloads\small boiteux 12_\Boit_1205_4_one.mp4;C:\Users\esthe\Downloads\small boiteux 12_\Boit_1205_5_five.mp4;C:\Users\esthe\Downloads\small boiteux 12_\Boit_1205_6_three.mp4;C:\Users\esthe\Downloads\small boiteux 12_\Boit_1205_7_one.mp4;C:\Users\esthe\Downloads\small boiteux 12_\Boit_1205_8_five.mp4;C:\Users\esthe\Downloads\small boiteux 12_\Boit_1205_9_seven.mp4,0.0,33.361;14.067;14.331;21.564;6.399;8.664;23.761;18.197;19.200;7.900;7.064;10.199;28.898,30.000;30.000;30.000;30.000;30.000;30.000;30.000;30.000;30.000;30.000;30.000;30.000;30.000,Boiteux,explore,,,STOP,124.640,C:\Users\esthe\Downloads\small boiteux 12_\Boit_1205_4_one.mp4,75,NA,
boit_1205,2025-06-05 16:05:44.780,,209.095,Media file(s),player #1:C:\Users\esthe\Downloads\small boiteux 12_\Boi_1205_1_seven.mp4;C:\Users\esthe\Downloads\small boiteux 12_\Boit_1205_10_three.mp4;C:\Users\esthe\Downloads\small boiteux 12_\Boit_1205_11_five.mp4;C:\Users\esthe\Downloads\small boiteux 12_\Boit_1205_12_control.mp4;C:\Users\esthe\Downloads\small boiteux 12_\Boit_1205_13_control.mp4;C:\Users\esthe\Downloads\small boiteux 12_\Boit_1205_2_three.mp4;C:\Users\esthe\Downloads\small boiteux 12_\Boit_1205_3_five.mp4;C:\Users\esthe\Downloads\small boiteux 12_\Boit_1205_4_one.mp4;C:\Users\esthe\Downloads\small boiteux 12_\Boit_1205_5_five.mp4;C:\Users\esthe\Downloads\small boiteux 12_\Boit_1205_6_three.mp4;C:\Users\esthe\Downloads\small boiteux 12_\Boit_1205_7_one.mp4;C:\Users\esthe\Downloads\small boiteux 12_\Boit_1205_8_five.mp4;C:\Users\esthe\Downloads\small boiteux 12_\Boit_1205_9_seven.mp4,0.0,33.361;14.067;14.331;21.564;6.399;8.664;23.761;18.197;19.200;7.900;7.064;10.199;28.898,30.000;30.000;30.000;30.000;30.000;30.000;30.000;30.000;30.000;30.000;30.000;30.000;30.000,Boiteux,chewing,,,START,125.107,C:\Users\esthe\Downloads\small boiteux 12_\Boit_1205_4_one.mp4,89,NA,
boit_1205,2025-06-05 16:05:44.780,,209.095,Media file(s),player #1:C:\Users\esthe\Downloads\small boiteux 12_\Boi_1205_1_seven.mp4;C:\Users\esthe\Downloads\small boiteux 12_\Boit_1205_10_three.mp4;C:\Users\esthe\Downloads\small boiteux 12_\Boit_1205_11_five.mp4;C:\Users\esthe\Downloads\small boiteux 12_\Boit_1205_12_control.mp4;C:\Users\esthe\Downloads\small boiteux 12_\Boit_1205_13_control.mp4;C:\Users\esthe\Downloads\small boiteux 12_\Boit_1205_2_three.mp4;C:\Users\esthe\Downloads\small boiteux 12_\Boit_1205_3_five.mp4;C:\Users\esthe\Downloads\small boiteux 12_\Boit_1205_4_one.mp4;C:\Users\esthe\Downloads\small boiteux 12_\Boit_1205_5_five.mp4;C:\Users\esthe\Downloads\small boiteux 12_\Boit_1205_6_three.mp4;C:\Users\esthe\Downloads\small boiteux 12_\Boit_1205_7_one.mp4;C:\Users\esthe\Downloads\small boiteux 12_\Boit_1205_8_five.mp4;C:\Users\esthe\Downloads\small boiteux 12_\Boit_1205_9_seven.mp4,0.0,33.361;14.067;14.331;21.564;6.399;8.664;23.761;18.197;19.200;7.900;7.064;10.199;28.898,30.000;30.000;30.000;30.000;30.000;30.000;30.000;30.000;30.000;30.000;30.000;30.000;30.000,Boiteux,chewing,,,STOP,127.641,C:\Users\esthe\Downloads\small boiteux 12_\Boit_1205_4_one.mp4,164,NA,
boit_1205,2025-06-05 16:05:44.780,,209.095,Media file(s),player #1:C:\Users\esthe\Downloads\small boiteux 12_\Boi_1205_1_seven.mp4;C:\Users\esthe\Downloads\small boiteux 12_\Boit_1205_10_three.mp4;C:\Users\esthe\Downloads\small boiteux 12_\Boit_1205_11_five.mp4;C:\Users\esthe\Downloads\small boiteux 12_\Boit_1205_12_control.mp4;C:\Users\esthe\Downloads\small boiteux 12_\Boit_1205_13_control.mp4;C:\Users\esthe\Downloads\small boiteux 12_\Boit_1205_2_three.mp4;C:\Users\esthe\Downloads\small boiteux 12_\Boit_1205_3_five.mp4;C:\Users\esthe\Downloads\small boiteux 12_\Boit_1205_4_one.mp4;C:\Users\esthe\Downloads\small boiteux 12_\Boit_1205_5_five.mp4;C:\Users\esthe\Downloads\small boiteux 12_\Boit_1205_6_three.mp4;C:\Users\esthe\Downloads\small boiteux 12_\Boit_1205_7_one.mp4;C:\Users\esthe\Downloads\small boiteux 12_\Boit_1205_8_five.mp4;C:\Users\esthe\Downloads\small boiteux 12_\Boit_1205_9_seven.mp4,0.0,33.361;14.067;14.331;21.564;6.399;8.664;23.761;18.197;19.200;7.900;7.064;10.199;28.898,30.000;30.000;30.000;30.000;30.000;30.000;30.000;30.000;30.000;30.000;30.000;30.000;30.000,Boiteux,bending,,,START,127.774,C:\Users\esthe\Downloads\small boiteux 12_\Boit_1205_4_one.mp4,168,NA,
boit_1205,2025-06-05 16:05:44.780,,209.095,Media file(s),player #1:C:\Users\esthe\Downloads\small boiteux 12_\Boi_1205_1_seven.mp4;C:\Users\esthe\Downloads\small boiteux 12_\Boit_1205_10_three.mp4;C:\Users\esthe\Downloads\small boiteux 12_\Boit_1205_11_five.mp4;C:\Users\esthe\Downloads\small boiteux 12_\Boit_1205_12_control.mp4;C:\Users\esthe\Downloads\small boiteux 12_\Boit_1205_13_control.mp4;C:\Users\esthe\Downloads\small boiteux 12_\Boit_1205_2_three.mp4;C:\Users\esthe\Downloads\small boiteux 12_\Boit_1205_3_five.mp4;C:\Users\esthe\Downloads\small boiteux 12_\Boit_1205_4_one.mp4;C:\Users\esthe\Downloads\small boiteux 12_\Boit_1205_5_five.mp4;C:\Users\esthe\Downloads\small boiteux 12_\Boit_1205_6_three.mp4;C:\Users\esthe\Downloads\small boiteux 12_\Boit_1205_7_one.mp4;C:\Users\esthe\Downloads\small boiteux 12_\Boit_1205_8_five.mp4;C:\Users\esthe\Downloads\small boiteux 12_\Boit_1205_9_seven.mp4,0.0,33.361;14.067;14.331;21.564;6.399;8.664;23.761;18.197;19.200;7.900;7.064;10.199;28.898,30.000;30.000;30.000;30.000;30.000;30.000;30.000;30.000;30.000;30.000;30.000;30.000;30.000,Boiteux,bending,,,STOP,128.641,C:\Users\esthe\Downloads\small boiteux 12_\Boit_1205_4_one.mp4,194,NA,
boit_1205,2025-06-05 16:05:44.780,,209.095,Media file(s),player #1:C:\Users\esthe\Downloads\small boiteux 12_\Boi_1205_1_seven.mp4;C:\Users\esthe\Downloads\small boiteux 12_\Boit_1205_10_three.mp4;C:\Users\esthe\Downloads\small boiteux 12_\Boit_1205_11_five.mp4;C:\Users\esthe\Downloads\small boiteux 12_\Boit_1205_12_control.mp4;C:\Users\esthe\Downloads\small boiteux 12_\Boit_1205_13_control.mp4;C:\Users\esthe\Downloads\small boiteux 12_\Boit_1205_2_three.mp4;C:\Users\esthe\Downloads\small boiteux 12_\Boit_1205_3_five.mp4;C:\Users\esthe\Downloads\small boiteux 12_\Boit_1205_4_one.mp4;C:\Users\esthe\Downloads\small boiteux 12_\Boit_1205_5_five.mp4;C:\Users\esthe\Downloads\small boiteux 12_\Boit_1205_6_three.mp4;C:\Users\esthe\Downloads\small boiteux 12_\Boit_1205_7_one.mp4;C:\Users\esthe\Downloads\small boiteux 12_\Boit_1205_8_five.mp4;C:\Users\esthe\Downloads\small boiteux 12_\Boit_1205_9_seven.mp4,0.0,33.361;14.067;14.331;21.564;6.399;8.664;23.761;18.197;19.200;7.900;7.064;10.199;28.898,30.000;30.000;30.000;30.000;30.000;30.000;30.000;30.000;30.000;30.000;30.000;30.000;30.000,Boiteux,grabbing peanut,,,POINT,128.641,C:\Users\esthe\Downloads\small boiteux 12_\Boit_1205_4_one.mp4,194,NA,
boit_1205,2025-06-05 16:05:44.780,,209.095,Media file(s),player #1:C:\Users\esthe\Downloads\small boiteux 12_\Boi_1205_1_seven.mp4;C:\Users\esthe\Downloads\small boiteux 12_\Boit_1205_10_three.mp4;C:\Users\esthe\Downloads\small boiteux 12_\Boit_1205_11_five.mp4;C:\Users\esthe\Downloads\small boiteux 12_\Boit_1205_12_control.mp4;C:\Users\esthe\Downloads\small boiteux 12_\Boit_1205_13_control.mp4;C:\Users\esthe\Downloads\small boiteux 12_\Boit_1205_2_three.mp4;C:\Users\esthe\Downloads\small boiteux 12_\Boit_1205_3_five.mp4;C:\Users\esthe\Downloads\small boiteux 12_\Boit_1205_4_one.mp4;C:\Users\esthe\Downloads\small boiteux 12_\Boit_1205_5_five.mp4;C:\Users\esthe\Downloads\small boiteux 12_\Boit_1205_6_three.mp4;C:\Users\esthe\Downloads\small boiteux 12_\Boit_1205_7_one.mp4;C:\Users\esthe\Downloads\small boiteux 12_\Boit_1205_8_five.mp4;C:\Users\esthe\Downloads\small boiteux 12_\Boit_1205_9_seven.mp4,0.0,33.361;14.067;14.331;21.564;6.399;8.664;23.761;18.197;19.200;7.900;7.064;10.199;28.898,30.000;30.000;30.000;30.000;30.000;30.000;30.000;30.000;30.000;30.000;30.000;30.000;30.000,Boiteux,lifting,,,START,128.674,C:\Users\esthe\Downloads\small boiteux 12_\Boit_1205_4_one.mp4,195,NA,
boit_1205,2025-06-05 16:05:44.780,,209.095,Media file(s),player #1:C:\Users\esthe\Downloads\small boiteux 12_\Boi_1205_1_seven.mp4;C:\Users\esthe\Downloads\small boiteux 12_\Boit_1205_10_three.mp4;C:\Users\esthe\Downloads\small boiteux 12_\Boit_1205_11_five.mp4;C:\Users\esthe\Downloads\small boiteux 12_\Boit_1205_12_control.mp4;C:\Users\esthe\Downloads\small boiteux 12_\Boit_1205_13_control.mp4;C:\Users\esthe\Downloads\small boiteux 12_\Boit_1205_2_three.mp4;C:\Users\esthe\Downloads\small boiteux 12_\Boit_1205_3_five.mp4;C:\Users\esthe\Downloads\small boiteux 12_\Boit_1205_4_one.mp4;C:\Users\esthe\Downloads\small boiteux 12_\Boit_1205_5_five.mp4;C:\Users\esthe\Downloads\small boiteux 12_\Boit_1205_6_three.mp4;C:\Users\esthe\Downloads\small boiteux 12_\Boit_1205_7_one.mp4;C:\Users\esthe\Downloads\small boiteux 12_\Boit_1205_8_five.mp4;C:\Users\esthe\Downloads\small boiteux 12_\Boit_1205_9_seven.mp4,0.0,33.361;14.067;14.331;21.564;6.399;8.664;23.761;18.197;19.200;7.900;7.064;10.199;28.898,30.000;30.000;30.000;30.000;30.000;30.000;30.000;30.000;30.000;30.000;30.000;30.000;30.000,Boiteux,lifting,,,STOP,128.841,C:\Users\esthe\Downloads\small boiteux 12_\Boit_1205_4_one.mp4,200,NA,
boit_1205,2025-06-05 16:05:44.780,,209.095,Media file(s),player #1:C:\Users\esthe\Downloads\small boiteux 12_\Boi_1205_1_seven.mp4;C:\Users\esthe\Downloads\small boiteux 12_\Boit_1205_10_three.mp4;C:\Users\esthe\Downloads\small boiteux 12_\Boit_1205_11_five.mp4;C:\Users\esthe\Downloads\small boiteux 12_\Boit_1205_12_control.mp4;C:\Users\esthe\Downloads\small boiteux 12_\Boit_1205_13_control.mp4;C:\Users\esthe\Downloads\small boiteux 12_\Boit_1205_2_three.mp4;C:\Users\esthe\Downloads\small boiteux 12_\Boit_1205_3_five.mp4;C:\Users\esthe\Downloads\small boiteux 12_\Boit_1205_4_one.mp4;C:\Users\esthe\Downloads\small boiteux 12_\Boit_1205_5_five.mp4;C:\Users\esthe\Downloads\small boiteux 12_\Boit_1205_6_three.mp4;C:\Users\esthe\Downloads\small boiteux 12_\Boit_1205_7_one.mp4;C:\Users\esthe\Downloads\small boiteux 12_\Boit_1205_8_five.mp4;C:\Users\esthe\Downloads\small boiteux 12_\Boit_1205_9_seven.mp4,0.0,33.361;14.067;14.331;21.564;6.399;8.664;23.761;18.197;19.200;7.900;7.064;10.199;28.898,30.000;30.000;30.000;30.000;30.000;30.000;30.000;30.000;30.000;30.000;30.000;30.000;30.000,Boiteux,assessing,,,START,128.941,C:\Users\esthe\Downloads\small boiteux 12_\Boit_1205_4_one.mp4,203,NA,
boit_1205,2025-06-05 16:05:44.780,,209.095,Media file(s),player #1:C:\Users\esthe\Downloads\small boiteux 12_\Boi_1205_1_seven.mp4;C:\Users\esthe\Downloads\small boiteux 12_\Boit_1205_10_three.mp4;C:\Users\esthe\Downloads\small boiteux 12_\Boit_1205_11_five.mp4;C:\Users\esthe\Downloads\small boiteux 12_\Boit_1205_12_control.mp4;C:\Users\esthe\Downloads\small boiteux 12_\Boit_1205_13_control.mp4;C:\Users\esthe\Downloads\small boiteux 12_\Boit_1205_2_three.mp4;C:\Users\esthe\Downloads\small boiteux 12_\Boit_1205_3_five.mp4;C:\Users\esthe\Downloads\small boiteux 12_\Boit_1205_4_one.mp4;C:\Users\esthe\Downloads\small boiteux 12_\Boit_1205_5_five.mp4;C:\Users\esthe\Downloads\small boiteux 12_\Boit_1205_6_three.mp4;C:\Users\esthe\Downloads\small boiteux 12_\Boit_1205_7_one.mp4;C:\Users\esthe\Downloads\small boiteux 12_\Boit_1205_8_five.mp4;C:\Users\esthe\Downloads\small boiteux 12_\Boit_1205_9_seven.mp4,0.0,33.361;14.067;14.331;21.564;6.399;8.664;23.761;18.197;19.200;7.900;7.064;10.199;28.898,30.000;30.000;30.000;30.000;30.000;30.000;30.000;30.000;30.000;30.000;30.000;30.000;30.000,Boiteux,jaw movement,,,POINT,129.007,C:\Users\esthe\Downloads\small boiteux 12_\Boit_1205_4_one.mp4,205,NA,
boit_1205,2025-06-05 16:05:44.780,,209.095,Media file(s),player #1:C:\Users\esthe\Downloads\small boiteux 12_\Boi_1205_1_seven.mp4;C:\Users\esthe\Downloads\small boiteux 12_\Boit_1205_10_three.mp4;C:\Users\esthe\Downloads\small boiteux 12_\Boit_1205_11_five.mp4;C:\Users\esthe\Downloads\small boiteux 12_\Boit_1205_12_control.mp4;C:\Users\esthe\Downloads\small boiteux 12_\Boit_1205_13_control.mp4;C:\Users\esthe\Downloads\small boiteux 12_\Boit_1205_2_three.mp4;C:\Users\esthe\Downloads\small boiteux 12_\Boit_1205_3_five.mp4;C:\Users\esthe\Downloads\small boiteux 12_\Boit_1205_4_one.mp4;C:\Users\esthe\Downloads\small boiteux 12_\Boit_1205_5_five.mp4;C:\Users\esthe\Downloads\small boiteux 12_\Boit_1205_6_three.mp4;C:\Users\esthe\Downloads\small boiteux 12_\Boit_1205_7_one.mp4;C:\Users\esthe\Downloads\small boiteux 12_\Boit_1205_8_five.mp4;C:\Users\esthe\Downloads\small boiteux 12_\Boit_1205_9_seven.mp4,0.0,33.361;14.067;14.331;21.564;6.399;8.664;23.761;18.197;19.200;7.900;7.064;10.199;28.898,30.000;30.000;30.000;30.000;30.000;30.000;30.000;30.000;30.000;30.000;30.000;30.000;30.000,Boiteux,sniffing,,,POINT,129.174,C:\Users\esthe\Downloads\small boiteux 12_\Boit_1205_4_one.mp4,210,NA,
boit_1205,2025-06-05 16:05:44.780,,209.095,Media file(s),player #1:C:\Users\esthe\Downloads\small boiteux 12_\Boi_1205_1_seven.mp4;C:\Users\esthe\Downloads\small boiteux 12_\Boit_1205_10_three.mp4;C:\Users\esthe\Downloads\small boiteux 12_\Boit_1205_11_five.mp4;C:\Users\esthe\Downloads\small boiteux 12_\Boit_1205_12_control.mp4;C:\Users\esthe\Downloads\small boiteux 12_\Boit_1205_13_control.mp4;C:\Users\esthe\Downloads\small boiteux 12_\Boit_1205_2_three.mp4;C:\Users\esthe\Downloads\small boiteux 12_\Boit_1205_3_five.mp4;C:\Users\esthe\Downloads\small boiteux 12_\Boit_1205_4_one.mp4;C:\Users\esthe\Downloads\small boiteux 12_\Boit_1205_5_five.mp4;C:\Users\esthe\Downloads\small boiteux 12_\Boit_1205_6_three.mp4;C:\Users\esthe\Downloads\small boiteux 12_\Boit_1205_7_one.mp4;C:\Users\esthe\Downloads\small boiteux 12_\Boit_1205_8_five.mp4;C:\Users\esthe\Downloads\small boiteux 12_\Boit_1205_9_seven.mp4,0.0,33.361;14.067;14.331;21.564;6.399;8.664;23.761;18.197;19.200;7.900;7.064;10.199;28.898,30.000;30.000;30.000;30.000;30.000;30.000;30.000;30.000;30.000;30.000;30.000;30.000;30.000,Boiteux,jaw movement,,,POINT,129.441,C:\Users\esthe\Downloads\small boiteux 12_\Boit_1205_4_one.mp4,218,NA,
boit_1205,2025-06-05 16:05:44.780,,209.095,Media file(s),player #1:C:\Users\esthe\Downloads\small boiteux 12_\Boi_1205_1_seven.mp4;C:\Users\esthe\Downloads\small boiteux 12_\Boit_1205_10_three.mp4;C:\Users\esthe\Downloads\small boiteux 12_\Boit_1205_11_five.mp4;C:\Users\esthe\Downloads\small boiteux 12_\Boit_1205_12_control.mp4;C:\Users\esthe\Downloads\small boiteux 12_\Boit_1205_13_control.mp4;C:\Users\esthe\Downloads\small boiteux 12_\Boit_1205_2_three.mp4;C:\Users\esthe\Downloads\small boiteux 12_\Boit_1205_3_five.mp4;C:\Users\esthe\Downloads\small boiteux 12_\Boit_1205_4_one.mp4;C:\Users\esthe\Downloads\small boiteux 12_\Boit_1205_5_five.mp4;C:\Users\esthe\Downloads\small boiteux 12_\Boit_1205_6_three.mp4;C:\Users\esthe\Downloads\small boiteux 12_\Boit_1205_7_one.mp4;C:\Users\esthe\Downloads\small boiteux 12_\Boit_1205_8_five.mp4;C:\Users\esthe\Downloads\small boiteux 12_\Boit_1205_9_seven.mp4,0.0,33.361;14.067;14.331;21.564;6.399;8.664;23.761;18.197;19.200;7.900;7.064;10.199;28.898,30.000;30.000;30.000;30.000;30.000;30.000;30.000;30.000;30.000;30.000;30.000;30.000;30.000,Boiteux,teeth-hole contact,,,POINT,129.941,C:\Users\esthe\Downloads\small boiteux 12_\Boit_1205_4_one.mp4,233,NA,
boit_1205,2025-06-05 16:05:44.780,,209.095,Media file(s),player #1:C:\Users\esthe\Downloads\small boiteux 12_\Boi_1205_1_seven.mp4;C:\Users\esthe\Downloads\small boiteux 12_\Boit_1205_10_three.mp4;C:\Users\esthe\Downloads\small boiteux 12_\Boit_1205_11_five.mp4;C:\Users\esthe\Downloads\small boiteux 12_\Boit_1205_12_control.mp4;C:\Users\esthe\Downloads\small boiteux 12_\Boit_1205_13_control.mp4;C:\Users\esthe\Downloads\small boiteux 12_\Boit_1205_2_three.mp4;C:\Users\esthe\Downloads\small boiteux 12_\Boit_1205_3_five.mp4;C:\Users\esthe\Downloads\small boiteux 12_\Boit_1205_4_one.mp4;C:\Users\esthe\Downloads\small boiteux 12_\Boit_1205_5_five.mp4;C:\Users\esthe\Downloads\small boiteux 12_\Boit_1205_6_three.mp4;C:\Users\esthe\Downloads\small boiteux 12_\Boit_1205_7_one.mp4;C:\Users\esthe\Downloads\small boiteux 12_\Boit_1205_8_five.mp4;C:\Users\esthe\Downloads\small boiteux 12_\Boit_1205_9_seven.mp4,0.0,33.361;14.067;14.331;21.564;6.399;8.664;23.761;18.197;19.200;7.900;7.064;10.199;28.898,30.000;30.000;30.000;30.000;30.000;30.000;30.000;30.000;30.000;30.000;30.000;30.000;30.000,Boiteux,rotation,,Vertical,START,130.007,C:\Users\esthe\Downloads\small boiteux 12_\Boit_1205_4_one.mp4,235,NA,
boit_1205,2025-06-05 16:05:44.780,,209.095,Media file(s),player #1:C:\Users\esthe\Downloads\small boiteux 12_\Boi_1205_1_seven.mp4;C:\Users\esthe\Downloads\small boiteux 12_\Boit_1205_10_three.mp4;C:\Users\esthe\Downloads\small boiteux 12_\Boit_1205_11_five.mp4;C:\Users\esthe\Downloads\small boiteux 12_\Boit_1205_12_control.mp4;C:\Users\esthe\Downloads\small boiteux 12_\Boit_1205_13_control.mp4;C:\Users\esthe\Downloads\small boiteux 12_\Boit_1205_2_three.mp4;C:\Users\esthe\Downloads\small boiteux 12_\Boit_1205_3_five.mp4;C:\Users\esthe\Downloads\small boiteux 12_\Boit_1205_4_one.mp4;C:\Users\esthe\Downloads\small boiteux 12_\Boit_1205_5_five.mp4;C:\Users\esthe\Downloads\small boiteux 12_\Boit_1205_6_three.mp4;C:\Users\esthe\Downloads\small boiteux 12_\Boit_1205_7_one.mp4;C:\Users\esthe\Downloads\small boiteux 12_\Boit_1205_8_five.mp4;C:\Users\esthe\Downloads\small boiteux 12_\Boit_1205_9_seven.mp4,0.0,33.361;14.067;14.331;21.564;6.399;8.664;23.761;18.197;19.200;7.900;7.064;10.199;28.898,30.000;30.000;30.000;30.000;30.000;30.000;30.000;30.000;30.000;30.000;30.000;30.000;30.000,Boiteux,rotation,,Vertical,STOP,130.141,C:\Users\esthe\Downloads\small boiteux 12_\Boit_1205_4_one.mp4,239,NA,
boit_1205,2025-06-05 16:05:44.780,,209.095,Media file(s),player #1:C:\Users\esthe\Downloads\small boiteux 12_\Boi_1205_1_seven.mp4;C:\Users\esthe\Downloads\small boiteux 12_\Boit_1205_10_three.mp4;C:\Users\esthe\Downloads\small boiteux 12_\Boit_1205_11_five.mp4;C:\Users\esthe\Downloads\small boiteux 12_\Boit_1205_12_control.mp4;C:\Users\esthe\Downloads\small boiteux 12_\Boit_1205_13_control.mp4;C:\Users\esthe\Downloads\small boiteux 12_\Boit_1205_2_three.mp4;C:\Users\esthe\Downloads\small boiteux 12_\Boit_1205_3_five.mp4;C:\Users\esthe\Downloads\small boiteux 12_\Boit_1205_4_one.mp4;C:\Users\esthe\Downloads\small boiteux 12_\Boit_1205_5_five.mp4;C:\Users\esthe\Downloads\small boiteux 12_\Boit_1205_6_three.mp4;C:\Users\esthe\Downloads\small boiteux 12_\Boit_1205_7_one.mp4;C:\Users\esthe\Downloads\small boiteux 12_\Boit_1205_8_five.mp4;C:\Users\esthe\Downloads\small boiteux 12_\Boit_1205_9_seven.mp4,0.0,33.361;14.067;14.331;21.564;6.399;8.664;23.761;18.197;19.200;7.900;7.064;10.199;28.898,30.000;30.000;30.000;30.000;30.000;30.000;30.000;30.000;30.000;30.000;30.000;30.000;30.000,Boiteux,teeth-hole contact,,,POINT,130.174,C:\Users\esthe\Downloads\small boiteux 12_\Boit_1205_4_one.mp4,240,NA,
boit_1205,2025-06-05 16:05:44.780,,209.095,Media file(s),player #1:C:\Users\esthe\Downloads\small boiteux 12_\Boi_1205_1_seven.mp4;C:\Users\esthe\Downloads\small boiteux 12_\Boit_1205_10_three.mp4;C:\Users\esthe\Downloads\small boiteux 12_\Boit_1205_11_five.mp4;C:\Users\esthe\Downloads\small boiteux 12_\Boit_1205_12_control.mp4;C:\Users\esthe\Downloads\small boiteux 12_\Boit_1205_13_control.mp4;C:\Users\esthe\Downloads\small boiteux 12_\Boit_1205_2_three.mp4;C:\Users\esthe\Downloads\small boiteux 12_\Boit_1205_3_five.mp4;C:\Users\esthe\Downloads\small boiteux 12_\Boit_1205_4_one.mp4;C:\Users\esthe\Downloads\small boiteux 12_\Boit_1205_5_five.mp4;C:\Users\esthe\Downloads\small boiteux 12_\Boit_1205_6_three.mp4;C:\Users\esthe\Downloads\small boiteux 12_\Boit_1205_7_one.mp4;C:\Users\esthe\Downloads\small boiteux 12_\Boit_1205_8_five.mp4;C:\Users\esthe\Downloads\small boiteux 12_\Boit_1205_9_seven.mp4,0.0,33.361;14.067;14.331;21.564;6.399;8.664;23.761;18.197;19.200;7.900;7.064;10.199;28.898,30.000;30.000;30.000;30.000;30.000;30.000;30.000;30.000;30.000;30.000;30.000;30.000;30.000,Boiteux,assessing,,,STOP,130.241,C:\Users\esthe\Downloads\small boiteux 12_\Boit_1205_4_one.mp4,242,NA,
boit_1205,2025-06-05 16:05:44.780,,209.095,Media file(s),player #1:C:\Users\esthe\Downloads\small boiteux 12_\Boi_1205_1_seven.mp4;C:\Users\esthe\Downloads\small boiteux 12_\Boit_1205_10_three.mp4;C:\Users\esthe\Downloads\small boiteux 12_\Boit_1205_11_five.mp4;C:\Users\esthe\Downloads\small boiteux 12_\Boit_1205_12_control.mp4;C:\Users\esthe\Downloads\small boiteux 12_\Boit_1205_13_control.mp4;C:\Users\esthe\Downloads\small boiteux 12_\Boit_1205_2_three.mp4;C:\Users\esthe\Downloads\small boiteux 12_\Boit_1205_3_five.mp4;C:\Users\esthe\Downloads\small boiteux 12_\Boit_1205_4_one.mp4;C:\Users\esthe\Downloads\small boiteux 12_\Boit_1205_5_five.mp4;C:\Users\esthe\Downloads\small boiteux 12_\Boit_1205_6_three.mp4;C:\Users\esthe\Downloads\small boiteux 12_\Boit_1205_7_one.mp4;C:\Users\esthe\Downloads\small boiteux 12_\Boit_1205_8_five.mp4;C:\Users\esthe\Downloads\small boiteux 12_\Boit_1205_9_seven.mp4,0.0,33.361;14.067;14.331;21.564;6.399;8.664;23.761;18.197;19.200;7.900;7.064;10.199;28.898,30.000;30.000;30.000;30.000;30.000;30.000;30.000;30.000;30.000;30.000;30.000;30.000;30.000,Boiteux,peeling,,,START,130.374,C:\Users\esthe\Downloads\small boiteux 12_\Boit_1205_4_one.mp4,246,NA,
boit_1205,2025-06-05 16:05:44.780,,209.095,Media file(s),player #1:C:\Users\esthe\Downloads\small boiteux 12_\Boi_1205_1_seven.mp4;C:\Users\esthe\Downloads\small boiteux 12_\Boit_1205_10_three.mp4;C:\Users\esthe\Downloads\small boiteux 12_\Boit_1205_11_five.mp4;C:\Users\esthe\Downloads\small boiteux 12_\Boit_1205_12_control.mp4;C:\Users\esthe\Downloads\small boiteux 12_\Boit_1205_13_control.mp4;C:\Users\esthe\Downloads\small boiteux 12_\Boit_1205_2_three.mp4;C:\Users\esthe\Downloads\small boiteux 12_\Boit_1205_3_five.mp4;C:\Users\esthe\Downloads\small boiteux 12_\Boit_1205_4_one.mp4;C:\Users\esthe\Downloads\small boiteux 12_\Boit_1205_5_five.mp4;C:\Users\esthe\Downloads\small boiteux 12_\Boit_1205_6_three.mp4;C:\Users\esthe\Downloads\small boiteux 12_\Boit_1205_7_one.mp4;C:\Users\esthe\Downloads\small boiteux 12_\Boit_1205_8_five.mp4;C:\Users\esthe\Downloads\small boiteux 12_\Boit_1205_9_seven.mp4,0.0,33.361;14.067;14.331;21.564;6.399;8.664;23.761;18.197;19.200;7.900;7.064;10.199;28.898,30.000;30.000;30.000;30.000;30.000;30.000;30.000;30.000;30.000;30.000;30.000;30.000;30.000,Boiteux,jaw movement,,,POINT,130.407,C:\Users\esthe\Downloads\small boiteux 12_\Boit_1205_4_one.mp4,247,NA,
boit_1205,2025-06-05 16:05:44.780,,209.095,Media file(s),player #1:C:\Users\esthe\Downloads\small boiteux 12_\Boi_1205_1_seven.mp4;C:\Users\esthe\Downloads\small boiteux 12_\Boit_1205_10_three.mp4;C:\Users\esthe\Downloads\small boiteux 12_\Boit_1205_11_five.mp4;C:\Users\esthe\Downloads\small boiteux 12_\Boit_1205_12_control.mp4;C:\Users\esthe\Downloads\small boiteux 12_\Boit_1205_13_control.mp4;C:\Users\esthe\Downloads\small boiteux 12_\Boit_1205_2_three.mp4;C:\Users\esthe\Downloads\small boiteux 12_\Boit_1205_3_five.mp4;C:\Users\esthe\Downloads\small boiteux 12_\Boit_1205_4_one.mp4;C:\Users\esthe\Downloads\small boiteux 12_\Boit_1205_5_five.mp4;C:\Users\esthe\Downloads\small boiteux 12_\Boit_1205_6_three.mp4;C:\Users\esthe\Downloads\small boiteux 12_\Boit_1205_7_one.mp4;C:\Users\esthe\Downloads\small boiteux 12_\Boit_1205_8_five.mp4;C:\Users\esthe\Downloads\small boiteux 12_\Boit_1205_9_seven.mp4,0.0,33.361;14.067;14.331;21.564;6.399;8.664;23.761;18.197;19.200;7.900;7.064;10.199;28.898,30.000;30.000;30.000;30.000;30.000;30.000;30.000;30.000;30.000;30.000;30.000;30.000;30.000,Boiteux,jaw movement,,,POINT,130.474,C:\Users\esthe\Downloads\small boiteux 12_\Boit_1205_4_one.mp4,249,NA,
boit_1205,2025-06-05 16:05:44.780,,209.095,Media file(s),player #1:C:\Users\esthe\Downloads\small boiteux 12_\Boi_1205_1_seven.mp4;C:\Users\esthe\Downloads\small boiteux 12_\Boit_1205_10_three.mp4;C:\Users\esthe\Downloads\small boiteux 12_\Boit_1205_11_five.mp4;C:\Users\esthe\Downloads\small boiteux 12_\Boit_1205_12_control.mp4;C:\Users\esthe\Downloads\small boiteux 12_\Boit_1205_13_control.mp4;C:\Users\esthe\Downloads\small boiteux 12_\Boit_1205_2_three.mp4;C:\Users\esthe\Downloads\small boiteux 12_\Boit_1205_3_five.mp4;C:\Users\esthe\Downloads\small boiteux 12_\Boit_1205_4_one.mp4;C:\Users\esthe\Downloads\small boiteux 12_\Boit_1205_5_five.mp4;C:\Users\esthe\Downloads\small boiteux 12_\Boit_1205_6_three.mp4;C:\Users\esthe\Downloads\small boiteux 12_\Boit_1205_7_one.mp4;C:\Users\esthe\Downloads\small boiteux 12_\Boit_1205_8_five.mp4;C:\Users\esthe\Downloads\small boiteux 12_\Boit_1205_9_seven.mp4,0.0,33.361;14.067;14.331;21.564;6.399;8.664;23.761;18.197;19.200;7.900;7.064;10.199;28.898,30.000;30.000;30.000;30.000;30.000;30.000;30.000;30.000;30.000;30.000;30.000;30.000;30.000,Boiteux,ear clapping,,,POINT,130.541,C:\Users\esthe\Downloads\small boiteux 12_\Boit_1205_4_one.mp4,251,NA,
boit_1205,2025-06-05 16:05:44.780,,209.095,Media file(s),player #1:C:\Users\esthe\Downloads\small boiteux 12_\Boi_1205_1_seven.mp4;C:\Users\esthe\Downloads\small boiteux 12_\Boit_1205_10_three.mp4;C:\Users\esthe\Downloads\small boiteux 12_\Boit_1205_11_five.mp4;C:\Users\esthe\Downloads\small boiteux 12_\Boit_1205_12_control.mp4;C:\Users\esthe\Downloads\small boiteux 12_\Boit_1205_13_control.mp4;C:\Users\esthe\Downloads\small boiteux 12_\Boit_1205_2_three.mp4;C:\Users\esthe\Downloads\small boiteux 12_\Boit_1205_3_five.mp4;C:\Users\esthe\Downloads\small boiteux 12_\Boit_1205_4_one.mp4;C:\Users\esthe\Downloads\small boiteux 12_\Boit_1205_5_five.mp4;C:\Users\esthe\Downloads\small boiteux 12_\Boit_1205_6_three.mp4;C:\Users\esthe\Downloads\small boiteux 12_\Boit_1205_7_one.mp4;C:\Users\esthe\Downloads\small boiteux 12_\Boit_1205_8_five.mp4;C:\Users\esthe\Downloads\small boiteux 12_\Boit_1205_9_seven.mp4,0.0,33.361;14.067;14.331;21.564;6.399;8.664;23.761;18.197;19.200;7.900;7.064;10.199;28.898,30.000;30.000;30.000;30.000;30.000;30.000;30.000;30.000;30.000;30.000;30.000;30.000;30.000,Boiteux,jaw movement,,,POINT,130.741,C:\Users\esthe\Downloads\small boiteux 12_\Boit_1205_4_one.mp4,257,NA,
boit_1205,2025-06-05 16:05:44.780,,209.095,Media file(s),player #1:C:\Users\esthe\Downloads\small boiteux 12_\Boi_1205_1_seven.mp4;C:\Users\esthe\Downloads\small boiteux 12_\Boit_1205_10_three.mp4;C:\Users\esthe\Downloads\small boiteux 12_\Boit_1205_11_five.mp4;C:\Users\esthe\Downloads\small boiteux 12_\Boit_1205_12_control.mp4;C:\Users\esthe\Downloads\small boiteux 12_\Boit_1205_13_control.mp4;C:\Users\esthe\Downloads\small boiteux 12_\Boit_1205_2_three.mp4;C:\Users\esthe\Downloads\small boiteux 12_\Boit_1205_3_five.mp4;C:\Users\esthe\Downloads\small boiteux 12_\Boit_1205_4_one.mp4;C:\Users\esthe\Downloads\small boiteux 12_\Boit_1205_5_five.mp4;C:\Users\esthe\Downloads\small boiteux 12_\Boit_1205_6_three.mp4;C:\Users\esthe\Downloads\small boiteux 12_\Boit_1205_7_one.mp4;C:\Users\esthe\Downloads\small boiteux 12_\Boit_1205_8_five.mp4;C:\Users\esthe\Downloads\small boiteux 12_\Boit_1205_9_seven.mp4,0.0,33.361;14.067;14.331;21.564;6.399;8.664;23.761;18.197;19.200;7.900;7.064;10.199;28.898,30.000;30.000;30.000;30.000;30.000;30.000;30.000;30.000;30.000;30.000;30.000;30.000;30.000,Boiteux,ear clapping,,,POINT,131.308,C:\Users\esthe\Downloads\small boiteux 12_\Boit_1205_4_one.mp4,274,NA,
boit_1205,2025-06-05 16:05:44.780,,209.095,Media file(s),player #1:C:\Users\esthe\Downloads\small boiteux 12_\Boi_1205_1_seven.mp4;C:\Users\esthe\Downloads\small boiteux 12_\Boit_1205_10_three.mp4;C:\Users\esthe\Downloads\small boiteux 12_\Boit_1205_11_five.mp4;C:\Users\esthe\Downloads\small boiteux 12_\Boit_1205_12_control.mp4;C:\Users\esthe\Downloads\small boiteux 12_\Boit_1205_13_control.mp4;C:\Users\esthe\Downloads\small boiteux 12_\Boit_1205_2_three.mp4;C:\Users\esthe\Downloads\small boiteux 12_\Boit_1205_3_five.mp4;C:\Users\esthe\Downloads\small boiteux 12_\Boit_1205_4_one.mp4;C:\Users\esthe\Downloads\small boiteux 12_\Boit_1205_5_five.mp4;C:\Users\esthe\Downloads\small boiteux 12_\Boit_1205_6_three.mp4;C:\Users\esthe\Downloads\small boiteux 12_\Boit_1205_7_one.mp4;C:\Users\esthe\Downloads\small boiteux 12_\Boit_1205_8_five.mp4;C:\Users\esthe\Downloads\small boiteux 12_\Boit_1205_9_seven.mp4,0.0,33.361;14.067;14.331;21.564;6.399;8.664;23.761;18.197;19.200;7.900;7.064;10.199;28.898,30.000;30.000;30.000;30.000;30.000;30.000;30.000;30.000;30.000;30.000;30.000;30.000;30.000,Boiteux,ear clapping,,,POINT,131.374,C:\Users\esthe\Downloads\small boiteux 12_\Boit_1205_4_one.mp4,276,NA,
boit_1205,2025-06-05 16:05:44.780,,209.095,Media file(s),player #1:C:\Users\esthe\Downloads\small boiteux 12_\Boi_1205_1_seven.mp4;C:\Users\esthe\Downloads\small boiteux 12_\Boit_1205_10_three.mp4;C:\Users\esthe\Downloads\small boiteux 12_\Boit_1205_11_five.mp4;C:\Users\esthe\Downloads\small boiteux 12_\Boit_1205_12_control.mp4;C:\Users\esthe\Downloads\small boiteux 12_\Boit_1205_13_control.mp4;C:\Users\esthe\Downloads\small boiteux 12_\Boit_1205_2_three.mp4;C:\Users\esthe\Downloads\small boiteux 12_\Boit_1205_3_five.mp4;C:\Users\esthe\Downloads\small boiteux 12_\Boit_1205_4_one.mp4;C:\Users\esthe\Downloads\small boiteux 12_\Boit_1205_5_five.mp4;C:\Users\esthe\Downloads\small boiteux 12_\Boit_1205_6_three.mp4;C:\Users\esthe\Downloads\small boiteux 12_\Boit_1205_7_one.mp4;C:\Users\esthe\Downloads\small boiteux 12_\Boit_1205_8_five.mp4;C:\Users\esthe\Downloads\small boiteux 12_\Boit_1205_9_seven.mp4,0.0,33.361;14.067;14.331;21.564;6.399;8.664;23.761;18.197;19.200;7.900;7.064;10.199;28.898,30.000;30.000;30.000;30.000;30.000;30.000;30.000;30.000;30.000;30.000;30.000;30.000;30.000,Boiteux,ear clapping,,,POINT,131.741,C:\Users\esthe\Downloads\small boiteux 12_\Boit_1205_4_one.mp4,287,NA,
boit_1205,2025-06-05 16:05:44.780,,209.095,Media file(s),player #1:C:\Users\esthe\Downloads\small boiteux 12_\Boi_1205_1_seven.mp4;C:\Users\esthe\Downloads\small boiteux 12_\Boit_1205_10_three.mp4;C:\Users\esthe\Downloads\small boiteux 12_\Boit_1205_11_five.mp4;C:\Users\esthe\Downloads\small boiteux 12_\Boit_1205_12_control.mp4;C:\Users\esthe\Downloads\small boiteux 12_\Boit_1205_13_control.mp4;C:\Users\esthe\Downloads\small boiteux 12_\Boit_1205_2_three.mp4;C:\Users\esthe\Downloads\small boiteux 12_\Boit_1205_3_five.mp4;C:\Users\esthe\Downloads\small boiteux 12_\Boit_1205_4_one.mp4;C:\Users\esthe\Downloads\small boiteux 12_\Boit_1205_5_five.mp4;C:\Users\esthe\Downloads\small boiteux 12_\Boit_1205_6_three.mp4;C:\Users\esthe\Downloads\small boiteux 12_\Boit_1205_7_one.mp4;C:\Users\esthe\Downloads\small boiteux 12_\Boit_1205_8_five.mp4;C:\Users\esthe\Downloads\small boiteux 12_\Boit_1205_9_seven.mp4,0.0,33.361;14.067;14.331;21.564;6.399;8.664;23.761;18.197;19.200;7.900;7.064;10.199;28.898,30.000;30.000;30.000;30.000;30.000;30.000;30.000;30.000;30.000;30.000;30.000;30.000;30.000,Boiteux,jaw movement,,,POINT,132.008,C:\Users\esthe\Downloads\small boiteux 12_\Boit_1205_4_one.mp4,295,NA,
boit_1205,2025-06-05 16:05:44.780,,209.095,Media file(s),player #1:C:\Users\esthe\Downloads\small boiteux 12_\Boi_1205_1_seven.mp4;C:\Users\esthe\Downloads\small boiteux 12_\Boit_1205_10_three.mp4;C:\Users\esthe\Downloads\small boiteux 12_\Boit_1205_11_five.mp4;C:\Users\esthe\Downloads\small boiteux 12_\Boit_1205_12_control.mp4;C:\Users\esthe\Downloads\small boiteux 12_\Boit_1205_13_control.mp4;C:\Users\esthe\Downloads\small boiteux 12_\Boit_1205_2_three.mp4;C:\Users\esthe\Downloads\small boiteux 12_\Boit_1205_3_five.mp4;C:\Users\esthe\Downloads\small boiteux 12_\Boit_1205_4_one.mp4;C:\Users\esthe\Downloads\small boiteux 12_\Boit_1205_5_five.mp4;C:\Users\esthe\Downloads\small boiteux 12_\Boit_1205_6_three.mp4;C:\Users\esthe\Downloads\small boiteux 12_\Boit_1205_7_one.mp4;C:\Users\esthe\Downloads\small boiteux 12_\Boit_1205_8_five.mp4;C:\Users\esthe\Downloads\small boiteux 12_\Boit_1205_9_seven.mp4,0.0,33.361;14.067;14.331;21.564;6.399;8.664;23.761;18.197;19.200;7.900;7.064;10.199;28.898,30.000;30.000;30.000;30.000;30.000;30.000;30.000;30.000;30.000;30.000;30.000;30.000;30.000,Boiteux,jaw movement,,,POINT,132.174,C:\Users\esthe\Downloads\small boiteux 12_\Boit_1205_4_one.mp4,300,NA,
boit_1205,2025-06-05 16:05:44.780,,209.095,Media file(s),player #1:C:\Users\esthe\Downloads\small boiteux 12_\Boi_1205_1_seven.mp4;C:\Users\esthe\Downloads\small boiteux 12_\Boit_1205_10_three.mp4;C:\Users\esthe\Downloads\small boiteux 12_\Boit_1205_11_five.mp4;C:\Users\esthe\Downloads\small boiteux 12_\Boit_1205_12_control.mp4;C:\Users\esthe\Downloads\small boiteux 12_\Boit_1205_13_control.mp4;C:\Users\esthe\Downloads\small boiteux 12_\Boit_1205_2_three.mp4;C:\Users\esthe\Downloads\small boiteux 12_\Boit_1205_3_five.mp4;C:\Users\esthe\Downloads\small boiteux 12_\Boit_1205_4_one.mp4;C:\Users\esthe\Downloads\small boiteux 12_\Boit_1205_5_five.mp4;C:\Users\esthe\Downloads\small boiteux 12_\Boit_1205_6_three.mp4;C:\Users\esthe\Downloads\small boiteux 12_\Boit_1205_7_one.mp4;C:\Users\esthe\Downloads\small boiteux 12_\Boit_1205_8_five.mp4;C:\Users\esthe\Downloads\small boiteux 12_\Boit_1205_9_seven.mp4,0.0,33.361;14.067;14.331;21.564;6.399;8.664;23.761;18.197;19.200;7.900;7.064;10.199;28.898,30.000;30.000;30.000;30.000;30.000;30.000;30.000;30.000;30.000;30.000;30.000;30.000;30.000,Boiteux,jaw movement,,,POINT,132.608,C:\Users\esthe\Downloads\small boiteux 12_\Boit_1205_4_one.mp4,313,NA,
boit_1205,2025-06-05 16:05:44.780,,209.095,Media file(s),player #1:C:\Users\esthe\Downloads\small boiteux 12_\Boi_1205_1_seven.mp4;C:\Users\esthe\Downloads\small boiteux 12_\Boit_1205_10_three.mp4;C:\Users\esthe\Downloads\small boiteux 12_\Boit_1205_11_five.mp4;C:\Users\esthe\Downloads\small boiteux 12_\Boit_1205_12_control.mp4;C:\Users\esthe\Downloads\small boiteux 12_\Boit_1205_13_control.mp4;C:\Users\esthe\Downloads\small boiteux 12_\Boit_1205_2_three.mp4;C:\Users\esthe\Downloads\small boiteux 12_\Boit_1205_3_five.mp4;C:\Users\esthe\Downloads\small boiteux 12_\Boit_1205_4_one.mp4;C:\Users\esthe\Downloads\small boiteux 12_\Boit_1205_5_five.mp4;C:\Users\esthe\Downloads\small boiteux 12_\Boit_1205_6_three.mp4;C:\Users\esthe\Downloads\small boiteux 12_\Boit_1205_7_one.mp4;C:\Users\esthe\Downloads\small boiteux 12_\Boit_1205_8_five.mp4;C:\Users\esthe\Downloads\small boiteux 12_\Boit_1205_9_seven.mp4,0.0,33.361;14.067;14.331;21.564;6.399;8.664;23.761;18.197;19.200;7.900;7.064;10.199;28.898,30.000;30.000;30.000;30.000;30.000;30.000;30.000;30.000;30.000;30.000;30.000;30.000;30.000,Boiteux,jaw movement,,,POINT,133.641,C:\Users\esthe\Downloads\small boiteux 12_\Boit_1205_4_one.mp4,344,NA,
boit_1205,2025-06-05 16:05:44.780,,209.095,Media file(s),player #1:C:\Users\esthe\Downloads\small boiteux 12_\Boi_1205_1_seven.mp4;C:\Users\esthe\Downloads\small boiteux 12_\Boit_1205_10_three.mp4;C:\Users\esthe\Downloads\small boiteux 12_\Boit_1205_11_five.mp4;C:\Users\esthe\Downloads\small boiteux 12_\Boit_1205_12_control.mp4;C:\Users\esthe\Downloads\small boiteux 12_\Boit_1205_13_control.mp4;C:\Users\esthe\Downloads\small boiteux 12_\Boit_1205_2_three.mp4;C:\Users\esthe\Downloads\small boiteux 12_\Boit_1205_3_five.mp4;C:\Users\esthe\Downloads\small boiteux 12_\Boit_1205_4_one.mp4;C:\Users\esthe\Downloads\small boiteux 12_\Boit_1205_5_five.mp4;C:\Users\esthe\Downloads\small boiteux 12_\Boit_1205_6_three.mp4;C:\Users\esthe\Downloads\small boiteux 12_\Boit_1205_7_one.mp4;C:\Users\esthe\Downloads\small boiteux 12_\Boit_1205_8_five.mp4;C:\Users\esthe\Downloads\small boiteux 12_\Boit_1205_9_seven.mp4,0.0,33.361;14.067;14.331;21.564;6.399;8.664;23.761;18.197;19.200;7.900;7.064;10.199;28.898,30.000;30.000;30.000;30.000;30.000;30.000;30.000;30.000;30.000;30.000;30.000;30.000;30.000,Boiteux,peeling,,,STOP,133.808,C:\Users\esthe\Downloads\small boiteux 12_\Boit_1205_4_one.mp4,349,NA,
boit_1205,2025-06-05 16:05:44.780,,209.095,Media file(s),player #1:C:\Users\esthe\Downloads\small boiteux 12_\Boi_1205_1_seven.mp4;C:\Users\esthe\Downloads\small boiteux 12_\Boit_1205_10_three.mp4;C:\Users\esthe\Downloads\small boiteux 12_\Boit_1205_11_five.mp4;C:\Users\esthe\Downloads\small boiteux 12_\Boit_1205_12_control.mp4;C:\Users\esthe\Downloads\small boiteux 12_\Boit_1205_13_control.mp4;C:\Users\esthe\Downloads\small boiteux 12_\Boit_1205_2_three.mp4;C:\Users\esthe\Downloads\small boiteux 12_\Boit_1205_3_five.mp4;C:\Users\esthe\Downloads\small boiteux 12_\Boit_1205_4_one.mp4;C:\Users\esthe\Downloads\small boiteux 12_\Boit_1205_5_five.mp4;C:\Users\esthe\Downloads\small boiteux 12_\Boit_1205_6_three.mp4;C:\Users\esthe\Downloads\small boiteux 12_\Boit_1205_7_one.mp4;C:\Users\esthe\Downloads\small boiteux 12_\Boit_1205_8_five.mp4;C:\Users\esthe\Downloads\small boiteux 12_\Boit_1205_9_seven.mp4,0.0,33.361;14.067;14.331;21.564;6.399;8.664;23.761;18.197;19.200;7.900;7.064;10.199;28.898,30.000;30.000;30.000;30.000;30.000;30.000;30.000;30.000;30.000;30.000;30.000;30.000;30.000,Boiteux,eating,,,START,133.908,C:\Users\esthe\Downloads\small boiteux 12_\Boit_1205_4_one.mp4,352,NA,
boit_1205,2025-06-05 16:05:44.780,,209.095,Media file(s),player #1:C:\Users\esthe\Downloads\small boiteux 12_\Boi_1205_1_seven.mp4;C:\Users\esthe\Downloads\small boiteux 12_\Boit_1205_10_three.mp4;C:\Users\esthe\Downloads\small boiteux 12_\Boit_1205_11_five.mp4;C:\Users\esthe\Downloads\small boiteux 12_\Boit_1205_12_control.mp4;C:\Users\esthe\Downloads\small boiteux 12_\Boit_1205_13_control.mp4;C:\Users\esthe\Downloads\small boiteux 12_\Boit_1205_2_three.mp4;C:\Users\esthe\Downloads\small boiteux 12_\Boit_1205_3_five.mp4;C:\Users\esthe\Downloads\small boiteux 12_\Boit_1205_4_one.mp4;C:\Users\esthe\Downloads\small boiteux 12_\Boit_1205_5_five.mp4;C:\Users\esthe\Downloads\small boiteux 12_\Boit_1205_6_three.mp4;C:\Users\esthe\Downloads\small boiteux 12_\Boit_1205_7_one.mp4;C:\Users\esthe\Downloads\small boiteux 12_\Boit_1205_8_five.mp4;C:\Users\esthe\Downloads\small boiteux 12_\Boit_1205_9_seven.mp4,0.0,33.361;14.067;14.331;21.564;6.399;8.664;23.761;18.197;19.200;7.900;7.064;10.199;28.898,30.000;30.000;30.000;30.000;30.000;30.000;30.000;30.000;30.000;30.000;30.000;30.000;30.000,Boiteux,eating,,,STOP,136.375,C:\Users\esthe\Downloads\small boiteux 12_\Boit_1205_4_one.mp4,425,NA,
boit_1205,2025-06-05 16:05:44.780,,209.095,Media file(s),player #1:C:\Users\esthe\Downloads\small boiteux 12_\Boi_1205_1_seven.mp4;C:\Users\esthe\Downloads\small boiteux 12_\Boit_1205_10_three.mp4;C:\Users\esthe\Downloads\small boiteux 12_\Boit_1205_11_five.mp4;C:\Users\esthe\Downloads\small boiteux 12_\Boit_1205_12_control.mp4;C:\Users\esthe\Downloads\small boiteux 12_\Boit_1205_13_control.mp4;C:\Users\esthe\Downloads\small boiteux 12_\Boit_1205_2_three.mp4;C:\Users\esthe\Downloads\small boiteux 12_\Boit_1205_3_five.mp4;C:\Users\esthe\Downloads\small boiteux 12_\Boit_1205_4_one.mp4;C:\Users\esthe\Downloads\small boiteux 12_\Boit_1205_5_five.mp4;C:\Users\esthe\Downloads\small boiteux 12_\Boit_1205_6_three.mp4;C:\Users\esthe\Downloads\small boiteux 12_\Boit_1205_7_one.mp4;C:\Users\esthe\Downloads\small boiteux 12_\Boit_1205_8_five.mp4;C:\Users\esthe\Downloads\small boiteux 12_\Boit_1205_9_seven.mp4,0.0,33.361;14.067;14.331;21.564;6.399;8.664;23.761;18.197;19.200;7.900;7.064;10.199;28.898,30.000;30.000;30.000;30.000;30.000;30.000;30.000;30.000;30.000;30.000;30.000;30.000;30.000,Boiteux,chewing,,,START,136.541,C:\Users\esthe\Downloads\small boiteux 12_\Boit_1205_4_one.mp4,430,NA,
boit_1205,2025-06-05 16:05:44.780,,209.095,Media file(s),player #1:C:\Users\esthe\Downloads\small boiteux 12_\Boi_1205_1_seven.mp4;C:\Users\esthe\Downloads\small boiteux 12_\Boit_1205_10_three.mp4;C:\Users\esthe\Downloads\small boiteux 12_\Boit_1205_11_five.mp4;C:\Users\esthe\Downloads\small boiteux 12_\Boit_1205_12_control.mp4;C:\Users\esthe\Downloads\small boiteux 12_\Boit_1205_13_control.mp4;C:\Users\esthe\Downloads\small boiteux 12_\Boit_1205_2_three.mp4;C:\Users\esthe\Downloads\small boiteux 12_\Boit_1205_3_five.mp4;C:\Users\esthe\Downloads\small boiteux 12_\Boit_1205_4_one.mp4;C:\Users\esthe\Downloads\small boiteux 12_\Boit_1205_5_five.mp4;C:\Users\esthe\Downloads\small boiteux 12_\Boit_1205_6_three.mp4;C:\Users\esthe\Downloads\small boiteux 12_\Boit_1205_7_one.mp4;C:\Users\esthe\Downloads\small boiteux 12_\Boit_1205_8_five.mp4;C:\Users\esthe\Downloads\small boiteux 12_\Boit_1205_9_seven.mp4,0.0,33.361;14.067;14.331;21.564;6.399;8.664;23.761;18.197;19.200;7.900;7.064;10.199;28.898,30.000;30.000;30.000;30.000;30.000;30.000;30.000;30.000;30.000;30.000;30.000;30.000;30.000,Boiteux,chewing,,,STOP,140.275,C:\Users\esthe\Downloads\small boiteux 12_\Boit_1205_4_one.mp4,542,NA,
boit_1205,2025-06-05 16:05:44.780,,209.095,Media file(s),player #1:C:\Users\esthe\Downloads\small boiteux 12_\Boi_1205_1_seven.mp4;C:\Users\esthe\Downloads\small boiteux 12_\Boit_1205_10_three.mp4;C:\Users\esthe\Downloads\small boiteux 12_\Boit_1205_11_five.mp4;C:\Users\esthe\Downloads\small boiteux 12_\Boit_1205_12_control.mp4;C:\Users\esthe\Downloads\small boiteux 12_\Boit_1205_13_control.mp4;C:\Users\esthe\Downloads\small boiteux 12_\Boit_1205_2_three.mp4;C:\Users\esthe\Downloads\small boiteux 12_\Boit_1205_3_five.mp4;C:\Users\esthe\Downloads\small boiteux 12_\Boit_1205_4_one.mp4;C:\Users\esthe\Downloads\small boiteux 12_\Boit_1205_5_five.mp4;C:\Users\esthe\Downloads\small boiteux 12_\Boit_1205_6_three.mp4;C:\Users\esthe\Downloads\small boiteux 12_\Boit_1205_7_one.mp4;C:\Users\esthe\Downloads\small boiteux 12_\Boit_1205_8_five.mp4;C:\Users\esthe\Downloads\small boiteux 12_\Boit_1205_9_seven.mp4,0.0,33.361;14.067;14.331;21.564;6.399;8.664;23.761;18.197;19.200;7.900;7.064;10.199;28.898,30.000;30.000;30.000;30.000;30.000;30.000;30.000;30.000;30.000;30.000;30.000;30.000;30.000,Boiteux,bending,,,START,140.508,C:\Users\esthe\Downloads\small boiteux 12_\Boit_1205_5_five.mp4,5,NA,
boit_1205,2025-06-05 16:05:44.780,,209.095,Media file(s),player #1:C:\Users\esthe\Downloads\small boiteux 12_\Boi_1205_1_seven.mp4;C:\Users\esthe\Downloads\small boiteux 12_\Boit_1205_10_three.mp4;C:\Users\esthe\Downloads\small boiteux 12_\Boit_1205_11_five.mp4;C:\Users\esthe\Downloads\small boiteux 12_\Boit_1205_12_control.mp4;C:\Users\esthe\Downloads\small boiteux 12_\Boit_1205_13_control.mp4;C:\Users\esthe\Downloads\small boiteux 12_\Boit_1205_2_three.mp4;C:\Users\esthe\Downloads\small boiteux 12_\Boit_1205_3_five.mp4;C:\Users\esthe\Downloads\small boiteux 12_\Boit_1205_4_one.mp4;C:\Users\esthe\Downloads\small boiteux 12_\Boit_1205_5_five.mp4;C:\Users\esthe\Downloads\small boiteux 12_\Boit_1205_6_three.mp4;C:\Users\esthe\Downloads\small boiteux 12_\Boit_1205_7_one.mp4;C:\Users\esthe\Downloads\small boiteux 12_\Boit_1205_8_five.mp4;C:\Users\esthe\Downloads\small boiteux 12_\Boit_1205_9_seven.mp4,0.0,33.361;14.067;14.331;21.564;6.399;8.664;23.761;18.197;19.200;7.900;7.064;10.199;28.898,30.000;30.000;30.000;30.000;30.000;30.000;30.000;30.000;30.000;30.000;30.000;30.000;30.000,Boiteux,bending,,,STOP,141.174,C:\Users\esthe\Downloads\small boiteux 12_\Boit_1205_5_five.mp4,25,NA,
boit_1205,2025-06-05 16:05:44.780,,209.095,Media file(s),player #1:C:\Users\esthe\Downloads\small boiteux 12_\Boi_1205_1_seven.mp4;C:\Users\esthe\Downloads\small boiteux 12_\Boit_1205_10_three.mp4;C:\Users\esthe\Downloads\small boiteux 12_\Boit_1205_11_five.mp4;C:\Users\esthe\Downloads\small boiteux 12_\Boit_1205_12_control.mp4;C:\Users\esthe\Downloads\small boiteux 12_\Boit_1205_13_control.mp4;C:\Users\esthe\Downloads\small boiteux 12_\Boit_1205_2_three.mp4;C:\Users\esthe\Downloads\small boiteux 12_\Boit_1205_3_five.mp4;C:\Users\esthe\Downloads\small boiteux 12_\Boit_1205_4_one.mp4;C:\Users\esthe\Downloads\small boiteux 12_\Boit_1205_5_five.mp4;C:\Users\esthe\Downloads\small boiteux 12_\Boit_1205_6_three.mp4;C:\Users\esthe\Downloads\small boiteux 12_\Boit_1205_7_one.mp4;C:\Users\esthe\Downloads\small boiteux 12_\Boit_1205_8_five.mp4;C:\Users\esthe\Downloads\small boiteux 12_\Boit_1205_9_seven.mp4,0.0,33.361;14.067;14.331;21.564;6.399;8.664;23.761;18.197;19.200;7.900;7.064;10.199;28.898,30.000;30.000;30.000;30.000;30.000;30.000;30.000;30.000;30.000;30.000;30.000;30.000;30.000,Boiteux,grabbing peanut,,,POINT,141.174,C:\Users\esthe\Downloads\small boiteux 12_\Boit_1205_5_five.mp4,25,NA,
boit_1205,2025-06-05 16:05:44.780,,209.095,Media file(s),player #1:C:\Users\esthe\Downloads\small boiteux 12_\Boi_1205_1_seven.mp4;C:\Users\esthe\Downloads\small boiteux 12_\Boit_1205_10_three.mp4;C:\Users\esthe\Downloads\small boiteux 12_\Boit_1205_11_five.mp4;C:\Users\esthe\Downloads\small boiteux 12_\Boit_1205_12_control.mp4;C:\Users\esthe\Downloads\small boiteux 12_\Boit_1205_13_control.mp4;C:\Users\esthe\Downloads\small boiteux 12_\Boit_1205_2_three.mp4;C:\Users\esthe\Downloads\small boiteux 12_\Boit_1205_3_five.mp4;C:\Users\esthe\Downloads\small boiteux 12_\Boit_1205_4_one.mp4;C:\Users\esthe\Downloads\small boiteux 12_\Boit_1205_5_five.mp4;C:\Users\esthe\Downloads\small boiteux 12_\Boit_1205_6_three.mp4;C:\Users\esthe\Downloads\small boiteux 12_\Boit_1205_7_one.mp4;C:\Users\esthe\Downloads\small boiteux 12_\Boit_1205_8_five.mp4;C:\Users\esthe\Downloads\small boiteux 12_\Boit_1205_9_seven.mp4,0.0,33.361;14.067;14.331;21.564;6.399;8.664;23.761;18.197;19.200;7.900;7.064;10.199;28.898,30.000;30.000;30.000;30.000;30.000;30.000;30.000;30.000;30.000;30.000;30.000;30.000;30.000,Boiteux,lifting,,,START,141.208,C:\Users\esthe\Downloads\small boiteux 12_\Boit_1205_5_five.mp4,26,NA,
boit_1205,2025-06-05 16:05:44.780,,209.095,Media file(s),player #1:C:\Users\esthe\Downloads\small boiteux 12_\Boi_1205_1_seven.mp4;C:\Users\esthe\Downloads\small boiteux 12_\Boit_1205_10_three.mp4;C:\Users\esthe\Downloads\small boiteux 12_\Boit_1205_11_five.mp4;C:\Users\esthe\Downloads\small boiteux 12_\Boit_1205_12_control.mp4;C:\Users\esthe\Downloads\small boiteux 12_\Boit_1205_13_control.mp4;C:\Users\esthe\Downloads\small boiteux 12_\Boit_1205_2_three.mp4;C:\Users\esthe\Downloads\small boiteux 12_\Boit_1205_3_five.mp4;C:\Users\esthe\Downloads\small boiteux 12_\Boit_1205_4_one.mp4;C:\Users\esthe\Downloads\small boiteux 12_\Boit_1205_5_five.mp4;C:\Users\esthe\Downloads\small boiteux 12_\Boit_1205_6_three.mp4;C:\Users\esthe\Downloads\small boiteux 12_\Boit_1205_7_one.mp4;C:\Users\esthe\Downloads\small boiteux 12_\Boit_1205_8_five.mp4;C:\Users\esthe\Downloads\small boiteux 12_\Boit_1205_9_seven.mp4,0.0,33.361;14.067;14.331;21.564;6.399;8.664;23.761;18.197;19.200;7.900;7.064;10.199;28.898,30.000;30.000;30.000;30.000;30.000;30.000;30.000;30.000;30.000;30.000;30.000;30.000;30.000,Boiteux,lifting,,,STOP,141.374,C:\Users\esthe\Downloads\small boiteux 12_\Boit_1205_5_five.mp4,31,NA,
boit_1205,2025-06-05 16:05:44.780,,209.095,Media file(s),player #1:C:\Users\esthe\Downloads\small boiteux 12_\Boi_1205_1_seven.mp4;C:\Users\esthe\Downloads\small boiteux 12_\Boit_1205_10_three.mp4;C:\Users\esthe\Downloads\small boiteux 12_\Boit_1205_11_five.mp4;C:\Users\esthe\Downloads\small boiteux 12_\Boit_1205_12_control.mp4;C:\Users\esthe\Downloads\small boiteux 12_\Boit_1205_13_control.mp4;C:\Users\esthe\Downloads\small boiteux 12_\Boit_1205_2_three.mp4;C:\Users\esthe\Downloads\small boiteux 12_\Boit_1205_3_five.mp4;C:\Users\esthe\Downloads\small boiteux 12_\Boit_1205_4_one.mp4;C:\Users\esthe\Downloads\small boiteux 12_\Boit_1205_5_five.mp4;C:\Users\esthe\Downloads\small boiteux 12_\Boit_1205_6_three.mp4;C:\Users\esthe\Downloads\small boiteux 12_\Boit_1205_7_one.mp4;C:\Users\esthe\Downloads\small boiteux 12_\Boit_1205_8_five.mp4;C:\Users\esthe\Downloads\small boiteux 12_\Boit_1205_9_seven.mp4,0.0,33.361;14.067;14.331;21.564;6.399;8.664;23.761;18.197;19.200;7.900;7.064;10.199;28.898,30.000;30.000;30.000;30.000;30.000;30.000;30.000;30.000;30.000;30.000;30.000;30.000;30.000,Boiteux,assessing,,,START,141.507,C:\Users\esthe\Downloads\small boiteux 12_\Boit_1205_5_five.mp4,35,NA,
boit_1205,2025-06-05 16:05:44.780,,209.095,Media file(s),player #1:C:\Users\esthe\Downloads\small boiteux 12_\Boi_1205_1_seven.mp4;C:\Users\esthe\Downloads\small boiteux 12_\Boit_1205_10_three.mp4;C:\Users\esthe\Downloads\small boiteux 12_\Boit_1205_11_five.mp4;C:\Users\esthe\Downloads\small boiteux 12_\Boit_1205_12_control.mp4;C:\Users\esthe\Downloads\small boiteux 12_\Boit_1205_13_control.mp4;C:\Users\esthe\Downloads\small boiteux 12_\Boit_1205_2_three.mp4;C:\Users\esthe\Downloads\small boiteux 12_\Boit_1205_3_five.mp4;C:\Users\esthe\Downloads\small boiteux 12_\Boit_1205_4_one.mp4;C:\Users\esthe\Downloads\small boiteux 12_\Boit_1205_5_five.mp4;C:\Users\esthe\Downloads\small boiteux 12_\Boit_1205_6_three.mp4;C:\Users\esthe\Downloads\small boiteux 12_\Boit_1205_7_one.mp4;C:\Users\esthe\Downloads\small boiteux 12_\Boit_1205_8_five.mp4;C:\Users\esthe\Downloads\small boiteux 12_\Boit_1205_9_seven.mp4,0.0,33.361;14.067;14.331;21.564;6.399;8.664;23.761;18.197;19.200;7.900;7.064;10.199;28.898,30.000;30.000;30.000;30.000;30.000;30.000;30.000;30.000;30.000;30.000;30.000;30.000;30.000,Boiteux,jaw movement,,,POINT,141.574,C:\Users\esthe\Downloads\small boiteux 12_\Boit_1205_5_five.mp4,37,NA,
boit_1205,2025-06-05 16:05:44.780,,209.095,Media file(s),player #1:C:\Users\esthe\Downloads\small boiteux 12_\Boi_1205_1_seven.mp4;C:\Users\esthe\Downloads\small boiteux 12_\Boit_1205_10_three.mp4;C:\Users\esthe\Downloads\small boiteux 12_\Boit_1205_11_five.mp4;C:\Users\esthe\Downloads\small boiteux 12_\Boit_1205_12_control.mp4;C:\Users\esthe\Downloads\small boiteux 12_\Boit_1205_13_control.mp4;C:\Users\esthe\Downloads\small boiteux 12_\Boit_1205_2_three.mp4;C:\Users\esthe\Downloads\small boiteux 12_\Boit_1205_3_five.mp4;C:\Users\esthe\Downloads\small boiteux 12_\Boit_1205_4_one.mp4;C:\Users\esthe\Downloads\small boiteux 12_\Boit_1205_5_five.mp4;C:\Users\esthe\Downloads\small boiteux 12_\Boit_1205_6_three.mp4;C:\Users\esthe\Downloads\small boiteux 12_\Boit_1205_7_one.mp4;C:\Users\esthe\Downloads\small boiteux 12_\Boit_1205_8_five.mp4;C:\Users\esthe\Downloads\small boiteux 12_\Boit_1205_9_seven.mp4,0.0,33.361;14.067;14.331;21.564;6.399;8.664;23.761;18.197;19.200;7.900;7.064;10.199;28.898,30.000;30.000;30.000;30.000;30.000;30.000;30.000;30.000;30.000;30.000;30.000;30.000;30.000,Boiteux,jaw movement,,,POINT,141.741,C:\Users\esthe\Downloads\small boiteux 12_\Boit_1205_5_five.mp4,42,NA,
boit_1205,2025-06-05 16:05:44.780,,209.095,Media file(s),player #1:C:\Users\esthe\Downloads\small boiteux 12_\Boi_1205_1_seven.mp4;C:\Users\esthe\Downloads\small boiteux 12_\Boit_1205_10_three.mp4;C:\Users\esthe\Downloads\small boiteux 12_\Boit_1205_11_five.mp4;C:\Users\esthe\Downloads\small boiteux 12_\Boit_1205_12_control.mp4;C:\Users\esthe\Downloads\small boiteux 12_\Boit_1205_13_control.mp4;C:\Users\esthe\Downloads\small boiteux 12_\Boit_1205_2_three.mp4;C:\Users\esthe\Downloads\small boiteux 12_\Boit_1205_3_five.mp4;C:\Users\esthe\Downloads\small boiteux 12_\Boit_1205_4_one.mp4;C:\Users\esthe\Downloads\small boiteux 12_\Boit_1205_5_five.mp4;C:\Users\esthe\Downloads\small boiteux 12_\Boit_1205_6_three.mp4;C:\Users\esthe\Downloads\small boiteux 12_\Boit_1205_7_one.mp4;C:\Users\esthe\Downloads\small boiteux 12_\Boit_1205_8_five.mp4;C:\Users\esthe\Downloads\small boiteux 12_\Boit_1205_9_seven.mp4,0.0,33.361;14.067;14.331;21.564;6.399;8.664;23.761;18.197;19.200;7.900;7.064;10.199;28.898,30.000;30.000;30.000;30.000;30.000;30.000;30.000;30.000;30.000;30.000;30.000;30.000;30.000,Boiteux,ear clapping,,,POINT,141.841,C:\Users\esthe\Downloads\small boiteux 12_\Boit_1205_5_five.mp4,45,NA,
boit_1205,2025-06-05 16:05:44.780,,209.095,Media file(s),player #1:C:\Users\esthe\Downloads\small boiteux 12_\Boi_1205_1_seven.mp4;C:\Users\esthe\Downloads\small boiteux 12_\Boit_1205_10_three.mp4;C:\Users\esthe\Downloads\small boiteux 12_\Boit_1205_11_five.mp4;C:\Users\esthe\Downloads\small boiteux 12_\Boit_1205_12_control.mp4;C:\Users\esthe\Downloads\small boiteux 12_\Boit_1205_13_control.mp4;C:\Users\esthe\Downloads\small boiteux 12_\Boit_1205_2_three.mp4;C:\Users\esthe\Downloads\small boiteux 12_\Boit_1205_3_five.mp4;C:\Users\esthe\Downloads\small boiteux 12_\Boit_1205_4_one.mp4;C:\Users\esthe\Downloads\small boiteux 12_\Boit_1205_5_five.mp4;C:\Users\esthe\Downloads\small boiteux 12_\Boit_1205_6_three.mp4;C:\Users\esthe\Downloads\small boiteux 12_\Boit_1205_7_one.mp4;C:\Users\esthe\Downloads\small boiteux 12_\Boit_1205_8_five.mp4;C:\Users\esthe\Downloads\small boiteux 12_\Boit_1205_9_seven.mp4,0.0,33.361;14.067;14.331;21.564;6.399;8.664;23.761;18.197;19.200;7.900;7.064;10.199;28.898,30.000;30.000;30.000;30.000;30.000;30.000;30.000;30.000;30.000;30.000;30.000;30.000;30.000,Boiteux,licking,,,POINT,141.874,C:\Users\esthe\Downloads\small boiteux 12_\Boit_1205_5_five.mp4,46,NA,
boit_1205,2025-06-05 16:05:44.780,,209.095,Media file(s),player #1:C:\Users\esthe\Downloads\small boiteux 12_\Boi_1205_1_seven.mp4;C:\Users\esthe\Downloads\small boiteux 12_\Boit_1205_10_three.mp4;C:\Users\esthe\Downloads\small boiteux 12_\Boit_1205_11_five.mp4;C:\Users\esthe\Downloads\small boiteux 12_\Boit_1205_12_control.mp4;C:\Users\esthe\Downloads\small boiteux 12_\Boit_1205_13_control.mp4;C:\Users\esthe\Downloads\small boiteux 12_\Boit_1205_2_three.mp4;C:\Users\esthe\Downloads\small boiteux 12_\Boit_1205_3_five.mp4;C:\Users\esthe\Downloads\small boiteux 12_\Boit_1205_4_one.mp4;C:\Users\esthe\Downloads\small boiteux 12_\Boit_1205_5_five.mp4;C:\Users\esthe\Downloads\small boiteux 12_\Boit_1205_6_three.mp4;C:\Users\esthe\Downloads\small boiteux 12_\Boit_1205_7_one.mp4;C:\Users\esthe\Downloads\small boiteux 12_\Boit_1205_8_five.mp4;C:\Users\esthe\Downloads\small boiteux 12_\Boit_1205_9_seven.mp4,0.0,33.361;14.067;14.331;21.564;6.399;8.664;23.761;18.197;19.200;7.900;7.064;10.199;28.898,30.000;30.000;30.000;30.000;30.000;30.000;30.000;30.000;30.000;30.000;30.000;30.000;30.000,Boiteux,ear clapping,,,POINT,141.907,C:\Users\esthe\Downloads\small boiteux 12_\Boit_1205_5_five.mp4,47,NA,
boit_1205,2025-06-05 16:05:44.780,,209.095,Media file(s),player #1:C:\Users\esthe\Downloads\small boiteux 12_\Boi_1205_1_seven.mp4;C:\Users\esthe\Downloads\small boiteux 12_\Boit_1205_10_three.mp4;C:\Users\esthe\Downloads\small boiteux 12_\Boit_1205_11_five.mp4;C:\Users\esthe\Downloads\small boiteux 12_\Boit_1205_12_control.mp4;C:\Users\esthe\Downloads\small boiteux 12_\Boit_1205_13_control.mp4;C:\Users\esthe\Downloads\small boiteux 12_\Boit_1205_2_three.mp4;C:\Users\esthe\Downloads\small boiteux 12_\Boit_1205_3_five.mp4;C:\Users\esthe\Downloads\small boiteux 12_\Boit_1205_4_one.mp4;C:\Users\esthe\Downloads\small boiteux 12_\Boit_1205_5_five.mp4;C:\Users\esthe\Downloads\small boiteux 12_\Boit_1205_6_three.mp4;C:\Users\esthe\Downloads\small boiteux 12_\Boit_1205_7_one.mp4;C:\Users\esthe\Downloads\small boiteux 12_\Boit_1205_8_five.mp4;C:\Users\esthe\Downloads\small boiteux 12_\Boit_1205_9_seven.mp4,0.0,33.361;14.067;14.331;21.564;6.399;8.664;23.761;18.197;19.200;7.900;7.064;10.199;28.898,30.000;30.000;30.000;30.000;30.000;30.000;30.000;30.000;30.000;30.000;30.000;30.000;30.000,Boiteux,sniffing,,,POINT,142.141,C:\Users\esthe\Downloads\small boiteux 12_\Boit_1205_5_five.mp4,54,NA,
boit_1205,2025-06-05 16:05:44.780,,209.095,Media file(s),player #1:C:\Users\esthe\Downloads\small boiteux 12_\Boi_1205_1_seven.mp4;C:\Users\esthe\Downloads\small boiteux 12_\Boit_1205_10_three.mp4;C:\Users\esthe\Downloads\small boiteux 12_\Boit_1205_11_five.mp4;C:\Users\esthe\Downloads\small boiteux 12_\Boit_1205_12_control.mp4;C:\Users\esthe\Downloads\small boiteux 12_\Boit_1205_13_control.mp4;C:\Users\esthe\Downloads\small boiteux 12_\Boit_1205_2_three.mp4;C:\Users\esthe\Downloads\small boiteux 12_\Boit_1205_3_five.mp4;C:\Users\esthe\Downloads\small boiteux 12_\Boit_1205_4_one.mp4;C:\Users\esthe\Downloads\small boiteux 12_\Boit_1205_5_five.mp4;C:\Users\esthe\Downloads\small boiteux 12_\Boit_1205_6_three.mp4;C:\Users\esthe\Downloads\small boiteux 12_\Boit_1205_7_one.mp4;C:\Users\esthe\Downloads\small boiteux 12_\Boit_1205_8_five.mp4;C:\Users\esthe\Downloads\small boiteux 12_\Boit_1205_9_seven.mp4,0.0,33.361;14.067;14.331;21.564;6.399;8.664;23.761;18.197;19.200;7.900;7.064;10.199;28.898,30.000;30.000;30.000;30.000;30.000;30.000;30.000;30.000;30.000;30.000;30.000;30.000;30.000,Boiteux,ear clapping,,,POINT,142.407,C:\Users\esthe\Downloads\small boiteux 12_\Boit_1205_5_five.mp4,62,NA,
boit_1205,2025-06-05 16:05:44.780,,209.095,Media file(s),player #1:C:\Users\esthe\Downloads\small boiteux 12_\Boi_1205_1_seven.mp4;C:\Users\esthe\Downloads\small boiteux 12_\Boit_1205_10_three.mp4;C:\Users\esthe\Downloads\small boiteux 12_\Boit_1205_11_five.mp4;C:\Users\esthe\Downloads\small boiteux 12_\Boit_1205_12_control.mp4;C:\Users\esthe\Downloads\small boiteux 12_\Boit_1205_13_control.mp4;C:\Users\esthe\Downloads\small boiteux 12_\Boit_1205_2_three.mp4;C:\Users\esthe\Downloads\small boiteux 12_\Boit_1205_3_five.mp4;C:\Users\esthe\Downloads\small boiteux 12_\Boit_1205_4_one.mp4;C:\Users\esthe\Downloads\small boiteux 12_\Boit_1205_5_five.mp4;C:\Users\esthe\Downloads\small boiteux 12_\Boit_1205_6_three.mp4;C:\Users\esthe\Downloads\small boiteux 12_\Boit_1205_7_one.mp4;C:\Users\esthe\Downloads\small boiteux 12_\Boit_1205_8_five.mp4;C:\Users\esthe\Downloads\small boiteux 12_\Boit_1205_9_seven.mp4,0.0,33.361;14.067;14.331;21.564;6.399;8.664;23.761;18.197;19.200;7.900;7.064;10.199;28.898,30.000;30.000;30.000;30.000;30.000;30.000;30.000;30.000;30.000;30.000;30.000;30.000;30.000,Boiteux,jaw movement,,,POINT,142.441,C:\Users\esthe\Downloads\small boiteux 12_\Boit_1205_5_five.mp4,63,NA,
boit_1205,2025-06-05 16:05:44.780,,209.095,Media file(s),player #1:C:\Users\esthe\Downloads\small boiteux 12_\Boi_1205_1_seven.mp4;C:\Users\esthe\Downloads\small boiteux 12_\Boit_1205_10_three.mp4;C:\Users\esthe\Downloads\small boiteux 12_\Boit_1205_11_five.mp4;C:\Users\esthe\Downloads\small boiteux 12_\Boit_1205_12_control.mp4;C:\Users\esthe\Downloads\small boiteux 12_\Boit_1205_13_control.mp4;C:\Users\esthe\Downloads\small boiteux 12_\Boit_1205_2_three.mp4;C:\Users\esthe\Downloads\small boiteux 12_\Boit_1205_3_five.mp4;C:\Users\esthe\Downloads\small boiteux 12_\Boit_1205_4_one.mp4;C:\Users\esthe\Downloads\small boiteux 12_\Boit_1205_5_five.mp4;C:\Users\esthe\Downloads\small boiteux 12_\Boit_1205_6_three.mp4;C:\Users\esthe\Downloads\small boiteux 12_\Boit_1205_7_one.mp4;C:\Users\esthe\Downloads\small boiteux 12_\Boit_1205_8_five.mp4;C:\Users\esthe\Downloads\small boiteux 12_\Boit_1205_9_seven.mp4,0.0,33.361;14.067;14.331;21.564;6.399;8.664;23.761;18.197;19.200;7.900;7.064;10.199;28.898,30.000;30.000;30.000;30.000;30.000;30.000;30.000;30.000;30.000;30.000;30.000;30.000;30.000,Boiteux,ear clapping,,,POINT,142.474,C:\Users\esthe\Downloads\small boiteux 12_\Boit_1205_5_five.mp4,64,NA,
boit_1205,2025-06-05 16:05:44.780,,209.095,Media file(s),player #1:C:\Users\esthe\Downloads\small boiteux 12_\Boi_1205_1_seven.mp4;C:\Users\esthe\Downloads\small boiteux 12_\Boit_1205_10_three.mp4;C:\Users\esthe\Downloads\small boiteux 12_\Boit_1205_11_five.mp4;C:\Users\esthe\Downloads\small boiteux 12_\Boit_1205_12_control.mp4;C:\Users\esthe\Downloads\small boiteux 12_\Boit_1205_13_control.mp4;C:\Users\esthe\Downloads\small boiteux 12_\Boit_1205_2_three.mp4;C:\Users\esthe\Downloads\small boiteux 12_\Boit_1205_3_five.mp4;C:\Users\esthe\Downloads\small boiteux 12_\Boit_1205_4_one.mp4;C:\Users\esthe\Downloads\small boiteux 12_\Boit_1205_5_five.mp4;C:\Users\esthe\Downloads\small boiteux 12_\Boit_1205_6_three.mp4;C:\Users\esthe\Downloads\small boiteux 12_\Boit_1205_7_one.mp4;C:\Users\esthe\Downloads\small boiteux 12_\Boit_1205_8_five.mp4;C:\Users\esthe\Downloads\small boiteux 12_\Boit_1205_9_seven.mp4,0.0,33.361;14.067;14.331;21.564;6.399;8.664;23.761;18.197;19.200;7.900;7.064;10.199;28.898,30.000;30.000;30.000;30.000;30.000;30.000;30.000;30.000;30.000;30.000;30.000;30.000;30.000,Boiteux,jaw movement,,,POINT,142.607,C:\Users\esthe\Downloads\small boiteux 12_\Boit_1205_5_five.mp4,68,NA,
boit_1205,2025-06-05 16:05:44.780,,209.095,Media file(s),player #1:C:\Users\esthe\Downloads\small boiteux 12_\Boi_1205_1_seven.mp4;C:\Users\esthe\Downloads\small boiteux 12_\Boit_1205_10_three.mp4;C:\Users\esthe\Downloads\small boiteux 12_\Boit_1205_11_five.mp4;C:\Users\esthe\Downloads\small boiteux 12_\Boit_1205_12_control.mp4;C:\Users\esthe\Downloads\small boiteux 12_\Boit_1205_13_control.mp4;C:\Users\esthe\Downloads\small boiteux 12_\Boit_1205_2_three.mp4;C:\Users\esthe\Downloads\small boiteux 12_\Boit_1205_3_five.mp4;C:\Users\esthe\Downloads\small boiteux 12_\Boit_1205_4_one.mp4;C:\Users\esthe\Downloads\small boiteux 12_\Boit_1205_5_five.mp4;C:\Users\esthe\Downloads\small boiteux 12_\Boit_1205_6_three.mp4;C:\Users\esthe\Downloads\small boiteux 12_\Boit_1205_7_one.mp4;C:\Users\esthe\Downloads\small boiteux 12_\Boit_1205_8_five.mp4;C:\Users\esthe\Downloads\small boiteux 12_\Boit_1205_9_seven.mp4,0.0,33.361;14.067;14.331;21.564;6.399;8.664;23.761;18.197;19.200;7.900;7.064;10.199;28.898,30.000;30.000;30.000;30.000;30.000;30.000;30.000;30.000;30.000;30.000;30.000;30.000;30.000,Boiteux,licking,,,POINT,142.774,C:\Users\esthe\Downloads\small boiteux 12_\Boit_1205_5_five.mp4,73,NA,
boit_1205,2025-06-05 16:05:44.780,,209.095,Media file(s),player #1:C:\Users\esthe\Downloads\small boiteux 12_\Boi_1205_1_seven.mp4;C:\Users\esthe\Downloads\small boiteux 12_\Boit_1205_10_three.mp4;C:\Users\esthe\Downloads\small boiteux 12_\Boit_1205_11_five.mp4;C:\Users\esthe\Downloads\small boiteux 12_\Boit_1205_12_control.mp4;C:\Users\esthe\Downloads\small boiteux 12_\Boit_1205_13_control.mp4;C:\Users\esthe\Downloads\small boiteux 12_\Boit_1205_2_three.mp4;C:\Users\esthe\Downloads\small boiteux 12_\Boit_1205_3_five.mp4;C:\Users\esthe\Downloads\small boiteux 12_\Boit_1205_4_one.mp4;C:\Users\esthe\Downloads\small boiteux 12_\Boit_1205_5_five.mp4;C:\Users\esthe\Downloads\small boiteux 12_\Boit_1205_6_three.mp4;C:\Users\esthe\Downloads\small boiteux 12_\Boit_1205_7_one.mp4;C:\Users\esthe\Downloads\small boiteux 12_\Boit_1205_8_five.mp4;C:\Users\esthe\Downloads\small boiteux 12_\Boit_1205_9_seven.mp4,0.0,33.361;14.067;14.331;21.564;6.399;8.664;23.761;18.197;19.200;7.900;7.064;10.199;28.898,30.000;30.000;30.000;30.000;30.000;30.000;30.000;30.000;30.000;30.000;30.000;30.000;30.000,Boiteux,sniffing,,,POINT,142.874,C:\Users\esthe\Downloads\small boiteux 12_\Boit_1205_5_five.mp4,76,NA,
boit_1205,2025-06-05 16:05:44.780,,209.095,Media file(s),player #1:C:\Users\esthe\Downloads\small boiteux 12_\Boi_1205_1_seven.mp4;C:\Users\esthe\Downloads\small boiteux 12_\Boit_1205_10_three.mp4;C:\Users\esthe\Downloads\small boiteux 12_\Boit_1205_11_five.mp4;C:\Users\esthe\Downloads\small boiteux 12_\Boit_1205_12_control.mp4;C:\Users\esthe\Downloads\small boiteux 12_\Boit_1205_13_control.mp4;C:\Users\esthe\Downloads\small boiteux 12_\Boit_1205_2_three.mp4;C:\Users\esthe\Downloads\small boiteux 12_\Boit_1205_3_five.mp4;C:\Users\esthe\Downloads\small boiteux 12_\Boit_1205_4_one.mp4;C:\Users\esthe\Downloads\small boiteux 12_\Boit_1205_5_five.mp4;C:\Users\esthe\Downloads\small boiteux 12_\Boit_1205_6_three.mp4;C:\Users\esthe\Downloads\small boiteux 12_\Boit_1205_7_one.mp4;C:\Users\esthe\Downloads\small boiteux 12_\Boit_1205_8_five.mp4;C:\Users\esthe\Downloads\small boiteux 12_\Boit_1205_9_seven.mp4,0.0,33.361;14.067;14.331;21.564;6.399;8.664;23.761;18.197;19.200;7.900;7.064;10.199;28.898,30.000;30.000;30.000;30.000;30.000;30.000;30.000;30.000;30.000;30.000;30.000;30.000;30.000,Boiteux,translational movement,,,POINT,143.174,C:\Users\esthe\Downloads\small boiteux 12_\Boit_1205_5_five.mp4,85,NA,
boit_1205,2025-06-05 16:05:44.780,,209.095,Media file(s),player #1:C:\Users\esthe\Downloads\small boiteux 12_\Boi_1205_1_seven.mp4;C:\Users\esthe\Downloads\small boiteux 12_\Boit_1205_10_three.mp4;C:\Users\esthe\Downloads\small boiteux 12_\Boit_1205_11_five.mp4;C:\Users\esthe\Downloads\small boiteux 12_\Boit_1205_12_control.mp4;C:\Users\esthe\Downloads\small boiteux 12_\Boit_1205_13_control.mp4;C:\Users\esthe\Downloads\small boiteux 12_\Boit_1205_2_three.mp4;C:\Users\esthe\Downloads\small boiteux 12_\Boit_1205_3_five.mp4;C:\Users\esthe\Downloads\small boiteux 12_\Boit_1205_4_one.mp4;C:\Users\esthe\Downloads\small boiteux 12_\Boit_1205_5_five.mp4;C:\Users\esthe\Downloads\small boiteux 12_\Boit_1205_6_three.mp4;C:\Users\esthe\Downloads\small boiteux 12_\Boit_1205_7_one.mp4;C:\Users\esthe\Downloads\small boiteux 12_\Boit_1205_8_five.mp4;C:\Users\esthe\Downloads\small boiteux 12_\Boit_1205_9_seven.mp4,0.0,33.361;14.067;14.331;21.564;6.399;8.664;23.761;18.197;19.200;7.900;7.064;10.199;28.898,30.000;30.000;30.000;30.000;30.000;30.000;30.000;30.000;30.000;30.000;30.000;30.000;30.000,Boiteux,jaw movement,,,POINT,143.374,C:\Users\esthe\Downloads\small boiteux 12_\Boit_1205_5_five.mp4,91,NA,
boit_1205,2025-06-05 16:05:44.780,,209.095,Media file(s),player #1:C:\Users\esthe\Downloads\small boiteux 12_\Boi_1205_1_seven.mp4;C:\Users\esthe\Downloads\small boiteux 12_\Boit_1205_10_three.mp4;C:\Users\esthe\Downloads\small boiteux 12_\Boit_1205_11_five.mp4;C:\Users\esthe\Downloads\small boiteux 12_\Boit_1205_12_control.mp4;C:\Users\esthe\Downloads\small boiteux 12_\Boit_1205_13_control.mp4;C:\Users\esthe\Downloads\small boiteux 12_\Boit_1205_2_three.mp4;C:\Users\esthe\Downloads\small boiteux 12_\Boit_1205_3_five.mp4;C:\Users\esthe\Downloads\small boiteux 12_\Boit_1205_4_one.mp4;C:\Users\esthe\Downloads\small boiteux 12_\Boit_1205_5_five.mp4;C:\Users\esthe\Downloads\small boiteux 12_\Boit_1205_6_three.mp4;C:\Users\esthe\Downloads\small boiteux 12_\Boit_1205_7_one.mp4;C:\Users\esthe\Downloads\small boiteux 12_\Boit_1205_8_five.mp4;C:\Users\esthe\Downloads\small boiteux 12_\Boit_1205_9_seven.mp4,0.0,33.361;14.067;14.331;21.564;6.399;8.664;23.761;18.197;19.200;7.900;7.064;10.199;28.898,30.000;30.000;30.000;30.000;30.000;30.000;30.000;30.000;30.000;30.000;30.000;30.000;30.000,Boiteux,ear clapping,,,POINT,143.574,C:\Users\esthe\Downloads\small boiteux 12_\Boit_1205_5_five.mp4,97,NA,
boit_1205,2025-06-05 16:05:44.780,,209.095,Media file(s),player #1:C:\Users\esthe\Downloads\small boiteux 12_\Boi_1205_1_seven.mp4;C:\Users\esthe\Downloads\small boiteux 12_\Boit_1205_10_three.mp4;C:\Users\esthe\Downloads\small boiteux 12_\Boit_1205_11_five.mp4;C:\Users\esthe\Downloads\small boiteux 12_\Boit_1205_12_control.mp4;C:\Users\esthe\Downloads\small boiteux 12_\Boit_1205_13_control.mp4;C:\Users\esthe\Downloads\small boiteux 12_\Boit_1205_2_three.mp4;C:\Users\esthe\Downloads\small boiteux 12_\Boit_1205_3_five.mp4;C:\Users\esthe\Downloads\small boiteux 12_\Boit_1205_4_one.mp4;C:\Users\esthe\Downloads\small boiteux 12_\Boit_1205_5_five.mp4;C:\Users\esthe\Downloads\small boiteux 12_\Boit_1205_6_three.mp4;C:\Users\esthe\Downloads\small boiteux 12_\Boit_1205_7_one.mp4;C:\Users\esthe\Downloads\small boiteux 12_\Boit_1205_8_five.mp4;C:\Users\esthe\Downloads\small boiteux 12_\Boit_1205_9_seven.mp4,0.0,33.361;14.067;14.331;21.564;6.399;8.664;23.761;18.197;19.200;7.900;7.064;10.199;28.898,30.000;30.000;30.000;30.000;30.000;30.000;30.000;30.000;30.000;30.000;30.000;30.000;30.000,Boiteux,jaw movement,,,POINT,143.874,C:\Users\esthe\Downloads\small boiteux 12_\Boit_1205_5_five.mp4,106,NA,
boit_1205,2025-06-05 16:05:44.780,,209.095,Media file(s),player #1:C:\Users\esthe\Downloads\small boiteux 12_\Boi_1205_1_seven.mp4;C:\Users\esthe\Downloads\small boiteux 12_\Boit_1205_10_three.mp4;C:\Users\esthe\Downloads\small boiteux 12_\Boit_1205_11_five.mp4;C:\Users\esthe\Downloads\small boiteux 12_\Boit_1205_12_control.mp4;C:\Users\esthe\Downloads\small boiteux 12_\Boit_1205_13_control.mp4;C:\Users\esthe\Downloads\small boiteux 12_\Boit_1205_2_three.mp4;C:\Users\esthe\Downloads\small boiteux 12_\Boit_1205_3_five.mp4;C:\Users\esthe\Downloads\small boiteux 12_\Boit_1205_4_one.mp4;C:\Users\esthe\Downloads\small boiteux 12_\Boit_1205_5_five.mp4;C:\Users\esthe\Downloads\small boiteux 12_\Boit_1205_6_three.mp4;C:\Users\esthe\Downloads\small boiteux 12_\Boit_1205_7_one.mp4;C:\Users\esthe\Downloads\small boiteux 12_\Boit_1205_8_five.mp4;C:\Users\esthe\Downloads\small boiteux 12_\Boit_1205_9_seven.mp4,0.0,33.361;14.067;14.331;21.564;6.399;8.664;23.761;18.197;19.200;7.900;7.064;10.199;28.898,30.000;30.000;30.000;30.000;30.000;30.000;30.000;30.000;30.000;30.000;30.000;30.000;30.000,Boiteux,ear clapping,,,POINT,144.107,C:\Users\esthe\Downloads\small boiteux 12_\Boit_1205_5_five.mp4,113,NA,
boit_1205,2025-06-05 16:05:44.780,,209.095,Media file(s),player #1:C:\Users\esthe\Downloads\small boiteux 12_\Boi_1205_1_seven.mp4;C:\Users\esthe\Downloads\small boiteux 12_\Boit_1205_10_three.mp4;C:\Users\esthe\Downloads\small boiteux 12_\Boit_1205_11_five.mp4;C:\Users\esthe\Downloads\small boiteux 12_\Boit_1205_12_control.mp4;C:\Users\esthe\Downloads\small boiteux 12_\Boit_1205_13_control.mp4;C:\Users\esthe\Downloads\small boiteux 12_\Boit_1205_2_three.mp4;C:\Users\esthe\Downloads\small boiteux 12_\Boit_1205_3_five.mp4;C:\Users\esthe\Downloads\small boiteux 12_\Boit_1205_4_one.mp4;C:\Users\esthe\Downloads\small boiteux 12_\Boit_1205_5_five.mp4;C:\Users\esthe\Downloads\small boiteux 12_\Boit_1205_6_three.mp4;C:\Users\esthe\Downloads\small boiteux 12_\Boit_1205_7_one.mp4;C:\Users\esthe\Downloads\small boiteux 12_\Boit_1205_8_five.mp4;C:\Users\esthe\Downloads\small boiteux 12_\Boit_1205_9_seven.mp4,0.0,33.361;14.067;14.331;21.564;6.399;8.664;23.761;18.197;19.200;7.900;7.064;10.199;28.898,30.000;30.000;30.000;30.000;30.000;30.000;30.000;30.000;30.000;30.000;30.000;30.000;30.000,Boiteux,ear clapping,,,POINT,144.207,C:\Users\esthe\Downloads\small boiteux 12_\Boit_1205_5_five.mp4,116,NA,
boit_1205,2025-06-05 16:05:44.780,,209.095,Media file(s),player #1:C:\Users\esthe\Downloads\small boiteux 12_\Boi_1205_1_seven.mp4;C:\Users\esthe\Downloads\small boiteux 12_\Boit_1205_10_three.mp4;C:\Users\esthe\Downloads\small boiteux 12_\Boit_1205_11_five.mp4;C:\Users\esthe\Downloads\small boiteux 12_\Boit_1205_12_control.mp4;C:\Users\esthe\Downloads\small boiteux 12_\Boit_1205_13_control.mp4;C:\Users\esthe\Downloads\small boiteux 12_\Boit_1205_2_three.mp4;C:\Users\esthe\Downloads\small boiteux 12_\Boit_1205_3_five.mp4;C:\Users\esthe\Downloads\small boiteux 12_\Boit_1205_4_one.mp4;C:\Users\esthe\Downloads\small boiteux 12_\Boit_1205_5_five.mp4;C:\Users\esthe\Downloads\small boiteux 12_\Boit_1205_6_three.mp4;C:\Users\esthe\Downloads\small boiteux 12_\Boit_1205_7_one.mp4;C:\Users\esthe\Downloads\small boiteux 12_\Boit_1205_8_five.mp4;C:\Users\esthe\Downloads\small boiteux 12_\Boit_1205_9_seven.mp4,0.0,33.361;14.067;14.331;21.564;6.399;8.664;23.761;18.197;19.200;7.900;7.064;10.199;28.898,30.000;30.000;30.000;30.000;30.000;30.000;30.000;30.000;30.000;30.000;30.000;30.000;30.000,Boiteux,jaw movement,,,POINT,144.207,C:\Users\esthe\Downloads\small boiteux 12_\Boit_1205_5_five.mp4,116,NA,
boit_1205,2025-06-05 16:05:44.780,,209.095,Media file(s),player #1:C:\Users\esthe\Downloads\small boiteux 12_\Boi_1205_1_seven.mp4;C:\Users\esthe\Downloads\small boiteux 12_\Boit_1205_10_three.mp4;C:\Users\esthe\Downloads\small boiteux 12_\Boit_1205_11_five.mp4;C:\Users\esthe\Downloads\small boiteux 12_\Boit_1205_12_control.mp4;C:\Users\esthe\Downloads\small boiteux 12_\Boit_1205_13_control.mp4;C:\Users\esthe\Downloads\small boiteux 12_\Boit_1205_2_three.mp4;C:\Users\esthe\Downloads\small boiteux 12_\Boit_1205_3_five.mp4;C:\Users\esthe\Downloads\small boiteux 12_\Boit_1205_4_one.mp4;C:\Users\esthe\Downloads\small boiteux 12_\Boit_1205_5_five.mp4;C:\Users\esthe\Downloads\small boiteux 12_\Boit_1205_6_three.mp4;C:\Users\esthe\Downloads\small boiteux 12_\Boit_1205_7_one.mp4;C:\Users\esthe\Downloads\small boiteux 12_\Boit_1205_8_five.mp4;C:\Users\esthe\Downloads\small boiteux 12_\Boit_1205_9_seven.mp4,0.0,33.361;14.067;14.331;21.564;6.399;8.664;23.761;18.197;19.200;7.900;7.064;10.199;28.898,30.000;30.000;30.000;30.000;30.000;30.000;30.000;30.000;30.000;30.000;30.000;30.000;30.000,Boiteux,rotation,,Horizontal,START,144.307,C:\Users\esthe\Downloads\small boiteux 12_\Boit_1205_5_five.mp4,119,NA,
boit_1205,2025-06-05 16:05:44.780,,209.095,Media file(s),player #1:C:\Users\esthe\Downloads\small boiteux 12_\Boi_1205_1_seven.mp4;C:\Users\esthe\Downloads\small boiteux 12_\Boit_1205_10_three.mp4;C:\Users\esthe\Downloads\small boiteux 12_\Boit_1205_11_five.mp4;C:\Users\esthe\Downloads\small boiteux 12_\Boit_1205_12_control.mp4;C:\Users\esthe\Downloads\small boiteux 12_\Boit_1205_13_control.mp4;C:\Users\esthe\Downloads\small boiteux 12_\Boit_1205_2_three.mp4;C:\Users\esthe\Downloads\small boiteux 12_\Boit_1205_3_five.mp4;C:\Users\esthe\Downloads\small boiteux 12_\Boit_1205_4_one.mp4;C:\Users\esthe\Downloads\small boiteux 12_\Boit_1205_5_five.mp4;C:\Users\esthe\Downloads\small boiteux 12_\Boit_1205_6_three.mp4;C:\Users\esthe\Downloads\small boiteux 12_\Boit_1205_7_one.mp4;C:\Users\esthe\Downloads\small boiteux 12_\Boit_1205_8_five.mp4;C:\Users\esthe\Downloads\small boiteux 12_\Boit_1205_9_seven.mp4,0.0,33.361;14.067;14.331;21.564;6.399;8.664;23.761;18.197;19.200;7.900;7.064;10.199;28.898,30.000;30.000;30.000;30.000;30.000;30.000;30.000;30.000;30.000;30.000;30.000;30.000;30.000,Boiteux,translational movement,,,POINT,144.374,C:\Users\esthe\Downloads\small boiteux 12_\Boit_1205_5_five.mp4,121,NA,
boit_1205,2025-06-05 16:05:44.780,,209.095,Media file(s),player #1:C:\Users\esthe\Downloads\small boiteux 12_\Boi_1205_1_seven.mp4;C:\Users\esthe\Downloads\small boiteux 12_\Boit_1205_10_three.mp4;C:\Users\esthe\Downloads\small boiteux 12_\Boit_1205_11_five.mp4;C:\Users\esthe\Downloads\small boiteux 12_\Boit_1205_12_control.mp4;C:\Users\esthe\Downloads\small boiteux 12_\Boit_1205_13_control.mp4;C:\Users\esthe\Downloads\small boiteux 12_\Boit_1205_2_three.mp4;C:\Users\esthe\Downloads\small boiteux 12_\Boit_1205_3_five.mp4;C:\Users\esthe\Downloads\small boiteux 12_\Boit_1205_4_one.mp4;C:\Users\esthe\Downloads\small boiteux 12_\Boit_1205_5_five.mp4;C:\Users\esthe\Downloads\small boiteux 12_\Boit_1205_6_three.mp4;C:\Users\esthe\Downloads\small boiteux 12_\Boit_1205_7_one.mp4;C:\Users\esthe\Downloads\small boiteux 12_\Boit_1205_8_five.mp4;C:\Users\esthe\Downloads\small boiteux 12_\Boit_1205_9_seven.mp4,0.0,33.361;14.067;14.331;21.564;6.399;8.664;23.761;18.197;19.200;7.900;7.064;10.199;28.898,30.000;30.000;30.000;30.000;30.000;30.000;30.000;30.000;30.000;30.000;30.000;30.000;30.000,Boiteux,rotation,,Horizontal,STOP,144.807,C:\Users\esthe\Downloads\small boiteux 12_\Boit_1205_5_five.mp4,134,NA,
boit_1205,2025-06-05 16:05:44.780,,209.095,Media file(s),player #1:C:\Users\esthe\Downloads\small boiteux 12_\Boi_1205_1_seven.mp4;C:\Users\esthe\Downloads\small boiteux 12_\Boit_1205_10_three.mp4;C:\Users\esthe\Downloads\small boiteux 12_\Boit_1205_11_five.mp4;C:\Users\esthe\Downloads\small boiteux 12_\Boit_1205_12_control.mp4;C:\Users\esthe\Downloads\small boiteux 12_\Boit_1205_13_control.mp4;C:\Users\esthe\Downloads\small boiteux 12_\Boit_1205_2_three.mp4;C:\Users\esthe\Downloads\small boiteux 12_\Boit_1205_3_five.mp4;C:\Users\esthe\Downloads\small boiteux 12_\Boit_1205_4_one.mp4;C:\Users\esthe\Downloads\small boiteux 12_\Boit_1205_5_five.mp4;C:\Users\esthe\Downloads\small boiteux 12_\Boit_1205_6_three.mp4;C:\Users\esthe\Downloads\small boiteux 12_\Boit_1205_7_one.mp4;C:\Users\esthe\Downloads\small boiteux 12_\Boit_1205_8_five.mp4;C:\Users\esthe\Downloads\small boiteux 12_\Boit_1205_9_seven.mp4,0.0,33.361;14.067;14.331;21.564;6.399;8.664;23.761;18.197;19.200;7.900;7.064;10.199;28.898,30.000;30.000;30.000;30.000;30.000;30.000;30.000;30.000;30.000;30.000;30.000;30.000;30.000,Boiteux,jaw movement,,,POINT,144.840,C:\Users\esthe\Downloads\small boiteux 12_\Boit_1205_5_five.mp4,135,NA,
boit_1205,2025-06-05 16:05:44.780,,209.095,Media file(s),player #1:C:\Users\esthe\Downloads\small boiteux 12_\Boi_1205_1_seven.mp4;C:\Users\esthe\Downloads\small boiteux 12_\Boit_1205_10_three.mp4;C:\Users\esthe\Downloads\small boiteux 12_\Boit_1205_11_five.mp4;C:\Users\esthe\Downloads\small boiteux 12_\Boit_1205_12_control.mp4;C:\Users\esthe\Downloads\small boiteux 12_\Boit_1205_13_control.mp4;C:\Users\esthe\Downloads\small boiteux 12_\Boit_1205_2_three.mp4;C:\Users\esthe\Downloads\small boiteux 12_\Boit_1205_3_five.mp4;C:\Users\esthe\Downloads\small boiteux 12_\Boit_1205_4_one.mp4;C:\Users\esthe\Downloads\small boiteux 12_\Boit_1205_5_five.mp4;C:\Users\esthe\Downloads\small boiteux 12_\Boit_1205_6_three.mp4;C:\Users\esthe\Downloads\small boiteux 12_\Boit_1205_7_one.mp4;C:\Users\esthe\Downloads\small boiteux 12_\Boit_1205_8_five.mp4;C:\Users\esthe\Downloads\small boiteux 12_\Boit_1205_9_seven.mp4,0.0,33.361;14.067;14.331;21.564;6.399;8.664;23.761;18.197;19.200;7.900;7.064;10.199;28.898,30.000;30.000;30.000;30.000;30.000;30.000;30.000;30.000;30.000;30.000;30.000;30.000;30.000,Boiteux,sniffing,,,POINT,145.507,C:\Users\esthe\Downloads\small boiteux 12_\Boit_1205_5_five.mp4,155,NA,
boit_1205,2025-06-05 16:05:44.780,,209.095,Media file(s),player #1:C:\Users\esthe\Downloads\small boiteux 12_\Boi_1205_1_seven.mp4;C:\Users\esthe\Downloads\small boiteux 12_\Boit_1205_10_three.mp4;C:\Users\esthe\Downloads\small boiteux 12_\Boit_1205_11_five.mp4;C:\Users\esthe\Downloads\small boiteux 12_\Boit_1205_12_control.mp4;C:\Users\esthe\Downloads\small boiteux 12_\Boit_1205_13_control.mp4;C:\Users\esthe\Downloads\small boiteux 12_\Boit_1205_2_three.mp4;C:\Users\esthe\Downloads\small boiteux 12_\Boit_1205_3_five.mp4;C:\Users\esthe\Downloads\small boiteux 12_\Boit_1205_4_one.mp4;C:\Users\esthe\Downloads\small boiteux 12_\Boit_1205_5_five.mp4;C:\Users\esthe\Downloads\small boiteux 12_\Boit_1205_6_three.mp4;C:\Users\esthe\Downloads\small boiteux 12_\Boit_1205_7_one.mp4;C:\Users\esthe\Downloads\small boiteux 12_\Boit_1205_8_five.mp4;C:\Users\esthe\Downloads\small boiteux 12_\Boit_1205_9_seven.mp4,0.0,33.361;14.067;14.331;21.564;6.399;8.664;23.761;18.197;19.200;7.900;7.064;10.199;28.898,30.000;30.000;30.000;30.000;30.000;30.000;30.000;30.000;30.000;30.000;30.000;30.000;30.000,Boiteux,licking,,,POINT,145.674,C:\Users\esthe\Downloads\small boiteux 12_\Boit_1205_5_five.mp4,160,NA,
boit_1205,2025-06-05 16:05:44.780,,209.095,Media file(s),player #1:C:\Users\esthe\Downloads\small boiteux 12_\Boi_1205_1_seven.mp4;C:\Users\esthe\Downloads\small boiteux 12_\Boit_1205_10_three.mp4;C:\Users\esthe\Downloads\small boiteux 12_\Boit_1205_11_five.mp4;C:\Users\esthe\Downloads\small boiteux 12_\Boit_1205_12_control.mp4;C:\Users\esthe\Downloads\small boiteux 12_\Boit_1205_13_control.mp4;C:\Users\esthe\Downloads\small boiteux 12_\Boit_1205_2_three.mp4;C:\Users\esthe\Downloads\small boiteux 12_\Boit_1205_3_five.mp4;C:\Users\esthe\Downloads\small boiteux 12_\Boit_1205_4_one.mp4;C:\Users\esthe\Downloads\small boiteux 12_\Boit_1205_5_five.mp4;C:\Users\esthe\Downloads\small boiteux 12_\Boit_1205_6_three.mp4;C:\Users\esthe\Downloads\small boiteux 12_\Boit_1205_7_one.mp4;C:\Users\esthe\Downloads\small boiteux 12_\Boit_1205_8_five.mp4;C:\Users\esthe\Downloads\small boiteux 12_\Boit_1205_9_seven.mp4,0.0,33.361;14.067;14.331;21.564;6.399;8.664;23.761;18.197;19.200;7.900;7.064;10.199;28.898,30.000;30.000;30.000;30.000;30.000;30.000;30.000;30.000;30.000;30.000;30.000;30.000;30.000,Boiteux,jaw movement,,,POINT,145.774,C:\Users\esthe\Downloads\small boiteux 12_\Boit_1205_5_five.mp4,163,NA,
boit_1205,2025-06-05 16:05:44.780,,209.095,Media file(s),player #1:C:\Users\esthe\Downloads\small boiteux 12_\Boi_1205_1_seven.mp4;C:\Users\esthe\Downloads\small boiteux 12_\Boit_1205_10_three.mp4;C:\Users\esthe\Downloads\small boiteux 12_\Boit_1205_11_five.mp4;C:\Users\esthe\Downloads\small boiteux 12_\Boit_1205_12_control.mp4;C:\Users\esthe\Downloads\small boiteux 12_\Boit_1205_13_control.mp4;C:\Users\esthe\Downloads\small boiteux 12_\Boit_1205_2_three.mp4;C:\Users\esthe\Downloads\small boiteux 12_\Boit_1205_3_five.mp4;C:\Users\esthe\Downloads\small boiteux 12_\Boit_1205_4_one.mp4;C:\Users\esthe\Downloads\small boiteux 12_\Boit_1205_5_five.mp4;C:\Users\esthe\Downloads\small boiteux 12_\Boit_1205_6_three.mp4;C:\Users\esthe\Downloads\small boiteux 12_\Boit_1205_7_one.mp4;C:\Users\esthe\Downloads\small boiteux 12_\Boit_1205_8_five.mp4;C:\Users\esthe\Downloads\small boiteux 12_\Boit_1205_9_seven.mp4,0.0,33.361;14.067;14.331;21.564;6.399;8.664;23.761;18.197;19.200;7.900;7.064;10.199;28.898,30.000;30.000;30.000;30.000;30.000;30.000;30.000;30.000;30.000;30.000;30.000;30.000;30.000,Boiteux,ear clapping,,,POINT,146.107,C:\Users\esthe\Downloads\small boiteux 12_\Boit_1205_5_five.mp4,173,NA,
boit_1205,2025-06-05 16:05:44.780,,209.095,Media file(s),player #1:C:\Users\esthe\Downloads\small boiteux 12_\Boi_1205_1_seven.mp4;C:\Users\esthe\Downloads\small boiteux 12_\Boit_1205_10_three.mp4;C:\Users\esthe\Downloads\small boiteux 12_\Boit_1205_11_five.mp4;C:\Users\esthe\Downloads\small boiteux 12_\Boit_1205_12_control.mp4;C:\Users\esthe\Downloads\small boiteux 12_\Boit_1205_13_control.mp4;C:\Users\esthe\Downloads\small boiteux 12_\Boit_1205_2_three.mp4;C:\Users\esthe\Downloads\small boiteux 12_\Boit_1205_3_five.mp4;C:\Users\esthe\Downloads\small boiteux 12_\Boit_1205_4_one.mp4;C:\Users\esthe\Downloads\small boiteux 12_\Boit_1205_5_five.mp4;C:\Users\esthe\Downloads\small boiteux 12_\Boit_1205_6_three.mp4;C:\Users\esthe\Downloads\small boiteux 12_\Boit_1205_7_one.mp4;C:\Users\esthe\Downloads\small boiteux 12_\Boit_1205_8_five.mp4;C:\Users\esthe\Downloads\small boiteux 12_\Boit_1205_9_seven.mp4,0.0,33.361;14.067;14.331;21.564;6.399;8.664;23.761;18.197;19.200;7.900;7.064;10.199;28.898,30.000;30.000;30.000;30.000;30.000;30.000;30.000;30.000;30.000;30.000;30.000;30.000;30.000,Boiteux,ear clapping,,,POINT,146.207,C:\Users\esthe\Downloads\small boiteux 12_\Boit_1205_5_five.mp4,176,NA,
boit_1205,2025-06-05 16:05:44.780,,209.095,Media file(s),player #1:C:\Users\esthe\Downloads\small boiteux 12_\Boi_1205_1_seven.mp4;C:\Users\esthe\Downloads\small boiteux 12_\Boit_1205_10_three.mp4;C:\Users\esthe\Downloads\small boiteux 12_\Boit_1205_11_five.mp4;C:\Users\esthe\Downloads\small boiteux 12_\Boit_1205_12_control.mp4;C:\Users\esthe\Downloads\small boiteux 12_\Boit_1205_13_control.mp4;C:\Users\esthe\Downloads\small boiteux 12_\Boit_1205_2_three.mp4;C:\Users\esthe\Downloads\small boiteux 12_\Boit_1205_3_five.mp4;C:\Users\esthe\Downloads\small boiteux 12_\Boit_1205_4_one.mp4;C:\Users\esthe\Downloads\small boiteux 12_\Boit_1205_5_five.mp4;C:\Users\esthe\Downloads\small boiteux 12_\Boit_1205_6_three.mp4;C:\Users\esthe\Downloads\small boiteux 12_\Boit_1205_7_one.mp4;C:\Users\esthe\Downloads\small boiteux 12_\Boit_1205_8_five.mp4;C:\Users\esthe\Downloads\small boiteux 12_\Boit_1205_9_seven.mp4,0.0,33.361;14.067;14.331;21.564;6.399;8.664;23.761;18.197;19.200;7.900;7.064;10.199;28.898,30.000;30.000;30.000;30.000;30.000;30.000;30.000;30.000;30.000;30.000;30.000;30.000;30.000,Boiteux,ear clapping,,,POINT,146.507,C:\Users\esthe\Downloads\small boiteux 12_\Boit_1205_5_five.mp4,185,NA,
boit_1205,2025-06-05 16:05:44.780,,209.095,Media file(s),player #1:C:\Users\esthe\Downloads\small boiteux 12_\Boi_1205_1_seven.mp4;C:\Users\esthe\Downloads\small boiteux 12_\Boit_1205_10_three.mp4;C:\Users\esthe\Downloads\small boiteux 12_\Boit_1205_11_five.mp4;C:\Users\esthe\Downloads\small boiteux 12_\Boit_1205_12_control.mp4;C:\Users\esthe\Downloads\small boiteux 12_\Boit_1205_13_control.mp4;C:\Users\esthe\Downloads\small boiteux 12_\Boit_1205_2_three.mp4;C:\Users\esthe\Downloads\small boiteux 12_\Boit_1205_3_five.mp4;C:\Users\esthe\Downloads\small boiteux 12_\Boit_1205_4_one.mp4;C:\Users\esthe\Downloads\small boiteux 12_\Boit_1205_5_five.mp4;C:\Users\esthe\Downloads\small boiteux 12_\Boit_1205_6_three.mp4;C:\Users\esthe\Downloads\small boiteux 12_\Boit_1205_7_one.mp4;C:\Users\esthe\Downloads\small boiteux 12_\Boit_1205_8_five.mp4;C:\Users\esthe\Downloads\small boiteux 12_\Boit_1205_9_seven.mp4,0.0,33.361;14.067;14.331;21.564;6.399;8.664;23.761;18.197;19.200;7.900;7.064;10.199;28.898,30.000;30.000;30.000;30.000;30.000;30.000;30.000;30.000;30.000;30.000;30.000;30.000;30.000,Boiteux,ear clapping,,,POINT,146.574,C:\Users\esthe\Downloads\small boiteux 12_\Boit_1205_5_five.mp4,187,NA,
boit_1205,2025-06-05 16:05:44.780,,209.095,Media file(s),player #1:C:\Users\esthe\Downloads\small boiteux 12_\Boi_1205_1_seven.mp4;C:\Users\esthe\Downloads\small boiteux 12_\Boit_1205_10_three.mp4;C:\Users\esthe\Downloads\small boiteux 12_\Boit_1205_11_five.mp4;C:\Users\esthe\Downloads\small boiteux 12_\Boit_1205_12_control.mp4;C:\Users\esthe\Downloads\small boiteux 12_\Boit_1205_13_control.mp4;C:\Users\esthe\Downloads\small boiteux 12_\Boit_1205_2_three.mp4;C:\Users\esthe\Downloads\small boiteux 12_\Boit_1205_3_five.mp4;C:\Users\esthe\Downloads\small boiteux 12_\Boit_1205_4_one.mp4;C:\Users\esthe\Downloads\small boiteux 12_\Boit_1205_5_five.mp4;C:\Users\esthe\Downloads\small boiteux 12_\Boit_1205_6_three.mp4;C:\Users\esthe\Downloads\small boiteux 12_\Boit_1205_7_one.mp4;C:\Users\esthe\Downloads\small boiteux 12_\Boit_1205_8_five.mp4;C:\Users\esthe\Downloads\small boiteux 12_\Boit_1205_9_seven.mp4,0.0,33.361;14.067;14.331;21.564;6.399;8.664;23.761;18.197;19.200;7.900;7.064;10.199;28.898,30.000;30.000;30.000;30.000;30.000;30.000;30.000;30.000;30.000;30.000;30.000;30.000;30.000,Boiteux,jaw movement,,,POINT,146.574,C:\Users\esthe\Downloads\small boiteux 12_\Boit_1205_5_five.mp4,187,NA,
boit_1205,2025-06-05 16:05:44.780,,209.095,Media file(s),player #1:C:\Users\esthe\Downloads\small boiteux 12_\Boi_1205_1_seven.mp4;C:\Users\esthe\Downloads\small boiteux 12_\Boit_1205_10_three.mp4;C:\Users\esthe\Downloads\small boiteux 12_\Boit_1205_11_five.mp4;C:\Users\esthe\Downloads\small boiteux 12_\Boit_1205_12_control.mp4;C:\Users\esthe\Downloads\small boiteux 12_\Boit_1205_13_control.mp4;C:\Users\esthe\Downloads\small boiteux 12_\Boit_1205_2_three.mp4;C:\Users\esthe\Downloads\small boiteux 12_\Boit_1205_3_five.mp4;C:\Users\esthe\Downloads\small boiteux 12_\Boit_1205_4_one.mp4;C:\Users\esthe\Downloads\small boiteux 12_\Boit_1205_5_five.mp4;C:\Users\esthe\Downloads\small boiteux 12_\Boit_1205_6_three.mp4;C:\Users\esthe\Downloads\small boiteux 12_\Boit_1205_7_one.mp4;C:\Users\esthe\Downloads\small boiteux 12_\Boit_1205_8_five.mp4;C:\Users\esthe\Downloads\small boiteux 12_\Boit_1205_9_seven.mp4,0.0,33.361;14.067;14.331;21.564;6.399;8.664;23.761;18.197;19.200;7.900;7.064;10.199;28.898,30.000;30.000;30.000;30.000;30.000;30.000;30.000;30.000;30.000;30.000;30.000;30.000;30.000,Boiteux,jaw movement,,,POINT,146.674,C:\Users\esthe\Downloads\small boiteux 12_\Boit_1205_5_five.mp4,190,NA,
boit_1205,2025-06-05 16:05:44.780,,209.095,Media file(s),player #1:C:\Users\esthe\Downloads\small boiteux 12_\Boi_1205_1_seven.mp4;C:\Users\esthe\Downloads\small boiteux 12_\Boit_1205_10_three.mp4;C:\Users\esthe\Downloads\small boiteux 12_\Boit_1205_11_five.mp4;C:\Users\esthe\Downloads\small boiteux 12_\Boit_1205_12_control.mp4;C:\Users\esthe\Downloads\small boiteux 12_\Boit_1205_13_control.mp4;C:\Users\esthe\Downloads\small boiteux 12_\Boit_1205_2_three.mp4;C:\Users\esthe\Downloads\small boiteux 12_\Boit_1205_3_five.mp4;C:\Users\esthe\Downloads\small boiteux 12_\Boit_1205_4_one.mp4;C:\Users\esthe\Downloads\small boiteux 12_\Boit_1205_5_five.mp4;C:\Users\esthe\Downloads\small boiteux 12_\Boit_1205_6_three.mp4;C:\Users\esthe\Downloads\small boiteux 12_\Boit_1205_7_one.mp4;C:\Users\esthe\Downloads\small boiteux 12_\Boit_1205_8_five.mp4;C:\Users\esthe\Downloads\small boiteux 12_\Boit_1205_9_seven.mp4,0.0,33.361;14.067;14.331;21.564;6.399;8.664;23.761;18.197;19.200;7.900;7.064;10.199;28.898,30.000;30.000;30.000;30.000;30.000;30.000;30.000;30.000;30.000;30.000;30.000;30.000;30.000,Boiteux,jaw movement,,,POINT,146.907,C:\Users\esthe\Downloads\small boiteux 12_\Boit_1205_5_five.mp4,197,NA,
boit_1205,2025-06-05 16:05:44.780,,209.095,Media file(s),player #1:C:\Users\esthe\Downloads\small boiteux 12_\Boi_1205_1_seven.mp4;C:\Users\esthe\Downloads\small boiteux 12_\Boit_1205_10_three.mp4;C:\Users\esthe\Downloads\small boiteux 12_\Boit_1205_11_five.mp4;C:\Users\esthe\Downloads\small boiteux 12_\Boit_1205_12_control.mp4;C:\Users\esthe\Downloads\small boiteux 12_\Boit_1205_13_control.mp4;C:\Users\esthe\Downloads\small boiteux 12_\Boit_1205_2_three.mp4;C:\Users\esthe\Downloads\small boiteux 12_\Boit_1205_3_five.mp4;C:\Users\esthe\Downloads\small boiteux 12_\Boit_1205_4_one.mp4;C:\Users\esthe\Downloads\small boiteux 12_\Boit_1205_5_five.mp4;C:\Users\esthe\Downloads\small boiteux 12_\Boit_1205_6_three.mp4;C:\Users\esthe\Downloads\small boiteux 12_\Boit_1205_7_one.mp4;C:\Users\esthe\Downloads\small boiteux 12_\Boit_1205_8_five.mp4;C:\Users\esthe\Downloads\small boiteux 12_\Boit_1205_9_seven.mp4,0.0,33.361;14.067;14.331;21.564;6.399;8.664;23.761;18.197;19.200;7.900;7.064;10.199;28.898,30.000;30.000;30.000;30.000;30.000;30.000;30.000;30.000;30.000;30.000;30.000;30.000;30.000,Boiteux,ear clapping,,,POINT,147.141,C:\Users\esthe\Downloads\small boiteux 12_\Boit_1205_5_five.mp4,204,NA,
boit_1205,2025-06-05 16:05:44.780,,209.095,Media file(s),player #1:C:\Users\esthe\Downloads\small boiteux 12_\Boi_1205_1_seven.mp4;C:\Users\esthe\Downloads\small boiteux 12_\Boit_1205_10_three.mp4;C:\Users\esthe\Downloads\small boiteux 12_\Boit_1205_11_five.mp4;C:\Users\esthe\Downloads\small boiteux 12_\Boit_1205_12_control.mp4;C:\Users\esthe\Downloads\small boiteux 12_\Boit_1205_13_control.mp4;C:\Users\esthe\Downloads\small boiteux 12_\Boit_1205_2_three.mp4;C:\Users\esthe\Downloads\small boiteux 12_\Boit_1205_3_five.mp4;C:\Users\esthe\Downloads\small boiteux 12_\Boit_1205_4_one.mp4;C:\Users\esthe\Downloads\small boiteux 12_\Boit_1205_5_five.mp4;C:\Users\esthe\Downloads\small boiteux 12_\Boit_1205_6_three.mp4;C:\Users\esthe\Downloads\small boiteux 12_\Boit_1205_7_one.mp4;C:\Users\esthe\Downloads\small boiteux 12_\Boit_1205_8_five.mp4;C:\Users\esthe\Downloads\small boiteux 12_\Boit_1205_9_seven.mp4,0.0,33.361;14.067;14.331;21.564;6.399;8.664;23.761;18.197;19.200;7.900;7.064;10.199;28.898,30.000;30.000;30.000;30.000;30.000;30.000;30.000;30.000;30.000;30.000;30.000;30.000;30.000,Boiteux,sniffing,,,POINT,147.207,C:\Users\esthe\Downloads\small boiteux 12_\Boit_1205_5_five.mp4,206,NA,
boit_1205,2025-06-05 16:05:44.780,,209.095,Media file(s),player #1:C:\Users\esthe\Downloads\small boiteux 12_\Boi_1205_1_seven.mp4;C:\Users\esthe\Downloads\small boiteux 12_\Boit_1205_10_three.mp4;C:\Users\esthe\Downloads\small boiteux 12_\Boit_1205_11_five.mp4;C:\Users\esthe\Downloads\small boiteux 12_\Boit_1205_12_control.mp4;C:\Users\esthe\Downloads\small boiteux 12_\Boit_1205_13_control.mp4;C:\Users\esthe\Downloads\small boiteux 12_\Boit_1205_2_three.mp4;C:\Users\esthe\Downloads\small boiteux 12_\Boit_1205_3_five.mp4;C:\Users\esthe\Downloads\small boiteux 12_\Boit_1205_4_one.mp4;C:\Users\esthe\Downloads\small boiteux 12_\Boit_1205_5_five.mp4;C:\Users\esthe\Downloads\small boiteux 12_\Boit_1205_6_three.mp4;C:\Users\esthe\Downloads\small boiteux 12_\Boit_1205_7_one.mp4;C:\Users\esthe\Downloads\small boiteux 12_\Boit_1205_8_five.mp4;C:\Users\esthe\Downloads\small boiteux 12_\Boit_1205_9_seven.mp4,0.0,33.361;14.067;14.331;21.564;6.399;8.664;23.761;18.197;19.200;7.900;7.064;10.199;28.898,30.000;30.000;30.000;30.000;30.000;30.000;30.000;30.000;30.000;30.000;30.000;30.000;30.000,Boiteux,jaw movement,,,POINT,147.607,C:\Users\esthe\Downloads\small boiteux 12_\Boit_1205_5_five.mp4,218,NA,
boit_1205,2025-06-05 16:05:44.780,,209.095,Media file(s),player #1:C:\Users\esthe\Downloads\small boiteux 12_\Boi_1205_1_seven.mp4;C:\Users\esthe\Downloads\small boiteux 12_\Boit_1205_10_three.mp4;C:\Users\esthe\Downloads\small boiteux 12_\Boit_1205_11_five.mp4;C:\Users\esthe\Downloads\small boiteux 12_\Boit_1205_12_control.mp4;C:\Users\esthe\Downloads\small boiteux 12_\Boit_1205_13_control.mp4;C:\Users\esthe\Downloads\small boiteux 12_\Boit_1205_2_three.mp4;C:\Users\esthe\Downloads\small boiteux 12_\Boit_1205_3_five.mp4;C:\Users\esthe\Downloads\small boiteux 12_\Boit_1205_4_one.mp4;C:\Users\esthe\Downloads\small boiteux 12_\Boit_1205_5_five.mp4;C:\Users\esthe\Downloads\small boiteux 12_\Boit_1205_6_three.mp4;C:\Users\esthe\Downloads\small boiteux 12_\Boit_1205_7_one.mp4;C:\Users\esthe\Downloads\small boiteux 12_\Boit_1205_8_five.mp4;C:\Users\esthe\Downloads\small boiteux 12_\Boit_1205_9_seven.mp4,0.0,33.361;14.067;14.331;21.564;6.399;8.664;23.761;18.197;19.200;7.900;7.064;10.199;28.898,30.000;30.000;30.000;30.000;30.000;30.000;30.000;30.000;30.000;30.000;30.000;30.000;30.000,Boiteux,jaw movement,,,POINT,147.774,C:\Users\esthe\Downloads\small boiteux 12_\Boit_1205_5_five.mp4,223,NA,
boit_1205,2025-06-05 16:05:44.780,,209.095,Media file(s),player #1:C:\Users\esthe\Downloads\small boiteux 12_\Boi_1205_1_seven.mp4;C:\Users\esthe\Downloads\small boiteux 12_\Boit_1205_10_three.mp4;C:\Users\esthe\Downloads\small boiteux 12_\Boit_1205_11_five.mp4;C:\Users\esthe\Downloads\small boiteux 12_\Boit_1205_12_control.mp4;C:\Users\esthe\Downloads\small boiteux 12_\Boit_1205_13_control.mp4;C:\Users\esthe\Downloads\small boiteux 12_\Boit_1205_2_three.mp4;C:\Users\esthe\Downloads\small boiteux 12_\Boit_1205_3_five.mp4;C:\Users\esthe\Downloads\small boiteux 12_\Boit_1205_4_one.mp4;C:\Users\esthe\Downloads\small boiteux 12_\Boit_1205_5_five.mp4;C:\Users\esthe\Downloads\small boiteux 12_\Boit_1205_6_three.mp4;C:\Users\esthe\Downloads\small boiteux 12_\Boit_1205_7_one.mp4;C:\Users\esthe\Downloads\small boiteux 12_\Boit_1205_8_five.mp4;C:\Users\esthe\Downloads\small boiteux 12_\Boit_1205_9_seven.mp4,0.0,33.361;14.067;14.331;21.564;6.399;8.664;23.761;18.197;19.200;7.900;7.064;10.199;28.898,30.000;30.000;30.000;30.000;30.000;30.000;30.000;30.000;30.000;30.000;30.000;30.000;30.000,Boiteux,licking,,,POINT,148.074,C:\Users\esthe\Downloads\small boiteux 12_\Boit_1205_5_five.mp4,232,NA,
boit_1205,2025-06-05 16:05:44.780,,209.095,Media file(s),player #1:C:\Users\esthe\Downloads\small boiteux 12_\Boi_1205_1_seven.mp4;C:\Users\esthe\Downloads\small boiteux 12_\Boit_1205_10_three.mp4;C:\Users\esthe\Downloads\small boiteux 12_\Boit_1205_11_five.mp4;C:\Users\esthe\Downloads\small boiteux 12_\Boit_1205_12_control.mp4;C:\Users\esthe\Downloads\small boiteux 12_\Boit_1205_13_control.mp4;C:\Users\esthe\Downloads\small boiteux 12_\Boit_1205_2_three.mp4;C:\Users\esthe\Downloads\small boiteux 12_\Boit_1205_3_five.mp4;C:\Users\esthe\Downloads\small boiteux 12_\Boit_1205_4_one.mp4;C:\Users\esthe\Downloads\small boiteux 12_\Boit_1205_5_five.mp4;C:\Users\esthe\Downloads\small boiteux 12_\Boit_1205_6_three.mp4;C:\Users\esthe\Downloads\small boiteux 12_\Boit_1205_7_one.mp4;C:\Users\esthe\Downloads\small boiteux 12_\Boit_1205_8_five.mp4;C:\Users\esthe\Downloads\small boiteux 12_\Boit_1205_9_seven.mp4,0.0,33.361;14.067;14.331;21.564;6.399;8.664;23.761;18.197;19.200;7.900;7.064;10.199;28.898,30.000;30.000;30.000;30.000;30.000;30.000;30.000;30.000;30.000;30.000;30.000;30.000;30.000,Boiteux,sniffing,,,POINT,148.307,C:\Users\esthe\Downloads\small boiteux 12_\Boit_1205_5_five.mp4,239,NA,
boit_1205,2025-06-05 16:05:44.780,,209.095,Media file(s),player #1:C:\Users\esthe\Downloads\small boiteux 12_\Boi_1205_1_seven.mp4;C:\Users\esthe\Downloads\small boiteux 12_\Boit_1205_10_three.mp4;C:\Users\esthe\Downloads\small boiteux 12_\Boit_1205_11_five.mp4;C:\Users\esthe\Downloads\small boiteux 12_\Boit_1205_12_control.mp4;C:\Users\esthe\Downloads\small boiteux 12_\Boit_1205_13_control.mp4;C:\Users\esthe\Downloads\small boiteux 12_\Boit_1205_2_three.mp4;C:\Users\esthe\Downloads\small boiteux 12_\Boit_1205_3_five.mp4;C:\Users\esthe\Downloads\small boiteux 12_\Boit_1205_4_one.mp4;C:\Users\esthe\Downloads\small boiteux 12_\Boit_1205_5_five.mp4;C:\Users\esthe\Downloads\small boiteux 12_\Boit_1205_6_three.mp4;C:\Users\esthe\Downloads\small boiteux 12_\Boit_1205_7_one.mp4;C:\Users\esthe\Downloads\small boiteux 12_\Boit_1205_8_five.mp4;C:\Users\esthe\Downloads\small boiteux 12_\Boit_1205_9_seven.mp4,0.0,33.361;14.067;14.331;21.564;6.399;8.664;23.761;18.197;19.200;7.900;7.064;10.199;28.898,30.000;30.000;30.000;30.000;30.000;30.000;30.000;30.000;30.000;30.000;30.000;30.000;30.000,Boiteux,ear clapping,,,POINT,148.607,C:\Users\esthe\Downloads\small boiteux 12_\Boit_1205_5_five.mp4,248,NA,
boit_1205,2025-06-05 16:05:44.780,,209.095,Media file(s),player #1:C:\Users\esthe\Downloads\small boiteux 12_\Boi_1205_1_seven.mp4;C:\Users\esthe\Downloads\small boiteux 12_\Boit_1205_10_three.mp4;C:\Users\esthe\Downloads\small boiteux 12_\Boit_1205_11_five.mp4;C:\Users\esthe\Downloads\small boiteux 12_\Boit_1205_12_control.mp4;C:\Users\esthe\Downloads\small boiteux 12_\Boit_1205_13_control.mp4;C:\Users\esthe\Downloads\small boiteux 12_\Boit_1205_2_three.mp4;C:\Users\esthe\Downloads\small boiteux 12_\Boit_1205_3_five.mp4;C:\Users\esthe\Downloads\small boiteux 12_\Boit_1205_4_one.mp4;C:\Users\esthe\Downloads\small boiteux 12_\Boit_1205_5_five.mp4;C:\Users\esthe\Downloads\small boiteux 12_\Boit_1205_6_three.mp4;C:\Users\esthe\Downloads\small boiteux 12_\Boit_1205_7_one.mp4;C:\Users\esthe\Downloads\small boiteux 12_\Boit_1205_8_five.mp4;C:\Users\esthe\Downloads\small boiteux 12_\Boit_1205_9_seven.mp4,0.0,33.361;14.067;14.331;21.564;6.399;8.664;23.761;18.197;19.200;7.900;7.064;10.199;28.898,30.000;30.000;30.000;30.000;30.000;30.000;30.000;30.000;30.000;30.000;30.000;30.000;30.000,Boiteux,jaw movement,,,POINT,148.707,C:\Users\esthe\Downloads\small boiteux 12_\Boit_1205_5_five.mp4,251,NA,
boit_1205,2025-06-05 16:05:44.780,,209.095,Media file(s),player #1:C:\Users\esthe\Downloads\small boiteux 12_\Boi_1205_1_seven.mp4;C:\Users\esthe\Downloads\small boiteux 12_\Boit_1205_10_three.mp4;C:\Users\esthe\Downloads\small boiteux 12_\Boit_1205_11_five.mp4;C:\Users\esthe\Downloads\small boiteux 12_\Boit_1205_12_control.mp4;C:\Users\esthe\Downloads\small boiteux 12_\Boit_1205_13_control.mp4;C:\Users\esthe\Downloads\small boiteux 12_\Boit_1205_2_three.mp4;C:\Users\esthe\Downloads\small boiteux 12_\Boit_1205_3_five.mp4;C:\Users\esthe\Downloads\small boiteux 12_\Boit_1205_4_one.mp4;C:\Users\esthe\Downloads\small boiteux 12_\Boit_1205_5_five.mp4;C:\Users\esthe\Downloads\small boiteux 12_\Boit_1205_6_three.mp4;C:\Users\esthe\Downloads\small boiteux 12_\Boit_1205_7_one.mp4;C:\Users\esthe\Downloads\small boiteux 12_\Boit_1205_8_five.mp4;C:\Users\esthe\Downloads\small boiteux 12_\Boit_1205_9_seven.mp4,0.0,33.361;14.067;14.331;21.564;6.399;8.664;23.761;18.197;19.200;7.900;7.064;10.199;28.898,30.000;30.000;30.000;30.000;30.000;30.000;30.000;30.000;30.000;30.000;30.000;30.000;30.000,Boiteux,jaw movement,,,POINT,148.907,C:\Users\esthe\Downloads\small boiteux 12_\Boit_1205_5_five.mp4,257,NA,
boit_1205,2025-06-05 16:05:44.780,,209.095,Media file(s),player #1:C:\Users\esthe\Downloads\small boiteux 12_\Boi_1205_1_seven.mp4;C:\Users\esthe\Downloads\small boiteux 12_\Boit_1205_10_three.mp4;C:\Users\esthe\Downloads\small boiteux 12_\Boit_1205_11_five.mp4;C:\Users\esthe\Downloads\small boiteux 12_\Boit_1205_12_control.mp4;C:\Users\esthe\Downloads\small boiteux 12_\Boit_1205_13_control.mp4;C:\Users\esthe\Downloads\small boiteux 12_\Boit_1205_2_three.mp4;C:\Users\esthe\Downloads\small boiteux 12_\Boit_1205_3_five.mp4;C:\Users\esthe\Downloads\small boiteux 12_\Boit_1205_4_one.mp4;C:\Users\esthe\Downloads\small boiteux 12_\Boit_1205_5_five.mp4;C:\Users\esthe\Downloads\small boiteux 12_\Boit_1205_6_three.mp4;C:\Users\esthe\Downloads\small boiteux 12_\Boit_1205_7_one.mp4;C:\Users\esthe\Downloads\small boiteux 12_\Boit_1205_8_five.mp4;C:\Users\esthe\Downloads\small boiteux 12_\Boit_1205_9_seven.mp4,0.0,33.361;14.067;14.331;21.564;6.399;8.664;23.761;18.197;19.200;7.900;7.064;10.199;28.898,30.000;30.000;30.000;30.000;30.000;30.000;30.000;30.000;30.000;30.000;30.000;30.000;30.000,Boiteux,ear clapping,,,POINT,149.041,C:\Users\esthe\Downloads\small boiteux 12_\Boit_1205_5_five.mp4,261,NA,
boit_1205,2025-06-05 16:05:44.780,,209.095,Media file(s),player #1:C:\Users\esthe\Downloads\small boiteux 12_\Boi_1205_1_seven.mp4;C:\Users\esthe\Downloads\small boiteux 12_\Boit_1205_10_three.mp4;C:\Users\esthe\Downloads\small boiteux 12_\Boit_1205_11_five.mp4;C:\Users\esthe\Downloads\small boiteux 12_\Boit_1205_12_control.mp4;C:\Users\esthe\Downloads\small boiteux 12_\Boit_1205_13_control.mp4;C:\Users\esthe\Downloads\small boiteux 12_\Boit_1205_2_three.mp4;C:\Users\esthe\Downloads\small boiteux 12_\Boit_1205_3_five.mp4;C:\Users\esthe\Downloads\small boiteux 12_\Boit_1205_4_one.mp4;C:\Users\esthe\Downloads\small boiteux 12_\Boit_1205_5_five.mp4;C:\Users\esthe\Downloads\small boiteux 12_\Boit_1205_6_three.mp4;C:\Users\esthe\Downloads\small boiteux 12_\Boit_1205_7_one.mp4;C:\Users\esthe\Downloads\small boiteux 12_\Boit_1205_8_five.mp4;C:\Users\esthe\Downloads\small boiteux 12_\Boit_1205_9_seven.mp4,0.0,33.361;14.067;14.331;21.564;6.399;8.664;23.761;18.197;19.200;7.900;7.064;10.199;28.898,30.000;30.000;30.000;30.000;30.000;30.000;30.000;30.000;30.000;30.000;30.000;30.000;30.000,Boiteux,jaw movement,,,POINT,149.107,C:\Users\esthe\Downloads\small boiteux 12_\Boit_1205_5_five.mp4,263,NA,
boit_1205,2025-06-05 16:05:44.780,,209.095,Media file(s),player #1:C:\Users\esthe\Downloads\small boiteux 12_\Boi_1205_1_seven.mp4;C:\Users\esthe\Downloads\small boiteux 12_\Boit_1205_10_three.mp4;C:\Users\esthe\Downloads\small boiteux 12_\Boit_1205_11_five.mp4;C:\Users\esthe\Downloads\small boiteux 12_\Boit_1205_12_control.mp4;C:\Users\esthe\Downloads\small boiteux 12_\Boit_1205_13_control.mp4;C:\Users\esthe\Downloads\small boiteux 12_\Boit_1205_2_three.mp4;C:\Users\esthe\Downloads\small boiteux 12_\Boit_1205_3_five.mp4;C:\Users\esthe\Downloads\small boiteux 12_\Boit_1205_4_one.mp4;C:\Users\esthe\Downloads\small boiteux 12_\Boit_1205_5_five.mp4;C:\Users\esthe\Downloads\small boiteux 12_\Boit_1205_6_three.mp4;C:\Users\esthe\Downloads\small boiteux 12_\Boit_1205_7_one.mp4;C:\Users\esthe\Downloads\small boiteux 12_\Boit_1205_8_five.mp4;C:\Users\esthe\Downloads\small boiteux 12_\Boit_1205_9_seven.mp4,0.0,33.361;14.067;14.331;21.564;6.399;8.664;23.761;18.197;19.200;7.900;7.064;10.199;28.898,30.000;30.000;30.000;30.000;30.000;30.000;30.000;30.000;30.000;30.000;30.000;30.000;30.000,Boiteux,jaw movement,,,POINT,149.341,C:\Users\esthe\Downloads\small boiteux 12_\Boit_1205_5_five.mp4,270,NA,
boit_1205,2025-06-05 16:05:44.780,,209.095,Media file(s),player #1:C:\Users\esthe\Downloads\small boiteux 12_\Boi_1205_1_seven.mp4;C:\Users\esthe\Downloads\small boiteux 12_\Boit_1205_10_three.mp4;C:\Users\esthe\Downloads\small boiteux 12_\Boit_1205_11_five.mp4;C:\Users\esthe\Downloads\small boiteux 12_\Boit_1205_12_control.mp4;C:\Users\esthe\Downloads\small boiteux 12_\Boit_1205_13_control.mp4;C:\Users\esthe\Downloads\small boiteux 12_\Boit_1205_2_three.mp4;C:\Users\esthe\Downloads\small boiteux 12_\Boit_1205_3_five.mp4;C:\Users\esthe\Downloads\small boiteux 12_\Boit_1205_4_one.mp4;C:\Users\esthe\Downloads\small boiteux 12_\Boit_1205_5_five.mp4;C:\Users\esthe\Downloads\small boiteux 12_\Boit_1205_6_three.mp4;C:\Users\esthe\Downloads\small boiteux 12_\Boit_1205_7_one.mp4;C:\Users\esthe\Downloads\small boiteux 12_\Boit_1205_8_five.mp4;C:\Users\esthe\Downloads\small boiteux 12_\Boit_1205_9_seven.mp4,0.0,33.361;14.067;14.331;21.564;6.399;8.664;23.761;18.197;19.200;7.900;7.064;10.199;28.898,30.000;30.000;30.000;30.000;30.000;30.000;30.000;30.000;30.000;30.000;30.000;30.000;30.000,Boiteux,ear clapping,,,POINT,149.474,C:\Users\esthe\Downloads\small boiteux 12_\Boit_1205_5_five.mp4,274,NA,
boit_1205,2025-06-05 16:05:44.780,,209.095,Media file(s),player #1:C:\Users\esthe\Downloads\small boiteux 12_\Boi_1205_1_seven.mp4;C:\Users\esthe\Downloads\small boiteux 12_\Boit_1205_10_three.mp4;C:\Users\esthe\Downloads\small boiteux 12_\Boit_1205_11_five.mp4;C:\Users\esthe\Downloads\small boiteux 12_\Boit_1205_12_control.mp4;C:\Users\esthe\Downloads\small boiteux 12_\Boit_1205_13_control.mp4;C:\Users\esthe\Downloads\small boiteux 12_\Boit_1205_2_three.mp4;C:\Users\esthe\Downloads\small boiteux 12_\Boit_1205_3_five.mp4;C:\Users\esthe\Downloads\small boiteux 12_\Boit_1205_4_one.mp4;C:\Users\esthe\Downloads\small boiteux 12_\Boit_1205_5_five.mp4;C:\Users\esthe\Downloads\small boiteux 12_\Boit_1205_6_three.mp4;C:\Users\esthe\Downloads\small boiteux 12_\Boit_1205_7_one.mp4;C:\Users\esthe\Downloads\small boiteux 12_\Boit_1205_8_five.mp4;C:\Users\esthe\Downloads\small boiteux 12_\Boit_1205_9_seven.mp4,0.0,33.361;14.067;14.331;21.564;6.399;8.664;23.761;18.197;19.200;7.900;7.064;10.199;28.898,30.000;30.000;30.000;30.000;30.000;30.000;30.000;30.000;30.000;30.000;30.000;30.000;30.000,Boiteux,jaw movement,,,POINT,149.774,C:\Users\esthe\Downloads\small boiteux 12_\Boit_1205_5_five.mp4,283,NA,
boit_1205,2025-06-05 16:05:44.780,,209.095,Media file(s),player #1:C:\Users\esthe\Downloads\small boiteux 12_\Boi_1205_1_seven.mp4;C:\Users\esthe\Downloads\small boiteux 12_\Boit_1205_10_three.mp4;C:\Users\esthe\Downloads\small boiteux 12_\Boit_1205_11_five.mp4;C:\Users\esthe\Downloads\small boiteux 12_\Boit_1205_12_control.mp4;C:\Users\esthe\Downloads\small boiteux 12_\Boit_1205_13_control.mp4;C:\Users\esthe\Downloads\small boiteux 12_\Boit_1205_2_three.mp4;C:\Users\esthe\Downloads\small boiteux 12_\Boit_1205_3_five.mp4;C:\Users\esthe\Downloads\small boiteux 12_\Boit_1205_4_one.mp4;C:\Users\esthe\Downloads\small boiteux 12_\Boit_1205_5_five.mp4;C:\Users\esthe\Downloads\small boiteux 12_\Boit_1205_6_three.mp4;C:\Users\esthe\Downloads\small boiteux 12_\Boit_1205_7_one.mp4;C:\Users\esthe\Downloads\small boiteux 12_\Boit_1205_8_five.mp4;C:\Users\esthe\Downloads\small boiteux 12_\Boit_1205_9_seven.mp4,0.0,33.361;14.067;14.331;21.564;6.399;8.664;23.761;18.197;19.200;7.900;7.064;10.199;28.898,30.000;30.000;30.000;30.000;30.000;30.000;30.000;30.000;30.000;30.000;30.000;30.000;30.000,Boiteux,ear clapping,,,POINT,149.808,C:\Users\esthe\Downloads\small boiteux 12_\Boit_1205_5_five.mp4,284,NA,
boit_1205,2025-06-05 16:05:44.780,,209.095,Media file(s),player #1:C:\Users\esthe\Downloads\small boiteux 12_\Boi_1205_1_seven.mp4;C:\Users\esthe\Downloads\small boiteux 12_\Boit_1205_10_three.mp4;C:\Users\esthe\Downloads\small boiteux 12_\Boit_1205_11_five.mp4;C:\Users\esthe\Downloads\small boiteux 12_\Boit_1205_12_control.mp4;C:\Users\esthe\Downloads\small boiteux 12_\Boit_1205_13_control.mp4;C:\Users\esthe\Downloads\small boiteux 12_\Boit_1205_2_three.mp4;C:\Users\esthe\Downloads\small boiteux 12_\Boit_1205_3_five.mp4;C:\Users\esthe\Downloads\small boiteux 12_\Boit_1205_4_one.mp4;C:\Users\esthe\Downloads\small boiteux 12_\Boit_1205_5_five.mp4;C:\Users\esthe\Downloads\small boiteux 12_\Boit_1205_6_three.mp4;C:\Users\esthe\Downloads\small boiteux 12_\Boit_1205_7_one.mp4;C:\Users\esthe\Downloads\small boiteux 12_\Boit_1205_8_five.mp4;C:\Users\esthe\Downloads\small boiteux 12_\Boit_1205_9_seven.mp4,0.0,33.361;14.067;14.331;21.564;6.399;8.664;23.761;18.197;19.200;7.900;7.064;10.199;28.898,30.000;30.000;30.000;30.000;30.000;30.000;30.000;30.000;30.000;30.000;30.000;30.000;30.000,Boiteux,ear clapping,,,POINT,149.874,C:\Users\esthe\Downloads\small boiteux 12_\Boit_1205_5_five.mp4,286,NA,
boit_1205,2025-06-05 16:05:44.780,,209.095,Media file(s),player #1:C:\Users\esthe\Downloads\small boiteux 12_\Boi_1205_1_seven.mp4;C:\Users\esthe\Downloads\small boiteux 12_\Boit_1205_10_three.mp4;C:\Users\esthe\Downloads\small boiteux 12_\Boit_1205_11_five.mp4;C:\Users\esthe\Downloads\small boiteux 12_\Boit_1205_12_control.mp4;C:\Users\esthe\Downloads\small boiteux 12_\Boit_1205_13_control.mp4;C:\Users\esthe\Downloads\small boiteux 12_\Boit_1205_2_three.mp4;C:\Users\esthe\Downloads\small boiteux 12_\Boit_1205_3_five.mp4;C:\Users\esthe\Downloads\small boiteux 12_\Boit_1205_4_one.mp4;C:\Users\esthe\Downloads\small boiteux 12_\Boit_1205_5_five.mp4;C:\Users\esthe\Downloads\small boiteux 12_\Boit_1205_6_three.mp4;C:\Users\esthe\Downloads\small boiteux 12_\Boit_1205_7_one.mp4;C:\Users\esthe\Downloads\small boiteux 12_\Boit_1205_8_five.mp4;C:\Users\esthe\Downloads\small boiteux 12_\Boit_1205_9_seven.mp4,0.0,33.361;14.067;14.331;21.564;6.399;8.664;23.761;18.197;19.200;7.900;7.064;10.199;28.898,30.000;30.000;30.000;30.000;30.000;30.000;30.000;30.000;30.000;30.000;30.000;30.000;30.000,Boiteux,ear clapping,,,POINT,150.141,C:\Users\esthe\Downloads\small boiteux 12_\Boit_1205_5_five.mp4,294,NA,
boit_1205,2025-06-05 16:05:44.780,,209.095,Media file(s),player #1:C:\Users\esthe\Downloads\small boiteux 12_\Boi_1205_1_seven.mp4;C:\Users\esthe\Downloads\small boiteux 12_\Boit_1205_10_three.mp4;C:\Users\esthe\Downloads\small boiteux 12_\Boit_1205_11_five.mp4;C:\Users\esthe\Downloads\small boiteux 12_\Boit_1205_12_control.mp4;C:\Users\esthe\Downloads\small boiteux 12_\Boit_1205_13_control.mp4;C:\Users\esthe\Downloads\small boiteux 12_\Boit_1205_2_three.mp4;C:\Users\esthe\Downloads\small boiteux 12_\Boit_1205_3_five.mp4;C:\Users\esthe\Downloads\small boiteux 12_\Boit_1205_4_one.mp4;C:\Users\esthe\Downloads\small boiteux 12_\Boit_1205_5_five.mp4;C:\Users\esthe\Downloads\small boiteux 12_\Boit_1205_6_three.mp4;C:\Users\esthe\Downloads\small boiteux 12_\Boit_1205_7_one.mp4;C:\Users\esthe\Downloads\small boiteux 12_\Boit_1205_8_five.mp4;C:\Users\esthe\Downloads\small boiteux 12_\Boit_1205_9_seven.mp4,0.0,33.361;14.067;14.331;21.564;6.399;8.664;23.761;18.197;19.200;7.900;7.064;10.199;28.898,30.000;30.000;30.000;30.000;30.000;30.000;30.000;30.000;30.000;30.000;30.000;30.000;30.000,Boiteux,jaw movement,,,POINT,150.441,C:\Users\esthe\Downloads\small boiteux 12_\Boit_1205_5_five.mp4,303,NA,
boit_1205,2025-06-05 16:05:44.780,,209.095,Media file(s),player #1:C:\Users\esthe\Downloads\small boiteux 12_\Boi_1205_1_seven.mp4;C:\Users\esthe\Downloads\small boiteux 12_\Boit_1205_10_three.mp4;C:\Users\esthe\Downloads\small boiteux 12_\Boit_1205_11_five.mp4;C:\Users\esthe\Downloads\small boiteux 12_\Boit_1205_12_control.mp4;C:\Users\esthe\Downloads\small boiteux 12_\Boit_1205_13_control.mp4;C:\Users\esthe\Downloads\small boiteux 12_\Boit_1205_2_three.mp4;C:\Users\esthe\Downloads\small boiteux 12_\Boit_1205_3_five.mp4;C:\Users\esthe\Downloads\small boiteux 12_\Boit_1205_4_one.mp4;C:\Users\esthe\Downloads\small boiteux 12_\Boit_1205_5_five.mp4;C:\Users\esthe\Downloads\small boiteux 12_\Boit_1205_6_three.mp4;C:\Users\esthe\Downloads\small boiteux 12_\Boit_1205_7_one.mp4;C:\Users\esthe\Downloads\small boiteux 12_\Boit_1205_8_five.mp4;C:\Users\esthe\Downloads\small boiteux 12_\Boit_1205_9_seven.mp4,0.0,33.361;14.067;14.331;21.564;6.399;8.664;23.761;18.197;19.200;7.900;7.064;10.199;28.898,30.000;30.000;30.000;30.000;30.000;30.000;30.000;30.000;30.000;30.000;30.000;30.000;30.000,Boiteux,jaw movement,,,POINT,150.674,C:\Users\esthe\Downloads\small boiteux 12_\Boit_1205_5_five.mp4,310,NA,
boit_1205,2025-06-05 16:05:44.780,,209.095,Media file(s),player #1:C:\Users\esthe\Downloads\small boiteux 12_\Boi_1205_1_seven.mp4;C:\Users\esthe\Downloads\small boiteux 12_\Boit_1205_10_three.mp4;C:\Users\esthe\Downloads\small boiteux 12_\Boit_1205_11_five.mp4;C:\Users\esthe\Downloads\small boiteux 12_\Boit_1205_12_control.mp4;C:\Users\esthe\Downloads\small boiteux 12_\Boit_1205_13_control.mp4;C:\Users\esthe\Downloads\small boiteux 12_\Boit_1205_2_three.mp4;C:\Users\esthe\Downloads\small boiteux 12_\Boit_1205_3_five.mp4;C:\Users\esthe\Downloads\small boiteux 12_\Boit_1205_4_one.mp4;C:\Users\esthe\Downloads\small boiteux 12_\Boit_1205_5_five.mp4;C:\Users\esthe\Downloads\small boiteux 12_\Boit_1205_6_three.mp4;C:\Users\esthe\Downloads\small boiteux 12_\Boit_1205_7_one.mp4;C:\Users\esthe\Downloads\small boiteux 12_\Boit_1205_8_five.mp4;C:\Users\esthe\Downloads\small boiteux 12_\Boit_1205_9_seven.mp4,0.0,33.361;14.067;14.331;21.564;6.399;8.664;23.761;18.197;19.200;7.900;7.064;10.199;28.898,30.000;30.000;30.000;30.000;30.000;30.000;30.000;30.000;30.000;30.000;30.000;30.000;30.000,Boiteux,jaw movement,,,POINT,150.774,C:\Users\esthe\Downloads\small boiteux 12_\Boit_1205_5_five.mp4,313,NA,
boit_1205,2025-06-05 16:05:44.780,,209.095,Media file(s),player #1:C:\Users\esthe\Downloads\small boiteux 12_\Boi_1205_1_seven.mp4;C:\Users\esthe\Downloads\small boiteux 12_\Boit_1205_10_three.mp4;C:\Users\esthe\Downloads\small boiteux 12_\Boit_1205_11_five.mp4;C:\Users\esthe\Downloads\small boiteux 12_\Boit_1205_12_control.mp4;C:\Users\esthe\Downloads\small boiteux 12_\Boit_1205_13_control.mp4;C:\Users\esthe\Downloads\small boiteux 12_\Boit_1205_2_three.mp4;C:\Users\esthe\Downloads\small boiteux 12_\Boit_1205_3_five.mp4;C:\Users\esthe\Downloads\small boiteux 12_\Boit_1205_4_one.mp4;C:\Users\esthe\Downloads\small boiteux 12_\Boit_1205_5_five.mp4;C:\Users\esthe\Downloads\small boiteux 12_\Boit_1205_6_three.mp4;C:\Users\esthe\Downloads\small boiteux 12_\Boit_1205_7_one.mp4;C:\Users\esthe\Downloads\small boiteux 12_\Boit_1205_8_five.mp4;C:\Users\esthe\Downloads\small boiteux 12_\Boit_1205_9_seven.mp4,0.0,33.361;14.067;14.331;21.564;6.399;8.664;23.761;18.197;19.200;7.900;7.064;10.199;28.898,30.000;30.000;30.000;30.000;30.000;30.000;30.000;30.000;30.000;30.000;30.000;30.000;30.000,Boiteux,translational movement,,,POINT,150.874,C:\Users\esthe\Downloads\small boiteux 12_\Boit_1205_5_five.mp4,316,NA,
boit_1205,2025-06-05 16:05:44.780,,209.095,Media file(s),player #1:C:\Users\esthe\Downloads\small boiteux 12_\Boi_1205_1_seven.mp4;C:\Users\esthe\Downloads\small boiteux 12_\Boit_1205_10_three.mp4;C:\Users\esthe\Downloads\small boiteux 12_\Boit_1205_11_five.mp4;C:\Users\esthe\Downloads\small boiteux 12_\Boit_1205_12_control.mp4;C:\Users\esthe\Downloads\small boiteux 12_\Boit_1205_13_control.mp4;C:\Users\esthe\Downloads\small boiteux 12_\Boit_1205_2_three.mp4;C:\Users\esthe\Downloads\small boiteux 12_\Boit_1205_3_five.mp4;C:\Users\esthe\Downloads\small boiteux 12_\Boit_1205_4_one.mp4;C:\Users\esthe\Downloads\small boiteux 12_\Boit_1205_5_five.mp4;C:\Users\esthe\Downloads\small boiteux 12_\Boit_1205_6_three.mp4;C:\Users\esthe\Downloads\small boiteux 12_\Boit_1205_7_one.mp4;C:\Users\esthe\Downloads\small boiteux 12_\Boit_1205_8_five.mp4;C:\Users\esthe\Downloads\small boiteux 12_\Boit_1205_9_seven.mp4,0.0,33.361;14.067;14.331;21.564;6.399;8.664;23.761;18.197;19.200;7.900;7.064;10.199;28.898,30.000;30.000;30.000;30.000;30.000;30.000;30.000;30.000;30.000;30.000;30.000;30.000;30.000,Boiteux,jaw movement,,,POINT,151.041,C:\Users\esthe\Downloads\small boiteux 12_\Boit_1205_5_five.mp4,321,NA,
boit_1205,2025-06-05 16:05:44.780,,209.095,Media file(s),player #1:C:\Users\esthe\Downloads\small boiteux 12_\Boi_1205_1_seven.mp4;C:\Users\esthe\Downloads\small boiteux 12_\Boit_1205_10_three.mp4;C:\Users\esthe\Downloads\small boiteux 12_\Boit_1205_11_five.mp4;C:\Users\esthe\Downloads\small boiteux 12_\Boit_1205_12_control.mp4;C:\Users\esthe\Downloads\small boiteux 12_\Boit_1205_13_control.mp4;C:\Users\esthe\Downloads\small boiteux 12_\Boit_1205_2_three.mp4;C:\Users\esthe\Downloads\small boiteux 12_\Boit_1205_3_five.mp4;C:\Users\esthe\Downloads\small boiteux 12_\Boit_1205_4_one.mp4;C:\Users\esthe\Downloads\small boiteux 12_\Boit_1205_5_five.mp4;C:\Users\esthe\Downloads\small boiteux 12_\Boit_1205_6_three.mp4;C:\Users\esthe\Downloads\small boiteux 12_\Boit_1205_7_one.mp4;C:\Users\esthe\Downloads\small boiteux 12_\Boit_1205_8_five.mp4;C:\Users\esthe\Downloads\small boiteux 12_\Boit_1205_9_seven.mp4,0.0,33.361;14.067;14.331;21.564;6.399;8.664;23.761;18.197;19.200;7.900;7.064;10.199;28.898,30.000;30.000;30.000;30.000;30.000;30.000;30.000;30.000;30.000;30.000;30.000;30.000;30.000,Boiteux,sniffing,,,POINT,151.308,C:\Users\esthe\Downloads\small boiteux 12_\Boit_1205_5_five.mp4,329,NA,
boit_1205,2025-06-05 16:05:44.780,,209.095,Media file(s),player #1:C:\Users\esthe\Downloads\small boiteux 12_\Boi_1205_1_seven.mp4;C:\Users\esthe\Downloads\small boiteux 12_\Boit_1205_10_three.mp4;C:\Users\esthe\Downloads\small boiteux 12_\Boit_1205_11_five.mp4;C:\Users\esthe\Downloads\small boiteux 12_\Boit_1205_12_control.mp4;C:\Users\esthe\Downloads\small boiteux 12_\Boit_1205_13_control.mp4;C:\Users\esthe\Downloads\small boiteux 12_\Boit_1205_2_three.mp4;C:\Users\esthe\Downloads\small boiteux 12_\Boit_1205_3_five.mp4;C:\Users\esthe\Downloads\small boiteux 12_\Boit_1205_4_one.mp4;C:\Users\esthe\Downloads\small boiteux 12_\Boit_1205_5_five.mp4;C:\Users\esthe\Downloads\small boiteux 12_\Boit_1205_6_three.mp4;C:\Users\esthe\Downloads\small boiteux 12_\Boit_1205_7_one.mp4;C:\Users\esthe\Downloads\small boiteux 12_\Boit_1205_8_five.mp4;C:\Users\esthe\Downloads\small boiteux 12_\Boit_1205_9_seven.mp4,0.0,33.361;14.067;14.331;21.564;6.399;8.664;23.761;18.197;19.200;7.900;7.064;10.199;28.898,30.000;30.000;30.000;30.000;30.000;30.000;30.000;30.000;30.000;30.000;30.000;30.000;30.000,Boiteux,licking,,,POINT,151.508,C:\Users\esthe\Downloads\small boiteux 12_\Boit_1205_5_five.mp4,335,NA,
boit_1205,2025-06-05 16:05:44.780,,209.095,Media file(s),player #1:C:\Users\esthe\Downloads\small boiteux 12_\Boi_1205_1_seven.mp4;C:\Users\esthe\Downloads\small boiteux 12_\Boit_1205_10_three.mp4;C:\Users\esthe\Downloads\small boiteux 12_\Boit_1205_11_five.mp4;C:\Users\esthe\Downloads\small boiteux 12_\Boit_1205_12_control.mp4;C:\Users\esthe\Downloads\small boiteux 12_\Boit_1205_13_control.mp4;C:\Users\esthe\Downloads\small boiteux 12_\Boit_1205_2_three.mp4;C:\Users\esthe\Downloads\small boiteux 12_\Boit_1205_3_five.mp4;C:\Users\esthe\Downloads\small boiteux 12_\Boit_1205_4_one.mp4;C:\Users\esthe\Downloads\small boiteux 12_\Boit_1205_5_five.mp4;C:\Users\esthe\Downloads\small boiteux 12_\Boit_1205_6_three.mp4;C:\Users\esthe\Downloads\small boiteux 12_\Boit_1205_7_one.mp4;C:\Users\esthe\Downloads\small boiteux 12_\Boit_1205_8_five.mp4;C:\Users\esthe\Downloads\small boiteux 12_\Boit_1205_9_seven.mp4,0.0,33.361;14.067;14.331;21.564;6.399;8.664;23.761;18.197;19.200;7.900;7.064;10.199;28.898,30.000;30.000;30.000;30.000;30.000;30.000;30.000;30.000;30.000;30.000;30.000;30.000;30.000,Boiteux,jaw movement,,,POINT,151.741,C:\Users\esthe\Downloads\small boiteux 12_\Boit_1205_5_five.mp4,342,NA,
boit_1205,2025-06-05 16:05:44.780,,209.095,Media file(s),player #1:C:\Users\esthe\Downloads\small boiteux 12_\Boi_1205_1_seven.mp4;C:\Users\esthe\Downloads\small boiteux 12_\Boit_1205_10_three.mp4;C:\Users\esthe\Downloads\small boiteux 12_\Boit_1205_11_five.mp4;C:\Users\esthe\Downloads\small boiteux 12_\Boit_1205_12_control.mp4;C:\Users\esthe\Downloads\small boiteux 12_\Boit_1205_13_control.mp4;C:\Users\esthe\Downloads\small boiteux 12_\Boit_1205_2_three.mp4;C:\Users\esthe\Downloads\small boiteux 12_\Boit_1205_3_five.mp4;C:\Users\esthe\Downloads\small boiteux 12_\Boit_1205_4_one.mp4;C:\Users\esthe\Downloads\small boiteux 12_\Boit_1205_5_five.mp4;C:\Users\esthe\Downloads\small boiteux 12_\Boit_1205_6_three.mp4;C:\Users\esthe\Downloads\small boiteux 12_\Boit_1205_7_one.mp4;C:\Users\esthe\Downloads\small boiteux 12_\Boit_1205_8_five.mp4;C:\Users\esthe\Downloads\small boiteux 12_\Boit_1205_9_seven.mp4,0.0,33.361;14.067;14.331;21.564;6.399;8.664;23.761;18.197;19.200;7.900;7.064;10.199;28.898,30.000;30.000;30.000;30.000;30.000;30.000;30.000;30.000;30.000;30.000;30.000;30.000;30.000,Boiteux,ear clapping,,,POINT,151.841,C:\Users\esthe\Downloads\small boiteux 12_\Boit_1205_5_five.mp4,345,NA,
boit_1205,2025-06-05 16:05:44.780,,209.095,Media file(s),player #1:C:\Users\esthe\Downloads\small boiteux 12_\Boi_1205_1_seven.mp4;C:\Users\esthe\Downloads\small boiteux 12_\Boit_1205_10_three.mp4;C:\Users\esthe\Downloads\small boiteux 12_\Boit_1205_11_five.mp4;C:\Users\esthe\Downloads\small boiteux 12_\Boit_1205_12_control.mp4;C:\Users\esthe\Downloads\small boiteux 12_\Boit_1205_13_control.mp4;C:\Users\esthe\Downloads\small boiteux 12_\Boit_1205_2_three.mp4;C:\Users\esthe\Downloads\small boiteux 12_\Boit_1205_3_five.mp4;C:\Users\esthe\Downloads\small boiteux 12_\Boit_1205_4_one.mp4;C:\Users\esthe\Downloads\small boiteux 12_\Boit_1205_5_five.mp4;C:\Users\esthe\Downloads\small boiteux 12_\Boit_1205_6_three.mp4;C:\Users\esthe\Downloads\small boiteux 12_\Boit_1205_7_one.mp4;C:\Users\esthe\Downloads\small boiteux 12_\Boit_1205_8_five.mp4;C:\Users\esthe\Downloads\small boiteux 12_\Boit_1205_9_seven.mp4,0.0,33.361;14.067;14.331;21.564;6.399;8.664;23.761;18.197;19.200;7.900;7.064;10.199;28.898,30.000;30.000;30.000;30.000;30.000;30.000;30.000;30.000;30.000;30.000;30.000;30.000;30.000,Boiteux,jaw movement,,,POINT,152.174,C:\Users\esthe\Downloads\small boiteux 12_\Boit_1205_5_five.mp4,355,NA,
boit_1205,2025-06-05 16:05:44.780,,209.095,Media file(s),player #1:C:\Users\esthe\Downloads\small boiteux 12_\Boi_1205_1_seven.mp4;C:\Users\esthe\Downloads\small boiteux 12_\Boit_1205_10_three.mp4;C:\Users\esthe\Downloads\small boiteux 12_\Boit_1205_11_five.mp4;C:\Users\esthe\Downloads\small boiteux 12_\Boit_1205_12_control.mp4;C:\Users\esthe\Downloads\small boiteux 12_\Boit_1205_13_control.mp4;C:\Users\esthe\Downloads\small boiteux 12_\Boit_1205_2_three.mp4;C:\Users\esthe\Downloads\small boiteux 12_\Boit_1205_3_five.mp4;C:\Users\esthe\Downloads\small boiteux 12_\Boit_1205_4_one.mp4;C:\Users\esthe\Downloads\small boiteux 12_\Boit_1205_5_five.mp4;C:\Users\esthe\Downloads\small boiteux 12_\Boit_1205_6_three.mp4;C:\Users\esthe\Downloads\small boiteux 12_\Boit_1205_7_one.mp4;C:\Users\esthe\Downloads\small boiteux 12_\Boit_1205_8_five.mp4;C:\Users\esthe\Downloads\small boiteux 12_\Boit_1205_9_seven.mp4,0.0,33.361;14.067;14.331;21.564;6.399;8.664;23.761;18.197;19.200;7.900;7.064;10.199;28.898,30.000;30.000;30.000;30.000;30.000;30.000;30.000;30.000;30.000;30.000;30.000;30.000;30.000,Boiteux,ear clapping,,,POINT,152.408,C:\Users\esthe\Downloads\small boiteux 12_\Boit_1205_5_five.mp4,362,NA,
boit_1205,2025-06-05 16:05:44.780,,209.095,Media file(s),player #1:C:\Users\esthe\Downloads\small boiteux 12_\Boi_1205_1_seven.mp4;C:\Users\esthe\Downloads\small boiteux 12_\Boit_1205_10_three.mp4;C:\Users\esthe\Downloads\small boiteux 12_\Boit_1205_11_five.mp4;C:\Users\esthe\Downloads\small boiteux 12_\Boit_1205_12_control.mp4;C:\Users\esthe\Downloads\small boiteux 12_\Boit_1205_13_control.mp4;C:\Users\esthe\Downloads\small boiteux 12_\Boit_1205_2_three.mp4;C:\Users\esthe\Downloads\small boiteux 12_\Boit_1205_3_five.mp4;C:\Users\esthe\Downloads\small boiteux 12_\Boit_1205_4_one.mp4;C:\Users\esthe\Downloads\small boiteux 12_\Boit_1205_5_five.mp4;C:\Users\esthe\Downloads\small boiteux 12_\Boit_1205_6_three.mp4;C:\Users\esthe\Downloads\small boiteux 12_\Boit_1205_7_one.mp4;C:\Users\esthe\Downloads\small boiteux 12_\Boit_1205_8_five.mp4;C:\Users\esthe\Downloads\small boiteux 12_\Boit_1205_9_seven.mp4,0.0,33.361;14.067;14.331;21.564;6.399;8.664;23.761;18.197;19.200;7.900;7.064;10.199;28.898,30.000;30.000;30.000;30.000;30.000;30.000;30.000;30.000;30.000;30.000;30.000;30.000;30.000,Boiteux,jaw movement,,,POINT,152.408,C:\Users\esthe\Downloads\small boiteux 12_\Boit_1205_5_five.mp4,362,NA,
boit_1205,2025-06-05 16:05:44.780,,209.095,Media file(s),player #1:C:\Users\esthe\Downloads\small boiteux 12_\Boi_1205_1_seven.mp4;C:\Users\esthe\Downloads\small boiteux 12_\Boit_1205_10_three.mp4;C:\Users\esthe\Downloads\small boiteux 12_\Boit_1205_11_five.mp4;C:\Users\esthe\Downloads\small boiteux 12_\Boit_1205_12_control.mp4;C:\Users\esthe\Downloads\small boiteux 12_\Boit_1205_13_control.mp4;C:\Users\esthe\Downloads\small boiteux 12_\Boit_1205_2_three.mp4;C:\Users\esthe\Downloads\small boiteux 12_\Boit_1205_3_five.mp4;C:\Users\esthe\Downloads\small boiteux 12_\Boit_1205_4_one.mp4;C:\Users\esthe\Downloads\small boiteux 12_\Boit_1205_5_five.mp4;C:\Users\esthe\Downloads\small boiteux 12_\Boit_1205_6_three.mp4;C:\Users\esthe\Downloads\small boiteux 12_\Boit_1205_7_one.mp4;C:\Users\esthe\Downloads\small boiteux 12_\Boit_1205_8_five.mp4;C:\Users\esthe\Downloads\small boiteux 12_\Boit_1205_9_seven.mp4,0.0,33.361;14.067;14.331;21.564;6.399;8.664;23.761;18.197;19.200;7.900;7.064;10.199;28.898,30.000;30.000;30.000;30.000;30.000;30.000;30.000;30.000;30.000;30.000;30.000;30.000;30.000,Boiteux,sniffing,,,POINT,152.608,C:\Users\esthe\Downloads\small boiteux 12_\Boit_1205_5_five.mp4,368,NA,
boit_1205,2025-06-05 16:05:44.780,,209.095,Media file(s),player #1:C:\Users\esthe\Downloads\small boiteux 12_\Boi_1205_1_seven.mp4;C:\Users\esthe\Downloads\small boiteux 12_\Boit_1205_10_three.mp4;C:\Users\esthe\Downloads\small boiteux 12_\Boit_1205_11_five.mp4;C:\Users\esthe\Downloads\small boiteux 12_\Boit_1205_12_control.mp4;C:\Users\esthe\Downloads\small boiteux 12_\Boit_1205_13_control.mp4;C:\Users\esthe\Downloads\small boiteux 12_\Boit_1205_2_three.mp4;C:\Users\esthe\Downloads\small boiteux 12_\Boit_1205_3_five.mp4;C:\Users\esthe\Downloads\small boiteux 12_\Boit_1205_4_one.mp4;C:\Users\esthe\Downloads\small boiteux 12_\Boit_1205_5_five.mp4;C:\Users\esthe\Downloads\small boiteux 12_\Boit_1205_6_three.mp4;C:\Users\esthe\Downloads\small boiteux 12_\Boit_1205_7_one.mp4;C:\Users\esthe\Downloads\small boiteux 12_\Boit_1205_8_five.mp4;C:\Users\esthe\Downloads\small boiteux 12_\Boit_1205_9_seven.mp4,0.0,33.361;14.067;14.331;21.564;6.399;8.664;23.761;18.197;19.200;7.900;7.064;10.199;28.898,30.000;30.000;30.000;30.000;30.000;30.000;30.000;30.000;30.000;30.000;30.000;30.000;30.000,Boiteux,licking,,,POINT,152.775,C:\Users\esthe\Downloads\small boiteux 12_\Boit_1205_5_five.mp4,373,NA,
boit_1205,2025-06-05 16:05:44.780,,209.095,Media file(s),player #1:C:\Users\esthe\Downloads\small boiteux 12_\Boi_1205_1_seven.mp4;C:\Users\esthe\Downloads\small boiteux 12_\Boit_1205_10_three.mp4;C:\Users\esthe\Downloads\small boiteux 12_\Boit_1205_11_five.mp4;C:\Users\esthe\Downloads\small boiteux 12_\Boit_1205_12_control.mp4;C:\Users\esthe\Downloads\small boiteux 12_\Boit_1205_13_control.mp4;C:\Users\esthe\Downloads\small boiteux 12_\Boit_1205_2_three.mp4;C:\Users\esthe\Downloads\small boiteux 12_\Boit_1205_3_five.mp4;C:\Users\esthe\Downloads\small boiteux 12_\Boit_1205_4_one.mp4;C:\Users\esthe\Downloads\small boiteux 12_\Boit_1205_5_five.mp4;C:\Users\esthe\Downloads\small boiteux 12_\Boit_1205_6_three.mp4;C:\Users\esthe\Downloads\small boiteux 12_\Boit_1205_7_one.mp4;C:\Users\esthe\Downloads\small boiteux 12_\Boit_1205_8_five.mp4;C:\Users\esthe\Downloads\small boiteux 12_\Boit_1205_9_seven.mp4,0.0,33.361;14.067;14.331;21.564;6.399;8.664;23.761;18.197;19.200;7.900;7.064;10.199;28.898,30.000;30.000;30.000;30.000;30.000;30.000;30.000;30.000;30.000;30.000;30.000;30.000;30.000,Boiteux,jaw movement,,,POINT,152.975,C:\Users\esthe\Downloads\small boiteux 12_\Boit_1205_5_five.mp4,379,NA,
boit_1205,2025-06-05 16:05:44.780,,209.095,Media file(s),player #1:C:\Users\esthe\Downloads\small boiteux 12_\Boi_1205_1_seven.mp4;C:\Users\esthe\Downloads\small boiteux 12_\Boit_1205_10_three.mp4;C:\Users\esthe\Downloads\small boiteux 12_\Boit_1205_11_five.mp4;C:\Users\esthe\Downloads\small boiteux 12_\Boit_1205_12_control.mp4;C:\Users\esthe\Downloads\small boiteux 12_\Boit_1205_13_control.mp4;C:\Users\esthe\Downloads\small boiteux 12_\Boit_1205_2_three.mp4;C:\Users\esthe\Downloads\small boiteux 12_\Boit_1205_3_five.mp4;C:\Users\esthe\Downloads\small boiteux 12_\Boit_1205_4_one.mp4;C:\Users\esthe\Downloads\small boiteux 12_\Boit_1205_5_five.mp4;C:\Users\esthe\Downloads\small boiteux 12_\Boit_1205_6_three.mp4;C:\Users\esthe\Downloads\small boiteux 12_\Boit_1205_7_one.mp4;C:\Users\esthe\Downloads\small boiteux 12_\Boit_1205_8_five.mp4;C:\Users\esthe\Downloads\small boiteux 12_\Boit_1205_9_seven.mp4,0.0,33.361;14.067;14.331;21.564;6.399;8.664;23.761;18.197;19.200;7.900;7.064;10.199;28.898,30.000;30.000;30.000;30.000;30.000;30.000;30.000;30.000;30.000;30.000;30.000;30.000;30.000,Boiteux,ear clapping,,,POINT,153.008,C:\Users\esthe\Downloads\small boiteux 12_\Boit_1205_5_five.mp4,380,NA,
boit_1205,2025-06-05 16:05:44.780,,209.095,Media file(s),player #1:C:\Users\esthe\Downloads\small boiteux 12_\Boi_1205_1_seven.mp4;C:\Users\esthe\Downloads\small boiteux 12_\Boit_1205_10_three.mp4;C:\Users\esthe\Downloads\small boiteux 12_\Boit_1205_11_five.mp4;C:\Users\esthe\Downloads\small boiteux 12_\Boit_1205_12_control.mp4;C:\Users\esthe\Downloads\small boiteux 12_\Boit_1205_13_control.mp4;C:\Users\esthe\Downloads\small boiteux 12_\Boit_1205_2_three.mp4;C:\Users\esthe\Downloads\small boiteux 12_\Boit_1205_3_five.mp4;C:\Users\esthe\Downloads\small boiteux 12_\Boit_1205_4_one.mp4;C:\Users\esthe\Downloads\small boiteux 12_\Boit_1205_5_five.mp4;C:\Users\esthe\Downloads\small boiteux 12_\Boit_1205_6_three.mp4;C:\Users\esthe\Downloads\small boiteux 12_\Boit_1205_7_one.mp4;C:\Users\esthe\Downloads\small boiteux 12_\Boit_1205_8_five.mp4;C:\Users\esthe\Downloads\small boiteux 12_\Boit_1205_9_seven.mp4,0.0,33.361;14.067;14.331;21.564;6.399;8.664;23.761;18.197;19.200;7.900;7.064;10.199;28.898,30.000;30.000;30.000;30.000;30.000;30.000;30.000;30.000;30.000;30.000;30.000;30.000;30.000,Boiteux,teeth-hole contact,,,POINT,153.241,C:\Users\esthe\Downloads\small boiteux 12_\Boit_1205_5_five.mp4,387,NA,
boit_1205,2025-06-05 16:05:44.780,,209.095,Media file(s),player #1:C:\Users\esthe\Downloads\small boiteux 12_\Boi_1205_1_seven.mp4;C:\Users\esthe\Downloads\small boiteux 12_\Boit_1205_10_three.mp4;C:\Users\esthe\Downloads\small boiteux 12_\Boit_1205_11_five.mp4;C:\Users\esthe\Downloads\small boiteux 12_\Boit_1205_12_control.mp4;C:\Users\esthe\Downloads\small boiteux 12_\Boit_1205_13_control.mp4;C:\Users\esthe\Downloads\small boiteux 12_\Boit_1205_2_three.mp4;C:\Users\esthe\Downloads\small boiteux 12_\Boit_1205_3_five.mp4;C:\Users\esthe\Downloads\small boiteux 12_\Boit_1205_4_one.mp4;C:\Users\esthe\Downloads\small boiteux 12_\Boit_1205_5_five.mp4;C:\Users\esthe\Downloads\small boiteux 12_\Boit_1205_6_three.mp4;C:\Users\esthe\Downloads\small boiteux 12_\Boit_1205_7_one.mp4;C:\Users\esthe\Downloads\small boiteux 12_\Boit_1205_8_five.mp4;C:\Users\esthe\Downloads\small boiteux 12_\Boit_1205_9_seven.mp4,0.0,33.361;14.067;14.331;21.564;6.399;8.664;23.761;18.197;19.200;7.900;7.064;10.199;28.898,30.000;30.000;30.000;30.000;30.000;30.000;30.000;30.000;30.000;30.000;30.000;30.000;30.000,Boiteux,ear clapping,,,POINT,153.308,C:\Users\esthe\Downloads\small boiteux 12_\Boit_1205_5_five.mp4,389,NA,
boit_1205,2025-06-05 16:05:44.780,,209.095,Media file(s),player #1:C:\Users\esthe\Downloads\small boiteux 12_\Boi_1205_1_seven.mp4;C:\Users\esthe\Downloads\small boiteux 12_\Boit_1205_10_three.mp4;C:\Users\esthe\Downloads\small boiteux 12_\Boit_1205_11_five.mp4;C:\Users\esthe\Downloads\small boiteux 12_\Boit_1205_12_control.mp4;C:\Users\esthe\Downloads\small boiteux 12_\Boit_1205_13_control.mp4;C:\Users\esthe\Downloads\small boiteux 12_\Boit_1205_2_three.mp4;C:\Users\esthe\Downloads\small boiteux 12_\Boit_1205_3_five.mp4;C:\Users\esthe\Downloads\small boiteux 12_\Boit_1205_4_one.mp4;C:\Users\esthe\Downloads\small boiteux 12_\Boit_1205_5_five.mp4;C:\Users\esthe\Downloads\small boiteux 12_\Boit_1205_6_three.mp4;C:\Users\esthe\Downloads\small boiteux 12_\Boit_1205_7_one.mp4;C:\Users\esthe\Downloads\small boiteux 12_\Boit_1205_8_five.mp4;C:\Users\esthe\Downloads\small boiteux 12_\Boit_1205_9_seven.mp4,0.0,33.361;14.067;14.331;21.564;6.399;8.664;23.761;18.197;19.200;7.900;7.064;10.199;28.898,30.000;30.000;30.000;30.000;30.000;30.000;30.000;30.000;30.000;30.000;30.000;30.000;30.000,Boiteux,assessing,,,STOP,153.341,C:\Users\esthe\Downloads\small boiteux 12_\Boit_1205_5_five.mp4,390,NA,
boit_1205,2025-06-05 16:05:44.780,,209.095,Media file(s),player #1:C:\Users\esthe\Downloads\small boiteux 12_\Boi_1205_1_seven.mp4;C:\Users\esthe\Downloads\small boiteux 12_\Boit_1205_10_three.mp4;C:\Users\esthe\Downloads\small boiteux 12_\Boit_1205_11_five.mp4;C:\Users\esthe\Downloads\small boiteux 12_\Boit_1205_12_control.mp4;C:\Users\esthe\Downloads\small boiteux 12_\Boit_1205_13_control.mp4;C:\Users\esthe\Downloads\small boiteux 12_\Boit_1205_2_three.mp4;C:\Users\esthe\Downloads\small boiteux 12_\Boit_1205_3_five.mp4;C:\Users\esthe\Downloads\small boiteux 12_\Boit_1205_4_one.mp4;C:\Users\esthe\Downloads\small boiteux 12_\Boit_1205_5_five.mp4;C:\Users\esthe\Downloads\small boiteux 12_\Boit_1205_6_three.mp4;C:\Users\esthe\Downloads\small boiteux 12_\Boit_1205_7_one.mp4;C:\Users\esthe\Downloads\small boiteux 12_\Boit_1205_8_five.mp4;C:\Users\esthe\Downloads\small boiteux 12_\Boit_1205_9_seven.mp4,0.0,33.361;14.067;14.331;21.564;6.399;8.664;23.761;18.197;19.200;7.900;7.064;10.199;28.898,30.000;30.000;30.000;30.000;30.000;30.000;30.000;30.000;30.000;30.000;30.000;30.000;30.000,Boiteux,peeling,,,START,153.375,C:\Users\esthe\Downloads\small boiteux 12_\Boit_1205_5_five.mp4,391,NA,
boit_1205,2025-06-05 16:05:44.780,,209.095,Media file(s),player #1:C:\Users\esthe\Downloads\small boiteux 12_\Boi_1205_1_seven.mp4;C:\Users\esthe\Downloads\small boiteux 12_\Boit_1205_10_three.mp4;C:\Users\esthe\Downloads\small boiteux 12_\Boit_1205_11_five.mp4;C:\Users\esthe\Downloads\small boiteux 12_\Boit_1205_12_control.mp4;C:\Users\esthe\Downloads\small boiteux 12_\Boit_1205_13_control.mp4;C:\Users\esthe\Downloads\small boiteux 12_\Boit_1205_2_three.mp4;C:\Users\esthe\Downloads\small boiteux 12_\Boit_1205_3_five.mp4;C:\Users\esthe\Downloads\small boiteux 12_\Boit_1205_4_one.mp4;C:\Users\esthe\Downloads\small boiteux 12_\Boit_1205_5_five.mp4;C:\Users\esthe\Downloads\small boiteux 12_\Boit_1205_6_three.mp4;C:\Users\esthe\Downloads\small boiteux 12_\Boit_1205_7_one.mp4;C:\Users\esthe\Downloads\small boiteux 12_\Boit_1205_8_five.mp4;C:\Users\esthe\Downloads\small boiteux 12_\Boit_1205_9_seven.mp4,0.0,33.361;14.067;14.331;21.564;6.399;8.664;23.761;18.197;19.200;7.900;7.064;10.199;28.898,30.000;30.000;30.000;30.000;30.000;30.000;30.000;30.000;30.000;30.000;30.000;30.000;30.000,Boiteux,jaw movement,,,POINT,153.385,C:\Users\esthe\Downloads\small boiteux 12_\Boit_1205_5_five.mp4,391,NA,
boit_1205,2025-06-05 16:05:44.780,,209.095,Media file(s),player #1:C:\Users\esthe\Downloads\small boiteux 12_\Boi_1205_1_seven.mp4;C:\Users\esthe\Downloads\small boiteux 12_\Boit_1205_10_three.mp4;C:\Users\esthe\Downloads\small boiteux 12_\Boit_1205_11_five.mp4;C:\Users\esthe\Downloads\small boiteux 12_\Boit_1205_12_control.mp4;C:\Users\esthe\Downloads\small boiteux 12_\Boit_1205_13_control.mp4;C:\Users\esthe\Downloads\small boiteux 12_\Boit_1205_2_three.mp4;C:\Users\esthe\Downloads\small boiteux 12_\Boit_1205_3_five.mp4;C:\Users\esthe\Downloads\small boiteux 12_\Boit_1205_4_one.mp4;C:\Users\esthe\Downloads\small boiteux 12_\Boit_1205_5_five.mp4;C:\Users\esthe\Downloads\small boiteux 12_\Boit_1205_6_three.mp4;C:\Users\esthe\Downloads\small boiteux 12_\Boit_1205_7_one.mp4;C:\Users\esthe\Downloads\small boiteux 12_\Boit_1205_8_five.mp4;C:\Users\esthe\Downloads\small boiteux 12_\Boit_1205_9_seven.mp4,0.0,33.361;14.067;14.331;21.564;6.399;8.664;23.761;18.197;19.200;7.900;7.064;10.199;28.898,30.000;30.000;30.000;30.000;30.000;30.000;30.000;30.000;30.000;30.000;30.000;30.000;30.000,Boiteux,jaw movement,,,POINT,153.508,C:\Users\esthe\Downloads\small boiteux 12_\Boit_1205_5_five.mp4,395,NA,
boit_1205,2025-06-05 16:05:44.780,,209.095,Media file(s),player #1:C:\Users\esthe\Downloads\small boiteux 12_\Boi_1205_1_seven.mp4;C:\Users\esthe\Downloads\small boiteux 12_\Boit_1205_10_three.mp4;C:\Users\esthe\Downloads\small boiteux 12_\Boit_1205_11_five.mp4;C:\Users\esthe\Downloads\small boiteux 12_\Boit_1205_12_control.mp4;C:\Users\esthe\Downloads\small boiteux 12_\Boit_1205_13_control.mp4;C:\Users\esthe\Downloads\small boiteux 12_\Boit_1205_2_three.mp4;C:\Users\esthe\Downloads\small boiteux 12_\Boit_1205_3_five.mp4;C:\Users\esthe\Downloads\small boiteux 12_\Boit_1205_4_one.mp4;C:\Users\esthe\Downloads\small boiteux 12_\Boit_1205_5_five.mp4;C:\Users\esthe\Downloads\small boiteux 12_\Boit_1205_6_three.mp4;C:\Users\esthe\Downloads\small boiteux 12_\Boit_1205_7_one.mp4;C:\Users\esthe\Downloads\small boiteux 12_\Boit_1205_8_five.mp4;C:\Users\esthe\Downloads\small boiteux 12_\Boit_1205_9_seven.mp4,0.0,33.361;14.067;14.331;21.564;6.399;8.664;23.761;18.197;19.200;7.900;7.064;10.199;28.898,30.000;30.000;30.000;30.000;30.000;30.000;30.000;30.000;30.000;30.000;30.000;30.000;30.000,Boiteux,jaw movement,,,POINT,153.675,C:\Users\esthe\Downloads\small boiteux 12_\Boit_1205_5_five.mp4,400,NA,
boit_1205,2025-06-05 16:05:44.780,,209.095,Media file(s),player #1:C:\Users\esthe\Downloads\small boiteux 12_\Boi_1205_1_seven.mp4;C:\Users\esthe\Downloads\small boiteux 12_\Boit_1205_10_three.mp4;C:\Users\esthe\Downloads\small boiteux 12_\Boit_1205_11_five.mp4;C:\Users\esthe\Downloads\small boiteux 12_\Boit_1205_12_control.mp4;C:\Users\esthe\Downloads\small boiteux 12_\Boit_1205_13_control.mp4;C:\Users\esthe\Downloads\small boiteux 12_\Boit_1205_2_three.mp4;C:\Users\esthe\Downloads\small boiteux 12_\Boit_1205_3_five.mp4;C:\Users\esthe\Downloads\small boiteux 12_\Boit_1205_4_one.mp4;C:\Users\esthe\Downloads\small boiteux 12_\Boit_1205_5_five.mp4;C:\Users\esthe\Downloads\small boiteux 12_\Boit_1205_6_three.mp4;C:\Users\esthe\Downloads\small boiteux 12_\Boit_1205_7_one.mp4;C:\Users\esthe\Downloads\small boiteux 12_\Boit_1205_8_five.mp4;C:\Users\esthe\Downloads\small boiteux 12_\Boit_1205_9_seven.mp4,0.0,33.361;14.067;14.331;21.564;6.399;8.664;23.761;18.197;19.200;7.900;7.064;10.199;28.898,30.000;30.000;30.000;30.000;30.000;30.000;30.000;30.000;30.000;30.000;30.000;30.000;30.000,Boiteux,jaw movement,,,POINT,153.941,C:\Users\esthe\Downloads\small boiteux 12_\Boit_1205_5_five.mp4,408,NA,
boit_1205,2025-06-05 16:05:44.780,,209.095,Media file(s),player #1:C:\Users\esthe\Downloads\small boiteux 12_\Boi_1205_1_seven.mp4;C:\Users\esthe\Downloads\small boiteux 12_\Boit_1205_10_three.mp4;C:\Users\esthe\Downloads\small boiteux 12_\Boit_1205_11_five.mp4;C:\Users\esthe\Downloads\small boiteux 12_\Boit_1205_12_control.mp4;C:\Users\esthe\Downloads\small boiteux 12_\Boit_1205_13_control.mp4;C:\Users\esthe\Downloads\small boiteux 12_\Boit_1205_2_three.mp4;C:\Users\esthe\Downloads\small boiteux 12_\Boit_1205_3_five.mp4;C:\Users\esthe\Downloads\small boiteux 12_\Boit_1205_4_one.mp4;C:\Users\esthe\Downloads\small boiteux 12_\Boit_1205_5_five.mp4;C:\Users\esthe\Downloads\small boiteux 12_\Boit_1205_6_three.mp4;C:\Users\esthe\Downloads\small boiteux 12_\Boit_1205_7_one.mp4;C:\Users\esthe\Downloads\small boiteux 12_\Boit_1205_8_five.mp4;C:\Users\esthe\Downloads\small boiteux 12_\Boit_1205_9_seven.mp4,0.0,33.361;14.067;14.331;21.564;6.399;8.664;23.761;18.197;19.200;7.900;7.064;10.199;28.898,30.000;30.000;30.000;30.000;30.000;30.000;30.000;30.000;30.000;30.000;30.000;30.000;30.000,Boiteux,jaw movement,,,POINT,154.208,C:\Users\esthe\Downloads\small boiteux 12_\Boit_1205_5_five.mp4,416,NA,
boit_1205,2025-06-05 16:05:44.780,,209.095,Media file(s),player #1:C:\Users\esthe\Downloads\small boiteux 12_\Boi_1205_1_seven.mp4;C:\Users\esthe\Downloads\small boiteux 12_\Boit_1205_10_three.mp4;C:\Users\esthe\Downloads\small boiteux 12_\Boit_1205_11_five.mp4;C:\Users\esthe\Downloads\small boiteux 12_\Boit_1205_12_control.mp4;C:\Users\esthe\Downloads\small boiteux 12_\Boit_1205_13_control.mp4;C:\Users\esthe\Downloads\small boiteux 12_\Boit_1205_2_three.mp4;C:\Users\esthe\Downloads\small boiteux 12_\Boit_1205_3_five.mp4;C:\Users\esthe\Downloads\small boiteux 12_\Boit_1205_4_one.mp4;C:\Users\esthe\Downloads\small boiteux 12_\Boit_1205_5_five.mp4;C:\Users\esthe\Downloads\small boiteux 12_\Boit_1205_6_three.mp4;C:\Users\esthe\Downloads\small boiteux 12_\Boit_1205_7_one.mp4;C:\Users\esthe\Downloads\small boiteux 12_\Boit_1205_8_five.mp4;C:\Users\esthe\Downloads\small boiteux 12_\Boit_1205_9_seven.mp4,0.0,33.361;14.067;14.331;21.564;6.399;8.664;23.761;18.197;19.200;7.900;7.064;10.199;28.898,30.000;30.000;30.000;30.000;30.000;30.000;30.000;30.000;30.000;30.000;30.000;30.000;30.000,Boiteux,ear clapping,,,POINT,154.341,C:\Users\esthe\Downloads\small boiteux 12_\Boit_1205_5_five.mp4,420,NA,
boit_1205,2025-06-05 16:05:44.780,,209.095,Media file(s),player #1:C:\Users\esthe\Downloads\small boiteux 12_\Boi_1205_1_seven.mp4;C:\Users\esthe\Downloads\small boiteux 12_\Boit_1205_10_three.mp4;C:\Users\esthe\Downloads\small boiteux 12_\Boit_1205_11_five.mp4;C:\Users\esthe\Downloads\small boiteux 12_\Boit_1205_12_control.mp4;C:\Users\esthe\Downloads\small boiteux 12_\Boit_1205_13_control.mp4;C:\Users\esthe\Downloads\small boiteux 12_\Boit_1205_2_three.mp4;C:\Users\esthe\Downloads\small boiteux 12_\Boit_1205_3_five.mp4;C:\Users\esthe\Downloads\small boiteux 12_\Boit_1205_4_one.mp4;C:\Users\esthe\Downloads\small boiteux 12_\Boit_1205_5_five.mp4;C:\Users\esthe\Downloads\small boiteux 12_\Boit_1205_6_three.mp4;C:\Users\esthe\Downloads\small boiteux 12_\Boit_1205_7_one.mp4;C:\Users\esthe\Downloads\small boiteux 12_\Boit_1205_8_five.mp4;C:\Users\esthe\Downloads\small boiteux 12_\Boit_1205_9_seven.mp4,0.0,33.361;14.067;14.331;21.564;6.399;8.664;23.761;18.197;19.200;7.900;7.064;10.199;28.898,30.000;30.000;30.000;30.000;30.000;30.000;30.000;30.000;30.000;30.000;30.000;30.000;30.000,Boiteux,jaw movement,,,POINT,154.408,C:\Users\esthe\Downloads\small boiteux 12_\Boit_1205_5_five.mp4,422,NA,
boit_1205,2025-06-05 16:05:44.780,,209.095,Media file(s),player #1:C:\Users\esthe\Downloads\small boiteux 12_\Boi_1205_1_seven.mp4;C:\Users\esthe\Downloads\small boiteux 12_\Boit_1205_10_three.mp4;C:\Users\esthe\Downloads\small boiteux 12_\Boit_1205_11_five.mp4;C:\Users\esthe\Downloads\small boiteux 12_\Boit_1205_12_control.mp4;C:\Users\esthe\Downloads\small boiteux 12_\Boit_1205_13_control.mp4;C:\Users\esthe\Downloads\small boiteux 12_\Boit_1205_2_three.mp4;C:\Users\esthe\Downloads\small boiteux 12_\Boit_1205_3_five.mp4;C:\Users\esthe\Downloads\small boiteux 12_\Boit_1205_4_one.mp4;C:\Users\esthe\Downloads\small boiteux 12_\Boit_1205_5_five.mp4;C:\Users\esthe\Downloads\small boiteux 12_\Boit_1205_6_three.mp4;C:\Users\esthe\Downloads\small boiteux 12_\Boit_1205_7_one.mp4;C:\Users\esthe\Downloads\small boiteux 12_\Boit_1205_8_five.mp4;C:\Users\esthe\Downloads\small boiteux 12_\Boit_1205_9_seven.mp4,0.0,33.361;14.067;14.331;21.564;6.399;8.664;23.761;18.197;19.200;7.900;7.064;10.199;28.898,30.000;30.000;30.000;30.000;30.000;30.000;30.000;30.000;30.000;30.000;30.000;30.000;30.000,Boiteux,ear clapping,,,POINT,154.642,C:\Users\esthe\Downloads\small boiteux 12_\Boit_1205_5_five.mp4,429,NA,
boit_1205,2025-06-05 16:05:44.780,,209.095,Media file(s),player #1:C:\Users\esthe\Downloads\small boiteux 12_\Boi_1205_1_seven.mp4;C:\Users\esthe\Downloads\small boiteux 12_\Boit_1205_10_three.mp4;C:\Users\esthe\Downloads\small boiteux 12_\Boit_1205_11_five.mp4;C:\Users\esthe\Downloads\small boiteux 12_\Boit_1205_12_control.mp4;C:\Users\esthe\Downloads\small boiteux 12_\Boit_1205_13_control.mp4;C:\Users\esthe\Downloads\small boiteux 12_\Boit_1205_2_three.mp4;C:\Users\esthe\Downloads\small boiteux 12_\Boit_1205_3_five.mp4;C:\Users\esthe\Downloads\small boiteux 12_\Boit_1205_4_one.mp4;C:\Users\esthe\Downloads\small boiteux 12_\Boit_1205_5_five.mp4;C:\Users\esthe\Downloads\small boiteux 12_\Boit_1205_6_three.mp4;C:\Users\esthe\Downloads\small boiteux 12_\Boit_1205_7_one.mp4;C:\Users\esthe\Downloads\small boiteux 12_\Boit_1205_8_five.mp4;C:\Users\esthe\Downloads\small boiteux 12_\Boit_1205_9_seven.mp4,0.0,33.361;14.067;14.331;21.564;6.399;8.664;23.761;18.197;19.200;7.900;7.064;10.199;28.898,30.000;30.000;30.000;30.000;30.000;30.000;30.000;30.000;30.000;30.000;30.000;30.000;30.000,Boiteux,jaw movement,,,POINT,154.675,C:\Users\esthe\Downloads\small boiteux 12_\Boit_1205_5_five.mp4,430,NA,
boit_1205,2025-06-05 16:05:44.780,,209.095,Media file(s),player #1:C:\Users\esthe\Downloads\small boiteux 12_\Boi_1205_1_seven.mp4;C:\Users\esthe\Downloads\small boiteux 12_\Boit_1205_10_three.mp4;C:\Users\esthe\Downloads\small boiteux 12_\Boit_1205_11_five.mp4;C:\Users\esthe\Downloads\small boiteux 12_\Boit_1205_12_control.mp4;C:\Users\esthe\Downloads\small boiteux 12_\Boit_1205_13_control.mp4;C:\Users\esthe\Downloads\small boiteux 12_\Boit_1205_2_three.mp4;C:\Users\esthe\Downloads\small boiteux 12_\Boit_1205_3_five.mp4;C:\Users\esthe\Downloads\small boiteux 12_\Boit_1205_4_one.mp4;C:\Users\esthe\Downloads\small boiteux 12_\Boit_1205_5_five.mp4;C:\Users\esthe\Downloads\small boiteux 12_\Boit_1205_6_three.mp4;C:\Users\esthe\Downloads\small boiteux 12_\Boit_1205_7_one.mp4;C:\Users\esthe\Downloads\small boiteux 12_\Boit_1205_8_five.mp4;C:\Users\esthe\Downloads\small boiteux 12_\Boit_1205_9_seven.mp4,0.0,33.361;14.067;14.331;21.564;6.399;8.664;23.761;18.197;19.200;7.900;7.064;10.199;28.898,30.000;30.000;30.000;30.000;30.000;30.000;30.000;30.000;30.000;30.000;30.000;30.000;30.000,Boiteux,jaw movement,,,POINT,154.975,C:\Users\esthe\Downloads\small boiteux 12_\Boit_1205_5_five.mp4,439,NA,
boit_1205,2025-06-05 16:05:44.780,,209.095,Media file(s),player #1:C:\Users\esthe\Downloads\small boiteux 12_\Boi_1205_1_seven.mp4;C:\Users\esthe\Downloads\small boiteux 12_\Boit_1205_10_three.mp4;C:\Users\esthe\Downloads\small boiteux 12_\Boit_1205_11_five.mp4;C:\Users\esthe\Downloads\small boiteux 12_\Boit_1205_12_control.mp4;C:\Users\esthe\Downloads\small boiteux 12_\Boit_1205_13_control.mp4;C:\Users\esthe\Downloads\small boiteux 12_\Boit_1205_2_three.mp4;C:\Users\esthe\Downloads\small boiteux 12_\Boit_1205_3_five.mp4;C:\Users\esthe\Downloads\small boiteux 12_\Boit_1205_4_one.mp4;C:\Users\esthe\Downloads\small boiteux 12_\Boit_1205_5_five.mp4;C:\Users\esthe\Downloads\small boiteux 12_\Boit_1205_6_three.mp4;C:\Users\esthe\Downloads\small boiteux 12_\Boit_1205_7_one.mp4;C:\Users\esthe\Downloads\small boiteux 12_\Boit_1205_8_five.mp4;C:\Users\esthe\Downloads\small boiteux 12_\Boit_1205_9_seven.mp4,0.0,33.361;14.067;14.331;21.564;6.399;8.664;23.761;18.197;19.200;7.900;7.064;10.199;28.898,30.000;30.000;30.000;30.000;30.000;30.000;30.000;30.000;30.000;30.000;30.000;30.000;30.000,Boiteux,jaw movement,,,POINT,155.442,C:\Users\esthe\Downloads\small boiteux 12_\Boit_1205_5_five.mp4,453,NA,
boit_1205,2025-06-05 16:05:44.780,,209.095,Media file(s),player #1:C:\Users\esthe\Downloads\small boiteux 12_\Boi_1205_1_seven.mp4;C:\Users\esthe\Downloads\small boiteux 12_\Boit_1205_10_three.mp4;C:\Users\esthe\Downloads\small boiteux 12_\Boit_1205_11_five.mp4;C:\Users\esthe\Downloads\small boiteux 12_\Boit_1205_12_control.mp4;C:\Users\esthe\Downloads\small boiteux 12_\Boit_1205_13_control.mp4;C:\Users\esthe\Downloads\small boiteux 12_\Boit_1205_2_three.mp4;C:\Users\esthe\Downloads\small boiteux 12_\Boit_1205_3_five.mp4;C:\Users\esthe\Downloads\small boiteux 12_\Boit_1205_4_one.mp4;C:\Users\esthe\Downloads\small boiteux 12_\Boit_1205_5_five.mp4;C:\Users\esthe\Downloads\small boiteux 12_\Boit_1205_6_three.mp4;C:\Users\esthe\Downloads\small boiteux 12_\Boit_1205_7_one.mp4;C:\Users\esthe\Downloads\small boiteux 12_\Boit_1205_8_five.mp4;C:\Users\esthe\Downloads\small boiteux 12_\Boit_1205_9_seven.mp4,0.0,33.361;14.067;14.331;21.564;6.399;8.664;23.761;18.197;19.200;7.900;7.064;10.199;28.898,30.000;30.000;30.000;30.000;30.000;30.000;30.000;30.000;30.000;30.000;30.000;30.000;30.000,Boiteux,ear clapping,,,POINT,155.775,C:\Users\esthe\Downloads\small boiteux 12_\Boit_1205_5_five.mp4,463,NA,
boit_1205,2025-06-05 16:05:44.780,,209.095,Media file(s),player #1:C:\Users\esthe\Downloads\small boiteux 12_\Boi_1205_1_seven.mp4;C:\Users\esthe\Downloads\small boiteux 12_\Boit_1205_10_three.mp4;C:\Users\esthe\Downloads\small boiteux 12_\Boit_1205_11_five.mp4;C:\Users\esthe\Downloads\small boiteux 12_\Boit_1205_12_control.mp4;C:\Users\esthe\Downloads\small boiteux 12_\Boit_1205_13_control.mp4;C:\Users\esthe\Downloads\small boiteux 12_\Boit_1205_2_three.mp4;C:\Users\esthe\Downloads\small boiteux 12_\Boit_1205_3_five.mp4;C:\Users\esthe\Downloads\small boiteux 12_\Boit_1205_4_one.mp4;C:\Users\esthe\Downloads\small boiteux 12_\Boit_1205_5_five.mp4;C:\Users\esthe\Downloads\small boiteux 12_\Boit_1205_6_three.mp4;C:\Users\esthe\Downloads\small boiteux 12_\Boit_1205_7_one.mp4;C:\Users\esthe\Downloads\small boiteux 12_\Boit_1205_8_five.mp4;C:\Users\esthe\Downloads\small boiteux 12_\Boit_1205_9_seven.mp4,0.0,33.361;14.067;14.331;21.564;6.399;8.664;23.761;18.197;19.200;7.900;7.064;10.199;28.898,30.000;30.000;30.000;30.000;30.000;30.000;30.000;30.000;30.000;30.000;30.000;30.000;30.000,Boiteux,ear clapping,,,POINT,155.842,C:\Users\esthe\Downloads\small boiteux 12_\Boit_1205_5_five.mp4,465,NA,
boit_1205,2025-06-05 16:05:44.780,,209.095,Media file(s),player #1:C:\Users\esthe\Downloads\small boiteux 12_\Boi_1205_1_seven.mp4;C:\Users\esthe\Downloads\small boiteux 12_\Boit_1205_10_three.mp4;C:\Users\esthe\Downloads\small boiteux 12_\Boit_1205_11_five.mp4;C:\Users\esthe\Downloads\small boiteux 12_\Boit_1205_12_control.mp4;C:\Users\esthe\Downloads\small boiteux 12_\Boit_1205_13_control.mp4;C:\Users\esthe\Downloads\small boiteux 12_\Boit_1205_2_three.mp4;C:\Users\esthe\Downloads\small boiteux 12_\Boit_1205_3_five.mp4;C:\Users\esthe\Downloads\small boiteux 12_\Boit_1205_4_one.mp4;C:\Users\esthe\Downloads\small boiteux 12_\Boit_1205_5_five.mp4;C:\Users\esthe\Downloads\small boiteux 12_\Boit_1205_6_three.mp4;C:\Users\esthe\Downloads\small boiteux 12_\Boit_1205_7_one.mp4;C:\Users\esthe\Downloads\small boiteux 12_\Boit_1205_8_five.mp4;C:\Users\esthe\Downloads\small boiteux 12_\Boit_1205_9_seven.mp4,0.0,33.361;14.067;14.331;21.564;6.399;8.664;23.761;18.197;19.200;7.900;7.064;10.199;28.898,30.000;30.000;30.000;30.000;30.000;30.000;30.000;30.000;30.000;30.000;30.000;30.000;30.000,Boiteux,peeling,,,STOP,155.908,C:\Users\esthe\Downloads\small boiteux 12_\Boit_1205_5_five.mp4,467,NA,
boit_1205,2025-06-05 16:05:44.780,,209.095,Media file(s),player #1:C:\Users\esthe\Downloads\small boiteux 12_\Boi_1205_1_seven.mp4;C:\Users\esthe\Downloads\small boiteux 12_\Boit_1205_10_three.mp4;C:\Users\esthe\Downloads\small boiteux 12_\Boit_1205_11_five.mp4;C:\Users\esthe\Downloads\small boiteux 12_\Boit_1205_12_control.mp4;C:\Users\esthe\Downloads\small boiteux 12_\Boit_1205_13_control.mp4;C:\Users\esthe\Downloads\small boiteux 12_\Boit_1205_2_three.mp4;C:\Users\esthe\Downloads\small boiteux 12_\Boit_1205_3_five.mp4;C:\Users\esthe\Downloads\small boiteux 12_\Boit_1205_4_one.mp4;C:\Users\esthe\Downloads\small boiteux 12_\Boit_1205_5_five.mp4;C:\Users\esthe\Downloads\small boiteux 12_\Boit_1205_6_three.mp4;C:\Users\esthe\Downloads\small boiteux 12_\Boit_1205_7_one.mp4;C:\Users\esthe\Downloads\small boiteux 12_\Boit_1205_8_five.mp4;C:\Users\esthe\Downloads\small boiteux 12_\Boit_1205_9_seven.mp4,0.0,33.361;14.067;14.331;21.564;6.399;8.664;23.761;18.197;19.200;7.900;7.064;10.199;28.898,30.000;30.000;30.000;30.000;30.000;30.000;30.000;30.000;30.000;30.000;30.000;30.000;30.000,Boiteux,eating,,,START,156.108,C:\Users\esthe\Downloads\small boiteux 12_\Boit_1205_5_five.mp4,473,NA,
boit_1205,2025-06-05 16:05:44.780,,209.095,Media file(s),player #1:C:\Users\esthe\Downloads\small boiteux 12_\Boi_1205_1_seven.mp4;C:\Users\esthe\Downloads\small boiteux 12_\Boit_1205_10_three.mp4;C:\Users\esthe\Downloads\small boiteux 12_\Boit_1205_11_five.mp4;C:\Users\esthe\Downloads\small boiteux 12_\Boit_1205_12_control.mp4;C:\Users\esthe\Downloads\small boiteux 12_\Boit_1205_13_control.mp4;C:\Users\esthe\Downloads\small boiteux 12_\Boit_1205_2_three.mp4;C:\Users\esthe\Downloads\small boiteux 12_\Boit_1205_3_five.mp4;C:\Users\esthe\Downloads\small boiteux 12_\Boit_1205_4_one.mp4;C:\Users\esthe\Downloads\small boiteux 12_\Boit_1205_5_five.mp4;C:\Users\esthe\Downloads\small boiteux 12_\Boit_1205_6_three.mp4;C:\Users\esthe\Downloads\small boiteux 12_\Boit_1205_7_one.mp4;C:\Users\esthe\Downloads\small boiteux 12_\Boit_1205_8_five.mp4;C:\Users\esthe\Downloads\small boiteux 12_\Boit_1205_9_seven.mp4,0.0,33.361;14.067;14.331;21.564;6.399;8.664;23.761;18.197;19.200;7.900;7.064;10.199;28.898,30.000;30.000;30.000;30.000;30.000;30.000;30.000;30.000;30.000;30.000;30.000;30.000;30.000,Boiteux,ear clapping,,,POINT,156.175,C:\Users\esthe\Downloads\small boiteux 12_\Boit_1205_5_five.mp4,475,NA,
boit_1205,2025-06-05 16:05:44.780,,209.095,Media file(s),player #1:C:\Users\esthe\Downloads\small boiteux 12_\Boi_1205_1_seven.mp4;C:\Users\esthe\Downloads\small boiteux 12_\Boit_1205_10_three.mp4;C:\Users\esthe\Downloads\small boiteux 12_\Boit_1205_11_five.mp4;C:\Users\esthe\Downloads\small boiteux 12_\Boit_1205_12_control.mp4;C:\Users\esthe\Downloads\small boiteux 12_\Boit_1205_13_control.mp4;C:\Users\esthe\Downloads\small boiteux 12_\Boit_1205_2_three.mp4;C:\Users\esthe\Downloads\small boiteux 12_\Boit_1205_3_five.mp4;C:\Users\esthe\Downloads\small boiteux 12_\Boit_1205_4_one.mp4;C:\Users\esthe\Downloads\small boiteux 12_\Boit_1205_5_five.mp4;C:\Users\esthe\Downloads\small boiteux 12_\Boit_1205_6_three.mp4;C:\Users\esthe\Downloads\small boiteux 12_\Boit_1205_7_one.mp4;C:\Users\esthe\Downloads\small boiteux 12_\Boit_1205_8_five.mp4;C:\Users\esthe\Downloads\small boiteux 12_\Boit_1205_9_seven.mp4,0.0,33.361;14.067;14.331;21.564;6.399;8.664;23.761;18.197;19.200;7.900;7.064;10.199;28.898,30.000;30.000;30.000;30.000;30.000;30.000;30.000;30.000;30.000;30.000;30.000;30.000;30.000,Boiteux,ear clapping,,,POINT,156.275,C:\Users\esthe\Downloads\small boiteux 12_\Boit_1205_5_five.mp4,478,NA,
boit_1205,2025-06-05 16:05:44.780,,209.095,Media file(s),player #1:C:\Users\esthe\Downloads\small boiteux 12_\Boi_1205_1_seven.mp4;C:\Users\esthe\Downloads\small boiteux 12_\Boit_1205_10_three.mp4;C:\Users\esthe\Downloads\small boiteux 12_\Boit_1205_11_five.mp4;C:\Users\esthe\Downloads\small boiteux 12_\Boit_1205_12_control.mp4;C:\Users\esthe\Downloads\small boiteux 12_\Boit_1205_13_control.mp4;C:\Users\esthe\Downloads\small boiteux 12_\Boit_1205_2_three.mp4;C:\Users\esthe\Downloads\small boiteux 12_\Boit_1205_3_five.mp4;C:\Users\esthe\Downloads\small boiteux 12_\Boit_1205_4_one.mp4;C:\Users\esthe\Downloads\small boiteux 12_\Boit_1205_5_five.mp4;C:\Users\esthe\Downloads\small boiteux 12_\Boit_1205_6_three.mp4;C:\Users\esthe\Downloads\small boiteux 12_\Boit_1205_7_one.mp4;C:\Users\esthe\Downloads\small boiteux 12_\Boit_1205_8_five.mp4;C:\Users\esthe\Downloads\small boiteux 12_\Boit_1205_9_seven.mp4,0.0,33.361;14.067;14.331;21.564;6.399;8.664;23.761;18.197;19.200;7.900;7.064;10.199;28.898,30.000;30.000;30.000;30.000;30.000;30.000;30.000;30.000;30.000;30.000;30.000;30.000;30.000,Boiteux,ear clapping,,,POINT,156.542,C:\Users\esthe\Downloads\small boiteux 12_\Boit_1205_5_five.mp4,486,NA,
boit_1205,2025-06-05 16:05:44.780,,209.095,Media file(s),player #1:C:\Users\esthe\Downloads\small boiteux 12_\Boi_1205_1_seven.mp4;C:\Users\esthe\Downloads\small boiteux 12_\Boit_1205_10_three.mp4;C:\Users\esthe\Downloads\small boiteux 12_\Boit_1205_11_five.mp4;C:\Users\esthe\Downloads\small boiteux 12_\Boit_1205_12_control.mp4;C:\Users\esthe\Downloads\small boiteux 12_\Boit_1205_13_control.mp4;C:\Users\esthe\Downloads\small boiteux 12_\Boit_1205_2_three.mp4;C:\Users\esthe\Downloads\small boiteux 12_\Boit_1205_3_five.mp4;C:\Users\esthe\Downloads\small boiteux 12_\Boit_1205_4_one.mp4;C:\Users\esthe\Downloads\small boiteux 12_\Boit_1205_5_five.mp4;C:\Users\esthe\Downloads\small boiteux 12_\Boit_1205_6_three.mp4;C:\Users\esthe\Downloads\small boiteux 12_\Boit_1205_7_one.mp4;C:\Users\esthe\Downloads\small boiteux 12_\Boit_1205_8_five.mp4;C:\Users\esthe\Downloads\small boiteux 12_\Boit_1205_9_seven.mp4,0.0,33.361;14.067;14.331;21.564;6.399;8.664;23.761;18.197;19.200;7.900;7.064;10.199;28.898,30.000;30.000;30.000;30.000;30.000;30.000;30.000;30.000;30.000;30.000;30.000;30.000;30.000,Boiteux,ear clapping,,,POINT,156.775,C:\Users\esthe\Downloads\small boiteux 12_\Boit_1205_5_five.mp4,493,NA,
boit_1205,2025-06-05 16:05:44.780,,209.095,Media file(s),player #1:C:\Users\esthe\Downloads\small boiteux 12_\Boi_1205_1_seven.mp4;C:\Users\esthe\Downloads\small boiteux 12_\Boit_1205_10_three.mp4;C:\Users\esthe\Downloads\small boiteux 12_\Boit_1205_11_five.mp4;C:\Users\esthe\Downloads\small boiteux 12_\Boit_1205_12_control.mp4;C:\Users\esthe\Downloads\small boiteux 12_\Boit_1205_13_control.mp4;C:\Users\esthe\Downloads\small boiteux 12_\Boit_1205_2_three.mp4;C:\Users\esthe\Downloads\small boiteux 12_\Boit_1205_3_five.mp4;C:\Users\esthe\Downloads\small boiteux 12_\Boit_1205_4_one.mp4;C:\Users\esthe\Downloads\small boiteux 12_\Boit_1205_5_five.mp4;C:\Users\esthe\Downloads\small boiteux 12_\Boit_1205_6_three.mp4;C:\Users\esthe\Downloads\small boiteux 12_\Boit_1205_7_one.mp4;C:\Users\esthe\Downloads\small boiteux 12_\Boit_1205_8_five.mp4;C:\Users\esthe\Downloads\small boiteux 12_\Boit_1205_9_seven.mp4,0.0,33.361;14.067;14.331;21.564;6.399;8.664;23.761;18.197;19.200;7.900;7.064;10.199;28.898,30.000;30.000;30.000;30.000;30.000;30.000;30.000;30.000;30.000;30.000;30.000;30.000;30.000,Boiteux,ear clapping,,,POINT,157.142,C:\Users\esthe\Downloads\small boiteux 12_\Boit_1205_5_five.mp4,504,NA,
boit_1205,2025-06-05 16:05:44.780,,209.095,Media file(s),player #1:C:\Users\esthe\Downloads\small boiteux 12_\Boi_1205_1_seven.mp4;C:\Users\esthe\Downloads\small boiteux 12_\Boit_1205_10_three.mp4;C:\Users\esthe\Downloads\small boiteux 12_\Boit_1205_11_five.mp4;C:\Users\esthe\Downloads\small boiteux 12_\Boit_1205_12_control.mp4;C:\Users\esthe\Downloads\small boiteux 12_\Boit_1205_13_control.mp4;C:\Users\esthe\Downloads\small boiteux 12_\Boit_1205_2_three.mp4;C:\Users\esthe\Downloads\small boiteux 12_\Boit_1205_3_five.mp4;C:\Users\esthe\Downloads\small boiteux 12_\Boit_1205_4_one.mp4;C:\Users\esthe\Downloads\small boiteux 12_\Boit_1205_5_five.mp4;C:\Users\esthe\Downloads\small boiteux 12_\Boit_1205_6_three.mp4;C:\Users\esthe\Downloads\small boiteux 12_\Boit_1205_7_one.mp4;C:\Users\esthe\Downloads\small boiteux 12_\Boit_1205_8_five.mp4;C:\Users\esthe\Downloads\small boiteux 12_\Boit_1205_9_seven.mp4,0.0,33.361;14.067;14.331;21.564;6.399;8.664;23.761;18.197;19.200;7.900;7.064;10.199;28.898,30.000;30.000;30.000;30.000;30.000;30.000;30.000;30.000;30.000;30.000;30.000;30.000;30.000,Boiteux,eating,,,STOP,158.275,C:\Users\esthe\Downloads\small boiteux 12_\Boit_1205_5_five.mp4,538,NA,
boit_1205,2025-06-05 16:05:44.780,,209.095,Media file(s),player #1:C:\Users\esthe\Downloads\small boiteux 12_\Boi_1205_1_seven.mp4;C:\Users\esthe\Downloads\small boiteux 12_\Boit_1205_10_three.mp4;C:\Users\esthe\Downloads\small boiteux 12_\Boit_1205_11_five.mp4;C:\Users\esthe\Downloads\small boiteux 12_\Boit_1205_12_control.mp4;C:\Users\esthe\Downloads\small boiteux 12_\Boit_1205_13_control.mp4;C:\Users\esthe\Downloads\small boiteux 12_\Boit_1205_2_three.mp4;C:\Users\esthe\Downloads\small boiteux 12_\Boit_1205_3_five.mp4;C:\Users\esthe\Downloads\small boiteux 12_\Boit_1205_4_one.mp4;C:\Users\esthe\Downloads\small boiteux 12_\Boit_1205_5_five.mp4;C:\Users\esthe\Downloads\small boiteux 12_\Boit_1205_6_three.mp4;C:\Users\esthe\Downloads\small boiteux 12_\Boit_1205_7_one.mp4;C:\Users\esthe\Downloads\small boiteux 12_\Boit_1205_8_five.mp4;C:\Users\esthe\Downloads\small boiteux 12_\Boit_1205_9_seven.mp4,0.0,33.361;14.067;14.331;21.564;6.399;8.664;23.761;18.197;19.200;7.900;7.064;10.199;28.898,30.000;30.000;30.000;30.000;30.000;30.000;30.000;30.000;30.000;30.000;30.000;30.000;30.000,Boiteux,explore,,,START,159.674,C:\Users\esthe\Downloads\small boiteux 12_\Boit_1205_6_three.mp4,4,NA,
boit_1205,2025-06-05 16:05:44.780,,209.095,Media file(s),player #1:C:\Users\esthe\Downloads\small boiteux 12_\Boi_1205_1_seven.mp4;C:\Users\esthe\Downloads\small boiteux 12_\Boit_1205_10_three.mp4;C:\Users\esthe\Downloads\small boiteux 12_\Boit_1205_11_five.mp4;C:\Users\esthe\Downloads\small boiteux 12_\Boit_1205_12_control.mp4;C:\Users\esthe\Downloads\small boiteux 12_\Boit_1205_13_control.mp4;C:\Users\esthe\Downloads\small boiteux 12_\Boit_1205_2_three.mp4;C:\Users\esthe\Downloads\small boiteux 12_\Boit_1205_3_five.mp4;C:\Users\esthe\Downloads\small boiteux 12_\Boit_1205_4_one.mp4;C:\Users\esthe\Downloads\small boiteux 12_\Boit_1205_5_five.mp4;C:\Users\esthe\Downloads\small boiteux 12_\Boit_1205_6_three.mp4;C:\Users\esthe\Downloads\small boiteux 12_\Boit_1205_7_one.mp4;C:\Users\esthe\Downloads\small boiteux 12_\Boit_1205_8_five.mp4;C:\Users\esthe\Downloads\small boiteux 12_\Boit_1205_9_seven.mp4,0.0,33.361;14.067;14.331;21.564;6.399;8.664;23.761;18.197;19.200;7.900;7.064;10.199;28.898,30.000;30.000;30.000;30.000;30.000;30.000;30.000;30.000;30.000;30.000;30.000;30.000;30.000,Boiteux,explore,,,STOP,161.141,C:\Users\esthe\Downloads\small boiteux 12_\Boit_1205_6_three.mp4,48,NA,
boit_1205,2025-06-05 16:05:44.780,,209.095,Media file(s),player #1:C:\Users\esthe\Downloads\small boiteux 12_\Boi_1205_1_seven.mp4;C:\Users\esthe\Downloads\small boiteux 12_\Boit_1205_10_three.mp4;C:\Users\esthe\Downloads\small boiteux 12_\Boit_1205_11_five.mp4;C:\Users\esthe\Downloads\small boiteux 12_\Boit_1205_12_control.mp4;C:\Users\esthe\Downloads\small boiteux 12_\Boit_1205_13_control.mp4;C:\Users\esthe\Downloads\small boiteux 12_\Boit_1205_2_three.mp4;C:\Users\esthe\Downloads\small boiteux 12_\Boit_1205_3_five.mp4;C:\Users\esthe\Downloads\small boiteux 12_\Boit_1205_4_one.mp4;C:\Users\esthe\Downloads\small boiteux 12_\Boit_1205_5_five.mp4;C:\Users\esthe\Downloads\small boiteux 12_\Boit_1205_6_three.mp4;C:\Users\esthe\Downloads\small boiteux 12_\Boit_1205_7_one.mp4;C:\Users\esthe\Downloads\small boiteux 12_\Boit_1205_8_five.mp4;C:\Users\esthe\Downloads\small boiteux 12_\Boit_1205_9_seven.mp4,0.0,33.361;14.067;14.331;21.564;6.399;8.664;23.761;18.197;19.200;7.900;7.064;10.199;28.898,30.000;30.000;30.000;30.000;30.000;30.000;30.000;30.000;30.000;30.000;30.000;30.000;30.000,Boiteux,bending,,,START,161.207,C:\Users\esthe\Downloads\small boiteux 12_\Boit_1205_6_three.mp4,50,NA,
boit_1205,2025-06-05 16:05:44.780,,209.095,Media file(s),player #1:C:\Users\esthe\Downloads\small boiteux 12_\Boi_1205_1_seven.mp4;C:\Users\esthe\Downloads\small boiteux 12_\Boit_1205_10_three.mp4;C:\Users\esthe\Downloads\small boiteux 12_\Boit_1205_11_five.mp4;C:\Users\esthe\Downloads\small boiteux 12_\Boit_1205_12_control.mp4;C:\Users\esthe\Downloads\small boiteux 12_\Boit_1205_13_control.mp4;C:\Users\esthe\Downloads\small boiteux 12_\Boit_1205_2_three.mp4;C:\Users\esthe\Downloads\small boiteux 12_\Boit_1205_3_five.mp4;C:\Users\esthe\Downloads\small boiteux 12_\Boit_1205_4_one.mp4;C:\Users\esthe\Downloads\small boiteux 12_\Boit_1205_5_five.mp4;C:\Users\esthe\Downloads\small boiteux 12_\Boit_1205_6_three.mp4;C:\Users\esthe\Downloads\small boiteux 12_\Boit_1205_7_one.mp4;C:\Users\esthe\Downloads\small boiteux 12_\Boit_1205_8_five.mp4;C:\Users\esthe\Downloads\small boiteux 12_\Boit_1205_9_seven.mp4,0.0,33.361;14.067;14.331;21.564;6.399;8.664;23.761;18.197;19.200;7.900;7.064;10.199;28.898,30.000;30.000;30.000;30.000;30.000;30.000;30.000;30.000;30.000;30.000;30.000;30.000;30.000,Boiteux,grabbing peanut,,,POINT,162.007,C:\Users\esthe\Downloads\small boiteux 12_\Boit_1205_6_three.mp4,74,NA,
boit_1205,2025-06-05 16:05:44.780,,209.095,Media file(s),player #1:C:\Users\esthe\Downloads\small boiteux 12_\Boi_1205_1_seven.mp4;C:\Users\esthe\Downloads\small boiteux 12_\Boit_1205_10_three.mp4;C:\Users\esthe\Downloads\small boiteux 12_\Boit_1205_11_five.mp4;C:\Users\esthe\Downloads\small boiteux 12_\Boit_1205_12_control.mp4;C:\Users\esthe\Downloads\small boiteux 12_\Boit_1205_13_control.mp4;C:\Users\esthe\Downloads\small boiteux 12_\Boit_1205_2_three.mp4;C:\Users\esthe\Downloads\small boiteux 12_\Boit_1205_3_five.mp4;C:\Users\esthe\Downloads\small boiteux 12_\Boit_1205_4_one.mp4;C:\Users\esthe\Downloads\small boiteux 12_\Boit_1205_5_five.mp4;C:\Users\esthe\Downloads\small boiteux 12_\Boit_1205_6_three.mp4;C:\Users\esthe\Downloads\small boiteux 12_\Boit_1205_7_one.mp4;C:\Users\esthe\Downloads\small boiteux 12_\Boit_1205_8_five.mp4;C:\Users\esthe\Downloads\small boiteux 12_\Boit_1205_9_seven.mp4,0.0,33.361;14.067;14.331;21.564;6.399;8.664;23.761;18.197;19.200;7.900;7.064;10.199;28.898,30.000;30.000;30.000;30.000;30.000;30.000;30.000;30.000;30.000;30.000;30.000;30.000;30.000,Boiteux,bending,,,STOP,162.074,C:\Users\esthe\Downloads\small boiteux 12_\Boit_1205_6_three.mp4,76,NA,
boit_1205,2025-06-05 16:05:44.780,,209.095,Media file(s),player #1:C:\Users\esthe\Downloads\small boiteux 12_\Boi_1205_1_seven.mp4;C:\Users\esthe\Downloads\small boiteux 12_\Boit_1205_10_three.mp4;C:\Users\esthe\Downloads\small boiteux 12_\Boit_1205_11_five.mp4;C:\Users\esthe\Downloads\small boiteux 12_\Boit_1205_12_control.mp4;C:\Users\esthe\Downloads\small boiteux 12_\Boit_1205_13_control.mp4;C:\Users\esthe\Downloads\small boiteux 12_\Boit_1205_2_three.mp4;C:\Users\esthe\Downloads\small boiteux 12_\Boit_1205_3_five.mp4;C:\Users\esthe\Downloads\small boiteux 12_\Boit_1205_4_one.mp4;C:\Users\esthe\Downloads\small boiteux 12_\Boit_1205_5_five.mp4;C:\Users\esthe\Downloads\small boiteux 12_\Boit_1205_6_three.mp4;C:\Users\esthe\Downloads\small boiteux 12_\Boit_1205_7_one.mp4;C:\Users\esthe\Downloads\small boiteux 12_\Boit_1205_8_five.mp4;C:\Users\esthe\Downloads\small boiteux 12_\Boit_1205_9_seven.mp4,0.0,33.361;14.067;14.331;21.564;6.399;8.664;23.761;18.197;19.200;7.900;7.064;10.199;28.898,30.000;30.000;30.000;30.000;30.000;30.000;30.000;30.000;30.000;30.000;30.000;30.000;30.000,Boiteux,lifting,,,START,162.107,C:\Users\esthe\Downloads\small boiteux 12_\Boit_1205_6_three.mp4,77,NA,
boit_1205,2025-06-05 16:05:44.780,,209.095,Media file(s),player #1:C:\Users\esthe\Downloads\small boiteux 12_\Boi_1205_1_seven.mp4;C:\Users\esthe\Downloads\small boiteux 12_\Boit_1205_10_three.mp4;C:\Users\esthe\Downloads\small boiteux 12_\Boit_1205_11_five.mp4;C:\Users\esthe\Downloads\small boiteux 12_\Boit_1205_12_control.mp4;C:\Users\esthe\Downloads\small boiteux 12_\Boit_1205_13_control.mp4;C:\Users\esthe\Downloads\small boiteux 12_\Boit_1205_2_three.mp4;C:\Users\esthe\Downloads\small boiteux 12_\Boit_1205_3_five.mp4;C:\Users\esthe\Downloads\small boiteux 12_\Boit_1205_4_one.mp4;C:\Users\esthe\Downloads\small boiteux 12_\Boit_1205_5_five.mp4;C:\Users\esthe\Downloads\small boiteux 12_\Boit_1205_6_three.mp4;C:\Users\esthe\Downloads\small boiteux 12_\Boit_1205_7_one.mp4;C:\Users\esthe\Downloads\small boiteux 12_\Boit_1205_8_five.mp4;C:\Users\esthe\Downloads\small boiteux 12_\Boit_1205_9_seven.mp4,0.0,33.361;14.067;14.331;21.564;6.399;8.664;23.761;18.197;19.200;7.900;7.064;10.199;28.898,30.000;30.000;30.000;30.000;30.000;30.000;30.000;30.000;30.000;30.000;30.000;30.000;30.000,Boiteux,lifting,,,STOP,162.341,C:\Users\esthe\Downloads\small boiteux 12_\Boit_1205_6_three.mp4,84,NA,
boit_1205,2025-06-05 16:05:44.780,,209.095,Media file(s),player #1:C:\Users\esthe\Downloads\small boiteux 12_\Boi_1205_1_seven.mp4;C:\Users\esthe\Downloads\small boiteux 12_\Boit_1205_10_three.mp4;C:\Users\esthe\Downloads\small boiteux 12_\Boit_1205_11_five.mp4;C:\Users\esthe\Downloads\small boiteux 12_\Boit_1205_12_control.mp4;C:\Users\esthe\Downloads\small boiteux 12_\Boit_1205_13_control.mp4;C:\Users\esthe\Downloads\small boiteux 12_\Boit_1205_2_three.mp4;C:\Users\esthe\Downloads\small boiteux 12_\Boit_1205_3_five.mp4;C:\Users\esthe\Downloads\small boiteux 12_\Boit_1205_4_one.mp4;C:\Users\esthe\Downloads\small boiteux 12_\Boit_1205_5_five.mp4;C:\Users\esthe\Downloads\small boiteux 12_\Boit_1205_6_three.mp4;C:\Users\esthe\Downloads\small boiteux 12_\Boit_1205_7_one.mp4;C:\Users\esthe\Downloads\small boiteux 12_\Boit_1205_8_five.mp4;C:\Users\esthe\Downloads\small boiteux 12_\Boit_1205_9_seven.mp4,0.0,33.361;14.067;14.331;21.564;6.399;8.664;23.761;18.197;19.200;7.900;7.064;10.199;28.898,30.000;30.000;30.000;30.000;30.000;30.000;30.000;30.000;30.000;30.000;30.000;30.000;30.000,Boiteux,assessing,,,START,162.774,C:\Users\esthe\Downloads\small boiteux 12_\Boit_1205_6_three.mp4,97,NA,
boit_1205,2025-06-05 16:05:44.780,,209.095,Media file(s),player #1:C:\Users\esthe\Downloads\small boiteux 12_\Boi_1205_1_seven.mp4;C:\Users\esthe\Downloads\small boiteux 12_\Boit_1205_10_three.mp4;C:\Users\esthe\Downloads\small boiteux 12_\Boit_1205_11_five.mp4;C:\Users\esthe\Downloads\small boiteux 12_\Boit_1205_12_control.mp4;C:\Users\esthe\Downloads\small boiteux 12_\Boit_1205_13_control.mp4;C:\Users\esthe\Downloads\small boiteux 12_\Boit_1205_2_three.mp4;C:\Users\esthe\Downloads\small boiteux 12_\Boit_1205_3_five.mp4;C:\Users\esthe\Downloads\small boiteux 12_\Boit_1205_4_one.mp4;C:\Users\esthe\Downloads\small boiteux 12_\Boit_1205_5_five.mp4;C:\Users\esthe\Downloads\small boiteux 12_\Boit_1205_6_three.mp4;C:\Users\esthe\Downloads\small boiteux 12_\Boit_1205_7_one.mp4;C:\Users\esthe\Downloads\small boiteux 12_\Boit_1205_8_five.mp4;C:\Users\esthe\Downloads\small boiteux 12_\Boit_1205_9_seven.mp4,0.0,33.361;14.067;14.331;21.564;6.399;8.664;23.761;18.197;19.200;7.900;7.064;10.199;28.898,30.000;30.000;30.000;30.000;30.000;30.000;30.000;30.000;30.000;30.000;30.000;30.000;30.000,Boiteux,jaw movement,,,POINT,162.841,C:\Users\esthe\Downloads\small boiteux 12_\Boit_1205_6_three.mp4,99,NA,
boit_1205,2025-06-05 16:05:44.780,,209.095,Media file(s),player #1:C:\Users\esthe\Downloads\small boiteux 12_\Boi_1205_1_seven.mp4;C:\Users\esthe\Downloads\small boiteux 12_\Boit_1205_10_three.mp4;C:\Users\esthe\Downloads\small boiteux 12_\Boit_1205_11_five.mp4;C:\Users\esthe\Downloads\small boiteux 12_\Boit_1205_12_control.mp4;C:\Users\esthe\Downloads\small boiteux 12_\Boit_1205_13_control.mp4;C:\Users\esthe\Downloads\small boiteux 12_\Boit_1205_2_three.mp4;C:\Users\esthe\Downloads\small boiteux 12_\Boit_1205_3_five.mp4;C:\Users\esthe\Downloads\small boiteux 12_\Boit_1205_4_one.mp4;C:\Users\esthe\Downloads\small boiteux 12_\Boit_1205_5_five.mp4;C:\Users\esthe\Downloads\small boiteux 12_\Boit_1205_6_three.mp4;C:\Users\esthe\Downloads\small boiteux 12_\Boit_1205_7_one.mp4;C:\Users\esthe\Downloads\small boiteux 12_\Boit_1205_8_five.mp4;C:\Users\esthe\Downloads\small boiteux 12_\Boit_1205_9_seven.mp4,0.0,33.361;14.067;14.331;21.564;6.399;8.664;23.761;18.197;19.200;7.900;7.064;10.199;28.898,30.000;30.000;30.000;30.000;30.000;30.000;30.000;30.000;30.000;30.000;30.000;30.000;30.000,Boiteux,licking,,,POINT,163.207,C:\Users\esthe\Downloads\small boiteux 12_\Boit_1205_6_three.mp4,110,NA,
boit_1205,2025-06-05 16:05:44.780,,209.095,Media file(s),player #1:C:\Users\esthe\Downloads\small boiteux 12_\Boi_1205_1_seven.mp4;C:\Users\esthe\Downloads\small boiteux 12_\Boit_1205_10_three.mp4;C:\Users\esthe\Downloads\small boiteux 12_\Boit_1205_11_five.mp4;C:\Users\esthe\Downloads\small boiteux 12_\Boit_1205_12_control.mp4;C:\Users\esthe\Downloads\small boiteux 12_\Boit_1205_13_control.mp4;C:\Users\esthe\Downloads\small boiteux 12_\Boit_1205_2_three.mp4;C:\Users\esthe\Downloads\small boiteux 12_\Boit_1205_3_five.mp4;C:\Users\esthe\Downloads\small boiteux 12_\Boit_1205_4_one.mp4;C:\Users\esthe\Downloads\small boiteux 12_\Boit_1205_5_five.mp4;C:\Users\esthe\Downloads\small boiteux 12_\Boit_1205_6_three.mp4;C:\Users\esthe\Downloads\small boiteux 12_\Boit_1205_7_one.mp4;C:\Users\esthe\Downloads\small boiteux 12_\Boit_1205_8_five.mp4;C:\Users\esthe\Downloads\small boiteux 12_\Boit_1205_9_seven.mp4,0.0,33.361;14.067;14.331;21.564;6.399;8.664;23.761;18.197;19.200;7.900;7.064;10.199;28.898,30.000;30.000;30.000;30.000;30.000;30.000;30.000;30.000;30.000;30.000;30.000;30.000;30.000,Boiteux,sniffing,,,POINT,163.241,C:\Users\esthe\Downloads\small boiteux 12_\Boit_1205_6_three.mp4,111,NA,
boit_1205,2025-06-05 16:05:44.780,,209.095,Media file(s),player #1:C:\Users\esthe\Downloads\small boiteux 12_\Boi_1205_1_seven.mp4;C:\Users\esthe\Downloads\small boiteux 12_\Boit_1205_10_three.mp4;C:\Users\esthe\Downloads\small boiteux 12_\Boit_1205_11_five.mp4;C:\Users\esthe\Downloads\small boiteux 12_\Boit_1205_12_control.mp4;C:\Users\esthe\Downloads\small boiteux 12_\Boit_1205_13_control.mp4;C:\Users\esthe\Downloads\small boiteux 12_\Boit_1205_2_three.mp4;C:\Users\esthe\Downloads\small boiteux 12_\Boit_1205_3_five.mp4;C:\Users\esthe\Downloads\small boiteux 12_\Boit_1205_4_one.mp4;C:\Users\esthe\Downloads\small boiteux 12_\Boit_1205_5_five.mp4;C:\Users\esthe\Downloads\small boiteux 12_\Boit_1205_6_three.mp4;C:\Users\esthe\Downloads\small boiteux 12_\Boit_1205_7_one.mp4;C:\Users\esthe\Downloads\small boiteux 12_\Boit_1205_8_five.mp4;C:\Users\esthe\Downloads\small boiteux 12_\Boit_1205_9_seven.mp4,0.0,33.361;14.067;14.331;21.564;6.399;8.664;23.761;18.197;19.200;7.900;7.064;10.199;28.898,30.000;30.000;30.000;30.000;30.000;30.000;30.000;30.000;30.000;30.000;30.000;30.000;30.000,Boiteux,rotation,,Horizontal,START,163.307,C:\Users\esthe\Downloads\small boiteux 12_\Boit_1205_6_three.mp4,113,NA,
boit_1205,2025-06-05 16:05:44.780,,209.095,Media file(s),player #1:C:\Users\esthe\Downloads\small boiteux 12_\Boi_1205_1_seven.mp4;C:\Users\esthe\Downloads\small boiteux 12_\Boit_1205_10_three.mp4;C:\Users\esthe\Downloads\small boiteux 12_\Boit_1205_11_five.mp4;C:\Users\esthe\Downloads\small boiteux 12_\Boit_1205_12_control.mp4;C:\Users\esthe\Downloads\small boiteux 12_\Boit_1205_13_control.mp4;C:\Users\esthe\Downloads\small boiteux 12_\Boit_1205_2_three.mp4;C:\Users\esthe\Downloads\small boiteux 12_\Boit_1205_3_five.mp4;C:\Users\esthe\Downloads\small boiteux 12_\Boit_1205_4_one.mp4;C:\Users\esthe\Downloads\small boiteux 12_\Boit_1205_5_five.mp4;C:\Users\esthe\Downloads\small boiteux 12_\Boit_1205_6_three.mp4;C:\Users\esthe\Downloads\small boiteux 12_\Boit_1205_7_one.mp4;C:\Users\esthe\Downloads\small boiteux 12_\Boit_1205_8_five.mp4;C:\Users\esthe\Downloads\small boiteux 12_\Boit_1205_9_seven.mp4,0.0,33.361;14.067;14.331;21.564;6.399;8.664;23.761;18.197;19.200;7.900;7.064;10.199;28.898,30.000;30.000;30.000;30.000;30.000;30.000;30.000;30.000;30.000;30.000;30.000;30.000;30.000,Boiteux,rotation,,Horizontal,STOP,163.541,C:\Users\esthe\Downloads\small boiteux 12_\Boit_1205_6_three.mp4,120,NA,
boit_1205,2025-06-05 16:05:44.780,,209.095,Media file(s),player #1:C:\Users\esthe\Downloads\small boiteux 12_\Boi_1205_1_seven.mp4;C:\Users\esthe\Downloads\small boiteux 12_\Boit_1205_10_three.mp4;C:\Users\esthe\Downloads\small boiteux 12_\Boit_1205_11_five.mp4;C:\Users\esthe\Downloads\small boiteux 12_\Boit_1205_12_control.mp4;C:\Users\esthe\Downloads\small boiteux 12_\Boit_1205_13_control.mp4;C:\Users\esthe\Downloads\small boiteux 12_\Boit_1205_2_three.mp4;C:\Users\esthe\Downloads\small boiteux 12_\Boit_1205_3_five.mp4;C:\Users\esthe\Downloads\small boiteux 12_\Boit_1205_4_one.mp4;C:\Users\esthe\Downloads\small boiteux 12_\Boit_1205_5_five.mp4;C:\Users\esthe\Downloads\small boiteux 12_\Boit_1205_6_three.mp4;C:\Users\esthe\Downloads\small boiteux 12_\Boit_1205_7_one.mp4;C:\Users\esthe\Downloads\small boiteux 12_\Boit_1205_8_five.mp4;C:\Users\esthe\Downloads\small boiteux 12_\Boit_1205_9_seven.mp4,0.0,33.361;14.067;14.331;21.564;6.399;8.664;23.761;18.197;19.200;7.900;7.064;10.199;28.898,30.000;30.000;30.000;30.000;30.000;30.000;30.000;30.000;30.000;30.000;30.000;30.000;30.000,Boiteux,jaw movement,,,POINT,163.607,C:\Users\esthe\Downloads\small boiteux 12_\Boit_1205_6_three.mp4,122,NA,
boit_1205,2025-06-05 16:05:44.780,,209.095,Media file(s),player #1:C:\Users\esthe\Downloads\small boiteux 12_\Boi_1205_1_seven.mp4;C:\Users\esthe\Downloads\small boiteux 12_\Boit_1205_10_three.mp4;C:\Users\esthe\Downloads\small boiteux 12_\Boit_1205_11_five.mp4;C:\Users\esthe\Downloads\small boiteux 12_\Boit_1205_12_control.mp4;C:\Users\esthe\Downloads\small boiteux 12_\Boit_1205_13_control.mp4;C:\Users\esthe\Downloads\small boiteux 12_\Boit_1205_2_three.mp4;C:\Users\esthe\Downloads\small boiteux 12_\Boit_1205_3_five.mp4;C:\Users\esthe\Downloads\small boiteux 12_\Boit_1205_4_one.mp4;C:\Users\esthe\Downloads\small boiteux 12_\Boit_1205_5_five.mp4;C:\Users\esthe\Downloads\small boiteux 12_\Boit_1205_6_three.mp4;C:\Users\esthe\Downloads\small boiteux 12_\Boit_1205_7_one.mp4;C:\Users\esthe\Downloads\small boiteux 12_\Boit_1205_8_five.mp4;C:\Users\esthe\Downloads\small boiteux 12_\Boit_1205_9_seven.mp4,0.0,33.361;14.067;14.331;21.564;6.399;8.664;23.761;18.197;19.200;7.900;7.064;10.199;28.898,30.000;30.000;30.000;30.000;30.000;30.000;30.000;30.000;30.000;30.000;30.000;30.000;30.000,Boiteux,ear clapping,,,POINT,163.741,C:\Users\esthe\Downloads\small boiteux 12_\Boit_1205_6_three.mp4,126,NA,
boit_1205,2025-06-05 16:05:44.780,,209.095,Media file(s),player #1:C:\Users\esthe\Downloads\small boiteux 12_\Boi_1205_1_seven.mp4;C:\Users\esthe\Downloads\small boiteux 12_\Boit_1205_10_three.mp4;C:\Users\esthe\Downloads\small boiteux 12_\Boit_1205_11_five.mp4;C:\Users\esthe\Downloads\small boiteux 12_\Boit_1205_12_control.mp4;C:\Users\esthe\Downloads\small boiteux 12_\Boit_1205_13_control.mp4;C:\Users\esthe\Downloads\small boiteux 12_\Boit_1205_2_three.mp4;C:\Users\esthe\Downloads\small boiteux 12_\Boit_1205_3_five.mp4;C:\Users\esthe\Downloads\small boiteux 12_\Boit_1205_4_one.mp4;C:\Users\esthe\Downloads\small boiteux 12_\Boit_1205_5_five.mp4;C:\Users\esthe\Downloads\small boiteux 12_\Boit_1205_6_three.mp4;C:\Users\esthe\Downloads\small boiteux 12_\Boit_1205_7_one.mp4;C:\Users\esthe\Downloads\small boiteux 12_\Boit_1205_8_five.mp4;C:\Users\esthe\Downloads\small boiteux 12_\Boit_1205_9_seven.mp4,0.0,33.361;14.067;14.331;21.564;6.399;8.664;23.761;18.197;19.200;7.900;7.064;10.199;28.898,30.000;30.000;30.000;30.000;30.000;30.000;30.000;30.000;30.000;30.000;30.000;30.000;30.000,Boiteux,rotation,,Horizontal,START,163.741,C:\Users\esthe\Downloads\small boiteux 12_\Boit_1205_6_three.mp4,126,NA,
boit_1205,2025-06-05 16:05:44.780,,209.095,Media file(s),player #1:C:\Users\esthe\Downloads\small boiteux 12_\Boi_1205_1_seven.mp4;C:\Users\esthe\Downloads\small boiteux 12_\Boit_1205_10_three.mp4;C:\Users\esthe\Downloads\small boiteux 12_\Boit_1205_11_five.mp4;C:\Users\esthe\Downloads\small boiteux 12_\Boit_1205_12_control.mp4;C:\Users\esthe\Downloads\small boiteux 12_\Boit_1205_13_control.mp4;C:\Users\esthe\Downloads\small boiteux 12_\Boit_1205_2_three.mp4;C:\Users\esthe\Downloads\small boiteux 12_\Boit_1205_3_five.mp4;C:\Users\esthe\Downloads\small boiteux 12_\Boit_1205_4_one.mp4;C:\Users\esthe\Downloads\small boiteux 12_\Boit_1205_5_five.mp4;C:\Users\esthe\Downloads\small boiteux 12_\Boit_1205_6_three.mp4;C:\Users\esthe\Downloads\small boiteux 12_\Boit_1205_7_one.mp4;C:\Users\esthe\Downloads\small boiteux 12_\Boit_1205_8_five.mp4;C:\Users\esthe\Downloads\small boiteux 12_\Boit_1205_9_seven.mp4,0.0,33.361;14.067;14.331;21.564;6.399;8.664;23.761;18.197;19.200;7.900;7.064;10.199;28.898,30.000;30.000;30.000;30.000;30.000;30.000;30.000;30.000;30.000;30.000;30.000;30.000;30.000,Boiteux,licking,,,POINT,163.941,C:\Users\esthe\Downloads\small boiteux 12_\Boit_1205_6_three.mp4,132,NA,
boit_1205,2025-06-05 16:05:44.780,,209.095,Media file(s),player #1:C:\Users\esthe\Downloads\small boiteux 12_\Boi_1205_1_seven.mp4;C:\Users\esthe\Downloads\small boiteux 12_\Boit_1205_10_three.mp4;C:\Users\esthe\Downloads\small boiteux 12_\Boit_1205_11_five.mp4;C:\Users\esthe\Downloads\small boiteux 12_\Boit_1205_12_control.mp4;C:\Users\esthe\Downloads\small boiteux 12_\Boit_1205_13_control.mp4;C:\Users\esthe\Downloads\small boiteux 12_\Boit_1205_2_three.mp4;C:\Users\esthe\Downloads\small boiteux 12_\Boit_1205_3_five.mp4;C:\Users\esthe\Downloads\small boiteux 12_\Boit_1205_4_one.mp4;C:\Users\esthe\Downloads\small boiteux 12_\Boit_1205_5_five.mp4;C:\Users\esthe\Downloads\small boiteux 12_\Boit_1205_6_three.mp4;C:\Users\esthe\Downloads\small boiteux 12_\Boit_1205_7_one.mp4;C:\Users\esthe\Downloads\small boiteux 12_\Boit_1205_8_five.mp4;C:\Users\esthe\Downloads\small boiteux 12_\Boit_1205_9_seven.mp4,0.0,33.361;14.067;14.331;21.564;6.399;8.664;23.761;18.197;19.200;7.900;7.064;10.199;28.898,30.000;30.000;30.000;30.000;30.000;30.000;30.000;30.000;30.000;30.000;30.000;30.000;30.000,Boiteux,rotation,,Horizontal,STOP,164.107,C:\Users\esthe\Downloads\small boiteux 12_\Boit_1205_6_three.mp4,137,NA,
boit_1205,2025-06-05 16:05:44.780,,209.095,Media file(s),player #1:C:\Users\esthe\Downloads\small boiteux 12_\Boi_1205_1_seven.mp4;C:\Users\esthe\Downloads\small boiteux 12_\Boit_1205_10_three.mp4;C:\Users\esthe\Downloads\small boiteux 12_\Boit_1205_11_five.mp4;C:\Users\esthe\Downloads\small boiteux 12_\Boit_1205_12_control.mp4;C:\Users\esthe\Downloads\small boiteux 12_\Boit_1205_13_control.mp4;C:\Users\esthe\Downloads\small boiteux 12_\Boit_1205_2_three.mp4;C:\Users\esthe\Downloads\small boiteux 12_\Boit_1205_3_five.mp4;C:\Users\esthe\Downloads\small boiteux 12_\Boit_1205_4_one.mp4;C:\Users\esthe\Downloads\small boiteux 12_\Boit_1205_5_five.mp4;C:\Users\esthe\Downloads\small boiteux 12_\Boit_1205_6_three.mp4;C:\Users\esthe\Downloads\small boiteux 12_\Boit_1205_7_one.mp4;C:\Users\esthe\Downloads\small boiteux 12_\Boit_1205_8_five.mp4;C:\Users\esthe\Downloads\small boiteux 12_\Boit_1205_9_seven.mp4,0.0,33.361;14.067;14.331;21.564;6.399;8.664;23.761;18.197;19.200;7.900;7.064;10.199;28.898,30.000;30.000;30.000;30.000;30.000;30.000;30.000;30.000;30.000;30.000;30.000;30.000;30.000,Boiteux,jaw movement,,,POINT,164.141,C:\Users\esthe\Downloads\small boiteux 12_\Boit_1205_6_three.mp4,138,NA,
boit_1205,2025-06-05 16:05:44.780,,209.095,Media file(s),player #1:C:\Users\esthe\Downloads\small boiteux 12_\Boi_1205_1_seven.mp4;C:\Users\esthe\Downloads\small boiteux 12_\Boit_1205_10_three.mp4;C:\Users\esthe\Downloads\small boiteux 12_\Boit_1205_11_five.mp4;C:\Users\esthe\Downloads\small boiteux 12_\Boit_1205_12_control.mp4;C:\Users\esthe\Downloads\small boiteux 12_\Boit_1205_13_control.mp4;C:\Users\esthe\Downloads\small boiteux 12_\Boit_1205_2_three.mp4;C:\Users\esthe\Downloads\small boiteux 12_\Boit_1205_3_five.mp4;C:\Users\esthe\Downloads\small boiteux 12_\Boit_1205_4_one.mp4;C:\Users\esthe\Downloads\small boiteux 12_\Boit_1205_5_five.mp4;C:\Users\esthe\Downloads\small boiteux 12_\Boit_1205_6_three.mp4;C:\Users\esthe\Downloads\small boiteux 12_\Boit_1205_7_one.mp4;C:\Users\esthe\Downloads\small boiteux 12_\Boit_1205_8_five.mp4;C:\Users\esthe\Downloads\small boiteux 12_\Boit_1205_9_seven.mp4,0.0,33.361;14.067;14.331;21.564;6.399;8.664;23.761;18.197;19.200;7.900;7.064;10.199;28.898,30.000;30.000;30.000;30.000;30.000;30.000;30.000;30.000;30.000;30.000;30.000;30.000;30.000,Boiteux,jaw movement,,,POINT,164.507,C:\Users\esthe\Downloads\small boiteux 12_\Boit_1205_6_three.mp4,149,NA,
boit_1205,2025-06-05 16:05:44.780,,209.095,Media file(s),player #1:C:\Users\esthe\Downloads\small boiteux 12_\Boi_1205_1_seven.mp4;C:\Users\esthe\Downloads\small boiteux 12_\Boit_1205_10_three.mp4;C:\Users\esthe\Downloads\small boiteux 12_\Boit_1205_11_five.mp4;C:\Users\esthe\Downloads\small boiteux 12_\Boit_1205_12_control.mp4;C:\Users\esthe\Downloads\small boiteux 12_\Boit_1205_13_control.mp4;C:\Users\esthe\Downloads\small boiteux 12_\Boit_1205_2_three.mp4;C:\Users\esthe\Downloads\small boiteux 12_\Boit_1205_3_five.mp4;C:\Users\esthe\Downloads\small boiteux 12_\Boit_1205_4_one.mp4;C:\Users\esthe\Downloads\small boiteux 12_\Boit_1205_5_five.mp4;C:\Users\esthe\Downloads\small boiteux 12_\Boit_1205_6_three.mp4;C:\Users\esthe\Downloads\small boiteux 12_\Boit_1205_7_one.mp4;C:\Users\esthe\Downloads\small boiteux 12_\Boit_1205_8_five.mp4;C:\Users\esthe\Downloads\small boiteux 12_\Boit_1205_9_seven.mp4,0.0,33.361;14.067;14.331;21.564;6.399;8.664;23.761;18.197;19.200;7.900;7.064;10.199;28.898,30.000;30.000;30.000;30.000;30.000;30.000;30.000;30.000;30.000;30.000;30.000;30.000;30.000,Boiteux,ear clapping,,,POINT,164.707,C:\Users\esthe\Downloads\small boiteux 12_\Boit_1205_6_three.mp4,155,NA,
boit_1205,2025-06-05 16:05:44.780,,209.095,Media file(s),player #1:C:\Users\esthe\Downloads\small boiteux 12_\Boi_1205_1_seven.mp4;C:\Users\esthe\Downloads\small boiteux 12_\Boit_1205_10_three.mp4;C:\Users\esthe\Downloads\small boiteux 12_\Boit_1205_11_five.mp4;C:\Users\esthe\Downloads\small boiteux 12_\Boit_1205_12_control.mp4;C:\Users\esthe\Downloads\small boiteux 12_\Boit_1205_13_control.mp4;C:\Users\esthe\Downloads\small boiteux 12_\Boit_1205_2_three.mp4;C:\Users\esthe\Downloads\small boiteux 12_\Boit_1205_3_five.mp4;C:\Users\esthe\Downloads\small boiteux 12_\Boit_1205_4_one.mp4;C:\Users\esthe\Downloads\small boiteux 12_\Boit_1205_5_five.mp4;C:\Users\esthe\Downloads\small boiteux 12_\Boit_1205_6_three.mp4;C:\Users\esthe\Downloads\small boiteux 12_\Boit_1205_7_one.mp4;C:\Users\esthe\Downloads\small boiteux 12_\Boit_1205_8_five.mp4;C:\Users\esthe\Downloads\small boiteux 12_\Boit_1205_9_seven.mp4,0.0,33.361;14.067;14.331;21.564;6.399;8.664;23.761;18.197;19.200;7.900;7.064;10.199;28.898,30.000;30.000;30.000;30.000;30.000;30.000;30.000;30.000;30.000;30.000;30.000;30.000;30.000,Boiteux,jaw movement,,,POINT,164.741,C:\Users\esthe\Downloads\small boiteux 12_\Boit_1205_6_three.mp4,156,NA,
boit_1205,2025-06-05 16:05:44.780,,209.095,Media file(s),player #1:C:\Users\esthe\Downloads\small boiteux 12_\Boi_1205_1_seven.mp4;C:\Users\esthe\Downloads\small boiteux 12_\Boit_1205_10_three.mp4;C:\Users\esthe\Downloads\small boiteux 12_\Boit_1205_11_five.mp4;C:\Users\esthe\Downloads\small boiteux 12_\Boit_1205_12_control.mp4;C:\Users\esthe\Downloads\small boiteux 12_\Boit_1205_13_control.mp4;C:\Users\esthe\Downloads\small boiteux 12_\Boit_1205_2_three.mp4;C:\Users\esthe\Downloads\small boiteux 12_\Boit_1205_3_five.mp4;C:\Users\esthe\Downloads\small boiteux 12_\Boit_1205_4_one.mp4;C:\Users\esthe\Downloads\small boiteux 12_\Boit_1205_5_five.mp4;C:\Users\esthe\Downloads\small boiteux 12_\Boit_1205_6_three.mp4;C:\Users\esthe\Downloads\small boiteux 12_\Boit_1205_7_one.mp4;C:\Users\esthe\Downloads\small boiteux 12_\Boit_1205_8_five.mp4;C:\Users\esthe\Downloads\small boiteux 12_\Boit_1205_9_seven.mp4,0.0,33.361;14.067;14.331;21.564;6.399;8.664;23.761;18.197;19.200;7.900;7.064;10.199;28.898,30.000;30.000;30.000;30.000;30.000;30.000;30.000;30.000;30.000;30.000;30.000;30.000;30.000,Boiteux,ear clapping,,,POINT,164.774,C:\Users\esthe\Downloads\small boiteux 12_\Boit_1205_6_three.mp4,157,NA,
boit_1205,2025-06-05 16:05:44.780,,209.095,Media file(s),player #1:C:\Users\esthe\Downloads\small boiteux 12_\Boi_1205_1_seven.mp4;C:\Users\esthe\Downloads\small boiteux 12_\Boit_1205_10_three.mp4;C:\Users\esthe\Downloads\small boiteux 12_\Boit_1205_11_five.mp4;C:\Users\esthe\Downloads\small boiteux 12_\Boit_1205_12_control.mp4;C:\Users\esthe\Downloads\small boiteux 12_\Boit_1205_13_control.mp4;C:\Users\esthe\Downloads\small boiteux 12_\Boit_1205_2_three.mp4;C:\Users\esthe\Downloads\small boiteux 12_\Boit_1205_3_five.mp4;C:\Users\esthe\Downloads\small boiteux 12_\Boit_1205_4_one.mp4;C:\Users\esthe\Downloads\small boiteux 12_\Boit_1205_5_five.mp4;C:\Users\esthe\Downloads\small boiteux 12_\Boit_1205_6_three.mp4;C:\Users\esthe\Downloads\small boiteux 12_\Boit_1205_7_one.mp4;C:\Users\esthe\Downloads\small boiteux 12_\Boit_1205_8_five.mp4;C:\Users\esthe\Downloads\small boiteux 12_\Boit_1205_9_seven.mp4,0.0,33.361;14.067;14.331;21.564;6.399;8.664;23.761;18.197;19.200;7.900;7.064;10.199;28.898,30.000;30.000;30.000;30.000;30.000;30.000;30.000;30.000;30.000;30.000;30.000;30.000;30.000,Boiteux,mouth,,,POINT,164.841,C:\Users\esthe\Downloads\small boiteux 12_\Boit_1205_6_three.mp4,159,NA,
boit_1205,2025-06-05 16:05:44.780,,209.095,Media file(s),player #1:C:\Users\esthe\Downloads\small boiteux 12_\Boi_1205_1_seven.mp4;C:\Users\esthe\Downloads\small boiteux 12_\Boit_1205_10_three.mp4;C:\Users\esthe\Downloads\small boiteux 12_\Boit_1205_11_five.mp4;C:\Users\esthe\Downloads\small boiteux 12_\Boit_1205_12_control.mp4;C:\Users\esthe\Downloads\small boiteux 12_\Boit_1205_13_control.mp4;C:\Users\esthe\Downloads\small boiteux 12_\Boit_1205_2_three.mp4;C:\Users\esthe\Downloads\small boiteux 12_\Boit_1205_3_five.mp4;C:\Users\esthe\Downloads\small boiteux 12_\Boit_1205_4_one.mp4;C:\Users\esthe\Downloads\small boiteux 12_\Boit_1205_5_five.mp4;C:\Users\esthe\Downloads\small boiteux 12_\Boit_1205_6_three.mp4;C:\Users\esthe\Downloads\small boiteux 12_\Boit_1205_7_one.mp4;C:\Users\esthe\Downloads\small boiteux 12_\Boit_1205_8_five.mp4;C:\Users\esthe\Downloads\small boiteux 12_\Boit_1205_9_seven.mp4,0.0,33.361;14.067;14.331;21.564;6.399;8.664;23.761;18.197;19.200;7.900;7.064;10.199;28.898,30.000;30.000;30.000;30.000;30.000;30.000;30.000;30.000;30.000;30.000;30.000;30.000;30.000,Boiteux,assessing,,,STOP,164.874,C:\Users\esthe\Downloads\small boiteux 12_\Boit_1205_6_three.mp4,160,NA,
boit_1205,2025-06-05 16:05:44.780,,209.095,Media file(s),player #1:C:\Users\esthe\Downloads\small boiteux 12_\Boi_1205_1_seven.mp4;C:\Users\esthe\Downloads\small boiteux 12_\Boit_1205_10_three.mp4;C:\Users\esthe\Downloads\small boiteux 12_\Boit_1205_11_five.mp4;C:\Users\esthe\Downloads\small boiteux 12_\Boit_1205_12_control.mp4;C:\Users\esthe\Downloads\small boiteux 12_\Boit_1205_13_control.mp4;C:\Users\esthe\Downloads\small boiteux 12_\Boit_1205_2_three.mp4;C:\Users\esthe\Downloads\small boiteux 12_\Boit_1205_3_five.mp4;C:\Users\esthe\Downloads\small boiteux 12_\Boit_1205_4_one.mp4;C:\Users\esthe\Downloads\small boiteux 12_\Boit_1205_5_five.mp4;C:\Users\esthe\Downloads\small boiteux 12_\Boit_1205_6_three.mp4;C:\Users\esthe\Downloads\small boiteux 12_\Boit_1205_7_one.mp4;C:\Users\esthe\Downloads\small boiteux 12_\Boit_1205_8_five.mp4;C:\Users\esthe\Downloads\small boiteux 12_\Boit_1205_9_seven.mp4,0.0,33.361;14.067;14.331;21.564;6.399;8.664;23.761;18.197;19.200;7.900;7.064;10.199;28.898,30.000;30.000;30.000;30.000;30.000;30.000;30.000;30.000;30.000;30.000;30.000;30.000;30.000,Boiteux,target,,,START,165.041,C:\Users\esthe\Downloads\small boiteux 12_\Boit_1205_6_three.mp4,165,NA,
boit_1205,2025-06-05 16:05:44.780,,209.095,Media file(s),player #1:C:\Users\esthe\Downloads\small boiteux 12_\Boi_1205_1_seven.mp4;C:\Users\esthe\Downloads\small boiteux 12_\Boit_1205_10_three.mp4;C:\Users\esthe\Downloads\small boiteux 12_\Boit_1205_11_five.mp4;C:\Users\esthe\Downloads\small boiteux 12_\Boit_1205_12_control.mp4;C:\Users\esthe\Downloads\small boiteux 12_\Boit_1205_13_control.mp4;C:\Users\esthe\Downloads\small boiteux 12_\Boit_1205_2_three.mp4;C:\Users\esthe\Downloads\small boiteux 12_\Boit_1205_3_five.mp4;C:\Users\esthe\Downloads\small boiteux 12_\Boit_1205_4_one.mp4;C:\Users\esthe\Downloads\small boiteux 12_\Boit_1205_5_five.mp4;C:\Users\esthe\Downloads\small boiteux 12_\Boit_1205_6_three.mp4;C:\Users\esthe\Downloads\small boiteux 12_\Boit_1205_7_one.mp4;C:\Users\esthe\Downloads\small boiteux 12_\Boit_1205_8_five.mp4;C:\Users\esthe\Downloads\small boiteux 12_\Boit_1205_9_seven.mp4,0.0,33.361;14.067;14.331;21.564;6.399;8.664;23.761;18.197;19.200;7.900;7.064;10.199;28.898,30.000;30.000;30.000;30.000;30.000;30.000;30.000;30.000;30.000;30.000;30.000;30.000;30.000,Boiteux,target,,,STOP,167.274,C:\Users\esthe\Downloads\small boiteux 12_\Boit_1205_6_three.mp4,232,NA,
boit_1205,2025-06-05 16:05:44.780,,209.095,Media file(s),player #1:C:\Users\esthe\Downloads\small boiteux 12_\Boi_1205_1_seven.mp4;C:\Users\esthe\Downloads\small boiteux 12_\Boit_1205_10_three.mp4;C:\Users\esthe\Downloads\small boiteux 12_\Boit_1205_11_five.mp4;C:\Users\esthe\Downloads\small boiteux 12_\Boit_1205_12_control.mp4;C:\Users\esthe\Downloads\small boiteux 12_\Boit_1205_13_control.mp4;C:\Users\esthe\Downloads\small boiteux 12_\Boit_1205_2_three.mp4;C:\Users\esthe\Downloads\small boiteux 12_\Boit_1205_3_five.mp4;C:\Users\esthe\Downloads\small boiteux 12_\Boit_1205_4_one.mp4;C:\Users\esthe\Downloads\small boiteux 12_\Boit_1205_5_five.mp4;C:\Users\esthe\Downloads\small boiteux 12_\Boit_1205_6_three.mp4;C:\Users\esthe\Downloads\small boiteux 12_\Boit_1205_7_one.mp4;C:\Users\esthe\Downloads\small boiteux 12_\Boit_1205_8_five.mp4;C:\Users\esthe\Downloads\small boiteux 12_\Boit_1205_9_seven.mp4,0.0,33.361;14.067;14.331;21.564;6.399;8.664;23.761;18.197;19.200;7.900;7.064;10.199;28.898,30.000;30.000;30.000;30.000;30.000;30.000;30.000;30.000;30.000;30.000;30.000;30.000;30.000,Boiteux,explore,,,START,167.908,C:\Users\esthe\Downloads\small boiteux 12_\Boit_1205_7_one.mp4,14,NA,
boit_1205,2025-06-05 16:05:44.780,,209.095,Media file(s),player #1:C:\Users\esthe\Downloads\small boiteux 12_\Boi_1205_1_seven.mp4;C:\Users\esthe\Downloads\small boiteux 12_\Boit_1205_10_three.mp4;C:\Users\esthe\Downloads\small boiteux 12_\Boit_1205_11_five.mp4;C:\Users\esthe\Downloads\small boiteux 12_\Boit_1205_12_control.mp4;C:\Users\esthe\Downloads\small boiteux 12_\Boit_1205_13_control.mp4;C:\Users\esthe\Downloads\small boiteux 12_\Boit_1205_2_three.mp4;C:\Users\esthe\Downloads\small boiteux 12_\Boit_1205_3_five.mp4;C:\Users\esthe\Downloads\small boiteux 12_\Boit_1205_4_one.mp4;C:\Users\esthe\Downloads\small boiteux 12_\Boit_1205_5_five.mp4;C:\Users\esthe\Downloads\small boiteux 12_\Boit_1205_6_three.mp4;C:\Users\esthe\Downloads\small boiteux 12_\Boit_1205_7_one.mp4;C:\Users\esthe\Downloads\small boiteux 12_\Boit_1205_8_five.mp4;C:\Users\esthe\Downloads\small boiteux 12_\Boit_1205_9_seven.mp4,0.0,33.361;14.067;14.331;21.564;6.399;8.664;23.761;18.197;19.200;7.900;7.064;10.199;28.898,30.000;30.000;30.000;30.000;30.000;30.000;30.000;30.000;30.000;30.000;30.000;30.000;30.000,Boiteux,explore,,,STOP,168.541,C:\Users\esthe\Downloads\small boiteux 12_\Boit_1205_7_one.mp4,33,NA,
boit_1205,2025-06-05 16:05:44.780,,209.095,Media file(s),player #1:C:\Users\esthe\Downloads\small boiteux 12_\Boi_1205_1_seven.mp4;C:\Users\esthe\Downloads\small boiteux 12_\Boit_1205_10_three.mp4;C:\Users\esthe\Downloads\small boiteux 12_\Boit_1205_11_five.mp4;C:\Users\esthe\Downloads\small boiteux 12_\Boit_1205_12_control.mp4;C:\Users\esthe\Downloads\small boiteux 12_\Boit_1205_13_control.mp4;C:\Users\esthe\Downloads\small boiteux 12_\Boit_1205_2_three.mp4;C:\Users\esthe\Downloads\small boiteux 12_\Boit_1205_3_five.mp4;C:\Users\esthe\Downloads\small boiteux 12_\Boit_1205_4_one.mp4;C:\Users\esthe\Downloads\small boiteux 12_\Boit_1205_5_five.mp4;C:\Users\esthe\Downloads\small boiteux 12_\Boit_1205_6_three.mp4;C:\Users\esthe\Downloads\small boiteux 12_\Boit_1205_7_one.mp4;C:\Users\esthe\Downloads\small boiteux 12_\Boit_1205_8_five.mp4;C:\Users\esthe\Downloads\small boiteux 12_\Boit_1205_9_seven.mp4,0.0,33.361;14.067;14.331;21.564;6.399;8.664;23.761;18.197;19.200;7.900;7.064;10.199;28.898,30.000;30.000;30.000;30.000;30.000;30.000;30.000;30.000;30.000;30.000;30.000;30.000;30.000,Boiteux,bending,,,START,169.238,C:\Users\esthe\Downloads\small boiteux 12_\Boit_1205_7_one.mp4,54,NA,
boit_1205,2025-06-05 16:05:44.780,,209.095,Media file(s),player #1:C:\Users\esthe\Downloads\small boiteux 12_\Boi_1205_1_seven.mp4;C:\Users\esthe\Downloads\small boiteux 12_\Boit_1205_10_three.mp4;C:\Users\esthe\Downloads\small boiteux 12_\Boit_1205_11_five.mp4;C:\Users\esthe\Downloads\small boiteux 12_\Boit_1205_12_control.mp4;C:\Users\esthe\Downloads\small boiteux 12_\Boit_1205_13_control.mp4;C:\Users\esthe\Downloads\small boiteux 12_\Boit_1205_2_three.mp4;C:\Users\esthe\Downloads\small boiteux 12_\Boit_1205_3_five.mp4;C:\Users\esthe\Downloads\small boiteux 12_\Boit_1205_4_one.mp4;C:\Users\esthe\Downloads\small boiteux 12_\Boit_1205_5_five.mp4;C:\Users\esthe\Downloads\small boiteux 12_\Boit_1205_6_three.mp4;C:\Users\esthe\Downloads\small boiteux 12_\Boit_1205_7_one.mp4;C:\Users\esthe\Downloads\small boiteux 12_\Boit_1205_8_five.mp4;C:\Users\esthe\Downloads\small boiteux 12_\Boit_1205_9_seven.mp4,0.0,33.361;14.067;14.331;21.564;6.399;8.664;23.761;18.197;19.200;7.900;7.064;10.199;28.898,30.000;30.000;30.000;30.000;30.000;30.000;30.000;30.000;30.000;30.000;30.000;30.000;30.000,Boiteux,bending,,,STOP,169.771,C:\Users\esthe\Downloads\small boiteux 12_\Boit_1205_7_one.mp4,70,NA,
boit_1205,2025-06-05 16:05:44.780,,209.095,Media file(s),player #1:C:\Users\esthe\Downloads\small boiteux 12_\Boi_1205_1_seven.mp4;C:\Users\esthe\Downloads\small boiteux 12_\Boit_1205_10_three.mp4;C:\Users\esthe\Downloads\small boiteux 12_\Boit_1205_11_five.mp4;C:\Users\esthe\Downloads\small boiteux 12_\Boit_1205_12_control.mp4;C:\Users\esthe\Downloads\small boiteux 12_\Boit_1205_13_control.mp4;C:\Users\esthe\Downloads\small boiteux 12_\Boit_1205_2_three.mp4;C:\Users\esthe\Downloads\small boiteux 12_\Boit_1205_3_five.mp4;C:\Users\esthe\Downloads\small boiteux 12_\Boit_1205_4_one.mp4;C:\Users\esthe\Downloads\small boiteux 12_\Boit_1205_5_five.mp4;C:\Users\esthe\Downloads\small boiteux 12_\Boit_1205_6_three.mp4;C:\Users\esthe\Downloads\small boiteux 12_\Boit_1205_7_one.mp4;C:\Users\esthe\Downloads\small boiteux 12_\Boit_1205_8_five.mp4;C:\Users\esthe\Downloads\small boiteux 12_\Boit_1205_9_seven.mp4,0.0,33.361;14.067;14.331;21.564;6.399;8.664;23.761;18.197;19.200;7.900;7.064;10.199;28.898,30.000;30.000;30.000;30.000;30.000;30.000;30.000;30.000;30.000;30.000;30.000;30.000;30.000,Boiteux,grabbing peanut,,,POINT,169.771,C:\Users\esthe\Downloads\small boiteux 12_\Boit_1205_7_one.mp4,70,NA,
boit_1205,2025-06-05 16:05:44.780,,209.095,Media file(s),player #1:C:\Users\esthe\Downloads\small boiteux 12_\Boi_1205_1_seven.mp4;C:\Users\esthe\Downloads\small boiteux 12_\Boit_1205_10_three.mp4;C:\Users\esthe\Downloads\small boiteux 12_\Boit_1205_11_five.mp4;C:\Users\esthe\Downloads\small boiteux 12_\Boit_1205_12_control.mp4;C:\Users\esthe\Downloads\small boiteux 12_\Boit_1205_13_control.mp4;C:\Users\esthe\Downloads\small boiteux 12_\Boit_1205_2_three.mp4;C:\Users\esthe\Downloads\small boiteux 12_\Boit_1205_3_five.mp4;C:\Users\esthe\Downloads\small boiteux 12_\Boit_1205_4_one.mp4;C:\Users\esthe\Downloads\small boiteux 12_\Boit_1205_5_five.mp4;C:\Users\esthe\Downloads\small boiteux 12_\Boit_1205_6_three.mp4;C:\Users\esthe\Downloads\small boiteux 12_\Boit_1205_7_one.mp4;C:\Users\esthe\Downloads\small boiteux 12_\Boit_1205_8_five.mp4;C:\Users\esthe\Downloads\small boiteux 12_\Boit_1205_9_seven.mp4,0.0,33.361;14.067;14.331;21.564;6.399;8.664;23.761;18.197;19.200;7.900;7.064;10.199;28.898,30.000;30.000;30.000;30.000;30.000;30.000;30.000;30.000;30.000;30.000;30.000;30.000;30.000,Boiteux,lifting,,,START,169.804,C:\Users\esthe\Downloads\small boiteux 12_\Boit_1205_7_one.mp4,71,NA,
boit_1205,2025-06-05 16:05:44.780,,209.095,Media file(s),player #1:C:\Users\esthe\Downloads\small boiteux 12_\Boi_1205_1_seven.mp4;C:\Users\esthe\Downloads\small boiteux 12_\Boit_1205_10_three.mp4;C:\Users\esthe\Downloads\small boiteux 12_\Boit_1205_11_five.mp4;C:\Users\esthe\Downloads\small boiteux 12_\Boit_1205_12_control.mp4;C:\Users\esthe\Downloads\small boiteux 12_\Boit_1205_13_control.mp4;C:\Users\esthe\Downloads\small boiteux 12_\Boit_1205_2_three.mp4;C:\Users\esthe\Downloads\small boiteux 12_\Boit_1205_3_five.mp4;C:\Users\esthe\Downloads\small boiteux 12_\Boit_1205_4_one.mp4;C:\Users\esthe\Downloads\small boiteux 12_\Boit_1205_5_five.mp4;C:\Users\esthe\Downloads\small boiteux 12_\Boit_1205_6_three.mp4;C:\Users\esthe\Downloads\small boiteux 12_\Boit_1205_7_one.mp4;C:\Users\esthe\Downloads\small boiteux 12_\Boit_1205_8_five.mp4;C:\Users\esthe\Downloads\small boiteux 12_\Boit_1205_9_seven.mp4,0.0,33.361;14.067;14.331;21.564;6.399;8.664;23.761;18.197;19.200;7.900;7.064;10.199;28.898,30.000;30.000;30.000;30.000;30.000;30.000;30.000;30.000;30.000;30.000;30.000;30.000;30.000,Boiteux,lifting,,,STOP,170.004,C:\Users\esthe\Downloads\small boiteux 12_\Boit_1205_7_one.mp4,77,NA,
boit_1205,2025-06-05 16:05:44.780,,209.095,Media file(s),player #1:C:\Users\esthe\Downloads\small boiteux 12_\Boi_1205_1_seven.mp4;C:\Users\esthe\Downloads\small boiteux 12_\Boit_1205_10_three.mp4;C:\Users\esthe\Downloads\small boiteux 12_\Boit_1205_11_five.mp4;C:\Users\esthe\Downloads\small boiteux 12_\Boit_1205_12_control.mp4;C:\Users\esthe\Downloads\small boiteux 12_\Boit_1205_13_control.mp4;C:\Users\esthe\Downloads\small boiteux 12_\Boit_1205_2_three.mp4;C:\Users\esthe\Downloads\small boiteux 12_\Boit_1205_3_five.mp4;C:\Users\esthe\Downloads\small boiteux 12_\Boit_1205_4_one.mp4;C:\Users\esthe\Downloads\small boiteux 12_\Boit_1205_5_five.mp4;C:\Users\esthe\Downloads\small boiteux 12_\Boit_1205_6_three.mp4;C:\Users\esthe\Downloads\small boiteux 12_\Boit_1205_7_one.mp4;C:\Users\esthe\Downloads\small boiteux 12_\Boit_1205_8_five.mp4;C:\Users\esthe\Downloads\small boiteux 12_\Boit_1205_9_seven.mp4,0.0,33.361;14.067;14.331;21.564;6.399;8.664;23.761;18.197;19.200;7.900;7.064;10.199;28.898,30.000;30.000;30.000;30.000;30.000;30.000;30.000;30.000;30.000;30.000;30.000;30.000;30.000,Boiteux,assessing,,,START,170.104,C:\Users\esthe\Downloads\small boiteux 12_\Boit_1205_7_one.mp4,80,NA,
boit_1205,2025-06-05 16:05:44.780,,209.095,Media file(s),player #1:C:\Users\esthe\Downloads\small boiteux 12_\Boi_1205_1_seven.mp4;C:\Users\esthe\Downloads\small boiteux 12_\Boit_1205_10_three.mp4;C:\Users\esthe\Downloads\small boiteux 12_\Boit_1205_11_five.mp4;C:\Users\esthe\Downloads\small boiteux 12_\Boit_1205_12_control.mp4;C:\Users\esthe\Downloads\small boiteux 12_\Boit_1205_13_control.mp4;C:\Users\esthe\Downloads\small boiteux 12_\Boit_1205_2_three.mp4;C:\Users\esthe\Downloads\small boiteux 12_\Boit_1205_3_five.mp4;C:\Users\esthe\Downloads\small boiteux 12_\Boit_1205_4_one.mp4;C:\Users\esthe\Downloads\small boiteux 12_\Boit_1205_5_five.mp4;C:\Users\esthe\Downloads\small boiteux 12_\Boit_1205_6_three.mp4;C:\Users\esthe\Downloads\small boiteux 12_\Boit_1205_7_one.mp4;C:\Users\esthe\Downloads\small boiteux 12_\Boit_1205_8_five.mp4;C:\Users\esthe\Downloads\small boiteux 12_\Boit_1205_9_seven.mp4,0.0,33.361;14.067;14.331;21.564;6.399;8.664;23.761;18.197;19.200;7.900;7.064;10.199;28.898,30.000;30.000;30.000;30.000;30.000;30.000;30.000;30.000;30.000;30.000;30.000;30.000;30.000,Boiteux,jaw movement,,,POINT,170.137,C:\Users\esthe\Downloads\small boiteux 12_\Boit_1205_7_one.mp4,81,NA,
boit_1205,2025-06-05 16:05:44.780,,209.095,Media file(s),player #1:C:\Users\esthe\Downloads\small boiteux 12_\Boi_1205_1_seven.mp4;C:\Users\esthe\Downloads\small boiteux 12_\Boit_1205_10_three.mp4;C:\Users\esthe\Downloads\small boiteux 12_\Boit_1205_11_five.mp4;C:\Users\esthe\Downloads\small boiteux 12_\Boit_1205_12_control.mp4;C:\Users\esthe\Downloads\small boiteux 12_\Boit_1205_13_control.mp4;C:\Users\esthe\Downloads\small boiteux 12_\Boit_1205_2_three.mp4;C:\Users\esthe\Downloads\small boiteux 12_\Boit_1205_3_five.mp4;C:\Users\esthe\Downloads\small boiteux 12_\Boit_1205_4_one.mp4;C:\Users\esthe\Downloads\small boiteux 12_\Boit_1205_5_five.mp4;C:\Users\esthe\Downloads\small boiteux 12_\Boit_1205_6_three.mp4;C:\Users\esthe\Downloads\small boiteux 12_\Boit_1205_7_one.mp4;C:\Users\esthe\Downloads\small boiteux 12_\Boit_1205_8_five.mp4;C:\Users\esthe\Downloads\small boiteux 12_\Boit_1205_9_seven.mp4,0.0,33.361;14.067;14.331;21.564;6.399;8.664;23.761;18.197;19.200;7.900;7.064;10.199;28.898,30.000;30.000;30.000;30.000;30.000;30.000;30.000;30.000;30.000;30.000;30.000;30.000;30.000,Boiteux,teeth-hole contact,,,POINT,170.471,C:\Users\esthe\Downloads\small boiteux 12_\Boit_1205_7_one.mp4,91,NA,
boit_1205,2025-06-05 16:05:44.780,,209.095,Media file(s),player #1:C:\Users\esthe\Downloads\small boiteux 12_\Boi_1205_1_seven.mp4;C:\Users\esthe\Downloads\small boiteux 12_\Boit_1205_10_three.mp4;C:\Users\esthe\Downloads\small boiteux 12_\Boit_1205_11_five.mp4;C:\Users\esthe\Downloads\small boiteux 12_\Boit_1205_12_control.mp4;C:\Users\esthe\Downloads\small boiteux 12_\Boit_1205_13_control.mp4;C:\Users\esthe\Downloads\small boiteux 12_\Boit_1205_2_three.mp4;C:\Users\esthe\Downloads\small boiteux 12_\Boit_1205_3_five.mp4;C:\Users\esthe\Downloads\small boiteux 12_\Boit_1205_4_one.mp4;C:\Users\esthe\Downloads\small boiteux 12_\Boit_1205_5_five.mp4;C:\Users\esthe\Downloads\small boiteux 12_\Boit_1205_6_three.mp4;C:\Users\esthe\Downloads\small boiteux 12_\Boit_1205_7_one.mp4;C:\Users\esthe\Downloads\small boiteux 12_\Boit_1205_8_five.mp4;C:\Users\esthe\Downloads\small boiteux 12_\Boit_1205_9_seven.mp4,0.0,33.361;14.067;14.331;21.564;6.399;8.664;23.761;18.197;19.200;7.900;7.064;10.199;28.898,30.000;30.000;30.000;30.000;30.000;30.000;30.000;30.000;30.000;30.000;30.000;30.000;30.000,Boiteux,rotation,,Horizontal,START,170.538,C:\Users\esthe\Downloads\small boiteux 12_\Boit_1205_7_one.mp4,93,NA,
boit_1205,2025-06-05 16:05:44.780,,209.095,Media file(s),player #1:C:\Users\esthe\Downloads\small boiteux 12_\Boi_1205_1_seven.mp4;C:\Users\esthe\Downloads\small boiteux 12_\Boit_1205_10_three.mp4;C:\Users\esthe\Downloads\small boiteux 12_\Boit_1205_11_five.mp4;C:\Users\esthe\Downloads\small boiteux 12_\Boit_1205_12_control.mp4;C:\Users\esthe\Downloads\small boiteux 12_\Boit_1205_13_control.mp4;C:\Users\esthe\Downloads\small boiteux 12_\Boit_1205_2_three.mp4;C:\Users\esthe\Downloads\small boiteux 12_\Boit_1205_3_five.mp4;C:\Users\esthe\Downloads\small boiteux 12_\Boit_1205_4_one.mp4;C:\Users\esthe\Downloads\small boiteux 12_\Boit_1205_5_five.mp4;C:\Users\esthe\Downloads\small boiteux 12_\Boit_1205_6_three.mp4;C:\Users\esthe\Downloads\small boiteux 12_\Boit_1205_7_one.mp4;C:\Users\esthe\Downloads\small boiteux 12_\Boit_1205_8_five.mp4;C:\Users\esthe\Downloads\small boiteux 12_\Boit_1205_9_seven.mp4,0.0,33.361;14.067;14.331;21.564;6.399;8.664;23.761;18.197;19.200;7.900;7.064;10.199;28.898,30.000;30.000;30.000;30.000;30.000;30.000;30.000;30.000;30.000;30.000;30.000;30.000;30.000,Boiteux,rotation,,Horizontal,STOP,170.738,C:\Users\esthe\Downloads\small boiteux 12_\Boit_1205_7_one.mp4,99,NA,
boit_1205,2025-06-05 16:05:44.780,,209.095,Media file(s),player #1:C:\Users\esthe\Downloads\small boiteux 12_\Boi_1205_1_seven.mp4;C:\Users\esthe\Downloads\small boiteux 12_\Boit_1205_10_three.mp4;C:\Users\esthe\Downloads\small boiteux 12_\Boit_1205_11_five.mp4;C:\Users\esthe\Downloads\small boiteux 12_\Boit_1205_12_control.mp4;C:\Users\esthe\Downloads\small boiteux 12_\Boit_1205_13_control.mp4;C:\Users\esthe\Downloads\small boiteux 12_\Boit_1205_2_three.mp4;C:\Users\esthe\Downloads\small boiteux 12_\Boit_1205_3_five.mp4;C:\Users\esthe\Downloads\small boiteux 12_\Boit_1205_4_one.mp4;C:\Users\esthe\Downloads\small boiteux 12_\Boit_1205_5_five.mp4;C:\Users\esthe\Downloads\small boiteux 12_\Boit_1205_6_three.mp4;C:\Users\esthe\Downloads\small boiteux 12_\Boit_1205_7_one.mp4;C:\Users\esthe\Downloads\small boiteux 12_\Boit_1205_8_five.mp4;C:\Users\esthe\Downloads\small boiteux 12_\Boit_1205_9_seven.mp4,0.0,33.361;14.067;14.331;21.564;6.399;8.664;23.761;18.197;19.200;7.900;7.064;10.199;28.898,30.000;30.000;30.000;30.000;30.000;30.000;30.000;30.000;30.000;30.000;30.000;30.000;30.000,Boiteux,teeth-hole contact,,,POINT,170.738,C:\Users\esthe\Downloads\small boiteux 12_\Boit_1205_7_one.mp4,99,NA,
boit_1205,2025-06-05 16:05:44.780,,209.095,Media file(s),player #1:C:\Users\esthe\Downloads\small boiteux 12_\Boi_1205_1_seven.mp4;C:\Users\esthe\Downloads\small boiteux 12_\Boit_1205_10_three.mp4;C:\Users\esthe\Downloads\small boiteux 12_\Boit_1205_11_five.mp4;C:\Users\esthe\Downloads\small boiteux 12_\Boit_1205_12_control.mp4;C:\Users\esthe\Downloads\small boiteux 12_\Boit_1205_13_control.mp4;C:\Users\esthe\Downloads\small boiteux 12_\Boit_1205_2_three.mp4;C:\Users\esthe\Downloads\small boiteux 12_\Boit_1205_3_five.mp4;C:\Users\esthe\Downloads\small boiteux 12_\Boit_1205_4_one.mp4;C:\Users\esthe\Downloads\small boiteux 12_\Boit_1205_5_five.mp4;C:\Users\esthe\Downloads\small boiteux 12_\Boit_1205_6_three.mp4;C:\Users\esthe\Downloads\small boiteux 12_\Boit_1205_7_one.mp4;C:\Users\esthe\Downloads\small boiteux 12_\Boit_1205_8_five.mp4;C:\Users\esthe\Downloads\small boiteux 12_\Boit_1205_9_seven.mp4,0.0,33.361;14.067;14.331;21.564;6.399;8.664;23.761;18.197;19.200;7.900;7.064;10.199;28.898,30.000;30.000;30.000;30.000;30.000;30.000;30.000;30.000;30.000;30.000;30.000;30.000;30.000,Boiteux,translational movement,,,POINT,170.838,C:\Users\esthe\Downloads\small boiteux 12_\Boit_1205_7_one.mp4,102,NA,
boit_1205,2025-06-05 16:05:44.780,,209.095,Media file(s),player #1:C:\Users\esthe\Downloads\small boiteux 12_\Boi_1205_1_seven.mp4;C:\Users\esthe\Downloads\small boiteux 12_\Boit_1205_10_three.mp4;C:\Users\esthe\Downloads\small boiteux 12_\Boit_1205_11_five.mp4;C:\Users\esthe\Downloads\small boiteux 12_\Boit_1205_12_control.mp4;C:\Users\esthe\Downloads\small boiteux 12_\Boit_1205_13_control.mp4;C:\Users\esthe\Downloads\small boiteux 12_\Boit_1205_2_three.mp4;C:\Users\esthe\Downloads\small boiteux 12_\Boit_1205_3_five.mp4;C:\Users\esthe\Downloads\small boiteux 12_\Boit_1205_4_one.mp4;C:\Users\esthe\Downloads\small boiteux 12_\Boit_1205_5_five.mp4;C:\Users\esthe\Downloads\small boiteux 12_\Boit_1205_6_three.mp4;C:\Users\esthe\Downloads\small boiteux 12_\Boit_1205_7_one.mp4;C:\Users\esthe\Downloads\small boiteux 12_\Boit_1205_8_five.mp4;C:\Users\esthe\Downloads\small boiteux 12_\Boit_1205_9_seven.mp4,0.0,33.361;14.067;14.331;21.564;6.399;8.664;23.761;18.197;19.200;7.900;7.064;10.199;28.898,30.000;30.000;30.000;30.000;30.000;30.000;30.000;30.000;30.000;30.000;30.000;30.000;30.000,Boiteux,jaw movement,,,POINT,170.904,C:\Users\esthe\Downloads\small boiteux 12_\Boit_1205_7_one.mp4,104,NA,
boit_1205,2025-06-05 16:05:44.780,,209.095,Media file(s),player #1:C:\Users\esthe\Downloads\small boiteux 12_\Boi_1205_1_seven.mp4;C:\Users\esthe\Downloads\small boiteux 12_\Boit_1205_10_three.mp4;C:\Users\esthe\Downloads\small boiteux 12_\Boit_1205_11_five.mp4;C:\Users\esthe\Downloads\small boiteux 12_\Boit_1205_12_control.mp4;C:\Users\esthe\Downloads\small boiteux 12_\Boit_1205_13_control.mp4;C:\Users\esthe\Downloads\small boiteux 12_\Boit_1205_2_three.mp4;C:\Users\esthe\Downloads\small boiteux 12_\Boit_1205_3_five.mp4;C:\Users\esthe\Downloads\small boiteux 12_\Boit_1205_4_one.mp4;C:\Users\esthe\Downloads\small boiteux 12_\Boit_1205_5_five.mp4;C:\Users\esthe\Downloads\small boiteux 12_\Boit_1205_6_three.mp4;C:\Users\esthe\Downloads\small boiteux 12_\Boit_1205_7_one.mp4;C:\Users\esthe\Downloads\small boiteux 12_\Boit_1205_8_five.mp4;C:\Users\esthe\Downloads\small boiteux 12_\Boit_1205_9_seven.mp4,0.0,33.361;14.067;14.331;21.564;6.399;8.664;23.761;18.197;19.200;7.900;7.064;10.199;28.898,30.000;30.000;30.000;30.000;30.000;30.000;30.000;30.000;30.000;30.000;30.000;30.000;30.000,Boiteux,teeth-hole contact,,,POINT,171.071,C:\Users\esthe\Downloads\small boiteux 12_\Boit_1205_7_one.mp4,109,NA,
boit_1205,2025-06-05 16:05:44.780,,209.095,Media file(s),player #1:C:\Users\esthe\Downloads\small boiteux 12_\Boi_1205_1_seven.mp4;C:\Users\esthe\Downloads\small boiteux 12_\Boit_1205_10_three.mp4;C:\Users\esthe\Downloads\small boiteux 12_\Boit_1205_11_five.mp4;C:\Users\esthe\Downloads\small boiteux 12_\Boit_1205_12_control.mp4;C:\Users\esthe\Downloads\small boiteux 12_\Boit_1205_13_control.mp4;C:\Users\esthe\Downloads\small boiteux 12_\Boit_1205_2_three.mp4;C:\Users\esthe\Downloads\small boiteux 12_\Boit_1205_3_five.mp4;C:\Users\esthe\Downloads\small boiteux 12_\Boit_1205_4_one.mp4;C:\Users\esthe\Downloads\small boiteux 12_\Boit_1205_5_five.mp4;C:\Users\esthe\Downloads\small boiteux 12_\Boit_1205_6_three.mp4;C:\Users\esthe\Downloads\small boiteux 12_\Boit_1205_7_one.mp4;C:\Users\esthe\Downloads\small boiteux 12_\Boit_1205_8_five.mp4;C:\Users\esthe\Downloads\small boiteux 12_\Boit_1205_9_seven.mp4,0.0,33.361;14.067;14.331;21.564;6.399;8.664;23.761;18.197;19.200;7.900;7.064;10.199;28.898,30.000;30.000;30.000;30.000;30.000;30.000;30.000;30.000;30.000;30.000;30.000;30.000;30.000,Boiteux,teeth-hole contact,,,POINT,171.338,C:\Users\esthe\Downloads\small boiteux 12_\Boit_1205_7_one.mp4,117,NA,
boit_1205,2025-06-05 16:05:44.780,,209.095,Media file(s),player #1:C:\Users\esthe\Downloads\small boiteux 12_\Boi_1205_1_seven.mp4;C:\Users\esthe\Downloads\small boiteux 12_\Boit_1205_10_three.mp4;C:\Users\esthe\Downloads\small boiteux 12_\Boit_1205_11_five.mp4;C:\Users\esthe\Downloads\small boiteux 12_\Boit_1205_12_control.mp4;C:\Users\esthe\Downloads\small boiteux 12_\Boit_1205_13_control.mp4;C:\Users\esthe\Downloads\small boiteux 12_\Boit_1205_2_three.mp4;C:\Users\esthe\Downloads\small boiteux 12_\Boit_1205_3_five.mp4;C:\Users\esthe\Downloads\small boiteux 12_\Boit_1205_4_one.mp4;C:\Users\esthe\Downloads\small boiteux 12_\Boit_1205_5_five.mp4;C:\Users\esthe\Downloads\small boiteux 12_\Boit_1205_6_three.mp4;C:\Users\esthe\Downloads\small boiteux 12_\Boit_1205_7_one.mp4;C:\Users\esthe\Downloads\small boiteux 12_\Boit_1205_8_five.mp4;C:\Users\esthe\Downloads\small boiteux 12_\Boit_1205_9_seven.mp4,0.0,33.361;14.067;14.331;21.564;6.399;8.664;23.761;18.197;19.200;7.900;7.064;10.199;28.898,30.000;30.000;30.000;30.000;30.000;30.000;30.000;30.000;30.000;30.000;30.000;30.000;30.000,Boiteux,assessing,,,STOP,171.438,C:\Users\esthe\Downloads\small boiteux 12_\Boit_1205_7_one.mp4,120,NA,
boit_1205,2025-06-05 16:05:44.780,,209.095,Media file(s),player #1:C:\Users\esthe\Downloads\small boiteux 12_\Boi_1205_1_seven.mp4;C:\Users\esthe\Downloads\small boiteux 12_\Boit_1205_10_three.mp4;C:\Users\esthe\Downloads\small boiteux 12_\Boit_1205_11_five.mp4;C:\Users\esthe\Downloads\small boiteux 12_\Boit_1205_12_control.mp4;C:\Users\esthe\Downloads\small boiteux 12_\Boit_1205_13_control.mp4;C:\Users\esthe\Downloads\small boiteux 12_\Boit_1205_2_three.mp4;C:\Users\esthe\Downloads\small boiteux 12_\Boit_1205_3_five.mp4;C:\Users\esthe\Downloads\small boiteux 12_\Boit_1205_4_one.mp4;C:\Users\esthe\Downloads\small boiteux 12_\Boit_1205_5_five.mp4;C:\Users\esthe\Downloads\small boiteux 12_\Boit_1205_6_three.mp4;C:\Users\esthe\Downloads\small boiteux 12_\Boit_1205_7_one.mp4;C:\Users\esthe\Downloads\small boiteux 12_\Boit_1205_8_five.mp4;C:\Users\esthe\Downloads\small boiteux 12_\Boit_1205_9_seven.mp4,0.0,33.361;14.067;14.331;21.564;6.399;8.664;23.761;18.197;19.200;7.900;7.064;10.199;28.898,30.000;30.000;30.000;30.000;30.000;30.000;30.000;30.000;30.000;30.000;30.000;30.000;30.000,Boiteux,translational movement,,,POINT,171.604,C:\Users\esthe\Downloads\small boiteux 12_\Boit_1205_7_one.mp4,125,NA,
boit_1205,2025-06-05 16:05:44.780,,209.095,Media file(s),player #1:C:\Users\esthe\Downloads\small boiteux 12_\Boi_1205_1_seven.mp4;C:\Users\esthe\Downloads\small boiteux 12_\Boit_1205_10_three.mp4;C:\Users\esthe\Downloads\small boiteux 12_\Boit_1205_11_five.mp4;C:\Users\esthe\Downloads\small boiteux 12_\Boit_1205_12_control.mp4;C:\Users\esthe\Downloads\small boiteux 12_\Boit_1205_13_control.mp4;C:\Users\esthe\Downloads\small boiteux 12_\Boit_1205_2_three.mp4;C:\Users\esthe\Downloads\small boiteux 12_\Boit_1205_3_five.mp4;C:\Users\esthe\Downloads\small boiteux 12_\Boit_1205_4_one.mp4;C:\Users\esthe\Downloads\small boiteux 12_\Boit_1205_5_five.mp4;C:\Users\esthe\Downloads\small boiteux 12_\Boit_1205_6_three.mp4;C:\Users\esthe\Downloads\small boiteux 12_\Boit_1205_7_one.mp4;C:\Users\esthe\Downloads\small boiteux 12_\Boit_1205_8_five.mp4;C:\Users\esthe\Downloads\small boiteux 12_\Boit_1205_9_seven.mp4,0.0,33.361;14.067;14.331;21.564;6.399;8.664;23.761;18.197;19.200;7.900;7.064;10.199;28.898,30.000;30.000;30.000;30.000;30.000;30.000;30.000;30.000;30.000;30.000;30.000;30.000;30.000,Boiteux,peeling,,,START,171.771,C:\Users\esthe\Downloads\small boiteux 12_\Boit_1205_7_one.mp4,130,NA,
boit_1205,2025-06-05 16:05:44.780,,209.095,Media file(s),player #1:C:\Users\esthe\Downloads\small boiteux 12_\Boi_1205_1_seven.mp4;C:\Users\esthe\Downloads\small boiteux 12_\Boit_1205_10_three.mp4;C:\Users\esthe\Downloads\small boiteux 12_\Boit_1205_11_five.mp4;C:\Users\esthe\Downloads\small boiteux 12_\Boit_1205_12_control.mp4;C:\Users\esthe\Downloads\small boiteux 12_\Boit_1205_13_control.mp4;C:\Users\esthe\Downloads\small boiteux 12_\Boit_1205_2_three.mp4;C:\Users\esthe\Downloads\small boiteux 12_\Boit_1205_3_five.mp4;C:\Users\esthe\Downloads\small boiteux 12_\Boit_1205_4_one.mp4;C:\Users\esthe\Downloads\small boiteux 12_\Boit_1205_5_five.mp4;C:\Users\esthe\Downloads\small boiteux 12_\Boit_1205_6_three.mp4;C:\Users\esthe\Downloads\small boiteux 12_\Boit_1205_7_one.mp4;C:\Users\esthe\Downloads\small boiteux 12_\Boit_1205_8_five.mp4;C:\Users\esthe\Downloads\small boiteux 12_\Boit_1205_9_seven.mp4,0.0,33.361;14.067;14.331;21.564;6.399;8.664;23.761;18.197;19.200;7.900;7.064;10.199;28.898,30.000;30.000;30.000;30.000;30.000;30.000;30.000;30.000;30.000;30.000;30.000;30.000;30.000,Boiteux,jaw movement,,,POINT,171.804,C:\Users\esthe\Downloads\small boiteux 12_\Boit_1205_7_one.mp4,131,NA,
boit_1205,2025-06-05 16:05:44.780,,209.095,Media file(s),player #1:C:\Users\esthe\Downloads\small boiteux 12_\Boi_1205_1_seven.mp4;C:\Users\esthe\Downloads\small boiteux 12_\Boit_1205_10_three.mp4;C:\Users\esthe\Downloads\small boiteux 12_\Boit_1205_11_five.mp4;C:\Users\esthe\Downloads\small boiteux 12_\Boit_1205_12_control.mp4;C:\Users\esthe\Downloads\small boiteux 12_\Boit_1205_13_control.mp4;C:\Users\esthe\Downloads\small boiteux 12_\Boit_1205_2_three.mp4;C:\Users\esthe\Downloads\small boiteux 12_\Boit_1205_3_five.mp4;C:\Users\esthe\Downloads\small boiteux 12_\Boit_1205_4_one.mp4;C:\Users\esthe\Downloads\small boiteux 12_\Boit_1205_5_five.mp4;C:\Users\esthe\Downloads\small boiteux 12_\Boit_1205_6_three.mp4;C:\Users\esthe\Downloads\small boiteux 12_\Boit_1205_7_one.mp4;C:\Users\esthe\Downloads\small boiteux 12_\Boit_1205_8_five.mp4;C:\Users\esthe\Downloads\small boiteux 12_\Boit_1205_9_seven.mp4,0.0,33.361;14.067;14.331;21.564;6.399;8.664;23.761;18.197;19.200;7.900;7.064;10.199;28.898,30.000;30.000;30.000;30.000;30.000;30.000;30.000;30.000;30.000;30.000;30.000;30.000;30.000,Boiteux,jaw movement,,,POINT,172.138,C:\Users\esthe\Downloads\small boiteux 12_\Boit_1205_7_one.mp4,141,NA,
boit_1205,2025-06-05 16:05:44.780,,209.095,Media file(s),player #1:C:\Users\esthe\Downloads\small boiteux 12_\Boi_1205_1_seven.mp4;C:\Users\esthe\Downloads\small boiteux 12_\Boit_1205_10_three.mp4;C:\Users\esthe\Downloads\small boiteux 12_\Boit_1205_11_five.mp4;C:\Users\esthe\Downloads\small boiteux 12_\Boit_1205_12_control.mp4;C:\Users\esthe\Downloads\small boiteux 12_\Boit_1205_13_control.mp4;C:\Users\esthe\Downloads\small boiteux 12_\Boit_1205_2_three.mp4;C:\Users\esthe\Downloads\small boiteux 12_\Boit_1205_3_five.mp4;C:\Users\esthe\Downloads\small boiteux 12_\Boit_1205_4_one.mp4;C:\Users\esthe\Downloads\small boiteux 12_\Boit_1205_5_five.mp4;C:\Users\esthe\Downloads\small boiteux 12_\Boit_1205_6_three.mp4;C:\Users\esthe\Downloads\small boiteux 12_\Boit_1205_7_one.mp4;C:\Users\esthe\Downloads\small boiteux 12_\Boit_1205_8_five.mp4;C:\Users\esthe\Downloads\small boiteux 12_\Boit_1205_9_seven.mp4,0.0,33.361;14.067;14.331;21.564;6.399;8.664;23.761;18.197;19.200;7.900;7.064;10.199;28.898,30.000;30.000;30.000;30.000;30.000;30.000;30.000;30.000;30.000;30.000;30.000;30.000;30.000,Boiteux,jaw movement,,,POINT,172.304,C:\Users\esthe\Downloads\small boiteux 12_\Boit_1205_7_one.mp4,146,NA,
boit_1205,2025-06-05 16:05:44.780,,209.095,Media file(s),player #1:C:\Users\esthe\Downloads\small boiteux 12_\Boi_1205_1_seven.mp4;C:\Users\esthe\Downloads\small boiteux 12_\Boit_1205_10_three.mp4;C:\Users\esthe\Downloads\small boiteux 12_\Boit_1205_11_five.mp4;C:\Users\esthe\Downloads\small boiteux 12_\Boit_1205_12_control.mp4;C:\Users\esthe\Downloads\small boiteux 12_\Boit_1205_13_control.mp4;C:\Users\esthe\Downloads\small boiteux 12_\Boit_1205_2_three.mp4;C:\Users\esthe\Downloads\small boiteux 12_\Boit_1205_3_five.mp4;C:\Users\esthe\Downloads\small boiteux 12_\Boit_1205_4_one.mp4;C:\Users\esthe\Downloads\small boiteux 12_\Boit_1205_5_five.mp4;C:\Users\esthe\Downloads\small boiteux 12_\Boit_1205_6_three.mp4;C:\Users\esthe\Downloads\small boiteux 12_\Boit_1205_7_one.mp4;C:\Users\esthe\Downloads\small boiteux 12_\Boit_1205_8_five.mp4;C:\Users\esthe\Downloads\small boiteux 12_\Boit_1205_9_seven.mp4,0.0,33.361;14.067;14.331;21.564;6.399;8.664;23.761;18.197;19.200;7.900;7.064;10.199;28.898,30.000;30.000;30.000;30.000;30.000;30.000;30.000;30.000;30.000;30.000;30.000;30.000;30.000,Boiteux,jaw movement,,,POINT,172.538,C:\Users\esthe\Downloads\small boiteux 12_\Boit_1205_7_one.mp4,153,NA,
boit_1205,2025-06-05 16:05:44.780,,209.095,Media file(s),player #1:C:\Users\esthe\Downloads\small boiteux 12_\Boi_1205_1_seven.mp4;C:\Users\esthe\Downloads\small boiteux 12_\Boit_1205_10_three.mp4;C:\Users\esthe\Downloads\small boiteux 12_\Boit_1205_11_five.mp4;C:\Users\esthe\Downloads\small boiteux 12_\Boit_1205_12_control.mp4;C:\Users\esthe\Downloads\small boiteux 12_\Boit_1205_13_control.mp4;C:\Users\esthe\Downloads\small boiteux 12_\Boit_1205_2_three.mp4;C:\Users\esthe\Downloads\small boiteux 12_\Boit_1205_3_five.mp4;C:\Users\esthe\Downloads\small boiteux 12_\Boit_1205_4_one.mp4;C:\Users\esthe\Downloads\small boiteux 12_\Boit_1205_5_five.mp4;C:\Users\esthe\Downloads\small boiteux 12_\Boit_1205_6_three.mp4;C:\Users\esthe\Downloads\small boiteux 12_\Boit_1205_7_one.mp4;C:\Users\esthe\Downloads\small boiteux 12_\Boit_1205_8_five.mp4;C:\Users\esthe\Downloads\small boiteux 12_\Boit_1205_9_seven.mp4,0.0,33.361;14.067;14.331;21.564;6.399;8.664;23.761;18.197;19.200;7.900;7.064;10.199;28.898,30.000;30.000;30.000;30.000;30.000;30.000;30.000;30.000;30.000;30.000;30.000;30.000;30.000,Boiteux,jaw movement,,,POINT,172.804,C:\Users\esthe\Downloads\small boiteux 12_\Boit_1205_7_one.mp4,161,NA,
boit_1205,2025-06-05 16:05:44.780,,209.095,Media file(s),player #1:C:\Users\esthe\Downloads\small boiteux 12_\Boi_1205_1_seven.mp4;C:\Users\esthe\Downloads\small boiteux 12_\Boit_1205_10_three.mp4;C:\Users\esthe\Downloads\small boiteux 12_\Boit_1205_11_five.mp4;C:\Users\esthe\Downloads\small boiteux 12_\Boit_1205_12_control.mp4;C:\Users\esthe\Downloads\small boiteux 12_\Boit_1205_13_control.mp4;C:\Users\esthe\Downloads\small boiteux 12_\Boit_1205_2_three.mp4;C:\Users\esthe\Downloads\small boiteux 12_\Boit_1205_3_five.mp4;C:\Users\esthe\Downloads\small boiteux 12_\Boit_1205_4_one.mp4;C:\Users\esthe\Downloads\small boiteux 12_\Boit_1205_5_five.mp4;C:\Users\esthe\Downloads\small boiteux 12_\Boit_1205_6_three.mp4;C:\Users\esthe\Downloads\small boiteux 12_\Boit_1205_7_one.mp4;C:\Users\esthe\Downloads\small boiteux 12_\Boit_1205_8_five.mp4;C:\Users\esthe\Downloads\small boiteux 12_\Boit_1205_9_seven.mp4,0.0,33.361;14.067;14.331;21.564;6.399;8.664;23.761;18.197;19.200;7.900;7.064;10.199;28.898,30.000;30.000;30.000;30.000;30.000;30.000;30.000;30.000;30.000;30.000;30.000;30.000;30.000,Boiteux,jaw movement,,,POINT,173.205,C:\Users\esthe\Downloads\small boiteux 12_\Boit_1205_7_one.mp4,173,NA,
boit_1205,2025-06-05 16:05:44.780,,209.095,Media file(s),player #1:C:\Users\esthe\Downloads\small boiteux 12_\Boi_1205_1_seven.mp4;C:\Users\esthe\Downloads\small boiteux 12_\Boit_1205_10_three.mp4;C:\Users\esthe\Downloads\small boiteux 12_\Boit_1205_11_five.mp4;C:\Users\esthe\Downloads\small boiteux 12_\Boit_1205_12_control.mp4;C:\Users\esthe\Downloads\small boiteux 12_\Boit_1205_13_control.mp4;C:\Users\esthe\Downloads\small boiteux 12_\Boit_1205_2_three.mp4;C:\Users\esthe\Downloads\small boiteux 12_\Boit_1205_3_five.mp4;C:\Users\esthe\Downloads\small boiteux 12_\Boit_1205_4_one.mp4;C:\Users\esthe\Downloads\small boiteux 12_\Boit_1205_5_five.mp4;C:\Users\esthe\Downloads\small boiteux 12_\Boit_1205_6_three.mp4;C:\Users\esthe\Downloads\small boiteux 12_\Boit_1205_7_one.mp4;C:\Users\esthe\Downloads\small boiteux 12_\Boit_1205_8_five.mp4;C:\Users\esthe\Downloads\small boiteux 12_\Boit_1205_9_seven.mp4,0.0,33.361;14.067;14.331;21.564;6.399;8.664;23.761;18.197;19.200;7.900;7.064;10.199;28.898,30.000;30.000;30.000;30.000;30.000;30.000;30.000;30.000;30.000;30.000;30.000;30.000;30.000,Boiteux,jaw movement,,,POINT,173.638,C:\Users\esthe\Downloads\small boiteux 12_\Boit_1205_7_one.mp4,186,NA,
boit_1205,2025-06-05 16:05:44.780,,209.095,Media file(s),player #1:C:\Users\esthe\Downloads\small boiteux 12_\Boi_1205_1_seven.mp4;C:\Users\esthe\Downloads\small boiteux 12_\Boit_1205_10_three.mp4;C:\Users\esthe\Downloads\small boiteux 12_\Boit_1205_11_five.mp4;C:\Users\esthe\Downloads\small boiteux 12_\Boit_1205_12_control.mp4;C:\Users\esthe\Downloads\small boiteux 12_\Boit_1205_13_control.mp4;C:\Users\esthe\Downloads\small boiteux 12_\Boit_1205_2_three.mp4;C:\Users\esthe\Downloads\small boiteux 12_\Boit_1205_3_five.mp4;C:\Users\esthe\Downloads\small boiteux 12_\Boit_1205_4_one.mp4;C:\Users\esthe\Downloads\small boiteux 12_\Boit_1205_5_five.mp4;C:\Users\esthe\Downloads\small boiteux 12_\Boit_1205_6_three.mp4;C:\Users\esthe\Downloads\small boiteux 12_\Boit_1205_7_one.mp4;C:\Users\esthe\Downloads\small boiteux 12_\Boit_1205_8_five.mp4;C:\Users\esthe\Downloads\small boiteux 12_\Boit_1205_9_seven.mp4,0.0,33.361;14.067;14.331;21.564;6.399;8.664;23.761;18.197;19.200;7.900;7.064;10.199;28.898,30.000;30.000;30.000;30.000;30.000;30.000;30.000;30.000;30.000;30.000;30.000;30.000;30.000,Boiteux,peeling,,,STOP,174.105,C:\Users\esthe\Downloads\small boiteux 12_\Boit_1205_7_one.mp4,200,NA,
boit_1205,2025-06-05 16:05:44.780,,209.095,Media file(s),player #1:C:\Users\esthe\Downloads\small boiteux 12_\Boi_1205_1_seven.mp4;C:\Users\esthe\Downloads\small boiteux 12_\Boit_1205_10_three.mp4;C:\Users\esthe\Downloads\small boiteux 12_\Boit_1205_11_five.mp4;C:\Users\esthe\Downloads\small boiteux 12_\Boit_1205_12_control.mp4;C:\Users\esthe\Downloads\small boiteux 12_\Boit_1205_13_control.mp4;C:\Users\esthe\Downloads\small boiteux 12_\Boit_1205_2_three.mp4;C:\Users\esthe\Downloads\small boiteux 12_\Boit_1205_3_five.mp4;C:\Users\esthe\Downloads\small boiteux 12_\Boit_1205_4_one.mp4;C:\Users\esthe\Downloads\small boiteux 12_\Boit_1205_5_five.mp4;C:\Users\esthe\Downloads\small boiteux 12_\Boit_1205_6_three.mp4;C:\Users\esthe\Downloads\small boiteux 12_\Boit_1205_7_one.mp4;C:\Users\esthe\Downloads\small boiteux 12_\Boit_1205_8_five.mp4;C:\Users\esthe\Downloads\small boiteux 12_\Boit_1205_9_seven.mp4,0.0,33.361;14.067;14.331;21.564;6.399;8.664;23.761;18.197;19.200;7.900;7.064;10.199;28.898,30.000;30.000;30.000;30.000;30.000;30.000;30.000;30.000;30.000;30.000;30.000;30.000;30.000,Boiteux,eating,,,START,174.271,C:\Users\esthe\Downloads\small boiteux 12_\Boit_1205_7_one.mp4,205,NA,
boit_1205,2025-06-05 16:05:44.780,,209.095,Media file(s),player #1:C:\Users\esthe\Downloads\small boiteux 12_\Boi_1205_1_seven.mp4;C:\Users\esthe\Downloads\small boiteux 12_\Boit_1205_10_three.mp4;C:\Users\esthe\Downloads\small boiteux 12_\Boit_1205_11_five.mp4;C:\Users\esthe\Downloads\small boiteux 12_\Boit_1205_12_control.mp4;C:\Users\esthe\Downloads\small boiteux 12_\Boit_1205_13_control.mp4;C:\Users\esthe\Downloads\small boiteux 12_\Boit_1205_2_three.mp4;C:\Users\esthe\Downloads\small boiteux 12_\Boit_1205_3_five.mp4;C:\Users\esthe\Downloads\small boiteux 12_\Boit_1205_4_one.mp4;C:\Users\esthe\Downloads\small boiteux 12_\Boit_1205_5_five.mp4;C:\Users\esthe\Downloads\small boiteux 12_\Boit_1205_6_three.mp4;C:\Users\esthe\Downloads\small boiteux 12_\Boit_1205_7_one.mp4;C:\Users\esthe\Downloads\small boiteux 12_\Boit_1205_8_five.mp4;C:\Users\esthe\Downloads\small boiteux 12_\Boit_1205_9_seven.mp4,0.0,33.361;14.067;14.331;21.564;6.399;8.664;23.761;18.197;19.200;7.900;7.064;10.199;28.898,30.000;30.000;30.000;30.000;30.000;30.000;30.000;30.000;30.000;30.000;30.000;30.000;30.000,Boiteux,eating,,,STOP,174.438,C:\Users\esthe\Downloads\small boiteux 12_\Boit_1205_7_one.mp4,210,NA,
boit_1205,2025-06-05 16:05:44.780,,209.095,Media file(s),player #1:C:\Users\esthe\Downloads\small boiteux 12_\Boi_1205_1_seven.mp4;C:\Users\esthe\Downloads\small boiteux 12_\Boit_1205_10_three.mp4;C:\Users\esthe\Downloads\small boiteux 12_\Boit_1205_11_five.mp4;C:\Users\esthe\Downloads\small boiteux 12_\Boit_1205_12_control.mp4;C:\Users\esthe\Downloads\small boiteux 12_\Boit_1205_13_control.mp4;C:\Users\esthe\Downloads\small boiteux 12_\Boit_1205_2_three.mp4;C:\Users\esthe\Downloads\small boiteux 12_\Boit_1205_3_five.mp4;C:\Users\esthe\Downloads\small boiteux 12_\Boit_1205_4_one.mp4;C:\Users\esthe\Downloads\small boiteux 12_\Boit_1205_5_five.mp4;C:\Users\esthe\Downloads\small boiteux 12_\Boit_1205_6_three.mp4;C:\Users\esthe\Downloads\small boiteux 12_\Boit_1205_7_one.mp4;C:\Users\esthe\Downloads\small boiteux 12_\Boit_1205_8_five.mp4;C:\Users\esthe\Downloads\small boiteux 12_\Boit_1205_9_seven.mp4,0.0,33.361;14.067;14.331;21.564;6.399;8.664;23.761;18.197;19.200;7.900;7.064;10.199;28.898,30.000;30.000;30.000;30.000;30.000;30.000;30.000;30.000;30.000;30.000;30.000;30.000;30.000,Boiteux,bending,,,START,174.571,C:\Users\esthe\Downloads\small boiteux 12_\Boit_1205_8_five.mp4,2,NA,
boit_1205,2025-06-05 16:05:44.780,,209.095,Media file(s),player #1:C:\Users\esthe\Downloads\small boiteux 12_\Boi_1205_1_seven.mp4;C:\Users\esthe\Downloads\small boiteux 12_\Boit_1205_10_three.mp4;C:\Users\esthe\Downloads\small boiteux 12_\Boit_1205_11_five.mp4;C:\Users\esthe\Downloads\small boiteux 12_\Boit_1205_12_control.mp4;C:\Users\esthe\Downloads\small boiteux 12_\Boit_1205_13_control.mp4;C:\Users\esthe\Downloads\small boiteux 12_\Boit_1205_2_three.mp4;C:\Users\esthe\Downloads\small boiteux 12_\Boit_1205_3_five.mp4;C:\Users\esthe\Downloads\small boiteux 12_\Boit_1205_4_one.mp4;C:\Users\esthe\Downloads\small boiteux 12_\Boit_1205_5_five.mp4;C:\Users\esthe\Downloads\small boiteux 12_\Boit_1205_6_three.mp4;C:\Users\esthe\Downloads\small boiteux 12_\Boit_1205_7_one.mp4;C:\Users\esthe\Downloads\small boiteux 12_\Boit_1205_8_five.mp4;C:\Users\esthe\Downloads\small boiteux 12_\Boit_1205_9_seven.mp4,0.0,33.361;14.067;14.331;21.564;6.399;8.664;23.761;18.197;19.200;7.900;7.064;10.199;28.898,30.000;30.000;30.000;30.000;30.000;30.000;30.000;30.000;30.000;30.000;30.000;30.000;30.000,Boiteux,bending,,,STOP,174.804,C:\Users\esthe\Downloads\small boiteux 12_\Boit_1205_8_five.mp4,9,NA,
boit_1205,2025-06-05 16:05:44.780,,209.095,Media file(s),player #1:C:\Users\esthe\Downloads\small boiteux 12_\Boi_1205_1_seven.mp4;C:\Users\esthe\Downloads\small boiteux 12_\Boit_1205_10_three.mp4;C:\Users\esthe\Downloads\small boiteux 12_\Boit_1205_11_five.mp4;C:\Users\esthe\Downloads\small boiteux 12_\Boit_1205_12_control.mp4;C:\Users\esthe\Downloads\small boiteux 12_\Boit_1205_13_control.mp4;C:\Users\esthe\Downloads\small boiteux 12_\Boit_1205_2_three.mp4;C:\Users\esthe\Downloads\small boiteux 12_\Boit_1205_3_five.mp4;C:\Users\esthe\Downloads\small boiteux 12_\Boit_1205_4_one.mp4;C:\Users\esthe\Downloads\small boiteux 12_\Boit_1205_5_five.mp4;C:\Users\esthe\Downloads\small boiteux 12_\Boit_1205_6_three.mp4;C:\Users\esthe\Downloads\small boiteux 12_\Boit_1205_7_one.mp4;C:\Users\esthe\Downloads\small boiteux 12_\Boit_1205_8_five.mp4;C:\Users\esthe\Downloads\small boiteux 12_\Boit_1205_9_seven.mp4,0.0,33.361;14.067;14.331;21.564;6.399;8.664;23.761;18.197;19.200;7.900;7.064;10.199;28.898,30.000;30.000;30.000;30.000;30.000;30.000;30.000;30.000;30.000;30.000;30.000;30.000;30.000,Boiteux,grabbing peanut,,,POINT,174.804,C:\Users\esthe\Downloads\small boiteux 12_\Boit_1205_8_five.mp4,9,NA,
boit_1205,2025-06-05 16:05:44.780,,209.095,Media file(s),player #1:C:\Users\esthe\Downloads\small boiteux 12_\Boi_1205_1_seven.mp4;C:\Users\esthe\Downloads\small boiteux 12_\Boit_1205_10_three.mp4;C:\Users\esthe\Downloads\small boiteux 12_\Boit_1205_11_five.mp4;C:\Users\esthe\Downloads\small boiteux 12_\Boit_1205_12_control.mp4;C:\Users\esthe\Downloads\small boiteux 12_\Boit_1205_13_control.mp4;C:\Users\esthe\Downloads\small boiteux 12_\Boit_1205_2_three.mp4;C:\Users\esthe\Downloads\small boiteux 12_\Boit_1205_3_five.mp4;C:\Users\esthe\Downloads\small boiteux 12_\Boit_1205_4_one.mp4;C:\Users\esthe\Downloads\small boiteux 12_\Boit_1205_5_five.mp4;C:\Users\esthe\Downloads\small boiteux 12_\Boit_1205_6_three.mp4;C:\Users\esthe\Downloads\small boiteux 12_\Boit_1205_7_one.mp4;C:\Users\esthe\Downloads\small boiteux 12_\Boit_1205_8_five.mp4;C:\Users\esthe\Downloads\small boiteux 12_\Boit_1205_9_seven.mp4,0.0,33.361;14.067;14.331;21.564;6.399;8.664;23.761;18.197;19.200;7.900;7.064;10.199;28.898,30.000;30.000;30.000;30.000;30.000;30.000;30.000;30.000;30.000;30.000;30.000;30.000;30.000,Boiteux,lifting,,,START,174.837,C:\Users\esthe\Downloads\small boiteux 12_\Boit_1205_8_five.mp4,10,NA,
boit_1205,2025-06-05 16:05:44.780,,209.095,Media file(s),player #1:C:\Users\esthe\Downloads\small boiteux 12_\Boi_1205_1_seven.mp4;C:\Users\esthe\Downloads\small boiteux 12_\Boit_1205_10_three.mp4;C:\Users\esthe\Downloads\small boiteux 12_\Boit_1205_11_five.mp4;C:\Users\esthe\Downloads\small boiteux 12_\Boit_1205_12_control.mp4;C:\Users\esthe\Downloads\small boiteux 12_\Boit_1205_13_control.mp4;C:\Users\esthe\Downloads\small boiteux 12_\Boit_1205_2_three.mp4;C:\Users\esthe\Downloads\small boiteux 12_\Boit_1205_3_five.mp4;C:\Users\esthe\Downloads\small boiteux 12_\Boit_1205_4_one.mp4;C:\Users\esthe\Downloads\small boiteux 12_\Boit_1205_5_five.mp4;C:\Users\esthe\Downloads\small boiteux 12_\Boit_1205_6_three.mp4;C:\Users\esthe\Downloads\small boiteux 12_\Boit_1205_7_one.mp4;C:\Users\esthe\Downloads\small boiteux 12_\Boit_1205_8_five.mp4;C:\Users\esthe\Downloads\small boiteux 12_\Boit_1205_9_seven.mp4,0.0,33.361;14.067;14.331;21.564;6.399;8.664;23.761;18.197;19.200;7.900;7.064;10.199;28.898,30.000;30.000;30.000;30.000;30.000;30.000;30.000;30.000;30.000;30.000;30.000;30.000;30.000,Boiteux,lifting,,,STOP,175.104,C:\Users\esthe\Downloads\small boiteux 12_\Boit_1205_8_five.mp4,18,NA,
boit_1205,2025-06-05 16:05:44.780,,209.095,Media file(s),player #1:C:\Users\esthe\Downloads\small boiteux 12_\Boi_1205_1_seven.mp4;C:\Users\esthe\Downloads\small boiteux 12_\Boit_1205_10_three.mp4;C:\Users\esthe\Downloads\small boiteux 12_\Boit_1205_11_five.mp4;C:\Users\esthe\Downloads\small boiteux 12_\Boit_1205_12_control.mp4;C:\Users\esthe\Downloads\small boiteux 12_\Boit_1205_13_control.mp4;C:\Users\esthe\Downloads\small boiteux 12_\Boit_1205_2_three.mp4;C:\Users\esthe\Downloads\small boiteux 12_\Boit_1205_3_five.mp4;C:\Users\esthe\Downloads\small boiteux 12_\Boit_1205_4_one.mp4;C:\Users\esthe\Downloads\small boiteux 12_\Boit_1205_5_five.mp4;C:\Users\esthe\Downloads\small boiteux 12_\Boit_1205_6_three.mp4;C:\Users\esthe\Downloads\small boiteux 12_\Boit_1205_7_one.mp4;C:\Users\esthe\Downloads\small boiteux 12_\Boit_1205_8_five.mp4;C:\Users\esthe\Downloads\small boiteux 12_\Boit_1205_9_seven.mp4,0.0,33.361;14.067;14.331;21.564;6.399;8.664;23.761;18.197;19.200;7.900;7.064;10.199;28.898,30.000;30.000;30.000;30.000;30.000;30.000;30.000;30.000;30.000;30.000;30.000;30.000;30.000,Boiteux,assessing,,,START,175.304,C:\Users\esthe\Downloads\small boiteux 12_\Boit_1205_8_five.mp4,24,NA,
boit_1205,2025-06-05 16:05:44.780,,209.095,Media file(s),player #1:C:\Users\esthe\Downloads\small boiteux 12_\Boi_1205_1_seven.mp4;C:\Users\esthe\Downloads\small boiteux 12_\Boit_1205_10_three.mp4;C:\Users\esthe\Downloads\small boiteux 12_\Boit_1205_11_five.mp4;C:\Users\esthe\Downloads\small boiteux 12_\Boit_1205_12_control.mp4;C:\Users\esthe\Downloads\small boiteux 12_\Boit_1205_13_control.mp4;C:\Users\esthe\Downloads\small boiteux 12_\Boit_1205_2_three.mp4;C:\Users\esthe\Downloads\small boiteux 12_\Boit_1205_3_five.mp4;C:\Users\esthe\Downloads\small boiteux 12_\Boit_1205_4_one.mp4;C:\Users\esthe\Downloads\small boiteux 12_\Boit_1205_5_five.mp4;C:\Users\esthe\Downloads\small boiteux 12_\Boit_1205_6_three.mp4;C:\Users\esthe\Downloads\small boiteux 12_\Boit_1205_7_one.mp4;C:\Users\esthe\Downloads\small boiteux 12_\Boit_1205_8_five.mp4;C:\Users\esthe\Downloads\small boiteux 12_\Boit_1205_9_seven.mp4,0.0,33.361;14.067;14.331;21.564;6.399;8.664;23.761;18.197;19.200;7.900;7.064;10.199;28.898,30.000;30.000;30.000;30.000;30.000;30.000;30.000;30.000;30.000;30.000;30.000;30.000;30.000,Boiteux,jaw movement,,,POINT,175.404,C:\Users\esthe\Downloads\small boiteux 12_\Boit_1205_8_five.mp4,27,NA,
boit_1205,2025-06-05 16:05:44.780,,209.095,Media file(s),player #1:C:\Users\esthe\Downloads\small boiteux 12_\Boi_1205_1_seven.mp4;C:\Users\esthe\Downloads\small boiteux 12_\Boit_1205_10_three.mp4;C:\Users\esthe\Downloads\small boiteux 12_\Boit_1205_11_five.mp4;C:\Users\esthe\Downloads\small boiteux 12_\Boit_1205_12_control.mp4;C:\Users\esthe\Downloads\small boiteux 12_\Boit_1205_13_control.mp4;C:\Users\esthe\Downloads\small boiteux 12_\Boit_1205_2_three.mp4;C:\Users\esthe\Downloads\small boiteux 12_\Boit_1205_3_five.mp4;C:\Users\esthe\Downloads\small boiteux 12_\Boit_1205_4_one.mp4;C:\Users\esthe\Downloads\small boiteux 12_\Boit_1205_5_five.mp4;C:\Users\esthe\Downloads\small boiteux 12_\Boit_1205_6_three.mp4;C:\Users\esthe\Downloads\small boiteux 12_\Boit_1205_7_one.mp4;C:\Users\esthe\Downloads\small boiteux 12_\Boit_1205_8_five.mp4;C:\Users\esthe\Downloads\small boiteux 12_\Boit_1205_9_seven.mp4,0.0,33.361;14.067;14.331;21.564;6.399;8.664;23.761;18.197;19.200;7.900;7.064;10.199;28.898,30.000;30.000;30.000;30.000;30.000;30.000;30.000;30.000;30.000;30.000;30.000;30.000;30.000,Boiteux,licking,,,POINT,175.537,C:\Users\esthe\Downloads\small boiteux 12_\Boit_1205_8_five.mp4,31,NA,
boit_1205,2025-06-05 16:05:44.780,,209.095,Media file(s),player #1:C:\Users\esthe\Downloads\small boiteux 12_\Boi_1205_1_seven.mp4;C:\Users\esthe\Downloads\small boiteux 12_\Boit_1205_10_three.mp4;C:\Users\esthe\Downloads\small boiteux 12_\Boit_1205_11_five.mp4;C:\Users\esthe\Downloads\small boiteux 12_\Boit_1205_12_control.mp4;C:\Users\esthe\Downloads\small boiteux 12_\Boit_1205_13_control.mp4;C:\Users\esthe\Downloads\small boiteux 12_\Boit_1205_2_three.mp4;C:\Users\esthe\Downloads\small boiteux 12_\Boit_1205_3_five.mp4;C:\Users\esthe\Downloads\small boiteux 12_\Boit_1205_4_one.mp4;C:\Users\esthe\Downloads\small boiteux 12_\Boit_1205_5_five.mp4;C:\Users\esthe\Downloads\small boiteux 12_\Boit_1205_6_three.mp4;C:\Users\esthe\Downloads\small boiteux 12_\Boit_1205_7_one.mp4;C:\Users\esthe\Downloads\small boiteux 12_\Boit_1205_8_five.mp4;C:\Users\esthe\Downloads\small boiteux 12_\Boit_1205_9_seven.mp4,0.0,33.361;14.067;14.331;21.564;6.399;8.664;23.761;18.197;19.200;7.900;7.064;10.199;28.898,30.000;30.000;30.000;30.000;30.000;30.000;30.000;30.000;30.000;30.000;30.000;30.000;30.000,Boiteux,sniffing,,,POINT,175.737,C:\Users\esthe\Downloads\small boiteux 12_\Boit_1205_8_five.mp4,37,NA,
boit_1205,2025-06-05 16:05:44.780,,209.095,Media file(s),player #1:C:\Users\esthe\Downloads\small boiteux 12_\Boi_1205_1_seven.mp4;C:\Users\esthe\Downloads\small boiteux 12_\Boit_1205_10_three.mp4;C:\Users\esthe\Downloads\small boiteux 12_\Boit_1205_11_five.mp4;C:\Users\esthe\Downloads\small boiteux 12_\Boit_1205_12_control.mp4;C:\Users\esthe\Downloads\small boiteux 12_\Boit_1205_13_control.mp4;C:\Users\esthe\Downloads\small boiteux 12_\Boit_1205_2_three.mp4;C:\Users\esthe\Downloads\small boiteux 12_\Boit_1205_3_five.mp4;C:\Users\esthe\Downloads\small boiteux 12_\Boit_1205_4_one.mp4;C:\Users\esthe\Downloads\small boiteux 12_\Boit_1205_5_five.mp4;C:\Users\esthe\Downloads\small boiteux 12_\Boit_1205_6_three.mp4;C:\Users\esthe\Downloads\small boiteux 12_\Boit_1205_7_one.mp4;C:\Users\esthe\Downloads\small boiteux 12_\Boit_1205_8_five.mp4;C:\Users\esthe\Downloads\small boiteux 12_\Boit_1205_9_seven.mp4,0.0,33.361;14.067;14.331;21.564;6.399;8.664;23.761;18.197;19.200;7.900;7.064;10.199;28.898,30.000;30.000;30.000;30.000;30.000;30.000;30.000;30.000;30.000;30.000;30.000;30.000;30.000,Boiteux,licking,,,POINT,175.937,C:\Users\esthe\Downloads\small boiteux 12_\Boit_1205_8_five.mp4,43,NA,
boit_1205,2025-06-05 16:05:44.780,,209.095,Media file(s),player #1:C:\Users\esthe\Downloads\small boiteux 12_\Boi_1205_1_seven.mp4;C:\Users\esthe\Downloads\small boiteux 12_\Boit_1205_10_three.mp4;C:\Users\esthe\Downloads\small boiteux 12_\Boit_1205_11_five.mp4;C:\Users\esthe\Downloads\small boiteux 12_\Boit_1205_12_control.mp4;C:\Users\esthe\Downloads\small boiteux 12_\Boit_1205_13_control.mp4;C:\Users\esthe\Downloads\small boiteux 12_\Boit_1205_2_three.mp4;C:\Users\esthe\Downloads\small boiteux 12_\Boit_1205_3_five.mp4;C:\Users\esthe\Downloads\small boiteux 12_\Boit_1205_4_one.mp4;C:\Users\esthe\Downloads\small boiteux 12_\Boit_1205_5_five.mp4;C:\Users\esthe\Downloads\small boiteux 12_\Boit_1205_6_three.mp4;C:\Users\esthe\Downloads\small boiteux 12_\Boit_1205_7_one.mp4;C:\Users\esthe\Downloads\small boiteux 12_\Boit_1205_8_five.mp4;C:\Users\esthe\Downloads\small boiteux 12_\Boit_1205_9_seven.mp4,0.0,33.361;14.067;14.331;21.564;6.399;8.664;23.761;18.197;19.200;7.900;7.064;10.199;28.898,30.000;30.000;30.000;30.000;30.000;30.000;30.000;30.000;30.000;30.000;30.000;30.000;30.000,Boiteux,translational movement,,,POINT,176.104,C:\Users\esthe\Downloads\small boiteux 12_\Boit_1205_8_five.mp4,48,NA,
boit_1205,2025-06-05 16:05:44.780,,209.095,Media file(s),player #1:C:\Users\esthe\Downloads\small boiteux 12_\Boi_1205_1_seven.mp4;C:\Users\esthe\Downloads\small boiteux 12_\Boit_1205_10_three.mp4;C:\Users\esthe\Downloads\small boiteux 12_\Boit_1205_11_five.mp4;C:\Users\esthe\Downloads\small boiteux 12_\Boit_1205_12_control.mp4;C:\Users\esthe\Downloads\small boiteux 12_\Boit_1205_13_control.mp4;C:\Users\esthe\Downloads\small boiteux 12_\Boit_1205_2_three.mp4;C:\Users\esthe\Downloads\small boiteux 12_\Boit_1205_3_five.mp4;C:\Users\esthe\Downloads\small boiteux 12_\Boit_1205_4_one.mp4;C:\Users\esthe\Downloads\small boiteux 12_\Boit_1205_5_five.mp4;C:\Users\esthe\Downloads\small boiteux 12_\Boit_1205_6_three.mp4;C:\Users\esthe\Downloads\small boiteux 12_\Boit_1205_7_one.mp4;C:\Users\esthe\Downloads\small boiteux 12_\Boit_1205_8_five.mp4;C:\Users\esthe\Downloads\small boiteux 12_\Boit_1205_9_seven.mp4,0.0,33.361;14.067;14.331;21.564;6.399;8.664;23.761;18.197;19.200;7.900;7.064;10.199;28.898,30.000;30.000;30.000;30.000;30.000;30.000;30.000;30.000;30.000;30.000;30.000;30.000;30.000,Boiteux,licking,,,POINT,176.337,C:\Users\esthe\Downloads\small boiteux 12_\Boit_1205_8_five.mp4,55,NA,
boit_1205,2025-06-05 16:05:44.780,,209.095,Media file(s),player #1:C:\Users\esthe\Downloads\small boiteux 12_\Boi_1205_1_seven.mp4;C:\Users\esthe\Downloads\small boiteux 12_\Boit_1205_10_three.mp4;C:\Users\esthe\Downloads\small boiteux 12_\Boit_1205_11_five.mp4;C:\Users\esthe\Downloads\small boiteux 12_\Boit_1205_12_control.mp4;C:\Users\esthe\Downloads\small boiteux 12_\Boit_1205_13_control.mp4;C:\Users\esthe\Downloads\small boiteux 12_\Boit_1205_2_three.mp4;C:\Users\esthe\Downloads\small boiteux 12_\Boit_1205_3_five.mp4;C:\Users\esthe\Downloads\small boiteux 12_\Boit_1205_4_one.mp4;C:\Users\esthe\Downloads\small boiteux 12_\Boit_1205_5_five.mp4;C:\Users\esthe\Downloads\small boiteux 12_\Boit_1205_6_three.mp4;C:\Users\esthe\Downloads\small boiteux 12_\Boit_1205_7_one.mp4;C:\Users\esthe\Downloads\small boiteux 12_\Boit_1205_8_five.mp4;C:\Users\esthe\Downloads\small boiteux 12_\Boit_1205_9_seven.mp4,0.0,33.361;14.067;14.331;21.564;6.399;8.664;23.761;18.197;19.200;7.900;7.064;10.199;28.898,30.000;30.000;30.000;30.000;30.000;30.000;30.000;30.000;30.000;30.000;30.000;30.000;30.000,Boiteux,jaw movement,,,POINT,176.770,C:\Users\esthe\Downloads\small boiteux 12_\Boit_1205_8_five.mp4,68,NA,
boit_1205,2025-06-05 16:05:44.780,,209.095,Media file(s),player #1:C:\Users\esthe\Downloads\small boiteux 12_\Boi_1205_1_seven.mp4;C:\Users\esthe\Downloads\small boiteux 12_\Boit_1205_10_three.mp4;C:\Users\esthe\Downloads\small boiteux 12_\Boit_1205_11_five.mp4;C:\Users\esthe\Downloads\small boiteux 12_\Boit_1205_12_control.mp4;C:\Users\esthe\Downloads\small boiteux 12_\Boit_1205_13_control.mp4;C:\Users\esthe\Downloads\small boiteux 12_\Boit_1205_2_three.mp4;C:\Users\esthe\Downloads\small boiteux 12_\Boit_1205_3_five.mp4;C:\Users\esthe\Downloads\small boiteux 12_\Boit_1205_4_one.mp4;C:\Users\esthe\Downloads\small boiteux 12_\Boit_1205_5_five.mp4;C:\Users\esthe\Downloads\small boiteux 12_\Boit_1205_6_three.mp4;C:\Users\esthe\Downloads\small boiteux 12_\Boit_1205_7_one.mp4;C:\Users\esthe\Downloads\small boiteux 12_\Boit_1205_8_five.mp4;C:\Users\esthe\Downloads\small boiteux 12_\Boit_1205_9_seven.mp4,0.0,33.361;14.067;14.331;21.564;6.399;8.664;23.761;18.197;19.200;7.900;7.064;10.199;28.898,30.000;30.000;30.000;30.000;30.000;30.000;30.000;30.000;30.000;30.000;30.000;30.000;30.000,Boiteux,jaw movement,,,POINT,176.970,C:\Users\esthe\Downloads\small boiteux 12_\Boit_1205_8_five.mp4,74,NA,
boit_1205,2025-06-05 16:05:44.780,,209.095,Media file(s),player #1:C:\Users\esthe\Downloads\small boiteux 12_\Boi_1205_1_seven.mp4;C:\Users\esthe\Downloads\small boiteux 12_\Boit_1205_10_three.mp4;C:\Users\esthe\Downloads\small boiteux 12_\Boit_1205_11_five.mp4;C:\Users\esthe\Downloads\small boiteux 12_\Boit_1205_12_control.mp4;C:\Users\esthe\Downloads\small boiteux 12_\Boit_1205_13_control.mp4;C:\Users\esthe\Downloads\small boiteux 12_\Boit_1205_2_three.mp4;C:\Users\esthe\Downloads\small boiteux 12_\Boit_1205_3_five.mp4;C:\Users\esthe\Downloads\small boiteux 12_\Boit_1205_4_one.mp4;C:\Users\esthe\Downloads\small boiteux 12_\Boit_1205_5_five.mp4;C:\Users\esthe\Downloads\small boiteux 12_\Boit_1205_6_three.mp4;C:\Users\esthe\Downloads\small boiteux 12_\Boit_1205_7_one.mp4;C:\Users\esthe\Downloads\small boiteux 12_\Boit_1205_8_five.mp4;C:\Users\esthe\Downloads\small boiteux 12_\Boit_1205_9_seven.mp4,0.0,33.361;14.067;14.331;21.564;6.399;8.664;23.761;18.197;19.200;7.900;7.064;10.199;28.898,30.000;30.000;30.000;30.000;30.000;30.000;30.000;30.000;30.000;30.000;30.000;30.000;30.000,Boiteux,ear clapping,,,POINT,177.004,C:\Users\esthe\Downloads\small boiteux 12_\Boit_1205_8_five.mp4,75,NA,
boit_1205,2025-06-05 16:05:44.780,,209.095,Media file(s),player #1:C:\Users\esthe\Downloads\small boiteux 12_\Boi_1205_1_seven.mp4;C:\Users\esthe\Downloads\small boiteux 12_\Boit_1205_10_three.mp4;C:\Users\esthe\Downloads\small boiteux 12_\Boit_1205_11_five.mp4;C:\Users\esthe\Downloads\small boiteux 12_\Boit_1205_12_control.mp4;C:\Users\esthe\Downloads\small boiteux 12_\Boit_1205_13_control.mp4;C:\Users\esthe\Downloads\small boiteux 12_\Boit_1205_2_three.mp4;C:\Users\esthe\Downloads\small boiteux 12_\Boit_1205_3_five.mp4;C:\Users\esthe\Downloads\small boiteux 12_\Boit_1205_4_one.mp4;C:\Users\esthe\Downloads\small boiteux 12_\Boit_1205_5_five.mp4;C:\Users\esthe\Downloads\small boiteux 12_\Boit_1205_6_three.mp4;C:\Users\esthe\Downloads\small boiteux 12_\Boit_1205_7_one.mp4;C:\Users\esthe\Downloads\small boiteux 12_\Boit_1205_8_five.mp4;C:\Users\esthe\Downloads\small boiteux 12_\Boit_1205_9_seven.mp4,0.0,33.361;14.067;14.331;21.564;6.399;8.664;23.761;18.197;19.200;7.900;7.064;10.199;28.898,30.000;30.000;30.000;30.000;30.000;30.000;30.000;30.000;30.000;30.000;30.000;30.000;30.000,Boiteux,sniffing,,,POINT,177.170,C:\Users\esthe\Downloads\small boiteux 12_\Boit_1205_8_five.mp4,80,NA,
boit_1205,2025-06-05 16:05:44.780,,209.095,Media file(s),player #1:C:\Users\esthe\Downloads\small boiteux 12_\Boi_1205_1_seven.mp4;C:\Users\esthe\Downloads\small boiteux 12_\Boit_1205_10_three.mp4;C:\Users\esthe\Downloads\small boiteux 12_\Boit_1205_11_five.mp4;C:\Users\esthe\Downloads\small boiteux 12_\Boit_1205_12_control.mp4;C:\Users\esthe\Downloads\small boiteux 12_\Boit_1205_13_control.mp4;C:\Users\esthe\Downloads\small boiteux 12_\Boit_1205_2_three.mp4;C:\Users\esthe\Downloads\small boiteux 12_\Boit_1205_3_five.mp4;C:\Users\esthe\Downloads\small boiteux 12_\Boit_1205_4_one.mp4;C:\Users\esthe\Downloads\small boiteux 12_\Boit_1205_5_five.mp4;C:\Users\esthe\Downloads\small boiteux 12_\Boit_1205_6_three.mp4;C:\Users\esthe\Downloads\small boiteux 12_\Boit_1205_7_one.mp4;C:\Users\esthe\Downloads\small boiteux 12_\Boit_1205_8_five.mp4;C:\Users\esthe\Downloads\small boiteux 12_\Boit_1205_9_seven.mp4,0.0,33.361;14.067;14.331;21.564;6.399;8.664;23.761;18.197;19.200;7.900;7.064;10.199;28.898,30.000;30.000;30.000;30.000;30.000;30.000;30.000;30.000;30.000;30.000;30.000;30.000;30.000,Boiteux,rotation,,Yaw,START,177.204,C:\Users\esthe\Downloads\small boiteux 12_\Boit_1205_8_five.mp4,81,NA,
boit_1205,2025-06-05 16:05:44.780,,209.095,Media file(s),player #1:C:\Users\esthe\Downloads\small boiteux 12_\Boi_1205_1_seven.mp4;C:\Users\esthe\Downloads\small boiteux 12_\Boit_1205_10_three.mp4;C:\Users\esthe\Downloads\small boiteux 12_\Boit_1205_11_five.mp4;C:\Users\esthe\Downloads\small boiteux 12_\Boit_1205_12_control.mp4;C:\Users\esthe\Downloads\small boiteux 12_\Boit_1205_13_control.mp4;C:\Users\esthe\Downloads\small boiteux 12_\Boit_1205_2_three.mp4;C:\Users\esthe\Downloads\small boiteux 12_\Boit_1205_3_five.mp4;C:\Users\esthe\Downloads\small boiteux 12_\Boit_1205_4_one.mp4;C:\Users\esthe\Downloads\small boiteux 12_\Boit_1205_5_five.mp4;C:\Users\esthe\Downloads\small boiteux 12_\Boit_1205_6_three.mp4;C:\Users\esthe\Downloads\small boiteux 12_\Boit_1205_7_one.mp4;C:\Users\esthe\Downloads\small boiteux 12_\Boit_1205_8_five.mp4;C:\Users\esthe\Downloads\small boiteux 12_\Boit_1205_9_seven.mp4,0.0,33.361;14.067;14.331;21.564;6.399;8.664;23.761;18.197;19.200;7.900;7.064;10.199;28.898,30.000;30.000;30.000;30.000;30.000;30.000;30.000;30.000;30.000;30.000;30.000;30.000;30.000,Boiteux,rotation,,Yaw,STOP,177.337,C:\Users\esthe\Downloads\small boiteux 12_\Boit_1205_8_five.mp4,85,NA,
boit_1205,2025-06-05 16:05:44.780,,209.095,Media file(s),player #1:C:\Users\esthe\Downloads\small boiteux 12_\Boi_1205_1_seven.mp4;C:\Users\esthe\Downloads\small boiteux 12_\Boit_1205_10_three.mp4;C:\Users\esthe\Downloads\small boiteux 12_\Boit_1205_11_five.mp4;C:\Users\esthe\Downloads\small boiteux 12_\Boit_1205_12_control.mp4;C:\Users\esthe\Downloads\small boiteux 12_\Boit_1205_13_control.mp4;C:\Users\esthe\Downloads\small boiteux 12_\Boit_1205_2_three.mp4;C:\Users\esthe\Downloads\small boiteux 12_\Boit_1205_3_five.mp4;C:\Users\esthe\Downloads\small boiteux 12_\Boit_1205_4_one.mp4;C:\Users\esthe\Downloads\small boiteux 12_\Boit_1205_5_five.mp4;C:\Users\esthe\Downloads\small boiteux 12_\Boit_1205_6_three.mp4;C:\Users\esthe\Downloads\small boiteux 12_\Boit_1205_7_one.mp4;C:\Users\esthe\Downloads\small boiteux 12_\Boit_1205_8_five.mp4;C:\Users\esthe\Downloads\small boiteux 12_\Boit_1205_9_seven.mp4,0.0,33.361;14.067;14.331;21.564;6.399;8.664;23.761;18.197;19.200;7.900;7.064;10.199;28.898,30.000;30.000;30.000;30.000;30.000;30.000;30.000;30.000;30.000;30.000;30.000;30.000;30.000,Boiteux,licking,,,POINT,177.437,C:\Users\esthe\Downloads\small boiteux 12_\Boit_1205_8_five.mp4,88,NA,
boit_1205,2025-06-05 16:05:44.780,,209.095,Media file(s),player #1:C:\Users\esthe\Downloads\small boiteux 12_\Boi_1205_1_seven.mp4;C:\Users\esthe\Downloads\small boiteux 12_\Boit_1205_10_three.mp4;C:\Users\esthe\Downloads\small boiteux 12_\Boit_1205_11_five.mp4;C:\Users\esthe\Downloads\small boiteux 12_\Boit_1205_12_control.mp4;C:\Users\esthe\Downloads\small boiteux 12_\Boit_1205_13_control.mp4;C:\Users\esthe\Downloads\small boiteux 12_\Boit_1205_2_three.mp4;C:\Users\esthe\Downloads\small boiteux 12_\Boit_1205_3_five.mp4;C:\Users\esthe\Downloads\small boiteux 12_\Boit_1205_4_one.mp4;C:\Users\esthe\Downloads\small boiteux 12_\Boit_1205_5_five.mp4;C:\Users\esthe\Downloads\small boiteux 12_\Boit_1205_6_three.mp4;C:\Users\esthe\Downloads\small boiteux 12_\Boit_1205_7_one.mp4;C:\Users\esthe\Downloads\small boiteux 12_\Boit_1205_8_five.mp4;C:\Users\esthe\Downloads\small boiteux 12_\Boit_1205_9_seven.mp4,0.0,33.361;14.067;14.331;21.564;6.399;8.664;23.761;18.197;19.200;7.900;7.064;10.199;28.898,30.000;30.000;30.000;30.000;30.000;30.000;30.000;30.000;30.000;30.000;30.000;30.000;30.000,Boiteux,sniffing,,,POINT,177.704,C:\Users\esthe\Downloads\small boiteux 12_\Boit_1205_8_five.mp4,96,NA,
boit_1205,2025-06-05 16:05:44.780,,209.095,Media file(s),player #1:C:\Users\esthe\Downloads\small boiteux 12_\Boi_1205_1_seven.mp4;C:\Users\esthe\Downloads\small boiteux 12_\Boit_1205_10_three.mp4;C:\Users\esthe\Downloads\small boiteux 12_\Boit_1205_11_five.mp4;C:\Users\esthe\Downloads\small boiteux 12_\Boit_1205_12_control.mp4;C:\Users\esthe\Downloads\small boiteux 12_\Boit_1205_13_control.mp4;C:\Users\esthe\Downloads\small boiteux 12_\Boit_1205_2_three.mp4;C:\Users\esthe\Downloads\small boiteux 12_\Boit_1205_3_five.mp4;C:\Users\esthe\Downloads\small boiteux 12_\Boit_1205_4_one.mp4;C:\Users\esthe\Downloads\small boiteux 12_\Boit_1205_5_five.mp4;C:\Users\esthe\Downloads\small boiteux 12_\Boit_1205_6_three.mp4;C:\Users\esthe\Downloads\small boiteux 12_\Boit_1205_7_one.mp4;C:\Users\esthe\Downloads\small boiteux 12_\Boit_1205_8_five.mp4;C:\Users\esthe\Downloads\small boiteux 12_\Boit_1205_9_seven.mp4,0.0,33.361;14.067;14.331;21.564;6.399;8.664;23.761;18.197;19.200;7.900;7.064;10.199;28.898,30.000;30.000;30.000;30.000;30.000;30.000;30.000;30.000;30.000;30.000;30.000;30.000;30.000,Boiteux,licking,,,POINT,177.770,C:\Users\esthe\Downloads\small boiteux 12_\Boit_1205_8_five.mp4,98,NA,
boit_1205,2025-06-05 16:05:44.780,,209.095,Media file(s),player #1:C:\Users\esthe\Downloads\small boiteux 12_\Boi_1205_1_seven.mp4;C:\Users\esthe\Downloads\small boiteux 12_\Boit_1205_10_three.mp4;C:\Users\esthe\Downloads\small boiteux 12_\Boit_1205_11_five.mp4;C:\Users\esthe\Downloads\small boiteux 12_\Boit_1205_12_control.mp4;C:\Users\esthe\Downloads\small boiteux 12_\Boit_1205_13_control.mp4;C:\Users\esthe\Downloads\small boiteux 12_\Boit_1205_2_three.mp4;C:\Users\esthe\Downloads\small boiteux 12_\Boit_1205_3_five.mp4;C:\Users\esthe\Downloads\small boiteux 12_\Boit_1205_4_one.mp4;C:\Users\esthe\Downloads\small boiteux 12_\Boit_1205_5_five.mp4;C:\Users\esthe\Downloads\small boiteux 12_\Boit_1205_6_three.mp4;C:\Users\esthe\Downloads\small boiteux 12_\Boit_1205_7_one.mp4;C:\Users\esthe\Downloads\small boiteux 12_\Boit_1205_8_five.mp4;C:\Users\esthe\Downloads\small boiteux 12_\Boit_1205_9_seven.mp4,0.0,33.361;14.067;14.331;21.564;6.399;8.664;23.761;18.197;19.200;7.900;7.064;10.199;28.898,30.000;30.000;30.000;30.000;30.000;30.000;30.000;30.000;30.000;30.000;30.000;30.000;30.000,Boiteux,rotation,,Horizontal,START,177.870,C:\Users\esthe\Downloads\small boiteux 12_\Boit_1205_8_five.mp4,101,NA,
boit_1205,2025-06-05 16:05:44.780,,209.095,Media file(s),player #1:C:\Users\esthe\Downloads\small boiteux 12_\Boi_1205_1_seven.mp4;C:\Users\esthe\Downloads\small boiteux 12_\Boit_1205_10_three.mp4;C:\Users\esthe\Downloads\small boiteux 12_\Boit_1205_11_five.mp4;C:\Users\esthe\Downloads\small boiteux 12_\Boit_1205_12_control.mp4;C:\Users\esthe\Downloads\small boiteux 12_\Boit_1205_13_control.mp4;C:\Users\esthe\Downloads\small boiteux 12_\Boit_1205_2_three.mp4;C:\Users\esthe\Downloads\small boiteux 12_\Boit_1205_3_five.mp4;C:\Users\esthe\Downloads\small boiteux 12_\Boit_1205_4_one.mp4;C:\Users\esthe\Downloads\small boiteux 12_\Boit_1205_5_five.mp4;C:\Users\esthe\Downloads\small boiteux 12_\Boit_1205_6_three.mp4;C:\Users\esthe\Downloads\small boiteux 12_\Boit_1205_7_one.mp4;C:\Users\esthe\Downloads\small boiteux 12_\Boit_1205_8_five.mp4;C:\Users\esthe\Downloads\small boiteux 12_\Boit_1205_9_seven.mp4,0.0,33.361;14.067;14.331;21.564;6.399;8.664;23.761;18.197;19.200;7.900;7.064;10.199;28.898,30.000;30.000;30.000;30.000;30.000;30.000;30.000;30.000;30.000;30.000;30.000;30.000;30.000,Boiteux,jaw movement,,,POINT,178.104,C:\Users\esthe\Downloads\small boiteux 12_\Boit_1205_8_five.mp4,108,NA,
boit_1205,2025-06-05 16:05:44.780,,209.095,Media file(s),player #1:C:\Users\esthe\Downloads\small boiteux 12_\Boi_1205_1_seven.mp4;C:\Users\esthe\Downloads\small boiteux 12_\Boit_1205_10_three.mp4;C:\Users\esthe\Downloads\small boiteux 12_\Boit_1205_11_five.mp4;C:\Users\esthe\Downloads\small boiteux 12_\Boit_1205_12_control.mp4;C:\Users\esthe\Downloads\small boiteux 12_\Boit_1205_13_control.mp4;C:\Users\esthe\Downloads\small boiteux 12_\Boit_1205_2_three.mp4;C:\Users\esthe\Downloads\small boiteux 12_\Boit_1205_3_five.mp4;C:\Users\esthe\Downloads\small boiteux 12_\Boit_1205_4_one.mp4;C:\Users\esthe\Downloads\small boiteux 12_\Boit_1205_5_five.mp4;C:\Users\esthe\Downloads\small boiteux 12_\Boit_1205_6_three.mp4;C:\Users\esthe\Downloads\small boiteux 12_\Boit_1205_7_one.mp4;C:\Users\esthe\Downloads\small boiteux 12_\Boit_1205_8_five.mp4;C:\Users\esthe\Downloads\small boiteux 12_\Boit_1205_9_seven.mp4,0.0,33.361;14.067;14.331;21.564;6.399;8.664;23.761;18.197;19.200;7.900;7.064;10.199;28.898,30.000;30.000;30.000;30.000;30.000;30.000;30.000;30.000;30.000;30.000;30.000;30.000;30.000,Boiteux,rotation,,Horizontal,STOP,178.104,C:\Users\esthe\Downloads\small boiteux 12_\Boit_1205_8_five.mp4,108,NA,
boit_1205,2025-06-05 16:05:44.780,,209.095,Media file(s),player #1:C:\Users\esthe\Downloads\small boiteux 12_\Boi_1205_1_seven.mp4;C:\Users\esthe\Downloads\small boiteux 12_\Boit_1205_10_three.mp4;C:\Users\esthe\Downloads\small boiteux 12_\Boit_1205_11_five.mp4;C:\Users\esthe\Downloads\small boiteux 12_\Boit_1205_12_control.mp4;C:\Users\esthe\Downloads\small boiteux 12_\Boit_1205_13_control.mp4;C:\Users\esthe\Downloads\small boiteux 12_\Boit_1205_2_three.mp4;C:\Users\esthe\Downloads\small boiteux 12_\Boit_1205_3_five.mp4;C:\Users\esthe\Downloads\small boiteux 12_\Boit_1205_4_one.mp4;C:\Users\esthe\Downloads\small boiteux 12_\Boit_1205_5_five.mp4;C:\Users\esthe\Downloads\small boiteux 12_\Boit_1205_6_three.mp4;C:\Users\esthe\Downloads\small boiteux 12_\Boit_1205_7_one.mp4;C:\Users\esthe\Downloads\small boiteux 12_\Boit_1205_8_five.mp4;C:\Users\esthe\Downloads\small boiteux 12_\Boit_1205_9_seven.mp4,0.0,33.361;14.067;14.331;21.564;6.399;8.664;23.761;18.197;19.200;7.900;7.064;10.199;28.898,30.000;30.000;30.000;30.000;30.000;30.000;30.000;30.000;30.000;30.000;30.000;30.000;30.000,Boiteux,rotation,,Vertical,START,178.170,C:\Users\esthe\Downloads\small boiteux 12_\Boit_1205_8_five.mp4,110,NA,
boit_1205,2025-06-05 16:05:44.780,,209.095,Media file(s),player #1:C:\Users\esthe\Downloads\small boiteux 12_\Boi_1205_1_seven.mp4;C:\Users\esthe\Downloads\small boiteux 12_\Boit_1205_10_three.mp4;C:\Users\esthe\Downloads\small boiteux 12_\Boit_1205_11_five.mp4;C:\Users\esthe\Downloads\small boiteux 12_\Boit_1205_12_control.mp4;C:\Users\esthe\Downloads\small boiteux 12_\Boit_1205_13_control.mp4;C:\Users\esthe\Downloads\small boiteux 12_\Boit_1205_2_three.mp4;C:\Users\esthe\Downloads\small boiteux 12_\Boit_1205_3_five.mp4;C:\Users\esthe\Downloads\small boiteux 12_\Boit_1205_4_one.mp4;C:\Users\esthe\Downloads\small boiteux 12_\Boit_1205_5_five.mp4;C:\Users\esthe\Downloads\small boiteux 12_\Boit_1205_6_three.mp4;C:\Users\esthe\Downloads\small boiteux 12_\Boit_1205_7_one.mp4;C:\Users\esthe\Downloads\small boiteux 12_\Boit_1205_8_five.mp4;C:\Users\esthe\Downloads\small boiteux 12_\Boit_1205_9_seven.mp4,0.0,33.361;14.067;14.331;21.564;6.399;8.664;23.761;18.197;19.200;7.900;7.064;10.199;28.898,30.000;30.000;30.000;30.000;30.000;30.000;30.000;30.000;30.000;30.000;30.000;30.000;30.000,Boiteux,rotation,,Vertical,STOP,178.337,C:\Users\esthe\Downloads\small boiteux 12_\Boit_1205_8_five.mp4,115,NA,
boit_1205,2025-06-05 16:05:44.780,,209.095,Media file(s),player #1:C:\Users\esthe\Downloads\small boiteux 12_\Boi_1205_1_seven.mp4;C:\Users\esthe\Downloads\small boiteux 12_\Boit_1205_10_three.mp4;C:\Users\esthe\Downloads\small boiteux 12_\Boit_1205_11_five.mp4;C:\Users\esthe\Downloads\small boiteux 12_\Boit_1205_12_control.mp4;C:\Users\esthe\Downloads\small boiteux 12_\Boit_1205_13_control.mp4;C:\Users\esthe\Downloads\small boiteux 12_\Boit_1205_2_three.mp4;C:\Users\esthe\Downloads\small boiteux 12_\Boit_1205_3_five.mp4;C:\Users\esthe\Downloads\small boiteux 12_\Boit_1205_4_one.mp4;C:\Users\esthe\Downloads\small boiteux 12_\Boit_1205_5_five.mp4;C:\Users\esthe\Downloads\small boiteux 12_\Boit_1205_6_three.mp4;C:\Users\esthe\Downloads\small boiteux 12_\Boit_1205_7_one.mp4;C:\Users\esthe\Downloads\small boiteux 12_\Boit_1205_8_five.mp4;C:\Users\esthe\Downloads\small boiteux 12_\Boit_1205_9_seven.mp4,0.0,33.361;14.067;14.331;21.564;6.399;8.664;23.761;18.197;19.200;7.900;7.064;10.199;28.898,30.000;30.000;30.000;30.000;30.000;30.000;30.000;30.000;30.000;30.000;30.000;30.000;30.000,Boiteux,jaw movement,,,POINT,178.370,C:\Users\esthe\Downloads\small boiteux 12_\Boit_1205_8_five.mp4,116,NA,
boit_1205,2025-06-05 16:05:44.780,,209.095,Media file(s),player #1:C:\Users\esthe\Downloads\small boiteux 12_\Boi_1205_1_seven.mp4;C:\Users\esthe\Downloads\small boiteux 12_\Boit_1205_10_three.mp4;C:\Users\esthe\Downloads\small boiteux 12_\Boit_1205_11_five.mp4;C:\Users\esthe\Downloads\small boiteux 12_\Boit_1205_12_control.mp4;C:\Users\esthe\Downloads\small boiteux 12_\Boit_1205_13_control.mp4;C:\Users\esthe\Downloads\small boiteux 12_\Boit_1205_2_three.mp4;C:\Users\esthe\Downloads\small boiteux 12_\Boit_1205_3_five.mp4;C:\Users\esthe\Downloads\small boiteux 12_\Boit_1205_4_one.mp4;C:\Users\esthe\Downloads\small boiteux 12_\Boit_1205_5_five.mp4;C:\Users\esthe\Downloads\small boiteux 12_\Boit_1205_6_three.mp4;C:\Users\esthe\Downloads\small boiteux 12_\Boit_1205_7_one.mp4;C:\Users\esthe\Downloads\small boiteux 12_\Boit_1205_8_five.mp4;C:\Users\esthe\Downloads\small boiteux 12_\Boit_1205_9_seven.mp4,0.0,33.361;14.067;14.331;21.564;6.399;8.664;23.761;18.197;19.200;7.900;7.064;10.199;28.898,30.000;30.000;30.000;30.000;30.000;30.000;30.000;30.000;30.000;30.000;30.000;30.000;30.000,Boiteux,rotation,,Vertical,START,178.470,C:\Users\esthe\Downloads\small boiteux 12_\Boit_1205_8_five.mp4,119,NA,
boit_1205,2025-06-05 16:05:44.780,,209.095,Media file(s),player #1:C:\Users\esthe\Downloads\small boiteux 12_\Boi_1205_1_seven.mp4;C:\Users\esthe\Downloads\small boiteux 12_\Boit_1205_10_three.mp4;C:\Users\esthe\Downloads\small boiteux 12_\Boit_1205_11_five.mp4;C:\Users\esthe\Downloads\small boiteux 12_\Boit_1205_12_control.mp4;C:\Users\esthe\Downloads\small boiteux 12_\Boit_1205_13_control.mp4;C:\Users\esthe\Downloads\small boiteux 12_\Boit_1205_2_three.mp4;C:\Users\esthe\Downloads\small boiteux 12_\Boit_1205_3_five.mp4;C:\Users\esthe\Downloads\small boiteux 12_\Boit_1205_4_one.mp4;C:\Users\esthe\Downloads\small boiteux 12_\Boit_1205_5_five.mp4;C:\Users\esthe\Downloads\small boiteux 12_\Boit_1205_6_three.mp4;C:\Users\esthe\Downloads\small boiteux 12_\Boit_1205_7_one.mp4;C:\Users\esthe\Downloads\small boiteux 12_\Boit_1205_8_five.mp4;C:\Users\esthe\Downloads\small boiteux 12_\Boit_1205_9_seven.mp4,0.0,33.361;14.067;14.331;21.564;6.399;8.664;23.761;18.197;19.200;7.900;7.064;10.199;28.898,30.000;30.000;30.000;30.000;30.000;30.000;30.000;30.000;30.000;30.000;30.000;30.000;30.000,Boiteux,rotation,,Vertical,STOP,178.870,C:\Users\esthe\Downloads\small boiteux 12_\Boit_1205_8_five.mp4,131,NA,
boit_1205,2025-06-05 16:05:44.780,,209.095,Media file(s),player #1:C:\Users\esthe\Downloads\small boiteux 12_\Boi_1205_1_seven.mp4;C:\Users\esthe\Downloads\small boiteux 12_\Boit_1205_10_three.mp4;C:\Users\esthe\Downloads\small boiteux 12_\Boit_1205_11_five.mp4;C:\Users\esthe\Downloads\small boiteux 12_\Boit_1205_12_control.mp4;C:\Users\esthe\Downloads\small boiteux 12_\Boit_1205_13_control.mp4;C:\Users\esthe\Downloads\small boiteux 12_\Boit_1205_2_three.mp4;C:\Users\esthe\Downloads\small boiteux 12_\Boit_1205_3_five.mp4;C:\Users\esthe\Downloads\small boiteux 12_\Boit_1205_4_one.mp4;C:\Users\esthe\Downloads\small boiteux 12_\Boit_1205_5_five.mp4;C:\Users\esthe\Downloads\small boiteux 12_\Boit_1205_6_three.mp4;C:\Users\esthe\Downloads\small boiteux 12_\Boit_1205_7_one.mp4;C:\Users\esthe\Downloads\small boiteux 12_\Boit_1205_8_five.mp4;C:\Users\esthe\Downloads\small boiteux 12_\Boit_1205_9_seven.mp4,0.0,33.361;14.067;14.331;21.564;6.399;8.664;23.761;18.197;19.200;7.900;7.064;10.199;28.898,30.000;30.000;30.000;30.000;30.000;30.000;30.000;30.000;30.000;30.000;30.000;30.000;30.000,Boiteux,jaw movement,,,POINT,178.903,C:\Users\esthe\Downloads\small boiteux 12_\Boit_1205_8_five.mp4,132,NA,
boit_1205,2025-06-05 16:05:44.780,,209.095,Media file(s),player #1:C:\Users\esthe\Downloads\small boiteux 12_\Boi_1205_1_seven.mp4;C:\Users\esthe\Downloads\small boiteux 12_\Boit_1205_10_three.mp4;C:\Users\esthe\Downloads\small boiteux 12_\Boit_1205_11_five.mp4;C:\Users\esthe\Downloads\small boiteux 12_\Boit_1205_12_control.mp4;C:\Users\esthe\Downloads\small boiteux 12_\Boit_1205_13_control.mp4;C:\Users\esthe\Downloads\small boiteux 12_\Boit_1205_2_three.mp4;C:\Users\esthe\Downloads\small boiteux 12_\Boit_1205_3_five.mp4;C:\Users\esthe\Downloads\small boiteux 12_\Boit_1205_4_one.mp4;C:\Users\esthe\Downloads\small boiteux 12_\Boit_1205_5_five.mp4;C:\Users\esthe\Downloads\small boiteux 12_\Boit_1205_6_three.mp4;C:\Users\esthe\Downloads\small boiteux 12_\Boit_1205_7_one.mp4;C:\Users\esthe\Downloads\small boiteux 12_\Boit_1205_8_five.mp4;C:\Users\esthe\Downloads\small boiteux 12_\Boit_1205_9_seven.mp4,0.0,33.361;14.067;14.331;21.564;6.399;8.664;23.761;18.197;19.200;7.900;7.064;10.199;28.898,30.000;30.000;30.000;30.000;30.000;30.000;30.000;30.000;30.000;30.000;30.000;30.000;30.000,Boiteux,rotation,,Vertical,START,178.937,C:\Users\esthe\Downloads\small boiteux 12_\Boit_1205_8_five.mp4,133,NA,
boit_1205,2025-06-05 16:05:44.780,,209.095,Media file(s),player #1:C:\Users\esthe\Downloads\small boiteux 12_\Boi_1205_1_seven.mp4;C:\Users\esthe\Downloads\small boiteux 12_\Boit_1205_10_three.mp4;C:\Users\esthe\Downloads\small boiteux 12_\Boit_1205_11_five.mp4;C:\Users\esthe\Downloads\small boiteux 12_\Boit_1205_12_control.mp4;C:\Users\esthe\Downloads\small boiteux 12_\Boit_1205_13_control.mp4;C:\Users\esthe\Downloads\small boiteux 12_\Boit_1205_2_three.mp4;C:\Users\esthe\Downloads\small boiteux 12_\Boit_1205_3_five.mp4;C:\Users\esthe\Downloads\small boiteux 12_\Boit_1205_4_one.mp4;C:\Users\esthe\Downloads\small boiteux 12_\Boit_1205_5_five.mp4;C:\Users\esthe\Downloads\small boiteux 12_\Boit_1205_6_three.mp4;C:\Users\esthe\Downloads\small boiteux 12_\Boit_1205_7_one.mp4;C:\Users\esthe\Downloads\small boiteux 12_\Boit_1205_8_five.mp4;C:\Users\esthe\Downloads\small boiteux 12_\Boit_1205_9_seven.mp4,0.0,33.361;14.067;14.331;21.564;6.399;8.664;23.761;18.197;19.200;7.900;7.064;10.199;28.898,30.000;30.000;30.000;30.000;30.000;30.000;30.000;30.000;30.000;30.000;30.000;30.000;30.000,Boiteux,jaw movement,,,POINT,179.137,C:\Users\esthe\Downloads\small boiteux 12_\Boit_1205_8_five.mp4,139,NA,
boit_1205,2025-06-05 16:05:44.780,,209.095,Media file(s),player #1:C:\Users\esthe\Downloads\small boiteux 12_\Boi_1205_1_seven.mp4;C:\Users\esthe\Downloads\small boiteux 12_\Boit_1205_10_three.mp4;C:\Users\esthe\Downloads\small boiteux 12_\Boit_1205_11_five.mp4;C:\Users\esthe\Downloads\small boiteux 12_\Boit_1205_12_control.mp4;C:\Users\esthe\Downloads\small boiteux 12_\Boit_1205_13_control.mp4;C:\Users\esthe\Downloads\small boiteux 12_\Boit_1205_2_three.mp4;C:\Users\esthe\Downloads\small boiteux 12_\Boit_1205_3_five.mp4;C:\Users\esthe\Downloads\small boiteux 12_\Boit_1205_4_one.mp4;C:\Users\esthe\Downloads\small boiteux 12_\Boit_1205_5_five.mp4;C:\Users\esthe\Downloads\small boiteux 12_\Boit_1205_6_three.mp4;C:\Users\esthe\Downloads\small boiteux 12_\Boit_1205_7_one.mp4;C:\Users\esthe\Downloads\small boiteux 12_\Boit_1205_8_five.mp4;C:\Users\esthe\Downloads\small boiteux 12_\Boit_1205_9_seven.mp4,0.0,33.361;14.067;14.331;21.564;6.399;8.664;23.761;18.197;19.200;7.900;7.064;10.199;28.898,30.000;30.000;30.000;30.000;30.000;30.000;30.000;30.000;30.000;30.000;30.000;30.000;30.000,Boiteux,rotation,,Vertical,STOP,179.137,C:\Users\esthe\Downloads\small boiteux 12_\Boit_1205_8_five.mp4,139,NA,
boit_1205,2025-06-05 16:05:44.780,,209.095,Media file(s),player #1:C:\Users\esthe\Downloads\small boiteux 12_\Boi_1205_1_seven.mp4;C:\Users\esthe\Downloads\small boiteux 12_\Boit_1205_10_three.mp4;C:\Users\esthe\Downloads\small boiteux 12_\Boit_1205_11_five.mp4;C:\Users\esthe\Downloads\small boiteux 12_\Boit_1205_12_control.mp4;C:\Users\esthe\Downloads\small boiteux 12_\Boit_1205_13_control.mp4;C:\Users\esthe\Downloads\small boiteux 12_\Boit_1205_2_three.mp4;C:\Users\esthe\Downloads\small boiteux 12_\Boit_1205_3_five.mp4;C:\Users\esthe\Downloads\small boiteux 12_\Boit_1205_4_one.mp4;C:\Users\esthe\Downloads\small boiteux 12_\Boit_1205_5_five.mp4;C:\Users\esthe\Downloads\small boiteux 12_\Boit_1205_6_three.mp4;C:\Users\esthe\Downloads\small boiteux 12_\Boit_1205_7_one.mp4;C:\Users\esthe\Downloads\small boiteux 12_\Boit_1205_8_five.mp4;C:\Users\esthe\Downloads\small boiteux 12_\Boit_1205_9_seven.mp4,0.0,33.361;14.067;14.331;21.564;6.399;8.664;23.761;18.197;19.200;7.900;7.064;10.199;28.898,30.000;30.000;30.000;30.000;30.000;30.000;30.000;30.000;30.000;30.000;30.000;30.000;30.000,Boiteux,translational movement,,,POINT,179.270,C:\Users\esthe\Downloads\small boiteux 12_\Boit_1205_8_five.mp4,143,NA,
boit_1205,2025-06-05 16:05:44.780,,209.095,Media file(s),player #1:C:\Users\esthe\Downloads\small boiteux 12_\Boi_1205_1_seven.mp4;C:\Users\esthe\Downloads\small boiteux 12_\Boit_1205_10_three.mp4;C:\Users\esthe\Downloads\small boiteux 12_\Boit_1205_11_five.mp4;C:\Users\esthe\Downloads\small boiteux 12_\Boit_1205_12_control.mp4;C:\Users\esthe\Downloads\small boiteux 12_\Boit_1205_13_control.mp4;C:\Users\esthe\Downloads\small boiteux 12_\Boit_1205_2_three.mp4;C:\Users\esthe\Downloads\small boiteux 12_\Boit_1205_3_five.mp4;C:\Users\esthe\Downloads\small boiteux 12_\Boit_1205_4_one.mp4;C:\Users\esthe\Downloads\small boiteux 12_\Boit_1205_5_five.mp4;C:\Users\esthe\Downloads\small boiteux 12_\Boit_1205_6_three.mp4;C:\Users\esthe\Downloads\small boiteux 12_\Boit_1205_7_one.mp4;C:\Users\esthe\Downloads\small boiteux 12_\Boit_1205_8_five.mp4;C:\Users\esthe\Downloads\small boiteux 12_\Boit_1205_9_seven.mp4,0.0,33.361;14.067;14.331;21.564;6.399;8.664;23.761;18.197;19.200;7.900;7.064;10.199;28.898,30.000;30.000;30.000;30.000;30.000;30.000;30.000;30.000;30.000;30.000;30.000;30.000;30.000,Boiteux,jaw movement,,,POINT,179.370,C:\Users\esthe\Downloads\small boiteux 12_\Boit_1205_8_five.mp4,146,NA,
boit_1205,2025-06-05 16:05:44.780,,209.095,Media file(s),player #1:C:\Users\esthe\Downloads\small boiteux 12_\Boi_1205_1_seven.mp4;C:\Users\esthe\Downloads\small boiteux 12_\Boit_1205_10_three.mp4;C:\Users\esthe\Downloads\small boiteux 12_\Boit_1205_11_five.mp4;C:\Users\esthe\Downloads\small boiteux 12_\Boit_1205_12_control.mp4;C:\Users\esthe\Downloads\small boiteux 12_\Boit_1205_13_control.mp4;C:\Users\esthe\Downloads\small boiteux 12_\Boit_1205_2_three.mp4;C:\Users\esthe\Downloads\small boiteux 12_\Boit_1205_3_five.mp4;C:\Users\esthe\Downloads\small boiteux 12_\Boit_1205_4_one.mp4;C:\Users\esthe\Downloads\small boiteux 12_\Boit_1205_5_five.mp4;C:\Users\esthe\Downloads\small boiteux 12_\Boit_1205_6_three.mp4;C:\Users\esthe\Downloads\small boiteux 12_\Boit_1205_7_one.mp4;C:\Users\esthe\Downloads\small boiteux 12_\Boit_1205_8_five.mp4;C:\Users\esthe\Downloads\small boiteux 12_\Boit_1205_9_seven.mp4,0.0,33.361;14.067;14.331;21.564;6.399;8.664;23.761;18.197;19.200;7.900;7.064;10.199;28.898,30.000;30.000;30.000;30.000;30.000;30.000;30.000;30.000;30.000;30.000;30.000;30.000;30.000,Boiteux,ear clapping,,,POINT,179.537,C:\Users\esthe\Downloads\small boiteux 12_\Boit_1205_8_five.mp4,151,NA,
boit_1205,2025-06-05 16:05:44.780,,209.095,Media file(s),player #1:C:\Users\esthe\Downloads\small boiteux 12_\Boi_1205_1_seven.mp4;C:\Users\esthe\Downloads\small boiteux 12_\Boit_1205_10_three.mp4;C:\Users\esthe\Downloads\small boiteux 12_\Boit_1205_11_five.mp4;C:\Users\esthe\Downloads\small boiteux 12_\Boit_1205_12_control.mp4;C:\Users\esthe\Downloads\small boiteux 12_\Boit_1205_13_control.mp4;C:\Users\esthe\Downloads\small boiteux 12_\Boit_1205_2_three.mp4;C:\Users\esthe\Downloads\small boiteux 12_\Boit_1205_3_five.mp4;C:\Users\esthe\Downloads\small boiteux 12_\Boit_1205_4_one.mp4;C:\Users\esthe\Downloads\small boiteux 12_\Boit_1205_5_five.mp4;C:\Users\esthe\Downloads\small boiteux 12_\Boit_1205_6_three.mp4;C:\Users\esthe\Downloads\small boiteux 12_\Boit_1205_7_one.mp4;C:\Users\esthe\Downloads\small boiteux 12_\Boit_1205_8_five.mp4;C:\Users\esthe\Downloads\small boiteux 12_\Boit_1205_9_seven.mp4,0.0,33.361;14.067;14.331;21.564;6.399;8.664;23.761;18.197;19.200;7.900;7.064;10.199;28.898,30.000;30.000;30.000;30.000;30.000;30.000;30.000;30.000;30.000;30.000;30.000;30.000;30.000,Boiteux,ear clapping,,,POINT,179.603,C:\Users\esthe\Downloads\small boiteux 12_\Boit_1205_8_five.mp4,153,NA,
boit_1205,2025-06-05 16:05:44.780,,209.095,Media file(s),player #1:C:\Users\esthe\Downloads\small boiteux 12_\Boi_1205_1_seven.mp4;C:\Users\esthe\Downloads\small boiteux 12_\Boit_1205_10_three.mp4;C:\Users\esthe\Downloads\small boiteux 12_\Boit_1205_11_five.mp4;C:\Users\esthe\Downloads\small boiteux 12_\Boit_1205_12_control.mp4;C:\Users\esthe\Downloads\small boiteux 12_\Boit_1205_13_control.mp4;C:\Users\esthe\Downloads\small boiteux 12_\Boit_1205_2_three.mp4;C:\Users\esthe\Downloads\small boiteux 12_\Boit_1205_3_five.mp4;C:\Users\esthe\Downloads\small boiteux 12_\Boit_1205_4_one.mp4;C:\Users\esthe\Downloads\small boiteux 12_\Boit_1205_5_five.mp4;C:\Users\esthe\Downloads\small boiteux 12_\Boit_1205_6_three.mp4;C:\Users\esthe\Downloads\small boiteux 12_\Boit_1205_7_one.mp4;C:\Users\esthe\Downloads\small boiteux 12_\Boit_1205_8_five.mp4;C:\Users\esthe\Downloads\small boiteux 12_\Boit_1205_9_seven.mp4,0.0,33.361;14.067;14.331;21.564;6.399;8.664;23.761;18.197;19.200;7.900;7.064;10.199;28.898,30.000;30.000;30.000;30.000;30.000;30.000;30.000;30.000;30.000;30.000;30.000;30.000;30.000,Boiteux,sniffing,,,POINT,179.603,C:\Users\esthe\Downloads\small boiteux 12_\Boit_1205_8_five.mp4,153,NA,
boit_1205,2025-06-05 16:05:44.780,,209.095,Media file(s),player #1:C:\Users\esthe\Downloads\small boiteux 12_\Boi_1205_1_seven.mp4;C:\Users\esthe\Downloads\small boiteux 12_\Boit_1205_10_three.mp4;C:\Users\esthe\Downloads\small boiteux 12_\Boit_1205_11_five.mp4;C:\Users\esthe\Downloads\small boiteux 12_\Boit_1205_12_control.mp4;C:\Users\esthe\Downloads\small boiteux 12_\Boit_1205_13_control.mp4;C:\Users\esthe\Downloads\small boiteux 12_\Boit_1205_2_three.mp4;C:\Users\esthe\Downloads\small boiteux 12_\Boit_1205_3_five.mp4;C:\Users\esthe\Downloads\small boiteux 12_\Boit_1205_4_one.mp4;C:\Users\esthe\Downloads\small boiteux 12_\Boit_1205_5_five.mp4;C:\Users\esthe\Downloads\small boiteux 12_\Boit_1205_6_three.mp4;C:\Users\esthe\Downloads\small boiteux 12_\Boit_1205_7_one.mp4;C:\Users\esthe\Downloads\small boiteux 12_\Boit_1205_8_five.mp4;C:\Users\esthe\Downloads\small boiteux 12_\Boit_1205_9_seven.mp4,0.0,33.361;14.067;14.331;21.564;6.399;8.664;23.761;18.197;19.200;7.900;7.064;10.199;28.898,30.000;30.000;30.000;30.000;30.000;30.000;30.000;30.000;30.000;30.000;30.000;30.000;30.000,Boiteux,ear clapping,,,POINT,179.770,C:\Users\esthe\Downloads\small boiteux 12_\Boit_1205_8_five.mp4,158,NA,
boit_1205,2025-06-05 16:05:44.780,,209.095,Media file(s),player #1:C:\Users\esthe\Downloads\small boiteux 12_\Boi_1205_1_seven.mp4;C:\Users\esthe\Downloads\small boiteux 12_\Boit_1205_10_three.mp4;C:\Users\esthe\Downloads\small boiteux 12_\Boit_1205_11_five.mp4;C:\Users\esthe\Downloads\small boiteux 12_\Boit_1205_12_control.mp4;C:\Users\esthe\Downloads\small boiteux 12_\Boit_1205_13_control.mp4;C:\Users\esthe\Downloads\small boiteux 12_\Boit_1205_2_three.mp4;C:\Users\esthe\Downloads\small boiteux 12_\Boit_1205_3_five.mp4;C:\Users\esthe\Downloads\small boiteux 12_\Boit_1205_4_one.mp4;C:\Users\esthe\Downloads\small boiteux 12_\Boit_1205_5_five.mp4;C:\Users\esthe\Downloads\small boiteux 12_\Boit_1205_6_three.mp4;C:\Users\esthe\Downloads\small boiteux 12_\Boit_1205_7_one.mp4;C:\Users\esthe\Downloads\small boiteux 12_\Boit_1205_8_five.mp4;C:\Users\esthe\Downloads\small boiteux 12_\Boit_1205_9_seven.mp4,0.0,33.361;14.067;14.331;21.564;6.399;8.664;23.761;18.197;19.200;7.900;7.064;10.199;28.898,30.000;30.000;30.000;30.000;30.000;30.000;30.000;30.000;30.000;30.000;30.000;30.000;30.000,Boiteux,jaw movement,,,POINT,180.003,C:\Users\esthe\Downloads\small boiteux 12_\Boit_1205_8_five.mp4,165,NA,
boit_1205,2025-06-05 16:05:44.780,,209.095,Media file(s),player #1:C:\Users\esthe\Downloads\small boiteux 12_\Boi_1205_1_seven.mp4;C:\Users\esthe\Downloads\small boiteux 12_\Boit_1205_10_three.mp4;C:\Users\esthe\Downloads\small boiteux 12_\Boit_1205_11_five.mp4;C:\Users\esthe\Downloads\small boiteux 12_\Boit_1205_12_control.mp4;C:\Users\esthe\Downloads\small boiteux 12_\Boit_1205_13_control.mp4;C:\Users\esthe\Downloads\small boiteux 12_\Boit_1205_2_three.mp4;C:\Users\esthe\Downloads\small boiteux 12_\Boit_1205_3_five.mp4;C:\Users\esthe\Downloads\small boiteux 12_\Boit_1205_4_one.mp4;C:\Users\esthe\Downloads\small boiteux 12_\Boit_1205_5_five.mp4;C:\Users\esthe\Downloads\small boiteux 12_\Boit_1205_6_three.mp4;C:\Users\esthe\Downloads\small boiteux 12_\Boit_1205_7_one.mp4;C:\Users\esthe\Downloads\small boiteux 12_\Boit_1205_8_five.mp4;C:\Users\esthe\Downloads\small boiteux 12_\Boit_1205_9_seven.mp4,0.0,33.361;14.067;14.331;21.564;6.399;8.664;23.761;18.197;19.200;7.900;7.064;10.199;28.898,30.000;30.000;30.000;30.000;30.000;30.000;30.000;30.000;30.000;30.000;30.000;30.000;30.000,Boiteux,jaw movement,,,POINT,180.303,C:\Users\esthe\Downloads\small boiteux 12_\Boit_1205_8_five.mp4,174,NA,
boit_1205,2025-06-05 16:05:44.780,,209.095,Media file(s),player #1:C:\Users\esthe\Downloads\small boiteux 12_\Boi_1205_1_seven.mp4;C:\Users\esthe\Downloads\small boiteux 12_\Boit_1205_10_three.mp4;C:\Users\esthe\Downloads\small boiteux 12_\Boit_1205_11_five.mp4;C:\Users\esthe\Downloads\small boiteux 12_\Boit_1205_12_control.mp4;C:\Users\esthe\Downloads\small boiteux 12_\Boit_1205_13_control.mp4;C:\Users\esthe\Downloads\small boiteux 12_\Boit_1205_2_three.mp4;C:\Users\esthe\Downloads\small boiteux 12_\Boit_1205_3_five.mp4;C:\Users\esthe\Downloads\small boiteux 12_\Boit_1205_4_one.mp4;C:\Users\esthe\Downloads\small boiteux 12_\Boit_1205_5_five.mp4;C:\Users\esthe\Downloads\small boiteux 12_\Boit_1205_6_three.mp4;C:\Users\esthe\Downloads\small boiteux 12_\Boit_1205_7_one.mp4;C:\Users\esthe\Downloads\small boiteux 12_\Boit_1205_8_five.mp4;C:\Users\esthe\Downloads\small boiteux 12_\Boit_1205_9_seven.mp4,0.0,33.361;14.067;14.331;21.564;6.399;8.664;23.761;18.197;19.200;7.900;7.064;10.199;28.898,30.000;30.000;30.000;30.000;30.000;30.000;30.000;30.000;30.000;30.000;30.000;30.000;30.000,Boiteux,sniffing,,,POINT,180.370,C:\Users\esthe\Downloads\small boiteux 12_\Boit_1205_8_five.mp4,176,NA,
boit_1205,2025-06-05 16:05:44.780,,209.095,Media file(s),player #1:C:\Users\esthe\Downloads\small boiteux 12_\Boi_1205_1_seven.mp4;C:\Users\esthe\Downloads\small boiteux 12_\Boit_1205_10_three.mp4;C:\Users\esthe\Downloads\small boiteux 12_\Boit_1205_11_five.mp4;C:\Users\esthe\Downloads\small boiteux 12_\Boit_1205_12_control.mp4;C:\Users\esthe\Downloads\small boiteux 12_\Boit_1205_13_control.mp4;C:\Users\esthe\Downloads\small boiteux 12_\Boit_1205_2_three.mp4;C:\Users\esthe\Downloads\small boiteux 12_\Boit_1205_3_five.mp4;C:\Users\esthe\Downloads\small boiteux 12_\Boit_1205_4_one.mp4;C:\Users\esthe\Downloads\small boiteux 12_\Boit_1205_5_five.mp4;C:\Users\esthe\Downloads\small boiteux 12_\Boit_1205_6_three.mp4;C:\Users\esthe\Downloads\small boiteux 12_\Boit_1205_7_one.mp4;C:\Users\esthe\Downloads\small boiteux 12_\Boit_1205_8_five.mp4;C:\Users\esthe\Downloads\small boiteux 12_\Boit_1205_9_seven.mp4,0.0,33.361;14.067;14.331;21.564;6.399;8.664;23.761;18.197;19.200;7.900;7.064;10.199;28.898,30.000;30.000;30.000;30.000;30.000;30.000;30.000;30.000;30.000;30.000;30.000;30.000;30.000,Boiteux,ear clapping,,,POINT,180.503,C:\Users\esthe\Downloads\small boiteux 12_\Boit_1205_8_five.mp4,180,NA,
boit_1205,2025-06-05 16:05:44.780,,209.095,Media file(s),player #1:C:\Users\esthe\Downloads\small boiteux 12_\Boi_1205_1_seven.mp4;C:\Users\esthe\Downloads\small boiteux 12_\Boit_1205_10_three.mp4;C:\Users\esthe\Downloads\small boiteux 12_\Boit_1205_11_five.mp4;C:\Users\esthe\Downloads\small boiteux 12_\Boit_1205_12_control.mp4;C:\Users\esthe\Downloads\small boiteux 12_\Boit_1205_13_control.mp4;C:\Users\esthe\Downloads\small boiteux 12_\Boit_1205_2_three.mp4;C:\Users\esthe\Downloads\small boiteux 12_\Boit_1205_3_five.mp4;C:\Users\esthe\Downloads\small boiteux 12_\Boit_1205_4_one.mp4;C:\Users\esthe\Downloads\small boiteux 12_\Boit_1205_5_five.mp4;C:\Users\esthe\Downloads\small boiteux 12_\Boit_1205_6_three.mp4;C:\Users\esthe\Downloads\small boiteux 12_\Boit_1205_7_one.mp4;C:\Users\esthe\Downloads\small boiteux 12_\Boit_1205_8_five.mp4;C:\Users\esthe\Downloads\small boiteux 12_\Boit_1205_9_seven.mp4,0.0,33.361;14.067;14.331;21.564;6.399;8.664;23.761;18.197;19.200;7.900;7.064;10.199;28.898,30.000;30.000;30.000;30.000;30.000;30.000;30.000;30.000;30.000;30.000;30.000;30.000;30.000,Boiteux,ear clapping,,,POINT,180.970,C:\Users\esthe\Downloads\small boiteux 12_\Boit_1205_8_five.mp4,194,NA,
boit_1205,2025-06-05 16:05:44.780,,209.095,Media file(s),player #1:C:\Users\esthe\Downloads\small boiteux 12_\Boi_1205_1_seven.mp4;C:\Users\esthe\Downloads\small boiteux 12_\Boit_1205_10_three.mp4;C:\Users\esthe\Downloads\small boiteux 12_\Boit_1205_11_five.mp4;C:\Users\esthe\Downloads\small boiteux 12_\Boit_1205_12_control.mp4;C:\Users\esthe\Downloads\small boiteux 12_\Boit_1205_13_control.mp4;C:\Users\esthe\Downloads\small boiteux 12_\Boit_1205_2_three.mp4;C:\Users\esthe\Downloads\small boiteux 12_\Boit_1205_3_five.mp4;C:\Users\esthe\Downloads\small boiteux 12_\Boit_1205_4_one.mp4;C:\Users\esthe\Downloads\small boiteux 12_\Boit_1205_5_five.mp4;C:\Users\esthe\Downloads\small boiteux 12_\Boit_1205_6_three.mp4;C:\Users\esthe\Downloads\small boiteux 12_\Boit_1205_7_one.mp4;C:\Users\esthe\Downloads\small boiteux 12_\Boit_1205_8_five.mp4;C:\Users\esthe\Downloads\small boiteux 12_\Boit_1205_9_seven.mp4,0.0,33.361;14.067;14.331;21.564;6.399;8.664;23.761;18.197;19.200;7.900;7.064;10.199;28.898,30.000;30.000;30.000;30.000;30.000;30.000;30.000;30.000;30.000;30.000;30.000;30.000;30.000,Boiteux,jaw movement,,,POINT,181.036,C:\Users\esthe\Downloads\small boiteux 12_\Boit_1205_8_five.mp4,196,NA,
boit_1205,2025-06-05 16:05:44.780,,209.095,Media file(s),player #1:C:\Users\esthe\Downloads\small boiteux 12_\Boi_1205_1_seven.mp4;C:\Users\esthe\Downloads\small boiteux 12_\Boit_1205_10_three.mp4;C:\Users\esthe\Downloads\small boiteux 12_\Boit_1205_11_five.mp4;C:\Users\esthe\Downloads\small boiteux 12_\Boit_1205_12_control.mp4;C:\Users\esthe\Downloads\small boiteux 12_\Boit_1205_13_control.mp4;C:\Users\esthe\Downloads\small boiteux 12_\Boit_1205_2_three.mp4;C:\Users\esthe\Downloads\small boiteux 12_\Boit_1205_3_five.mp4;C:\Users\esthe\Downloads\small boiteux 12_\Boit_1205_4_one.mp4;C:\Users\esthe\Downloads\small boiteux 12_\Boit_1205_5_five.mp4;C:\Users\esthe\Downloads\small boiteux 12_\Boit_1205_6_three.mp4;C:\Users\esthe\Downloads\small boiteux 12_\Boit_1205_7_one.mp4;C:\Users\esthe\Downloads\small boiteux 12_\Boit_1205_8_five.mp4;C:\Users\esthe\Downloads\small boiteux 12_\Boit_1205_9_seven.mp4,0.0,33.361;14.067;14.331;21.564;6.399;8.664;23.761;18.197;19.200;7.900;7.064;10.199;28.898,30.000;30.000;30.000;30.000;30.000;30.000;30.000;30.000;30.000;30.000;30.000;30.000;30.000,Boiteux,translational movement,,,POINT,181.170,C:\Users\esthe\Downloads\small boiteux 12_\Boit_1205_8_five.mp4,200,NA,
boit_1205,2025-06-05 16:05:44.780,,209.095,Media file(s),player #1:C:\Users\esthe\Downloads\small boiteux 12_\Boi_1205_1_seven.mp4;C:\Users\esthe\Downloads\small boiteux 12_\Boit_1205_10_three.mp4;C:\Users\esthe\Downloads\small boiteux 12_\Boit_1205_11_five.mp4;C:\Users\esthe\Downloads\small boiteux 12_\Boit_1205_12_control.mp4;C:\Users\esthe\Downloads\small boiteux 12_\Boit_1205_13_control.mp4;C:\Users\esthe\Downloads\small boiteux 12_\Boit_1205_2_three.mp4;C:\Users\esthe\Downloads\small boiteux 12_\Boit_1205_3_five.mp4;C:\Users\esthe\Downloads\small boiteux 12_\Boit_1205_4_one.mp4;C:\Users\esthe\Downloads\small boiteux 12_\Boit_1205_5_five.mp4;C:\Users\esthe\Downloads\small boiteux 12_\Boit_1205_6_three.mp4;C:\Users\esthe\Downloads\small boiteux 12_\Boit_1205_7_one.mp4;C:\Users\esthe\Downloads\small boiteux 12_\Boit_1205_8_five.mp4;C:\Users\esthe\Downloads\small boiteux 12_\Boit_1205_9_seven.mp4,0.0,33.361;14.067;14.331;21.564;6.399;8.664;23.761;18.197;19.200;7.900;7.064;10.199;28.898,30.000;30.000;30.000;30.000;30.000;30.000;30.000;30.000;30.000;30.000;30.000;30.000;30.000,Boiteux,jaw movement,,,POINT,181.236,C:\Users\esthe\Downloads\small boiteux 12_\Boit_1205_8_five.mp4,202,NA,
boit_1205,2025-06-05 16:05:44.780,,209.095,Media file(s),player #1:C:\Users\esthe\Downloads\small boiteux 12_\Boi_1205_1_seven.mp4;C:\Users\esthe\Downloads\small boiteux 12_\Boit_1205_10_three.mp4;C:\Users\esthe\Downloads\small boiteux 12_\Boit_1205_11_five.mp4;C:\Users\esthe\Downloads\small boiteux 12_\Boit_1205_12_control.mp4;C:\Users\esthe\Downloads\small boiteux 12_\Boit_1205_13_control.mp4;C:\Users\esthe\Downloads\small boiteux 12_\Boit_1205_2_three.mp4;C:\Users\esthe\Downloads\small boiteux 12_\Boit_1205_3_five.mp4;C:\Users\esthe\Downloads\small boiteux 12_\Boit_1205_4_one.mp4;C:\Users\esthe\Downloads\small boiteux 12_\Boit_1205_5_five.mp4;C:\Users\esthe\Downloads\small boiteux 12_\Boit_1205_6_three.mp4;C:\Users\esthe\Downloads\small boiteux 12_\Boit_1205_7_one.mp4;C:\Users\esthe\Downloads\small boiteux 12_\Boit_1205_8_five.mp4;C:\Users\esthe\Downloads\small boiteux 12_\Boit_1205_9_seven.mp4,0.0,33.361;14.067;14.331;21.564;6.399;8.664;23.761;18.197;19.200;7.900;7.064;10.199;28.898,30.000;30.000;30.000;30.000;30.000;30.000;30.000;30.000;30.000;30.000;30.000;30.000;30.000,Boiteux,rotation,,Horizontal,START,181.270,C:\Users\esthe\Downloads\small boiteux 12_\Boit_1205_8_five.mp4,203,NA,
boit_1205,2025-06-05 16:05:44.780,,209.095,Media file(s),player #1:C:\Users\esthe\Downloads\small boiteux 12_\Boi_1205_1_seven.mp4;C:\Users\esthe\Downloads\small boiteux 12_\Boit_1205_10_three.mp4;C:\Users\esthe\Downloads\small boiteux 12_\Boit_1205_11_five.mp4;C:\Users\esthe\Downloads\small boiteux 12_\Boit_1205_12_control.mp4;C:\Users\esthe\Downloads\small boiteux 12_\Boit_1205_13_control.mp4;C:\Users\esthe\Downloads\small boiteux 12_\Boit_1205_2_three.mp4;C:\Users\esthe\Downloads\small boiteux 12_\Boit_1205_3_five.mp4;C:\Users\esthe\Downloads\small boiteux 12_\Boit_1205_4_one.mp4;C:\Users\esthe\Downloads\small boiteux 12_\Boit_1205_5_five.mp4;C:\Users\esthe\Downloads\small boiteux 12_\Boit_1205_6_three.mp4;C:\Users\esthe\Downloads\small boiteux 12_\Boit_1205_7_one.mp4;C:\Users\esthe\Downloads\small boiteux 12_\Boit_1205_8_five.mp4;C:\Users\esthe\Downloads\small boiteux 12_\Boit_1205_9_seven.mp4,0.0,33.361;14.067;14.331;21.564;6.399;8.664;23.761;18.197;19.200;7.900;7.064;10.199;28.898,30.000;30.000;30.000;30.000;30.000;30.000;30.000;30.000;30.000;30.000;30.000;30.000;30.000,Boiteux,ear clapping,,,POINT,181.570,C:\Users\esthe\Downloads\small boiteux 12_\Boit_1205_8_five.mp4,212,NA,
boit_1205,2025-06-05 16:05:44.780,,209.095,Media file(s),player #1:C:\Users\esthe\Downloads\small boiteux 12_\Boi_1205_1_seven.mp4;C:\Users\esthe\Downloads\small boiteux 12_\Boit_1205_10_three.mp4;C:\Users\esthe\Downloads\small boiteux 12_\Boit_1205_11_five.mp4;C:\Users\esthe\Downloads\small boiteux 12_\Boit_1205_12_control.mp4;C:\Users\esthe\Downloads\small boiteux 12_\Boit_1205_13_control.mp4;C:\Users\esthe\Downloads\small boiteux 12_\Boit_1205_2_three.mp4;C:\Users\esthe\Downloads\small boiteux 12_\Boit_1205_3_five.mp4;C:\Users\esthe\Downloads\small boiteux 12_\Boit_1205_4_one.mp4;C:\Users\esthe\Downloads\small boiteux 12_\Boit_1205_5_five.mp4;C:\Users\esthe\Downloads\small boiteux 12_\Boit_1205_6_three.mp4;C:\Users\esthe\Downloads\small boiteux 12_\Boit_1205_7_one.mp4;C:\Users\esthe\Downloads\small boiteux 12_\Boit_1205_8_five.mp4;C:\Users\esthe\Downloads\small boiteux 12_\Boit_1205_9_seven.mp4,0.0,33.361;14.067;14.331;21.564;6.399;8.664;23.761;18.197;19.200;7.900;7.064;10.199;28.898,30.000;30.000;30.000;30.000;30.000;30.000;30.000;30.000;30.000;30.000;30.000;30.000;30.000,Boiteux,licking,,,POINT,181.570,C:\Users\esthe\Downloads\small boiteux 12_\Boit_1205_8_five.mp4,212,NA,
boit_1205,2025-06-05 16:05:44.780,,209.095,Media file(s),player #1:C:\Users\esthe\Downloads\small boiteux 12_\Boi_1205_1_seven.mp4;C:\Users\esthe\Downloads\small boiteux 12_\Boit_1205_10_three.mp4;C:\Users\esthe\Downloads\small boiteux 12_\Boit_1205_11_five.mp4;C:\Users\esthe\Downloads\small boiteux 12_\Boit_1205_12_control.mp4;C:\Users\esthe\Downloads\small boiteux 12_\Boit_1205_13_control.mp4;C:\Users\esthe\Downloads\small boiteux 12_\Boit_1205_2_three.mp4;C:\Users\esthe\Downloads\small boiteux 12_\Boit_1205_3_five.mp4;C:\Users\esthe\Downloads\small boiteux 12_\Boit_1205_4_one.mp4;C:\Users\esthe\Downloads\small boiteux 12_\Boit_1205_5_five.mp4;C:\Users\esthe\Downloads\small boiteux 12_\Boit_1205_6_three.mp4;C:\Users\esthe\Downloads\small boiteux 12_\Boit_1205_7_one.mp4;C:\Users\esthe\Downloads\small boiteux 12_\Boit_1205_8_five.mp4;C:\Users\esthe\Downloads\small boiteux 12_\Boit_1205_9_seven.mp4,0.0,33.361;14.067;14.331;21.564;6.399;8.664;23.761;18.197;19.200;7.900;7.064;10.199;28.898,30.000;30.000;30.000;30.000;30.000;30.000;30.000;30.000;30.000;30.000;30.000;30.000;30.000,Boiteux,rotation,,Horizontal,STOP,181.570,C:\Users\esthe\Downloads\small boiteux 12_\Boit_1205_8_five.mp4,212,NA,
boit_1205,2025-06-05 16:05:44.780,,209.095,Media file(s),player #1:C:\Users\esthe\Downloads\small boiteux 12_\Boi_1205_1_seven.mp4;C:\Users\esthe\Downloads\small boiteux 12_\Boit_1205_10_three.mp4;C:\Users\esthe\Downloads\small boiteux 12_\Boit_1205_11_five.mp4;C:\Users\esthe\Downloads\small boiteux 12_\Boit_1205_12_control.mp4;C:\Users\esthe\Downloads\small boiteux 12_\Boit_1205_13_control.mp4;C:\Users\esthe\Downloads\small boiteux 12_\Boit_1205_2_three.mp4;C:\Users\esthe\Downloads\small boiteux 12_\Boit_1205_3_five.mp4;C:\Users\esthe\Downloads\small boiteux 12_\Boit_1205_4_one.mp4;C:\Users\esthe\Downloads\small boiteux 12_\Boit_1205_5_five.mp4;C:\Users\esthe\Downloads\small boiteux 12_\Boit_1205_6_three.mp4;C:\Users\esthe\Downloads\small boiteux 12_\Boit_1205_7_one.mp4;C:\Users\esthe\Downloads\small boiteux 12_\Boit_1205_8_five.mp4;C:\Users\esthe\Downloads\small boiteux 12_\Boit_1205_9_seven.mp4,0.0,33.361;14.067;14.331;21.564;6.399;8.664;23.761;18.197;19.200;7.900;7.064;10.199;28.898,30.000;30.000;30.000;30.000;30.000;30.000;30.000;30.000;30.000;30.000;30.000;30.000;30.000,Boiteux,rotation,,Horizontal,START,181.703,C:\Users\esthe\Downloads\small boiteux 12_\Boit_1205_8_five.mp4,216,NA,
boit_1205,2025-06-05 16:05:44.780,,209.095,Media file(s),player #1:C:\Users\esthe\Downloads\small boiteux 12_\Boi_1205_1_seven.mp4;C:\Users\esthe\Downloads\small boiteux 12_\Boit_1205_10_three.mp4;C:\Users\esthe\Downloads\small boiteux 12_\Boit_1205_11_five.mp4;C:\Users\esthe\Downloads\small boiteux 12_\Boit_1205_12_control.mp4;C:\Users\esthe\Downloads\small boiteux 12_\Boit_1205_13_control.mp4;C:\Users\esthe\Downloads\small boiteux 12_\Boit_1205_2_three.mp4;C:\Users\esthe\Downloads\small boiteux 12_\Boit_1205_3_five.mp4;C:\Users\esthe\Downloads\small boiteux 12_\Boit_1205_4_one.mp4;C:\Users\esthe\Downloads\small boiteux 12_\Boit_1205_5_five.mp4;C:\Users\esthe\Downloads\small boiteux 12_\Boit_1205_6_three.mp4;C:\Users\esthe\Downloads\small boiteux 12_\Boit_1205_7_one.mp4;C:\Users\esthe\Downloads\small boiteux 12_\Boit_1205_8_five.mp4;C:\Users\esthe\Downloads\small boiteux 12_\Boit_1205_9_seven.mp4,0.0,33.361;14.067;14.331;21.564;6.399;8.664;23.761;18.197;19.200;7.900;7.064;10.199;28.898,30.000;30.000;30.000;30.000;30.000;30.000;30.000;30.000;30.000;30.000;30.000;30.000;30.000,Boiteux,sniffing,,,POINT,181.770,C:\Users\esthe\Downloads\small boiteux 12_\Boit_1205_8_five.mp4,218,NA,
boit_1205,2025-06-05 16:05:44.780,,209.095,Media file(s),player #1:C:\Users\esthe\Downloads\small boiteux 12_\Boi_1205_1_seven.mp4;C:\Users\esthe\Downloads\small boiteux 12_\Boit_1205_10_three.mp4;C:\Users\esthe\Downloads\small boiteux 12_\Boit_1205_11_five.mp4;C:\Users\esthe\Downloads\small boiteux 12_\Boit_1205_12_control.mp4;C:\Users\esthe\Downloads\small boiteux 12_\Boit_1205_13_control.mp4;C:\Users\esthe\Downloads\small boiteux 12_\Boit_1205_2_three.mp4;C:\Users\esthe\Downloads\small boiteux 12_\Boit_1205_3_five.mp4;C:\Users\esthe\Downloads\small boiteux 12_\Boit_1205_4_one.mp4;C:\Users\esthe\Downloads\small boiteux 12_\Boit_1205_5_five.mp4;C:\Users\esthe\Downloads\small boiteux 12_\Boit_1205_6_three.mp4;C:\Users\esthe\Downloads\small boiteux 12_\Boit_1205_7_one.mp4;C:\Users\esthe\Downloads\small boiteux 12_\Boit_1205_8_five.mp4;C:\Users\esthe\Downloads\small boiteux 12_\Boit_1205_9_seven.mp4,0.0,33.361;14.067;14.331;21.564;6.399;8.664;23.761;18.197;19.200;7.900;7.064;10.199;28.898,30.000;30.000;30.000;30.000;30.000;30.000;30.000;30.000;30.000;30.000;30.000;30.000;30.000,Boiteux,ear clapping,,,POINT,181.803,C:\Users\esthe\Downloads\small boiteux 12_\Boit_1205_8_five.mp4,219,NA,
boit_1205,2025-06-05 16:05:44.780,,209.095,Media file(s),player #1:C:\Users\esthe\Downloads\small boiteux 12_\Boi_1205_1_seven.mp4;C:\Users\esthe\Downloads\small boiteux 12_\Boit_1205_10_three.mp4;C:\Users\esthe\Downloads\small boiteux 12_\Boit_1205_11_five.mp4;C:\Users\esthe\Downloads\small boiteux 12_\Boit_1205_12_control.mp4;C:\Users\esthe\Downloads\small boiteux 12_\Boit_1205_13_control.mp4;C:\Users\esthe\Downloads\small boiteux 12_\Boit_1205_2_three.mp4;C:\Users\esthe\Downloads\small boiteux 12_\Boit_1205_3_five.mp4;C:\Users\esthe\Downloads\small boiteux 12_\Boit_1205_4_one.mp4;C:\Users\esthe\Downloads\small boiteux 12_\Boit_1205_5_five.mp4;C:\Users\esthe\Downloads\small boiteux 12_\Boit_1205_6_three.mp4;C:\Users\esthe\Downloads\small boiteux 12_\Boit_1205_7_one.mp4;C:\Users\esthe\Downloads\small boiteux 12_\Boit_1205_8_five.mp4;C:\Users\esthe\Downloads\small boiteux 12_\Boit_1205_9_seven.mp4,0.0,33.361;14.067;14.331;21.564;6.399;8.664;23.761;18.197;19.200;7.900;7.064;10.199;28.898,30.000;30.000;30.000;30.000;30.000;30.000;30.000;30.000;30.000;30.000;30.000;30.000;30.000,Boiteux,ear clapping,,,POINT,181.870,C:\Users\esthe\Downloads\small boiteux 12_\Boit_1205_8_five.mp4,221,NA,
boit_1205,2025-06-05 16:05:44.780,,209.095,Media file(s),player #1:C:\Users\esthe\Downloads\small boiteux 12_\Boi_1205_1_seven.mp4;C:\Users\esthe\Downloads\small boiteux 12_\Boit_1205_10_three.mp4;C:\Users\esthe\Downloads\small boiteux 12_\Boit_1205_11_five.mp4;C:\Users\esthe\Downloads\small boiteux 12_\Boit_1205_12_control.mp4;C:\Users\esthe\Downloads\small boiteux 12_\Boit_1205_13_control.mp4;C:\Users\esthe\Downloads\small boiteux 12_\Boit_1205_2_three.mp4;C:\Users\esthe\Downloads\small boiteux 12_\Boit_1205_3_five.mp4;C:\Users\esthe\Downloads\small boiteux 12_\Boit_1205_4_one.mp4;C:\Users\esthe\Downloads\small boiteux 12_\Boit_1205_5_five.mp4;C:\Users\esthe\Downloads\small boiteux 12_\Boit_1205_6_three.mp4;C:\Users\esthe\Downloads\small boiteux 12_\Boit_1205_7_one.mp4;C:\Users\esthe\Downloads\small boiteux 12_\Boit_1205_8_five.mp4;C:\Users\esthe\Downloads\small boiteux 12_\Boit_1205_9_seven.mp4,0.0,33.361;14.067;14.331;21.564;6.399;8.664;23.761;18.197;19.200;7.900;7.064;10.199;28.898,30.000;30.000;30.000;30.000;30.000;30.000;30.000;30.000;30.000;30.000;30.000;30.000;30.000,Boiteux,rotation,,Horizontal,STOP,181.903,C:\Users\esthe\Downloads\small boiteux 12_\Boit_1205_8_five.mp4,222,NA,
boit_1205,2025-06-05 16:05:44.780,,209.095,Media file(s),player #1:C:\Users\esthe\Downloads\small boiteux 12_\Boi_1205_1_seven.mp4;C:\Users\esthe\Downloads\small boiteux 12_\Boit_1205_10_three.mp4;C:\Users\esthe\Downloads\small boiteux 12_\Boit_1205_11_five.mp4;C:\Users\esthe\Downloads\small boiteux 12_\Boit_1205_12_control.mp4;C:\Users\esthe\Downloads\small boiteux 12_\Boit_1205_13_control.mp4;C:\Users\esthe\Downloads\small boiteux 12_\Boit_1205_2_three.mp4;C:\Users\esthe\Downloads\small boiteux 12_\Boit_1205_3_five.mp4;C:\Users\esthe\Downloads\small boiteux 12_\Boit_1205_4_one.mp4;C:\Users\esthe\Downloads\small boiteux 12_\Boit_1205_5_five.mp4;C:\Users\esthe\Downloads\small boiteux 12_\Boit_1205_6_three.mp4;C:\Users\esthe\Downloads\small boiteux 12_\Boit_1205_7_one.mp4;C:\Users\esthe\Downloads\small boiteux 12_\Boit_1205_8_five.mp4;C:\Users\esthe\Downloads\small boiteux 12_\Boit_1205_9_seven.mp4,0.0,33.361;14.067;14.331;21.564;6.399;8.664;23.761;18.197;19.200;7.900;7.064;10.199;28.898,30.000;30.000;30.000;30.000;30.000;30.000;30.000;30.000;30.000;30.000;30.000;30.000;30.000,Boiteux,jaw movement,,,POINT,181.936,C:\Users\esthe\Downloads\small boiteux 12_\Boit_1205_8_five.mp4,223,NA,
boit_1205,2025-06-05 16:05:44.780,,209.095,Media file(s),player #1:C:\Users\esthe\Downloads\small boiteux 12_\Boi_1205_1_seven.mp4;C:\Users\esthe\Downloads\small boiteux 12_\Boit_1205_10_three.mp4;C:\Users\esthe\Downloads\small boiteux 12_\Boit_1205_11_five.mp4;C:\Users\esthe\Downloads\small boiteux 12_\Boit_1205_12_control.mp4;C:\Users\esthe\Downloads\small boiteux 12_\Boit_1205_13_control.mp4;C:\Users\esthe\Downloads\small boiteux 12_\Boit_1205_2_three.mp4;C:\Users\esthe\Downloads\small boiteux 12_\Boit_1205_3_five.mp4;C:\Users\esthe\Downloads\small boiteux 12_\Boit_1205_4_one.mp4;C:\Users\esthe\Downloads\small boiteux 12_\Boit_1205_5_five.mp4;C:\Users\esthe\Downloads\small boiteux 12_\Boit_1205_6_three.mp4;C:\Users\esthe\Downloads\small boiteux 12_\Boit_1205_7_one.mp4;C:\Users\esthe\Downloads\small boiteux 12_\Boit_1205_8_five.mp4;C:\Users\esthe\Downloads\small boiteux 12_\Boit_1205_9_seven.mp4,0.0,33.361;14.067;14.331;21.564;6.399;8.664;23.761;18.197;19.200;7.900;7.064;10.199;28.898,30.000;30.000;30.000;30.000;30.000;30.000;30.000;30.000;30.000;30.000;30.000;30.000;30.000,Boiteux,jaw movement,,,POINT,182.170,C:\Users\esthe\Downloads\small boiteux 12_\Boit_1205_8_five.mp4,230,NA,
boit_1205,2025-06-05 16:05:44.780,,209.095,Media file(s),player #1:C:\Users\esthe\Downloads\small boiteux 12_\Boi_1205_1_seven.mp4;C:\Users\esthe\Downloads\small boiteux 12_\Boit_1205_10_three.mp4;C:\Users\esthe\Downloads\small boiteux 12_\Boit_1205_11_five.mp4;C:\Users\esthe\Downloads\small boiteux 12_\Boit_1205_12_control.mp4;C:\Users\esthe\Downloads\small boiteux 12_\Boit_1205_13_control.mp4;C:\Users\esthe\Downloads\small boiteux 12_\Boit_1205_2_three.mp4;C:\Users\esthe\Downloads\small boiteux 12_\Boit_1205_3_five.mp4;C:\Users\esthe\Downloads\small boiteux 12_\Boit_1205_4_one.mp4;C:\Users\esthe\Downloads\small boiteux 12_\Boit_1205_5_five.mp4;C:\Users\esthe\Downloads\small boiteux 12_\Boit_1205_6_three.mp4;C:\Users\esthe\Downloads\small boiteux 12_\Boit_1205_7_one.mp4;C:\Users\esthe\Downloads\small boiteux 12_\Boit_1205_8_five.mp4;C:\Users\esthe\Downloads\small boiteux 12_\Boit_1205_9_seven.mp4,0.0,33.361;14.067;14.331;21.564;6.399;8.664;23.761;18.197;19.200;7.900;7.064;10.199;28.898,30.000;30.000;30.000;30.000;30.000;30.000;30.000;30.000;30.000;30.000;30.000;30.000;30.000,Boiteux,jaw movement,,,POINT,182.336,C:\Users\esthe\Downloads\small boiteux 12_\Boit_1205_8_five.mp4,235,NA,
boit_1205,2025-06-05 16:05:44.780,,209.095,Media file(s),player #1:C:\Users\esthe\Downloads\small boiteux 12_\Boi_1205_1_seven.mp4;C:\Users\esthe\Downloads\small boiteux 12_\Boit_1205_10_three.mp4;C:\Users\esthe\Downloads\small boiteux 12_\Boit_1205_11_five.mp4;C:\Users\esthe\Downloads\small boiteux 12_\Boit_1205_12_control.mp4;C:\Users\esthe\Downloads\small boiteux 12_\Boit_1205_13_control.mp4;C:\Users\esthe\Downloads\small boiteux 12_\Boit_1205_2_three.mp4;C:\Users\esthe\Downloads\small boiteux 12_\Boit_1205_3_five.mp4;C:\Users\esthe\Downloads\small boiteux 12_\Boit_1205_4_one.mp4;C:\Users\esthe\Downloads\small boiteux 12_\Boit_1205_5_five.mp4;C:\Users\esthe\Downloads\small boiteux 12_\Boit_1205_6_three.mp4;C:\Users\esthe\Downloads\small boiteux 12_\Boit_1205_7_one.mp4;C:\Users\esthe\Downloads\small boiteux 12_\Boit_1205_8_five.mp4;C:\Users\esthe\Downloads\small boiteux 12_\Boit_1205_9_seven.mp4,0.0,33.361;14.067;14.331;21.564;6.399;8.664;23.761;18.197;19.200;7.900;7.064;10.199;28.898,30.000;30.000;30.000;30.000;30.000;30.000;30.000;30.000;30.000;30.000;30.000;30.000;30.000,Boiteux,mouth,,,POINT,182.570,C:\Users\esthe\Downloads\small boiteux 12_\Boit_1205_8_five.mp4,242,NA,
boit_1205,2025-06-05 16:05:44.780,,209.095,Media file(s),player #1:C:\Users\esthe\Downloads\small boiteux 12_\Boi_1205_1_seven.mp4;C:\Users\esthe\Downloads\small boiteux 12_\Boit_1205_10_three.mp4;C:\Users\esthe\Downloads\small boiteux 12_\Boit_1205_11_five.mp4;C:\Users\esthe\Downloads\small boiteux 12_\Boit_1205_12_control.mp4;C:\Users\esthe\Downloads\small boiteux 12_\Boit_1205_13_control.mp4;C:\Users\esthe\Downloads\small boiteux 12_\Boit_1205_2_three.mp4;C:\Users\esthe\Downloads\small boiteux 12_\Boit_1205_3_five.mp4;C:\Users\esthe\Downloads\small boiteux 12_\Boit_1205_4_one.mp4;C:\Users\esthe\Downloads\small boiteux 12_\Boit_1205_5_five.mp4;C:\Users\esthe\Downloads\small boiteux 12_\Boit_1205_6_three.mp4;C:\Users\esthe\Downloads\small boiteux 12_\Boit_1205_7_one.mp4;C:\Users\esthe\Downloads\small boiteux 12_\Boit_1205_8_five.mp4;C:\Users\esthe\Downloads\small boiteux 12_\Boit_1205_9_seven.mp4,0.0,33.361;14.067;14.331;21.564;6.399;8.664;23.761;18.197;19.200;7.900;7.064;10.199;28.898,30.000;30.000;30.000;30.000;30.000;30.000;30.000;30.000;30.000;30.000;30.000;30.000;30.000,Boiteux,assessing,,,STOP,182.603,C:\Users\esthe\Downloads\small boiteux 12_\Boit_1205_8_five.mp4,243,NA,
boit_1205,2025-06-05 16:05:44.780,,209.095,Media file(s),player #1:C:\Users\esthe\Downloads\small boiteux 12_\Boi_1205_1_seven.mp4;C:\Users\esthe\Downloads\small boiteux 12_\Boit_1205_10_three.mp4;C:\Users\esthe\Downloads\small boiteux 12_\Boit_1205_11_five.mp4;C:\Users\esthe\Downloads\small boiteux 12_\Boit_1205_12_control.mp4;C:\Users\esthe\Downloads\small boiteux 12_\Boit_1205_13_control.mp4;C:\Users\esthe\Downloads\small boiteux 12_\Boit_1205_2_three.mp4;C:\Users\esthe\Downloads\small boiteux 12_\Boit_1205_3_five.mp4;C:\Users\esthe\Downloads\small boiteux 12_\Boit_1205_4_one.mp4;C:\Users\esthe\Downloads\small boiteux 12_\Boit_1205_5_five.mp4;C:\Users\esthe\Downloads\small boiteux 12_\Boit_1205_6_three.mp4;C:\Users\esthe\Downloads\small boiteux 12_\Boit_1205_7_one.mp4;C:\Users\esthe\Downloads\small boiteux 12_\Boit_1205_8_five.mp4;C:\Users\esthe\Downloads\small boiteux 12_\Boit_1205_9_seven.mp4,0.0,33.361;14.067;14.331;21.564;6.399;8.664;23.761;18.197;19.200;7.900;7.064;10.199;28.898,30.000;30.000;30.000;30.000;30.000;30.000;30.000;30.000;30.000;30.000;30.000;30.000;30.000,Boiteux,ear clapping,,,POINT,182.636,C:\Users\esthe\Downloads\small boiteux 12_\Boit_1205_8_five.mp4,244,NA,
boit_1205,2025-06-05 16:05:44.780,,209.095,Media file(s),player #1:C:\Users\esthe\Downloads\small boiteux 12_\Boi_1205_1_seven.mp4;C:\Users\esthe\Downloads\small boiteux 12_\Boit_1205_10_three.mp4;C:\Users\esthe\Downloads\small boiteux 12_\Boit_1205_11_five.mp4;C:\Users\esthe\Downloads\small boiteux 12_\Boit_1205_12_control.mp4;C:\Users\esthe\Downloads\small boiteux 12_\Boit_1205_13_control.mp4;C:\Users\esthe\Downloads\small boiteux 12_\Boit_1205_2_three.mp4;C:\Users\esthe\Downloads\small boiteux 12_\Boit_1205_3_five.mp4;C:\Users\esthe\Downloads\small boiteux 12_\Boit_1205_4_one.mp4;C:\Users\esthe\Downloads\small boiteux 12_\Boit_1205_5_five.mp4;C:\Users\esthe\Downloads\small boiteux 12_\Boit_1205_6_three.mp4;C:\Users\esthe\Downloads\small boiteux 12_\Boit_1205_7_one.mp4;C:\Users\esthe\Downloads\small boiteux 12_\Boit_1205_8_five.mp4;C:\Users\esthe\Downloads\small boiteux 12_\Boit_1205_9_seven.mp4,0.0,33.361;14.067;14.331;21.564;6.399;8.664;23.761;18.197;19.200;7.900;7.064;10.199;28.898,30.000;30.000;30.000;30.000;30.000;30.000;30.000;30.000;30.000;30.000;30.000;30.000;30.000,Boiteux,ear clapping,,,POINT,182.736,C:\Users\esthe\Downloads\small boiteux 12_\Boit_1205_8_five.mp4,247,NA,
boit_1205,2025-06-05 16:05:44.780,,209.095,Media file(s),player #1:C:\Users\esthe\Downloads\small boiteux 12_\Boi_1205_1_seven.mp4;C:\Users\esthe\Downloads\small boiteux 12_\Boit_1205_10_three.mp4;C:\Users\esthe\Downloads\small boiteux 12_\Boit_1205_11_five.mp4;C:\Users\esthe\Downloads\small boiteux 12_\Boit_1205_12_control.mp4;C:\Users\esthe\Downloads\small boiteux 12_\Boit_1205_13_control.mp4;C:\Users\esthe\Downloads\small boiteux 12_\Boit_1205_2_three.mp4;C:\Users\esthe\Downloads\small boiteux 12_\Boit_1205_3_five.mp4;C:\Users\esthe\Downloads\small boiteux 12_\Boit_1205_4_one.mp4;C:\Users\esthe\Downloads\small boiteux 12_\Boit_1205_5_five.mp4;C:\Users\esthe\Downloads\small boiteux 12_\Boit_1205_6_three.mp4;C:\Users\esthe\Downloads\small boiteux 12_\Boit_1205_7_one.mp4;C:\Users\esthe\Downloads\small boiteux 12_\Boit_1205_8_five.mp4;C:\Users\esthe\Downloads\small boiteux 12_\Boit_1205_9_seven.mp4,0.0,33.361;14.067;14.331;21.564;6.399;8.664;23.761;18.197;19.200;7.900;7.064;10.199;28.898,30.000;30.000;30.000;30.000;30.000;30.000;30.000;30.000;30.000;30.000;30.000;30.000;30.000,Boiteux,target,,,START,182.736,C:\Users\esthe\Downloads\small boiteux 12_\Boit_1205_8_five.mp4,247,NA,
boit_1205,2025-06-05 16:05:44.780,,209.095,Media file(s),player #1:C:\Users\esthe\Downloads\small boiteux 12_\Boi_1205_1_seven.mp4;C:\Users\esthe\Downloads\small boiteux 12_\Boit_1205_10_three.mp4;C:\Users\esthe\Downloads\small boiteux 12_\Boit_1205_11_five.mp4;C:\Users\esthe\Downloads\small boiteux 12_\Boit_1205_12_control.mp4;C:\Users\esthe\Downloads\small boiteux 12_\Boit_1205_13_control.mp4;C:\Users\esthe\Downloads\small boiteux 12_\Boit_1205_2_three.mp4;C:\Users\esthe\Downloads\small boiteux 12_\Boit_1205_3_five.mp4;C:\Users\esthe\Downloads\small boiteux 12_\Boit_1205_4_one.mp4;C:\Users\esthe\Downloads\small boiteux 12_\Boit_1205_5_five.mp4;C:\Users\esthe\Downloads\small boiteux 12_\Boit_1205_6_three.mp4;C:\Users\esthe\Downloads\small boiteux 12_\Boit_1205_7_one.mp4;C:\Users\esthe\Downloads\small boiteux 12_\Boit_1205_8_five.mp4;C:\Users\esthe\Downloads\small boiteux 12_\Boit_1205_9_seven.mp4,0.0,33.361;14.067;14.331;21.564;6.399;8.664;23.761;18.197;19.200;7.900;7.064;10.199;28.898,30.000;30.000;30.000;30.000;30.000;30.000;30.000;30.000;30.000;30.000;30.000;30.000;30.000,Boiteux,target,,,STOP,184.369,C:\Users\esthe\Downloads\small boiteux 12_\Boit_1205_8_five.mp4,296,NA,
boit_1205,2025-06-05 16:05:44.780,,209.095,Media file(s),player #1:C:\Users\esthe\Downloads\small boiteux 12_\Boi_1205_1_seven.mp4;C:\Users\esthe\Downloads\small boiteux 12_\Boit_1205_10_three.mp4;C:\Users\esthe\Downloads\small boiteux 12_\Boit_1205_11_five.mp4;C:\Users\esthe\Downloads\small boiteux 12_\Boit_1205_12_control.mp4;C:\Users\esthe\Downloads\small boiteux 12_\Boit_1205_13_control.mp4;C:\Users\esthe\Downloads\small boiteux 12_\Boit_1205_2_three.mp4;C:\Users\esthe\Downloads\small boiteux 12_\Boit_1205_3_five.mp4;C:\Users\esthe\Downloads\small boiteux 12_\Boit_1205_4_one.mp4;C:\Users\esthe\Downloads\small boiteux 12_\Boit_1205_5_five.mp4;C:\Users\esthe\Downloads\small boiteux 12_\Boit_1205_6_three.mp4;C:\Users\esthe\Downloads\small boiteux 12_\Boit_1205_7_one.mp4;C:\Users\esthe\Downloads\small boiteux 12_\Boit_1205_8_five.mp4;C:\Users\esthe\Downloads\small boiteux 12_\Boit_1205_9_seven.mp4,0.0,33.361;14.067;14.331;21.564;6.399;8.664;23.761;18.197;19.200;7.900;7.064;10.199;28.898,30.000;30.000;30.000;30.000;30.000;30.000;30.000;30.000;30.000;30.000;30.000;30.000;30.000,Boiteux,explore,,,START,184.935,C:\Users\esthe\Downloads\small boiteux 12_\Boit_1205_9_seven.mp4,7,NA,
boit_1205,2025-06-05 16:05:44.780,,209.095,Media file(s),player #1:C:\Users\esthe\Downloads\small boiteux 12_\Boi_1205_1_seven.mp4;C:\Users\esthe\Downloads\small boiteux 12_\Boit_1205_10_three.mp4;C:\Users\esthe\Downloads\small boiteux 12_\Boit_1205_11_five.mp4;C:\Users\esthe\Downloads\small boiteux 12_\Boit_1205_12_control.mp4;C:\Users\esthe\Downloads\small boiteux 12_\Boit_1205_13_control.mp4;C:\Users\esthe\Downloads\small boiteux 12_\Boit_1205_2_three.mp4;C:\Users\esthe\Downloads\small boiteux 12_\Boit_1205_3_five.mp4;C:\Users\esthe\Downloads\small boiteux 12_\Boit_1205_4_one.mp4;C:\Users\esthe\Downloads\small boiteux 12_\Boit_1205_5_five.mp4;C:\Users\esthe\Downloads\small boiteux 12_\Boit_1205_6_three.mp4;C:\Users\esthe\Downloads\small boiteux 12_\Boit_1205_7_one.mp4;C:\Users\esthe\Downloads\small boiteux 12_\Boit_1205_8_five.mp4;C:\Users\esthe\Downloads\small boiteux 12_\Boit_1205_9_seven.mp4,0.0,33.361;14.067;14.331;21.564;6.399;8.664;23.761;18.197;19.200;7.900;7.064;10.199;28.898,30.000;30.000;30.000;30.000;30.000;30.000;30.000;30.000;30.000;30.000;30.000;30.000;30.000,Boiteux,explore,,,STOP,185.669,C:\Users\esthe\Downloads\small boiteux 12_\Boit_1205_9_seven.mp4,29,NA,
boit_1205,2025-06-05 16:05:44.780,,209.095,Media file(s),player #1:C:\Users\esthe\Downloads\small boiteux 12_\Boi_1205_1_seven.mp4;C:\Users\esthe\Downloads\small boiteux 12_\Boit_1205_10_three.mp4;C:\Users\esthe\Downloads\small boiteux 12_\Boit_1205_11_five.mp4;C:\Users\esthe\Downloads\small boiteux 12_\Boit_1205_12_control.mp4;C:\Users\esthe\Downloads\small boiteux 12_\Boit_1205_13_control.mp4;C:\Users\esthe\Downloads\small boiteux 12_\Boit_1205_2_three.mp4;C:\Users\esthe\Downloads\small boiteux 12_\Boit_1205_3_five.mp4;C:\Users\esthe\Downloads\small boiteux 12_\Boit_1205_4_one.mp4;C:\Users\esthe\Downloads\small boiteux 12_\Boit_1205_5_five.mp4;C:\Users\esthe\Downloads\small boiteux 12_\Boit_1205_6_three.mp4;C:\Users\esthe\Downloads\small boiteux 12_\Boit_1205_7_one.mp4;C:\Users\esthe\Downloads\small boiteux 12_\Boit_1205_8_five.mp4;C:\Users\esthe\Downloads\small boiteux 12_\Boit_1205_9_seven.mp4,0.0,33.361;14.067;14.331;21.564;6.399;8.664;23.761;18.197;19.200;7.900;7.064;10.199;28.898,30.000;30.000;30.000;30.000;30.000;30.000;30.000;30.000;30.000;30.000;30.000;30.000;30.000,Boiteux,bending,,,START,185.902,C:\Users\esthe\Downloads\small boiteux 12_\Boit_1205_9_seven.mp4,36,NA,
boit_1205,2025-06-05 16:05:44.780,,209.095,Media file(s),player #1:C:\Users\esthe\Downloads\small boiteux 12_\Boi_1205_1_seven.mp4;C:\Users\esthe\Downloads\small boiteux 12_\Boit_1205_10_three.mp4;C:\Users\esthe\Downloads\small boiteux 12_\Boit_1205_11_five.mp4;C:\Users\esthe\Downloads\small boiteux 12_\Boit_1205_12_control.mp4;C:\Users\esthe\Downloads\small boiteux 12_\Boit_1205_13_control.mp4;C:\Users\esthe\Downloads\small boiteux 12_\Boit_1205_2_three.mp4;C:\Users\esthe\Downloads\small boiteux 12_\Boit_1205_3_five.mp4;C:\Users\esthe\Downloads\small boiteux 12_\Boit_1205_4_one.mp4;C:\Users\esthe\Downloads\small boiteux 12_\Boit_1205_5_five.mp4;C:\Users\esthe\Downloads\small boiteux 12_\Boit_1205_6_three.mp4;C:\Users\esthe\Downloads\small boiteux 12_\Boit_1205_7_one.mp4;C:\Users\esthe\Downloads\small boiteux 12_\Boit_1205_8_five.mp4;C:\Users\esthe\Downloads\small boiteux 12_\Boit_1205_9_seven.mp4,0.0,33.361;14.067;14.331;21.564;6.399;8.664;23.761;18.197;19.200;7.900;7.064;10.199;28.898,30.000;30.000;30.000;30.000;30.000;30.000;30.000;30.000;30.000;30.000;30.000;30.000;30.000,Boiteux,grabbing peanut,,,POINT,186.035,C:\Users\esthe\Downloads\small boiteux 12_\Boit_1205_9_seven.mp4,40,NA,
boit_1205,2025-06-05 16:05:44.780,,209.095,Media file(s),player #1:C:\Users\esthe\Downloads\small boiteux 12_\Boi_1205_1_seven.mp4;C:\Users\esthe\Downloads\small boiteux 12_\Boit_1205_10_three.mp4;C:\Users\esthe\Downloads\small boiteux 12_\Boit_1205_11_five.mp4;C:\Users\esthe\Downloads\small boiteux 12_\Boit_1205_12_control.mp4;C:\Users\esthe\Downloads\small boiteux 12_\Boit_1205_13_control.mp4;C:\Users\esthe\Downloads\small boiteux 12_\Boit_1205_2_three.mp4;C:\Users\esthe\Downloads\small boiteux 12_\Boit_1205_3_five.mp4;C:\Users\esthe\Downloads\small boiteux 12_\Boit_1205_4_one.mp4;C:\Users\esthe\Downloads\small boiteux 12_\Boit_1205_5_five.mp4;C:\Users\esthe\Downloads\small boiteux 12_\Boit_1205_6_three.mp4;C:\Users\esthe\Downloads\small boiteux 12_\Boit_1205_7_one.mp4;C:\Users\esthe\Downloads\small boiteux 12_\Boit_1205_8_five.mp4;C:\Users\esthe\Downloads\small boiteux 12_\Boit_1205_9_seven.mp4,0.0,33.361;14.067;14.331;21.564;6.399;8.664;23.761;18.197;19.200;7.900;7.064;10.199;28.898,30.000;30.000;30.000;30.000;30.000;30.000;30.000;30.000;30.000;30.000;30.000;30.000;30.000,Boiteux,bending,,,STOP,186.305,C:\Users\esthe\Downloads\small boiteux 12_\Boit_1205_9_seven.mp4,48,NA,
boit_1205,2025-06-05 16:05:44.780,,209.095,Media file(s),player #1:C:\Users\esthe\Downloads\small boiteux 12_\Boi_1205_1_seven.mp4;C:\Users\esthe\Downloads\small boiteux 12_\Boit_1205_10_three.mp4;C:\Users\esthe\Downloads\small boiteux 12_\Boit_1205_11_five.mp4;C:\Users\esthe\Downloads\small boiteux 12_\Boit_1205_12_control.mp4;C:\Users\esthe\Downloads\small boiteux 12_\Boit_1205_13_control.mp4;C:\Users\esthe\Downloads\small boiteux 12_\Boit_1205_2_three.mp4;C:\Users\esthe\Downloads\small boiteux 12_\Boit_1205_3_five.mp4;C:\Users\esthe\Downloads\small boiteux 12_\Boit_1205_4_one.mp4;C:\Users\esthe\Downloads\small boiteux 12_\Boit_1205_5_five.mp4;C:\Users\esthe\Downloads\small boiteux 12_\Boit_1205_6_three.mp4;C:\Users\esthe\Downloads\small boiteux 12_\Boit_1205_7_one.mp4;C:\Users\esthe\Downloads\small boiteux 12_\Boit_1205_8_five.mp4;C:\Users\esthe\Downloads\small boiteux 12_\Boit_1205_9_seven.mp4,0.0,33.361;14.067;14.331;21.564;6.399;8.664;23.761;18.197;19.200;7.900;7.064;10.199;28.898,30.000;30.000;30.000;30.000;30.000;30.000;30.000;30.000;30.000;30.000;30.000;30.000;30.000,Boiteux,assessing,,,START,186.868,C:\Users\esthe\Downloads\small boiteux 12_\Boit_1205_9_seven.mp4,65,NA,
boit_1205,2025-06-05 16:05:44.780,,209.095,Media file(s),player #1:C:\Users\esthe\Downloads\small boiteux 12_\Boi_1205_1_seven.mp4;C:\Users\esthe\Downloads\small boiteux 12_\Boit_1205_10_three.mp4;C:\Users\esthe\Downloads\small boiteux 12_\Boit_1205_11_five.mp4;C:\Users\esthe\Downloads\small boiteux 12_\Boit_1205_12_control.mp4;C:\Users\esthe\Downloads\small boiteux 12_\Boit_1205_13_control.mp4;C:\Users\esthe\Downloads\small boiteux 12_\Boit_1205_2_three.mp4;C:\Users\esthe\Downloads\small boiteux 12_\Boit_1205_3_five.mp4;C:\Users\esthe\Downloads\small boiteux 12_\Boit_1205_4_one.mp4;C:\Users\esthe\Downloads\small boiteux 12_\Boit_1205_5_five.mp4;C:\Users\esthe\Downloads\small boiteux 12_\Boit_1205_6_three.mp4;C:\Users\esthe\Downloads\small boiteux 12_\Boit_1205_7_one.mp4;C:\Users\esthe\Downloads\small boiteux 12_\Boit_1205_8_five.mp4;C:\Users\esthe\Downloads\small boiteux 12_\Boit_1205_9_seven.mp4,0.0,33.361;14.067;14.331;21.564;6.399;8.664;23.761;18.197;19.200;7.900;7.064;10.199;28.898,30.000;30.000;30.000;30.000;30.000;30.000;30.000;30.000;30.000;30.000;30.000;30.000;30.000,Boiteux,jaw movement,,,POINT,186.868,C:\Users\esthe\Downloads\small boiteux 12_\Boit_1205_9_seven.mp4,65,NA,
boit_1205,2025-06-05 16:05:44.780,,209.095,Media file(s),player #1:C:\Users\esthe\Downloads\small boiteux 12_\Boi_1205_1_seven.mp4;C:\Users\esthe\Downloads\small boiteux 12_\Boit_1205_10_three.mp4;C:\Users\esthe\Downloads\small boiteux 12_\Boit_1205_11_five.mp4;C:\Users\esthe\Downloads\small boiteux 12_\Boit_1205_12_control.mp4;C:\Users\esthe\Downloads\small boiteux 12_\Boit_1205_13_control.mp4;C:\Users\esthe\Downloads\small boiteux 12_\Boit_1205_2_three.mp4;C:\Users\esthe\Downloads\small boiteux 12_\Boit_1205_3_five.mp4;C:\Users\esthe\Downloads\small boiteux 12_\Boit_1205_4_one.mp4;C:\Users\esthe\Downloads\small boiteux 12_\Boit_1205_5_five.mp4;C:\Users\esthe\Downloads\small boiteux 12_\Boit_1205_6_three.mp4;C:\Users\esthe\Downloads\small boiteux 12_\Boit_1205_7_one.mp4;C:\Users\esthe\Downloads\small boiteux 12_\Boit_1205_8_five.mp4;C:\Users\esthe\Downloads\small boiteux 12_\Boit_1205_9_seven.mp4,0.0,33.361;14.067;14.331;21.564;6.399;8.664;23.761;18.197;19.200;7.900;7.064;10.199;28.898,30.000;30.000;30.000;30.000;30.000;30.000;30.000;30.000;30.000;30.000;30.000;30.000;30.000,Boiteux,jaw movement,,,POINT,187.268,C:\Users\esthe\Downloads\small boiteux 12_\Boit_1205_9_seven.mp4,77,NA,
boit_1205,2025-06-05 16:05:44.780,,209.095,Media file(s),player #1:C:\Users\esthe\Downloads\small boiteux 12_\Boi_1205_1_seven.mp4;C:\Users\esthe\Downloads\small boiteux 12_\Boit_1205_10_three.mp4;C:\Users\esthe\Downloads\small boiteux 12_\Boit_1205_11_five.mp4;C:\Users\esthe\Downloads\small boiteux 12_\Boit_1205_12_control.mp4;C:\Users\esthe\Downloads\small boiteux 12_\Boit_1205_13_control.mp4;C:\Users\esthe\Downloads\small boiteux 12_\Boit_1205_2_three.mp4;C:\Users\esthe\Downloads\small boiteux 12_\Boit_1205_3_five.mp4;C:\Users\esthe\Downloads\small boiteux 12_\Boit_1205_4_one.mp4;C:\Users\esthe\Downloads\small boiteux 12_\Boit_1205_5_five.mp4;C:\Users\esthe\Downloads\small boiteux 12_\Boit_1205_6_three.mp4;C:\Users\esthe\Downloads\small boiteux 12_\Boit_1205_7_one.mp4;C:\Users\esthe\Downloads\small boiteux 12_\Boit_1205_8_five.mp4;C:\Users\esthe\Downloads\small boiteux 12_\Boit_1205_9_seven.mp4,0.0,33.361;14.067;14.331;21.564;6.399;8.664;23.761;18.197;19.200;7.900;7.064;10.199;28.898,30.000;30.000;30.000;30.000;30.000;30.000;30.000;30.000;30.000;30.000;30.000;30.000;30.000,Boiteux,assessing,,,STOP,188.468,C:\Users\esthe\Downloads\small boiteux 12_\Boit_1205_9_seven.mp4,113,NA,
boit_1205,2025-06-05 16:05:44.780,,209.095,Media file(s),player #1:C:\Users\esthe\Downloads\small boiteux 12_\Boi_1205_1_seven.mp4;C:\Users\esthe\Downloads\small boiteux 12_\Boit_1205_10_three.mp4;C:\Users\esthe\Downloads\small boiteux 12_\Boit_1205_11_five.mp4;C:\Users\esthe\Downloads\small boiteux 12_\Boit_1205_12_control.mp4;C:\Users\esthe\Downloads\small boiteux 12_\Boit_1205_13_control.mp4;C:\Users\esthe\Downloads\small boiteux 12_\Boit_1205_2_three.mp4;C:\Users\esthe\Downloads\small boiteux 12_\Boit_1205_3_five.mp4;C:\Users\esthe\Downloads\small boiteux 12_\Boit_1205_4_one.mp4;C:\Users\esthe\Downloads\small boiteux 12_\Boit_1205_5_five.mp4;C:\Users\esthe\Downloads\small boiteux 12_\Boit_1205_6_three.mp4;C:\Users\esthe\Downloads\small boiteux 12_\Boit_1205_7_one.mp4;C:\Users\esthe\Downloads\small boiteux 12_\Boit_1205_8_five.mp4;C:\Users\esthe\Downloads\small boiteux 12_\Boit_1205_9_seven.mp4,0.0,33.361;14.067;14.331;21.564;6.399;8.664;23.761;18.197;19.200;7.900;7.064;10.199;28.898,30.000;30.000;30.000;30.000;30.000;30.000;30.000;30.000;30.000;30.000;30.000;30.000;30.000,Boiteux,assessing,,,START,189.202,C:\Users\esthe\Downloads\small boiteux 12_\Boit_1205_9_seven.mp4,135,NA,
boit_1205,2025-06-05 16:05:44.780,,209.095,Media file(s),player #1:C:\Users\esthe\Downloads\small boiteux 12_\Boi_1205_1_seven.mp4;C:\Users\esthe\Downloads\small boiteux 12_\Boit_1205_10_three.mp4;C:\Users\esthe\Downloads\small boiteux 12_\Boit_1205_11_five.mp4;C:\Users\esthe\Downloads\small boiteux 12_\Boit_1205_12_control.mp4;C:\Users\esthe\Downloads\small boiteux 12_\Boit_1205_13_control.mp4;C:\Users\esthe\Downloads\small boiteux 12_\Boit_1205_2_three.mp4;C:\Users\esthe\Downloads\small boiteux 12_\Boit_1205_3_five.mp4;C:\Users\esthe\Downloads\small boiteux 12_\Boit_1205_4_one.mp4;C:\Users\esthe\Downloads\small boiteux 12_\Boit_1205_5_five.mp4;C:\Users\esthe\Downloads\small boiteux 12_\Boit_1205_6_three.mp4;C:\Users\esthe\Downloads\small boiteux 12_\Boit_1205_7_one.mp4;C:\Users\esthe\Downloads\small boiteux 12_\Boit_1205_8_five.mp4;C:\Users\esthe\Downloads\small boiteux 12_\Boit_1205_9_seven.mp4,0.0,33.361;14.067;14.331;21.564;6.399;8.664;23.761;18.197;19.200;7.900;7.064;10.199;28.898,30.000;30.000;30.000;30.000;30.000;30.000;30.000;30.000;30.000;30.000;30.000;30.000;30.000,Boiteux,jaw movement,,,POINT,189.435,C:\Users\esthe\Downloads\small boiteux 12_\Boit_1205_9_seven.mp4,142,NA,
boit_1205,2025-06-05 16:05:44.780,,209.095,Media file(s),player #1:C:\Users\esthe\Downloads\small boiteux 12_\Boi_1205_1_seven.mp4;C:\Users\esthe\Downloads\small boiteux 12_\Boit_1205_10_three.mp4;C:\Users\esthe\Downloads\small boiteux 12_\Boit_1205_11_five.mp4;C:\Users\esthe\Downloads\small boiteux 12_\Boit_1205_12_control.mp4;C:\Users\esthe\Downloads\small boiteux 12_\Boit_1205_13_control.mp4;C:\Users\esthe\Downloads\small boiteux 12_\Boit_1205_2_three.mp4;C:\Users\esthe\Downloads\small boiteux 12_\Boit_1205_3_five.mp4;C:\Users\esthe\Downloads\small boiteux 12_\Boit_1205_4_one.mp4;C:\Users\esthe\Downloads\small boiteux 12_\Boit_1205_5_five.mp4;C:\Users\esthe\Downloads\small boiteux 12_\Boit_1205_6_three.mp4;C:\Users\esthe\Downloads\small boiteux 12_\Boit_1205_7_one.mp4;C:\Users\esthe\Downloads\small boiteux 12_\Boit_1205_8_five.mp4;C:\Users\esthe\Downloads\small boiteux 12_\Boit_1205_9_seven.mp4,0.0,33.361;14.067;14.331;21.564;6.399;8.664;23.761;18.197;19.200;7.900;7.064;10.199;28.898,30.000;30.000;30.000;30.000;30.000;30.000;30.000;30.000;30.000;30.000;30.000;30.000;30.000,Boiteux,sniffing,,,POINT,189.469,C:\Users\esthe\Downloads\small boiteux 12_\Boit_1205_9_seven.mp4,143,NA,
boit_1205,2025-06-05 16:05:44.780,,209.095,Media file(s),player #1:C:\Users\esthe\Downloads\small boiteux 12_\Boi_1205_1_seven.mp4;C:\Users\esthe\Downloads\small boiteux 12_\Boit_1205_10_three.mp4;C:\Users\esthe\Downloads\small boiteux 12_\Boit_1205_11_five.mp4;C:\Users\esthe\Downloads\small boiteux 12_\Boit_1205_12_control.mp4;C:\Users\esthe\Downloads\small boiteux 12_\Boit_1205_13_control.mp4;C:\Users\esthe\Downloads\small boiteux 12_\Boit_1205_2_three.mp4;C:\Users\esthe\Downloads\small boiteux 12_\Boit_1205_3_five.mp4;C:\Users\esthe\Downloads\small boiteux 12_\Boit_1205_4_one.mp4;C:\Users\esthe\Downloads\small boiteux 12_\Boit_1205_5_five.mp4;C:\Users\esthe\Downloads\small boiteux 12_\Boit_1205_6_three.mp4;C:\Users\esthe\Downloads\small boiteux 12_\Boit_1205_7_one.mp4;C:\Users\esthe\Downloads\small boiteux 12_\Boit_1205_8_five.mp4;C:\Users\esthe\Downloads\small boiteux 12_\Boit_1205_9_seven.mp4,0.0,33.361;14.067;14.331;21.564;6.399;8.664;23.761;18.197;19.200;7.900;7.064;10.199;28.898,30.000;30.000;30.000;30.000;30.000;30.000;30.000;30.000;30.000;30.000;30.000;30.000;30.000,Boiteux,assessing,,,STOP,190.069,C:\Users\esthe\Downloads\small boiteux 12_\Boit_1205_9_seven.mp4,161,NA,
boit_1205,2025-06-05 16:05:44.780,,209.095,Media file(s),player #1:C:\Users\esthe\Downloads\small boiteux 12_\Boi_1205_1_seven.mp4;C:\Users\esthe\Downloads\small boiteux 12_\Boit_1205_10_three.mp4;C:\Users\esthe\Downloads\small boiteux 12_\Boit_1205_11_five.mp4;C:\Users\esthe\Downloads\small boiteux 12_\Boit_1205_12_control.mp4;C:\Users\esthe\Downloads\small boiteux 12_\Boit_1205_13_control.mp4;C:\Users\esthe\Downloads\small boiteux 12_\Boit_1205_2_three.mp4;C:\Users\esthe\Downloads\small boiteux 12_\Boit_1205_3_five.mp4;C:\Users\esthe\Downloads\small boiteux 12_\Boit_1205_4_one.mp4;C:\Users\esthe\Downloads\small boiteux 12_\Boit_1205_5_five.mp4;C:\Users\esthe\Downloads\small boiteux 12_\Boit_1205_6_three.mp4;C:\Users\esthe\Downloads\small boiteux 12_\Boit_1205_7_one.mp4;C:\Users\esthe\Downloads\small boiteux 12_\Boit_1205_8_five.mp4;C:\Users\esthe\Downloads\small boiteux 12_\Boit_1205_9_seven.mp4,0.0,33.361;14.067;14.331;21.564;6.399;8.664;23.761;18.197;19.200;7.900;7.064;10.199;28.898,30.000;30.000;30.000;30.000;30.000;30.000;30.000;30.000;30.000;30.000;30.000;30.000;30.000,Boiteux,peeling,,,START,190.662,C:\Users\esthe\Downloads\small boiteux 12_\Boit_1205_9_seven.mp4,179,NA,
boit_1205,2025-06-05 16:05:44.780,,209.095,Media file(s),player #1:C:\Users\esthe\Downloads\small boiteux 12_\Boi_1205_1_seven.mp4;C:\Users\esthe\Downloads\small boiteux 12_\Boit_1205_10_three.mp4;C:\Users\esthe\Downloads\small boiteux 12_\Boit_1205_11_five.mp4;C:\Users\esthe\Downloads\small boiteux 12_\Boit_1205_12_control.mp4;C:\Users\esthe\Downloads\small boiteux 12_\Boit_1205_13_control.mp4;C:\Users\esthe\Downloads\small boiteux 12_\Boit_1205_2_three.mp4;C:\Users\esthe\Downloads\small boiteux 12_\Boit_1205_3_five.mp4;C:\Users\esthe\Downloads\small boiteux 12_\Boit_1205_4_one.mp4;C:\Users\esthe\Downloads\small boiteux 12_\Boit_1205_5_five.mp4;C:\Users\esthe\Downloads\small boiteux 12_\Boit_1205_6_three.mp4;C:\Users\esthe\Downloads\small boiteux 12_\Boit_1205_7_one.mp4;C:\Users\esthe\Downloads\small boiteux 12_\Boit_1205_8_five.mp4;C:\Users\esthe\Downloads\small boiteux 12_\Boit_1205_9_seven.mp4,0.0,33.361;14.067;14.331;21.564;6.399;8.664;23.761;18.197;19.200;7.900;7.064;10.199;28.898,30.000;30.000;30.000;30.000;30.000;30.000;30.000;30.000;30.000;30.000;30.000;30.000;30.000,Boiteux,jaw movement,,,POINT,190.669,C:\Users\esthe\Downloads\small boiteux 12_\Boit_1205_9_seven.mp4,179,NA,
boit_1205,2025-06-05 16:05:44.780,,209.095,Media file(s),player #1:C:\Users\esthe\Downloads\small boiteux 12_\Boi_1205_1_seven.mp4;C:\Users\esthe\Downloads\small boiteux 12_\Boit_1205_10_three.mp4;C:\Users\esthe\Downloads\small boiteux 12_\Boit_1205_11_five.mp4;C:\Users\esthe\Downloads\small boiteux 12_\Boit_1205_12_control.mp4;C:\Users\esthe\Downloads\small boiteux 12_\Boit_1205_13_control.mp4;C:\Users\esthe\Downloads\small boiteux 12_\Boit_1205_2_three.mp4;C:\Users\esthe\Downloads\small boiteux 12_\Boit_1205_3_five.mp4;C:\Users\esthe\Downloads\small boiteux 12_\Boit_1205_4_one.mp4;C:\Users\esthe\Downloads\small boiteux 12_\Boit_1205_5_five.mp4;C:\Users\esthe\Downloads\small boiteux 12_\Boit_1205_6_three.mp4;C:\Users\esthe\Downloads\small boiteux 12_\Boit_1205_7_one.mp4;C:\Users\esthe\Downloads\small boiteux 12_\Boit_1205_8_five.mp4;C:\Users\esthe\Downloads\small boiteux 12_\Boit_1205_9_seven.mp4,0.0,33.361;14.067;14.331;21.564;6.399;8.664;23.761;18.197;19.200;7.900;7.064;10.199;28.898,30.000;30.000;30.000;30.000;30.000;30.000;30.000;30.000;30.000;30.000;30.000;30.000;30.000,Boiteux,ear clapping,,,POINT,190.935,C:\Users\esthe\Downloads\small boiteux 12_\Boit_1205_9_seven.mp4,187,NA,
boit_1205,2025-06-05 16:05:44.780,,209.095,Media file(s),player #1:C:\Users\esthe\Downloads\small boiteux 12_\Boi_1205_1_seven.mp4;C:\Users\esthe\Downloads\small boiteux 12_\Boit_1205_10_three.mp4;C:\Users\esthe\Downloads\small boiteux 12_\Boit_1205_11_five.mp4;C:\Users\esthe\Downloads\small boiteux 12_\Boit_1205_12_control.mp4;C:\Users\esthe\Downloads\small boiteux 12_\Boit_1205_13_control.mp4;C:\Users\esthe\Downloads\small boiteux 12_\Boit_1205_2_three.mp4;C:\Users\esthe\Downloads\small boiteux 12_\Boit_1205_3_five.mp4;C:\Users\esthe\Downloads\small boiteux 12_\Boit_1205_4_one.mp4;C:\Users\esthe\Downloads\small boiteux 12_\Boit_1205_5_five.mp4;C:\Users\esthe\Downloads\small boiteux 12_\Boit_1205_6_three.mp4;C:\Users\esthe\Downloads\small boiteux 12_\Boit_1205_7_one.mp4;C:\Users\esthe\Downloads\small boiteux 12_\Boit_1205_8_five.mp4;C:\Users\esthe\Downloads\small boiteux 12_\Boit_1205_9_seven.mp4,0.0,33.361;14.067;14.331;21.564;6.399;8.664;23.761;18.197;19.200;7.900;7.064;10.199;28.898,30.000;30.000;30.000;30.000;30.000;30.000;30.000;30.000;30.000;30.000;30.000;30.000;30.000,Boiteux,ear clapping,,,POINT,191.035,C:\Users\esthe\Downloads\small boiteux 12_\Boit_1205_9_seven.mp4,190,NA,
boit_1205,2025-06-05 16:05:44.780,,209.095,Media file(s),player #1:C:\Users\esthe\Downloads\small boiteux 12_\Boi_1205_1_seven.mp4;C:\Users\esthe\Downloads\small boiteux 12_\Boit_1205_10_three.mp4;C:\Users\esthe\Downloads\small boiteux 12_\Boit_1205_11_five.mp4;C:\Users\esthe\Downloads\small boiteux 12_\Boit_1205_12_control.mp4;C:\Users\esthe\Downloads\small boiteux 12_\Boit_1205_13_control.mp4;C:\Users\esthe\Downloads\small boiteux 12_\Boit_1205_2_three.mp4;C:\Users\esthe\Downloads\small boiteux 12_\Boit_1205_3_five.mp4;C:\Users\esthe\Downloads\small boiteux 12_\Boit_1205_4_one.mp4;C:\Users\esthe\Downloads\small boiteux 12_\Boit_1205_5_five.mp4;C:\Users\esthe\Downloads\small boiteux 12_\Boit_1205_6_three.mp4;C:\Users\esthe\Downloads\small boiteux 12_\Boit_1205_7_one.mp4;C:\Users\esthe\Downloads\small boiteux 12_\Boit_1205_8_five.mp4;C:\Users\esthe\Downloads\small boiteux 12_\Boit_1205_9_seven.mp4,0.0,33.361;14.067;14.331;21.564;6.399;8.664;23.761;18.197;19.200;7.900;7.064;10.199;28.898,30.000;30.000;30.000;30.000;30.000;30.000;30.000;30.000;30.000;30.000;30.000;30.000;30.000,Boiteux,jaw movement,,,POINT,191.602,C:\Users\esthe\Downloads\small boiteux 12_\Boit_1205_9_seven.mp4,208,NA,
boit_1205,2025-06-05 16:05:44.780,,209.095,Media file(s),player #1:C:\Users\esthe\Downloads\small boiteux 12_\Boi_1205_1_seven.mp4;C:\Users\esthe\Downloads\small boiteux 12_\Boit_1205_10_three.mp4;C:\Users\esthe\Downloads\small boiteux 12_\Boit_1205_11_five.mp4;C:\Users\esthe\Downloads\small boiteux 12_\Boit_1205_12_control.mp4;C:\Users\esthe\Downloads\small boiteux 12_\Boit_1205_13_control.mp4;C:\Users\esthe\Downloads\small boiteux 12_\Boit_1205_2_three.mp4;C:\Users\esthe\Downloads\small boiteux 12_\Boit_1205_3_five.mp4;C:\Users\esthe\Downloads\small boiteux 12_\Boit_1205_4_one.mp4;C:\Users\esthe\Downloads\small boiteux 12_\Boit_1205_5_five.mp4;C:\Users\esthe\Downloads\small boiteux 12_\Boit_1205_6_three.mp4;C:\Users\esthe\Downloads\small boiteux 12_\Boit_1205_7_one.mp4;C:\Users\esthe\Downloads\small boiteux 12_\Boit_1205_8_five.mp4;C:\Users\esthe\Downloads\small boiteux 12_\Boit_1205_9_seven.mp4,0.0,33.361;14.067;14.331;21.564;6.399;8.664;23.761;18.197;19.200;7.900;7.064;10.199;28.898,30.000;30.000;30.000;30.000;30.000;30.000;30.000;30.000;30.000;30.000;30.000;30.000;30.000,Boiteux,jaw movement,,,POINT,192.102,C:\Users\esthe\Downloads\small boiteux 12_\Boit_1205_9_seven.mp4,222,NA,
boit_1205,2025-06-05 16:05:44.780,,209.095,Media file(s),player #1:C:\Users\esthe\Downloads\small boiteux 12_\Boi_1205_1_seven.mp4;C:\Users\esthe\Downloads\small boiteux 12_\Boit_1205_10_three.mp4;C:\Users\esthe\Downloads\small boiteux 12_\Boit_1205_11_five.mp4;C:\Users\esthe\Downloads\small boiteux 12_\Boit_1205_12_control.mp4;C:\Users\esthe\Downloads\small boiteux 12_\Boit_1205_13_control.mp4;C:\Users\esthe\Downloads\small boiteux 12_\Boit_1205_2_three.mp4;C:\Users\esthe\Downloads\small boiteux 12_\Boit_1205_3_five.mp4;C:\Users\esthe\Downloads\small boiteux 12_\Boit_1205_4_one.mp4;C:\Users\esthe\Downloads\small boiteux 12_\Boit_1205_5_five.mp4;C:\Users\esthe\Downloads\small boiteux 12_\Boit_1205_6_three.mp4;C:\Users\esthe\Downloads\small boiteux 12_\Boit_1205_7_one.mp4;C:\Users\esthe\Downloads\small boiteux 12_\Boit_1205_8_five.mp4;C:\Users\esthe\Downloads\small boiteux 12_\Boit_1205_9_seven.mp4,0.0,33.361;14.067;14.331;21.564;6.399;8.664;23.761;18.197;19.200;7.900;7.064;10.199;28.898,30.000;30.000;30.000;30.000;30.000;30.000;30.000;30.000;30.000;30.000;30.000;30.000;30.000,Boiteux,peeling,,,STOP,192.636,C:\Users\esthe\Downloads\small boiteux 12_\Boit_1205_9_seven.mp4,238,NA,
boit_1205,2025-06-05 16:05:44.780,,209.095,Media file(s),player #1:C:\Users\esthe\Downloads\small boiteux 12_\Boi_1205_1_seven.mp4;C:\Users\esthe\Downloads\small boiteux 12_\Boit_1205_10_three.mp4;C:\Users\esthe\Downloads\small boiteux 12_\Boit_1205_11_five.mp4;C:\Users\esthe\Downloads\small boiteux 12_\Boit_1205_12_control.mp4;C:\Users\esthe\Downloads\small boiteux 12_\Boit_1205_13_control.mp4;C:\Users\esthe\Downloads\small boiteux 12_\Boit_1205_2_three.mp4;C:\Users\esthe\Downloads\small boiteux 12_\Boit_1205_3_five.mp4;C:\Users\esthe\Downloads\small boiteux 12_\Boit_1205_4_one.mp4;C:\Users\esthe\Downloads\small boiteux 12_\Boit_1205_5_five.mp4;C:\Users\esthe\Downloads\small boiteux 12_\Boit_1205_6_three.mp4;C:\Users\esthe\Downloads\small boiteux 12_\Boit_1205_7_one.mp4;C:\Users\esthe\Downloads\small boiteux 12_\Boit_1205_8_five.mp4;C:\Users\esthe\Downloads\small boiteux 12_\Boit_1205_9_seven.mp4,0.0,33.361;14.067;14.331;21.564;6.399;8.664;23.761;18.197;19.200;7.900;7.064;10.199;28.898,30.000;30.000;30.000;30.000;30.000;30.000;30.000;30.000;30.000;30.000;30.000;30.000;30.000,Boiteux,ear clapping,,,POINT,193.002,C:\Users\esthe\Downloads\small boiteux 12_\Boit_1205_9_seven.mp4,249,NA,
boit_1205,2025-06-05 16:05:44.780,,209.095,Media file(s),player #1:C:\Users\esthe\Downloads\small boiteux 12_\Boi_1205_1_seven.mp4;C:\Users\esthe\Downloads\small boiteux 12_\Boit_1205_10_three.mp4;C:\Users\esthe\Downloads\small boiteux 12_\Boit_1205_11_five.mp4;C:\Users\esthe\Downloads\small boiteux 12_\Boit_1205_12_control.mp4;C:\Users\esthe\Downloads\small boiteux 12_\Boit_1205_13_control.mp4;C:\Users\esthe\Downloads\small boiteux 12_\Boit_1205_2_three.mp4;C:\Users\esthe\Downloads\small boiteux 12_\Boit_1205_3_five.mp4;C:\Users\esthe\Downloads\small boiteux 12_\Boit_1205_4_one.mp4;C:\Users\esthe\Downloads\small boiteux 12_\Boit_1205_5_five.mp4;C:\Users\esthe\Downloads\small boiteux 12_\Boit_1205_6_three.mp4;C:\Users\esthe\Downloads\small boiteux 12_\Boit_1205_7_one.mp4;C:\Users\esthe\Downloads\small boiteux 12_\Boit_1205_8_five.mp4;C:\Users\esthe\Downloads\small boiteux 12_\Boit_1205_9_seven.mp4,0.0,33.361;14.067;14.331;21.564;6.399;8.664;23.761;18.197;19.200;7.900;7.064;10.199;28.898,30.000;30.000;30.000;30.000;30.000;30.000;30.000;30.000;30.000;30.000;30.000;30.000;30.000,Boiteux,eating,,,START,193.036,C:\Users\esthe\Downloads\small boiteux 12_\Boit_1205_9_seven.mp4,250,NA,
boit_1205,2025-06-05 16:05:44.780,,209.095,Media file(s),player #1:C:\Users\esthe\Downloads\small boiteux 12_\Boi_1205_1_seven.mp4;C:\Users\esthe\Downloads\small boiteux 12_\Boit_1205_10_three.mp4;C:\Users\esthe\Downloads\small boiteux 12_\Boit_1205_11_five.mp4;C:\Users\esthe\Downloads\small boiteux 12_\Boit_1205_12_control.mp4;C:\Users\esthe\Downloads\small boiteux 12_\Boit_1205_13_control.mp4;C:\Users\esthe\Downloads\small boiteux 12_\Boit_1205_2_three.mp4;C:\Users\esthe\Downloads\small boiteux 12_\Boit_1205_3_five.mp4;C:\Users\esthe\Downloads\small boiteux 12_\Boit_1205_4_one.mp4;C:\Users\esthe\Downloads\small boiteux 12_\Boit_1205_5_five.mp4;C:\Users\esthe\Downloads\small boiteux 12_\Boit_1205_6_three.mp4;C:\Users\esthe\Downloads\small boiteux 12_\Boit_1205_7_one.mp4;C:\Users\esthe\Downloads\small boiteux 12_\Boit_1205_8_five.mp4;C:\Users\esthe\Downloads\small boiteux 12_\Boit_1205_9_seven.mp4,0.0,33.361;14.067;14.331;21.564;6.399;8.664;23.761;18.197;19.200;7.900;7.064;10.199;28.898,30.000;30.000;30.000;30.000;30.000;30.000;30.000;30.000;30.000;30.000;30.000;30.000;30.000,Boiteux,eating,,,STOP,194.736,C:\Users\esthe\Downloads\small boiteux 12_\Boit_1205_9_seven.mp4,301,NA,
boit_1205,2025-06-05 16:05:44.780,,209.095,Media file(s),player #1:C:\Users\esthe\Downloads\small boiteux 12_\Boi_1205_1_seven.mp4;C:\Users\esthe\Downloads\small boiteux 12_\Boit_1205_10_three.mp4;C:\Users\esthe\Downloads\small boiteux 12_\Boit_1205_11_five.mp4;C:\Users\esthe\Downloads\small boiteux 12_\Boit_1205_12_control.mp4;C:\Users\esthe\Downloads\small boiteux 12_\Boit_1205_13_control.mp4;C:\Users\esthe\Downloads\small boiteux 12_\Boit_1205_2_three.mp4;C:\Users\esthe\Downloads\small boiteux 12_\Boit_1205_3_five.mp4;C:\Users\esthe\Downloads\small boiteux 12_\Boit_1205_4_one.mp4;C:\Users\esthe\Downloads\small boiteux 12_\Boit_1205_5_five.mp4;C:\Users\esthe\Downloads\small boiteux 12_\Boit_1205_6_three.mp4;C:\Users\esthe\Downloads\small boiteux 12_\Boit_1205_7_one.mp4;C:\Users\esthe\Downloads\small boiteux 12_\Boit_1205_8_five.mp4;C:\Users\esthe\Downloads\small boiteux 12_\Boit_1205_9_seven.mp4,0.0,33.361;14.067;14.331;21.564;6.399;8.664;23.761;18.197;19.200;7.900;7.064;10.199;28.898,30.000;30.000;30.000;30.000;30.000;30.000;30.000;30.000;30.000;30.000;30.000;30.000;30.000,Boiteux,chewing,,,START,195.069,C:\Users\esthe\Downloads\small boiteux 12_\Boit_1205_9_seven.mp4,311,NA,
boit_1205,2025-06-05 16:05:44.780,,209.095,Media file(s),player #1:C:\Users\esthe\Downloads\small boiteux 12_\Boi_1205_1_seven.mp4;C:\Users\esthe\Downloads\small boiteux 12_\Boit_1205_10_three.mp4;C:\Users\esthe\Downloads\small boiteux 12_\Boit_1205_11_five.mp4;C:\Users\esthe\Downloads\small boiteux 12_\Boit_1205_12_control.mp4;C:\Users\esthe\Downloads\small boiteux 12_\Boit_1205_13_control.mp4;C:\Users\esthe\Downloads\small boiteux 12_\Boit_1205_2_three.mp4;C:\Users\esthe\Downloads\small boiteux 12_\Boit_1205_3_five.mp4;C:\Users\esthe\Downloads\small boiteux 12_\Boit_1205_4_one.mp4;C:\Users\esthe\Downloads\small boiteux 12_\Boit_1205_5_five.mp4;C:\Users\esthe\Downloads\small boiteux 12_\Boit_1205_6_three.mp4;C:\Users\esthe\Downloads\small boiteux 12_\Boit_1205_7_one.mp4;C:\Users\esthe\Downloads\small boiteux 12_\Boit_1205_8_five.mp4;C:\Users\esthe\Downloads\small boiteux 12_\Boit_1205_9_seven.mp4,0.0,33.361;14.067;14.331;21.564;6.399;8.664;23.761;18.197;19.200;7.900;7.064;10.199;28.898,30.000;30.000;30.000;30.000;30.000;30.000;30.000;30.000;30.000;30.000;30.000;30.000;30.000,Boiteux,ear clapping,,,POINT,195.236,C:\Users\esthe\Downloads\small boiteux 12_\Boit_1205_9_seven.mp4,316,NA,
boit_1205,2025-06-05 16:05:44.780,,209.095,Media file(s),player #1:C:\Users\esthe\Downloads\small boiteux 12_\Boi_1205_1_seven.mp4;C:\Users\esthe\Downloads\small boiteux 12_\Boit_1205_10_three.mp4;C:\Users\esthe\Downloads\small boiteux 12_\Boit_1205_11_five.mp4;C:\Users\esthe\Downloads\small boiteux 12_\Boit_1205_12_control.mp4;C:\Users\esthe\Downloads\small boiteux 12_\Boit_1205_13_control.mp4;C:\Users\esthe\Downloads\small boiteux 12_\Boit_1205_2_three.mp4;C:\Users\esthe\Downloads\small boiteux 12_\Boit_1205_3_five.mp4;C:\Users\esthe\Downloads\small boiteux 12_\Boit_1205_4_one.mp4;C:\Users\esthe\Downloads\small boiteux 12_\Boit_1205_5_five.mp4;C:\Users\esthe\Downloads\small boiteux 12_\Boit_1205_6_three.mp4;C:\Users\esthe\Downloads\small boiteux 12_\Boit_1205_7_one.mp4;C:\Users\esthe\Downloads\small boiteux 12_\Boit_1205_8_five.mp4;C:\Users\esthe\Downloads\small boiteux 12_\Boit_1205_9_seven.mp4,0.0,33.361;14.067;14.331;21.564;6.399;8.664;23.761;18.197;19.200;7.900;7.064;10.199;28.898,30.000;30.000;30.000;30.000;30.000;30.000;30.000;30.000;30.000;30.000;30.000;30.000;30.000,Boiteux,ear clapping,,,POINT,195.303,C:\Users\esthe\Downloads\small boiteux 12_\Boit_1205_9_seven.mp4,318,NA,
boit_1205,2025-06-05 16:05:44.780,,209.095,Media file(s),player #1:C:\Users\esthe\Downloads\small boiteux 12_\Boi_1205_1_seven.mp4;C:\Users\esthe\Downloads\small boiteux 12_\Boit_1205_10_three.mp4;C:\Users\esthe\Downloads\small boiteux 12_\Boit_1205_11_five.mp4;C:\Users\esthe\Downloads\small boiteux 12_\Boit_1205_12_control.mp4;C:\Users\esthe\Downloads\small boiteux 12_\Boit_1205_13_control.mp4;C:\Users\esthe\Downloads\small boiteux 12_\Boit_1205_2_three.mp4;C:\Users\esthe\Downloads\small boiteux 12_\Boit_1205_3_five.mp4;C:\Users\esthe\Downloads\small boiteux 12_\Boit_1205_4_one.mp4;C:\Users\esthe\Downloads\small boiteux 12_\Boit_1205_5_five.mp4;C:\Users\esthe\Downloads\small boiteux 12_\Boit_1205_6_three.mp4;C:\Users\esthe\Downloads\small boiteux 12_\Boit_1205_7_one.mp4;C:\Users\esthe\Downloads\small boiteux 12_\Boit_1205_8_five.mp4;C:\Users\esthe\Downloads\small boiteux 12_\Boit_1205_9_seven.mp4,0.0,33.361;14.067;14.331;21.564;6.399;8.664;23.761;18.197;19.200;7.900;7.064;10.199;28.898,30.000;30.000;30.000;30.000;30.000;30.000;30.000;30.000;30.000;30.000;30.000;30.000;30.000,Boiteux,ear clapping,,,POINT,195.603,C:\Users\esthe\Downloads\small boiteux 12_\Boit_1205_9_seven.mp4,327,NA,
boit_1205,2025-06-05 16:05:44.780,,209.095,Media file(s),player #1:C:\Users\esthe\Downloads\small boiteux 12_\Boi_1205_1_seven.mp4;C:\Users\esthe\Downloads\small boiteux 12_\Boit_1205_10_three.mp4;C:\Users\esthe\Downloads\small boiteux 12_\Boit_1205_11_five.mp4;C:\Users\esthe\Downloads\small boiteux 12_\Boit_1205_12_control.mp4;C:\Users\esthe\Downloads\small boiteux 12_\Boit_1205_13_control.mp4;C:\Users\esthe\Downloads\small boiteux 12_\Boit_1205_2_three.mp4;C:\Users\esthe\Downloads\small boiteux 12_\Boit_1205_3_five.mp4;C:\Users\esthe\Downloads\small boiteux 12_\Boit_1205_4_one.mp4;C:\Users\esthe\Downloads\small boiteux 12_\Boit_1205_5_five.mp4;C:\Users\esthe\Downloads\small boiteux 12_\Boit_1205_6_three.mp4;C:\Users\esthe\Downloads\small boiteux 12_\Boit_1205_7_one.mp4;C:\Users\esthe\Downloads\small boiteux 12_\Boit_1205_8_five.mp4;C:\Users\esthe\Downloads\small boiteux 12_\Boit_1205_9_seven.mp4,0.0,33.361;14.067;14.331;21.564;6.399;8.664;23.761;18.197;19.200;7.900;7.064;10.199;28.898,30.000;30.000;30.000;30.000;30.000;30.000;30.000;30.000;30.000;30.000;30.000;30.000;30.000,Boiteux,chewing,,,STOP,196.036,C:\Users\esthe\Downloads\small boiteux 12_\Boit_1205_9_seven.mp4,340,NA,
boit_1205,2025-06-05 16:05:44.780,,209.095,Media file(s),player #1:C:\Users\esthe\Downloads\small boiteux 12_\Boi_1205_1_seven.mp4;C:\Users\esthe\Downloads\small boiteux 12_\Boit_1205_10_three.mp4;C:\Users\esthe\Downloads\small boiteux 12_\Boit_1205_11_five.mp4;C:\Users\esthe\Downloads\small boiteux 12_\Boit_1205_12_control.mp4;C:\Users\esthe\Downloads\small boiteux 12_\Boit_1205_13_control.mp4;C:\Users\esthe\Downloads\small boiteux 12_\Boit_1205_2_three.mp4;C:\Users\esthe\Downloads\small boiteux 12_\Boit_1205_3_five.mp4;C:\Users\esthe\Downloads\small boiteux 12_\Boit_1205_4_one.mp4;C:\Users\esthe\Downloads\small boiteux 12_\Boit_1205_5_five.mp4;C:\Users\esthe\Downloads\small boiteux 12_\Boit_1205_6_three.mp4;C:\Users\esthe\Downloads\small boiteux 12_\Boit_1205_7_one.mp4;C:\Users\esthe\Downloads\small boiteux 12_\Boit_1205_8_five.mp4;C:\Users\esthe\Downloads\small boiteux 12_\Boit_1205_9_seven.mp4,0.0,33.361;14.067;14.331;21.564;6.399;8.664;23.761;18.197;19.200;7.900;7.064;10.199;28.898,30.000;30.000;30.000;30.000;30.000;30.000;30.000;30.000;30.000;30.000;30.000;30.000;30.000,Boiteux,eating,,,START,196.769,C:\Users\esthe\Downloads\small boiteux 12_\Boit_1205_9_seven.mp4,362,NA,
boit_1205,2025-06-05 16:05:44.780,,209.095,Media file(s),player #1:C:\Users\esthe\Downloads\small boiteux 12_\Boi_1205_1_seven.mp4;C:\Users\esthe\Downloads\small boiteux 12_\Boit_1205_10_three.mp4;C:\Users\esthe\Downloads\small boiteux 12_\Boit_1205_11_five.mp4;C:\Users\esthe\Downloads\small boiteux 12_\Boit_1205_12_control.mp4;C:\Users\esthe\Downloads\small boiteux 12_\Boit_1205_13_control.mp4;C:\Users\esthe\Downloads\small boiteux 12_\Boit_1205_2_three.mp4;C:\Users\esthe\Downloads\small boiteux 12_\Boit_1205_3_five.mp4;C:\Users\esthe\Downloads\small boiteux 12_\Boit_1205_4_one.mp4;C:\Users\esthe\Downloads\small boiteux 12_\Boit_1205_5_five.mp4;C:\Users\esthe\Downloads\small boiteux 12_\Boit_1205_6_three.mp4;C:\Users\esthe\Downloads\small boiteux 12_\Boit_1205_7_one.mp4;C:\Users\esthe\Downloads\small boiteux 12_\Boit_1205_8_five.mp4;C:\Users\esthe\Downloads\small boiteux 12_\Boit_1205_9_seven.mp4,0.0,33.361;14.067;14.331;21.564;6.399;8.664;23.761;18.197;19.200;7.900;7.064;10.199;28.898,30.000;30.000;30.000;30.000;30.000;30.000;30.000;30.000;30.000;30.000;30.000;30.000;30.000,Boiteux,ear clapping,,,POINT,196.869,C:\Users\esthe\Downloads\small boiteux 12_\Boit_1205_9_seven.mp4,365,NA,
boit_1205,2025-06-05 16:05:44.780,,209.095,Media file(s),player #1:C:\Users\esthe\Downloads\small boiteux 12_\Boi_1205_1_seven.mp4;C:\Users\esthe\Downloads\small boiteux 12_\Boit_1205_10_three.mp4;C:\Users\esthe\Downloads\small boiteux 12_\Boit_1205_11_five.mp4;C:\Users\esthe\Downloads\small boiteux 12_\Boit_1205_12_control.mp4;C:\Users\esthe\Downloads\small boiteux 12_\Boit_1205_13_control.mp4;C:\Users\esthe\Downloads\small boiteux 12_\Boit_1205_2_three.mp4;C:\Users\esthe\Downloads\small boiteux 12_\Boit_1205_3_five.mp4;C:\Users\esthe\Downloads\small boiteux 12_\Boit_1205_4_one.mp4;C:\Users\esthe\Downloads\small boiteux 12_\Boit_1205_5_five.mp4;C:\Users\esthe\Downloads\small boiteux 12_\Boit_1205_6_three.mp4;C:\Users\esthe\Downloads\small boiteux 12_\Boit_1205_7_one.mp4;C:\Users\esthe\Downloads\small boiteux 12_\Boit_1205_8_five.mp4;C:\Users\esthe\Downloads\small boiteux 12_\Boit_1205_9_seven.mp4,0.0,33.361;14.067;14.331;21.564;6.399;8.664;23.761;18.197;19.200;7.900;7.064;10.199;28.898,30.000;30.000;30.000;30.000;30.000;30.000;30.000;30.000;30.000;30.000;30.000;30.000;30.000,Boiteux,ear clapping,,,POINT,197.002,C:\Users\esthe\Downloads\small boiteux 12_\Boit_1205_9_seven.mp4,369,NA,
boit_1205,2025-06-05 16:05:44.780,,209.095,Media file(s),player #1:C:\Users\esthe\Downloads\small boiteux 12_\Boi_1205_1_seven.mp4;C:\Users\esthe\Downloads\small boiteux 12_\Boit_1205_10_three.mp4;C:\Users\esthe\Downloads\small boiteux 12_\Boit_1205_11_five.mp4;C:\Users\esthe\Downloads\small boiteux 12_\Boit_1205_12_control.mp4;C:\Users\esthe\Downloads\small boiteux 12_\Boit_1205_13_control.mp4;C:\Users\esthe\Downloads\small boiteux 12_\Boit_1205_2_three.mp4;C:\Users\esthe\Downloads\small boiteux 12_\Boit_1205_3_five.mp4;C:\Users\esthe\Downloads\small boiteux 12_\Boit_1205_4_one.mp4;C:\Users\esthe\Downloads\small boiteux 12_\Boit_1205_5_five.mp4;C:\Users\esthe\Downloads\small boiteux 12_\Boit_1205_6_three.mp4;C:\Users\esthe\Downloads\small boiteux 12_\Boit_1205_7_one.mp4;C:\Users\esthe\Downloads\small boiteux 12_\Boit_1205_8_five.mp4;C:\Users\esthe\Downloads\small boiteux 12_\Boit_1205_9_seven.mp4,0.0,33.361;14.067;14.331;21.564;6.399;8.664;23.761;18.197;19.200;7.900;7.064;10.199;28.898,30.000;30.000;30.000;30.000;30.000;30.000;30.000;30.000;30.000;30.000;30.000;30.000;30.000,Boiteux,eating,,,STOP,197.835,C:\Users\esthe\Downloads\small boiteux 12_\Boit_1205_9_seven.mp4,394,NA,
boit_1205,2025-06-05 16:05:44.780,,209.095,Media file(s),player #1:C:\Users\esthe\Downloads\small boiteux 12_\Boi_1205_1_seven.mp4;C:\Users\esthe\Downloads\small boiteux 12_\Boit_1205_10_three.mp4;C:\Users\esthe\Downloads\small boiteux 12_\Boit_1205_11_five.mp4;C:\Users\esthe\Downloads\small boiteux 12_\Boit_1205_12_control.mp4;C:\Users\esthe\Downloads\small boiteux 12_\Boit_1205_13_control.mp4;C:\Users\esthe\Downloads\small boiteux 12_\Boit_1205_2_three.mp4;C:\Users\esthe\Downloads\small boiteux 12_\Boit_1205_3_five.mp4;C:\Users\esthe\Downloads\small boiteux 12_\Boit_1205_4_one.mp4;C:\Users\esthe\Downloads\small boiteux 12_\Boit_1205_5_five.mp4;C:\Users\esthe\Downloads\small boiteux 12_\Boit_1205_6_three.mp4;C:\Users\esthe\Downloads\small boiteux 12_\Boit_1205_7_one.mp4;C:\Users\esthe\Downloads\small boiteux 12_\Boit_1205_8_five.mp4;C:\Users\esthe\Downloads\small boiteux 12_\Boit_1205_9_seven.mp4,0.0,33.361;14.067;14.331;21.564;6.399;8.664;23.761;18.197;19.200;7.900;7.064;10.199;28.898,30.000;30.000;30.000;30.000;30.000;30.000;30.000;30.000;30.000;30.000;30.000;30.000;30.000,Boiteux,chewing,,,START,198.202,C:\Users\esthe\Downloads\small boiteux 12_\Boit_1205_9_seven.mp4,405,NA,
boit_1205,2025-06-05 16:05:44.780,,209.095,Media file(s),player #1:C:\Users\esthe\Downloads\small boiteux 12_\Boi_1205_1_seven.mp4;C:\Users\esthe\Downloads\small boiteux 12_\Boit_1205_10_three.mp4;C:\Users\esthe\Downloads\small boiteux 12_\Boit_1205_11_five.mp4;C:\Users\esthe\Downloads\small boiteux 12_\Boit_1205_12_control.mp4;C:\Users\esthe\Downloads\small boiteux 12_\Boit_1205_13_control.mp4;C:\Users\esthe\Downloads\small boiteux 12_\Boit_1205_2_three.mp4;C:\Users\esthe\Downloads\small boiteux 12_\Boit_1205_3_five.mp4;C:\Users\esthe\Downloads\small boiteux 12_\Boit_1205_4_one.mp4;C:\Users\esthe\Downloads\small boiteux 12_\Boit_1205_5_five.mp4;C:\Users\esthe\Downloads\small boiteux 12_\Boit_1205_6_three.mp4;C:\Users\esthe\Downloads\small boiteux 12_\Boit_1205_7_one.mp4;C:\Users\esthe\Downloads\small boiteux 12_\Boit_1205_8_five.mp4;C:\Users\esthe\Downloads\small boiteux 12_\Boit_1205_9_seven.mp4,0.0,33.361;14.067;14.331;21.564;6.399;8.664;23.761;18.197;19.200;7.900;7.064;10.199;28.898,30.000;30.000;30.000;30.000;30.000;30.000;30.000;30.000;30.000;30.000;30.000;30.000;30.000,Boiteux,chewing,,,STOP,198.769,C:\Users\esthe\Downloads\small boiteux 12_\Boit_1205_9_seven.mp4,422,NA,
boit_1205,2025-06-05 16:05:44.780,,209.095,Media file(s),player #1:C:\Users\esthe\Downloads\small boiteux 12_\Boi_1205_1_seven.mp4;C:\Users\esthe\Downloads\small boiteux 12_\Boit_1205_10_three.mp4;C:\Users\esthe\Downloads\small boiteux 12_\Boit_1205_11_five.mp4;C:\Users\esthe\Downloads\small boiteux 12_\Boit_1205_12_control.mp4;C:\Users\esthe\Downloads\small boiteux 12_\Boit_1205_13_control.mp4;C:\Users\esthe\Downloads\small boiteux 12_\Boit_1205_2_three.mp4;C:\Users\esthe\Downloads\small boiteux 12_\Boit_1205_3_five.mp4;C:\Users\esthe\Downloads\small boiteux 12_\Boit_1205_4_one.mp4;C:\Users\esthe\Downloads\small boiteux 12_\Boit_1205_5_five.mp4;C:\Users\esthe\Downloads\small boiteux 12_\Boit_1205_6_three.mp4;C:\Users\esthe\Downloads\small boiteux 12_\Boit_1205_7_one.mp4;C:\Users\esthe\Downloads\small boiteux 12_\Boit_1205_8_five.mp4;C:\Users\esthe\Downloads\small boiteux 12_\Boit_1205_9_seven.mp4,0.0,33.361;14.067;14.331;21.564;6.399;8.664;23.761;18.197;19.200;7.900;7.064;10.199;28.898,30.000;30.000;30.000;30.000;30.000;30.000;30.000;30.000;30.000;30.000;30.000;30.000;30.000,Boiteux,ear clapping,,,POINT,199.269,C:\Users\esthe\Downloads\small boiteux 12_\Boit_1205_9_seven.mp4,437,NA,
boit_1205,2025-06-05 16:05:44.780,,209.095,Media file(s),player #1:C:\Users\esthe\Downloads\small boiteux 12_\Boi_1205_1_seven.mp4;C:\Users\esthe\Downloads\small boiteux 12_\Boit_1205_10_three.mp4;C:\Users\esthe\Downloads\small boiteux 12_\Boit_1205_11_five.mp4;C:\Users\esthe\Downloads\small boiteux 12_\Boit_1205_12_control.mp4;C:\Users\esthe\Downloads\small boiteux 12_\Boit_1205_13_control.mp4;C:\Users\esthe\Downloads\small boiteux 12_\Boit_1205_2_three.mp4;C:\Users\esthe\Downloads\small boiteux 12_\Boit_1205_3_five.mp4;C:\Users\esthe\Downloads\small boiteux 12_\Boit_1205_4_one.mp4;C:\Users\esthe\Downloads\small boiteux 12_\Boit_1205_5_five.mp4;C:\Users\esthe\Downloads\small boiteux 12_\Boit_1205_6_three.mp4;C:\Users\esthe\Downloads\small boiteux 12_\Boit_1205_7_one.mp4;C:\Users\esthe\Downloads\small boiteux 12_\Boit_1205_8_five.mp4;C:\Users\esthe\Downloads\small boiteux 12_\Boit_1205_9_seven.mp4,0.0,33.361;14.067;14.331;21.564;6.399;8.664;23.761;18.197;19.200;7.900;7.064;10.199;28.898,30.000;30.000;30.000;30.000;30.000;30.000;30.000;30.000;30.000;30.000;30.000;30.000;30.000,Boiteux,eating,,,START,199.335,C:\Users\esthe\Downloads\small boiteux 12_\Boit_1205_9_seven.mp4,439,NA,
boit_1205,2025-06-05 16:05:44.780,,209.095,Media file(s),player #1:C:\Users\esthe\Downloads\small boiteux 12_\Boi_1205_1_seven.mp4;C:\Users\esthe\Downloads\small boiteux 12_\Boit_1205_10_three.mp4;C:\Users\esthe\Downloads\small boiteux 12_\Boit_1205_11_five.mp4;C:\Users\esthe\Downloads\small boiteux 12_\Boit_1205_12_control.mp4;C:\Users\esthe\Downloads\small boiteux 12_\Boit_1205_13_control.mp4;C:\Users\esthe\Downloads\small boiteux 12_\Boit_1205_2_three.mp4;C:\Users\esthe\Downloads\small boiteux 12_\Boit_1205_3_five.mp4;C:\Users\esthe\Downloads\small boiteux 12_\Boit_1205_4_one.mp4;C:\Users\esthe\Downloads\small boiteux 12_\Boit_1205_5_five.mp4;C:\Users\esthe\Downloads\small boiteux 12_\Boit_1205_6_three.mp4;C:\Users\esthe\Downloads\small boiteux 12_\Boit_1205_7_one.mp4;C:\Users\esthe\Downloads\small boiteux 12_\Boit_1205_8_five.mp4;C:\Users\esthe\Downloads\small boiteux 12_\Boit_1205_9_seven.mp4,0.0,33.361;14.067;14.331;21.564;6.399;8.664;23.761;18.197;19.200;7.900;7.064;10.199;28.898,30.000;30.000;30.000;30.000;30.000;30.000;30.000;30.000;30.000;30.000;30.000;30.000;30.000,Boiteux,ear clapping,,,POINT,200.335,C:\Users\esthe\Downloads\small boiteux 12_\Boit_1205_9_seven.mp4,469,NA,
boit_1205,2025-06-05 16:05:44.780,,209.095,Media file(s),player #1:C:\Users\esthe\Downloads\small boiteux 12_\Boi_1205_1_seven.mp4;C:\Users\esthe\Downloads\small boiteux 12_\Boit_1205_10_three.mp4;C:\Users\esthe\Downloads\small boiteux 12_\Boit_1205_11_five.mp4;C:\Users\esthe\Downloads\small boiteux 12_\Boit_1205_12_control.mp4;C:\Users\esthe\Downloads\small boiteux 12_\Boit_1205_13_control.mp4;C:\Users\esthe\Downloads\small boiteux 12_\Boit_1205_2_three.mp4;C:\Users\esthe\Downloads\small boiteux 12_\Boit_1205_3_five.mp4;C:\Users\esthe\Downloads\small boiteux 12_\Boit_1205_4_one.mp4;C:\Users\esthe\Downloads\small boiteux 12_\Boit_1205_5_five.mp4;C:\Users\esthe\Downloads\small boiteux 12_\Boit_1205_6_three.mp4;C:\Users\esthe\Downloads\small boiteux 12_\Boit_1205_7_one.mp4;C:\Users\esthe\Downloads\small boiteux 12_\Boit_1205_8_five.mp4;C:\Users\esthe\Downloads\small boiteux 12_\Boit_1205_9_seven.mp4,0.0,33.361;14.067;14.331;21.564;6.399;8.664;23.761;18.197;19.200;7.900;7.064;10.199;28.898,30.000;30.000;30.000;30.000;30.000;30.000;30.000;30.000;30.000;30.000;30.000;30.000;30.000,Boiteux,ear clapping,,,POINT,201.568,C:\Users\esthe\Downloads\small boiteux 12_\Boit_1205_9_seven.mp4,506,NA,
boit_1205,2025-06-05 16:05:44.780,,209.095,Media file(s),player #1:C:\Users\esthe\Downloads\small boiteux 12_\Boi_1205_1_seven.mp4;C:\Users\esthe\Downloads\small boiteux 12_\Boit_1205_10_three.mp4;C:\Users\esthe\Downloads\small boiteux 12_\Boit_1205_11_five.mp4;C:\Users\esthe\Downloads\small boiteux 12_\Boit_1205_12_control.mp4;C:\Users\esthe\Downloads\small boiteux 12_\Boit_1205_13_control.mp4;C:\Users\esthe\Downloads\small boiteux 12_\Boit_1205_2_three.mp4;C:\Users\esthe\Downloads\small boiteux 12_\Boit_1205_3_five.mp4;C:\Users\esthe\Downloads\small boiteux 12_\Boit_1205_4_one.mp4;C:\Users\esthe\Downloads\small boiteux 12_\Boit_1205_5_five.mp4;C:\Users\esthe\Downloads\small boiteux 12_\Boit_1205_6_three.mp4;C:\Users\esthe\Downloads\small boiteux 12_\Boit_1205_7_one.mp4;C:\Users\esthe\Downloads\small boiteux 12_\Boit_1205_8_five.mp4;C:\Users\esthe\Downloads\small boiteux 12_\Boit_1205_9_seven.mp4,0.0,33.361;14.067;14.331;21.564;6.399;8.664;23.761;18.197;19.200;7.900;7.064;10.199;28.898,30.000;30.000;30.000;30.000;30.000;30.000;30.000;30.000;30.000;30.000;30.000;30.000;30.000,Boiteux,eating,,,STOP,201.902,C:\Users\esthe\Downloads\small boiteux 12_\Boit_1205_9_seven.mp4,516,NA,
boit_1205,2025-06-05 16:05:44.780,,209.095,Media file(s),player #1:C:\Users\esthe\Downloads\small boiteux 12_\Boi_1205_1_seven.mp4;C:\Users\esthe\Downloads\small boiteux 12_\Boit_1205_10_three.mp4;C:\Users\esthe\Downloads\small boiteux 12_\Boit_1205_11_five.mp4;C:\Users\esthe\Downloads\small boiteux 12_\Boit_1205_12_control.mp4;C:\Users\esthe\Downloads\small boiteux 12_\Boit_1205_13_control.mp4;C:\Users\esthe\Downloads\small boiteux 12_\Boit_1205_2_three.mp4;C:\Users\esthe\Downloads\small boiteux 12_\Boit_1205_3_five.mp4;C:\Users\esthe\Downloads\small boiteux 12_\Boit_1205_4_one.mp4;C:\Users\esthe\Downloads\small boiteux 12_\Boit_1205_5_five.mp4;C:\Users\esthe\Downloads\small boiteux 12_\Boit_1205_6_three.mp4;C:\Users\esthe\Downloads\small boiteux 12_\Boit_1205_7_one.mp4;C:\Users\esthe\Downloads\small boiteux 12_\Boit_1205_8_five.mp4;C:\Users\esthe\Downloads\small boiteux 12_\Boit_1205_9_seven.mp4,0.0,33.361;14.067;14.331;21.564;6.399;8.664;23.761;18.197;19.200;7.900;7.064;10.199;28.898,30.000;30.000;30.000;30.000;30.000;30.000;30.000;30.000;30.000;30.000;30.000;30.000;30.000,Boiteux,chewing,,,START,202.068,C:\Users\esthe\Downloads\small boiteux 12_\Boit_1205_9_seven.mp4,521,NA,
boit_1205,2025-06-05 16:05:44.780,,209.095,Media file(s),player #1:C:\Users\esthe\Downloads\small boiteux 12_\Boi_1205_1_seven.mp4;C:\Users\esthe\Downloads\small boiteux 12_\Boit_1205_10_three.mp4;C:\Users\esthe\Downloads\small boiteux 12_\Boit_1205_11_five.mp4;C:\Users\esthe\Downloads\small boiteux 12_\Boit_1205_12_control.mp4;C:\Users\esthe\Downloads\small boiteux 12_\Boit_1205_13_control.mp4;C:\Users\esthe\Downloads\small boiteux 12_\Boit_1205_2_three.mp4;C:\Users\esthe\Downloads\small boiteux 12_\Boit_1205_3_five.mp4;C:\Users\esthe\Downloads\small boiteux 12_\Boit_1205_4_one.mp4;C:\Users\esthe\Downloads\small boiteux 12_\Boit_1205_5_five.mp4;C:\Users\esthe\Downloads\small boiteux 12_\Boit_1205_6_three.mp4;C:\Users\esthe\Downloads\small boiteux 12_\Boit_1205_7_one.mp4;C:\Users\esthe\Downloads\small boiteux 12_\Boit_1205_8_five.mp4;C:\Users\esthe\Downloads\small boiteux 12_\Boit_1205_9_seven.mp4,0.0,33.361;14.067;14.331;21.564;6.399;8.664;23.761;18.197;19.200;7.900;7.064;10.199;28.898,30.000;30.000;30.000;30.000;30.000;30.000;30.000;30.000;30.000;30.000;30.000;30.000;30.000,Boiteux,ear clapping,,,POINT,204.668,C:\Users\esthe\Downloads\small boiteux 12_\Boit_1205_9_seven.mp4,599,NA,
boit_1205,2025-06-05 16:05:44.780,,209.095,Media file(s),player #1:C:\Users\esthe\Downloads\small boiteux 12_\Boi_1205_1_seven.mp4;C:\Users\esthe\Downloads\small boiteux 12_\Boit_1205_10_three.mp4;C:\Users\esthe\Downloads\small boiteux 12_\Boit_1205_11_five.mp4;C:\Users\esthe\Downloads\small boiteux 12_\Boit_1205_12_control.mp4;C:\Users\esthe\Downloads\small boiteux 12_\Boit_1205_13_control.mp4;C:\Users\esthe\Downloads\small boiteux 12_\Boit_1205_2_three.mp4;C:\Users\esthe\Downloads\small boiteux 12_\Boit_1205_3_five.mp4;C:\Users\esthe\Downloads\small boiteux 12_\Boit_1205_4_one.mp4;C:\Users\esthe\Downloads\small boiteux 12_\Boit_1205_5_five.mp4;C:\Users\esthe\Downloads\small boiteux 12_\Boit_1205_6_three.mp4;C:\Users\esthe\Downloads\small boiteux 12_\Boit_1205_7_one.mp4;C:\Users\esthe\Downloads\small boiteux 12_\Boit_1205_8_five.mp4;C:\Users\esthe\Downloads\small boiteux 12_\Boit_1205_9_seven.mp4,0.0,33.361;14.067;14.331;21.564;6.399;8.664;23.761;18.197;19.200;7.900;7.064;10.199;28.898,30.000;30.000;30.000;30.000;30.000;30.000;30.000;30.000;30.000;30.000;30.000;30.000;30.000,Boiteux,chewing,,,STOP,205.934,C:\Users\esthe\Downloads\small boiteux 12_\Boit_1205_9_seven.mp4,637,NA,
boit_1205,2025-06-05 16:05:44.780,,209.095,Media file(s),player #1:C:\Users\esthe\Downloads\small boiteux 12_\Boi_1205_1_seven.mp4;C:\Users\esthe\Downloads\small boiteux 12_\Boit_1205_10_three.mp4;C:\Users\esthe\Downloads\small boiteux 12_\Boit_1205_11_five.mp4;C:\Users\esthe\Downloads\small boiteux 12_\Boit_1205_12_control.mp4;C:\Users\esthe\Downloads\small boiteux 12_\Boit_1205_13_control.mp4;C:\Users\esthe\Downloads\small boiteux 12_\Boit_1205_2_three.mp4;C:\Users\esthe\Downloads\small boiteux 12_\Boit_1205_3_five.mp4;C:\Users\esthe\Downloads\small boiteux 12_\Boit_1205_4_one.mp4;C:\Users\esthe\Downloads\small boiteux 12_\Boit_1205_5_five.mp4;C:\Users\esthe\Downloads\small boiteux 12_\Boit_1205_6_three.mp4;C:\Users\esthe\Downloads\small boiteux 12_\Boit_1205_7_one.mp4;C:\Users\esthe\Downloads\small boiteux 12_\Boit_1205_8_five.mp4;C:\Users\esthe\Downloads\small boiteux 12_\Boit_1205_9_seven.mp4,0.0,33.361;14.067;14.331;21.564;6.399;8.664;23.761;18.197;19.200;7.900;7.064;10.199;28.898,30.000;30.000;30.000;30.000;30.000;30.000;30.000;30.000;30.000;30.000;30.000;30.000;30.000,Boiteux,eating,,,START,206.001,C:\Users\esthe\Downloads\small boiteux 12_\Boit_1205_9_seven.mp4,639,NA,
boit_1205,2025-06-05 16:05:44.780,,209.095,Media file(s),player #1:C:\Users\esthe\Downloads\small boiteux 12_\Boi_1205_1_seven.mp4;C:\Users\esthe\Downloads\small boiteux 12_\Boit_1205_10_three.mp4;C:\Users\esthe\Downloads\small boiteux 12_\Boit_1205_11_five.mp4;C:\Users\esthe\Downloads\small boiteux 12_\Boit_1205_12_control.mp4;C:\Users\esthe\Downloads\small boiteux 12_\Boit_1205_13_control.mp4;C:\Users\esthe\Downloads\small boiteux 12_\Boit_1205_2_three.mp4;C:\Users\esthe\Downloads\small boiteux 12_\Boit_1205_3_five.mp4;C:\Users\esthe\Downloads\small boiteux 12_\Boit_1205_4_one.mp4;C:\Users\esthe\Downloads\small boiteux 12_\Boit_1205_5_five.mp4;C:\Users\esthe\Downloads\small boiteux 12_\Boit_1205_6_three.mp4;C:\Users\esthe\Downloads\small boiteux 12_\Boit_1205_7_one.mp4;C:\Users\esthe\Downloads\small boiteux 12_\Boit_1205_8_five.mp4;C:\Users\esthe\Downloads\small boiteux 12_\Boit_1205_9_seven.mp4,0.0,33.361;14.067;14.331;21.564;6.399;8.664;23.761;18.197;19.200;7.900;7.064;10.199;28.898,30.000;30.000;30.000;30.000;30.000;30.000;30.000;30.000;30.000;30.000;30.000;30.000;30.000,Boiteux,eating,,,STOP,208.101,C:\Users\esthe\Downloads\small boiteux 12_\Boit_1205_9_seven.mp4,702,NA,
boit_1205,2025-06-05 16:05:44.780,,209.095,Media file(s),player #1:C:\Users\esthe\Downloads\small boiteux 12_\Boi_1205_1_seven.mp4;C:\Users\esthe\Downloads\small boiteux 12_\Boit_1205_10_three.mp4;C:\Users\esthe\Downloads\small boiteux 12_\Boit_1205_11_five.mp4;C:\Users\esthe\Downloads\small boiteux 12_\Boit_1205_12_control.mp4;C:\Users\esthe\Downloads\small boiteux 12_\Boit_1205_13_control.mp4;C:\Users\esthe\Downloads\small boiteux 12_\Boit_1205_2_three.mp4;C:\Users\esthe\Downloads\small boiteux 12_\Boit_1205_3_five.mp4;C:\Users\esthe\Downloads\small boiteux 12_\Boit_1205_4_one.mp4;C:\Users\esthe\Downloads\small boiteux 12_\Boit_1205_5_five.mp4;C:\Users\esthe\Downloads\small boiteux 12_\Boit_1205_6_three.mp4;C:\Users\esthe\Downloads\small boiteux 12_\Boit_1205_7_one.mp4;C:\Users\esthe\Downloads\small boiteux 12_\Boit_1205_8_five.mp4;C:\Users\esthe\Downloads\small boiteux 12_\Boit_1205_9_seven.mp4,0.0,33.361;14.067;14.331;21.564;6.399;8.664;23.761;18.197;19.200;7.900;7.064;10.199;28.898,30.000;30.000;30.000;30.000;30.000;30.000;30.000;30.000;30.000;30.000;30.000;30.000;30.000,Boiteux,chewing,,,START,208.434,C:\Users\esthe\Downloads\small boiteux 12_\Boit_1205_9_seven.mp4,712,NA,
boit_1205,2025-06-05 16:05:44.780,,209.095,Media file(s),player #1:C:\Users\esthe\Downloads\small boiteux 12_\Boi_1205_1_seven.mp4;C:\Users\esthe\Downloads\small boiteux 12_\Boit_1205_10_three.mp4;C:\Users\esthe\Downloads\small boiteux 12_\Boit_1205_11_five.mp4;C:\Users\esthe\Downloads\small boiteux 12_\Boit_1205_12_control.mp4;C:\Users\esthe\Downloads\small boiteux 12_\Boit_1205_13_control.mp4;C:\Users\esthe\Downloads\small boiteux 12_\Boit_1205_2_three.mp4;C:\Users\esthe\Downloads\small boiteux 12_\Boit_1205_3_five.mp4;C:\Users\esthe\Downloads\small boiteux 12_\Boit_1205_4_one.mp4;C:\Users\esthe\Downloads\small boiteux 12_\Boit_1205_5_five.mp4;C:\Users\esthe\Downloads\small boiteux 12_\Boit_1205_6_three.mp4;C:\Users\esthe\Downloads\small boiteux 12_\Boit_1205_7_one.mp4;C:\Users\esthe\Downloads\small boiteux 12_\Boit_1205_8_five.mp4;C:\Users\esthe\Downloads\small boiteux 12_\Boit_1205_9_seven.mp4,0.0,33.361;14.067;14.331;21.564;6.399;8.664;23.761;18.197;19.200;7.900;7.064;10.199;28.898,30.000;30.000;30.000;30.000;30.000;30.000;30.000;30.000;30.000;30.000;30.000;30.000;30.000,Boiteux,chewing,,,STOP,209.334,C:\Users\esthe\Downloads\small boiteux 12_\Boit_1205_9_seven.mp4,739,NA,
boit_1205,2025-06-05 16:05:44.780,,209.095,Media file(s),player #1:C:\Users\esthe\Downloads\small boiteux 12_\Boi_1205_1_seven.mp4;C:\Users\esthe\Downloads\small boiteux 12_\Boit_1205_10_three.mp4;C:\Users\esthe\Downloads\small boiteux 12_\Boit_1205_11_five.mp4;C:\Users\esthe\Downloads\small boiteux 12_\Boit_1205_12_control.mp4;C:\Users\esthe\Downloads\small boiteux 12_\Boit_1205_13_control.mp4;C:\Users\esthe\Downloads\small boiteux 12_\Boit_1205_2_three.mp4;C:\Users\esthe\Downloads\small boiteux 12_\Boit_1205_3_five.mp4;C:\Users\esthe\Downloads\small boiteux 12_\Boit_1205_4_one.mp4;C:\Users\esthe\Downloads\small boiteux 12_\Boit_1205_5_five.mp4;C:\Users\esthe\Downloads\small boiteux 12_\Boit_1205_6_three.mp4;C:\Users\esthe\Downloads\small boiteux 12_\Boit_1205_7_one.mp4;C:\Users\esthe\Downloads\small boiteux 12_\Boit_1205_8_five.mp4;C:\Users\esthe\Downloads\small boiteux 12_\Boit_1205_9_seven.mp4,0.0,33.361;14.067;14.331;21.564;6.399;8.664;23.761;18.197;19.200;7.900;7.064;10.199;28.898,30.000;30.000;30.000;30.000;30.000;30.000;30.000;30.000;30.000;30.000;30.000;30.000;30.000,Boiteux,eating,,,START,209.334,C:\Users\esthe\Downloads\small boiteux 12_\Boit_1205_9_seven.mp4,739,NA,
boit_1205,2025-06-05 16:05:44.780,,209.095,Media file(s),player #1:C:\Users\esthe\Downloads\small boiteux 12_\Boi_1205_1_seven.mp4;C:\Users\esthe\Downloads\small boiteux 12_\Boit_1205_10_three.mp4;C:\Users\esthe\Downloads\small boiteux 12_\Boit_1205_11_five.mp4;C:\Users\esthe\Downloads\small boiteux 12_\Boit_1205_12_control.mp4;C:\Users\esthe\Downloads\small boiteux 12_\Boit_1205_13_control.mp4;C:\Users\esthe\Downloads\small boiteux 12_\Boit_1205_2_three.mp4;C:\Users\esthe\Downloads\small boiteux 12_\Boit_1205_3_five.mp4;C:\Users\esthe\Downloads\small boiteux 12_\Boit_1205_4_one.mp4;C:\Users\esthe\Downloads\small boiteux 12_\Boit_1205_5_five.mp4;C:\Users\esthe\Downloads\small boiteux 12_\Boit_1205_6_three.mp4;C:\Users\esthe\Downloads\small boiteux 12_\Boit_1205_7_one.mp4;C:\Users\esthe\Downloads\small boiteux 12_\Boit_1205_8_five.mp4;C:\Users\esthe\Downloads\small boiteux 12_\Boit_1205_9_seven.mp4,0.0,33.361;14.067;14.331;21.564;6.399;8.664;23.761;18.197;19.200;7.900;7.064;10.199;28.898,30.000;30.000;30.000;30.000;30.000;30.000;30.000;30.000;30.000;30.000;30.000;30.000;30.000,Boiteux,eating,,,STOP,210.634,C:\Users\esthe\Downloads\small boiteux 12_\Boit_1205_9_seven.mp4,778,NA,
boit_1205,2025-06-05 16:05:44.780,,209.095,Media file(s),player #1:C:\Users\esthe\Downloads\small boiteux 12_\Boi_1205_1_seven.mp4;C:\Users\esthe\Downloads\small boiteux 12_\Boit_1205_10_three.mp4;C:\Users\esthe\Downloads\small boiteux 12_\Boit_1205_11_five.mp4;C:\Users\esthe\Downloads\small boiteux 12_\Boit_1205_12_control.mp4;C:\Users\esthe\Downloads\small boiteux 12_\Boit_1205_13_control.mp4;C:\Users\esthe\Downloads\small boiteux 12_\Boit_1205_2_three.mp4;C:\Users\esthe\Downloads\small boiteux 12_\Boit_1205_3_five.mp4;C:\Users\esthe\Downloads\small boiteux 12_\Boit_1205_4_one.mp4;C:\Users\esthe\Downloads\small boiteux 12_\Boit_1205_5_five.mp4;C:\Users\esthe\Downloads\small boiteux 12_\Boit_1205_6_three.mp4;C:\Users\esthe\Downloads\small boiteux 12_\Boit_1205_7_one.mp4;C:\Users\esthe\Downloads\small boiteux 12_\Boit_1205_8_five.mp4;C:\Users\esthe\Downloads\small boiteux 12_\Boit_1205_9_seven.mp4,0.0,33.361;14.067;14.331;21.564;6.399;8.664;23.761;18.197;19.200;7.900;7.064;10.199;28.898,30.000;30.000;30.000;30.000;30.000;30.000;30.000;30.000;30.000;30.000;30.000;30.000;30.000,Boiteux,chewing,,,START,210.900,C:\Users\esthe\Downloads\small boiteux 12_\Boit_1205_9_seven.mp4,786,NA,
boit_1205,2025-06-05 16:05:44.780,,209.095,Media file(s),player #1:C:\Users\esthe\Downloads\small boiteux 12_\Boi_1205_1_seven.mp4;C:\Users\esthe\Downloads\small boiteux 12_\Boit_1205_10_three.mp4;C:\Users\esthe\Downloads\small boiteux 12_\Boit_1205_11_five.mp4;C:\Users\esthe\Downloads\small boiteux 12_\Boit_1205_12_control.mp4;C:\Users\esthe\Downloads\small boiteux 12_\Boit_1205_13_control.mp4;C:\Users\esthe\Downloads\small boiteux 12_\Boit_1205_2_three.mp4;C:\Users\esthe\Downloads\small boiteux 12_\Boit_1205_3_five.mp4;C:\Users\esthe\Downloads\small boiteux 12_\Boit_1205_4_one.mp4;C:\Users\esthe\Downloads\small boiteux 12_\Boit_1205_5_five.mp4;C:\Users\esthe\Downloads\small boiteux 12_\Boit_1205_6_three.mp4;C:\Users\esthe\Downloads\small boiteux 12_\Boit_1205_7_one.mp4;C:\Users\esthe\Downloads\small boiteux 12_\Boit_1205_8_five.mp4;C:\Users\esthe\Downloads\small boiteux 12_\Boit_1205_9_seven.mp4,0.0,33.361;14.067;14.331;21.564;6.399;8.664;23.761;18.197;19.200;7.900;7.064;10.199;28.898,30.000;30.000;30.000;30.000;30.000;30.000;30.000;30.000;30.000;30.000;30.000;30.000;30.000,Boiteux,chewing,,,STOP,212.067,C:\Users\esthe\Downloads\small boiteux 12_\Boit_1205_9_seven.mp4,821,NA,
boit_1205,2025-06-05 16:05:44.780,,209.095,Media file(s),player #1:C:\Users\esthe\Downloads\small boiteux 12_\Boi_1205_1_seven.mp4;C:\Users\esthe\Downloads\small boiteux 12_\Boit_1205_10_three.mp4;C:\Users\esthe\Downloads\small boiteux 12_\Boit_1205_11_five.mp4;C:\Users\esthe\Downloads\small boiteux 12_\Boit_1205_12_control.mp4;C:\Users\esthe\Downloads\small boiteux 12_\Boit_1205_13_control.mp4;C:\Users\esthe\Downloads\small boiteux 12_\Boit_1205_2_three.mp4;C:\Users\esthe\Downloads\small boiteux 12_\Boit_1205_3_five.mp4;C:\Users\esthe\Downloads\small boiteux 12_\Boit_1205_4_one.mp4;C:\Users\esthe\Downloads\small boiteux 12_\Boit_1205_5_five.mp4;C:\Users\esthe\Downloads\small boiteux 12_\Boit_1205_6_three.mp4;C:\Users\esthe\Downloads\small boiteux 12_\Boit_1205_7_one.mp4;C:\Users\esthe\Downloads\small boiteux 12_\Boit_1205_8_five.mp4;C:\Users\esthe\Downloads\small boiteux 12_\Boit_1205_9_seven.mp4,0.0,33.361;14.067;14.331;21.564;6.399;8.664;23.761;18.197;19.200;7.900;7.064;10.199;28.898,30.000;30.000;30.000;30.000;30.000;30.000;30.000;30.000;30.000;30.000;30.000;30.000;30.000,Boiteux,eating,,,START,212.100,C:\Users\esthe\Downloads\small boiteux 12_\Boit_1205_9_seven.mp4,822,NA,
boit_1205,2025-06-05 16:05:44.780,,209.095,Media file(s),player #1:C:\Users\esthe\Downloads\small boiteux 12_\Boi_1205_1_seven.mp4;C:\Users\esthe\Downloads\small boiteux 12_\Boit_1205_10_three.mp4;C:\Users\esthe\Downloads\small boiteux 12_\Boit_1205_11_five.mp4;C:\Users\esthe\Downloads\small boiteux 12_\Boit_1205_12_control.mp4;C:\Users\esthe\Downloads\small boiteux 12_\Boit_1205_13_control.mp4;C:\Users\esthe\Downloads\small boiteux 12_\Boit_1205_2_three.mp4;C:\Users\esthe\Downloads\small boiteux 12_\Boit_1205_3_five.mp4;C:\Users\esthe\Downloads\small boiteux 12_\Boit_1205_4_one.mp4;C:\Users\esthe\Downloads\small boiteux 12_\Boit_1205_5_five.mp4;C:\Users\esthe\Downloads\small boiteux 12_\Boit_1205_6_three.mp4;C:\Users\esthe\Downloads\small boiteux 12_\Boit_1205_7_one.mp4;C:\Users\esthe\Downloads\small boiteux 12_\Boit_1205_8_five.mp4;C:\Users\esthe\Downloads\small boiteux 12_\Boit_1205_9_seven.mp4,0.0,33.361;14.067;14.331;21.564;6.399;8.664;23.761;18.197;19.200;7.900;7.064;10.199;28.898,30.000;30.000;30.000;30.000;30.000;30.000;30.000;30.000;30.000;30.000;30.000;30.000;30.000,Boiteux,eating,,,STOP,213.595,C:\Users\esthe\Downloads\small boiteux 12_\Boit_1205_9_seven.mp4,867,NA,
