Observation id,Observation date,Description,Observation duration,Observation type,Source,Time offset (s),Media duration (s),FPS,Subject,Behavior,Behavioral category,Modifier #1,Behavior type,Time,Media file name,Image index,Image file path,Comment
dest_1405,2025-06-26 15:24:30.572,,205.135,Media file(s),player #1:C:\Users\esthe\Downloads\destroy 14 _\commentary;C:\Users\esthe\Downloads\destroy 14 _\Dest_1405_10_three.mp4;C:\Users\esthe\Downloads\destroy 14 _\Dest_1405_11_one.mp4;C:\Users\esthe\Downloads\destroy 14 _\Dest_1405_12_two.mp4;C:\Users\esthe\Downloads\destroy 14 _\Dest_1405_13_five.mp4;C:\Users\esthe\Downloads\destroy 14 _\Dest_1405_14_onehalf.mp4;C:\Users\esthe\Downloads\destroy 14 _\Dest_1405_15_seven.mp4;C:\Users\esthe\Downloads\destroy 14 _\Dest_1405_16_three.mp4;C:\Users\esthe\Downloads\destroy 14 _\Dest_1405_17_three.mp4;C:\Users\esthe\Downloads\destroy 14 _\Dest_1405_18_two.mp4;C:\Users\esthe\Downloads\destroy 14 _\Dest_1405_19_five.mp4;C:\Users\esthe\Downloads\destroy 14 _\Dest_1405_20_one.mp4;C:\Users\esthe\Downloads\destroy 14 _\Dest_1405_21_five.mp4;C:\Users\esthe\Downloads\destroy 14 _\Dest_1405_22_seven.mp4;C:\Users\esthe\Downloads\destroy 14 _\Dest_1405_23_two.mp4;C:\Users\esthe\Downloads\destroy 14 _\Dest_1405_24_three.mp4;C:\Users\esthe\Downloads\destroy 14 _\Dest_1405_3_three.mp4;C:\Users\esthe\Downloads\destroy 14 _\Dest_1405_4_seven.mp4;C:\Users\esthe\Downloads\destroy 14 _\Dest_1405_5_five.mp4;C:\Users\esthe\Downloads\destroy 14 _\Dest_1405_6_seven.mp4;C:\Users\esthe\Downloads\destroy 14 _\Dest_1405_7_two.mp4;C:\Users\esthe\Downloads\destroy 14 _\Dest_1405_8_five.mp4;C:\Users\esthe\Downloads\destroy 14 _\Dest_1405_9_two.mp4,0.0,5.733;7.332;7.532;9.967;5.533;11.765;7.566;7.666;5.399;10.698;14.798;9.032;17.966;5.367;13.428;4.134;10.598;14.335;5.466;17.264;6.999;7.933;4.666,30.000;30.000;30.000;30.000;30.000;30.000;30.000;30.000;30.000;30.000;30.000;30.000;30.000;30.000;30.000;30.000;30.000;30.000;30.000;30.000;30.000;30.000;30.000,Destroy,explore,,,START,5.899,C:\Users\esthe\Downloads\destroy 14 _\Dest_1405_10_three.mp4,5,NA,
dest_1405,2025-06-26 15:24:30.572,,205.135,Media file(s),player #1:C:\Users\esthe\Downloads\destroy 14 _\commentary;C:\Users\esthe\Downloads\destroy 14 _\Dest_1405_10_three.mp4;C:\Users\esthe\Downloads\destroy 14 _\Dest_1405_11_one.mp4;C:\Users\esthe\Downloads\destroy 14 _\Dest_1405_12_two.mp4;C:\Users\esthe\Downloads\destroy 14 _\Dest_1405_13_five.mp4;C:\Users\esthe\Downloads\destroy 14 _\Dest_1405_14_onehalf.mp4;C:\Users\esthe\Downloads\destroy 14 _\Dest_1405_15_seven.mp4;C:\Users\esthe\Downloads\destroy 14 _\Dest_1405_16_three.mp4;C:\Users\esthe\Downloads\destroy 14 _\Dest_1405_17_three.mp4;C:\Users\esthe\Downloads\destroy 14 _\Dest_1405_18_two.mp4;C:\Users\esthe\Downloads\destroy 14 _\Dest_1405_19_five.mp4;C:\Users\esthe\Downloads\destroy 14 _\Dest_1405_20_one.mp4;C:\Users\esthe\Downloads\destroy 14 _\Dest_1405_21_five.mp4;C:\Users\esthe\Downloads\destroy 14 _\Dest_1405_22_seven.mp4;C:\Users\esthe\Downloads\destroy 14 _\Dest_1405_23_two.mp4;C:\Users\esthe\Downloads\destroy 14 _\Dest_1405_24_three.mp4;C:\Users\esthe\Downloads\destroy 14 _\Dest_1405_3_three.mp4;C:\Users\esthe\Downloads\destroy 14 _\Dest_1405_4_seven.mp4;C:\Users\esthe\Downloads\destroy 14 _\Dest_1405_5_five.mp4;C:\Users\esthe\Downloads\destroy 14 _\Dest_1405_6_seven.mp4;C:\Users\esthe\Downloads\destroy 14 _\Dest_1405_7_two.mp4;C:\Users\esthe\Downloads\destroy 14 _\Dest_1405_8_five.mp4;C:\Users\esthe\Downloads\destroy 14 _\Dest_1405_9_two.mp4,0.0,5.733;7.332;7.532;9.967;5.533;11.765;7.566;7.666;5.399;10.698;14.798;9.032;17.966;5.367;13.428;4.134;10.598;14.335;5.466;17.264;6.999;7.933;4.666,30.000;30.000;30.000;30.000;30.000;30.000;30.000;30.000;30.000;30.000;30.000;30.000;30.000;30.000;30.000;30.000;30.000;30.000;30.000;30.000;30.000;30.000;30.000,Destroy,explore,,,STOP,6.665,C:\Users\esthe\Downloads\destroy 14 _\Dest_1405_10_three.mp4,28,NA,
dest_1405,2025-06-26 15:24:30.572,,205.135,Media file(s),player #1:C:\Users\esthe\Downloads\destroy 14 _\commentary;C:\Users\esthe\Downloads\destroy 14 _\Dest_1405_10_three.mp4;C:\Users\esthe\Downloads\destroy 14 _\Dest_1405_11_one.mp4;C:\Users\esthe\Downloads\destroy 14 _\Dest_1405_12_two.mp4;C:\Users\esthe\Downloads\destroy 14 _\Dest_1405_13_five.mp4;C:\Users\esthe\Downloads\destroy 14 _\Dest_1405_14_onehalf.mp4;C:\Users\esthe\Downloads\destroy 14 _\Dest_1405_15_seven.mp4;C:\Users\esthe\Downloads\destroy 14 _\Dest_1405_16_three.mp4;C:\Users\esthe\Downloads\destroy 14 _\Dest_1405_17_three.mp4;C:\Users\esthe\Downloads\destroy 14 _\Dest_1405_18_two.mp4;C:\Users\esthe\Downloads\destroy 14 _\Dest_1405_19_five.mp4;C:\Users\esthe\Downloads\destroy 14 _\Dest_1405_20_one.mp4;C:\Users\esthe\Downloads\destroy 14 _\Dest_1405_21_five.mp4;C:\Users\esthe\Downloads\destroy 14 _\Dest_1405_22_seven.mp4;C:\Users\esthe\Downloads\destroy 14 _\Dest_1405_23_two.mp4;C:\Users\esthe\Downloads\destroy 14 _\Dest_1405_24_three.mp4;C:\Users\esthe\Downloads\destroy 14 _\Dest_1405_3_three.mp4;C:\Users\esthe\Downloads\destroy 14 _\Dest_1405_4_seven.mp4;C:\Users\esthe\Downloads\destroy 14 _\Dest_1405_5_five.mp4;C:\Users\esthe\Downloads\destroy 14 _\Dest_1405_6_seven.mp4;C:\Users\esthe\Downloads\destroy 14 _\Dest_1405_7_two.mp4;C:\Users\esthe\Downloads\destroy 14 _\Dest_1405_8_five.mp4;C:\Users\esthe\Downloads\destroy 14 _\Dest_1405_9_two.mp4,0.0,5.733;7.332;7.532;9.967;5.533;11.765;7.566;7.666;5.399;10.698;14.798;9.032;17.966;5.367;13.428;4.134;10.598;14.335;5.466;17.264;6.999;7.933;4.666,30.000;30.000;30.000;30.000;30.000;30.000;30.000;30.000;30.000;30.000;30.000;30.000;30.000;30.000;30.000;30.000;30.000;30.000;30.000;30.000;30.000;30.000;30.000,Destroy,bending,,,START,6.932,C:\Users\esthe\Downloads\destroy 14 _\Dest_1405_10_three.mp4,36,NA,
dest_1405,2025-06-26 15:24:30.572,,205.135,Media file(s),player #1:C:\Users\esthe\Downloads\destroy 14 _\commentary;C:\Users\esthe\Downloads\destroy 14 _\Dest_1405_10_three.mp4;C:\Users\esthe\Downloads\destroy 14 _\Dest_1405_11_one.mp4;C:\Users\esthe\Downloads\destroy 14 _\Dest_1405_12_two.mp4;C:\Users\esthe\Downloads\destroy 14 _\Dest_1405_13_five.mp4;C:\Users\esthe\Downloads\destroy 14 _\Dest_1405_14_onehalf.mp4;C:\Users\esthe\Downloads\destroy 14 _\Dest_1405_15_seven.mp4;C:\Users\esthe\Downloads\destroy 14 _\Dest_1405_16_three.mp4;C:\Users\esthe\Downloads\destroy 14 _\Dest_1405_17_three.mp4;C:\Users\esthe\Downloads\destroy 14 _\Dest_1405_18_two.mp4;C:\Users\esthe\Downloads\destroy 14 _\Dest_1405_19_five.mp4;C:\Users\esthe\Downloads\destroy 14 _\Dest_1405_20_one.mp4;C:\Users\esthe\Downloads\destroy 14 _\Dest_1405_21_five.mp4;C:\Users\esthe\Downloads\destroy 14 _\Dest_1405_22_seven.mp4;C:\Users\esthe\Downloads\destroy 14 _\Dest_1405_23_two.mp4;C:\Users\esthe\Downloads\destroy 14 _\Dest_1405_24_three.mp4;C:\Users\esthe\Downloads\destroy 14 _\Dest_1405_3_three.mp4;C:\Users\esthe\Downloads\destroy 14 _\Dest_1405_4_seven.mp4;C:\Users\esthe\Downloads\destroy 14 _\Dest_1405_5_five.mp4;C:\Users\esthe\Downloads\destroy 14 _\Dest_1405_6_seven.mp4;C:\Users\esthe\Downloads\destroy 14 _\Dest_1405_7_two.mp4;C:\Users\esthe\Downloads\destroy 14 _\Dest_1405_8_five.mp4;C:\Users\esthe\Downloads\destroy 14 _\Dest_1405_9_two.mp4,0.0,5.733;7.332;7.532;9.967;5.533;11.765;7.566;7.666;5.399;10.698;14.798;9.032;17.966;5.367;13.428;4.134;10.598;14.335;5.466;17.264;6.999;7.933;4.666,30.000;30.000;30.000;30.000;30.000;30.000;30.000;30.000;30.000;30.000;30.000;30.000;30.000;30.000;30.000;30.000;30.000;30.000;30.000;30.000;30.000;30.000;30.000,Destroy,bending,,,STOP,7.432,C:\Users\esthe\Downloads\destroy 14 _\Dest_1405_10_three.mp4,51,NA,
dest_1405,2025-06-26 15:24:30.572,,205.135,Media file(s),player #1:C:\Users\esthe\Downloads\destroy 14 _\commentary;C:\Users\esthe\Downloads\destroy 14 _\Dest_1405_10_three.mp4;C:\Users\esthe\Downloads\destroy 14 _\Dest_1405_11_one.mp4;C:\Users\esthe\Downloads\destroy 14 _\Dest_1405_12_two.mp4;C:\Users\esthe\Downloads\destroy 14 _\Dest_1405_13_five.mp4;C:\Users\esthe\Downloads\destroy 14 _\Dest_1405_14_onehalf.mp4;C:\Users\esthe\Downloads\destroy 14 _\Dest_1405_15_seven.mp4;C:\Users\esthe\Downloads\destroy 14 _\Dest_1405_16_three.mp4;C:\Users\esthe\Downloads\destroy 14 _\Dest_1405_17_three.mp4;C:\Users\esthe\Downloads\destroy 14 _\Dest_1405_18_two.mp4;C:\Users\esthe\Downloads\destroy 14 _\Dest_1405_19_five.mp4;C:\Users\esthe\Downloads\destroy 14 _\Dest_1405_20_one.mp4;C:\Users\esthe\Downloads\destroy 14 _\Dest_1405_21_five.mp4;C:\Users\esthe\Downloads\destroy 14 _\Dest_1405_22_seven.mp4;C:\Users\esthe\Downloads\destroy 14 _\Dest_1405_23_two.mp4;C:\Users\esthe\Downloads\destroy 14 _\Dest_1405_24_three.mp4;C:\Users\esthe\Downloads\destroy 14 _\Dest_1405_3_three.mp4;C:\Users\esthe\Downloads\destroy 14 _\Dest_1405_4_seven.mp4;C:\Users\esthe\Downloads\destroy 14 _\Dest_1405_5_five.mp4;C:\Users\esthe\Downloads\destroy 14 _\Dest_1405_6_seven.mp4;C:\Users\esthe\Downloads\destroy 14 _\Dest_1405_7_two.mp4;C:\Users\esthe\Downloads\destroy 14 _\Dest_1405_8_five.mp4;C:\Users\esthe\Downloads\destroy 14 _\Dest_1405_9_two.mp4,0.0,5.733;7.332;7.532;9.967;5.533;11.765;7.566;7.666;5.399;10.698;14.798;9.032;17.966;5.367;13.428;4.134;10.598;14.335;5.466;17.264;6.999;7.933;4.666,30.000;30.000;30.000;30.000;30.000;30.000;30.000;30.000;30.000;30.000;30.000;30.000;30.000;30.000;30.000;30.000;30.000;30.000;30.000;30.000;30.000;30.000;30.000,Destroy,grabbing peanut,,,POINT,7.432,C:\Users\esthe\Downloads\destroy 14 _\Dest_1405_10_three.mp4,51,NA,
dest_1405,2025-06-26 15:24:30.572,,205.135,Media file(s),player #1:C:\Users\esthe\Downloads\destroy 14 _\commentary;C:\Users\esthe\Downloads\destroy 14 _\Dest_1405_10_three.mp4;C:\Users\esthe\Downloads\destroy 14 _\Dest_1405_11_one.mp4;C:\Users\esthe\Downloads\destroy 14 _\Dest_1405_12_two.mp4;C:\Users\esthe\Downloads\destroy 14 _\Dest_1405_13_five.mp4;C:\Users\esthe\Downloads\destroy 14 _\Dest_1405_14_onehalf.mp4;C:\Users\esthe\Downloads\destroy 14 _\Dest_1405_15_seven.mp4;C:\Users\esthe\Downloads\destroy 14 _\Dest_1405_16_three.mp4;C:\Users\esthe\Downloads\destroy 14 _\Dest_1405_17_three.mp4;C:\Users\esthe\Downloads\destroy 14 _\Dest_1405_18_two.mp4;C:\Users\esthe\Downloads\destroy 14 _\Dest_1405_19_five.mp4;C:\Users\esthe\Downloads\destroy 14 _\Dest_1405_20_one.mp4;C:\Users\esthe\Downloads\destroy 14 _\Dest_1405_21_five.mp4;C:\Users\esthe\Downloads\destroy 14 _\Dest_1405_22_seven.mp4;C:\Users\esthe\Downloads\destroy 14 _\Dest_1405_23_two.mp4;C:\Users\esthe\Downloads\destroy 14 _\Dest_1405_24_three.mp4;C:\Users\esthe\Downloads\destroy 14 _\Dest_1405_3_three.mp4;C:\Users\esthe\Downloads\destroy 14 _\Dest_1405_4_seven.mp4;C:\Users\esthe\Downloads\destroy 14 _\Dest_1405_5_five.mp4;C:\Users\esthe\Downloads\destroy 14 _\Dest_1405_6_seven.mp4;C:\Users\esthe\Downloads\destroy 14 _\Dest_1405_7_two.mp4;C:\Users\esthe\Downloads\destroy 14 _\Dest_1405_8_five.mp4;C:\Users\esthe\Downloads\destroy 14 _\Dest_1405_9_two.mp4,0.0,5.733;7.332;7.532;9.967;5.533;11.765;7.566;7.666;5.399;10.698;14.798;9.032;17.966;5.367;13.428;4.134;10.598;14.335;5.466;17.264;6.999;7.933;4.666,30.000;30.000;30.000;30.000;30.000;30.000;30.000;30.000;30.000;30.000;30.000;30.000;30.000;30.000;30.000;30.000;30.000;30.000;30.000;30.000;30.000;30.000;30.000,Destroy,lifting,,,START,7.465,C:\Users\esthe\Downloads\destroy 14 _\Dest_1405_10_three.mp4,52,NA,
dest_1405,2025-06-26 15:24:30.572,,205.135,Media file(s),player #1:C:\Users\esthe\Downloads\destroy 14 _\commentary;C:\Users\esthe\Downloads\destroy 14 _\Dest_1405_10_three.mp4;C:\Users\esthe\Downloads\destroy 14 _\Dest_1405_11_one.mp4;C:\Users\esthe\Downloads\destroy 14 _\Dest_1405_12_two.mp4;C:\Users\esthe\Downloads\destroy 14 _\Dest_1405_13_five.mp4;C:\Users\esthe\Downloads\destroy 14 _\Dest_1405_14_onehalf.mp4;C:\Users\esthe\Downloads\destroy 14 _\Dest_1405_15_seven.mp4;C:\Users\esthe\Downloads\destroy 14 _\Dest_1405_16_three.mp4;C:\Users\esthe\Downloads\destroy 14 _\Dest_1405_17_three.mp4;C:\Users\esthe\Downloads\destroy 14 _\Dest_1405_18_two.mp4;C:\Users\esthe\Downloads\destroy 14 _\Dest_1405_19_five.mp4;C:\Users\esthe\Downloads\destroy 14 _\Dest_1405_20_one.mp4;C:\Users\esthe\Downloads\destroy 14 _\Dest_1405_21_five.mp4;C:\Users\esthe\Downloads\destroy 14 _\Dest_1405_22_seven.mp4;C:\Users\esthe\Downloads\destroy 14 _\Dest_1405_23_two.mp4;C:\Users\esthe\Downloads\destroy 14 _\Dest_1405_24_three.mp4;C:\Users\esthe\Downloads\destroy 14 _\Dest_1405_3_three.mp4;C:\Users\esthe\Downloads\destroy 14 _\Dest_1405_4_seven.mp4;C:\Users\esthe\Downloads\destroy 14 _\Dest_1405_5_five.mp4;C:\Users\esthe\Downloads\destroy 14 _\Dest_1405_6_seven.mp4;C:\Users\esthe\Downloads\destroy 14 _\Dest_1405_7_two.mp4;C:\Users\esthe\Downloads\destroy 14 _\Dest_1405_8_five.mp4;C:\Users\esthe\Downloads\destroy 14 _\Dest_1405_9_two.mp4,0.0,5.733;7.332;7.532;9.967;5.533;11.765;7.566;7.666;5.399;10.698;14.798;9.032;17.966;5.367;13.428;4.134;10.598;14.335;5.466;17.264;6.999;7.933;4.666,30.000;30.000;30.000;30.000;30.000;30.000;30.000;30.000;30.000;30.000;30.000;30.000;30.000;30.000;30.000;30.000;30.000;30.000;30.000;30.000;30.000;30.000;30.000,Destroy,lifting,,,STOP,7.765,C:\Users\esthe\Downloads\destroy 14 _\Dest_1405_10_three.mp4,61,NA,
dest_1405,2025-06-26 15:24:30.572,,205.135,Media file(s),player #1:C:\Users\esthe\Downloads\destroy 14 _\commentary;C:\Users\esthe\Downloads\destroy 14 _\Dest_1405_10_three.mp4;C:\Users\esthe\Downloads\destroy 14 _\Dest_1405_11_one.mp4;C:\Users\esthe\Downloads\destroy 14 _\Dest_1405_12_two.mp4;C:\Users\esthe\Downloads\destroy 14 _\Dest_1405_13_five.mp4;C:\Users\esthe\Downloads\destroy 14 _\Dest_1405_14_onehalf.mp4;C:\Users\esthe\Downloads\destroy 14 _\Dest_1405_15_seven.mp4;C:\Users\esthe\Downloads\destroy 14 _\Dest_1405_16_three.mp4;C:\Users\esthe\Downloads\destroy 14 _\Dest_1405_17_three.mp4;C:\Users\esthe\Downloads\destroy 14 _\Dest_1405_18_two.mp4;C:\Users\esthe\Downloads\destroy 14 _\Dest_1405_19_five.mp4;C:\Users\esthe\Downloads\destroy 14 _\Dest_1405_20_one.mp4;C:\Users\esthe\Downloads\destroy 14 _\Dest_1405_21_five.mp4;C:\Users\esthe\Downloads\destroy 14 _\Dest_1405_22_seven.mp4;C:\Users\esthe\Downloads\destroy 14 _\Dest_1405_23_two.mp4;C:\Users\esthe\Downloads\destroy 14 _\Dest_1405_24_three.mp4;C:\Users\esthe\Downloads\destroy 14 _\Dest_1405_3_three.mp4;C:\Users\esthe\Downloads\destroy 14 _\Dest_1405_4_seven.mp4;C:\Users\esthe\Downloads\destroy 14 _\Dest_1405_5_five.mp4;C:\Users\esthe\Downloads\destroy 14 _\Dest_1405_6_seven.mp4;C:\Users\esthe\Downloads\destroy 14 _\Dest_1405_7_two.mp4;C:\Users\esthe\Downloads\destroy 14 _\Dest_1405_8_five.mp4;C:\Users\esthe\Downloads\destroy 14 _\Dest_1405_9_two.mp4,0.0,5.733;7.332;7.532;9.967;5.533;11.765;7.566;7.666;5.399;10.698;14.798;9.032;17.966;5.367;13.428;4.134;10.598;14.335;5.466;17.264;6.999;7.933;4.666,30.000;30.000;30.000;30.000;30.000;30.000;30.000;30.000;30.000;30.000;30.000;30.000;30.000;30.000;30.000;30.000;30.000;30.000;30.000;30.000;30.000;30.000;30.000,Destroy,assessing,,,START,7.898,C:\Users\esthe\Downloads\destroy 14 _\Dest_1405_10_three.mp4,65,NA,
dest_1405,2025-06-26 15:24:30.572,,205.135,Media file(s),player #1:C:\Users\esthe\Downloads\destroy 14 _\commentary;C:\Users\esthe\Downloads\destroy 14 _\Dest_1405_10_three.mp4;C:\Users\esthe\Downloads\destroy 14 _\Dest_1405_11_one.mp4;C:\Users\esthe\Downloads\destroy 14 _\Dest_1405_12_two.mp4;C:\Users\esthe\Downloads\destroy 14 _\Dest_1405_13_five.mp4;C:\Users\esthe\Downloads\destroy 14 _\Dest_1405_14_onehalf.mp4;C:\Users\esthe\Downloads\destroy 14 _\Dest_1405_15_seven.mp4;C:\Users\esthe\Downloads\destroy 14 _\Dest_1405_16_three.mp4;C:\Users\esthe\Downloads\destroy 14 _\Dest_1405_17_three.mp4;C:\Users\esthe\Downloads\destroy 14 _\Dest_1405_18_two.mp4;C:\Users\esthe\Downloads\destroy 14 _\Dest_1405_19_five.mp4;C:\Users\esthe\Downloads\destroy 14 _\Dest_1405_20_one.mp4;C:\Users\esthe\Downloads\destroy 14 _\Dest_1405_21_five.mp4;C:\Users\esthe\Downloads\destroy 14 _\Dest_1405_22_seven.mp4;C:\Users\esthe\Downloads\destroy 14 _\Dest_1405_23_two.mp4;C:\Users\esthe\Downloads\destroy 14 _\Dest_1405_24_three.mp4;C:\Users\esthe\Downloads\destroy 14 _\Dest_1405_3_three.mp4;C:\Users\esthe\Downloads\destroy 14 _\Dest_1405_4_seven.mp4;C:\Users\esthe\Downloads\destroy 14 _\Dest_1405_5_five.mp4;C:\Users\esthe\Downloads\destroy 14 _\Dest_1405_6_seven.mp4;C:\Users\esthe\Downloads\destroy 14 _\Dest_1405_7_two.mp4;C:\Users\esthe\Downloads\destroy 14 _\Dest_1405_8_five.mp4;C:\Users\esthe\Downloads\destroy 14 _\Dest_1405_9_two.mp4,0.0,5.733;7.332;7.532;9.967;5.533;11.765;7.566;7.666;5.399;10.698;14.798;9.032;17.966;5.367;13.428;4.134;10.598;14.335;5.466;17.264;6.999;7.933;4.666,30.000;30.000;30.000;30.000;30.000;30.000;30.000;30.000;30.000;30.000;30.000;30.000;30.000;30.000;30.000;30.000;30.000;30.000;30.000;30.000;30.000;30.000;30.000,Destroy,jaw movement,,,POINT,8.065,C:\Users\esthe\Downloads\destroy 14 _\Dest_1405_10_three.mp4,70,NA,
dest_1405,2025-06-26 15:24:30.572,,205.135,Media file(s),player #1:C:\Users\esthe\Downloads\destroy 14 _\commentary;C:\Users\esthe\Downloads\destroy 14 _\Dest_1405_10_three.mp4;C:\Users\esthe\Downloads\destroy 14 _\Dest_1405_11_one.mp4;C:\Users\esthe\Downloads\destroy 14 _\Dest_1405_12_two.mp4;C:\Users\esthe\Downloads\destroy 14 _\Dest_1405_13_five.mp4;C:\Users\esthe\Downloads\destroy 14 _\Dest_1405_14_onehalf.mp4;C:\Users\esthe\Downloads\destroy 14 _\Dest_1405_15_seven.mp4;C:\Users\esthe\Downloads\destroy 14 _\Dest_1405_16_three.mp4;C:\Users\esthe\Downloads\destroy 14 _\Dest_1405_17_three.mp4;C:\Users\esthe\Downloads\destroy 14 _\Dest_1405_18_two.mp4;C:\Users\esthe\Downloads\destroy 14 _\Dest_1405_19_five.mp4;C:\Users\esthe\Downloads\destroy 14 _\Dest_1405_20_one.mp4;C:\Users\esthe\Downloads\destroy 14 _\Dest_1405_21_five.mp4;C:\Users\esthe\Downloads\destroy 14 _\Dest_1405_22_seven.mp4;C:\Users\esthe\Downloads\destroy 14 _\Dest_1405_23_two.mp4;C:\Users\esthe\Downloads\destroy 14 _\Dest_1405_24_three.mp4;C:\Users\esthe\Downloads\destroy 14 _\Dest_1405_3_three.mp4;C:\Users\esthe\Downloads\destroy 14 _\Dest_1405_4_seven.mp4;C:\Users\esthe\Downloads\destroy 14 _\Dest_1405_5_five.mp4;C:\Users\esthe\Downloads\destroy 14 _\Dest_1405_6_seven.mp4;C:\Users\esthe\Downloads\destroy 14 _\Dest_1405_7_two.mp4;C:\Users\esthe\Downloads\destroy 14 _\Dest_1405_8_five.mp4;C:\Users\esthe\Downloads\destroy 14 _\Dest_1405_9_two.mp4,0.0,5.733;7.332;7.532;9.967;5.533;11.765;7.566;7.666;5.399;10.698;14.798;9.032;17.966;5.367;13.428;4.134;10.598;14.335;5.466;17.264;6.999;7.933;4.666,30.000;30.000;30.000;30.000;30.000;30.000;30.000;30.000;30.000;30.000;30.000;30.000;30.000;30.000;30.000;30.000;30.000;30.000;30.000;30.000;30.000;30.000;30.000,Destroy,jaw movement,,,POINT,8.332,C:\Users\esthe\Downloads\destroy 14 _\Dest_1405_10_three.mp4,78,NA,
dest_1405,2025-06-26 15:24:30.572,,205.135,Media file(s),player #1:C:\Users\esthe\Downloads\destroy 14 _\commentary;C:\Users\esthe\Downloads\destroy 14 _\Dest_1405_10_three.mp4;C:\Users\esthe\Downloads\destroy 14 _\Dest_1405_11_one.mp4;C:\Users\esthe\Downloads\destroy 14 _\Dest_1405_12_two.mp4;C:\Users\esthe\Downloads\destroy 14 _\Dest_1405_13_five.mp4;C:\Users\esthe\Downloads\destroy 14 _\Dest_1405_14_onehalf.mp4;C:\Users\esthe\Downloads\destroy 14 _\Dest_1405_15_seven.mp4;C:\Users\esthe\Downloads\destroy 14 _\Dest_1405_16_three.mp4;C:\Users\esthe\Downloads\destroy 14 _\Dest_1405_17_three.mp4;C:\Users\esthe\Downloads\destroy 14 _\Dest_1405_18_two.mp4;C:\Users\esthe\Downloads\destroy 14 _\Dest_1405_19_five.mp4;C:\Users\esthe\Downloads\destroy 14 _\Dest_1405_20_one.mp4;C:\Users\esthe\Downloads\destroy 14 _\Dest_1405_21_five.mp4;C:\Users\esthe\Downloads\destroy 14 _\Dest_1405_22_seven.mp4;C:\Users\esthe\Downloads\destroy 14 _\Dest_1405_23_two.mp4;C:\Users\esthe\Downloads\destroy 14 _\Dest_1405_24_three.mp4;C:\Users\esthe\Downloads\destroy 14 _\Dest_1405_3_three.mp4;C:\Users\esthe\Downloads\destroy 14 _\Dest_1405_4_seven.mp4;C:\Users\esthe\Downloads\destroy 14 _\Dest_1405_5_five.mp4;C:\Users\esthe\Downloads\destroy 14 _\Dest_1405_6_seven.mp4;C:\Users\esthe\Downloads\destroy 14 _\Dest_1405_7_two.mp4;C:\Users\esthe\Downloads\destroy 14 _\Dest_1405_8_five.mp4;C:\Users\esthe\Downloads\destroy 14 _\Dest_1405_9_two.mp4,0.0,5.733;7.332;7.532;9.967;5.533;11.765;7.566;7.666;5.399;10.698;14.798;9.032;17.966;5.367;13.428;4.134;10.598;14.335;5.466;17.264;6.999;7.933;4.666,30.000;30.000;30.000;30.000;30.000;30.000;30.000;30.000;30.000;30.000;30.000;30.000;30.000;30.000;30.000;30.000;30.000;30.000;30.000;30.000;30.000;30.000;30.000,Destroy,sniffing,,,POINT,8.432,C:\Users\esthe\Downloads\destroy 14 _\Dest_1405_10_three.mp4,81,NA,
dest_1405,2025-06-26 15:24:30.572,,205.135,Media file(s),player #1:C:\Users\esthe\Downloads\destroy 14 _\commentary;C:\Users\esthe\Downloads\destroy 14 _\Dest_1405_10_three.mp4;C:\Users\esthe\Downloads\destroy 14 _\Dest_1405_11_one.mp4;C:\Users\esthe\Downloads\destroy 14 _\Dest_1405_12_two.mp4;C:\Users\esthe\Downloads\destroy 14 _\Dest_1405_13_five.mp4;C:\Users\esthe\Downloads\destroy 14 _\Dest_1405_14_onehalf.mp4;C:\Users\esthe\Downloads\destroy 14 _\Dest_1405_15_seven.mp4;C:\Users\esthe\Downloads\destroy 14 _\Dest_1405_16_three.mp4;C:\Users\esthe\Downloads\destroy 14 _\Dest_1405_17_three.mp4;C:\Users\esthe\Downloads\destroy 14 _\Dest_1405_18_two.mp4;C:\Users\esthe\Downloads\destroy 14 _\Dest_1405_19_five.mp4;C:\Users\esthe\Downloads\destroy 14 _\Dest_1405_20_one.mp4;C:\Users\esthe\Downloads\destroy 14 _\Dest_1405_21_five.mp4;C:\Users\esthe\Downloads\destroy 14 _\Dest_1405_22_seven.mp4;C:\Users\esthe\Downloads\destroy 14 _\Dest_1405_23_two.mp4;C:\Users\esthe\Downloads\destroy 14 _\Dest_1405_24_three.mp4;C:\Users\esthe\Downloads\destroy 14 _\Dest_1405_3_three.mp4;C:\Users\esthe\Downloads\destroy 14 _\Dest_1405_4_seven.mp4;C:\Users\esthe\Downloads\destroy 14 _\Dest_1405_5_five.mp4;C:\Users\esthe\Downloads\destroy 14 _\Dest_1405_6_seven.mp4;C:\Users\esthe\Downloads\destroy 14 _\Dest_1405_7_two.mp4;C:\Users\esthe\Downloads\destroy 14 _\Dest_1405_8_five.mp4;C:\Users\esthe\Downloads\destroy 14 _\Dest_1405_9_two.mp4,0.0,5.733;7.332;7.532;9.967;5.533;11.765;7.566;7.666;5.399;10.698;14.798;9.032;17.966;5.367;13.428;4.134;10.598;14.335;5.466;17.264;6.999;7.933;4.666,30.000;30.000;30.000;30.000;30.000;30.000;30.000;30.000;30.000;30.000;30.000;30.000;30.000;30.000;30.000;30.000;30.000;30.000;30.000;30.000;30.000;30.000;30.000,Destroy,translational movement,,,POINT,8.498,C:\Users\esthe\Downloads\destroy 14 _\Dest_1405_10_three.mp4,83,NA,
dest_1405,2025-06-26 15:24:30.572,,205.135,Media file(s),player #1:C:\Users\esthe\Downloads\destroy 14 _\commentary;C:\Users\esthe\Downloads\destroy 14 _\Dest_1405_10_three.mp4;C:\Users\esthe\Downloads\destroy 14 _\Dest_1405_11_one.mp4;C:\Users\esthe\Downloads\destroy 14 _\Dest_1405_12_two.mp4;C:\Users\esthe\Downloads\destroy 14 _\Dest_1405_13_five.mp4;C:\Users\esthe\Downloads\destroy 14 _\Dest_1405_14_onehalf.mp4;C:\Users\esthe\Downloads\destroy 14 _\Dest_1405_15_seven.mp4;C:\Users\esthe\Downloads\destroy 14 _\Dest_1405_16_three.mp4;C:\Users\esthe\Downloads\destroy 14 _\Dest_1405_17_three.mp4;C:\Users\esthe\Downloads\destroy 14 _\Dest_1405_18_two.mp4;C:\Users\esthe\Downloads\destroy 14 _\Dest_1405_19_five.mp4;C:\Users\esthe\Downloads\destroy 14 _\Dest_1405_20_one.mp4;C:\Users\esthe\Downloads\destroy 14 _\Dest_1405_21_five.mp4;C:\Users\esthe\Downloads\destroy 14 _\Dest_1405_22_seven.mp4;C:\Users\esthe\Downloads\destroy 14 _\Dest_1405_23_two.mp4;C:\Users\esthe\Downloads\destroy 14 _\Dest_1405_24_three.mp4;C:\Users\esthe\Downloads\destroy 14 _\Dest_1405_3_three.mp4;C:\Users\esthe\Downloads\destroy 14 _\Dest_1405_4_seven.mp4;C:\Users\esthe\Downloads\destroy 14 _\Dest_1405_5_five.mp4;C:\Users\esthe\Downloads\destroy 14 _\Dest_1405_6_seven.mp4;C:\Users\esthe\Downloads\destroy 14 _\Dest_1405_7_two.mp4;C:\Users\esthe\Downloads\destroy 14 _\Dest_1405_8_five.mp4;C:\Users\esthe\Downloads\destroy 14 _\Dest_1405_9_two.mp4,0.0,5.733;7.332;7.532;9.967;5.533;11.765;7.566;7.666;5.399;10.698;14.798;9.032;17.966;5.367;13.428;4.134;10.598;14.335;5.466;17.264;6.999;7.933;4.666,30.000;30.000;30.000;30.000;30.000;30.000;30.000;30.000;30.000;30.000;30.000;30.000;30.000;30.000;30.000;30.000;30.000;30.000;30.000;30.000;30.000;30.000;30.000,Destroy,jaw movement,,,POINT,8.665,C:\Users\esthe\Downloads\destroy 14 _\Dest_1405_10_three.mp4,88,NA,
dest_1405,2025-06-26 15:24:30.572,,205.135,Media file(s),player #1:C:\Users\esthe\Downloads\destroy 14 _\commentary;C:\Users\esthe\Downloads\destroy 14 _\Dest_1405_10_three.mp4;C:\Users\esthe\Downloads\destroy 14 _\Dest_1405_11_one.mp4;C:\Users\esthe\Downloads\destroy 14 _\Dest_1405_12_two.mp4;C:\Users\esthe\Downloads\destroy 14 _\Dest_1405_13_five.mp4;C:\Users\esthe\Downloads\destroy 14 _\Dest_1405_14_onehalf.mp4;C:\Users\esthe\Downloads\destroy 14 _\Dest_1405_15_seven.mp4;C:\Users\esthe\Downloads\destroy 14 _\Dest_1405_16_three.mp4;C:\Users\esthe\Downloads\destroy 14 _\Dest_1405_17_three.mp4;C:\Users\esthe\Downloads\destroy 14 _\Dest_1405_18_two.mp4;C:\Users\esthe\Downloads\destroy 14 _\Dest_1405_19_five.mp4;C:\Users\esthe\Downloads\destroy 14 _\Dest_1405_20_one.mp4;C:\Users\esthe\Downloads\destroy 14 _\Dest_1405_21_five.mp4;C:\Users\esthe\Downloads\destroy 14 _\Dest_1405_22_seven.mp4;C:\Users\esthe\Downloads\destroy 14 _\Dest_1405_23_two.mp4;C:\Users\esthe\Downloads\destroy 14 _\Dest_1405_24_three.mp4;C:\Users\esthe\Downloads\destroy 14 _\Dest_1405_3_three.mp4;C:\Users\esthe\Downloads\destroy 14 _\Dest_1405_4_seven.mp4;C:\Users\esthe\Downloads\destroy 14 _\Dest_1405_5_five.mp4;C:\Users\esthe\Downloads\destroy 14 _\Dest_1405_6_seven.mp4;C:\Users\esthe\Downloads\destroy 14 _\Dest_1405_7_two.mp4;C:\Users\esthe\Downloads\destroy 14 _\Dest_1405_8_five.mp4;C:\Users\esthe\Downloads\destroy 14 _\Dest_1405_9_two.mp4,0.0,5.733;7.332;7.532;9.967;5.533;11.765;7.566;7.666;5.399;10.698;14.798;9.032;17.966;5.367;13.428;4.134;10.598;14.335;5.466;17.264;6.999;7.933;4.666,30.000;30.000;30.000;30.000;30.000;30.000;30.000;30.000;30.000;30.000;30.000;30.000;30.000;30.000;30.000;30.000;30.000;30.000;30.000;30.000;30.000;30.000;30.000,Destroy,translational jaw movement,,,POINT,8.898,C:\Users\esthe\Downloads\destroy 14 _\Dest_1405_10_three.mp4,95,NA,
dest_1405,2025-06-26 15:24:30.572,,205.135,Media file(s),player #1:C:\Users\esthe\Downloads\destroy 14 _\commentary;C:\Users\esthe\Downloads\destroy 14 _\Dest_1405_10_three.mp4;C:\Users\esthe\Downloads\destroy 14 _\Dest_1405_11_one.mp4;C:\Users\esthe\Downloads\destroy 14 _\Dest_1405_12_two.mp4;C:\Users\esthe\Downloads\destroy 14 _\Dest_1405_13_five.mp4;C:\Users\esthe\Downloads\destroy 14 _\Dest_1405_14_onehalf.mp4;C:\Users\esthe\Downloads\destroy 14 _\Dest_1405_15_seven.mp4;C:\Users\esthe\Downloads\destroy 14 _\Dest_1405_16_three.mp4;C:\Users\esthe\Downloads\destroy 14 _\Dest_1405_17_three.mp4;C:\Users\esthe\Downloads\destroy 14 _\Dest_1405_18_two.mp4;C:\Users\esthe\Downloads\destroy 14 _\Dest_1405_19_five.mp4;C:\Users\esthe\Downloads\destroy 14 _\Dest_1405_20_one.mp4;C:\Users\esthe\Downloads\destroy 14 _\Dest_1405_21_five.mp4;C:\Users\esthe\Downloads\destroy 14 _\Dest_1405_22_seven.mp4;C:\Users\esthe\Downloads\destroy 14 _\Dest_1405_23_two.mp4;C:\Users\esthe\Downloads\destroy 14 _\Dest_1405_24_three.mp4;C:\Users\esthe\Downloads\destroy 14 _\Dest_1405_3_three.mp4;C:\Users\esthe\Downloads\destroy 14 _\Dest_1405_4_seven.mp4;C:\Users\esthe\Downloads\destroy 14 _\Dest_1405_5_five.mp4;C:\Users\esthe\Downloads\destroy 14 _\Dest_1405_6_seven.mp4;C:\Users\esthe\Downloads\destroy 14 _\Dest_1405_7_two.mp4;C:\Users\esthe\Downloads\destroy 14 _\Dest_1405_8_five.mp4;C:\Users\esthe\Downloads\destroy 14 _\Dest_1405_9_two.mp4,0.0,5.733;7.332;7.532;9.967;5.533;11.765;7.566;7.666;5.399;10.698;14.798;9.032;17.966;5.367;13.428;4.134;10.598;14.335;5.466;17.264;6.999;7.933;4.666,30.000;30.000;30.000;30.000;30.000;30.000;30.000;30.000;30.000;30.000;30.000;30.000;30.000;30.000;30.000;30.000;30.000;30.000;30.000;30.000;30.000;30.000;30.000,Destroy,jaw movement,,,POINT,8.965,C:\Users\esthe\Downloads\destroy 14 _\Dest_1405_10_three.mp4,97,NA,
dest_1405,2025-06-26 15:24:30.572,,205.135,Media file(s),player #1:C:\Users\esthe\Downloads\destroy 14 _\commentary;C:\Users\esthe\Downloads\destroy 14 _\Dest_1405_10_three.mp4;C:\Users\esthe\Downloads\destroy 14 _\Dest_1405_11_one.mp4;C:\Users\esthe\Downloads\destroy 14 _\Dest_1405_12_two.mp4;C:\Users\esthe\Downloads\destroy 14 _\Dest_1405_13_five.mp4;C:\Users\esthe\Downloads\destroy 14 _\Dest_1405_14_onehalf.mp4;C:\Users\esthe\Downloads\destroy 14 _\Dest_1405_15_seven.mp4;C:\Users\esthe\Downloads\destroy 14 _\Dest_1405_16_three.mp4;C:\Users\esthe\Downloads\destroy 14 _\Dest_1405_17_three.mp4;C:\Users\esthe\Downloads\destroy 14 _\Dest_1405_18_two.mp4;C:\Users\esthe\Downloads\destroy 14 _\Dest_1405_19_five.mp4;C:\Users\esthe\Downloads\destroy 14 _\Dest_1405_20_one.mp4;C:\Users\esthe\Downloads\destroy 14 _\Dest_1405_21_five.mp4;C:\Users\esthe\Downloads\destroy 14 _\Dest_1405_22_seven.mp4;C:\Users\esthe\Downloads\destroy 14 _\Dest_1405_23_two.mp4;C:\Users\esthe\Downloads\destroy 14 _\Dest_1405_24_three.mp4;C:\Users\esthe\Downloads\destroy 14 _\Dest_1405_3_three.mp4;C:\Users\esthe\Downloads\destroy 14 _\Dest_1405_4_seven.mp4;C:\Users\esthe\Downloads\destroy 14 _\Dest_1405_5_five.mp4;C:\Users\esthe\Downloads\destroy 14 _\Dest_1405_6_seven.mp4;C:\Users\esthe\Downloads\destroy 14 _\Dest_1405_7_two.mp4;C:\Users\esthe\Downloads\destroy 14 _\Dest_1405_8_five.mp4;C:\Users\esthe\Downloads\destroy 14 _\Dest_1405_9_two.mp4,0.0,5.733;7.332;7.532;9.967;5.533;11.765;7.566;7.666;5.399;10.698;14.798;9.032;17.966;5.367;13.428;4.134;10.598;14.335;5.466;17.264;6.999;7.933;4.666,30.000;30.000;30.000;30.000;30.000;30.000;30.000;30.000;30.000;30.000;30.000;30.000;30.000;30.000;30.000;30.000;30.000;30.000;30.000;30.000;30.000;30.000;30.000,Destroy,mouth,,,POINT,9.198,C:\Users\esthe\Downloads\destroy 14 _\Dest_1405_10_three.mp4,104,NA,
dest_1405,2025-06-26 15:24:30.572,,205.135,Media file(s),player #1:C:\Users\esthe\Downloads\destroy 14 _\commentary;C:\Users\esthe\Downloads\destroy 14 _\Dest_1405_10_three.mp4;C:\Users\esthe\Downloads\destroy 14 _\Dest_1405_11_one.mp4;C:\Users\esthe\Downloads\destroy 14 _\Dest_1405_12_two.mp4;C:\Users\esthe\Downloads\destroy 14 _\Dest_1405_13_five.mp4;C:\Users\esthe\Downloads\destroy 14 _\Dest_1405_14_onehalf.mp4;C:\Users\esthe\Downloads\destroy 14 _\Dest_1405_15_seven.mp4;C:\Users\esthe\Downloads\destroy 14 _\Dest_1405_16_three.mp4;C:\Users\esthe\Downloads\destroy 14 _\Dest_1405_17_three.mp4;C:\Users\esthe\Downloads\destroy 14 _\Dest_1405_18_two.mp4;C:\Users\esthe\Downloads\destroy 14 _\Dest_1405_19_five.mp4;C:\Users\esthe\Downloads\destroy 14 _\Dest_1405_20_one.mp4;C:\Users\esthe\Downloads\destroy 14 _\Dest_1405_21_five.mp4;C:\Users\esthe\Downloads\destroy 14 _\Dest_1405_22_seven.mp4;C:\Users\esthe\Downloads\destroy 14 _\Dest_1405_23_two.mp4;C:\Users\esthe\Downloads\destroy 14 _\Dest_1405_24_three.mp4;C:\Users\esthe\Downloads\destroy 14 _\Dest_1405_3_three.mp4;C:\Users\esthe\Downloads\destroy 14 _\Dest_1405_4_seven.mp4;C:\Users\esthe\Downloads\destroy 14 _\Dest_1405_5_five.mp4;C:\Users\esthe\Downloads\destroy 14 _\Dest_1405_6_seven.mp4;C:\Users\esthe\Downloads\destroy 14 _\Dest_1405_7_two.mp4;C:\Users\esthe\Downloads\destroy 14 _\Dest_1405_8_five.mp4;C:\Users\esthe\Downloads\destroy 14 _\Dest_1405_9_two.mp4,0.0,5.733;7.332;7.532;9.967;5.533;11.765;7.566;7.666;5.399;10.698;14.798;9.032;17.966;5.367;13.428;4.134;10.598;14.335;5.466;17.264;6.999;7.933;4.666,30.000;30.000;30.000;30.000;30.000;30.000;30.000;30.000;30.000;30.000;30.000;30.000;30.000;30.000;30.000;30.000;30.000;30.000;30.000;30.000;30.000;30.000;30.000,Destroy,assessing,,,STOP,9.265,C:\Users\esthe\Downloads\destroy 14 _\Dest_1405_10_three.mp4,106,NA,
dest_1405,2025-06-26 15:24:30.572,,205.135,Media file(s),player #1:C:\Users\esthe\Downloads\destroy 14 _\commentary;C:\Users\esthe\Downloads\destroy 14 _\Dest_1405_10_three.mp4;C:\Users\esthe\Downloads\destroy 14 _\Dest_1405_11_one.mp4;C:\Users\esthe\Downloads\destroy 14 _\Dest_1405_12_two.mp4;C:\Users\esthe\Downloads\destroy 14 _\Dest_1405_13_five.mp4;C:\Users\esthe\Downloads\destroy 14 _\Dest_1405_14_onehalf.mp4;C:\Users\esthe\Downloads\destroy 14 _\Dest_1405_15_seven.mp4;C:\Users\esthe\Downloads\destroy 14 _\Dest_1405_16_three.mp4;C:\Users\esthe\Downloads\destroy 14 _\Dest_1405_17_three.mp4;C:\Users\esthe\Downloads\destroy 14 _\Dest_1405_18_two.mp4;C:\Users\esthe\Downloads\destroy 14 _\Dest_1405_19_five.mp4;C:\Users\esthe\Downloads\destroy 14 _\Dest_1405_20_one.mp4;C:\Users\esthe\Downloads\destroy 14 _\Dest_1405_21_five.mp4;C:\Users\esthe\Downloads\destroy 14 _\Dest_1405_22_seven.mp4;C:\Users\esthe\Downloads\destroy 14 _\Dest_1405_23_two.mp4;C:\Users\esthe\Downloads\destroy 14 _\Dest_1405_24_three.mp4;C:\Users\esthe\Downloads\destroy 14 _\Dest_1405_3_three.mp4;C:\Users\esthe\Downloads\destroy 14 _\Dest_1405_4_seven.mp4;C:\Users\esthe\Downloads\destroy 14 _\Dest_1405_5_five.mp4;C:\Users\esthe\Downloads\destroy 14 _\Dest_1405_6_seven.mp4;C:\Users\esthe\Downloads\destroy 14 _\Dest_1405_7_two.mp4;C:\Users\esthe\Downloads\destroy 14 _\Dest_1405_8_five.mp4;C:\Users\esthe\Downloads\destroy 14 _\Dest_1405_9_two.mp4,0.0,5.733;7.332;7.532;9.967;5.533;11.765;7.566;7.666;5.399;10.698;14.798;9.032;17.966;5.367;13.428;4.134;10.598;14.335;5.466;17.264;6.999;7.933;4.666,30.000;30.000;30.000;30.000;30.000;30.000;30.000;30.000;30.000;30.000;30.000;30.000;30.000;30.000;30.000;30.000;30.000;30.000;30.000;30.000;30.000;30.000;30.000,Destroy,target,,,START,9.598,C:\Users\esthe\Downloads\destroy 14 _\Dest_1405_10_three.mp4,116,NA,
dest_1405,2025-06-26 15:24:30.572,,205.135,Media file(s),player #1:C:\Users\esthe\Downloads\destroy 14 _\commentary;C:\Users\esthe\Downloads\destroy 14 _\Dest_1405_10_three.mp4;C:\Users\esthe\Downloads\destroy 14 _\Dest_1405_11_one.mp4;C:\Users\esthe\Downloads\destroy 14 _\Dest_1405_12_two.mp4;C:\Users\esthe\Downloads\destroy 14 _\Dest_1405_13_five.mp4;C:\Users\esthe\Downloads\destroy 14 _\Dest_1405_14_onehalf.mp4;C:\Users\esthe\Downloads\destroy 14 _\Dest_1405_15_seven.mp4;C:\Users\esthe\Downloads\destroy 14 _\Dest_1405_16_three.mp4;C:\Users\esthe\Downloads\destroy 14 _\Dest_1405_17_three.mp4;C:\Users\esthe\Downloads\destroy 14 _\Dest_1405_18_two.mp4;C:\Users\esthe\Downloads\destroy 14 _\Dest_1405_19_five.mp4;C:\Users\esthe\Downloads\destroy 14 _\Dest_1405_20_one.mp4;C:\Users\esthe\Downloads\destroy 14 _\Dest_1405_21_five.mp4;C:\Users\esthe\Downloads\destroy 14 _\Dest_1405_22_seven.mp4;C:\Users\esthe\Downloads\destroy 14 _\Dest_1405_23_two.mp4;C:\Users\esthe\Downloads\destroy 14 _\Dest_1405_24_three.mp4;C:\Users\esthe\Downloads\destroy 14 _\Dest_1405_3_three.mp4;C:\Users\esthe\Downloads\destroy 14 _\Dest_1405_4_seven.mp4;C:\Users\esthe\Downloads\destroy 14 _\Dest_1405_5_five.mp4;C:\Users\esthe\Downloads\destroy 14 _\Dest_1405_6_seven.mp4;C:\Users\esthe\Downloads\destroy 14 _\Dest_1405_7_two.mp4;C:\Users\esthe\Downloads\destroy 14 _\Dest_1405_8_five.mp4;C:\Users\esthe\Downloads\destroy 14 _\Dest_1405_9_two.mp4,0.0,5.733;7.332;7.532;9.967;5.533;11.765;7.566;7.666;5.399;10.698;14.798;9.032;17.966;5.367;13.428;4.134;10.598;14.335;5.466;17.264;6.999;7.933;4.666,30.000;30.000;30.000;30.000;30.000;30.000;30.000;30.000;30.000;30.000;30.000;30.000;30.000;30.000;30.000;30.000;30.000;30.000;30.000;30.000;30.000;30.000;30.000,Destroy,target,,,STOP,10.831,C:\Users\esthe\Downloads\destroy 14 _\Dest_1405_10_three.mp4,153,NA,
dest_1405,2025-06-26 15:24:30.572,,205.135,Media file(s),player #1:C:\Users\esthe\Downloads\destroy 14 _\commentary;C:\Users\esthe\Downloads\destroy 14 _\Dest_1405_10_three.mp4;C:\Users\esthe\Downloads\destroy 14 _\Dest_1405_11_one.mp4;C:\Users\esthe\Downloads\destroy 14 _\Dest_1405_12_two.mp4;C:\Users\esthe\Downloads\destroy 14 _\Dest_1405_13_five.mp4;C:\Users\esthe\Downloads\destroy 14 _\Dest_1405_14_onehalf.mp4;C:\Users\esthe\Downloads\destroy 14 _\Dest_1405_15_seven.mp4;C:\Users\esthe\Downloads\destroy 14 _\Dest_1405_16_three.mp4;C:\Users\esthe\Downloads\destroy 14 _\Dest_1405_17_three.mp4;C:\Users\esthe\Downloads\destroy 14 _\Dest_1405_18_two.mp4;C:\Users\esthe\Downloads\destroy 14 _\Dest_1405_19_five.mp4;C:\Users\esthe\Downloads\destroy 14 _\Dest_1405_20_one.mp4;C:\Users\esthe\Downloads\destroy 14 _\Dest_1405_21_five.mp4;C:\Users\esthe\Downloads\destroy 14 _\Dest_1405_22_seven.mp4;C:\Users\esthe\Downloads\destroy 14 _\Dest_1405_23_two.mp4;C:\Users\esthe\Downloads\destroy 14 _\Dest_1405_24_three.mp4;C:\Users\esthe\Downloads\destroy 14 _\Dest_1405_3_three.mp4;C:\Users\esthe\Downloads\destroy 14 _\Dest_1405_4_seven.mp4;C:\Users\esthe\Downloads\destroy 14 _\Dest_1405_5_five.mp4;C:\Users\esthe\Downloads\destroy 14 _\Dest_1405_6_seven.mp4;C:\Users\esthe\Downloads\destroy 14 _\Dest_1405_7_two.mp4;C:\Users\esthe\Downloads\destroy 14 _\Dest_1405_8_five.mp4;C:\Users\esthe\Downloads\destroy 14 _\Dest_1405_9_two.mp4,0.0,5.733;7.332;7.532;9.967;5.533;11.765;7.566;7.666;5.399;10.698;14.798;9.032;17.966;5.367;13.428;4.134;10.598;14.335;5.466;17.264;6.999;7.933;4.666,30.000;30.000;30.000;30.000;30.000;30.000;30.000;30.000;30.000;30.000;30.000;30.000;30.000;30.000;30.000;30.000;30.000;30.000;30.000;30.000;30.000;30.000;30.000,Destroy,digging,,,START,10.865,C:\Users\esthe\Downloads\destroy 14 _\Dest_1405_10_three.mp4,154,NA,
dest_1405,2025-06-26 15:24:30.572,,205.135,Media file(s),player #1:C:\Users\esthe\Downloads\destroy 14 _\commentary;C:\Users\esthe\Downloads\destroy 14 _\Dest_1405_10_three.mp4;C:\Users\esthe\Downloads\destroy 14 _\Dest_1405_11_one.mp4;C:\Users\esthe\Downloads\destroy 14 _\Dest_1405_12_two.mp4;C:\Users\esthe\Downloads\destroy 14 _\Dest_1405_13_five.mp4;C:\Users\esthe\Downloads\destroy 14 _\Dest_1405_14_onehalf.mp4;C:\Users\esthe\Downloads\destroy 14 _\Dest_1405_15_seven.mp4;C:\Users\esthe\Downloads\destroy 14 _\Dest_1405_16_three.mp4;C:\Users\esthe\Downloads\destroy 14 _\Dest_1405_17_three.mp4;C:\Users\esthe\Downloads\destroy 14 _\Dest_1405_18_two.mp4;C:\Users\esthe\Downloads\destroy 14 _\Dest_1405_19_five.mp4;C:\Users\esthe\Downloads\destroy 14 _\Dest_1405_20_one.mp4;C:\Users\esthe\Downloads\destroy 14 _\Dest_1405_21_five.mp4;C:\Users\esthe\Downloads\destroy 14 _\Dest_1405_22_seven.mp4;C:\Users\esthe\Downloads\destroy 14 _\Dest_1405_23_two.mp4;C:\Users\esthe\Downloads\destroy 14 _\Dest_1405_24_three.mp4;C:\Users\esthe\Downloads\destroy 14 _\Dest_1405_3_three.mp4;C:\Users\esthe\Downloads\destroy 14 _\Dest_1405_4_seven.mp4;C:\Users\esthe\Downloads\destroy 14 _\Dest_1405_5_five.mp4;C:\Users\esthe\Downloads\destroy 14 _\Dest_1405_6_seven.mp4;C:\Users\esthe\Downloads\destroy 14 _\Dest_1405_7_two.mp4;C:\Users\esthe\Downloads\destroy 14 _\Dest_1405_8_five.mp4;C:\Users\esthe\Downloads\destroy 14 _\Dest_1405_9_two.mp4,0.0,5.733;7.332;7.532;9.967;5.533;11.765;7.566;7.666;5.399;10.698;14.798;9.032;17.966;5.367;13.428;4.134;10.598;14.335;5.466;17.264;6.999;7.933;4.666,30.000;30.000;30.000;30.000;30.000;30.000;30.000;30.000;30.000;30.000;30.000;30.000;30.000;30.000;30.000;30.000;30.000;30.000;30.000;30.000;30.000;30.000;30.000,Destroy,digging,,,STOP,11.398,C:\Users\esthe\Downloads\destroy 14 _\Dest_1405_10_three.mp4,170,NA,
dest_1405,2025-06-26 15:24:30.572,,205.135,Media file(s),player #1:C:\Users\esthe\Downloads\destroy 14 _\commentary;C:\Users\esthe\Downloads\destroy 14 _\Dest_1405_10_three.mp4;C:\Users\esthe\Downloads\destroy 14 _\Dest_1405_11_one.mp4;C:\Users\esthe\Downloads\destroy 14 _\Dest_1405_12_two.mp4;C:\Users\esthe\Downloads\destroy 14 _\Dest_1405_13_five.mp4;C:\Users\esthe\Downloads\destroy 14 _\Dest_1405_14_onehalf.mp4;C:\Users\esthe\Downloads\destroy 14 _\Dest_1405_15_seven.mp4;C:\Users\esthe\Downloads\destroy 14 _\Dest_1405_16_three.mp4;C:\Users\esthe\Downloads\destroy 14 _\Dest_1405_17_three.mp4;C:\Users\esthe\Downloads\destroy 14 _\Dest_1405_18_two.mp4;C:\Users\esthe\Downloads\destroy 14 _\Dest_1405_19_five.mp4;C:\Users\esthe\Downloads\destroy 14 _\Dest_1405_20_one.mp4;C:\Users\esthe\Downloads\destroy 14 _\Dest_1405_21_five.mp4;C:\Users\esthe\Downloads\destroy 14 _\Dest_1405_22_seven.mp4;C:\Users\esthe\Downloads\destroy 14 _\Dest_1405_23_two.mp4;C:\Users\esthe\Downloads\destroy 14 _\Dest_1405_24_three.mp4;C:\Users\esthe\Downloads\destroy 14 _\Dest_1405_3_three.mp4;C:\Users\esthe\Downloads\destroy 14 _\Dest_1405_4_seven.mp4;C:\Users\esthe\Downloads\destroy 14 _\Dest_1405_5_five.mp4;C:\Users\esthe\Downloads\destroy 14 _\Dest_1405_6_seven.mp4;C:\Users\esthe\Downloads\destroy 14 _\Dest_1405_7_two.mp4;C:\Users\esthe\Downloads\destroy 14 _\Dest_1405_8_five.mp4;C:\Users\esthe\Downloads\destroy 14 _\Dest_1405_9_two.mp4,0.0,5.733;7.332;7.532;9.967;5.533;11.765;7.566;7.666;5.399;10.698;14.798;9.032;17.966;5.367;13.428;4.134;10.598;14.335;5.466;17.264;6.999;7.933;4.666,30.000;30.000;30.000;30.000;30.000;30.000;30.000;30.000;30.000;30.000;30.000;30.000;30.000;30.000;30.000;30.000;30.000;30.000;30.000;30.000;30.000;30.000;30.000,Destroy,target,,,START,11.398,C:\Users\esthe\Downloads\destroy 14 _\Dest_1405_10_three.mp4,170,NA,
dest_1405,2025-06-26 15:24:30.572,,205.135,Media file(s),player #1:C:\Users\esthe\Downloads\destroy 14 _\commentary;C:\Users\esthe\Downloads\destroy 14 _\Dest_1405_10_three.mp4;C:\Users\esthe\Downloads\destroy 14 _\Dest_1405_11_one.mp4;C:\Users\esthe\Downloads\destroy 14 _\Dest_1405_12_two.mp4;C:\Users\esthe\Downloads\destroy 14 _\Dest_1405_13_five.mp4;C:\Users\esthe\Downloads\destroy 14 _\Dest_1405_14_onehalf.mp4;C:\Users\esthe\Downloads\destroy 14 _\Dest_1405_15_seven.mp4;C:\Users\esthe\Downloads\destroy 14 _\Dest_1405_16_three.mp4;C:\Users\esthe\Downloads\destroy 14 _\Dest_1405_17_three.mp4;C:\Users\esthe\Downloads\destroy 14 _\Dest_1405_18_two.mp4;C:\Users\esthe\Downloads\destroy 14 _\Dest_1405_19_five.mp4;C:\Users\esthe\Downloads\destroy 14 _\Dest_1405_20_one.mp4;C:\Users\esthe\Downloads\destroy 14 _\Dest_1405_21_five.mp4;C:\Users\esthe\Downloads\destroy 14 _\Dest_1405_22_seven.mp4;C:\Users\esthe\Downloads\destroy 14 _\Dest_1405_23_two.mp4;C:\Users\esthe\Downloads\destroy 14 _\Dest_1405_24_three.mp4;C:\Users\esthe\Downloads\destroy 14 _\Dest_1405_3_three.mp4;C:\Users\esthe\Downloads\destroy 14 _\Dest_1405_4_seven.mp4;C:\Users\esthe\Downloads\destroy 14 _\Dest_1405_5_five.mp4;C:\Users\esthe\Downloads\destroy 14 _\Dest_1405_6_seven.mp4;C:\Users\esthe\Downloads\destroy 14 _\Dest_1405_7_two.mp4;C:\Users\esthe\Downloads\destroy 14 _\Dest_1405_8_five.mp4;C:\Users\esthe\Downloads\destroy 14 _\Dest_1405_9_two.mp4,0.0,5.733;7.332;7.532;9.967;5.533;11.765;7.566;7.666;5.399;10.698;14.798;9.032;17.966;5.367;13.428;4.134;10.598;14.335;5.466;17.264;6.999;7.933;4.666,30.000;30.000;30.000;30.000;30.000;30.000;30.000;30.000;30.000;30.000;30.000;30.000;30.000;30.000;30.000;30.000;30.000;30.000;30.000;30.000;30.000;30.000;30.000,Destroy,target,,,STOP,12.798,C:\Users\esthe\Downloads\destroy 14 _\Dest_1405_10_three.mp4,213,NA,
dest_1405,2025-06-26 15:24:30.572,,205.135,Media file(s),player #1:C:\Users\esthe\Downloads\destroy 14 _\commentary;C:\Users\esthe\Downloads\destroy 14 _\Dest_1405_10_three.mp4;C:\Users\esthe\Downloads\destroy 14 _\Dest_1405_11_one.mp4;C:\Users\esthe\Downloads\destroy 14 _\Dest_1405_12_two.mp4;C:\Users\esthe\Downloads\destroy 14 _\Dest_1405_13_five.mp4;C:\Users\esthe\Downloads\destroy 14 _\Dest_1405_14_onehalf.mp4;C:\Users\esthe\Downloads\destroy 14 _\Dest_1405_15_seven.mp4;C:\Users\esthe\Downloads\destroy 14 _\Dest_1405_16_three.mp4;C:\Users\esthe\Downloads\destroy 14 _\Dest_1405_17_three.mp4;C:\Users\esthe\Downloads\destroy 14 _\Dest_1405_18_two.mp4;C:\Users\esthe\Downloads\destroy 14 _\Dest_1405_19_five.mp4;C:\Users\esthe\Downloads\destroy 14 _\Dest_1405_20_one.mp4;C:\Users\esthe\Downloads\destroy 14 _\Dest_1405_21_five.mp4;C:\Users\esthe\Downloads\destroy 14 _\Dest_1405_22_seven.mp4;C:\Users\esthe\Downloads\destroy 14 _\Dest_1405_23_two.mp4;C:\Users\esthe\Downloads\destroy 14 _\Dest_1405_24_three.mp4;C:\Users\esthe\Downloads\destroy 14 _\Dest_1405_3_three.mp4;C:\Users\esthe\Downloads\destroy 14 _\Dest_1405_4_seven.mp4;C:\Users\esthe\Downloads\destroy 14 _\Dest_1405_5_five.mp4;C:\Users\esthe\Downloads\destroy 14 _\Dest_1405_6_seven.mp4;C:\Users\esthe\Downloads\destroy 14 _\Dest_1405_7_two.mp4;C:\Users\esthe\Downloads\destroy 14 _\Dest_1405_8_five.mp4;C:\Users\esthe\Downloads\destroy 14 _\Dest_1405_9_two.mp4,0.0,5.733;7.332;7.532;9.967;5.533;11.765;7.566;7.666;5.399;10.698;14.798;9.032;17.966;5.367;13.428;4.134;10.598;14.335;5.466;17.264;6.999;7.933;4.666,30.000;30.000;30.000;30.000;30.000;30.000;30.000;30.000;30.000;30.000;30.000;30.000;30.000;30.000;30.000;30.000;30.000;30.000;30.000;30.000;30.000;30.000;30.000,Destroy,explore,,,START,20.663,C:\Users\esthe\Downloads\destroy 14 _\Dest_1405_12_two.mp4,2,NA,
dest_1405,2025-06-26 15:24:30.572,,205.135,Media file(s),player #1:C:\Users\esthe\Downloads\destroy 14 _\commentary;C:\Users\esthe\Downloads\destroy 14 _\Dest_1405_10_three.mp4;C:\Users\esthe\Downloads\destroy 14 _\Dest_1405_11_one.mp4;C:\Users\esthe\Downloads\destroy 14 _\Dest_1405_12_two.mp4;C:\Users\esthe\Downloads\destroy 14 _\Dest_1405_13_five.mp4;C:\Users\esthe\Downloads\destroy 14 _\Dest_1405_14_onehalf.mp4;C:\Users\esthe\Downloads\destroy 14 _\Dest_1405_15_seven.mp4;C:\Users\esthe\Downloads\destroy 14 _\Dest_1405_16_three.mp4;C:\Users\esthe\Downloads\destroy 14 _\Dest_1405_17_three.mp4;C:\Users\esthe\Downloads\destroy 14 _\Dest_1405_18_two.mp4;C:\Users\esthe\Downloads\destroy 14 _\Dest_1405_19_five.mp4;C:\Users\esthe\Downloads\destroy 14 _\Dest_1405_20_one.mp4;C:\Users\esthe\Downloads\destroy 14 _\Dest_1405_21_five.mp4;C:\Users\esthe\Downloads\destroy 14 _\Dest_1405_22_seven.mp4;C:\Users\esthe\Downloads\destroy 14 _\Dest_1405_23_two.mp4;C:\Users\esthe\Downloads\destroy 14 _\Dest_1405_24_three.mp4;C:\Users\esthe\Downloads\destroy 14 _\Dest_1405_3_three.mp4;C:\Users\esthe\Downloads\destroy 14 _\Dest_1405_4_seven.mp4;C:\Users\esthe\Downloads\destroy 14 _\Dest_1405_5_five.mp4;C:\Users\esthe\Downloads\destroy 14 _\Dest_1405_6_seven.mp4;C:\Users\esthe\Downloads\destroy 14 _\Dest_1405_7_two.mp4;C:\Users\esthe\Downloads\destroy 14 _\Dest_1405_8_five.mp4;C:\Users\esthe\Downloads\destroy 14 _\Dest_1405_9_two.mp4,0.0,5.733;7.332;7.532;9.967;5.533;11.765;7.566;7.666;5.399;10.698;14.798;9.032;17.966;5.367;13.428;4.134;10.598;14.335;5.466;17.264;6.999;7.933;4.666,30.000;30.000;30.000;30.000;30.000;30.000;30.000;30.000;30.000;30.000;30.000;30.000;30.000;30.000;30.000;30.000;30.000;30.000;30.000;30.000;30.000;30.000;30.000,Destroy,explore,,,STOP,22.462,C:\Users\esthe\Downloads\destroy 14 _\Dest_1405_12_two.mp4,56,NA,
dest_1405,2025-06-26 15:24:30.572,,205.135,Media file(s),player #1:C:\Users\esthe\Downloads\destroy 14 _\commentary;C:\Users\esthe\Downloads\destroy 14 _\Dest_1405_10_three.mp4;C:\Users\esthe\Downloads\destroy 14 _\Dest_1405_11_one.mp4;C:\Users\esthe\Downloads\destroy 14 _\Dest_1405_12_two.mp4;C:\Users\esthe\Downloads\destroy 14 _\Dest_1405_13_five.mp4;C:\Users\esthe\Downloads\destroy 14 _\Dest_1405_14_onehalf.mp4;C:\Users\esthe\Downloads\destroy 14 _\Dest_1405_15_seven.mp4;C:\Users\esthe\Downloads\destroy 14 _\Dest_1405_16_three.mp4;C:\Users\esthe\Downloads\destroy 14 _\Dest_1405_17_three.mp4;C:\Users\esthe\Downloads\destroy 14 _\Dest_1405_18_two.mp4;C:\Users\esthe\Downloads\destroy 14 _\Dest_1405_19_five.mp4;C:\Users\esthe\Downloads\destroy 14 _\Dest_1405_20_one.mp4;C:\Users\esthe\Downloads\destroy 14 _\Dest_1405_21_five.mp4;C:\Users\esthe\Downloads\destroy 14 _\Dest_1405_22_seven.mp4;C:\Users\esthe\Downloads\destroy 14 _\Dest_1405_23_two.mp4;C:\Users\esthe\Downloads\destroy 14 _\Dest_1405_24_three.mp4;C:\Users\esthe\Downloads\destroy 14 _\Dest_1405_3_three.mp4;C:\Users\esthe\Downloads\destroy 14 _\Dest_1405_4_seven.mp4;C:\Users\esthe\Downloads\destroy 14 _\Dest_1405_5_five.mp4;C:\Users\esthe\Downloads\destroy 14 _\Dest_1405_6_seven.mp4;C:\Users\esthe\Downloads\destroy 14 _\Dest_1405_7_two.mp4;C:\Users\esthe\Downloads\destroy 14 _\Dest_1405_8_five.mp4;C:\Users\esthe\Downloads\destroy 14 _\Dest_1405_9_two.mp4,0.0,5.733;7.332;7.532;9.967;5.533;11.765;7.566;7.666;5.399;10.698;14.798;9.032;17.966;5.367;13.428;4.134;10.598;14.335;5.466;17.264;6.999;7.933;4.666,30.000;30.000;30.000;30.000;30.000;30.000;30.000;30.000;30.000;30.000;30.000;30.000;30.000;30.000;30.000;30.000;30.000;30.000;30.000;30.000;30.000;30.000;30.000,Destroy,bending,,,START,22.496,C:\Users\esthe\Downloads\destroy 14 _\Dest_1405_12_two.mp4,57,NA,
dest_1405,2025-06-26 15:24:30.572,,205.135,Media file(s),player #1:C:\Users\esthe\Downloads\destroy 14 _\commentary;C:\Users\esthe\Downloads\destroy 14 _\Dest_1405_10_three.mp4;C:\Users\esthe\Downloads\destroy 14 _\Dest_1405_11_one.mp4;C:\Users\esthe\Downloads\destroy 14 _\Dest_1405_12_two.mp4;C:\Users\esthe\Downloads\destroy 14 _\Dest_1405_13_five.mp4;C:\Users\esthe\Downloads\destroy 14 _\Dest_1405_14_onehalf.mp4;C:\Users\esthe\Downloads\destroy 14 _\Dest_1405_15_seven.mp4;C:\Users\esthe\Downloads\destroy 14 _\Dest_1405_16_three.mp4;C:\Users\esthe\Downloads\destroy 14 _\Dest_1405_17_three.mp4;C:\Users\esthe\Downloads\destroy 14 _\Dest_1405_18_two.mp4;C:\Users\esthe\Downloads\destroy 14 _\Dest_1405_19_five.mp4;C:\Users\esthe\Downloads\destroy 14 _\Dest_1405_20_one.mp4;C:\Users\esthe\Downloads\destroy 14 _\Dest_1405_21_five.mp4;C:\Users\esthe\Downloads\destroy 14 _\Dest_1405_22_seven.mp4;C:\Users\esthe\Downloads\destroy 14 _\Dest_1405_23_two.mp4;C:\Users\esthe\Downloads\destroy 14 _\Dest_1405_24_three.mp4;C:\Users\esthe\Downloads\destroy 14 _\Dest_1405_3_three.mp4;C:\Users\esthe\Downloads\destroy 14 _\Dest_1405_4_seven.mp4;C:\Users\esthe\Downloads\destroy 14 _\Dest_1405_5_five.mp4;C:\Users\esthe\Downloads\destroy 14 _\Dest_1405_6_seven.mp4;C:\Users\esthe\Downloads\destroy 14 _\Dest_1405_7_two.mp4;C:\Users\esthe\Downloads\destroy 14 _\Dest_1405_8_five.mp4;C:\Users\esthe\Downloads\destroy 14 _\Dest_1405_9_two.mp4,0.0,5.733;7.332;7.532;9.967;5.533;11.765;7.566;7.666;5.399;10.698;14.798;9.032;17.966;5.367;13.428;4.134;10.598;14.335;5.466;17.264;6.999;7.933;4.666,30.000;30.000;30.000;30.000;30.000;30.000;30.000;30.000;30.000;30.000;30.000;30.000;30.000;30.000;30.000;30.000;30.000;30.000;30.000;30.000;30.000;30.000;30.000,Destroy,bending,,,STOP,22.729,C:\Users\esthe\Downloads\destroy 14 _\Dest_1405_12_two.mp4,64,NA,
dest_1405,2025-06-26 15:24:30.572,,205.135,Media file(s),player #1:C:\Users\esthe\Downloads\destroy 14 _\commentary;C:\Users\esthe\Downloads\destroy 14 _\Dest_1405_10_three.mp4;C:\Users\esthe\Downloads\destroy 14 _\Dest_1405_11_one.mp4;C:\Users\esthe\Downloads\destroy 14 _\Dest_1405_12_two.mp4;C:\Users\esthe\Downloads\destroy 14 _\Dest_1405_13_five.mp4;C:\Users\esthe\Downloads\destroy 14 _\Dest_1405_14_onehalf.mp4;C:\Users\esthe\Downloads\destroy 14 _\Dest_1405_15_seven.mp4;C:\Users\esthe\Downloads\destroy 14 _\Dest_1405_16_three.mp4;C:\Users\esthe\Downloads\destroy 14 _\Dest_1405_17_three.mp4;C:\Users\esthe\Downloads\destroy 14 _\Dest_1405_18_two.mp4;C:\Users\esthe\Downloads\destroy 14 _\Dest_1405_19_five.mp4;C:\Users\esthe\Downloads\destroy 14 _\Dest_1405_20_one.mp4;C:\Users\esthe\Downloads\destroy 14 _\Dest_1405_21_five.mp4;C:\Users\esthe\Downloads\destroy 14 _\Dest_1405_22_seven.mp4;C:\Users\esthe\Downloads\destroy 14 _\Dest_1405_23_two.mp4;C:\Users\esthe\Downloads\destroy 14 _\Dest_1405_24_three.mp4;C:\Users\esthe\Downloads\destroy 14 _\Dest_1405_3_three.mp4;C:\Users\esthe\Downloads\destroy 14 _\Dest_1405_4_seven.mp4;C:\Users\esthe\Downloads\destroy 14 _\Dest_1405_5_five.mp4;C:\Users\esthe\Downloads\destroy 14 _\Dest_1405_6_seven.mp4;C:\Users\esthe\Downloads\destroy 14 _\Dest_1405_7_two.mp4;C:\Users\esthe\Downloads\destroy 14 _\Dest_1405_8_five.mp4;C:\Users\esthe\Downloads\destroy 14 _\Dest_1405_9_two.mp4,0.0,5.733;7.332;7.532;9.967;5.533;11.765;7.566;7.666;5.399;10.698;14.798;9.032;17.966;5.367;13.428;4.134;10.598;14.335;5.466;17.264;6.999;7.933;4.666,30.000;30.000;30.000;30.000;30.000;30.000;30.000;30.000;30.000;30.000;30.000;30.000;30.000;30.000;30.000;30.000;30.000;30.000;30.000;30.000;30.000;30.000;30.000,Destroy,grabbing peanut,,,POINT,22.729,C:\Users\esthe\Downloads\destroy 14 _\Dest_1405_12_two.mp4,64,NA,
dest_1405,2025-06-26 15:24:30.572,,205.135,Media file(s),player #1:C:\Users\esthe\Downloads\destroy 14 _\commentary;C:\Users\esthe\Downloads\destroy 14 _\Dest_1405_10_three.mp4;C:\Users\esthe\Downloads\destroy 14 _\Dest_1405_11_one.mp4;C:\Users\esthe\Downloads\destroy 14 _\Dest_1405_12_two.mp4;C:\Users\esthe\Downloads\destroy 14 _\Dest_1405_13_five.mp4;C:\Users\esthe\Downloads\destroy 14 _\Dest_1405_14_onehalf.mp4;C:\Users\esthe\Downloads\destroy 14 _\Dest_1405_15_seven.mp4;C:\Users\esthe\Downloads\destroy 14 _\Dest_1405_16_three.mp4;C:\Users\esthe\Downloads\destroy 14 _\Dest_1405_17_three.mp4;C:\Users\esthe\Downloads\destroy 14 _\Dest_1405_18_two.mp4;C:\Users\esthe\Downloads\destroy 14 _\Dest_1405_19_five.mp4;C:\Users\esthe\Downloads\destroy 14 _\Dest_1405_20_one.mp4;C:\Users\esthe\Downloads\destroy 14 _\Dest_1405_21_five.mp4;C:\Users\esthe\Downloads\destroy 14 _\Dest_1405_22_seven.mp4;C:\Users\esthe\Downloads\destroy 14 _\Dest_1405_23_two.mp4;C:\Users\esthe\Downloads\destroy 14 _\Dest_1405_24_three.mp4;C:\Users\esthe\Downloads\destroy 14 _\Dest_1405_3_three.mp4;C:\Users\esthe\Downloads\destroy 14 _\Dest_1405_4_seven.mp4;C:\Users\esthe\Downloads\destroy 14 _\Dest_1405_5_five.mp4;C:\Users\esthe\Downloads\destroy 14 _\Dest_1405_6_seven.mp4;C:\Users\esthe\Downloads\destroy 14 _\Dest_1405_7_two.mp4;C:\Users\esthe\Downloads\destroy 14 _\Dest_1405_8_five.mp4;C:\Users\esthe\Downloads\destroy 14 _\Dest_1405_9_two.mp4,0.0,5.733;7.332;7.532;9.967;5.533;11.765;7.566;7.666;5.399;10.698;14.798;9.032;17.966;5.367;13.428;4.134;10.598;14.335;5.466;17.264;6.999;7.933;4.666,30.000;30.000;30.000;30.000;30.000;30.000;30.000;30.000;30.000;30.000;30.000;30.000;30.000;30.000;30.000;30.000;30.000;30.000;30.000;30.000;30.000;30.000;30.000,Destroy,lifting,,,START,22.762,C:\Users\esthe\Downloads\destroy 14 _\Dest_1405_12_two.mp4,65,NA,
dest_1405,2025-06-26 15:24:30.572,,205.135,Media file(s),player #1:C:\Users\esthe\Downloads\destroy 14 _\commentary;C:\Users\esthe\Downloads\destroy 14 _\Dest_1405_10_three.mp4;C:\Users\esthe\Downloads\destroy 14 _\Dest_1405_11_one.mp4;C:\Users\esthe\Downloads\destroy 14 _\Dest_1405_12_two.mp4;C:\Users\esthe\Downloads\destroy 14 _\Dest_1405_13_five.mp4;C:\Users\esthe\Downloads\destroy 14 _\Dest_1405_14_onehalf.mp4;C:\Users\esthe\Downloads\destroy 14 _\Dest_1405_15_seven.mp4;C:\Users\esthe\Downloads\destroy 14 _\Dest_1405_16_three.mp4;C:\Users\esthe\Downloads\destroy 14 _\Dest_1405_17_three.mp4;C:\Users\esthe\Downloads\destroy 14 _\Dest_1405_18_two.mp4;C:\Users\esthe\Downloads\destroy 14 _\Dest_1405_19_five.mp4;C:\Users\esthe\Downloads\destroy 14 _\Dest_1405_20_one.mp4;C:\Users\esthe\Downloads\destroy 14 _\Dest_1405_21_five.mp4;C:\Users\esthe\Downloads\destroy 14 _\Dest_1405_22_seven.mp4;C:\Users\esthe\Downloads\destroy 14 _\Dest_1405_23_two.mp4;C:\Users\esthe\Downloads\destroy 14 _\Dest_1405_24_three.mp4;C:\Users\esthe\Downloads\destroy 14 _\Dest_1405_3_three.mp4;C:\Users\esthe\Downloads\destroy 14 _\Dest_1405_4_seven.mp4;C:\Users\esthe\Downloads\destroy 14 _\Dest_1405_5_five.mp4;C:\Users\esthe\Downloads\destroy 14 _\Dest_1405_6_seven.mp4;C:\Users\esthe\Downloads\destroy 14 _\Dest_1405_7_two.mp4;C:\Users\esthe\Downloads\destroy 14 _\Dest_1405_8_five.mp4;C:\Users\esthe\Downloads\destroy 14 _\Dest_1405_9_two.mp4,0.0,5.733;7.332;7.532;9.967;5.533;11.765;7.566;7.666;5.399;10.698;14.798;9.032;17.966;5.367;13.428;4.134;10.598;14.335;5.466;17.264;6.999;7.933;4.666,30.000;30.000;30.000;30.000;30.000;30.000;30.000;30.000;30.000;30.000;30.000;30.000;30.000;30.000;30.000;30.000;30.000;30.000;30.000;30.000;30.000;30.000;30.000,Destroy,lifting,,,STOP,23.296,C:\Users\esthe\Downloads\destroy 14 _\Dest_1405_12_two.mp4,81,NA,
dest_1405,2025-06-26 15:24:30.572,,205.135,Media file(s),player #1:C:\Users\esthe\Downloads\destroy 14 _\commentary;C:\Users\esthe\Downloads\destroy 14 _\Dest_1405_10_three.mp4;C:\Users\esthe\Downloads\destroy 14 _\Dest_1405_11_one.mp4;C:\Users\esthe\Downloads\destroy 14 _\Dest_1405_12_two.mp4;C:\Users\esthe\Downloads\destroy 14 _\Dest_1405_13_five.mp4;C:\Users\esthe\Downloads\destroy 14 _\Dest_1405_14_onehalf.mp4;C:\Users\esthe\Downloads\destroy 14 _\Dest_1405_15_seven.mp4;C:\Users\esthe\Downloads\destroy 14 _\Dest_1405_16_three.mp4;C:\Users\esthe\Downloads\destroy 14 _\Dest_1405_17_three.mp4;C:\Users\esthe\Downloads\destroy 14 _\Dest_1405_18_two.mp4;C:\Users\esthe\Downloads\destroy 14 _\Dest_1405_19_five.mp4;C:\Users\esthe\Downloads\destroy 14 _\Dest_1405_20_one.mp4;C:\Users\esthe\Downloads\destroy 14 _\Dest_1405_21_five.mp4;C:\Users\esthe\Downloads\destroy 14 _\Dest_1405_22_seven.mp4;C:\Users\esthe\Downloads\destroy 14 _\Dest_1405_23_two.mp4;C:\Users\esthe\Downloads\destroy 14 _\Dest_1405_24_three.mp4;C:\Users\esthe\Downloads\destroy 14 _\Dest_1405_3_three.mp4;C:\Users\esthe\Downloads\destroy 14 _\Dest_1405_4_seven.mp4;C:\Users\esthe\Downloads\destroy 14 _\Dest_1405_5_five.mp4;C:\Users\esthe\Downloads\destroy 14 _\Dest_1405_6_seven.mp4;C:\Users\esthe\Downloads\destroy 14 _\Dest_1405_7_two.mp4;C:\Users\esthe\Downloads\destroy 14 _\Dest_1405_8_five.mp4;C:\Users\esthe\Downloads\destroy 14 _\Dest_1405_9_two.mp4,0.0,5.733;7.332;7.532;9.967;5.533;11.765;7.566;7.666;5.399;10.698;14.798;9.032;17.966;5.367;13.428;4.134;10.598;14.335;5.466;17.264;6.999;7.933;4.666,30.000;30.000;30.000;30.000;30.000;30.000;30.000;30.000;30.000;30.000;30.000;30.000;30.000;30.000;30.000;30.000;30.000;30.000;30.000;30.000;30.000;30.000;30.000,Destroy,assessing,,,START,23.329,C:\Users\esthe\Downloads\destroy 14 _\Dest_1405_12_two.mp4,82,NA,
dest_1405,2025-06-26 15:24:30.572,,205.135,Media file(s),player #1:C:\Users\esthe\Downloads\destroy 14 _\commentary;C:\Users\esthe\Downloads\destroy 14 _\Dest_1405_10_three.mp4;C:\Users\esthe\Downloads\destroy 14 _\Dest_1405_11_one.mp4;C:\Users\esthe\Downloads\destroy 14 _\Dest_1405_12_two.mp4;C:\Users\esthe\Downloads\destroy 14 _\Dest_1405_13_five.mp4;C:\Users\esthe\Downloads\destroy 14 _\Dest_1405_14_onehalf.mp4;C:\Users\esthe\Downloads\destroy 14 _\Dest_1405_15_seven.mp4;C:\Users\esthe\Downloads\destroy 14 _\Dest_1405_16_three.mp4;C:\Users\esthe\Downloads\destroy 14 _\Dest_1405_17_three.mp4;C:\Users\esthe\Downloads\destroy 14 _\Dest_1405_18_two.mp4;C:\Users\esthe\Downloads\destroy 14 _\Dest_1405_19_five.mp4;C:\Users\esthe\Downloads\destroy 14 _\Dest_1405_20_one.mp4;C:\Users\esthe\Downloads\destroy 14 _\Dest_1405_21_five.mp4;C:\Users\esthe\Downloads\destroy 14 _\Dest_1405_22_seven.mp4;C:\Users\esthe\Downloads\destroy 14 _\Dest_1405_23_two.mp4;C:\Users\esthe\Downloads\destroy 14 _\Dest_1405_24_three.mp4;C:\Users\esthe\Downloads\destroy 14 _\Dest_1405_3_three.mp4;C:\Users\esthe\Downloads\destroy 14 _\Dest_1405_4_seven.mp4;C:\Users\esthe\Downloads\destroy 14 _\Dest_1405_5_five.mp4;C:\Users\esthe\Downloads\destroy 14 _\Dest_1405_6_seven.mp4;C:\Users\esthe\Downloads\destroy 14 _\Dest_1405_7_two.mp4;C:\Users\esthe\Downloads\destroy 14 _\Dest_1405_8_five.mp4;C:\Users\esthe\Downloads\destroy 14 _\Dest_1405_9_two.mp4,0.0,5.733;7.332;7.532;9.967;5.533;11.765;7.566;7.666;5.399;10.698;14.798;9.032;17.966;5.367;13.428;4.134;10.598;14.335;5.466;17.264;6.999;7.933;4.666,30.000;30.000;30.000;30.000;30.000;30.000;30.000;30.000;30.000;30.000;30.000;30.000;30.000;30.000;30.000;30.000;30.000;30.000;30.000;30.000;30.000;30.000;30.000,Destroy,jaw movement,,,POINT,23.496,C:\Users\esthe\Downloads\destroy 14 _\Dest_1405_12_two.mp4,87,NA,
dest_1405,2025-06-26 15:24:30.572,,205.135,Media file(s),player #1:C:\Users\esthe\Downloads\destroy 14 _\commentary;C:\Users\esthe\Downloads\destroy 14 _\Dest_1405_10_three.mp4;C:\Users\esthe\Downloads\destroy 14 _\Dest_1405_11_one.mp4;C:\Users\esthe\Downloads\destroy 14 _\Dest_1405_12_two.mp4;C:\Users\esthe\Downloads\destroy 14 _\Dest_1405_13_five.mp4;C:\Users\esthe\Downloads\destroy 14 _\Dest_1405_14_onehalf.mp4;C:\Users\esthe\Downloads\destroy 14 _\Dest_1405_15_seven.mp4;C:\Users\esthe\Downloads\destroy 14 _\Dest_1405_16_three.mp4;C:\Users\esthe\Downloads\destroy 14 _\Dest_1405_17_three.mp4;C:\Users\esthe\Downloads\destroy 14 _\Dest_1405_18_two.mp4;C:\Users\esthe\Downloads\destroy 14 _\Dest_1405_19_five.mp4;C:\Users\esthe\Downloads\destroy 14 _\Dest_1405_20_one.mp4;C:\Users\esthe\Downloads\destroy 14 _\Dest_1405_21_five.mp4;C:\Users\esthe\Downloads\destroy 14 _\Dest_1405_22_seven.mp4;C:\Users\esthe\Downloads\destroy 14 _\Dest_1405_23_two.mp4;C:\Users\esthe\Downloads\destroy 14 _\Dest_1405_24_three.mp4;C:\Users\esthe\Downloads\destroy 14 _\Dest_1405_3_three.mp4;C:\Users\esthe\Downloads\destroy 14 _\Dest_1405_4_seven.mp4;C:\Users\esthe\Downloads\destroy 14 _\Dest_1405_5_five.mp4;C:\Users\esthe\Downloads\destroy 14 _\Dest_1405_6_seven.mp4;C:\Users\esthe\Downloads\destroy 14 _\Dest_1405_7_two.mp4;C:\Users\esthe\Downloads\destroy 14 _\Dest_1405_8_five.mp4;C:\Users\esthe\Downloads\destroy 14 _\Dest_1405_9_two.mp4,0.0,5.733;7.332;7.532;9.967;5.533;11.765;7.566;7.666;5.399;10.698;14.798;9.032;17.966;5.367;13.428;4.134;10.598;14.335;5.466;17.264;6.999;7.933;4.666,30.000;30.000;30.000;30.000;30.000;30.000;30.000;30.000;30.000;30.000;30.000;30.000;30.000;30.000;30.000;30.000;30.000;30.000;30.000;30.000;30.000;30.000;30.000,Destroy,jaw movement,,,POINT,23.629,C:\Users\esthe\Downloads\destroy 14 _\Dest_1405_12_two.mp4,91,NA,
dest_1405,2025-06-26 15:24:30.572,,205.135,Media file(s),player #1:C:\Users\esthe\Downloads\destroy 14 _\commentary;C:\Users\esthe\Downloads\destroy 14 _\Dest_1405_10_three.mp4;C:\Users\esthe\Downloads\destroy 14 _\Dest_1405_11_one.mp4;C:\Users\esthe\Downloads\destroy 14 _\Dest_1405_12_two.mp4;C:\Users\esthe\Downloads\destroy 14 _\Dest_1405_13_five.mp4;C:\Users\esthe\Downloads\destroy 14 _\Dest_1405_14_onehalf.mp4;C:\Users\esthe\Downloads\destroy 14 _\Dest_1405_15_seven.mp4;C:\Users\esthe\Downloads\destroy 14 _\Dest_1405_16_three.mp4;C:\Users\esthe\Downloads\destroy 14 _\Dest_1405_17_three.mp4;C:\Users\esthe\Downloads\destroy 14 _\Dest_1405_18_two.mp4;C:\Users\esthe\Downloads\destroy 14 _\Dest_1405_19_five.mp4;C:\Users\esthe\Downloads\destroy 14 _\Dest_1405_20_one.mp4;C:\Users\esthe\Downloads\destroy 14 _\Dest_1405_21_five.mp4;C:\Users\esthe\Downloads\destroy 14 _\Dest_1405_22_seven.mp4;C:\Users\esthe\Downloads\destroy 14 _\Dest_1405_23_two.mp4;C:\Users\esthe\Downloads\destroy 14 _\Dest_1405_24_three.mp4;C:\Users\esthe\Downloads\destroy 14 _\Dest_1405_3_three.mp4;C:\Users\esthe\Downloads\destroy 14 _\Dest_1405_4_seven.mp4;C:\Users\esthe\Downloads\destroy 14 _\Dest_1405_5_five.mp4;C:\Users\esthe\Downloads\destroy 14 _\Dest_1405_6_seven.mp4;C:\Users\esthe\Downloads\destroy 14 _\Dest_1405_7_two.mp4;C:\Users\esthe\Downloads\destroy 14 _\Dest_1405_8_five.mp4;C:\Users\esthe\Downloads\destroy 14 _\Dest_1405_9_two.mp4,0.0,5.733;7.332;7.532;9.967;5.533;11.765;7.566;7.666;5.399;10.698;14.798;9.032;17.966;5.367;13.428;4.134;10.598;14.335;5.466;17.264;6.999;7.933;4.666,30.000;30.000;30.000;30.000;30.000;30.000;30.000;30.000;30.000;30.000;30.000;30.000;30.000;30.000;30.000;30.000;30.000;30.000;30.000;30.000;30.000;30.000;30.000,Destroy,translational movement,,,POINT,23.762,C:\Users\esthe\Downloads\destroy 14 _\Dest_1405_12_two.mp4,95,NA,
dest_1405,2025-06-26 15:24:30.572,,205.135,Media file(s),player #1:C:\Users\esthe\Downloads\destroy 14 _\commentary;C:\Users\esthe\Downloads\destroy 14 _\Dest_1405_10_three.mp4;C:\Users\esthe\Downloads\destroy 14 _\Dest_1405_11_one.mp4;C:\Users\esthe\Downloads\destroy 14 _\Dest_1405_12_two.mp4;C:\Users\esthe\Downloads\destroy 14 _\Dest_1405_13_five.mp4;C:\Users\esthe\Downloads\destroy 14 _\Dest_1405_14_onehalf.mp4;C:\Users\esthe\Downloads\destroy 14 _\Dest_1405_15_seven.mp4;C:\Users\esthe\Downloads\destroy 14 _\Dest_1405_16_three.mp4;C:\Users\esthe\Downloads\destroy 14 _\Dest_1405_17_three.mp4;C:\Users\esthe\Downloads\destroy 14 _\Dest_1405_18_two.mp4;C:\Users\esthe\Downloads\destroy 14 _\Dest_1405_19_five.mp4;C:\Users\esthe\Downloads\destroy 14 _\Dest_1405_20_one.mp4;C:\Users\esthe\Downloads\destroy 14 _\Dest_1405_21_five.mp4;C:\Users\esthe\Downloads\destroy 14 _\Dest_1405_22_seven.mp4;C:\Users\esthe\Downloads\destroy 14 _\Dest_1405_23_two.mp4;C:\Users\esthe\Downloads\destroy 14 _\Dest_1405_24_three.mp4;C:\Users\esthe\Downloads\destroy 14 _\Dest_1405_3_three.mp4;C:\Users\esthe\Downloads\destroy 14 _\Dest_1405_4_seven.mp4;C:\Users\esthe\Downloads\destroy 14 _\Dest_1405_5_five.mp4;C:\Users\esthe\Downloads\destroy 14 _\Dest_1405_6_seven.mp4;C:\Users\esthe\Downloads\destroy 14 _\Dest_1405_7_two.mp4;C:\Users\esthe\Downloads\destroy 14 _\Dest_1405_8_five.mp4;C:\Users\esthe\Downloads\destroy 14 _\Dest_1405_9_two.mp4,0.0,5.733;7.332;7.532;9.967;5.533;11.765;7.566;7.666;5.399;10.698;14.798;9.032;17.966;5.367;13.428;4.134;10.598;14.335;5.466;17.264;6.999;7.933;4.666,30.000;30.000;30.000;30.000;30.000;30.000;30.000;30.000;30.000;30.000;30.000;30.000;30.000;30.000;30.000;30.000;30.000;30.000;30.000;30.000;30.000;30.000;30.000,Destroy,jaw movement,,,POINT,23.829,C:\Users\esthe\Downloads\destroy 14 _\Dest_1405_12_two.mp4,97,NA,
dest_1405,2025-06-26 15:24:30.572,,205.135,Media file(s),player #1:C:\Users\esthe\Downloads\destroy 14 _\commentary;C:\Users\esthe\Downloads\destroy 14 _\Dest_1405_10_three.mp4;C:\Users\esthe\Downloads\destroy 14 _\Dest_1405_11_one.mp4;C:\Users\esthe\Downloads\destroy 14 _\Dest_1405_12_two.mp4;C:\Users\esthe\Downloads\destroy 14 _\Dest_1405_13_five.mp4;C:\Users\esthe\Downloads\destroy 14 _\Dest_1405_14_onehalf.mp4;C:\Users\esthe\Downloads\destroy 14 _\Dest_1405_15_seven.mp4;C:\Users\esthe\Downloads\destroy 14 _\Dest_1405_16_three.mp4;C:\Users\esthe\Downloads\destroy 14 _\Dest_1405_17_three.mp4;C:\Users\esthe\Downloads\destroy 14 _\Dest_1405_18_two.mp4;C:\Users\esthe\Downloads\destroy 14 _\Dest_1405_19_five.mp4;C:\Users\esthe\Downloads\destroy 14 _\Dest_1405_20_one.mp4;C:\Users\esthe\Downloads\destroy 14 _\Dest_1405_21_five.mp4;C:\Users\esthe\Downloads\destroy 14 _\Dest_1405_22_seven.mp4;C:\Users\esthe\Downloads\destroy 14 _\Dest_1405_23_two.mp4;C:\Users\esthe\Downloads\destroy 14 _\Dest_1405_24_three.mp4;C:\Users\esthe\Downloads\destroy 14 _\Dest_1405_3_three.mp4;C:\Users\esthe\Downloads\destroy 14 _\Dest_1405_4_seven.mp4;C:\Users\esthe\Downloads\destroy 14 _\Dest_1405_5_five.mp4;C:\Users\esthe\Downloads\destroy 14 _\Dest_1405_6_seven.mp4;C:\Users\esthe\Downloads\destroy 14 _\Dest_1405_7_two.mp4;C:\Users\esthe\Downloads\destroy 14 _\Dest_1405_8_five.mp4;C:\Users\esthe\Downloads\destroy 14 _\Dest_1405_9_two.mp4,0.0,5.733;7.332;7.532;9.967;5.533;11.765;7.566;7.666;5.399;10.698;14.798;9.032;17.966;5.367;13.428;4.134;10.598;14.335;5.466;17.264;6.999;7.933;4.666,30.000;30.000;30.000;30.000;30.000;30.000;30.000;30.000;30.000;30.000;30.000;30.000;30.000;30.000;30.000;30.000;30.000;30.000;30.000;30.000;30.000;30.000;30.000,Destroy,rotation,,Yaw,START,23.829,C:\Users\esthe\Downloads\destroy 14 _\Dest_1405_12_two.mp4,97,NA,
dest_1405,2025-06-26 15:24:30.572,,205.135,Media file(s),player #1:C:\Users\esthe\Downloads\destroy 14 _\commentary;C:\Users\esthe\Downloads\destroy 14 _\Dest_1405_10_three.mp4;C:\Users\esthe\Downloads\destroy 14 _\Dest_1405_11_one.mp4;C:\Users\esthe\Downloads\destroy 14 _\Dest_1405_12_two.mp4;C:\Users\esthe\Downloads\destroy 14 _\Dest_1405_13_five.mp4;C:\Users\esthe\Downloads\destroy 14 _\Dest_1405_14_onehalf.mp4;C:\Users\esthe\Downloads\destroy 14 _\Dest_1405_15_seven.mp4;C:\Users\esthe\Downloads\destroy 14 _\Dest_1405_16_three.mp4;C:\Users\esthe\Downloads\destroy 14 _\Dest_1405_17_three.mp4;C:\Users\esthe\Downloads\destroy 14 _\Dest_1405_18_two.mp4;C:\Users\esthe\Downloads\destroy 14 _\Dest_1405_19_five.mp4;C:\Users\esthe\Downloads\destroy 14 _\Dest_1405_20_one.mp4;C:\Users\esthe\Downloads\destroy 14 _\Dest_1405_21_five.mp4;C:\Users\esthe\Downloads\destroy 14 _\Dest_1405_22_seven.mp4;C:\Users\esthe\Downloads\destroy 14 _\Dest_1405_23_two.mp4;C:\Users\esthe\Downloads\destroy 14 _\Dest_1405_24_three.mp4;C:\Users\esthe\Downloads\destroy 14 _\Dest_1405_3_three.mp4;C:\Users\esthe\Downloads\destroy 14 _\Dest_1405_4_seven.mp4;C:\Users\esthe\Downloads\destroy 14 _\Dest_1405_5_five.mp4;C:\Users\esthe\Downloads\destroy 14 _\Dest_1405_6_seven.mp4;C:\Users\esthe\Downloads\destroy 14 _\Dest_1405_7_two.mp4;C:\Users\esthe\Downloads\destroy 14 _\Dest_1405_8_five.mp4;C:\Users\esthe\Downloads\destroy 14 _\Dest_1405_9_two.mp4,0.0,5.733;7.332;7.532;9.967;5.533;11.765;7.566;7.666;5.399;10.698;14.798;9.032;17.966;5.367;13.428;4.134;10.598;14.335;5.466;17.264;6.999;7.933;4.666,30.000;30.000;30.000;30.000;30.000;30.000;30.000;30.000;30.000;30.000;30.000;30.000;30.000;30.000;30.000;30.000;30.000;30.000;30.000;30.000;30.000;30.000;30.000,Destroy,jaw movement,,,POINT,24.096,C:\Users\esthe\Downloads\destroy 14 _\Dest_1405_12_two.mp4,105,NA,
dest_1405,2025-06-26 15:24:30.572,,205.135,Media file(s),player #1:C:\Users\esthe\Downloads\destroy 14 _\commentary;C:\Users\esthe\Downloads\destroy 14 _\Dest_1405_10_three.mp4;C:\Users\esthe\Downloads\destroy 14 _\Dest_1405_11_one.mp4;C:\Users\esthe\Downloads\destroy 14 _\Dest_1405_12_two.mp4;C:\Users\esthe\Downloads\destroy 14 _\Dest_1405_13_five.mp4;C:\Users\esthe\Downloads\destroy 14 _\Dest_1405_14_onehalf.mp4;C:\Users\esthe\Downloads\destroy 14 _\Dest_1405_15_seven.mp4;C:\Users\esthe\Downloads\destroy 14 _\Dest_1405_16_three.mp4;C:\Users\esthe\Downloads\destroy 14 _\Dest_1405_17_three.mp4;C:\Users\esthe\Downloads\destroy 14 _\Dest_1405_18_two.mp4;C:\Users\esthe\Downloads\destroy 14 _\Dest_1405_19_five.mp4;C:\Users\esthe\Downloads\destroy 14 _\Dest_1405_20_one.mp4;C:\Users\esthe\Downloads\destroy 14 _\Dest_1405_21_five.mp4;C:\Users\esthe\Downloads\destroy 14 _\Dest_1405_22_seven.mp4;C:\Users\esthe\Downloads\destroy 14 _\Dest_1405_23_two.mp4;C:\Users\esthe\Downloads\destroy 14 _\Dest_1405_24_three.mp4;C:\Users\esthe\Downloads\destroy 14 _\Dest_1405_3_three.mp4;C:\Users\esthe\Downloads\destroy 14 _\Dest_1405_4_seven.mp4;C:\Users\esthe\Downloads\destroy 14 _\Dest_1405_5_five.mp4;C:\Users\esthe\Downloads\destroy 14 _\Dest_1405_6_seven.mp4;C:\Users\esthe\Downloads\destroy 14 _\Dest_1405_7_two.mp4;C:\Users\esthe\Downloads\destroy 14 _\Dest_1405_8_five.mp4;C:\Users\esthe\Downloads\destroy 14 _\Dest_1405_9_two.mp4,0.0,5.733;7.332;7.532;9.967;5.533;11.765;7.566;7.666;5.399;10.698;14.798;9.032;17.966;5.367;13.428;4.134;10.598;14.335;5.466;17.264;6.999;7.933;4.666,30.000;30.000;30.000;30.000;30.000;30.000;30.000;30.000;30.000;30.000;30.000;30.000;30.000;30.000;30.000;30.000;30.000;30.000;30.000;30.000;30.000;30.000;30.000,Destroy,jaw movement,,,POINT,24.329,C:\Users\esthe\Downloads\destroy 14 _\Dest_1405_12_two.mp4,112,NA,
dest_1405,2025-06-26 15:24:30.572,,205.135,Media file(s),player #1:C:\Users\esthe\Downloads\destroy 14 _\commentary;C:\Users\esthe\Downloads\destroy 14 _\Dest_1405_10_three.mp4;C:\Users\esthe\Downloads\destroy 14 _\Dest_1405_11_one.mp4;C:\Users\esthe\Downloads\destroy 14 _\Dest_1405_12_two.mp4;C:\Users\esthe\Downloads\destroy 14 _\Dest_1405_13_five.mp4;C:\Users\esthe\Downloads\destroy 14 _\Dest_1405_14_onehalf.mp4;C:\Users\esthe\Downloads\destroy 14 _\Dest_1405_15_seven.mp4;C:\Users\esthe\Downloads\destroy 14 _\Dest_1405_16_three.mp4;C:\Users\esthe\Downloads\destroy 14 _\Dest_1405_17_three.mp4;C:\Users\esthe\Downloads\destroy 14 _\Dest_1405_18_two.mp4;C:\Users\esthe\Downloads\destroy 14 _\Dest_1405_19_five.mp4;C:\Users\esthe\Downloads\destroy 14 _\Dest_1405_20_one.mp4;C:\Users\esthe\Downloads\destroy 14 _\Dest_1405_21_five.mp4;C:\Users\esthe\Downloads\destroy 14 _\Dest_1405_22_seven.mp4;C:\Users\esthe\Downloads\destroy 14 _\Dest_1405_23_two.mp4;C:\Users\esthe\Downloads\destroy 14 _\Dest_1405_24_three.mp4;C:\Users\esthe\Downloads\destroy 14 _\Dest_1405_3_three.mp4;C:\Users\esthe\Downloads\destroy 14 _\Dest_1405_4_seven.mp4;C:\Users\esthe\Downloads\destroy 14 _\Dest_1405_5_five.mp4;C:\Users\esthe\Downloads\destroy 14 _\Dest_1405_6_seven.mp4;C:\Users\esthe\Downloads\destroy 14 _\Dest_1405_7_two.mp4;C:\Users\esthe\Downloads\destroy 14 _\Dest_1405_8_five.mp4;C:\Users\esthe\Downloads\destroy 14 _\Dest_1405_9_two.mp4,0.0,5.733;7.332;7.532;9.967;5.533;11.765;7.566;7.666;5.399;10.698;14.798;9.032;17.966;5.367;13.428;4.134;10.598;14.335;5.466;17.264;6.999;7.933;4.666,30.000;30.000;30.000;30.000;30.000;30.000;30.000;30.000;30.000;30.000;30.000;30.000;30.000;30.000;30.000;30.000;30.000;30.000;30.000;30.000;30.000;30.000;30.000,Destroy,rotation,,Yaw,STOP,24.329,C:\Users\esthe\Downloads\destroy 14 _\Dest_1405_12_two.mp4,112,NA,
dest_1405,2025-06-26 15:24:30.572,,205.135,Media file(s),player #1:C:\Users\esthe\Downloads\destroy 14 _\commentary;C:\Users\esthe\Downloads\destroy 14 _\Dest_1405_10_three.mp4;C:\Users\esthe\Downloads\destroy 14 _\Dest_1405_11_one.mp4;C:\Users\esthe\Downloads\destroy 14 _\Dest_1405_12_two.mp4;C:\Users\esthe\Downloads\destroy 14 _\Dest_1405_13_five.mp4;C:\Users\esthe\Downloads\destroy 14 _\Dest_1405_14_onehalf.mp4;C:\Users\esthe\Downloads\destroy 14 _\Dest_1405_15_seven.mp4;C:\Users\esthe\Downloads\destroy 14 _\Dest_1405_16_three.mp4;C:\Users\esthe\Downloads\destroy 14 _\Dest_1405_17_three.mp4;C:\Users\esthe\Downloads\destroy 14 _\Dest_1405_18_two.mp4;C:\Users\esthe\Downloads\destroy 14 _\Dest_1405_19_five.mp4;C:\Users\esthe\Downloads\destroy 14 _\Dest_1405_20_one.mp4;C:\Users\esthe\Downloads\destroy 14 _\Dest_1405_21_five.mp4;C:\Users\esthe\Downloads\destroy 14 _\Dest_1405_22_seven.mp4;C:\Users\esthe\Downloads\destroy 14 _\Dest_1405_23_two.mp4;C:\Users\esthe\Downloads\destroy 14 _\Dest_1405_24_three.mp4;C:\Users\esthe\Downloads\destroy 14 _\Dest_1405_3_three.mp4;C:\Users\esthe\Downloads\destroy 14 _\Dest_1405_4_seven.mp4;C:\Users\esthe\Downloads\destroy 14 _\Dest_1405_5_five.mp4;C:\Users\esthe\Downloads\destroy 14 _\Dest_1405_6_seven.mp4;C:\Users\esthe\Downloads\destroy 14 _\Dest_1405_7_two.mp4;C:\Users\esthe\Downloads\destroy 14 _\Dest_1405_8_five.mp4;C:\Users\esthe\Downloads\destroy 14 _\Dest_1405_9_two.mp4,0.0,5.733;7.332;7.532;9.967;5.533;11.765;7.566;7.666;5.399;10.698;14.798;9.032;17.966;5.367;13.428;4.134;10.598;14.335;5.466;17.264;6.999;7.933;4.666,30.000;30.000;30.000;30.000;30.000;30.000;30.000;30.000;30.000;30.000;30.000;30.000;30.000;30.000;30.000;30.000;30.000;30.000;30.000;30.000;30.000;30.000;30.000,Destroy,jaw movement,,,POINT,24.529,C:\Users\esthe\Downloads\destroy 14 _\Dest_1405_12_two.mp4,118,NA,
dest_1405,2025-06-26 15:24:30.572,,205.135,Media file(s),player #1:C:\Users\esthe\Downloads\destroy 14 _\commentary;C:\Users\esthe\Downloads\destroy 14 _\Dest_1405_10_three.mp4;C:\Users\esthe\Downloads\destroy 14 _\Dest_1405_11_one.mp4;C:\Users\esthe\Downloads\destroy 14 _\Dest_1405_12_two.mp4;C:\Users\esthe\Downloads\destroy 14 _\Dest_1405_13_five.mp4;C:\Users\esthe\Downloads\destroy 14 _\Dest_1405_14_onehalf.mp4;C:\Users\esthe\Downloads\destroy 14 _\Dest_1405_15_seven.mp4;C:\Users\esthe\Downloads\destroy 14 _\Dest_1405_16_three.mp4;C:\Users\esthe\Downloads\destroy 14 _\Dest_1405_17_three.mp4;C:\Users\esthe\Downloads\destroy 14 _\Dest_1405_18_two.mp4;C:\Users\esthe\Downloads\destroy 14 _\Dest_1405_19_five.mp4;C:\Users\esthe\Downloads\destroy 14 _\Dest_1405_20_one.mp4;C:\Users\esthe\Downloads\destroy 14 _\Dest_1405_21_five.mp4;C:\Users\esthe\Downloads\destroy 14 _\Dest_1405_22_seven.mp4;C:\Users\esthe\Downloads\destroy 14 _\Dest_1405_23_two.mp4;C:\Users\esthe\Downloads\destroy 14 _\Dest_1405_24_three.mp4;C:\Users\esthe\Downloads\destroy 14 _\Dest_1405_3_three.mp4;C:\Users\esthe\Downloads\destroy 14 _\Dest_1405_4_seven.mp4;C:\Users\esthe\Downloads\destroy 14 _\Dest_1405_5_five.mp4;C:\Users\esthe\Downloads\destroy 14 _\Dest_1405_6_seven.mp4;C:\Users\esthe\Downloads\destroy 14 _\Dest_1405_7_two.mp4;C:\Users\esthe\Downloads\destroy 14 _\Dest_1405_8_five.mp4;C:\Users\esthe\Downloads\destroy 14 _\Dest_1405_9_two.mp4,0.0,5.733;7.332;7.532;9.967;5.533;11.765;7.566;7.666;5.399;10.698;14.798;9.032;17.966;5.367;13.428;4.134;10.598;14.335;5.466;17.264;6.999;7.933;4.666,30.000;30.000;30.000;30.000;30.000;30.000;30.000;30.000;30.000;30.000;30.000;30.000;30.000;30.000;30.000;30.000;30.000;30.000;30.000;30.000;30.000;30.000;30.000,Destroy,jaw movement,,,POINT,24.829,C:\Users\esthe\Downloads\destroy 14 _\Dest_1405_12_two.mp4,127,NA,
dest_1405,2025-06-26 15:24:30.572,,205.135,Media file(s),player #1:C:\Users\esthe\Downloads\destroy 14 _\commentary;C:\Users\esthe\Downloads\destroy 14 _\Dest_1405_10_three.mp4;C:\Users\esthe\Downloads\destroy 14 _\Dest_1405_11_one.mp4;C:\Users\esthe\Downloads\destroy 14 _\Dest_1405_12_two.mp4;C:\Users\esthe\Downloads\destroy 14 _\Dest_1405_13_five.mp4;C:\Users\esthe\Downloads\destroy 14 _\Dest_1405_14_onehalf.mp4;C:\Users\esthe\Downloads\destroy 14 _\Dest_1405_15_seven.mp4;C:\Users\esthe\Downloads\destroy 14 _\Dest_1405_16_three.mp4;C:\Users\esthe\Downloads\destroy 14 _\Dest_1405_17_three.mp4;C:\Users\esthe\Downloads\destroy 14 _\Dest_1405_18_two.mp4;C:\Users\esthe\Downloads\destroy 14 _\Dest_1405_19_five.mp4;C:\Users\esthe\Downloads\destroy 14 _\Dest_1405_20_one.mp4;C:\Users\esthe\Downloads\destroy 14 _\Dest_1405_21_five.mp4;C:\Users\esthe\Downloads\destroy 14 _\Dest_1405_22_seven.mp4;C:\Users\esthe\Downloads\destroy 14 _\Dest_1405_23_two.mp4;C:\Users\esthe\Downloads\destroy 14 _\Dest_1405_24_three.mp4;C:\Users\esthe\Downloads\destroy 14 _\Dest_1405_3_three.mp4;C:\Users\esthe\Downloads\destroy 14 _\Dest_1405_4_seven.mp4;C:\Users\esthe\Downloads\destroy 14 _\Dest_1405_5_five.mp4;C:\Users\esthe\Downloads\destroy 14 _\Dest_1405_6_seven.mp4;C:\Users\esthe\Downloads\destroy 14 _\Dest_1405_7_two.mp4;C:\Users\esthe\Downloads\destroy 14 _\Dest_1405_8_five.mp4;C:\Users\esthe\Downloads\destroy 14 _\Dest_1405_9_two.mp4,0.0,5.733;7.332;7.532;9.967;5.533;11.765;7.566;7.666;5.399;10.698;14.798;9.032;17.966;5.367;13.428;4.134;10.598;14.335;5.466;17.264;6.999;7.933;4.666,30.000;30.000;30.000;30.000;30.000;30.000;30.000;30.000;30.000;30.000;30.000;30.000;30.000;30.000;30.000;30.000;30.000;30.000;30.000;30.000;30.000;30.000;30.000,Destroy,jaw movement,,,POINT,25.229,C:\Users\esthe\Downloads\destroy 14 _\Dest_1405_12_two.mp4,139,NA,
dest_1405,2025-06-26 15:24:30.572,,205.135,Media file(s),player #1:C:\Users\esthe\Downloads\destroy 14 _\commentary;C:\Users\esthe\Downloads\destroy 14 _\Dest_1405_10_three.mp4;C:\Users\esthe\Downloads\destroy 14 _\Dest_1405_11_one.mp4;C:\Users\esthe\Downloads\destroy 14 _\Dest_1405_12_two.mp4;C:\Users\esthe\Downloads\destroy 14 _\Dest_1405_13_five.mp4;C:\Users\esthe\Downloads\destroy 14 _\Dest_1405_14_onehalf.mp4;C:\Users\esthe\Downloads\destroy 14 _\Dest_1405_15_seven.mp4;C:\Users\esthe\Downloads\destroy 14 _\Dest_1405_16_three.mp4;C:\Users\esthe\Downloads\destroy 14 _\Dest_1405_17_three.mp4;C:\Users\esthe\Downloads\destroy 14 _\Dest_1405_18_two.mp4;C:\Users\esthe\Downloads\destroy 14 _\Dest_1405_19_five.mp4;C:\Users\esthe\Downloads\destroy 14 _\Dest_1405_20_one.mp4;C:\Users\esthe\Downloads\destroy 14 _\Dest_1405_21_five.mp4;C:\Users\esthe\Downloads\destroy 14 _\Dest_1405_22_seven.mp4;C:\Users\esthe\Downloads\destroy 14 _\Dest_1405_23_two.mp4;C:\Users\esthe\Downloads\destroy 14 _\Dest_1405_24_three.mp4;C:\Users\esthe\Downloads\destroy 14 _\Dest_1405_3_three.mp4;C:\Users\esthe\Downloads\destroy 14 _\Dest_1405_4_seven.mp4;C:\Users\esthe\Downloads\destroy 14 _\Dest_1405_5_five.mp4;C:\Users\esthe\Downloads\destroy 14 _\Dest_1405_6_seven.mp4;C:\Users\esthe\Downloads\destroy 14 _\Dest_1405_7_two.mp4;C:\Users\esthe\Downloads\destroy 14 _\Dest_1405_8_five.mp4;C:\Users\esthe\Downloads\destroy 14 _\Dest_1405_9_two.mp4,0.0,5.733;7.332;7.532;9.967;5.533;11.765;7.566;7.666;5.399;10.698;14.798;9.032;17.966;5.367;13.428;4.134;10.598;14.335;5.466;17.264;6.999;7.933;4.666,30.000;30.000;30.000;30.000;30.000;30.000;30.000;30.000;30.000;30.000;30.000;30.000;30.000;30.000;30.000;30.000;30.000;30.000;30.000;30.000;30.000;30.000;30.000,Destroy,translational movement,,,POINT,25.229,C:\Users\esthe\Downloads\destroy 14 _\Dest_1405_12_two.mp4,139,NA,
dest_1405,2025-06-26 15:24:30.572,,205.135,Media file(s),player #1:C:\Users\esthe\Downloads\destroy 14 _\commentary;C:\Users\esthe\Downloads\destroy 14 _\Dest_1405_10_three.mp4;C:\Users\esthe\Downloads\destroy 14 _\Dest_1405_11_one.mp4;C:\Users\esthe\Downloads\destroy 14 _\Dest_1405_12_two.mp4;C:\Users\esthe\Downloads\destroy 14 _\Dest_1405_13_five.mp4;C:\Users\esthe\Downloads\destroy 14 _\Dest_1405_14_onehalf.mp4;C:\Users\esthe\Downloads\destroy 14 _\Dest_1405_15_seven.mp4;C:\Users\esthe\Downloads\destroy 14 _\Dest_1405_16_three.mp4;C:\Users\esthe\Downloads\destroy 14 _\Dest_1405_17_three.mp4;C:\Users\esthe\Downloads\destroy 14 _\Dest_1405_18_two.mp4;C:\Users\esthe\Downloads\destroy 14 _\Dest_1405_19_five.mp4;C:\Users\esthe\Downloads\destroy 14 _\Dest_1405_20_one.mp4;C:\Users\esthe\Downloads\destroy 14 _\Dest_1405_21_five.mp4;C:\Users\esthe\Downloads\destroy 14 _\Dest_1405_22_seven.mp4;C:\Users\esthe\Downloads\destroy 14 _\Dest_1405_23_two.mp4;C:\Users\esthe\Downloads\destroy 14 _\Dest_1405_24_three.mp4;C:\Users\esthe\Downloads\destroy 14 _\Dest_1405_3_three.mp4;C:\Users\esthe\Downloads\destroy 14 _\Dest_1405_4_seven.mp4;C:\Users\esthe\Downloads\destroy 14 _\Dest_1405_5_five.mp4;C:\Users\esthe\Downloads\destroy 14 _\Dest_1405_6_seven.mp4;C:\Users\esthe\Downloads\destroy 14 _\Dest_1405_7_two.mp4;C:\Users\esthe\Downloads\destroy 14 _\Dest_1405_8_five.mp4;C:\Users\esthe\Downloads\destroy 14 _\Dest_1405_9_two.mp4,0.0,5.733;7.332;7.532;9.967;5.533;11.765;7.566;7.666;5.399;10.698;14.798;9.032;17.966;5.367;13.428;4.134;10.598;14.335;5.466;17.264;6.999;7.933;4.666,30.000;30.000;30.000;30.000;30.000;30.000;30.000;30.000;30.000;30.000;30.000;30.000;30.000;30.000;30.000;30.000;30.000;30.000;30.000;30.000;30.000;30.000;30.000,Destroy,teeth-hole contact,,,POINT,25.829,C:\Users\esthe\Downloads\destroy 14 _\Dest_1405_12_two.mp4,157,NA,
dest_1405,2025-06-26 15:24:30.572,,205.135,Media file(s),player #1:C:\Users\esthe\Downloads\destroy 14 _\commentary;C:\Users\esthe\Downloads\destroy 14 _\Dest_1405_10_three.mp4;C:\Users\esthe\Downloads\destroy 14 _\Dest_1405_11_one.mp4;C:\Users\esthe\Downloads\destroy 14 _\Dest_1405_12_two.mp4;C:\Users\esthe\Downloads\destroy 14 _\Dest_1405_13_five.mp4;C:\Users\esthe\Downloads\destroy 14 _\Dest_1405_14_onehalf.mp4;C:\Users\esthe\Downloads\destroy 14 _\Dest_1405_15_seven.mp4;C:\Users\esthe\Downloads\destroy 14 _\Dest_1405_16_three.mp4;C:\Users\esthe\Downloads\destroy 14 _\Dest_1405_17_three.mp4;C:\Users\esthe\Downloads\destroy 14 _\Dest_1405_18_two.mp4;C:\Users\esthe\Downloads\destroy 14 _\Dest_1405_19_five.mp4;C:\Users\esthe\Downloads\destroy 14 _\Dest_1405_20_one.mp4;C:\Users\esthe\Downloads\destroy 14 _\Dest_1405_21_five.mp4;C:\Users\esthe\Downloads\destroy 14 _\Dest_1405_22_seven.mp4;C:\Users\esthe\Downloads\destroy 14 _\Dest_1405_23_two.mp4;C:\Users\esthe\Downloads\destroy 14 _\Dest_1405_24_three.mp4;C:\Users\esthe\Downloads\destroy 14 _\Dest_1405_3_three.mp4;C:\Users\esthe\Downloads\destroy 14 _\Dest_1405_4_seven.mp4;C:\Users\esthe\Downloads\destroy 14 _\Dest_1405_5_five.mp4;C:\Users\esthe\Downloads\destroy 14 _\Dest_1405_6_seven.mp4;C:\Users\esthe\Downloads\destroy 14 _\Dest_1405_7_two.mp4;C:\Users\esthe\Downloads\destroy 14 _\Dest_1405_8_five.mp4;C:\Users\esthe\Downloads\destroy 14 _\Dest_1405_9_two.mp4,0.0,5.733;7.332;7.532;9.967;5.533;11.765;7.566;7.666;5.399;10.698;14.798;9.032;17.966;5.367;13.428;4.134;10.598;14.335;5.466;17.264;6.999;7.933;4.666,30.000;30.000;30.000;30.000;30.000;30.000;30.000;30.000;30.000;30.000;30.000;30.000;30.000;30.000;30.000;30.000;30.000;30.000;30.000;30.000;30.000;30.000;30.000,Destroy,teeth-hole contact,,,POINT,26.096,C:\Users\esthe\Downloads\destroy 14 _\Dest_1405_12_two.mp4,165,NA,
dest_1405,2025-06-26 15:24:30.572,,205.135,Media file(s),player #1:C:\Users\esthe\Downloads\destroy 14 _\commentary;C:\Users\esthe\Downloads\destroy 14 _\Dest_1405_10_three.mp4;C:\Users\esthe\Downloads\destroy 14 _\Dest_1405_11_one.mp4;C:\Users\esthe\Downloads\destroy 14 _\Dest_1405_12_two.mp4;C:\Users\esthe\Downloads\destroy 14 _\Dest_1405_13_five.mp4;C:\Users\esthe\Downloads\destroy 14 _\Dest_1405_14_onehalf.mp4;C:\Users\esthe\Downloads\destroy 14 _\Dest_1405_15_seven.mp4;C:\Users\esthe\Downloads\destroy 14 _\Dest_1405_16_three.mp4;C:\Users\esthe\Downloads\destroy 14 _\Dest_1405_17_three.mp4;C:\Users\esthe\Downloads\destroy 14 _\Dest_1405_18_two.mp4;C:\Users\esthe\Downloads\destroy 14 _\Dest_1405_19_five.mp4;C:\Users\esthe\Downloads\destroy 14 _\Dest_1405_20_one.mp4;C:\Users\esthe\Downloads\destroy 14 _\Dest_1405_21_five.mp4;C:\Users\esthe\Downloads\destroy 14 _\Dest_1405_22_seven.mp4;C:\Users\esthe\Downloads\destroy 14 _\Dest_1405_23_two.mp4;C:\Users\esthe\Downloads\destroy 14 _\Dest_1405_24_three.mp4;C:\Users\esthe\Downloads\destroy 14 _\Dest_1405_3_three.mp4;C:\Users\esthe\Downloads\destroy 14 _\Dest_1405_4_seven.mp4;C:\Users\esthe\Downloads\destroy 14 _\Dest_1405_5_five.mp4;C:\Users\esthe\Downloads\destroy 14 _\Dest_1405_6_seven.mp4;C:\Users\esthe\Downloads\destroy 14 _\Dest_1405_7_two.mp4;C:\Users\esthe\Downloads\destroy 14 _\Dest_1405_8_five.mp4;C:\Users\esthe\Downloads\destroy 14 _\Dest_1405_9_two.mp4,0.0,5.733;7.332;7.532;9.967;5.533;11.765;7.566;7.666;5.399;10.698;14.798;9.032;17.966;5.367;13.428;4.134;10.598;14.335;5.466;17.264;6.999;7.933;4.666,30.000;30.000;30.000;30.000;30.000;30.000;30.000;30.000;30.000;30.000;30.000;30.000;30.000;30.000;30.000;30.000;30.000;30.000;30.000;30.000;30.000;30.000;30.000,Destroy,teeth-hole contact,,,POINT,26.829,C:\Users\esthe\Downloads\destroy 14 _\Dest_1405_12_two.mp4,187,NA,
dest_1405,2025-06-26 15:24:30.572,,205.135,Media file(s),player #1:C:\Users\esthe\Downloads\destroy 14 _\commentary;C:\Users\esthe\Downloads\destroy 14 _\Dest_1405_10_three.mp4;C:\Users\esthe\Downloads\destroy 14 _\Dest_1405_11_one.mp4;C:\Users\esthe\Downloads\destroy 14 _\Dest_1405_12_two.mp4;C:\Users\esthe\Downloads\destroy 14 _\Dest_1405_13_five.mp4;C:\Users\esthe\Downloads\destroy 14 _\Dest_1405_14_onehalf.mp4;C:\Users\esthe\Downloads\destroy 14 _\Dest_1405_15_seven.mp4;C:\Users\esthe\Downloads\destroy 14 _\Dest_1405_16_three.mp4;C:\Users\esthe\Downloads\destroy 14 _\Dest_1405_17_three.mp4;C:\Users\esthe\Downloads\destroy 14 _\Dest_1405_18_two.mp4;C:\Users\esthe\Downloads\destroy 14 _\Dest_1405_19_five.mp4;C:\Users\esthe\Downloads\destroy 14 _\Dest_1405_20_one.mp4;C:\Users\esthe\Downloads\destroy 14 _\Dest_1405_21_five.mp4;C:\Users\esthe\Downloads\destroy 14 _\Dest_1405_22_seven.mp4;C:\Users\esthe\Downloads\destroy 14 _\Dest_1405_23_two.mp4;C:\Users\esthe\Downloads\destroy 14 _\Dest_1405_24_three.mp4;C:\Users\esthe\Downloads\destroy 14 _\Dest_1405_3_three.mp4;C:\Users\esthe\Downloads\destroy 14 _\Dest_1405_4_seven.mp4;C:\Users\esthe\Downloads\destroy 14 _\Dest_1405_5_five.mp4;C:\Users\esthe\Downloads\destroy 14 _\Dest_1405_6_seven.mp4;C:\Users\esthe\Downloads\destroy 14 _\Dest_1405_7_two.mp4;C:\Users\esthe\Downloads\destroy 14 _\Dest_1405_8_five.mp4;C:\Users\esthe\Downloads\destroy 14 _\Dest_1405_9_two.mp4,0.0,5.733;7.332;7.532;9.967;5.533;11.765;7.566;7.666;5.399;10.698;14.798;9.032;17.966;5.367;13.428;4.134;10.598;14.335;5.466;17.264;6.999;7.933;4.666,30.000;30.000;30.000;30.000;30.000;30.000;30.000;30.000;30.000;30.000;30.000;30.000;30.000;30.000;30.000;30.000;30.000;30.000;30.000;30.000;30.000;30.000;30.000,Destroy,sniffing,,,POINT,27.963,C:\Users\esthe\Downloads\destroy 14 _\Dest_1405_12_two.mp4,221,NA,
dest_1405,2025-06-26 15:24:30.572,,205.135,Media file(s),player #1:C:\Users\esthe\Downloads\destroy 14 _\commentary;C:\Users\esthe\Downloads\destroy 14 _\Dest_1405_10_three.mp4;C:\Users\esthe\Downloads\destroy 14 _\Dest_1405_11_one.mp4;C:\Users\esthe\Downloads\destroy 14 _\Dest_1405_12_two.mp4;C:\Users\esthe\Downloads\destroy 14 _\Dest_1405_13_five.mp4;C:\Users\esthe\Downloads\destroy 14 _\Dest_1405_14_onehalf.mp4;C:\Users\esthe\Downloads\destroy 14 _\Dest_1405_15_seven.mp4;C:\Users\esthe\Downloads\destroy 14 _\Dest_1405_16_three.mp4;C:\Users\esthe\Downloads\destroy 14 _\Dest_1405_17_three.mp4;C:\Users\esthe\Downloads\destroy 14 _\Dest_1405_18_two.mp4;C:\Users\esthe\Downloads\destroy 14 _\Dest_1405_19_five.mp4;C:\Users\esthe\Downloads\destroy 14 _\Dest_1405_20_one.mp4;C:\Users\esthe\Downloads\destroy 14 _\Dest_1405_21_five.mp4;C:\Users\esthe\Downloads\destroy 14 _\Dest_1405_22_seven.mp4;C:\Users\esthe\Downloads\destroy 14 _\Dest_1405_23_two.mp4;C:\Users\esthe\Downloads\destroy 14 _\Dest_1405_24_three.mp4;C:\Users\esthe\Downloads\destroy 14 _\Dest_1405_3_three.mp4;C:\Users\esthe\Downloads\destroy 14 _\Dest_1405_4_seven.mp4;C:\Users\esthe\Downloads\destroy 14 _\Dest_1405_5_five.mp4;C:\Users\esthe\Downloads\destroy 14 _\Dest_1405_6_seven.mp4;C:\Users\esthe\Downloads\destroy 14 _\Dest_1405_7_two.mp4;C:\Users\esthe\Downloads\destroy 14 _\Dest_1405_8_five.mp4;C:\Users\esthe\Downloads\destroy 14 _\Dest_1405_9_two.mp4,0.0,5.733;7.332;7.532;9.967;5.533;11.765;7.566;7.666;5.399;10.698;14.798;9.032;17.966;5.367;13.428;4.134;10.598;14.335;5.466;17.264;6.999;7.933;4.666,30.000;30.000;30.000;30.000;30.000;30.000;30.000;30.000;30.000;30.000;30.000;30.000;30.000;30.000;30.000;30.000;30.000;30.000;30.000;30.000;30.000;30.000;30.000,Destroy,jaw movement,,,POINT,28.230,C:\Users\esthe\Downloads\destroy 14 _\Dest_1405_12_two.mp4,229,NA,
dest_1405,2025-06-26 15:24:30.572,,205.135,Media file(s),player #1:C:\Users\esthe\Downloads\destroy 14 _\commentary;C:\Users\esthe\Downloads\destroy 14 _\Dest_1405_10_three.mp4;C:\Users\esthe\Downloads\destroy 14 _\Dest_1405_11_one.mp4;C:\Users\esthe\Downloads\destroy 14 _\Dest_1405_12_two.mp4;C:\Users\esthe\Downloads\destroy 14 _\Dest_1405_13_five.mp4;C:\Users\esthe\Downloads\destroy 14 _\Dest_1405_14_onehalf.mp4;C:\Users\esthe\Downloads\destroy 14 _\Dest_1405_15_seven.mp4;C:\Users\esthe\Downloads\destroy 14 _\Dest_1405_16_three.mp4;C:\Users\esthe\Downloads\destroy 14 _\Dest_1405_17_three.mp4;C:\Users\esthe\Downloads\destroy 14 _\Dest_1405_18_two.mp4;C:\Users\esthe\Downloads\destroy 14 _\Dest_1405_19_five.mp4;C:\Users\esthe\Downloads\destroy 14 _\Dest_1405_20_one.mp4;C:\Users\esthe\Downloads\destroy 14 _\Dest_1405_21_five.mp4;C:\Users\esthe\Downloads\destroy 14 _\Dest_1405_22_seven.mp4;C:\Users\esthe\Downloads\destroy 14 _\Dest_1405_23_two.mp4;C:\Users\esthe\Downloads\destroy 14 _\Dest_1405_24_three.mp4;C:\Users\esthe\Downloads\destroy 14 _\Dest_1405_3_three.mp4;C:\Users\esthe\Downloads\destroy 14 _\Dest_1405_4_seven.mp4;C:\Users\esthe\Downloads\destroy 14 _\Dest_1405_5_five.mp4;C:\Users\esthe\Downloads\destroy 14 _\Dest_1405_6_seven.mp4;C:\Users\esthe\Downloads\destroy 14 _\Dest_1405_7_two.mp4;C:\Users\esthe\Downloads\destroy 14 _\Dest_1405_8_five.mp4;C:\Users\esthe\Downloads\destroy 14 _\Dest_1405_9_two.mp4,0.0,5.733;7.332;7.532;9.967;5.533;11.765;7.566;7.666;5.399;10.698;14.798;9.032;17.966;5.367;13.428;4.134;10.598;14.335;5.466;17.264;6.999;7.933;4.666,30.000;30.000;30.000;30.000;30.000;30.000;30.000;30.000;30.000;30.000;30.000;30.000;30.000;30.000;30.000;30.000;30.000;30.000;30.000;30.000;30.000;30.000;30.000,Destroy,jaw movement,,,POINT,28.796,C:\Users\esthe\Downloads\destroy 14 _\Dest_1405_12_two.mp4,246,NA,
dest_1405,2025-06-26 15:24:30.572,,205.135,Media file(s),player #1:C:\Users\esthe\Downloads\destroy 14 _\commentary;C:\Users\esthe\Downloads\destroy 14 _\Dest_1405_10_three.mp4;C:\Users\esthe\Downloads\destroy 14 _\Dest_1405_11_one.mp4;C:\Users\esthe\Downloads\destroy 14 _\Dest_1405_12_two.mp4;C:\Users\esthe\Downloads\destroy 14 _\Dest_1405_13_five.mp4;C:\Users\esthe\Downloads\destroy 14 _\Dest_1405_14_onehalf.mp4;C:\Users\esthe\Downloads\destroy 14 _\Dest_1405_15_seven.mp4;C:\Users\esthe\Downloads\destroy 14 _\Dest_1405_16_three.mp4;C:\Users\esthe\Downloads\destroy 14 _\Dest_1405_17_three.mp4;C:\Users\esthe\Downloads\destroy 14 _\Dest_1405_18_two.mp4;C:\Users\esthe\Downloads\destroy 14 _\Dest_1405_19_five.mp4;C:\Users\esthe\Downloads\destroy 14 _\Dest_1405_20_one.mp4;C:\Users\esthe\Downloads\destroy 14 _\Dest_1405_21_five.mp4;C:\Users\esthe\Downloads\destroy 14 _\Dest_1405_22_seven.mp4;C:\Users\esthe\Downloads\destroy 14 _\Dest_1405_23_two.mp4;C:\Users\esthe\Downloads\destroy 14 _\Dest_1405_24_three.mp4;C:\Users\esthe\Downloads\destroy 14 _\Dest_1405_3_three.mp4;C:\Users\esthe\Downloads\destroy 14 _\Dest_1405_4_seven.mp4;C:\Users\esthe\Downloads\destroy 14 _\Dest_1405_5_five.mp4;C:\Users\esthe\Downloads\destroy 14 _\Dest_1405_6_seven.mp4;C:\Users\esthe\Downloads\destroy 14 _\Dest_1405_7_two.mp4;C:\Users\esthe\Downloads\destroy 14 _\Dest_1405_8_five.mp4;C:\Users\esthe\Downloads\destroy 14 _\Dest_1405_9_two.mp4,0.0,5.733;7.332;7.532;9.967;5.533;11.765;7.566;7.666;5.399;10.698;14.798;9.032;17.966;5.367;13.428;4.134;10.598;14.335;5.466;17.264;6.999;7.933;4.666,30.000;30.000;30.000;30.000;30.000;30.000;30.000;30.000;30.000;30.000;30.000;30.000;30.000;30.000;30.000;30.000;30.000;30.000;30.000;30.000;30.000;30.000;30.000,Destroy,translational movement,,,POINT,28.796,C:\Users\esthe\Downloads\destroy 14 _\Dest_1405_12_two.mp4,246,NA,
dest_1405,2025-06-26 15:24:30.572,,205.135,Media file(s),player #1:C:\Users\esthe\Downloads\destroy 14 _\commentary;C:\Users\esthe\Downloads\destroy 14 _\Dest_1405_10_three.mp4;C:\Users\esthe\Downloads\destroy 14 _\Dest_1405_11_one.mp4;C:\Users\esthe\Downloads\destroy 14 _\Dest_1405_12_two.mp4;C:\Users\esthe\Downloads\destroy 14 _\Dest_1405_13_five.mp4;C:\Users\esthe\Downloads\destroy 14 _\Dest_1405_14_onehalf.mp4;C:\Users\esthe\Downloads\destroy 14 _\Dest_1405_15_seven.mp4;C:\Users\esthe\Downloads\destroy 14 _\Dest_1405_16_three.mp4;C:\Users\esthe\Downloads\destroy 14 _\Dest_1405_17_three.mp4;C:\Users\esthe\Downloads\destroy 14 _\Dest_1405_18_two.mp4;C:\Users\esthe\Downloads\destroy 14 _\Dest_1405_19_five.mp4;C:\Users\esthe\Downloads\destroy 14 _\Dest_1405_20_one.mp4;C:\Users\esthe\Downloads\destroy 14 _\Dest_1405_21_five.mp4;C:\Users\esthe\Downloads\destroy 14 _\Dest_1405_22_seven.mp4;C:\Users\esthe\Downloads\destroy 14 _\Dest_1405_23_two.mp4;C:\Users\esthe\Downloads\destroy 14 _\Dest_1405_24_three.mp4;C:\Users\esthe\Downloads\destroy 14 _\Dest_1405_3_three.mp4;C:\Users\esthe\Downloads\destroy 14 _\Dest_1405_4_seven.mp4;C:\Users\esthe\Downloads\destroy 14 _\Dest_1405_5_five.mp4;C:\Users\esthe\Downloads\destroy 14 _\Dest_1405_6_seven.mp4;C:\Users\esthe\Downloads\destroy 14 _\Dest_1405_7_two.mp4;C:\Users\esthe\Downloads\destroy 14 _\Dest_1405_8_five.mp4;C:\Users\esthe\Downloads\destroy 14 _\Dest_1405_9_two.mp4,0.0,5.733;7.332;7.532;9.967;5.533;11.765;7.566;7.666;5.399;10.698;14.798;9.032;17.966;5.367;13.428;4.134;10.598;14.335;5.466;17.264;6.999;7.933;4.666,30.000;30.000;30.000;30.000;30.000;30.000;30.000;30.000;30.000;30.000;30.000;30.000;30.000;30.000;30.000;30.000;30.000;30.000;30.000;30.000;30.000;30.000;30.000,Destroy,assessing,,,STOP,28.830,C:\Users\esthe\Downloads\destroy 14 _\Dest_1405_12_two.mp4,247,NA,
dest_1405,2025-06-26 15:24:30.572,,205.135,Media file(s),player #1:C:\Users\esthe\Downloads\destroy 14 _\commentary;C:\Users\esthe\Downloads\destroy 14 _\Dest_1405_10_three.mp4;C:\Users\esthe\Downloads\destroy 14 _\Dest_1405_11_one.mp4;C:\Users\esthe\Downloads\destroy 14 _\Dest_1405_12_two.mp4;C:\Users\esthe\Downloads\destroy 14 _\Dest_1405_13_five.mp4;C:\Users\esthe\Downloads\destroy 14 _\Dest_1405_14_onehalf.mp4;C:\Users\esthe\Downloads\destroy 14 _\Dest_1405_15_seven.mp4;C:\Users\esthe\Downloads\destroy 14 _\Dest_1405_16_three.mp4;C:\Users\esthe\Downloads\destroy 14 _\Dest_1405_17_three.mp4;C:\Users\esthe\Downloads\destroy 14 _\Dest_1405_18_two.mp4;C:\Users\esthe\Downloads\destroy 14 _\Dest_1405_19_five.mp4;C:\Users\esthe\Downloads\destroy 14 _\Dest_1405_20_one.mp4;C:\Users\esthe\Downloads\destroy 14 _\Dest_1405_21_five.mp4;C:\Users\esthe\Downloads\destroy 14 _\Dest_1405_22_seven.mp4;C:\Users\esthe\Downloads\destroy 14 _\Dest_1405_23_two.mp4;C:\Users\esthe\Downloads\destroy 14 _\Dest_1405_24_three.mp4;C:\Users\esthe\Downloads\destroy 14 _\Dest_1405_3_three.mp4;C:\Users\esthe\Downloads\destroy 14 _\Dest_1405_4_seven.mp4;C:\Users\esthe\Downloads\destroy 14 _\Dest_1405_5_five.mp4;C:\Users\esthe\Downloads\destroy 14 _\Dest_1405_6_seven.mp4;C:\Users\esthe\Downloads\destroy 14 _\Dest_1405_7_two.mp4;C:\Users\esthe\Downloads\destroy 14 _\Dest_1405_8_five.mp4;C:\Users\esthe\Downloads\destroy 14 _\Dest_1405_9_two.mp4,0.0,5.733;7.332;7.532;9.967;5.533;11.765;7.566;7.666;5.399;10.698;14.798;9.032;17.966;5.367;13.428;4.134;10.598;14.335;5.466;17.264;6.999;7.933;4.666,30.000;30.000;30.000;30.000;30.000;30.000;30.000;30.000;30.000;30.000;30.000;30.000;30.000;30.000;30.000;30.000;30.000;30.000;30.000;30.000;30.000;30.000;30.000,Destroy,jaw movement,,,POINT,28.863,C:\Users\esthe\Downloads\destroy 14 _\Dest_1405_12_two.mp4,248,NA,
dest_1405,2025-06-26 15:24:30.572,,205.135,Media file(s),player #1:C:\Users\esthe\Downloads\destroy 14 _\commentary;C:\Users\esthe\Downloads\destroy 14 _\Dest_1405_10_three.mp4;C:\Users\esthe\Downloads\destroy 14 _\Dest_1405_11_one.mp4;C:\Users\esthe\Downloads\destroy 14 _\Dest_1405_12_two.mp4;C:\Users\esthe\Downloads\destroy 14 _\Dest_1405_13_five.mp4;C:\Users\esthe\Downloads\destroy 14 _\Dest_1405_14_onehalf.mp4;C:\Users\esthe\Downloads\destroy 14 _\Dest_1405_15_seven.mp4;C:\Users\esthe\Downloads\destroy 14 _\Dest_1405_16_three.mp4;C:\Users\esthe\Downloads\destroy 14 _\Dest_1405_17_three.mp4;C:\Users\esthe\Downloads\destroy 14 _\Dest_1405_18_two.mp4;C:\Users\esthe\Downloads\destroy 14 _\Dest_1405_19_five.mp4;C:\Users\esthe\Downloads\destroy 14 _\Dest_1405_20_one.mp4;C:\Users\esthe\Downloads\destroy 14 _\Dest_1405_21_five.mp4;C:\Users\esthe\Downloads\destroy 14 _\Dest_1405_22_seven.mp4;C:\Users\esthe\Downloads\destroy 14 _\Dest_1405_23_two.mp4;C:\Users\esthe\Downloads\destroy 14 _\Dest_1405_24_three.mp4;C:\Users\esthe\Downloads\destroy 14 _\Dest_1405_3_three.mp4;C:\Users\esthe\Downloads\destroy 14 _\Dest_1405_4_seven.mp4;C:\Users\esthe\Downloads\destroy 14 _\Dest_1405_5_five.mp4;C:\Users\esthe\Downloads\destroy 14 _\Dest_1405_6_seven.mp4;C:\Users\esthe\Downloads\destroy 14 _\Dest_1405_7_two.mp4;C:\Users\esthe\Downloads\destroy 14 _\Dest_1405_8_five.mp4;C:\Users\esthe\Downloads\destroy 14 _\Dest_1405_9_two.mp4,0.0,5.733;7.332;7.532;9.967;5.533;11.765;7.566;7.666;5.399;10.698;14.798;9.032;17.966;5.367;13.428;4.134;10.598;14.335;5.466;17.264;6.999;7.933;4.666,30.000;30.000;30.000;30.000;30.000;30.000;30.000;30.000;30.000;30.000;30.000;30.000;30.000;30.000;30.000;30.000;30.000;30.000;30.000;30.000;30.000;30.000;30.000,Destroy,peeling,,,START,28.863,C:\Users\esthe\Downloads\destroy 14 _\Dest_1405_12_two.mp4,248,NA,
dest_1405,2025-06-26 15:24:30.572,,205.135,Media file(s),player #1:C:\Users\esthe\Downloads\destroy 14 _\commentary;C:\Users\esthe\Downloads\destroy 14 _\Dest_1405_10_three.mp4;C:\Users\esthe\Downloads\destroy 14 _\Dest_1405_11_one.mp4;C:\Users\esthe\Downloads\destroy 14 _\Dest_1405_12_two.mp4;C:\Users\esthe\Downloads\destroy 14 _\Dest_1405_13_five.mp4;C:\Users\esthe\Downloads\destroy 14 _\Dest_1405_14_onehalf.mp4;C:\Users\esthe\Downloads\destroy 14 _\Dest_1405_15_seven.mp4;C:\Users\esthe\Downloads\destroy 14 _\Dest_1405_16_three.mp4;C:\Users\esthe\Downloads\destroy 14 _\Dest_1405_17_three.mp4;C:\Users\esthe\Downloads\destroy 14 _\Dest_1405_18_two.mp4;C:\Users\esthe\Downloads\destroy 14 _\Dest_1405_19_five.mp4;C:\Users\esthe\Downloads\destroy 14 _\Dest_1405_20_one.mp4;C:\Users\esthe\Downloads\destroy 14 _\Dest_1405_21_five.mp4;C:\Users\esthe\Downloads\destroy 14 _\Dest_1405_22_seven.mp4;C:\Users\esthe\Downloads\destroy 14 _\Dest_1405_23_two.mp4;C:\Users\esthe\Downloads\destroy 14 _\Dest_1405_24_three.mp4;C:\Users\esthe\Downloads\destroy 14 _\Dest_1405_3_three.mp4;C:\Users\esthe\Downloads\destroy 14 _\Dest_1405_4_seven.mp4;C:\Users\esthe\Downloads\destroy 14 _\Dest_1405_5_five.mp4;C:\Users\esthe\Downloads\destroy 14 _\Dest_1405_6_seven.mp4;C:\Users\esthe\Downloads\destroy 14 _\Dest_1405_7_two.mp4;C:\Users\esthe\Downloads\destroy 14 _\Dest_1405_8_five.mp4;C:\Users\esthe\Downloads\destroy 14 _\Dest_1405_9_two.mp4,0.0,5.733;7.332;7.532;9.967;5.533;11.765;7.566;7.666;5.399;10.698;14.798;9.032;17.966;5.367;13.428;4.134;10.598;14.335;5.466;17.264;6.999;7.933;4.666,30.000;30.000;30.000;30.000;30.000;30.000;30.000;30.000;30.000;30.000;30.000;30.000;30.000;30.000;30.000;30.000;30.000;30.000;30.000;30.000;30.000;30.000;30.000,Destroy,jaw movement,,,POINT,29.163,C:\Users\esthe\Downloads\destroy 14 _\Dest_1405_12_two.mp4,257,NA,
dest_1405,2025-06-26 15:24:30.572,,205.135,Media file(s),player #1:C:\Users\esthe\Downloads\destroy 14 _\commentary;C:\Users\esthe\Downloads\destroy 14 _\Dest_1405_10_three.mp4;C:\Users\esthe\Downloads\destroy 14 _\Dest_1405_11_one.mp4;C:\Users\esthe\Downloads\destroy 14 _\Dest_1405_12_two.mp4;C:\Users\esthe\Downloads\destroy 14 _\Dest_1405_13_five.mp4;C:\Users\esthe\Downloads\destroy 14 _\Dest_1405_14_onehalf.mp4;C:\Users\esthe\Downloads\destroy 14 _\Dest_1405_15_seven.mp4;C:\Users\esthe\Downloads\destroy 14 _\Dest_1405_16_three.mp4;C:\Users\esthe\Downloads\destroy 14 _\Dest_1405_17_three.mp4;C:\Users\esthe\Downloads\destroy 14 _\Dest_1405_18_two.mp4;C:\Users\esthe\Downloads\destroy 14 _\Dest_1405_19_five.mp4;C:\Users\esthe\Downloads\destroy 14 _\Dest_1405_20_one.mp4;C:\Users\esthe\Downloads\destroy 14 _\Dest_1405_21_five.mp4;C:\Users\esthe\Downloads\destroy 14 _\Dest_1405_22_seven.mp4;C:\Users\esthe\Downloads\destroy 14 _\Dest_1405_23_two.mp4;C:\Users\esthe\Downloads\destroy 14 _\Dest_1405_24_three.mp4;C:\Users\esthe\Downloads\destroy 14 _\Dest_1405_3_three.mp4;C:\Users\esthe\Downloads\destroy 14 _\Dest_1405_4_seven.mp4;C:\Users\esthe\Downloads\destroy 14 _\Dest_1405_5_five.mp4;C:\Users\esthe\Downloads\destroy 14 _\Dest_1405_6_seven.mp4;C:\Users\esthe\Downloads\destroy 14 _\Dest_1405_7_two.mp4;C:\Users\esthe\Downloads\destroy 14 _\Dest_1405_8_five.mp4;C:\Users\esthe\Downloads\destroy 14 _\Dest_1405_9_two.mp4,0.0,5.733;7.332;7.532;9.967;5.533;11.765;7.566;7.666;5.399;10.698;14.798;9.032;17.966;5.367;13.428;4.134;10.598;14.335;5.466;17.264;6.999;7.933;4.666,30.000;30.000;30.000;30.000;30.000;30.000;30.000;30.000;30.000;30.000;30.000;30.000;30.000;30.000;30.000;30.000;30.000;30.000;30.000;30.000;30.000;30.000;30.000,Destroy,jaw movement,,,POINT,29.663,C:\Users\esthe\Downloads\destroy 14 _\Dest_1405_12_two.mp4,272,NA,
dest_1405,2025-06-26 15:24:30.572,,205.135,Media file(s),player #1:C:\Users\esthe\Downloads\destroy 14 _\commentary;C:\Users\esthe\Downloads\destroy 14 _\Dest_1405_10_three.mp4;C:\Users\esthe\Downloads\destroy 14 _\Dest_1405_11_one.mp4;C:\Users\esthe\Downloads\destroy 14 _\Dest_1405_12_two.mp4;C:\Users\esthe\Downloads\destroy 14 _\Dest_1405_13_five.mp4;C:\Users\esthe\Downloads\destroy 14 _\Dest_1405_14_onehalf.mp4;C:\Users\esthe\Downloads\destroy 14 _\Dest_1405_15_seven.mp4;C:\Users\esthe\Downloads\destroy 14 _\Dest_1405_16_three.mp4;C:\Users\esthe\Downloads\destroy 14 _\Dest_1405_17_three.mp4;C:\Users\esthe\Downloads\destroy 14 _\Dest_1405_18_two.mp4;C:\Users\esthe\Downloads\destroy 14 _\Dest_1405_19_five.mp4;C:\Users\esthe\Downloads\destroy 14 _\Dest_1405_20_one.mp4;C:\Users\esthe\Downloads\destroy 14 _\Dest_1405_21_five.mp4;C:\Users\esthe\Downloads\destroy 14 _\Dest_1405_22_seven.mp4;C:\Users\esthe\Downloads\destroy 14 _\Dest_1405_23_two.mp4;C:\Users\esthe\Downloads\destroy 14 _\Dest_1405_24_three.mp4;C:\Users\esthe\Downloads\destroy 14 _\Dest_1405_3_three.mp4;C:\Users\esthe\Downloads\destroy 14 _\Dest_1405_4_seven.mp4;C:\Users\esthe\Downloads\destroy 14 _\Dest_1405_5_five.mp4;C:\Users\esthe\Downloads\destroy 14 _\Dest_1405_6_seven.mp4;C:\Users\esthe\Downloads\destroy 14 _\Dest_1405_7_two.mp4;C:\Users\esthe\Downloads\destroy 14 _\Dest_1405_8_five.mp4;C:\Users\esthe\Downloads\destroy 14 _\Dest_1405_9_two.mp4,0.0,5.733;7.332;7.532;9.967;5.533;11.765;7.566;7.666;5.399;10.698;14.798;9.032;17.966;5.367;13.428;4.134;10.598;14.335;5.466;17.264;6.999;7.933;4.666,30.000;30.000;30.000;30.000;30.000;30.000;30.000;30.000;30.000;30.000;30.000;30.000;30.000;30.000;30.000;30.000;30.000;30.000;30.000;30.000;30.000;30.000;30.000,Destroy,jaw movement,,,POINT,29.930,C:\Users\esthe\Downloads\destroy 14 _\Dest_1405_12_two.mp4,280,NA,
dest_1405,2025-06-26 15:24:30.572,,205.135,Media file(s),player #1:C:\Users\esthe\Downloads\destroy 14 _\commentary;C:\Users\esthe\Downloads\destroy 14 _\Dest_1405_10_three.mp4;C:\Users\esthe\Downloads\destroy 14 _\Dest_1405_11_one.mp4;C:\Users\esthe\Downloads\destroy 14 _\Dest_1405_12_two.mp4;C:\Users\esthe\Downloads\destroy 14 _\Dest_1405_13_five.mp4;C:\Users\esthe\Downloads\destroy 14 _\Dest_1405_14_onehalf.mp4;C:\Users\esthe\Downloads\destroy 14 _\Dest_1405_15_seven.mp4;C:\Users\esthe\Downloads\destroy 14 _\Dest_1405_16_three.mp4;C:\Users\esthe\Downloads\destroy 14 _\Dest_1405_17_three.mp4;C:\Users\esthe\Downloads\destroy 14 _\Dest_1405_18_two.mp4;C:\Users\esthe\Downloads\destroy 14 _\Dest_1405_19_five.mp4;C:\Users\esthe\Downloads\destroy 14 _\Dest_1405_20_one.mp4;C:\Users\esthe\Downloads\destroy 14 _\Dest_1405_21_five.mp4;C:\Users\esthe\Downloads\destroy 14 _\Dest_1405_22_seven.mp4;C:\Users\esthe\Downloads\destroy 14 _\Dest_1405_23_two.mp4;C:\Users\esthe\Downloads\destroy 14 _\Dest_1405_24_three.mp4;C:\Users\esthe\Downloads\destroy 14 _\Dest_1405_3_three.mp4;C:\Users\esthe\Downloads\destroy 14 _\Dest_1405_4_seven.mp4;C:\Users\esthe\Downloads\destroy 14 _\Dest_1405_5_five.mp4;C:\Users\esthe\Downloads\destroy 14 _\Dest_1405_6_seven.mp4;C:\Users\esthe\Downloads\destroy 14 _\Dest_1405_7_two.mp4;C:\Users\esthe\Downloads\destroy 14 _\Dest_1405_8_five.mp4;C:\Users\esthe\Downloads\destroy 14 _\Dest_1405_9_two.mp4,0.0,5.733;7.332;7.532;9.967;5.533;11.765;7.566;7.666;5.399;10.698;14.798;9.032;17.966;5.367;13.428;4.134;10.598;14.335;5.466;17.264;6.999;7.933;4.666,30.000;30.000;30.000;30.000;30.000;30.000;30.000;30.000;30.000;30.000;30.000;30.000;30.000;30.000;30.000;30.000;30.000;30.000;30.000;30.000;30.000;30.000;30.000,Destroy,peeling,,,STOP,30.197,C:\Users\esthe\Downloads\destroy 14 _\Dest_1405_12_two.mp4,289,NA,
dest_1405,2025-06-26 15:24:30.572,,205.135,Media file(s),player #1:C:\Users\esthe\Downloads\destroy 14 _\commentary;C:\Users\esthe\Downloads\destroy 14 _\Dest_1405_10_three.mp4;C:\Users\esthe\Downloads\destroy 14 _\Dest_1405_11_one.mp4;C:\Users\esthe\Downloads\destroy 14 _\Dest_1405_12_two.mp4;C:\Users\esthe\Downloads\destroy 14 _\Dest_1405_13_five.mp4;C:\Users\esthe\Downloads\destroy 14 _\Dest_1405_14_onehalf.mp4;C:\Users\esthe\Downloads\destroy 14 _\Dest_1405_15_seven.mp4;C:\Users\esthe\Downloads\destroy 14 _\Dest_1405_16_three.mp4;C:\Users\esthe\Downloads\destroy 14 _\Dest_1405_17_three.mp4;C:\Users\esthe\Downloads\destroy 14 _\Dest_1405_18_two.mp4;C:\Users\esthe\Downloads\destroy 14 _\Dest_1405_19_five.mp4;C:\Users\esthe\Downloads\destroy 14 _\Dest_1405_20_one.mp4;C:\Users\esthe\Downloads\destroy 14 _\Dest_1405_21_five.mp4;C:\Users\esthe\Downloads\destroy 14 _\Dest_1405_22_seven.mp4;C:\Users\esthe\Downloads\destroy 14 _\Dest_1405_23_two.mp4;C:\Users\esthe\Downloads\destroy 14 _\Dest_1405_24_three.mp4;C:\Users\esthe\Downloads\destroy 14 _\Dest_1405_3_three.mp4;C:\Users\esthe\Downloads\destroy 14 _\Dest_1405_4_seven.mp4;C:\Users\esthe\Downloads\destroy 14 _\Dest_1405_5_five.mp4;C:\Users\esthe\Downloads\destroy 14 _\Dest_1405_6_seven.mp4;C:\Users\esthe\Downloads\destroy 14 _\Dest_1405_7_two.mp4;C:\Users\esthe\Downloads\destroy 14 _\Dest_1405_8_five.mp4;C:\Users\esthe\Downloads\destroy 14 _\Dest_1405_9_two.mp4,0.0,5.733;7.332;7.532;9.967;5.533;11.765;7.566;7.666;5.399;10.698;14.798;9.032;17.966;5.367;13.428;4.134;10.598;14.335;5.466;17.264;6.999;7.933;4.666,30.000;30.000;30.000;30.000;30.000;30.000;30.000;30.000;30.000;30.000;30.000;30.000;30.000;30.000;30.000;30.000;30.000;30.000;30.000;30.000;30.000;30.000;30.000,Destroy,assessing,,,START,30.796,C:\Users\esthe\Downloads\destroy 14 _\Dest_1405_13_five.mp4,7,NA,
dest_1405,2025-06-26 15:24:30.572,,205.135,Media file(s),player #1:C:\Users\esthe\Downloads\destroy 14 _\commentary;C:\Users\esthe\Downloads\destroy 14 _\Dest_1405_10_three.mp4;C:\Users\esthe\Downloads\destroy 14 _\Dest_1405_11_one.mp4;C:\Users\esthe\Downloads\destroy 14 _\Dest_1405_12_two.mp4;C:\Users\esthe\Downloads\destroy 14 _\Dest_1405_13_five.mp4;C:\Users\esthe\Downloads\destroy 14 _\Dest_1405_14_onehalf.mp4;C:\Users\esthe\Downloads\destroy 14 _\Dest_1405_15_seven.mp4;C:\Users\esthe\Downloads\destroy 14 _\Dest_1405_16_three.mp4;C:\Users\esthe\Downloads\destroy 14 _\Dest_1405_17_three.mp4;C:\Users\esthe\Downloads\destroy 14 _\Dest_1405_18_two.mp4;C:\Users\esthe\Downloads\destroy 14 _\Dest_1405_19_five.mp4;C:\Users\esthe\Downloads\destroy 14 _\Dest_1405_20_one.mp4;C:\Users\esthe\Downloads\destroy 14 _\Dest_1405_21_five.mp4;C:\Users\esthe\Downloads\destroy 14 _\Dest_1405_22_seven.mp4;C:\Users\esthe\Downloads\destroy 14 _\Dest_1405_23_two.mp4;C:\Users\esthe\Downloads\destroy 14 _\Dest_1405_24_three.mp4;C:\Users\esthe\Downloads\destroy 14 _\Dest_1405_3_three.mp4;C:\Users\esthe\Downloads\destroy 14 _\Dest_1405_4_seven.mp4;C:\Users\esthe\Downloads\destroy 14 _\Dest_1405_5_five.mp4;C:\Users\esthe\Downloads\destroy 14 _\Dest_1405_6_seven.mp4;C:\Users\esthe\Downloads\destroy 14 _\Dest_1405_7_two.mp4;C:\Users\esthe\Downloads\destroy 14 _\Dest_1405_8_five.mp4;C:\Users\esthe\Downloads\destroy 14 _\Dest_1405_9_two.mp4,0.0,5.733;7.332;7.532;9.967;5.533;11.765;7.566;7.666;5.399;10.698;14.798;9.032;17.966;5.367;13.428;4.134;10.598;14.335;5.466;17.264;6.999;7.933;4.666,30.000;30.000;30.000;30.000;30.000;30.000;30.000;30.000;30.000;30.000;30.000;30.000;30.000;30.000;30.000;30.000;30.000;30.000;30.000;30.000;30.000;30.000;30.000,Destroy,jaw movement,,,POINT,30.830,C:\Users\esthe\Downloads\destroy 14 _\Dest_1405_13_five.mp4,8,NA,
dest_1405,2025-06-26 15:24:30.572,,205.135,Media file(s),player #1:C:\Users\esthe\Downloads\destroy 14 _\commentary;C:\Users\esthe\Downloads\destroy 14 _\Dest_1405_10_three.mp4;C:\Users\esthe\Downloads\destroy 14 _\Dest_1405_11_one.mp4;C:\Users\esthe\Downloads\destroy 14 _\Dest_1405_12_two.mp4;C:\Users\esthe\Downloads\destroy 14 _\Dest_1405_13_five.mp4;C:\Users\esthe\Downloads\destroy 14 _\Dest_1405_14_onehalf.mp4;C:\Users\esthe\Downloads\destroy 14 _\Dest_1405_15_seven.mp4;C:\Users\esthe\Downloads\destroy 14 _\Dest_1405_16_three.mp4;C:\Users\esthe\Downloads\destroy 14 _\Dest_1405_17_three.mp4;C:\Users\esthe\Downloads\destroy 14 _\Dest_1405_18_two.mp4;C:\Users\esthe\Downloads\destroy 14 _\Dest_1405_19_five.mp4;C:\Users\esthe\Downloads\destroy 14 _\Dest_1405_20_one.mp4;C:\Users\esthe\Downloads\destroy 14 _\Dest_1405_21_five.mp4;C:\Users\esthe\Downloads\destroy 14 _\Dest_1405_22_seven.mp4;C:\Users\esthe\Downloads\destroy 14 _\Dest_1405_23_two.mp4;C:\Users\esthe\Downloads\destroy 14 _\Dest_1405_24_three.mp4;C:\Users\esthe\Downloads\destroy 14 _\Dest_1405_3_three.mp4;C:\Users\esthe\Downloads\destroy 14 _\Dest_1405_4_seven.mp4;C:\Users\esthe\Downloads\destroy 14 _\Dest_1405_5_five.mp4;C:\Users\esthe\Downloads\destroy 14 _\Dest_1405_6_seven.mp4;C:\Users\esthe\Downloads\destroy 14 _\Dest_1405_7_two.mp4;C:\Users\esthe\Downloads\destroy 14 _\Dest_1405_8_five.mp4;C:\Users\esthe\Downloads\destroy 14 _\Dest_1405_9_two.mp4,0.0,5.733;7.332;7.532;9.967;5.533;11.765;7.566;7.666;5.399;10.698;14.798;9.032;17.966;5.367;13.428;4.134;10.598;14.335;5.466;17.264;6.999;7.933;4.666,30.000;30.000;30.000;30.000;30.000;30.000;30.000;30.000;30.000;30.000;30.000;30.000;30.000;30.000;30.000;30.000;30.000;30.000;30.000;30.000;30.000;30.000;30.000,Destroy,jaw movement,,,POINT,31.096,C:\Users\esthe\Downloads\destroy 14 _\Dest_1405_13_five.mp4,16,NA,
dest_1405,2025-06-26 15:24:30.572,,205.135,Media file(s),player #1:C:\Users\esthe\Downloads\destroy 14 _\commentary;C:\Users\esthe\Downloads\destroy 14 _\Dest_1405_10_three.mp4;C:\Users\esthe\Downloads\destroy 14 _\Dest_1405_11_one.mp4;C:\Users\esthe\Downloads\destroy 14 _\Dest_1405_12_two.mp4;C:\Users\esthe\Downloads\destroy 14 _\Dest_1405_13_five.mp4;C:\Users\esthe\Downloads\destroy 14 _\Dest_1405_14_onehalf.mp4;C:\Users\esthe\Downloads\destroy 14 _\Dest_1405_15_seven.mp4;C:\Users\esthe\Downloads\destroy 14 _\Dest_1405_16_three.mp4;C:\Users\esthe\Downloads\destroy 14 _\Dest_1405_17_three.mp4;C:\Users\esthe\Downloads\destroy 14 _\Dest_1405_18_two.mp4;C:\Users\esthe\Downloads\destroy 14 _\Dest_1405_19_five.mp4;C:\Users\esthe\Downloads\destroy 14 _\Dest_1405_20_one.mp4;C:\Users\esthe\Downloads\destroy 14 _\Dest_1405_21_five.mp4;C:\Users\esthe\Downloads\destroy 14 _\Dest_1405_22_seven.mp4;C:\Users\esthe\Downloads\destroy 14 _\Dest_1405_23_two.mp4;C:\Users\esthe\Downloads\destroy 14 _\Dest_1405_24_three.mp4;C:\Users\esthe\Downloads\destroy 14 _\Dest_1405_3_three.mp4;C:\Users\esthe\Downloads\destroy 14 _\Dest_1405_4_seven.mp4;C:\Users\esthe\Downloads\destroy 14 _\Dest_1405_5_five.mp4;C:\Users\esthe\Downloads\destroy 14 _\Dest_1405_6_seven.mp4;C:\Users\esthe\Downloads\destroy 14 _\Dest_1405_7_two.mp4;C:\Users\esthe\Downloads\destroy 14 _\Dest_1405_8_five.mp4;C:\Users\esthe\Downloads\destroy 14 _\Dest_1405_9_two.mp4,0.0,5.733;7.332;7.532;9.967;5.533;11.765;7.566;7.666;5.399;10.698;14.798;9.032;17.966;5.367;13.428;4.134;10.598;14.335;5.466;17.264;6.999;7.933;4.666,30.000;30.000;30.000;30.000;30.000;30.000;30.000;30.000;30.000;30.000;30.000;30.000;30.000;30.000;30.000;30.000;30.000;30.000;30.000;30.000;30.000;30.000;30.000,Destroy,translational movement,,,POINT,31.096,C:\Users\esthe\Downloads\destroy 14 _\Dest_1405_13_five.mp4,16,NA,
dest_1405,2025-06-26 15:24:30.572,,205.135,Media file(s),player #1:C:\Users\esthe\Downloads\destroy 14 _\commentary;C:\Users\esthe\Downloads\destroy 14 _\Dest_1405_10_three.mp4;C:\Users\esthe\Downloads\destroy 14 _\Dest_1405_11_one.mp4;C:\Users\esthe\Downloads\destroy 14 _\Dest_1405_12_two.mp4;C:\Users\esthe\Downloads\destroy 14 _\Dest_1405_13_five.mp4;C:\Users\esthe\Downloads\destroy 14 _\Dest_1405_14_onehalf.mp4;C:\Users\esthe\Downloads\destroy 14 _\Dest_1405_15_seven.mp4;C:\Users\esthe\Downloads\destroy 14 _\Dest_1405_16_three.mp4;C:\Users\esthe\Downloads\destroy 14 _\Dest_1405_17_three.mp4;C:\Users\esthe\Downloads\destroy 14 _\Dest_1405_18_two.mp4;C:\Users\esthe\Downloads\destroy 14 _\Dest_1405_19_five.mp4;C:\Users\esthe\Downloads\destroy 14 _\Dest_1405_20_one.mp4;C:\Users\esthe\Downloads\destroy 14 _\Dest_1405_21_five.mp4;C:\Users\esthe\Downloads\destroy 14 _\Dest_1405_22_seven.mp4;C:\Users\esthe\Downloads\destroy 14 _\Dest_1405_23_two.mp4;C:\Users\esthe\Downloads\destroy 14 _\Dest_1405_24_three.mp4;C:\Users\esthe\Downloads\destroy 14 _\Dest_1405_3_three.mp4;C:\Users\esthe\Downloads\destroy 14 _\Dest_1405_4_seven.mp4;C:\Users\esthe\Downloads\destroy 14 _\Dest_1405_5_five.mp4;C:\Users\esthe\Downloads\destroy 14 _\Dest_1405_6_seven.mp4;C:\Users\esthe\Downloads\destroy 14 _\Dest_1405_7_two.mp4;C:\Users\esthe\Downloads\destroy 14 _\Dest_1405_8_five.mp4;C:\Users\esthe\Downloads\destroy 14 _\Dest_1405_9_two.mp4,0.0,5.733;7.332;7.532;9.967;5.533;11.765;7.566;7.666;5.399;10.698;14.798;9.032;17.966;5.367;13.428;4.134;10.598;14.335;5.466;17.264;6.999;7.933;4.666,30.000;30.000;30.000;30.000;30.000;30.000;30.000;30.000;30.000;30.000;30.000;30.000;30.000;30.000;30.000;30.000;30.000;30.000;30.000;30.000;30.000;30.000;30.000,Destroy,mouth,,,POINT,31.196,C:\Users\esthe\Downloads\destroy 14 _\Dest_1405_13_five.mp4,19,NA,
dest_1405,2025-06-26 15:24:30.572,,205.135,Media file(s),player #1:C:\Users\esthe\Downloads\destroy 14 _\commentary;C:\Users\esthe\Downloads\destroy 14 _\Dest_1405_10_three.mp4;C:\Users\esthe\Downloads\destroy 14 _\Dest_1405_11_one.mp4;C:\Users\esthe\Downloads\destroy 14 _\Dest_1405_12_two.mp4;C:\Users\esthe\Downloads\destroy 14 _\Dest_1405_13_five.mp4;C:\Users\esthe\Downloads\destroy 14 _\Dest_1405_14_onehalf.mp4;C:\Users\esthe\Downloads\destroy 14 _\Dest_1405_15_seven.mp4;C:\Users\esthe\Downloads\destroy 14 _\Dest_1405_16_three.mp4;C:\Users\esthe\Downloads\destroy 14 _\Dest_1405_17_three.mp4;C:\Users\esthe\Downloads\destroy 14 _\Dest_1405_18_two.mp4;C:\Users\esthe\Downloads\destroy 14 _\Dest_1405_19_five.mp4;C:\Users\esthe\Downloads\destroy 14 _\Dest_1405_20_one.mp4;C:\Users\esthe\Downloads\destroy 14 _\Dest_1405_21_five.mp4;C:\Users\esthe\Downloads\destroy 14 _\Dest_1405_22_seven.mp4;C:\Users\esthe\Downloads\destroy 14 _\Dest_1405_23_two.mp4;C:\Users\esthe\Downloads\destroy 14 _\Dest_1405_24_three.mp4;C:\Users\esthe\Downloads\destroy 14 _\Dest_1405_3_three.mp4;C:\Users\esthe\Downloads\destroy 14 _\Dest_1405_4_seven.mp4;C:\Users\esthe\Downloads\destroy 14 _\Dest_1405_5_five.mp4;C:\Users\esthe\Downloads\destroy 14 _\Dest_1405_6_seven.mp4;C:\Users\esthe\Downloads\destroy 14 _\Dest_1405_7_two.mp4;C:\Users\esthe\Downloads\destroy 14 _\Dest_1405_8_five.mp4;C:\Users\esthe\Downloads\destroy 14 _\Dest_1405_9_two.mp4,0.0,5.733;7.332;7.532;9.967;5.533;11.765;7.566;7.666;5.399;10.698;14.798;9.032;17.966;5.367;13.428;4.134;10.598;14.335;5.466;17.264;6.999;7.933;4.666,30.000;30.000;30.000;30.000;30.000;30.000;30.000;30.000;30.000;30.000;30.000;30.000;30.000;30.000;30.000;30.000;30.000;30.000;30.000;30.000;30.000;30.000;30.000,Destroy,assessing,,,STOP,31.363,C:\Users\esthe\Downloads\destroy 14 _\Dest_1405_13_five.mp4,24,NA,
dest_1405,2025-06-26 15:24:30.572,,205.135,Media file(s),player #1:C:\Users\esthe\Downloads\destroy 14 _\commentary;C:\Users\esthe\Downloads\destroy 14 _\Dest_1405_10_three.mp4;C:\Users\esthe\Downloads\destroy 14 _\Dest_1405_11_one.mp4;C:\Users\esthe\Downloads\destroy 14 _\Dest_1405_12_two.mp4;C:\Users\esthe\Downloads\destroy 14 _\Dest_1405_13_five.mp4;C:\Users\esthe\Downloads\destroy 14 _\Dest_1405_14_onehalf.mp4;C:\Users\esthe\Downloads\destroy 14 _\Dest_1405_15_seven.mp4;C:\Users\esthe\Downloads\destroy 14 _\Dest_1405_16_three.mp4;C:\Users\esthe\Downloads\destroy 14 _\Dest_1405_17_three.mp4;C:\Users\esthe\Downloads\destroy 14 _\Dest_1405_18_two.mp4;C:\Users\esthe\Downloads\destroy 14 _\Dest_1405_19_five.mp4;C:\Users\esthe\Downloads\destroy 14 _\Dest_1405_20_one.mp4;C:\Users\esthe\Downloads\destroy 14 _\Dest_1405_21_five.mp4;C:\Users\esthe\Downloads\destroy 14 _\Dest_1405_22_seven.mp4;C:\Users\esthe\Downloads\destroy 14 _\Dest_1405_23_two.mp4;C:\Users\esthe\Downloads\destroy 14 _\Dest_1405_24_three.mp4;C:\Users\esthe\Downloads\destroy 14 _\Dest_1405_3_three.mp4;C:\Users\esthe\Downloads\destroy 14 _\Dest_1405_4_seven.mp4;C:\Users\esthe\Downloads\destroy 14 _\Dest_1405_5_five.mp4;C:\Users\esthe\Downloads\destroy 14 _\Dest_1405_6_seven.mp4;C:\Users\esthe\Downloads\destroy 14 _\Dest_1405_7_two.mp4;C:\Users\esthe\Downloads\destroy 14 _\Dest_1405_8_five.mp4;C:\Users\esthe\Downloads\destroy 14 _\Dest_1405_9_two.mp4,0.0,5.733;7.332;7.532;9.967;5.533;11.765;7.566;7.666;5.399;10.698;14.798;9.032;17.966;5.367;13.428;4.134;10.598;14.335;5.466;17.264;6.999;7.933;4.666,30.000;30.000;30.000;30.000;30.000;30.000;30.000;30.000;30.000;30.000;30.000;30.000;30.000;30.000;30.000;30.000;30.000;30.000;30.000;30.000;30.000;30.000;30.000,Destroy,target,,,START,32.096,C:\Users\esthe\Downloads\destroy 14 _\Dest_1405_13_five.mp4,46,NA,
dest_1405,2025-06-26 15:24:30.572,,205.135,Media file(s),player #1:C:\Users\esthe\Downloads\destroy 14 _\commentary;C:\Users\esthe\Downloads\destroy 14 _\Dest_1405_10_three.mp4;C:\Users\esthe\Downloads\destroy 14 _\Dest_1405_11_one.mp4;C:\Users\esthe\Downloads\destroy 14 _\Dest_1405_12_two.mp4;C:\Users\esthe\Downloads\destroy 14 _\Dest_1405_13_five.mp4;C:\Users\esthe\Downloads\destroy 14 _\Dest_1405_14_onehalf.mp4;C:\Users\esthe\Downloads\destroy 14 _\Dest_1405_15_seven.mp4;C:\Users\esthe\Downloads\destroy 14 _\Dest_1405_16_three.mp4;C:\Users\esthe\Downloads\destroy 14 _\Dest_1405_17_three.mp4;C:\Users\esthe\Downloads\destroy 14 _\Dest_1405_18_two.mp4;C:\Users\esthe\Downloads\destroy 14 _\Dest_1405_19_five.mp4;C:\Users\esthe\Downloads\destroy 14 _\Dest_1405_20_one.mp4;C:\Users\esthe\Downloads\destroy 14 _\Dest_1405_21_five.mp4;C:\Users\esthe\Downloads\destroy 14 _\Dest_1405_22_seven.mp4;C:\Users\esthe\Downloads\destroy 14 _\Dest_1405_23_two.mp4;C:\Users\esthe\Downloads\destroy 14 _\Dest_1405_24_three.mp4;C:\Users\esthe\Downloads\destroy 14 _\Dest_1405_3_three.mp4;C:\Users\esthe\Downloads\destroy 14 _\Dest_1405_4_seven.mp4;C:\Users\esthe\Downloads\destroy 14 _\Dest_1405_5_five.mp4;C:\Users\esthe\Downloads\destroy 14 _\Dest_1405_6_seven.mp4;C:\Users\esthe\Downloads\destroy 14 _\Dest_1405_7_two.mp4;C:\Users\esthe\Downloads\destroy 14 _\Dest_1405_8_five.mp4;C:\Users\esthe\Downloads\destroy 14 _\Dest_1405_9_two.mp4,0.0,5.733;7.332;7.532;9.967;5.533;11.765;7.566;7.666;5.399;10.698;14.798;9.032;17.966;5.367;13.428;4.134;10.598;14.335;5.466;17.264;6.999;7.933;4.666,30.000;30.000;30.000;30.000;30.000;30.000;30.000;30.000;30.000;30.000;30.000;30.000;30.000;30.000;30.000;30.000;30.000;30.000;30.000;30.000;30.000;30.000;30.000,Destroy,target,,,STOP,35.929,C:\Users\esthe\Downloads\destroy 14 _\Dest_1405_13_five.mp4,161,NA,
dest_1405,2025-06-26 15:24:30.572,,205.135,Media file(s),player #1:C:\Users\esthe\Downloads\destroy 14 _\commentary;C:\Users\esthe\Downloads\destroy 14 _\Dest_1405_10_three.mp4;C:\Users\esthe\Downloads\destroy 14 _\Dest_1405_11_one.mp4;C:\Users\esthe\Downloads\destroy 14 _\Dest_1405_12_two.mp4;C:\Users\esthe\Downloads\destroy 14 _\Dest_1405_13_five.mp4;C:\Users\esthe\Downloads\destroy 14 _\Dest_1405_14_onehalf.mp4;C:\Users\esthe\Downloads\destroy 14 _\Dest_1405_15_seven.mp4;C:\Users\esthe\Downloads\destroy 14 _\Dest_1405_16_three.mp4;C:\Users\esthe\Downloads\destroy 14 _\Dest_1405_17_three.mp4;C:\Users\esthe\Downloads\destroy 14 _\Dest_1405_18_two.mp4;C:\Users\esthe\Downloads\destroy 14 _\Dest_1405_19_five.mp4;C:\Users\esthe\Downloads\destroy 14 _\Dest_1405_20_one.mp4;C:\Users\esthe\Downloads\destroy 14 _\Dest_1405_21_five.mp4;C:\Users\esthe\Downloads\destroy 14 _\Dest_1405_22_seven.mp4;C:\Users\esthe\Downloads\destroy 14 _\Dest_1405_23_two.mp4;C:\Users\esthe\Downloads\destroy 14 _\Dest_1405_24_three.mp4;C:\Users\esthe\Downloads\destroy 14 _\Dest_1405_3_three.mp4;C:\Users\esthe\Downloads\destroy 14 _\Dest_1405_4_seven.mp4;C:\Users\esthe\Downloads\destroy 14 _\Dest_1405_5_five.mp4;C:\Users\esthe\Downloads\destroy 14 _\Dest_1405_6_seven.mp4;C:\Users\esthe\Downloads\destroy 14 _\Dest_1405_7_two.mp4;C:\Users\esthe\Downloads\destroy 14 _\Dest_1405_8_five.mp4;C:\Users\esthe\Downloads\destroy 14 _\Dest_1405_9_two.mp4,0.0,5.733;7.332;7.532;9.967;5.533;11.765;7.566;7.666;5.399;10.698;14.798;9.032;17.966;5.367;13.428;4.134;10.598;14.335;5.466;17.264;6.999;7.933;4.666,30.000;30.000;30.000;30.000;30.000;30.000;30.000;30.000;30.000;30.000;30.000;30.000;30.000;30.000;30.000;30.000;30.000;30.000;30.000;30.000;30.000;30.000;30.000,Destroy,bending,,,START,36.262,C:\Users\esthe\Downloads\destroy 14 _\Dest_1405_14_onehalf.mp4,5,NA,
dest_1405,2025-06-26 15:24:30.572,,205.135,Media file(s),player #1:C:\Users\esthe\Downloads\destroy 14 _\commentary;C:\Users\esthe\Downloads\destroy 14 _\Dest_1405_10_three.mp4;C:\Users\esthe\Downloads\destroy 14 _\Dest_1405_11_one.mp4;C:\Users\esthe\Downloads\destroy 14 _\Dest_1405_12_two.mp4;C:\Users\esthe\Downloads\destroy 14 _\Dest_1405_13_five.mp4;C:\Users\esthe\Downloads\destroy 14 _\Dest_1405_14_onehalf.mp4;C:\Users\esthe\Downloads\destroy 14 _\Dest_1405_15_seven.mp4;C:\Users\esthe\Downloads\destroy 14 _\Dest_1405_16_three.mp4;C:\Users\esthe\Downloads\destroy 14 _\Dest_1405_17_three.mp4;C:\Users\esthe\Downloads\destroy 14 _\Dest_1405_18_two.mp4;C:\Users\esthe\Downloads\destroy 14 _\Dest_1405_19_five.mp4;C:\Users\esthe\Downloads\destroy 14 _\Dest_1405_20_one.mp4;C:\Users\esthe\Downloads\destroy 14 _\Dest_1405_21_five.mp4;C:\Users\esthe\Downloads\destroy 14 _\Dest_1405_22_seven.mp4;C:\Users\esthe\Downloads\destroy 14 _\Dest_1405_23_two.mp4;C:\Users\esthe\Downloads\destroy 14 _\Dest_1405_24_three.mp4;C:\Users\esthe\Downloads\destroy 14 _\Dest_1405_3_three.mp4;C:\Users\esthe\Downloads\destroy 14 _\Dest_1405_4_seven.mp4;C:\Users\esthe\Downloads\destroy 14 _\Dest_1405_5_five.mp4;C:\Users\esthe\Downloads\destroy 14 _\Dest_1405_6_seven.mp4;C:\Users\esthe\Downloads\destroy 14 _\Dest_1405_7_two.mp4;C:\Users\esthe\Downloads\destroy 14 _\Dest_1405_8_five.mp4;C:\Users\esthe\Downloads\destroy 14 _\Dest_1405_9_two.mp4,0.0,5.733;7.332;7.532;9.967;5.533;11.765;7.566;7.666;5.399;10.698;14.798;9.032;17.966;5.367;13.428;4.134;10.598;14.335;5.466;17.264;6.999;7.933;4.666,30.000;30.000;30.000;30.000;30.000;30.000;30.000;30.000;30.000;30.000;30.000;30.000;30.000;30.000;30.000;30.000;30.000;30.000;30.000;30.000;30.000;30.000;30.000,Destroy,bending,,,STOP,36.695,C:\Users\esthe\Downloads\destroy 14 _\Dest_1405_14_onehalf.mp4,18,NA,
dest_1405,2025-06-26 15:24:30.572,,205.135,Media file(s),player #1:C:\Users\esthe\Downloads\destroy 14 _\commentary;C:\Users\esthe\Downloads\destroy 14 _\Dest_1405_10_three.mp4;C:\Users\esthe\Downloads\destroy 14 _\Dest_1405_11_one.mp4;C:\Users\esthe\Downloads\destroy 14 _\Dest_1405_12_two.mp4;C:\Users\esthe\Downloads\destroy 14 _\Dest_1405_13_five.mp4;C:\Users\esthe\Downloads\destroy 14 _\Dest_1405_14_onehalf.mp4;C:\Users\esthe\Downloads\destroy 14 _\Dest_1405_15_seven.mp4;C:\Users\esthe\Downloads\destroy 14 _\Dest_1405_16_three.mp4;C:\Users\esthe\Downloads\destroy 14 _\Dest_1405_17_three.mp4;C:\Users\esthe\Downloads\destroy 14 _\Dest_1405_18_two.mp4;C:\Users\esthe\Downloads\destroy 14 _\Dest_1405_19_five.mp4;C:\Users\esthe\Downloads\destroy 14 _\Dest_1405_20_one.mp4;C:\Users\esthe\Downloads\destroy 14 _\Dest_1405_21_five.mp4;C:\Users\esthe\Downloads\destroy 14 _\Dest_1405_22_seven.mp4;C:\Users\esthe\Downloads\destroy 14 _\Dest_1405_23_two.mp4;C:\Users\esthe\Downloads\destroy 14 _\Dest_1405_24_three.mp4;C:\Users\esthe\Downloads\destroy 14 _\Dest_1405_3_three.mp4;C:\Users\esthe\Downloads\destroy 14 _\Dest_1405_4_seven.mp4;C:\Users\esthe\Downloads\destroy 14 _\Dest_1405_5_five.mp4;C:\Users\esthe\Downloads\destroy 14 _\Dest_1405_6_seven.mp4;C:\Users\esthe\Downloads\destroy 14 _\Dest_1405_7_two.mp4;C:\Users\esthe\Downloads\destroy 14 _\Dest_1405_8_five.mp4;C:\Users\esthe\Downloads\destroy 14 _\Dest_1405_9_two.mp4,0.0,5.733;7.332;7.532;9.967;5.533;11.765;7.566;7.666;5.399;10.698;14.798;9.032;17.966;5.367;13.428;4.134;10.598;14.335;5.466;17.264;6.999;7.933;4.666,30.000;30.000;30.000;30.000;30.000;30.000;30.000;30.000;30.000;30.000;30.000;30.000;30.000;30.000;30.000;30.000;30.000;30.000;30.000;30.000;30.000;30.000;30.000,Destroy,grabbing peanut,,,POINT,36.695,C:\Users\esthe\Downloads\destroy 14 _\Dest_1405_14_onehalf.mp4,18,NA,
dest_1405,2025-06-26 15:24:30.572,,205.135,Media file(s),player #1:C:\Users\esthe\Downloads\destroy 14 _\commentary;C:\Users\esthe\Downloads\destroy 14 _\Dest_1405_10_three.mp4;C:\Users\esthe\Downloads\destroy 14 _\Dest_1405_11_one.mp4;C:\Users\esthe\Downloads\destroy 14 _\Dest_1405_12_two.mp4;C:\Users\esthe\Downloads\destroy 14 _\Dest_1405_13_five.mp4;C:\Users\esthe\Downloads\destroy 14 _\Dest_1405_14_onehalf.mp4;C:\Users\esthe\Downloads\destroy 14 _\Dest_1405_15_seven.mp4;C:\Users\esthe\Downloads\destroy 14 _\Dest_1405_16_three.mp4;C:\Users\esthe\Downloads\destroy 14 _\Dest_1405_17_three.mp4;C:\Users\esthe\Downloads\destroy 14 _\Dest_1405_18_two.mp4;C:\Users\esthe\Downloads\destroy 14 _\Dest_1405_19_five.mp4;C:\Users\esthe\Downloads\destroy 14 _\Dest_1405_20_one.mp4;C:\Users\esthe\Downloads\destroy 14 _\Dest_1405_21_five.mp4;C:\Users\esthe\Downloads\destroy 14 _\Dest_1405_22_seven.mp4;C:\Users\esthe\Downloads\destroy 14 _\Dest_1405_23_two.mp4;C:\Users\esthe\Downloads\destroy 14 _\Dest_1405_24_three.mp4;C:\Users\esthe\Downloads\destroy 14 _\Dest_1405_3_three.mp4;C:\Users\esthe\Downloads\destroy 14 _\Dest_1405_4_seven.mp4;C:\Users\esthe\Downloads\destroy 14 _\Dest_1405_5_five.mp4;C:\Users\esthe\Downloads\destroy 14 _\Dest_1405_6_seven.mp4;C:\Users\esthe\Downloads\destroy 14 _\Dest_1405_7_two.mp4;C:\Users\esthe\Downloads\destroy 14 _\Dest_1405_8_five.mp4;C:\Users\esthe\Downloads\destroy 14 _\Dest_1405_9_two.mp4,0.0,5.733;7.332;7.532;9.967;5.533;11.765;7.566;7.666;5.399;10.698;14.798;9.032;17.966;5.367;13.428;4.134;10.598;14.335;5.466;17.264;6.999;7.933;4.666,30.000;30.000;30.000;30.000;30.000;30.000;30.000;30.000;30.000;30.000;30.000;30.000;30.000;30.000;30.000;30.000;30.000;30.000;30.000;30.000;30.000;30.000;30.000,Destroy,lifting,,,START,36.728,C:\Users\esthe\Downloads\destroy 14 _\Dest_1405_14_onehalf.mp4,19,NA,
dest_1405,2025-06-26 15:24:30.572,,205.135,Media file(s),player #1:C:\Users\esthe\Downloads\destroy 14 _\commentary;C:\Users\esthe\Downloads\destroy 14 _\Dest_1405_10_three.mp4;C:\Users\esthe\Downloads\destroy 14 _\Dest_1405_11_one.mp4;C:\Users\esthe\Downloads\destroy 14 _\Dest_1405_12_two.mp4;C:\Users\esthe\Downloads\destroy 14 _\Dest_1405_13_five.mp4;C:\Users\esthe\Downloads\destroy 14 _\Dest_1405_14_onehalf.mp4;C:\Users\esthe\Downloads\destroy 14 _\Dest_1405_15_seven.mp4;C:\Users\esthe\Downloads\destroy 14 _\Dest_1405_16_three.mp4;C:\Users\esthe\Downloads\destroy 14 _\Dest_1405_17_three.mp4;C:\Users\esthe\Downloads\destroy 14 _\Dest_1405_18_two.mp4;C:\Users\esthe\Downloads\destroy 14 _\Dest_1405_19_five.mp4;C:\Users\esthe\Downloads\destroy 14 _\Dest_1405_20_one.mp4;C:\Users\esthe\Downloads\destroy 14 _\Dest_1405_21_five.mp4;C:\Users\esthe\Downloads\destroy 14 _\Dest_1405_22_seven.mp4;C:\Users\esthe\Downloads\destroy 14 _\Dest_1405_23_two.mp4;C:\Users\esthe\Downloads\destroy 14 _\Dest_1405_24_three.mp4;C:\Users\esthe\Downloads\destroy 14 _\Dest_1405_3_three.mp4;C:\Users\esthe\Downloads\destroy 14 _\Dest_1405_4_seven.mp4;C:\Users\esthe\Downloads\destroy 14 _\Dest_1405_5_five.mp4;C:\Users\esthe\Downloads\destroy 14 _\Dest_1405_6_seven.mp4;C:\Users\esthe\Downloads\destroy 14 _\Dest_1405_7_two.mp4;C:\Users\esthe\Downloads\destroy 14 _\Dest_1405_8_five.mp4;C:\Users\esthe\Downloads\destroy 14 _\Dest_1405_9_two.mp4,0.0,5.733;7.332;7.532;9.967;5.533;11.765;7.566;7.666;5.399;10.698;14.798;9.032;17.966;5.367;13.428;4.134;10.598;14.335;5.466;17.264;6.999;7.933;4.666,30.000;30.000;30.000;30.000;30.000;30.000;30.000;30.000;30.000;30.000;30.000;30.000;30.000;30.000;30.000;30.000;30.000;30.000;30.000;30.000;30.000;30.000;30.000,Destroy,lifting,,,STOP,37.795,C:\Users\esthe\Downloads\destroy 14 _\Dest_1405_14_onehalf.mp4,51,NA,
dest_1405,2025-06-26 15:24:30.572,,205.135,Media file(s),player #1:C:\Users\esthe\Downloads\destroy 14 _\commentary;C:\Users\esthe\Downloads\destroy 14 _\Dest_1405_10_three.mp4;C:\Users\esthe\Downloads\destroy 14 _\Dest_1405_11_one.mp4;C:\Users\esthe\Downloads\destroy 14 _\Dest_1405_12_two.mp4;C:\Users\esthe\Downloads\destroy 14 _\Dest_1405_13_five.mp4;C:\Users\esthe\Downloads\destroy 14 _\Dest_1405_14_onehalf.mp4;C:\Users\esthe\Downloads\destroy 14 _\Dest_1405_15_seven.mp4;C:\Users\esthe\Downloads\destroy 14 _\Dest_1405_16_three.mp4;C:\Users\esthe\Downloads\destroy 14 _\Dest_1405_17_three.mp4;C:\Users\esthe\Downloads\destroy 14 _\Dest_1405_18_two.mp4;C:\Users\esthe\Downloads\destroy 14 _\Dest_1405_19_five.mp4;C:\Users\esthe\Downloads\destroy 14 _\Dest_1405_20_one.mp4;C:\Users\esthe\Downloads\destroy 14 _\Dest_1405_21_five.mp4;C:\Users\esthe\Downloads\destroy 14 _\Dest_1405_22_seven.mp4;C:\Users\esthe\Downloads\destroy 14 _\Dest_1405_23_two.mp4;C:\Users\esthe\Downloads\destroy 14 _\Dest_1405_24_three.mp4;C:\Users\esthe\Downloads\destroy 14 _\Dest_1405_3_three.mp4;C:\Users\esthe\Downloads\destroy 14 _\Dest_1405_4_seven.mp4;C:\Users\esthe\Downloads\destroy 14 _\Dest_1405_5_five.mp4;C:\Users\esthe\Downloads\destroy 14 _\Dest_1405_6_seven.mp4;C:\Users\esthe\Downloads\destroy 14 _\Dest_1405_7_two.mp4;C:\Users\esthe\Downloads\destroy 14 _\Dest_1405_8_five.mp4;C:\Users\esthe\Downloads\destroy 14 _\Dest_1405_9_two.mp4,0.0,5.733;7.332;7.532;9.967;5.533;11.765;7.566;7.666;5.399;10.698;14.798;9.032;17.966;5.367;13.428;4.134;10.598;14.335;5.466;17.264;6.999;7.933;4.666,30.000;30.000;30.000;30.000;30.000;30.000;30.000;30.000;30.000;30.000;30.000;30.000;30.000;30.000;30.000;30.000;30.000;30.000;30.000;30.000;30.000;30.000;30.000,Destroy,target,,,START,38.061,C:\Users\esthe\Downloads\destroy 14 _\Dest_1405_14_onehalf.mp4,59,NA,
dest_1405,2025-06-26 15:24:30.572,,205.135,Media file(s),player #1:C:\Users\esthe\Downloads\destroy 14 _\commentary;C:\Users\esthe\Downloads\destroy 14 _\Dest_1405_10_three.mp4;C:\Users\esthe\Downloads\destroy 14 _\Dest_1405_11_one.mp4;C:\Users\esthe\Downloads\destroy 14 _\Dest_1405_12_two.mp4;C:\Users\esthe\Downloads\destroy 14 _\Dest_1405_13_five.mp4;C:\Users\esthe\Downloads\destroy 14 _\Dest_1405_14_onehalf.mp4;C:\Users\esthe\Downloads\destroy 14 _\Dest_1405_15_seven.mp4;C:\Users\esthe\Downloads\destroy 14 _\Dest_1405_16_three.mp4;C:\Users\esthe\Downloads\destroy 14 _\Dest_1405_17_three.mp4;C:\Users\esthe\Downloads\destroy 14 _\Dest_1405_18_two.mp4;C:\Users\esthe\Downloads\destroy 14 _\Dest_1405_19_five.mp4;C:\Users\esthe\Downloads\destroy 14 _\Dest_1405_20_one.mp4;C:\Users\esthe\Downloads\destroy 14 _\Dest_1405_21_five.mp4;C:\Users\esthe\Downloads\destroy 14 _\Dest_1405_22_seven.mp4;C:\Users\esthe\Downloads\destroy 14 _\Dest_1405_23_two.mp4;C:\Users\esthe\Downloads\destroy 14 _\Dest_1405_24_three.mp4;C:\Users\esthe\Downloads\destroy 14 _\Dest_1405_3_three.mp4;C:\Users\esthe\Downloads\destroy 14 _\Dest_1405_4_seven.mp4;C:\Users\esthe\Downloads\destroy 14 _\Dest_1405_5_five.mp4;C:\Users\esthe\Downloads\destroy 14 _\Dest_1405_6_seven.mp4;C:\Users\esthe\Downloads\destroy 14 _\Dest_1405_7_two.mp4;C:\Users\esthe\Downloads\destroy 14 _\Dest_1405_8_five.mp4;C:\Users\esthe\Downloads\destroy 14 _\Dest_1405_9_two.mp4,0.0,5.733;7.332;7.532;9.967;5.533;11.765;7.566;7.666;5.399;10.698;14.798;9.032;17.966;5.367;13.428;4.134;10.598;14.335;5.466;17.264;6.999;7.933;4.666,30.000;30.000;30.000;30.000;30.000;30.000;30.000;30.000;30.000;30.000;30.000;30.000;30.000;30.000;30.000;30.000;30.000;30.000;30.000;30.000;30.000;30.000;30.000,Destroy,pause,,,START,44.627,C:\Users\esthe\Downloads\destroy 14 _\Dest_1405_14_onehalf.mp4,256,NA,
dest_1405,2025-06-26 15:24:30.572,,205.135,Media file(s),player #1:C:\Users\esthe\Downloads\destroy 14 _\commentary;C:\Users\esthe\Downloads\destroy 14 _\Dest_1405_10_three.mp4;C:\Users\esthe\Downloads\destroy 14 _\Dest_1405_11_one.mp4;C:\Users\esthe\Downloads\destroy 14 _\Dest_1405_12_two.mp4;C:\Users\esthe\Downloads\destroy 14 _\Dest_1405_13_five.mp4;C:\Users\esthe\Downloads\destroy 14 _\Dest_1405_14_onehalf.mp4;C:\Users\esthe\Downloads\destroy 14 _\Dest_1405_15_seven.mp4;C:\Users\esthe\Downloads\destroy 14 _\Dest_1405_16_three.mp4;C:\Users\esthe\Downloads\destroy 14 _\Dest_1405_17_three.mp4;C:\Users\esthe\Downloads\destroy 14 _\Dest_1405_18_two.mp4;C:\Users\esthe\Downloads\destroy 14 _\Dest_1405_19_five.mp4;C:\Users\esthe\Downloads\destroy 14 _\Dest_1405_20_one.mp4;C:\Users\esthe\Downloads\destroy 14 _\Dest_1405_21_five.mp4;C:\Users\esthe\Downloads\destroy 14 _\Dest_1405_22_seven.mp4;C:\Users\esthe\Downloads\destroy 14 _\Dest_1405_23_two.mp4;C:\Users\esthe\Downloads\destroy 14 _\Dest_1405_24_three.mp4;C:\Users\esthe\Downloads\destroy 14 _\Dest_1405_3_three.mp4;C:\Users\esthe\Downloads\destroy 14 _\Dest_1405_4_seven.mp4;C:\Users\esthe\Downloads\destroy 14 _\Dest_1405_5_five.mp4;C:\Users\esthe\Downloads\destroy 14 _\Dest_1405_6_seven.mp4;C:\Users\esthe\Downloads\destroy 14 _\Dest_1405_7_two.mp4;C:\Users\esthe\Downloads\destroy 14 _\Dest_1405_8_five.mp4;C:\Users\esthe\Downloads\destroy 14 _\Dest_1405_9_two.mp4,0.0,5.733;7.332;7.532;9.967;5.533;11.765;7.566;7.666;5.399;10.698;14.798;9.032;17.966;5.367;13.428;4.134;10.598;14.335;5.466;17.264;6.999;7.933;4.666,30.000;30.000;30.000;30.000;30.000;30.000;30.000;30.000;30.000;30.000;30.000;30.000;30.000;30.000;30.000;30.000;30.000;30.000;30.000;30.000;30.000;30.000;30.000,Destroy,pause,,,STOP,44.994,C:\Users\esthe\Downloads\destroy 14 _\Dest_1405_14_onehalf.mp4,267,NA,
dest_1405,2025-06-26 15:24:30.572,,205.135,Media file(s),player #1:C:\Users\esthe\Downloads\destroy 14 _\commentary;C:\Users\esthe\Downloads\destroy 14 _\Dest_1405_10_three.mp4;C:\Users\esthe\Downloads\destroy 14 _\Dest_1405_11_one.mp4;C:\Users\esthe\Downloads\destroy 14 _\Dest_1405_12_two.mp4;C:\Users\esthe\Downloads\destroy 14 _\Dest_1405_13_five.mp4;C:\Users\esthe\Downloads\destroy 14 _\Dest_1405_14_onehalf.mp4;C:\Users\esthe\Downloads\destroy 14 _\Dest_1405_15_seven.mp4;C:\Users\esthe\Downloads\destroy 14 _\Dest_1405_16_three.mp4;C:\Users\esthe\Downloads\destroy 14 _\Dest_1405_17_three.mp4;C:\Users\esthe\Downloads\destroy 14 _\Dest_1405_18_two.mp4;C:\Users\esthe\Downloads\destroy 14 _\Dest_1405_19_five.mp4;C:\Users\esthe\Downloads\destroy 14 _\Dest_1405_20_one.mp4;C:\Users\esthe\Downloads\destroy 14 _\Dest_1405_21_five.mp4;C:\Users\esthe\Downloads\destroy 14 _\Dest_1405_22_seven.mp4;C:\Users\esthe\Downloads\destroy 14 _\Dest_1405_23_two.mp4;C:\Users\esthe\Downloads\destroy 14 _\Dest_1405_24_three.mp4;C:\Users\esthe\Downloads\destroy 14 _\Dest_1405_3_three.mp4;C:\Users\esthe\Downloads\destroy 14 _\Dest_1405_4_seven.mp4;C:\Users\esthe\Downloads\destroy 14 _\Dest_1405_5_five.mp4;C:\Users\esthe\Downloads\destroy 14 _\Dest_1405_6_seven.mp4;C:\Users\esthe\Downloads\destroy 14 _\Dest_1405_7_two.mp4;C:\Users\esthe\Downloads\destroy 14 _\Dest_1405_8_five.mp4;C:\Users\esthe\Downloads\destroy 14 _\Dest_1405_9_two.mp4,0.0,5.733;7.332;7.532;9.967;5.533;11.765;7.566;7.666;5.399;10.698;14.798;9.032;17.966;5.367;13.428;4.134;10.598;14.335;5.466;17.264;6.999;7.933;4.666,30.000;30.000;30.000;30.000;30.000;30.000;30.000;30.000;30.000;30.000;30.000;30.000;30.000;30.000;30.000;30.000;30.000;30.000;30.000;30.000;30.000;30.000;30.000,Destroy,digging,,,START,46.394,C:\Users\esthe\Downloads\destroy 14 _\Dest_1405_14_onehalf.mp4,309,NA,
dest_1405,2025-06-26 15:24:30.572,,205.135,Media file(s),player #1:C:\Users\esthe\Downloads\destroy 14 _\commentary;C:\Users\esthe\Downloads\destroy 14 _\Dest_1405_10_three.mp4;C:\Users\esthe\Downloads\destroy 14 _\Dest_1405_11_one.mp4;C:\Users\esthe\Downloads\destroy 14 _\Dest_1405_12_two.mp4;C:\Users\esthe\Downloads\destroy 14 _\Dest_1405_13_five.mp4;C:\Users\esthe\Downloads\destroy 14 _\Dest_1405_14_onehalf.mp4;C:\Users\esthe\Downloads\destroy 14 _\Dest_1405_15_seven.mp4;C:\Users\esthe\Downloads\destroy 14 _\Dest_1405_16_three.mp4;C:\Users\esthe\Downloads\destroy 14 _\Dest_1405_17_three.mp4;C:\Users\esthe\Downloads\destroy 14 _\Dest_1405_18_two.mp4;C:\Users\esthe\Downloads\destroy 14 _\Dest_1405_19_five.mp4;C:\Users\esthe\Downloads\destroy 14 _\Dest_1405_20_one.mp4;C:\Users\esthe\Downloads\destroy 14 _\Dest_1405_21_five.mp4;C:\Users\esthe\Downloads\destroy 14 _\Dest_1405_22_seven.mp4;C:\Users\esthe\Downloads\destroy 14 _\Dest_1405_23_two.mp4;C:\Users\esthe\Downloads\destroy 14 _\Dest_1405_24_three.mp4;C:\Users\esthe\Downloads\destroy 14 _\Dest_1405_3_three.mp4;C:\Users\esthe\Downloads\destroy 14 _\Dest_1405_4_seven.mp4;C:\Users\esthe\Downloads\destroy 14 _\Dest_1405_5_five.mp4;C:\Users\esthe\Downloads\destroy 14 _\Dest_1405_6_seven.mp4;C:\Users\esthe\Downloads\destroy 14 _\Dest_1405_7_two.mp4;C:\Users\esthe\Downloads\destroy 14 _\Dest_1405_8_five.mp4;C:\Users\esthe\Downloads\destroy 14 _\Dest_1405_9_two.mp4,0.0,5.733;7.332;7.532;9.967;5.533;11.765;7.566;7.666;5.399;10.698;14.798;9.032;17.966;5.367;13.428;4.134;10.598;14.335;5.466;17.264;6.999;7.933;4.666,30.000;30.000;30.000;30.000;30.000;30.000;30.000;30.000;30.000;30.000;30.000;30.000;30.000;30.000;30.000;30.000;30.000;30.000;30.000;30.000;30.000;30.000;30.000,Destroy,target,,,STOP,46.394,C:\Users\esthe\Downloads\destroy 14 _\Dest_1405_14_onehalf.mp4,309,NA,
dest_1405,2025-06-26 15:24:30.572,,205.135,Media file(s),player #1:C:\Users\esthe\Downloads\destroy 14 _\commentary;C:\Users\esthe\Downloads\destroy 14 _\Dest_1405_10_three.mp4;C:\Users\esthe\Downloads\destroy 14 _\Dest_1405_11_one.mp4;C:\Users\esthe\Downloads\destroy 14 _\Dest_1405_12_two.mp4;C:\Users\esthe\Downloads\destroy 14 _\Dest_1405_13_five.mp4;C:\Users\esthe\Downloads\destroy 14 _\Dest_1405_14_onehalf.mp4;C:\Users\esthe\Downloads\destroy 14 _\Dest_1405_15_seven.mp4;C:\Users\esthe\Downloads\destroy 14 _\Dest_1405_16_three.mp4;C:\Users\esthe\Downloads\destroy 14 _\Dest_1405_17_three.mp4;C:\Users\esthe\Downloads\destroy 14 _\Dest_1405_18_two.mp4;C:\Users\esthe\Downloads\destroy 14 _\Dest_1405_19_five.mp4;C:\Users\esthe\Downloads\destroy 14 _\Dest_1405_20_one.mp4;C:\Users\esthe\Downloads\destroy 14 _\Dest_1405_21_five.mp4;C:\Users\esthe\Downloads\destroy 14 _\Dest_1405_22_seven.mp4;C:\Users\esthe\Downloads\destroy 14 _\Dest_1405_23_two.mp4;C:\Users\esthe\Downloads\destroy 14 _\Dest_1405_24_three.mp4;C:\Users\esthe\Downloads\destroy 14 _\Dest_1405_3_three.mp4;C:\Users\esthe\Downloads\destroy 14 _\Dest_1405_4_seven.mp4;C:\Users\esthe\Downloads\destroy 14 _\Dest_1405_5_five.mp4;C:\Users\esthe\Downloads\destroy 14 _\Dest_1405_6_seven.mp4;C:\Users\esthe\Downloads\destroy 14 _\Dest_1405_7_two.mp4;C:\Users\esthe\Downloads\destroy 14 _\Dest_1405_8_five.mp4;C:\Users\esthe\Downloads\destroy 14 _\Dest_1405_9_two.mp4,0.0,5.733;7.332;7.532;9.967;5.533;11.765;7.566;7.666;5.399;10.698;14.798;9.032;17.966;5.367;13.428;4.134;10.598;14.335;5.466;17.264;6.999;7.933;4.666,30.000;30.000;30.000;30.000;30.000;30.000;30.000;30.000;30.000;30.000;30.000;30.000;30.000;30.000;30.000;30.000;30.000;30.000;30.000;30.000;30.000;30.000;30.000,Destroy,digging,,,STOP,46.927,C:\Users\esthe\Downloads\destroy 14 _\Dest_1405_14_onehalf.mp4,325,NA,
dest_1405,2025-06-26 15:24:30.572,,205.135,Media file(s),player #1:C:\Users\esthe\Downloads\destroy 14 _\commentary;C:\Users\esthe\Downloads\destroy 14 _\Dest_1405_10_three.mp4;C:\Users\esthe\Downloads\destroy 14 _\Dest_1405_11_one.mp4;C:\Users\esthe\Downloads\destroy 14 _\Dest_1405_12_two.mp4;C:\Users\esthe\Downloads\destroy 14 _\Dest_1405_13_five.mp4;C:\Users\esthe\Downloads\destroy 14 _\Dest_1405_14_onehalf.mp4;C:\Users\esthe\Downloads\destroy 14 _\Dest_1405_15_seven.mp4;C:\Users\esthe\Downloads\destroy 14 _\Dest_1405_16_three.mp4;C:\Users\esthe\Downloads\destroy 14 _\Dest_1405_17_three.mp4;C:\Users\esthe\Downloads\destroy 14 _\Dest_1405_18_two.mp4;C:\Users\esthe\Downloads\destroy 14 _\Dest_1405_19_five.mp4;C:\Users\esthe\Downloads\destroy 14 _\Dest_1405_20_one.mp4;C:\Users\esthe\Downloads\destroy 14 _\Dest_1405_21_five.mp4;C:\Users\esthe\Downloads\destroy 14 _\Dest_1405_22_seven.mp4;C:\Users\esthe\Downloads\destroy 14 _\Dest_1405_23_two.mp4;C:\Users\esthe\Downloads\destroy 14 _\Dest_1405_24_three.mp4;C:\Users\esthe\Downloads\destroy 14 _\Dest_1405_3_three.mp4;C:\Users\esthe\Downloads\destroy 14 _\Dest_1405_4_seven.mp4;C:\Users\esthe\Downloads\destroy 14 _\Dest_1405_5_five.mp4;C:\Users\esthe\Downloads\destroy 14 _\Dest_1405_6_seven.mp4;C:\Users\esthe\Downloads\destroy 14 _\Dest_1405_7_two.mp4;C:\Users\esthe\Downloads\destroy 14 _\Dest_1405_8_five.mp4;C:\Users\esthe\Downloads\destroy 14 _\Dest_1405_9_two.mp4,0.0,5.733;7.332;7.532;9.967;5.533;11.765;7.566;7.666;5.399;10.698;14.798;9.032;17.966;5.367;13.428;4.134;10.598;14.335;5.466;17.264;6.999;7.933;4.666,30.000;30.000;30.000;30.000;30.000;30.000;30.000;30.000;30.000;30.000;30.000;30.000;30.000;30.000;30.000;30.000;30.000;30.000;30.000;30.000;30.000;30.000;30.000,Destroy,target,,,START,46.927,C:\Users\esthe\Downloads\destroy 14 _\Dest_1405_14_onehalf.mp4,325,NA,
dest_1405,2025-06-26 15:24:30.572,,205.135,Media file(s),player #1:C:\Users\esthe\Downloads\destroy 14 _\commentary;C:\Users\esthe\Downloads\destroy 14 _\Dest_1405_10_three.mp4;C:\Users\esthe\Downloads\destroy 14 _\Dest_1405_11_one.mp4;C:\Users\esthe\Downloads\destroy 14 _\Dest_1405_12_two.mp4;C:\Users\esthe\Downloads\destroy 14 _\Dest_1405_13_five.mp4;C:\Users\esthe\Downloads\destroy 14 _\Dest_1405_14_onehalf.mp4;C:\Users\esthe\Downloads\destroy 14 _\Dest_1405_15_seven.mp4;C:\Users\esthe\Downloads\destroy 14 _\Dest_1405_16_three.mp4;C:\Users\esthe\Downloads\destroy 14 _\Dest_1405_17_three.mp4;C:\Users\esthe\Downloads\destroy 14 _\Dest_1405_18_two.mp4;C:\Users\esthe\Downloads\destroy 14 _\Dest_1405_19_five.mp4;C:\Users\esthe\Downloads\destroy 14 _\Dest_1405_20_one.mp4;C:\Users\esthe\Downloads\destroy 14 _\Dest_1405_21_five.mp4;C:\Users\esthe\Downloads\destroy 14 _\Dest_1405_22_seven.mp4;C:\Users\esthe\Downloads\destroy 14 _\Dest_1405_23_two.mp4;C:\Users\esthe\Downloads\destroy 14 _\Dest_1405_24_three.mp4;C:\Users\esthe\Downloads\destroy 14 _\Dest_1405_3_three.mp4;C:\Users\esthe\Downloads\destroy 14 _\Dest_1405_4_seven.mp4;C:\Users\esthe\Downloads\destroy 14 _\Dest_1405_5_five.mp4;C:\Users\esthe\Downloads\destroy 14 _\Dest_1405_6_seven.mp4;C:\Users\esthe\Downloads\destroy 14 _\Dest_1405_7_two.mp4;C:\Users\esthe\Downloads\destroy 14 _\Dest_1405_8_five.mp4;C:\Users\esthe\Downloads\destroy 14 _\Dest_1405_9_two.mp4,0.0,5.733;7.332;7.532;9.967;5.533;11.765;7.566;7.666;5.399;10.698;14.798;9.032;17.966;5.367;13.428;4.134;10.598;14.335;5.466;17.264;6.999;7.933;4.666,30.000;30.000;30.000;30.000;30.000;30.000;30.000;30.000;30.000;30.000;30.000;30.000;30.000;30.000;30.000;30.000;30.000;30.000;30.000;30.000;30.000;30.000;30.000,Destroy,target,,,STOP,47.793,C:\Users\esthe\Downloads\destroy 14 _\Dest_1405_14_onehalf.mp4,351,NA,
dest_1405,2025-06-26 15:24:30.572,,205.135,Media file(s),player #1:C:\Users\esthe\Downloads\destroy 14 _\commentary;C:\Users\esthe\Downloads\destroy 14 _\Dest_1405_10_three.mp4;C:\Users\esthe\Downloads\destroy 14 _\Dest_1405_11_one.mp4;C:\Users\esthe\Downloads\destroy 14 _\Dest_1405_12_two.mp4;C:\Users\esthe\Downloads\destroy 14 _\Dest_1405_13_five.mp4;C:\Users\esthe\Downloads\destroy 14 _\Dest_1405_14_onehalf.mp4;C:\Users\esthe\Downloads\destroy 14 _\Dest_1405_15_seven.mp4;C:\Users\esthe\Downloads\destroy 14 _\Dest_1405_16_three.mp4;C:\Users\esthe\Downloads\destroy 14 _\Dest_1405_17_three.mp4;C:\Users\esthe\Downloads\destroy 14 _\Dest_1405_18_two.mp4;C:\Users\esthe\Downloads\destroy 14 _\Dest_1405_19_five.mp4;C:\Users\esthe\Downloads\destroy 14 _\Dest_1405_20_one.mp4;C:\Users\esthe\Downloads\destroy 14 _\Dest_1405_21_five.mp4;C:\Users\esthe\Downloads\destroy 14 _\Dest_1405_22_seven.mp4;C:\Users\esthe\Downloads\destroy 14 _\Dest_1405_23_two.mp4;C:\Users\esthe\Downloads\destroy 14 _\Dest_1405_24_three.mp4;C:\Users\esthe\Downloads\destroy 14 _\Dest_1405_3_three.mp4;C:\Users\esthe\Downloads\destroy 14 _\Dest_1405_4_seven.mp4;C:\Users\esthe\Downloads\destroy 14 _\Dest_1405_5_five.mp4;C:\Users\esthe\Downloads\destroy 14 _\Dest_1405_6_seven.mp4;C:\Users\esthe\Downloads\destroy 14 _\Dest_1405_7_two.mp4;C:\Users\esthe\Downloads\destroy 14 _\Dest_1405_8_five.mp4;C:\Users\esthe\Downloads\destroy 14 _\Dest_1405_9_two.mp4,0.0,5.733;7.332;7.532;9.967;5.533;11.765;7.566;7.666;5.399;10.698;14.798;9.032;17.966;5.367;13.428;4.134;10.598;14.335;5.466;17.264;6.999;7.933;4.666,30.000;30.000;30.000;30.000;30.000;30.000;30.000;30.000;30.000;30.000;30.000;30.000;30.000;30.000;30.000;30.000;30.000;30.000;30.000;30.000;30.000;30.000;30.000,Destroy,bending,,,START,47.860,C:\Users\esthe\Downloads\destroy 14 _\Dest_1405_14_onehalf.mp4,0,NA,
dest_1405,2025-06-26 15:24:30.572,,205.135,Media file(s),player #1:C:\Users\esthe\Downloads\destroy 14 _\commentary;C:\Users\esthe\Downloads\destroy 14 _\Dest_1405_10_three.mp4;C:\Users\esthe\Downloads\destroy 14 _\Dest_1405_11_one.mp4;C:\Users\esthe\Downloads\destroy 14 _\Dest_1405_12_two.mp4;C:\Users\esthe\Downloads\destroy 14 _\Dest_1405_13_five.mp4;C:\Users\esthe\Downloads\destroy 14 _\Dest_1405_14_onehalf.mp4;C:\Users\esthe\Downloads\destroy 14 _\Dest_1405_15_seven.mp4;C:\Users\esthe\Downloads\destroy 14 _\Dest_1405_16_three.mp4;C:\Users\esthe\Downloads\destroy 14 _\Dest_1405_17_three.mp4;C:\Users\esthe\Downloads\destroy 14 _\Dest_1405_18_two.mp4;C:\Users\esthe\Downloads\destroy 14 _\Dest_1405_19_five.mp4;C:\Users\esthe\Downloads\destroy 14 _\Dest_1405_20_one.mp4;C:\Users\esthe\Downloads\destroy 14 _\Dest_1405_21_five.mp4;C:\Users\esthe\Downloads\destroy 14 _\Dest_1405_22_seven.mp4;C:\Users\esthe\Downloads\destroy 14 _\Dest_1405_23_two.mp4;C:\Users\esthe\Downloads\destroy 14 _\Dest_1405_24_three.mp4;C:\Users\esthe\Downloads\destroy 14 _\Dest_1405_3_three.mp4;C:\Users\esthe\Downloads\destroy 14 _\Dest_1405_4_seven.mp4;C:\Users\esthe\Downloads\destroy 14 _\Dest_1405_5_five.mp4;C:\Users\esthe\Downloads\destroy 14 _\Dest_1405_6_seven.mp4;C:\Users\esthe\Downloads\destroy 14 _\Dest_1405_7_two.mp4;C:\Users\esthe\Downloads\destroy 14 _\Dest_1405_8_five.mp4;C:\Users\esthe\Downloads\destroy 14 _\Dest_1405_9_two.mp4,0.0,5.733;7.332;7.532;9.967;5.533;11.765;7.566;7.666;5.399;10.698;14.798;9.032;17.966;5.367;13.428;4.134;10.598;14.335;5.466;17.264;6.999;7.933;4.666,30.000;30.000;30.000;30.000;30.000;30.000;30.000;30.000;30.000;30.000;30.000;30.000;30.000;30.000;30.000;30.000;30.000;30.000;30.000;30.000;30.000;30.000;30.000,Destroy,bending,,,STOP,48.160,C:\Users\esthe\Downloads\destroy 14 _\Dest_1405_15_seven.mp4,9,NA,
dest_1405,2025-06-26 15:24:30.572,,205.135,Media file(s),player #1:C:\Users\esthe\Downloads\destroy 14 _\commentary;C:\Users\esthe\Downloads\destroy 14 _\Dest_1405_10_three.mp4;C:\Users\esthe\Downloads\destroy 14 _\Dest_1405_11_one.mp4;C:\Users\esthe\Downloads\destroy 14 _\Dest_1405_12_two.mp4;C:\Users\esthe\Downloads\destroy 14 _\Dest_1405_13_five.mp4;C:\Users\esthe\Downloads\destroy 14 _\Dest_1405_14_onehalf.mp4;C:\Users\esthe\Downloads\destroy 14 _\Dest_1405_15_seven.mp4;C:\Users\esthe\Downloads\destroy 14 _\Dest_1405_16_three.mp4;C:\Users\esthe\Downloads\destroy 14 _\Dest_1405_17_three.mp4;C:\Users\esthe\Downloads\destroy 14 _\Dest_1405_18_two.mp4;C:\Users\esthe\Downloads\destroy 14 _\Dest_1405_19_five.mp4;C:\Users\esthe\Downloads\destroy 14 _\Dest_1405_20_one.mp4;C:\Users\esthe\Downloads\destroy 14 _\Dest_1405_21_five.mp4;C:\Users\esthe\Downloads\destroy 14 _\Dest_1405_22_seven.mp4;C:\Users\esthe\Downloads\destroy 14 _\Dest_1405_23_two.mp4;C:\Users\esthe\Downloads\destroy 14 _\Dest_1405_24_three.mp4;C:\Users\esthe\Downloads\destroy 14 _\Dest_1405_3_three.mp4;C:\Users\esthe\Downloads\destroy 14 _\Dest_1405_4_seven.mp4;C:\Users\esthe\Downloads\destroy 14 _\Dest_1405_5_five.mp4;C:\Users\esthe\Downloads\destroy 14 _\Dest_1405_6_seven.mp4;C:\Users\esthe\Downloads\destroy 14 _\Dest_1405_7_two.mp4;C:\Users\esthe\Downloads\destroy 14 _\Dest_1405_8_five.mp4;C:\Users\esthe\Downloads\destroy 14 _\Dest_1405_9_two.mp4,0.0,5.733;7.332;7.532;9.967;5.533;11.765;7.566;7.666;5.399;10.698;14.798;9.032;17.966;5.367;13.428;4.134;10.598;14.335;5.466;17.264;6.999;7.933;4.666,30.000;30.000;30.000;30.000;30.000;30.000;30.000;30.000;30.000;30.000;30.000;30.000;30.000;30.000;30.000;30.000;30.000;30.000;30.000;30.000;30.000;30.000;30.000,Destroy,grabbing peanut,,,POINT,48.160,C:\Users\esthe\Downloads\destroy 14 _\Dest_1405_15_seven.mp4,9,NA,
dest_1405,2025-06-26 15:24:30.572,,205.135,Media file(s),player #1:C:\Users\esthe\Downloads\destroy 14 _\commentary;C:\Users\esthe\Downloads\destroy 14 _\Dest_1405_10_three.mp4;C:\Users\esthe\Downloads\destroy 14 _\Dest_1405_11_one.mp4;C:\Users\esthe\Downloads\destroy 14 _\Dest_1405_12_two.mp4;C:\Users\esthe\Downloads\destroy 14 _\Dest_1405_13_five.mp4;C:\Users\esthe\Downloads\destroy 14 _\Dest_1405_14_onehalf.mp4;C:\Users\esthe\Downloads\destroy 14 _\Dest_1405_15_seven.mp4;C:\Users\esthe\Downloads\destroy 14 _\Dest_1405_16_three.mp4;C:\Users\esthe\Downloads\destroy 14 _\Dest_1405_17_three.mp4;C:\Users\esthe\Downloads\destroy 14 _\Dest_1405_18_two.mp4;C:\Users\esthe\Downloads\destroy 14 _\Dest_1405_19_five.mp4;C:\Users\esthe\Downloads\destroy 14 _\Dest_1405_20_one.mp4;C:\Users\esthe\Downloads\destroy 14 _\Dest_1405_21_five.mp4;C:\Users\esthe\Downloads\destroy 14 _\Dest_1405_22_seven.mp4;C:\Users\esthe\Downloads\destroy 14 _\Dest_1405_23_two.mp4;C:\Users\esthe\Downloads\destroy 14 _\Dest_1405_24_three.mp4;C:\Users\esthe\Downloads\destroy 14 _\Dest_1405_3_three.mp4;C:\Users\esthe\Downloads\destroy 14 _\Dest_1405_4_seven.mp4;C:\Users\esthe\Downloads\destroy 14 _\Dest_1405_5_five.mp4;C:\Users\esthe\Downloads\destroy 14 _\Dest_1405_6_seven.mp4;C:\Users\esthe\Downloads\destroy 14 _\Dest_1405_7_two.mp4;C:\Users\esthe\Downloads\destroy 14 _\Dest_1405_8_five.mp4;C:\Users\esthe\Downloads\destroy 14 _\Dest_1405_9_two.mp4,0.0,5.733;7.332;7.532;9.967;5.533;11.765;7.566;7.666;5.399;10.698;14.798;9.032;17.966;5.367;13.428;4.134;10.598;14.335;5.466;17.264;6.999;7.933;4.666,30.000;30.000;30.000;30.000;30.000;30.000;30.000;30.000;30.000;30.000;30.000;30.000;30.000;30.000;30.000;30.000;30.000;30.000;30.000;30.000;30.000;30.000;30.000,Destroy,lifting,,,START,48.193,C:\Users\esthe\Downloads\destroy 14 _\Dest_1405_15_seven.mp4,10,NA,
dest_1405,2025-06-26 15:24:30.572,,205.135,Media file(s),player #1:C:\Users\esthe\Downloads\destroy 14 _\commentary;C:\Users\esthe\Downloads\destroy 14 _\Dest_1405_10_three.mp4;C:\Users\esthe\Downloads\destroy 14 _\Dest_1405_11_one.mp4;C:\Users\esthe\Downloads\destroy 14 _\Dest_1405_12_two.mp4;C:\Users\esthe\Downloads\destroy 14 _\Dest_1405_13_five.mp4;C:\Users\esthe\Downloads\destroy 14 _\Dest_1405_14_onehalf.mp4;C:\Users\esthe\Downloads\destroy 14 _\Dest_1405_15_seven.mp4;C:\Users\esthe\Downloads\destroy 14 _\Dest_1405_16_three.mp4;C:\Users\esthe\Downloads\destroy 14 _\Dest_1405_17_three.mp4;C:\Users\esthe\Downloads\destroy 14 _\Dest_1405_18_two.mp4;C:\Users\esthe\Downloads\destroy 14 _\Dest_1405_19_five.mp4;C:\Users\esthe\Downloads\destroy 14 _\Dest_1405_20_one.mp4;C:\Users\esthe\Downloads\destroy 14 _\Dest_1405_21_five.mp4;C:\Users\esthe\Downloads\destroy 14 _\Dest_1405_22_seven.mp4;C:\Users\esthe\Downloads\destroy 14 _\Dest_1405_23_two.mp4;C:\Users\esthe\Downloads\destroy 14 _\Dest_1405_24_three.mp4;C:\Users\esthe\Downloads\destroy 14 _\Dest_1405_3_three.mp4;C:\Users\esthe\Downloads\destroy 14 _\Dest_1405_4_seven.mp4;C:\Users\esthe\Downloads\destroy 14 _\Dest_1405_5_five.mp4;C:\Users\esthe\Downloads\destroy 14 _\Dest_1405_6_seven.mp4;C:\Users\esthe\Downloads\destroy 14 _\Dest_1405_7_two.mp4;C:\Users\esthe\Downloads\destroy 14 _\Dest_1405_8_five.mp4;C:\Users\esthe\Downloads\destroy 14 _\Dest_1405_9_two.mp4,0.0,5.733;7.332;7.532;9.967;5.533;11.765;7.566;7.666;5.399;10.698;14.798;9.032;17.966;5.367;13.428;4.134;10.598;14.335;5.466;17.264;6.999;7.933;4.666,30.000;30.000;30.000;30.000;30.000;30.000;30.000;30.000;30.000;30.000;30.000;30.000;30.000;30.000;30.000;30.000;30.000;30.000;30.000;30.000;30.000;30.000;30.000,Destroy,lifting,,,STOP,48.560,C:\Users\esthe\Downloads\destroy 14 _\Dest_1405_15_seven.mp4,21,NA,
dest_1405,2025-06-26 15:24:30.572,,205.135,Media file(s),player #1:C:\Users\esthe\Downloads\destroy 14 _\commentary;C:\Users\esthe\Downloads\destroy 14 _\Dest_1405_10_three.mp4;C:\Users\esthe\Downloads\destroy 14 _\Dest_1405_11_one.mp4;C:\Users\esthe\Downloads\destroy 14 _\Dest_1405_12_two.mp4;C:\Users\esthe\Downloads\destroy 14 _\Dest_1405_13_five.mp4;C:\Users\esthe\Downloads\destroy 14 _\Dest_1405_14_onehalf.mp4;C:\Users\esthe\Downloads\destroy 14 _\Dest_1405_15_seven.mp4;C:\Users\esthe\Downloads\destroy 14 _\Dest_1405_16_three.mp4;C:\Users\esthe\Downloads\destroy 14 _\Dest_1405_17_three.mp4;C:\Users\esthe\Downloads\destroy 14 _\Dest_1405_18_two.mp4;C:\Users\esthe\Downloads\destroy 14 _\Dest_1405_19_five.mp4;C:\Users\esthe\Downloads\destroy 14 _\Dest_1405_20_one.mp4;C:\Users\esthe\Downloads\destroy 14 _\Dest_1405_21_five.mp4;C:\Users\esthe\Downloads\destroy 14 _\Dest_1405_22_seven.mp4;C:\Users\esthe\Downloads\destroy 14 _\Dest_1405_23_two.mp4;C:\Users\esthe\Downloads\destroy 14 _\Dest_1405_24_three.mp4;C:\Users\esthe\Downloads\destroy 14 _\Dest_1405_3_three.mp4;C:\Users\esthe\Downloads\destroy 14 _\Dest_1405_4_seven.mp4;C:\Users\esthe\Downloads\destroy 14 _\Dest_1405_5_five.mp4;C:\Users\esthe\Downloads\destroy 14 _\Dest_1405_6_seven.mp4;C:\Users\esthe\Downloads\destroy 14 _\Dest_1405_7_two.mp4;C:\Users\esthe\Downloads\destroy 14 _\Dest_1405_8_five.mp4;C:\Users\esthe\Downloads\destroy 14 _\Dest_1405_9_two.mp4,0.0,5.733;7.332;7.532;9.967;5.533;11.765;7.566;7.666;5.399;10.698;14.798;9.032;17.966;5.367;13.428;4.134;10.598;14.335;5.466;17.264;6.999;7.933;4.666,30.000;30.000;30.000;30.000;30.000;30.000;30.000;30.000;30.000;30.000;30.000;30.000;30.000;30.000;30.000;30.000;30.000;30.000;30.000;30.000;30.000;30.000;30.000,Destroy,assessing,,,START,48.693,C:\Users\esthe\Downloads\destroy 14 _\Dest_1405_15_seven.mp4,25,NA,
dest_1405,2025-06-26 15:24:30.572,,205.135,Media file(s),player #1:C:\Users\esthe\Downloads\destroy 14 _\commentary;C:\Users\esthe\Downloads\destroy 14 _\Dest_1405_10_three.mp4;C:\Users\esthe\Downloads\destroy 14 _\Dest_1405_11_one.mp4;C:\Users\esthe\Downloads\destroy 14 _\Dest_1405_12_two.mp4;C:\Users\esthe\Downloads\destroy 14 _\Dest_1405_13_five.mp4;C:\Users\esthe\Downloads\destroy 14 _\Dest_1405_14_onehalf.mp4;C:\Users\esthe\Downloads\destroy 14 _\Dest_1405_15_seven.mp4;C:\Users\esthe\Downloads\destroy 14 _\Dest_1405_16_three.mp4;C:\Users\esthe\Downloads\destroy 14 _\Dest_1405_17_three.mp4;C:\Users\esthe\Downloads\destroy 14 _\Dest_1405_18_two.mp4;C:\Users\esthe\Downloads\destroy 14 _\Dest_1405_19_five.mp4;C:\Users\esthe\Downloads\destroy 14 _\Dest_1405_20_one.mp4;C:\Users\esthe\Downloads\destroy 14 _\Dest_1405_21_five.mp4;C:\Users\esthe\Downloads\destroy 14 _\Dest_1405_22_seven.mp4;C:\Users\esthe\Downloads\destroy 14 _\Dest_1405_23_two.mp4;C:\Users\esthe\Downloads\destroy 14 _\Dest_1405_24_three.mp4;C:\Users\esthe\Downloads\destroy 14 _\Dest_1405_3_three.mp4;C:\Users\esthe\Downloads\destroy 14 _\Dest_1405_4_seven.mp4;C:\Users\esthe\Downloads\destroy 14 _\Dest_1405_5_five.mp4;C:\Users\esthe\Downloads\destroy 14 _\Dest_1405_6_seven.mp4;C:\Users\esthe\Downloads\destroy 14 _\Dest_1405_7_two.mp4;C:\Users\esthe\Downloads\destroy 14 _\Dest_1405_8_five.mp4;C:\Users\esthe\Downloads\destroy 14 _\Dest_1405_9_two.mp4,0.0,5.733;7.332;7.532;9.967;5.533;11.765;7.566;7.666;5.399;10.698;14.798;9.032;17.966;5.367;13.428;4.134;10.598;14.335;5.466;17.264;6.999;7.933;4.666,30.000;30.000;30.000;30.000;30.000;30.000;30.000;30.000;30.000;30.000;30.000;30.000;30.000;30.000;30.000;30.000;30.000;30.000;30.000;30.000;30.000;30.000;30.000,Destroy,jaw movement,,,POINT,48.793,C:\Users\esthe\Downloads\destroy 14 _\Dest_1405_15_seven.mp4,28,NA,
dest_1405,2025-06-26 15:24:30.572,,205.135,Media file(s),player #1:C:\Users\esthe\Downloads\destroy 14 _\commentary;C:\Users\esthe\Downloads\destroy 14 _\Dest_1405_10_three.mp4;C:\Users\esthe\Downloads\destroy 14 _\Dest_1405_11_one.mp4;C:\Users\esthe\Downloads\destroy 14 _\Dest_1405_12_two.mp4;C:\Users\esthe\Downloads\destroy 14 _\Dest_1405_13_five.mp4;C:\Users\esthe\Downloads\destroy 14 _\Dest_1405_14_onehalf.mp4;C:\Users\esthe\Downloads\destroy 14 _\Dest_1405_15_seven.mp4;C:\Users\esthe\Downloads\destroy 14 _\Dest_1405_16_three.mp4;C:\Users\esthe\Downloads\destroy 14 _\Dest_1405_17_three.mp4;C:\Users\esthe\Downloads\destroy 14 _\Dest_1405_18_two.mp4;C:\Users\esthe\Downloads\destroy 14 _\Dest_1405_19_five.mp4;C:\Users\esthe\Downloads\destroy 14 _\Dest_1405_20_one.mp4;C:\Users\esthe\Downloads\destroy 14 _\Dest_1405_21_five.mp4;C:\Users\esthe\Downloads\destroy 14 _\Dest_1405_22_seven.mp4;C:\Users\esthe\Downloads\destroy 14 _\Dest_1405_23_two.mp4;C:\Users\esthe\Downloads\destroy 14 _\Dest_1405_24_three.mp4;C:\Users\esthe\Downloads\destroy 14 _\Dest_1405_3_three.mp4;C:\Users\esthe\Downloads\destroy 14 _\Dest_1405_4_seven.mp4;C:\Users\esthe\Downloads\destroy 14 _\Dest_1405_5_five.mp4;C:\Users\esthe\Downloads\destroy 14 _\Dest_1405_6_seven.mp4;C:\Users\esthe\Downloads\destroy 14 _\Dest_1405_7_two.mp4;C:\Users\esthe\Downloads\destroy 14 _\Dest_1405_8_five.mp4;C:\Users\esthe\Downloads\destroy 14 _\Dest_1405_9_two.mp4,0.0,5.733;7.332;7.532;9.967;5.533;11.765;7.566;7.666;5.399;10.698;14.798;9.032;17.966;5.367;13.428;4.134;10.598;14.335;5.466;17.264;6.999;7.933;4.666,30.000;30.000;30.000;30.000;30.000;30.000;30.000;30.000;30.000;30.000;30.000;30.000;30.000;30.000;30.000;30.000;30.000;30.000;30.000;30.000;30.000;30.000;30.000,Destroy,sniffing,,,POINT,48.993,C:\Users\esthe\Downloads\destroy 14 _\Dest_1405_15_seven.mp4,34,NA,
dest_1405,2025-06-26 15:24:30.572,,205.135,Media file(s),player #1:C:\Users\esthe\Downloads\destroy 14 _\commentary;C:\Users\esthe\Downloads\destroy 14 _\Dest_1405_10_three.mp4;C:\Users\esthe\Downloads\destroy 14 _\Dest_1405_11_one.mp4;C:\Users\esthe\Downloads\destroy 14 _\Dest_1405_12_two.mp4;C:\Users\esthe\Downloads\destroy 14 _\Dest_1405_13_five.mp4;C:\Users\esthe\Downloads\destroy 14 _\Dest_1405_14_onehalf.mp4;C:\Users\esthe\Downloads\destroy 14 _\Dest_1405_15_seven.mp4;C:\Users\esthe\Downloads\destroy 14 _\Dest_1405_16_three.mp4;C:\Users\esthe\Downloads\destroy 14 _\Dest_1405_17_three.mp4;C:\Users\esthe\Downloads\destroy 14 _\Dest_1405_18_two.mp4;C:\Users\esthe\Downloads\destroy 14 _\Dest_1405_19_five.mp4;C:\Users\esthe\Downloads\destroy 14 _\Dest_1405_20_one.mp4;C:\Users\esthe\Downloads\destroy 14 _\Dest_1405_21_five.mp4;C:\Users\esthe\Downloads\destroy 14 _\Dest_1405_22_seven.mp4;C:\Users\esthe\Downloads\destroy 14 _\Dest_1405_23_two.mp4;C:\Users\esthe\Downloads\destroy 14 _\Dest_1405_24_three.mp4;C:\Users\esthe\Downloads\destroy 14 _\Dest_1405_3_three.mp4;C:\Users\esthe\Downloads\destroy 14 _\Dest_1405_4_seven.mp4;C:\Users\esthe\Downloads\destroy 14 _\Dest_1405_5_five.mp4;C:\Users\esthe\Downloads\destroy 14 _\Dest_1405_6_seven.mp4;C:\Users\esthe\Downloads\destroy 14 _\Dest_1405_7_two.mp4;C:\Users\esthe\Downloads\destroy 14 _\Dest_1405_8_five.mp4;C:\Users\esthe\Downloads\destroy 14 _\Dest_1405_9_two.mp4,0.0,5.733;7.332;7.532;9.967;5.533;11.765;7.566;7.666;5.399;10.698;14.798;9.032;17.966;5.367;13.428;4.134;10.598;14.335;5.466;17.264;6.999;7.933;4.666,30.000;30.000;30.000;30.000;30.000;30.000;30.000;30.000;30.000;30.000;30.000;30.000;30.000;30.000;30.000;30.000;30.000;30.000;30.000;30.000;30.000;30.000;30.000,Destroy,jaw movement,,,POINT,49.193,C:\Users\esthe\Downloads\destroy 14 _\Dest_1405_15_seven.mp4,40,NA,
dest_1405,2025-06-26 15:24:30.572,,205.135,Media file(s),player #1:C:\Users\esthe\Downloads\destroy 14 _\commentary;C:\Users\esthe\Downloads\destroy 14 _\Dest_1405_10_three.mp4;C:\Users\esthe\Downloads\destroy 14 _\Dest_1405_11_one.mp4;C:\Users\esthe\Downloads\destroy 14 _\Dest_1405_12_two.mp4;C:\Users\esthe\Downloads\destroy 14 _\Dest_1405_13_five.mp4;C:\Users\esthe\Downloads\destroy 14 _\Dest_1405_14_onehalf.mp4;C:\Users\esthe\Downloads\destroy 14 _\Dest_1405_15_seven.mp4;C:\Users\esthe\Downloads\destroy 14 _\Dest_1405_16_three.mp4;C:\Users\esthe\Downloads\destroy 14 _\Dest_1405_17_three.mp4;C:\Users\esthe\Downloads\destroy 14 _\Dest_1405_18_two.mp4;C:\Users\esthe\Downloads\destroy 14 _\Dest_1405_19_five.mp4;C:\Users\esthe\Downloads\destroy 14 _\Dest_1405_20_one.mp4;C:\Users\esthe\Downloads\destroy 14 _\Dest_1405_21_five.mp4;C:\Users\esthe\Downloads\destroy 14 _\Dest_1405_22_seven.mp4;C:\Users\esthe\Downloads\destroy 14 _\Dest_1405_23_two.mp4;C:\Users\esthe\Downloads\destroy 14 _\Dest_1405_24_three.mp4;C:\Users\esthe\Downloads\destroy 14 _\Dest_1405_3_three.mp4;C:\Users\esthe\Downloads\destroy 14 _\Dest_1405_4_seven.mp4;C:\Users\esthe\Downloads\destroy 14 _\Dest_1405_5_five.mp4;C:\Users\esthe\Downloads\destroy 14 _\Dest_1405_6_seven.mp4;C:\Users\esthe\Downloads\destroy 14 _\Dest_1405_7_two.mp4;C:\Users\esthe\Downloads\destroy 14 _\Dest_1405_8_five.mp4;C:\Users\esthe\Downloads\destroy 14 _\Dest_1405_9_two.mp4,0.0,5.733;7.332;7.532;9.967;5.533;11.765;7.566;7.666;5.399;10.698;14.798;9.032;17.966;5.367;13.428;4.134;10.598;14.335;5.466;17.264;6.999;7.933;4.666,30.000;30.000;30.000;30.000;30.000;30.000;30.000;30.000;30.000;30.000;30.000;30.000;30.000;30.000;30.000;30.000;30.000;30.000;30.000;30.000;30.000;30.000;30.000,Destroy,translational movement,,,POINT,49.426,C:\Users\esthe\Downloads\destroy 14 _\Dest_1405_15_seven.mp4,47,NA,
dest_1405,2025-06-26 15:24:30.572,,205.135,Media file(s),player #1:C:\Users\esthe\Downloads\destroy 14 _\commentary;C:\Users\esthe\Downloads\destroy 14 _\Dest_1405_10_three.mp4;C:\Users\esthe\Downloads\destroy 14 _\Dest_1405_11_one.mp4;C:\Users\esthe\Downloads\destroy 14 _\Dest_1405_12_two.mp4;C:\Users\esthe\Downloads\destroy 14 _\Dest_1405_13_five.mp4;C:\Users\esthe\Downloads\destroy 14 _\Dest_1405_14_onehalf.mp4;C:\Users\esthe\Downloads\destroy 14 _\Dest_1405_15_seven.mp4;C:\Users\esthe\Downloads\destroy 14 _\Dest_1405_16_three.mp4;C:\Users\esthe\Downloads\destroy 14 _\Dest_1405_17_three.mp4;C:\Users\esthe\Downloads\destroy 14 _\Dest_1405_18_two.mp4;C:\Users\esthe\Downloads\destroy 14 _\Dest_1405_19_five.mp4;C:\Users\esthe\Downloads\destroy 14 _\Dest_1405_20_one.mp4;C:\Users\esthe\Downloads\destroy 14 _\Dest_1405_21_five.mp4;C:\Users\esthe\Downloads\destroy 14 _\Dest_1405_22_seven.mp4;C:\Users\esthe\Downloads\destroy 14 _\Dest_1405_23_two.mp4;C:\Users\esthe\Downloads\destroy 14 _\Dest_1405_24_three.mp4;C:\Users\esthe\Downloads\destroy 14 _\Dest_1405_3_three.mp4;C:\Users\esthe\Downloads\destroy 14 _\Dest_1405_4_seven.mp4;C:\Users\esthe\Downloads\destroy 14 _\Dest_1405_5_five.mp4;C:\Users\esthe\Downloads\destroy 14 _\Dest_1405_6_seven.mp4;C:\Users\esthe\Downloads\destroy 14 _\Dest_1405_7_two.mp4;C:\Users\esthe\Downloads\destroy 14 _\Dest_1405_8_five.mp4;C:\Users\esthe\Downloads\destroy 14 _\Dest_1405_9_two.mp4,0.0,5.733;7.332;7.532;9.967;5.533;11.765;7.566;7.666;5.399;10.698;14.798;9.032;17.966;5.367;13.428;4.134;10.598;14.335;5.466;17.264;6.999;7.933;4.666,30.000;30.000;30.000;30.000;30.000;30.000;30.000;30.000;30.000;30.000;30.000;30.000;30.000;30.000;30.000;30.000;30.000;30.000;30.000;30.000;30.000;30.000;30.000,Destroy,jaw movement,,,POINT,49.693,C:\Users\esthe\Downloads\destroy 14 _\Dest_1405_15_seven.mp4,55,NA,
dest_1405,2025-06-26 15:24:30.572,,205.135,Media file(s),player #1:C:\Users\esthe\Downloads\destroy 14 _\commentary;C:\Users\esthe\Downloads\destroy 14 _\Dest_1405_10_three.mp4;C:\Users\esthe\Downloads\destroy 14 _\Dest_1405_11_one.mp4;C:\Users\esthe\Downloads\destroy 14 _\Dest_1405_12_two.mp4;C:\Users\esthe\Downloads\destroy 14 _\Dest_1405_13_five.mp4;C:\Users\esthe\Downloads\destroy 14 _\Dest_1405_14_onehalf.mp4;C:\Users\esthe\Downloads\destroy 14 _\Dest_1405_15_seven.mp4;C:\Users\esthe\Downloads\destroy 14 _\Dest_1405_16_three.mp4;C:\Users\esthe\Downloads\destroy 14 _\Dest_1405_17_three.mp4;C:\Users\esthe\Downloads\destroy 14 _\Dest_1405_18_two.mp4;C:\Users\esthe\Downloads\destroy 14 _\Dest_1405_19_five.mp4;C:\Users\esthe\Downloads\destroy 14 _\Dest_1405_20_one.mp4;C:\Users\esthe\Downloads\destroy 14 _\Dest_1405_21_five.mp4;C:\Users\esthe\Downloads\destroy 14 _\Dest_1405_22_seven.mp4;C:\Users\esthe\Downloads\destroy 14 _\Dest_1405_23_two.mp4;C:\Users\esthe\Downloads\destroy 14 _\Dest_1405_24_three.mp4;C:\Users\esthe\Downloads\destroy 14 _\Dest_1405_3_three.mp4;C:\Users\esthe\Downloads\destroy 14 _\Dest_1405_4_seven.mp4;C:\Users\esthe\Downloads\destroy 14 _\Dest_1405_5_five.mp4;C:\Users\esthe\Downloads\destroy 14 _\Dest_1405_6_seven.mp4;C:\Users\esthe\Downloads\destroy 14 _\Dest_1405_7_two.mp4;C:\Users\esthe\Downloads\destroy 14 _\Dest_1405_8_five.mp4;C:\Users\esthe\Downloads\destroy 14 _\Dest_1405_9_two.mp4,0.0,5.733;7.332;7.532;9.967;5.533;11.765;7.566;7.666;5.399;10.698;14.798;9.032;17.966;5.367;13.428;4.134;10.598;14.335;5.466;17.264;6.999;7.933;4.666,30.000;30.000;30.000;30.000;30.000;30.000;30.000;30.000;30.000;30.000;30.000;30.000;30.000;30.000;30.000;30.000;30.000;30.000;30.000;30.000;30.000;30.000;30.000,Destroy,rotation,,Vertical,START,49.693,C:\Users\esthe\Downloads\destroy 14 _\Dest_1405_15_seven.mp4,55,NA,
dest_1405,2025-06-26 15:24:30.572,,205.135,Media file(s),player #1:C:\Users\esthe\Downloads\destroy 14 _\commentary;C:\Users\esthe\Downloads\destroy 14 _\Dest_1405_10_three.mp4;C:\Users\esthe\Downloads\destroy 14 _\Dest_1405_11_one.mp4;C:\Users\esthe\Downloads\destroy 14 _\Dest_1405_12_two.mp4;C:\Users\esthe\Downloads\destroy 14 _\Dest_1405_13_five.mp4;C:\Users\esthe\Downloads\destroy 14 _\Dest_1405_14_onehalf.mp4;C:\Users\esthe\Downloads\destroy 14 _\Dest_1405_15_seven.mp4;C:\Users\esthe\Downloads\destroy 14 _\Dest_1405_16_three.mp4;C:\Users\esthe\Downloads\destroy 14 _\Dest_1405_17_three.mp4;C:\Users\esthe\Downloads\destroy 14 _\Dest_1405_18_two.mp4;C:\Users\esthe\Downloads\destroy 14 _\Dest_1405_19_five.mp4;C:\Users\esthe\Downloads\destroy 14 _\Dest_1405_20_one.mp4;C:\Users\esthe\Downloads\destroy 14 _\Dest_1405_21_five.mp4;C:\Users\esthe\Downloads\destroy 14 _\Dest_1405_22_seven.mp4;C:\Users\esthe\Downloads\destroy 14 _\Dest_1405_23_two.mp4;C:\Users\esthe\Downloads\destroy 14 _\Dest_1405_24_three.mp4;C:\Users\esthe\Downloads\destroy 14 _\Dest_1405_3_three.mp4;C:\Users\esthe\Downloads\destroy 14 _\Dest_1405_4_seven.mp4;C:\Users\esthe\Downloads\destroy 14 _\Dest_1405_5_five.mp4;C:\Users\esthe\Downloads\destroy 14 _\Dest_1405_6_seven.mp4;C:\Users\esthe\Downloads\destroy 14 _\Dest_1405_7_two.mp4;C:\Users\esthe\Downloads\destroy 14 _\Dest_1405_8_five.mp4;C:\Users\esthe\Downloads\destroy 14 _\Dest_1405_9_two.mp4,0.0,5.733;7.332;7.532;9.967;5.533;11.765;7.566;7.666;5.399;10.698;14.798;9.032;17.966;5.367;13.428;4.134;10.598;14.335;5.466;17.264;6.999;7.933;4.666,30.000;30.000;30.000;30.000;30.000;30.000;30.000;30.000;30.000;30.000;30.000;30.000;30.000;30.000;30.000;30.000;30.000;30.000;30.000;30.000;30.000;30.000;30.000,Destroy,jaw movement,,,POINT,50.193,C:\Users\esthe\Downloads\destroy 14 _\Dest_1405_15_seven.mp4,70,NA,
dest_1405,2025-06-26 15:24:30.572,,205.135,Media file(s),player #1:C:\Users\esthe\Downloads\destroy 14 _\commentary;C:\Users\esthe\Downloads\destroy 14 _\Dest_1405_10_three.mp4;C:\Users\esthe\Downloads\destroy 14 _\Dest_1405_11_one.mp4;C:\Users\esthe\Downloads\destroy 14 _\Dest_1405_12_two.mp4;C:\Users\esthe\Downloads\destroy 14 _\Dest_1405_13_five.mp4;C:\Users\esthe\Downloads\destroy 14 _\Dest_1405_14_onehalf.mp4;C:\Users\esthe\Downloads\destroy 14 _\Dest_1405_15_seven.mp4;C:\Users\esthe\Downloads\destroy 14 _\Dest_1405_16_three.mp4;C:\Users\esthe\Downloads\destroy 14 _\Dest_1405_17_three.mp4;C:\Users\esthe\Downloads\destroy 14 _\Dest_1405_18_two.mp4;C:\Users\esthe\Downloads\destroy 14 _\Dest_1405_19_five.mp4;C:\Users\esthe\Downloads\destroy 14 _\Dest_1405_20_one.mp4;C:\Users\esthe\Downloads\destroy 14 _\Dest_1405_21_five.mp4;C:\Users\esthe\Downloads\destroy 14 _\Dest_1405_22_seven.mp4;C:\Users\esthe\Downloads\destroy 14 _\Dest_1405_23_two.mp4;C:\Users\esthe\Downloads\destroy 14 _\Dest_1405_24_three.mp4;C:\Users\esthe\Downloads\destroy 14 _\Dest_1405_3_three.mp4;C:\Users\esthe\Downloads\destroy 14 _\Dest_1405_4_seven.mp4;C:\Users\esthe\Downloads\destroy 14 _\Dest_1405_5_five.mp4;C:\Users\esthe\Downloads\destroy 14 _\Dest_1405_6_seven.mp4;C:\Users\esthe\Downloads\destroy 14 _\Dest_1405_7_two.mp4;C:\Users\esthe\Downloads\destroy 14 _\Dest_1405_8_five.mp4;C:\Users\esthe\Downloads\destroy 14 _\Dest_1405_9_two.mp4,0.0,5.733;7.332;7.532;9.967;5.533;11.765;7.566;7.666;5.399;10.698;14.798;9.032;17.966;5.367;13.428;4.134;10.598;14.335;5.466;17.264;6.999;7.933;4.666,30.000;30.000;30.000;30.000;30.000;30.000;30.000;30.000;30.000;30.000;30.000;30.000;30.000;30.000;30.000;30.000;30.000;30.000;30.000;30.000;30.000;30.000;30.000,Destroy,rotation,,Vertical,STOP,50.193,C:\Users\esthe\Downloads\destroy 14 _\Dest_1405_15_seven.mp4,70,NA,
dest_1405,2025-06-26 15:24:30.572,,205.135,Media file(s),player #1:C:\Users\esthe\Downloads\destroy 14 _\commentary;C:\Users\esthe\Downloads\destroy 14 _\Dest_1405_10_three.mp4;C:\Users\esthe\Downloads\destroy 14 _\Dest_1405_11_one.mp4;C:\Users\esthe\Downloads\destroy 14 _\Dest_1405_12_two.mp4;C:\Users\esthe\Downloads\destroy 14 _\Dest_1405_13_five.mp4;C:\Users\esthe\Downloads\destroy 14 _\Dest_1405_14_onehalf.mp4;C:\Users\esthe\Downloads\destroy 14 _\Dest_1405_15_seven.mp4;C:\Users\esthe\Downloads\destroy 14 _\Dest_1405_16_three.mp4;C:\Users\esthe\Downloads\destroy 14 _\Dest_1405_17_three.mp4;C:\Users\esthe\Downloads\destroy 14 _\Dest_1405_18_two.mp4;C:\Users\esthe\Downloads\destroy 14 _\Dest_1405_19_five.mp4;C:\Users\esthe\Downloads\destroy 14 _\Dest_1405_20_one.mp4;C:\Users\esthe\Downloads\destroy 14 _\Dest_1405_21_five.mp4;C:\Users\esthe\Downloads\destroy 14 _\Dest_1405_22_seven.mp4;C:\Users\esthe\Downloads\destroy 14 _\Dest_1405_23_two.mp4;C:\Users\esthe\Downloads\destroy 14 _\Dest_1405_24_three.mp4;C:\Users\esthe\Downloads\destroy 14 _\Dest_1405_3_three.mp4;C:\Users\esthe\Downloads\destroy 14 _\Dest_1405_4_seven.mp4;C:\Users\esthe\Downloads\destroy 14 _\Dest_1405_5_five.mp4;C:\Users\esthe\Downloads\destroy 14 _\Dest_1405_6_seven.mp4;C:\Users\esthe\Downloads\destroy 14 _\Dest_1405_7_two.mp4;C:\Users\esthe\Downloads\destroy 14 _\Dest_1405_8_five.mp4;C:\Users\esthe\Downloads\destroy 14 _\Dest_1405_9_two.mp4,0.0,5.733;7.332;7.532;9.967;5.533;11.765;7.566;7.666;5.399;10.698;14.798;9.032;17.966;5.367;13.428;4.134;10.598;14.335;5.466;17.264;6.999;7.933;4.666,30.000;30.000;30.000;30.000;30.000;30.000;30.000;30.000;30.000;30.000;30.000;30.000;30.000;30.000;30.000;30.000;30.000;30.000;30.000;30.000;30.000;30.000;30.000,Destroy,rotation,,Vertical,START,50.260,C:\Users\esthe\Downloads\destroy 14 _\Dest_1405_15_seven.mp4,72,NA,
dest_1405,2025-06-26 15:24:30.572,,205.135,Media file(s),player #1:C:\Users\esthe\Downloads\destroy 14 _\commentary;C:\Users\esthe\Downloads\destroy 14 _\Dest_1405_10_three.mp4;C:\Users\esthe\Downloads\destroy 14 _\Dest_1405_11_one.mp4;C:\Users\esthe\Downloads\destroy 14 _\Dest_1405_12_two.mp4;C:\Users\esthe\Downloads\destroy 14 _\Dest_1405_13_five.mp4;C:\Users\esthe\Downloads\destroy 14 _\Dest_1405_14_onehalf.mp4;C:\Users\esthe\Downloads\destroy 14 _\Dest_1405_15_seven.mp4;C:\Users\esthe\Downloads\destroy 14 _\Dest_1405_16_three.mp4;C:\Users\esthe\Downloads\destroy 14 _\Dest_1405_17_three.mp4;C:\Users\esthe\Downloads\destroy 14 _\Dest_1405_18_two.mp4;C:\Users\esthe\Downloads\destroy 14 _\Dest_1405_19_five.mp4;C:\Users\esthe\Downloads\destroy 14 _\Dest_1405_20_one.mp4;C:\Users\esthe\Downloads\destroy 14 _\Dest_1405_21_five.mp4;C:\Users\esthe\Downloads\destroy 14 _\Dest_1405_22_seven.mp4;C:\Users\esthe\Downloads\destroy 14 _\Dest_1405_23_two.mp4;C:\Users\esthe\Downloads\destroy 14 _\Dest_1405_24_three.mp4;C:\Users\esthe\Downloads\destroy 14 _\Dest_1405_3_three.mp4;C:\Users\esthe\Downloads\destroy 14 _\Dest_1405_4_seven.mp4;C:\Users\esthe\Downloads\destroy 14 _\Dest_1405_5_five.mp4;C:\Users\esthe\Downloads\destroy 14 _\Dest_1405_6_seven.mp4;C:\Users\esthe\Downloads\destroy 14 _\Dest_1405_7_two.mp4;C:\Users\esthe\Downloads\destroy 14 _\Dest_1405_8_five.mp4;C:\Users\esthe\Downloads\destroy 14 _\Dest_1405_9_two.mp4,0.0,5.733;7.332;7.532;9.967;5.533;11.765;7.566;7.666;5.399;10.698;14.798;9.032;17.966;5.367;13.428;4.134;10.598;14.335;5.466;17.264;6.999;7.933;4.666,30.000;30.000;30.000;30.000;30.000;30.000;30.000;30.000;30.000;30.000;30.000;30.000;30.000;30.000;30.000;30.000;30.000;30.000;30.000;30.000;30.000;30.000;30.000,Destroy,jaw movement,,,POINT,50.660,C:\Users\esthe\Downloads\destroy 14 _\Dest_1405_15_seven.mp4,84,NA,
dest_1405,2025-06-26 15:24:30.572,,205.135,Media file(s),player #1:C:\Users\esthe\Downloads\destroy 14 _\commentary;C:\Users\esthe\Downloads\destroy 14 _\Dest_1405_10_three.mp4;C:\Users\esthe\Downloads\destroy 14 _\Dest_1405_11_one.mp4;C:\Users\esthe\Downloads\destroy 14 _\Dest_1405_12_two.mp4;C:\Users\esthe\Downloads\destroy 14 _\Dest_1405_13_five.mp4;C:\Users\esthe\Downloads\destroy 14 _\Dest_1405_14_onehalf.mp4;C:\Users\esthe\Downloads\destroy 14 _\Dest_1405_15_seven.mp4;C:\Users\esthe\Downloads\destroy 14 _\Dest_1405_16_three.mp4;C:\Users\esthe\Downloads\destroy 14 _\Dest_1405_17_three.mp4;C:\Users\esthe\Downloads\destroy 14 _\Dest_1405_18_two.mp4;C:\Users\esthe\Downloads\destroy 14 _\Dest_1405_19_five.mp4;C:\Users\esthe\Downloads\destroy 14 _\Dest_1405_20_one.mp4;C:\Users\esthe\Downloads\destroy 14 _\Dest_1405_21_five.mp4;C:\Users\esthe\Downloads\destroy 14 _\Dest_1405_22_seven.mp4;C:\Users\esthe\Downloads\destroy 14 _\Dest_1405_23_two.mp4;C:\Users\esthe\Downloads\destroy 14 _\Dest_1405_24_three.mp4;C:\Users\esthe\Downloads\destroy 14 _\Dest_1405_3_three.mp4;C:\Users\esthe\Downloads\destroy 14 _\Dest_1405_4_seven.mp4;C:\Users\esthe\Downloads\destroy 14 _\Dest_1405_5_five.mp4;C:\Users\esthe\Downloads\destroy 14 _\Dest_1405_6_seven.mp4;C:\Users\esthe\Downloads\destroy 14 _\Dest_1405_7_two.mp4;C:\Users\esthe\Downloads\destroy 14 _\Dest_1405_8_five.mp4;C:\Users\esthe\Downloads\destroy 14 _\Dest_1405_9_two.mp4,0.0,5.733;7.332;7.532;9.967;5.533;11.765;7.566;7.666;5.399;10.698;14.798;9.032;17.966;5.367;13.428;4.134;10.598;14.335;5.466;17.264;6.999;7.933;4.666,30.000;30.000;30.000;30.000;30.000;30.000;30.000;30.000;30.000;30.000;30.000;30.000;30.000;30.000;30.000;30.000;30.000;30.000;30.000;30.000;30.000;30.000;30.000,Destroy,rotation,,Vertical,STOP,50.660,C:\Users\esthe\Downloads\destroy 14 _\Dest_1405_15_seven.mp4,84,NA,
dest_1405,2025-06-26 15:24:30.572,,205.135,Media file(s),player #1:C:\Users\esthe\Downloads\destroy 14 _\commentary;C:\Users\esthe\Downloads\destroy 14 _\Dest_1405_10_three.mp4;C:\Users\esthe\Downloads\destroy 14 _\Dest_1405_11_one.mp4;C:\Users\esthe\Downloads\destroy 14 _\Dest_1405_12_two.mp4;C:\Users\esthe\Downloads\destroy 14 _\Dest_1405_13_five.mp4;C:\Users\esthe\Downloads\destroy 14 _\Dest_1405_14_onehalf.mp4;C:\Users\esthe\Downloads\destroy 14 _\Dest_1405_15_seven.mp4;C:\Users\esthe\Downloads\destroy 14 _\Dest_1405_16_three.mp4;C:\Users\esthe\Downloads\destroy 14 _\Dest_1405_17_three.mp4;C:\Users\esthe\Downloads\destroy 14 _\Dest_1405_18_two.mp4;C:\Users\esthe\Downloads\destroy 14 _\Dest_1405_19_five.mp4;C:\Users\esthe\Downloads\destroy 14 _\Dest_1405_20_one.mp4;C:\Users\esthe\Downloads\destroy 14 _\Dest_1405_21_five.mp4;C:\Users\esthe\Downloads\destroy 14 _\Dest_1405_22_seven.mp4;C:\Users\esthe\Downloads\destroy 14 _\Dest_1405_23_two.mp4;C:\Users\esthe\Downloads\destroy 14 _\Dest_1405_24_three.mp4;C:\Users\esthe\Downloads\destroy 14 _\Dest_1405_3_three.mp4;C:\Users\esthe\Downloads\destroy 14 _\Dest_1405_4_seven.mp4;C:\Users\esthe\Downloads\destroy 14 _\Dest_1405_5_five.mp4;C:\Users\esthe\Downloads\destroy 14 _\Dest_1405_6_seven.mp4;C:\Users\esthe\Downloads\destroy 14 _\Dest_1405_7_two.mp4;C:\Users\esthe\Downloads\destroy 14 _\Dest_1405_8_five.mp4;C:\Users\esthe\Downloads\destroy 14 _\Dest_1405_9_two.mp4,0.0,5.733;7.332;7.532;9.967;5.533;11.765;7.566;7.666;5.399;10.698;14.798;9.032;17.966;5.367;13.428;4.134;10.598;14.335;5.466;17.264;6.999;7.933;4.666,30.000;30.000;30.000;30.000;30.000;30.000;30.000;30.000;30.000;30.000;30.000;30.000;30.000;30.000;30.000;30.000;30.000;30.000;30.000;30.000;30.000;30.000;30.000,Destroy,translational movement,,,POINT,50.826,C:\Users\esthe\Downloads\destroy 14 _\Dest_1405_15_seven.mp4,89,NA,
dest_1405,2025-06-26 15:24:30.572,,205.135,Media file(s),player #1:C:\Users\esthe\Downloads\destroy 14 _\commentary;C:\Users\esthe\Downloads\destroy 14 _\Dest_1405_10_three.mp4;C:\Users\esthe\Downloads\destroy 14 _\Dest_1405_11_one.mp4;C:\Users\esthe\Downloads\destroy 14 _\Dest_1405_12_two.mp4;C:\Users\esthe\Downloads\destroy 14 _\Dest_1405_13_five.mp4;C:\Users\esthe\Downloads\destroy 14 _\Dest_1405_14_onehalf.mp4;C:\Users\esthe\Downloads\destroy 14 _\Dest_1405_15_seven.mp4;C:\Users\esthe\Downloads\destroy 14 _\Dest_1405_16_three.mp4;C:\Users\esthe\Downloads\destroy 14 _\Dest_1405_17_three.mp4;C:\Users\esthe\Downloads\destroy 14 _\Dest_1405_18_two.mp4;C:\Users\esthe\Downloads\destroy 14 _\Dest_1405_19_five.mp4;C:\Users\esthe\Downloads\destroy 14 _\Dest_1405_20_one.mp4;C:\Users\esthe\Downloads\destroy 14 _\Dest_1405_21_five.mp4;C:\Users\esthe\Downloads\destroy 14 _\Dest_1405_22_seven.mp4;C:\Users\esthe\Downloads\destroy 14 _\Dest_1405_23_two.mp4;C:\Users\esthe\Downloads\destroy 14 _\Dest_1405_24_three.mp4;C:\Users\esthe\Downloads\destroy 14 _\Dest_1405_3_three.mp4;C:\Users\esthe\Downloads\destroy 14 _\Dest_1405_4_seven.mp4;C:\Users\esthe\Downloads\destroy 14 _\Dest_1405_5_five.mp4;C:\Users\esthe\Downloads\destroy 14 _\Dest_1405_6_seven.mp4;C:\Users\esthe\Downloads\destroy 14 _\Dest_1405_7_two.mp4;C:\Users\esthe\Downloads\destroy 14 _\Dest_1405_8_five.mp4;C:\Users\esthe\Downloads\destroy 14 _\Dest_1405_9_two.mp4,0.0,5.733;7.332;7.532;9.967;5.533;11.765;7.566;7.666;5.399;10.698;14.798;9.032;17.966;5.367;13.428;4.134;10.598;14.335;5.466;17.264;6.999;7.933;4.666,30.000;30.000;30.000;30.000;30.000;30.000;30.000;30.000;30.000;30.000;30.000;30.000;30.000;30.000;30.000;30.000;30.000;30.000;30.000;30.000;30.000;30.000;30.000,Destroy,jaw movement,,,POINT,50.926,C:\Users\esthe\Downloads\destroy 14 _\Dest_1405_15_seven.mp4,92,NA,
dest_1405,2025-06-26 15:24:30.572,,205.135,Media file(s),player #1:C:\Users\esthe\Downloads\destroy 14 _\commentary;C:\Users\esthe\Downloads\destroy 14 _\Dest_1405_10_three.mp4;C:\Users\esthe\Downloads\destroy 14 _\Dest_1405_11_one.mp4;C:\Users\esthe\Downloads\destroy 14 _\Dest_1405_12_two.mp4;C:\Users\esthe\Downloads\destroy 14 _\Dest_1405_13_five.mp4;C:\Users\esthe\Downloads\destroy 14 _\Dest_1405_14_onehalf.mp4;C:\Users\esthe\Downloads\destroy 14 _\Dest_1405_15_seven.mp4;C:\Users\esthe\Downloads\destroy 14 _\Dest_1405_16_three.mp4;C:\Users\esthe\Downloads\destroy 14 _\Dest_1405_17_three.mp4;C:\Users\esthe\Downloads\destroy 14 _\Dest_1405_18_two.mp4;C:\Users\esthe\Downloads\destroy 14 _\Dest_1405_19_five.mp4;C:\Users\esthe\Downloads\destroy 14 _\Dest_1405_20_one.mp4;C:\Users\esthe\Downloads\destroy 14 _\Dest_1405_21_five.mp4;C:\Users\esthe\Downloads\destroy 14 _\Dest_1405_22_seven.mp4;C:\Users\esthe\Downloads\destroy 14 _\Dest_1405_23_two.mp4;C:\Users\esthe\Downloads\destroy 14 _\Dest_1405_24_three.mp4;C:\Users\esthe\Downloads\destroy 14 _\Dest_1405_3_three.mp4;C:\Users\esthe\Downloads\destroy 14 _\Dest_1405_4_seven.mp4;C:\Users\esthe\Downloads\destroy 14 _\Dest_1405_5_five.mp4;C:\Users\esthe\Downloads\destroy 14 _\Dest_1405_6_seven.mp4;C:\Users\esthe\Downloads\destroy 14 _\Dest_1405_7_two.mp4;C:\Users\esthe\Downloads\destroy 14 _\Dest_1405_8_five.mp4;C:\Users\esthe\Downloads\destroy 14 _\Dest_1405_9_two.mp4,0.0,5.733;7.332;7.532;9.967;5.533;11.765;7.566;7.666;5.399;10.698;14.798;9.032;17.966;5.367;13.428;4.134;10.598;14.335;5.466;17.264;6.999;7.933;4.666,30.000;30.000;30.000;30.000;30.000;30.000;30.000;30.000;30.000;30.000;30.000;30.000;30.000;30.000;30.000;30.000;30.000;30.000;30.000;30.000;30.000;30.000;30.000,Destroy,jaw movement,,,POINT,51.226,C:\Users\esthe\Downloads\destroy 14 _\Dest_1405_15_seven.mp4,101,NA,
dest_1405,2025-06-26 15:24:30.572,,205.135,Media file(s),player #1:C:\Users\esthe\Downloads\destroy 14 _\commentary;C:\Users\esthe\Downloads\destroy 14 _\Dest_1405_10_three.mp4;C:\Users\esthe\Downloads\destroy 14 _\Dest_1405_11_one.mp4;C:\Users\esthe\Downloads\destroy 14 _\Dest_1405_12_two.mp4;C:\Users\esthe\Downloads\destroy 14 _\Dest_1405_13_five.mp4;C:\Users\esthe\Downloads\destroy 14 _\Dest_1405_14_onehalf.mp4;C:\Users\esthe\Downloads\destroy 14 _\Dest_1405_15_seven.mp4;C:\Users\esthe\Downloads\destroy 14 _\Dest_1405_16_three.mp4;C:\Users\esthe\Downloads\destroy 14 _\Dest_1405_17_three.mp4;C:\Users\esthe\Downloads\destroy 14 _\Dest_1405_18_two.mp4;C:\Users\esthe\Downloads\destroy 14 _\Dest_1405_19_five.mp4;C:\Users\esthe\Downloads\destroy 14 _\Dest_1405_20_one.mp4;C:\Users\esthe\Downloads\destroy 14 _\Dest_1405_21_five.mp4;C:\Users\esthe\Downloads\destroy 14 _\Dest_1405_22_seven.mp4;C:\Users\esthe\Downloads\destroy 14 _\Dest_1405_23_two.mp4;C:\Users\esthe\Downloads\destroy 14 _\Dest_1405_24_three.mp4;C:\Users\esthe\Downloads\destroy 14 _\Dest_1405_3_three.mp4;C:\Users\esthe\Downloads\destroy 14 _\Dest_1405_4_seven.mp4;C:\Users\esthe\Downloads\destroy 14 _\Dest_1405_5_five.mp4;C:\Users\esthe\Downloads\destroy 14 _\Dest_1405_6_seven.mp4;C:\Users\esthe\Downloads\destroy 14 _\Dest_1405_7_two.mp4;C:\Users\esthe\Downloads\destroy 14 _\Dest_1405_8_five.mp4;C:\Users\esthe\Downloads\destroy 14 _\Dest_1405_9_two.mp4,0.0,5.733;7.332;7.532;9.967;5.533;11.765;7.566;7.666;5.399;10.698;14.798;9.032;17.966;5.367;13.428;4.134;10.598;14.335;5.466;17.264;6.999;7.933;4.666,30.000;30.000;30.000;30.000;30.000;30.000;30.000;30.000;30.000;30.000;30.000;30.000;30.000;30.000;30.000;30.000;30.000;30.000;30.000;30.000;30.000;30.000;30.000,Destroy,sniffing,,,POINT,51.559,C:\Users\esthe\Downloads\destroy 14 _\Dest_1405_15_seven.mp4,111,NA,
dest_1405,2025-06-26 15:24:30.572,,205.135,Media file(s),player #1:C:\Users\esthe\Downloads\destroy 14 _\commentary;C:\Users\esthe\Downloads\destroy 14 _\Dest_1405_10_three.mp4;C:\Users\esthe\Downloads\destroy 14 _\Dest_1405_11_one.mp4;C:\Users\esthe\Downloads\destroy 14 _\Dest_1405_12_two.mp4;C:\Users\esthe\Downloads\destroy 14 _\Dest_1405_13_five.mp4;C:\Users\esthe\Downloads\destroy 14 _\Dest_1405_14_onehalf.mp4;C:\Users\esthe\Downloads\destroy 14 _\Dest_1405_15_seven.mp4;C:\Users\esthe\Downloads\destroy 14 _\Dest_1405_16_three.mp4;C:\Users\esthe\Downloads\destroy 14 _\Dest_1405_17_three.mp4;C:\Users\esthe\Downloads\destroy 14 _\Dest_1405_18_two.mp4;C:\Users\esthe\Downloads\destroy 14 _\Dest_1405_19_five.mp4;C:\Users\esthe\Downloads\destroy 14 _\Dest_1405_20_one.mp4;C:\Users\esthe\Downloads\destroy 14 _\Dest_1405_21_five.mp4;C:\Users\esthe\Downloads\destroy 14 _\Dest_1405_22_seven.mp4;C:\Users\esthe\Downloads\destroy 14 _\Dest_1405_23_two.mp4;C:\Users\esthe\Downloads\destroy 14 _\Dest_1405_24_three.mp4;C:\Users\esthe\Downloads\destroy 14 _\Dest_1405_3_three.mp4;C:\Users\esthe\Downloads\destroy 14 _\Dest_1405_4_seven.mp4;C:\Users\esthe\Downloads\destroy 14 _\Dest_1405_5_five.mp4;C:\Users\esthe\Downloads\destroy 14 _\Dest_1405_6_seven.mp4;C:\Users\esthe\Downloads\destroy 14 _\Dest_1405_7_two.mp4;C:\Users\esthe\Downloads\destroy 14 _\Dest_1405_8_five.mp4;C:\Users\esthe\Downloads\destroy 14 _\Dest_1405_9_two.mp4,0.0,5.733;7.332;7.532;9.967;5.533;11.765;7.566;7.666;5.399;10.698;14.798;9.032;17.966;5.367;13.428;4.134;10.598;14.335;5.466;17.264;6.999;7.933;4.666,30.000;30.000;30.000;30.000;30.000;30.000;30.000;30.000;30.000;30.000;30.000;30.000;30.000;30.000;30.000;30.000;30.000;30.000;30.000;30.000;30.000;30.000;30.000,Destroy,teeth-hole contact,,,POINT,51.959,C:\Users\esthe\Downloads\destroy 14 _\Dest_1405_15_seven.mp4,123,NA,
dest_1405,2025-06-26 15:24:30.572,,205.135,Media file(s),player #1:C:\Users\esthe\Downloads\destroy 14 _\commentary;C:\Users\esthe\Downloads\destroy 14 _\Dest_1405_10_three.mp4;C:\Users\esthe\Downloads\destroy 14 _\Dest_1405_11_one.mp4;C:\Users\esthe\Downloads\destroy 14 _\Dest_1405_12_two.mp4;C:\Users\esthe\Downloads\destroy 14 _\Dest_1405_13_five.mp4;C:\Users\esthe\Downloads\destroy 14 _\Dest_1405_14_onehalf.mp4;C:\Users\esthe\Downloads\destroy 14 _\Dest_1405_15_seven.mp4;C:\Users\esthe\Downloads\destroy 14 _\Dest_1405_16_three.mp4;C:\Users\esthe\Downloads\destroy 14 _\Dest_1405_17_three.mp4;C:\Users\esthe\Downloads\destroy 14 _\Dest_1405_18_two.mp4;C:\Users\esthe\Downloads\destroy 14 _\Dest_1405_19_five.mp4;C:\Users\esthe\Downloads\destroy 14 _\Dest_1405_20_one.mp4;C:\Users\esthe\Downloads\destroy 14 _\Dest_1405_21_five.mp4;C:\Users\esthe\Downloads\destroy 14 _\Dest_1405_22_seven.mp4;C:\Users\esthe\Downloads\destroy 14 _\Dest_1405_23_two.mp4;C:\Users\esthe\Downloads\destroy 14 _\Dest_1405_24_three.mp4;C:\Users\esthe\Downloads\destroy 14 _\Dest_1405_3_three.mp4;C:\Users\esthe\Downloads\destroy 14 _\Dest_1405_4_seven.mp4;C:\Users\esthe\Downloads\destroy 14 _\Dest_1405_5_five.mp4;C:\Users\esthe\Downloads\destroy 14 _\Dest_1405_6_seven.mp4;C:\Users\esthe\Downloads\destroy 14 _\Dest_1405_7_two.mp4;C:\Users\esthe\Downloads\destroy 14 _\Dest_1405_8_five.mp4;C:\Users\esthe\Downloads\destroy 14 _\Dest_1405_9_two.mp4,0.0,5.733;7.332;7.532;9.967;5.533;11.765;7.566;7.666;5.399;10.698;14.798;9.032;17.966;5.367;13.428;4.134;10.598;14.335;5.466;17.264;6.999;7.933;4.666,30.000;30.000;30.000;30.000;30.000;30.000;30.000;30.000;30.000;30.000;30.000;30.000;30.000;30.000;30.000;30.000;30.000;30.000;30.000;30.000;30.000;30.000;30.000,Destroy,jaw movement,,,POINT,52.193,C:\Users\esthe\Downloads\destroy 14 _\Dest_1405_15_seven.mp4,130,NA,
dest_1405,2025-06-26 15:24:30.572,,205.135,Media file(s),player #1:C:\Users\esthe\Downloads\destroy 14 _\commentary;C:\Users\esthe\Downloads\destroy 14 _\Dest_1405_10_three.mp4;C:\Users\esthe\Downloads\destroy 14 _\Dest_1405_11_one.mp4;C:\Users\esthe\Downloads\destroy 14 _\Dest_1405_12_two.mp4;C:\Users\esthe\Downloads\destroy 14 _\Dest_1405_13_five.mp4;C:\Users\esthe\Downloads\destroy 14 _\Dest_1405_14_onehalf.mp4;C:\Users\esthe\Downloads\destroy 14 _\Dest_1405_15_seven.mp4;C:\Users\esthe\Downloads\destroy 14 _\Dest_1405_16_three.mp4;C:\Users\esthe\Downloads\destroy 14 _\Dest_1405_17_three.mp4;C:\Users\esthe\Downloads\destroy 14 _\Dest_1405_18_two.mp4;C:\Users\esthe\Downloads\destroy 14 _\Dest_1405_19_five.mp4;C:\Users\esthe\Downloads\destroy 14 _\Dest_1405_20_one.mp4;C:\Users\esthe\Downloads\destroy 14 _\Dest_1405_21_five.mp4;C:\Users\esthe\Downloads\destroy 14 _\Dest_1405_22_seven.mp4;C:\Users\esthe\Downloads\destroy 14 _\Dest_1405_23_two.mp4;C:\Users\esthe\Downloads\destroy 14 _\Dest_1405_24_three.mp4;C:\Users\esthe\Downloads\destroy 14 _\Dest_1405_3_three.mp4;C:\Users\esthe\Downloads\destroy 14 _\Dest_1405_4_seven.mp4;C:\Users\esthe\Downloads\destroy 14 _\Dest_1405_5_five.mp4;C:\Users\esthe\Downloads\destroy 14 _\Dest_1405_6_seven.mp4;C:\Users\esthe\Downloads\destroy 14 _\Dest_1405_7_two.mp4;C:\Users\esthe\Downloads\destroy 14 _\Dest_1405_8_five.mp4;C:\Users\esthe\Downloads\destroy 14 _\Dest_1405_9_two.mp4,0.0,5.733;7.332;7.532;9.967;5.533;11.765;7.566;7.666;5.399;10.698;14.798;9.032;17.966;5.367;13.428;4.134;10.598;14.335;5.466;17.264;6.999;7.933;4.666,30.000;30.000;30.000;30.000;30.000;30.000;30.000;30.000;30.000;30.000;30.000;30.000;30.000;30.000;30.000;30.000;30.000;30.000;30.000;30.000;30.000;30.000;30.000,Destroy,sniffing,,,POINT,52.493,C:\Users\esthe\Downloads\destroy 14 _\Dest_1405_15_seven.mp4,139,NA,
dest_1405,2025-06-26 15:24:30.572,,205.135,Media file(s),player #1:C:\Users\esthe\Downloads\destroy 14 _\commentary;C:\Users\esthe\Downloads\destroy 14 _\Dest_1405_10_three.mp4;C:\Users\esthe\Downloads\destroy 14 _\Dest_1405_11_one.mp4;C:\Users\esthe\Downloads\destroy 14 _\Dest_1405_12_two.mp4;C:\Users\esthe\Downloads\destroy 14 _\Dest_1405_13_five.mp4;C:\Users\esthe\Downloads\destroy 14 _\Dest_1405_14_onehalf.mp4;C:\Users\esthe\Downloads\destroy 14 _\Dest_1405_15_seven.mp4;C:\Users\esthe\Downloads\destroy 14 _\Dest_1405_16_three.mp4;C:\Users\esthe\Downloads\destroy 14 _\Dest_1405_17_three.mp4;C:\Users\esthe\Downloads\destroy 14 _\Dest_1405_18_two.mp4;C:\Users\esthe\Downloads\destroy 14 _\Dest_1405_19_five.mp4;C:\Users\esthe\Downloads\destroy 14 _\Dest_1405_20_one.mp4;C:\Users\esthe\Downloads\destroy 14 _\Dest_1405_21_five.mp4;C:\Users\esthe\Downloads\destroy 14 _\Dest_1405_22_seven.mp4;C:\Users\esthe\Downloads\destroy 14 _\Dest_1405_23_two.mp4;C:\Users\esthe\Downloads\destroy 14 _\Dest_1405_24_three.mp4;C:\Users\esthe\Downloads\destroy 14 _\Dest_1405_3_three.mp4;C:\Users\esthe\Downloads\destroy 14 _\Dest_1405_4_seven.mp4;C:\Users\esthe\Downloads\destroy 14 _\Dest_1405_5_five.mp4;C:\Users\esthe\Downloads\destroy 14 _\Dest_1405_6_seven.mp4;C:\Users\esthe\Downloads\destroy 14 _\Dest_1405_7_two.mp4;C:\Users\esthe\Downloads\destroy 14 _\Dest_1405_8_five.mp4;C:\Users\esthe\Downloads\destroy 14 _\Dest_1405_9_two.mp4,0.0,5.733;7.332;7.532;9.967;5.533;11.765;7.566;7.666;5.399;10.698;14.798;9.032;17.966;5.367;13.428;4.134;10.598;14.335;5.466;17.264;6.999;7.933;4.666,30.000;30.000;30.000;30.000;30.000;30.000;30.000;30.000;30.000;30.000;30.000;30.000;30.000;30.000;30.000;30.000;30.000;30.000;30.000;30.000;30.000;30.000;30.000,Destroy,translational movement,,,POINT,52.526,C:\Users\esthe\Downloads\destroy 14 _\Dest_1405_15_seven.mp4,140,NA,
dest_1405,2025-06-26 15:24:30.572,,205.135,Media file(s),player #1:C:\Users\esthe\Downloads\destroy 14 _\commentary;C:\Users\esthe\Downloads\destroy 14 _\Dest_1405_10_three.mp4;C:\Users\esthe\Downloads\destroy 14 _\Dest_1405_11_one.mp4;C:\Users\esthe\Downloads\destroy 14 _\Dest_1405_12_two.mp4;C:\Users\esthe\Downloads\destroy 14 _\Dest_1405_13_five.mp4;C:\Users\esthe\Downloads\destroy 14 _\Dest_1405_14_onehalf.mp4;C:\Users\esthe\Downloads\destroy 14 _\Dest_1405_15_seven.mp4;C:\Users\esthe\Downloads\destroy 14 _\Dest_1405_16_three.mp4;C:\Users\esthe\Downloads\destroy 14 _\Dest_1405_17_three.mp4;C:\Users\esthe\Downloads\destroy 14 _\Dest_1405_18_two.mp4;C:\Users\esthe\Downloads\destroy 14 _\Dest_1405_19_five.mp4;C:\Users\esthe\Downloads\destroy 14 _\Dest_1405_20_one.mp4;C:\Users\esthe\Downloads\destroy 14 _\Dest_1405_21_five.mp4;C:\Users\esthe\Downloads\destroy 14 _\Dest_1405_22_seven.mp4;C:\Users\esthe\Downloads\destroy 14 _\Dest_1405_23_two.mp4;C:\Users\esthe\Downloads\destroy 14 _\Dest_1405_24_three.mp4;C:\Users\esthe\Downloads\destroy 14 _\Dest_1405_3_three.mp4;C:\Users\esthe\Downloads\destroy 14 _\Dest_1405_4_seven.mp4;C:\Users\esthe\Downloads\destroy 14 _\Dest_1405_5_five.mp4;C:\Users\esthe\Downloads\destroy 14 _\Dest_1405_6_seven.mp4;C:\Users\esthe\Downloads\destroy 14 _\Dest_1405_7_two.mp4;C:\Users\esthe\Downloads\destroy 14 _\Dest_1405_8_five.mp4;C:\Users\esthe\Downloads\destroy 14 _\Dest_1405_9_two.mp4,0.0,5.733;7.332;7.532;9.967;5.533;11.765;7.566;7.666;5.399;10.698;14.798;9.032;17.966;5.367;13.428;4.134;10.598;14.335;5.466;17.264;6.999;7.933;4.666,30.000;30.000;30.000;30.000;30.000;30.000;30.000;30.000;30.000;30.000;30.000;30.000;30.000;30.000;30.000;30.000;30.000;30.000;30.000;30.000;30.000;30.000;30.000,Destroy,jaw movement,,,POINT,52.726,C:\Users\esthe\Downloads\destroy 14 _\Dest_1405_15_seven.mp4,146,NA,
dest_1405,2025-06-26 15:24:30.572,,205.135,Media file(s),player #1:C:\Users\esthe\Downloads\destroy 14 _\commentary;C:\Users\esthe\Downloads\destroy 14 _\Dest_1405_10_three.mp4;C:\Users\esthe\Downloads\destroy 14 _\Dest_1405_11_one.mp4;C:\Users\esthe\Downloads\destroy 14 _\Dest_1405_12_two.mp4;C:\Users\esthe\Downloads\destroy 14 _\Dest_1405_13_five.mp4;C:\Users\esthe\Downloads\destroy 14 _\Dest_1405_14_onehalf.mp4;C:\Users\esthe\Downloads\destroy 14 _\Dest_1405_15_seven.mp4;C:\Users\esthe\Downloads\destroy 14 _\Dest_1405_16_three.mp4;C:\Users\esthe\Downloads\destroy 14 _\Dest_1405_17_three.mp4;C:\Users\esthe\Downloads\destroy 14 _\Dest_1405_18_two.mp4;C:\Users\esthe\Downloads\destroy 14 _\Dest_1405_19_five.mp4;C:\Users\esthe\Downloads\destroy 14 _\Dest_1405_20_one.mp4;C:\Users\esthe\Downloads\destroy 14 _\Dest_1405_21_five.mp4;C:\Users\esthe\Downloads\destroy 14 _\Dest_1405_22_seven.mp4;C:\Users\esthe\Downloads\destroy 14 _\Dest_1405_23_two.mp4;C:\Users\esthe\Downloads\destroy 14 _\Dest_1405_24_three.mp4;C:\Users\esthe\Downloads\destroy 14 _\Dest_1405_3_three.mp4;C:\Users\esthe\Downloads\destroy 14 _\Dest_1405_4_seven.mp4;C:\Users\esthe\Downloads\destroy 14 _\Dest_1405_5_five.mp4;C:\Users\esthe\Downloads\destroy 14 _\Dest_1405_6_seven.mp4;C:\Users\esthe\Downloads\destroy 14 _\Dest_1405_7_two.mp4;C:\Users\esthe\Downloads\destroy 14 _\Dest_1405_8_five.mp4;C:\Users\esthe\Downloads\destroy 14 _\Dest_1405_9_two.mp4,0.0,5.733;7.332;7.532;9.967;5.533;11.765;7.566;7.666;5.399;10.698;14.798;9.032;17.966;5.367;13.428;4.134;10.598;14.335;5.466;17.264;6.999;7.933;4.666,30.000;30.000;30.000;30.000;30.000;30.000;30.000;30.000;30.000;30.000;30.000;30.000;30.000;30.000;30.000;30.000;30.000;30.000;30.000;30.000;30.000;30.000;30.000,Destroy,teeth-hole contact,,,POINT,52.826,C:\Users\esthe\Downloads\destroy 14 _\Dest_1405_15_seven.mp4,149,NA,
dest_1405,2025-06-26 15:24:30.572,,205.135,Media file(s),player #1:C:\Users\esthe\Downloads\destroy 14 _\commentary;C:\Users\esthe\Downloads\destroy 14 _\Dest_1405_10_three.mp4;C:\Users\esthe\Downloads\destroy 14 _\Dest_1405_11_one.mp4;C:\Users\esthe\Downloads\destroy 14 _\Dest_1405_12_two.mp4;C:\Users\esthe\Downloads\destroy 14 _\Dest_1405_13_five.mp4;C:\Users\esthe\Downloads\destroy 14 _\Dest_1405_14_onehalf.mp4;C:\Users\esthe\Downloads\destroy 14 _\Dest_1405_15_seven.mp4;C:\Users\esthe\Downloads\destroy 14 _\Dest_1405_16_three.mp4;C:\Users\esthe\Downloads\destroy 14 _\Dest_1405_17_three.mp4;C:\Users\esthe\Downloads\destroy 14 _\Dest_1405_18_two.mp4;C:\Users\esthe\Downloads\destroy 14 _\Dest_1405_19_five.mp4;C:\Users\esthe\Downloads\destroy 14 _\Dest_1405_20_one.mp4;C:\Users\esthe\Downloads\destroy 14 _\Dest_1405_21_five.mp4;C:\Users\esthe\Downloads\destroy 14 _\Dest_1405_22_seven.mp4;C:\Users\esthe\Downloads\destroy 14 _\Dest_1405_23_two.mp4;C:\Users\esthe\Downloads\destroy 14 _\Dest_1405_24_three.mp4;C:\Users\esthe\Downloads\destroy 14 _\Dest_1405_3_three.mp4;C:\Users\esthe\Downloads\destroy 14 _\Dest_1405_4_seven.mp4;C:\Users\esthe\Downloads\destroy 14 _\Dest_1405_5_five.mp4;C:\Users\esthe\Downloads\destroy 14 _\Dest_1405_6_seven.mp4;C:\Users\esthe\Downloads\destroy 14 _\Dest_1405_7_two.mp4;C:\Users\esthe\Downloads\destroy 14 _\Dest_1405_8_five.mp4;C:\Users\esthe\Downloads\destroy 14 _\Dest_1405_9_two.mp4,0.0,5.733;7.332;7.532;9.967;5.533;11.765;7.566;7.666;5.399;10.698;14.798;9.032;17.966;5.367;13.428;4.134;10.598;14.335;5.466;17.264;6.999;7.933;4.666,30.000;30.000;30.000;30.000;30.000;30.000;30.000;30.000;30.000;30.000;30.000;30.000;30.000;30.000;30.000;30.000;30.000;30.000;30.000;30.000;30.000;30.000;30.000,Destroy,assessing,,,STOP,52.959,C:\Users\esthe\Downloads\destroy 14 _\Dest_1405_15_seven.mp4,153,NA,
dest_1405,2025-06-26 15:24:30.572,,205.135,Media file(s),player #1:C:\Users\esthe\Downloads\destroy 14 _\commentary;C:\Users\esthe\Downloads\destroy 14 _\Dest_1405_10_three.mp4;C:\Users\esthe\Downloads\destroy 14 _\Dest_1405_11_one.mp4;C:\Users\esthe\Downloads\destroy 14 _\Dest_1405_12_two.mp4;C:\Users\esthe\Downloads\destroy 14 _\Dest_1405_13_five.mp4;C:\Users\esthe\Downloads\destroy 14 _\Dest_1405_14_onehalf.mp4;C:\Users\esthe\Downloads\destroy 14 _\Dest_1405_15_seven.mp4;C:\Users\esthe\Downloads\destroy 14 _\Dest_1405_16_three.mp4;C:\Users\esthe\Downloads\destroy 14 _\Dest_1405_17_three.mp4;C:\Users\esthe\Downloads\destroy 14 _\Dest_1405_18_two.mp4;C:\Users\esthe\Downloads\destroy 14 _\Dest_1405_19_five.mp4;C:\Users\esthe\Downloads\destroy 14 _\Dest_1405_20_one.mp4;C:\Users\esthe\Downloads\destroy 14 _\Dest_1405_21_five.mp4;C:\Users\esthe\Downloads\destroy 14 _\Dest_1405_22_seven.mp4;C:\Users\esthe\Downloads\destroy 14 _\Dest_1405_23_two.mp4;C:\Users\esthe\Downloads\destroy 14 _\Dest_1405_24_three.mp4;C:\Users\esthe\Downloads\destroy 14 _\Dest_1405_3_three.mp4;C:\Users\esthe\Downloads\destroy 14 _\Dest_1405_4_seven.mp4;C:\Users\esthe\Downloads\destroy 14 _\Dest_1405_5_five.mp4;C:\Users\esthe\Downloads\destroy 14 _\Dest_1405_6_seven.mp4;C:\Users\esthe\Downloads\destroy 14 _\Dest_1405_7_two.mp4;C:\Users\esthe\Downloads\destroy 14 _\Dest_1405_8_five.mp4;C:\Users\esthe\Downloads\destroy 14 _\Dest_1405_9_two.mp4,0.0,5.733;7.332;7.532;9.967;5.533;11.765;7.566;7.666;5.399;10.698;14.798;9.032;17.966;5.367;13.428;4.134;10.598;14.335;5.466;17.264;6.999;7.933;4.666,30.000;30.000;30.000;30.000;30.000;30.000;30.000;30.000;30.000;30.000;30.000;30.000;30.000;30.000;30.000;30.000;30.000;30.000;30.000;30.000;30.000;30.000;30.000,Destroy,jaw movement,,,POINT,53.026,C:\Users\esthe\Downloads\destroy 14 _\Dest_1405_15_seven.mp4,155,NA,
dest_1405,2025-06-26 15:24:30.572,,205.135,Media file(s),player #1:C:\Users\esthe\Downloads\destroy 14 _\commentary;C:\Users\esthe\Downloads\destroy 14 _\Dest_1405_10_three.mp4;C:\Users\esthe\Downloads\destroy 14 _\Dest_1405_11_one.mp4;C:\Users\esthe\Downloads\destroy 14 _\Dest_1405_12_two.mp4;C:\Users\esthe\Downloads\destroy 14 _\Dest_1405_13_five.mp4;C:\Users\esthe\Downloads\destroy 14 _\Dest_1405_14_onehalf.mp4;C:\Users\esthe\Downloads\destroy 14 _\Dest_1405_15_seven.mp4;C:\Users\esthe\Downloads\destroy 14 _\Dest_1405_16_three.mp4;C:\Users\esthe\Downloads\destroy 14 _\Dest_1405_17_three.mp4;C:\Users\esthe\Downloads\destroy 14 _\Dest_1405_18_two.mp4;C:\Users\esthe\Downloads\destroy 14 _\Dest_1405_19_five.mp4;C:\Users\esthe\Downloads\destroy 14 _\Dest_1405_20_one.mp4;C:\Users\esthe\Downloads\destroy 14 _\Dest_1405_21_five.mp4;C:\Users\esthe\Downloads\destroy 14 _\Dest_1405_22_seven.mp4;C:\Users\esthe\Downloads\destroy 14 _\Dest_1405_23_two.mp4;C:\Users\esthe\Downloads\destroy 14 _\Dest_1405_24_three.mp4;C:\Users\esthe\Downloads\destroy 14 _\Dest_1405_3_three.mp4;C:\Users\esthe\Downloads\destroy 14 _\Dest_1405_4_seven.mp4;C:\Users\esthe\Downloads\destroy 14 _\Dest_1405_5_five.mp4;C:\Users\esthe\Downloads\destroy 14 _\Dest_1405_6_seven.mp4;C:\Users\esthe\Downloads\destroy 14 _\Dest_1405_7_two.mp4;C:\Users\esthe\Downloads\destroy 14 _\Dest_1405_8_five.mp4;C:\Users\esthe\Downloads\destroy 14 _\Dest_1405_9_two.mp4,0.0,5.733;7.332;7.532;9.967;5.533;11.765;7.566;7.666;5.399;10.698;14.798;9.032;17.966;5.367;13.428;4.134;10.598;14.335;5.466;17.264;6.999;7.933;4.666,30.000;30.000;30.000;30.000;30.000;30.000;30.000;30.000;30.000;30.000;30.000;30.000;30.000;30.000;30.000;30.000;30.000;30.000;30.000;30.000;30.000;30.000;30.000,Destroy,peeling,,,START,53.026,C:\Users\esthe\Downloads\destroy 14 _\Dest_1405_15_seven.mp4,155,NA,
dest_1405,2025-06-26 15:24:30.572,,205.135,Media file(s),player #1:C:\Users\esthe\Downloads\destroy 14 _\commentary;C:\Users\esthe\Downloads\destroy 14 _\Dest_1405_10_three.mp4;C:\Users\esthe\Downloads\destroy 14 _\Dest_1405_11_one.mp4;C:\Users\esthe\Downloads\destroy 14 _\Dest_1405_12_two.mp4;C:\Users\esthe\Downloads\destroy 14 _\Dest_1405_13_five.mp4;C:\Users\esthe\Downloads\destroy 14 _\Dest_1405_14_onehalf.mp4;C:\Users\esthe\Downloads\destroy 14 _\Dest_1405_15_seven.mp4;C:\Users\esthe\Downloads\destroy 14 _\Dest_1405_16_three.mp4;C:\Users\esthe\Downloads\destroy 14 _\Dest_1405_17_three.mp4;C:\Users\esthe\Downloads\destroy 14 _\Dest_1405_18_two.mp4;C:\Users\esthe\Downloads\destroy 14 _\Dest_1405_19_five.mp4;C:\Users\esthe\Downloads\destroy 14 _\Dest_1405_20_one.mp4;C:\Users\esthe\Downloads\destroy 14 _\Dest_1405_21_five.mp4;C:\Users\esthe\Downloads\destroy 14 _\Dest_1405_22_seven.mp4;C:\Users\esthe\Downloads\destroy 14 _\Dest_1405_23_two.mp4;C:\Users\esthe\Downloads\destroy 14 _\Dest_1405_24_three.mp4;C:\Users\esthe\Downloads\destroy 14 _\Dest_1405_3_three.mp4;C:\Users\esthe\Downloads\destroy 14 _\Dest_1405_4_seven.mp4;C:\Users\esthe\Downloads\destroy 14 _\Dest_1405_5_five.mp4;C:\Users\esthe\Downloads\destroy 14 _\Dest_1405_6_seven.mp4;C:\Users\esthe\Downloads\destroy 14 _\Dest_1405_7_two.mp4;C:\Users\esthe\Downloads\destroy 14 _\Dest_1405_8_five.mp4;C:\Users\esthe\Downloads\destroy 14 _\Dest_1405_9_two.mp4,0.0,5.733;7.332;7.532;9.967;5.533;11.765;7.566;7.666;5.399;10.698;14.798;9.032;17.966;5.367;13.428;4.134;10.598;14.335;5.466;17.264;6.999;7.933;4.666,30.000;30.000;30.000;30.000;30.000;30.000;30.000;30.000;30.000;30.000;30.000;30.000;30.000;30.000;30.000;30.000;30.000;30.000;30.000;30.000;30.000;30.000;30.000,Destroy,jaw movement,,,POINT,53.593,C:\Users\esthe\Downloads\destroy 14 _\Dest_1405_15_seven.mp4,172,NA,
dest_1405,2025-06-26 15:24:30.572,,205.135,Media file(s),player #1:C:\Users\esthe\Downloads\destroy 14 _\commentary;C:\Users\esthe\Downloads\destroy 14 _\Dest_1405_10_three.mp4;C:\Users\esthe\Downloads\destroy 14 _\Dest_1405_11_one.mp4;C:\Users\esthe\Downloads\destroy 14 _\Dest_1405_12_two.mp4;C:\Users\esthe\Downloads\destroy 14 _\Dest_1405_13_five.mp4;C:\Users\esthe\Downloads\destroy 14 _\Dest_1405_14_onehalf.mp4;C:\Users\esthe\Downloads\destroy 14 _\Dest_1405_15_seven.mp4;C:\Users\esthe\Downloads\destroy 14 _\Dest_1405_16_three.mp4;C:\Users\esthe\Downloads\destroy 14 _\Dest_1405_17_three.mp4;C:\Users\esthe\Downloads\destroy 14 _\Dest_1405_18_two.mp4;C:\Users\esthe\Downloads\destroy 14 _\Dest_1405_19_five.mp4;C:\Users\esthe\Downloads\destroy 14 _\Dest_1405_20_one.mp4;C:\Users\esthe\Downloads\destroy 14 _\Dest_1405_21_five.mp4;C:\Users\esthe\Downloads\destroy 14 _\Dest_1405_22_seven.mp4;C:\Users\esthe\Downloads\destroy 14 _\Dest_1405_23_two.mp4;C:\Users\esthe\Downloads\destroy 14 _\Dest_1405_24_three.mp4;C:\Users\esthe\Downloads\destroy 14 _\Dest_1405_3_three.mp4;C:\Users\esthe\Downloads\destroy 14 _\Dest_1405_4_seven.mp4;C:\Users\esthe\Downloads\destroy 14 _\Dest_1405_5_five.mp4;C:\Users\esthe\Downloads\destroy 14 _\Dest_1405_6_seven.mp4;C:\Users\esthe\Downloads\destroy 14 _\Dest_1405_7_two.mp4;C:\Users\esthe\Downloads\destroy 14 _\Dest_1405_8_five.mp4;C:\Users\esthe\Downloads\destroy 14 _\Dest_1405_9_two.mp4,0.0,5.733;7.332;7.532;9.967;5.533;11.765;7.566;7.666;5.399;10.698;14.798;9.032;17.966;5.367;13.428;4.134;10.598;14.335;5.466;17.264;6.999;7.933;4.666,30.000;30.000;30.000;30.000;30.000;30.000;30.000;30.000;30.000;30.000;30.000;30.000;30.000;30.000;30.000;30.000;30.000;30.000;30.000;30.000;30.000;30.000;30.000,Destroy,jaw movement,,,POINT,53.859,C:\Users\esthe\Downloads\destroy 14 _\Dest_1405_15_seven.mp4,180,NA,
dest_1405,2025-06-26 15:24:30.572,,205.135,Media file(s),player #1:C:\Users\esthe\Downloads\destroy 14 _\commentary;C:\Users\esthe\Downloads\destroy 14 _\Dest_1405_10_three.mp4;C:\Users\esthe\Downloads\destroy 14 _\Dest_1405_11_one.mp4;C:\Users\esthe\Downloads\destroy 14 _\Dest_1405_12_two.mp4;C:\Users\esthe\Downloads\destroy 14 _\Dest_1405_13_five.mp4;C:\Users\esthe\Downloads\destroy 14 _\Dest_1405_14_onehalf.mp4;C:\Users\esthe\Downloads\destroy 14 _\Dest_1405_15_seven.mp4;C:\Users\esthe\Downloads\destroy 14 _\Dest_1405_16_three.mp4;C:\Users\esthe\Downloads\destroy 14 _\Dest_1405_17_three.mp4;C:\Users\esthe\Downloads\destroy 14 _\Dest_1405_18_two.mp4;C:\Users\esthe\Downloads\destroy 14 _\Dest_1405_19_five.mp4;C:\Users\esthe\Downloads\destroy 14 _\Dest_1405_20_one.mp4;C:\Users\esthe\Downloads\destroy 14 _\Dest_1405_21_five.mp4;C:\Users\esthe\Downloads\destroy 14 _\Dest_1405_22_seven.mp4;C:\Users\esthe\Downloads\destroy 14 _\Dest_1405_23_two.mp4;C:\Users\esthe\Downloads\destroy 14 _\Dest_1405_24_three.mp4;C:\Users\esthe\Downloads\destroy 14 _\Dest_1405_3_three.mp4;C:\Users\esthe\Downloads\destroy 14 _\Dest_1405_4_seven.mp4;C:\Users\esthe\Downloads\destroy 14 _\Dest_1405_5_five.mp4;C:\Users\esthe\Downloads\destroy 14 _\Dest_1405_6_seven.mp4;C:\Users\esthe\Downloads\destroy 14 _\Dest_1405_7_two.mp4;C:\Users\esthe\Downloads\destroy 14 _\Dest_1405_8_five.mp4;C:\Users\esthe\Downloads\destroy 14 _\Dest_1405_9_two.mp4,0.0,5.733;7.332;7.532;9.967;5.533;11.765;7.566;7.666;5.399;10.698;14.798;9.032;17.966;5.367;13.428;4.134;10.598;14.335;5.466;17.264;6.999;7.933;4.666,30.000;30.000;30.000;30.000;30.000;30.000;30.000;30.000;30.000;30.000;30.000;30.000;30.000;30.000;30.000;30.000;30.000;30.000;30.000;30.000;30.000;30.000;30.000,Destroy,jaw movement,,,POINT,54.459,C:\Users\esthe\Downloads\destroy 14 _\Dest_1405_15_seven.mp4,198,NA,
dest_1405,2025-06-26 15:24:30.572,,205.135,Media file(s),player #1:C:\Users\esthe\Downloads\destroy 14 _\commentary;C:\Users\esthe\Downloads\destroy 14 _\Dest_1405_10_three.mp4;C:\Users\esthe\Downloads\destroy 14 _\Dest_1405_11_one.mp4;C:\Users\esthe\Downloads\destroy 14 _\Dest_1405_12_two.mp4;C:\Users\esthe\Downloads\destroy 14 _\Dest_1405_13_five.mp4;C:\Users\esthe\Downloads\destroy 14 _\Dest_1405_14_onehalf.mp4;C:\Users\esthe\Downloads\destroy 14 _\Dest_1405_15_seven.mp4;C:\Users\esthe\Downloads\destroy 14 _\Dest_1405_16_three.mp4;C:\Users\esthe\Downloads\destroy 14 _\Dest_1405_17_three.mp4;C:\Users\esthe\Downloads\destroy 14 _\Dest_1405_18_two.mp4;C:\Users\esthe\Downloads\destroy 14 _\Dest_1405_19_five.mp4;C:\Users\esthe\Downloads\destroy 14 _\Dest_1405_20_one.mp4;C:\Users\esthe\Downloads\destroy 14 _\Dest_1405_21_five.mp4;C:\Users\esthe\Downloads\destroy 14 _\Dest_1405_22_seven.mp4;C:\Users\esthe\Downloads\destroy 14 _\Dest_1405_23_two.mp4;C:\Users\esthe\Downloads\destroy 14 _\Dest_1405_24_three.mp4;C:\Users\esthe\Downloads\destroy 14 _\Dest_1405_3_three.mp4;C:\Users\esthe\Downloads\destroy 14 _\Dest_1405_4_seven.mp4;C:\Users\esthe\Downloads\destroy 14 _\Dest_1405_5_five.mp4;C:\Users\esthe\Downloads\destroy 14 _\Dest_1405_6_seven.mp4;C:\Users\esthe\Downloads\destroy 14 _\Dest_1405_7_two.mp4;C:\Users\esthe\Downloads\destroy 14 _\Dest_1405_8_five.mp4;C:\Users\esthe\Downloads\destroy 14 _\Dest_1405_9_two.mp4,0.0,5.733;7.332;7.532;9.967;5.533;11.765;7.566;7.666;5.399;10.698;14.798;9.032;17.966;5.367;13.428;4.134;10.598;14.335;5.466;17.264;6.999;7.933;4.666,30.000;30.000;30.000;30.000;30.000;30.000;30.000;30.000;30.000;30.000;30.000;30.000;30.000;30.000;30.000;30.000;30.000;30.000;30.000;30.000;30.000;30.000;30.000,Destroy,jaw movement,,,POINT,54.759,C:\Users\esthe\Downloads\destroy 14 _\Dest_1405_15_seven.mp4,207,NA,
dest_1405,2025-06-26 15:24:30.572,,205.135,Media file(s),player #1:C:\Users\esthe\Downloads\destroy 14 _\commentary;C:\Users\esthe\Downloads\destroy 14 _\Dest_1405_10_three.mp4;C:\Users\esthe\Downloads\destroy 14 _\Dest_1405_11_one.mp4;C:\Users\esthe\Downloads\destroy 14 _\Dest_1405_12_two.mp4;C:\Users\esthe\Downloads\destroy 14 _\Dest_1405_13_five.mp4;C:\Users\esthe\Downloads\destroy 14 _\Dest_1405_14_onehalf.mp4;C:\Users\esthe\Downloads\destroy 14 _\Dest_1405_15_seven.mp4;C:\Users\esthe\Downloads\destroy 14 _\Dest_1405_16_three.mp4;C:\Users\esthe\Downloads\destroy 14 _\Dest_1405_17_three.mp4;C:\Users\esthe\Downloads\destroy 14 _\Dest_1405_18_two.mp4;C:\Users\esthe\Downloads\destroy 14 _\Dest_1405_19_five.mp4;C:\Users\esthe\Downloads\destroy 14 _\Dest_1405_20_one.mp4;C:\Users\esthe\Downloads\destroy 14 _\Dest_1405_21_five.mp4;C:\Users\esthe\Downloads\destroy 14 _\Dest_1405_22_seven.mp4;C:\Users\esthe\Downloads\destroy 14 _\Dest_1405_23_two.mp4;C:\Users\esthe\Downloads\destroy 14 _\Dest_1405_24_three.mp4;C:\Users\esthe\Downloads\destroy 14 _\Dest_1405_3_three.mp4;C:\Users\esthe\Downloads\destroy 14 _\Dest_1405_4_seven.mp4;C:\Users\esthe\Downloads\destroy 14 _\Dest_1405_5_five.mp4;C:\Users\esthe\Downloads\destroy 14 _\Dest_1405_6_seven.mp4;C:\Users\esthe\Downloads\destroy 14 _\Dest_1405_7_two.mp4;C:\Users\esthe\Downloads\destroy 14 _\Dest_1405_8_five.mp4;C:\Users\esthe\Downloads\destroy 14 _\Dest_1405_9_two.mp4,0.0,5.733;7.332;7.532;9.967;5.533;11.765;7.566;7.666;5.399;10.698;14.798;9.032;17.966;5.367;13.428;4.134;10.598;14.335;5.466;17.264;6.999;7.933;4.666,30.000;30.000;30.000;30.000;30.000;30.000;30.000;30.000;30.000;30.000;30.000;30.000;30.000;30.000;30.000;30.000;30.000;30.000;30.000;30.000;30.000;30.000;30.000,Destroy,peeling,,,STOP,55.126,C:\Users\esthe\Downloads\destroy 14 _\Dest_1405_15_seven.mp4,218,NA,
dest_1405,2025-06-26 15:24:30.572,,205.135,Media file(s),player #1:C:\Users\esthe\Downloads\destroy 14 _\commentary;C:\Users\esthe\Downloads\destroy 14 _\Dest_1405_10_three.mp4;C:\Users\esthe\Downloads\destroy 14 _\Dest_1405_11_one.mp4;C:\Users\esthe\Downloads\destroy 14 _\Dest_1405_12_two.mp4;C:\Users\esthe\Downloads\destroy 14 _\Dest_1405_13_five.mp4;C:\Users\esthe\Downloads\destroy 14 _\Dest_1405_14_onehalf.mp4;C:\Users\esthe\Downloads\destroy 14 _\Dest_1405_15_seven.mp4;C:\Users\esthe\Downloads\destroy 14 _\Dest_1405_16_three.mp4;C:\Users\esthe\Downloads\destroy 14 _\Dest_1405_17_three.mp4;C:\Users\esthe\Downloads\destroy 14 _\Dest_1405_18_two.mp4;C:\Users\esthe\Downloads\destroy 14 _\Dest_1405_19_five.mp4;C:\Users\esthe\Downloads\destroy 14 _\Dest_1405_20_one.mp4;C:\Users\esthe\Downloads\destroy 14 _\Dest_1405_21_five.mp4;C:\Users\esthe\Downloads\destroy 14 _\Dest_1405_22_seven.mp4;C:\Users\esthe\Downloads\destroy 14 _\Dest_1405_23_two.mp4;C:\Users\esthe\Downloads\destroy 14 _\Dest_1405_24_three.mp4;C:\Users\esthe\Downloads\destroy 14 _\Dest_1405_3_three.mp4;C:\Users\esthe\Downloads\destroy 14 _\Dest_1405_4_seven.mp4;C:\Users\esthe\Downloads\destroy 14 _\Dest_1405_5_five.mp4;C:\Users\esthe\Downloads\destroy 14 _\Dest_1405_6_seven.mp4;C:\Users\esthe\Downloads\destroy 14 _\Dest_1405_7_two.mp4;C:\Users\esthe\Downloads\destroy 14 _\Dest_1405_8_five.mp4;C:\Users\esthe\Downloads\destroy 14 _\Dest_1405_9_two.mp4,0.0,5.733;7.332;7.532;9.967;5.533;11.765;7.566;7.666;5.399;10.698;14.798;9.032;17.966;5.367;13.428;4.134;10.598;14.335;5.466;17.264;6.999;7.933;4.666,30.000;30.000;30.000;30.000;30.000;30.000;30.000;30.000;30.000;30.000;30.000;30.000;30.000;30.000;30.000;30.000;30.000;30.000;30.000;30.000;30.000;30.000;30.000,Destroy,bending,,,START,55.425,C:\Users\esthe\Downloads\destroy 14 _\Dest_1405_15_seven.mp4,0,NA,
dest_1405,2025-06-26 15:24:30.572,,205.135,Media file(s),player #1:C:\Users\esthe\Downloads\destroy 14 _\commentary;C:\Users\esthe\Downloads\destroy 14 _\Dest_1405_10_three.mp4;C:\Users\esthe\Downloads\destroy 14 _\Dest_1405_11_one.mp4;C:\Users\esthe\Downloads\destroy 14 _\Dest_1405_12_two.mp4;C:\Users\esthe\Downloads\destroy 14 _\Dest_1405_13_five.mp4;C:\Users\esthe\Downloads\destroy 14 _\Dest_1405_14_onehalf.mp4;C:\Users\esthe\Downloads\destroy 14 _\Dest_1405_15_seven.mp4;C:\Users\esthe\Downloads\destroy 14 _\Dest_1405_16_three.mp4;C:\Users\esthe\Downloads\destroy 14 _\Dest_1405_17_three.mp4;C:\Users\esthe\Downloads\destroy 14 _\Dest_1405_18_two.mp4;C:\Users\esthe\Downloads\destroy 14 _\Dest_1405_19_five.mp4;C:\Users\esthe\Downloads\destroy 14 _\Dest_1405_20_one.mp4;C:\Users\esthe\Downloads\destroy 14 _\Dest_1405_21_five.mp4;C:\Users\esthe\Downloads\destroy 14 _\Dest_1405_22_seven.mp4;C:\Users\esthe\Downloads\destroy 14 _\Dest_1405_23_two.mp4;C:\Users\esthe\Downloads\destroy 14 _\Dest_1405_24_three.mp4;C:\Users\esthe\Downloads\destroy 14 _\Dest_1405_3_three.mp4;C:\Users\esthe\Downloads\destroy 14 _\Dest_1405_4_seven.mp4;C:\Users\esthe\Downloads\destroy 14 _\Dest_1405_5_five.mp4;C:\Users\esthe\Downloads\destroy 14 _\Dest_1405_6_seven.mp4;C:\Users\esthe\Downloads\destroy 14 _\Dest_1405_7_two.mp4;C:\Users\esthe\Downloads\destroy 14 _\Dest_1405_8_five.mp4;C:\Users\esthe\Downloads\destroy 14 _\Dest_1405_9_two.mp4,0.0,5.733;7.332;7.532;9.967;5.533;11.765;7.566;7.666;5.399;10.698;14.798;9.032;17.966;5.367;13.428;4.134;10.598;14.335;5.466;17.264;6.999;7.933;4.666,30.000;30.000;30.000;30.000;30.000;30.000;30.000;30.000;30.000;30.000;30.000;30.000;30.000;30.000;30.000;30.000;30.000;30.000;30.000;30.000;30.000;30.000;30.000,Destroy,bending,,,STOP,55.525,C:\Users\esthe\Downloads\destroy 14 _\Dest_1405_16_three.mp4,3,NA,
dest_1405,2025-06-26 15:24:30.572,,205.135,Media file(s),player #1:C:\Users\esthe\Downloads\destroy 14 _\commentary;C:\Users\esthe\Downloads\destroy 14 _\Dest_1405_10_three.mp4;C:\Users\esthe\Downloads\destroy 14 _\Dest_1405_11_one.mp4;C:\Users\esthe\Downloads\destroy 14 _\Dest_1405_12_two.mp4;C:\Users\esthe\Downloads\destroy 14 _\Dest_1405_13_five.mp4;C:\Users\esthe\Downloads\destroy 14 _\Dest_1405_14_onehalf.mp4;C:\Users\esthe\Downloads\destroy 14 _\Dest_1405_15_seven.mp4;C:\Users\esthe\Downloads\destroy 14 _\Dest_1405_16_three.mp4;C:\Users\esthe\Downloads\destroy 14 _\Dest_1405_17_three.mp4;C:\Users\esthe\Downloads\destroy 14 _\Dest_1405_18_two.mp4;C:\Users\esthe\Downloads\destroy 14 _\Dest_1405_19_five.mp4;C:\Users\esthe\Downloads\destroy 14 _\Dest_1405_20_one.mp4;C:\Users\esthe\Downloads\destroy 14 _\Dest_1405_21_five.mp4;C:\Users\esthe\Downloads\destroy 14 _\Dest_1405_22_seven.mp4;C:\Users\esthe\Downloads\destroy 14 _\Dest_1405_23_two.mp4;C:\Users\esthe\Downloads\destroy 14 _\Dest_1405_24_three.mp4;C:\Users\esthe\Downloads\destroy 14 _\Dest_1405_3_three.mp4;C:\Users\esthe\Downloads\destroy 14 _\Dest_1405_4_seven.mp4;C:\Users\esthe\Downloads\destroy 14 _\Dest_1405_5_five.mp4;C:\Users\esthe\Downloads\destroy 14 _\Dest_1405_6_seven.mp4;C:\Users\esthe\Downloads\destroy 14 _\Dest_1405_7_two.mp4;C:\Users\esthe\Downloads\destroy 14 _\Dest_1405_8_five.mp4;C:\Users\esthe\Downloads\destroy 14 _\Dest_1405_9_two.mp4,0.0,5.733;7.332;7.532;9.967;5.533;11.765;7.566;7.666;5.399;10.698;14.798;9.032;17.966;5.367;13.428;4.134;10.598;14.335;5.466;17.264;6.999;7.933;4.666,30.000;30.000;30.000;30.000;30.000;30.000;30.000;30.000;30.000;30.000;30.000;30.000;30.000;30.000;30.000;30.000;30.000;30.000;30.000;30.000;30.000;30.000;30.000,Destroy,grabbing peanut,,,POINT,55.558,C:\Users\esthe\Downloads\destroy 14 _\Dest_1405_16_three.mp4,4,NA,
dest_1405,2025-06-26 15:24:30.572,,205.135,Media file(s),player #1:C:\Users\esthe\Downloads\destroy 14 _\commentary;C:\Users\esthe\Downloads\destroy 14 _\Dest_1405_10_three.mp4;C:\Users\esthe\Downloads\destroy 14 _\Dest_1405_11_one.mp4;C:\Users\esthe\Downloads\destroy 14 _\Dest_1405_12_two.mp4;C:\Users\esthe\Downloads\destroy 14 _\Dest_1405_13_five.mp4;C:\Users\esthe\Downloads\destroy 14 _\Dest_1405_14_onehalf.mp4;C:\Users\esthe\Downloads\destroy 14 _\Dest_1405_15_seven.mp4;C:\Users\esthe\Downloads\destroy 14 _\Dest_1405_16_three.mp4;C:\Users\esthe\Downloads\destroy 14 _\Dest_1405_17_three.mp4;C:\Users\esthe\Downloads\destroy 14 _\Dest_1405_18_two.mp4;C:\Users\esthe\Downloads\destroy 14 _\Dest_1405_19_five.mp4;C:\Users\esthe\Downloads\destroy 14 _\Dest_1405_20_one.mp4;C:\Users\esthe\Downloads\destroy 14 _\Dest_1405_21_five.mp4;C:\Users\esthe\Downloads\destroy 14 _\Dest_1405_22_seven.mp4;C:\Users\esthe\Downloads\destroy 14 _\Dest_1405_23_two.mp4;C:\Users\esthe\Downloads\destroy 14 _\Dest_1405_24_three.mp4;C:\Users\esthe\Downloads\destroy 14 _\Dest_1405_3_three.mp4;C:\Users\esthe\Downloads\destroy 14 _\Dest_1405_4_seven.mp4;C:\Users\esthe\Downloads\destroy 14 _\Dest_1405_5_five.mp4;C:\Users\esthe\Downloads\destroy 14 _\Dest_1405_6_seven.mp4;C:\Users\esthe\Downloads\destroy 14 _\Dest_1405_7_two.mp4;C:\Users\esthe\Downloads\destroy 14 _\Dest_1405_8_five.mp4;C:\Users\esthe\Downloads\destroy 14 _\Dest_1405_9_two.mp4,0.0,5.733;7.332;7.532;9.967;5.533;11.765;7.566;7.666;5.399;10.698;14.798;9.032;17.966;5.367;13.428;4.134;10.598;14.335;5.466;17.264;6.999;7.933;4.666,30.000;30.000;30.000;30.000;30.000;30.000;30.000;30.000;30.000;30.000;30.000;30.000;30.000;30.000;30.000;30.000;30.000;30.000;30.000;30.000;30.000;30.000;30.000,Destroy,lifting,,,START,55.592,C:\Users\esthe\Downloads\destroy 14 _\Dest_1405_16_three.mp4,5,NA,
dest_1405,2025-06-26 15:24:30.572,,205.135,Media file(s),player #1:C:\Users\esthe\Downloads\destroy 14 _\commentary;C:\Users\esthe\Downloads\destroy 14 _\Dest_1405_10_three.mp4;C:\Users\esthe\Downloads\destroy 14 _\Dest_1405_11_one.mp4;C:\Users\esthe\Downloads\destroy 14 _\Dest_1405_12_two.mp4;C:\Users\esthe\Downloads\destroy 14 _\Dest_1405_13_five.mp4;C:\Users\esthe\Downloads\destroy 14 _\Dest_1405_14_onehalf.mp4;C:\Users\esthe\Downloads\destroy 14 _\Dest_1405_15_seven.mp4;C:\Users\esthe\Downloads\destroy 14 _\Dest_1405_16_three.mp4;C:\Users\esthe\Downloads\destroy 14 _\Dest_1405_17_three.mp4;C:\Users\esthe\Downloads\destroy 14 _\Dest_1405_18_two.mp4;C:\Users\esthe\Downloads\destroy 14 _\Dest_1405_19_five.mp4;C:\Users\esthe\Downloads\destroy 14 _\Dest_1405_20_one.mp4;C:\Users\esthe\Downloads\destroy 14 _\Dest_1405_21_five.mp4;C:\Users\esthe\Downloads\destroy 14 _\Dest_1405_22_seven.mp4;C:\Users\esthe\Downloads\destroy 14 _\Dest_1405_23_two.mp4;C:\Users\esthe\Downloads\destroy 14 _\Dest_1405_24_three.mp4;C:\Users\esthe\Downloads\destroy 14 _\Dest_1405_3_three.mp4;C:\Users\esthe\Downloads\destroy 14 _\Dest_1405_4_seven.mp4;C:\Users\esthe\Downloads\destroy 14 _\Dest_1405_5_five.mp4;C:\Users\esthe\Downloads\destroy 14 _\Dest_1405_6_seven.mp4;C:\Users\esthe\Downloads\destroy 14 _\Dest_1405_7_two.mp4;C:\Users\esthe\Downloads\destroy 14 _\Dest_1405_8_five.mp4;C:\Users\esthe\Downloads\destroy 14 _\Dest_1405_9_two.mp4,0.0,5.733;7.332;7.532;9.967;5.533;11.765;7.566;7.666;5.399;10.698;14.798;9.032;17.966;5.367;13.428;4.134;10.598;14.335;5.466;17.264;6.999;7.933;4.666,30.000;30.000;30.000;30.000;30.000;30.000;30.000;30.000;30.000;30.000;30.000;30.000;30.000;30.000;30.000;30.000;30.000;30.000;30.000;30.000;30.000;30.000;30.000,Destroy,lifting,,,STOP,56.192,C:\Users\esthe\Downloads\destroy 14 _\Dest_1405_16_three.mp4,23,NA,
dest_1405,2025-06-26 15:24:30.572,,205.135,Media file(s),player #1:C:\Users\esthe\Downloads\destroy 14 _\commentary;C:\Users\esthe\Downloads\destroy 14 _\Dest_1405_10_three.mp4;C:\Users\esthe\Downloads\destroy 14 _\Dest_1405_11_one.mp4;C:\Users\esthe\Downloads\destroy 14 _\Dest_1405_12_two.mp4;C:\Users\esthe\Downloads\destroy 14 _\Dest_1405_13_five.mp4;C:\Users\esthe\Downloads\destroy 14 _\Dest_1405_14_onehalf.mp4;C:\Users\esthe\Downloads\destroy 14 _\Dest_1405_15_seven.mp4;C:\Users\esthe\Downloads\destroy 14 _\Dest_1405_16_three.mp4;C:\Users\esthe\Downloads\destroy 14 _\Dest_1405_17_three.mp4;C:\Users\esthe\Downloads\destroy 14 _\Dest_1405_18_two.mp4;C:\Users\esthe\Downloads\destroy 14 _\Dest_1405_19_five.mp4;C:\Users\esthe\Downloads\destroy 14 _\Dest_1405_20_one.mp4;C:\Users\esthe\Downloads\destroy 14 _\Dest_1405_21_five.mp4;C:\Users\esthe\Downloads\destroy 14 _\Dest_1405_22_seven.mp4;C:\Users\esthe\Downloads\destroy 14 _\Dest_1405_23_two.mp4;C:\Users\esthe\Downloads\destroy 14 _\Dest_1405_24_three.mp4;C:\Users\esthe\Downloads\destroy 14 _\Dest_1405_3_three.mp4;C:\Users\esthe\Downloads\destroy 14 _\Dest_1405_4_seven.mp4;C:\Users\esthe\Downloads\destroy 14 _\Dest_1405_5_five.mp4;C:\Users\esthe\Downloads\destroy 14 _\Dest_1405_6_seven.mp4;C:\Users\esthe\Downloads\destroy 14 _\Dest_1405_7_two.mp4;C:\Users\esthe\Downloads\destroy 14 _\Dest_1405_8_five.mp4;C:\Users\esthe\Downloads\destroy 14 _\Dest_1405_9_two.mp4,0.0,5.733;7.332;7.532;9.967;5.533;11.765;7.566;7.666;5.399;10.698;14.798;9.032;17.966;5.367;13.428;4.134;10.598;14.335;5.466;17.264;6.999;7.933;4.666,30.000;30.000;30.000;30.000;30.000;30.000;30.000;30.000;30.000;30.000;30.000;30.000;30.000;30.000;30.000;30.000;30.000;30.000;30.000;30.000;30.000;30.000;30.000,Destroy,assessing,,,START,56.325,C:\Users\esthe\Downloads\destroy 14 _\Dest_1405_16_three.mp4,27,NA,
dest_1405,2025-06-26 15:24:30.572,,205.135,Media file(s),player #1:C:\Users\esthe\Downloads\destroy 14 _\commentary;C:\Users\esthe\Downloads\destroy 14 _\Dest_1405_10_three.mp4;C:\Users\esthe\Downloads\destroy 14 _\Dest_1405_11_one.mp4;C:\Users\esthe\Downloads\destroy 14 _\Dest_1405_12_two.mp4;C:\Users\esthe\Downloads\destroy 14 _\Dest_1405_13_five.mp4;C:\Users\esthe\Downloads\destroy 14 _\Dest_1405_14_onehalf.mp4;C:\Users\esthe\Downloads\destroy 14 _\Dest_1405_15_seven.mp4;C:\Users\esthe\Downloads\destroy 14 _\Dest_1405_16_three.mp4;C:\Users\esthe\Downloads\destroy 14 _\Dest_1405_17_three.mp4;C:\Users\esthe\Downloads\destroy 14 _\Dest_1405_18_two.mp4;C:\Users\esthe\Downloads\destroy 14 _\Dest_1405_19_five.mp4;C:\Users\esthe\Downloads\destroy 14 _\Dest_1405_20_one.mp4;C:\Users\esthe\Downloads\destroy 14 _\Dest_1405_21_five.mp4;C:\Users\esthe\Downloads\destroy 14 _\Dest_1405_22_seven.mp4;C:\Users\esthe\Downloads\destroy 14 _\Dest_1405_23_two.mp4;C:\Users\esthe\Downloads\destroy 14 _\Dest_1405_24_three.mp4;C:\Users\esthe\Downloads\destroy 14 _\Dest_1405_3_three.mp4;C:\Users\esthe\Downloads\destroy 14 _\Dest_1405_4_seven.mp4;C:\Users\esthe\Downloads\destroy 14 _\Dest_1405_5_five.mp4;C:\Users\esthe\Downloads\destroy 14 _\Dest_1405_6_seven.mp4;C:\Users\esthe\Downloads\destroy 14 _\Dest_1405_7_two.mp4;C:\Users\esthe\Downloads\destroy 14 _\Dest_1405_8_five.mp4;C:\Users\esthe\Downloads\destroy 14 _\Dest_1405_9_two.mp4,0.0,5.733;7.332;7.532;9.967;5.533;11.765;7.566;7.666;5.399;10.698;14.798;9.032;17.966;5.367;13.428;4.134;10.598;14.335;5.466;17.264;6.999;7.933;4.666,30.000;30.000;30.000;30.000;30.000;30.000;30.000;30.000;30.000;30.000;30.000;30.000;30.000;30.000;30.000;30.000;30.000;30.000;30.000;30.000;30.000;30.000;30.000,Destroy,jaw movement,,,POINT,56.458,C:\Users\esthe\Downloads\destroy 14 _\Dest_1405_16_three.mp4,31,NA,
dest_1405,2025-06-26 15:24:30.572,,205.135,Media file(s),player #1:C:\Users\esthe\Downloads\destroy 14 _\commentary;C:\Users\esthe\Downloads\destroy 14 _\Dest_1405_10_three.mp4;C:\Users\esthe\Downloads\destroy 14 _\Dest_1405_11_one.mp4;C:\Users\esthe\Downloads\destroy 14 _\Dest_1405_12_two.mp4;C:\Users\esthe\Downloads\destroy 14 _\Dest_1405_13_five.mp4;C:\Users\esthe\Downloads\destroy 14 _\Dest_1405_14_onehalf.mp4;C:\Users\esthe\Downloads\destroy 14 _\Dest_1405_15_seven.mp4;C:\Users\esthe\Downloads\destroy 14 _\Dest_1405_16_three.mp4;C:\Users\esthe\Downloads\destroy 14 _\Dest_1405_17_three.mp4;C:\Users\esthe\Downloads\destroy 14 _\Dest_1405_18_two.mp4;C:\Users\esthe\Downloads\destroy 14 _\Dest_1405_19_five.mp4;C:\Users\esthe\Downloads\destroy 14 _\Dest_1405_20_one.mp4;C:\Users\esthe\Downloads\destroy 14 _\Dest_1405_21_five.mp4;C:\Users\esthe\Downloads\destroy 14 _\Dest_1405_22_seven.mp4;C:\Users\esthe\Downloads\destroy 14 _\Dest_1405_23_two.mp4;C:\Users\esthe\Downloads\destroy 14 _\Dest_1405_24_three.mp4;C:\Users\esthe\Downloads\destroy 14 _\Dest_1405_3_three.mp4;C:\Users\esthe\Downloads\destroy 14 _\Dest_1405_4_seven.mp4;C:\Users\esthe\Downloads\destroy 14 _\Dest_1405_5_five.mp4;C:\Users\esthe\Downloads\destroy 14 _\Dest_1405_6_seven.mp4;C:\Users\esthe\Downloads\destroy 14 _\Dest_1405_7_two.mp4;C:\Users\esthe\Downloads\destroy 14 _\Dest_1405_8_five.mp4;C:\Users\esthe\Downloads\destroy 14 _\Dest_1405_9_two.mp4,0.0,5.733;7.332;7.532;9.967;5.533;11.765;7.566;7.666;5.399;10.698;14.798;9.032;17.966;5.367;13.428;4.134;10.598;14.335;5.466;17.264;6.999;7.933;4.666,30.000;30.000;30.000;30.000;30.000;30.000;30.000;30.000;30.000;30.000;30.000;30.000;30.000;30.000;30.000;30.000;30.000;30.000;30.000;30.000;30.000;30.000;30.000,Destroy,rotation,,Yaw,START,56.458,C:\Users\esthe\Downloads\destroy 14 _\Dest_1405_16_three.mp4,31,NA,
dest_1405,2025-06-26 15:24:30.572,,205.135,Media file(s),player #1:C:\Users\esthe\Downloads\destroy 14 _\commentary;C:\Users\esthe\Downloads\destroy 14 _\Dest_1405_10_three.mp4;C:\Users\esthe\Downloads\destroy 14 _\Dest_1405_11_one.mp4;C:\Users\esthe\Downloads\destroy 14 _\Dest_1405_12_two.mp4;C:\Users\esthe\Downloads\destroy 14 _\Dest_1405_13_five.mp4;C:\Users\esthe\Downloads\destroy 14 _\Dest_1405_14_onehalf.mp4;C:\Users\esthe\Downloads\destroy 14 _\Dest_1405_15_seven.mp4;C:\Users\esthe\Downloads\destroy 14 _\Dest_1405_16_three.mp4;C:\Users\esthe\Downloads\destroy 14 _\Dest_1405_17_three.mp4;C:\Users\esthe\Downloads\destroy 14 _\Dest_1405_18_two.mp4;C:\Users\esthe\Downloads\destroy 14 _\Dest_1405_19_five.mp4;C:\Users\esthe\Downloads\destroy 14 _\Dest_1405_20_one.mp4;C:\Users\esthe\Downloads\destroy 14 _\Dest_1405_21_five.mp4;C:\Users\esthe\Downloads\destroy 14 _\Dest_1405_22_seven.mp4;C:\Users\esthe\Downloads\destroy 14 _\Dest_1405_23_two.mp4;C:\Users\esthe\Downloads\destroy 14 _\Dest_1405_24_three.mp4;C:\Users\esthe\Downloads\destroy 14 _\Dest_1405_3_three.mp4;C:\Users\esthe\Downloads\destroy 14 _\Dest_1405_4_seven.mp4;C:\Users\esthe\Downloads\destroy 14 _\Dest_1405_5_five.mp4;C:\Users\esthe\Downloads\destroy 14 _\Dest_1405_6_seven.mp4;C:\Users\esthe\Downloads\destroy 14 _\Dest_1405_7_two.mp4;C:\Users\esthe\Downloads\destroy 14 _\Dest_1405_8_five.mp4;C:\Users\esthe\Downloads\destroy 14 _\Dest_1405_9_two.mp4,0.0,5.733;7.332;7.532;9.967;5.533;11.765;7.566;7.666;5.399;10.698;14.798;9.032;17.966;5.367;13.428;4.134;10.598;14.335;5.466;17.264;6.999;7.933;4.666,30.000;30.000;30.000;30.000;30.000;30.000;30.000;30.000;30.000;30.000;30.000;30.000;30.000;30.000;30.000;30.000;30.000;30.000;30.000;30.000;30.000;30.000;30.000,Destroy,rotation,,Yaw,STOP,56.891,C:\Users\esthe\Downloads\destroy 14 _\Dest_1405_16_three.mp4,44,NA,
dest_1405,2025-06-26 15:24:30.572,,205.135,Media file(s),player #1:C:\Users\esthe\Downloads\destroy 14 _\commentary;C:\Users\esthe\Downloads\destroy 14 _\Dest_1405_10_three.mp4;C:\Users\esthe\Downloads\destroy 14 _\Dest_1405_11_one.mp4;C:\Users\esthe\Downloads\destroy 14 _\Dest_1405_12_two.mp4;C:\Users\esthe\Downloads\destroy 14 _\Dest_1405_13_five.mp4;C:\Users\esthe\Downloads\destroy 14 _\Dest_1405_14_onehalf.mp4;C:\Users\esthe\Downloads\destroy 14 _\Dest_1405_15_seven.mp4;C:\Users\esthe\Downloads\destroy 14 _\Dest_1405_16_three.mp4;C:\Users\esthe\Downloads\destroy 14 _\Dest_1405_17_three.mp4;C:\Users\esthe\Downloads\destroy 14 _\Dest_1405_18_two.mp4;C:\Users\esthe\Downloads\destroy 14 _\Dest_1405_19_five.mp4;C:\Users\esthe\Downloads\destroy 14 _\Dest_1405_20_one.mp4;C:\Users\esthe\Downloads\destroy 14 _\Dest_1405_21_five.mp4;C:\Users\esthe\Downloads\destroy 14 _\Dest_1405_22_seven.mp4;C:\Users\esthe\Downloads\destroy 14 _\Dest_1405_23_two.mp4;C:\Users\esthe\Downloads\destroy 14 _\Dest_1405_24_three.mp4;C:\Users\esthe\Downloads\destroy 14 _\Dest_1405_3_three.mp4;C:\Users\esthe\Downloads\destroy 14 _\Dest_1405_4_seven.mp4;C:\Users\esthe\Downloads\destroy 14 _\Dest_1405_5_five.mp4;C:\Users\esthe\Downloads\destroy 14 _\Dest_1405_6_seven.mp4;C:\Users\esthe\Downloads\destroy 14 _\Dest_1405_7_two.mp4;C:\Users\esthe\Downloads\destroy 14 _\Dest_1405_8_five.mp4;C:\Users\esthe\Downloads\destroy 14 _\Dest_1405_9_two.mp4,0.0,5.733;7.332;7.532;9.967;5.533;11.765;7.566;7.666;5.399;10.698;14.798;9.032;17.966;5.367;13.428;4.134;10.598;14.335;5.466;17.264;6.999;7.933;4.666,30.000;30.000;30.000;30.000;30.000;30.000;30.000;30.000;30.000;30.000;30.000;30.000;30.000;30.000;30.000;30.000;30.000;30.000;30.000;30.000;30.000;30.000;30.000,Destroy,jaw movement,,,POINT,56.925,C:\Users\esthe\Downloads\destroy 14 _\Dest_1405_16_three.mp4,45,NA,
dest_1405,2025-06-26 15:24:30.572,,205.135,Media file(s),player #1:C:\Users\esthe\Downloads\destroy 14 _\commentary;C:\Users\esthe\Downloads\destroy 14 _\Dest_1405_10_three.mp4;C:\Users\esthe\Downloads\destroy 14 _\Dest_1405_11_one.mp4;C:\Users\esthe\Downloads\destroy 14 _\Dest_1405_12_two.mp4;C:\Users\esthe\Downloads\destroy 14 _\Dest_1405_13_five.mp4;C:\Users\esthe\Downloads\destroy 14 _\Dest_1405_14_onehalf.mp4;C:\Users\esthe\Downloads\destroy 14 _\Dest_1405_15_seven.mp4;C:\Users\esthe\Downloads\destroy 14 _\Dest_1405_16_three.mp4;C:\Users\esthe\Downloads\destroy 14 _\Dest_1405_17_three.mp4;C:\Users\esthe\Downloads\destroy 14 _\Dest_1405_18_two.mp4;C:\Users\esthe\Downloads\destroy 14 _\Dest_1405_19_five.mp4;C:\Users\esthe\Downloads\destroy 14 _\Dest_1405_20_one.mp4;C:\Users\esthe\Downloads\destroy 14 _\Dest_1405_21_five.mp4;C:\Users\esthe\Downloads\destroy 14 _\Dest_1405_22_seven.mp4;C:\Users\esthe\Downloads\destroy 14 _\Dest_1405_23_two.mp4;C:\Users\esthe\Downloads\destroy 14 _\Dest_1405_24_three.mp4;C:\Users\esthe\Downloads\destroy 14 _\Dest_1405_3_three.mp4;C:\Users\esthe\Downloads\destroy 14 _\Dest_1405_4_seven.mp4;C:\Users\esthe\Downloads\destroy 14 _\Dest_1405_5_five.mp4;C:\Users\esthe\Downloads\destroy 14 _\Dest_1405_6_seven.mp4;C:\Users\esthe\Downloads\destroy 14 _\Dest_1405_7_two.mp4;C:\Users\esthe\Downloads\destroy 14 _\Dest_1405_8_five.mp4;C:\Users\esthe\Downloads\destroy 14 _\Dest_1405_9_two.mp4,0.0,5.733;7.332;7.532;9.967;5.533;11.765;7.566;7.666;5.399;10.698;14.798;9.032;17.966;5.367;13.428;4.134;10.598;14.335;5.466;17.264;6.999;7.933;4.666,30.000;30.000;30.000;30.000;30.000;30.000;30.000;30.000;30.000;30.000;30.000;30.000;30.000;30.000;30.000;30.000;30.000;30.000;30.000;30.000;30.000;30.000;30.000,Destroy,sniffing,,,POINT,57.291,C:\Users\esthe\Downloads\destroy 14 _\Dest_1405_16_three.mp4,56,NA,
dest_1405,2025-06-26 15:24:30.572,,205.135,Media file(s),player #1:C:\Users\esthe\Downloads\destroy 14 _\commentary;C:\Users\esthe\Downloads\destroy 14 _\Dest_1405_10_three.mp4;C:\Users\esthe\Downloads\destroy 14 _\Dest_1405_11_one.mp4;C:\Users\esthe\Downloads\destroy 14 _\Dest_1405_12_two.mp4;C:\Users\esthe\Downloads\destroy 14 _\Dest_1405_13_five.mp4;C:\Users\esthe\Downloads\destroy 14 _\Dest_1405_14_onehalf.mp4;C:\Users\esthe\Downloads\destroy 14 _\Dest_1405_15_seven.mp4;C:\Users\esthe\Downloads\destroy 14 _\Dest_1405_16_three.mp4;C:\Users\esthe\Downloads\destroy 14 _\Dest_1405_17_three.mp4;C:\Users\esthe\Downloads\destroy 14 _\Dest_1405_18_two.mp4;C:\Users\esthe\Downloads\destroy 14 _\Dest_1405_19_five.mp4;C:\Users\esthe\Downloads\destroy 14 _\Dest_1405_20_one.mp4;C:\Users\esthe\Downloads\destroy 14 _\Dest_1405_21_five.mp4;C:\Users\esthe\Downloads\destroy 14 _\Dest_1405_22_seven.mp4;C:\Users\esthe\Downloads\destroy 14 _\Dest_1405_23_two.mp4;C:\Users\esthe\Downloads\destroy 14 _\Dest_1405_24_three.mp4;C:\Users\esthe\Downloads\destroy 14 _\Dest_1405_3_three.mp4;C:\Users\esthe\Downloads\destroy 14 _\Dest_1405_4_seven.mp4;C:\Users\esthe\Downloads\destroy 14 _\Dest_1405_5_five.mp4;C:\Users\esthe\Downloads\destroy 14 _\Dest_1405_6_seven.mp4;C:\Users\esthe\Downloads\destroy 14 _\Dest_1405_7_two.mp4;C:\Users\esthe\Downloads\destroy 14 _\Dest_1405_8_five.mp4;C:\Users\esthe\Downloads\destroy 14 _\Dest_1405_9_two.mp4,0.0,5.733;7.332;7.532;9.967;5.533;11.765;7.566;7.666;5.399;10.698;14.798;9.032;17.966;5.367;13.428;4.134;10.598;14.335;5.466;17.264;6.999;7.933;4.666,30.000;30.000;30.000;30.000;30.000;30.000;30.000;30.000;30.000;30.000;30.000;30.000;30.000;30.000;30.000;30.000;30.000;30.000;30.000;30.000;30.000;30.000;30.000,Destroy,translational movement,,,POINT,57.358,C:\Users\esthe\Downloads\destroy 14 _\Dest_1405_16_three.mp4,58,NA,
dest_1405,2025-06-26 15:24:30.572,,205.135,Media file(s),player #1:C:\Users\esthe\Downloads\destroy 14 _\commentary;C:\Users\esthe\Downloads\destroy 14 _\Dest_1405_10_three.mp4;C:\Users\esthe\Downloads\destroy 14 _\Dest_1405_11_one.mp4;C:\Users\esthe\Downloads\destroy 14 _\Dest_1405_12_two.mp4;C:\Users\esthe\Downloads\destroy 14 _\Dest_1405_13_five.mp4;C:\Users\esthe\Downloads\destroy 14 _\Dest_1405_14_onehalf.mp4;C:\Users\esthe\Downloads\destroy 14 _\Dest_1405_15_seven.mp4;C:\Users\esthe\Downloads\destroy 14 _\Dest_1405_16_three.mp4;C:\Users\esthe\Downloads\destroy 14 _\Dest_1405_17_three.mp4;C:\Users\esthe\Downloads\destroy 14 _\Dest_1405_18_two.mp4;C:\Users\esthe\Downloads\destroy 14 _\Dest_1405_19_five.mp4;C:\Users\esthe\Downloads\destroy 14 _\Dest_1405_20_one.mp4;C:\Users\esthe\Downloads\destroy 14 _\Dest_1405_21_five.mp4;C:\Users\esthe\Downloads\destroy 14 _\Dest_1405_22_seven.mp4;C:\Users\esthe\Downloads\destroy 14 _\Dest_1405_23_two.mp4;C:\Users\esthe\Downloads\destroy 14 _\Dest_1405_24_three.mp4;C:\Users\esthe\Downloads\destroy 14 _\Dest_1405_3_three.mp4;C:\Users\esthe\Downloads\destroy 14 _\Dest_1405_4_seven.mp4;C:\Users\esthe\Downloads\destroy 14 _\Dest_1405_5_five.mp4;C:\Users\esthe\Downloads\destroy 14 _\Dest_1405_6_seven.mp4;C:\Users\esthe\Downloads\destroy 14 _\Dest_1405_7_two.mp4;C:\Users\esthe\Downloads\destroy 14 _\Dest_1405_8_five.mp4;C:\Users\esthe\Downloads\destroy 14 _\Dest_1405_9_two.mp4,0.0,5.733;7.332;7.532;9.967;5.533;11.765;7.566;7.666;5.399;10.698;14.798;9.032;17.966;5.367;13.428;4.134;10.598;14.335;5.466;17.264;6.999;7.933;4.666,30.000;30.000;30.000;30.000;30.000;30.000;30.000;30.000;30.000;30.000;30.000;30.000;30.000;30.000;30.000;30.000;30.000;30.000;30.000;30.000;30.000;30.000;30.000,Destroy,jaw movement,,,POINT,57.458,C:\Users\esthe\Downloads\destroy 14 _\Dest_1405_16_three.mp4,61,NA,
dest_1405,2025-06-26 15:24:30.572,,205.135,Media file(s),player #1:C:\Users\esthe\Downloads\destroy 14 _\commentary;C:\Users\esthe\Downloads\destroy 14 _\Dest_1405_10_three.mp4;C:\Users\esthe\Downloads\destroy 14 _\Dest_1405_11_one.mp4;C:\Users\esthe\Downloads\destroy 14 _\Dest_1405_12_two.mp4;C:\Users\esthe\Downloads\destroy 14 _\Dest_1405_13_five.mp4;C:\Users\esthe\Downloads\destroy 14 _\Dest_1405_14_onehalf.mp4;C:\Users\esthe\Downloads\destroy 14 _\Dest_1405_15_seven.mp4;C:\Users\esthe\Downloads\destroy 14 _\Dest_1405_16_three.mp4;C:\Users\esthe\Downloads\destroy 14 _\Dest_1405_17_three.mp4;C:\Users\esthe\Downloads\destroy 14 _\Dest_1405_18_two.mp4;C:\Users\esthe\Downloads\destroy 14 _\Dest_1405_19_five.mp4;C:\Users\esthe\Downloads\destroy 14 _\Dest_1405_20_one.mp4;C:\Users\esthe\Downloads\destroy 14 _\Dest_1405_21_five.mp4;C:\Users\esthe\Downloads\destroy 14 _\Dest_1405_22_seven.mp4;C:\Users\esthe\Downloads\destroy 14 _\Dest_1405_23_two.mp4;C:\Users\esthe\Downloads\destroy 14 _\Dest_1405_24_three.mp4;C:\Users\esthe\Downloads\destroy 14 _\Dest_1405_3_three.mp4;C:\Users\esthe\Downloads\destroy 14 _\Dest_1405_4_seven.mp4;C:\Users\esthe\Downloads\destroy 14 _\Dest_1405_5_five.mp4;C:\Users\esthe\Downloads\destroy 14 _\Dest_1405_6_seven.mp4;C:\Users\esthe\Downloads\destroy 14 _\Dest_1405_7_two.mp4;C:\Users\esthe\Downloads\destroy 14 _\Dest_1405_8_five.mp4;C:\Users\esthe\Downloads\destroy 14 _\Dest_1405_9_two.mp4,0.0,5.733;7.332;7.532;9.967;5.533;11.765;7.566;7.666;5.399;10.698;14.798;9.032;17.966;5.367;13.428;4.134;10.598;14.335;5.466;17.264;6.999;7.933;4.666,30.000;30.000;30.000;30.000;30.000;30.000;30.000;30.000;30.000;30.000;30.000;30.000;30.000;30.000;30.000;30.000;30.000;30.000;30.000;30.000;30.000;30.000;30.000,Destroy,rotation,,Horizontal,START,57.458,C:\Users\esthe\Downloads\destroy 14 _\Dest_1405_16_three.mp4,61,NA,
dest_1405,2025-06-26 15:24:30.572,,205.135,Media file(s),player #1:C:\Users\esthe\Downloads\destroy 14 _\commentary;C:\Users\esthe\Downloads\destroy 14 _\Dest_1405_10_three.mp4;C:\Users\esthe\Downloads\destroy 14 _\Dest_1405_11_one.mp4;C:\Users\esthe\Downloads\destroy 14 _\Dest_1405_12_two.mp4;C:\Users\esthe\Downloads\destroy 14 _\Dest_1405_13_five.mp4;C:\Users\esthe\Downloads\destroy 14 _\Dest_1405_14_onehalf.mp4;C:\Users\esthe\Downloads\destroy 14 _\Dest_1405_15_seven.mp4;C:\Users\esthe\Downloads\destroy 14 _\Dest_1405_16_three.mp4;C:\Users\esthe\Downloads\destroy 14 _\Dest_1405_17_three.mp4;C:\Users\esthe\Downloads\destroy 14 _\Dest_1405_18_two.mp4;C:\Users\esthe\Downloads\destroy 14 _\Dest_1405_19_five.mp4;C:\Users\esthe\Downloads\destroy 14 _\Dest_1405_20_one.mp4;C:\Users\esthe\Downloads\destroy 14 _\Dest_1405_21_five.mp4;C:\Users\esthe\Downloads\destroy 14 _\Dest_1405_22_seven.mp4;C:\Users\esthe\Downloads\destroy 14 _\Dest_1405_23_two.mp4;C:\Users\esthe\Downloads\destroy 14 _\Dest_1405_24_three.mp4;C:\Users\esthe\Downloads\destroy 14 _\Dest_1405_3_three.mp4;C:\Users\esthe\Downloads\destroy 14 _\Dest_1405_4_seven.mp4;C:\Users\esthe\Downloads\destroy 14 _\Dest_1405_5_five.mp4;C:\Users\esthe\Downloads\destroy 14 _\Dest_1405_6_seven.mp4;C:\Users\esthe\Downloads\destroy 14 _\Dest_1405_7_two.mp4;C:\Users\esthe\Downloads\destroy 14 _\Dest_1405_8_five.mp4;C:\Users\esthe\Downloads\destroy 14 _\Dest_1405_9_two.mp4,0.0,5.733;7.332;7.532;9.967;5.533;11.765;7.566;7.666;5.399;10.698;14.798;9.032;17.966;5.367;13.428;4.134;10.598;14.335;5.466;17.264;6.999;7.933;4.666,30.000;30.000;30.000;30.000;30.000;30.000;30.000;30.000;30.000;30.000;30.000;30.000;30.000;30.000;30.000;30.000;30.000;30.000;30.000;30.000;30.000;30.000;30.000,Destroy,sniffing,,,POINT,57.925,C:\Users\esthe\Downloads\destroy 14 _\Dest_1405_16_three.mp4,75,NA,
dest_1405,2025-06-26 15:24:30.572,,205.135,Media file(s),player #1:C:\Users\esthe\Downloads\destroy 14 _\commentary;C:\Users\esthe\Downloads\destroy 14 _\Dest_1405_10_three.mp4;C:\Users\esthe\Downloads\destroy 14 _\Dest_1405_11_one.mp4;C:\Users\esthe\Downloads\destroy 14 _\Dest_1405_12_two.mp4;C:\Users\esthe\Downloads\destroy 14 _\Dest_1405_13_five.mp4;C:\Users\esthe\Downloads\destroy 14 _\Dest_1405_14_onehalf.mp4;C:\Users\esthe\Downloads\destroy 14 _\Dest_1405_15_seven.mp4;C:\Users\esthe\Downloads\destroy 14 _\Dest_1405_16_three.mp4;C:\Users\esthe\Downloads\destroy 14 _\Dest_1405_17_three.mp4;C:\Users\esthe\Downloads\destroy 14 _\Dest_1405_18_two.mp4;C:\Users\esthe\Downloads\destroy 14 _\Dest_1405_19_five.mp4;C:\Users\esthe\Downloads\destroy 14 _\Dest_1405_20_one.mp4;C:\Users\esthe\Downloads\destroy 14 _\Dest_1405_21_five.mp4;C:\Users\esthe\Downloads\destroy 14 _\Dest_1405_22_seven.mp4;C:\Users\esthe\Downloads\destroy 14 _\Dest_1405_23_two.mp4;C:\Users\esthe\Downloads\destroy 14 _\Dest_1405_24_three.mp4;C:\Users\esthe\Downloads\destroy 14 _\Dest_1405_3_three.mp4;C:\Users\esthe\Downloads\destroy 14 _\Dest_1405_4_seven.mp4;C:\Users\esthe\Downloads\destroy 14 _\Dest_1405_5_five.mp4;C:\Users\esthe\Downloads\destroy 14 _\Dest_1405_6_seven.mp4;C:\Users\esthe\Downloads\destroy 14 _\Dest_1405_7_two.mp4;C:\Users\esthe\Downloads\destroy 14 _\Dest_1405_8_five.mp4;C:\Users\esthe\Downloads\destroy 14 _\Dest_1405_9_two.mp4,0.0,5.733;7.332;7.532;9.967;5.533;11.765;7.566;7.666;5.399;10.698;14.798;9.032;17.966;5.367;13.428;4.134;10.598;14.335;5.466;17.264;6.999;7.933;4.666,30.000;30.000;30.000;30.000;30.000;30.000;30.000;30.000;30.000;30.000;30.000;30.000;30.000;30.000;30.000;30.000;30.000;30.000;30.000;30.000;30.000;30.000;30.000,Destroy,jaw movement,,,POINT,58.158,C:\Users\esthe\Downloads\destroy 14 _\Dest_1405_16_three.mp4,82,NA,
dest_1405,2025-06-26 15:24:30.572,,205.135,Media file(s),player #1:C:\Users\esthe\Downloads\destroy 14 _\commentary;C:\Users\esthe\Downloads\destroy 14 _\Dest_1405_10_three.mp4;C:\Users\esthe\Downloads\destroy 14 _\Dest_1405_11_one.mp4;C:\Users\esthe\Downloads\destroy 14 _\Dest_1405_12_two.mp4;C:\Users\esthe\Downloads\destroy 14 _\Dest_1405_13_five.mp4;C:\Users\esthe\Downloads\destroy 14 _\Dest_1405_14_onehalf.mp4;C:\Users\esthe\Downloads\destroy 14 _\Dest_1405_15_seven.mp4;C:\Users\esthe\Downloads\destroy 14 _\Dest_1405_16_three.mp4;C:\Users\esthe\Downloads\destroy 14 _\Dest_1405_17_three.mp4;C:\Users\esthe\Downloads\destroy 14 _\Dest_1405_18_two.mp4;C:\Users\esthe\Downloads\destroy 14 _\Dest_1405_19_five.mp4;C:\Users\esthe\Downloads\destroy 14 _\Dest_1405_20_one.mp4;C:\Users\esthe\Downloads\destroy 14 _\Dest_1405_21_five.mp4;C:\Users\esthe\Downloads\destroy 14 _\Dest_1405_22_seven.mp4;C:\Users\esthe\Downloads\destroy 14 _\Dest_1405_23_two.mp4;C:\Users\esthe\Downloads\destroy 14 _\Dest_1405_24_three.mp4;C:\Users\esthe\Downloads\destroy 14 _\Dest_1405_3_three.mp4;C:\Users\esthe\Downloads\destroy 14 _\Dest_1405_4_seven.mp4;C:\Users\esthe\Downloads\destroy 14 _\Dest_1405_5_five.mp4;C:\Users\esthe\Downloads\destroy 14 _\Dest_1405_6_seven.mp4;C:\Users\esthe\Downloads\destroy 14 _\Dest_1405_7_two.mp4;C:\Users\esthe\Downloads\destroy 14 _\Dest_1405_8_five.mp4;C:\Users\esthe\Downloads\destroy 14 _\Dest_1405_9_two.mp4,0.0,5.733;7.332;7.532;9.967;5.533;11.765;7.566;7.666;5.399;10.698;14.798;9.032;17.966;5.367;13.428;4.134;10.598;14.335;5.466;17.264;6.999;7.933;4.666,30.000;30.000;30.000;30.000;30.000;30.000;30.000;30.000;30.000;30.000;30.000;30.000;30.000;30.000;30.000;30.000;30.000;30.000;30.000;30.000;30.000;30.000;30.000,Destroy,rotation,,Horizontal,STOP,58.158,C:\Users\esthe\Downloads\destroy 14 _\Dest_1405_16_three.mp4,82,NA,
dest_1405,2025-06-26 15:24:30.572,,205.135,Media file(s),player #1:C:\Users\esthe\Downloads\destroy 14 _\commentary;C:\Users\esthe\Downloads\destroy 14 _\Dest_1405_10_three.mp4;C:\Users\esthe\Downloads\destroy 14 _\Dest_1405_11_one.mp4;C:\Users\esthe\Downloads\destroy 14 _\Dest_1405_12_two.mp4;C:\Users\esthe\Downloads\destroy 14 _\Dest_1405_13_five.mp4;C:\Users\esthe\Downloads\destroy 14 _\Dest_1405_14_onehalf.mp4;C:\Users\esthe\Downloads\destroy 14 _\Dest_1405_15_seven.mp4;C:\Users\esthe\Downloads\destroy 14 _\Dest_1405_16_three.mp4;C:\Users\esthe\Downloads\destroy 14 _\Dest_1405_17_three.mp4;C:\Users\esthe\Downloads\destroy 14 _\Dest_1405_18_two.mp4;C:\Users\esthe\Downloads\destroy 14 _\Dest_1405_19_five.mp4;C:\Users\esthe\Downloads\destroy 14 _\Dest_1405_20_one.mp4;C:\Users\esthe\Downloads\destroy 14 _\Dest_1405_21_five.mp4;C:\Users\esthe\Downloads\destroy 14 _\Dest_1405_22_seven.mp4;C:\Users\esthe\Downloads\destroy 14 _\Dest_1405_23_two.mp4;C:\Users\esthe\Downloads\destroy 14 _\Dest_1405_24_three.mp4;C:\Users\esthe\Downloads\destroy 14 _\Dest_1405_3_three.mp4;C:\Users\esthe\Downloads\destroy 14 _\Dest_1405_4_seven.mp4;C:\Users\esthe\Downloads\destroy 14 _\Dest_1405_5_five.mp4;C:\Users\esthe\Downloads\destroy 14 _\Dest_1405_6_seven.mp4;C:\Users\esthe\Downloads\destroy 14 _\Dest_1405_7_two.mp4;C:\Users\esthe\Downloads\destroy 14 _\Dest_1405_8_five.mp4;C:\Users\esthe\Downloads\destroy 14 _\Dest_1405_9_two.mp4,0.0,5.733;7.332;7.532;9.967;5.533;11.765;7.566;7.666;5.399;10.698;14.798;9.032;17.966;5.367;13.428;4.134;10.598;14.335;5.466;17.264;6.999;7.933;4.666,30.000;30.000;30.000;30.000;30.000;30.000;30.000;30.000;30.000;30.000;30.000;30.000;30.000;30.000;30.000;30.000;30.000;30.000;30.000;30.000;30.000;30.000;30.000,Destroy,sniffing,,,POINT,58.591,C:\Users\esthe\Downloads\destroy 14 _\Dest_1405_16_three.mp4,95,NA,
dest_1405,2025-06-26 15:24:30.572,,205.135,Media file(s),player #1:C:\Users\esthe\Downloads\destroy 14 _\commentary;C:\Users\esthe\Downloads\destroy 14 _\Dest_1405_10_three.mp4;C:\Users\esthe\Downloads\destroy 14 _\Dest_1405_11_one.mp4;C:\Users\esthe\Downloads\destroy 14 _\Dest_1405_12_two.mp4;C:\Users\esthe\Downloads\destroy 14 _\Dest_1405_13_five.mp4;C:\Users\esthe\Downloads\destroy 14 _\Dest_1405_14_onehalf.mp4;C:\Users\esthe\Downloads\destroy 14 _\Dest_1405_15_seven.mp4;C:\Users\esthe\Downloads\destroy 14 _\Dest_1405_16_three.mp4;C:\Users\esthe\Downloads\destroy 14 _\Dest_1405_17_three.mp4;C:\Users\esthe\Downloads\destroy 14 _\Dest_1405_18_two.mp4;C:\Users\esthe\Downloads\destroy 14 _\Dest_1405_19_five.mp4;C:\Users\esthe\Downloads\destroy 14 _\Dest_1405_20_one.mp4;C:\Users\esthe\Downloads\destroy 14 _\Dest_1405_21_five.mp4;C:\Users\esthe\Downloads\destroy 14 _\Dest_1405_22_seven.mp4;C:\Users\esthe\Downloads\destroy 14 _\Dest_1405_23_two.mp4;C:\Users\esthe\Downloads\destroy 14 _\Dest_1405_24_three.mp4;C:\Users\esthe\Downloads\destroy 14 _\Dest_1405_3_three.mp4;C:\Users\esthe\Downloads\destroy 14 _\Dest_1405_4_seven.mp4;C:\Users\esthe\Downloads\destroy 14 _\Dest_1405_5_five.mp4;C:\Users\esthe\Downloads\destroy 14 _\Dest_1405_6_seven.mp4;C:\Users\esthe\Downloads\destroy 14 _\Dest_1405_7_two.mp4;C:\Users\esthe\Downloads\destroy 14 _\Dest_1405_8_five.mp4;C:\Users\esthe\Downloads\destroy 14 _\Dest_1405_9_two.mp4,0.0,5.733;7.332;7.532;9.967;5.533;11.765;7.566;7.666;5.399;10.698;14.798;9.032;17.966;5.367;13.428;4.134;10.598;14.335;5.466;17.264;6.999;7.933;4.666,30.000;30.000;30.000;30.000;30.000;30.000;30.000;30.000;30.000;30.000;30.000;30.000;30.000;30.000;30.000;30.000;30.000;30.000;30.000;30.000;30.000;30.000;30.000,Destroy,translational movement,,,POINT,58.691,C:\Users\esthe\Downloads\destroy 14 _\Dest_1405_16_three.mp4,98,NA,
dest_1405,2025-06-26 15:24:30.572,,205.135,Media file(s),player #1:C:\Users\esthe\Downloads\destroy 14 _\commentary;C:\Users\esthe\Downloads\destroy 14 _\Dest_1405_10_three.mp4;C:\Users\esthe\Downloads\destroy 14 _\Dest_1405_11_one.mp4;C:\Users\esthe\Downloads\destroy 14 _\Dest_1405_12_two.mp4;C:\Users\esthe\Downloads\destroy 14 _\Dest_1405_13_five.mp4;C:\Users\esthe\Downloads\destroy 14 _\Dest_1405_14_onehalf.mp4;C:\Users\esthe\Downloads\destroy 14 _\Dest_1405_15_seven.mp4;C:\Users\esthe\Downloads\destroy 14 _\Dest_1405_16_three.mp4;C:\Users\esthe\Downloads\destroy 14 _\Dest_1405_17_three.mp4;C:\Users\esthe\Downloads\destroy 14 _\Dest_1405_18_two.mp4;C:\Users\esthe\Downloads\destroy 14 _\Dest_1405_19_five.mp4;C:\Users\esthe\Downloads\destroy 14 _\Dest_1405_20_one.mp4;C:\Users\esthe\Downloads\destroy 14 _\Dest_1405_21_five.mp4;C:\Users\esthe\Downloads\destroy 14 _\Dest_1405_22_seven.mp4;C:\Users\esthe\Downloads\destroy 14 _\Dest_1405_23_two.mp4;C:\Users\esthe\Downloads\destroy 14 _\Dest_1405_24_three.mp4;C:\Users\esthe\Downloads\destroy 14 _\Dest_1405_3_three.mp4;C:\Users\esthe\Downloads\destroy 14 _\Dest_1405_4_seven.mp4;C:\Users\esthe\Downloads\destroy 14 _\Dest_1405_5_five.mp4;C:\Users\esthe\Downloads\destroy 14 _\Dest_1405_6_seven.mp4;C:\Users\esthe\Downloads\destroy 14 _\Dest_1405_7_two.mp4;C:\Users\esthe\Downloads\destroy 14 _\Dest_1405_8_five.mp4;C:\Users\esthe\Downloads\destroy 14 _\Dest_1405_9_two.mp4,0.0,5.733;7.332;7.532;9.967;5.533;11.765;7.566;7.666;5.399;10.698;14.798;9.032;17.966;5.367;13.428;4.134;10.598;14.335;5.466;17.264;6.999;7.933;4.666,30.000;30.000;30.000;30.000;30.000;30.000;30.000;30.000;30.000;30.000;30.000;30.000;30.000;30.000;30.000;30.000;30.000;30.000;30.000;30.000;30.000;30.000;30.000,Destroy,jaw movement,,,POINT,58.858,C:\Users\esthe\Downloads\destroy 14 _\Dest_1405_16_three.mp4,103,NA,
dest_1405,2025-06-26 15:24:30.572,,205.135,Media file(s),player #1:C:\Users\esthe\Downloads\destroy 14 _\commentary;C:\Users\esthe\Downloads\destroy 14 _\Dest_1405_10_three.mp4;C:\Users\esthe\Downloads\destroy 14 _\Dest_1405_11_one.mp4;C:\Users\esthe\Downloads\destroy 14 _\Dest_1405_12_two.mp4;C:\Users\esthe\Downloads\destroy 14 _\Dest_1405_13_five.mp4;C:\Users\esthe\Downloads\destroy 14 _\Dest_1405_14_onehalf.mp4;C:\Users\esthe\Downloads\destroy 14 _\Dest_1405_15_seven.mp4;C:\Users\esthe\Downloads\destroy 14 _\Dest_1405_16_three.mp4;C:\Users\esthe\Downloads\destroy 14 _\Dest_1405_17_three.mp4;C:\Users\esthe\Downloads\destroy 14 _\Dest_1405_18_two.mp4;C:\Users\esthe\Downloads\destroy 14 _\Dest_1405_19_five.mp4;C:\Users\esthe\Downloads\destroy 14 _\Dest_1405_20_one.mp4;C:\Users\esthe\Downloads\destroy 14 _\Dest_1405_21_five.mp4;C:\Users\esthe\Downloads\destroy 14 _\Dest_1405_22_seven.mp4;C:\Users\esthe\Downloads\destroy 14 _\Dest_1405_23_two.mp4;C:\Users\esthe\Downloads\destroy 14 _\Dest_1405_24_three.mp4;C:\Users\esthe\Downloads\destroy 14 _\Dest_1405_3_three.mp4;C:\Users\esthe\Downloads\destroy 14 _\Dest_1405_4_seven.mp4;C:\Users\esthe\Downloads\destroy 14 _\Dest_1405_5_five.mp4;C:\Users\esthe\Downloads\destroy 14 _\Dest_1405_6_seven.mp4;C:\Users\esthe\Downloads\destroy 14 _\Dest_1405_7_two.mp4;C:\Users\esthe\Downloads\destroy 14 _\Dest_1405_8_five.mp4;C:\Users\esthe\Downloads\destroy 14 _\Dest_1405_9_two.mp4,0.0,5.733;7.332;7.532;9.967;5.533;11.765;7.566;7.666;5.399;10.698;14.798;9.032;17.966;5.367;13.428;4.134;10.598;14.335;5.466;17.264;6.999;7.933;4.666,30.000;30.000;30.000;30.000;30.000;30.000;30.000;30.000;30.000;30.000;30.000;30.000;30.000;30.000;30.000;30.000;30.000;30.000;30.000;30.000;30.000;30.000;30.000,Destroy,jaw movement,,,POINT,59.358,C:\Users\esthe\Downloads\destroy 14 _\Dest_1405_16_three.mp4,118,NA,
dest_1405,2025-06-26 15:24:30.572,,205.135,Media file(s),player #1:C:\Users\esthe\Downloads\destroy 14 _\commentary;C:\Users\esthe\Downloads\destroy 14 _\Dest_1405_10_three.mp4;C:\Users\esthe\Downloads\destroy 14 _\Dest_1405_11_one.mp4;C:\Users\esthe\Downloads\destroy 14 _\Dest_1405_12_two.mp4;C:\Users\esthe\Downloads\destroy 14 _\Dest_1405_13_five.mp4;C:\Users\esthe\Downloads\destroy 14 _\Dest_1405_14_onehalf.mp4;C:\Users\esthe\Downloads\destroy 14 _\Dest_1405_15_seven.mp4;C:\Users\esthe\Downloads\destroy 14 _\Dest_1405_16_three.mp4;C:\Users\esthe\Downloads\destroy 14 _\Dest_1405_17_three.mp4;C:\Users\esthe\Downloads\destroy 14 _\Dest_1405_18_two.mp4;C:\Users\esthe\Downloads\destroy 14 _\Dest_1405_19_five.mp4;C:\Users\esthe\Downloads\destroy 14 _\Dest_1405_20_one.mp4;C:\Users\esthe\Downloads\destroy 14 _\Dest_1405_21_five.mp4;C:\Users\esthe\Downloads\destroy 14 _\Dest_1405_22_seven.mp4;C:\Users\esthe\Downloads\destroy 14 _\Dest_1405_23_two.mp4;C:\Users\esthe\Downloads\destroy 14 _\Dest_1405_24_three.mp4;C:\Users\esthe\Downloads\destroy 14 _\Dest_1405_3_three.mp4;C:\Users\esthe\Downloads\destroy 14 _\Dest_1405_4_seven.mp4;C:\Users\esthe\Downloads\destroy 14 _\Dest_1405_5_five.mp4;C:\Users\esthe\Downloads\destroy 14 _\Dest_1405_6_seven.mp4;C:\Users\esthe\Downloads\destroy 14 _\Dest_1405_7_two.mp4;C:\Users\esthe\Downloads\destroy 14 _\Dest_1405_8_five.mp4;C:\Users\esthe\Downloads\destroy 14 _\Dest_1405_9_two.mp4,0.0,5.733;7.332;7.532;9.967;5.533;11.765;7.566;7.666;5.399;10.698;14.798;9.032;17.966;5.367;13.428;4.134;10.598;14.335;5.466;17.264;6.999;7.933;4.666,30.000;30.000;30.000;30.000;30.000;30.000;30.000;30.000;30.000;30.000;30.000;30.000;30.000;30.000;30.000;30.000;30.000;30.000;30.000;30.000;30.000;30.000;30.000,Destroy,assessing,,,STOP,59.724,C:\Users\esthe\Downloads\destroy 14 _\Dest_1405_16_three.mp4,129,NA,
dest_1405,2025-06-26 15:24:30.572,,205.135,Media file(s),player #1:C:\Users\esthe\Downloads\destroy 14 _\commentary;C:\Users\esthe\Downloads\destroy 14 _\Dest_1405_10_three.mp4;C:\Users\esthe\Downloads\destroy 14 _\Dest_1405_11_one.mp4;C:\Users\esthe\Downloads\destroy 14 _\Dest_1405_12_two.mp4;C:\Users\esthe\Downloads\destroy 14 _\Dest_1405_13_five.mp4;C:\Users\esthe\Downloads\destroy 14 _\Dest_1405_14_onehalf.mp4;C:\Users\esthe\Downloads\destroy 14 _\Dest_1405_15_seven.mp4;C:\Users\esthe\Downloads\destroy 14 _\Dest_1405_16_three.mp4;C:\Users\esthe\Downloads\destroy 14 _\Dest_1405_17_three.mp4;C:\Users\esthe\Downloads\destroy 14 _\Dest_1405_18_two.mp4;C:\Users\esthe\Downloads\destroy 14 _\Dest_1405_19_five.mp4;C:\Users\esthe\Downloads\destroy 14 _\Dest_1405_20_one.mp4;C:\Users\esthe\Downloads\destroy 14 _\Dest_1405_21_five.mp4;C:\Users\esthe\Downloads\destroy 14 _\Dest_1405_22_seven.mp4;C:\Users\esthe\Downloads\destroy 14 _\Dest_1405_23_two.mp4;C:\Users\esthe\Downloads\destroy 14 _\Dest_1405_24_three.mp4;C:\Users\esthe\Downloads\destroy 14 _\Dest_1405_3_three.mp4;C:\Users\esthe\Downloads\destroy 14 _\Dest_1405_4_seven.mp4;C:\Users\esthe\Downloads\destroy 14 _\Dest_1405_5_five.mp4;C:\Users\esthe\Downloads\destroy 14 _\Dest_1405_6_seven.mp4;C:\Users\esthe\Downloads\destroy 14 _\Dest_1405_7_two.mp4;C:\Users\esthe\Downloads\destroy 14 _\Dest_1405_8_five.mp4;C:\Users\esthe\Downloads\destroy 14 _\Dest_1405_9_two.mp4,0.0,5.733;7.332;7.532;9.967;5.533;11.765;7.566;7.666;5.399;10.698;14.798;9.032;17.966;5.367;13.428;4.134;10.598;14.335;5.466;17.264;6.999;7.933;4.666,30.000;30.000;30.000;30.000;30.000;30.000;30.000;30.000;30.000;30.000;30.000;30.000;30.000;30.000;30.000;30.000;30.000;30.000;30.000;30.000;30.000;30.000;30.000,Destroy,jaw movement,,,POINT,60.124,C:\Users\esthe\Downloads\destroy 14 _\Dest_1405_16_three.mp4,141,NA,
dest_1405,2025-06-26 15:24:30.572,,205.135,Media file(s),player #1:C:\Users\esthe\Downloads\destroy 14 _\commentary;C:\Users\esthe\Downloads\destroy 14 _\Dest_1405_10_three.mp4;C:\Users\esthe\Downloads\destroy 14 _\Dest_1405_11_one.mp4;C:\Users\esthe\Downloads\destroy 14 _\Dest_1405_12_two.mp4;C:\Users\esthe\Downloads\destroy 14 _\Dest_1405_13_five.mp4;C:\Users\esthe\Downloads\destroy 14 _\Dest_1405_14_onehalf.mp4;C:\Users\esthe\Downloads\destroy 14 _\Dest_1405_15_seven.mp4;C:\Users\esthe\Downloads\destroy 14 _\Dest_1405_16_three.mp4;C:\Users\esthe\Downloads\destroy 14 _\Dest_1405_17_three.mp4;C:\Users\esthe\Downloads\destroy 14 _\Dest_1405_18_two.mp4;C:\Users\esthe\Downloads\destroy 14 _\Dest_1405_19_five.mp4;C:\Users\esthe\Downloads\destroy 14 _\Dest_1405_20_one.mp4;C:\Users\esthe\Downloads\destroy 14 _\Dest_1405_21_five.mp4;C:\Users\esthe\Downloads\destroy 14 _\Dest_1405_22_seven.mp4;C:\Users\esthe\Downloads\destroy 14 _\Dest_1405_23_two.mp4;C:\Users\esthe\Downloads\destroy 14 _\Dest_1405_24_three.mp4;C:\Users\esthe\Downloads\destroy 14 _\Dest_1405_3_three.mp4;C:\Users\esthe\Downloads\destroy 14 _\Dest_1405_4_seven.mp4;C:\Users\esthe\Downloads\destroy 14 _\Dest_1405_5_five.mp4;C:\Users\esthe\Downloads\destroy 14 _\Dest_1405_6_seven.mp4;C:\Users\esthe\Downloads\destroy 14 _\Dest_1405_7_two.mp4;C:\Users\esthe\Downloads\destroy 14 _\Dest_1405_8_five.mp4;C:\Users\esthe\Downloads\destroy 14 _\Dest_1405_9_two.mp4,0.0,5.733;7.332;7.532;9.967;5.533;11.765;7.566;7.666;5.399;10.698;14.798;9.032;17.966;5.367;13.428;4.134;10.598;14.335;5.466;17.264;6.999;7.933;4.666,30.000;30.000;30.000;30.000;30.000;30.000;30.000;30.000;30.000;30.000;30.000;30.000;30.000;30.000;30.000;30.000;30.000;30.000;30.000;30.000;30.000;30.000;30.000,Destroy,peeling,,,START,60.124,C:\Users\esthe\Downloads\destroy 14 _\Dest_1405_16_three.mp4,141,NA,
dest_1405,2025-06-26 15:24:30.572,,205.135,Media file(s),player #1:C:\Users\esthe\Downloads\destroy 14 _\commentary;C:\Users\esthe\Downloads\destroy 14 _\Dest_1405_10_three.mp4;C:\Users\esthe\Downloads\destroy 14 _\Dest_1405_11_one.mp4;C:\Users\esthe\Downloads\destroy 14 _\Dest_1405_12_two.mp4;C:\Users\esthe\Downloads\destroy 14 _\Dest_1405_13_five.mp4;C:\Users\esthe\Downloads\destroy 14 _\Dest_1405_14_onehalf.mp4;C:\Users\esthe\Downloads\destroy 14 _\Dest_1405_15_seven.mp4;C:\Users\esthe\Downloads\destroy 14 _\Dest_1405_16_three.mp4;C:\Users\esthe\Downloads\destroy 14 _\Dest_1405_17_three.mp4;C:\Users\esthe\Downloads\destroy 14 _\Dest_1405_18_two.mp4;C:\Users\esthe\Downloads\destroy 14 _\Dest_1405_19_five.mp4;C:\Users\esthe\Downloads\destroy 14 _\Dest_1405_20_one.mp4;C:\Users\esthe\Downloads\destroy 14 _\Dest_1405_21_five.mp4;C:\Users\esthe\Downloads\destroy 14 _\Dest_1405_22_seven.mp4;C:\Users\esthe\Downloads\destroy 14 _\Dest_1405_23_two.mp4;C:\Users\esthe\Downloads\destroy 14 _\Dest_1405_24_three.mp4;C:\Users\esthe\Downloads\destroy 14 _\Dest_1405_3_three.mp4;C:\Users\esthe\Downloads\destroy 14 _\Dest_1405_4_seven.mp4;C:\Users\esthe\Downloads\destroy 14 _\Dest_1405_5_five.mp4;C:\Users\esthe\Downloads\destroy 14 _\Dest_1405_6_seven.mp4;C:\Users\esthe\Downloads\destroy 14 _\Dest_1405_7_two.mp4;C:\Users\esthe\Downloads\destroy 14 _\Dest_1405_8_five.mp4;C:\Users\esthe\Downloads\destroy 14 _\Dest_1405_9_two.mp4,0.0,5.733;7.332;7.532;9.967;5.533;11.765;7.566;7.666;5.399;10.698;14.798;9.032;17.966;5.367;13.428;4.134;10.598;14.335;5.466;17.264;6.999;7.933;4.666,30.000;30.000;30.000;30.000;30.000;30.000;30.000;30.000;30.000;30.000;30.000;30.000;30.000;30.000;30.000;30.000;30.000;30.000;30.000;30.000;30.000;30.000;30.000,Destroy,jaw movement,,,POINT,60.391,C:\Users\esthe\Downloads\destroy 14 _\Dest_1405_16_three.mp4,149,NA,
dest_1405,2025-06-26 15:24:30.572,,205.135,Media file(s),player #1:C:\Users\esthe\Downloads\destroy 14 _\commentary;C:\Users\esthe\Downloads\destroy 14 _\Dest_1405_10_three.mp4;C:\Users\esthe\Downloads\destroy 14 _\Dest_1405_11_one.mp4;C:\Users\esthe\Downloads\destroy 14 _\Dest_1405_12_two.mp4;C:\Users\esthe\Downloads\destroy 14 _\Dest_1405_13_five.mp4;C:\Users\esthe\Downloads\destroy 14 _\Dest_1405_14_onehalf.mp4;C:\Users\esthe\Downloads\destroy 14 _\Dest_1405_15_seven.mp4;C:\Users\esthe\Downloads\destroy 14 _\Dest_1405_16_three.mp4;C:\Users\esthe\Downloads\destroy 14 _\Dest_1405_17_three.mp4;C:\Users\esthe\Downloads\destroy 14 _\Dest_1405_18_two.mp4;C:\Users\esthe\Downloads\destroy 14 _\Dest_1405_19_five.mp4;C:\Users\esthe\Downloads\destroy 14 _\Dest_1405_20_one.mp4;C:\Users\esthe\Downloads\destroy 14 _\Dest_1405_21_five.mp4;C:\Users\esthe\Downloads\destroy 14 _\Dest_1405_22_seven.mp4;C:\Users\esthe\Downloads\destroy 14 _\Dest_1405_23_two.mp4;C:\Users\esthe\Downloads\destroy 14 _\Dest_1405_24_three.mp4;C:\Users\esthe\Downloads\destroy 14 _\Dest_1405_3_three.mp4;C:\Users\esthe\Downloads\destroy 14 _\Dest_1405_4_seven.mp4;C:\Users\esthe\Downloads\destroy 14 _\Dest_1405_5_five.mp4;C:\Users\esthe\Downloads\destroy 14 _\Dest_1405_6_seven.mp4;C:\Users\esthe\Downloads\destroy 14 _\Dest_1405_7_two.mp4;C:\Users\esthe\Downloads\destroy 14 _\Dest_1405_8_five.mp4;C:\Users\esthe\Downloads\destroy 14 _\Dest_1405_9_two.mp4,0.0,5.733;7.332;7.532;9.967;5.533;11.765;7.566;7.666;5.399;10.698;14.798;9.032;17.966;5.367;13.428;4.134;10.598;14.335;5.466;17.264;6.999;7.933;4.666,30.000;30.000;30.000;30.000;30.000;30.000;30.000;30.000;30.000;30.000;30.000;30.000;30.000;30.000;30.000;30.000;30.000;30.000;30.000;30.000;30.000;30.000;30.000,Destroy,jaw movement,,,POINT,60.624,C:\Users\esthe\Downloads\destroy 14 _\Dest_1405_16_three.mp4,156,NA,
dest_1405,2025-06-26 15:24:30.572,,205.135,Media file(s),player #1:C:\Users\esthe\Downloads\destroy 14 _\commentary;C:\Users\esthe\Downloads\destroy 14 _\Dest_1405_10_three.mp4;C:\Users\esthe\Downloads\destroy 14 _\Dest_1405_11_one.mp4;C:\Users\esthe\Downloads\destroy 14 _\Dest_1405_12_two.mp4;C:\Users\esthe\Downloads\destroy 14 _\Dest_1405_13_five.mp4;C:\Users\esthe\Downloads\destroy 14 _\Dest_1405_14_onehalf.mp4;C:\Users\esthe\Downloads\destroy 14 _\Dest_1405_15_seven.mp4;C:\Users\esthe\Downloads\destroy 14 _\Dest_1405_16_three.mp4;C:\Users\esthe\Downloads\destroy 14 _\Dest_1405_17_three.mp4;C:\Users\esthe\Downloads\destroy 14 _\Dest_1405_18_two.mp4;C:\Users\esthe\Downloads\destroy 14 _\Dest_1405_19_five.mp4;C:\Users\esthe\Downloads\destroy 14 _\Dest_1405_20_one.mp4;C:\Users\esthe\Downloads\destroy 14 _\Dest_1405_21_five.mp4;C:\Users\esthe\Downloads\destroy 14 _\Dest_1405_22_seven.mp4;C:\Users\esthe\Downloads\destroy 14 _\Dest_1405_23_two.mp4;C:\Users\esthe\Downloads\destroy 14 _\Dest_1405_24_three.mp4;C:\Users\esthe\Downloads\destroy 14 _\Dest_1405_3_three.mp4;C:\Users\esthe\Downloads\destroy 14 _\Dest_1405_4_seven.mp4;C:\Users\esthe\Downloads\destroy 14 _\Dest_1405_5_five.mp4;C:\Users\esthe\Downloads\destroy 14 _\Dest_1405_6_seven.mp4;C:\Users\esthe\Downloads\destroy 14 _\Dest_1405_7_two.mp4;C:\Users\esthe\Downloads\destroy 14 _\Dest_1405_8_five.mp4;C:\Users\esthe\Downloads\destroy 14 _\Dest_1405_9_two.mp4,0.0,5.733;7.332;7.532;9.967;5.533;11.765;7.566;7.666;5.399;10.698;14.798;9.032;17.966;5.367;13.428;4.134;10.598;14.335;5.466;17.264;6.999;7.933;4.666,30.000;30.000;30.000;30.000;30.000;30.000;30.000;30.000;30.000;30.000;30.000;30.000;30.000;30.000;30.000;30.000;30.000;30.000;30.000;30.000;30.000;30.000;30.000,Destroy,jaw movement,,,POINT,60.824,C:\Users\esthe\Downloads\destroy 14 _\Dest_1405_16_three.mp4,162,NA,
dest_1405,2025-06-26 15:24:30.572,,205.135,Media file(s),player #1:C:\Users\esthe\Downloads\destroy 14 _\commentary;C:\Users\esthe\Downloads\destroy 14 _\Dest_1405_10_three.mp4;C:\Users\esthe\Downloads\destroy 14 _\Dest_1405_11_one.mp4;C:\Users\esthe\Downloads\destroy 14 _\Dest_1405_12_two.mp4;C:\Users\esthe\Downloads\destroy 14 _\Dest_1405_13_five.mp4;C:\Users\esthe\Downloads\destroy 14 _\Dest_1405_14_onehalf.mp4;C:\Users\esthe\Downloads\destroy 14 _\Dest_1405_15_seven.mp4;C:\Users\esthe\Downloads\destroy 14 _\Dest_1405_16_three.mp4;C:\Users\esthe\Downloads\destroy 14 _\Dest_1405_17_three.mp4;C:\Users\esthe\Downloads\destroy 14 _\Dest_1405_18_two.mp4;C:\Users\esthe\Downloads\destroy 14 _\Dest_1405_19_five.mp4;C:\Users\esthe\Downloads\destroy 14 _\Dest_1405_20_one.mp4;C:\Users\esthe\Downloads\destroy 14 _\Dest_1405_21_five.mp4;C:\Users\esthe\Downloads\destroy 14 _\Dest_1405_22_seven.mp4;C:\Users\esthe\Downloads\destroy 14 _\Dest_1405_23_two.mp4;C:\Users\esthe\Downloads\destroy 14 _\Dest_1405_24_three.mp4;C:\Users\esthe\Downloads\destroy 14 _\Dest_1405_3_three.mp4;C:\Users\esthe\Downloads\destroy 14 _\Dest_1405_4_seven.mp4;C:\Users\esthe\Downloads\destroy 14 _\Dest_1405_5_five.mp4;C:\Users\esthe\Downloads\destroy 14 _\Dest_1405_6_seven.mp4;C:\Users\esthe\Downloads\destroy 14 _\Dest_1405_7_two.mp4;C:\Users\esthe\Downloads\destroy 14 _\Dest_1405_8_five.mp4;C:\Users\esthe\Downloads\destroy 14 _\Dest_1405_9_two.mp4,0.0,5.733;7.332;7.532;9.967;5.533;11.765;7.566;7.666;5.399;10.698;14.798;9.032;17.966;5.367;13.428;4.134;10.598;14.335;5.466;17.264;6.999;7.933;4.666,30.000;30.000;30.000;30.000;30.000;30.000;30.000;30.000;30.000;30.000;30.000;30.000;30.000;30.000;30.000;30.000;30.000;30.000;30.000;30.000;30.000;30.000;30.000,Destroy,jaw movement,,,POINT,61.024,C:\Users\esthe\Downloads\destroy 14 _\Dest_1405_16_three.mp4,168,NA,
dest_1405,2025-06-26 15:24:30.572,,205.135,Media file(s),player #1:C:\Users\esthe\Downloads\destroy 14 _\commentary;C:\Users\esthe\Downloads\destroy 14 _\Dest_1405_10_three.mp4;C:\Users\esthe\Downloads\destroy 14 _\Dest_1405_11_one.mp4;C:\Users\esthe\Downloads\destroy 14 _\Dest_1405_12_two.mp4;C:\Users\esthe\Downloads\destroy 14 _\Dest_1405_13_five.mp4;C:\Users\esthe\Downloads\destroy 14 _\Dest_1405_14_onehalf.mp4;C:\Users\esthe\Downloads\destroy 14 _\Dest_1405_15_seven.mp4;C:\Users\esthe\Downloads\destroy 14 _\Dest_1405_16_three.mp4;C:\Users\esthe\Downloads\destroy 14 _\Dest_1405_17_three.mp4;C:\Users\esthe\Downloads\destroy 14 _\Dest_1405_18_two.mp4;C:\Users\esthe\Downloads\destroy 14 _\Dest_1405_19_five.mp4;C:\Users\esthe\Downloads\destroy 14 _\Dest_1405_20_one.mp4;C:\Users\esthe\Downloads\destroy 14 _\Dest_1405_21_five.mp4;C:\Users\esthe\Downloads\destroy 14 _\Dest_1405_22_seven.mp4;C:\Users\esthe\Downloads\destroy 14 _\Dest_1405_23_two.mp4;C:\Users\esthe\Downloads\destroy 14 _\Dest_1405_24_three.mp4;C:\Users\esthe\Downloads\destroy 14 _\Dest_1405_3_three.mp4;C:\Users\esthe\Downloads\destroy 14 _\Dest_1405_4_seven.mp4;C:\Users\esthe\Downloads\destroy 14 _\Dest_1405_5_five.mp4;C:\Users\esthe\Downloads\destroy 14 _\Dest_1405_6_seven.mp4;C:\Users\esthe\Downloads\destroy 14 _\Dest_1405_7_two.mp4;C:\Users\esthe\Downloads\destroy 14 _\Dest_1405_8_five.mp4;C:\Users\esthe\Downloads\destroy 14 _\Dest_1405_9_two.mp4,0.0,5.733;7.332;7.532;9.967;5.533;11.765;7.566;7.666;5.399;10.698;14.798;9.032;17.966;5.367;13.428;4.134;10.598;14.335;5.466;17.264;6.999;7.933;4.666,30.000;30.000;30.000;30.000;30.000;30.000;30.000;30.000;30.000;30.000;30.000;30.000;30.000;30.000;30.000;30.000;30.000;30.000;30.000;30.000;30.000;30.000;30.000,Destroy,jaw movement,,,POINT,61.324,C:\Users\esthe\Downloads\destroy 14 _\Dest_1405_16_three.mp4,177,NA,
dest_1405,2025-06-26 15:24:30.572,,205.135,Media file(s),player #1:C:\Users\esthe\Downloads\destroy 14 _\commentary;C:\Users\esthe\Downloads\destroy 14 _\Dest_1405_10_three.mp4;C:\Users\esthe\Downloads\destroy 14 _\Dest_1405_11_one.mp4;C:\Users\esthe\Downloads\destroy 14 _\Dest_1405_12_two.mp4;C:\Users\esthe\Downloads\destroy 14 _\Dest_1405_13_five.mp4;C:\Users\esthe\Downloads\destroy 14 _\Dest_1405_14_onehalf.mp4;C:\Users\esthe\Downloads\destroy 14 _\Dest_1405_15_seven.mp4;C:\Users\esthe\Downloads\destroy 14 _\Dest_1405_16_three.mp4;C:\Users\esthe\Downloads\destroy 14 _\Dest_1405_17_three.mp4;C:\Users\esthe\Downloads\destroy 14 _\Dest_1405_18_two.mp4;C:\Users\esthe\Downloads\destroy 14 _\Dest_1405_19_five.mp4;C:\Users\esthe\Downloads\destroy 14 _\Dest_1405_20_one.mp4;C:\Users\esthe\Downloads\destroy 14 _\Dest_1405_21_five.mp4;C:\Users\esthe\Downloads\destroy 14 _\Dest_1405_22_seven.mp4;C:\Users\esthe\Downloads\destroy 14 _\Dest_1405_23_two.mp4;C:\Users\esthe\Downloads\destroy 14 _\Dest_1405_24_three.mp4;C:\Users\esthe\Downloads\destroy 14 _\Dest_1405_3_three.mp4;C:\Users\esthe\Downloads\destroy 14 _\Dest_1405_4_seven.mp4;C:\Users\esthe\Downloads\destroy 14 _\Dest_1405_5_five.mp4;C:\Users\esthe\Downloads\destroy 14 _\Dest_1405_6_seven.mp4;C:\Users\esthe\Downloads\destroy 14 _\Dest_1405_7_two.mp4;C:\Users\esthe\Downloads\destroy 14 _\Dest_1405_8_five.mp4;C:\Users\esthe\Downloads\destroy 14 _\Dest_1405_9_two.mp4,0.0,5.733;7.332;7.532;9.967;5.533;11.765;7.566;7.666;5.399;10.698;14.798;9.032;17.966;5.367;13.428;4.134;10.598;14.335;5.466;17.264;6.999;7.933;4.666,30.000;30.000;30.000;30.000;30.000;30.000;30.000;30.000;30.000;30.000;30.000;30.000;30.000;30.000;30.000;30.000;30.000;30.000;30.000;30.000;30.000;30.000;30.000,Destroy,peeling,,,STOP,62.957,C:\Users\esthe\Downloads\destroy 14 _\Dest_1405_16_three.mp4,225,NA,
dest_1405,2025-06-26 15:24:30.572,,205.135,Media file(s),player #1:C:\Users\esthe\Downloads\destroy 14 _\commentary;C:\Users\esthe\Downloads\destroy 14 _\Dest_1405_10_three.mp4;C:\Users\esthe\Downloads\destroy 14 _\Dest_1405_11_one.mp4;C:\Users\esthe\Downloads\destroy 14 _\Dest_1405_12_two.mp4;C:\Users\esthe\Downloads\destroy 14 _\Dest_1405_13_five.mp4;C:\Users\esthe\Downloads\destroy 14 _\Dest_1405_14_onehalf.mp4;C:\Users\esthe\Downloads\destroy 14 _\Dest_1405_15_seven.mp4;C:\Users\esthe\Downloads\destroy 14 _\Dest_1405_16_three.mp4;C:\Users\esthe\Downloads\destroy 14 _\Dest_1405_17_three.mp4;C:\Users\esthe\Downloads\destroy 14 _\Dest_1405_18_two.mp4;C:\Users\esthe\Downloads\destroy 14 _\Dest_1405_19_five.mp4;C:\Users\esthe\Downloads\destroy 14 _\Dest_1405_20_one.mp4;C:\Users\esthe\Downloads\destroy 14 _\Dest_1405_21_five.mp4;C:\Users\esthe\Downloads\destroy 14 _\Dest_1405_22_seven.mp4;C:\Users\esthe\Downloads\destroy 14 _\Dest_1405_23_two.mp4;C:\Users\esthe\Downloads\destroy 14 _\Dest_1405_24_three.mp4;C:\Users\esthe\Downloads\destroy 14 _\Dest_1405_3_three.mp4;C:\Users\esthe\Downloads\destroy 14 _\Dest_1405_4_seven.mp4;C:\Users\esthe\Downloads\destroy 14 _\Dest_1405_5_five.mp4;C:\Users\esthe\Downloads\destroy 14 _\Dest_1405_6_seven.mp4;C:\Users\esthe\Downloads\destroy 14 _\Dest_1405_7_two.mp4;C:\Users\esthe\Downloads\destroy 14 _\Dest_1405_8_five.mp4;C:\Users\esthe\Downloads\destroy 14 _\Dest_1405_9_two.mp4,0.0,5.733;7.332;7.532;9.967;5.533;11.765;7.566;7.666;5.399;10.698;14.798;9.032;17.966;5.367;13.428;4.134;10.598;14.335;5.466;17.264;6.999;7.933;4.666,30.000;30.000;30.000;30.000;30.000;30.000;30.000;30.000;30.000;30.000;30.000;30.000;30.000;30.000;30.000;30.000;30.000;30.000;30.000;30.000;30.000;30.000;30.000,Destroy,grabbing peanut,,,POINT,63.090,C:\Users\esthe\Downloads\destroy 14 _\Dest_1405_16_three.mp4,0,NA,
dest_1405,2025-06-26 15:24:30.572,,205.135,Media file(s),player #1:C:\Users\esthe\Downloads\destroy 14 _\commentary;C:\Users\esthe\Downloads\destroy 14 _\Dest_1405_10_three.mp4;C:\Users\esthe\Downloads\destroy 14 _\Dest_1405_11_one.mp4;C:\Users\esthe\Downloads\destroy 14 _\Dest_1405_12_two.mp4;C:\Users\esthe\Downloads\destroy 14 _\Dest_1405_13_five.mp4;C:\Users\esthe\Downloads\destroy 14 _\Dest_1405_14_onehalf.mp4;C:\Users\esthe\Downloads\destroy 14 _\Dest_1405_15_seven.mp4;C:\Users\esthe\Downloads\destroy 14 _\Dest_1405_16_three.mp4;C:\Users\esthe\Downloads\destroy 14 _\Dest_1405_17_three.mp4;C:\Users\esthe\Downloads\destroy 14 _\Dest_1405_18_two.mp4;C:\Users\esthe\Downloads\destroy 14 _\Dest_1405_19_five.mp4;C:\Users\esthe\Downloads\destroy 14 _\Dest_1405_20_one.mp4;C:\Users\esthe\Downloads\destroy 14 _\Dest_1405_21_five.mp4;C:\Users\esthe\Downloads\destroy 14 _\Dest_1405_22_seven.mp4;C:\Users\esthe\Downloads\destroy 14 _\Dest_1405_23_two.mp4;C:\Users\esthe\Downloads\destroy 14 _\Dest_1405_24_three.mp4;C:\Users\esthe\Downloads\destroy 14 _\Dest_1405_3_three.mp4;C:\Users\esthe\Downloads\destroy 14 _\Dest_1405_4_seven.mp4;C:\Users\esthe\Downloads\destroy 14 _\Dest_1405_5_five.mp4;C:\Users\esthe\Downloads\destroy 14 _\Dest_1405_6_seven.mp4;C:\Users\esthe\Downloads\destroy 14 _\Dest_1405_7_two.mp4;C:\Users\esthe\Downloads\destroy 14 _\Dest_1405_8_five.mp4;C:\Users\esthe\Downloads\destroy 14 _\Dest_1405_9_two.mp4,0.0,5.733;7.332;7.532;9.967;5.533;11.765;7.566;7.666;5.399;10.698;14.798;9.032;17.966;5.367;13.428;4.134;10.598;14.335;5.466;17.264;6.999;7.933;4.666,30.000;30.000;30.000;30.000;30.000;30.000;30.000;30.000;30.000;30.000;30.000;30.000;30.000;30.000;30.000;30.000;30.000;30.000;30.000;30.000;30.000;30.000;30.000,Destroy,lifting,,,START,63.190,C:\Users\esthe\Downloads\destroy 14 _\Dest_1405_17_three.mp4,3,NA,
dest_1405,2025-06-26 15:24:30.572,,205.135,Media file(s),player #1:C:\Users\esthe\Downloads\destroy 14 _\commentary;C:\Users\esthe\Downloads\destroy 14 _\Dest_1405_10_three.mp4;C:\Users\esthe\Downloads\destroy 14 _\Dest_1405_11_one.mp4;C:\Users\esthe\Downloads\destroy 14 _\Dest_1405_12_two.mp4;C:\Users\esthe\Downloads\destroy 14 _\Dest_1405_13_five.mp4;C:\Users\esthe\Downloads\destroy 14 _\Dest_1405_14_onehalf.mp4;C:\Users\esthe\Downloads\destroy 14 _\Dest_1405_15_seven.mp4;C:\Users\esthe\Downloads\destroy 14 _\Dest_1405_16_three.mp4;C:\Users\esthe\Downloads\destroy 14 _\Dest_1405_17_three.mp4;C:\Users\esthe\Downloads\destroy 14 _\Dest_1405_18_two.mp4;C:\Users\esthe\Downloads\destroy 14 _\Dest_1405_19_five.mp4;C:\Users\esthe\Downloads\destroy 14 _\Dest_1405_20_one.mp4;C:\Users\esthe\Downloads\destroy 14 _\Dest_1405_21_five.mp4;C:\Users\esthe\Downloads\destroy 14 _\Dest_1405_22_seven.mp4;C:\Users\esthe\Downloads\destroy 14 _\Dest_1405_23_two.mp4;C:\Users\esthe\Downloads\destroy 14 _\Dest_1405_24_three.mp4;C:\Users\esthe\Downloads\destroy 14 _\Dest_1405_3_three.mp4;C:\Users\esthe\Downloads\destroy 14 _\Dest_1405_4_seven.mp4;C:\Users\esthe\Downloads\destroy 14 _\Dest_1405_5_five.mp4;C:\Users\esthe\Downloads\destroy 14 _\Dest_1405_6_seven.mp4;C:\Users\esthe\Downloads\destroy 14 _\Dest_1405_7_two.mp4;C:\Users\esthe\Downloads\destroy 14 _\Dest_1405_8_five.mp4;C:\Users\esthe\Downloads\destroy 14 _\Dest_1405_9_two.mp4,0.0,5.733;7.332;7.532;9.967;5.533;11.765;7.566;7.666;5.399;10.698;14.798;9.032;17.966;5.367;13.428;4.134;10.598;14.335;5.466;17.264;6.999;7.933;4.666,30.000;30.000;30.000;30.000;30.000;30.000;30.000;30.000;30.000;30.000;30.000;30.000;30.000;30.000;30.000;30.000;30.000;30.000;30.000;30.000;30.000;30.000;30.000,Destroy,lifting,,,STOP,63.557,C:\Users\esthe\Downloads\destroy 14 _\Dest_1405_17_three.mp4,14,NA,
dest_1405,2025-06-26 15:24:30.572,,205.135,Media file(s),player #1:C:\Users\esthe\Downloads\destroy 14 _\commentary;C:\Users\esthe\Downloads\destroy 14 _\Dest_1405_10_three.mp4;C:\Users\esthe\Downloads\destroy 14 _\Dest_1405_11_one.mp4;C:\Users\esthe\Downloads\destroy 14 _\Dest_1405_12_two.mp4;C:\Users\esthe\Downloads\destroy 14 _\Dest_1405_13_five.mp4;C:\Users\esthe\Downloads\destroy 14 _\Dest_1405_14_onehalf.mp4;C:\Users\esthe\Downloads\destroy 14 _\Dest_1405_15_seven.mp4;C:\Users\esthe\Downloads\destroy 14 _\Dest_1405_16_three.mp4;C:\Users\esthe\Downloads\destroy 14 _\Dest_1405_17_three.mp4;C:\Users\esthe\Downloads\destroy 14 _\Dest_1405_18_two.mp4;C:\Users\esthe\Downloads\destroy 14 _\Dest_1405_19_five.mp4;C:\Users\esthe\Downloads\destroy 14 _\Dest_1405_20_one.mp4;C:\Users\esthe\Downloads\destroy 14 _\Dest_1405_21_five.mp4;C:\Users\esthe\Downloads\destroy 14 _\Dest_1405_22_seven.mp4;C:\Users\esthe\Downloads\destroy 14 _\Dest_1405_23_two.mp4;C:\Users\esthe\Downloads\destroy 14 _\Dest_1405_24_three.mp4;C:\Users\esthe\Downloads\destroy 14 _\Dest_1405_3_three.mp4;C:\Users\esthe\Downloads\destroy 14 _\Dest_1405_4_seven.mp4;C:\Users\esthe\Downloads\destroy 14 _\Dest_1405_5_five.mp4;C:\Users\esthe\Downloads\destroy 14 _\Dest_1405_6_seven.mp4;C:\Users\esthe\Downloads\destroy 14 _\Dest_1405_7_two.mp4;C:\Users\esthe\Downloads\destroy 14 _\Dest_1405_8_five.mp4;C:\Users\esthe\Downloads\destroy 14 _\Dest_1405_9_two.mp4,0.0,5.733;7.332;7.532;9.967;5.533;11.765;7.566;7.666;5.399;10.698;14.798;9.032;17.966;5.367;13.428;4.134;10.598;14.335;5.466;17.264;6.999;7.933;4.666,30.000;30.000;30.000;30.000;30.000;30.000;30.000;30.000;30.000;30.000;30.000;30.000;30.000;30.000;30.000;30.000;30.000;30.000;30.000;30.000;30.000;30.000;30.000,Destroy,assessing,,,START,63.723,C:\Users\esthe\Downloads\destroy 14 _\Dest_1405_17_three.mp4,19,NA,
dest_1405,2025-06-26 15:24:30.572,,205.135,Media file(s),player #1:C:\Users\esthe\Downloads\destroy 14 _\commentary;C:\Users\esthe\Downloads\destroy 14 _\Dest_1405_10_three.mp4;C:\Users\esthe\Downloads\destroy 14 _\Dest_1405_11_one.mp4;C:\Users\esthe\Downloads\destroy 14 _\Dest_1405_12_two.mp4;C:\Users\esthe\Downloads\destroy 14 _\Dest_1405_13_five.mp4;C:\Users\esthe\Downloads\destroy 14 _\Dest_1405_14_onehalf.mp4;C:\Users\esthe\Downloads\destroy 14 _\Dest_1405_15_seven.mp4;C:\Users\esthe\Downloads\destroy 14 _\Dest_1405_16_three.mp4;C:\Users\esthe\Downloads\destroy 14 _\Dest_1405_17_three.mp4;C:\Users\esthe\Downloads\destroy 14 _\Dest_1405_18_two.mp4;C:\Users\esthe\Downloads\destroy 14 _\Dest_1405_19_five.mp4;C:\Users\esthe\Downloads\destroy 14 _\Dest_1405_20_one.mp4;C:\Users\esthe\Downloads\destroy 14 _\Dest_1405_21_five.mp4;C:\Users\esthe\Downloads\destroy 14 _\Dest_1405_22_seven.mp4;C:\Users\esthe\Downloads\destroy 14 _\Dest_1405_23_two.mp4;C:\Users\esthe\Downloads\destroy 14 _\Dest_1405_24_three.mp4;C:\Users\esthe\Downloads\destroy 14 _\Dest_1405_3_three.mp4;C:\Users\esthe\Downloads\destroy 14 _\Dest_1405_4_seven.mp4;C:\Users\esthe\Downloads\destroy 14 _\Dest_1405_5_five.mp4;C:\Users\esthe\Downloads\destroy 14 _\Dest_1405_6_seven.mp4;C:\Users\esthe\Downloads\destroy 14 _\Dest_1405_7_two.mp4;C:\Users\esthe\Downloads\destroy 14 _\Dest_1405_8_five.mp4;C:\Users\esthe\Downloads\destroy 14 _\Dest_1405_9_two.mp4,0.0,5.733;7.332;7.532;9.967;5.533;11.765;7.566;7.666;5.399;10.698;14.798;9.032;17.966;5.367;13.428;4.134;10.598;14.335;5.466;17.264;6.999;7.933;4.666,30.000;30.000;30.000;30.000;30.000;30.000;30.000;30.000;30.000;30.000;30.000;30.000;30.000;30.000;30.000;30.000;30.000;30.000;30.000;30.000;30.000;30.000;30.000,Destroy,jaw movement,,,POINT,63.990,C:\Users\esthe\Downloads\destroy 14 _\Dest_1405_17_three.mp4,27,NA,
dest_1405,2025-06-26 15:24:30.572,,205.135,Media file(s),player #1:C:\Users\esthe\Downloads\destroy 14 _\commentary;C:\Users\esthe\Downloads\destroy 14 _\Dest_1405_10_three.mp4;C:\Users\esthe\Downloads\destroy 14 _\Dest_1405_11_one.mp4;C:\Users\esthe\Downloads\destroy 14 _\Dest_1405_12_two.mp4;C:\Users\esthe\Downloads\destroy 14 _\Dest_1405_13_five.mp4;C:\Users\esthe\Downloads\destroy 14 _\Dest_1405_14_onehalf.mp4;C:\Users\esthe\Downloads\destroy 14 _\Dest_1405_15_seven.mp4;C:\Users\esthe\Downloads\destroy 14 _\Dest_1405_16_three.mp4;C:\Users\esthe\Downloads\destroy 14 _\Dest_1405_17_three.mp4;C:\Users\esthe\Downloads\destroy 14 _\Dest_1405_18_two.mp4;C:\Users\esthe\Downloads\destroy 14 _\Dest_1405_19_five.mp4;C:\Users\esthe\Downloads\destroy 14 _\Dest_1405_20_one.mp4;C:\Users\esthe\Downloads\destroy 14 _\Dest_1405_21_five.mp4;C:\Users\esthe\Downloads\destroy 14 _\Dest_1405_22_seven.mp4;C:\Users\esthe\Downloads\destroy 14 _\Dest_1405_23_two.mp4;C:\Users\esthe\Downloads\destroy 14 _\Dest_1405_24_three.mp4;C:\Users\esthe\Downloads\destroy 14 _\Dest_1405_3_three.mp4;C:\Users\esthe\Downloads\destroy 14 _\Dest_1405_4_seven.mp4;C:\Users\esthe\Downloads\destroy 14 _\Dest_1405_5_five.mp4;C:\Users\esthe\Downloads\destroy 14 _\Dest_1405_6_seven.mp4;C:\Users\esthe\Downloads\destroy 14 _\Dest_1405_7_two.mp4;C:\Users\esthe\Downloads\destroy 14 _\Dest_1405_8_five.mp4;C:\Users\esthe\Downloads\destroy 14 _\Dest_1405_9_two.mp4,0.0,5.733;7.332;7.532;9.967;5.533;11.765;7.566;7.666;5.399;10.698;14.798;9.032;17.966;5.367;13.428;4.134;10.598;14.335;5.466;17.264;6.999;7.933;4.666,30.000;30.000;30.000;30.000;30.000;30.000;30.000;30.000;30.000;30.000;30.000;30.000;30.000;30.000;30.000;30.000;30.000;30.000;30.000;30.000;30.000;30.000;30.000,Destroy,sniffing,,,POINT,64.123,C:\Users\esthe\Downloads\destroy 14 _\Dest_1405_17_three.mp4,31,NA,
dest_1405,2025-06-26 15:24:30.572,,205.135,Media file(s),player #1:C:\Users\esthe\Downloads\destroy 14 _\commentary;C:\Users\esthe\Downloads\destroy 14 _\Dest_1405_10_three.mp4;C:\Users\esthe\Downloads\destroy 14 _\Dest_1405_11_one.mp4;C:\Users\esthe\Downloads\destroy 14 _\Dest_1405_12_two.mp4;C:\Users\esthe\Downloads\destroy 14 _\Dest_1405_13_five.mp4;C:\Users\esthe\Downloads\destroy 14 _\Dest_1405_14_onehalf.mp4;C:\Users\esthe\Downloads\destroy 14 _\Dest_1405_15_seven.mp4;C:\Users\esthe\Downloads\destroy 14 _\Dest_1405_16_three.mp4;C:\Users\esthe\Downloads\destroy 14 _\Dest_1405_17_three.mp4;C:\Users\esthe\Downloads\destroy 14 _\Dest_1405_18_two.mp4;C:\Users\esthe\Downloads\destroy 14 _\Dest_1405_19_five.mp4;C:\Users\esthe\Downloads\destroy 14 _\Dest_1405_20_one.mp4;C:\Users\esthe\Downloads\destroy 14 _\Dest_1405_21_five.mp4;C:\Users\esthe\Downloads\destroy 14 _\Dest_1405_22_seven.mp4;C:\Users\esthe\Downloads\destroy 14 _\Dest_1405_23_two.mp4;C:\Users\esthe\Downloads\destroy 14 _\Dest_1405_24_three.mp4;C:\Users\esthe\Downloads\destroy 14 _\Dest_1405_3_three.mp4;C:\Users\esthe\Downloads\destroy 14 _\Dest_1405_4_seven.mp4;C:\Users\esthe\Downloads\destroy 14 _\Dest_1405_5_five.mp4;C:\Users\esthe\Downloads\destroy 14 _\Dest_1405_6_seven.mp4;C:\Users\esthe\Downloads\destroy 14 _\Dest_1405_7_two.mp4;C:\Users\esthe\Downloads\destroy 14 _\Dest_1405_8_five.mp4;C:\Users\esthe\Downloads\destroy 14 _\Dest_1405_9_two.mp4,0.0,5.733;7.332;7.532;9.967;5.533;11.765;7.566;7.666;5.399;10.698;14.798;9.032;17.966;5.367;13.428;4.134;10.598;14.335;5.466;17.264;6.999;7.933;4.666,30.000;30.000;30.000;30.000;30.000;30.000;30.000;30.000;30.000;30.000;30.000;30.000;30.000;30.000;30.000;30.000;30.000;30.000;30.000;30.000;30.000;30.000;30.000,Destroy,jaw movement,,,POINT,64.290,C:\Users\esthe\Downloads\destroy 14 _\Dest_1405_17_three.mp4,36,NA,
dest_1405,2025-06-26 15:24:30.572,,205.135,Media file(s),player #1:C:\Users\esthe\Downloads\destroy 14 _\commentary;C:\Users\esthe\Downloads\destroy 14 _\Dest_1405_10_three.mp4;C:\Users\esthe\Downloads\destroy 14 _\Dest_1405_11_one.mp4;C:\Users\esthe\Downloads\destroy 14 _\Dest_1405_12_two.mp4;C:\Users\esthe\Downloads\destroy 14 _\Dest_1405_13_five.mp4;C:\Users\esthe\Downloads\destroy 14 _\Dest_1405_14_onehalf.mp4;C:\Users\esthe\Downloads\destroy 14 _\Dest_1405_15_seven.mp4;C:\Users\esthe\Downloads\destroy 14 _\Dest_1405_16_three.mp4;C:\Users\esthe\Downloads\destroy 14 _\Dest_1405_17_three.mp4;C:\Users\esthe\Downloads\destroy 14 _\Dest_1405_18_two.mp4;C:\Users\esthe\Downloads\destroy 14 _\Dest_1405_19_five.mp4;C:\Users\esthe\Downloads\destroy 14 _\Dest_1405_20_one.mp4;C:\Users\esthe\Downloads\destroy 14 _\Dest_1405_21_five.mp4;C:\Users\esthe\Downloads\destroy 14 _\Dest_1405_22_seven.mp4;C:\Users\esthe\Downloads\destroy 14 _\Dest_1405_23_two.mp4;C:\Users\esthe\Downloads\destroy 14 _\Dest_1405_24_three.mp4;C:\Users\esthe\Downloads\destroy 14 _\Dest_1405_3_three.mp4;C:\Users\esthe\Downloads\destroy 14 _\Dest_1405_4_seven.mp4;C:\Users\esthe\Downloads\destroy 14 _\Dest_1405_5_five.mp4;C:\Users\esthe\Downloads\destroy 14 _\Dest_1405_6_seven.mp4;C:\Users\esthe\Downloads\destroy 14 _\Dest_1405_7_two.mp4;C:\Users\esthe\Downloads\destroy 14 _\Dest_1405_8_five.mp4;C:\Users\esthe\Downloads\destroy 14 _\Dest_1405_9_two.mp4,0.0,5.733;7.332;7.532;9.967;5.533;11.765;7.566;7.666;5.399;10.698;14.798;9.032;17.966;5.367;13.428;4.134;10.598;14.335;5.466;17.264;6.999;7.933;4.666,30.000;30.000;30.000;30.000;30.000;30.000;30.000;30.000;30.000;30.000;30.000;30.000;30.000;30.000;30.000;30.000;30.000;30.000;30.000;30.000;30.000;30.000;30.000,Destroy,mouth,,,POINT,64.623,C:\Users\esthe\Downloads\destroy 14 _\Dest_1405_17_three.mp4,46,NA,
dest_1405,2025-06-26 15:24:30.572,,205.135,Media file(s),player #1:C:\Users\esthe\Downloads\destroy 14 _\commentary;C:\Users\esthe\Downloads\destroy 14 _\Dest_1405_10_three.mp4;C:\Users\esthe\Downloads\destroy 14 _\Dest_1405_11_one.mp4;C:\Users\esthe\Downloads\destroy 14 _\Dest_1405_12_two.mp4;C:\Users\esthe\Downloads\destroy 14 _\Dest_1405_13_five.mp4;C:\Users\esthe\Downloads\destroy 14 _\Dest_1405_14_onehalf.mp4;C:\Users\esthe\Downloads\destroy 14 _\Dest_1405_15_seven.mp4;C:\Users\esthe\Downloads\destroy 14 _\Dest_1405_16_three.mp4;C:\Users\esthe\Downloads\destroy 14 _\Dest_1405_17_three.mp4;C:\Users\esthe\Downloads\destroy 14 _\Dest_1405_18_two.mp4;C:\Users\esthe\Downloads\destroy 14 _\Dest_1405_19_five.mp4;C:\Users\esthe\Downloads\destroy 14 _\Dest_1405_20_one.mp4;C:\Users\esthe\Downloads\destroy 14 _\Dest_1405_21_five.mp4;C:\Users\esthe\Downloads\destroy 14 _\Dest_1405_22_seven.mp4;C:\Users\esthe\Downloads\destroy 14 _\Dest_1405_23_two.mp4;C:\Users\esthe\Downloads\destroy 14 _\Dest_1405_24_three.mp4;C:\Users\esthe\Downloads\destroy 14 _\Dest_1405_3_three.mp4;C:\Users\esthe\Downloads\destroy 14 _\Dest_1405_4_seven.mp4;C:\Users\esthe\Downloads\destroy 14 _\Dest_1405_5_five.mp4;C:\Users\esthe\Downloads\destroy 14 _\Dest_1405_6_seven.mp4;C:\Users\esthe\Downloads\destroy 14 _\Dest_1405_7_two.mp4;C:\Users\esthe\Downloads\destroy 14 _\Dest_1405_8_five.mp4;C:\Users\esthe\Downloads\destroy 14 _\Dest_1405_9_two.mp4,0.0,5.733;7.332;7.532;9.967;5.533;11.765;7.566;7.666;5.399;10.698;14.798;9.032;17.966;5.367;13.428;4.134;10.598;14.335;5.466;17.264;6.999;7.933;4.666,30.000;30.000;30.000;30.000;30.000;30.000;30.000;30.000;30.000;30.000;30.000;30.000;30.000;30.000;30.000;30.000;30.000;30.000;30.000;30.000;30.000;30.000;30.000,Destroy,assessing,,,STOP,64.756,C:\Users\esthe\Downloads\destroy 14 _\Dest_1405_17_three.mp4,50,NA,
dest_1405,2025-06-26 15:24:30.572,,205.135,Media file(s),player #1:C:\Users\esthe\Downloads\destroy 14 _\commentary;C:\Users\esthe\Downloads\destroy 14 _\Dest_1405_10_three.mp4;C:\Users\esthe\Downloads\destroy 14 _\Dest_1405_11_one.mp4;C:\Users\esthe\Downloads\destroy 14 _\Dest_1405_12_two.mp4;C:\Users\esthe\Downloads\destroy 14 _\Dest_1405_13_five.mp4;C:\Users\esthe\Downloads\destroy 14 _\Dest_1405_14_onehalf.mp4;C:\Users\esthe\Downloads\destroy 14 _\Dest_1405_15_seven.mp4;C:\Users\esthe\Downloads\destroy 14 _\Dest_1405_16_three.mp4;C:\Users\esthe\Downloads\destroy 14 _\Dest_1405_17_three.mp4;C:\Users\esthe\Downloads\destroy 14 _\Dest_1405_18_two.mp4;C:\Users\esthe\Downloads\destroy 14 _\Dest_1405_19_five.mp4;C:\Users\esthe\Downloads\destroy 14 _\Dest_1405_20_one.mp4;C:\Users\esthe\Downloads\destroy 14 _\Dest_1405_21_five.mp4;C:\Users\esthe\Downloads\destroy 14 _\Dest_1405_22_seven.mp4;C:\Users\esthe\Downloads\destroy 14 _\Dest_1405_23_two.mp4;C:\Users\esthe\Downloads\destroy 14 _\Dest_1405_24_three.mp4;C:\Users\esthe\Downloads\destroy 14 _\Dest_1405_3_three.mp4;C:\Users\esthe\Downloads\destroy 14 _\Dest_1405_4_seven.mp4;C:\Users\esthe\Downloads\destroy 14 _\Dest_1405_5_five.mp4;C:\Users\esthe\Downloads\destroy 14 _\Dest_1405_6_seven.mp4;C:\Users\esthe\Downloads\destroy 14 _\Dest_1405_7_two.mp4;C:\Users\esthe\Downloads\destroy 14 _\Dest_1405_8_five.mp4;C:\Users\esthe\Downloads\destroy 14 _\Dest_1405_9_two.mp4,0.0,5.733;7.332;7.532;9.967;5.533;11.765;7.566;7.666;5.399;10.698;14.798;9.032;17.966;5.367;13.428;4.134;10.598;14.335;5.466;17.264;6.999;7.933;4.666,30.000;30.000;30.000;30.000;30.000;30.000;30.000;30.000;30.000;30.000;30.000;30.000;30.000;30.000;30.000;30.000;30.000;30.000;30.000;30.000;30.000;30.000;30.000,Destroy,target,,,START,65.223,C:\Users\esthe\Downloads\destroy 14 _\Dest_1405_17_three.mp4,64,NA,
dest_1405,2025-06-26 15:24:30.572,,205.135,Media file(s),player #1:C:\Users\esthe\Downloads\destroy 14 _\commentary;C:\Users\esthe\Downloads\destroy 14 _\Dest_1405_10_three.mp4;C:\Users\esthe\Downloads\destroy 14 _\Dest_1405_11_one.mp4;C:\Users\esthe\Downloads\destroy 14 _\Dest_1405_12_two.mp4;C:\Users\esthe\Downloads\destroy 14 _\Dest_1405_13_five.mp4;C:\Users\esthe\Downloads\destroy 14 _\Dest_1405_14_onehalf.mp4;C:\Users\esthe\Downloads\destroy 14 _\Dest_1405_15_seven.mp4;C:\Users\esthe\Downloads\destroy 14 _\Dest_1405_16_three.mp4;C:\Users\esthe\Downloads\destroy 14 _\Dest_1405_17_three.mp4;C:\Users\esthe\Downloads\destroy 14 _\Dest_1405_18_two.mp4;C:\Users\esthe\Downloads\destroy 14 _\Dest_1405_19_five.mp4;C:\Users\esthe\Downloads\destroy 14 _\Dest_1405_20_one.mp4;C:\Users\esthe\Downloads\destroy 14 _\Dest_1405_21_five.mp4;C:\Users\esthe\Downloads\destroy 14 _\Dest_1405_22_seven.mp4;C:\Users\esthe\Downloads\destroy 14 _\Dest_1405_23_two.mp4;C:\Users\esthe\Downloads\destroy 14 _\Dest_1405_24_three.mp4;C:\Users\esthe\Downloads\destroy 14 _\Dest_1405_3_three.mp4;C:\Users\esthe\Downloads\destroy 14 _\Dest_1405_4_seven.mp4;C:\Users\esthe\Downloads\destroy 14 _\Dest_1405_5_five.mp4;C:\Users\esthe\Downloads\destroy 14 _\Dest_1405_6_seven.mp4;C:\Users\esthe\Downloads\destroy 14 _\Dest_1405_7_two.mp4;C:\Users\esthe\Downloads\destroy 14 _\Dest_1405_8_five.mp4;C:\Users\esthe\Downloads\destroy 14 _\Dest_1405_9_two.mp4,0.0,5.733;7.332;7.532;9.967;5.533;11.765;7.566;7.666;5.399;10.698;14.798;9.032;17.966;5.367;13.428;4.134;10.598;14.335;5.466;17.264;6.999;7.933;4.666,30.000;30.000;30.000;30.000;30.000;30.000;30.000;30.000;30.000;30.000;30.000;30.000;30.000;30.000;30.000;30.000;30.000;30.000;30.000;30.000;30.000;30.000;30.000,Destroy,target,,,STOP,68.289,C:\Users\esthe\Downloads\destroy 14 _\Dest_1405_17_three.mp4,156,NA,
dest_1405,2025-06-26 15:24:30.572,,205.135,Media file(s),player #1:C:\Users\esthe\Downloads\destroy 14 _\commentary;C:\Users\esthe\Downloads\destroy 14 _\Dest_1405_10_three.mp4;C:\Users\esthe\Downloads\destroy 14 _\Dest_1405_11_one.mp4;C:\Users\esthe\Downloads\destroy 14 _\Dest_1405_12_two.mp4;C:\Users\esthe\Downloads\destroy 14 _\Dest_1405_13_five.mp4;C:\Users\esthe\Downloads\destroy 14 _\Dest_1405_14_onehalf.mp4;C:\Users\esthe\Downloads\destroy 14 _\Dest_1405_15_seven.mp4;C:\Users\esthe\Downloads\destroy 14 _\Dest_1405_16_three.mp4;C:\Users\esthe\Downloads\destroy 14 _\Dest_1405_17_three.mp4;C:\Users\esthe\Downloads\destroy 14 _\Dest_1405_18_two.mp4;C:\Users\esthe\Downloads\destroy 14 _\Dest_1405_19_five.mp4;C:\Users\esthe\Downloads\destroy 14 _\Dest_1405_20_one.mp4;C:\Users\esthe\Downloads\destroy 14 _\Dest_1405_21_five.mp4;C:\Users\esthe\Downloads\destroy 14 _\Dest_1405_22_seven.mp4;C:\Users\esthe\Downloads\destroy 14 _\Dest_1405_23_two.mp4;C:\Users\esthe\Downloads\destroy 14 _\Dest_1405_24_three.mp4;C:\Users\esthe\Downloads\destroy 14 _\Dest_1405_3_three.mp4;C:\Users\esthe\Downloads\destroy 14 _\Dest_1405_4_seven.mp4;C:\Users\esthe\Downloads\destroy 14 _\Dest_1405_5_five.mp4;C:\Users\esthe\Downloads\destroy 14 _\Dest_1405_6_seven.mp4;C:\Users\esthe\Downloads\destroy 14 _\Dest_1405_7_two.mp4;C:\Users\esthe\Downloads\destroy 14 _\Dest_1405_8_five.mp4;C:\Users\esthe\Downloads\destroy 14 _\Dest_1405_9_two.mp4,0.0,5.733;7.332;7.532;9.967;5.533;11.765;7.566;7.666;5.399;10.698;14.798;9.032;17.966;5.367;13.428;4.134;10.598;14.335;5.466;17.264;6.999;7.933;4.666,30.000;30.000;30.000;30.000;30.000;30.000;30.000;30.000;30.000;30.000;30.000;30.000;30.000;30.000;30.000;30.000;30.000;30.000;30.000;30.000;30.000;30.000;30.000,Destroy,target,,,START,68.556,C:\Users\esthe\Downloads\destroy 14 _\Dest_1405_18_two.mp4,2,NA,
dest_1405,2025-06-26 15:24:30.572,,205.135,Media file(s),player #1:C:\Users\esthe\Downloads\destroy 14 _\commentary;C:\Users\esthe\Downloads\destroy 14 _\Dest_1405_10_three.mp4;C:\Users\esthe\Downloads\destroy 14 _\Dest_1405_11_one.mp4;C:\Users\esthe\Downloads\destroy 14 _\Dest_1405_12_two.mp4;C:\Users\esthe\Downloads\destroy 14 _\Dest_1405_13_five.mp4;C:\Users\esthe\Downloads\destroy 14 _\Dest_1405_14_onehalf.mp4;C:\Users\esthe\Downloads\destroy 14 _\Dest_1405_15_seven.mp4;C:\Users\esthe\Downloads\destroy 14 _\Dest_1405_16_three.mp4;C:\Users\esthe\Downloads\destroy 14 _\Dest_1405_17_three.mp4;C:\Users\esthe\Downloads\destroy 14 _\Dest_1405_18_two.mp4;C:\Users\esthe\Downloads\destroy 14 _\Dest_1405_19_five.mp4;C:\Users\esthe\Downloads\destroy 14 _\Dest_1405_20_one.mp4;C:\Users\esthe\Downloads\destroy 14 _\Dest_1405_21_five.mp4;C:\Users\esthe\Downloads\destroy 14 _\Dest_1405_22_seven.mp4;C:\Users\esthe\Downloads\destroy 14 _\Dest_1405_23_two.mp4;C:\Users\esthe\Downloads\destroy 14 _\Dest_1405_24_three.mp4;C:\Users\esthe\Downloads\destroy 14 _\Dest_1405_3_three.mp4;C:\Users\esthe\Downloads\destroy 14 _\Dest_1405_4_seven.mp4;C:\Users\esthe\Downloads\destroy 14 _\Dest_1405_5_five.mp4;C:\Users\esthe\Downloads\destroy 14 _\Dest_1405_6_seven.mp4;C:\Users\esthe\Downloads\destroy 14 _\Dest_1405_7_two.mp4;C:\Users\esthe\Downloads\destroy 14 _\Dest_1405_8_five.mp4;C:\Users\esthe\Downloads\destroy 14 _\Dest_1405_9_two.mp4,0.0,5.733;7.332;7.532;9.967;5.533;11.765;7.566;7.666;5.399;10.698;14.798;9.032;17.966;5.367;13.428;4.134;10.598;14.335;5.466;17.264;6.999;7.933;4.666,30.000;30.000;30.000;30.000;30.000;30.000;30.000;30.000;30.000;30.000;30.000;30.000;30.000;30.000;30.000;30.000;30.000;30.000;30.000;30.000;30.000;30.000;30.000,Destroy,target,,,STOP,73.455,C:\Users\esthe\Downloads\destroy 14 _\Dest_1405_18_two.mp4,149,NA,
dest_1405,2025-06-26 15:24:30.572,,205.135,Media file(s),player #1:C:\Users\esthe\Downloads\destroy 14 _\commentary;C:\Users\esthe\Downloads\destroy 14 _\Dest_1405_10_three.mp4;C:\Users\esthe\Downloads\destroy 14 _\Dest_1405_11_one.mp4;C:\Users\esthe\Downloads\destroy 14 _\Dest_1405_12_two.mp4;C:\Users\esthe\Downloads\destroy 14 _\Dest_1405_13_five.mp4;C:\Users\esthe\Downloads\destroy 14 _\Dest_1405_14_onehalf.mp4;C:\Users\esthe\Downloads\destroy 14 _\Dest_1405_15_seven.mp4;C:\Users\esthe\Downloads\destroy 14 _\Dest_1405_16_three.mp4;C:\Users\esthe\Downloads\destroy 14 _\Dest_1405_17_three.mp4;C:\Users\esthe\Downloads\destroy 14 _\Dest_1405_18_two.mp4;C:\Users\esthe\Downloads\destroy 14 _\Dest_1405_19_five.mp4;C:\Users\esthe\Downloads\destroy 14 _\Dest_1405_20_one.mp4;C:\Users\esthe\Downloads\destroy 14 _\Dest_1405_21_five.mp4;C:\Users\esthe\Downloads\destroy 14 _\Dest_1405_22_seven.mp4;C:\Users\esthe\Downloads\destroy 14 _\Dest_1405_23_two.mp4;C:\Users\esthe\Downloads\destroy 14 _\Dest_1405_24_three.mp4;C:\Users\esthe\Downloads\destroy 14 _\Dest_1405_3_three.mp4;C:\Users\esthe\Downloads\destroy 14 _\Dest_1405_4_seven.mp4;C:\Users\esthe\Downloads\destroy 14 _\Dest_1405_5_five.mp4;C:\Users\esthe\Downloads\destroy 14 _\Dest_1405_6_seven.mp4;C:\Users\esthe\Downloads\destroy 14 _\Dest_1405_7_two.mp4;C:\Users\esthe\Downloads\destroy 14 _\Dest_1405_8_five.mp4;C:\Users\esthe\Downloads\destroy 14 _\Dest_1405_9_two.mp4,0.0,5.733;7.332;7.532;9.967;5.533;11.765;7.566;7.666;5.399;10.698;14.798;9.032;17.966;5.367;13.428;4.134;10.598;14.335;5.466;17.264;6.999;7.933;4.666,30.000;30.000;30.000;30.000;30.000;30.000;30.000;30.000;30.000;30.000;30.000;30.000;30.000;30.000;30.000;30.000;30.000;30.000;30.000;30.000;30.000;30.000;30.000,Destroy,bending,,,START,73.488,C:\Users\esthe\Downloads\destroy 14 _\Dest_1405_18_two.mp4,150,NA,
dest_1405,2025-06-26 15:24:30.572,,205.135,Media file(s),player #1:C:\Users\esthe\Downloads\destroy 14 _\commentary;C:\Users\esthe\Downloads\destroy 14 _\Dest_1405_10_three.mp4;C:\Users\esthe\Downloads\destroy 14 _\Dest_1405_11_one.mp4;C:\Users\esthe\Downloads\destroy 14 _\Dest_1405_12_two.mp4;C:\Users\esthe\Downloads\destroy 14 _\Dest_1405_13_five.mp4;C:\Users\esthe\Downloads\destroy 14 _\Dest_1405_14_onehalf.mp4;C:\Users\esthe\Downloads\destroy 14 _\Dest_1405_15_seven.mp4;C:\Users\esthe\Downloads\destroy 14 _\Dest_1405_16_three.mp4;C:\Users\esthe\Downloads\destroy 14 _\Dest_1405_17_three.mp4;C:\Users\esthe\Downloads\destroy 14 _\Dest_1405_18_two.mp4;C:\Users\esthe\Downloads\destroy 14 _\Dest_1405_19_five.mp4;C:\Users\esthe\Downloads\destroy 14 _\Dest_1405_20_one.mp4;C:\Users\esthe\Downloads\destroy 14 _\Dest_1405_21_five.mp4;C:\Users\esthe\Downloads\destroy 14 _\Dest_1405_22_seven.mp4;C:\Users\esthe\Downloads\destroy 14 _\Dest_1405_23_two.mp4;C:\Users\esthe\Downloads\destroy 14 _\Dest_1405_24_three.mp4;C:\Users\esthe\Downloads\destroy 14 _\Dest_1405_3_three.mp4;C:\Users\esthe\Downloads\destroy 14 _\Dest_1405_4_seven.mp4;C:\Users\esthe\Downloads\destroy 14 _\Dest_1405_5_five.mp4;C:\Users\esthe\Downloads\destroy 14 _\Dest_1405_6_seven.mp4;C:\Users\esthe\Downloads\destroy 14 _\Dest_1405_7_two.mp4;C:\Users\esthe\Downloads\destroy 14 _\Dest_1405_8_five.mp4;C:\Users\esthe\Downloads\destroy 14 _\Dest_1405_9_two.mp4,0.0,5.733;7.332;7.532;9.967;5.533;11.765;7.566;7.666;5.399;10.698;14.798;9.032;17.966;5.367;13.428;4.134;10.598;14.335;5.466;17.264;6.999;7.933;4.666,30.000;30.000;30.000;30.000;30.000;30.000;30.000;30.000;30.000;30.000;30.000;30.000;30.000;30.000;30.000;30.000;30.000;30.000;30.000;30.000;30.000;30.000;30.000,Destroy,bending,,,STOP,73.822,C:\Users\esthe\Downloads\destroy 14 _\Dest_1405_18_two.mp4,160,NA,
dest_1405,2025-06-26 15:24:30.572,,205.135,Media file(s),player #1:C:\Users\esthe\Downloads\destroy 14 _\commentary;C:\Users\esthe\Downloads\destroy 14 _\Dest_1405_10_three.mp4;C:\Users\esthe\Downloads\destroy 14 _\Dest_1405_11_one.mp4;C:\Users\esthe\Downloads\destroy 14 _\Dest_1405_12_two.mp4;C:\Users\esthe\Downloads\destroy 14 _\Dest_1405_13_five.mp4;C:\Users\esthe\Downloads\destroy 14 _\Dest_1405_14_onehalf.mp4;C:\Users\esthe\Downloads\destroy 14 _\Dest_1405_15_seven.mp4;C:\Users\esthe\Downloads\destroy 14 _\Dest_1405_16_three.mp4;C:\Users\esthe\Downloads\destroy 14 _\Dest_1405_17_three.mp4;C:\Users\esthe\Downloads\destroy 14 _\Dest_1405_18_two.mp4;C:\Users\esthe\Downloads\destroy 14 _\Dest_1405_19_five.mp4;C:\Users\esthe\Downloads\destroy 14 _\Dest_1405_20_one.mp4;C:\Users\esthe\Downloads\destroy 14 _\Dest_1405_21_five.mp4;C:\Users\esthe\Downloads\destroy 14 _\Dest_1405_22_seven.mp4;C:\Users\esthe\Downloads\destroy 14 _\Dest_1405_23_two.mp4;C:\Users\esthe\Downloads\destroy 14 _\Dest_1405_24_three.mp4;C:\Users\esthe\Downloads\destroy 14 _\Dest_1405_3_three.mp4;C:\Users\esthe\Downloads\destroy 14 _\Dest_1405_4_seven.mp4;C:\Users\esthe\Downloads\destroy 14 _\Dest_1405_5_five.mp4;C:\Users\esthe\Downloads\destroy 14 _\Dest_1405_6_seven.mp4;C:\Users\esthe\Downloads\destroy 14 _\Dest_1405_7_two.mp4;C:\Users\esthe\Downloads\destroy 14 _\Dest_1405_8_five.mp4;C:\Users\esthe\Downloads\destroy 14 _\Dest_1405_9_two.mp4,0.0,5.733;7.332;7.532;9.967;5.533;11.765;7.566;7.666;5.399;10.698;14.798;9.032;17.966;5.367;13.428;4.134;10.598;14.335;5.466;17.264;6.999;7.933;4.666,30.000;30.000;30.000;30.000;30.000;30.000;30.000;30.000;30.000;30.000;30.000;30.000;30.000;30.000;30.000;30.000;30.000;30.000;30.000;30.000;30.000;30.000;30.000,Destroy,grabbing peanut,,,POINT,73.822,C:\Users\esthe\Downloads\destroy 14 _\Dest_1405_18_two.mp4,160,NA,
dest_1405,2025-06-26 15:24:30.572,,205.135,Media file(s),player #1:C:\Users\esthe\Downloads\destroy 14 _\commentary;C:\Users\esthe\Downloads\destroy 14 _\Dest_1405_10_three.mp4;C:\Users\esthe\Downloads\destroy 14 _\Dest_1405_11_one.mp4;C:\Users\esthe\Downloads\destroy 14 _\Dest_1405_12_two.mp4;C:\Users\esthe\Downloads\destroy 14 _\Dest_1405_13_five.mp4;C:\Users\esthe\Downloads\destroy 14 _\Dest_1405_14_onehalf.mp4;C:\Users\esthe\Downloads\destroy 14 _\Dest_1405_15_seven.mp4;C:\Users\esthe\Downloads\destroy 14 _\Dest_1405_16_three.mp4;C:\Users\esthe\Downloads\destroy 14 _\Dest_1405_17_three.mp4;C:\Users\esthe\Downloads\destroy 14 _\Dest_1405_18_two.mp4;C:\Users\esthe\Downloads\destroy 14 _\Dest_1405_19_five.mp4;C:\Users\esthe\Downloads\destroy 14 _\Dest_1405_20_one.mp4;C:\Users\esthe\Downloads\destroy 14 _\Dest_1405_21_five.mp4;C:\Users\esthe\Downloads\destroy 14 _\Dest_1405_22_seven.mp4;C:\Users\esthe\Downloads\destroy 14 _\Dest_1405_23_two.mp4;C:\Users\esthe\Downloads\destroy 14 _\Dest_1405_24_three.mp4;C:\Users\esthe\Downloads\destroy 14 _\Dest_1405_3_three.mp4;C:\Users\esthe\Downloads\destroy 14 _\Dest_1405_4_seven.mp4;C:\Users\esthe\Downloads\destroy 14 _\Dest_1405_5_five.mp4;C:\Users\esthe\Downloads\destroy 14 _\Dest_1405_6_seven.mp4;C:\Users\esthe\Downloads\destroy 14 _\Dest_1405_7_two.mp4;C:\Users\esthe\Downloads\destroy 14 _\Dest_1405_8_five.mp4;C:\Users\esthe\Downloads\destroy 14 _\Dest_1405_9_two.mp4,0.0,5.733;7.332;7.532;9.967;5.533;11.765;7.566;7.666;5.399;10.698;14.798;9.032;17.966;5.367;13.428;4.134;10.598;14.335;5.466;17.264;6.999;7.933;4.666,30.000;30.000;30.000;30.000;30.000;30.000;30.000;30.000;30.000;30.000;30.000;30.000;30.000;30.000;30.000;30.000;30.000;30.000;30.000;30.000;30.000;30.000;30.000,Destroy,lifting,,,START,73.855,C:\Users\esthe\Downloads\destroy 14 _\Dest_1405_18_two.mp4,161,NA,
dest_1405,2025-06-26 15:24:30.572,,205.135,Media file(s),player #1:C:\Users\esthe\Downloads\destroy 14 _\commentary;C:\Users\esthe\Downloads\destroy 14 _\Dest_1405_10_three.mp4;C:\Users\esthe\Downloads\destroy 14 _\Dest_1405_11_one.mp4;C:\Users\esthe\Downloads\destroy 14 _\Dest_1405_12_two.mp4;C:\Users\esthe\Downloads\destroy 14 _\Dest_1405_13_five.mp4;C:\Users\esthe\Downloads\destroy 14 _\Dest_1405_14_onehalf.mp4;C:\Users\esthe\Downloads\destroy 14 _\Dest_1405_15_seven.mp4;C:\Users\esthe\Downloads\destroy 14 _\Dest_1405_16_three.mp4;C:\Users\esthe\Downloads\destroy 14 _\Dest_1405_17_three.mp4;C:\Users\esthe\Downloads\destroy 14 _\Dest_1405_18_two.mp4;C:\Users\esthe\Downloads\destroy 14 _\Dest_1405_19_five.mp4;C:\Users\esthe\Downloads\destroy 14 _\Dest_1405_20_one.mp4;C:\Users\esthe\Downloads\destroy 14 _\Dest_1405_21_five.mp4;C:\Users\esthe\Downloads\destroy 14 _\Dest_1405_22_seven.mp4;C:\Users\esthe\Downloads\destroy 14 _\Dest_1405_23_two.mp4;C:\Users\esthe\Downloads\destroy 14 _\Dest_1405_24_three.mp4;C:\Users\esthe\Downloads\destroy 14 _\Dest_1405_3_three.mp4;C:\Users\esthe\Downloads\destroy 14 _\Dest_1405_4_seven.mp4;C:\Users\esthe\Downloads\destroy 14 _\Dest_1405_5_five.mp4;C:\Users\esthe\Downloads\destroy 14 _\Dest_1405_6_seven.mp4;C:\Users\esthe\Downloads\destroy 14 _\Dest_1405_7_two.mp4;C:\Users\esthe\Downloads\destroy 14 _\Dest_1405_8_five.mp4;C:\Users\esthe\Downloads\destroy 14 _\Dest_1405_9_two.mp4,0.0,5.733;7.332;7.532;9.967;5.533;11.765;7.566;7.666;5.399;10.698;14.798;9.032;17.966;5.367;13.428;4.134;10.598;14.335;5.466;17.264;6.999;7.933;4.666,30.000;30.000;30.000;30.000;30.000;30.000;30.000;30.000;30.000;30.000;30.000;30.000;30.000;30.000;30.000;30.000;30.000;30.000;30.000;30.000;30.000;30.000;30.000,Destroy,lifting,,,STOP,74.288,C:\Users\esthe\Downloads\destroy 14 _\Dest_1405_18_two.mp4,174,NA,
dest_1405,2025-06-26 15:24:30.572,,205.135,Media file(s),player #1:C:\Users\esthe\Downloads\destroy 14 _\commentary;C:\Users\esthe\Downloads\destroy 14 _\Dest_1405_10_three.mp4;C:\Users\esthe\Downloads\destroy 14 _\Dest_1405_11_one.mp4;C:\Users\esthe\Downloads\destroy 14 _\Dest_1405_12_two.mp4;C:\Users\esthe\Downloads\destroy 14 _\Dest_1405_13_five.mp4;C:\Users\esthe\Downloads\destroy 14 _\Dest_1405_14_onehalf.mp4;C:\Users\esthe\Downloads\destroy 14 _\Dest_1405_15_seven.mp4;C:\Users\esthe\Downloads\destroy 14 _\Dest_1405_16_three.mp4;C:\Users\esthe\Downloads\destroy 14 _\Dest_1405_17_three.mp4;C:\Users\esthe\Downloads\destroy 14 _\Dest_1405_18_two.mp4;C:\Users\esthe\Downloads\destroy 14 _\Dest_1405_19_five.mp4;C:\Users\esthe\Downloads\destroy 14 _\Dest_1405_20_one.mp4;C:\Users\esthe\Downloads\destroy 14 _\Dest_1405_21_five.mp4;C:\Users\esthe\Downloads\destroy 14 _\Dest_1405_22_seven.mp4;C:\Users\esthe\Downloads\destroy 14 _\Dest_1405_23_two.mp4;C:\Users\esthe\Downloads\destroy 14 _\Dest_1405_24_three.mp4;C:\Users\esthe\Downloads\destroy 14 _\Dest_1405_3_three.mp4;C:\Users\esthe\Downloads\destroy 14 _\Dest_1405_4_seven.mp4;C:\Users\esthe\Downloads\destroy 14 _\Dest_1405_5_five.mp4;C:\Users\esthe\Downloads\destroy 14 _\Dest_1405_6_seven.mp4;C:\Users\esthe\Downloads\destroy 14 _\Dest_1405_7_two.mp4;C:\Users\esthe\Downloads\destroy 14 _\Dest_1405_8_five.mp4;C:\Users\esthe\Downloads\destroy 14 _\Dest_1405_9_two.mp4,0.0,5.733;7.332;7.532;9.967;5.533;11.765;7.566;7.666;5.399;10.698;14.798;9.032;17.966;5.367;13.428;4.134;10.598;14.335;5.466;17.264;6.999;7.933;4.666,30.000;30.000;30.000;30.000;30.000;30.000;30.000;30.000;30.000;30.000;30.000;30.000;30.000;30.000;30.000;30.000;30.000;30.000;30.000;30.000;30.000;30.000;30.000,Destroy,assessing,,,START,74.488,C:\Users\esthe\Downloads\destroy 14 _\Dest_1405_18_two.mp4,180,NA,
dest_1405,2025-06-26 15:24:30.572,,205.135,Media file(s),player #1:C:\Users\esthe\Downloads\destroy 14 _\commentary;C:\Users\esthe\Downloads\destroy 14 _\Dest_1405_10_three.mp4;C:\Users\esthe\Downloads\destroy 14 _\Dest_1405_11_one.mp4;C:\Users\esthe\Downloads\destroy 14 _\Dest_1405_12_two.mp4;C:\Users\esthe\Downloads\destroy 14 _\Dest_1405_13_five.mp4;C:\Users\esthe\Downloads\destroy 14 _\Dest_1405_14_onehalf.mp4;C:\Users\esthe\Downloads\destroy 14 _\Dest_1405_15_seven.mp4;C:\Users\esthe\Downloads\destroy 14 _\Dest_1405_16_three.mp4;C:\Users\esthe\Downloads\destroy 14 _\Dest_1405_17_three.mp4;C:\Users\esthe\Downloads\destroy 14 _\Dest_1405_18_two.mp4;C:\Users\esthe\Downloads\destroy 14 _\Dest_1405_19_five.mp4;C:\Users\esthe\Downloads\destroy 14 _\Dest_1405_20_one.mp4;C:\Users\esthe\Downloads\destroy 14 _\Dest_1405_21_five.mp4;C:\Users\esthe\Downloads\destroy 14 _\Dest_1405_22_seven.mp4;C:\Users\esthe\Downloads\destroy 14 _\Dest_1405_23_two.mp4;C:\Users\esthe\Downloads\destroy 14 _\Dest_1405_24_three.mp4;C:\Users\esthe\Downloads\destroy 14 _\Dest_1405_3_three.mp4;C:\Users\esthe\Downloads\destroy 14 _\Dest_1405_4_seven.mp4;C:\Users\esthe\Downloads\destroy 14 _\Dest_1405_5_five.mp4;C:\Users\esthe\Downloads\destroy 14 _\Dest_1405_6_seven.mp4;C:\Users\esthe\Downloads\destroy 14 _\Dest_1405_7_two.mp4;C:\Users\esthe\Downloads\destroy 14 _\Dest_1405_8_five.mp4;C:\Users\esthe\Downloads\destroy 14 _\Dest_1405_9_two.mp4,0.0,5.733;7.332;7.532;9.967;5.533;11.765;7.566;7.666;5.399;10.698;14.798;9.032;17.966;5.367;13.428;4.134;10.598;14.335;5.466;17.264;6.999;7.933;4.666,30.000;30.000;30.000;30.000;30.000;30.000;30.000;30.000;30.000;30.000;30.000;30.000;30.000;30.000;30.000;30.000;30.000;30.000;30.000;30.000;30.000;30.000;30.000,Destroy,jaw movement,,,POINT,74.655,C:\Users\esthe\Downloads\destroy 14 _\Dest_1405_18_two.mp4,185,NA,
dest_1405,2025-06-26 15:24:30.572,,205.135,Media file(s),player #1:C:\Users\esthe\Downloads\destroy 14 _\commentary;C:\Users\esthe\Downloads\destroy 14 _\Dest_1405_10_three.mp4;C:\Users\esthe\Downloads\destroy 14 _\Dest_1405_11_one.mp4;C:\Users\esthe\Downloads\destroy 14 _\Dest_1405_12_two.mp4;C:\Users\esthe\Downloads\destroy 14 _\Dest_1405_13_five.mp4;C:\Users\esthe\Downloads\destroy 14 _\Dest_1405_14_onehalf.mp4;C:\Users\esthe\Downloads\destroy 14 _\Dest_1405_15_seven.mp4;C:\Users\esthe\Downloads\destroy 14 _\Dest_1405_16_three.mp4;C:\Users\esthe\Downloads\destroy 14 _\Dest_1405_17_three.mp4;C:\Users\esthe\Downloads\destroy 14 _\Dest_1405_18_two.mp4;C:\Users\esthe\Downloads\destroy 14 _\Dest_1405_19_five.mp4;C:\Users\esthe\Downloads\destroy 14 _\Dest_1405_20_one.mp4;C:\Users\esthe\Downloads\destroy 14 _\Dest_1405_21_five.mp4;C:\Users\esthe\Downloads\destroy 14 _\Dest_1405_22_seven.mp4;C:\Users\esthe\Downloads\destroy 14 _\Dest_1405_23_two.mp4;C:\Users\esthe\Downloads\destroy 14 _\Dest_1405_24_three.mp4;C:\Users\esthe\Downloads\destroy 14 _\Dest_1405_3_three.mp4;C:\Users\esthe\Downloads\destroy 14 _\Dest_1405_4_seven.mp4;C:\Users\esthe\Downloads\destroy 14 _\Dest_1405_5_five.mp4;C:\Users\esthe\Downloads\destroy 14 _\Dest_1405_6_seven.mp4;C:\Users\esthe\Downloads\destroy 14 _\Dest_1405_7_two.mp4;C:\Users\esthe\Downloads\destroy 14 _\Dest_1405_8_five.mp4;C:\Users\esthe\Downloads\destroy 14 _\Dest_1405_9_two.mp4,0.0,5.733;7.332;7.532;9.967;5.533;11.765;7.566;7.666;5.399;10.698;14.798;9.032;17.966;5.367;13.428;4.134;10.598;14.335;5.466;17.264;6.999;7.933;4.666,30.000;30.000;30.000;30.000;30.000;30.000;30.000;30.000;30.000;30.000;30.000;30.000;30.000;30.000;30.000;30.000;30.000;30.000;30.000;30.000;30.000;30.000;30.000,Destroy,jaw movement,,,POINT,74.855,C:\Users\esthe\Downloads\destroy 14 _\Dest_1405_18_two.mp4,191,NA,
dest_1405,2025-06-26 15:24:30.572,,205.135,Media file(s),player #1:C:\Users\esthe\Downloads\destroy 14 _\commentary;C:\Users\esthe\Downloads\destroy 14 _\Dest_1405_10_three.mp4;C:\Users\esthe\Downloads\destroy 14 _\Dest_1405_11_one.mp4;C:\Users\esthe\Downloads\destroy 14 _\Dest_1405_12_two.mp4;C:\Users\esthe\Downloads\destroy 14 _\Dest_1405_13_five.mp4;C:\Users\esthe\Downloads\destroy 14 _\Dest_1405_14_onehalf.mp4;C:\Users\esthe\Downloads\destroy 14 _\Dest_1405_15_seven.mp4;C:\Users\esthe\Downloads\destroy 14 _\Dest_1405_16_three.mp4;C:\Users\esthe\Downloads\destroy 14 _\Dest_1405_17_three.mp4;C:\Users\esthe\Downloads\destroy 14 _\Dest_1405_18_two.mp4;C:\Users\esthe\Downloads\destroy 14 _\Dest_1405_19_five.mp4;C:\Users\esthe\Downloads\destroy 14 _\Dest_1405_20_one.mp4;C:\Users\esthe\Downloads\destroy 14 _\Dest_1405_21_five.mp4;C:\Users\esthe\Downloads\destroy 14 _\Dest_1405_22_seven.mp4;C:\Users\esthe\Downloads\destroy 14 _\Dest_1405_23_two.mp4;C:\Users\esthe\Downloads\destroy 14 _\Dest_1405_24_three.mp4;C:\Users\esthe\Downloads\destroy 14 _\Dest_1405_3_three.mp4;C:\Users\esthe\Downloads\destroy 14 _\Dest_1405_4_seven.mp4;C:\Users\esthe\Downloads\destroy 14 _\Dest_1405_5_five.mp4;C:\Users\esthe\Downloads\destroy 14 _\Dest_1405_6_seven.mp4;C:\Users\esthe\Downloads\destroy 14 _\Dest_1405_7_two.mp4;C:\Users\esthe\Downloads\destroy 14 _\Dest_1405_8_five.mp4;C:\Users\esthe\Downloads\destroy 14 _\Dest_1405_9_two.mp4,0.0,5.733;7.332;7.532;9.967;5.533;11.765;7.566;7.666;5.399;10.698;14.798;9.032;17.966;5.367;13.428;4.134;10.598;14.335;5.466;17.264;6.999;7.933;4.666,30.000;30.000;30.000;30.000;30.000;30.000;30.000;30.000;30.000;30.000;30.000;30.000;30.000;30.000;30.000;30.000;30.000;30.000;30.000;30.000;30.000;30.000;30.000,Destroy,translational movement,,,POINT,74.855,C:\Users\esthe\Downloads\destroy 14 _\Dest_1405_18_two.mp4,191,NA,
dest_1405,2025-06-26 15:24:30.572,,205.135,Media file(s),player #1:C:\Users\esthe\Downloads\destroy 14 _\commentary;C:\Users\esthe\Downloads\destroy 14 _\Dest_1405_10_three.mp4;C:\Users\esthe\Downloads\destroy 14 _\Dest_1405_11_one.mp4;C:\Users\esthe\Downloads\destroy 14 _\Dest_1405_12_two.mp4;C:\Users\esthe\Downloads\destroy 14 _\Dest_1405_13_five.mp4;C:\Users\esthe\Downloads\destroy 14 _\Dest_1405_14_onehalf.mp4;C:\Users\esthe\Downloads\destroy 14 _\Dest_1405_15_seven.mp4;C:\Users\esthe\Downloads\destroy 14 _\Dest_1405_16_three.mp4;C:\Users\esthe\Downloads\destroy 14 _\Dest_1405_17_three.mp4;C:\Users\esthe\Downloads\destroy 14 _\Dest_1405_18_two.mp4;C:\Users\esthe\Downloads\destroy 14 _\Dest_1405_19_five.mp4;C:\Users\esthe\Downloads\destroy 14 _\Dest_1405_20_one.mp4;C:\Users\esthe\Downloads\destroy 14 _\Dest_1405_21_five.mp4;C:\Users\esthe\Downloads\destroy 14 _\Dest_1405_22_seven.mp4;C:\Users\esthe\Downloads\destroy 14 _\Dest_1405_23_two.mp4;C:\Users\esthe\Downloads\destroy 14 _\Dest_1405_24_three.mp4;C:\Users\esthe\Downloads\destroy 14 _\Dest_1405_3_three.mp4;C:\Users\esthe\Downloads\destroy 14 _\Dest_1405_4_seven.mp4;C:\Users\esthe\Downloads\destroy 14 _\Dest_1405_5_five.mp4;C:\Users\esthe\Downloads\destroy 14 _\Dest_1405_6_seven.mp4;C:\Users\esthe\Downloads\destroy 14 _\Dest_1405_7_two.mp4;C:\Users\esthe\Downloads\destroy 14 _\Dest_1405_8_five.mp4;C:\Users\esthe\Downloads\destroy 14 _\Dest_1405_9_two.mp4,0.0,5.733;7.332;7.532;9.967;5.533;11.765;7.566;7.666;5.399;10.698;14.798;9.032;17.966;5.367;13.428;4.134;10.598;14.335;5.466;17.264;6.999;7.933;4.666,30.000;30.000;30.000;30.000;30.000;30.000;30.000;30.000;30.000;30.000;30.000;30.000;30.000;30.000;30.000;30.000;30.000;30.000;30.000;30.000;30.000;30.000;30.000,Destroy,teeth-hole contact,,,POINT,75.255,C:\Users\esthe\Downloads\destroy 14 _\Dest_1405_18_two.mp4,203,NA,
dest_1405,2025-06-26 15:24:30.572,,205.135,Media file(s),player #1:C:\Users\esthe\Downloads\destroy 14 _\commentary;C:\Users\esthe\Downloads\destroy 14 _\Dest_1405_10_three.mp4;C:\Users\esthe\Downloads\destroy 14 _\Dest_1405_11_one.mp4;C:\Users\esthe\Downloads\destroy 14 _\Dest_1405_12_two.mp4;C:\Users\esthe\Downloads\destroy 14 _\Dest_1405_13_five.mp4;C:\Users\esthe\Downloads\destroy 14 _\Dest_1405_14_onehalf.mp4;C:\Users\esthe\Downloads\destroy 14 _\Dest_1405_15_seven.mp4;C:\Users\esthe\Downloads\destroy 14 _\Dest_1405_16_three.mp4;C:\Users\esthe\Downloads\destroy 14 _\Dest_1405_17_three.mp4;C:\Users\esthe\Downloads\destroy 14 _\Dest_1405_18_two.mp4;C:\Users\esthe\Downloads\destroy 14 _\Dest_1405_19_five.mp4;C:\Users\esthe\Downloads\destroy 14 _\Dest_1405_20_one.mp4;C:\Users\esthe\Downloads\destroy 14 _\Dest_1405_21_five.mp4;C:\Users\esthe\Downloads\destroy 14 _\Dest_1405_22_seven.mp4;C:\Users\esthe\Downloads\destroy 14 _\Dest_1405_23_two.mp4;C:\Users\esthe\Downloads\destroy 14 _\Dest_1405_24_three.mp4;C:\Users\esthe\Downloads\destroy 14 _\Dest_1405_3_three.mp4;C:\Users\esthe\Downloads\destroy 14 _\Dest_1405_4_seven.mp4;C:\Users\esthe\Downloads\destroy 14 _\Dest_1405_5_five.mp4;C:\Users\esthe\Downloads\destroy 14 _\Dest_1405_6_seven.mp4;C:\Users\esthe\Downloads\destroy 14 _\Dest_1405_7_two.mp4;C:\Users\esthe\Downloads\destroy 14 _\Dest_1405_8_five.mp4;C:\Users\esthe\Downloads\destroy 14 _\Dest_1405_9_two.mp4,0.0,5.733;7.332;7.532;9.967;5.533;11.765;7.566;7.666;5.399;10.698;14.798;9.032;17.966;5.367;13.428;4.134;10.598;14.335;5.466;17.264;6.999;7.933;4.666,30.000;30.000;30.000;30.000;30.000;30.000;30.000;30.000;30.000;30.000;30.000;30.000;30.000;30.000;30.000;30.000;30.000;30.000;30.000;30.000;30.000;30.000;30.000,Destroy,translational movement,,,POINT,75.255,C:\Users\esthe\Downloads\destroy 14 _\Dest_1405_18_two.mp4,203,NA,
dest_1405,2025-06-26 15:24:30.572,,205.135,Media file(s),player #1:C:\Users\esthe\Downloads\destroy 14 _\commentary;C:\Users\esthe\Downloads\destroy 14 _\Dest_1405_10_three.mp4;C:\Users\esthe\Downloads\destroy 14 _\Dest_1405_11_one.mp4;C:\Users\esthe\Downloads\destroy 14 _\Dest_1405_12_two.mp4;C:\Users\esthe\Downloads\destroy 14 _\Dest_1405_13_five.mp4;C:\Users\esthe\Downloads\destroy 14 _\Dest_1405_14_onehalf.mp4;C:\Users\esthe\Downloads\destroy 14 _\Dest_1405_15_seven.mp4;C:\Users\esthe\Downloads\destroy 14 _\Dest_1405_16_three.mp4;C:\Users\esthe\Downloads\destroy 14 _\Dest_1405_17_three.mp4;C:\Users\esthe\Downloads\destroy 14 _\Dest_1405_18_two.mp4;C:\Users\esthe\Downloads\destroy 14 _\Dest_1405_19_five.mp4;C:\Users\esthe\Downloads\destroy 14 _\Dest_1405_20_one.mp4;C:\Users\esthe\Downloads\destroy 14 _\Dest_1405_21_five.mp4;C:\Users\esthe\Downloads\destroy 14 _\Dest_1405_22_seven.mp4;C:\Users\esthe\Downloads\destroy 14 _\Dest_1405_23_two.mp4;C:\Users\esthe\Downloads\destroy 14 _\Dest_1405_24_three.mp4;C:\Users\esthe\Downloads\destroy 14 _\Dest_1405_3_three.mp4;C:\Users\esthe\Downloads\destroy 14 _\Dest_1405_4_seven.mp4;C:\Users\esthe\Downloads\destroy 14 _\Dest_1405_5_five.mp4;C:\Users\esthe\Downloads\destroy 14 _\Dest_1405_6_seven.mp4;C:\Users\esthe\Downloads\destroy 14 _\Dest_1405_7_two.mp4;C:\Users\esthe\Downloads\destroy 14 _\Dest_1405_8_five.mp4;C:\Users\esthe\Downloads\destroy 14 _\Dest_1405_9_two.mp4,0.0,5.733;7.332;7.532;9.967;5.533;11.765;7.566;7.666;5.399;10.698;14.798;9.032;17.966;5.367;13.428;4.134;10.598;14.335;5.466;17.264;6.999;7.933;4.666,30.000;30.000;30.000;30.000;30.000;30.000;30.000;30.000;30.000;30.000;30.000;30.000;30.000;30.000;30.000;30.000;30.000;30.000;30.000;30.000;30.000;30.000;30.000,Destroy,teeth-hole contact,,,POINT,75.588,C:\Users\esthe\Downloads\destroy 14 _\Dest_1405_18_two.mp4,213,NA,
dest_1405,2025-06-26 15:24:30.572,,205.135,Media file(s),player #1:C:\Users\esthe\Downloads\destroy 14 _\commentary;C:\Users\esthe\Downloads\destroy 14 _\Dest_1405_10_three.mp4;C:\Users\esthe\Downloads\destroy 14 _\Dest_1405_11_one.mp4;C:\Users\esthe\Downloads\destroy 14 _\Dest_1405_12_two.mp4;C:\Users\esthe\Downloads\destroy 14 _\Dest_1405_13_five.mp4;C:\Users\esthe\Downloads\destroy 14 _\Dest_1405_14_onehalf.mp4;C:\Users\esthe\Downloads\destroy 14 _\Dest_1405_15_seven.mp4;C:\Users\esthe\Downloads\destroy 14 _\Dest_1405_16_three.mp4;C:\Users\esthe\Downloads\destroy 14 _\Dest_1405_17_three.mp4;C:\Users\esthe\Downloads\destroy 14 _\Dest_1405_18_two.mp4;C:\Users\esthe\Downloads\destroy 14 _\Dest_1405_19_five.mp4;C:\Users\esthe\Downloads\destroy 14 _\Dest_1405_20_one.mp4;C:\Users\esthe\Downloads\destroy 14 _\Dest_1405_21_five.mp4;C:\Users\esthe\Downloads\destroy 14 _\Dest_1405_22_seven.mp4;C:\Users\esthe\Downloads\destroy 14 _\Dest_1405_23_two.mp4;C:\Users\esthe\Downloads\destroy 14 _\Dest_1405_24_three.mp4;C:\Users\esthe\Downloads\destroy 14 _\Dest_1405_3_three.mp4;C:\Users\esthe\Downloads\destroy 14 _\Dest_1405_4_seven.mp4;C:\Users\esthe\Downloads\destroy 14 _\Dest_1405_5_five.mp4;C:\Users\esthe\Downloads\destroy 14 _\Dest_1405_6_seven.mp4;C:\Users\esthe\Downloads\destroy 14 _\Dest_1405_7_two.mp4;C:\Users\esthe\Downloads\destroy 14 _\Dest_1405_8_five.mp4;C:\Users\esthe\Downloads\destroy 14 _\Dest_1405_9_two.mp4,0.0,5.733;7.332;7.532;9.967;5.533;11.765;7.566;7.666;5.399;10.698;14.798;9.032;17.966;5.367;13.428;4.134;10.598;14.335;5.466;17.264;6.999;7.933;4.666,30.000;30.000;30.000;30.000;30.000;30.000;30.000;30.000;30.000;30.000;30.000;30.000;30.000;30.000;30.000;30.000;30.000;30.000;30.000;30.000;30.000;30.000;30.000,Destroy,assessing,,,STOP,75.655,C:\Users\esthe\Downloads\destroy 14 _\Dest_1405_18_two.mp4,215,NA,
dest_1405,2025-06-26 15:24:30.572,,205.135,Media file(s),player #1:C:\Users\esthe\Downloads\destroy 14 _\commentary;C:\Users\esthe\Downloads\destroy 14 _\Dest_1405_10_three.mp4;C:\Users\esthe\Downloads\destroy 14 _\Dest_1405_11_one.mp4;C:\Users\esthe\Downloads\destroy 14 _\Dest_1405_12_two.mp4;C:\Users\esthe\Downloads\destroy 14 _\Dest_1405_13_five.mp4;C:\Users\esthe\Downloads\destroy 14 _\Dest_1405_14_onehalf.mp4;C:\Users\esthe\Downloads\destroy 14 _\Dest_1405_15_seven.mp4;C:\Users\esthe\Downloads\destroy 14 _\Dest_1405_16_three.mp4;C:\Users\esthe\Downloads\destroy 14 _\Dest_1405_17_three.mp4;C:\Users\esthe\Downloads\destroy 14 _\Dest_1405_18_two.mp4;C:\Users\esthe\Downloads\destroy 14 _\Dest_1405_19_five.mp4;C:\Users\esthe\Downloads\destroy 14 _\Dest_1405_20_one.mp4;C:\Users\esthe\Downloads\destroy 14 _\Dest_1405_21_five.mp4;C:\Users\esthe\Downloads\destroy 14 _\Dest_1405_22_seven.mp4;C:\Users\esthe\Downloads\destroy 14 _\Dest_1405_23_two.mp4;C:\Users\esthe\Downloads\destroy 14 _\Dest_1405_24_three.mp4;C:\Users\esthe\Downloads\destroy 14 _\Dest_1405_3_three.mp4;C:\Users\esthe\Downloads\destroy 14 _\Dest_1405_4_seven.mp4;C:\Users\esthe\Downloads\destroy 14 _\Dest_1405_5_five.mp4;C:\Users\esthe\Downloads\destroy 14 _\Dest_1405_6_seven.mp4;C:\Users\esthe\Downloads\destroy 14 _\Dest_1405_7_two.mp4;C:\Users\esthe\Downloads\destroy 14 _\Dest_1405_8_five.mp4;C:\Users\esthe\Downloads\destroy 14 _\Dest_1405_9_two.mp4,0.0,5.733;7.332;7.532;9.967;5.533;11.765;7.566;7.666;5.399;10.698;14.798;9.032;17.966;5.367;13.428;4.134;10.598;14.335;5.466;17.264;6.999;7.933;4.666,30.000;30.000;30.000;30.000;30.000;30.000;30.000;30.000;30.000;30.000;30.000;30.000;30.000;30.000;30.000;30.000;30.000;30.000;30.000;30.000;30.000;30.000;30.000,Destroy,jaw movement,,,POINT,75.721,C:\Users\esthe\Downloads\destroy 14 _\Dest_1405_18_two.mp4,217,NA,
dest_1405,2025-06-26 15:24:30.572,,205.135,Media file(s),player #1:C:\Users\esthe\Downloads\destroy 14 _\commentary;C:\Users\esthe\Downloads\destroy 14 _\Dest_1405_10_three.mp4;C:\Users\esthe\Downloads\destroy 14 _\Dest_1405_11_one.mp4;C:\Users\esthe\Downloads\destroy 14 _\Dest_1405_12_two.mp4;C:\Users\esthe\Downloads\destroy 14 _\Dest_1405_13_five.mp4;C:\Users\esthe\Downloads\destroy 14 _\Dest_1405_14_onehalf.mp4;C:\Users\esthe\Downloads\destroy 14 _\Dest_1405_15_seven.mp4;C:\Users\esthe\Downloads\destroy 14 _\Dest_1405_16_three.mp4;C:\Users\esthe\Downloads\destroy 14 _\Dest_1405_17_three.mp4;C:\Users\esthe\Downloads\destroy 14 _\Dest_1405_18_two.mp4;C:\Users\esthe\Downloads\destroy 14 _\Dest_1405_19_five.mp4;C:\Users\esthe\Downloads\destroy 14 _\Dest_1405_20_one.mp4;C:\Users\esthe\Downloads\destroy 14 _\Dest_1405_21_five.mp4;C:\Users\esthe\Downloads\destroy 14 _\Dest_1405_22_seven.mp4;C:\Users\esthe\Downloads\destroy 14 _\Dest_1405_23_two.mp4;C:\Users\esthe\Downloads\destroy 14 _\Dest_1405_24_three.mp4;C:\Users\esthe\Downloads\destroy 14 _\Dest_1405_3_three.mp4;C:\Users\esthe\Downloads\destroy 14 _\Dest_1405_4_seven.mp4;C:\Users\esthe\Downloads\destroy 14 _\Dest_1405_5_five.mp4;C:\Users\esthe\Downloads\destroy 14 _\Dest_1405_6_seven.mp4;C:\Users\esthe\Downloads\destroy 14 _\Dest_1405_7_two.mp4;C:\Users\esthe\Downloads\destroy 14 _\Dest_1405_8_five.mp4;C:\Users\esthe\Downloads\destroy 14 _\Dest_1405_9_two.mp4,0.0,5.733;7.332;7.532;9.967;5.533;11.765;7.566;7.666;5.399;10.698;14.798;9.032;17.966;5.367;13.428;4.134;10.598;14.335;5.466;17.264;6.999;7.933;4.666,30.000;30.000;30.000;30.000;30.000;30.000;30.000;30.000;30.000;30.000;30.000;30.000;30.000;30.000;30.000;30.000;30.000;30.000;30.000;30.000;30.000;30.000;30.000,Destroy,peeling,,,START,75.721,C:\Users\esthe\Downloads\destroy 14 _\Dest_1405_18_two.mp4,217,NA,
dest_1405,2025-06-26 15:24:30.572,,205.135,Media file(s),player #1:C:\Users\esthe\Downloads\destroy 14 _\commentary;C:\Users\esthe\Downloads\destroy 14 _\Dest_1405_10_three.mp4;C:\Users\esthe\Downloads\destroy 14 _\Dest_1405_11_one.mp4;C:\Users\esthe\Downloads\destroy 14 _\Dest_1405_12_two.mp4;C:\Users\esthe\Downloads\destroy 14 _\Dest_1405_13_five.mp4;C:\Users\esthe\Downloads\destroy 14 _\Dest_1405_14_onehalf.mp4;C:\Users\esthe\Downloads\destroy 14 _\Dest_1405_15_seven.mp4;C:\Users\esthe\Downloads\destroy 14 _\Dest_1405_16_three.mp4;C:\Users\esthe\Downloads\destroy 14 _\Dest_1405_17_three.mp4;C:\Users\esthe\Downloads\destroy 14 _\Dest_1405_18_two.mp4;C:\Users\esthe\Downloads\destroy 14 _\Dest_1405_19_five.mp4;C:\Users\esthe\Downloads\destroy 14 _\Dest_1405_20_one.mp4;C:\Users\esthe\Downloads\destroy 14 _\Dest_1405_21_five.mp4;C:\Users\esthe\Downloads\destroy 14 _\Dest_1405_22_seven.mp4;C:\Users\esthe\Downloads\destroy 14 _\Dest_1405_23_two.mp4;C:\Users\esthe\Downloads\destroy 14 _\Dest_1405_24_three.mp4;C:\Users\esthe\Downloads\destroy 14 _\Dest_1405_3_three.mp4;C:\Users\esthe\Downloads\destroy 14 _\Dest_1405_4_seven.mp4;C:\Users\esthe\Downloads\destroy 14 _\Dest_1405_5_five.mp4;C:\Users\esthe\Downloads\destroy 14 _\Dest_1405_6_seven.mp4;C:\Users\esthe\Downloads\destroy 14 _\Dest_1405_7_two.mp4;C:\Users\esthe\Downloads\destroy 14 _\Dest_1405_8_five.mp4;C:\Users\esthe\Downloads\destroy 14 _\Dest_1405_9_two.mp4,0.0,5.733;7.332;7.532;9.967;5.533;11.765;7.566;7.666;5.399;10.698;14.798;9.032;17.966;5.367;13.428;4.134;10.598;14.335;5.466;17.264;6.999;7.933;4.666,30.000;30.000;30.000;30.000;30.000;30.000;30.000;30.000;30.000;30.000;30.000;30.000;30.000;30.000;30.000;30.000;30.000;30.000;30.000;30.000;30.000;30.000;30.000,Destroy,jaw movement,,,POINT,76.055,C:\Users\esthe\Downloads\destroy 14 _\Dest_1405_18_two.mp4,227,NA,
dest_1405,2025-06-26 15:24:30.572,,205.135,Media file(s),player #1:C:\Users\esthe\Downloads\destroy 14 _\commentary;C:\Users\esthe\Downloads\destroy 14 _\Dest_1405_10_three.mp4;C:\Users\esthe\Downloads\destroy 14 _\Dest_1405_11_one.mp4;C:\Users\esthe\Downloads\destroy 14 _\Dest_1405_12_two.mp4;C:\Users\esthe\Downloads\destroy 14 _\Dest_1405_13_five.mp4;C:\Users\esthe\Downloads\destroy 14 _\Dest_1405_14_onehalf.mp4;C:\Users\esthe\Downloads\destroy 14 _\Dest_1405_15_seven.mp4;C:\Users\esthe\Downloads\destroy 14 _\Dest_1405_16_three.mp4;C:\Users\esthe\Downloads\destroy 14 _\Dest_1405_17_three.mp4;C:\Users\esthe\Downloads\destroy 14 _\Dest_1405_18_two.mp4;C:\Users\esthe\Downloads\destroy 14 _\Dest_1405_19_five.mp4;C:\Users\esthe\Downloads\destroy 14 _\Dest_1405_20_one.mp4;C:\Users\esthe\Downloads\destroy 14 _\Dest_1405_21_five.mp4;C:\Users\esthe\Downloads\destroy 14 _\Dest_1405_22_seven.mp4;C:\Users\esthe\Downloads\destroy 14 _\Dest_1405_23_two.mp4;C:\Users\esthe\Downloads\destroy 14 _\Dest_1405_24_three.mp4;C:\Users\esthe\Downloads\destroy 14 _\Dest_1405_3_three.mp4;C:\Users\esthe\Downloads\destroy 14 _\Dest_1405_4_seven.mp4;C:\Users\esthe\Downloads\destroy 14 _\Dest_1405_5_five.mp4;C:\Users\esthe\Downloads\destroy 14 _\Dest_1405_6_seven.mp4;C:\Users\esthe\Downloads\destroy 14 _\Dest_1405_7_two.mp4;C:\Users\esthe\Downloads\destroy 14 _\Dest_1405_8_five.mp4;C:\Users\esthe\Downloads\destroy 14 _\Dest_1405_9_two.mp4,0.0,5.733;7.332;7.532;9.967;5.533;11.765;7.566;7.666;5.399;10.698;14.798;9.032;17.966;5.367;13.428;4.134;10.598;14.335;5.466;17.264;6.999;7.933;4.666,30.000;30.000;30.000;30.000;30.000;30.000;30.000;30.000;30.000;30.000;30.000;30.000;30.000;30.000;30.000;30.000;30.000;30.000;30.000;30.000;30.000;30.000;30.000,Destroy,jaw movement,,,POINT,76.321,C:\Users\esthe\Downloads\destroy 14 _\Dest_1405_18_two.mp4,235,NA,
dest_1405,2025-06-26 15:24:30.572,,205.135,Media file(s),player #1:C:\Users\esthe\Downloads\destroy 14 _\commentary;C:\Users\esthe\Downloads\destroy 14 _\Dest_1405_10_three.mp4;C:\Users\esthe\Downloads\destroy 14 _\Dest_1405_11_one.mp4;C:\Users\esthe\Downloads\destroy 14 _\Dest_1405_12_two.mp4;C:\Users\esthe\Downloads\destroy 14 _\Dest_1405_13_five.mp4;C:\Users\esthe\Downloads\destroy 14 _\Dest_1405_14_onehalf.mp4;C:\Users\esthe\Downloads\destroy 14 _\Dest_1405_15_seven.mp4;C:\Users\esthe\Downloads\destroy 14 _\Dest_1405_16_three.mp4;C:\Users\esthe\Downloads\destroy 14 _\Dest_1405_17_three.mp4;C:\Users\esthe\Downloads\destroy 14 _\Dest_1405_18_two.mp4;C:\Users\esthe\Downloads\destroy 14 _\Dest_1405_19_five.mp4;C:\Users\esthe\Downloads\destroy 14 _\Dest_1405_20_one.mp4;C:\Users\esthe\Downloads\destroy 14 _\Dest_1405_21_five.mp4;C:\Users\esthe\Downloads\destroy 14 _\Dest_1405_22_seven.mp4;C:\Users\esthe\Downloads\destroy 14 _\Dest_1405_23_two.mp4;C:\Users\esthe\Downloads\destroy 14 _\Dest_1405_24_three.mp4;C:\Users\esthe\Downloads\destroy 14 _\Dest_1405_3_three.mp4;C:\Users\esthe\Downloads\destroy 14 _\Dest_1405_4_seven.mp4;C:\Users\esthe\Downloads\destroy 14 _\Dest_1405_5_five.mp4;C:\Users\esthe\Downloads\destroy 14 _\Dest_1405_6_seven.mp4;C:\Users\esthe\Downloads\destroy 14 _\Dest_1405_7_two.mp4;C:\Users\esthe\Downloads\destroy 14 _\Dest_1405_8_five.mp4;C:\Users\esthe\Downloads\destroy 14 _\Dest_1405_9_two.mp4,0.0,5.733;7.332;7.532;9.967;5.533;11.765;7.566;7.666;5.399;10.698;14.798;9.032;17.966;5.367;13.428;4.134;10.598;14.335;5.466;17.264;6.999;7.933;4.666,30.000;30.000;30.000;30.000;30.000;30.000;30.000;30.000;30.000;30.000;30.000;30.000;30.000;30.000;30.000;30.000;30.000;30.000;30.000;30.000;30.000;30.000;30.000,Destroy,jaw movement,,,POINT,76.721,C:\Users\esthe\Downloads\destroy 14 _\Dest_1405_18_two.mp4,247,NA,
dest_1405,2025-06-26 15:24:30.572,,205.135,Media file(s),player #1:C:\Users\esthe\Downloads\destroy 14 _\commentary;C:\Users\esthe\Downloads\destroy 14 _\Dest_1405_10_three.mp4;C:\Users\esthe\Downloads\destroy 14 _\Dest_1405_11_one.mp4;C:\Users\esthe\Downloads\destroy 14 _\Dest_1405_12_two.mp4;C:\Users\esthe\Downloads\destroy 14 _\Dest_1405_13_five.mp4;C:\Users\esthe\Downloads\destroy 14 _\Dest_1405_14_onehalf.mp4;C:\Users\esthe\Downloads\destroy 14 _\Dest_1405_15_seven.mp4;C:\Users\esthe\Downloads\destroy 14 _\Dest_1405_16_three.mp4;C:\Users\esthe\Downloads\destroy 14 _\Dest_1405_17_three.mp4;C:\Users\esthe\Downloads\destroy 14 _\Dest_1405_18_two.mp4;C:\Users\esthe\Downloads\destroy 14 _\Dest_1405_19_five.mp4;C:\Users\esthe\Downloads\destroy 14 _\Dest_1405_20_one.mp4;C:\Users\esthe\Downloads\destroy 14 _\Dest_1405_21_five.mp4;C:\Users\esthe\Downloads\destroy 14 _\Dest_1405_22_seven.mp4;C:\Users\esthe\Downloads\destroy 14 _\Dest_1405_23_two.mp4;C:\Users\esthe\Downloads\destroy 14 _\Dest_1405_24_three.mp4;C:\Users\esthe\Downloads\destroy 14 _\Dest_1405_3_three.mp4;C:\Users\esthe\Downloads\destroy 14 _\Dest_1405_4_seven.mp4;C:\Users\esthe\Downloads\destroy 14 _\Dest_1405_5_five.mp4;C:\Users\esthe\Downloads\destroy 14 _\Dest_1405_6_seven.mp4;C:\Users\esthe\Downloads\destroy 14 _\Dest_1405_7_two.mp4;C:\Users\esthe\Downloads\destroy 14 _\Dest_1405_8_five.mp4;C:\Users\esthe\Downloads\destroy 14 _\Dest_1405_9_two.mp4,0.0,5.733;7.332;7.532;9.967;5.533;11.765;7.566;7.666;5.399;10.698;14.798;9.032;17.966;5.367;13.428;4.134;10.598;14.335;5.466;17.264;6.999;7.933;4.666,30.000;30.000;30.000;30.000;30.000;30.000;30.000;30.000;30.000;30.000;30.000;30.000;30.000;30.000;30.000;30.000;30.000;30.000;30.000;30.000;30.000;30.000;30.000,Destroy,jaw movement,,,POINT,76.955,C:\Users\esthe\Downloads\destroy 14 _\Dest_1405_18_two.mp4,254,NA,
dest_1405,2025-06-26 15:24:30.572,,205.135,Media file(s),player #1:C:\Users\esthe\Downloads\destroy 14 _\commentary;C:\Users\esthe\Downloads\destroy 14 _\Dest_1405_10_three.mp4;C:\Users\esthe\Downloads\destroy 14 _\Dest_1405_11_one.mp4;C:\Users\esthe\Downloads\destroy 14 _\Dest_1405_12_two.mp4;C:\Users\esthe\Downloads\destroy 14 _\Dest_1405_13_five.mp4;C:\Users\esthe\Downloads\destroy 14 _\Dest_1405_14_onehalf.mp4;C:\Users\esthe\Downloads\destroy 14 _\Dest_1405_15_seven.mp4;C:\Users\esthe\Downloads\destroy 14 _\Dest_1405_16_three.mp4;C:\Users\esthe\Downloads\destroy 14 _\Dest_1405_17_three.mp4;C:\Users\esthe\Downloads\destroy 14 _\Dest_1405_18_two.mp4;C:\Users\esthe\Downloads\destroy 14 _\Dest_1405_19_five.mp4;C:\Users\esthe\Downloads\destroy 14 _\Dest_1405_20_one.mp4;C:\Users\esthe\Downloads\destroy 14 _\Dest_1405_21_five.mp4;C:\Users\esthe\Downloads\destroy 14 _\Dest_1405_22_seven.mp4;C:\Users\esthe\Downloads\destroy 14 _\Dest_1405_23_two.mp4;C:\Users\esthe\Downloads\destroy 14 _\Dest_1405_24_three.mp4;C:\Users\esthe\Downloads\destroy 14 _\Dest_1405_3_three.mp4;C:\Users\esthe\Downloads\destroy 14 _\Dest_1405_4_seven.mp4;C:\Users\esthe\Downloads\destroy 14 _\Dest_1405_5_five.mp4;C:\Users\esthe\Downloads\destroy 14 _\Dest_1405_6_seven.mp4;C:\Users\esthe\Downloads\destroy 14 _\Dest_1405_7_two.mp4;C:\Users\esthe\Downloads\destroy 14 _\Dest_1405_8_five.mp4;C:\Users\esthe\Downloads\destroy 14 _\Dest_1405_9_two.mp4,0.0,5.733;7.332;7.532;9.967;5.533;11.765;7.566;7.666;5.399;10.698;14.798;9.032;17.966;5.367;13.428;4.134;10.598;14.335;5.466;17.264;6.999;7.933;4.666,30.000;30.000;30.000;30.000;30.000;30.000;30.000;30.000;30.000;30.000;30.000;30.000;30.000;30.000;30.000;30.000;30.000;30.000;30.000;30.000;30.000;30.000;30.000,Destroy,jaw movement,,,POINT,77.155,C:\Users\esthe\Downloads\destroy 14 _\Dest_1405_18_two.mp4,260,NA,
dest_1405,2025-06-26 15:24:30.572,,205.135,Media file(s),player #1:C:\Users\esthe\Downloads\destroy 14 _\commentary;C:\Users\esthe\Downloads\destroy 14 _\Dest_1405_10_three.mp4;C:\Users\esthe\Downloads\destroy 14 _\Dest_1405_11_one.mp4;C:\Users\esthe\Downloads\destroy 14 _\Dest_1405_12_two.mp4;C:\Users\esthe\Downloads\destroy 14 _\Dest_1405_13_five.mp4;C:\Users\esthe\Downloads\destroy 14 _\Dest_1405_14_onehalf.mp4;C:\Users\esthe\Downloads\destroy 14 _\Dest_1405_15_seven.mp4;C:\Users\esthe\Downloads\destroy 14 _\Dest_1405_16_three.mp4;C:\Users\esthe\Downloads\destroy 14 _\Dest_1405_17_three.mp4;C:\Users\esthe\Downloads\destroy 14 _\Dest_1405_18_two.mp4;C:\Users\esthe\Downloads\destroy 14 _\Dest_1405_19_five.mp4;C:\Users\esthe\Downloads\destroy 14 _\Dest_1405_20_one.mp4;C:\Users\esthe\Downloads\destroy 14 _\Dest_1405_21_five.mp4;C:\Users\esthe\Downloads\destroy 14 _\Dest_1405_22_seven.mp4;C:\Users\esthe\Downloads\destroy 14 _\Dest_1405_23_two.mp4;C:\Users\esthe\Downloads\destroy 14 _\Dest_1405_24_three.mp4;C:\Users\esthe\Downloads\destroy 14 _\Dest_1405_3_three.mp4;C:\Users\esthe\Downloads\destroy 14 _\Dest_1405_4_seven.mp4;C:\Users\esthe\Downloads\destroy 14 _\Dest_1405_5_five.mp4;C:\Users\esthe\Downloads\destroy 14 _\Dest_1405_6_seven.mp4;C:\Users\esthe\Downloads\destroy 14 _\Dest_1405_7_two.mp4;C:\Users\esthe\Downloads\destroy 14 _\Dest_1405_8_five.mp4;C:\Users\esthe\Downloads\destroy 14 _\Dest_1405_9_two.mp4,0.0,5.733;7.332;7.532;9.967;5.533;11.765;7.566;7.666;5.399;10.698;14.798;9.032;17.966;5.367;13.428;4.134;10.598;14.335;5.466;17.264;6.999;7.933;4.666,30.000;30.000;30.000;30.000;30.000;30.000;30.000;30.000;30.000;30.000;30.000;30.000;30.000;30.000;30.000;30.000;30.000;30.000;30.000;30.000;30.000;30.000;30.000,Destroy,jaw movement,,,POINT,77.421,C:\Users\esthe\Downloads\destroy 14 _\Dest_1405_18_two.mp4,269,NA,
dest_1405,2025-06-26 15:24:30.572,,205.135,Media file(s),player #1:C:\Users\esthe\Downloads\destroy 14 _\commentary;C:\Users\esthe\Downloads\destroy 14 _\Dest_1405_10_three.mp4;C:\Users\esthe\Downloads\destroy 14 _\Dest_1405_11_one.mp4;C:\Users\esthe\Downloads\destroy 14 _\Dest_1405_12_two.mp4;C:\Users\esthe\Downloads\destroy 14 _\Dest_1405_13_five.mp4;C:\Users\esthe\Downloads\destroy 14 _\Dest_1405_14_onehalf.mp4;C:\Users\esthe\Downloads\destroy 14 _\Dest_1405_15_seven.mp4;C:\Users\esthe\Downloads\destroy 14 _\Dest_1405_16_three.mp4;C:\Users\esthe\Downloads\destroy 14 _\Dest_1405_17_three.mp4;C:\Users\esthe\Downloads\destroy 14 _\Dest_1405_18_two.mp4;C:\Users\esthe\Downloads\destroy 14 _\Dest_1405_19_five.mp4;C:\Users\esthe\Downloads\destroy 14 _\Dest_1405_20_one.mp4;C:\Users\esthe\Downloads\destroy 14 _\Dest_1405_21_five.mp4;C:\Users\esthe\Downloads\destroy 14 _\Dest_1405_22_seven.mp4;C:\Users\esthe\Downloads\destroy 14 _\Dest_1405_23_two.mp4;C:\Users\esthe\Downloads\destroy 14 _\Dest_1405_24_three.mp4;C:\Users\esthe\Downloads\destroy 14 _\Dest_1405_3_three.mp4;C:\Users\esthe\Downloads\destroy 14 _\Dest_1405_4_seven.mp4;C:\Users\esthe\Downloads\destroy 14 _\Dest_1405_5_five.mp4;C:\Users\esthe\Downloads\destroy 14 _\Dest_1405_6_seven.mp4;C:\Users\esthe\Downloads\destroy 14 _\Dest_1405_7_two.mp4;C:\Users\esthe\Downloads\destroy 14 _\Dest_1405_8_five.mp4;C:\Users\esthe\Downloads\destroy 14 _\Dest_1405_9_two.mp4,0.0,5.733;7.332;7.532;9.967;5.533;11.765;7.566;7.666;5.399;10.698;14.798;9.032;17.966;5.367;13.428;4.134;10.598;14.335;5.466;17.264;6.999;7.933;4.666,30.000;30.000;30.000;30.000;30.000;30.000;30.000;30.000;30.000;30.000;30.000;30.000;30.000;30.000;30.000;30.000;30.000;30.000;30.000;30.000;30.000;30.000;30.000,Destroy,jaw movement,,,POINT,77.588,C:\Users\esthe\Downloads\destroy 14 _\Dest_1405_18_two.mp4,273,NA,
dest_1405,2025-06-26 15:24:30.572,,205.135,Media file(s),player #1:C:\Users\esthe\Downloads\destroy 14 _\commentary;C:\Users\esthe\Downloads\destroy 14 _\Dest_1405_10_three.mp4;C:\Users\esthe\Downloads\destroy 14 _\Dest_1405_11_one.mp4;C:\Users\esthe\Downloads\destroy 14 _\Dest_1405_12_two.mp4;C:\Users\esthe\Downloads\destroy 14 _\Dest_1405_13_five.mp4;C:\Users\esthe\Downloads\destroy 14 _\Dest_1405_14_onehalf.mp4;C:\Users\esthe\Downloads\destroy 14 _\Dest_1405_15_seven.mp4;C:\Users\esthe\Downloads\destroy 14 _\Dest_1405_16_three.mp4;C:\Users\esthe\Downloads\destroy 14 _\Dest_1405_17_three.mp4;C:\Users\esthe\Downloads\destroy 14 _\Dest_1405_18_two.mp4;C:\Users\esthe\Downloads\destroy 14 _\Dest_1405_19_five.mp4;C:\Users\esthe\Downloads\destroy 14 _\Dest_1405_20_one.mp4;C:\Users\esthe\Downloads\destroy 14 _\Dest_1405_21_five.mp4;C:\Users\esthe\Downloads\destroy 14 _\Dest_1405_22_seven.mp4;C:\Users\esthe\Downloads\destroy 14 _\Dest_1405_23_two.mp4;C:\Users\esthe\Downloads\destroy 14 _\Dest_1405_24_three.mp4;C:\Users\esthe\Downloads\destroy 14 _\Dest_1405_3_three.mp4;C:\Users\esthe\Downloads\destroy 14 _\Dest_1405_4_seven.mp4;C:\Users\esthe\Downloads\destroy 14 _\Dest_1405_5_five.mp4;C:\Users\esthe\Downloads\destroy 14 _\Dest_1405_6_seven.mp4;C:\Users\esthe\Downloads\destroy 14 _\Dest_1405_7_two.mp4;C:\Users\esthe\Downloads\destroy 14 _\Dest_1405_8_five.mp4;C:\Users\esthe\Downloads\destroy 14 _\Dest_1405_9_two.mp4,0.0,5.733;7.332;7.532;9.967;5.533;11.765;7.566;7.666;5.399;10.698;14.798;9.032;17.966;5.367;13.428;4.134;10.598;14.335;5.466;17.264;6.999;7.933;4.666,30.000;30.000;30.000;30.000;30.000;30.000;30.000;30.000;30.000;30.000;30.000;30.000;30.000;30.000;30.000;30.000;30.000;30.000;30.000;30.000;30.000;30.000;30.000,Destroy,jaw movement,,,POINT,78.054,C:\Users\esthe\Downloads\destroy 14 _\Dest_1405_18_two.mp4,287,NA,
dest_1405,2025-06-26 15:24:30.572,,205.135,Media file(s),player #1:C:\Users\esthe\Downloads\destroy 14 _\commentary;C:\Users\esthe\Downloads\destroy 14 _\Dest_1405_10_three.mp4;C:\Users\esthe\Downloads\destroy 14 _\Dest_1405_11_one.mp4;C:\Users\esthe\Downloads\destroy 14 _\Dest_1405_12_two.mp4;C:\Users\esthe\Downloads\destroy 14 _\Dest_1405_13_five.mp4;C:\Users\esthe\Downloads\destroy 14 _\Dest_1405_14_onehalf.mp4;C:\Users\esthe\Downloads\destroy 14 _\Dest_1405_15_seven.mp4;C:\Users\esthe\Downloads\destroy 14 _\Dest_1405_16_three.mp4;C:\Users\esthe\Downloads\destroy 14 _\Dest_1405_17_three.mp4;C:\Users\esthe\Downloads\destroy 14 _\Dest_1405_18_two.mp4;C:\Users\esthe\Downloads\destroy 14 _\Dest_1405_19_five.mp4;C:\Users\esthe\Downloads\destroy 14 _\Dest_1405_20_one.mp4;C:\Users\esthe\Downloads\destroy 14 _\Dest_1405_21_five.mp4;C:\Users\esthe\Downloads\destroy 14 _\Dest_1405_22_seven.mp4;C:\Users\esthe\Downloads\destroy 14 _\Dest_1405_23_two.mp4;C:\Users\esthe\Downloads\destroy 14 _\Dest_1405_24_three.mp4;C:\Users\esthe\Downloads\destroy 14 _\Dest_1405_3_three.mp4;C:\Users\esthe\Downloads\destroy 14 _\Dest_1405_4_seven.mp4;C:\Users\esthe\Downloads\destroy 14 _\Dest_1405_5_five.mp4;C:\Users\esthe\Downloads\destroy 14 _\Dest_1405_6_seven.mp4;C:\Users\esthe\Downloads\destroy 14 _\Dest_1405_7_two.mp4;C:\Users\esthe\Downloads\destroy 14 _\Dest_1405_8_five.mp4;C:\Users\esthe\Downloads\destroy 14 _\Dest_1405_9_two.mp4,0.0,5.733;7.332;7.532;9.967;5.533;11.765;7.566;7.666;5.399;10.698;14.798;9.032;17.966;5.367;13.428;4.134;10.598;14.335;5.466;17.264;6.999;7.933;4.666,30.000;30.000;30.000;30.000;30.000;30.000;30.000;30.000;30.000;30.000;30.000;30.000;30.000;30.000;30.000;30.000;30.000;30.000;30.000;30.000;30.000;30.000;30.000,Destroy,peeling,,,STOP,78.454,C:\Users\esthe\Downloads\destroy 14 _\Dest_1405_18_two.mp4,299,NA,
dest_1405,2025-06-26 15:24:30.572,,205.135,Media file(s),player #1:C:\Users\esthe\Downloads\destroy 14 _\commentary;C:\Users\esthe\Downloads\destroy 14 _\Dest_1405_10_three.mp4;C:\Users\esthe\Downloads\destroy 14 _\Dest_1405_11_one.mp4;C:\Users\esthe\Downloads\destroy 14 _\Dest_1405_12_two.mp4;C:\Users\esthe\Downloads\destroy 14 _\Dest_1405_13_five.mp4;C:\Users\esthe\Downloads\destroy 14 _\Dest_1405_14_onehalf.mp4;C:\Users\esthe\Downloads\destroy 14 _\Dest_1405_15_seven.mp4;C:\Users\esthe\Downloads\destroy 14 _\Dest_1405_16_three.mp4;C:\Users\esthe\Downloads\destroy 14 _\Dest_1405_17_three.mp4;C:\Users\esthe\Downloads\destroy 14 _\Dest_1405_18_two.mp4;C:\Users\esthe\Downloads\destroy 14 _\Dest_1405_19_five.mp4;C:\Users\esthe\Downloads\destroy 14 _\Dest_1405_20_one.mp4;C:\Users\esthe\Downloads\destroy 14 _\Dest_1405_21_five.mp4;C:\Users\esthe\Downloads\destroy 14 _\Dest_1405_22_seven.mp4;C:\Users\esthe\Downloads\destroy 14 _\Dest_1405_23_two.mp4;C:\Users\esthe\Downloads\destroy 14 _\Dest_1405_24_three.mp4;C:\Users\esthe\Downloads\destroy 14 _\Dest_1405_3_three.mp4;C:\Users\esthe\Downloads\destroy 14 _\Dest_1405_4_seven.mp4;C:\Users\esthe\Downloads\destroy 14 _\Dest_1405_5_five.mp4;C:\Users\esthe\Downloads\destroy 14 _\Dest_1405_6_seven.mp4;C:\Users\esthe\Downloads\destroy 14 _\Dest_1405_7_two.mp4;C:\Users\esthe\Downloads\destroy 14 _\Dest_1405_8_five.mp4;C:\Users\esthe\Downloads\destroy 14 _\Dest_1405_9_two.mp4,0.0,5.733;7.332;7.532;9.967;5.533;11.765;7.566;7.666;5.399;10.698;14.798;9.032;17.966;5.367;13.428;4.134;10.598;14.335;5.466;17.264;6.999;7.933;4.666,30.000;30.000;30.000;30.000;30.000;30.000;30.000;30.000;30.000;30.000;30.000;30.000;30.000;30.000;30.000;30.000;30.000;30.000;30.000;30.000;30.000;30.000;30.000,Destroy,target,,,START,79.220,C:\Users\esthe\Downloads\destroy 14 _\Dest_1405_19_five.mp4,1,NA,
dest_1405,2025-06-26 15:24:30.572,,205.135,Media file(s),player #1:C:\Users\esthe\Downloads\destroy 14 _\commentary;C:\Users\esthe\Downloads\destroy 14 _\Dest_1405_10_three.mp4;C:\Users\esthe\Downloads\destroy 14 _\Dest_1405_11_one.mp4;C:\Users\esthe\Downloads\destroy 14 _\Dest_1405_12_two.mp4;C:\Users\esthe\Downloads\destroy 14 _\Dest_1405_13_five.mp4;C:\Users\esthe\Downloads\destroy 14 _\Dest_1405_14_onehalf.mp4;C:\Users\esthe\Downloads\destroy 14 _\Dest_1405_15_seven.mp4;C:\Users\esthe\Downloads\destroy 14 _\Dest_1405_16_three.mp4;C:\Users\esthe\Downloads\destroy 14 _\Dest_1405_17_three.mp4;C:\Users\esthe\Downloads\destroy 14 _\Dest_1405_18_two.mp4;C:\Users\esthe\Downloads\destroy 14 _\Dest_1405_19_five.mp4;C:\Users\esthe\Downloads\destroy 14 _\Dest_1405_20_one.mp4;C:\Users\esthe\Downloads\destroy 14 _\Dest_1405_21_five.mp4;C:\Users\esthe\Downloads\destroy 14 _\Dest_1405_22_seven.mp4;C:\Users\esthe\Downloads\destroy 14 _\Dest_1405_23_two.mp4;C:\Users\esthe\Downloads\destroy 14 _\Dest_1405_24_three.mp4;C:\Users\esthe\Downloads\destroy 14 _\Dest_1405_3_three.mp4;C:\Users\esthe\Downloads\destroy 14 _\Dest_1405_4_seven.mp4;C:\Users\esthe\Downloads\destroy 14 _\Dest_1405_5_five.mp4;C:\Users\esthe\Downloads\destroy 14 _\Dest_1405_6_seven.mp4;C:\Users\esthe\Downloads\destroy 14 _\Dest_1405_7_two.mp4;C:\Users\esthe\Downloads\destroy 14 _\Dest_1405_8_five.mp4;C:\Users\esthe\Downloads\destroy 14 _\Dest_1405_9_two.mp4,0.0,5.733;7.332;7.532;9.967;5.533;11.765;7.566;7.666;5.399;10.698;14.798;9.032;17.966;5.367;13.428;4.134;10.598;14.335;5.466;17.264;6.999;7.933;4.666,30.000;30.000;30.000;30.000;30.000;30.000;30.000;30.000;30.000;30.000;30.000;30.000;30.000;30.000;30.000;30.000;30.000;30.000;30.000;30.000;30.000;30.000;30.000,Destroy,target,,,STOP,80.920,C:\Users\esthe\Downloads\destroy 14 _\Dest_1405_19_five.mp4,52,NA,
dest_1405,2025-06-26 15:24:30.572,,205.135,Media file(s),player #1:C:\Users\esthe\Downloads\destroy 14 _\commentary;C:\Users\esthe\Downloads\destroy 14 _\Dest_1405_10_three.mp4;C:\Users\esthe\Downloads\destroy 14 _\Dest_1405_11_one.mp4;C:\Users\esthe\Downloads\destroy 14 _\Dest_1405_12_two.mp4;C:\Users\esthe\Downloads\destroy 14 _\Dest_1405_13_five.mp4;C:\Users\esthe\Downloads\destroy 14 _\Dest_1405_14_onehalf.mp4;C:\Users\esthe\Downloads\destroy 14 _\Dest_1405_15_seven.mp4;C:\Users\esthe\Downloads\destroy 14 _\Dest_1405_16_three.mp4;C:\Users\esthe\Downloads\destroy 14 _\Dest_1405_17_three.mp4;C:\Users\esthe\Downloads\destroy 14 _\Dest_1405_18_two.mp4;C:\Users\esthe\Downloads\destroy 14 _\Dest_1405_19_five.mp4;C:\Users\esthe\Downloads\destroy 14 _\Dest_1405_20_one.mp4;C:\Users\esthe\Downloads\destroy 14 _\Dest_1405_21_five.mp4;C:\Users\esthe\Downloads\destroy 14 _\Dest_1405_22_seven.mp4;C:\Users\esthe\Downloads\destroy 14 _\Dest_1405_23_two.mp4;C:\Users\esthe\Downloads\destroy 14 _\Dest_1405_24_three.mp4;C:\Users\esthe\Downloads\destroy 14 _\Dest_1405_3_three.mp4;C:\Users\esthe\Downloads\destroy 14 _\Dest_1405_4_seven.mp4;C:\Users\esthe\Downloads\destroy 14 _\Dest_1405_5_five.mp4;C:\Users\esthe\Downloads\destroy 14 _\Dest_1405_6_seven.mp4;C:\Users\esthe\Downloads\destroy 14 _\Dest_1405_7_two.mp4;C:\Users\esthe\Downloads\destroy 14 _\Dest_1405_8_five.mp4;C:\Users\esthe\Downloads\destroy 14 _\Dest_1405_9_two.mp4,0.0,5.733;7.332;7.532;9.967;5.533;11.765;7.566;7.666;5.399;10.698;14.798;9.032;17.966;5.367;13.428;4.134;10.598;14.335;5.466;17.264;6.999;7.933;4.666,30.000;30.000;30.000;30.000;30.000;30.000;30.000;30.000;30.000;30.000;30.000;30.000;30.000;30.000;30.000;30.000;30.000;30.000;30.000;30.000;30.000;30.000;30.000,Destroy,bending,,,START,81.120,C:\Users\esthe\Downloads\destroy 14 _\Dest_1405_19_five.mp4,58,NA,
dest_1405,2025-06-26 15:24:30.572,,205.135,Media file(s),player #1:C:\Users\esthe\Downloads\destroy 14 _\commentary;C:\Users\esthe\Downloads\destroy 14 _\Dest_1405_10_three.mp4;C:\Users\esthe\Downloads\destroy 14 _\Dest_1405_11_one.mp4;C:\Users\esthe\Downloads\destroy 14 _\Dest_1405_12_two.mp4;C:\Users\esthe\Downloads\destroy 14 _\Dest_1405_13_five.mp4;C:\Users\esthe\Downloads\destroy 14 _\Dest_1405_14_onehalf.mp4;C:\Users\esthe\Downloads\destroy 14 _\Dest_1405_15_seven.mp4;C:\Users\esthe\Downloads\destroy 14 _\Dest_1405_16_three.mp4;C:\Users\esthe\Downloads\destroy 14 _\Dest_1405_17_three.mp4;C:\Users\esthe\Downloads\destroy 14 _\Dest_1405_18_two.mp4;C:\Users\esthe\Downloads\destroy 14 _\Dest_1405_19_five.mp4;C:\Users\esthe\Downloads\destroy 14 _\Dest_1405_20_one.mp4;C:\Users\esthe\Downloads\destroy 14 _\Dest_1405_21_five.mp4;C:\Users\esthe\Downloads\destroy 14 _\Dest_1405_22_seven.mp4;C:\Users\esthe\Downloads\destroy 14 _\Dest_1405_23_two.mp4;C:\Users\esthe\Downloads\destroy 14 _\Dest_1405_24_three.mp4;C:\Users\esthe\Downloads\destroy 14 _\Dest_1405_3_three.mp4;C:\Users\esthe\Downloads\destroy 14 _\Dest_1405_4_seven.mp4;C:\Users\esthe\Downloads\destroy 14 _\Dest_1405_5_five.mp4;C:\Users\esthe\Downloads\destroy 14 _\Dest_1405_6_seven.mp4;C:\Users\esthe\Downloads\destroy 14 _\Dest_1405_7_two.mp4;C:\Users\esthe\Downloads\destroy 14 _\Dest_1405_8_five.mp4;C:\Users\esthe\Downloads\destroy 14 _\Dest_1405_9_two.mp4,0.0,5.733;7.332;7.532;9.967;5.533;11.765;7.566;7.666;5.399;10.698;14.798;9.032;17.966;5.367;13.428;4.134;10.598;14.335;5.466;17.264;6.999;7.933;4.666,30.000;30.000;30.000;30.000;30.000;30.000;30.000;30.000;30.000;30.000;30.000;30.000;30.000;30.000;30.000;30.000;30.000;30.000;30.000;30.000;30.000;30.000;30.000,Destroy,bending,,,STOP,81.787,C:\Users\esthe\Downloads\destroy 14 _\Dest_1405_19_five.mp4,78,NA,
dest_1405,2025-06-26 15:24:30.572,,205.135,Media file(s),player #1:C:\Users\esthe\Downloads\destroy 14 _\commentary;C:\Users\esthe\Downloads\destroy 14 _\Dest_1405_10_three.mp4;C:\Users\esthe\Downloads\destroy 14 _\Dest_1405_11_one.mp4;C:\Users\esthe\Downloads\destroy 14 _\Dest_1405_12_two.mp4;C:\Users\esthe\Downloads\destroy 14 _\Dest_1405_13_five.mp4;C:\Users\esthe\Downloads\destroy 14 _\Dest_1405_14_onehalf.mp4;C:\Users\esthe\Downloads\destroy 14 _\Dest_1405_15_seven.mp4;C:\Users\esthe\Downloads\destroy 14 _\Dest_1405_16_three.mp4;C:\Users\esthe\Downloads\destroy 14 _\Dest_1405_17_three.mp4;C:\Users\esthe\Downloads\destroy 14 _\Dest_1405_18_two.mp4;C:\Users\esthe\Downloads\destroy 14 _\Dest_1405_19_five.mp4;C:\Users\esthe\Downloads\destroy 14 _\Dest_1405_20_one.mp4;C:\Users\esthe\Downloads\destroy 14 _\Dest_1405_21_five.mp4;C:\Users\esthe\Downloads\destroy 14 _\Dest_1405_22_seven.mp4;C:\Users\esthe\Downloads\destroy 14 _\Dest_1405_23_two.mp4;C:\Users\esthe\Downloads\destroy 14 _\Dest_1405_24_three.mp4;C:\Users\esthe\Downloads\destroy 14 _\Dest_1405_3_three.mp4;C:\Users\esthe\Downloads\destroy 14 _\Dest_1405_4_seven.mp4;C:\Users\esthe\Downloads\destroy 14 _\Dest_1405_5_five.mp4;C:\Users\esthe\Downloads\destroy 14 _\Dest_1405_6_seven.mp4;C:\Users\esthe\Downloads\destroy 14 _\Dest_1405_7_two.mp4;C:\Users\esthe\Downloads\destroy 14 _\Dest_1405_8_five.mp4;C:\Users\esthe\Downloads\destroy 14 _\Dest_1405_9_two.mp4,0.0,5.733;7.332;7.532;9.967;5.533;11.765;7.566;7.666;5.399;10.698;14.798;9.032;17.966;5.367;13.428;4.134;10.598;14.335;5.466;17.264;6.999;7.933;4.666,30.000;30.000;30.000;30.000;30.000;30.000;30.000;30.000;30.000;30.000;30.000;30.000;30.000;30.000;30.000;30.000;30.000;30.000;30.000;30.000;30.000;30.000;30.000,Destroy,grabbing peanut,,,POINT,81.787,C:\Users\esthe\Downloads\destroy 14 _\Dest_1405_19_five.mp4,78,NA,
dest_1405,2025-06-26 15:24:30.572,,205.135,Media file(s),player #1:C:\Users\esthe\Downloads\destroy 14 _\commentary;C:\Users\esthe\Downloads\destroy 14 _\Dest_1405_10_three.mp4;C:\Users\esthe\Downloads\destroy 14 _\Dest_1405_11_one.mp4;C:\Users\esthe\Downloads\destroy 14 _\Dest_1405_12_two.mp4;C:\Users\esthe\Downloads\destroy 14 _\Dest_1405_13_five.mp4;C:\Users\esthe\Downloads\destroy 14 _\Dest_1405_14_onehalf.mp4;C:\Users\esthe\Downloads\destroy 14 _\Dest_1405_15_seven.mp4;C:\Users\esthe\Downloads\destroy 14 _\Dest_1405_16_three.mp4;C:\Users\esthe\Downloads\destroy 14 _\Dest_1405_17_three.mp4;C:\Users\esthe\Downloads\destroy 14 _\Dest_1405_18_two.mp4;C:\Users\esthe\Downloads\destroy 14 _\Dest_1405_19_five.mp4;C:\Users\esthe\Downloads\destroy 14 _\Dest_1405_20_one.mp4;C:\Users\esthe\Downloads\destroy 14 _\Dest_1405_21_five.mp4;C:\Users\esthe\Downloads\destroy 14 _\Dest_1405_22_seven.mp4;C:\Users\esthe\Downloads\destroy 14 _\Dest_1405_23_two.mp4;C:\Users\esthe\Downloads\destroy 14 _\Dest_1405_24_three.mp4;C:\Users\esthe\Downloads\destroy 14 _\Dest_1405_3_three.mp4;C:\Users\esthe\Downloads\destroy 14 _\Dest_1405_4_seven.mp4;C:\Users\esthe\Downloads\destroy 14 _\Dest_1405_5_five.mp4;C:\Users\esthe\Downloads\destroy 14 _\Dest_1405_6_seven.mp4;C:\Users\esthe\Downloads\destroy 14 _\Dest_1405_7_two.mp4;C:\Users\esthe\Downloads\destroy 14 _\Dest_1405_8_five.mp4;C:\Users\esthe\Downloads\destroy 14 _\Dest_1405_9_two.mp4,0.0,5.733;7.332;7.532;9.967;5.533;11.765;7.566;7.666;5.399;10.698;14.798;9.032;17.966;5.367;13.428;4.134;10.598;14.335;5.466;17.264;6.999;7.933;4.666,30.000;30.000;30.000;30.000;30.000;30.000;30.000;30.000;30.000;30.000;30.000;30.000;30.000;30.000;30.000;30.000;30.000;30.000;30.000;30.000;30.000;30.000;30.000,Destroy,lifting,,,START,81.787,C:\Users\esthe\Downloads\destroy 14 _\Dest_1405_19_five.mp4,78,NA,
dest_1405,2025-06-26 15:24:30.572,,205.135,Media file(s),player #1:C:\Users\esthe\Downloads\destroy 14 _\commentary;C:\Users\esthe\Downloads\destroy 14 _\Dest_1405_10_three.mp4;C:\Users\esthe\Downloads\destroy 14 _\Dest_1405_11_one.mp4;C:\Users\esthe\Downloads\destroy 14 _\Dest_1405_12_two.mp4;C:\Users\esthe\Downloads\destroy 14 _\Dest_1405_13_five.mp4;C:\Users\esthe\Downloads\destroy 14 _\Dest_1405_14_onehalf.mp4;C:\Users\esthe\Downloads\destroy 14 _\Dest_1405_15_seven.mp4;C:\Users\esthe\Downloads\destroy 14 _\Dest_1405_16_three.mp4;C:\Users\esthe\Downloads\destroy 14 _\Dest_1405_17_three.mp4;C:\Users\esthe\Downloads\destroy 14 _\Dest_1405_18_two.mp4;C:\Users\esthe\Downloads\destroy 14 _\Dest_1405_19_five.mp4;C:\Users\esthe\Downloads\destroy 14 _\Dest_1405_20_one.mp4;C:\Users\esthe\Downloads\destroy 14 _\Dest_1405_21_five.mp4;C:\Users\esthe\Downloads\destroy 14 _\Dest_1405_22_seven.mp4;C:\Users\esthe\Downloads\destroy 14 _\Dest_1405_23_two.mp4;C:\Users\esthe\Downloads\destroy 14 _\Dest_1405_24_three.mp4;C:\Users\esthe\Downloads\destroy 14 _\Dest_1405_3_three.mp4;C:\Users\esthe\Downloads\destroy 14 _\Dest_1405_4_seven.mp4;C:\Users\esthe\Downloads\destroy 14 _\Dest_1405_5_five.mp4;C:\Users\esthe\Downloads\destroy 14 _\Dest_1405_6_seven.mp4;C:\Users\esthe\Downloads\destroy 14 _\Dest_1405_7_two.mp4;C:\Users\esthe\Downloads\destroy 14 _\Dest_1405_8_five.mp4;C:\Users\esthe\Downloads\destroy 14 _\Dest_1405_9_two.mp4,0.0,5.733;7.332;7.532;9.967;5.533;11.765;7.566;7.666;5.399;10.698;14.798;9.032;17.966;5.367;13.428;4.134;10.598;14.335;5.466;17.264;6.999;7.933;4.666,30.000;30.000;30.000;30.000;30.000;30.000;30.000;30.000;30.000;30.000;30.000;30.000;30.000;30.000;30.000;30.000;30.000;30.000;30.000;30.000;30.000;30.000;30.000,Destroy,lifting,,,STOP,82.053,C:\Users\esthe\Downloads\destroy 14 _\Dest_1405_19_five.mp4,86,NA,
dest_1405,2025-06-26 15:24:30.572,,205.135,Media file(s),player #1:C:\Users\esthe\Downloads\destroy 14 _\commentary;C:\Users\esthe\Downloads\destroy 14 _\Dest_1405_10_three.mp4;C:\Users\esthe\Downloads\destroy 14 _\Dest_1405_11_one.mp4;C:\Users\esthe\Downloads\destroy 14 _\Dest_1405_12_two.mp4;C:\Users\esthe\Downloads\destroy 14 _\Dest_1405_13_five.mp4;C:\Users\esthe\Downloads\destroy 14 _\Dest_1405_14_onehalf.mp4;C:\Users\esthe\Downloads\destroy 14 _\Dest_1405_15_seven.mp4;C:\Users\esthe\Downloads\destroy 14 _\Dest_1405_16_three.mp4;C:\Users\esthe\Downloads\destroy 14 _\Dest_1405_17_three.mp4;C:\Users\esthe\Downloads\destroy 14 _\Dest_1405_18_two.mp4;C:\Users\esthe\Downloads\destroy 14 _\Dest_1405_19_five.mp4;C:\Users\esthe\Downloads\destroy 14 _\Dest_1405_20_one.mp4;C:\Users\esthe\Downloads\destroy 14 _\Dest_1405_21_five.mp4;C:\Users\esthe\Downloads\destroy 14 _\Dest_1405_22_seven.mp4;C:\Users\esthe\Downloads\destroy 14 _\Dest_1405_23_two.mp4;C:\Users\esthe\Downloads\destroy 14 _\Dest_1405_24_three.mp4;C:\Users\esthe\Downloads\destroy 14 _\Dest_1405_3_three.mp4;C:\Users\esthe\Downloads\destroy 14 _\Dest_1405_4_seven.mp4;C:\Users\esthe\Downloads\destroy 14 _\Dest_1405_5_five.mp4;C:\Users\esthe\Downloads\destroy 14 _\Dest_1405_6_seven.mp4;C:\Users\esthe\Downloads\destroy 14 _\Dest_1405_7_two.mp4;C:\Users\esthe\Downloads\destroy 14 _\Dest_1405_8_five.mp4;C:\Users\esthe\Downloads\destroy 14 _\Dest_1405_9_two.mp4,0.0,5.733;7.332;7.532;9.967;5.533;11.765;7.566;7.666;5.399;10.698;14.798;9.032;17.966;5.367;13.428;4.134;10.598;14.335;5.466;17.264;6.999;7.933;4.666,30.000;30.000;30.000;30.000;30.000;30.000;30.000;30.000;30.000;30.000;30.000;30.000;30.000;30.000;30.000;30.000;30.000;30.000;30.000;30.000;30.000;30.000;30.000,Destroy,target,,,START,82.620,C:\Users\esthe\Downloads\destroy 14 _\Dest_1405_19_five.mp4,103,NA,
dest_1405,2025-06-26 15:24:30.572,,205.135,Media file(s),player #1:C:\Users\esthe\Downloads\destroy 14 _\commentary;C:\Users\esthe\Downloads\destroy 14 _\Dest_1405_10_three.mp4;C:\Users\esthe\Downloads\destroy 14 _\Dest_1405_11_one.mp4;C:\Users\esthe\Downloads\destroy 14 _\Dest_1405_12_two.mp4;C:\Users\esthe\Downloads\destroy 14 _\Dest_1405_13_five.mp4;C:\Users\esthe\Downloads\destroy 14 _\Dest_1405_14_onehalf.mp4;C:\Users\esthe\Downloads\destroy 14 _\Dest_1405_15_seven.mp4;C:\Users\esthe\Downloads\destroy 14 _\Dest_1405_16_three.mp4;C:\Users\esthe\Downloads\destroy 14 _\Dest_1405_17_three.mp4;C:\Users\esthe\Downloads\destroy 14 _\Dest_1405_18_two.mp4;C:\Users\esthe\Downloads\destroy 14 _\Dest_1405_19_five.mp4;C:\Users\esthe\Downloads\destroy 14 _\Dest_1405_20_one.mp4;C:\Users\esthe\Downloads\destroy 14 _\Dest_1405_21_five.mp4;C:\Users\esthe\Downloads\destroy 14 _\Dest_1405_22_seven.mp4;C:\Users\esthe\Downloads\destroy 14 _\Dest_1405_23_two.mp4;C:\Users\esthe\Downloads\destroy 14 _\Dest_1405_24_three.mp4;C:\Users\esthe\Downloads\destroy 14 _\Dest_1405_3_three.mp4;C:\Users\esthe\Downloads\destroy 14 _\Dest_1405_4_seven.mp4;C:\Users\esthe\Downloads\destroy 14 _\Dest_1405_5_five.mp4;C:\Users\esthe\Downloads\destroy 14 _\Dest_1405_6_seven.mp4;C:\Users\esthe\Downloads\destroy 14 _\Dest_1405_7_two.mp4;C:\Users\esthe\Downloads\destroy 14 _\Dest_1405_8_five.mp4;C:\Users\esthe\Downloads\destroy 14 _\Dest_1405_9_two.mp4,0.0,5.733;7.332;7.532;9.967;5.533;11.765;7.566;7.666;5.399;10.698;14.798;9.032;17.966;5.367;13.428;4.134;10.598;14.335;5.466;17.264;6.999;7.933;4.666,30.000;30.000;30.000;30.000;30.000;30.000;30.000;30.000;30.000;30.000;30.000;30.000;30.000;30.000;30.000;30.000;30.000;30.000;30.000;30.000;30.000;30.000;30.000,Destroy,pause,,,START,89.819,C:\Users\esthe\Downloads\destroy 14 _\Dest_1405_19_five.mp4,319,NA,
dest_1405,2025-06-26 15:24:30.572,,205.135,Media file(s),player #1:C:\Users\esthe\Downloads\destroy 14 _\commentary;C:\Users\esthe\Downloads\destroy 14 _\Dest_1405_10_three.mp4;C:\Users\esthe\Downloads\destroy 14 _\Dest_1405_11_one.mp4;C:\Users\esthe\Downloads\destroy 14 _\Dest_1405_12_two.mp4;C:\Users\esthe\Downloads\destroy 14 _\Dest_1405_13_five.mp4;C:\Users\esthe\Downloads\destroy 14 _\Dest_1405_14_onehalf.mp4;C:\Users\esthe\Downloads\destroy 14 _\Dest_1405_15_seven.mp4;C:\Users\esthe\Downloads\destroy 14 _\Dest_1405_16_three.mp4;C:\Users\esthe\Downloads\destroy 14 _\Dest_1405_17_three.mp4;C:\Users\esthe\Downloads\destroy 14 _\Dest_1405_18_two.mp4;C:\Users\esthe\Downloads\destroy 14 _\Dest_1405_19_five.mp4;C:\Users\esthe\Downloads\destroy 14 _\Dest_1405_20_one.mp4;C:\Users\esthe\Downloads\destroy 14 _\Dest_1405_21_five.mp4;C:\Users\esthe\Downloads\destroy 14 _\Dest_1405_22_seven.mp4;C:\Users\esthe\Downloads\destroy 14 _\Dest_1405_23_two.mp4;C:\Users\esthe\Downloads\destroy 14 _\Dest_1405_24_three.mp4;C:\Users\esthe\Downloads\destroy 14 _\Dest_1405_3_three.mp4;C:\Users\esthe\Downloads\destroy 14 _\Dest_1405_4_seven.mp4;C:\Users\esthe\Downloads\destroy 14 _\Dest_1405_5_five.mp4;C:\Users\esthe\Downloads\destroy 14 _\Dest_1405_6_seven.mp4;C:\Users\esthe\Downloads\destroy 14 _\Dest_1405_7_two.mp4;C:\Users\esthe\Downloads\destroy 14 _\Dest_1405_8_five.mp4;C:\Users\esthe\Downloads\destroy 14 _\Dest_1405_9_two.mp4,0.0,5.733;7.332;7.532;9.967;5.533;11.765;7.566;7.666;5.399;10.698;14.798;9.032;17.966;5.367;13.428;4.134;10.598;14.335;5.466;17.264;6.999;7.933;4.666,30.000;30.000;30.000;30.000;30.000;30.000;30.000;30.000;30.000;30.000;30.000;30.000;30.000;30.000;30.000;30.000;30.000;30.000;30.000;30.000;30.000;30.000;30.000,Destroy,pause,,,STOP,91.019,C:\Users\esthe\Downloads\destroy 14 _\Dest_1405_19_five.mp4,355,NA,
dest_1405,2025-06-26 15:24:30.572,,205.135,Media file(s),player #1:C:\Users\esthe\Downloads\destroy 14 _\commentary;C:\Users\esthe\Downloads\destroy 14 _\Dest_1405_10_three.mp4;C:\Users\esthe\Downloads\destroy 14 _\Dest_1405_11_one.mp4;C:\Users\esthe\Downloads\destroy 14 _\Dest_1405_12_two.mp4;C:\Users\esthe\Downloads\destroy 14 _\Dest_1405_13_five.mp4;C:\Users\esthe\Downloads\destroy 14 _\Dest_1405_14_onehalf.mp4;C:\Users\esthe\Downloads\destroy 14 _\Dest_1405_15_seven.mp4;C:\Users\esthe\Downloads\destroy 14 _\Dest_1405_16_three.mp4;C:\Users\esthe\Downloads\destroy 14 _\Dest_1405_17_three.mp4;C:\Users\esthe\Downloads\destroy 14 _\Dest_1405_18_two.mp4;C:\Users\esthe\Downloads\destroy 14 _\Dest_1405_19_five.mp4;C:\Users\esthe\Downloads\destroy 14 _\Dest_1405_20_one.mp4;C:\Users\esthe\Downloads\destroy 14 _\Dest_1405_21_five.mp4;C:\Users\esthe\Downloads\destroy 14 _\Dest_1405_22_seven.mp4;C:\Users\esthe\Downloads\destroy 14 _\Dest_1405_23_two.mp4;C:\Users\esthe\Downloads\destroy 14 _\Dest_1405_24_three.mp4;C:\Users\esthe\Downloads\destroy 14 _\Dest_1405_3_three.mp4;C:\Users\esthe\Downloads\destroy 14 _\Dest_1405_4_seven.mp4;C:\Users\esthe\Downloads\destroy 14 _\Dest_1405_5_five.mp4;C:\Users\esthe\Downloads\destroy 14 _\Dest_1405_6_seven.mp4;C:\Users\esthe\Downloads\destroy 14 _\Dest_1405_7_two.mp4;C:\Users\esthe\Downloads\destroy 14 _\Dest_1405_8_five.mp4;C:\Users\esthe\Downloads\destroy 14 _\Dest_1405_9_two.mp4,0.0,5.733;7.332;7.532;9.967;5.533;11.765;7.566;7.666;5.399;10.698;14.798;9.032;17.966;5.367;13.428;4.134;10.598;14.335;5.466;17.264;6.999;7.933;4.666,30.000;30.000;30.000;30.000;30.000;30.000;30.000;30.000;30.000;30.000;30.000;30.000;30.000;30.000;30.000;30.000;30.000;30.000;30.000;30.000;30.000;30.000;30.000,Destroy,digging,,,START,92.352,C:\Users\esthe\Downloads\destroy 14 _\Dest_1405_19_five.mp4,395,NA,
dest_1405,2025-06-26 15:24:30.572,,205.135,Media file(s),player #1:C:\Users\esthe\Downloads\destroy 14 _\commentary;C:\Users\esthe\Downloads\destroy 14 _\Dest_1405_10_three.mp4;C:\Users\esthe\Downloads\destroy 14 _\Dest_1405_11_one.mp4;C:\Users\esthe\Downloads\destroy 14 _\Dest_1405_12_two.mp4;C:\Users\esthe\Downloads\destroy 14 _\Dest_1405_13_five.mp4;C:\Users\esthe\Downloads\destroy 14 _\Dest_1405_14_onehalf.mp4;C:\Users\esthe\Downloads\destroy 14 _\Dest_1405_15_seven.mp4;C:\Users\esthe\Downloads\destroy 14 _\Dest_1405_16_three.mp4;C:\Users\esthe\Downloads\destroy 14 _\Dest_1405_17_three.mp4;C:\Users\esthe\Downloads\destroy 14 _\Dest_1405_18_two.mp4;C:\Users\esthe\Downloads\destroy 14 _\Dest_1405_19_five.mp4;C:\Users\esthe\Downloads\destroy 14 _\Dest_1405_20_one.mp4;C:\Users\esthe\Downloads\destroy 14 _\Dest_1405_21_five.mp4;C:\Users\esthe\Downloads\destroy 14 _\Dest_1405_22_seven.mp4;C:\Users\esthe\Downloads\destroy 14 _\Dest_1405_23_two.mp4;C:\Users\esthe\Downloads\destroy 14 _\Dest_1405_24_three.mp4;C:\Users\esthe\Downloads\destroy 14 _\Dest_1405_3_three.mp4;C:\Users\esthe\Downloads\destroy 14 _\Dest_1405_4_seven.mp4;C:\Users\esthe\Downloads\destroy 14 _\Dest_1405_5_five.mp4;C:\Users\esthe\Downloads\destroy 14 _\Dest_1405_6_seven.mp4;C:\Users\esthe\Downloads\destroy 14 _\Dest_1405_7_two.mp4;C:\Users\esthe\Downloads\destroy 14 _\Dest_1405_8_five.mp4;C:\Users\esthe\Downloads\destroy 14 _\Dest_1405_9_two.mp4,0.0,5.733;7.332;7.532;9.967;5.533;11.765;7.566;7.666;5.399;10.698;14.798;9.032;17.966;5.367;13.428;4.134;10.598;14.335;5.466;17.264;6.999;7.933;4.666,30.000;30.000;30.000;30.000;30.000;30.000;30.000;30.000;30.000;30.000;30.000;30.000;30.000;30.000;30.000;30.000;30.000;30.000;30.000;30.000;30.000;30.000;30.000,Destroy,target,,,STOP,92.352,C:\Users\esthe\Downloads\destroy 14 _\Dest_1405_19_five.mp4,395,NA,
dest_1405,2025-06-26 15:24:30.572,,205.135,Media file(s),player #1:C:\Users\esthe\Downloads\destroy 14 _\commentary;C:\Users\esthe\Downloads\destroy 14 _\Dest_1405_10_three.mp4;C:\Users\esthe\Downloads\destroy 14 _\Dest_1405_11_one.mp4;C:\Users\esthe\Downloads\destroy 14 _\Dest_1405_12_two.mp4;C:\Users\esthe\Downloads\destroy 14 _\Dest_1405_13_five.mp4;C:\Users\esthe\Downloads\destroy 14 _\Dest_1405_14_onehalf.mp4;C:\Users\esthe\Downloads\destroy 14 _\Dest_1405_15_seven.mp4;C:\Users\esthe\Downloads\destroy 14 _\Dest_1405_16_three.mp4;C:\Users\esthe\Downloads\destroy 14 _\Dest_1405_17_three.mp4;C:\Users\esthe\Downloads\destroy 14 _\Dest_1405_18_two.mp4;C:\Users\esthe\Downloads\destroy 14 _\Dest_1405_19_five.mp4;C:\Users\esthe\Downloads\destroy 14 _\Dest_1405_20_one.mp4;C:\Users\esthe\Downloads\destroy 14 _\Dest_1405_21_five.mp4;C:\Users\esthe\Downloads\destroy 14 _\Dest_1405_22_seven.mp4;C:\Users\esthe\Downloads\destroy 14 _\Dest_1405_23_two.mp4;C:\Users\esthe\Downloads\destroy 14 _\Dest_1405_24_three.mp4;C:\Users\esthe\Downloads\destroy 14 _\Dest_1405_3_three.mp4;C:\Users\esthe\Downloads\destroy 14 _\Dest_1405_4_seven.mp4;C:\Users\esthe\Downloads\destroy 14 _\Dest_1405_5_five.mp4;C:\Users\esthe\Downloads\destroy 14 _\Dest_1405_6_seven.mp4;C:\Users\esthe\Downloads\destroy 14 _\Dest_1405_7_two.mp4;C:\Users\esthe\Downloads\destroy 14 _\Dest_1405_8_five.mp4;C:\Users\esthe\Downloads\destroy 14 _\Dest_1405_9_two.mp4,0.0,5.733;7.332;7.532;9.967;5.533;11.765;7.566;7.666;5.399;10.698;14.798;9.032;17.966;5.367;13.428;4.134;10.598;14.335;5.466;17.264;6.999;7.933;4.666,30.000;30.000;30.000;30.000;30.000;30.000;30.000;30.000;30.000;30.000;30.000;30.000;30.000;30.000;30.000;30.000;30.000;30.000;30.000;30.000;30.000;30.000;30.000,Destroy,digging,,,STOP,93.685,C:\Users\esthe\Downloads\destroy 14 _\Dest_1405_19_five.mp4,435,NA,
dest_1405,2025-06-26 15:24:30.572,,205.135,Media file(s),player #1:C:\Users\esthe\Downloads\destroy 14 _\commentary;C:\Users\esthe\Downloads\destroy 14 _\Dest_1405_10_three.mp4;C:\Users\esthe\Downloads\destroy 14 _\Dest_1405_11_one.mp4;C:\Users\esthe\Downloads\destroy 14 _\Dest_1405_12_two.mp4;C:\Users\esthe\Downloads\destroy 14 _\Dest_1405_13_five.mp4;C:\Users\esthe\Downloads\destroy 14 _\Dest_1405_14_onehalf.mp4;C:\Users\esthe\Downloads\destroy 14 _\Dest_1405_15_seven.mp4;C:\Users\esthe\Downloads\destroy 14 _\Dest_1405_16_three.mp4;C:\Users\esthe\Downloads\destroy 14 _\Dest_1405_17_three.mp4;C:\Users\esthe\Downloads\destroy 14 _\Dest_1405_18_two.mp4;C:\Users\esthe\Downloads\destroy 14 _\Dest_1405_19_five.mp4;C:\Users\esthe\Downloads\destroy 14 _\Dest_1405_20_one.mp4;C:\Users\esthe\Downloads\destroy 14 _\Dest_1405_21_five.mp4;C:\Users\esthe\Downloads\destroy 14 _\Dest_1405_22_seven.mp4;C:\Users\esthe\Downloads\destroy 14 _\Dest_1405_23_two.mp4;C:\Users\esthe\Downloads\destroy 14 _\Dest_1405_24_three.mp4;C:\Users\esthe\Downloads\destroy 14 _\Dest_1405_3_three.mp4;C:\Users\esthe\Downloads\destroy 14 _\Dest_1405_4_seven.mp4;C:\Users\esthe\Downloads\destroy 14 _\Dest_1405_5_five.mp4;C:\Users\esthe\Downloads\destroy 14 _\Dest_1405_6_seven.mp4;C:\Users\esthe\Downloads\destroy 14 _\Dest_1405_7_two.mp4;C:\Users\esthe\Downloads\destroy 14 _\Dest_1405_8_five.mp4;C:\Users\esthe\Downloads\destroy 14 _\Dest_1405_9_two.mp4,0.0,5.733;7.332;7.532;9.967;5.533;11.765;7.566;7.666;5.399;10.698;14.798;9.032;17.966;5.367;13.428;4.134;10.598;14.335;5.466;17.264;6.999;7.933;4.666,30.000;30.000;30.000;30.000;30.000;30.000;30.000;30.000;30.000;30.000;30.000;30.000;30.000;30.000;30.000;30.000;30.000;30.000;30.000;30.000;30.000;30.000;30.000,Destroy,target,,,START,93.984,C:\Users\esthe\Downloads\destroy 14 _\Dest_1405_19_five.mp4,0,NA,
dest_1405,2025-06-26 15:24:30.572,,205.135,Media file(s),player #1:C:\Users\esthe\Downloads\destroy 14 _\commentary;C:\Users\esthe\Downloads\destroy 14 _\Dest_1405_10_three.mp4;C:\Users\esthe\Downloads\destroy 14 _\Dest_1405_11_one.mp4;C:\Users\esthe\Downloads\destroy 14 _\Dest_1405_12_two.mp4;C:\Users\esthe\Downloads\destroy 14 _\Dest_1405_13_five.mp4;C:\Users\esthe\Downloads\destroy 14 _\Dest_1405_14_onehalf.mp4;C:\Users\esthe\Downloads\destroy 14 _\Dest_1405_15_seven.mp4;C:\Users\esthe\Downloads\destroy 14 _\Dest_1405_16_three.mp4;C:\Users\esthe\Downloads\destroy 14 _\Dest_1405_17_three.mp4;C:\Users\esthe\Downloads\destroy 14 _\Dest_1405_18_two.mp4;C:\Users\esthe\Downloads\destroy 14 _\Dest_1405_19_five.mp4;C:\Users\esthe\Downloads\destroy 14 _\Dest_1405_20_one.mp4;C:\Users\esthe\Downloads\destroy 14 _\Dest_1405_21_five.mp4;C:\Users\esthe\Downloads\destroy 14 _\Dest_1405_22_seven.mp4;C:\Users\esthe\Downloads\destroy 14 _\Dest_1405_23_two.mp4;C:\Users\esthe\Downloads\destroy 14 _\Dest_1405_24_three.mp4;C:\Users\esthe\Downloads\destroy 14 _\Dest_1405_3_three.mp4;C:\Users\esthe\Downloads\destroy 14 _\Dest_1405_4_seven.mp4;C:\Users\esthe\Downloads\destroy 14 _\Dest_1405_5_five.mp4;C:\Users\esthe\Downloads\destroy 14 _\Dest_1405_6_seven.mp4;C:\Users\esthe\Downloads\destroy 14 _\Dest_1405_7_two.mp4;C:\Users\esthe\Downloads\destroy 14 _\Dest_1405_8_five.mp4;C:\Users\esthe\Downloads\destroy 14 _\Dest_1405_9_two.mp4,0.0,5.733;7.332;7.532;9.967;5.533;11.765;7.566;7.666;5.399;10.698;14.798;9.032;17.966;5.367;13.428;4.134;10.598;14.335;5.466;17.264;6.999;7.933;4.666,30.000;30.000;30.000;30.000;30.000;30.000;30.000;30.000;30.000;30.000;30.000;30.000;30.000;30.000;30.000;30.000;30.000;30.000;30.000;30.000;30.000;30.000;30.000,Destroy,bending,,,START,95.717,C:\Users\esthe\Downloads\destroy 14 _\Dest_1405_20_one.mp4,52,NA,
dest_1405,2025-06-26 15:24:30.572,,205.135,Media file(s),player #1:C:\Users\esthe\Downloads\destroy 14 _\commentary;C:\Users\esthe\Downloads\destroy 14 _\Dest_1405_10_three.mp4;C:\Users\esthe\Downloads\destroy 14 _\Dest_1405_11_one.mp4;C:\Users\esthe\Downloads\destroy 14 _\Dest_1405_12_two.mp4;C:\Users\esthe\Downloads\destroy 14 _\Dest_1405_13_five.mp4;C:\Users\esthe\Downloads\destroy 14 _\Dest_1405_14_onehalf.mp4;C:\Users\esthe\Downloads\destroy 14 _\Dest_1405_15_seven.mp4;C:\Users\esthe\Downloads\destroy 14 _\Dest_1405_16_three.mp4;C:\Users\esthe\Downloads\destroy 14 _\Dest_1405_17_three.mp4;C:\Users\esthe\Downloads\destroy 14 _\Dest_1405_18_two.mp4;C:\Users\esthe\Downloads\destroy 14 _\Dest_1405_19_five.mp4;C:\Users\esthe\Downloads\destroy 14 _\Dest_1405_20_one.mp4;C:\Users\esthe\Downloads\destroy 14 _\Dest_1405_21_five.mp4;C:\Users\esthe\Downloads\destroy 14 _\Dest_1405_22_seven.mp4;C:\Users\esthe\Downloads\destroy 14 _\Dest_1405_23_two.mp4;C:\Users\esthe\Downloads\destroy 14 _\Dest_1405_24_three.mp4;C:\Users\esthe\Downloads\destroy 14 _\Dest_1405_3_three.mp4;C:\Users\esthe\Downloads\destroy 14 _\Dest_1405_4_seven.mp4;C:\Users\esthe\Downloads\destroy 14 _\Dest_1405_5_five.mp4;C:\Users\esthe\Downloads\destroy 14 _\Dest_1405_6_seven.mp4;C:\Users\esthe\Downloads\destroy 14 _\Dest_1405_7_two.mp4;C:\Users\esthe\Downloads\destroy 14 _\Dest_1405_8_five.mp4;C:\Users\esthe\Downloads\destroy 14 _\Dest_1405_9_two.mp4,0.0,5.733;7.332;7.532;9.967;5.533;11.765;7.566;7.666;5.399;10.698;14.798;9.032;17.966;5.367;13.428;4.134;10.598;14.335;5.466;17.264;6.999;7.933;4.666,30.000;30.000;30.000;30.000;30.000;30.000;30.000;30.000;30.000;30.000;30.000;30.000;30.000;30.000;30.000;30.000;30.000;30.000;30.000;30.000;30.000;30.000;30.000,Destroy,target,,,STOP,95.717,C:\Users\esthe\Downloads\destroy 14 _\Dest_1405_20_one.mp4,52,NA,
dest_1405,2025-06-26 15:24:30.572,,205.135,Media file(s),player #1:C:\Users\esthe\Downloads\destroy 14 _\commentary;C:\Users\esthe\Downloads\destroy 14 _\Dest_1405_10_three.mp4;C:\Users\esthe\Downloads\destroy 14 _\Dest_1405_11_one.mp4;C:\Users\esthe\Downloads\destroy 14 _\Dest_1405_12_two.mp4;C:\Users\esthe\Downloads\destroy 14 _\Dest_1405_13_five.mp4;C:\Users\esthe\Downloads\destroy 14 _\Dest_1405_14_onehalf.mp4;C:\Users\esthe\Downloads\destroy 14 _\Dest_1405_15_seven.mp4;C:\Users\esthe\Downloads\destroy 14 _\Dest_1405_16_three.mp4;C:\Users\esthe\Downloads\destroy 14 _\Dest_1405_17_three.mp4;C:\Users\esthe\Downloads\destroy 14 _\Dest_1405_18_two.mp4;C:\Users\esthe\Downloads\destroy 14 _\Dest_1405_19_five.mp4;C:\Users\esthe\Downloads\destroy 14 _\Dest_1405_20_one.mp4;C:\Users\esthe\Downloads\destroy 14 _\Dest_1405_21_five.mp4;C:\Users\esthe\Downloads\destroy 14 _\Dest_1405_22_seven.mp4;C:\Users\esthe\Downloads\destroy 14 _\Dest_1405_23_two.mp4;C:\Users\esthe\Downloads\destroy 14 _\Dest_1405_24_three.mp4;C:\Users\esthe\Downloads\destroy 14 _\Dest_1405_3_three.mp4;C:\Users\esthe\Downloads\destroy 14 _\Dest_1405_4_seven.mp4;C:\Users\esthe\Downloads\destroy 14 _\Dest_1405_5_five.mp4;C:\Users\esthe\Downloads\destroy 14 _\Dest_1405_6_seven.mp4;C:\Users\esthe\Downloads\destroy 14 _\Dest_1405_7_two.mp4;C:\Users\esthe\Downloads\destroy 14 _\Dest_1405_8_five.mp4;C:\Users\esthe\Downloads\destroy 14 _\Dest_1405_9_two.mp4,0.0,5.733;7.332;7.532;9.967;5.533;11.765;7.566;7.666;5.399;10.698;14.798;9.032;17.966;5.367;13.428;4.134;10.598;14.335;5.466;17.264;6.999;7.933;4.666,30.000;30.000;30.000;30.000;30.000;30.000;30.000;30.000;30.000;30.000;30.000;30.000;30.000;30.000;30.000;30.000;30.000;30.000;30.000;30.000;30.000;30.000;30.000,Destroy,bending,,,STOP,96.117,C:\Users\esthe\Downloads\destroy 14 _\Dest_1405_20_one.mp4,64,NA,
dest_1405,2025-06-26 15:24:30.572,,205.135,Media file(s),player #1:C:\Users\esthe\Downloads\destroy 14 _\commentary;C:\Users\esthe\Downloads\destroy 14 _\Dest_1405_10_three.mp4;C:\Users\esthe\Downloads\destroy 14 _\Dest_1405_11_one.mp4;C:\Users\esthe\Downloads\destroy 14 _\Dest_1405_12_two.mp4;C:\Users\esthe\Downloads\destroy 14 _\Dest_1405_13_five.mp4;C:\Users\esthe\Downloads\destroy 14 _\Dest_1405_14_onehalf.mp4;C:\Users\esthe\Downloads\destroy 14 _\Dest_1405_15_seven.mp4;C:\Users\esthe\Downloads\destroy 14 _\Dest_1405_16_three.mp4;C:\Users\esthe\Downloads\destroy 14 _\Dest_1405_17_three.mp4;C:\Users\esthe\Downloads\destroy 14 _\Dest_1405_18_two.mp4;C:\Users\esthe\Downloads\destroy 14 _\Dest_1405_19_five.mp4;C:\Users\esthe\Downloads\destroy 14 _\Dest_1405_20_one.mp4;C:\Users\esthe\Downloads\destroy 14 _\Dest_1405_21_five.mp4;C:\Users\esthe\Downloads\destroy 14 _\Dest_1405_22_seven.mp4;C:\Users\esthe\Downloads\destroy 14 _\Dest_1405_23_two.mp4;C:\Users\esthe\Downloads\destroy 14 _\Dest_1405_24_three.mp4;C:\Users\esthe\Downloads\destroy 14 _\Dest_1405_3_three.mp4;C:\Users\esthe\Downloads\destroy 14 _\Dest_1405_4_seven.mp4;C:\Users\esthe\Downloads\destroy 14 _\Dest_1405_5_five.mp4;C:\Users\esthe\Downloads\destroy 14 _\Dest_1405_6_seven.mp4;C:\Users\esthe\Downloads\destroy 14 _\Dest_1405_7_two.mp4;C:\Users\esthe\Downloads\destroy 14 _\Dest_1405_8_five.mp4;C:\Users\esthe\Downloads\destroy 14 _\Dest_1405_9_two.mp4,0.0,5.733;7.332;7.532;9.967;5.533;11.765;7.566;7.666;5.399;10.698;14.798;9.032;17.966;5.367;13.428;4.134;10.598;14.335;5.466;17.264;6.999;7.933;4.666,30.000;30.000;30.000;30.000;30.000;30.000;30.000;30.000;30.000;30.000;30.000;30.000;30.000;30.000;30.000;30.000;30.000;30.000;30.000;30.000;30.000;30.000;30.000,Destroy,grabbing peanut,,,POINT,96.117,C:\Users\esthe\Downloads\destroy 14 _\Dest_1405_20_one.mp4,64,NA,
dest_1405,2025-06-26 15:24:30.572,,205.135,Media file(s),player #1:C:\Users\esthe\Downloads\destroy 14 _\commentary;C:\Users\esthe\Downloads\destroy 14 _\Dest_1405_10_three.mp4;C:\Users\esthe\Downloads\destroy 14 _\Dest_1405_11_one.mp4;C:\Users\esthe\Downloads\destroy 14 _\Dest_1405_12_two.mp4;C:\Users\esthe\Downloads\destroy 14 _\Dest_1405_13_five.mp4;C:\Users\esthe\Downloads\destroy 14 _\Dest_1405_14_onehalf.mp4;C:\Users\esthe\Downloads\destroy 14 _\Dest_1405_15_seven.mp4;C:\Users\esthe\Downloads\destroy 14 _\Dest_1405_16_three.mp4;C:\Users\esthe\Downloads\destroy 14 _\Dest_1405_17_three.mp4;C:\Users\esthe\Downloads\destroy 14 _\Dest_1405_18_two.mp4;C:\Users\esthe\Downloads\destroy 14 _\Dest_1405_19_five.mp4;C:\Users\esthe\Downloads\destroy 14 _\Dest_1405_20_one.mp4;C:\Users\esthe\Downloads\destroy 14 _\Dest_1405_21_five.mp4;C:\Users\esthe\Downloads\destroy 14 _\Dest_1405_22_seven.mp4;C:\Users\esthe\Downloads\destroy 14 _\Dest_1405_23_two.mp4;C:\Users\esthe\Downloads\destroy 14 _\Dest_1405_24_three.mp4;C:\Users\esthe\Downloads\destroy 14 _\Dest_1405_3_three.mp4;C:\Users\esthe\Downloads\destroy 14 _\Dest_1405_4_seven.mp4;C:\Users\esthe\Downloads\destroy 14 _\Dest_1405_5_five.mp4;C:\Users\esthe\Downloads\destroy 14 _\Dest_1405_6_seven.mp4;C:\Users\esthe\Downloads\destroy 14 _\Dest_1405_7_two.mp4;C:\Users\esthe\Downloads\destroy 14 _\Dest_1405_8_five.mp4;C:\Users\esthe\Downloads\destroy 14 _\Dest_1405_9_two.mp4,0.0,5.733;7.332;7.532;9.967;5.533;11.765;7.566;7.666;5.399;10.698;14.798;9.032;17.966;5.367;13.428;4.134;10.598;14.335;5.466;17.264;6.999;7.933;4.666,30.000;30.000;30.000;30.000;30.000;30.000;30.000;30.000;30.000;30.000;30.000;30.000;30.000;30.000;30.000;30.000;30.000;30.000;30.000;30.000;30.000;30.000;30.000,Destroy,lifting,,,START,96.150,C:\Users\esthe\Downloads\destroy 14 _\Dest_1405_20_one.mp4,65,NA,
dest_1405,2025-06-26 15:24:30.572,,205.135,Media file(s),player #1:C:\Users\esthe\Downloads\destroy 14 _\commentary;C:\Users\esthe\Downloads\destroy 14 _\Dest_1405_10_three.mp4;C:\Users\esthe\Downloads\destroy 14 _\Dest_1405_11_one.mp4;C:\Users\esthe\Downloads\destroy 14 _\Dest_1405_12_two.mp4;C:\Users\esthe\Downloads\destroy 14 _\Dest_1405_13_five.mp4;C:\Users\esthe\Downloads\destroy 14 _\Dest_1405_14_onehalf.mp4;C:\Users\esthe\Downloads\destroy 14 _\Dest_1405_15_seven.mp4;C:\Users\esthe\Downloads\destroy 14 _\Dest_1405_16_three.mp4;C:\Users\esthe\Downloads\destroy 14 _\Dest_1405_17_three.mp4;C:\Users\esthe\Downloads\destroy 14 _\Dest_1405_18_two.mp4;C:\Users\esthe\Downloads\destroy 14 _\Dest_1405_19_five.mp4;C:\Users\esthe\Downloads\destroy 14 _\Dest_1405_20_one.mp4;C:\Users\esthe\Downloads\destroy 14 _\Dest_1405_21_five.mp4;C:\Users\esthe\Downloads\destroy 14 _\Dest_1405_22_seven.mp4;C:\Users\esthe\Downloads\destroy 14 _\Dest_1405_23_two.mp4;C:\Users\esthe\Downloads\destroy 14 _\Dest_1405_24_three.mp4;C:\Users\esthe\Downloads\destroy 14 _\Dest_1405_3_three.mp4;C:\Users\esthe\Downloads\destroy 14 _\Dest_1405_4_seven.mp4;C:\Users\esthe\Downloads\destroy 14 _\Dest_1405_5_five.mp4;C:\Users\esthe\Downloads\destroy 14 _\Dest_1405_6_seven.mp4;C:\Users\esthe\Downloads\destroy 14 _\Dest_1405_7_two.mp4;C:\Users\esthe\Downloads\destroy 14 _\Dest_1405_8_five.mp4;C:\Users\esthe\Downloads\destroy 14 _\Dest_1405_9_two.mp4,0.0,5.733;7.332;7.532;9.967;5.533;11.765;7.566;7.666;5.399;10.698;14.798;9.032;17.966;5.367;13.428;4.134;10.598;14.335;5.466;17.264;6.999;7.933;4.666,30.000;30.000;30.000;30.000;30.000;30.000;30.000;30.000;30.000;30.000;30.000;30.000;30.000;30.000;30.000;30.000;30.000;30.000;30.000;30.000;30.000;30.000;30.000,Destroy,lifting,,,STOP,97.017,C:\Users\esthe\Downloads\destroy 14 _\Dest_1405_20_one.mp4,91,NA,
dest_1405,2025-06-26 15:24:30.572,,205.135,Media file(s),player #1:C:\Users\esthe\Downloads\destroy 14 _\commentary;C:\Users\esthe\Downloads\destroy 14 _\Dest_1405_10_three.mp4;C:\Users\esthe\Downloads\destroy 14 _\Dest_1405_11_one.mp4;C:\Users\esthe\Downloads\destroy 14 _\Dest_1405_12_two.mp4;C:\Users\esthe\Downloads\destroy 14 _\Dest_1405_13_five.mp4;C:\Users\esthe\Downloads\destroy 14 _\Dest_1405_14_onehalf.mp4;C:\Users\esthe\Downloads\destroy 14 _\Dest_1405_15_seven.mp4;C:\Users\esthe\Downloads\destroy 14 _\Dest_1405_16_three.mp4;C:\Users\esthe\Downloads\destroy 14 _\Dest_1405_17_three.mp4;C:\Users\esthe\Downloads\destroy 14 _\Dest_1405_18_two.mp4;C:\Users\esthe\Downloads\destroy 14 _\Dest_1405_19_five.mp4;C:\Users\esthe\Downloads\destroy 14 _\Dest_1405_20_one.mp4;C:\Users\esthe\Downloads\destroy 14 _\Dest_1405_21_five.mp4;C:\Users\esthe\Downloads\destroy 14 _\Dest_1405_22_seven.mp4;C:\Users\esthe\Downloads\destroy 14 _\Dest_1405_23_two.mp4;C:\Users\esthe\Downloads\destroy 14 _\Dest_1405_24_three.mp4;C:\Users\esthe\Downloads\destroy 14 _\Dest_1405_3_three.mp4;C:\Users\esthe\Downloads\destroy 14 _\Dest_1405_4_seven.mp4;C:\Users\esthe\Downloads\destroy 14 _\Dest_1405_5_five.mp4;C:\Users\esthe\Downloads\destroy 14 _\Dest_1405_6_seven.mp4;C:\Users\esthe\Downloads\destroy 14 _\Dest_1405_7_two.mp4;C:\Users\esthe\Downloads\destroy 14 _\Dest_1405_8_five.mp4;C:\Users\esthe\Downloads\destroy 14 _\Dest_1405_9_two.mp4,0.0,5.733;7.332;7.532;9.967;5.533;11.765;7.566;7.666;5.399;10.698;14.798;9.032;17.966;5.367;13.428;4.134;10.598;14.335;5.466;17.264;6.999;7.933;4.666,30.000;30.000;30.000;30.000;30.000;30.000;30.000;30.000;30.000;30.000;30.000;30.000;30.000;30.000;30.000;30.000;30.000;30.000;30.000;30.000;30.000;30.000;30.000,Destroy,target,,,START,97.017,C:\Users\esthe\Downloads\destroy 14 _\Dest_1405_20_one.mp4,91,NA,
dest_1405,2025-06-26 15:24:30.572,,205.135,Media file(s),player #1:C:\Users\esthe\Downloads\destroy 14 _\commentary;C:\Users\esthe\Downloads\destroy 14 _\Dest_1405_10_three.mp4;C:\Users\esthe\Downloads\destroy 14 _\Dest_1405_11_one.mp4;C:\Users\esthe\Downloads\destroy 14 _\Dest_1405_12_two.mp4;C:\Users\esthe\Downloads\destroy 14 _\Dest_1405_13_five.mp4;C:\Users\esthe\Downloads\destroy 14 _\Dest_1405_14_onehalf.mp4;C:\Users\esthe\Downloads\destroy 14 _\Dest_1405_15_seven.mp4;C:\Users\esthe\Downloads\destroy 14 _\Dest_1405_16_three.mp4;C:\Users\esthe\Downloads\destroy 14 _\Dest_1405_17_three.mp4;C:\Users\esthe\Downloads\destroy 14 _\Dest_1405_18_two.mp4;C:\Users\esthe\Downloads\destroy 14 _\Dest_1405_19_five.mp4;C:\Users\esthe\Downloads\destroy 14 _\Dest_1405_20_one.mp4;C:\Users\esthe\Downloads\destroy 14 _\Dest_1405_21_five.mp4;C:\Users\esthe\Downloads\destroy 14 _\Dest_1405_22_seven.mp4;C:\Users\esthe\Downloads\destroy 14 _\Dest_1405_23_two.mp4;C:\Users\esthe\Downloads\destroy 14 _\Dest_1405_24_three.mp4;C:\Users\esthe\Downloads\destroy 14 _\Dest_1405_3_three.mp4;C:\Users\esthe\Downloads\destroy 14 _\Dest_1405_4_seven.mp4;C:\Users\esthe\Downloads\destroy 14 _\Dest_1405_5_five.mp4;C:\Users\esthe\Downloads\destroy 14 _\Dest_1405_6_seven.mp4;C:\Users\esthe\Downloads\destroy 14 _\Dest_1405_7_two.mp4;C:\Users\esthe\Downloads\destroy 14 _\Dest_1405_8_five.mp4;C:\Users\esthe\Downloads\destroy 14 _\Dest_1405_9_two.mp4,0.0,5.733;7.332;7.532;9.967;5.533;11.765;7.566;7.666;5.399;10.698;14.798;9.032;17.966;5.367;13.428;4.134;10.598;14.335;5.466;17.264;6.999;7.933;4.666,30.000;30.000;30.000;30.000;30.000;30.000;30.000;30.000;30.000;30.000;30.000;30.000;30.000;30.000;30.000;30.000;30.000;30.000;30.000;30.000;30.000;30.000;30.000,Destroy,target,,,STOP,102.816,C:\Users\esthe\Downloads\destroy 14 _\Dest_1405_20_one.mp4,264,NA,
dest_1405,2025-06-26 15:24:30.572,,205.135,Media file(s),player #1:C:\Users\esthe\Downloads\destroy 14 _\commentary;C:\Users\esthe\Downloads\destroy 14 _\Dest_1405_10_three.mp4;C:\Users\esthe\Downloads\destroy 14 _\Dest_1405_11_one.mp4;C:\Users\esthe\Downloads\destroy 14 _\Dest_1405_12_two.mp4;C:\Users\esthe\Downloads\destroy 14 _\Dest_1405_13_five.mp4;C:\Users\esthe\Downloads\destroy 14 _\Dest_1405_14_onehalf.mp4;C:\Users\esthe\Downloads\destroy 14 _\Dest_1405_15_seven.mp4;C:\Users\esthe\Downloads\destroy 14 _\Dest_1405_16_three.mp4;C:\Users\esthe\Downloads\destroy 14 _\Dest_1405_17_three.mp4;C:\Users\esthe\Downloads\destroy 14 _\Dest_1405_18_two.mp4;C:\Users\esthe\Downloads\destroy 14 _\Dest_1405_19_five.mp4;C:\Users\esthe\Downloads\destroy 14 _\Dest_1405_20_one.mp4;C:\Users\esthe\Downloads\destroy 14 _\Dest_1405_21_five.mp4;C:\Users\esthe\Downloads\destroy 14 _\Dest_1405_22_seven.mp4;C:\Users\esthe\Downloads\destroy 14 _\Dest_1405_23_two.mp4;C:\Users\esthe\Downloads\destroy 14 _\Dest_1405_24_three.mp4;C:\Users\esthe\Downloads\destroy 14 _\Dest_1405_3_three.mp4;C:\Users\esthe\Downloads\destroy 14 _\Dest_1405_4_seven.mp4;C:\Users\esthe\Downloads\destroy 14 _\Dest_1405_5_five.mp4;C:\Users\esthe\Downloads\destroy 14 _\Dest_1405_6_seven.mp4;C:\Users\esthe\Downloads\destroy 14 _\Dest_1405_7_two.mp4;C:\Users\esthe\Downloads\destroy 14 _\Dest_1405_8_five.mp4;C:\Users\esthe\Downloads\destroy 14 _\Dest_1405_9_two.mp4,0.0,5.733;7.332;7.532;9.967;5.533;11.765;7.566;7.666;5.399;10.698;14.798;9.032;17.966;5.367;13.428;4.134;10.598;14.335;5.466;17.264;6.999;7.933;4.666,30.000;30.000;30.000;30.000;30.000;30.000;30.000;30.000;30.000;30.000;30.000;30.000;30.000;30.000;30.000;30.000;30.000;30.000;30.000;30.000;30.000;30.000;30.000,Destroy,target,,,START,103.049,C:\Users\esthe\Downloads\destroy 14 _\Dest_1405_21_five.mp4,1,NA,
dest_1405,2025-06-26 15:24:30.572,,205.135,Media file(s),player #1:C:\Users\esthe\Downloads\destroy 14 _\commentary;C:\Users\esthe\Downloads\destroy 14 _\Dest_1405_10_three.mp4;C:\Users\esthe\Downloads\destroy 14 _\Dest_1405_11_one.mp4;C:\Users\esthe\Downloads\destroy 14 _\Dest_1405_12_two.mp4;C:\Users\esthe\Downloads\destroy 14 _\Dest_1405_13_five.mp4;C:\Users\esthe\Downloads\destroy 14 _\Dest_1405_14_onehalf.mp4;C:\Users\esthe\Downloads\destroy 14 _\Dest_1405_15_seven.mp4;C:\Users\esthe\Downloads\destroy 14 _\Dest_1405_16_three.mp4;C:\Users\esthe\Downloads\destroy 14 _\Dest_1405_17_three.mp4;C:\Users\esthe\Downloads\destroy 14 _\Dest_1405_18_two.mp4;C:\Users\esthe\Downloads\destroy 14 _\Dest_1405_19_five.mp4;C:\Users\esthe\Downloads\destroy 14 _\Dest_1405_20_one.mp4;C:\Users\esthe\Downloads\destroy 14 _\Dest_1405_21_five.mp4;C:\Users\esthe\Downloads\destroy 14 _\Dest_1405_22_seven.mp4;C:\Users\esthe\Downloads\destroy 14 _\Dest_1405_23_two.mp4;C:\Users\esthe\Downloads\destroy 14 _\Dest_1405_24_three.mp4;C:\Users\esthe\Downloads\destroy 14 _\Dest_1405_3_three.mp4;C:\Users\esthe\Downloads\destroy 14 _\Dest_1405_4_seven.mp4;C:\Users\esthe\Downloads\destroy 14 _\Dest_1405_5_five.mp4;C:\Users\esthe\Downloads\destroy 14 _\Dest_1405_6_seven.mp4;C:\Users\esthe\Downloads\destroy 14 _\Dest_1405_7_two.mp4;C:\Users\esthe\Downloads\destroy 14 _\Dest_1405_8_five.mp4;C:\Users\esthe\Downloads\destroy 14 _\Dest_1405_9_two.mp4,0.0,5.733;7.332;7.532;9.967;5.533;11.765;7.566;7.666;5.399;10.698;14.798;9.032;17.966;5.367;13.428;4.134;10.598;14.335;5.466;17.264;6.999;7.933;4.666,30.000;30.000;30.000;30.000;30.000;30.000;30.000;30.000;30.000;30.000;30.000;30.000;30.000;30.000;30.000;30.000;30.000;30.000;30.000;30.000;30.000;30.000;30.000,Destroy,target,,,STOP,111.550,C:\Users\esthe\Downloads\destroy 14 _\Dest_1405_21_five.mp4,256,NA,
dest_1405,2025-06-26 15:24:30.572,,205.135,Media file(s),player #1:C:\Users\esthe\Downloads\destroy 14 _\commentary;C:\Users\esthe\Downloads\destroy 14 _\Dest_1405_10_three.mp4;C:\Users\esthe\Downloads\destroy 14 _\Dest_1405_11_one.mp4;C:\Users\esthe\Downloads\destroy 14 _\Dest_1405_12_two.mp4;C:\Users\esthe\Downloads\destroy 14 _\Dest_1405_13_five.mp4;C:\Users\esthe\Downloads\destroy 14 _\Dest_1405_14_onehalf.mp4;C:\Users\esthe\Downloads\destroy 14 _\Dest_1405_15_seven.mp4;C:\Users\esthe\Downloads\destroy 14 _\Dest_1405_16_three.mp4;C:\Users\esthe\Downloads\destroy 14 _\Dest_1405_17_three.mp4;C:\Users\esthe\Downloads\destroy 14 _\Dest_1405_18_two.mp4;C:\Users\esthe\Downloads\destroy 14 _\Dest_1405_19_five.mp4;C:\Users\esthe\Downloads\destroy 14 _\Dest_1405_20_one.mp4;C:\Users\esthe\Downloads\destroy 14 _\Dest_1405_21_five.mp4;C:\Users\esthe\Downloads\destroy 14 _\Dest_1405_22_seven.mp4;C:\Users\esthe\Downloads\destroy 14 _\Dest_1405_23_two.mp4;C:\Users\esthe\Downloads\destroy 14 _\Dest_1405_24_three.mp4;C:\Users\esthe\Downloads\destroy 14 _\Dest_1405_3_three.mp4;C:\Users\esthe\Downloads\destroy 14 _\Dest_1405_4_seven.mp4;C:\Users\esthe\Downloads\destroy 14 _\Dest_1405_5_five.mp4;C:\Users\esthe\Downloads\destroy 14 _\Dest_1405_6_seven.mp4;C:\Users\esthe\Downloads\destroy 14 _\Dest_1405_7_two.mp4;C:\Users\esthe\Downloads\destroy 14 _\Dest_1405_8_five.mp4;C:\Users\esthe\Downloads\destroy 14 _\Dest_1405_9_two.mp4,0.0,5.733;7.332;7.532;9.967;5.533;11.765;7.566;7.666;5.399;10.698;14.798;9.032;17.966;5.367;13.428;4.134;10.598;14.335;5.466;17.264;6.999;7.933;4.666,30.000;30.000;30.000;30.000;30.000;30.000;30.000;30.000;30.000;30.000;30.000;30.000;30.000;30.000;30.000;30.000;30.000;30.000;30.000;30.000;30.000;30.000;30.000,Destroy,bending,,,START,111.583,C:\Users\esthe\Downloads\destroy 14 _\Dest_1405_21_five.mp4,257,NA,
dest_1405,2025-06-26 15:24:30.572,,205.135,Media file(s),player #1:C:\Users\esthe\Downloads\destroy 14 _\commentary;C:\Users\esthe\Downloads\destroy 14 _\Dest_1405_10_three.mp4;C:\Users\esthe\Downloads\destroy 14 _\Dest_1405_11_one.mp4;C:\Users\esthe\Downloads\destroy 14 _\Dest_1405_12_two.mp4;C:\Users\esthe\Downloads\destroy 14 _\Dest_1405_13_five.mp4;C:\Users\esthe\Downloads\destroy 14 _\Dest_1405_14_onehalf.mp4;C:\Users\esthe\Downloads\destroy 14 _\Dest_1405_15_seven.mp4;C:\Users\esthe\Downloads\destroy 14 _\Dest_1405_16_three.mp4;C:\Users\esthe\Downloads\destroy 14 _\Dest_1405_17_three.mp4;C:\Users\esthe\Downloads\destroy 14 _\Dest_1405_18_two.mp4;C:\Users\esthe\Downloads\destroy 14 _\Dest_1405_19_five.mp4;C:\Users\esthe\Downloads\destroy 14 _\Dest_1405_20_one.mp4;C:\Users\esthe\Downloads\destroy 14 _\Dest_1405_21_five.mp4;C:\Users\esthe\Downloads\destroy 14 _\Dest_1405_22_seven.mp4;C:\Users\esthe\Downloads\destroy 14 _\Dest_1405_23_two.mp4;C:\Users\esthe\Downloads\destroy 14 _\Dest_1405_24_three.mp4;C:\Users\esthe\Downloads\destroy 14 _\Dest_1405_3_three.mp4;C:\Users\esthe\Downloads\destroy 14 _\Dest_1405_4_seven.mp4;C:\Users\esthe\Downloads\destroy 14 _\Dest_1405_5_five.mp4;C:\Users\esthe\Downloads\destroy 14 _\Dest_1405_6_seven.mp4;C:\Users\esthe\Downloads\destroy 14 _\Dest_1405_7_two.mp4;C:\Users\esthe\Downloads\destroy 14 _\Dest_1405_8_five.mp4;C:\Users\esthe\Downloads\destroy 14 _\Dest_1405_9_two.mp4,0.0,5.733;7.332;7.532;9.967;5.533;11.765;7.566;7.666;5.399;10.698;14.798;9.032;17.966;5.367;13.428;4.134;10.598;14.335;5.466;17.264;6.999;7.933;4.666,30.000;30.000;30.000;30.000;30.000;30.000;30.000;30.000;30.000;30.000;30.000;30.000;30.000;30.000;30.000;30.000;30.000;30.000;30.000;30.000;30.000;30.000;30.000,Destroy,bending,,,STOP,112.316,C:\Users\esthe\Downloads\destroy 14 _\Dest_1405_21_five.mp4,279,NA,
dest_1405,2025-06-26 15:24:30.572,,205.135,Media file(s),player #1:C:\Users\esthe\Downloads\destroy 14 _\commentary;C:\Users\esthe\Downloads\destroy 14 _\Dest_1405_10_three.mp4;C:\Users\esthe\Downloads\destroy 14 _\Dest_1405_11_one.mp4;C:\Users\esthe\Downloads\destroy 14 _\Dest_1405_12_two.mp4;C:\Users\esthe\Downloads\destroy 14 _\Dest_1405_13_five.mp4;C:\Users\esthe\Downloads\destroy 14 _\Dest_1405_14_onehalf.mp4;C:\Users\esthe\Downloads\destroy 14 _\Dest_1405_15_seven.mp4;C:\Users\esthe\Downloads\destroy 14 _\Dest_1405_16_three.mp4;C:\Users\esthe\Downloads\destroy 14 _\Dest_1405_17_three.mp4;C:\Users\esthe\Downloads\destroy 14 _\Dest_1405_18_two.mp4;C:\Users\esthe\Downloads\destroy 14 _\Dest_1405_19_five.mp4;C:\Users\esthe\Downloads\destroy 14 _\Dest_1405_20_one.mp4;C:\Users\esthe\Downloads\destroy 14 _\Dest_1405_21_five.mp4;C:\Users\esthe\Downloads\destroy 14 _\Dest_1405_22_seven.mp4;C:\Users\esthe\Downloads\destroy 14 _\Dest_1405_23_two.mp4;C:\Users\esthe\Downloads\destroy 14 _\Dest_1405_24_three.mp4;C:\Users\esthe\Downloads\destroy 14 _\Dest_1405_3_three.mp4;C:\Users\esthe\Downloads\destroy 14 _\Dest_1405_4_seven.mp4;C:\Users\esthe\Downloads\destroy 14 _\Dest_1405_5_five.mp4;C:\Users\esthe\Downloads\destroy 14 _\Dest_1405_6_seven.mp4;C:\Users\esthe\Downloads\destroy 14 _\Dest_1405_7_two.mp4;C:\Users\esthe\Downloads\destroy 14 _\Dest_1405_8_five.mp4;C:\Users\esthe\Downloads\destroy 14 _\Dest_1405_9_two.mp4,0.0,5.733;7.332;7.532;9.967;5.533;11.765;7.566;7.666;5.399;10.698;14.798;9.032;17.966;5.367;13.428;4.134;10.598;14.335;5.466;17.264;6.999;7.933;4.666,30.000;30.000;30.000;30.000;30.000;30.000;30.000;30.000;30.000;30.000;30.000;30.000;30.000;30.000;30.000;30.000;30.000;30.000;30.000;30.000;30.000;30.000;30.000,Destroy,grabbing peanut,,,POINT,112.316,C:\Users\esthe\Downloads\destroy 14 _\Dest_1405_21_five.mp4,279,NA,
dest_1405,2025-06-26 15:24:30.572,,205.135,Media file(s),player #1:C:\Users\esthe\Downloads\destroy 14 _\commentary;C:\Users\esthe\Downloads\destroy 14 _\Dest_1405_10_three.mp4;C:\Users\esthe\Downloads\destroy 14 _\Dest_1405_11_one.mp4;C:\Users\esthe\Downloads\destroy 14 _\Dest_1405_12_two.mp4;C:\Users\esthe\Downloads\destroy 14 _\Dest_1405_13_five.mp4;C:\Users\esthe\Downloads\destroy 14 _\Dest_1405_14_onehalf.mp4;C:\Users\esthe\Downloads\destroy 14 _\Dest_1405_15_seven.mp4;C:\Users\esthe\Downloads\destroy 14 _\Dest_1405_16_three.mp4;C:\Users\esthe\Downloads\destroy 14 _\Dest_1405_17_three.mp4;C:\Users\esthe\Downloads\destroy 14 _\Dest_1405_18_two.mp4;C:\Users\esthe\Downloads\destroy 14 _\Dest_1405_19_five.mp4;C:\Users\esthe\Downloads\destroy 14 _\Dest_1405_20_one.mp4;C:\Users\esthe\Downloads\destroy 14 _\Dest_1405_21_five.mp4;C:\Users\esthe\Downloads\destroy 14 _\Dest_1405_22_seven.mp4;C:\Users\esthe\Downloads\destroy 14 _\Dest_1405_23_two.mp4;C:\Users\esthe\Downloads\destroy 14 _\Dest_1405_24_three.mp4;C:\Users\esthe\Downloads\destroy 14 _\Dest_1405_3_three.mp4;C:\Users\esthe\Downloads\destroy 14 _\Dest_1405_4_seven.mp4;C:\Users\esthe\Downloads\destroy 14 _\Dest_1405_5_five.mp4;C:\Users\esthe\Downloads\destroy 14 _\Dest_1405_6_seven.mp4;C:\Users\esthe\Downloads\destroy 14 _\Dest_1405_7_two.mp4;C:\Users\esthe\Downloads\destroy 14 _\Dest_1405_8_five.mp4;C:\Users\esthe\Downloads\destroy 14 _\Dest_1405_9_two.mp4,0.0,5.733;7.332;7.532;9.967;5.533;11.765;7.566;7.666;5.399;10.698;14.798;9.032;17.966;5.367;13.428;4.134;10.598;14.335;5.466;17.264;6.999;7.933;4.666,30.000;30.000;30.000;30.000;30.000;30.000;30.000;30.000;30.000;30.000;30.000;30.000;30.000;30.000;30.000;30.000;30.000;30.000;30.000;30.000;30.000;30.000;30.000,Destroy,lifting,,,START,112.350,C:\Users\esthe\Downloads\destroy 14 _\Dest_1405_21_five.mp4,280,NA,
dest_1405,2025-06-26 15:24:30.572,,205.135,Media file(s),player #1:C:\Users\esthe\Downloads\destroy 14 _\commentary;C:\Users\esthe\Downloads\destroy 14 _\Dest_1405_10_three.mp4;C:\Users\esthe\Downloads\destroy 14 _\Dest_1405_11_one.mp4;C:\Users\esthe\Downloads\destroy 14 _\Dest_1405_12_two.mp4;C:\Users\esthe\Downloads\destroy 14 _\Dest_1405_13_five.mp4;C:\Users\esthe\Downloads\destroy 14 _\Dest_1405_14_onehalf.mp4;C:\Users\esthe\Downloads\destroy 14 _\Dest_1405_15_seven.mp4;C:\Users\esthe\Downloads\destroy 14 _\Dest_1405_16_three.mp4;C:\Users\esthe\Downloads\destroy 14 _\Dest_1405_17_three.mp4;C:\Users\esthe\Downloads\destroy 14 _\Dest_1405_18_two.mp4;C:\Users\esthe\Downloads\destroy 14 _\Dest_1405_19_five.mp4;C:\Users\esthe\Downloads\destroy 14 _\Dest_1405_20_one.mp4;C:\Users\esthe\Downloads\destroy 14 _\Dest_1405_21_five.mp4;C:\Users\esthe\Downloads\destroy 14 _\Dest_1405_22_seven.mp4;C:\Users\esthe\Downloads\destroy 14 _\Dest_1405_23_two.mp4;C:\Users\esthe\Downloads\destroy 14 _\Dest_1405_24_three.mp4;C:\Users\esthe\Downloads\destroy 14 _\Dest_1405_3_three.mp4;C:\Users\esthe\Downloads\destroy 14 _\Dest_1405_4_seven.mp4;C:\Users\esthe\Downloads\destroy 14 _\Dest_1405_5_five.mp4;C:\Users\esthe\Downloads\destroy 14 _\Dest_1405_6_seven.mp4;C:\Users\esthe\Downloads\destroy 14 _\Dest_1405_7_two.mp4;C:\Users\esthe\Downloads\destroy 14 _\Dest_1405_8_five.mp4;C:\Users\esthe\Downloads\destroy 14 _\Dest_1405_9_two.mp4,0.0,5.733;7.332;7.532;9.967;5.533;11.765;7.566;7.666;5.399;10.698;14.798;9.032;17.966;5.367;13.428;4.134;10.598;14.335;5.466;17.264;6.999;7.933;4.666,30.000;30.000;30.000;30.000;30.000;30.000;30.000;30.000;30.000;30.000;30.000;30.000;30.000;30.000;30.000;30.000;30.000;30.000;30.000;30.000;30.000;30.000;30.000,Destroy,lifting,,,STOP,112.783,C:\Users\esthe\Downloads\destroy 14 _\Dest_1405_21_five.mp4,293,NA,
dest_1405,2025-06-26 15:24:30.572,,205.135,Media file(s),player #1:C:\Users\esthe\Downloads\destroy 14 _\commentary;C:\Users\esthe\Downloads\destroy 14 _\Dest_1405_10_three.mp4;C:\Users\esthe\Downloads\destroy 14 _\Dest_1405_11_one.mp4;C:\Users\esthe\Downloads\destroy 14 _\Dest_1405_12_two.mp4;C:\Users\esthe\Downloads\destroy 14 _\Dest_1405_13_five.mp4;C:\Users\esthe\Downloads\destroy 14 _\Dest_1405_14_onehalf.mp4;C:\Users\esthe\Downloads\destroy 14 _\Dest_1405_15_seven.mp4;C:\Users\esthe\Downloads\destroy 14 _\Dest_1405_16_three.mp4;C:\Users\esthe\Downloads\destroy 14 _\Dest_1405_17_three.mp4;C:\Users\esthe\Downloads\destroy 14 _\Dest_1405_18_two.mp4;C:\Users\esthe\Downloads\destroy 14 _\Dest_1405_19_five.mp4;C:\Users\esthe\Downloads\destroy 14 _\Dest_1405_20_one.mp4;C:\Users\esthe\Downloads\destroy 14 _\Dest_1405_21_five.mp4;C:\Users\esthe\Downloads\destroy 14 _\Dest_1405_22_seven.mp4;C:\Users\esthe\Downloads\destroy 14 _\Dest_1405_23_two.mp4;C:\Users\esthe\Downloads\destroy 14 _\Dest_1405_24_three.mp4;C:\Users\esthe\Downloads\destroy 14 _\Dest_1405_3_three.mp4;C:\Users\esthe\Downloads\destroy 14 _\Dest_1405_4_seven.mp4;C:\Users\esthe\Downloads\destroy 14 _\Dest_1405_5_five.mp4;C:\Users\esthe\Downloads\destroy 14 _\Dest_1405_6_seven.mp4;C:\Users\esthe\Downloads\destroy 14 _\Dest_1405_7_two.mp4;C:\Users\esthe\Downloads\destroy 14 _\Dest_1405_8_five.mp4;C:\Users\esthe\Downloads\destroy 14 _\Dest_1405_9_two.mp4,0.0,5.733;7.332;7.532;9.967;5.533;11.765;7.566;7.666;5.399;10.698;14.798;9.032;17.966;5.367;13.428;4.134;10.598;14.335;5.466;17.264;6.999;7.933;4.666,30.000;30.000;30.000;30.000;30.000;30.000;30.000;30.000;30.000;30.000;30.000;30.000;30.000;30.000;30.000;30.000;30.000;30.000;30.000;30.000;30.000;30.000;30.000,Destroy,mouth,,,POINT,113.383,C:\Users\esthe\Downloads\destroy 14 _\Dest_1405_21_five.mp4,311,NA,
dest_1405,2025-06-26 15:24:30.572,,205.135,Media file(s),player #1:C:\Users\esthe\Downloads\destroy 14 _\commentary;C:\Users\esthe\Downloads\destroy 14 _\Dest_1405_10_three.mp4;C:\Users\esthe\Downloads\destroy 14 _\Dest_1405_11_one.mp4;C:\Users\esthe\Downloads\destroy 14 _\Dest_1405_12_two.mp4;C:\Users\esthe\Downloads\destroy 14 _\Dest_1405_13_five.mp4;C:\Users\esthe\Downloads\destroy 14 _\Dest_1405_14_onehalf.mp4;C:\Users\esthe\Downloads\destroy 14 _\Dest_1405_15_seven.mp4;C:\Users\esthe\Downloads\destroy 14 _\Dest_1405_16_three.mp4;C:\Users\esthe\Downloads\destroy 14 _\Dest_1405_17_three.mp4;C:\Users\esthe\Downloads\destroy 14 _\Dest_1405_18_two.mp4;C:\Users\esthe\Downloads\destroy 14 _\Dest_1405_19_five.mp4;C:\Users\esthe\Downloads\destroy 14 _\Dest_1405_20_one.mp4;C:\Users\esthe\Downloads\destroy 14 _\Dest_1405_21_five.mp4;C:\Users\esthe\Downloads\destroy 14 _\Dest_1405_22_seven.mp4;C:\Users\esthe\Downloads\destroy 14 _\Dest_1405_23_two.mp4;C:\Users\esthe\Downloads\destroy 14 _\Dest_1405_24_three.mp4;C:\Users\esthe\Downloads\destroy 14 _\Dest_1405_3_three.mp4;C:\Users\esthe\Downloads\destroy 14 _\Dest_1405_4_seven.mp4;C:\Users\esthe\Downloads\destroy 14 _\Dest_1405_5_five.mp4;C:\Users\esthe\Downloads\destroy 14 _\Dest_1405_6_seven.mp4;C:\Users\esthe\Downloads\destroy 14 _\Dest_1405_7_two.mp4;C:\Users\esthe\Downloads\destroy 14 _\Dest_1405_8_five.mp4;C:\Users\esthe\Downloads\destroy 14 _\Dest_1405_9_two.mp4,0.0,5.733;7.332;7.532;9.967;5.533;11.765;7.566;7.666;5.399;10.698;14.798;9.032;17.966;5.367;13.428;4.134;10.598;14.335;5.466;17.264;6.999;7.933;4.666,30.000;30.000;30.000;30.000;30.000;30.000;30.000;30.000;30.000;30.000;30.000;30.000;30.000;30.000;30.000;30.000;30.000;30.000;30.000;30.000;30.000;30.000;30.000,Destroy,target,,,START,113.816,C:\Users\esthe\Downloads\destroy 14 _\Dest_1405_21_five.mp4,324,NA,
dest_1405,2025-06-26 15:24:30.572,,205.135,Media file(s),player #1:C:\Users\esthe\Downloads\destroy 14 _\commentary;C:\Users\esthe\Downloads\destroy 14 _\Dest_1405_10_three.mp4;C:\Users\esthe\Downloads\destroy 14 _\Dest_1405_11_one.mp4;C:\Users\esthe\Downloads\destroy 14 _\Dest_1405_12_two.mp4;C:\Users\esthe\Downloads\destroy 14 _\Dest_1405_13_five.mp4;C:\Users\esthe\Downloads\destroy 14 _\Dest_1405_14_onehalf.mp4;C:\Users\esthe\Downloads\destroy 14 _\Dest_1405_15_seven.mp4;C:\Users\esthe\Downloads\destroy 14 _\Dest_1405_16_three.mp4;C:\Users\esthe\Downloads\destroy 14 _\Dest_1405_17_three.mp4;C:\Users\esthe\Downloads\destroy 14 _\Dest_1405_18_two.mp4;C:\Users\esthe\Downloads\destroy 14 _\Dest_1405_19_five.mp4;C:\Users\esthe\Downloads\destroy 14 _\Dest_1405_20_one.mp4;C:\Users\esthe\Downloads\destroy 14 _\Dest_1405_21_five.mp4;C:\Users\esthe\Downloads\destroy 14 _\Dest_1405_22_seven.mp4;C:\Users\esthe\Downloads\destroy 14 _\Dest_1405_23_two.mp4;C:\Users\esthe\Downloads\destroy 14 _\Dest_1405_24_three.mp4;C:\Users\esthe\Downloads\destroy 14 _\Dest_1405_3_three.mp4;C:\Users\esthe\Downloads\destroy 14 _\Dest_1405_4_seven.mp4;C:\Users\esthe\Downloads\destroy 14 _\Dest_1405_5_five.mp4;C:\Users\esthe\Downloads\destroy 14 _\Dest_1405_6_seven.mp4;C:\Users\esthe\Downloads\destroy 14 _\Dest_1405_7_two.mp4;C:\Users\esthe\Downloads\destroy 14 _\Dest_1405_8_five.mp4;C:\Users\esthe\Downloads\destroy 14 _\Dest_1405_9_two.mp4,0.0,5.733;7.332;7.532;9.967;5.533;11.765;7.566;7.666;5.399;10.698;14.798;9.032;17.966;5.367;13.428;4.134;10.598;14.335;5.466;17.264;6.999;7.933;4.666,30.000;30.000;30.000;30.000;30.000;30.000;30.000;30.000;30.000;30.000;30.000;30.000;30.000;30.000;30.000;30.000;30.000;30.000;30.000;30.000;30.000;30.000;30.000,Destroy,target,,,STOP,120.315,C:\Users\esthe\Downloads\destroy 14 _\Dest_1405_21_five.mp4,519,NA,
dest_1405,2025-06-26 15:24:30.572,,205.135,Media file(s),player #1:C:\Users\esthe\Downloads\destroy 14 _\commentary;C:\Users\esthe\Downloads\destroy 14 _\Dest_1405_10_three.mp4;C:\Users\esthe\Downloads\destroy 14 _\Dest_1405_11_one.mp4;C:\Users\esthe\Downloads\destroy 14 _\Dest_1405_12_two.mp4;C:\Users\esthe\Downloads\destroy 14 _\Dest_1405_13_five.mp4;C:\Users\esthe\Downloads\destroy 14 _\Dest_1405_14_onehalf.mp4;C:\Users\esthe\Downloads\destroy 14 _\Dest_1405_15_seven.mp4;C:\Users\esthe\Downloads\destroy 14 _\Dest_1405_16_three.mp4;C:\Users\esthe\Downloads\destroy 14 _\Dest_1405_17_three.mp4;C:\Users\esthe\Downloads\destroy 14 _\Dest_1405_18_two.mp4;C:\Users\esthe\Downloads\destroy 14 _\Dest_1405_19_five.mp4;C:\Users\esthe\Downloads\destroy 14 _\Dest_1405_20_one.mp4;C:\Users\esthe\Downloads\destroy 14 _\Dest_1405_21_five.mp4;C:\Users\esthe\Downloads\destroy 14 _\Dest_1405_22_seven.mp4;C:\Users\esthe\Downloads\destroy 14 _\Dest_1405_23_two.mp4;C:\Users\esthe\Downloads\destroy 14 _\Dest_1405_24_three.mp4;C:\Users\esthe\Downloads\destroy 14 _\Dest_1405_3_three.mp4;C:\Users\esthe\Downloads\destroy 14 _\Dest_1405_4_seven.mp4;C:\Users\esthe\Downloads\destroy 14 _\Dest_1405_5_five.mp4;C:\Users\esthe\Downloads\destroy 14 _\Dest_1405_6_seven.mp4;C:\Users\esthe\Downloads\destroy 14 _\Dest_1405_7_two.mp4;C:\Users\esthe\Downloads\destroy 14 _\Dest_1405_8_five.mp4;C:\Users\esthe\Downloads\destroy 14 _\Dest_1405_9_two.mp4,0.0,5.733;7.332;7.532;9.967;5.533;11.765;7.566;7.666;5.399;10.698;14.798;9.032;17.966;5.367;13.428;4.134;10.598;14.335;5.466;17.264;6.999;7.933;4.666,30.000;30.000;30.000;30.000;30.000;30.000;30.000;30.000;30.000;30.000;30.000;30.000;30.000;30.000;30.000;30.000;30.000;30.000;30.000;30.000;30.000;30.000;30.000,Destroy,digging,,,START,120.382,C:\Users\esthe\Downloads\destroy 14 _\Dest_1405_21_five.mp4,521,NA,
dest_1405,2025-06-26 15:24:30.572,,205.135,Media file(s),player #1:C:\Users\esthe\Downloads\destroy 14 _\commentary;C:\Users\esthe\Downloads\destroy 14 _\Dest_1405_10_three.mp4;C:\Users\esthe\Downloads\destroy 14 _\Dest_1405_11_one.mp4;C:\Users\esthe\Downloads\destroy 14 _\Dest_1405_12_two.mp4;C:\Users\esthe\Downloads\destroy 14 _\Dest_1405_13_five.mp4;C:\Users\esthe\Downloads\destroy 14 _\Dest_1405_14_onehalf.mp4;C:\Users\esthe\Downloads\destroy 14 _\Dest_1405_15_seven.mp4;C:\Users\esthe\Downloads\destroy 14 _\Dest_1405_16_three.mp4;C:\Users\esthe\Downloads\destroy 14 _\Dest_1405_17_three.mp4;C:\Users\esthe\Downloads\destroy 14 _\Dest_1405_18_two.mp4;C:\Users\esthe\Downloads\destroy 14 _\Dest_1405_19_five.mp4;C:\Users\esthe\Downloads\destroy 14 _\Dest_1405_20_one.mp4;C:\Users\esthe\Downloads\destroy 14 _\Dest_1405_21_five.mp4;C:\Users\esthe\Downloads\destroy 14 _\Dest_1405_22_seven.mp4;C:\Users\esthe\Downloads\destroy 14 _\Dest_1405_23_two.mp4;C:\Users\esthe\Downloads\destroy 14 _\Dest_1405_24_three.mp4;C:\Users\esthe\Downloads\destroy 14 _\Dest_1405_3_three.mp4;C:\Users\esthe\Downloads\destroy 14 _\Dest_1405_4_seven.mp4;C:\Users\esthe\Downloads\destroy 14 _\Dest_1405_5_five.mp4;C:\Users\esthe\Downloads\destroy 14 _\Dest_1405_6_seven.mp4;C:\Users\esthe\Downloads\destroy 14 _\Dest_1405_7_two.mp4;C:\Users\esthe\Downloads\destroy 14 _\Dest_1405_8_five.mp4;C:\Users\esthe\Downloads\destroy 14 _\Dest_1405_9_two.mp4,0.0,5.733;7.332;7.532;9.967;5.533;11.765;7.566;7.666;5.399;10.698;14.798;9.032;17.966;5.367;13.428;4.134;10.598;14.335;5.466;17.264;6.999;7.933;4.666,30.000;30.000;30.000;30.000;30.000;30.000;30.000;30.000;30.000;30.000;30.000;30.000;30.000;30.000;30.000;30.000;30.000;30.000;30.000;30.000;30.000;30.000;30.000,Destroy,digging,,,STOP,120.849,C:\Users\esthe\Downloads\destroy 14 _\Dest_1405_21_five.mp4,535,NA,
dest_1405,2025-06-26 15:24:30.572,,205.135,Media file(s),player #1:C:\Users\esthe\Downloads\destroy 14 _\commentary;C:\Users\esthe\Downloads\destroy 14 _\Dest_1405_10_three.mp4;C:\Users\esthe\Downloads\destroy 14 _\Dest_1405_11_one.mp4;C:\Users\esthe\Downloads\destroy 14 _\Dest_1405_12_two.mp4;C:\Users\esthe\Downloads\destroy 14 _\Dest_1405_13_five.mp4;C:\Users\esthe\Downloads\destroy 14 _\Dest_1405_14_onehalf.mp4;C:\Users\esthe\Downloads\destroy 14 _\Dest_1405_15_seven.mp4;C:\Users\esthe\Downloads\destroy 14 _\Dest_1405_16_three.mp4;C:\Users\esthe\Downloads\destroy 14 _\Dest_1405_17_three.mp4;C:\Users\esthe\Downloads\destroy 14 _\Dest_1405_18_two.mp4;C:\Users\esthe\Downloads\destroy 14 _\Dest_1405_19_five.mp4;C:\Users\esthe\Downloads\destroy 14 _\Dest_1405_20_one.mp4;C:\Users\esthe\Downloads\destroy 14 _\Dest_1405_21_five.mp4;C:\Users\esthe\Downloads\destroy 14 _\Dest_1405_22_seven.mp4;C:\Users\esthe\Downloads\destroy 14 _\Dest_1405_23_two.mp4;C:\Users\esthe\Downloads\destroy 14 _\Dest_1405_24_three.mp4;C:\Users\esthe\Downloads\destroy 14 _\Dest_1405_3_three.mp4;C:\Users\esthe\Downloads\destroy 14 _\Dest_1405_4_seven.mp4;C:\Users\esthe\Downloads\destroy 14 _\Dest_1405_5_five.mp4;C:\Users\esthe\Downloads\destroy 14 _\Dest_1405_6_seven.mp4;C:\Users\esthe\Downloads\destroy 14 _\Dest_1405_7_two.mp4;C:\Users\esthe\Downloads\destroy 14 _\Dest_1405_8_five.mp4;C:\Users\esthe\Downloads\destroy 14 _\Dest_1405_9_two.mp4,0.0,5.733;7.332;7.532;9.967;5.533;11.765;7.566;7.666;5.399;10.698;14.798;9.032;17.966;5.367;13.428;4.134;10.598;14.335;5.466;17.264;6.999;7.933;4.666,30.000;30.000;30.000;30.000;30.000;30.000;30.000;30.000;30.000;30.000;30.000;30.000;30.000;30.000;30.000;30.000;30.000;30.000;30.000;30.000;30.000;30.000;30.000,Destroy,bending,,,START,120.981,C:\Users\esthe\Downloads\destroy 14 _\Dest_1405_21_five.mp4,0,NA,
dest_1405,2025-06-26 15:24:30.572,,205.135,Media file(s),player #1:C:\Users\esthe\Downloads\destroy 14 _\commentary;C:\Users\esthe\Downloads\destroy 14 _\Dest_1405_10_three.mp4;C:\Users\esthe\Downloads\destroy 14 _\Dest_1405_11_one.mp4;C:\Users\esthe\Downloads\destroy 14 _\Dest_1405_12_two.mp4;C:\Users\esthe\Downloads\destroy 14 _\Dest_1405_13_five.mp4;C:\Users\esthe\Downloads\destroy 14 _\Dest_1405_14_onehalf.mp4;C:\Users\esthe\Downloads\destroy 14 _\Dest_1405_15_seven.mp4;C:\Users\esthe\Downloads\destroy 14 _\Dest_1405_16_three.mp4;C:\Users\esthe\Downloads\destroy 14 _\Dest_1405_17_three.mp4;C:\Users\esthe\Downloads\destroy 14 _\Dest_1405_18_two.mp4;C:\Users\esthe\Downloads\destroy 14 _\Dest_1405_19_five.mp4;C:\Users\esthe\Downloads\destroy 14 _\Dest_1405_20_one.mp4;C:\Users\esthe\Downloads\destroy 14 _\Dest_1405_21_five.mp4;C:\Users\esthe\Downloads\destroy 14 _\Dest_1405_22_seven.mp4;C:\Users\esthe\Downloads\destroy 14 _\Dest_1405_23_two.mp4;C:\Users\esthe\Downloads\destroy 14 _\Dest_1405_24_three.mp4;C:\Users\esthe\Downloads\destroy 14 _\Dest_1405_3_three.mp4;C:\Users\esthe\Downloads\destroy 14 _\Dest_1405_4_seven.mp4;C:\Users\esthe\Downloads\destroy 14 _\Dest_1405_5_five.mp4;C:\Users\esthe\Downloads\destroy 14 _\Dest_1405_6_seven.mp4;C:\Users\esthe\Downloads\destroy 14 _\Dest_1405_7_two.mp4;C:\Users\esthe\Downloads\destroy 14 _\Dest_1405_8_five.mp4;C:\Users\esthe\Downloads\destroy 14 _\Dest_1405_9_two.mp4,0.0,5.733;7.332;7.532;9.967;5.533;11.765;7.566;7.666;5.399;10.698;14.798;9.032;17.966;5.367;13.428;4.134;10.598;14.335;5.466;17.264;6.999;7.933;4.666,30.000;30.000;30.000;30.000;30.000;30.000;30.000;30.000;30.000;30.000;30.000;30.000;30.000;30.000;30.000;30.000;30.000;30.000;30.000;30.000;30.000;30.000;30.000,Destroy,bending,,,STOP,121.481,C:\Users\esthe\Downloads\destroy 14 _\Dest_1405_22_seven.mp4,15,NA,
dest_1405,2025-06-26 15:24:30.572,,205.135,Media file(s),player #1:C:\Users\esthe\Downloads\destroy 14 _\commentary;C:\Users\esthe\Downloads\destroy 14 _\Dest_1405_10_three.mp4;C:\Users\esthe\Downloads\destroy 14 _\Dest_1405_11_one.mp4;C:\Users\esthe\Downloads\destroy 14 _\Dest_1405_12_two.mp4;C:\Users\esthe\Downloads\destroy 14 _\Dest_1405_13_five.mp4;C:\Users\esthe\Downloads\destroy 14 _\Dest_1405_14_onehalf.mp4;C:\Users\esthe\Downloads\destroy 14 _\Dest_1405_15_seven.mp4;C:\Users\esthe\Downloads\destroy 14 _\Dest_1405_16_three.mp4;C:\Users\esthe\Downloads\destroy 14 _\Dest_1405_17_three.mp4;C:\Users\esthe\Downloads\destroy 14 _\Dest_1405_18_two.mp4;C:\Users\esthe\Downloads\destroy 14 _\Dest_1405_19_five.mp4;C:\Users\esthe\Downloads\destroy 14 _\Dest_1405_20_one.mp4;C:\Users\esthe\Downloads\destroy 14 _\Dest_1405_21_five.mp4;C:\Users\esthe\Downloads\destroy 14 _\Dest_1405_22_seven.mp4;C:\Users\esthe\Downloads\destroy 14 _\Dest_1405_23_two.mp4;C:\Users\esthe\Downloads\destroy 14 _\Dest_1405_24_three.mp4;C:\Users\esthe\Downloads\destroy 14 _\Dest_1405_3_three.mp4;C:\Users\esthe\Downloads\destroy 14 _\Dest_1405_4_seven.mp4;C:\Users\esthe\Downloads\destroy 14 _\Dest_1405_5_five.mp4;C:\Users\esthe\Downloads\destroy 14 _\Dest_1405_6_seven.mp4;C:\Users\esthe\Downloads\destroy 14 _\Dest_1405_7_two.mp4;C:\Users\esthe\Downloads\destroy 14 _\Dest_1405_8_five.mp4;C:\Users\esthe\Downloads\destroy 14 _\Dest_1405_9_two.mp4,0.0,5.733;7.332;7.532;9.967;5.533;11.765;7.566;7.666;5.399;10.698;14.798;9.032;17.966;5.367;13.428;4.134;10.598;14.335;5.466;17.264;6.999;7.933;4.666,30.000;30.000;30.000;30.000;30.000;30.000;30.000;30.000;30.000;30.000;30.000;30.000;30.000;30.000;30.000;30.000;30.000;30.000;30.000;30.000;30.000;30.000;30.000,Destroy,grabbing peanut,,,POINT,121.481,C:\Users\esthe\Downloads\destroy 14 _\Dest_1405_22_seven.mp4,15,NA,
dest_1405,2025-06-26 15:24:30.572,,205.135,Media file(s),player #1:C:\Users\esthe\Downloads\destroy 14 _\commentary;C:\Users\esthe\Downloads\destroy 14 _\Dest_1405_10_three.mp4;C:\Users\esthe\Downloads\destroy 14 _\Dest_1405_11_one.mp4;C:\Users\esthe\Downloads\destroy 14 _\Dest_1405_12_two.mp4;C:\Users\esthe\Downloads\destroy 14 _\Dest_1405_13_five.mp4;C:\Users\esthe\Downloads\destroy 14 _\Dest_1405_14_onehalf.mp4;C:\Users\esthe\Downloads\destroy 14 _\Dest_1405_15_seven.mp4;C:\Users\esthe\Downloads\destroy 14 _\Dest_1405_16_three.mp4;C:\Users\esthe\Downloads\destroy 14 _\Dest_1405_17_three.mp4;C:\Users\esthe\Downloads\destroy 14 _\Dest_1405_18_two.mp4;C:\Users\esthe\Downloads\destroy 14 _\Dest_1405_19_five.mp4;C:\Users\esthe\Downloads\destroy 14 _\Dest_1405_20_one.mp4;C:\Users\esthe\Downloads\destroy 14 _\Dest_1405_21_five.mp4;C:\Users\esthe\Downloads\destroy 14 _\Dest_1405_22_seven.mp4;C:\Users\esthe\Downloads\destroy 14 _\Dest_1405_23_two.mp4;C:\Users\esthe\Downloads\destroy 14 _\Dest_1405_24_three.mp4;C:\Users\esthe\Downloads\destroy 14 _\Dest_1405_3_three.mp4;C:\Users\esthe\Downloads\destroy 14 _\Dest_1405_4_seven.mp4;C:\Users\esthe\Downloads\destroy 14 _\Dest_1405_5_five.mp4;C:\Users\esthe\Downloads\destroy 14 _\Dest_1405_6_seven.mp4;C:\Users\esthe\Downloads\destroy 14 _\Dest_1405_7_two.mp4;C:\Users\esthe\Downloads\destroy 14 _\Dest_1405_8_five.mp4;C:\Users\esthe\Downloads\destroy 14 _\Dest_1405_9_two.mp4,0.0,5.733;7.332;7.532;9.967;5.533;11.765;7.566;7.666;5.399;10.698;14.798;9.032;17.966;5.367;13.428;4.134;10.598;14.335;5.466;17.264;6.999;7.933;4.666,30.000;30.000;30.000;30.000;30.000;30.000;30.000;30.000;30.000;30.000;30.000;30.000;30.000;30.000;30.000;30.000;30.000;30.000;30.000;30.000;30.000;30.000;30.000,Destroy,lifting,,,START,121.548,C:\Users\esthe\Downloads\destroy 14 _\Dest_1405_22_seven.mp4,17,NA,
dest_1405,2025-06-26 15:24:30.572,,205.135,Media file(s),player #1:C:\Users\esthe\Downloads\destroy 14 _\commentary;C:\Users\esthe\Downloads\destroy 14 _\Dest_1405_10_three.mp4;C:\Users\esthe\Downloads\destroy 14 _\Dest_1405_11_one.mp4;C:\Users\esthe\Downloads\destroy 14 _\Dest_1405_12_two.mp4;C:\Users\esthe\Downloads\destroy 14 _\Dest_1405_13_five.mp4;C:\Users\esthe\Downloads\destroy 14 _\Dest_1405_14_onehalf.mp4;C:\Users\esthe\Downloads\destroy 14 _\Dest_1405_15_seven.mp4;C:\Users\esthe\Downloads\destroy 14 _\Dest_1405_16_three.mp4;C:\Users\esthe\Downloads\destroy 14 _\Dest_1405_17_three.mp4;C:\Users\esthe\Downloads\destroy 14 _\Dest_1405_18_two.mp4;C:\Users\esthe\Downloads\destroy 14 _\Dest_1405_19_five.mp4;C:\Users\esthe\Downloads\destroy 14 _\Dest_1405_20_one.mp4;C:\Users\esthe\Downloads\destroy 14 _\Dest_1405_21_five.mp4;C:\Users\esthe\Downloads\destroy 14 _\Dest_1405_22_seven.mp4;C:\Users\esthe\Downloads\destroy 14 _\Dest_1405_23_two.mp4;C:\Users\esthe\Downloads\destroy 14 _\Dest_1405_24_three.mp4;C:\Users\esthe\Downloads\destroy 14 _\Dest_1405_3_three.mp4;C:\Users\esthe\Downloads\destroy 14 _\Dest_1405_4_seven.mp4;C:\Users\esthe\Downloads\destroy 14 _\Dest_1405_5_five.mp4;C:\Users\esthe\Downloads\destroy 14 _\Dest_1405_6_seven.mp4;C:\Users\esthe\Downloads\destroy 14 _\Dest_1405_7_two.mp4;C:\Users\esthe\Downloads\destroy 14 _\Dest_1405_8_five.mp4;C:\Users\esthe\Downloads\destroy 14 _\Dest_1405_9_two.mp4,0.0,5.733;7.332;7.532;9.967;5.533;11.765;7.566;7.666;5.399;10.698;14.798;9.032;17.966;5.367;13.428;4.134;10.598;14.335;5.466;17.264;6.999;7.933;4.666,30.000;30.000;30.000;30.000;30.000;30.000;30.000;30.000;30.000;30.000;30.000;30.000;30.000;30.000;30.000;30.000;30.000;30.000;30.000;30.000;30.000;30.000;30.000,Destroy,lifting,,,STOP,122.348,C:\Users\esthe\Downloads\destroy 14 _\Dest_1405_22_seven.mp4,41,NA,
dest_1405,2025-06-26 15:24:30.572,,205.135,Media file(s),player #1:C:\Users\esthe\Downloads\destroy 14 _\commentary;C:\Users\esthe\Downloads\destroy 14 _\Dest_1405_10_three.mp4;C:\Users\esthe\Downloads\destroy 14 _\Dest_1405_11_one.mp4;C:\Users\esthe\Downloads\destroy 14 _\Dest_1405_12_two.mp4;C:\Users\esthe\Downloads\destroy 14 _\Dest_1405_13_five.mp4;C:\Users\esthe\Downloads\destroy 14 _\Dest_1405_14_onehalf.mp4;C:\Users\esthe\Downloads\destroy 14 _\Dest_1405_15_seven.mp4;C:\Users\esthe\Downloads\destroy 14 _\Dest_1405_16_three.mp4;C:\Users\esthe\Downloads\destroy 14 _\Dest_1405_17_three.mp4;C:\Users\esthe\Downloads\destroy 14 _\Dest_1405_18_two.mp4;C:\Users\esthe\Downloads\destroy 14 _\Dest_1405_19_five.mp4;C:\Users\esthe\Downloads\destroy 14 _\Dest_1405_20_one.mp4;C:\Users\esthe\Downloads\destroy 14 _\Dest_1405_21_five.mp4;C:\Users\esthe\Downloads\destroy 14 _\Dest_1405_22_seven.mp4;C:\Users\esthe\Downloads\destroy 14 _\Dest_1405_23_two.mp4;C:\Users\esthe\Downloads\destroy 14 _\Dest_1405_24_three.mp4;C:\Users\esthe\Downloads\destroy 14 _\Dest_1405_3_three.mp4;C:\Users\esthe\Downloads\destroy 14 _\Dest_1405_4_seven.mp4;C:\Users\esthe\Downloads\destroy 14 _\Dest_1405_5_five.mp4;C:\Users\esthe\Downloads\destroy 14 _\Dest_1405_6_seven.mp4;C:\Users\esthe\Downloads\destroy 14 _\Dest_1405_7_two.mp4;C:\Users\esthe\Downloads\destroy 14 _\Dest_1405_8_five.mp4;C:\Users\esthe\Downloads\destroy 14 _\Dest_1405_9_two.mp4,0.0,5.733;7.332;7.532;9.967;5.533;11.765;7.566;7.666;5.399;10.698;14.798;9.032;17.966;5.367;13.428;4.134;10.598;14.335;5.466;17.264;6.999;7.933;4.666,30.000;30.000;30.000;30.000;30.000;30.000;30.000;30.000;30.000;30.000;30.000;30.000;30.000;30.000;30.000;30.000;30.000;30.000;30.000;30.000;30.000;30.000;30.000,Destroy,assessing,,,START,122.414,C:\Users\esthe\Downloads\destroy 14 _\Dest_1405_22_seven.mp4,43,NA,
dest_1405,2025-06-26 15:24:30.572,,205.135,Media file(s),player #1:C:\Users\esthe\Downloads\destroy 14 _\commentary;C:\Users\esthe\Downloads\destroy 14 _\Dest_1405_10_three.mp4;C:\Users\esthe\Downloads\destroy 14 _\Dest_1405_11_one.mp4;C:\Users\esthe\Downloads\destroy 14 _\Dest_1405_12_two.mp4;C:\Users\esthe\Downloads\destroy 14 _\Dest_1405_13_five.mp4;C:\Users\esthe\Downloads\destroy 14 _\Dest_1405_14_onehalf.mp4;C:\Users\esthe\Downloads\destroy 14 _\Dest_1405_15_seven.mp4;C:\Users\esthe\Downloads\destroy 14 _\Dest_1405_16_three.mp4;C:\Users\esthe\Downloads\destroy 14 _\Dest_1405_17_three.mp4;C:\Users\esthe\Downloads\destroy 14 _\Dest_1405_18_two.mp4;C:\Users\esthe\Downloads\destroy 14 _\Dest_1405_19_five.mp4;C:\Users\esthe\Downloads\destroy 14 _\Dest_1405_20_one.mp4;C:\Users\esthe\Downloads\destroy 14 _\Dest_1405_21_five.mp4;C:\Users\esthe\Downloads\destroy 14 _\Dest_1405_22_seven.mp4;C:\Users\esthe\Downloads\destroy 14 _\Dest_1405_23_two.mp4;C:\Users\esthe\Downloads\destroy 14 _\Dest_1405_24_three.mp4;C:\Users\esthe\Downloads\destroy 14 _\Dest_1405_3_three.mp4;C:\Users\esthe\Downloads\destroy 14 _\Dest_1405_4_seven.mp4;C:\Users\esthe\Downloads\destroy 14 _\Dest_1405_5_five.mp4;C:\Users\esthe\Downloads\destroy 14 _\Dest_1405_6_seven.mp4;C:\Users\esthe\Downloads\destroy 14 _\Dest_1405_7_two.mp4;C:\Users\esthe\Downloads\destroy 14 _\Dest_1405_8_five.mp4;C:\Users\esthe\Downloads\destroy 14 _\Dest_1405_9_two.mp4,0.0,5.733;7.332;7.532;9.967;5.533;11.765;7.566;7.666;5.399;10.698;14.798;9.032;17.966;5.367;13.428;4.134;10.598;14.335;5.466;17.264;6.999;7.933;4.666,30.000;30.000;30.000;30.000;30.000;30.000;30.000;30.000;30.000;30.000;30.000;30.000;30.000;30.000;30.000;30.000;30.000;30.000;30.000;30.000;30.000;30.000;30.000,Destroy,jaw movement,,,POINT,122.614,C:\Users\esthe\Downloads\destroy 14 _\Dest_1405_22_seven.mp4,49,NA,
dest_1405,2025-06-26 15:24:30.572,,205.135,Media file(s),player #1:C:\Users\esthe\Downloads\destroy 14 _\commentary;C:\Users\esthe\Downloads\destroy 14 _\Dest_1405_10_three.mp4;C:\Users\esthe\Downloads\destroy 14 _\Dest_1405_11_one.mp4;C:\Users\esthe\Downloads\destroy 14 _\Dest_1405_12_two.mp4;C:\Users\esthe\Downloads\destroy 14 _\Dest_1405_13_five.mp4;C:\Users\esthe\Downloads\destroy 14 _\Dest_1405_14_onehalf.mp4;C:\Users\esthe\Downloads\destroy 14 _\Dest_1405_15_seven.mp4;C:\Users\esthe\Downloads\destroy 14 _\Dest_1405_16_three.mp4;C:\Users\esthe\Downloads\destroy 14 _\Dest_1405_17_three.mp4;C:\Users\esthe\Downloads\destroy 14 _\Dest_1405_18_two.mp4;C:\Users\esthe\Downloads\destroy 14 _\Dest_1405_19_five.mp4;C:\Users\esthe\Downloads\destroy 14 _\Dest_1405_20_one.mp4;C:\Users\esthe\Downloads\destroy 14 _\Dest_1405_21_five.mp4;C:\Users\esthe\Downloads\destroy 14 _\Dest_1405_22_seven.mp4;C:\Users\esthe\Downloads\destroy 14 _\Dest_1405_23_two.mp4;C:\Users\esthe\Downloads\destroy 14 _\Dest_1405_24_three.mp4;C:\Users\esthe\Downloads\destroy 14 _\Dest_1405_3_three.mp4;C:\Users\esthe\Downloads\destroy 14 _\Dest_1405_4_seven.mp4;C:\Users\esthe\Downloads\destroy 14 _\Dest_1405_5_five.mp4;C:\Users\esthe\Downloads\destroy 14 _\Dest_1405_6_seven.mp4;C:\Users\esthe\Downloads\destroy 14 _\Dest_1405_7_two.mp4;C:\Users\esthe\Downloads\destroy 14 _\Dest_1405_8_five.mp4;C:\Users\esthe\Downloads\destroy 14 _\Dest_1405_9_two.mp4,0.0,5.733;7.332;7.532;9.967;5.533;11.765;7.566;7.666;5.399;10.698;14.798;9.032;17.966;5.367;13.428;4.134;10.598;14.335;5.466;17.264;6.999;7.933;4.666,30.000;30.000;30.000;30.000;30.000;30.000;30.000;30.000;30.000;30.000;30.000;30.000;30.000;30.000;30.000;30.000;30.000;30.000;30.000;30.000;30.000;30.000;30.000,Destroy,jaw movement,,,POINT,122.814,C:\Users\esthe\Downloads\destroy 14 _\Dest_1405_22_seven.mp4,55,NA,
dest_1405,2025-06-26 15:24:30.572,,205.135,Media file(s),player #1:C:\Users\esthe\Downloads\destroy 14 _\commentary;C:\Users\esthe\Downloads\destroy 14 _\Dest_1405_10_three.mp4;C:\Users\esthe\Downloads\destroy 14 _\Dest_1405_11_one.mp4;C:\Users\esthe\Downloads\destroy 14 _\Dest_1405_12_two.mp4;C:\Users\esthe\Downloads\destroy 14 _\Dest_1405_13_five.mp4;C:\Users\esthe\Downloads\destroy 14 _\Dest_1405_14_onehalf.mp4;C:\Users\esthe\Downloads\destroy 14 _\Dest_1405_15_seven.mp4;C:\Users\esthe\Downloads\destroy 14 _\Dest_1405_16_three.mp4;C:\Users\esthe\Downloads\destroy 14 _\Dest_1405_17_three.mp4;C:\Users\esthe\Downloads\destroy 14 _\Dest_1405_18_two.mp4;C:\Users\esthe\Downloads\destroy 14 _\Dest_1405_19_five.mp4;C:\Users\esthe\Downloads\destroy 14 _\Dest_1405_20_one.mp4;C:\Users\esthe\Downloads\destroy 14 _\Dest_1405_21_five.mp4;C:\Users\esthe\Downloads\destroy 14 _\Dest_1405_22_seven.mp4;C:\Users\esthe\Downloads\destroy 14 _\Dest_1405_23_two.mp4;C:\Users\esthe\Downloads\destroy 14 _\Dest_1405_24_three.mp4;C:\Users\esthe\Downloads\destroy 14 _\Dest_1405_3_three.mp4;C:\Users\esthe\Downloads\destroy 14 _\Dest_1405_4_seven.mp4;C:\Users\esthe\Downloads\destroy 14 _\Dest_1405_5_five.mp4;C:\Users\esthe\Downloads\destroy 14 _\Dest_1405_6_seven.mp4;C:\Users\esthe\Downloads\destroy 14 _\Dest_1405_7_two.mp4;C:\Users\esthe\Downloads\destroy 14 _\Dest_1405_8_five.mp4;C:\Users\esthe\Downloads\destroy 14 _\Dest_1405_9_two.mp4,0.0,5.733;7.332;7.532;9.967;5.533;11.765;7.566;7.666;5.399;10.698;14.798;9.032;17.966;5.367;13.428;4.134;10.598;14.335;5.466;17.264;6.999;7.933;4.666,30.000;30.000;30.000;30.000;30.000;30.000;30.000;30.000;30.000;30.000;30.000;30.000;30.000;30.000;30.000;30.000;30.000;30.000;30.000;30.000;30.000;30.000;30.000,Destroy,assessing,,,STOP,122.881,C:\Users\esthe\Downloads\destroy 14 _\Dest_1405_22_seven.mp4,57,NA,
dest_1405,2025-06-26 15:24:30.572,,205.135,Media file(s),player #1:C:\Users\esthe\Downloads\destroy 14 _\commentary;C:\Users\esthe\Downloads\destroy 14 _\Dest_1405_10_three.mp4;C:\Users\esthe\Downloads\destroy 14 _\Dest_1405_11_one.mp4;C:\Users\esthe\Downloads\destroy 14 _\Dest_1405_12_two.mp4;C:\Users\esthe\Downloads\destroy 14 _\Dest_1405_13_five.mp4;C:\Users\esthe\Downloads\destroy 14 _\Dest_1405_14_onehalf.mp4;C:\Users\esthe\Downloads\destroy 14 _\Dest_1405_15_seven.mp4;C:\Users\esthe\Downloads\destroy 14 _\Dest_1405_16_three.mp4;C:\Users\esthe\Downloads\destroy 14 _\Dest_1405_17_three.mp4;C:\Users\esthe\Downloads\destroy 14 _\Dest_1405_18_two.mp4;C:\Users\esthe\Downloads\destroy 14 _\Dest_1405_19_five.mp4;C:\Users\esthe\Downloads\destroy 14 _\Dest_1405_20_one.mp4;C:\Users\esthe\Downloads\destroy 14 _\Dest_1405_21_five.mp4;C:\Users\esthe\Downloads\destroy 14 _\Dest_1405_22_seven.mp4;C:\Users\esthe\Downloads\destroy 14 _\Dest_1405_23_two.mp4;C:\Users\esthe\Downloads\destroy 14 _\Dest_1405_24_three.mp4;C:\Users\esthe\Downloads\destroy 14 _\Dest_1405_3_three.mp4;C:\Users\esthe\Downloads\destroy 14 _\Dest_1405_4_seven.mp4;C:\Users\esthe\Downloads\destroy 14 _\Dest_1405_5_five.mp4;C:\Users\esthe\Downloads\destroy 14 _\Dest_1405_6_seven.mp4;C:\Users\esthe\Downloads\destroy 14 _\Dest_1405_7_two.mp4;C:\Users\esthe\Downloads\destroy 14 _\Dest_1405_8_five.mp4;C:\Users\esthe\Downloads\destroy 14 _\Dest_1405_9_two.mp4,0.0,5.733;7.332;7.532;9.967;5.533;11.765;7.566;7.666;5.399;10.698;14.798;9.032;17.966;5.367;13.428;4.134;10.598;14.335;5.466;17.264;6.999;7.933;4.666,30.000;30.000;30.000;30.000;30.000;30.000;30.000;30.000;30.000;30.000;30.000;30.000;30.000;30.000;30.000;30.000;30.000;30.000;30.000;30.000;30.000;30.000;30.000,Destroy,mouth,,,POINT,122.881,C:\Users\esthe\Downloads\destroy 14 _\Dest_1405_22_seven.mp4,57,NA,
dest_1405,2025-06-26 15:24:30.572,,205.135,Media file(s),player #1:C:\Users\esthe\Downloads\destroy 14 _\commentary;C:\Users\esthe\Downloads\destroy 14 _\Dest_1405_10_three.mp4;C:\Users\esthe\Downloads\destroy 14 _\Dest_1405_11_one.mp4;C:\Users\esthe\Downloads\destroy 14 _\Dest_1405_12_two.mp4;C:\Users\esthe\Downloads\destroy 14 _\Dest_1405_13_five.mp4;C:\Users\esthe\Downloads\destroy 14 _\Dest_1405_14_onehalf.mp4;C:\Users\esthe\Downloads\destroy 14 _\Dest_1405_15_seven.mp4;C:\Users\esthe\Downloads\destroy 14 _\Dest_1405_16_three.mp4;C:\Users\esthe\Downloads\destroy 14 _\Dest_1405_17_three.mp4;C:\Users\esthe\Downloads\destroy 14 _\Dest_1405_18_two.mp4;C:\Users\esthe\Downloads\destroy 14 _\Dest_1405_19_five.mp4;C:\Users\esthe\Downloads\destroy 14 _\Dest_1405_20_one.mp4;C:\Users\esthe\Downloads\destroy 14 _\Dest_1405_21_five.mp4;C:\Users\esthe\Downloads\destroy 14 _\Dest_1405_22_seven.mp4;C:\Users\esthe\Downloads\destroy 14 _\Dest_1405_23_two.mp4;C:\Users\esthe\Downloads\destroy 14 _\Dest_1405_24_three.mp4;C:\Users\esthe\Downloads\destroy 14 _\Dest_1405_3_three.mp4;C:\Users\esthe\Downloads\destroy 14 _\Dest_1405_4_seven.mp4;C:\Users\esthe\Downloads\destroy 14 _\Dest_1405_5_five.mp4;C:\Users\esthe\Downloads\destroy 14 _\Dest_1405_6_seven.mp4;C:\Users\esthe\Downloads\destroy 14 _\Dest_1405_7_two.mp4;C:\Users\esthe\Downloads\destroy 14 _\Dest_1405_8_five.mp4;C:\Users\esthe\Downloads\destroy 14 _\Dest_1405_9_two.mp4,0.0,5.733;7.332;7.532;9.967;5.533;11.765;7.566;7.666;5.399;10.698;14.798;9.032;17.966;5.367;13.428;4.134;10.598;14.335;5.466;17.264;6.999;7.933;4.666,30.000;30.000;30.000;30.000;30.000;30.000;30.000;30.000;30.000;30.000;30.000;30.000;30.000;30.000;30.000;30.000;30.000;30.000;30.000;30.000;30.000;30.000;30.000,Destroy,target,,,START,122.981,C:\Users\esthe\Downloads\destroy 14 _\Dest_1405_22_seven.mp4,60,NA,
dest_1405,2025-06-26 15:24:30.572,,205.135,Media file(s),player #1:C:\Users\esthe\Downloads\destroy 14 _\commentary;C:\Users\esthe\Downloads\destroy 14 _\Dest_1405_10_three.mp4;C:\Users\esthe\Downloads\destroy 14 _\Dest_1405_11_one.mp4;C:\Users\esthe\Downloads\destroy 14 _\Dest_1405_12_two.mp4;C:\Users\esthe\Downloads\destroy 14 _\Dest_1405_13_five.mp4;C:\Users\esthe\Downloads\destroy 14 _\Dest_1405_14_onehalf.mp4;C:\Users\esthe\Downloads\destroy 14 _\Dest_1405_15_seven.mp4;C:\Users\esthe\Downloads\destroy 14 _\Dest_1405_16_three.mp4;C:\Users\esthe\Downloads\destroy 14 _\Dest_1405_17_three.mp4;C:\Users\esthe\Downloads\destroy 14 _\Dest_1405_18_two.mp4;C:\Users\esthe\Downloads\destroy 14 _\Dest_1405_19_five.mp4;C:\Users\esthe\Downloads\destroy 14 _\Dest_1405_20_one.mp4;C:\Users\esthe\Downloads\destroy 14 _\Dest_1405_21_five.mp4;C:\Users\esthe\Downloads\destroy 14 _\Dest_1405_22_seven.mp4;C:\Users\esthe\Downloads\destroy 14 _\Dest_1405_23_two.mp4;C:\Users\esthe\Downloads\destroy 14 _\Dest_1405_24_three.mp4;C:\Users\esthe\Downloads\destroy 14 _\Dest_1405_3_three.mp4;C:\Users\esthe\Downloads\destroy 14 _\Dest_1405_4_seven.mp4;C:\Users\esthe\Downloads\destroy 14 _\Dest_1405_5_five.mp4;C:\Users\esthe\Downloads\destroy 14 _\Dest_1405_6_seven.mp4;C:\Users\esthe\Downloads\destroy 14 _\Dest_1405_7_two.mp4;C:\Users\esthe\Downloads\destroy 14 _\Dest_1405_8_five.mp4;C:\Users\esthe\Downloads\destroy 14 _\Dest_1405_9_two.mp4,0.0,5.733;7.332;7.532;9.967;5.533;11.765;7.566;7.666;5.399;10.698;14.798;9.032;17.966;5.367;13.428;4.134;10.598;14.335;5.466;17.264;6.999;7.933;4.666,30.000;30.000;30.000;30.000;30.000;30.000;30.000;30.000;30.000;30.000;30.000;30.000;30.000;30.000;30.000;30.000;30.000;30.000;30.000;30.000;30.000;30.000;30.000,Destroy,target,,,STOP,126.215,C:\Users\esthe\Downloads\destroy 14 _\Dest_1405_22_seven.mp4,157,NA,
dest_1405,2025-06-26 15:24:30.572,,205.135,Media file(s),player #1:C:\Users\esthe\Downloads\destroy 14 _\commentary;C:\Users\esthe\Downloads\destroy 14 _\Dest_1405_10_three.mp4;C:\Users\esthe\Downloads\destroy 14 _\Dest_1405_11_one.mp4;C:\Users\esthe\Downloads\destroy 14 _\Dest_1405_12_two.mp4;C:\Users\esthe\Downloads\destroy 14 _\Dest_1405_13_five.mp4;C:\Users\esthe\Downloads\destroy 14 _\Dest_1405_14_onehalf.mp4;C:\Users\esthe\Downloads\destroy 14 _\Dest_1405_15_seven.mp4;C:\Users\esthe\Downloads\destroy 14 _\Dest_1405_16_three.mp4;C:\Users\esthe\Downloads\destroy 14 _\Dest_1405_17_three.mp4;C:\Users\esthe\Downloads\destroy 14 _\Dest_1405_18_two.mp4;C:\Users\esthe\Downloads\destroy 14 _\Dest_1405_19_five.mp4;C:\Users\esthe\Downloads\destroy 14 _\Dest_1405_20_one.mp4;C:\Users\esthe\Downloads\destroy 14 _\Dest_1405_21_five.mp4;C:\Users\esthe\Downloads\destroy 14 _\Dest_1405_22_seven.mp4;C:\Users\esthe\Downloads\destroy 14 _\Dest_1405_23_two.mp4;C:\Users\esthe\Downloads\destroy 14 _\Dest_1405_24_three.mp4;C:\Users\esthe\Downloads\destroy 14 _\Dest_1405_3_three.mp4;C:\Users\esthe\Downloads\destroy 14 _\Dest_1405_4_seven.mp4;C:\Users\esthe\Downloads\destroy 14 _\Dest_1405_5_five.mp4;C:\Users\esthe\Downloads\destroy 14 _\Dest_1405_6_seven.mp4;C:\Users\esthe\Downloads\destroy 14 _\Dest_1405_7_two.mp4;C:\Users\esthe\Downloads\destroy 14 _\Dest_1405_8_five.mp4;C:\Users\esthe\Downloads\destroy 14 _\Dest_1405_9_two.mp4,0.0,5.733;7.332;7.532;9.967;5.533;11.765;7.566;7.666;5.399;10.698;14.798;9.032;17.966;5.367;13.428;4.134;10.598;14.335;5.466;17.264;6.999;7.933;4.666,30.000;30.000;30.000;30.000;30.000;30.000;30.000;30.000;30.000;30.000;30.000;30.000;30.000;30.000;30.000;30.000;30.000;30.000;30.000;30.000;30.000;30.000;30.000,Destroy,target,,,START,126.348,C:\Users\esthe\Downloads\destroy 14 _\Dest_1405_22_seven.mp4,0,NA,
dest_1405,2025-06-26 15:24:30.572,,205.135,Media file(s),player #1:C:\Users\esthe\Downloads\destroy 14 _\commentary;C:\Users\esthe\Downloads\destroy 14 _\Dest_1405_10_three.mp4;C:\Users\esthe\Downloads\destroy 14 _\Dest_1405_11_one.mp4;C:\Users\esthe\Downloads\destroy 14 _\Dest_1405_12_two.mp4;C:\Users\esthe\Downloads\destroy 14 _\Dest_1405_13_five.mp4;C:\Users\esthe\Downloads\destroy 14 _\Dest_1405_14_onehalf.mp4;C:\Users\esthe\Downloads\destroy 14 _\Dest_1405_15_seven.mp4;C:\Users\esthe\Downloads\destroy 14 _\Dest_1405_16_three.mp4;C:\Users\esthe\Downloads\destroy 14 _\Dest_1405_17_three.mp4;C:\Users\esthe\Downloads\destroy 14 _\Dest_1405_18_two.mp4;C:\Users\esthe\Downloads\destroy 14 _\Dest_1405_19_five.mp4;C:\Users\esthe\Downloads\destroy 14 _\Dest_1405_20_one.mp4;C:\Users\esthe\Downloads\destroy 14 _\Dest_1405_21_five.mp4;C:\Users\esthe\Downloads\destroy 14 _\Dest_1405_22_seven.mp4;C:\Users\esthe\Downloads\destroy 14 _\Dest_1405_23_two.mp4;C:\Users\esthe\Downloads\destroy 14 _\Dest_1405_24_three.mp4;C:\Users\esthe\Downloads\destroy 14 _\Dest_1405_3_three.mp4;C:\Users\esthe\Downloads\destroy 14 _\Dest_1405_4_seven.mp4;C:\Users\esthe\Downloads\destroy 14 _\Dest_1405_5_five.mp4;C:\Users\esthe\Downloads\destroy 14 _\Dest_1405_6_seven.mp4;C:\Users\esthe\Downloads\destroy 14 _\Dest_1405_7_two.mp4;C:\Users\esthe\Downloads\destroy 14 _\Dest_1405_8_five.mp4;C:\Users\esthe\Downloads\destroy 14 _\Dest_1405_9_two.mp4,0.0,5.733;7.332;7.532;9.967;5.533;11.765;7.566;7.666;5.399;10.698;14.798;9.032;17.966;5.367;13.428;4.134;10.598;14.335;5.466;17.264;6.999;7.933;4.666,30.000;30.000;30.000;30.000;30.000;30.000;30.000;30.000;30.000;30.000;30.000;30.000;30.000;30.000;30.000;30.000;30.000;30.000;30.000;30.000;30.000;30.000;30.000,Destroy,target,,,STOP,128.343,C:\Users\esthe\Downloads\destroy 14 _\Dest_1405_23_two.mp4,60,NA,
dest_1405,2025-06-26 15:24:30.572,,205.135,Media file(s),player #1:C:\Users\esthe\Downloads\destroy 14 _\commentary;C:\Users\esthe\Downloads\destroy 14 _\Dest_1405_10_three.mp4;C:\Users\esthe\Downloads\destroy 14 _\Dest_1405_11_one.mp4;C:\Users\esthe\Downloads\destroy 14 _\Dest_1405_12_two.mp4;C:\Users\esthe\Downloads\destroy 14 _\Dest_1405_13_five.mp4;C:\Users\esthe\Downloads\destroy 14 _\Dest_1405_14_onehalf.mp4;C:\Users\esthe\Downloads\destroy 14 _\Dest_1405_15_seven.mp4;C:\Users\esthe\Downloads\destroy 14 _\Dest_1405_16_three.mp4;C:\Users\esthe\Downloads\destroy 14 _\Dest_1405_17_three.mp4;C:\Users\esthe\Downloads\destroy 14 _\Dest_1405_18_two.mp4;C:\Users\esthe\Downloads\destroy 14 _\Dest_1405_19_five.mp4;C:\Users\esthe\Downloads\destroy 14 _\Dest_1405_20_one.mp4;C:\Users\esthe\Downloads\destroy 14 _\Dest_1405_21_five.mp4;C:\Users\esthe\Downloads\destroy 14 _\Dest_1405_22_seven.mp4;C:\Users\esthe\Downloads\destroy 14 _\Dest_1405_23_two.mp4;C:\Users\esthe\Downloads\destroy 14 _\Dest_1405_24_three.mp4;C:\Users\esthe\Downloads\destroy 14 _\Dest_1405_3_three.mp4;C:\Users\esthe\Downloads\destroy 14 _\Dest_1405_4_seven.mp4;C:\Users\esthe\Downloads\destroy 14 _\Dest_1405_5_five.mp4;C:\Users\esthe\Downloads\destroy 14 _\Dest_1405_6_seven.mp4;C:\Users\esthe\Downloads\destroy 14 _\Dest_1405_7_two.mp4;C:\Users\esthe\Downloads\destroy 14 _\Dest_1405_8_five.mp4;C:\Users\esthe\Downloads\destroy 14 _\Dest_1405_9_two.mp4,0.0,5.733;7.332;7.532;9.967;5.533;11.765;7.566;7.666;5.399;10.698;14.798;9.032;17.966;5.367;13.428;4.134;10.598;14.335;5.466;17.264;6.999;7.933;4.666,30.000;30.000;30.000;30.000;30.000;30.000;30.000;30.000;30.000;30.000;30.000;30.000;30.000;30.000;30.000;30.000;30.000;30.000;30.000;30.000;30.000;30.000;30.000,Destroy,bending,,,START,128.543,C:\Users\esthe\Downloads\destroy 14 _\Dest_1405_23_two.mp4,66,NA,
dest_1405,2025-06-26 15:24:30.572,,205.135,Media file(s),player #1:C:\Users\esthe\Downloads\destroy 14 _\commentary;C:\Users\esthe\Downloads\destroy 14 _\Dest_1405_10_three.mp4;C:\Users\esthe\Downloads\destroy 14 _\Dest_1405_11_one.mp4;C:\Users\esthe\Downloads\destroy 14 _\Dest_1405_12_two.mp4;C:\Users\esthe\Downloads\destroy 14 _\Dest_1405_13_five.mp4;C:\Users\esthe\Downloads\destroy 14 _\Dest_1405_14_onehalf.mp4;C:\Users\esthe\Downloads\destroy 14 _\Dest_1405_15_seven.mp4;C:\Users\esthe\Downloads\destroy 14 _\Dest_1405_16_three.mp4;C:\Users\esthe\Downloads\destroy 14 _\Dest_1405_17_three.mp4;C:\Users\esthe\Downloads\destroy 14 _\Dest_1405_18_two.mp4;C:\Users\esthe\Downloads\destroy 14 _\Dest_1405_19_five.mp4;C:\Users\esthe\Downloads\destroy 14 _\Dest_1405_20_one.mp4;C:\Users\esthe\Downloads\destroy 14 _\Dest_1405_21_five.mp4;C:\Users\esthe\Downloads\destroy 14 _\Dest_1405_22_seven.mp4;C:\Users\esthe\Downloads\destroy 14 _\Dest_1405_23_two.mp4;C:\Users\esthe\Downloads\destroy 14 _\Dest_1405_24_three.mp4;C:\Users\esthe\Downloads\destroy 14 _\Dest_1405_3_three.mp4;C:\Users\esthe\Downloads\destroy 14 _\Dest_1405_4_seven.mp4;C:\Users\esthe\Downloads\destroy 14 _\Dest_1405_5_five.mp4;C:\Users\esthe\Downloads\destroy 14 _\Dest_1405_6_seven.mp4;C:\Users\esthe\Downloads\destroy 14 _\Dest_1405_7_two.mp4;C:\Users\esthe\Downloads\destroy 14 _\Dest_1405_8_five.mp4;C:\Users\esthe\Downloads\destroy 14 _\Dest_1405_9_two.mp4,0.0,5.733;7.332;7.532;9.967;5.533;11.765;7.566;7.666;5.399;10.698;14.798;9.032;17.966;5.367;13.428;4.134;10.598;14.335;5.466;17.264;6.999;7.933;4.666,30.000;30.000;30.000;30.000;30.000;30.000;30.000;30.000;30.000;30.000;30.000;30.000;30.000;30.000;30.000;30.000;30.000;30.000;30.000;30.000;30.000;30.000;30.000,Destroy,bending,,,STOP,128.843,C:\Users\esthe\Downloads\destroy 14 _\Dest_1405_23_two.mp4,75,NA,
dest_1405,2025-06-26 15:24:30.572,,205.135,Media file(s),player #1:C:\Users\esthe\Downloads\destroy 14 _\commentary;C:\Users\esthe\Downloads\destroy 14 _\Dest_1405_10_three.mp4;C:\Users\esthe\Downloads\destroy 14 _\Dest_1405_11_one.mp4;C:\Users\esthe\Downloads\destroy 14 _\Dest_1405_12_two.mp4;C:\Users\esthe\Downloads\destroy 14 _\Dest_1405_13_five.mp4;C:\Users\esthe\Downloads\destroy 14 _\Dest_1405_14_onehalf.mp4;C:\Users\esthe\Downloads\destroy 14 _\Dest_1405_15_seven.mp4;C:\Users\esthe\Downloads\destroy 14 _\Dest_1405_16_three.mp4;C:\Users\esthe\Downloads\destroy 14 _\Dest_1405_17_three.mp4;C:\Users\esthe\Downloads\destroy 14 _\Dest_1405_18_two.mp4;C:\Users\esthe\Downloads\destroy 14 _\Dest_1405_19_five.mp4;C:\Users\esthe\Downloads\destroy 14 _\Dest_1405_20_one.mp4;C:\Users\esthe\Downloads\destroy 14 _\Dest_1405_21_five.mp4;C:\Users\esthe\Downloads\destroy 14 _\Dest_1405_22_seven.mp4;C:\Users\esthe\Downloads\destroy 14 _\Dest_1405_23_two.mp4;C:\Users\esthe\Downloads\destroy 14 _\Dest_1405_24_three.mp4;C:\Users\esthe\Downloads\destroy 14 _\Dest_1405_3_three.mp4;C:\Users\esthe\Downloads\destroy 14 _\Dest_1405_4_seven.mp4;C:\Users\esthe\Downloads\destroy 14 _\Dest_1405_5_five.mp4;C:\Users\esthe\Downloads\destroy 14 _\Dest_1405_6_seven.mp4;C:\Users\esthe\Downloads\destroy 14 _\Dest_1405_7_two.mp4;C:\Users\esthe\Downloads\destroy 14 _\Dest_1405_8_five.mp4;C:\Users\esthe\Downloads\destroy 14 _\Dest_1405_9_two.mp4,0.0,5.733;7.332;7.532;9.967;5.533;11.765;7.566;7.666;5.399;10.698;14.798;9.032;17.966;5.367;13.428;4.134;10.598;14.335;5.466;17.264;6.999;7.933;4.666,30.000;30.000;30.000;30.000;30.000;30.000;30.000;30.000;30.000;30.000;30.000;30.000;30.000;30.000;30.000;30.000;30.000;30.000;30.000;30.000;30.000;30.000;30.000,Destroy,grabbing peanut,,,POINT,128.843,C:\Users\esthe\Downloads\destroy 14 _\Dest_1405_23_two.mp4,75,NA,
dest_1405,2025-06-26 15:24:30.572,,205.135,Media file(s),player #1:C:\Users\esthe\Downloads\destroy 14 _\commentary;C:\Users\esthe\Downloads\destroy 14 _\Dest_1405_10_three.mp4;C:\Users\esthe\Downloads\destroy 14 _\Dest_1405_11_one.mp4;C:\Users\esthe\Downloads\destroy 14 _\Dest_1405_12_two.mp4;C:\Users\esthe\Downloads\destroy 14 _\Dest_1405_13_five.mp4;C:\Users\esthe\Downloads\destroy 14 _\Dest_1405_14_onehalf.mp4;C:\Users\esthe\Downloads\destroy 14 _\Dest_1405_15_seven.mp4;C:\Users\esthe\Downloads\destroy 14 _\Dest_1405_16_three.mp4;C:\Users\esthe\Downloads\destroy 14 _\Dest_1405_17_three.mp4;C:\Users\esthe\Downloads\destroy 14 _\Dest_1405_18_two.mp4;C:\Users\esthe\Downloads\destroy 14 _\Dest_1405_19_five.mp4;C:\Users\esthe\Downloads\destroy 14 _\Dest_1405_20_one.mp4;C:\Users\esthe\Downloads\destroy 14 _\Dest_1405_21_five.mp4;C:\Users\esthe\Downloads\destroy 14 _\Dest_1405_22_seven.mp4;C:\Users\esthe\Downloads\destroy 14 _\Dest_1405_23_two.mp4;C:\Users\esthe\Downloads\destroy 14 _\Dest_1405_24_three.mp4;C:\Users\esthe\Downloads\destroy 14 _\Dest_1405_3_three.mp4;C:\Users\esthe\Downloads\destroy 14 _\Dest_1405_4_seven.mp4;C:\Users\esthe\Downloads\destroy 14 _\Dest_1405_5_five.mp4;C:\Users\esthe\Downloads\destroy 14 _\Dest_1405_6_seven.mp4;C:\Users\esthe\Downloads\destroy 14 _\Dest_1405_7_two.mp4;C:\Users\esthe\Downloads\destroy 14 _\Dest_1405_8_five.mp4;C:\Users\esthe\Downloads\destroy 14 _\Dest_1405_9_two.mp4,0.0,5.733;7.332;7.532;9.967;5.533;11.765;7.566;7.666;5.399;10.698;14.798;9.032;17.966;5.367;13.428;4.134;10.598;14.335;5.466;17.264;6.999;7.933;4.666,30.000;30.000;30.000;30.000;30.000;30.000;30.000;30.000;30.000;30.000;30.000;30.000;30.000;30.000;30.000;30.000;30.000;30.000;30.000;30.000;30.000;30.000;30.000,Destroy,lifting,,,START,128.876,C:\Users\esthe\Downloads\destroy 14 _\Dest_1405_23_two.mp4,76,NA,
dest_1405,2025-06-26 15:24:30.572,,205.135,Media file(s),player #1:C:\Users\esthe\Downloads\destroy 14 _\commentary;C:\Users\esthe\Downloads\destroy 14 _\Dest_1405_10_three.mp4;C:\Users\esthe\Downloads\destroy 14 _\Dest_1405_11_one.mp4;C:\Users\esthe\Downloads\destroy 14 _\Dest_1405_12_two.mp4;C:\Users\esthe\Downloads\destroy 14 _\Dest_1405_13_five.mp4;C:\Users\esthe\Downloads\destroy 14 _\Dest_1405_14_onehalf.mp4;C:\Users\esthe\Downloads\destroy 14 _\Dest_1405_15_seven.mp4;C:\Users\esthe\Downloads\destroy 14 _\Dest_1405_16_three.mp4;C:\Users\esthe\Downloads\destroy 14 _\Dest_1405_17_three.mp4;C:\Users\esthe\Downloads\destroy 14 _\Dest_1405_18_two.mp4;C:\Users\esthe\Downloads\destroy 14 _\Dest_1405_19_five.mp4;C:\Users\esthe\Downloads\destroy 14 _\Dest_1405_20_one.mp4;C:\Users\esthe\Downloads\destroy 14 _\Dest_1405_21_five.mp4;C:\Users\esthe\Downloads\destroy 14 _\Dest_1405_22_seven.mp4;C:\Users\esthe\Downloads\destroy 14 _\Dest_1405_23_two.mp4;C:\Users\esthe\Downloads\destroy 14 _\Dest_1405_24_three.mp4;C:\Users\esthe\Downloads\destroy 14 _\Dest_1405_3_three.mp4;C:\Users\esthe\Downloads\destroy 14 _\Dest_1405_4_seven.mp4;C:\Users\esthe\Downloads\destroy 14 _\Dest_1405_5_five.mp4;C:\Users\esthe\Downloads\destroy 14 _\Dest_1405_6_seven.mp4;C:\Users\esthe\Downloads\destroy 14 _\Dest_1405_7_two.mp4;C:\Users\esthe\Downloads\destroy 14 _\Dest_1405_8_five.mp4;C:\Users\esthe\Downloads\destroy 14 _\Dest_1405_9_two.mp4,0.0,5.733;7.332;7.532;9.967;5.533;11.765;7.566;7.666;5.399;10.698;14.798;9.032;17.966;5.367;13.428;4.134;10.598;14.335;5.466;17.264;6.999;7.933;4.666,30.000;30.000;30.000;30.000;30.000;30.000;30.000;30.000;30.000;30.000;30.000;30.000;30.000;30.000;30.000;30.000;30.000;30.000;30.000;30.000;30.000;30.000;30.000,Destroy,lifting,,,STOP,129.176,C:\Users\esthe\Downloads\destroy 14 _\Dest_1405_23_two.mp4,85,NA,
dest_1405,2025-06-26 15:24:30.572,,205.135,Media file(s),player #1:C:\Users\esthe\Downloads\destroy 14 _\commentary;C:\Users\esthe\Downloads\destroy 14 _\Dest_1405_10_three.mp4;C:\Users\esthe\Downloads\destroy 14 _\Dest_1405_11_one.mp4;C:\Users\esthe\Downloads\destroy 14 _\Dest_1405_12_two.mp4;C:\Users\esthe\Downloads\destroy 14 _\Dest_1405_13_five.mp4;C:\Users\esthe\Downloads\destroy 14 _\Dest_1405_14_onehalf.mp4;C:\Users\esthe\Downloads\destroy 14 _\Dest_1405_15_seven.mp4;C:\Users\esthe\Downloads\destroy 14 _\Dest_1405_16_three.mp4;C:\Users\esthe\Downloads\destroy 14 _\Dest_1405_17_three.mp4;C:\Users\esthe\Downloads\destroy 14 _\Dest_1405_18_two.mp4;C:\Users\esthe\Downloads\destroy 14 _\Dest_1405_19_five.mp4;C:\Users\esthe\Downloads\destroy 14 _\Dest_1405_20_one.mp4;C:\Users\esthe\Downloads\destroy 14 _\Dest_1405_21_five.mp4;C:\Users\esthe\Downloads\destroy 14 _\Dest_1405_22_seven.mp4;C:\Users\esthe\Downloads\destroy 14 _\Dest_1405_23_two.mp4;C:\Users\esthe\Downloads\destroy 14 _\Dest_1405_24_three.mp4;C:\Users\esthe\Downloads\destroy 14 _\Dest_1405_3_three.mp4;C:\Users\esthe\Downloads\destroy 14 _\Dest_1405_4_seven.mp4;C:\Users\esthe\Downloads\destroy 14 _\Dest_1405_5_five.mp4;C:\Users\esthe\Downloads\destroy 14 _\Dest_1405_6_seven.mp4;C:\Users\esthe\Downloads\destroy 14 _\Dest_1405_7_two.mp4;C:\Users\esthe\Downloads\destroy 14 _\Dest_1405_8_five.mp4;C:\Users\esthe\Downloads\destroy 14 _\Dest_1405_9_two.mp4,0.0,5.733;7.332;7.532;9.967;5.533;11.765;7.566;7.666;5.399;10.698;14.798;9.032;17.966;5.367;13.428;4.134;10.598;14.335;5.466;17.264;6.999;7.933;4.666,30.000;30.000;30.000;30.000;30.000;30.000;30.000;30.000;30.000;30.000;30.000;30.000;30.000;30.000;30.000;30.000;30.000;30.000;30.000;30.000;30.000;30.000;30.000,Destroy,assessing,,,START,129.376,C:\Users\esthe\Downloads\destroy 14 _\Dest_1405_23_two.mp4,91,NA,
dest_1405,2025-06-26 15:24:30.572,,205.135,Media file(s),player #1:C:\Users\esthe\Downloads\destroy 14 _\commentary;C:\Users\esthe\Downloads\destroy 14 _\Dest_1405_10_three.mp4;C:\Users\esthe\Downloads\destroy 14 _\Dest_1405_11_one.mp4;C:\Users\esthe\Downloads\destroy 14 _\Dest_1405_12_two.mp4;C:\Users\esthe\Downloads\destroy 14 _\Dest_1405_13_five.mp4;C:\Users\esthe\Downloads\destroy 14 _\Dest_1405_14_onehalf.mp4;C:\Users\esthe\Downloads\destroy 14 _\Dest_1405_15_seven.mp4;C:\Users\esthe\Downloads\destroy 14 _\Dest_1405_16_three.mp4;C:\Users\esthe\Downloads\destroy 14 _\Dest_1405_17_three.mp4;C:\Users\esthe\Downloads\destroy 14 _\Dest_1405_18_two.mp4;C:\Users\esthe\Downloads\destroy 14 _\Dest_1405_19_five.mp4;C:\Users\esthe\Downloads\destroy 14 _\Dest_1405_20_one.mp4;C:\Users\esthe\Downloads\destroy 14 _\Dest_1405_21_five.mp4;C:\Users\esthe\Downloads\destroy 14 _\Dest_1405_22_seven.mp4;C:\Users\esthe\Downloads\destroy 14 _\Dest_1405_23_two.mp4;C:\Users\esthe\Downloads\destroy 14 _\Dest_1405_24_three.mp4;C:\Users\esthe\Downloads\destroy 14 _\Dest_1405_3_three.mp4;C:\Users\esthe\Downloads\destroy 14 _\Dest_1405_4_seven.mp4;C:\Users\esthe\Downloads\destroy 14 _\Dest_1405_5_five.mp4;C:\Users\esthe\Downloads\destroy 14 _\Dest_1405_6_seven.mp4;C:\Users\esthe\Downloads\destroy 14 _\Dest_1405_7_two.mp4;C:\Users\esthe\Downloads\destroy 14 _\Dest_1405_8_five.mp4;C:\Users\esthe\Downloads\destroy 14 _\Dest_1405_9_two.mp4,0.0,5.733;7.332;7.532;9.967;5.533;11.765;7.566;7.666;5.399;10.698;14.798;9.032;17.966;5.367;13.428;4.134;10.598;14.335;5.466;17.264;6.999;7.933;4.666,30.000;30.000;30.000;30.000;30.000;30.000;30.000;30.000;30.000;30.000;30.000;30.000;30.000;30.000;30.000;30.000;30.000;30.000;30.000;30.000;30.000;30.000;30.000,Destroy,jaw movement,,,POINT,129.476,C:\Users\esthe\Downloads\destroy 14 _\Dest_1405_23_two.mp4,94,NA,
dest_1405,2025-06-26 15:24:30.572,,205.135,Media file(s),player #1:C:\Users\esthe\Downloads\destroy 14 _\commentary;C:\Users\esthe\Downloads\destroy 14 _\Dest_1405_10_three.mp4;C:\Users\esthe\Downloads\destroy 14 _\Dest_1405_11_one.mp4;C:\Users\esthe\Downloads\destroy 14 _\Dest_1405_12_two.mp4;C:\Users\esthe\Downloads\destroy 14 _\Dest_1405_13_five.mp4;C:\Users\esthe\Downloads\destroy 14 _\Dest_1405_14_onehalf.mp4;C:\Users\esthe\Downloads\destroy 14 _\Dest_1405_15_seven.mp4;C:\Users\esthe\Downloads\destroy 14 _\Dest_1405_16_three.mp4;C:\Users\esthe\Downloads\destroy 14 _\Dest_1405_17_three.mp4;C:\Users\esthe\Downloads\destroy 14 _\Dest_1405_18_two.mp4;C:\Users\esthe\Downloads\destroy 14 _\Dest_1405_19_five.mp4;C:\Users\esthe\Downloads\destroy 14 _\Dest_1405_20_one.mp4;C:\Users\esthe\Downloads\destroy 14 _\Dest_1405_21_five.mp4;C:\Users\esthe\Downloads\destroy 14 _\Dest_1405_22_seven.mp4;C:\Users\esthe\Downloads\destroy 14 _\Dest_1405_23_two.mp4;C:\Users\esthe\Downloads\destroy 14 _\Dest_1405_24_three.mp4;C:\Users\esthe\Downloads\destroy 14 _\Dest_1405_3_three.mp4;C:\Users\esthe\Downloads\destroy 14 _\Dest_1405_4_seven.mp4;C:\Users\esthe\Downloads\destroy 14 _\Dest_1405_5_five.mp4;C:\Users\esthe\Downloads\destroy 14 _\Dest_1405_6_seven.mp4;C:\Users\esthe\Downloads\destroy 14 _\Dest_1405_7_two.mp4;C:\Users\esthe\Downloads\destroy 14 _\Dest_1405_8_five.mp4;C:\Users\esthe\Downloads\destroy 14 _\Dest_1405_9_two.mp4,0.0,5.733;7.332;7.532;9.967;5.533;11.765;7.566;7.666;5.399;10.698;14.798;9.032;17.966;5.367;13.428;4.134;10.598;14.335;5.466;17.264;6.999;7.933;4.666,30.000;30.000;30.000;30.000;30.000;30.000;30.000;30.000;30.000;30.000;30.000;30.000;30.000;30.000;30.000;30.000;30.000;30.000;30.000;30.000;30.000;30.000;30.000,Destroy,teeth-hole contact,,,POINT,129.743,C:\Users\esthe\Downloads\destroy 14 _\Dest_1405_23_two.mp4,102,NA,
dest_1405,2025-06-26 15:24:30.572,,205.135,Media file(s),player #1:C:\Users\esthe\Downloads\destroy 14 _\commentary;C:\Users\esthe\Downloads\destroy 14 _\Dest_1405_10_three.mp4;C:\Users\esthe\Downloads\destroy 14 _\Dest_1405_11_one.mp4;C:\Users\esthe\Downloads\destroy 14 _\Dest_1405_12_two.mp4;C:\Users\esthe\Downloads\destroy 14 _\Dest_1405_13_five.mp4;C:\Users\esthe\Downloads\destroy 14 _\Dest_1405_14_onehalf.mp4;C:\Users\esthe\Downloads\destroy 14 _\Dest_1405_15_seven.mp4;C:\Users\esthe\Downloads\destroy 14 _\Dest_1405_16_three.mp4;C:\Users\esthe\Downloads\destroy 14 _\Dest_1405_17_three.mp4;C:\Users\esthe\Downloads\destroy 14 _\Dest_1405_18_two.mp4;C:\Users\esthe\Downloads\destroy 14 _\Dest_1405_19_five.mp4;C:\Users\esthe\Downloads\destroy 14 _\Dest_1405_20_one.mp4;C:\Users\esthe\Downloads\destroy 14 _\Dest_1405_21_five.mp4;C:\Users\esthe\Downloads\destroy 14 _\Dest_1405_22_seven.mp4;C:\Users\esthe\Downloads\destroy 14 _\Dest_1405_23_two.mp4;C:\Users\esthe\Downloads\destroy 14 _\Dest_1405_24_three.mp4;C:\Users\esthe\Downloads\destroy 14 _\Dest_1405_3_three.mp4;C:\Users\esthe\Downloads\destroy 14 _\Dest_1405_4_seven.mp4;C:\Users\esthe\Downloads\destroy 14 _\Dest_1405_5_five.mp4;C:\Users\esthe\Downloads\destroy 14 _\Dest_1405_6_seven.mp4;C:\Users\esthe\Downloads\destroy 14 _\Dest_1405_7_two.mp4;C:\Users\esthe\Downloads\destroy 14 _\Dest_1405_8_five.mp4;C:\Users\esthe\Downloads\destroy 14 _\Dest_1405_9_two.mp4,0.0,5.733;7.332;7.532;9.967;5.533;11.765;7.566;7.666;5.399;10.698;14.798;9.032;17.966;5.367;13.428;4.134;10.598;14.335;5.466;17.264;6.999;7.933;4.666,30.000;30.000;30.000;30.000;30.000;30.000;30.000;30.000;30.000;30.000;30.000;30.000;30.000;30.000;30.000;30.000;30.000;30.000;30.000;30.000;30.000;30.000;30.000,Destroy,translational movement,,,POINT,129.743,C:\Users\esthe\Downloads\destroy 14 _\Dest_1405_23_two.mp4,102,NA,
dest_1405,2025-06-26 15:24:30.572,,205.135,Media file(s),player #1:C:\Users\esthe\Downloads\destroy 14 _\commentary;C:\Users\esthe\Downloads\destroy 14 _\Dest_1405_10_three.mp4;C:\Users\esthe\Downloads\destroy 14 _\Dest_1405_11_one.mp4;C:\Users\esthe\Downloads\destroy 14 _\Dest_1405_12_two.mp4;C:\Users\esthe\Downloads\destroy 14 _\Dest_1405_13_five.mp4;C:\Users\esthe\Downloads\destroy 14 _\Dest_1405_14_onehalf.mp4;C:\Users\esthe\Downloads\destroy 14 _\Dest_1405_15_seven.mp4;C:\Users\esthe\Downloads\destroy 14 _\Dest_1405_16_three.mp4;C:\Users\esthe\Downloads\destroy 14 _\Dest_1405_17_three.mp4;C:\Users\esthe\Downloads\destroy 14 _\Dest_1405_18_two.mp4;C:\Users\esthe\Downloads\destroy 14 _\Dest_1405_19_five.mp4;C:\Users\esthe\Downloads\destroy 14 _\Dest_1405_20_one.mp4;C:\Users\esthe\Downloads\destroy 14 _\Dest_1405_21_five.mp4;C:\Users\esthe\Downloads\destroy 14 _\Dest_1405_22_seven.mp4;C:\Users\esthe\Downloads\destroy 14 _\Dest_1405_23_two.mp4;C:\Users\esthe\Downloads\destroy 14 _\Dest_1405_24_three.mp4;C:\Users\esthe\Downloads\destroy 14 _\Dest_1405_3_three.mp4;C:\Users\esthe\Downloads\destroy 14 _\Dest_1405_4_seven.mp4;C:\Users\esthe\Downloads\destroy 14 _\Dest_1405_5_five.mp4;C:\Users\esthe\Downloads\destroy 14 _\Dest_1405_6_seven.mp4;C:\Users\esthe\Downloads\destroy 14 _\Dest_1405_7_two.mp4;C:\Users\esthe\Downloads\destroy 14 _\Dest_1405_8_five.mp4;C:\Users\esthe\Downloads\destroy 14 _\Dest_1405_9_two.mp4,0.0,5.733;7.332;7.532;9.967;5.533;11.765;7.566;7.666;5.399;10.698;14.798;9.032;17.966;5.367;13.428;4.134;10.598;14.335;5.466;17.264;6.999;7.933;4.666,30.000;30.000;30.000;30.000;30.000;30.000;30.000;30.000;30.000;30.000;30.000;30.000;30.000;30.000;30.000;30.000;30.000;30.000;30.000;30.000;30.000;30.000;30.000,Destroy,rotation,,Horizontal,START,130.043,C:\Users\esthe\Downloads\destroy 14 _\Dest_1405_23_two.mp4,111,NA,
dest_1405,2025-06-26 15:24:30.572,,205.135,Media file(s),player #1:C:\Users\esthe\Downloads\destroy 14 _\commentary;C:\Users\esthe\Downloads\destroy 14 _\Dest_1405_10_three.mp4;C:\Users\esthe\Downloads\destroy 14 _\Dest_1405_11_one.mp4;C:\Users\esthe\Downloads\destroy 14 _\Dest_1405_12_two.mp4;C:\Users\esthe\Downloads\destroy 14 _\Dest_1405_13_five.mp4;C:\Users\esthe\Downloads\destroy 14 _\Dest_1405_14_onehalf.mp4;C:\Users\esthe\Downloads\destroy 14 _\Dest_1405_15_seven.mp4;C:\Users\esthe\Downloads\destroy 14 _\Dest_1405_16_three.mp4;C:\Users\esthe\Downloads\destroy 14 _\Dest_1405_17_three.mp4;C:\Users\esthe\Downloads\destroy 14 _\Dest_1405_18_two.mp4;C:\Users\esthe\Downloads\destroy 14 _\Dest_1405_19_five.mp4;C:\Users\esthe\Downloads\destroy 14 _\Dest_1405_20_one.mp4;C:\Users\esthe\Downloads\destroy 14 _\Dest_1405_21_five.mp4;C:\Users\esthe\Downloads\destroy 14 _\Dest_1405_22_seven.mp4;C:\Users\esthe\Downloads\destroy 14 _\Dest_1405_23_two.mp4;C:\Users\esthe\Downloads\destroy 14 _\Dest_1405_24_three.mp4;C:\Users\esthe\Downloads\destroy 14 _\Dest_1405_3_three.mp4;C:\Users\esthe\Downloads\destroy 14 _\Dest_1405_4_seven.mp4;C:\Users\esthe\Downloads\destroy 14 _\Dest_1405_5_five.mp4;C:\Users\esthe\Downloads\destroy 14 _\Dest_1405_6_seven.mp4;C:\Users\esthe\Downloads\destroy 14 _\Dest_1405_7_two.mp4;C:\Users\esthe\Downloads\destroy 14 _\Dest_1405_8_five.mp4;C:\Users\esthe\Downloads\destroy 14 _\Dest_1405_9_two.mp4,0.0,5.733;7.332;7.532;9.967;5.533;11.765;7.566;7.666;5.399;10.698;14.798;9.032;17.966;5.367;13.428;4.134;10.598;14.335;5.466;17.264;6.999;7.933;4.666,30.000;30.000;30.000;30.000;30.000;30.000;30.000;30.000;30.000;30.000;30.000;30.000;30.000;30.000;30.000;30.000;30.000;30.000;30.000;30.000;30.000;30.000;30.000,Destroy,teeth-hole contact,,,POINT,130.043,C:\Users\esthe\Downloads\destroy 14 _\Dest_1405_23_two.mp4,111,NA,
dest_1405,2025-06-26 15:24:30.572,,205.135,Media file(s),player #1:C:\Users\esthe\Downloads\destroy 14 _\commentary;C:\Users\esthe\Downloads\destroy 14 _\Dest_1405_10_three.mp4;C:\Users\esthe\Downloads\destroy 14 _\Dest_1405_11_one.mp4;C:\Users\esthe\Downloads\destroy 14 _\Dest_1405_12_two.mp4;C:\Users\esthe\Downloads\destroy 14 _\Dest_1405_13_five.mp4;C:\Users\esthe\Downloads\destroy 14 _\Dest_1405_14_onehalf.mp4;C:\Users\esthe\Downloads\destroy 14 _\Dest_1405_15_seven.mp4;C:\Users\esthe\Downloads\destroy 14 _\Dest_1405_16_three.mp4;C:\Users\esthe\Downloads\destroy 14 _\Dest_1405_17_three.mp4;C:\Users\esthe\Downloads\destroy 14 _\Dest_1405_18_two.mp4;C:\Users\esthe\Downloads\destroy 14 _\Dest_1405_19_five.mp4;C:\Users\esthe\Downloads\destroy 14 _\Dest_1405_20_one.mp4;C:\Users\esthe\Downloads\destroy 14 _\Dest_1405_21_five.mp4;C:\Users\esthe\Downloads\destroy 14 _\Dest_1405_22_seven.mp4;C:\Users\esthe\Downloads\destroy 14 _\Dest_1405_23_two.mp4;C:\Users\esthe\Downloads\destroy 14 _\Dest_1405_24_three.mp4;C:\Users\esthe\Downloads\destroy 14 _\Dest_1405_3_three.mp4;C:\Users\esthe\Downloads\destroy 14 _\Dest_1405_4_seven.mp4;C:\Users\esthe\Downloads\destroy 14 _\Dest_1405_5_five.mp4;C:\Users\esthe\Downloads\destroy 14 _\Dest_1405_6_seven.mp4;C:\Users\esthe\Downloads\destroy 14 _\Dest_1405_7_two.mp4;C:\Users\esthe\Downloads\destroy 14 _\Dest_1405_8_five.mp4;C:\Users\esthe\Downloads\destroy 14 _\Dest_1405_9_two.mp4,0.0,5.733;7.332;7.532;9.967;5.533;11.765;7.566;7.666;5.399;10.698;14.798;9.032;17.966;5.367;13.428;4.134;10.598;14.335;5.466;17.264;6.999;7.933;4.666,30.000;30.000;30.000;30.000;30.000;30.000;30.000;30.000;30.000;30.000;30.000;30.000;30.000;30.000;30.000;30.000;30.000;30.000;30.000;30.000;30.000;30.000;30.000,Destroy,jaw movement,,,POINT,131.110,C:\Users\esthe\Downloads\destroy 14 _\Dest_1405_23_two.mp4,143,NA,
dest_1405,2025-06-26 15:24:30.572,,205.135,Media file(s),player #1:C:\Users\esthe\Downloads\destroy 14 _\commentary;C:\Users\esthe\Downloads\destroy 14 _\Dest_1405_10_three.mp4;C:\Users\esthe\Downloads\destroy 14 _\Dest_1405_11_one.mp4;C:\Users\esthe\Downloads\destroy 14 _\Dest_1405_12_two.mp4;C:\Users\esthe\Downloads\destroy 14 _\Dest_1405_13_five.mp4;C:\Users\esthe\Downloads\destroy 14 _\Dest_1405_14_onehalf.mp4;C:\Users\esthe\Downloads\destroy 14 _\Dest_1405_15_seven.mp4;C:\Users\esthe\Downloads\destroy 14 _\Dest_1405_16_three.mp4;C:\Users\esthe\Downloads\destroy 14 _\Dest_1405_17_three.mp4;C:\Users\esthe\Downloads\destroy 14 _\Dest_1405_18_two.mp4;C:\Users\esthe\Downloads\destroy 14 _\Dest_1405_19_five.mp4;C:\Users\esthe\Downloads\destroy 14 _\Dest_1405_20_one.mp4;C:\Users\esthe\Downloads\destroy 14 _\Dest_1405_21_five.mp4;C:\Users\esthe\Downloads\destroy 14 _\Dest_1405_22_seven.mp4;C:\Users\esthe\Downloads\destroy 14 _\Dest_1405_23_two.mp4;C:\Users\esthe\Downloads\destroy 14 _\Dest_1405_24_three.mp4;C:\Users\esthe\Downloads\destroy 14 _\Dest_1405_3_three.mp4;C:\Users\esthe\Downloads\destroy 14 _\Dest_1405_4_seven.mp4;C:\Users\esthe\Downloads\destroy 14 _\Dest_1405_5_five.mp4;C:\Users\esthe\Downloads\destroy 14 _\Dest_1405_6_seven.mp4;C:\Users\esthe\Downloads\destroy 14 _\Dest_1405_7_two.mp4;C:\Users\esthe\Downloads\destroy 14 _\Dest_1405_8_five.mp4;C:\Users\esthe\Downloads\destroy 14 _\Dest_1405_9_two.mp4,0.0,5.733;7.332;7.532;9.967;5.533;11.765;7.566;7.666;5.399;10.698;14.798;9.032;17.966;5.367;13.428;4.134;10.598;14.335;5.466;17.264;6.999;7.933;4.666,30.000;30.000;30.000;30.000;30.000;30.000;30.000;30.000;30.000;30.000;30.000;30.000;30.000;30.000;30.000;30.000;30.000;30.000;30.000;30.000;30.000;30.000;30.000,Destroy,rotation,,Horizontal,STOP,131.110,C:\Users\esthe\Downloads\destroy 14 _\Dest_1405_23_two.mp4,143,NA,
dest_1405,2025-06-26 15:24:30.572,,205.135,Media file(s),player #1:C:\Users\esthe\Downloads\destroy 14 _\commentary;C:\Users\esthe\Downloads\destroy 14 _\Dest_1405_10_three.mp4;C:\Users\esthe\Downloads\destroy 14 _\Dest_1405_11_one.mp4;C:\Users\esthe\Downloads\destroy 14 _\Dest_1405_12_two.mp4;C:\Users\esthe\Downloads\destroy 14 _\Dest_1405_13_five.mp4;C:\Users\esthe\Downloads\destroy 14 _\Dest_1405_14_onehalf.mp4;C:\Users\esthe\Downloads\destroy 14 _\Dest_1405_15_seven.mp4;C:\Users\esthe\Downloads\destroy 14 _\Dest_1405_16_three.mp4;C:\Users\esthe\Downloads\destroy 14 _\Dest_1405_17_three.mp4;C:\Users\esthe\Downloads\destroy 14 _\Dest_1405_18_two.mp4;C:\Users\esthe\Downloads\destroy 14 _\Dest_1405_19_five.mp4;C:\Users\esthe\Downloads\destroy 14 _\Dest_1405_20_one.mp4;C:\Users\esthe\Downloads\destroy 14 _\Dest_1405_21_five.mp4;C:\Users\esthe\Downloads\destroy 14 _\Dest_1405_22_seven.mp4;C:\Users\esthe\Downloads\destroy 14 _\Dest_1405_23_two.mp4;C:\Users\esthe\Downloads\destroy 14 _\Dest_1405_24_three.mp4;C:\Users\esthe\Downloads\destroy 14 _\Dest_1405_3_three.mp4;C:\Users\esthe\Downloads\destroy 14 _\Dest_1405_4_seven.mp4;C:\Users\esthe\Downloads\destroy 14 _\Dest_1405_5_five.mp4;C:\Users\esthe\Downloads\destroy 14 _\Dest_1405_6_seven.mp4;C:\Users\esthe\Downloads\destroy 14 _\Dest_1405_7_two.mp4;C:\Users\esthe\Downloads\destroy 14 _\Dest_1405_8_five.mp4;C:\Users\esthe\Downloads\destroy 14 _\Dest_1405_9_two.mp4,0.0,5.733;7.332;7.532;9.967;5.533;11.765;7.566;7.666;5.399;10.698;14.798;9.032;17.966;5.367;13.428;4.134;10.598;14.335;5.466;17.264;6.999;7.933;4.666,30.000;30.000;30.000;30.000;30.000;30.000;30.000;30.000;30.000;30.000;30.000;30.000;30.000;30.000;30.000;30.000;30.000;30.000;30.000;30.000;30.000;30.000;30.000,Destroy,translational movement,,,POINT,131.110,C:\Users\esthe\Downloads\destroy 14 _\Dest_1405_23_two.mp4,143,NA,
dest_1405,2025-06-26 15:24:30.572,,205.135,Media file(s),player #1:C:\Users\esthe\Downloads\destroy 14 _\commentary;C:\Users\esthe\Downloads\destroy 14 _\Dest_1405_10_three.mp4;C:\Users\esthe\Downloads\destroy 14 _\Dest_1405_11_one.mp4;C:\Users\esthe\Downloads\destroy 14 _\Dest_1405_12_two.mp4;C:\Users\esthe\Downloads\destroy 14 _\Dest_1405_13_five.mp4;C:\Users\esthe\Downloads\destroy 14 _\Dest_1405_14_onehalf.mp4;C:\Users\esthe\Downloads\destroy 14 _\Dest_1405_15_seven.mp4;C:\Users\esthe\Downloads\destroy 14 _\Dest_1405_16_three.mp4;C:\Users\esthe\Downloads\destroy 14 _\Dest_1405_17_three.mp4;C:\Users\esthe\Downloads\destroy 14 _\Dest_1405_18_two.mp4;C:\Users\esthe\Downloads\destroy 14 _\Dest_1405_19_five.mp4;C:\Users\esthe\Downloads\destroy 14 _\Dest_1405_20_one.mp4;C:\Users\esthe\Downloads\destroy 14 _\Dest_1405_21_five.mp4;C:\Users\esthe\Downloads\destroy 14 _\Dest_1405_22_seven.mp4;C:\Users\esthe\Downloads\destroy 14 _\Dest_1405_23_two.mp4;C:\Users\esthe\Downloads\destroy 14 _\Dest_1405_24_three.mp4;C:\Users\esthe\Downloads\destroy 14 _\Dest_1405_3_three.mp4;C:\Users\esthe\Downloads\destroy 14 _\Dest_1405_4_seven.mp4;C:\Users\esthe\Downloads\destroy 14 _\Dest_1405_5_five.mp4;C:\Users\esthe\Downloads\destroy 14 _\Dest_1405_6_seven.mp4;C:\Users\esthe\Downloads\destroy 14 _\Dest_1405_7_two.mp4;C:\Users\esthe\Downloads\destroy 14 _\Dest_1405_8_five.mp4;C:\Users\esthe\Downloads\destroy 14 _\Dest_1405_9_two.mp4,0.0,5.733;7.332;7.532;9.967;5.533;11.765;7.566;7.666;5.399;10.698;14.798;9.032;17.966;5.367;13.428;4.134;10.598;14.335;5.466;17.264;6.999;7.933;4.666,30.000;30.000;30.000;30.000;30.000;30.000;30.000;30.000;30.000;30.000;30.000;30.000;30.000;30.000;30.000;30.000;30.000;30.000;30.000;30.000;30.000;30.000;30.000,Destroy,assessing,,,STOP,131.176,C:\Users\esthe\Downloads\destroy 14 _\Dest_1405_23_two.mp4,145,NA,
dest_1405,2025-06-26 15:24:30.572,,205.135,Media file(s),player #1:C:\Users\esthe\Downloads\destroy 14 _\commentary;C:\Users\esthe\Downloads\destroy 14 _\Dest_1405_10_three.mp4;C:\Users\esthe\Downloads\destroy 14 _\Dest_1405_11_one.mp4;C:\Users\esthe\Downloads\destroy 14 _\Dest_1405_12_two.mp4;C:\Users\esthe\Downloads\destroy 14 _\Dest_1405_13_five.mp4;C:\Users\esthe\Downloads\destroy 14 _\Dest_1405_14_onehalf.mp4;C:\Users\esthe\Downloads\destroy 14 _\Dest_1405_15_seven.mp4;C:\Users\esthe\Downloads\destroy 14 _\Dest_1405_16_three.mp4;C:\Users\esthe\Downloads\destroy 14 _\Dest_1405_17_three.mp4;C:\Users\esthe\Downloads\destroy 14 _\Dest_1405_18_two.mp4;C:\Users\esthe\Downloads\destroy 14 _\Dest_1405_19_five.mp4;C:\Users\esthe\Downloads\destroy 14 _\Dest_1405_20_one.mp4;C:\Users\esthe\Downloads\destroy 14 _\Dest_1405_21_five.mp4;C:\Users\esthe\Downloads\destroy 14 _\Dest_1405_22_seven.mp4;C:\Users\esthe\Downloads\destroy 14 _\Dest_1405_23_two.mp4;C:\Users\esthe\Downloads\destroy 14 _\Dest_1405_24_three.mp4;C:\Users\esthe\Downloads\destroy 14 _\Dest_1405_3_three.mp4;C:\Users\esthe\Downloads\destroy 14 _\Dest_1405_4_seven.mp4;C:\Users\esthe\Downloads\destroy 14 _\Dest_1405_5_five.mp4;C:\Users\esthe\Downloads\destroy 14 _\Dest_1405_6_seven.mp4;C:\Users\esthe\Downloads\destroy 14 _\Dest_1405_7_two.mp4;C:\Users\esthe\Downloads\destroy 14 _\Dest_1405_8_five.mp4;C:\Users\esthe\Downloads\destroy 14 _\Dest_1405_9_two.mp4,0.0,5.733;7.332;7.532;9.967;5.533;11.765;7.566;7.666;5.399;10.698;14.798;9.032;17.966;5.367;13.428;4.134;10.598;14.335;5.466;17.264;6.999;7.933;4.666,30.000;30.000;30.000;30.000;30.000;30.000;30.000;30.000;30.000;30.000;30.000;30.000;30.000;30.000;30.000;30.000;30.000;30.000;30.000;30.000;30.000;30.000;30.000,Destroy,jaw movement,,,POINT,131.343,C:\Users\esthe\Downloads\destroy 14 _\Dest_1405_23_two.mp4,150,NA,
dest_1405,2025-06-26 15:24:30.572,,205.135,Media file(s),player #1:C:\Users\esthe\Downloads\destroy 14 _\commentary;C:\Users\esthe\Downloads\destroy 14 _\Dest_1405_10_three.mp4;C:\Users\esthe\Downloads\destroy 14 _\Dest_1405_11_one.mp4;C:\Users\esthe\Downloads\destroy 14 _\Dest_1405_12_two.mp4;C:\Users\esthe\Downloads\destroy 14 _\Dest_1405_13_five.mp4;C:\Users\esthe\Downloads\destroy 14 _\Dest_1405_14_onehalf.mp4;C:\Users\esthe\Downloads\destroy 14 _\Dest_1405_15_seven.mp4;C:\Users\esthe\Downloads\destroy 14 _\Dest_1405_16_three.mp4;C:\Users\esthe\Downloads\destroy 14 _\Dest_1405_17_three.mp4;C:\Users\esthe\Downloads\destroy 14 _\Dest_1405_18_two.mp4;C:\Users\esthe\Downloads\destroy 14 _\Dest_1405_19_five.mp4;C:\Users\esthe\Downloads\destroy 14 _\Dest_1405_20_one.mp4;C:\Users\esthe\Downloads\destroy 14 _\Dest_1405_21_five.mp4;C:\Users\esthe\Downloads\destroy 14 _\Dest_1405_22_seven.mp4;C:\Users\esthe\Downloads\destroy 14 _\Dest_1405_23_two.mp4;C:\Users\esthe\Downloads\destroy 14 _\Dest_1405_24_three.mp4;C:\Users\esthe\Downloads\destroy 14 _\Dest_1405_3_three.mp4;C:\Users\esthe\Downloads\destroy 14 _\Dest_1405_4_seven.mp4;C:\Users\esthe\Downloads\destroy 14 _\Dest_1405_5_five.mp4;C:\Users\esthe\Downloads\destroy 14 _\Dest_1405_6_seven.mp4;C:\Users\esthe\Downloads\destroy 14 _\Dest_1405_7_two.mp4;C:\Users\esthe\Downloads\destroy 14 _\Dest_1405_8_five.mp4;C:\Users\esthe\Downloads\destroy 14 _\Dest_1405_9_two.mp4,0.0,5.733;7.332;7.532;9.967;5.533;11.765;7.566;7.666;5.399;10.698;14.798;9.032;17.966;5.367;13.428;4.134;10.598;14.335;5.466;17.264;6.999;7.933;4.666,30.000;30.000;30.000;30.000;30.000;30.000;30.000;30.000;30.000;30.000;30.000;30.000;30.000;30.000;30.000;30.000;30.000;30.000;30.000;30.000;30.000;30.000;30.000,Destroy,peeling,,,START,131.343,C:\Users\esthe\Downloads\destroy 14 _\Dest_1405_23_two.mp4,150,NA,
dest_1405,2025-06-26 15:24:30.572,,205.135,Media file(s),player #1:C:\Users\esthe\Downloads\destroy 14 _\commentary;C:\Users\esthe\Downloads\destroy 14 _\Dest_1405_10_three.mp4;C:\Users\esthe\Downloads\destroy 14 _\Dest_1405_11_one.mp4;C:\Users\esthe\Downloads\destroy 14 _\Dest_1405_12_two.mp4;C:\Users\esthe\Downloads\destroy 14 _\Dest_1405_13_five.mp4;C:\Users\esthe\Downloads\destroy 14 _\Dest_1405_14_onehalf.mp4;C:\Users\esthe\Downloads\destroy 14 _\Dest_1405_15_seven.mp4;C:\Users\esthe\Downloads\destroy 14 _\Dest_1405_16_three.mp4;C:\Users\esthe\Downloads\destroy 14 _\Dest_1405_17_three.mp4;C:\Users\esthe\Downloads\destroy 14 _\Dest_1405_18_two.mp4;C:\Users\esthe\Downloads\destroy 14 _\Dest_1405_19_five.mp4;C:\Users\esthe\Downloads\destroy 14 _\Dest_1405_20_one.mp4;C:\Users\esthe\Downloads\destroy 14 _\Dest_1405_21_five.mp4;C:\Users\esthe\Downloads\destroy 14 _\Dest_1405_22_seven.mp4;C:\Users\esthe\Downloads\destroy 14 _\Dest_1405_23_two.mp4;C:\Users\esthe\Downloads\destroy 14 _\Dest_1405_24_three.mp4;C:\Users\esthe\Downloads\destroy 14 _\Dest_1405_3_three.mp4;C:\Users\esthe\Downloads\destroy 14 _\Dest_1405_4_seven.mp4;C:\Users\esthe\Downloads\destroy 14 _\Dest_1405_5_five.mp4;C:\Users\esthe\Downloads\destroy 14 _\Dest_1405_6_seven.mp4;C:\Users\esthe\Downloads\destroy 14 _\Dest_1405_7_two.mp4;C:\Users\esthe\Downloads\destroy 14 _\Dest_1405_8_five.mp4;C:\Users\esthe\Downloads\destroy 14 _\Dest_1405_9_two.mp4,0.0,5.733;7.332;7.532;9.967;5.533;11.765;7.566;7.666;5.399;10.698;14.798;9.032;17.966;5.367;13.428;4.134;10.598;14.335;5.466;17.264;6.999;7.933;4.666,30.000;30.000;30.000;30.000;30.000;30.000;30.000;30.000;30.000;30.000;30.000;30.000;30.000;30.000;30.000;30.000;30.000;30.000;30.000;30.000;30.000;30.000;30.000,Destroy,jaw movement,,,POINT,131.610,C:\Users\esthe\Downloads\destroy 14 _\Dest_1405_23_two.mp4,158,NA,
dest_1405,2025-06-26 15:24:30.572,,205.135,Media file(s),player #1:C:\Users\esthe\Downloads\destroy 14 _\commentary;C:\Users\esthe\Downloads\destroy 14 _\Dest_1405_10_three.mp4;C:\Users\esthe\Downloads\destroy 14 _\Dest_1405_11_one.mp4;C:\Users\esthe\Downloads\destroy 14 _\Dest_1405_12_two.mp4;C:\Users\esthe\Downloads\destroy 14 _\Dest_1405_13_five.mp4;C:\Users\esthe\Downloads\destroy 14 _\Dest_1405_14_onehalf.mp4;C:\Users\esthe\Downloads\destroy 14 _\Dest_1405_15_seven.mp4;C:\Users\esthe\Downloads\destroy 14 _\Dest_1405_16_three.mp4;C:\Users\esthe\Downloads\destroy 14 _\Dest_1405_17_three.mp4;C:\Users\esthe\Downloads\destroy 14 _\Dest_1405_18_two.mp4;C:\Users\esthe\Downloads\destroy 14 _\Dest_1405_19_five.mp4;C:\Users\esthe\Downloads\destroy 14 _\Dest_1405_20_one.mp4;C:\Users\esthe\Downloads\destroy 14 _\Dest_1405_21_five.mp4;C:\Users\esthe\Downloads\destroy 14 _\Dest_1405_22_seven.mp4;C:\Users\esthe\Downloads\destroy 14 _\Dest_1405_23_two.mp4;C:\Users\esthe\Downloads\destroy 14 _\Dest_1405_24_three.mp4;C:\Users\esthe\Downloads\destroy 14 _\Dest_1405_3_three.mp4;C:\Users\esthe\Downloads\destroy 14 _\Dest_1405_4_seven.mp4;C:\Users\esthe\Downloads\destroy 14 _\Dest_1405_5_five.mp4;C:\Users\esthe\Downloads\destroy 14 _\Dest_1405_6_seven.mp4;C:\Users\esthe\Downloads\destroy 14 _\Dest_1405_7_two.mp4;C:\Users\esthe\Downloads\destroy 14 _\Dest_1405_8_five.mp4;C:\Users\esthe\Downloads\destroy 14 _\Dest_1405_9_two.mp4,0.0,5.733;7.332;7.532;9.967;5.533;11.765;7.566;7.666;5.399;10.698;14.798;9.032;17.966;5.367;13.428;4.134;10.598;14.335;5.466;17.264;6.999;7.933;4.666,30.000;30.000;30.000;30.000;30.000;30.000;30.000;30.000;30.000;30.000;30.000;30.000;30.000;30.000;30.000;30.000;30.000;30.000;30.000;30.000;30.000;30.000;30.000,Destroy,jaw movement,,,POINT,131.910,C:\Users\esthe\Downloads\destroy 14 _\Dest_1405_23_two.mp4,167,NA,
dest_1405,2025-06-26 15:24:30.572,,205.135,Media file(s),player #1:C:\Users\esthe\Downloads\destroy 14 _\commentary;C:\Users\esthe\Downloads\destroy 14 _\Dest_1405_10_three.mp4;C:\Users\esthe\Downloads\destroy 14 _\Dest_1405_11_one.mp4;C:\Users\esthe\Downloads\destroy 14 _\Dest_1405_12_two.mp4;C:\Users\esthe\Downloads\destroy 14 _\Dest_1405_13_five.mp4;C:\Users\esthe\Downloads\destroy 14 _\Dest_1405_14_onehalf.mp4;C:\Users\esthe\Downloads\destroy 14 _\Dest_1405_15_seven.mp4;C:\Users\esthe\Downloads\destroy 14 _\Dest_1405_16_three.mp4;C:\Users\esthe\Downloads\destroy 14 _\Dest_1405_17_three.mp4;C:\Users\esthe\Downloads\destroy 14 _\Dest_1405_18_two.mp4;C:\Users\esthe\Downloads\destroy 14 _\Dest_1405_19_five.mp4;C:\Users\esthe\Downloads\destroy 14 _\Dest_1405_20_one.mp4;C:\Users\esthe\Downloads\destroy 14 _\Dest_1405_21_five.mp4;C:\Users\esthe\Downloads\destroy 14 _\Dest_1405_22_seven.mp4;C:\Users\esthe\Downloads\destroy 14 _\Dest_1405_23_two.mp4;C:\Users\esthe\Downloads\destroy 14 _\Dest_1405_24_three.mp4;C:\Users\esthe\Downloads\destroy 14 _\Dest_1405_3_three.mp4;C:\Users\esthe\Downloads\destroy 14 _\Dest_1405_4_seven.mp4;C:\Users\esthe\Downloads\destroy 14 _\Dest_1405_5_five.mp4;C:\Users\esthe\Downloads\destroy 14 _\Dest_1405_6_seven.mp4;C:\Users\esthe\Downloads\destroy 14 _\Dest_1405_7_two.mp4;C:\Users\esthe\Downloads\destroy 14 _\Dest_1405_8_five.mp4;C:\Users\esthe\Downloads\destroy 14 _\Dest_1405_9_two.mp4,0.0,5.733;7.332;7.532;9.967;5.533;11.765;7.566;7.666;5.399;10.698;14.798;9.032;17.966;5.367;13.428;4.134;10.598;14.335;5.466;17.264;6.999;7.933;4.666,30.000;30.000;30.000;30.000;30.000;30.000;30.000;30.000;30.000;30.000;30.000;30.000;30.000;30.000;30.000;30.000;30.000;30.000;30.000;30.000;30.000;30.000;30.000,Destroy,peeling,,,STOP,131.910,C:\Users\esthe\Downloads\destroy 14 _\Dest_1405_23_two.mp4,167,NA,
dest_1405,2025-06-26 15:24:30.572,,205.135,Media file(s),player #1:C:\Users\esthe\Downloads\destroy 14 _\commentary;C:\Users\esthe\Downloads\destroy 14 _\Dest_1405_10_three.mp4;C:\Users\esthe\Downloads\destroy 14 _\Dest_1405_11_one.mp4;C:\Users\esthe\Downloads\destroy 14 _\Dest_1405_12_two.mp4;C:\Users\esthe\Downloads\destroy 14 _\Dest_1405_13_five.mp4;C:\Users\esthe\Downloads\destroy 14 _\Dest_1405_14_onehalf.mp4;C:\Users\esthe\Downloads\destroy 14 _\Dest_1405_15_seven.mp4;C:\Users\esthe\Downloads\destroy 14 _\Dest_1405_16_three.mp4;C:\Users\esthe\Downloads\destroy 14 _\Dest_1405_17_three.mp4;C:\Users\esthe\Downloads\destroy 14 _\Dest_1405_18_two.mp4;C:\Users\esthe\Downloads\destroy 14 _\Dest_1405_19_five.mp4;C:\Users\esthe\Downloads\destroy 14 _\Dest_1405_20_one.mp4;C:\Users\esthe\Downloads\destroy 14 _\Dest_1405_21_five.mp4;C:\Users\esthe\Downloads\destroy 14 _\Dest_1405_22_seven.mp4;C:\Users\esthe\Downloads\destroy 14 _\Dest_1405_23_two.mp4;C:\Users\esthe\Downloads\destroy 14 _\Dest_1405_24_three.mp4;C:\Users\esthe\Downloads\destroy 14 _\Dest_1405_3_three.mp4;C:\Users\esthe\Downloads\destroy 14 _\Dest_1405_4_seven.mp4;C:\Users\esthe\Downloads\destroy 14 _\Dest_1405_5_five.mp4;C:\Users\esthe\Downloads\destroy 14 _\Dest_1405_6_seven.mp4;C:\Users\esthe\Downloads\destroy 14 _\Dest_1405_7_two.mp4;C:\Users\esthe\Downloads\destroy 14 _\Dest_1405_8_five.mp4;C:\Users\esthe\Downloads\destroy 14 _\Dest_1405_9_two.mp4,0.0,5.733;7.332;7.532;9.967;5.533;11.765;7.566;7.666;5.399;10.698;14.798;9.032;17.966;5.367;13.428;4.134;10.598;14.335;5.466;17.264;6.999;7.933;4.666,30.000;30.000;30.000;30.000;30.000;30.000;30.000;30.000;30.000;30.000;30.000;30.000;30.000;30.000;30.000;30.000;30.000;30.000;30.000;30.000;30.000;30.000;30.000,Destroy,eating,,,START,132.177,C:\Users\esthe\Downloads\destroy 14 _\Dest_1405_23_two.mp4,175,NA,
dest_1405,2025-06-26 15:24:30.572,,205.135,Media file(s),player #1:C:\Users\esthe\Downloads\destroy 14 _\commentary;C:\Users\esthe\Downloads\destroy 14 _\Dest_1405_10_three.mp4;C:\Users\esthe\Downloads\destroy 14 _\Dest_1405_11_one.mp4;C:\Users\esthe\Downloads\destroy 14 _\Dest_1405_12_two.mp4;C:\Users\esthe\Downloads\destroy 14 _\Dest_1405_13_five.mp4;C:\Users\esthe\Downloads\destroy 14 _\Dest_1405_14_onehalf.mp4;C:\Users\esthe\Downloads\destroy 14 _\Dest_1405_15_seven.mp4;C:\Users\esthe\Downloads\destroy 14 _\Dest_1405_16_three.mp4;C:\Users\esthe\Downloads\destroy 14 _\Dest_1405_17_three.mp4;C:\Users\esthe\Downloads\destroy 14 _\Dest_1405_18_two.mp4;C:\Users\esthe\Downloads\destroy 14 _\Dest_1405_19_five.mp4;C:\Users\esthe\Downloads\destroy 14 _\Dest_1405_20_one.mp4;C:\Users\esthe\Downloads\destroy 14 _\Dest_1405_21_five.mp4;C:\Users\esthe\Downloads\destroy 14 _\Dest_1405_22_seven.mp4;C:\Users\esthe\Downloads\destroy 14 _\Dest_1405_23_two.mp4;C:\Users\esthe\Downloads\destroy 14 _\Dest_1405_24_three.mp4;C:\Users\esthe\Downloads\destroy 14 _\Dest_1405_3_three.mp4;C:\Users\esthe\Downloads\destroy 14 _\Dest_1405_4_seven.mp4;C:\Users\esthe\Downloads\destroy 14 _\Dest_1405_5_five.mp4;C:\Users\esthe\Downloads\destroy 14 _\Dest_1405_6_seven.mp4;C:\Users\esthe\Downloads\destroy 14 _\Dest_1405_7_two.mp4;C:\Users\esthe\Downloads\destroy 14 _\Dest_1405_8_five.mp4;C:\Users\esthe\Downloads\destroy 14 _\Dest_1405_9_two.mp4,0.0,5.733;7.332;7.532;9.967;5.533;11.765;7.566;7.666;5.399;10.698;14.798;9.032;17.966;5.367;13.428;4.134;10.598;14.335;5.466;17.264;6.999;7.933;4.666,30.000;30.000;30.000;30.000;30.000;30.000;30.000;30.000;30.000;30.000;30.000;30.000;30.000;30.000;30.000;30.000;30.000;30.000;30.000;30.000;30.000;30.000;30.000,Destroy,eating,,,STOP,133.110,C:\Users\esthe\Downloads\destroy 14 _\Dest_1405_23_two.mp4,203,NA,
dest_1405,2025-06-26 15:24:30.572,,205.135,Media file(s),player #1:C:\Users\esthe\Downloads\destroy 14 _\commentary;C:\Users\esthe\Downloads\destroy 14 _\Dest_1405_10_three.mp4;C:\Users\esthe\Downloads\destroy 14 _\Dest_1405_11_one.mp4;C:\Users\esthe\Downloads\destroy 14 _\Dest_1405_12_two.mp4;C:\Users\esthe\Downloads\destroy 14 _\Dest_1405_13_five.mp4;C:\Users\esthe\Downloads\destroy 14 _\Dest_1405_14_onehalf.mp4;C:\Users\esthe\Downloads\destroy 14 _\Dest_1405_15_seven.mp4;C:\Users\esthe\Downloads\destroy 14 _\Dest_1405_16_three.mp4;C:\Users\esthe\Downloads\destroy 14 _\Dest_1405_17_three.mp4;C:\Users\esthe\Downloads\destroy 14 _\Dest_1405_18_two.mp4;C:\Users\esthe\Downloads\destroy 14 _\Dest_1405_19_five.mp4;C:\Users\esthe\Downloads\destroy 14 _\Dest_1405_20_one.mp4;C:\Users\esthe\Downloads\destroy 14 _\Dest_1405_21_five.mp4;C:\Users\esthe\Downloads\destroy 14 _\Dest_1405_22_seven.mp4;C:\Users\esthe\Downloads\destroy 14 _\Dest_1405_23_two.mp4;C:\Users\esthe\Downloads\destroy 14 _\Dest_1405_24_three.mp4;C:\Users\esthe\Downloads\destroy 14 _\Dest_1405_3_three.mp4;C:\Users\esthe\Downloads\destroy 14 _\Dest_1405_4_seven.mp4;C:\Users\esthe\Downloads\destroy 14 _\Dest_1405_5_five.mp4;C:\Users\esthe\Downloads\destroy 14 _\Dest_1405_6_seven.mp4;C:\Users\esthe\Downloads\destroy 14 _\Dest_1405_7_two.mp4;C:\Users\esthe\Downloads\destroy 14 _\Dest_1405_8_five.mp4;C:\Users\esthe\Downloads\destroy 14 _\Dest_1405_9_two.mp4,0.0,5.733;7.332;7.532;9.967;5.533;11.765;7.566;7.666;5.399;10.698;14.798;9.032;17.966;5.367;13.428;4.134;10.598;14.335;5.466;17.264;6.999;7.933;4.666,30.000;30.000;30.000;30.000;30.000;30.000;30.000;30.000;30.000;30.000;30.000;30.000;30.000;30.000;30.000;30.000;30.000;30.000;30.000;30.000;30.000;30.000;30.000,Destroy,chewing,,,START,133.143,C:\Users\esthe\Downloads\destroy 14 _\Dest_1405_23_two.mp4,204,NA,
dest_1405,2025-06-26 15:24:30.572,,205.135,Media file(s),player #1:C:\Users\esthe\Downloads\destroy 14 _\commentary;C:\Users\esthe\Downloads\destroy 14 _\Dest_1405_10_three.mp4;C:\Users\esthe\Downloads\destroy 14 _\Dest_1405_11_one.mp4;C:\Users\esthe\Downloads\destroy 14 _\Dest_1405_12_two.mp4;C:\Users\esthe\Downloads\destroy 14 _\Dest_1405_13_five.mp4;C:\Users\esthe\Downloads\destroy 14 _\Dest_1405_14_onehalf.mp4;C:\Users\esthe\Downloads\destroy 14 _\Dest_1405_15_seven.mp4;C:\Users\esthe\Downloads\destroy 14 _\Dest_1405_16_three.mp4;C:\Users\esthe\Downloads\destroy 14 _\Dest_1405_17_three.mp4;C:\Users\esthe\Downloads\destroy 14 _\Dest_1405_18_two.mp4;C:\Users\esthe\Downloads\destroy 14 _\Dest_1405_19_five.mp4;C:\Users\esthe\Downloads\destroy 14 _\Dest_1405_20_one.mp4;C:\Users\esthe\Downloads\destroy 14 _\Dest_1405_21_five.mp4;C:\Users\esthe\Downloads\destroy 14 _\Dest_1405_22_seven.mp4;C:\Users\esthe\Downloads\destroy 14 _\Dest_1405_23_two.mp4;C:\Users\esthe\Downloads\destroy 14 _\Dest_1405_24_three.mp4;C:\Users\esthe\Downloads\destroy 14 _\Dest_1405_3_three.mp4;C:\Users\esthe\Downloads\destroy 14 _\Dest_1405_4_seven.mp4;C:\Users\esthe\Downloads\destroy 14 _\Dest_1405_5_five.mp4;C:\Users\esthe\Downloads\destroy 14 _\Dest_1405_6_seven.mp4;C:\Users\esthe\Downloads\destroy 14 _\Dest_1405_7_two.mp4;C:\Users\esthe\Downloads\destroy 14 _\Dest_1405_8_five.mp4;C:\Users\esthe\Downloads\destroy 14 _\Dest_1405_9_two.mp4,0.0,5.733;7.332;7.532;9.967;5.533;11.765;7.566;7.666;5.399;10.698;14.798;9.032;17.966;5.367;13.428;4.134;10.598;14.335;5.466;17.264;6.999;7.933;4.666,30.000;30.000;30.000;30.000;30.000;30.000;30.000;30.000;30.000;30.000;30.000;30.000;30.000;30.000;30.000;30.000;30.000;30.000;30.000;30.000;30.000;30.000;30.000,Destroy,chewing,,,STOP,136.077,C:\Users\esthe\Downloads\destroy 14 _\Dest_1405_23_two.mp4,292,NA,
dest_1405,2025-06-26 15:24:30.572,,205.135,Media file(s),player #1:C:\Users\esthe\Downloads\destroy 14 _\commentary;C:\Users\esthe\Downloads\destroy 14 _\Dest_1405_10_three.mp4;C:\Users\esthe\Downloads\destroy 14 _\Dest_1405_11_one.mp4;C:\Users\esthe\Downloads\destroy 14 _\Dest_1405_12_two.mp4;C:\Users\esthe\Downloads\destroy 14 _\Dest_1405_13_five.mp4;C:\Users\esthe\Downloads\destroy 14 _\Dest_1405_14_onehalf.mp4;C:\Users\esthe\Downloads\destroy 14 _\Dest_1405_15_seven.mp4;C:\Users\esthe\Downloads\destroy 14 _\Dest_1405_16_three.mp4;C:\Users\esthe\Downloads\destroy 14 _\Dest_1405_17_three.mp4;C:\Users\esthe\Downloads\destroy 14 _\Dest_1405_18_two.mp4;C:\Users\esthe\Downloads\destroy 14 _\Dest_1405_19_five.mp4;C:\Users\esthe\Downloads\destroy 14 _\Dest_1405_20_one.mp4;C:\Users\esthe\Downloads\destroy 14 _\Dest_1405_21_five.mp4;C:\Users\esthe\Downloads\destroy 14 _\Dest_1405_22_seven.mp4;C:\Users\esthe\Downloads\destroy 14 _\Dest_1405_23_two.mp4;C:\Users\esthe\Downloads\destroy 14 _\Dest_1405_24_three.mp4;C:\Users\esthe\Downloads\destroy 14 _\Dest_1405_3_three.mp4;C:\Users\esthe\Downloads\destroy 14 _\Dest_1405_4_seven.mp4;C:\Users\esthe\Downloads\destroy 14 _\Dest_1405_5_five.mp4;C:\Users\esthe\Downloads\destroy 14 _\Dest_1405_6_seven.mp4;C:\Users\esthe\Downloads\destroy 14 _\Dest_1405_7_two.mp4;C:\Users\esthe\Downloads\destroy 14 _\Dest_1405_8_five.mp4;C:\Users\esthe\Downloads\destroy 14 _\Dest_1405_9_two.mp4,0.0,5.733;7.332;7.532;9.967;5.533;11.765;7.566;7.666;5.399;10.698;14.798;9.032;17.966;5.367;13.428;4.134;10.598;14.335;5.466;17.264;6.999;7.933;4.666,30.000;30.000;30.000;30.000;30.000;30.000;30.000;30.000;30.000;30.000;30.000;30.000;30.000;30.000;30.000;30.000;30.000;30.000;30.000;30.000;30.000;30.000;30.000,Destroy,eating,,,START,136.143,C:\Users\esthe\Downloads\destroy 14 _\Dest_1405_23_two.mp4,294,NA,
dest_1405,2025-06-26 15:24:30.572,,205.135,Media file(s),player #1:C:\Users\esthe\Downloads\destroy 14 _\commentary;C:\Users\esthe\Downloads\destroy 14 _\Dest_1405_10_three.mp4;C:\Users\esthe\Downloads\destroy 14 _\Dest_1405_11_one.mp4;C:\Users\esthe\Downloads\destroy 14 _\Dest_1405_12_two.mp4;C:\Users\esthe\Downloads\destroy 14 _\Dest_1405_13_five.mp4;C:\Users\esthe\Downloads\destroy 14 _\Dest_1405_14_onehalf.mp4;C:\Users\esthe\Downloads\destroy 14 _\Dest_1405_15_seven.mp4;C:\Users\esthe\Downloads\destroy 14 _\Dest_1405_16_three.mp4;C:\Users\esthe\Downloads\destroy 14 _\Dest_1405_17_three.mp4;C:\Users\esthe\Downloads\destroy 14 _\Dest_1405_18_two.mp4;C:\Users\esthe\Downloads\destroy 14 _\Dest_1405_19_five.mp4;C:\Users\esthe\Downloads\destroy 14 _\Dest_1405_20_one.mp4;C:\Users\esthe\Downloads\destroy 14 _\Dest_1405_21_five.mp4;C:\Users\esthe\Downloads\destroy 14 _\Dest_1405_22_seven.mp4;C:\Users\esthe\Downloads\destroy 14 _\Dest_1405_23_two.mp4;C:\Users\esthe\Downloads\destroy 14 _\Dest_1405_24_three.mp4;C:\Users\esthe\Downloads\destroy 14 _\Dest_1405_3_three.mp4;C:\Users\esthe\Downloads\destroy 14 _\Dest_1405_4_seven.mp4;C:\Users\esthe\Downloads\destroy 14 _\Dest_1405_5_five.mp4;C:\Users\esthe\Downloads\destroy 14 _\Dest_1405_6_seven.mp4;C:\Users\esthe\Downloads\destroy 14 _\Dest_1405_7_two.mp4;C:\Users\esthe\Downloads\destroy 14 _\Dest_1405_8_five.mp4;C:\Users\esthe\Downloads\destroy 14 _\Dest_1405_9_two.mp4,0.0,5.733;7.332;7.532;9.967;5.533;11.765;7.566;7.666;5.399;10.698;14.798;9.032;17.966;5.367;13.428;4.134;10.598;14.335;5.466;17.264;6.999;7.933;4.666,30.000;30.000;30.000;30.000;30.000;30.000;30.000;30.000;30.000;30.000;30.000;30.000;30.000;30.000;30.000;30.000;30.000;30.000;30.000;30.000;30.000;30.000;30.000,Destroy,eating,,,STOP,136.377,C:\Users\esthe\Downloads\destroy 14 _\Dest_1405_23_two.mp4,301,NA,
dest_1405,2025-06-26 15:24:30.572,,205.135,Media file(s),player #1:C:\Users\esthe\Downloads\destroy 14 _\commentary;C:\Users\esthe\Downloads\destroy 14 _\Dest_1405_10_three.mp4;C:\Users\esthe\Downloads\destroy 14 _\Dest_1405_11_one.mp4;C:\Users\esthe\Downloads\destroy 14 _\Dest_1405_12_two.mp4;C:\Users\esthe\Downloads\destroy 14 _\Dest_1405_13_five.mp4;C:\Users\esthe\Downloads\destroy 14 _\Dest_1405_14_onehalf.mp4;C:\Users\esthe\Downloads\destroy 14 _\Dest_1405_15_seven.mp4;C:\Users\esthe\Downloads\destroy 14 _\Dest_1405_16_three.mp4;C:\Users\esthe\Downloads\destroy 14 _\Dest_1405_17_three.mp4;C:\Users\esthe\Downloads\destroy 14 _\Dest_1405_18_two.mp4;C:\Users\esthe\Downloads\destroy 14 _\Dest_1405_19_five.mp4;C:\Users\esthe\Downloads\destroy 14 _\Dest_1405_20_one.mp4;C:\Users\esthe\Downloads\destroy 14 _\Dest_1405_21_five.mp4;C:\Users\esthe\Downloads\destroy 14 _\Dest_1405_22_seven.mp4;C:\Users\esthe\Downloads\destroy 14 _\Dest_1405_23_two.mp4;C:\Users\esthe\Downloads\destroy 14 _\Dest_1405_24_three.mp4;C:\Users\esthe\Downloads\destroy 14 _\Dest_1405_3_three.mp4;C:\Users\esthe\Downloads\destroy 14 _\Dest_1405_4_seven.mp4;C:\Users\esthe\Downloads\destroy 14 _\Dest_1405_5_five.mp4;C:\Users\esthe\Downloads\destroy 14 _\Dest_1405_6_seven.mp4;C:\Users\esthe\Downloads\destroy 14 _\Dest_1405_7_two.mp4;C:\Users\esthe\Downloads\destroy 14 _\Dest_1405_8_five.mp4;C:\Users\esthe\Downloads\destroy 14 _\Dest_1405_9_two.mp4,0.0,5.733;7.332;7.532;9.967;5.533;11.765;7.566;7.666;5.399;10.698;14.798;9.032;17.966;5.367;13.428;4.134;10.598;14.335;5.466;17.264;6.999;7.933;4.666,30.000;30.000;30.000;30.000;30.000;30.000;30.000;30.000;30.000;30.000;30.000;30.000;30.000;30.000;30.000;30.000;30.000;30.000;30.000;30.000;30.000;30.000;30.000,Destroy,chewing,,,START,136.543,C:\Users\esthe\Downloads\destroy 14 _\Dest_1405_23_two.mp4,306,NA,
dest_1405,2025-06-26 15:24:30.572,,205.135,Media file(s),player #1:C:\Users\esthe\Downloads\destroy 14 _\commentary;C:\Users\esthe\Downloads\destroy 14 _\Dest_1405_10_three.mp4;C:\Users\esthe\Downloads\destroy 14 _\Dest_1405_11_one.mp4;C:\Users\esthe\Downloads\destroy 14 _\Dest_1405_12_two.mp4;C:\Users\esthe\Downloads\destroy 14 _\Dest_1405_13_five.mp4;C:\Users\esthe\Downloads\destroy 14 _\Dest_1405_14_onehalf.mp4;C:\Users\esthe\Downloads\destroy 14 _\Dest_1405_15_seven.mp4;C:\Users\esthe\Downloads\destroy 14 _\Dest_1405_16_three.mp4;C:\Users\esthe\Downloads\destroy 14 _\Dest_1405_17_three.mp4;C:\Users\esthe\Downloads\destroy 14 _\Dest_1405_18_two.mp4;C:\Users\esthe\Downloads\destroy 14 _\Dest_1405_19_five.mp4;C:\Users\esthe\Downloads\destroy 14 _\Dest_1405_20_one.mp4;C:\Users\esthe\Downloads\destroy 14 _\Dest_1405_21_five.mp4;C:\Users\esthe\Downloads\destroy 14 _\Dest_1405_22_seven.mp4;C:\Users\esthe\Downloads\destroy 14 _\Dest_1405_23_two.mp4;C:\Users\esthe\Downloads\destroy 14 _\Dest_1405_24_three.mp4;C:\Users\esthe\Downloads\destroy 14 _\Dest_1405_3_three.mp4;C:\Users\esthe\Downloads\destroy 14 _\Dest_1405_4_seven.mp4;C:\Users\esthe\Downloads\destroy 14 _\Dest_1405_5_five.mp4;C:\Users\esthe\Downloads\destroy 14 _\Dest_1405_6_seven.mp4;C:\Users\esthe\Downloads\destroy 14 _\Dest_1405_7_two.mp4;C:\Users\esthe\Downloads\destroy 14 _\Dest_1405_8_five.mp4;C:\Users\esthe\Downloads\destroy 14 _\Dest_1405_9_two.mp4,0.0,5.733;7.332;7.532;9.967;5.533;11.765;7.566;7.666;5.399;10.698;14.798;9.032;17.966;5.367;13.428;4.134;10.598;14.335;5.466;17.264;6.999;7.933;4.666,30.000;30.000;30.000;30.000;30.000;30.000;30.000;30.000;30.000;30.000;30.000;30.000;30.000;30.000;30.000;30.000;30.000;30.000;30.000;30.000;30.000;30.000;30.000,Destroy,chewing,,,STOP,138.276,C:\Users\esthe\Downloads\destroy 14 _\Dest_1405_23_two.mp4,358,NA,
dest_1405,2025-06-26 15:24:30.572,,205.135,Media file(s),player #1:C:\Users\esthe\Downloads\destroy 14 _\commentary;C:\Users\esthe\Downloads\destroy 14 _\Dest_1405_10_three.mp4;C:\Users\esthe\Downloads\destroy 14 _\Dest_1405_11_one.mp4;C:\Users\esthe\Downloads\destroy 14 _\Dest_1405_12_two.mp4;C:\Users\esthe\Downloads\destroy 14 _\Dest_1405_13_five.mp4;C:\Users\esthe\Downloads\destroy 14 _\Dest_1405_14_onehalf.mp4;C:\Users\esthe\Downloads\destroy 14 _\Dest_1405_15_seven.mp4;C:\Users\esthe\Downloads\destroy 14 _\Dest_1405_16_three.mp4;C:\Users\esthe\Downloads\destroy 14 _\Dest_1405_17_three.mp4;C:\Users\esthe\Downloads\destroy 14 _\Dest_1405_18_two.mp4;C:\Users\esthe\Downloads\destroy 14 _\Dest_1405_19_five.mp4;C:\Users\esthe\Downloads\destroy 14 _\Dest_1405_20_one.mp4;C:\Users\esthe\Downloads\destroy 14 _\Dest_1405_21_five.mp4;C:\Users\esthe\Downloads\destroy 14 _\Dest_1405_22_seven.mp4;C:\Users\esthe\Downloads\destroy 14 _\Dest_1405_23_two.mp4;C:\Users\esthe\Downloads\destroy 14 _\Dest_1405_24_three.mp4;C:\Users\esthe\Downloads\destroy 14 _\Dest_1405_3_three.mp4;C:\Users\esthe\Downloads\destroy 14 _\Dest_1405_4_seven.mp4;C:\Users\esthe\Downloads\destroy 14 _\Dest_1405_5_five.mp4;C:\Users\esthe\Downloads\destroy 14 _\Dest_1405_6_seven.mp4;C:\Users\esthe\Downloads\destroy 14 _\Dest_1405_7_two.mp4;C:\Users\esthe\Downloads\destroy 14 _\Dest_1405_8_five.mp4;C:\Users\esthe\Downloads\destroy 14 _\Dest_1405_9_two.mp4,0.0,5.733;7.332;7.532;9.967;5.533;11.765;7.566;7.666;5.399;10.698;14.798;9.032;17.966;5.367;13.428;4.134;10.598;14.335;5.466;17.264;6.999;7.933;4.666,30.000;30.000;30.000;30.000;30.000;30.000;30.000;30.000;30.000;30.000;30.000;30.000;30.000;30.000;30.000;30.000;30.000;30.000;30.000;30.000;30.000;30.000;30.000,Destroy,target,,,START,144.076,C:\Users\esthe\Downloads\destroy 14 _\Dest_1405_3_three.mp4,5,NA,
dest_1405,2025-06-26 15:24:30.572,,205.135,Media file(s),player #1:C:\Users\esthe\Downloads\destroy 14 _\commentary;C:\Users\esthe\Downloads\destroy 14 _\Dest_1405_10_three.mp4;C:\Users\esthe\Downloads\destroy 14 _\Dest_1405_11_one.mp4;C:\Users\esthe\Downloads\destroy 14 _\Dest_1405_12_two.mp4;C:\Users\esthe\Downloads\destroy 14 _\Dest_1405_13_five.mp4;C:\Users\esthe\Downloads\destroy 14 _\Dest_1405_14_onehalf.mp4;C:\Users\esthe\Downloads\destroy 14 _\Dest_1405_15_seven.mp4;C:\Users\esthe\Downloads\destroy 14 _\Dest_1405_16_three.mp4;C:\Users\esthe\Downloads\destroy 14 _\Dest_1405_17_three.mp4;C:\Users\esthe\Downloads\destroy 14 _\Dest_1405_18_two.mp4;C:\Users\esthe\Downloads\destroy 14 _\Dest_1405_19_five.mp4;C:\Users\esthe\Downloads\destroy 14 _\Dest_1405_20_one.mp4;C:\Users\esthe\Downloads\destroy 14 _\Dest_1405_21_five.mp4;C:\Users\esthe\Downloads\destroy 14 _\Dest_1405_22_seven.mp4;C:\Users\esthe\Downloads\destroy 14 _\Dest_1405_23_two.mp4;C:\Users\esthe\Downloads\destroy 14 _\Dest_1405_24_three.mp4;C:\Users\esthe\Downloads\destroy 14 _\Dest_1405_3_three.mp4;C:\Users\esthe\Downloads\destroy 14 _\Dest_1405_4_seven.mp4;C:\Users\esthe\Downloads\destroy 14 _\Dest_1405_5_five.mp4;C:\Users\esthe\Downloads\destroy 14 _\Dest_1405_6_seven.mp4;C:\Users\esthe\Downloads\destroy 14 _\Dest_1405_7_two.mp4;C:\Users\esthe\Downloads\destroy 14 _\Dest_1405_8_five.mp4;C:\Users\esthe\Downloads\destroy 14 _\Dest_1405_9_two.mp4,0.0,5.733;7.332;7.532;9.967;5.533;11.765;7.566;7.666;5.399;10.698;14.798;9.032;17.966;5.367;13.428;4.134;10.598;14.335;5.466;17.264;6.999;7.933;4.666,30.000;30.000;30.000;30.000;30.000;30.000;30.000;30.000;30.000;30.000;30.000;30.000;30.000;30.000;30.000;30.000;30.000;30.000;30.000;30.000;30.000;30.000;30.000,Destroy,target,,,STOP,145.940,C:\Users\esthe\Downloads\destroy 14 _\Dest_1405_3_three.mp4,61,NA,
dest_1405,2025-06-26 15:24:30.572,,205.135,Media file(s),player #1:C:\Users\esthe\Downloads\destroy 14 _\commentary;C:\Users\esthe\Downloads\destroy 14 _\Dest_1405_10_three.mp4;C:\Users\esthe\Downloads\destroy 14 _\Dest_1405_11_one.mp4;C:\Users\esthe\Downloads\destroy 14 _\Dest_1405_12_two.mp4;C:\Users\esthe\Downloads\destroy 14 _\Dest_1405_13_five.mp4;C:\Users\esthe\Downloads\destroy 14 _\Dest_1405_14_onehalf.mp4;C:\Users\esthe\Downloads\destroy 14 _\Dest_1405_15_seven.mp4;C:\Users\esthe\Downloads\destroy 14 _\Dest_1405_16_three.mp4;C:\Users\esthe\Downloads\destroy 14 _\Dest_1405_17_three.mp4;C:\Users\esthe\Downloads\destroy 14 _\Dest_1405_18_two.mp4;C:\Users\esthe\Downloads\destroy 14 _\Dest_1405_19_five.mp4;C:\Users\esthe\Downloads\destroy 14 _\Dest_1405_20_one.mp4;C:\Users\esthe\Downloads\destroy 14 _\Dest_1405_21_five.mp4;C:\Users\esthe\Downloads\destroy 14 _\Dest_1405_22_seven.mp4;C:\Users\esthe\Downloads\destroy 14 _\Dest_1405_23_two.mp4;C:\Users\esthe\Downloads\destroy 14 _\Dest_1405_24_three.mp4;C:\Users\esthe\Downloads\destroy 14 _\Dest_1405_3_three.mp4;C:\Users\esthe\Downloads\destroy 14 _\Dest_1405_4_seven.mp4;C:\Users\esthe\Downloads\destroy 14 _\Dest_1405_5_five.mp4;C:\Users\esthe\Downloads\destroy 14 _\Dest_1405_6_seven.mp4;C:\Users\esthe\Downloads\destroy 14 _\Dest_1405_7_two.mp4;C:\Users\esthe\Downloads\destroy 14 _\Dest_1405_8_five.mp4;C:\Users\esthe\Downloads\destroy 14 _\Dest_1405_9_two.mp4,0.0,5.733;7.332;7.532;9.967;5.533;11.765;7.566;7.666;5.399;10.698;14.798;9.032;17.966;5.367;13.428;4.134;10.598;14.335;5.466;17.264;6.999;7.933;4.666,30.000;30.000;30.000;30.000;30.000;30.000;30.000;30.000;30.000;30.000;30.000;30.000;30.000;30.000;30.000;30.000;30.000;30.000;30.000;30.000;30.000;30.000;30.000,Destroy,bending,,,START,146.074,C:\Users\esthe\Downloads\destroy 14 _\Dest_1405_3_three.mp4,65,NA,
dest_1405,2025-06-26 15:24:30.572,,205.135,Media file(s),player #1:C:\Users\esthe\Downloads\destroy 14 _\commentary;C:\Users\esthe\Downloads\destroy 14 _\Dest_1405_10_three.mp4;C:\Users\esthe\Downloads\destroy 14 _\Dest_1405_11_one.mp4;C:\Users\esthe\Downloads\destroy 14 _\Dest_1405_12_two.mp4;C:\Users\esthe\Downloads\destroy 14 _\Dest_1405_13_five.mp4;C:\Users\esthe\Downloads\destroy 14 _\Dest_1405_14_onehalf.mp4;C:\Users\esthe\Downloads\destroy 14 _\Dest_1405_15_seven.mp4;C:\Users\esthe\Downloads\destroy 14 _\Dest_1405_16_three.mp4;C:\Users\esthe\Downloads\destroy 14 _\Dest_1405_17_three.mp4;C:\Users\esthe\Downloads\destroy 14 _\Dest_1405_18_two.mp4;C:\Users\esthe\Downloads\destroy 14 _\Dest_1405_19_five.mp4;C:\Users\esthe\Downloads\destroy 14 _\Dest_1405_20_one.mp4;C:\Users\esthe\Downloads\destroy 14 _\Dest_1405_21_five.mp4;C:\Users\esthe\Downloads\destroy 14 _\Dest_1405_22_seven.mp4;C:\Users\esthe\Downloads\destroy 14 _\Dest_1405_23_two.mp4;C:\Users\esthe\Downloads\destroy 14 _\Dest_1405_24_three.mp4;C:\Users\esthe\Downloads\destroy 14 _\Dest_1405_3_three.mp4;C:\Users\esthe\Downloads\destroy 14 _\Dest_1405_4_seven.mp4;C:\Users\esthe\Downloads\destroy 14 _\Dest_1405_5_five.mp4;C:\Users\esthe\Downloads\destroy 14 _\Dest_1405_6_seven.mp4;C:\Users\esthe\Downloads\destroy 14 _\Dest_1405_7_two.mp4;C:\Users\esthe\Downloads\destroy 14 _\Dest_1405_8_five.mp4;C:\Users\esthe\Downloads\destroy 14 _\Dest_1405_9_two.mp4,0.0,5.733;7.332;7.532;9.967;5.533;11.765;7.566;7.666;5.399;10.698;14.798;9.032;17.966;5.367;13.428;4.134;10.598;14.335;5.466;17.264;6.999;7.933;4.666,30.000;30.000;30.000;30.000;30.000;30.000;30.000;30.000;30.000;30.000;30.000;30.000;30.000;30.000;30.000;30.000;30.000;30.000;30.000;30.000;30.000;30.000;30.000,Destroy,bending,,,STOP,146.507,C:\Users\esthe\Downloads\destroy 14 _\Dest_1405_3_three.mp4,78,NA,
dest_1405,2025-06-26 15:24:30.572,,205.135,Media file(s),player #1:C:\Users\esthe\Downloads\destroy 14 _\commentary;C:\Users\esthe\Downloads\destroy 14 _\Dest_1405_10_three.mp4;C:\Users\esthe\Downloads\destroy 14 _\Dest_1405_11_one.mp4;C:\Users\esthe\Downloads\destroy 14 _\Dest_1405_12_two.mp4;C:\Users\esthe\Downloads\destroy 14 _\Dest_1405_13_five.mp4;C:\Users\esthe\Downloads\destroy 14 _\Dest_1405_14_onehalf.mp4;C:\Users\esthe\Downloads\destroy 14 _\Dest_1405_15_seven.mp4;C:\Users\esthe\Downloads\destroy 14 _\Dest_1405_16_three.mp4;C:\Users\esthe\Downloads\destroy 14 _\Dest_1405_17_three.mp4;C:\Users\esthe\Downloads\destroy 14 _\Dest_1405_18_two.mp4;C:\Users\esthe\Downloads\destroy 14 _\Dest_1405_19_five.mp4;C:\Users\esthe\Downloads\destroy 14 _\Dest_1405_20_one.mp4;C:\Users\esthe\Downloads\destroy 14 _\Dest_1405_21_five.mp4;C:\Users\esthe\Downloads\destroy 14 _\Dest_1405_22_seven.mp4;C:\Users\esthe\Downloads\destroy 14 _\Dest_1405_23_two.mp4;C:\Users\esthe\Downloads\destroy 14 _\Dest_1405_24_three.mp4;C:\Users\esthe\Downloads\destroy 14 _\Dest_1405_3_three.mp4;C:\Users\esthe\Downloads\destroy 14 _\Dest_1405_4_seven.mp4;C:\Users\esthe\Downloads\destroy 14 _\Dest_1405_5_five.mp4;C:\Users\esthe\Downloads\destroy 14 _\Dest_1405_6_seven.mp4;C:\Users\esthe\Downloads\destroy 14 _\Dest_1405_7_two.mp4;C:\Users\esthe\Downloads\destroy 14 _\Dest_1405_8_five.mp4;C:\Users\esthe\Downloads\destroy 14 _\Dest_1405_9_two.mp4,0.0,5.733;7.332;7.532;9.967;5.533;11.765;7.566;7.666;5.399;10.698;14.798;9.032;17.966;5.367;13.428;4.134;10.598;14.335;5.466;17.264;6.999;7.933;4.666,30.000;30.000;30.000;30.000;30.000;30.000;30.000;30.000;30.000;30.000;30.000;30.000;30.000;30.000;30.000;30.000;30.000;30.000;30.000;30.000;30.000;30.000;30.000,Destroy,grabbing peanut,,,POINT,146.540,C:\Users\esthe\Downloads\destroy 14 _\Dest_1405_3_three.mp4,79,NA,
dest_1405,2025-06-26 15:24:30.572,,205.135,Media file(s),player #1:C:\Users\esthe\Downloads\destroy 14 _\commentary;C:\Users\esthe\Downloads\destroy 14 _\Dest_1405_10_three.mp4;C:\Users\esthe\Downloads\destroy 14 _\Dest_1405_11_one.mp4;C:\Users\esthe\Downloads\destroy 14 _\Dest_1405_12_two.mp4;C:\Users\esthe\Downloads\destroy 14 _\Dest_1405_13_five.mp4;C:\Users\esthe\Downloads\destroy 14 _\Dest_1405_14_onehalf.mp4;C:\Users\esthe\Downloads\destroy 14 _\Dest_1405_15_seven.mp4;C:\Users\esthe\Downloads\destroy 14 _\Dest_1405_16_three.mp4;C:\Users\esthe\Downloads\destroy 14 _\Dest_1405_17_three.mp4;C:\Users\esthe\Downloads\destroy 14 _\Dest_1405_18_two.mp4;C:\Users\esthe\Downloads\destroy 14 _\Dest_1405_19_five.mp4;C:\Users\esthe\Downloads\destroy 14 _\Dest_1405_20_one.mp4;C:\Users\esthe\Downloads\destroy 14 _\Dest_1405_21_five.mp4;C:\Users\esthe\Downloads\destroy 14 _\Dest_1405_22_seven.mp4;C:\Users\esthe\Downloads\destroy 14 _\Dest_1405_23_two.mp4;C:\Users\esthe\Downloads\destroy 14 _\Dest_1405_24_three.mp4;C:\Users\esthe\Downloads\destroy 14 _\Dest_1405_3_three.mp4;C:\Users\esthe\Downloads\destroy 14 _\Dest_1405_4_seven.mp4;C:\Users\esthe\Downloads\destroy 14 _\Dest_1405_5_five.mp4;C:\Users\esthe\Downloads\destroy 14 _\Dest_1405_6_seven.mp4;C:\Users\esthe\Downloads\destroy 14 _\Dest_1405_7_two.mp4;C:\Users\esthe\Downloads\destroy 14 _\Dest_1405_8_five.mp4;C:\Users\esthe\Downloads\destroy 14 _\Dest_1405_9_two.mp4,0.0,5.733;7.332;7.532;9.967;5.533;11.765;7.566;7.666;5.399;10.698;14.798;9.032;17.966;5.367;13.428;4.134;10.598;14.335;5.466;17.264;6.999;7.933;4.666,30.000;30.000;30.000;30.000;30.000;30.000;30.000;30.000;30.000;30.000;30.000;30.000;30.000;30.000;30.000;30.000;30.000;30.000;30.000;30.000;30.000;30.000;30.000,Destroy,lifting,,,START,146.540,C:\Users\esthe\Downloads\destroy 14 _\Dest_1405_3_three.mp4,79,NA,
dest_1405,2025-06-26 15:24:30.572,,205.135,Media file(s),player #1:C:\Users\esthe\Downloads\destroy 14 _\commentary;C:\Users\esthe\Downloads\destroy 14 _\Dest_1405_10_three.mp4;C:\Users\esthe\Downloads\destroy 14 _\Dest_1405_11_one.mp4;C:\Users\esthe\Downloads\destroy 14 _\Dest_1405_12_two.mp4;C:\Users\esthe\Downloads\destroy 14 _\Dest_1405_13_five.mp4;C:\Users\esthe\Downloads\destroy 14 _\Dest_1405_14_onehalf.mp4;C:\Users\esthe\Downloads\destroy 14 _\Dest_1405_15_seven.mp4;C:\Users\esthe\Downloads\destroy 14 _\Dest_1405_16_three.mp4;C:\Users\esthe\Downloads\destroy 14 _\Dest_1405_17_three.mp4;C:\Users\esthe\Downloads\destroy 14 _\Dest_1405_18_two.mp4;C:\Users\esthe\Downloads\destroy 14 _\Dest_1405_19_five.mp4;C:\Users\esthe\Downloads\destroy 14 _\Dest_1405_20_one.mp4;C:\Users\esthe\Downloads\destroy 14 _\Dest_1405_21_five.mp4;C:\Users\esthe\Downloads\destroy 14 _\Dest_1405_22_seven.mp4;C:\Users\esthe\Downloads\destroy 14 _\Dest_1405_23_two.mp4;C:\Users\esthe\Downloads\destroy 14 _\Dest_1405_24_three.mp4;C:\Users\esthe\Downloads\destroy 14 _\Dest_1405_3_three.mp4;C:\Users\esthe\Downloads\destroy 14 _\Dest_1405_4_seven.mp4;C:\Users\esthe\Downloads\destroy 14 _\Dest_1405_5_five.mp4;C:\Users\esthe\Downloads\destroy 14 _\Dest_1405_6_seven.mp4;C:\Users\esthe\Downloads\destroy 14 _\Dest_1405_7_two.mp4;C:\Users\esthe\Downloads\destroy 14 _\Dest_1405_8_five.mp4;C:\Users\esthe\Downloads\destroy 14 _\Dest_1405_9_two.mp4,0.0,5.733;7.332;7.532;9.967;5.533;11.765;7.566;7.666;5.399;10.698;14.798;9.032;17.966;5.367;13.428;4.134;10.598;14.335;5.466;17.264;6.999;7.933;4.666,30.000;30.000;30.000;30.000;30.000;30.000;30.000;30.000;30.000;30.000;30.000;30.000;30.000;30.000;30.000;30.000;30.000;30.000;30.000;30.000;30.000;30.000;30.000,Destroy,lifting,,,STOP,147.074,C:\Users\esthe\Downloads\destroy 14 _\Dest_1405_3_three.mp4,95,NA,
dest_1405,2025-06-26 15:24:30.572,,205.135,Media file(s),player #1:C:\Users\esthe\Downloads\destroy 14 _\commentary;C:\Users\esthe\Downloads\destroy 14 _\Dest_1405_10_three.mp4;C:\Users\esthe\Downloads\destroy 14 _\Dest_1405_11_one.mp4;C:\Users\esthe\Downloads\destroy 14 _\Dest_1405_12_two.mp4;C:\Users\esthe\Downloads\destroy 14 _\Dest_1405_13_five.mp4;C:\Users\esthe\Downloads\destroy 14 _\Dest_1405_14_onehalf.mp4;C:\Users\esthe\Downloads\destroy 14 _\Dest_1405_15_seven.mp4;C:\Users\esthe\Downloads\destroy 14 _\Dest_1405_16_three.mp4;C:\Users\esthe\Downloads\destroy 14 _\Dest_1405_17_three.mp4;C:\Users\esthe\Downloads\destroy 14 _\Dest_1405_18_two.mp4;C:\Users\esthe\Downloads\destroy 14 _\Dest_1405_19_five.mp4;C:\Users\esthe\Downloads\destroy 14 _\Dest_1405_20_one.mp4;C:\Users\esthe\Downloads\destroy 14 _\Dest_1405_21_five.mp4;C:\Users\esthe\Downloads\destroy 14 _\Dest_1405_22_seven.mp4;C:\Users\esthe\Downloads\destroy 14 _\Dest_1405_23_two.mp4;C:\Users\esthe\Downloads\destroy 14 _\Dest_1405_24_three.mp4;C:\Users\esthe\Downloads\destroy 14 _\Dest_1405_3_three.mp4;C:\Users\esthe\Downloads\destroy 14 _\Dest_1405_4_seven.mp4;C:\Users\esthe\Downloads\destroy 14 _\Dest_1405_5_five.mp4;C:\Users\esthe\Downloads\destroy 14 _\Dest_1405_6_seven.mp4;C:\Users\esthe\Downloads\destroy 14 _\Dest_1405_7_two.mp4;C:\Users\esthe\Downloads\destroy 14 _\Dest_1405_8_five.mp4;C:\Users\esthe\Downloads\destroy 14 _\Dest_1405_9_two.mp4,0.0,5.733;7.332;7.532;9.967;5.533;11.765;7.566;7.666;5.399;10.698;14.798;9.032;17.966;5.367;13.428;4.134;10.598;14.335;5.466;17.264;6.999;7.933;4.666,30.000;30.000;30.000;30.000;30.000;30.000;30.000;30.000;30.000;30.000;30.000;30.000;30.000;30.000;30.000;30.000;30.000;30.000;30.000;30.000;30.000;30.000;30.000,Destroy,target,,,START,147.940,C:\Users\esthe\Downloads\destroy 14 _\Dest_1405_3_three.mp4,121,NA,
dest_1405,2025-06-26 15:24:30.572,,205.135,Media file(s),player #1:C:\Users\esthe\Downloads\destroy 14 _\commentary;C:\Users\esthe\Downloads\destroy 14 _\Dest_1405_10_three.mp4;C:\Users\esthe\Downloads\destroy 14 _\Dest_1405_11_one.mp4;C:\Users\esthe\Downloads\destroy 14 _\Dest_1405_12_two.mp4;C:\Users\esthe\Downloads\destroy 14 _\Dest_1405_13_five.mp4;C:\Users\esthe\Downloads\destroy 14 _\Dest_1405_14_onehalf.mp4;C:\Users\esthe\Downloads\destroy 14 _\Dest_1405_15_seven.mp4;C:\Users\esthe\Downloads\destroy 14 _\Dest_1405_16_three.mp4;C:\Users\esthe\Downloads\destroy 14 _\Dest_1405_17_three.mp4;C:\Users\esthe\Downloads\destroy 14 _\Dest_1405_18_two.mp4;C:\Users\esthe\Downloads\destroy 14 _\Dest_1405_19_five.mp4;C:\Users\esthe\Downloads\destroy 14 _\Dest_1405_20_one.mp4;C:\Users\esthe\Downloads\destroy 14 _\Dest_1405_21_five.mp4;C:\Users\esthe\Downloads\destroy 14 _\Dest_1405_22_seven.mp4;C:\Users\esthe\Downloads\destroy 14 _\Dest_1405_23_two.mp4;C:\Users\esthe\Downloads\destroy 14 _\Dest_1405_24_three.mp4;C:\Users\esthe\Downloads\destroy 14 _\Dest_1405_3_three.mp4;C:\Users\esthe\Downloads\destroy 14 _\Dest_1405_4_seven.mp4;C:\Users\esthe\Downloads\destroy 14 _\Dest_1405_5_five.mp4;C:\Users\esthe\Downloads\destroy 14 _\Dest_1405_6_seven.mp4;C:\Users\esthe\Downloads\destroy 14 _\Dest_1405_7_two.mp4;C:\Users\esthe\Downloads\destroy 14 _\Dest_1405_8_five.mp4;C:\Users\esthe\Downloads\destroy 14 _\Dest_1405_9_two.mp4,0.0,5.733;7.332;7.532;9.967;5.533;11.765;7.566;7.666;5.399;10.698;14.798;9.032;17.966;5.367;13.428;4.134;10.598;14.335;5.466;17.264;6.999;7.933;4.666,30.000;30.000;30.000;30.000;30.000;30.000;30.000;30.000;30.000;30.000;30.000;30.000;30.000;30.000;30.000;30.000;30.000;30.000;30.000;30.000;30.000;30.000;30.000,Destroy,target,,,STOP,154.307,C:\Users\esthe\Downloads\destroy 14 _\Dest_1405_3_three.mp4,312,NA,
dest_1405,2025-06-26 15:24:30.572,,205.135,Media file(s),player #1:C:\Users\esthe\Downloads\destroy 14 _\commentary;C:\Users\esthe\Downloads\destroy 14 _\Dest_1405_10_three.mp4;C:\Users\esthe\Downloads\destroy 14 _\Dest_1405_11_one.mp4;C:\Users\esthe\Downloads\destroy 14 _\Dest_1405_12_two.mp4;C:\Users\esthe\Downloads\destroy 14 _\Dest_1405_13_five.mp4;C:\Users\esthe\Downloads\destroy 14 _\Dest_1405_14_onehalf.mp4;C:\Users\esthe\Downloads\destroy 14 _\Dest_1405_15_seven.mp4;C:\Users\esthe\Downloads\destroy 14 _\Dest_1405_16_three.mp4;C:\Users\esthe\Downloads\destroy 14 _\Dest_1405_17_three.mp4;C:\Users\esthe\Downloads\destroy 14 _\Dest_1405_18_two.mp4;C:\Users\esthe\Downloads\destroy 14 _\Dest_1405_19_five.mp4;C:\Users\esthe\Downloads\destroy 14 _\Dest_1405_20_one.mp4;C:\Users\esthe\Downloads\destroy 14 _\Dest_1405_21_five.mp4;C:\Users\esthe\Downloads\destroy 14 _\Dest_1405_22_seven.mp4;C:\Users\esthe\Downloads\destroy 14 _\Dest_1405_23_two.mp4;C:\Users\esthe\Downloads\destroy 14 _\Dest_1405_24_three.mp4;C:\Users\esthe\Downloads\destroy 14 _\Dest_1405_3_three.mp4;C:\Users\esthe\Downloads\destroy 14 _\Dest_1405_4_seven.mp4;C:\Users\esthe\Downloads\destroy 14 _\Dest_1405_5_five.mp4;C:\Users\esthe\Downloads\destroy 14 _\Dest_1405_6_seven.mp4;C:\Users\esthe\Downloads\destroy 14 _\Dest_1405_7_two.mp4;C:\Users\esthe\Downloads\destroy 14 _\Dest_1405_8_five.mp4;C:\Users\esthe\Downloads\destroy 14 _\Dest_1405_9_two.mp4,0.0,5.733;7.332;7.532;9.967;5.533;11.765;7.566;7.666;5.399;10.698;14.798;9.032;17.966;5.367;13.428;4.134;10.598;14.335;5.466;17.264;6.999;7.933;4.666,30.000;30.000;30.000;30.000;30.000;30.000;30.000;30.000;30.000;30.000;30.000;30.000;30.000;30.000;30.000;30.000;30.000;30.000;30.000;30.000;30.000;30.000;30.000,Destroy,bending,,,START,154.507,C:\Users\esthe\Downloads\destroy 14 _\Dest_1405_3_three.mp4,0,NA,
dest_1405,2025-06-26 15:24:30.572,,205.135,Media file(s),player #1:C:\Users\esthe\Downloads\destroy 14 _\commentary;C:\Users\esthe\Downloads\destroy 14 _\Dest_1405_10_three.mp4;C:\Users\esthe\Downloads\destroy 14 _\Dest_1405_11_one.mp4;C:\Users\esthe\Downloads\destroy 14 _\Dest_1405_12_two.mp4;C:\Users\esthe\Downloads\destroy 14 _\Dest_1405_13_five.mp4;C:\Users\esthe\Downloads\destroy 14 _\Dest_1405_14_onehalf.mp4;C:\Users\esthe\Downloads\destroy 14 _\Dest_1405_15_seven.mp4;C:\Users\esthe\Downloads\destroy 14 _\Dest_1405_16_three.mp4;C:\Users\esthe\Downloads\destroy 14 _\Dest_1405_17_three.mp4;C:\Users\esthe\Downloads\destroy 14 _\Dest_1405_18_two.mp4;C:\Users\esthe\Downloads\destroy 14 _\Dest_1405_19_five.mp4;C:\Users\esthe\Downloads\destroy 14 _\Dest_1405_20_one.mp4;C:\Users\esthe\Downloads\destroy 14 _\Dest_1405_21_five.mp4;C:\Users\esthe\Downloads\destroy 14 _\Dest_1405_22_seven.mp4;C:\Users\esthe\Downloads\destroy 14 _\Dest_1405_23_two.mp4;C:\Users\esthe\Downloads\destroy 14 _\Dest_1405_24_three.mp4;C:\Users\esthe\Downloads\destroy 14 _\Dest_1405_3_three.mp4;C:\Users\esthe\Downloads\destroy 14 _\Dest_1405_4_seven.mp4;C:\Users\esthe\Downloads\destroy 14 _\Dest_1405_5_five.mp4;C:\Users\esthe\Downloads\destroy 14 _\Dest_1405_6_seven.mp4;C:\Users\esthe\Downloads\destroy 14 _\Dest_1405_7_two.mp4;C:\Users\esthe\Downloads\destroy 14 _\Dest_1405_8_five.mp4;C:\Users\esthe\Downloads\destroy 14 _\Dest_1405_9_two.mp4,0.0,5.733;7.332;7.532;9.967;5.533;11.765;7.566;7.666;5.399;10.698;14.798;9.032;17.966;5.367;13.428;4.134;10.598;14.335;5.466;17.264;6.999;7.933;4.666,30.000;30.000;30.000;30.000;30.000;30.000;30.000;30.000;30.000;30.000;30.000;30.000;30.000;30.000;30.000;30.000;30.000;30.000;30.000;30.000;30.000;30.000;30.000,Destroy,bending,,,STOP,155.307,C:\Users\esthe\Downloads\destroy 14 _\Dest_1405_4_seven.mp4,24,NA,
dest_1405,2025-06-26 15:24:30.572,,205.135,Media file(s),player #1:C:\Users\esthe\Downloads\destroy 14 _\commentary;C:\Users\esthe\Downloads\destroy 14 _\Dest_1405_10_three.mp4;C:\Users\esthe\Downloads\destroy 14 _\Dest_1405_11_one.mp4;C:\Users\esthe\Downloads\destroy 14 _\Dest_1405_12_two.mp4;C:\Users\esthe\Downloads\destroy 14 _\Dest_1405_13_five.mp4;C:\Users\esthe\Downloads\destroy 14 _\Dest_1405_14_onehalf.mp4;C:\Users\esthe\Downloads\destroy 14 _\Dest_1405_15_seven.mp4;C:\Users\esthe\Downloads\destroy 14 _\Dest_1405_16_three.mp4;C:\Users\esthe\Downloads\destroy 14 _\Dest_1405_17_three.mp4;C:\Users\esthe\Downloads\destroy 14 _\Dest_1405_18_two.mp4;C:\Users\esthe\Downloads\destroy 14 _\Dest_1405_19_five.mp4;C:\Users\esthe\Downloads\destroy 14 _\Dest_1405_20_one.mp4;C:\Users\esthe\Downloads\destroy 14 _\Dest_1405_21_five.mp4;C:\Users\esthe\Downloads\destroy 14 _\Dest_1405_22_seven.mp4;C:\Users\esthe\Downloads\destroy 14 _\Dest_1405_23_two.mp4;C:\Users\esthe\Downloads\destroy 14 _\Dest_1405_24_three.mp4;C:\Users\esthe\Downloads\destroy 14 _\Dest_1405_3_three.mp4;C:\Users\esthe\Downloads\destroy 14 _\Dest_1405_4_seven.mp4;C:\Users\esthe\Downloads\destroy 14 _\Dest_1405_5_five.mp4;C:\Users\esthe\Downloads\destroy 14 _\Dest_1405_6_seven.mp4;C:\Users\esthe\Downloads\destroy 14 _\Dest_1405_7_two.mp4;C:\Users\esthe\Downloads\destroy 14 _\Dest_1405_8_five.mp4;C:\Users\esthe\Downloads\destroy 14 _\Dest_1405_9_two.mp4,0.0,5.733;7.332;7.532;9.967;5.533;11.765;7.566;7.666;5.399;10.698;14.798;9.032;17.966;5.367;13.428;4.134;10.598;14.335;5.466;17.264;6.999;7.933;4.666,30.000;30.000;30.000;30.000;30.000;30.000;30.000;30.000;30.000;30.000;30.000;30.000;30.000;30.000;30.000;30.000;30.000;30.000;30.000;30.000;30.000;30.000;30.000,Destroy,grabbing peanut,,,POINT,155.307,C:\Users\esthe\Downloads\destroy 14 _\Dest_1405_4_seven.mp4,24,NA,
dest_1405,2025-06-26 15:24:30.572,,205.135,Media file(s),player #1:C:\Users\esthe\Downloads\destroy 14 _\commentary;C:\Users\esthe\Downloads\destroy 14 _\Dest_1405_10_three.mp4;C:\Users\esthe\Downloads\destroy 14 _\Dest_1405_11_one.mp4;C:\Users\esthe\Downloads\destroy 14 _\Dest_1405_12_two.mp4;C:\Users\esthe\Downloads\destroy 14 _\Dest_1405_13_five.mp4;C:\Users\esthe\Downloads\destroy 14 _\Dest_1405_14_onehalf.mp4;C:\Users\esthe\Downloads\destroy 14 _\Dest_1405_15_seven.mp4;C:\Users\esthe\Downloads\destroy 14 _\Dest_1405_16_three.mp4;C:\Users\esthe\Downloads\destroy 14 _\Dest_1405_17_three.mp4;C:\Users\esthe\Downloads\destroy 14 _\Dest_1405_18_two.mp4;C:\Users\esthe\Downloads\destroy 14 _\Dest_1405_19_five.mp4;C:\Users\esthe\Downloads\destroy 14 _\Dest_1405_20_one.mp4;C:\Users\esthe\Downloads\destroy 14 _\Dest_1405_21_five.mp4;C:\Users\esthe\Downloads\destroy 14 _\Dest_1405_22_seven.mp4;C:\Users\esthe\Downloads\destroy 14 _\Dest_1405_23_two.mp4;C:\Users\esthe\Downloads\destroy 14 _\Dest_1405_24_three.mp4;C:\Users\esthe\Downloads\destroy 14 _\Dest_1405_3_three.mp4;C:\Users\esthe\Downloads\destroy 14 _\Dest_1405_4_seven.mp4;C:\Users\esthe\Downloads\destroy 14 _\Dest_1405_5_five.mp4;C:\Users\esthe\Downloads\destroy 14 _\Dest_1405_6_seven.mp4;C:\Users\esthe\Downloads\destroy 14 _\Dest_1405_7_two.mp4;C:\Users\esthe\Downloads\destroy 14 _\Dest_1405_8_five.mp4;C:\Users\esthe\Downloads\destroy 14 _\Dest_1405_9_two.mp4,0.0,5.733;7.332;7.532;9.967;5.533;11.765;7.566;7.666;5.399;10.698;14.798;9.032;17.966;5.367;13.428;4.134;10.598;14.335;5.466;17.264;6.999;7.933;4.666,30.000;30.000;30.000;30.000;30.000;30.000;30.000;30.000;30.000;30.000;30.000;30.000;30.000;30.000;30.000;30.000;30.000;30.000;30.000;30.000;30.000;30.000;30.000,Destroy,lifting,,,START,155.340,C:\Users\esthe\Downloads\destroy 14 _\Dest_1405_4_seven.mp4,25,NA,
dest_1405,2025-06-26 15:24:30.572,,205.135,Media file(s),player #1:C:\Users\esthe\Downloads\destroy 14 _\commentary;C:\Users\esthe\Downloads\destroy 14 _\Dest_1405_10_three.mp4;C:\Users\esthe\Downloads\destroy 14 _\Dest_1405_11_one.mp4;C:\Users\esthe\Downloads\destroy 14 _\Dest_1405_12_two.mp4;C:\Users\esthe\Downloads\destroy 14 _\Dest_1405_13_five.mp4;C:\Users\esthe\Downloads\destroy 14 _\Dest_1405_14_onehalf.mp4;C:\Users\esthe\Downloads\destroy 14 _\Dest_1405_15_seven.mp4;C:\Users\esthe\Downloads\destroy 14 _\Dest_1405_16_three.mp4;C:\Users\esthe\Downloads\destroy 14 _\Dest_1405_17_three.mp4;C:\Users\esthe\Downloads\destroy 14 _\Dest_1405_18_two.mp4;C:\Users\esthe\Downloads\destroy 14 _\Dest_1405_19_five.mp4;C:\Users\esthe\Downloads\destroy 14 _\Dest_1405_20_one.mp4;C:\Users\esthe\Downloads\destroy 14 _\Dest_1405_21_five.mp4;C:\Users\esthe\Downloads\destroy 14 _\Dest_1405_22_seven.mp4;C:\Users\esthe\Downloads\destroy 14 _\Dest_1405_23_two.mp4;C:\Users\esthe\Downloads\destroy 14 _\Dest_1405_24_three.mp4;C:\Users\esthe\Downloads\destroy 14 _\Dest_1405_3_three.mp4;C:\Users\esthe\Downloads\destroy 14 _\Dest_1405_4_seven.mp4;C:\Users\esthe\Downloads\destroy 14 _\Dest_1405_5_five.mp4;C:\Users\esthe\Downloads\destroy 14 _\Dest_1405_6_seven.mp4;C:\Users\esthe\Downloads\destroy 14 _\Dest_1405_7_two.mp4;C:\Users\esthe\Downloads\destroy 14 _\Dest_1405_8_five.mp4;C:\Users\esthe\Downloads\destroy 14 _\Dest_1405_9_two.mp4,0.0,5.733;7.332;7.532;9.967;5.533;11.765;7.566;7.666;5.399;10.698;14.798;9.032;17.966;5.367;13.428;4.134;10.598;14.335;5.466;17.264;6.999;7.933;4.666,30.000;30.000;30.000;30.000;30.000;30.000;30.000;30.000;30.000;30.000;30.000;30.000;30.000;30.000;30.000;30.000;30.000;30.000;30.000;30.000;30.000;30.000;30.000,Destroy,lifting,,,STOP,156.207,C:\Users\esthe\Downloads\destroy 14 _\Dest_1405_4_seven.mp4,51,NA,
dest_1405,2025-06-26 15:24:30.572,,205.135,Media file(s),player #1:C:\Users\esthe\Downloads\destroy 14 _\commentary;C:\Users\esthe\Downloads\destroy 14 _\Dest_1405_10_three.mp4;C:\Users\esthe\Downloads\destroy 14 _\Dest_1405_11_one.mp4;C:\Users\esthe\Downloads\destroy 14 _\Dest_1405_12_two.mp4;C:\Users\esthe\Downloads\destroy 14 _\Dest_1405_13_five.mp4;C:\Users\esthe\Downloads\destroy 14 _\Dest_1405_14_onehalf.mp4;C:\Users\esthe\Downloads\destroy 14 _\Dest_1405_15_seven.mp4;C:\Users\esthe\Downloads\destroy 14 _\Dest_1405_16_three.mp4;C:\Users\esthe\Downloads\destroy 14 _\Dest_1405_17_three.mp4;C:\Users\esthe\Downloads\destroy 14 _\Dest_1405_18_two.mp4;C:\Users\esthe\Downloads\destroy 14 _\Dest_1405_19_five.mp4;C:\Users\esthe\Downloads\destroy 14 _\Dest_1405_20_one.mp4;C:\Users\esthe\Downloads\destroy 14 _\Dest_1405_21_five.mp4;C:\Users\esthe\Downloads\destroy 14 _\Dest_1405_22_seven.mp4;C:\Users\esthe\Downloads\destroy 14 _\Dest_1405_23_two.mp4;C:\Users\esthe\Downloads\destroy 14 _\Dest_1405_24_three.mp4;C:\Users\esthe\Downloads\destroy 14 _\Dest_1405_3_three.mp4;C:\Users\esthe\Downloads\destroy 14 _\Dest_1405_4_seven.mp4;C:\Users\esthe\Downloads\destroy 14 _\Dest_1405_5_five.mp4;C:\Users\esthe\Downloads\destroy 14 _\Dest_1405_6_seven.mp4;C:\Users\esthe\Downloads\destroy 14 _\Dest_1405_7_two.mp4;C:\Users\esthe\Downloads\destroy 14 _\Dest_1405_8_five.mp4;C:\Users\esthe\Downloads\destroy 14 _\Dest_1405_9_two.mp4,0.0,5.733;7.332;7.532;9.967;5.533;11.765;7.566;7.666;5.399;10.698;14.798;9.032;17.966;5.367;13.428;4.134;10.598;14.335;5.466;17.264;6.999;7.933;4.666,30.000;30.000;30.000;30.000;30.000;30.000;30.000;30.000;30.000;30.000;30.000;30.000;30.000;30.000;30.000;30.000;30.000;30.000;30.000;30.000;30.000;30.000;30.000,Destroy,target,,,START,156.540,C:\Users\esthe\Downloads\destroy 14 _\Dest_1405_4_seven.mp4,61,NA,
dest_1405,2025-06-26 15:24:30.572,,205.135,Media file(s),player #1:C:\Users\esthe\Downloads\destroy 14 _\commentary;C:\Users\esthe\Downloads\destroy 14 _\Dest_1405_10_three.mp4;C:\Users\esthe\Downloads\destroy 14 _\Dest_1405_11_one.mp4;C:\Users\esthe\Downloads\destroy 14 _\Dest_1405_12_two.mp4;C:\Users\esthe\Downloads\destroy 14 _\Dest_1405_13_five.mp4;C:\Users\esthe\Downloads\destroy 14 _\Dest_1405_14_onehalf.mp4;C:\Users\esthe\Downloads\destroy 14 _\Dest_1405_15_seven.mp4;C:\Users\esthe\Downloads\destroy 14 _\Dest_1405_16_three.mp4;C:\Users\esthe\Downloads\destroy 14 _\Dest_1405_17_three.mp4;C:\Users\esthe\Downloads\destroy 14 _\Dest_1405_18_two.mp4;C:\Users\esthe\Downloads\destroy 14 _\Dest_1405_19_five.mp4;C:\Users\esthe\Downloads\destroy 14 _\Dest_1405_20_one.mp4;C:\Users\esthe\Downloads\destroy 14 _\Dest_1405_21_five.mp4;C:\Users\esthe\Downloads\destroy 14 _\Dest_1405_22_seven.mp4;C:\Users\esthe\Downloads\destroy 14 _\Dest_1405_23_two.mp4;C:\Users\esthe\Downloads\destroy 14 _\Dest_1405_24_three.mp4;C:\Users\esthe\Downloads\destroy 14 _\Dest_1405_3_three.mp4;C:\Users\esthe\Downloads\destroy 14 _\Dest_1405_4_seven.mp4;C:\Users\esthe\Downloads\destroy 14 _\Dest_1405_5_five.mp4;C:\Users\esthe\Downloads\destroy 14 _\Dest_1405_6_seven.mp4;C:\Users\esthe\Downloads\destroy 14 _\Dest_1405_7_two.mp4;C:\Users\esthe\Downloads\destroy 14 _\Dest_1405_8_five.mp4;C:\Users\esthe\Downloads\destroy 14 _\Dest_1405_9_two.mp4,0.0,5.733;7.332;7.532;9.967;5.533;11.765;7.566;7.666;5.399;10.698;14.798;9.032;17.966;5.367;13.428;4.134;10.598;14.335;5.466;17.264;6.999;7.933;4.666,30.000;30.000;30.000;30.000;30.000;30.000;30.000;30.000;30.000;30.000;30.000;30.000;30.000;30.000;30.000;30.000;30.000;30.000;30.000;30.000;30.000;30.000;30.000,Destroy,digging,,,START,158.540,C:\Users\esthe\Downloads\destroy 14 _\Dest_1405_4_seven.mp4,121,NA,
dest_1405,2025-06-26 15:24:30.572,,205.135,Media file(s),player #1:C:\Users\esthe\Downloads\destroy 14 _\commentary;C:\Users\esthe\Downloads\destroy 14 _\Dest_1405_10_three.mp4;C:\Users\esthe\Downloads\destroy 14 _\Dest_1405_11_one.mp4;C:\Users\esthe\Downloads\destroy 14 _\Dest_1405_12_two.mp4;C:\Users\esthe\Downloads\destroy 14 _\Dest_1405_13_five.mp4;C:\Users\esthe\Downloads\destroy 14 _\Dest_1405_14_onehalf.mp4;C:\Users\esthe\Downloads\destroy 14 _\Dest_1405_15_seven.mp4;C:\Users\esthe\Downloads\destroy 14 _\Dest_1405_16_three.mp4;C:\Users\esthe\Downloads\destroy 14 _\Dest_1405_17_three.mp4;C:\Users\esthe\Downloads\destroy 14 _\Dest_1405_18_two.mp4;C:\Users\esthe\Downloads\destroy 14 _\Dest_1405_19_five.mp4;C:\Users\esthe\Downloads\destroy 14 _\Dest_1405_20_one.mp4;C:\Users\esthe\Downloads\destroy 14 _\Dest_1405_21_five.mp4;C:\Users\esthe\Downloads\destroy 14 _\Dest_1405_22_seven.mp4;C:\Users\esthe\Downloads\destroy 14 _\Dest_1405_23_two.mp4;C:\Users\esthe\Downloads\destroy 14 _\Dest_1405_24_three.mp4;C:\Users\esthe\Downloads\destroy 14 _\Dest_1405_3_three.mp4;C:\Users\esthe\Downloads\destroy 14 _\Dest_1405_4_seven.mp4;C:\Users\esthe\Downloads\destroy 14 _\Dest_1405_5_five.mp4;C:\Users\esthe\Downloads\destroy 14 _\Dest_1405_6_seven.mp4;C:\Users\esthe\Downloads\destroy 14 _\Dest_1405_7_two.mp4;C:\Users\esthe\Downloads\destroy 14 _\Dest_1405_8_five.mp4;C:\Users\esthe\Downloads\destroy 14 _\Dest_1405_9_two.mp4,0.0,5.733;7.332;7.532;9.967;5.533;11.765;7.566;7.666;5.399;10.698;14.798;9.032;17.966;5.367;13.428;4.134;10.598;14.335;5.466;17.264;6.999;7.933;4.666,30.000;30.000;30.000;30.000;30.000;30.000;30.000;30.000;30.000;30.000;30.000;30.000;30.000;30.000;30.000;30.000;30.000;30.000;30.000;30.000;30.000;30.000;30.000,Destroy,target,,,STOP,158.540,C:\Users\esthe\Downloads\destroy 14 _\Dest_1405_4_seven.mp4,121,NA,
dest_1405,2025-06-26 15:24:30.572,,205.135,Media file(s),player #1:C:\Users\esthe\Downloads\destroy 14 _\commentary;C:\Users\esthe\Downloads\destroy 14 _\Dest_1405_10_three.mp4;C:\Users\esthe\Downloads\destroy 14 _\Dest_1405_11_one.mp4;C:\Users\esthe\Downloads\destroy 14 _\Dest_1405_12_two.mp4;C:\Users\esthe\Downloads\destroy 14 _\Dest_1405_13_five.mp4;C:\Users\esthe\Downloads\destroy 14 _\Dest_1405_14_onehalf.mp4;C:\Users\esthe\Downloads\destroy 14 _\Dest_1405_15_seven.mp4;C:\Users\esthe\Downloads\destroy 14 _\Dest_1405_16_three.mp4;C:\Users\esthe\Downloads\destroy 14 _\Dest_1405_17_three.mp4;C:\Users\esthe\Downloads\destroy 14 _\Dest_1405_18_two.mp4;C:\Users\esthe\Downloads\destroy 14 _\Dest_1405_19_five.mp4;C:\Users\esthe\Downloads\destroy 14 _\Dest_1405_20_one.mp4;C:\Users\esthe\Downloads\destroy 14 _\Dest_1405_21_five.mp4;C:\Users\esthe\Downloads\destroy 14 _\Dest_1405_22_seven.mp4;C:\Users\esthe\Downloads\destroy 14 _\Dest_1405_23_two.mp4;C:\Users\esthe\Downloads\destroy 14 _\Dest_1405_24_three.mp4;C:\Users\esthe\Downloads\destroy 14 _\Dest_1405_3_three.mp4;C:\Users\esthe\Downloads\destroy 14 _\Dest_1405_4_seven.mp4;C:\Users\esthe\Downloads\destroy 14 _\Dest_1405_5_five.mp4;C:\Users\esthe\Downloads\destroy 14 _\Dest_1405_6_seven.mp4;C:\Users\esthe\Downloads\destroy 14 _\Dest_1405_7_two.mp4;C:\Users\esthe\Downloads\destroy 14 _\Dest_1405_8_five.mp4;C:\Users\esthe\Downloads\destroy 14 _\Dest_1405_9_two.mp4,0.0,5.733;7.332;7.532;9.967;5.533;11.765;7.566;7.666;5.399;10.698;14.798;9.032;17.966;5.367;13.428;4.134;10.598;14.335;5.466;17.264;6.999;7.933;4.666,30.000;30.000;30.000;30.000;30.000;30.000;30.000;30.000;30.000;30.000;30.000;30.000;30.000;30.000;30.000;30.000;30.000;30.000;30.000;30.000;30.000;30.000;30.000,Destroy,digging,,,STOP,159.041,C:\Users\esthe\Downloads\destroy 14 _\Dest_1405_4_seven.mp4,136,NA,
dest_1405,2025-06-26 15:24:30.572,,205.135,Media file(s),player #1:C:\Users\esthe\Downloads\destroy 14 _\commentary;C:\Users\esthe\Downloads\destroy 14 _\Dest_1405_10_three.mp4;C:\Users\esthe\Downloads\destroy 14 _\Dest_1405_11_one.mp4;C:\Users\esthe\Downloads\destroy 14 _\Dest_1405_12_two.mp4;C:\Users\esthe\Downloads\destroy 14 _\Dest_1405_13_five.mp4;C:\Users\esthe\Downloads\destroy 14 _\Dest_1405_14_onehalf.mp4;C:\Users\esthe\Downloads\destroy 14 _\Dest_1405_15_seven.mp4;C:\Users\esthe\Downloads\destroy 14 _\Dest_1405_16_three.mp4;C:\Users\esthe\Downloads\destroy 14 _\Dest_1405_17_three.mp4;C:\Users\esthe\Downloads\destroy 14 _\Dest_1405_18_two.mp4;C:\Users\esthe\Downloads\destroy 14 _\Dest_1405_19_five.mp4;C:\Users\esthe\Downloads\destroy 14 _\Dest_1405_20_one.mp4;C:\Users\esthe\Downloads\destroy 14 _\Dest_1405_21_five.mp4;C:\Users\esthe\Downloads\destroy 14 _\Dest_1405_22_seven.mp4;C:\Users\esthe\Downloads\destroy 14 _\Dest_1405_23_two.mp4;C:\Users\esthe\Downloads\destroy 14 _\Dest_1405_24_three.mp4;C:\Users\esthe\Downloads\destroy 14 _\Dest_1405_3_three.mp4;C:\Users\esthe\Downloads\destroy 14 _\Dest_1405_4_seven.mp4;C:\Users\esthe\Downloads\destroy 14 _\Dest_1405_5_five.mp4;C:\Users\esthe\Downloads\destroy 14 _\Dest_1405_6_seven.mp4;C:\Users\esthe\Downloads\destroy 14 _\Dest_1405_7_two.mp4;C:\Users\esthe\Downloads\destroy 14 _\Dest_1405_8_five.mp4;C:\Users\esthe\Downloads\destroy 14 _\Dest_1405_9_two.mp4,0.0,5.733;7.332;7.532;9.967;5.533;11.765;7.566;7.666;5.399;10.698;14.798;9.032;17.966;5.367;13.428;4.134;10.598;14.335;5.466;17.264;6.999;7.933;4.666,30.000;30.000;30.000;30.000;30.000;30.000;30.000;30.000;30.000;30.000;30.000;30.000;30.000;30.000;30.000;30.000;30.000;30.000;30.000;30.000;30.000;30.000;30.000,Destroy,target,,,START,159.074,C:\Users\esthe\Downloads\destroy 14 _\Dest_1405_4_seven.mp4,137,NA,
dest_1405,2025-06-26 15:24:30.572,,205.135,Media file(s),player #1:C:\Users\esthe\Downloads\destroy 14 _\commentary;C:\Users\esthe\Downloads\destroy 14 _\Dest_1405_10_three.mp4;C:\Users\esthe\Downloads\destroy 14 _\Dest_1405_11_one.mp4;C:\Users\esthe\Downloads\destroy 14 _\Dest_1405_12_two.mp4;C:\Users\esthe\Downloads\destroy 14 _\Dest_1405_13_five.mp4;C:\Users\esthe\Downloads\destroy 14 _\Dest_1405_14_onehalf.mp4;C:\Users\esthe\Downloads\destroy 14 _\Dest_1405_15_seven.mp4;C:\Users\esthe\Downloads\destroy 14 _\Dest_1405_16_three.mp4;C:\Users\esthe\Downloads\destroy 14 _\Dest_1405_17_three.mp4;C:\Users\esthe\Downloads\destroy 14 _\Dest_1405_18_two.mp4;C:\Users\esthe\Downloads\destroy 14 _\Dest_1405_19_five.mp4;C:\Users\esthe\Downloads\destroy 14 _\Dest_1405_20_one.mp4;C:\Users\esthe\Downloads\destroy 14 _\Dest_1405_21_five.mp4;C:\Users\esthe\Downloads\destroy 14 _\Dest_1405_22_seven.mp4;C:\Users\esthe\Downloads\destroy 14 _\Dest_1405_23_two.mp4;C:\Users\esthe\Downloads\destroy 14 _\Dest_1405_24_three.mp4;C:\Users\esthe\Downloads\destroy 14 _\Dest_1405_3_three.mp4;C:\Users\esthe\Downloads\destroy 14 _\Dest_1405_4_seven.mp4;C:\Users\esthe\Downloads\destroy 14 _\Dest_1405_5_five.mp4;C:\Users\esthe\Downloads\destroy 14 _\Dest_1405_6_seven.mp4;C:\Users\esthe\Downloads\destroy 14 _\Dest_1405_7_two.mp4;C:\Users\esthe\Downloads\destroy 14 _\Dest_1405_8_five.mp4;C:\Users\esthe\Downloads\destroy 14 _\Dest_1405_9_two.mp4,0.0,5.733;7.332;7.532;9.967;5.533;11.765;7.566;7.666;5.399;10.698;14.798;9.032;17.966;5.367;13.428;4.134;10.598;14.335;5.466;17.264;6.999;7.933;4.666,30.000;30.000;30.000;30.000;30.000;30.000;30.000;30.000;30.000;30.000;30.000;30.000;30.000;30.000;30.000;30.000;30.000;30.000;30.000;30.000;30.000;30.000;30.000,Destroy,assessing,,,START,159.774,C:\Users\esthe\Downloads\destroy 14 _\Dest_1405_4_seven.mp4,158,NA,
dest_1405,2025-06-26 15:24:30.572,,205.135,Media file(s),player #1:C:\Users\esthe\Downloads\destroy 14 _\commentary;C:\Users\esthe\Downloads\destroy 14 _\Dest_1405_10_three.mp4;C:\Users\esthe\Downloads\destroy 14 _\Dest_1405_11_one.mp4;C:\Users\esthe\Downloads\destroy 14 _\Dest_1405_12_two.mp4;C:\Users\esthe\Downloads\destroy 14 _\Dest_1405_13_five.mp4;C:\Users\esthe\Downloads\destroy 14 _\Dest_1405_14_onehalf.mp4;C:\Users\esthe\Downloads\destroy 14 _\Dest_1405_15_seven.mp4;C:\Users\esthe\Downloads\destroy 14 _\Dest_1405_16_three.mp4;C:\Users\esthe\Downloads\destroy 14 _\Dest_1405_17_three.mp4;C:\Users\esthe\Downloads\destroy 14 _\Dest_1405_18_two.mp4;C:\Users\esthe\Downloads\destroy 14 _\Dest_1405_19_five.mp4;C:\Users\esthe\Downloads\destroy 14 _\Dest_1405_20_one.mp4;C:\Users\esthe\Downloads\destroy 14 _\Dest_1405_21_five.mp4;C:\Users\esthe\Downloads\destroy 14 _\Dest_1405_22_seven.mp4;C:\Users\esthe\Downloads\destroy 14 _\Dest_1405_23_two.mp4;C:\Users\esthe\Downloads\destroy 14 _\Dest_1405_24_three.mp4;C:\Users\esthe\Downloads\destroy 14 _\Dest_1405_3_three.mp4;C:\Users\esthe\Downloads\destroy 14 _\Dest_1405_4_seven.mp4;C:\Users\esthe\Downloads\destroy 14 _\Dest_1405_5_five.mp4;C:\Users\esthe\Downloads\destroy 14 _\Dest_1405_6_seven.mp4;C:\Users\esthe\Downloads\destroy 14 _\Dest_1405_7_two.mp4;C:\Users\esthe\Downloads\destroy 14 _\Dest_1405_8_five.mp4;C:\Users\esthe\Downloads\destroy 14 _\Dest_1405_9_two.mp4,0.0,5.733;7.332;7.532;9.967;5.533;11.765;7.566;7.666;5.399;10.698;14.798;9.032;17.966;5.367;13.428;4.134;10.598;14.335;5.466;17.264;6.999;7.933;4.666,30.000;30.000;30.000;30.000;30.000;30.000;30.000;30.000;30.000;30.000;30.000;30.000;30.000;30.000;30.000;30.000;30.000;30.000;30.000;30.000;30.000;30.000;30.000,Destroy,target,,,STOP,159.774,C:\Users\esthe\Downloads\destroy 14 _\Dest_1405_4_seven.mp4,158,NA,
dest_1405,2025-06-26 15:24:30.572,,205.135,Media file(s),player #1:C:\Users\esthe\Downloads\destroy 14 _\commentary;C:\Users\esthe\Downloads\destroy 14 _\Dest_1405_10_three.mp4;C:\Users\esthe\Downloads\destroy 14 _\Dest_1405_11_one.mp4;C:\Users\esthe\Downloads\destroy 14 _\Dest_1405_12_two.mp4;C:\Users\esthe\Downloads\destroy 14 _\Dest_1405_13_five.mp4;C:\Users\esthe\Downloads\destroy 14 _\Dest_1405_14_onehalf.mp4;C:\Users\esthe\Downloads\destroy 14 _\Dest_1405_15_seven.mp4;C:\Users\esthe\Downloads\destroy 14 _\Dest_1405_16_three.mp4;C:\Users\esthe\Downloads\destroy 14 _\Dest_1405_17_three.mp4;C:\Users\esthe\Downloads\destroy 14 _\Dest_1405_18_two.mp4;C:\Users\esthe\Downloads\destroy 14 _\Dest_1405_19_five.mp4;C:\Users\esthe\Downloads\destroy 14 _\Dest_1405_20_one.mp4;C:\Users\esthe\Downloads\destroy 14 _\Dest_1405_21_five.mp4;C:\Users\esthe\Downloads\destroy 14 _\Dest_1405_22_seven.mp4;C:\Users\esthe\Downloads\destroy 14 _\Dest_1405_23_two.mp4;C:\Users\esthe\Downloads\destroy 14 _\Dest_1405_24_three.mp4;C:\Users\esthe\Downloads\destroy 14 _\Dest_1405_3_three.mp4;C:\Users\esthe\Downloads\destroy 14 _\Dest_1405_4_seven.mp4;C:\Users\esthe\Downloads\destroy 14 _\Dest_1405_5_five.mp4;C:\Users\esthe\Downloads\destroy 14 _\Dest_1405_6_seven.mp4;C:\Users\esthe\Downloads\destroy 14 _\Dest_1405_7_two.mp4;C:\Users\esthe\Downloads\destroy 14 _\Dest_1405_8_five.mp4;C:\Users\esthe\Downloads\destroy 14 _\Dest_1405_9_two.mp4,0.0,5.733;7.332;7.532;9.967;5.533;11.765;7.566;7.666;5.399;10.698;14.798;9.032;17.966;5.367;13.428;4.134;10.598;14.335;5.466;17.264;6.999;7.933;4.666,30.000;30.000;30.000;30.000;30.000;30.000;30.000;30.000;30.000;30.000;30.000;30.000;30.000;30.000;30.000;30.000;30.000;30.000;30.000;30.000;30.000;30.000;30.000,Destroy,jaw movement,,,POINT,159.841,C:\Users\esthe\Downloads\destroy 14 _\Dest_1405_4_seven.mp4,160,NA,
dest_1405,2025-06-26 15:24:30.572,,205.135,Media file(s),player #1:C:\Users\esthe\Downloads\destroy 14 _\commentary;C:\Users\esthe\Downloads\destroy 14 _\Dest_1405_10_three.mp4;C:\Users\esthe\Downloads\destroy 14 _\Dest_1405_11_one.mp4;C:\Users\esthe\Downloads\destroy 14 _\Dest_1405_12_two.mp4;C:\Users\esthe\Downloads\destroy 14 _\Dest_1405_13_five.mp4;C:\Users\esthe\Downloads\destroy 14 _\Dest_1405_14_onehalf.mp4;C:\Users\esthe\Downloads\destroy 14 _\Dest_1405_15_seven.mp4;C:\Users\esthe\Downloads\destroy 14 _\Dest_1405_16_three.mp4;C:\Users\esthe\Downloads\destroy 14 _\Dest_1405_17_three.mp4;C:\Users\esthe\Downloads\destroy 14 _\Dest_1405_18_two.mp4;C:\Users\esthe\Downloads\destroy 14 _\Dest_1405_19_five.mp4;C:\Users\esthe\Downloads\destroy 14 _\Dest_1405_20_one.mp4;C:\Users\esthe\Downloads\destroy 14 _\Dest_1405_21_five.mp4;C:\Users\esthe\Downloads\destroy 14 _\Dest_1405_22_seven.mp4;C:\Users\esthe\Downloads\destroy 14 _\Dest_1405_23_two.mp4;C:\Users\esthe\Downloads\destroy 14 _\Dest_1405_24_three.mp4;C:\Users\esthe\Downloads\destroy 14 _\Dest_1405_3_three.mp4;C:\Users\esthe\Downloads\destroy 14 _\Dest_1405_4_seven.mp4;C:\Users\esthe\Downloads\destroy 14 _\Dest_1405_5_five.mp4;C:\Users\esthe\Downloads\destroy 14 _\Dest_1405_6_seven.mp4;C:\Users\esthe\Downloads\destroy 14 _\Dest_1405_7_two.mp4;C:\Users\esthe\Downloads\destroy 14 _\Dest_1405_8_five.mp4;C:\Users\esthe\Downloads\destroy 14 _\Dest_1405_9_two.mp4,0.0,5.733;7.332;7.532;9.967;5.533;11.765;7.566;7.666;5.399;10.698;14.798;9.032;17.966;5.367;13.428;4.134;10.598;14.335;5.466;17.264;6.999;7.933;4.666,30.000;30.000;30.000;30.000;30.000;30.000;30.000;30.000;30.000;30.000;30.000;30.000;30.000;30.000;30.000;30.000;30.000;30.000;30.000;30.000;30.000;30.000;30.000,Destroy,rotation,,Vertical,START,159.907,C:\Users\esthe\Downloads\destroy 14 _\Dest_1405_4_seven.mp4,162,NA,
dest_1405,2025-06-26 15:24:30.572,,205.135,Media file(s),player #1:C:\Users\esthe\Downloads\destroy 14 _\commentary;C:\Users\esthe\Downloads\destroy 14 _\Dest_1405_10_three.mp4;C:\Users\esthe\Downloads\destroy 14 _\Dest_1405_11_one.mp4;C:\Users\esthe\Downloads\destroy 14 _\Dest_1405_12_two.mp4;C:\Users\esthe\Downloads\destroy 14 _\Dest_1405_13_five.mp4;C:\Users\esthe\Downloads\destroy 14 _\Dest_1405_14_onehalf.mp4;C:\Users\esthe\Downloads\destroy 14 _\Dest_1405_15_seven.mp4;C:\Users\esthe\Downloads\destroy 14 _\Dest_1405_16_three.mp4;C:\Users\esthe\Downloads\destroy 14 _\Dest_1405_17_three.mp4;C:\Users\esthe\Downloads\destroy 14 _\Dest_1405_18_two.mp4;C:\Users\esthe\Downloads\destroy 14 _\Dest_1405_19_five.mp4;C:\Users\esthe\Downloads\destroy 14 _\Dest_1405_20_one.mp4;C:\Users\esthe\Downloads\destroy 14 _\Dest_1405_21_five.mp4;C:\Users\esthe\Downloads\destroy 14 _\Dest_1405_22_seven.mp4;C:\Users\esthe\Downloads\destroy 14 _\Dest_1405_23_two.mp4;C:\Users\esthe\Downloads\destroy 14 _\Dest_1405_24_three.mp4;C:\Users\esthe\Downloads\destroy 14 _\Dest_1405_3_three.mp4;C:\Users\esthe\Downloads\destroy 14 _\Dest_1405_4_seven.mp4;C:\Users\esthe\Downloads\destroy 14 _\Dest_1405_5_five.mp4;C:\Users\esthe\Downloads\destroy 14 _\Dest_1405_6_seven.mp4;C:\Users\esthe\Downloads\destroy 14 _\Dest_1405_7_two.mp4;C:\Users\esthe\Downloads\destroy 14 _\Dest_1405_8_five.mp4;C:\Users\esthe\Downloads\destroy 14 _\Dest_1405_9_two.mp4,0.0,5.733;7.332;7.532;9.967;5.533;11.765;7.566;7.666;5.399;10.698;14.798;9.032;17.966;5.367;13.428;4.134;10.598;14.335;5.466;17.264;6.999;7.933;4.666,30.000;30.000;30.000;30.000;30.000;30.000;30.000;30.000;30.000;30.000;30.000;30.000;30.000;30.000;30.000;30.000;30.000;30.000;30.000;30.000;30.000;30.000;30.000,Destroy,jaw movement,,,POINT,160.407,C:\Users\esthe\Downloads\destroy 14 _\Dest_1405_4_seven.mp4,177,NA,
dest_1405,2025-06-26 15:24:30.572,,205.135,Media file(s),player #1:C:\Users\esthe\Downloads\destroy 14 _\commentary;C:\Users\esthe\Downloads\destroy 14 _\Dest_1405_10_three.mp4;C:\Users\esthe\Downloads\destroy 14 _\Dest_1405_11_one.mp4;C:\Users\esthe\Downloads\destroy 14 _\Dest_1405_12_two.mp4;C:\Users\esthe\Downloads\destroy 14 _\Dest_1405_13_five.mp4;C:\Users\esthe\Downloads\destroy 14 _\Dest_1405_14_onehalf.mp4;C:\Users\esthe\Downloads\destroy 14 _\Dest_1405_15_seven.mp4;C:\Users\esthe\Downloads\destroy 14 _\Dest_1405_16_three.mp4;C:\Users\esthe\Downloads\destroy 14 _\Dest_1405_17_three.mp4;C:\Users\esthe\Downloads\destroy 14 _\Dest_1405_18_two.mp4;C:\Users\esthe\Downloads\destroy 14 _\Dest_1405_19_five.mp4;C:\Users\esthe\Downloads\destroy 14 _\Dest_1405_20_one.mp4;C:\Users\esthe\Downloads\destroy 14 _\Dest_1405_21_five.mp4;C:\Users\esthe\Downloads\destroy 14 _\Dest_1405_22_seven.mp4;C:\Users\esthe\Downloads\destroy 14 _\Dest_1405_23_two.mp4;C:\Users\esthe\Downloads\destroy 14 _\Dest_1405_24_three.mp4;C:\Users\esthe\Downloads\destroy 14 _\Dest_1405_3_three.mp4;C:\Users\esthe\Downloads\destroy 14 _\Dest_1405_4_seven.mp4;C:\Users\esthe\Downloads\destroy 14 _\Dest_1405_5_five.mp4;C:\Users\esthe\Downloads\destroy 14 _\Dest_1405_6_seven.mp4;C:\Users\esthe\Downloads\destroy 14 _\Dest_1405_7_two.mp4;C:\Users\esthe\Downloads\destroy 14 _\Dest_1405_8_five.mp4;C:\Users\esthe\Downloads\destroy 14 _\Dest_1405_9_two.mp4,0.0,5.733;7.332;7.532;9.967;5.533;11.765;7.566;7.666;5.399;10.698;14.798;9.032;17.966;5.367;13.428;4.134;10.598;14.335;5.466;17.264;6.999;7.933;4.666,30.000;30.000;30.000;30.000;30.000;30.000;30.000;30.000;30.000;30.000;30.000;30.000;30.000;30.000;30.000;30.000;30.000;30.000;30.000;30.000;30.000;30.000;30.000,Destroy,rotation,,Vertical,STOP,160.407,C:\Users\esthe\Downloads\destroy 14 _\Dest_1405_4_seven.mp4,177,NA,
dest_1405,2025-06-26 15:24:30.572,,205.135,Media file(s),player #1:C:\Users\esthe\Downloads\destroy 14 _\commentary;C:\Users\esthe\Downloads\destroy 14 _\Dest_1405_10_three.mp4;C:\Users\esthe\Downloads\destroy 14 _\Dest_1405_11_one.mp4;C:\Users\esthe\Downloads\destroy 14 _\Dest_1405_12_two.mp4;C:\Users\esthe\Downloads\destroy 14 _\Dest_1405_13_five.mp4;C:\Users\esthe\Downloads\destroy 14 _\Dest_1405_14_onehalf.mp4;C:\Users\esthe\Downloads\destroy 14 _\Dest_1405_15_seven.mp4;C:\Users\esthe\Downloads\destroy 14 _\Dest_1405_16_three.mp4;C:\Users\esthe\Downloads\destroy 14 _\Dest_1405_17_three.mp4;C:\Users\esthe\Downloads\destroy 14 _\Dest_1405_18_two.mp4;C:\Users\esthe\Downloads\destroy 14 _\Dest_1405_19_five.mp4;C:\Users\esthe\Downloads\destroy 14 _\Dest_1405_20_one.mp4;C:\Users\esthe\Downloads\destroy 14 _\Dest_1405_21_five.mp4;C:\Users\esthe\Downloads\destroy 14 _\Dest_1405_22_seven.mp4;C:\Users\esthe\Downloads\destroy 14 _\Dest_1405_23_two.mp4;C:\Users\esthe\Downloads\destroy 14 _\Dest_1405_24_three.mp4;C:\Users\esthe\Downloads\destroy 14 _\Dest_1405_3_three.mp4;C:\Users\esthe\Downloads\destroy 14 _\Dest_1405_4_seven.mp4;C:\Users\esthe\Downloads\destroy 14 _\Dest_1405_5_five.mp4;C:\Users\esthe\Downloads\destroy 14 _\Dest_1405_6_seven.mp4;C:\Users\esthe\Downloads\destroy 14 _\Dest_1405_7_two.mp4;C:\Users\esthe\Downloads\destroy 14 _\Dest_1405_8_five.mp4;C:\Users\esthe\Downloads\destroy 14 _\Dest_1405_9_two.mp4,0.0,5.733;7.332;7.532;9.967;5.533;11.765;7.566;7.666;5.399;10.698;14.798;9.032;17.966;5.367;13.428;4.134;10.598;14.335;5.466;17.264;6.999;7.933;4.666,30.000;30.000;30.000;30.000;30.000;30.000;30.000;30.000;30.000;30.000;30.000;30.000;30.000;30.000;30.000;30.000;30.000;30.000;30.000;30.000;30.000;30.000;30.000,Destroy,assessing,,,STOP,160.707,C:\Users\esthe\Downloads\destroy 14 _\Dest_1405_4_seven.mp4,186,NA,
dest_1405,2025-06-26 15:24:30.572,,205.135,Media file(s),player #1:C:\Users\esthe\Downloads\destroy 14 _\commentary;C:\Users\esthe\Downloads\destroy 14 _\Dest_1405_10_three.mp4;C:\Users\esthe\Downloads\destroy 14 _\Dest_1405_11_one.mp4;C:\Users\esthe\Downloads\destroy 14 _\Dest_1405_12_two.mp4;C:\Users\esthe\Downloads\destroy 14 _\Dest_1405_13_five.mp4;C:\Users\esthe\Downloads\destroy 14 _\Dest_1405_14_onehalf.mp4;C:\Users\esthe\Downloads\destroy 14 _\Dest_1405_15_seven.mp4;C:\Users\esthe\Downloads\destroy 14 _\Dest_1405_16_three.mp4;C:\Users\esthe\Downloads\destroy 14 _\Dest_1405_17_three.mp4;C:\Users\esthe\Downloads\destroy 14 _\Dest_1405_18_two.mp4;C:\Users\esthe\Downloads\destroy 14 _\Dest_1405_19_five.mp4;C:\Users\esthe\Downloads\destroy 14 _\Dest_1405_20_one.mp4;C:\Users\esthe\Downloads\destroy 14 _\Dest_1405_21_five.mp4;C:\Users\esthe\Downloads\destroy 14 _\Dest_1405_22_seven.mp4;C:\Users\esthe\Downloads\destroy 14 _\Dest_1405_23_two.mp4;C:\Users\esthe\Downloads\destroy 14 _\Dest_1405_24_three.mp4;C:\Users\esthe\Downloads\destroy 14 _\Dest_1405_3_three.mp4;C:\Users\esthe\Downloads\destroy 14 _\Dest_1405_4_seven.mp4;C:\Users\esthe\Downloads\destroy 14 _\Dest_1405_5_five.mp4;C:\Users\esthe\Downloads\destroy 14 _\Dest_1405_6_seven.mp4;C:\Users\esthe\Downloads\destroy 14 _\Dest_1405_7_two.mp4;C:\Users\esthe\Downloads\destroy 14 _\Dest_1405_8_five.mp4;C:\Users\esthe\Downloads\destroy 14 _\Dest_1405_9_two.mp4,0.0,5.733;7.332;7.532;9.967;5.533;11.765;7.566;7.666;5.399;10.698;14.798;9.032;17.966;5.367;13.428;4.134;10.598;14.335;5.466;17.264;6.999;7.933;4.666,30.000;30.000;30.000;30.000;30.000;30.000;30.000;30.000;30.000;30.000;30.000;30.000;30.000;30.000;30.000;30.000;30.000;30.000;30.000;30.000;30.000;30.000;30.000,Destroy,target,,,START,161.074,C:\Users\esthe\Downloads\destroy 14 _\Dest_1405_4_seven.mp4,197,NA,
dest_1405,2025-06-26 15:24:30.572,,205.135,Media file(s),player #1:C:\Users\esthe\Downloads\destroy 14 _\commentary;C:\Users\esthe\Downloads\destroy 14 _\Dest_1405_10_three.mp4;C:\Users\esthe\Downloads\destroy 14 _\Dest_1405_11_one.mp4;C:\Users\esthe\Downloads\destroy 14 _\Dest_1405_12_two.mp4;C:\Users\esthe\Downloads\destroy 14 _\Dest_1405_13_five.mp4;C:\Users\esthe\Downloads\destroy 14 _\Dest_1405_14_onehalf.mp4;C:\Users\esthe\Downloads\destroy 14 _\Dest_1405_15_seven.mp4;C:\Users\esthe\Downloads\destroy 14 _\Dest_1405_16_three.mp4;C:\Users\esthe\Downloads\destroy 14 _\Dest_1405_17_three.mp4;C:\Users\esthe\Downloads\destroy 14 _\Dest_1405_18_two.mp4;C:\Users\esthe\Downloads\destroy 14 _\Dest_1405_19_five.mp4;C:\Users\esthe\Downloads\destroy 14 _\Dest_1405_20_one.mp4;C:\Users\esthe\Downloads\destroy 14 _\Dest_1405_21_five.mp4;C:\Users\esthe\Downloads\destroy 14 _\Dest_1405_22_seven.mp4;C:\Users\esthe\Downloads\destroy 14 _\Dest_1405_23_two.mp4;C:\Users\esthe\Downloads\destroy 14 _\Dest_1405_24_three.mp4;C:\Users\esthe\Downloads\destroy 14 _\Dest_1405_3_three.mp4;C:\Users\esthe\Downloads\destroy 14 _\Dest_1405_4_seven.mp4;C:\Users\esthe\Downloads\destroy 14 _\Dest_1405_5_five.mp4;C:\Users\esthe\Downloads\destroy 14 _\Dest_1405_6_seven.mp4;C:\Users\esthe\Downloads\destroy 14 _\Dest_1405_7_two.mp4;C:\Users\esthe\Downloads\destroy 14 _\Dest_1405_8_five.mp4;C:\Users\esthe\Downloads\destroy 14 _\Dest_1405_9_two.mp4,0.0,5.733;7.332;7.532;9.967;5.533;11.765;7.566;7.666;5.399;10.698;14.798;9.032;17.966;5.367;13.428;4.134;10.598;14.335;5.466;17.264;6.999;7.933;4.666,30.000;30.000;30.000;30.000;30.000;30.000;30.000;30.000;30.000;30.000;30.000;30.000;30.000;30.000;30.000;30.000;30.000;30.000;30.000;30.000;30.000;30.000;30.000,Destroy,digging,,,START,168.341,C:\Users\esthe\Downloads\destroy 14 _\Dest_1405_4_seven.mp4,415,NA,
dest_1405,2025-06-26 15:24:30.572,,205.135,Media file(s),player #1:C:\Users\esthe\Downloads\destroy 14 _\commentary;C:\Users\esthe\Downloads\destroy 14 _\Dest_1405_10_three.mp4;C:\Users\esthe\Downloads\destroy 14 _\Dest_1405_11_one.mp4;C:\Users\esthe\Downloads\destroy 14 _\Dest_1405_12_two.mp4;C:\Users\esthe\Downloads\destroy 14 _\Dest_1405_13_five.mp4;C:\Users\esthe\Downloads\destroy 14 _\Dest_1405_14_onehalf.mp4;C:\Users\esthe\Downloads\destroy 14 _\Dest_1405_15_seven.mp4;C:\Users\esthe\Downloads\destroy 14 _\Dest_1405_16_three.mp4;C:\Users\esthe\Downloads\destroy 14 _\Dest_1405_17_three.mp4;C:\Users\esthe\Downloads\destroy 14 _\Dest_1405_18_two.mp4;C:\Users\esthe\Downloads\destroy 14 _\Dest_1405_19_five.mp4;C:\Users\esthe\Downloads\destroy 14 _\Dest_1405_20_one.mp4;C:\Users\esthe\Downloads\destroy 14 _\Dest_1405_21_five.mp4;C:\Users\esthe\Downloads\destroy 14 _\Dest_1405_22_seven.mp4;C:\Users\esthe\Downloads\destroy 14 _\Dest_1405_23_two.mp4;C:\Users\esthe\Downloads\destroy 14 _\Dest_1405_24_three.mp4;C:\Users\esthe\Downloads\destroy 14 _\Dest_1405_3_three.mp4;C:\Users\esthe\Downloads\destroy 14 _\Dest_1405_4_seven.mp4;C:\Users\esthe\Downloads\destroy 14 _\Dest_1405_5_five.mp4;C:\Users\esthe\Downloads\destroy 14 _\Dest_1405_6_seven.mp4;C:\Users\esthe\Downloads\destroy 14 _\Dest_1405_7_two.mp4;C:\Users\esthe\Downloads\destroy 14 _\Dest_1405_8_five.mp4;C:\Users\esthe\Downloads\destroy 14 _\Dest_1405_9_two.mp4,0.0,5.733;7.332;7.532;9.967;5.533;11.765;7.566;7.666;5.399;10.698;14.798;9.032;17.966;5.367;13.428;4.134;10.598;14.335;5.466;17.264;6.999;7.933;4.666,30.000;30.000;30.000;30.000;30.000;30.000;30.000;30.000;30.000;30.000;30.000;30.000;30.000;30.000;30.000;30.000;30.000;30.000;30.000;30.000;30.000;30.000;30.000,Destroy,target,,,STOP,168.341,C:\Users\esthe\Downloads\destroy 14 _\Dest_1405_4_seven.mp4,415,NA,
dest_1405,2025-06-26 15:24:30.572,,205.135,Media file(s),player #1:C:\Users\esthe\Downloads\destroy 14 _\commentary;C:\Users\esthe\Downloads\destroy 14 _\Dest_1405_10_three.mp4;C:\Users\esthe\Downloads\destroy 14 _\Dest_1405_11_one.mp4;C:\Users\esthe\Downloads\destroy 14 _\Dest_1405_12_two.mp4;C:\Users\esthe\Downloads\destroy 14 _\Dest_1405_13_five.mp4;C:\Users\esthe\Downloads\destroy 14 _\Dest_1405_14_onehalf.mp4;C:\Users\esthe\Downloads\destroy 14 _\Dest_1405_15_seven.mp4;C:\Users\esthe\Downloads\destroy 14 _\Dest_1405_16_three.mp4;C:\Users\esthe\Downloads\destroy 14 _\Dest_1405_17_three.mp4;C:\Users\esthe\Downloads\destroy 14 _\Dest_1405_18_two.mp4;C:\Users\esthe\Downloads\destroy 14 _\Dest_1405_19_five.mp4;C:\Users\esthe\Downloads\destroy 14 _\Dest_1405_20_one.mp4;C:\Users\esthe\Downloads\destroy 14 _\Dest_1405_21_five.mp4;C:\Users\esthe\Downloads\destroy 14 _\Dest_1405_22_seven.mp4;C:\Users\esthe\Downloads\destroy 14 _\Dest_1405_23_two.mp4;C:\Users\esthe\Downloads\destroy 14 _\Dest_1405_24_three.mp4;C:\Users\esthe\Downloads\destroy 14 _\Dest_1405_3_three.mp4;C:\Users\esthe\Downloads\destroy 14 _\Dest_1405_4_seven.mp4;C:\Users\esthe\Downloads\destroy 14 _\Dest_1405_5_five.mp4;C:\Users\esthe\Downloads\destroy 14 _\Dest_1405_6_seven.mp4;C:\Users\esthe\Downloads\destroy 14 _\Dest_1405_7_two.mp4;C:\Users\esthe\Downloads\destroy 14 _\Dest_1405_8_five.mp4;C:\Users\esthe\Downloads\destroy 14 _\Dest_1405_9_two.mp4,0.0,5.733;7.332;7.532;9.967;5.533;11.765;7.566;7.666;5.399;10.698;14.798;9.032;17.966;5.367;13.428;4.134;10.598;14.335;5.466;17.264;6.999;7.933;4.666,30.000;30.000;30.000;30.000;30.000;30.000;30.000;30.000;30.000;30.000;30.000;30.000;30.000;30.000;30.000;30.000;30.000;30.000;30.000;30.000;30.000;30.000;30.000,Destroy,digging,,,STOP,168.541,C:\Users\esthe\Downloads\destroy 14 _\Dest_1405_4_seven.mp4,421,NA,
dest_1405,2025-06-26 15:24:30.572,,205.135,Media file(s),player #1:C:\Users\esthe\Downloads\destroy 14 _\commentary;C:\Users\esthe\Downloads\destroy 14 _\Dest_1405_10_three.mp4;C:\Users\esthe\Downloads\destroy 14 _\Dest_1405_11_one.mp4;C:\Users\esthe\Downloads\destroy 14 _\Dest_1405_12_two.mp4;C:\Users\esthe\Downloads\destroy 14 _\Dest_1405_13_five.mp4;C:\Users\esthe\Downloads\destroy 14 _\Dest_1405_14_onehalf.mp4;C:\Users\esthe\Downloads\destroy 14 _\Dest_1405_15_seven.mp4;C:\Users\esthe\Downloads\destroy 14 _\Dest_1405_16_three.mp4;C:\Users\esthe\Downloads\destroy 14 _\Dest_1405_17_three.mp4;C:\Users\esthe\Downloads\destroy 14 _\Dest_1405_18_two.mp4;C:\Users\esthe\Downloads\destroy 14 _\Dest_1405_19_five.mp4;C:\Users\esthe\Downloads\destroy 14 _\Dest_1405_20_one.mp4;C:\Users\esthe\Downloads\destroy 14 _\Dest_1405_21_five.mp4;C:\Users\esthe\Downloads\destroy 14 _\Dest_1405_22_seven.mp4;C:\Users\esthe\Downloads\destroy 14 _\Dest_1405_23_two.mp4;C:\Users\esthe\Downloads\destroy 14 _\Dest_1405_24_three.mp4;C:\Users\esthe\Downloads\destroy 14 _\Dest_1405_3_three.mp4;C:\Users\esthe\Downloads\destroy 14 _\Dest_1405_4_seven.mp4;C:\Users\esthe\Downloads\destroy 14 _\Dest_1405_5_five.mp4;C:\Users\esthe\Downloads\destroy 14 _\Dest_1405_6_seven.mp4;C:\Users\esthe\Downloads\destroy 14 _\Dest_1405_7_two.mp4;C:\Users\esthe\Downloads\destroy 14 _\Dest_1405_8_five.mp4;C:\Users\esthe\Downloads\destroy 14 _\Dest_1405_9_two.mp4,0.0,5.733;7.332;7.532;9.967;5.533;11.765;7.566;7.666;5.399;10.698;14.798;9.032;17.966;5.367;13.428;4.134;10.598;14.335;5.466;17.264;6.999;7.933;4.666,30.000;30.000;30.000;30.000;30.000;30.000;30.000;30.000;30.000;30.000;30.000;30.000;30.000;30.000;30.000;30.000;30.000;30.000;30.000;30.000;30.000;30.000;30.000,Destroy,assessing,,,START,169.208,C:\Users\esthe\Downloads\destroy 14 _\Dest_1405_5_five.mp4,11,NA,
dest_1405,2025-06-26 15:24:30.572,,205.135,Media file(s),player #1:C:\Users\esthe\Downloads\destroy 14 _\commentary;C:\Users\esthe\Downloads\destroy 14 _\Dest_1405_10_three.mp4;C:\Users\esthe\Downloads\destroy 14 _\Dest_1405_11_one.mp4;C:\Users\esthe\Downloads\destroy 14 _\Dest_1405_12_two.mp4;C:\Users\esthe\Downloads\destroy 14 _\Dest_1405_13_five.mp4;C:\Users\esthe\Downloads\destroy 14 _\Dest_1405_14_onehalf.mp4;C:\Users\esthe\Downloads\destroy 14 _\Dest_1405_15_seven.mp4;C:\Users\esthe\Downloads\destroy 14 _\Dest_1405_16_three.mp4;C:\Users\esthe\Downloads\destroy 14 _\Dest_1405_17_three.mp4;C:\Users\esthe\Downloads\destroy 14 _\Dest_1405_18_two.mp4;C:\Users\esthe\Downloads\destroy 14 _\Dest_1405_19_five.mp4;C:\Users\esthe\Downloads\destroy 14 _\Dest_1405_20_one.mp4;C:\Users\esthe\Downloads\destroy 14 _\Dest_1405_21_five.mp4;C:\Users\esthe\Downloads\destroy 14 _\Dest_1405_22_seven.mp4;C:\Users\esthe\Downloads\destroy 14 _\Dest_1405_23_two.mp4;C:\Users\esthe\Downloads\destroy 14 _\Dest_1405_24_three.mp4;C:\Users\esthe\Downloads\destroy 14 _\Dest_1405_3_three.mp4;C:\Users\esthe\Downloads\destroy 14 _\Dest_1405_4_seven.mp4;C:\Users\esthe\Downloads\destroy 14 _\Dest_1405_5_five.mp4;C:\Users\esthe\Downloads\destroy 14 _\Dest_1405_6_seven.mp4;C:\Users\esthe\Downloads\destroy 14 _\Dest_1405_7_two.mp4;C:\Users\esthe\Downloads\destroy 14 _\Dest_1405_8_five.mp4;C:\Users\esthe\Downloads\destroy 14 _\Dest_1405_9_two.mp4,0.0,5.733;7.332;7.532;9.967;5.533;11.765;7.566;7.666;5.399;10.698;14.798;9.032;17.966;5.367;13.428;4.134;10.598;14.335;5.466;17.264;6.999;7.933;4.666,30.000;30.000;30.000;30.000;30.000;30.000;30.000;30.000;30.000;30.000;30.000;30.000;30.000;30.000;30.000;30.000;30.000;30.000;30.000;30.000;30.000;30.000;30.000,Destroy,jaw movement,,,POINT,169.408,C:\Users\esthe\Downloads\destroy 14 _\Dest_1405_5_five.mp4,17,NA,
dest_1405,2025-06-26 15:24:30.572,,205.135,Media file(s),player #1:C:\Users\esthe\Downloads\destroy 14 _\commentary;C:\Users\esthe\Downloads\destroy 14 _\Dest_1405_10_three.mp4;C:\Users\esthe\Downloads\destroy 14 _\Dest_1405_11_one.mp4;C:\Users\esthe\Downloads\destroy 14 _\Dest_1405_12_two.mp4;C:\Users\esthe\Downloads\destroy 14 _\Dest_1405_13_five.mp4;C:\Users\esthe\Downloads\destroy 14 _\Dest_1405_14_onehalf.mp4;C:\Users\esthe\Downloads\destroy 14 _\Dest_1405_15_seven.mp4;C:\Users\esthe\Downloads\destroy 14 _\Dest_1405_16_three.mp4;C:\Users\esthe\Downloads\destroy 14 _\Dest_1405_17_three.mp4;C:\Users\esthe\Downloads\destroy 14 _\Dest_1405_18_two.mp4;C:\Users\esthe\Downloads\destroy 14 _\Dest_1405_19_five.mp4;C:\Users\esthe\Downloads\destroy 14 _\Dest_1405_20_one.mp4;C:\Users\esthe\Downloads\destroy 14 _\Dest_1405_21_five.mp4;C:\Users\esthe\Downloads\destroy 14 _\Dest_1405_22_seven.mp4;C:\Users\esthe\Downloads\destroy 14 _\Dest_1405_23_two.mp4;C:\Users\esthe\Downloads\destroy 14 _\Dest_1405_24_three.mp4;C:\Users\esthe\Downloads\destroy 14 _\Dest_1405_3_three.mp4;C:\Users\esthe\Downloads\destroy 14 _\Dest_1405_4_seven.mp4;C:\Users\esthe\Downloads\destroy 14 _\Dest_1405_5_five.mp4;C:\Users\esthe\Downloads\destroy 14 _\Dest_1405_6_seven.mp4;C:\Users\esthe\Downloads\destroy 14 _\Dest_1405_7_two.mp4;C:\Users\esthe\Downloads\destroy 14 _\Dest_1405_8_five.mp4;C:\Users\esthe\Downloads\destroy 14 _\Dest_1405_9_two.mp4,0.0,5.733;7.332;7.532;9.967;5.533;11.765;7.566;7.666;5.399;10.698;14.798;9.032;17.966;5.367;13.428;4.134;10.598;14.335;5.466;17.264;6.999;7.933;4.666,30.000;30.000;30.000;30.000;30.000;30.000;30.000;30.000;30.000;30.000;30.000;30.000;30.000;30.000;30.000;30.000;30.000;30.000;30.000;30.000;30.000;30.000;30.000,Destroy,translational movement,,,POINT,169.408,C:\Users\esthe\Downloads\destroy 14 _\Dest_1405_5_five.mp4,17,NA,
dest_1405,2025-06-26 15:24:30.572,,205.135,Media file(s),player #1:C:\Users\esthe\Downloads\destroy 14 _\commentary;C:\Users\esthe\Downloads\destroy 14 _\Dest_1405_10_three.mp4;C:\Users\esthe\Downloads\destroy 14 _\Dest_1405_11_one.mp4;C:\Users\esthe\Downloads\destroy 14 _\Dest_1405_12_two.mp4;C:\Users\esthe\Downloads\destroy 14 _\Dest_1405_13_five.mp4;C:\Users\esthe\Downloads\destroy 14 _\Dest_1405_14_onehalf.mp4;C:\Users\esthe\Downloads\destroy 14 _\Dest_1405_15_seven.mp4;C:\Users\esthe\Downloads\destroy 14 _\Dest_1405_16_three.mp4;C:\Users\esthe\Downloads\destroy 14 _\Dest_1405_17_three.mp4;C:\Users\esthe\Downloads\destroy 14 _\Dest_1405_18_two.mp4;C:\Users\esthe\Downloads\destroy 14 _\Dest_1405_19_five.mp4;C:\Users\esthe\Downloads\destroy 14 _\Dest_1405_20_one.mp4;C:\Users\esthe\Downloads\destroy 14 _\Dest_1405_21_five.mp4;C:\Users\esthe\Downloads\destroy 14 _\Dest_1405_22_seven.mp4;C:\Users\esthe\Downloads\destroy 14 _\Dest_1405_23_two.mp4;C:\Users\esthe\Downloads\destroy 14 _\Dest_1405_24_three.mp4;C:\Users\esthe\Downloads\destroy 14 _\Dest_1405_3_three.mp4;C:\Users\esthe\Downloads\destroy 14 _\Dest_1405_4_seven.mp4;C:\Users\esthe\Downloads\destroy 14 _\Dest_1405_5_five.mp4;C:\Users\esthe\Downloads\destroy 14 _\Dest_1405_6_seven.mp4;C:\Users\esthe\Downloads\destroy 14 _\Dest_1405_7_two.mp4;C:\Users\esthe\Downloads\destroy 14 _\Dest_1405_8_five.mp4;C:\Users\esthe\Downloads\destroy 14 _\Dest_1405_9_two.mp4,0.0,5.733;7.332;7.532;9.967;5.533;11.765;7.566;7.666;5.399;10.698;14.798;9.032;17.966;5.367;13.428;4.134;10.598;14.335;5.466;17.264;6.999;7.933;4.666,30.000;30.000;30.000;30.000;30.000;30.000;30.000;30.000;30.000;30.000;30.000;30.000;30.000;30.000;30.000;30.000;30.000;30.000;30.000;30.000;30.000;30.000;30.000,Destroy,assessing,,,STOP,169.574,C:\Users\esthe\Downloads\destroy 14 _\Dest_1405_5_five.mp4,22,NA,
dest_1405,2025-06-26 15:24:30.572,,205.135,Media file(s),player #1:C:\Users\esthe\Downloads\destroy 14 _\commentary;C:\Users\esthe\Downloads\destroy 14 _\Dest_1405_10_three.mp4;C:\Users\esthe\Downloads\destroy 14 _\Dest_1405_11_one.mp4;C:\Users\esthe\Downloads\destroy 14 _\Dest_1405_12_two.mp4;C:\Users\esthe\Downloads\destroy 14 _\Dest_1405_13_five.mp4;C:\Users\esthe\Downloads\destroy 14 _\Dest_1405_14_onehalf.mp4;C:\Users\esthe\Downloads\destroy 14 _\Dest_1405_15_seven.mp4;C:\Users\esthe\Downloads\destroy 14 _\Dest_1405_16_three.mp4;C:\Users\esthe\Downloads\destroy 14 _\Dest_1405_17_three.mp4;C:\Users\esthe\Downloads\destroy 14 _\Dest_1405_18_two.mp4;C:\Users\esthe\Downloads\destroy 14 _\Dest_1405_19_five.mp4;C:\Users\esthe\Downloads\destroy 14 _\Dest_1405_20_one.mp4;C:\Users\esthe\Downloads\destroy 14 _\Dest_1405_21_five.mp4;C:\Users\esthe\Downloads\destroy 14 _\Dest_1405_22_seven.mp4;C:\Users\esthe\Downloads\destroy 14 _\Dest_1405_23_two.mp4;C:\Users\esthe\Downloads\destroy 14 _\Dest_1405_24_three.mp4;C:\Users\esthe\Downloads\destroy 14 _\Dest_1405_3_three.mp4;C:\Users\esthe\Downloads\destroy 14 _\Dest_1405_4_seven.mp4;C:\Users\esthe\Downloads\destroy 14 _\Dest_1405_5_five.mp4;C:\Users\esthe\Downloads\destroy 14 _\Dest_1405_6_seven.mp4;C:\Users\esthe\Downloads\destroy 14 _\Dest_1405_7_two.mp4;C:\Users\esthe\Downloads\destroy 14 _\Dest_1405_8_five.mp4;C:\Users\esthe\Downloads\destroy 14 _\Dest_1405_9_two.mp4,0.0,5.733;7.332;7.532;9.967;5.533;11.765;7.566;7.666;5.399;10.698;14.798;9.032;17.966;5.367;13.428;4.134;10.598;14.335;5.466;17.264;6.999;7.933;4.666,30.000;30.000;30.000;30.000;30.000;30.000;30.000;30.000;30.000;30.000;30.000;30.000;30.000;30.000;30.000;30.000;30.000;30.000;30.000;30.000;30.000;30.000;30.000,Destroy,jaw movement,,,POINT,169.574,C:\Users\esthe\Downloads\destroy 14 _\Dest_1405_5_five.mp4,22,NA,
dest_1405,2025-06-26 15:24:30.572,,205.135,Media file(s),player #1:C:\Users\esthe\Downloads\destroy 14 _\commentary;C:\Users\esthe\Downloads\destroy 14 _\Dest_1405_10_three.mp4;C:\Users\esthe\Downloads\destroy 14 _\Dest_1405_11_one.mp4;C:\Users\esthe\Downloads\destroy 14 _\Dest_1405_12_two.mp4;C:\Users\esthe\Downloads\destroy 14 _\Dest_1405_13_five.mp4;C:\Users\esthe\Downloads\destroy 14 _\Dest_1405_14_onehalf.mp4;C:\Users\esthe\Downloads\destroy 14 _\Dest_1405_15_seven.mp4;C:\Users\esthe\Downloads\destroy 14 _\Dest_1405_16_three.mp4;C:\Users\esthe\Downloads\destroy 14 _\Dest_1405_17_three.mp4;C:\Users\esthe\Downloads\destroy 14 _\Dest_1405_18_two.mp4;C:\Users\esthe\Downloads\destroy 14 _\Dest_1405_19_five.mp4;C:\Users\esthe\Downloads\destroy 14 _\Dest_1405_20_one.mp4;C:\Users\esthe\Downloads\destroy 14 _\Dest_1405_21_five.mp4;C:\Users\esthe\Downloads\destroy 14 _\Dest_1405_22_seven.mp4;C:\Users\esthe\Downloads\destroy 14 _\Dest_1405_23_two.mp4;C:\Users\esthe\Downloads\destroy 14 _\Dest_1405_24_three.mp4;C:\Users\esthe\Downloads\destroy 14 _\Dest_1405_3_three.mp4;C:\Users\esthe\Downloads\destroy 14 _\Dest_1405_4_seven.mp4;C:\Users\esthe\Downloads\destroy 14 _\Dest_1405_5_five.mp4;C:\Users\esthe\Downloads\destroy 14 _\Dest_1405_6_seven.mp4;C:\Users\esthe\Downloads\destroy 14 _\Dest_1405_7_two.mp4;C:\Users\esthe\Downloads\destroy 14 _\Dest_1405_8_five.mp4;C:\Users\esthe\Downloads\destroy 14 _\Dest_1405_9_two.mp4,0.0,5.733;7.332;7.532;9.967;5.533;11.765;7.566;7.666;5.399;10.698;14.798;9.032;17.966;5.367;13.428;4.134;10.598;14.335;5.466;17.264;6.999;7.933;4.666,30.000;30.000;30.000;30.000;30.000;30.000;30.000;30.000;30.000;30.000;30.000;30.000;30.000;30.000;30.000;30.000;30.000;30.000;30.000;30.000;30.000;30.000;30.000,Destroy,peeling,,,START,169.641,C:\Users\esthe\Downloads\destroy 14 _\Dest_1405_5_five.mp4,24,NA,
dest_1405,2025-06-26 15:24:30.572,,205.135,Media file(s),player #1:C:\Users\esthe\Downloads\destroy 14 _\commentary;C:\Users\esthe\Downloads\destroy 14 _\Dest_1405_10_three.mp4;C:\Users\esthe\Downloads\destroy 14 _\Dest_1405_11_one.mp4;C:\Users\esthe\Downloads\destroy 14 _\Dest_1405_12_two.mp4;C:\Users\esthe\Downloads\destroy 14 _\Dest_1405_13_five.mp4;C:\Users\esthe\Downloads\destroy 14 _\Dest_1405_14_onehalf.mp4;C:\Users\esthe\Downloads\destroy 14 _\Dest_1405_15_seven.mp4;C:\Users\esthe\Downloads\destroy 14 _\Dest_1405_16_three.mp4;C:\Users\esthe\Downloads\destroy 14 _\Dest_1405_17_three.mp4;C:\Users\esthe\Downloads\destroy 14 _\Dest_1405_18_two.mp4;C:\Users\esthe\Downloads\destroy 14 _\Dest_1405_19_five.mp4;C:\Users\esthe\Downloads\destroy 14 _\Dest_1405_20_one.mp4;C:\Users\esthe\Downloads\destroy 14 _\Dest_1405_21_five.mp4;C:\Users\esthe\Downloads\destroy 14 _\Dest_1405_22_seven.mp4;C:\Users\esthe\Downloads\destroy 14 _\Dest_1405_23_two.mp4;C:\Users\esthe\Downloads\destroy 14 _\Dest_1405_24_three.mp4;C:\Users\esthe\Downloads\destroy 14 _\Dest_1405_3_three.mp4;C:\Users\esthe\Downloads\destroy 14 _\Dest_1405_4_seven.mp4;C:\Users\esthe\Downloads\destroy 14 _\Dest_1405_5_five.mp4;C:\Users\esthe\Downloads\destroy 14 _\Dest_1405_6_seven.mp4;C:\Users\esthe\Downloads\destroy 14 _\Dest_1405_7_two.mp4;C:\Users\esthe\Downloads\destroy 14 _\Dest_1405_8_five.mp4;C:\Users\esthe\Downloads\destroy 14 _\Dest_1405_9_two.mp4,0.0,5.733;7.332;7.532;9.967;5.533;11.765;7.566;7.666;5.399;10.698;14.798;9.032;17.966;5.367;13.428;4.134;10.598;14.335;5.466;17.264;6.999;7.933;4.666,30.000;30.000;30.000;30.000;30.000;30.000;30.000;30.000;30.000;30.000;30.000;30.000;30.000;30.000;30.000;30.000;30.000;30.000;30.000;30.000;30.000;30.000;30.000,Destroy,jaw movement,,,POINT,169.708,C:\Users\esthe\Downloads\destroy 14 _\Dest_1405_5_five.mp4,26,NA,
dest_1405,2025-06-26 15:24:30.572,,205.135,Media file(s),player #1:C:\Users\esthe\Downloads\destroy 14 _\commentary;C:\Users\esthe\Downloads\destroy 14 _\Dest_1405_10_three.mp4;C:\Users\esthe\Downloads\destroy 14 _\Dest_1405_11_one.mp4;C:\Users\esthe\Downloads\destroy 14 _\Dest_1405_12_two.mp4;C:\Users\esthe\Downloads\destroy 14 _\Dest_1405_13_five.mp4;C:\Users\esthe\Downloads\destroy 14 _\Dest_1405_14_onehalf.mp4;C:\Users\esthe\Downloads\destroy 14 _\Dest_1405_15_seven.mp4;C:\Users\esthe\Downloads\destroy 14 _\Dest_1405_16_three.mp4;C:\Users\esthe\Downloads\destroy 14 _\Dest_1405_17_three.mp4;C:\Users\esthe\Downloads\destroy 14 _\Dest_1405_18_two.mp4;C:\Users\esthe\Downloads\destroy 14 _\Dest_1405_19_five.mp4;C:\Users\esthe\Downloads\destroy 14 _\Dest_1405_20_one.mp4;C:\Users\esthe\Downloads\destroy 14 _\Dest_1405_21_five.mp4;C:\Users\esthe\Downloads\destroy 14 _\Dest_1405_22_seven.mp4;C:\Users\esthe\Downloads\destroy 14 _\Dest_1405_23_two.mp4;C:\Users\esthe\Downloads\destroy 14 _\Dest_1405_24_three.mp4;C:\Users\esthe\Downloads\destroy 14 _\Dest_1405_3_three.mp4;C:\Users\esthe\Downloads\destroy 14 _\Dest_1405_4_seven.mp4;C:\Users\esthe\Downloads\destroy 14 _\Dest_1405_5_five.mp4;C:\Users\esthe\Downloads\destroy 14 _\Dest_1405_6_seven.mp4;C:\Users\esthe\Downloads\destroy 14 _\Dest_1405_7_two.mp4;C:\Users\esthe\Downloads\destroy 14 _\Dest_1405_8_five.mp4;C:\Users\esthe\Downloads\destroy 14 _\Dest_1405_9_two.mp4,0.0,5.733;7.332;7.532;9.967;5.533;11.765;7.566;7.666;5.399;10.698;14.798;9.032;17.966;5.367;13.428;4.134;10.598;14.335;5.466;17.264;6.999;7.933;4.666,30.000;30.000;30.000;30.000;30.000;30.000;30.000;30.000;30.000;30.000;30.000;30.000;30.000;30.000;30.000;30.000;30.000;30.000;30.000;30.000;30.000;30.000;30.000,Destroy,jaw movement,,,POINT,169.941,C:\Users\esthe\Downloads\destroy 14 _\Dest_1405_5_five.mp4,33,NA,
dest_1405,2025-06-26 15:24:30.572,,205.135,Media file(s),player #1:C:\Users\esthe\Downloads\destroy 14 _\commentary;C:\Users\esthe\Downloads\destroy 14 _\Dest_1405_10_three.mp4;C:\Users\esthe\Downloads\destroy 14 _\Dest_1405_11_one.mp4;C:\Users\esthe\Downloads\destroy 14 _\Dest_1405_12_two.mp4;C:\Users\esthe\Downloads\destroy 14 _\Dest_1405_13_five.mp4;C:\Users\esthe\Downloads\destroy 14 _\Dest_1405_14_onehalf.mp4;C:\Users\esthe\Downloads\destroy 14 _\Dest_1405_15_seven.mp4;C:\Users\esthe\Downloads\destroy 14 _\Dest_1405_16_three.mp4;C:\Users\esthe\Downloads\destroy 14 _\Dest_1405_17_three.mp4;C:\Users\esthe\Downloads\destroy 14 _\Dest_1405_18_two.mp4;C:\Users\esthe\Downloads\destroy 14 _\Dest_1405_19_five.mp4;C:\Users\esthe\Downloads\destroy 14 _\Dest_1405_20_one.mp4;C:\Users\esthe\Downloads\destroy 14 _\Dest_1405_21_five.mp4;C:\Users\esthe\Downloads\destroy 14 _\Dest_1405_22_seven.mp4;C:\Users\esthe\Downloads\destroy 14 _\Dest_1405_23_two.mp4;C:\Users\esthe\Downloads\destroy 14 _\Dest_1405_24_three.mp4;C:\Users\esthe\Downloads\destroy 14 _\Dest_1405_3_three.mp4;C:\Users\esthe\Downloads\destroy 14 _\Dest_1405_4_seven.mp4;C:\Users\esthe\Downloads\destroy 14 _\Dest_1405_5_five.mp4;C:\Users\esthe\Downloads\destroy 14 _\Dest_1405_6_seven.mp4;C:\Users\esthe\Downloads\destroy 14 _\Dest_1405_7_two.mp4;C:\Users\esthe\Downloads\destroy 14 _\Dest_1405_8_five.mp4;C:\Users\esthe\Downloads\destroy 14 _\Dest_1405_9_two.mp4,0.0,5.733;7.332;7.532;9.967;5.533;11.765;7.566;7.666;5.399;10.698;14.798;9.032;17.966;5.367;13.428;4.134;10.598;14.335;5.466;17.264;6.999;7.933;4.666,30.000;30.000;30.000;30.000;30.000;30.000;30.000;30.000;30.000;30.000;30.000;30.000;30.000;30.000;30.000;30.000;30.000;30.000;30.000;30.000;30.000;30.000;30.000,Destroy,jaw movement,,,POINT,170.174,C:\Users\esthe\Downloads\destroy 14 _\Dest_1405_5_five.mp4,40,NA,
dest_1405,2025-06-26 15:24:30.572,,205.135,Media file(s),player #1:C:\Users\esthe\Downloads\destroy 14 _\commentary;C:\Users\esthe\Downloads\destroy 14 _\Dest_1405_10_three.mp4;C:\Users\esthe\Downloads\destroy 14 _\Dest_1405_11_one.mp4;C:\Users\esthe\Downloads\destroy 14 _\Dest_1405_12_two.mp4;C:\Users\esthe\Downloads\destroy 14 _\Dest_1405_13_five.mp4;C:\Users\esthe\Downloads\destroy 14 _\Dest_1405_14_onehalf.mp4;C:\Users\esthe\Downloads\destroy 14 _\Dest_1405_15_seven.mp4;C:\Users\esthe\Downloads\destroy 14 _\Dest_1405_16_three.mp4;C:\Users\esthe\Downloads\destroy 14 _\Dest_1405_17_three.mp4;C:\Users\esthe\Downloads\destroy 14 _\Dest_1405_18_two.mp4;C:\Users\esthe\Downloads\destroy 14 _\Dest_1405_19_five.mp4;C:\Users\esthe\Downloads\destroy 14 _\Dest_1405_20_one.mp4;C:\Users\esthe\Downloads\destroy 14 _\Dest_1405_21_five.mp4;C:\Users\esthe\Downloads\destroy 14 _\Dest_1405_22_seven.mp4;C:\Users\esthe\Downloads\destroy 14 _\Dest_1405_23_two.mp4;C:\Users\esthe\Downloads\destroy 14 _\Dest_1405_24_three.mp4;C:\Users\esthe\Downloads\destroy 14 _\Dest_1405_3_three.mp4;C:\Users\esthe\Downloads\destroy 14 _\Dest_1405_4_seven.mp4;C:\Users\esthe\Downloads\destroy 14 _\Dest_1405_5_five.mp4;C:\Users\esthe\Downloads\destroy 14 _\Dest_1405_6_seven.mp4;C:\Users\esthe\Downloads\destroy 14 _\Dest_1405_7_two.mp4;C:\Users\esthe\Downloads\destroy 14 _\Dest_1405_8_five.mp4;C:\Users\esthe\Downloads\destroy 14 _\Dest_1405_9_two.mp4,0.0,5.733;7.332;7.532;9.967;5.533;11.765;7.566;7.666;5.399;10.698;14.798;9.032;17.966;5.367;13.428;4.134;10.598;14.335;5.466;17.264;6.999;7.933;4.666,30.000;30.000;30.000;30.000;30.000;30.000;30.000;30.000;30.000;30.000;30.000;30.000;30.000;30.000;30.000;30.000;30.000;30.000;30.000;30.000;30.000;30.000;30.000,Destroy,jaw movement,,,POINT,170.307,C:\Users\esthe\Downloads\destroy 14 _\Dest_1405_5_five.mp4,45,NA,
dest_1405,2025-06-26 15:24:30.572,,205.135,Media file(s),player #1:C:\Users\esthe\Downloads\destroy 14 _\commentary;C:\Users\esthe\Downloads\destroy 14 _\Dest_1405_10_three.mp4;C:\Users\esthe\Downloads\destroy 14 _\Dest_1405_11_one.mp4;C:\Users\esthe\Downloads\destroy 14 _\Dest_1405_12_two.mp4;C:\Users\esthe\Downloads\destroy 14 _\Dest_1405_13_five.mp4;C:\Users\esthe\Downloads\destroy 14 _\Dest_1405_14_onehalf.mp4;C:\Users\esthe\Downloads\destroy 14 _\Dest_1405_15_seven.mp4;C:\Users\esthe\Downloads\destroy 14 _\Dest_1405_16_three.mp4;C:\Users\esthe\Downloads\destroy 14 _\Dest_1405_17_three.mp4;C:\Users\esthe\Downloads\destroy 14 _\Dest_1405_18_two.mp4;C:\Users\esthe\Downloads\destroy 14 _\Dest_1405_19_five.mp4;C:\Users\esthe\Downloads\destroy 14 _\Dest_1405_20_one.mp4;C:\Users\esthe\Downloads\destroy 14 _\Dest_1405_21_five.mp4;C:\Users\esthe\Downloads\destroy 14 _\Dest_1405_22_seven.mp4;C:\Users\esthe\Downloads\destroy 14 _\Dest_1405_23_two.mp4;C:\Users\esthe\Downloads\destroy 14 _\Dest_1405_24_three.mp4;C:\Users\esthe\Downloads\destroy 14 _\Dest_1405_3_three.mp4;C:\Users\esthe\Downloads\destroy 14 _\Dest_1405_4_seven.mp4;C:\Users\esthe\Downloads\destroy 14 _\Dest_1405_5_five.mp4;C:\Users\esthe\Downloads\destroy 14 _\Dest_1405_6_seven.mp4;C:\Users\esthe\Downloads\destroy 14 _\Dest_1405_7_two.mp4;C:\Users\esthe\Downloads\destroy 14 _\Dest_1405_8_five.mp4;C:\Users\esthe\Downloads\destroy 14 _\Dest_1405_9_two.mp4,0.0,5.733;7.332;7.532;9.967;5.533;11.765;7.566;7.666;5.399;10.698;14.798;9.032;17.966;5.367;13.428;4.134;10.598;14.335;5.466;17.264;6.999;7.933;4.666,30.000;30.000;30.000;30.000;30.000;30.000;30.000;30.000;30.000;30.000;30.000;30.000;30.000;30.000;30.000;30.000;30.000;30.000;30.000;30.000;30.000;30.000;30.000,Destroy,jaw movement,,,POINT,170.607,C:\Users\esthe\Downloads\destroy 14 _\Dest_1405_5_five.mp4,53,NA,
dest_1405,2025-06-26 15:24:30.572,,205.135,Media file(s),player #1:C:\Users\esthe\Downloads\destroy 14 _\commentary;C:\Users\esthe\Downloads\destroy 14 _\Dest_1405_10_three.mp4;C:\Users\esthe\Downloads\destroy 14 _\Dest_1405_11_one.mp4;C:\Users\esthe\Downloads\destroy 14 _\Dest_1405_12_two.mp4;C:\Users\esthe\Downloads\destroy 14 _\Dest_1405_13_five.mp4;C:\Users\esthe\Downloads\destroy 14 _\Dest_1405_14_onehalf.mp4;C:\Users\esthe\Downloads\destroy 14 _\Dest_1405_15_seven.mp4;C:\Users\esthe\Downloads\destroy 14 _\Dest_1405_16_three.mp4;C:\Users\esthe\Downloads\destroy 14 _\Dest_1405_17_three.mp4;C:\Users\esthe\Downloads\destroy 14 _\Dest_1405_18_two.mp4;C:\Users\esthe\Downloads\destroy 14 _\Dest_1405_19_five.mp4;C:\Users\esthe\Downloads\destroy 14 _\Dest_1405_20_one.mp4;C:\Users\esthe\Downloads\destroy 14 _\Dest_1405_21_five.mp4;C:\Users\esthe\Downloads\destroy 14 _\Dest_1405_22_seven.mp4;C:\Users\esthe\Downloads\destroy 14 _\Dest_1405_23_two.mp4;C:\Users\esthe\Downloads\destroy 14 _\Dest_1405_24_three.mp4;C:\Users\esthe\Downloads\destroy 14 _\Dest_1405_3_three.mp4;C:\Users\esthe\Downloads\destroy 14 _\Dest_1405_4_seven.mp4;C:\Users\esthe\Downloads\destroy 14 _\Dest_1405_5_five.mp4;C:\Users\esthe\Downloads\destroy 14 _\Dest_1405_6_seven.mp4;C:\Users\esthe\Downloads\destroy 14 _\Dest_1405_7_two.mp4;C:\Users\esthe\Downloads\destroy 14 _\Dest_1405_8_five.mp4;C:\Users\esthe\Downloads\destroy 14 _\Dest_1405_9_two.mp4,0.0,5.733;7.332;7.532;9.967;5.533;11.765;7.566;7.666;5.399;10.698;14.798;9.032;17.966;5.367;13.428;4.134;10.598;14.335;5.466;17.264;6.999;7.933;4.666,30.000;30.000;30.000;30.000;30.000;30.000;30.000;30.000;30.000;30.000;30.000;30.000;30.000;30.000;30.000;30.000;30.000;30.000;30.000;30.000;30.000;30.000;30.000,Destroy,jaw movement,,,POINT,170.807,C:\Users\esthe\Downloads\destroy 14 _\Dest_1405_5_five.mp4,59,NA,
dest_1405,2025-06-26 15:24:30.572,,205.135,Media file(s),player #1:C:\Users\esthe\Downloads\destroy 14 _\commentary;C:\Users\esthe\Downloads\destroy 14 _\Dest_1405_10_three.mp4;C:\Users\esthe\Downloads\destroy 14 _\Dest_1405_11_one.mp4;C:\Users\esthe\Downloads\destroy 14 _\Dest_1405_12_two.mp4;C:\Users\esthe\Downloads\destroy 14 _\Dest_1405_13_five.mp4;C:\Users\esthe\Downloads\destroy 14 _\Dest_1405_14_onehalf.mp4;C:\Users\esthe\Downloads\destroy 14 _\Dest_1405_15_seven.mp4;C:\Users\esthe\Downloads\destroy 14 _\Dest_1405_16_three.mp4;C:\Users\esthe\Downloads\destroy 14 _\Dest_1405_17_three.mp4;C:\Users\esthe\Downloads\destroy 14 _\Dest_1405_18_two.mp4;C:\Users\esthe\Downloads\destroy 14 _\Dest_1405_19_five.mp4;C:\Users\esthe\Downloads\destroy 14 _\Dest_1405_20_one.mp4;C:\Users\esthe\Downloads\destroy 14 _\Dest_1405_21_five.mp4;C:\Users\esthe\Downloads\destroy 14 _\Dest_1405_22_seven.mp4;C:\Users\esthe\Downloads\destroy 14 _\Dest_1405_23_two.mp4;C:\Users\esthe\Downloads\destroy 14 _\Dest_1405_24_three.mp4;C:\Users\esthe\Downloads\destroy 14 _\Dest_1405_3_three.mp4;C:\Users\esthe\Downloads\destroy 14 _\Dest_1405_4_seven.mp4;C:\Users\esthe\Downloads\destroy 14 _\Dest_1405_5_five.mp4;C:\Users\esthe\Downloads\destroy 14 _\Dest_1405_6_seven.mp4;C:\Users\esthe\Downloads\destroy 14 _\Dest_1405_7_two.mp4;C:\Users\esthe\Downloads\destroy 14 _\Dest_1405_8_five.mp4;C:\Users\esthe\Downloads\destroy 14 _\Dest_1405_9_two.mp4,0.0,5.733;7.332;7.532;9.967;5.533;11.765;7.566;7.666;5.399;10.698;14.798;9.032;17.966;5.367;13.428;4.134;10.598;14.335;5.466;17.264;6.999;7.933;4.666,30.000;30.000;30.000;30.000;30.000;30.000;30.000;30.000;30.000;30.000;30.000;30.000;30.000;30.000;30.000;30.000;30.000;30.000;30.000;30.000;30.000;30.000;30.000,Destroy,jaw movement,,,POINT,171.207,C:\Users\esthe\Downloads\destroy 14 _\Dest_1405_5_five.mp4,71,NA,
dest_1405,2025-06-26 15:24:30.572,,205.135,Media file(s),player #1:C:\Users\esthe\Downloads\destroy 14 _\commentary;C:\Users\esthe\Downloads\destroy 14 _\Dest_1405_10_three.mp4;C:\Users\esthe\Downloads\destroy 14 _\Dest_1405_11_one.mp4;C:\Users\esthe\Downloads\destroy 14 _\Dest_1405_12_two.mp4;C:\Users\esthe\Downloads\destroy 14 _\Dest_1405_13_five.mp4;C:\Users\esthe\Downloads\destroy 14 _\Dest_1405_14_onehalf.mp4;C:\Users\esthe\Downloads\destroy 14 _\Dest_1405_15_seven.mp4;C:\Users\esthe\Downloads\destroy 14 _\Dest_1405_16_three.mp4;C:\Users\esthe\Downloads\destroy 14 _\Dest_1405_17_three.mp4;C:\Users\esthe\Downloads\destroy 14 _\Dest_1405_18_two.mp4;C:\Users\esthe\Downloads\destroy 14 _\Dest_1405_19_five.mp4;C:\Users\esthe\Downloads\destroy 14 _\Dest_1405_20_one.mp4;C:\Users\esthe\Downloads\destroy 14 _\Dest_1405_21_five.mp4;C:\Users\esthe\Downloads\destroy 14 _\Dest_1405_22_seven.mp4;C:\Users\esthe\Downloads\destroy 14 _\Dest_1405_23_two.mp4;C:\Users\esthe\Downloads\destroy 14 _\Dest_1405_24_three.mp4;C:\Users\esthe\Downloads\destroy 14 _\Dest_1405_3_three.mp4;C:\Users\esthe\Downloads\destroy 14 _\Dest_1405_4_seven.mp4;C:\Users\esthe\Downloads\destroy 14 _\Dest_1405_5_five.mp4;C:\Users\esthe\Downloads\destroy 14 _\Dest_1405_6_seven.mp4;C:\Users\esthe\Downloads\destroy 14 _\Dest_1405_7_two.mp4;C:\Users\esthe\Downloads\destroy 14 _\Dest_1405_8_five.mp4;C:\Users\esthe\Downloads\destroy 14 _\Dest_1405_9_two.mp4,0.0,5.733;7.332;7.532;9.967;5.533;11.765;7.566;7.666;5.399;10.698;14.798;9.032;17.966;5.367;13.428;4.134;10.598;14.335;5.466;17.264;6.999;7.933;4.666,30.000;30.000;30.000;30.000;30.000;30.000;30.000;30.000;30.000;30.000;30.000;30.000;30.000;30.000;30.000;30.000;30.000;30.000;30.000;30.000;30.000;30.000;30.000,Destroy,jaw movement,,,POINT,171.941,C:\Users\esthe\Downloads\destroy 14 _\Dest_1405_5_five.mp4,93,NA,
dest_1405,2025-06-26 15:24:30.572,,205.135,Media file(s),player #1:C:\Users\esthe\Downloads\destroy 14 _\commentary;C:\Users\esthe\Downloads\destroy 14 _\Dest_1405_10_three.mp4;C:\Users\esthe\Downloads\destroy 14 _\Dest_1405_11_one.mp4;C:\Users\esthe\Downloads\destroy 14 _\Dest_1405_12_two.mp4;C:\Users\esthe\Downloads\destroy 14 _\Dest_1405_13_five.mp4;C:\Users\esthe\Downloads\destroy 14 _\Dest_1405_14_onehalf.mp4;C:\Users\esthe\Downloads\destroy 14 _\Dest_1405_15_seven.mp4;C:\Users\esthe\Downloads\destroy 14 _\Dest_1405_16_three.mp4;C:\Users\esthe\Downloads\destroy 14 _\Dest_1405_17_three.mp4;C:\Users\esthe\Downloads\destroy 14 _\Dest_1405_18_two.mp4;C:\Users\esthe\Downloads\destroy 14 _\Dest_1405_19_five.mp4;C:\Users\esthe\Downloads\destroy 14 _\Dest_1405_20_one.mp4;C:\Users\esthe\Downloads\destroy 14 _\Dest_1405_21_five.mp4;C:\Users\esthe\Downloads\destroy 14 _\Dest_1405_22_seven.mp4;C:\Users\esthe\Downloads\destroy 14 _\Dest_1405_23_two.mp4;C:\Users\esthe\Downloads\destroy 14 _\Dest_1405_24_three.mp4;C:\Users\esthe\Downloads\destroy 14 _\Dest_1405_3_three.mp4;C:\Users\esthe\Downloads\destroy 14 _\Dest_1405_4_seven.mp4;C:\Users\esthe\Downloads\destroy 14 _\Dest_1405_5_five.mp4;C:\Users\esthe\Downloads\destroy 14 _\Dest_1405_6_seven.mp4;C:\Users\esthe\Downloads\destroy 14 _\Dest_1405_7_two.mp4;C:\Users\esthe\Downloads\destroy 14 _\Dest_1405_8_five.mp4;C:\Users\esthe\Downloads\destroy 14 _\Dest_1405_9_two.mp4,0.0,5.733;7.332;7.532;9.967;5.533;11.765;7.566;7.666;5.399;10.698;14.798;9.032;17.966;5.367;13.428;4.134;10.598;14.335;5.466;17.264;6.999;7.933;4.666,30.000;30.000;30.000;30.000;30.000;30.000;30.000;30.000;30.000;30.000;30.000;30.000;30.000;30.000;30.000;30.000;30.000;30.000;30.000;30.000;30.000;30.000;30.000,Destroy,jaw movement,,,POINT,172.341,C:\Users\esthe\Downloads\destroy 14 _\Dest_1405_5_five.mp4,105,NA,
dest_1405,2025-06-26 15:24:30.572,,205.135,Media file(s),player #1:C:\Users\esthe\Downloads\destroy 14 _\commentary;C:\Users\esthe\Downloads\destroy 14 _\Dest_1405_10_three.mp4;C:\Users\esthe\Downloads\destroy 14 _\Dest_1405_11_one.mp4;C:\Users\esthe\Downloads\destroy 14 _\Dest_1405_12_two.mp4;C:\Users\esthe\Downloads\destroy 14 _\Dest_1405_13_five.mp4;C:\Users\esthe\Downloads\destroy 14 _\Dest_1405_14_onehalf.mp4;C:\Users\esthe\Downloads\destroy 14 _\Dest_1405_15_seven.mp4;C:\Users\esthe\Downloads\destroy 14 _\Dest_1405_16_three.mp4;C:\Users\esthe\Downloads\destroy 14 _\Dest_1405_17_three.mp4;C:\Users\esthe\Downloads\destroy 14 _\Dest_1405_18_two.mp4;C:\Users\esthe\Downloads\destroy 14 _\Dest_1405_19_five.mp4;C:\Users\esthe\Downloads\destroy 14 _\Dest_1405_20_one.mp4;C:\Users\esthe\Downloads\destroy 14 _\Dest_1405_21_five.mp4;C:\Users\esthe\Downloads\destroy 14 _\Dest_1405_22_seven.mp4;C:\Users\esthe\Downloads\destroy 14 _\Dest_1405_23_two.mp4;C:\Users\esthe\Downloads\destroy 14 _\Dest_1405_24_three.mp4;C:\Users\esthe\Downloads\destroy 14 _\Dest_1405_3_three.mp4;C:\Users\esthe\Downloads\destroy 14 _\Dest_1405_4_seven.mp4;C:\Users\esthe\Downloads\destroy 14 _\Dest_1405_5_five.mp4;C:\Users\esthe\Downloads\destroy 14 _\Dest_1405_6_seven.mp4;C:\Users\esthe\Downloads\destroy 14 _\Dest_1405_7_two.mp4;C:\Users\esthe\Downloads\destroy 14 _\Dest_1405_8_five.mp4;C:\Users\esthe\Downloads\destroy 14 _\Dest_1405_9_two.mp4,0.0,5.733;7.332;7.532;9.967;5.533;11.765;7.566;7.666;5.399;10.698;14.798;9.032;17.966;5.367;13.428;4.134;10.598;14.335;5.466;17.264;6.999;7.933;4.666,30.000;30.000;30.000;30.000;30.000;30.000;30.000;30.000;30.000;30.000;30.000;30.000;30.000;30.000;30.000;30.000;30.000;30.000;30.000;30.000;30.000;30.000;30.000,Destroy,jaw movement,,,POINT,172.607,C:\Users\esthe\Downloads\destroy 14 _\Dest_1405_5_five.mp4,113,NA,
dest_1405,2025-06-26 15:24:30.572,,205.135,Media file(s),player #1:C:\Users\esthe\Downloads\destroy 14 _\commentary;C:\Users\esthe\Downloads\destroy 14 _\Dest_1405_10_three.mp4;C:\Users\esthe\Downloads\destroy 14 _\Dest_1405_11_one.mp4;C:\Users\esthe\Downloads\destroy 14 _\Dest_1405_12_two.mp4;C:\Users\esthe\Downloads\destroy 14 _\Dest_1405_13_five.mp4;C:\Users\esthe\Downloads\destroy 14 _\Dest_1405_14_onehalf.mp4;C:\Users\esthe\Downloads\destroy 14 _\Dest_1405_15_seven.mp4;C:\Users\esthe\Downloads\destroy 14 _\Dest_1405_16_three.mp4;C:\Users\esthe\Downloads\destroy 14 _\Dest_1405_17_three.mp4;C:\Users\esthe\Downloads\destroy 14 _\Dest_1405_18_two.mp4;C:\Users\esthe\Downloads\destroy 14 _\Dest_1405_19_five.mp4;C:\Users\esthe\Downloads\destroy 14 _\Dest_1405_20_one.mp4;C:\Users\esthe\Downloads\destroy 14 _\Dest_1405_21_five.mp4;C:\Users\esthe\Downloads\destroy 14 _\Dest_1405_22_seven.mp4;C:\Users\esthe\Downloads\destroy 14 _\Dest_1405_23_two.mp4;C:\Users\esthe\Downloads\destroy 14 _\Dest_1405_24_three.mp4;C:\Users\esthe\Downloads\destroy 14 _\Dest_1405_3_three.mp4;C:\Users\esthe\Downloads\destroy 14 _\Dest_1405_4_seven.mp4;C:\Users\esthe\Downloads\destroy 14 _\Dest_1405_5_five.mp4;C:\Users\esthe\Downloads\destroy 14 _\Dest_1405_6_seven.mp4;C:\Users\esthe\Downloads\destroy 14 _\Dest_1405_7_two.mp4;C:\Users\esthe\Downloads\destroy 14 _\Dest_1405_8_five.mp4;C:\Users\esthe\Downloads\destroy 14 _\Dest_1405_9_two.mp4,0.0,5.733;7.332;7.532;9.967;5.533;11.765;7.566;7.666;5.399;10.698;14.798;9.032;17.966;5.367;13.428;4.134;10.598;14.335;5.466;17.264;6.999;7.933;4.666,30.000;30.000;30.000;30.000;30.000;30.000;30.000;30.000;30.000;30.000;30.000;30.000;30.000;30.000;30.000;30.000;30.000;30.000;30.000;30.000;30.000;30.000;30.000,Destroy,jaw movement,,,POINT,172.874,C:\Users\esthe\Downloads\destroy 14 _\Dest_1405_5_five.mp4,121,NA,
dest_1405,2025-06-26 15:24:30.572,,205.135,Media file(s),player #1:C:\Users\esthe\Downloads\destroy 14 _\commentary;C:\Users\esthe\Downloads\destroy 14 _\Dest_1405_10_three.mp4;C:\Users\esthe\Downloads\destroy 14 _\Dest_1405_11_one.mp4;C:\Users\esthe\Downloads\destroy 14 _\Dest_1405_12_two.mp4;C:\Users\esthe\Downloads\destroy 14 _\Dest_1405_13_five.mp4;C:\Users\esthe\Downloads\destroy 14 _\Dest_1405_14_onehalf.mp4;C:\Users\esthe\Downloads\destroy 14 _\Dest_1405_15_seven.mp4;C:\Users\esthe\Downloads\destroy 14 _\Dest_1405_16_three.mp4;C:\Users\esthe\Downloads\destroy 14 _\Dest_1405_17_three.mp4;C:\Users\esthe\Downloads\destroy 14 _\Dest_1405_18_two.mp4;C:\Users\esthe\Downloads\destroy 14 _\Dest_1405_19_five.mp4;C:\Users\esthe\Downloads\destroy 14 _\Dest_1405_20_one.mp4;C:\Users\esthe\Downloads\destroy 14 _\Dest_1405_21_five.mp4;C:\Users\esthe\Downloads\destroy 14 _\Dest_1405_22_seven.mp4;C:\Users\esthe\Downloads\destroy 14 _\Dest_1405_23_two.mp4;C:\Users\esthe\Downloads\destroy 14 _\Dest_1405_24_three.mp4;C:\Users\esthe\Downloads\destroy 14 _\Dest_1405_3_three.mp4;C:\Users\esthe\Downloads\destroy 14 _\Dest_1405_4_seven.mp4;C:\Users\esthe\Downloads\destroy 14 _\Dest_1405_5_five.mp4;C:\Users\esthe\Downloads\destroy 14 _\Dest_1405_6_seven.mp4;C:\Users\esthe\Downloads\destroy 14 _\Dest_1405_7_two.mp4;C:\Users\esthe\Downloads\destroy 14 _\Dest_1405_8_five.mp4;C:\Users\esthe\Downloads\destroy 14 _\Dest_1405_9_two.mp4,0.0,5.733;7.332;7.532;9.967;5.533;11.765;7.566;7.666;5.399;10.698;14.798;9.032;17.966;5.367;13.428;4.134;10.598;14.335;5.466;17.264;6.999;7.933;4.666,30.000;30.000;30.000;30.000;30.000;30.000;30.000;30.000;30.000;30.000;30.000;30.000;30.000;30.000;30.000;30.000;30.000;30.000;30.000;30.000;30.000;30.000;30.000,Destroy,jaw movement,,,POINT,173.040,C:\Users\esthe\Downloads\destroy 14 _\Dest_1405_5_five.mp4,126,NA,
dest_1405,2025-06-26 15:24:30.572,,205.135,Media file(s),player #1:C:\Users\esthe\Downloads\destroy 14 _\commentary;C:\Users\esthe\Downloads\destroy 14 _\Dest_1405_10_three.mp4;C:\Users\esthe\Downloads\destroy 14 _\Dest_1405_11_one.mp4;C:\Users\esthe\Downloads\destroy 14 _\Dest_1405_12_two.mp4;C:\Users\esthe\Downloads\destroy 14 _\Dest_1405_13_five.mp4;C:\Users\esthe\Downloads\destroy 14 _\Dest_1405_14_onehalf.mp4;C:\Users\esthe\Downloads\destroy 14 _\Dest_1405_15_seven.mp4;C:\Users\esthe\Downloads\destroy 14 _\Dest_1405_16_three.mp4;C:\Users\esthe\Downloads\destroy 14 _\Dest_1405_17_three.mp4;C:\Users\esthe\Downloads\destroy 14 _\Dest_1405_18_two.mp4;C:\Users\esthe\Downloads\destroy 14 _\Dest_1405_19_five.mp4;C:\Users\esthe\Downloads\destroy 14 _\Dest_1405_20_one.mp4;C:\Users\esthe\Downloads\destroy 14 _\Dest_1405_21_five.mp4;C:\Users\esthe\Downloads\destroy 14 _\Dest_1405_22_seven.mp4;C:\Users\esthe\Downloads\destroy 14 _\Dest_1405_23_two.mp4;C:\Users\esthe\Downloads\destroy 14 _\Dest_1405_24_three.mp4;C:\Users\esthe\Downloads\destroy 14 _\Dest_1405_3_three.mp4;C:\Users\esthe\Downloads\destroy 14 _\Dest_1405_4_seven.mp4;C:\Users\esthe\Downloads\destroy 14 _\Dest_1405_5_five.mp4;C:\Users\esthe\Downloads\destroy 14 _\Dest_1405_6_seven.mp4;C:\Users\esthe\Downloads\destroy 14 _\Dest_1405_7_two.mp4;C:\Users\esthe\Downloads\destroy 14 _\Dest_1405_8_five.mp4;C:\Users\esthe\Downloads\destroy 14 _\Dest_1405_9_two.mp4,0.0,5.733;7.332;7.532;9.967;5.533;11.765;7.566;7.666;5.399;10.698;14.798;9.032;17.966;5.367;13.428;4.134;10.598;14.335;5.466;17.264;6.999;7.933;4.666,30.000;30.000;30.000;30.000;30.000;30.000;30.000;30.000;30.000;30.000;30.000;30.000;30.000;30.000;30.000;30.000;30.000;30.000;30.000;30.000;30.000;30.000;30.000,Destroy,jaw movement,,,POINT,173.407,C:\Users\esthe\Downloads\destroy 14 _\Dest_1405_5_five.mp4,137,NA,
dest_1405,2025-06-26 15:24:30.572,,205.135,Media file(s),player #1:C:\Users\esthe\Downloads\destroy 14 _\commentary;C:\Users\esthe\Downloads\destroy 14 _\Dest_1405_10_three.mp4;C:\Users\esthe\Downloads\destroy 14 _\Dest_1405_11_one.mp4;C:\Users\esthe\Downloads\destroy 14 _\Dest_1405_12_two.mp4;C:\Users\esthe\Downloads\destroy 14 _\Dest_1405_13_five.mp4;C:\Users\esthe\Downloads\destroy 14 _\Dest_1405_14_onehalf.mp4;C:\Users\esthe\Downloads\destroy 14 _\Dest_1405_15_seven.mp4;C:\Users\esthe\Downloads\destroy 14 _\Dest_1405_16_three.mp4;C:\Users\esthe\Downloads\destroy 14 _\Dest_1405_17_three.mp4;C:\Users\esthe\Downloads\destroy 14 _\Dest_1405_18_two.mp4;C:\Users\esthe\Downloads\destroy 14 _\Dest_1405_19_five.mp4;C:\Users\esthe\Downloads\destroy 14 _\Dest_1405_20_one.mp4;C:\Users\esthe\Downloads\destroy 14 _\Dest_1405_21_five.mp4;C:\Users\esthe\Downloads\destroy 14 _\Dest_1405_22_seven.mp4;C:\Users\esthe\Downloads\destroy 14 _\Dest_1405_23_two.mp4;C:\Users\esthe\Downloads\destroy 14 _\Dest_1405_24_three.mp4;C:\Users\esthe\Downloads\destroy 14 _\Dest_1405_3_three.mp4;C:\Users\esthe\Downloads\destroy 14 _\Dest_1405_4_seven.mp4;C:\Users\esthe\Downloads\destroy 14 _\Dest_1405_5_five.mp4;C:\Users\esthe\Downloads\destroy 14 _\Dest_1405_6_seven.mp4;C:\Users\esthe\Downloads\destroy 14 _\Dest_1405_7_two.mp4;C:\Users\esthe\Downloads\destroy 14 _\Dest_1405_8_five.mp4;C:\Users\esthe\Downloads\destroy 14 _\Dest_1405_9_two.mp4,0.0,5.733;7.332;7.532;9.967;5.533;11.765;7.566;7.666;5.399;10.698;14.798;9.032;17.966;5.367;13.428;4.134;10.598;14.335;5.466;17.264;6.999;7.933;4.666,30.000;30.000;30.000;30.000;30.000;30.000;30.000;30.000;30.000;30.000;30.000;30.000;30.000;30.000;30.000;30.000;30.000;30.000;30.000;30.000;30.000;30.000;30.000,Destroy,peeling,,,STOP,173.607,C:\Users\esthe\Downloads\destroy 14 _\Dest_1405_5_five.mp4,143,NA,
dest_1405,2025-06-26 15:24:30.572,,205.135,Media file(s),player #1:C:\Users\esthe\Downloads\destroy 14 _\commentary;C:\Users\esthe\Downloads\destroy 14 _\Dest_1405_10_three.mp4;C:\Users\esthe\Downloads\destroy 14 _\Dest_1405_11_one.mp4;C:\Users\esthe\Downloads\destroy 14 _\Dest_1405_12_two.mp4;C:\Users\esthe\Downloads\destroy 14 _\Dest_1405_13_five.mp4;C:\Users\esthe\Downloads\destroy 14 _\Dest_1405_14_onehalf.mp4;C:\Users\esthe\Downloads\destroy 14 _\Dest_1405_15_seven.mp4;C:\Users\esthe\Downloads\destroy 14 _\Dest_1405_16_three.mp4;C:\Users\esthe\Downloads\destroy 14 _\Dest_1405_17_three.mp4;C:\Users\esthe\Downloads\destroy 14 _\Dest_1405_18_two.mp4;C:\Users\esthe\Downloads\destroy 14 _\Dest_1405_19_five.mp4;C:\Users\esthe\Downloads\destroy 14 _\Dest_1405_20_one.mp4;C:\Users\esthe\Downloads\destroy 14 _\Dest_1405_21_five.mp4;C:\Users\esthe\Downloads\destroy 14 _\Dest_1405_22_seven.mp4;C:\Users\esthe\Downloads\destroy 14 _\Dest_1405_23_two.mp4;C:\Users\esthe\Downloads\destroy 14 _\Dest_1405_24_three.mp4;C:\Users\esthe\Downloads\destroy 14 _\Dest_1405_3_three.mp4;C:\Users\esthe\Downloads\destroy 14 _\Dest_1405_4_seven.mp4;C:\Users\esthe\Downloads\destroy 14 _\Dest_1405_5_five.mp4;C:\Users\esthe\Downloads\destroy 14 _\Dest_1405_6_seven.mp4;C:\Users\esthe\Downloads\destroy 14 _\Dest_1405_7_two.mp4;C:\Users\esthe\Downloads\destroy 14 _\Dest_1405_8_five.mp4;C:\Users\esthe\Downloads\destroy 14 _\Dest_1405_9_two.mp4,0.0,5.733;7.332;7.532;9.967;5.533;11.765;7.566;7.666;5.399;10.698;14.798;9.032;17.966;5.367;13.428;4.134;10.598;14.335;5.466;17.264;6.999;7.933;4.666,30.000;30.000;30.000;30.000;30.000;30.000;30.000;30.000;30.000;30.000;30.000;30.000;30.000;30.000;30.000;30.000;30.000;30.000;30.000;30.000;30.000;30.000;30.000,Destroy,eating,,,START,173.807,C:\Users\esthe\Downloads\destroy 14 _\Dest_1405_5_five.mp4,149,NA,
dest_1405,2025-06-26 15:24:30.572,,205.135,Media file(s),player #1:C:\Users\esthe\Downloads\destroy 14 _\commentary;C:\Users\esthe\Downloads\destroy 14 _\Dest_1405_10_three.mp4;C:\Users\esthe\Downloads\destroy 14 _\Dest_1405_11_one.mp4;C:\Users\esthe\Downloads\destroy 14 _\Dest_1405_12_two.mp4;C:\Users\esthe\Downloads\destroy 14 _\Dest_1405_13_five.mp4;C:\Users\esthe\Downloads\destroy 14 _\Dest_1405_14_onehalf.mp4;C:\Users\esthe\Downloads\destroy 14 _\Dest_1405_15_seven.mp4;C:\Users\esthe\Downloads\destroy 14 _\Dest_1405_16_three.mp4;C:\Users\esthe\Downloads\destroy 14 _\Dest_1405_17_three.mp4;C:\Users\esthe\Downloads\destroy 14 _\Dest_1405_18_two.mp4;C:\Users\esthe\Downloads\destroy 14 _\Dest_1405_19_five.mp4;C:\Users\esthe\Downloads\destroy 14 _\Dest_1405_20_one.mp4;C:\Users\esthe\Downloads\destroy 14 _\Dest_1405_21_five.mp4;C:\Users\esthe\Downloads\destroy 14 _\Dest_1405_22_seven.mp4;C:\Users\esthe\Downloads\destroy 14 _\Dest_1405_23_two.mp4;C:\Users\esthe\Downloads\destroy 14 _\Dest_1405_24_three.mp4;C:\Users\esthe\Downloads\destroy 14 _\Dest_1405_3_three.mp4;C:\Users\esthe\Downloads\destroy 14 _\Dest_1405_4_seven.mp4;C:\Users\esthe\Downloads\destroy 14 _\Dest_1405_5_five.mp4;C:\Users\esthe\Downloads\destroy 14 _\Dest_1405_6_seven.mp4;C:\Users\esthe\Downloads\destroy 14 _\Dest_1405_7_two.mp4;C:\Users\esthe\Downloads\destroy 14 _\Dest_1405_8_five.mp4;C:\Users\esthe\Downloads\destroy 14 _\Dest_1405_9_two.mp4,0.0,5.733;7.332;7.532;9.967;5.533;11.765;7.566;7.666;5.399;10.698;14.798;9.032;17.966;5.367;13.428;4.134;10.598;14.335;5.466;17.264;6.999;7.933;4.666,30.000;30.000;30.000;30.000;30.000;30.000;30.000;30.000;30.000;30.000;30.000;30.000;30.000;30.000;30.000;30.000;30.000;30.000;30.000;30.000;30.000;30.000;30.000,Destroy,eating,,,STOP,174.174,C:\Users\esthe\Downloads\destroy 14 _\Dest_1405_5_five.mp4,161,NA,
dest_1405,2025-06-26 15:24:30.572,,205.135,Media file(s),player #1:C:\Users\esthe\Downloads\destroy 14 _\commentary;C:\Users\esthe\Downloads\destroy 14 _\Dest_1405_10_three.mp4;C:\Users\esthe\Downloads\destroy 14 _\Dest_1405_11_one.mp4;C:\Users\esthe\Downloads\destroy 14 _\Dest_1405_12_two.mp4;C:\Users\esthe\Downloads\destroy 14 _\Dest_1405_13_five.mp4;C:\Users\esthe\Downloads\destroy 14 _\Dest_1405_14_onehalf.mp4;C:\Users\esthe\Downloads\destroy 14 _\Dest_1405_15_seven.mp4;C:\Users\esthe\Downloads\destroy 14 _\Dest_1405_16_three.mp4;C:\Users\esthe\Downloads\destroy 14 _\Dest_1405_17_three.mp4;C:\Users\esthe\Downloads\destroy 14 _\Dest_1405_18_two.mp4;C:\Users\esthe\Downloads\destroy 14 _\Dest_1405_19_five.mp4;C:\Users\esthe\Downloads\destroy 14 _\Dest_1405_20_one.mp4;C:\Users\esthe\Downloads\destroy 14 _\Dest_1405_21_five.mp4;C:\Users\esthe\Downloads\destroy 14 _\Dest_1405_22_seven.mp4;C:\Users\esthe\Downloads\destroy 14 _\Dest_1405_23_two.mp4;C:\Users\esthe\Downloads\destroy 14 _\Dest_1405_24_three.mp4;C:\Users\esthe\Downloads\destroy 14 _\Dest_1405_3_three.mp4;C:\Users\esthe\Downloads\destroy 14 _\Dest_1405_4_seven.mp4;C:\Users\esthe\Downloads\destroy 14 _\Dest_1405_5_five.mp4;C:\Users\esthe\Downloads\destroy 14 _\Dest_1405_6_seven.mp4;C:\Users\esthe\Downloads\destroy 14 _\Dest_1405_7_two.mp4;C:\Users\esthe\Downloads\destroy 14 _\Dest_1405_8_five.mp4;C:\Users\esthe\Downloads\destroy 14 _\Dest_1405_9_two.mp4,0.0,5.733;7.332;7.532;9.967;5.533;11.765;7.566;7.666;5.399;10.698;14.798;9.032;17.966;5.367;13.428;4.134;10.598;14.335;5.466;17.264;6.999;7.933;4.666,30.000;30.000;30.000;30.000;30.000;30.000;30.000;30.000;30.000;30.000;30.000;30.000;30.000;30.000;30.000;30.000;30.000;30.000;30.000;30.000;30.000;30.000;30.000,Destroy,explore,,,START,174.539,C:\Users\esthe\Downloads\destroy 14 _\Dest_1405_6_seven.mp4,7,NA,
dest_1405,2025-06-26 15:24:30.572,,205.135,Media file(s),player #1:C:\Users\esthe\Downloads\destroy 14 _\commentary;C:\Users\esthe\Downloads\destroy 14 _\Dest_1405_10_three.mp4;C:\Users\esthe\Downloads\destroy 14 _\Dest_1405_11_one.mp4;C:\Users\esthe\Downloads\destroy 14 _\Dest_1405_12_two.mp4;C:\Users\esthe\Downloads\destroy 14 _\Dest_1405_13_five.mp4;C:\Users\esthe\Downloads\destroy 14 _\Dest_1405_14_onehalf.mp4;C:\Users\esthe\Downloads\destroy 14 _\Dest_1405_15_seven.mp4;C:\Users\esthe\Downloads\destroy 14 _\Dest_1405_16_three.mp4;C:\Users\esthe\Downloads\destroy 14 _\Dest_1405_17_three.mp4;C:\Users\esthe\Downloads\destroy 14 _\Dest_1405_18_two.mp4;C:\Users\esthe\Downloads\destroy 14 _\Dest_1405_19_five.mp4;C:\Users\esthe\Downloads\destroy 14 _\Dest_1405_20_one.mp4;C:\Users\esthe\Downloads\destroy 14 _\Dest_1405_21_five.mp4;C:\Users\esthe\Downloads\destroy 14 _\Dest_1405_22_seven.mp4;C:\Users\esthe\Downloads\destroy 14 _\Dest_1405_23_two.mp4;C:\Users\esthe\Downloads\destroy 14 _\Dest_1405_24_three.mp4;C:\Users\esthe\Downloads\destroy 14 _\Dest_1405_3_three.mp4;C:\Users\esthe\Downloads\destroy 14 _\Dest_1405_4_seven.mp4;C:\Users\esthe\Downloads\destroy 14 _\Dest_1405_5_five.mp4;C:\Users\esthe\Downloads\destroy 14 _\Dest_1405_6_seven.mp4;C:\Users\esthe\Downloads\destroy 14 _\Dest_1405_7_two.mp4;C:\Users\esthe\Downloads\destroy 14 _\Dest_1405_8_five.mp4;C:\Users\esthe\Downloads\destroy 14 _\Dest_1405_9_two.mp4,0.0,5.733;7.332;7.532;9.967;5.533;11.765;7.566;7.666;5.399;10.698;14.798;9.032;17.966;5.367;13.428;4.134;10.598;14.335;5.466;17.264;6.999;7.933;4.666,30.000;30.000;30.000;30.000;30.000;30.000;30.000;30.000;30.000;30.000;30.000;30.000;30.000;30.000;30.000;30.000;30.000;30.000;30.000;30.000;30.000;30.000;30.000,Destroy,explore,,,STOP,184.271,C:\Users\esthe\Downloads\destroy 14 _\Dest_1405_6_seven.mp4,299,NA,
dest_1405,2025-06-26 15:24:30.572,,205.135,Media file(s),player #1:C:\Users\esthe\Downloads\destroy 14 _\commentary;C:\Users\esthe\Downloads\destroy 14 _\Dest_1405_10_three.mp4;C:\Users\esthe\Downloads\destroy 14 _\Dest_1405_11_one.mp4;C:\Users\esthe\Downloads\destroy 14 _\Dest_1405_12_two.mp4;C:\Users\esthe\Downloads\destroy 14 _\Dest_1405_13_five.mp4;C:\Users\esthe\Downloads\destroy 14 _\Dest_1405_14_onehalf.mp4;C:\Users\esthe\Downloads\destroy 14 _\Dest_1405_15_seven.mp4;C:\Users\esthe\Downloads\destroy 14 _\Dest_1405_16_three.mp4;C:\Users\esthe\Downloads\destroy 14 _\Dest_1405_17_three.mp4;C:\Users\esthe\Downloads\destroy 14 _\Dest_1405_18_two.mp4;C:\Users\esthe\Downloads\destroy 14 _\Dest_1405_19_five.mp4;C:\Users\esthe\Downloads\destroy 14 _\Dest_1405_20_one.mp4;C:\Users\esthe\Downloads\destroy 14 _\Dest_1405_21_five.mp4;C:\Users\esthe\Downloads\destroy 14 _\Dest_1405_22_seven.mp4;C:\Users\esthe\Downloads\destroy 14 _\Dest_1405_23_two.mp4;C:\Users\esthe\Downloads\destroy 14 _\Dest_1405_24_three.mp4;C:\Users\esthe\Downloads\destroy 14 _\Dest_1405_3_three.mp4;C:\Users\esthe\Downloads\destroy 14 _\Dest_1405_4_seven.mp4;C:\Users\esthe\Downloads\destroy 14 _\Dest_1405_5_five.mp4;C:\Users\esthe\Downloads\destroy 14 _\Dest_1405_6_seven.mp4;C:\Users\esthe\Downloads\destroy 14 _\Dest_1405_7_two.mp4;C:\Users\esthe\Downloads\destroy 14 _\Dest_1405_8_five.mp4;C:\Users\esthe\Downloads\destroy 14 _\Dest_1405_9_two.mp4,0.0,5.733;7.332;7.532;9.967;5.533;11.765;7.566;7.666;5.399;10.698;14.798;9.032;17.966;5.367;13.428;4.134;10.598;14.335;5.466;17.264;6.999;7.933;4.666,30.000;30.000;30.000;30.000;30.000;30.000;30.000;30.000;30.000;30.000;30.000;30.000;30.000;30.000;30.000;30.000;30.000;30.000;30.000;30.000;30.000;30.000;30.000,Destroy,bending,,,START,184.638,C:\Users\esthe\Downloads\destroy 14 _\Dest_1405_6_seven.mp4,310,NA,
dest_1405,2025-06-26 15:24:30.572,,205.135,Media file(s),player #1:C:\Users\esthe\Downloads\destroy 14 _\commentary;C:\Users\esthe\Downloads\destroy 14 _\Dest_1405_10_three.mp4;C:\Users\esthe\Downloads\destroy 14 _\Dest_1405_11_one.mp4;C:\Users\esthe\Downloads\destroy 14 _\Dest_1405_12_two.mp4;C:\Users\esthe\Downloads\destroy 14 _\Dest_1405_13_five.mp4;C:\Users\esthe\Downloads\destroy 14 _\Dest_1405_14_onehalf.mp4;C:\Users\esthe\Downloads\destroy 14 _\Dest_1405_15_seven.mp4;C:\Users\esthe\Downloads\destroy 14 _\Dest_1405_16_three.mp4;C:\Users\esthe\Downloads\destroy 14 _\Dest_1405_17_three.mp4;C:\Users\esthe\Downloads\destroy 14 _\Dest_1405_18_two.mp4;C:\Users\esthe\Downloads\destroy 14 _\Dest_1405_19_five.mp4;C:\Users\esthe\Downloads\destroy 14 _\Dest_1405_20_one.mp4;C:\Users\esthe\Downloads\destroy 14 _\Dest_1405_21_five.mp4;C:\Users\esthe\Downloads\destroy 14 _\Dest_1405_22_seven.mp4;C:\Users\esthe\Downloads\destroy 14 _\Dest_1405_23_two.mp4;C:\Users\esthe\Downloads\destroy 14 _\Dest_1405_24_three.mp4;C:\Users\esthe\Downloads\destroy 14 _\Dest_1405_3_three.mp4;C:\Users\esthe\Downloads\destroy 14 _\Dest_1405_4_seven.mp4;C:\Users\esthe\Downloads\destroy 14 _\Dest_1405_5_five.mp4;C:\Users\esthe\Downloads\destroy 14 _\Dest_1405_6_seven.mp4;C:\Users\esthe\Downloads\destroy 14 _\Dest_1405_7_two.mp4;C:\Users\esthe\Downloads\destroy 14 _\Dest_1405_8_five.mp4;C:\Users\esthe\Downloads\destroy 14 _\Dest_1405_9_two.mp4,0.0,5.733;7.332;7.532;9.967;5.533;11.765;7.566;7.666;5.399;10.698;14.798;9.032;17.966;5.367;13.428;4.134;10.598;14.335;5.466;17.264;6.999;7.933;4.666,30.000;30.000;30.000;30.000;30.000;30.000;30.000;30.000;30.000;30.000;30.000;30.000;30.000;30.000;30.000;30.000;30.000;30.000;30.000;30.000;30.000;30.000;30.000,Destroy,bending,,,STOP,184.904,C:\Users\esthe\Downloads\destroy 14 _\Dest_1405_6_seven.mp4,318,NA,
dest_1405,2025-06-26 15:24:30.572,,205.135,Media file(s),player #1:C:\Users\esthe\Downloads\destroy 14 _\commentary;C:\Users\esthe\Downloads\destroy 14 _\Dest_1405_10_three.mp4;C:\Users\esthe\Downloads\destroy 14 _\Dest_1405_11_one.mp4;C:\Users\esthe\Downloads\destroy 14 _\Dest_1405_12_two.mp4;C:\Users\esthe\Downloads\destroy 14 _\Dest_1405_13_five.mp4;C:\Users\esthe\Downloads\destroy 14 _\Dest_1405_14_onehalf.mp4;C:\Users\esthe\Downloads\destroy 14 _\Dest_1405_15_seven.mp4;C:\Users\esthe\Downloads\destroy 14 _\Dest_1405_16_three.mp4;C:\Users\esthe\Downloads\destroy 14 _\Dest_1405_17_three.mp4;C:\Users\esthe\Downloads\destroy 14 _\Dest_1405_18_two.mp4;C:\Users\esthe\Downloads\destroy 14 _\Dest_1405_19_five.mp4;C:\Users\esthe\Downloads\destroy 14 _\Dest_1405_20_one.mp4;C:\Users\esthe\Downloads\destroy 14 _\Dest_1405_21_five.mp4;C:\Users\esthe\Downloads\destroy 14 _\Dest_1405_22_seven.mp4;C:\Users\esthe\Downloads\destroy 14 _\Dest_1405_23_two.mp4;C:\Users\esthe\Downloads\destroy 14 _\Dest_1405_24_three.mp4;C:\Users\esthe\Downloads\destroy 14 _\Dest_1405_3_three.mp4;C:\Users\esthe\Downloads\destroy 14 _\Dest_1405_4_seven.mp4;C:\Users\esthe\Downloads\destroy 14 _\Dest_1405_5_five.mp4;C:\Users\esthe\Downloads\destroy 14 _\Dest_1405_6_seven.mp4;C:\Users\esthe\Downloads\destroy 14 _\Dest_1405_7_two.mp4;C:\Users\esthe\Downloads\destroy 14 _\Dest_1405_8_five.mp4;C:\Users\esthe\Downloads\destroy 14 _\Dest_1405_9_two.mp4,0.0,5.733;7.332;7.532;9.967;5.533;11.765;7.566;7.666;5.399;10.698;14.798;9.032;17.966;5.367;13.428;4.134;10.598;14.335;5.466;17.264;6.999;7.933;4.666,30.000;30.000;30.000;30.000;30.000;30.000;30.000;30.000;30.000;30.000;30.000;30.000;30.000;30.000;30.000;30.000;30.000;30.000;30.000;30.000;30.000;30.000;30.000,Destroy,grabbing peanut,,,POINT,184.904,C:\Users\esthe\Downloads\destroy 14 _\Dest_1405_6_seven.mp4,318,NA,
dest_1405,2025-06-26 15:24:30.572,,205.135,Media file(s),player #1:C:\Users\esthe\Downloads\destroy 14 _\commentary;C:\Users\esthe\Downloads\destroy 14 _\Dest_1405_10_three.mp4;C:\Users\esthe\Downloads\destroy 14 _\Dest_1405_11_one.mp4;C:\Users\esthe\Downloads\destroy 14 _\Dest_1405_12_two.mp4;C:\Users\esthe\Downloads\destroy 14 _\Dest_1405_13_five.mp4;C:\Users\esthe\Downloads\destroy 14 _\Dest_1405_14_onehalf.mp4;C:\Users\esthe\Downloads\destroy 14 _\Dest_1405_15_seven.mp4;C:\Users\esthe\Downloads\destroy 14 _\Dest_1405_16_three.mp4;C:\Users\esthe\Downloads\destroy 14 _\Dest_1405_17_three.mp4;C:\Users\esthe\Downloads\destroy 14 _\Dest_1405_18_two.mp4;C:\Users\esthe\Downloads\destroy 14 _\Dest_1405_19_five.mp4;C:\Users\esthe\Downloads\destroy 14 _\Dest_1405_20_one.mp4;C:\Users\esthe\Downloads\destroy 14 _\Dest_1405_21_five.mp4;C:\Users\esthe\Downloads\destroy 14 _\Dest_1405_22_seven.mp4;C:\Users\esthe\Downloads\destroy 14 _\Dest_1405_23_two.mp4;C:\Users\esthe\Downloads\destroy 14 _\Dest_1405_24_three.mp4;C:\Users\esthe\Downloads\destroy 14 _\Dest_1405_3_three.mp4;C:\Users\esthe\Downloads\destroy 14 _\Dest_1405_4_seven.mp4;C:\Users\esthe\Downloads\destroy 14 _\Dest_1405_5_five.mp4;C:\Users\esthe\Downloads\destroy 14 _\Dest_1405_6_seven.mp4;C:\Users\esthe\Downloads\destroy 14 _\Dest_1405_7_two.mp4;C:\Users\esthe\Downloads\destroy 14 _\Dest_1405_8_five.mp4;C:\Users\esthe\Downloads\destroy 14 _\Dest_1405_9_two.mp4,0.0,5.733;7.332;7.532;9.967;5.533;11.765;7.566;7.666;5.399;10.698;14.798;9.032;17.966;5.367;13.428;4.134;10.598;14.335;5.466;17.264;6.999;7.933;4.666,30.000;30.000;30.000;30.000;30.000;30.000;30.000;30.000;30.000;30.000;30.000;30.000;30.000;30.000;30.000;30.000;30.000;30.000;30.000;30.000;30.000;30.000;30.000,Destroy,lifting,,,START,184.938,C:\Users\esthe\Downloads\destroy 14 _\Dest_1405_6_seven.mp4,319,NA,
dest_1405,2025-06-26 15:24:30.572,,205.135,Media file(s),player #1:C:\Users\esthe\Downloads\destroy 14 _\commentary;C:\Users\esthe\Downloads\destroy 14 _\Dest_1405_10_three.mp4;C:\Users\esthe\Downloads\destroy 14 _\Dest_1405_11_one.mp4;C:\Users\esthe\Downloads\destroy 14 _\Dest_1405_12_two.mp4;C:\Users\esthe\Downloads\destroy 14 _\Dest_1405_13_five.mp4;C:\Users\esthe\Downloads\destroy 14 _\Dest_1405_14_onehalf.mp4;C:\Users\esthe\Downloads\destroy 14 _\Dest_1405_15_seven.mp4;C:\Users\esthe\Downloads\destroy 14 _\Dest_1405_16_three.mp4;C:\Users\esthe\Downloads\destroy 14 _\Dest_1405_17_three.mp4;C:\Users\esthe\Downloads\destroy 14 _\Dest_1405_18_two.mp4;C:\Users\esthe\Downloads\destroy 14 _\Dest_1405_19_five.mp4;C:\Users\esthe\Downloads\destroy 14 _\Dest_1405_20_one.mp4;C:\Users\esthe\Downloads\destroy 14 _\Dest_1405_21_five.mp4;C:\Users\esthe\Downloads\destroy 14 _\Dest_1405_22_seven.mp4;C:\Users\esthe\Downloads\destroy 14 _\Dest_1405_23_two.mp4;C:\Users\esthe\Downloads\destroy 14 _\Dest_1405_24_three.mp4;C:\Users\esthe\Downloads\destroy 14 _\Dest_1405_3_three.mp4;C:\Users\esthe\Downloads\destroy 14 _\Dest_1405_4_seven.mp4;C:\Users\esthe\Downloads\destroy 14 _\Dest_1405_5_five.mp4;C:\Users\esthe\Downloads\destroy 14 _\Dest_1405_6_seven.mp4;C:\Users\esthe\Downloads\destroy 14 _\Dest_1405_7_two.mp4;C:\Users\esthe\Downloads\destroy 14 _\Dest_1405_8_five.mp4;C:\Users\esthe\Downloads\destroy 14 _\Dest_1405_9_two.mp4,0.0,5.733;7.332;7.532;9.967;5.533;11.765;7.566;7.666;5.399;10.698;14.798;9.032;17.966;5.367;13.428;4.134;10.598;14.335;5.466;17.264;6.999;7.933;4.666,30.000;30.000;30.000;30.000;30.000;30.000;30.000;30.000;30.000;30.000;30.000;30.000;30.000;30.000;30.000;30.000;30.000;30.000;30.000;30.000;30.000;30.000;30.000,Destroy,lifting,,,STOP,185.538,C:\Users\esthe\Downloads\destroy 14 _\Dest_1405_6_seven.mp4,337,NA,
dest_1405,2025-06-26 15:24:30.572,,205.135,Media file(s),player #1:C:\Users\esthe\Downloads\destroy 14 _\commentary;C:\Users\esthe\Downloads\destroy 14 _\Dest_1405_10_three.mp4;C:\Users\esthe\Downloads\destroy 14 _\Dest_1405_11_one.mp4;C:\Users\esthe\Downloads\destroy 14 _\Dest_1405_12_two.mp4;C:\Users\esthe\Downloads\destroy 14 _\Dest_1405_13_five.mp4;C:\Users\esthe\Downloads\destroy 14 _\Dest_1405_14_onehalf.mp4;C:\Users\esthe\Downloads\destroy 14 _\Dest_1405_15_seven.mp4;C:\Users\esthe\Downloads\destroy 14 _\Dest_1405_16_three.mp4;C:\Users\esthe\Downloads\destroy 14 _\Dest_1405_17_three.mp4;C:\Users\esthe\Downloads\destroy 14 _\Dest_1405_18_two.mp4;C:\Users\esthe\Downloads\destroy 14 _\Dest_1405_19_five.mp4;C:\Users\esthe\Downloads\destroy 14 _\Dest_1405_20_one.mp4;C:\Users\esthe\Downloads\destroy 14 _\Dest_1405_21_five.mp4;C:\Users\esthe\Downloads\destroy 14 _\Dest_1405_22_seven.mp4;C:\Users\esthe\Downloads\destroy 14 _\Dest_1405_23_two.mp4;C:\Users\esthe\Downloads\destroy 14 _\Dest_1405_24_three.mp4;C:\Users\esthe\Downloads\destroy 14 _\Dest_1405_3_three.mp4;C:\Users\esthe\Downloads\destroy 14 _\Dest_1405_4_seven.mp4;C:\Users\esthe\Downloads\destroy 14 _\Dest_1405_5_five.mp4;C:\Users\esthe\Downloads\destroy 14 _\Dest_1405_6_seven.mp4;C:\Users\esthe\Downloads\destroy 14 _\Dest_1405_7_two.mp4;C:\Users\esthe\Downloads\destroy 14 _\Dest_1405_8_five.mp4;C:\Users\esthe\Downloads\destroy 14 _\Dest_1405_9_two.mp4,0.0,5.733;7.332;7.532;9.967;5.533;11.765;7.566;7.666;5.399;10.698;14.798;9.032;17.966;5.367;13.428;4.134;10.598;14.335;5.466;17.264;6.999;7.933;4.666,30.000;30.000;30.000;30.000;30.000;30.000;30.000;30.000;30.000;30.000;30.000;30.000;30.000;30.000;30.000;30.000;30.000;30.000;30.000;30.000;30.000;30.000;30.000,Destroy,target,,,START,185.738,C:\Users\esthe\Downloads\destroy 14 _\Dest_1405_6_seven.mp4,343,NA,
dest_1405,2025-06-26 15:24:30.572,,205.135,Media file(s),player #1:C:\Users\esthe\Downloads\destroy 14 _\commentary;C:\Users\esthe\Downloads\destroy 14 _\Dest_1405_10_three.mp4;C:\Users\esthe\Downloads\destroy 14 _\Dest_1405_11_one.mp4;C:\Users\esthe\Downloads\destroy 14 _\Dest_1405_12_two.mp4;C:\Users\esthe\Downloads\destroy 14 _\Dest_1405_13_five.mp4;C:\Users\esthe\Downloads\destroy 14 _\Dest_1405_14_onehalf.mp4;C:\Users\esthe\Downloads\destroy 14 _\Dest_1405_15_seven.mp4;C:\Users\esthe\Downloads\destroy 14 _\Dest_1405_16_three.mp4;C:\Users\esthe\Downloads\destroy 14 _\Dest_1405_17_three.mp4;C:\Users\esthe\Downloads\destroy 14 _\Dest_1405_18_two.mp4;C:\Users\esthe\Downloads\destroy 14 _\Dest_1405_19_five.mp4;C:\Users\esthe\Downloads\destroy 14 _\Dest_1405_20_one.mp4;C:\Users\esthe\Downloads\destroy 14 _\Dest_1405_21_five.mp4;C:\Users\esthe\Downloads\destroy 14 _\Dest_1405_22_seven.mp4;C:\Users\esthe\Downloads\destroy 14 _\Dest_1405_23_two.mp4;C:\Users\esthe\Downloads\destroy 14 _\Dest_1405_24_three.mp4;C:\Users\esthe\Downloads\destroy 14 _\Dest_1405_3_three.mp4;C:\Users\esthe\Downloads\destroy 14 _\Dest_1405_4_seven.mp4;C:\Users\esthe\Downloads\destroy 14 _\Dest_1405_5_five.mp4;C:\Users\esthe\Downloads\destroy 14 _\Dest_1405_6_seven.mp4;C:\Users\esthe\Downloads\destroy 14 _\Dest_1405_7_two.mp4;C:\Users\esthe\Downloads\destroy 14 _\Dest_1405_8_five.mp4;C:\Users\esthe\Downloads\destroy 14 _\Dest_1405_9_two.mp4,0.0,5.733;7.332;7.532;9.967;5.533;11.765;7.566;7.666;5.399;10.698;14.798;9.032;17.966;5.367;13.428;4.134;10.598;14.335;5.466;17.264;6.999;7.933;4.666,30.000;30.000;30.000;30.000;30.000;30.000;30.000;30.000;30.000;30.000;30.000;30.000;30.000;30.000;30.000;30.000;30.000;30.000;30.000;30.000;30.000;30.000;30.000,Destroy,target,,,STOP,187.504,C:\Users\esthe\Downloads\destroy 14 _\Dest_1405_6_seven.mp4,396,NA,
dest_1405,2025-06-26 15:24:30.572,,205.135,Media file(s),player #1:C:\Users\esthe\Downloads\destroy 14 _\commentary;C:\Users\esthe\Downloads\destroy 14 _\Dest_1405_10_three.mp4;C:\Users\esthe\Downloads\destroy 14 _\Dest_1405_11_one.mp4;C:\Users\esthe\Downloads\destroy 14 _\Dest_1405_12_two.mp4;C:\Users\esthe\Downloads\destroy 14 _\Dest_1405_13_five.mp4;C:\Users\esthe\Downloads\destroy 14 _\Dest_1405_14_onehalf.mp4;C:\Users\esthe\Downloads\destroy 14 _\Dest_1405_15_seven.mp4;C:\Users\esthe\Downloads\destroy 14 _\Dest_1405_16_three.mp4;C:\Users\esthe\Downloads\destroy 14 _\Dest_1405_17_three.mp4;C:\Users\esthe\Downloads\destroy 14 _\Dest_1405_18_two.mp4;C:\Users\esthe\Downloads\destroy 14 _\Dest_1405_19_five.mp4;C:\Users\esthe\Downloads\destroy 14 _\Dest_1405_20_one.mp4;C:\Users\esthe\Downloads\destroy 14 _\Dest_1405_21_five.mp4;C:\Users\esthe\Downloads\destroy 14 _\Dest_1405_22_seven.mp4;C:\Users\esthe\Downloads\destroy 14 _\Dest_1405_23_two.mp4;C:\Users\esthe\Downloads\destroy 14 _\Dest_1405_24_three.mp4;C:\Users\esthe\Downloads\destroy 14 _\Dest_1405_3_three.mp4;C:\Users\esthe\Downloads\destroy 14 _\Dest_1405_4_seven.mp4;C:\Users\esthe\Downloads\destroy 14 _\Dest_1405_5_five.mp4;C:\Users\esthe\Downloads\destroy 14 _\Dest_1405_6_seven.mp4;C:\Users\esthe\Downloads\destroy 14 _\Dest_1405_7_two.mp4;C:\Users\esthe\Downloads\destroy 14 _\Dest_1405_8_five.mp4;C:\Users\esthe\Downloads\destroy 14 _\Dest_1405_9_two.mp4,0.0,5.733;7.332;7.532;9.967;5.533;11.765;7.566;7.666;5.399;10.698;14.798;9.032;17.966;5.367;13.428;4.134;10.598;14.335;5.466;17.264;6.999;7.933;4.666,30.000;30.000;30.000;30.000;30.000;30.000;30.000;30.000;30.000;30.000;30.000;30.000;30.000;30.000;30.000;30.000;30.000;30.000;30.000;30.000;30.000;30.000;30.000,Destroy,assessing,,,START,187.638,C:\Users\esthe\Downloads\destroy 14 _\Dest_1405_6_seven.mp4,400,NA,
dest_1405,2025-06-26 15:24:30.572,,205.135,Media file(s),player #1:C:\Users\esthe\Downloads\destroy 14 _\commentary;C:\Users\esthe\Downloads\destroy 14 _\Dest_1405_10_three.mp4;C:\Users\esthe\Downloads\destroy 14 _\Dest_1405_11_one.mp4;C:\Users\esthe\Downloads\destroy 14 _\Dest_1405_12_two.mp4;C:\Users\esthe\Downloads\destroy 14 _\Dest_1405_13_five.mp4;C:\Users\esthe\Downloads\destroy 14 _\Dest_1405_14_onehalf.mp4;C:\Users\esthe\Downloads\destroy 14 _\Dest_1405_15_seven.mp4;C:\Users\esthe\Downloads\destroy 14 _\Dest_1405_16_three.mp4;C:\Users\esthe\Downloads\destroy 14 _\Dest_1405_17_three.mp4;C:\Users\esthe\Downloads\destroy 14 _\Dest_1405_18_two.mp4;C:\Users\esthe\Downloads\destroy 14 _\Dest_1405_19_five.mp4;C:\Users\esthe\Downloads\destroy 14 _\Dest_1405_20_one.mp4;C:\Users\esthe\Downloads\destroy 14 _\Dest_1405_21_five.mp4;C:\Users\esthe\Downloads\destroy 14 _\Dest_1405_22_seven.mp4;C:\Users\esthe\Downloads\destroy 14 _\Dest_1405_23_two.mp4;C:\Users\esthe\Downloads\destroy 14 _\Dest_1405_24_three.mp4;C:\Users\esthe\Downloads\destroy 14 _\Dest_1405_3_three.mp4;C:\Users\esthe\Downloads\destroy 14 _\Dest_1405_4_seven.mp4;C:\Users\esthe\Downloads\destroy 14 _\Dest_1405_5_five.mp4;C:\Users\esthe\Downloads\destroy 14 _\Dest_1405_6_seven.mp4;C:\Users\esthe\Downloads\destroy 14 _\Dest_1405_7_two.mp4;C:\Users\esthe\Downloads\destroy 14 _\Dest_1405_8_five.mp4;C:\Users\esthe\Downloads\destroy 14 _\Dest_1405_9_two.mp4,0.0,5.733;7.332;7.532;9.967;5.533;11.765;7.566;7.666;5.399;10.698;14.798;9.032;17.966;5.367;13.428;4.134;10.598;14.335;5.466;17.264;6.999;7.933;4.666,30.000;30.000;30.000;30.000;30.000;30.000;30.000;30.000;30.000;30.000;30.000;30.000;30.000;30.000;30.000;30.000;30.000;30.000;30.000;30.000;30.000;30.000;30.000,Destroy,jaw movement,,,POINT,187.771,C:\Users\esthe\Downloads\destroy 14 _\Dest_1405_6_seven.mp4,404,NA,
dest_1405,2025-06-26 15:24:30.572,,205.135,Media file(s),player #1:C:\Users\esthe\Downloads\destroy 14 _\commentary;C:\Users\esthe\Downloads\destroy 14 _\Dest_1405_10_three.mp4;C:\Users\esthe\Downloads\destroy 14 _\Dest_1405_11_one.mp4;C:\Users\esthe\Downloads\destroy 14 _\Dest_1405_12_two.mp4;C:\Users\esthe\Downloads\destroy 14 _\Dest_1405_13_five.mp4;C:\Users\esthe\Downloads\destroy 14 _\Dest_1405_14_onehalf.mp4;C:\Users\esthe\Downloads\destroy 14 _\Dest_1405_15_seven.mp4;C:\Users\esthe\Downloads\destroy 14 _\Dest_1405_16_three.mp4;C:\Users\esthe\Downloads\destroy 14 _\Dest_1405_17_three.mp4;C:\Users\esthe\Downloads\destroy 14 _\Dest_1405_18_two.mp4;C:\Users\esthe\Downloads\destroy 14 _\Dest_1405_19_five.mp4;C:\Users\esthe\Downloads\destroy 14 _\Dest_1405_20_one.mp4;C:\Users\esthe\Downloads\destroy 14 _\Dest_1405_21_five.mp4;C:\Users\esthe\Downloads\destroy 14 _\Dest_1405_22_seven.mp4;C:\Users\esthe\Downloads\destroy 14 _\Dest_1405_23_two.mp4;C:\Users\esthe\Downloads\destroy 14 _\Dest_1405_24_three.mp4;C:\Users\esthe\Downloads\destroy 14 _\Dest_1405_3_three.mp4;C:\Users\esthe\Downloads\destroy 14 _\Dest_1405_4_seven.mp4;C:\Users\esthe\Downloads\destroy 14 _\Dest_1405_5_five.mp4;C:\Users\esthe\Downloads\destroy 14 _\Dest_1405_6_seven.mp4;C:\Users\esthe\Downloads\destroy 14 _\Dest_1405_7_two.mp4;C:\Users\esthe\Downloads\destroy 14 _\Dest_1405_8_five.mp4;C:\Users\esthe\Downloads\destroy 14 _\Dest_1405_9_two.mp4,0.0,5.733;7.332;7.532;9.967;5.533;11.765;7.566;7.666;5.399;10.698;14.798;9.032;17.966;5.367;13.428;4.134;10.598;14.335;5.466;17.264;6.999;7.933;4.666,30.000;30.000;30.000;30.000;30.000;30.000;30.000;30.000;30.000;30.000;30.000;30.000;30.000;30.000;30.000;30.000;30.000;30.000;30.000;30.000;30.000;30.000;30.000,Destroy,ear clapping,,,POINT,188.271,C:\Users\esthe\Downloads\destroy 14 _\Dest_1405_6_seven.mp4,419,NA,
dest_1405,2025-06-26 15:24:30.572,,205.135,Media file(s),player #1:C:\Users\esthe\Downloads\destroy 14 _\commentary;C:\Users\esthe\Downloads\destroy 14 _\Dest_1405_10_three.mp4;C:\Users\esthe\Downloads\destroy 14 _\Dest_1405_11_one.mp4;C:\Users\esthe\Downloads\destroy 14 _\Dest_1405_12_two.mp4;C:\Users\esthe\Downloads\destroy 14 _\Dest_1405_13_five.mp4;C:\Users\esthe\Downloads\destroy 14 _\Dest_1405_14_onehalf.mp4;C:\Users\esthe\Downloads\destroy 14 _\Dest_1405_15_seven.mp4;C:\Users\esthe\Downloads\destroy 14 _\Dest_1405_16_three.mp4;C:\Users\esthe\Downloads\destroy 14 _\Dest_1405_17_three.mp4;C:\Users\esthe\Downloads\destroy 14 _\Dest_1405_18_two.mp4;C:\Users\esthe\Downloads\destroy 14 _\Dest_1405_19_five.mp4;C:\Users\esthe\Downloads\destroy 14 _\Dest_1405_20_one.mp4;C:\Users\esthe\Downloads\destroy 14 _\Dest_1405_21_five.mp4;C:\Users\esthe\Downloads\destroy 14 _\Dest_1405_22_seven.mp4;C:\Users\esthe\Downloads\destroy 14 _\Dest_1405_23_two.mp4;C:\Users\esthe\Downloads\destroy 14 _\Dest_1405_24_three.mp4;C:\Users\esthe\Downloads\destroy 14 _\Dest_1405_3_three.mp4;C:\Users\esthe\Downloads\destroy 14 _\Dest_1405_4_seven.mp4;C:\Users\esthe\Downloads\destroy 14 _\Dest_1405_5_five.mp4;C:\Users\esthe\Downloads\destroy 14 _\Dest_1405_6_seven.mp4;C:\Users\esthe\Downloads\destroy 14 _\Dest_1405_7_two.mp4;C:\Users\esthe\Downloads\destroy 14 _\Dest_1405_8_five.mp4;C:\Users\esthe\Downloads\destroy 14 _\Dest_1405_9_two.mp4,0.0,5.733;7.332;7.532;9.967;5.533;11.765;7.566;7.666;5.399;10.698;14.798;9.032;17.966;5.367;13.428;4.134;10.598;14.335;5.466;17.264;6.999;7.933;4.666,30.000;30.000;30.000;30.000;30.000;30.000;30.000;30.000;30.000;30.000;30.000;30.000;30.000;30.000;30.000;30.000;30.000;30.000;30.000;30.000;30.000;30.000;30.000,Destroy,ear clapping,,,POINT,188.404,C:\Users\esthe\Downloads\destroy 14 _\Dest_1405_6_seven.mp4,423,NA,
dest_1405,2025-06-26 15:24:30.572,,205.135,Media file(s),player #1:C:\Users\esthe\Downloads\destroy 14 _\commentary;C:\Users\esthe\Downloads\destroy 14 _\Dest_1405_10_three.mp4;C:\Users\esthe\Downloads\destroy 14 _\Dest_1405_11_one.mp4;C:\Users\esthe\Downloads\destroy 14 _\Dest_1405_12_two.mp4;C:\Users\esthe\Downloads\destroy 14 _\Dest_1405_13_five.mp4;C:\Users\esthe\Downloads\destroy 14 _\Dest_1405_14_onehalf.mp4;C:\Users\esthe\Downloads\destroy 14 _\Dest_1405_15_seven.mp4;C:\Users\esthe\Downloads\destroy 14 _\Dest_1405_16_three.mp4;C:\Users\esthe\Downloads\destroy 14 _\Dest_1405_17_three.mp4;C:\Users\esthe\Downloads\destroy 14 _\Dest_1405_18_two.mp4;C:\Users\esthe\Downloads\destroy 14 _\Dest_1405_19_five.mp4;C:\Users\esthe\Downloads\destroy 14 _\Dest_1405_20_one.mp4;C:\Users\esthe\Downloads\destroy 14 _\Dest_1405_21_five.mp4;C:\Users\esthe\Downloads\destroy 14 _\Dest_1405_22_seven.mp4;C:\Users\esthe\Downloads\destroy 14 _\Dest_1405_23_two.mp4;C:\Users\esthe\Downloads\destroy 14 _\Dest_1405_24_three.mp4;C:\Users\esthe\Downloads\destroy 14 _\Dest_1405_3_three.mp4;C:\Users\esthe\Downloads\destroy 14 _\Dest_1405_4_seven.mp4;C:\Users\esthe\Downloads\destroy 14 _\Dest_1405_5_five.mp4;C:\Users\esthe\Downloads\destroy 14 _\Dest_1405_6_seven.mp4;C:\Users\esthe\Downloads\destroy 14 _\Dest_1405_7_two.mp4;C:\Users\esthe\Downloads\destroy 14 _\Dest_1405_8_five.mp4;C:\Users\esthe\Downloads\destroy 14 _\Dest_1405_9_two.mp4,0.0,5.733;7.332;7.532;9.967;5.533;11.765;7.566;7.666;5.399;10.698;14.798;9.032;17.966;5.367;13.428;4.134;10.598;14.335;5.466;17.264;6.999;7.933;4.666,30.000;30.000;30.000;30.000;30.000;30.000;30.000;30.000;30.000;30.000;30.000;30.000;30.000;30.000;30.000;30.000;30.000;30.000;30.000;30.000;30.000;30.000;30.000,Destroy,jaw movement,,,POINT,188.404,C:\Users\esthe\Downloads\destroy 14 _\Dest_1405_6_seven.mp4,423,NA,
dest_1405,2025-06-26 15:24:30.572,,205.135,Media file(s),player #1:C:\Users\esthe\Downloads\destroy 14 _\commentary;C:\Users\esthe\Downloads\destroy 14 _\Dest_1405_10_three.mp4;C:\Users\esthe\Downloads\destroy 14 _\Dest_1405_11_one.mp4;C:\Users\esthe\Downloads\destroy 14 _\Dest_1405_12_two.mp4;C:\Users\esthe\Downloads\destroy 14 _\Dest_1405_13_five.mp4;C:\Users\esthe\Downloads\destroy 14 _\Dest_1405_14_onehalf.mp4;C:\Users\esthe\Downloads\destroy 14 _\Dest_1405_15_seven.mp4;C:\Users\esthe\Downloads\destroy 14 _\Dest_1405_16_three.mp4;C:\Users\esthe\Downloads\destroy 14 _\Dest_1405_17_three.mp4;C:\Users\esthe\Downloads\destroy 14 _\Dest_1405_18_two.mp4;C:\Users\esthe\Downloads\destroy 14 _\Dest_1405_19_five.mp4;C:\Users\esthe\Downloads\destroy 14 _\Dest_1405_20_one.mp4;C:\Users\esthe\Downloads\destroy 14 _\Dest_1405_21_five.mp4;C:\Users\esthe\Downloads\destroy 14 _\Dest_1405_22_seven.mp4;C:\Users\esthe\Downloads\destroy 14 _\Dest_1405_23_two.mp4;C:\Users\esthe\Downloads\destroy 14 _\Dest_1405_24_three.mp4;C:\Users\esthe\Downloads\destroy 14 _\Dest_1405_3_three.mp4;C:\Users\esthe\Downloads\destroy 14 _\Dest_1405_4_seven.mp4;C:\Users\esthe\Downloads\destroy 14 _\Dest_1405_5_five.mp4;C:\Users\esthe\Downloads\destroy 14 _\Dest_1405_6_seven.mp4;C:\Users\esthe\Downloads\destroy 14 _\Dest_1405_7_two.mp4;C:\Users\esthe\Downloads\destroy 14 _\Dest_1405_8_five.mp4;C:\Users\esthe\Downloads\destroy 14 _\Dest_1405_9_two.mp4,0.0,5.733;7.332;7.532;9.967;5.533;11.765;7.566;7.666;5.399;10.698;14.798;9.032;17.966;5.367;13.428;4.134;10.598;14.335;5.466;17.264;6.999;7.933;4.666,30.000;30.000;30.000;30.000;30.000;30.000;30.000;30.000;30.000;30.000;30.000;30.000;30.000;30.000;30.000;30.000;30.000;30.000;30.000;30.000;30.000;30.000;30.000,Destroy,jaw movement,,,POINT,188.737,C:\Users\esthe\Downloads\destroy 14 _\Dest_1405_6_seven.mp4,433,NA,
dest_1405,2025-06-26 15:24:30.572,,205.135,Media file(s),player #1:C:\Users\esthe\Downloads\destroy 14 _\commentary;C:\Users\esthe\Downloads\destroy 14 _\Dest_1405_10_three.mp4;C:\Users\esthe\Downloads\destroy 14 _\Dest_1405_11_one.mp4;C:\Users\esthe\Downloads\destroy 14 _\Dest_1405_12_two.mp4;C:\Users\esthe\Downloads\destroy 14 _\Dest_1405_13_five.mp4;C:\Users\esthe\Downloads\destroy 14 _\Dest_1405_14_onehalf.mp4;C:\Users\esthe\Downloads\destroy 14 _\Dest_1405_15_seven.mp4;C:\Users\esthe\Downloads\destroy 14 _\Dest_1405_16_three.mp4;C:\Users\esthe\Downloads\destroy 14 _\Dest_1405_17_three.mp4;C:\Users\esthe\Downloads\destroy 14 _\Dest_1405_18_two.mp4;C:\Users\esthe\Downloads\destroy 14 _\Dest_1405_19_five.mp4;C:\Users\esthe\Downloads\destroy 14 _\Dest_1405_20_one.mp4;C:\Users\esthe\Downloads\destroy 14 _\Dest_1405_21_five.mp4;C:\Users\esthe\Downloads\destroy 14 _\Dest_1405_22_seven.mp4;C:\Users\esthe\Downloads\destroy 14 _\Dest_1405_23_two.mp4;C:\Users\esthe\Downloads\destroy 14 _\Dest_1405_24_three.mp4;C:\Users\esthe\Downloads\destroy 14 _\Dest_1405_3_three.mp4;C:\Users\esthe\Downloads\destroy 14 _\Dest_1405_4_seven.mp4;C:\Users\esthe\Downloads\destroy 14 _\Dest_1405_5_five.mp4;C:\Users\esthe\Downloads\destroy 14 _\Dest_1405_6_seven.mp4;C:\Users\esthe\Downloads\destroy 14 _\Dest_1405_7_two.mp4;C:\Users\esthe\Downloads\destroy 14 _\Dest_1405_8_five.mp4;C:\Users\esthe\Downloads\destroy 14 _\Dest_1405_9_two.mp4,0.0,5.733;7.332;7.532;9.967;5.533;11.765;7.566;7.666;5.399;10.698;14.798;9.032;17.966;5.367;13.428;4.134;10.598;14.335;5.466;17.264;6.999;7.933;4.666,30.000;30.000;30.000;30.000;30.000;30.000;30.000;30.000;30.000;30.000;30.000;30.000;30.000;30.000;30.000;30.000;30.000;30.000;30.000;30.000;30.000;30.000;30.000,Destroy,assessing,,,STOP,188.771,C:\Users\esthe\Downloads\destroy 14 _\Dest_1405_6_seven.mp4,434,NA,
dest_1405,2025-06-26 15:24:30.572,,205.135,Media file(s),player #1:C:\Users\esthe\Downloads\destroy 14 _\commentary;C:\Users\esthe\Downloads\destroy 14 _\Dest_1405_10_three.mp4;C:\Users\esthe\Downloads\destroy 14 _\Dest_1405_11_one.mp4;C:\Users\esthe\Downloads\destroy 14 _\Dest_1405_12_two.mp4;C:\Users\esthe\Downloads\destroy 14 _\Dest_1405_13_five.mp4;C:\Users\esthe\Downloads\destroy 14 _\Dest_1405_14_onehalf.mp4;C:\Users\esthe\Downloads\destroy 14 _\Dest_1405_15_seven.mp4;C:\Users\esthe\Downloads\destroy 14 _\Dest_1405_16_three.mp4;C:\Users\esthe\Downloads\destroy 14 _\Dest_1405_17_three.mp4;C:\Users\esthe\Downloads\destroy 14 _\Dest_1405_18_two.mp4;C:\Users\esthe\Downloads\destroy 14 _\Dest_1405_19_five.mp4;C:\Users\esthe\Downloads\destroy 14 _\Dest_1405_20_one.mp4;C:\Users\esthe\Downloads\destroy 14 _\Dest_1405_21_five.mp4;C:\Users\esthe\Downloads\destroy 14 _\Dest_1405_22_seven.mp4;C:\Users\esthe\Downloads\destroy 14 _\Dest_1405_23_two.mp4;C:\Users\esthe\Downloads\destroy 14 _\Dest_1405_24_three.mp4;C:\Users\esthe\Downloads\destroy 14 _\Dest_1405_3_three.mp4;C:\Users\esthe\Downloads\destroy 14 _\Dest_1405_4_seven.mp4;C:\Users\esthe\Downloads\destroy 14 _\Dest_1405_5_five.mp4;C:\Users\esthe\Downloads\destroy 14 _\Dest_1405_6_seven.mp4;C:\Users\esthe\Downloads\destroy 14 _\Dest_1405_7_two.mp4;C:\Users\esthe\Downloads\destroy 14 _\Dest_1405_8_five.mp4;C:\Users\esthe\Downloads\destroy 14 _\Dest_1405_9_two.mp4,0.0,5.733;7.332;7.532;9.967;5.533;11.765;7.566;7.666;5.399;10.698;14.798;9.032;17.966;5.367;13.428;4.134;10.598;14.335;5.466;17.264;6.999;7.933;4.666,30.000;30.000;30.000;30.000;30.000;30.000;30.000;30.000;30.000;30.000;30.000;30.000;30.000;30.000;30.000;30.000;30.000;30.000;30.000;30.000;30.000;30.000;30.000,Destroy,jaw movement,,,POINT,188.804,C:\Users\esthe\Downloads\destroy 14 _\Dest_1405_6_seven.mp4,435,NA,
dest_1405,2025-06-26 15:24:30.572,,205.135,Media file(s),player #1:C:\Users\esthe\Downloads\destroy 14 _\commentary;C:\Users\esthe\Downloads\destroy 14 _\Dest_1405_10_three.mp4;C:\Users\esthe\Downloads\destroy 14 _\Dest_1405_11_one.mp4;C:\Users\esthe\Downloads\destroy 14 _\Dest_1405_12_two.mp4;C:\Users\esthe\Downloads\destroy 14 _\Dest_1405_13_five.mp4;C:\Users\esthe\Downloads\destroy 14 _\Dest_1405_14_onehalf.mp4;C:\Users\esthe\Downloads\destroy 14 _\Dest_1405_15_seven.mp4;C:\Users\esthe\Downloads\destroy 14 _\Dest_1405_16_three.mp4;C:\Users\esthe\Downloads\destroy 14 _\Dest_1405_17_three.mp4;C:\Users\esthe\Downloads\destroy 14 _\Dest_1405_18_two.mp4;C:\Users\esthe\Downloads\destroy 14 _\Dest_1405_19_five.mp4;C:\Users\esthe\Downloads\destroy 14 _\Dest_1405_20_one.mp4;C:\Users\esthe\Downloads\destroy 14 _\Dest_1405_21_five.mp4;C:\Users\esthe\Downloads\destroy 14 _\Dest_1405_22_seven.mp4;C:\Users\esthe\Downloads\destroy 14 _\Dest_1405_23_two.mp4;C:\Users\esthe\Downloads\destroy 14 _\Dest_1405_24_three.mp4;C:\Users\esthe\Downloads\destroy 14 _\Dest_1405_3_three.mp4;C:\Users\esthe\Downloads\destroy 14 _\Dest_1405_4_seven.mp4;C:\Users\esthe\Downloads\destroy 14 _\Dest_1405_5_five.mp4;C:\Users\esthe\Downloads\destroy 14 _\Dest_1405_6_seven.mp4;C:\Users\esthe\Downloads\destroy 14 _\Dest_1405_7_two.mp4;C:\Users\esthe\Downloads\destroy 14 _\Dest_1405_8_five.mp4;C:\Users\esthe\Downloads\destroy 14 _\Dest_1405_9_two.mp4,0.0,5.733;7.332;7.532;9.967;5.533;11.765;7.566;7.666;5.399;10.698;14.798;9.032;17.966;5.367;13.428;4.134;10.598;14.335;5.466;17.264;6.999;7.933;4.666,30.000;30.000;30.000;30.000;30.000;30.000;30.000;30.000;30.000;30.000;30.000;30.000;30.000;30.000;30.000;30.000;30.000;30.000;30.000;30.000;30.000;30.000;30.000,Destroy,peeling,,,START,188.804,C:\Users\esthe\Downloads\destroy 14 _\Dest_1405_6_seven.mp4,435,NA,
dest_1405,2025-06-26 15:24:30.572,,205.135,Media file(s),player #1:C:\Users\esthe\Downloads\destroy 14 _\commentary;C:\Users\esthe\Downloads\destroy 14 _\Dest_1405_10_three.mp4;C:\Users\esthe\Downloads\destroy 14 _\Dest_1405_11_one.mp4;C:\Users\esthe\Downloads\destroy 14 _\Dest_1405_12_two.mp4;C:\Users\esthe\Downloads\destroy 14 _\Dest_1405_13_five.mp4;C:\Users\esthe\Downloads\destroy 14 _\Dest_1405_14_onehalf.mp4;C:\Users\esthe\Downloads\destroy 14 _\Dest_1405_15_seven.mp4;C:\Users\esthe\Downloads\destroy 14 _\Dest_1405_16_three.mp4;C:\Users\esthe\Downloads\destroy 14 _\Dest_1405_17_three.mp4;C:\Users\esthe\Downloads\destroy 14 _\Dest_1405_18_two.mp4;C:\Users\esthe\Downloads\destroy 14 _\Dest_1405_19_five.mp4;C:\Users\esthe\Downloads\destroy 14 _\Dest_1405_20_one.mp4;C:\Users\esthe\Downloads\destroy 14 _\Dest_1405_21_five.mp4;C:\Users\esthe\Downloads\destroy 14 _\Dest_1405_22_seven.mp4;C:\Users\esthe\Downloads\destroy 14 _\Dest_1405_23_two.mp4;C:\Users\esthe\Downloads\destroy 14 _\Dest_1405_24_three.mp4;C:\Users\esthe\Downloads\destroy 14 _\Dest_1405_3_three.mp4;C:\Users\esthe\Downloads\destroy 14 _\Dest_1405_4_seven.mp4;C:\Users\esthe\Downloads\destroy 14 _\Dest_1405_5_five.mp4;C:\Users\esthe\Downloads\destroy 14 _\Dest_1405_6_seven.mp4;C:\Users\esthe\Downloads\destroy 14 _\Dest_1405_7_two.mp4;C:\Users\esthe\Downloads\destroy 14 _\Dest_1405_8_five.mp4;C:\Users\esthe\Downloads\destroy 14 _\Dest_1405_9_two.mp4,0.0,5.733;7.332;7.532;9.967;5.533;11.765;7.566;7.666;5.399;10.698;14.798;9.032;17.966;5.367;13.428;4.134;10.598;14.335;5.466;17.264;6.999;7.933;4.666,30.000;30.000;30.000;30.000;30.000;30.000;30.000;30.000;30.000;30.000;30.000;30.000;30.000;30.000;30.000;30.000;30.000;30.000;30.000;30.000;30.000;30.000;30.000,Destroy,jaw movement,,,POINT,189.004,C:\Users\esthe\Downloads\destroy 14 _\Dest_1405_6_seven.mp4,441,NA,
dest_1405,2025-06-26 15:24:30.572,,205.135,Media file(s),player #1:C:\Users\esthe\Downloads\destroy 14 _\commentary;C:\Users\esthe\Downloads\destroy 14 _\Dest_1405_10_three.mp4;C:\Users\esthe\Downloads\destroy 14 _\Dest_1405_11_one.mp4;C:\Users\esthe\Downloads\destroy 14 _\Dest_1405_12_two.mp4;C:\Users\esthe\Downloads\destroy 14 _\Dest_1405_13_five.mp4;C:\Users\esthe\Downloads\destroy 14 _\Dest_1405_14_onehalf.mp4;C:\Users\esthe\Downloads\destroy 14 _\Dest_1405_15_seven.mp4;C:\Users\esthe\Downloads\destroy 14 _\Dest_1405_16_three.mp4;C:\Users\esthe\Downloads\destroy 14 _\Dest_1405_17_three.mp4;C:\Users\esthe\Downloads\destroy 14 _\Dest_1405_18_two.mp4;C:\Users\esthe\Downloads\destroy 14 _\Dest_1405_19_five.mp4;C:\Users\esthe\Downloads\destroy 14 _\Dest_1405_20_one.mp4;C:\Users\esthe\Downloads\destroy 14 _\Dest_1405_21_five.mp4;C:\Users\esthe\Downloads\destroy 14 _\Dest_1405_22_seven.mp4;C:\Users\esthe\Downloads\destroy 14 _\Dest_1405_23_two.mp4;C:\Users\esthe\Downloads\destroy 14 _\Dest_1405_24_three.mp4;C:\Users\esthe\Downloads\destroy 14 _\Dest_1405_3_three.mp4;C:\Users\esthe\Downloads\destroy 14 _\Dest_1405_4_seven.mp4;C:\Users\esthe\Downloads\destroy 14 _\Dest_1405_5_five.mp4;C:\Users\esthe\Downloads\destroy 14 _\Dest_1405_6_seven.mp4;C:\Users\esthe\Downloads\destroy 14 _\Dest_1405_7_two.mp4;C:\Users\esthe\Downloads\destroy 14 _\Dest_1405_8_five.mp4;C:\Users\esthe\Downloads\destroy 14 _\Dest_1405_9_two.mp4,0.0,5.733;7.332;7.532;9.967;5.533;11.765;7.566;7.666;5.399;10.698;14.798;9.032;17.966;5.367;13.428;4.134;10.598;14.335;5.466;17.264;6.999;7.933;4.666,30.000;30.000;30.000;30.000;30.000;30.000;30.000;30.000;30.000;30.000;30.000;30.000;30.000;30.000;30.000;30.000;30.000;30.000;30.000;30.000;30.000;30.000;30.000,Destroy,jaw movement,,,POINT,189.504,C:\Users\esthe\Downloads\destroy 14 _\Dest_1405_6_seven.mp4,456,NA,
dest_1405,2025-06-26 15:24:30.572,,205.135,Media file(s),player #1:C:\Users\esthe\Downloads\destroy 14 _\commentary;C:\Users\esthe\Downloads\destroy 14 _\Dest_1405_10_three.mp4;C:\Users\esthe\Downloads\destroy 14 _\Dest_1405_11_one.mp4;C:\Users\esthe\Downloads\destroy 14 _\Dest_1405_12_two.mp4;C:\Users\esthe\Downloads\destroy 14 _\Dest_1405_13_five.mp4;C:\Users\esthe\Downloads\destroy 14 _\Dest_1405_14_onehalf.mp4;C:\Users\esthe\Downloads\destroy 14 _\Dest_1405_15_seven.mp4;C:\Users\esthe\Downloads\destroy 14 _\Dest_1405_16_three.mp4;C:\Users\esthe\Downloads\destroy 14 _\Dest_1405_17_three.mp4;C:\Users\esthe\Downloads\destroy 14 _\Dest_1405_18_two.mp4;C:\Users\esthe\Downloads\destroy 14 _\Dest_1405_19_five.mp4;C:\Users\esthe\Downloads\destroy 14 _\Dest_1405_20_one.mp4;C:\Users\esthe\Downloads\destroy 14 _\Dest_1405_21_five.mp4;C:\Users\esthe\Downloads\destroy 14 _\Dest_1405_22_seven.mp4;C:\Users\esthe\Downloads\destroy 14 _\Dest_1405_23_two.mp4;C:\Users\esthe\Downloads\destroy 14 _\Dest_1405_24_three.mp4;C:\Users\esthe\Downloads\destroy 14 _\Dest_1405_3_three.mp4;C:\Users\esthe\Downloads\destroy 14 _\Dest_1405_4_seven.mp4;C:\Users\esthe\Downloads\destroy 14 _\Dest_1405_5_five.mp4;C:\Users\esthe\Downloads\destroy 14 _\Dest_1405_6_seven.mp4;C:\Users\esthe\Downloads\destroy 14 _\Dest_1405_7_two.mp4;C:\Users\esthe\Downloads\destroy 14 _\Dest_1405_8_five.mp4;C:\Users\esthe\Downloads\destroy 14 _\Dest_1405_9_two.mp4,0.0,5.733;7.332;7.532;9.967;5.533;11.765;7.566;7.666;5.399;10.698;14.798;9.032;17.966;5.367;13.428;4.134;10.598;14.335;5.466;17.264;6.999;7.933;4.666,30.000;30.000;30.000;30.000;30.000;30.000;30.000;30.000;30.000;30.000;30.000;30.000;30.000;30.000;30.000;30.000;30.000;30.000;30.000;30.000;30.000;30.000;30.000,Destroy,jaw movement,,,POINT,189.737,C:\Users\esthe\Downloads\destroy 14 _\Dest_1405_6_seven.mp4,463,NA,
dest_1405,2025-06-26 15:24:30.572,,205.135,Media file(s),player #1:C:\Users\esthe\Downloads\destroy 14 _\commentary;C:\Users\esthe\Downloads\destroy 14 _\Dest_1405_10_three.mp4;C:\Users\esthe\Downloads\destroy 14 _\Dest_1405_11_one.mp4;C:\Users\esthe\Downloads\destroy 14 _\Dest_1405_12_two.mp4;C:\Users\esthe\Downloads\destroy 14 _\Dest_1405_13_five.mp4;C:\Users\esthe\Downloads\destroy 14 _\Dest_1405_14_onehalf.mp4;C:\Users\esthe\Downloads\destroy 14 _\Dest_1405_15_seven.mp4;C:\Users\esthe\Downloads\destroy 14 _\Dest_1405_16_three.mp4;C:\Users\esthe\Downloads\destroy 14 _\Dest_1405_17_three.mp4;C:\Users\esthe\Downloads\destroy 14 _\Dest_1405_18_two.mp4;C:\Users\esthe\Downloads\destroy 14 _\Dest_1405_19_five.mp4;C:\Users\esthe\Downloads\destroy 14 _\Dest_1405_20_one.mp4;C:\Users\esthe\Downloads\destroy 14 _\Dest_1405_21_five.mp4;C:\Users\esthe\Downloads\destroy 14 _\Dest_1405_22_seven.mp4;C:\Users\esthe\Downloads\destroy 14 _\Dest_1405_23_two.mp4;C:\Users\esthe\Downloads\destroy 14 _\Dest_1405_24_three.mp4;C:\Users\esthe\Downloads\destroy 14 _\Dest_1405_3_three.mp4;C:\Users\esthe\Downloads\destroy 14 _\Dest_1405_4_seven.mp4;C:\Users\esthe\Downloads\destroy 14 _\Dest_1405_5_five.mp4;C:\Users\esthe\Downloads\destroy 14 _\Dest_1405_6_seven.mp4;C:\Users\esthe\Downloads\destroy 14 _\Dest_1405_7_two.mp4;C:\Users\esthe\Downloads\destroy 14 _\Dest_1405_8_five.mp4;C:\Users\esthe\Downloads\destroy 14 _\Dest_1405_9_two.mp4,0.0,5.733;7.332;7.532;9.967;5.533;11.765;7.566;7.666;5.399;10.698;14.798;9.032;17.966;5.367;13.428;4.134;10.598;14.335;5.466;17.264;6.999;7.933;4.666,30.000;30.000;30.000;30.000;30.000;30.000;30.000;30.000;30.000;30.000;30.000;30.000;30.000;30.000;30.000;30.000;30.000;30.000;30.000;30.000;30.000;30.000;30.000,Destroy,jaw movement,,,POINT,189.904,C:\Users\esthe\Downloads\destroy 14 _\Dest_1405_6_seven.mp4,468,NA,
dest_1405,2025-06-26 15:24:30.572,,205.135,Media file(s),player #1:C:\Users\esthe\Downloads\destroy 14 _\commentary;C:\Users\esthe\Downloads\destroy 14 _\Dest_1405_10_three.mp4;C:\Users\esthe\Downloads\destroy 14 _\Dest_1405_11_one.mp4;C:\Users\esthe\Downloads\destroy 14 _\Dest_1405_12_two.mp4;C:\Users\esthe\Downloads\destroy 14 _\Dest_1405_13_five.mp4;C:\Users\esthe\Downloads\destroy 14 _\Dest_1405_14_onehalf.mp4;C:\Users\esthe\Downloads\destroy 14 _\Dest_1405_15_seven.mp4;C:\Users\esthe\Downloads\destroy 14 _\Dest_1405_16_three.mp4;C:\Users\esthe\Downloads\destroy 14 _\Dest_1405_17_three.mp4;C:\Users\esthe\Downloads\destroy 14 _\Dest_1405_18_two.mp4;C:\Users\esthe\Downloads\destroy 14 _\Dest_1405_19_five.mp4;C:\Users\esthe\Downloads\destroy 14 _\Dest_1405_20_one.mp4;C:\Users\esthe\Downloads\destroy 14 _\Dest_1405_21_five.mp4;C:\Users\esthe\Downloads\destroy 14 _\Dest_1405_22_seven.mp4;C:\Users\esthe\Downloads\destroy 14 _\Dest_1405_23_two.mp4;C:\Users\esthe\Downloads\destroy 14 _\Dest_1405_24_three.mp4;C:\Users\esthe\Downloads\destroy 14 _\Dest_1405_3_three.mp4;C:\Users\esthe\Downloads\destroy 14 _\Dest_1405_4_seven.mp4;C:\Users\esthe\Downloads\destroy 14 _\Dest_1405_5_five.mp4;C:\Users\esthe\Downloads\destroy 14 _\Dest_1405_6_seven.mp4;C:\Users\esthe\Downloads\destroy 14 _\Dest_1405_7_two.mp4;C:\Users\esthe\Downloads\destroy 14 _\Dest_1405_8_five.mp4;C:\Users\esthe\Downloads\destroy 14 _\Dest_1405_9_two.mp4,0.0,5.733;7.332;7.532;9.967;5.533;11.765;7.566;7.666;5.399;10.698;14.798;9.032;17.966;5.367;13.428;4.134;10.598;14.335;5.466;17.264;6.999;7.933;4.666,30.000;30.000;30.000;30.000;30.000;30.000;30.000;30.000;30.000;30.000;30.000;30.000;30.000;30.000;30.000;30.000;30.000;30.000;30.000;30.000;30.000;30.000;30.000,Destroy,jaw movement,,,POINT,190.270,C:\Users\esthe\Downloads\destroy 14 _\Dest_1405_6_seven.mp4,479,NA,
dest_1405,2025-06-26 15:24:30.572,,205.135,Media file(s),player #1:C:\Users\esthe\Downloads\destroy 14 _\commentary;C:\Users\esthe\Downloads\destroy 14 _\Dest_1405_10_three.mp4;C:\Users\esthe\Downloads\destroy 14 _\Dest_1405_11_one.mp4;C:\Users\esthe\Downloads\destroy 14 _\Dest_1405_12_two.mp4;C:\Users\esthe\Downloads\destroy 14 _\Dest_1405_13_five.mp4;C:\Users\esthe\Downloads\destroy 14 _\Dest_1405_14_onehalf.mp4;C:\Users\esthe\Downloads\destroy 14 _\Dest_1405_15_seven.mp4;C:\Users\esthe\Downloads\destroy 14 _\Dest_1405_16_three.mp4;C:\Users\esthe\Downloads\destroy 14 _\Dest_1405_17_three.mp4;C:\Users\esthe\Downloads\destroy 14 _\Dest_1405_18_two.mp4;C:\Users\esthe\Downloads\destroy 14 _\Dest_1405_19_five.mp4;C:\Users\esthe\Downloads\destroy 14 _\Dest_1405_20_one.mp4;C:\Users\esthe\Downloads\destroy 14 _\Dest_1405_21_five.mp4;C:\Users\esthe\Downloads\destroy 14 _\Dest_1405_22_seven.mp4;C:\Users\esthe\Downloads\destroy 14 _\Dest_1405_23_two.mp4;C:\Users\esthe\Downloads\destroy 14 _\Dest_1405_24_three.mp4;C:\Users\esthe\Downloads\destroy 14 _\Dest_1405_3_three.mp4;C:\Users\esthe\Downloads\destroy 14 _\Dest_1405_4_seven.mp4;C:\Users\esthe\Downloads\destroy 14 _\Dest_1405_5_five.mp4;C:\Users\esthe\Downloads\destroy 14 _\Dest_1405_6_seven.mp4;C:\Users\esthe\Downloads\destroy 14 _\Dest_1405_7_two.mp4;C:\Users\esthe\Downloads\destroy 14 _\Dest_1405_8_five.mp4;C:\Users\esthe\Downloads\destroy 14 _\Dest_1405_9_two.mp4,0.0,5.733;7.332;7.532;9.967;5.533;11.765;7.566;7.666;5.399;10.698;14.798;9.032;17.966;5.367;13.428;4.134;10.598;14.335;5.466;17.264;6.999;7.933;4.666,30.000;30.000;30.000;30.000;30.000;30.000;30.000;30.000;30.000;30.000;30.000;30.000;30.000;30.000;30.000;30.000;30.000;30.000;30.000;30.000;30.000;30.000;30.000,Destroy,peeling,,,STOP,190.370,C:\Users\esthe\Downloads\destroy 14 _\Dest_1405_6_seven.mp4,482,NA,
dest_1405,2025-06-26 15:24:30.572,,205.135,Media file(s),player #1:C:\Users\esthe\Downloads\destroy 14 _\commentary;C:\Users\esthe\Downloads\destroy 14 _\Dest_1405_10_three.mp4;C:\Users\esthe\Downloads\destroy 14 _\Dest_1405_11_one.mp4;C:\Users\esthe\Downloads\destroy 14 _\Dest_1405_12_two.mp4;C:\Users\esthe\Downloads\destroy 14 _\Dest_1405_13_five.mp4;C:\Users\esthe\Downloads\destroy 14 _\Dest_1405_14_onehalf.mp4;C:\Users\esthe\Downloads\destroy 14 _\Dest_1405_15_seven.mp4;C:\Users\esthe\Downloads\destroy 14 _\Dest_1405_16_three.mp4;C:\Users\esthe\Downloads\destroy 14 _\Dest_1405_17_three.mp4;C:\Users\esthe\Downloads\destroy 14 _\Dest_1405_18_two.mp4;C:\Users\esthe\Downloads\destroy 14 _\Dest_1405_19_five.mp4;C:\Users\esthe\Downloads\destroy 14 _\Dest_1405_20_one.mp4;C:\Users\esthe\Downloads\destroy 14 _\Dest_1405_21_five.mp4;C:\Users\esthe\Downloads\destroy 14 _\Dest_1405_22_seven.mp4;C:\Users\esthe\Downloads\destroy 14 _\Dest_1405_23_two.mp4;C:\Users\esthe\Downloads\destroy 14 _\Dest_1405_24_three.mp4;C:\Users\esthe\Downloads\destroy 14 _\Dest_1405_3_three.mp4;C:\Users\esthe\Downloads\destroy 14 _\Dest_1405_4_seven.mp4;C:\Users\esthe\Downloads\destroy 14 _\Dest_1405_5_five.mp4;C:\Users\esthe\Downloads\destroy 14 _\Dest_1405_6_seven.mp4;C:\Users\esthe\Downloads\destroy 14 _\Dest_1405_7_two.mp4;C:\Users\esthe\Downloads\destroy 14 _\Dest_1405_8_five.mp4;C:\Users\esthe\Downloads\destroy 14 _\Dest_1405_9_two.mp4,0.0,5.733;7.332;7.532;9.967;5.533;11.765;7.566;7.666;5.399;10.698;14.798;9.032;17.966;5.367;13.428;4.134;10.598;14.335;5.466;17.264;6.999;7.933;4.666,30.000;30.000;30.000;30.000;30.000;30.000;30.000;30.000;30.000;30.000;30.000;30.000;30.000;30.000;30.000;30.000;30.000;30.000;30.000;30.000;30.000;30.000;30.000,Destroy,lifting,,,START,191.737,C:\Users\esthe\Downloads\destroy 14 _\Dest_1405_7_two.mp4,5,NA,
dest_1405,2025-06-26 15:24:30.572,,205.135,Media file(s),player #1:C:\Users\esthe\Downloads\destroy 14 _\commentary;C:\Users\esthe\Downloads\destroy 14 _\Dest_1405_10_three.mp4;C:\Users\esthe\Downloads\destroy 14 _\Dest_1405_11_one.mp4;C:\Users\esthe\Downloads\destroy 14 _\Dest_1405_12_two.mp4;C:\Users\esthe\Downloads\destroy 14 _\Dest_1405_13_five.mp4;C:\Users\esthe\Downloads\destroy 14 _\Dest_1405_14_onehalf.mp4;C:\Users\esthe\Downloads\destroy 14 _\Dest_1405_15_seven.mp4;C:\Users\esthe\Downloads\destroy 14 _\Dest_1405_16_three.mp4;C:\Users\esthe\Downloads\destroy 14 _\Dest_1405_17_three.mp4;C:\Users\esthe\Downloads\destroy 14 _\Dest_1405_18_two.mp4;C:\Users\esthe\Downloads\destroy 14 _\Dest_1405_19_five.mp4;C:\Users\esthe\Downloads\destroy 14 _\Dest_1405_20_one.mp4;C:\Users\esthe\Downloads\destroy 14 _\Dest_1405_21_five.mp4;C:\Users\esthe\Downloads\destroy 14 _\Dest_1405_22_seven.mp4;C:\Users\esthe\Downloads\destroy 14 _\Dest_1405_23_two.mp4;C:\Users\esthe\Downloads\destroy 14 _\Dest_1405_24_three.mp4;C:\Users\esthe\Downloads\destroy 14 _\Dest_1405_3_three.mp4;C:\Users\esthe\Downloads\destroy 14 _\Dest_1405_4_seven.mp4;C:\Users\esthe\Downloads\destroy 14 _\Dest_1405_5_five.mp4;C:\Users\esthe\Downloads\destroy 14 _\Dest_1405_6_seven.mp4;C:\Users\esthe\Downloads\destroy 14 _\Dest_1405_7_two.mp4;C:\Users\esthe\Downloads\destroy 14 _\Dest_1405_8_five.mp4;C:\Users\esthe\Downloads\destroy 14 _\Dest_1405_9_two.mp4,0.0,5.733;7.332;7.532;9.967;5.533;11.765;7.566;7.666;5.399;10.698;14.798;9.032;17.966;5.367;13.428;4.134;10.598;14.335;5.466;17.264;6.999;7.933;4.666,30.000;30.000;30.000;30.000;30.000;30.000;30.000;30.000;30.000;30.000;30.000;30.000;30.000;30.000;30.000;30.000;30.000;30.000;30.000;30.000;30.000;30.000;30.000,Destroy,lifting,,,STOP,192.070,C:\Users\esthe\Downloads\destroy 14 _\Dest_1405_7_two.mp4,15,NA,
dest_1405,2025-06-26 15:24:30.572,,205.135,Media file(s),player #1:C:\Users\esthe\Downloads\destroy 14 _\commentary;C:\Users\esthe\Downloads\destroy 14 _\Dest_1405_10_three.mp4;C:\Users\esthe\Downloads\destroy 14 _\Dest_1405_11_one.mp4;C:\Users\esthe\Downloads\destroy 14 _\Dest_1405_12_two.mp4;C:\Users\esthe\Downloads\destroy 14 _\Dest_1405_13_five.mp4;C:\Users\esthe\Downloads\destroy 14 _\Dest_1405_14_onehalf.mp4;C:\Users\esthe\Downloads\destroy 14 _\Dest_1405_15_seven.mp4;C:\Users\esthe\Downloads\destroy 14 _\Dest_1405_16_three.mp4;C:\Users\esthe\Downloads\destroy 14 _\Dest_1405_17_three.mp4;C:\Users\esthe\Downloads\destroy 14 _\Dest_1405_18_two.mp4;C:\Users\esthe\Downloads\destroy 14 _\Dest_1405_19_five.mp4;C:\Users\esthe\Downloads\destroy 14 _\Dest_1405_20_one.mp4;C:\Users\esthe\Downloads\destroy 14 _\Dest_1405_21_five.mp4;C:\Users\esthe\Downloads\destroy 14 _\Dest_1405_22_seven.mp4;C:\Users\esthe\Downloads\destroy 14 _\Dest_1405_23_two.mp4;C:\Users\esthe\Downloads\destroy 14 _\Dest_1405_24_three.mp4;C:\Users\esthe\Downloads\destroy 14 _\Dest_1405_3_three.mp4;C:\Users\esthe\Downloads\destroy 14 _\Dest_1405_4_seven.mp4;C:\Users\esthe\Downloads\destroy 14 _\Dest_1405_5_five.mp4;C:\Users\esthe\Downloads\destroy 14 _\Dest_1405_6_seven.mp4;C:\Users\esthe\Downloads\destroy 14 _\Dest_1405_7_two.mp4;C:\Users\esthe\Downloads\destroy 14 _\Dest_1405_8_five.mp4;C:\Users\esthe\Downloads\destroy 14 _\Dest_1405_9_two.mp4,0.0,5.733;7.332;7.532;9.967;5.533;11.765;7.566;7.666;5.399;10.698;14.798;9.032;17.966;5.367;13.428;4.134;10.598;14.335;5.466;17.264;6.999;7.933;4.666,30.000;30.000;30.000;30.000;30.000;30.000;30.000;30.000;30.000;30.000;30.000;30.000;30.000;30.000;30.000;30.000;30.000;30.000;30.000;30.000;30.000;30.000;30.000,Destroy,assessing,,,START,193.203,C:\Users\esthe\Downloads\destroy 14 _\Dest_1405_7_two.mp4,49,NA,
dest_1405,2025-06-26 15:24:30.572,,205.135,Media file(s),player #1:C:\Users\esthe\Downloads\destroy 14 _\commentary;C:\Users\esthe\Downloads\destroy 14 _\Dest_1405_10_three.mp4;C:\Users\esthe\Downloads\destroy 14 _\Dest_1405_11_one.mp4;C:\Users\esthe\Downloads\destroy 14 _\Dest_1405_12_two.mp4;C:\Users\esthe\Downloads\destroy 14 _\Dest_1405_13_five.mp4;C:\Users\esthe\Downloads\destroy 14 _\Dest_1405_14_onehalf.mp4;C:\Users\esthe\Downloads\destroy 14 _\Dest_1405_15_seven.mp4;C:\Users\esthe\Downloads\destroy 14 _\Dest_1405_16_three.mp4;C:\Users\esthe\Downloads\destroy 14 _\Dest_1405_17_three.mp4;C:\Users\esthe\Downloads\destroy 14 _\Dest_1405_18_two.mp4;C:\Users\esthe\Downloads\destroy 14 _\Dest_1405_19_five.mp4;C:\Users\esthe\Downloads\destroy 14 _\Dest_1405_20_one.mp4;C:\Users\esthe\Downloads\destroy 14 _\Dest_1405_21_five.mp4;C:\Users\esthe\Downloads\destroy 14 _\Dest_1405_22_seven.mp4;C:\Users\esthe\Downloads\destroy 14 _\Dest_1405_23_two.mp4;C:\Users\esthe\Downloads\destroy 14 _\Dest_1405_24_three.mp4;C:\Users\esthe\Downloads\destroy 14 _\Dest_1405_3_three.mp4;C:\Users\esthe\Downloads\destroy 14 _\Dest_1405_4_seven.mp4;C:\Users\esthe\Downloads\destroy 14 _\Dest_1405_5_five.mp4;C:\Users\esthe\Downloads\destroy 14 _\Dest_1405_6_seven.mp4;C:\Users\esthe\Downloads\destroy 14 _\Dest_1405_7_two.mp4;C:\Users\esthe\Downloads\destroy 14 _\Dest_1405_8_five.mp4;C:\Users\esthe\Downloads\destroy 14 _\Dest_1405_9_two.mp4,0.0,5.733;7.332;7.532;9.967;5.533;11.765;7.566;7.666;5.399;10.698;14.798;9.032;17.966;5.367;13.428;4.134;10.598;14.335;5.466;17.264;6.999;7.933;4.666,30.000;30.000;30.000;30.000;30.000;30.000;30.000;30.000;30.000;30.000;30.000;30.000;30.000;30.000;30.000;30.000;30.000;30.000;30.000;30.000;30.000;30.000;30.000,Destroy,jaw movement,,,POINT,193.303,C:\Users\esthe\Downloads\destroy 14 _\Dest_1405_7_two.mp4,52,NA,
dest_1405,2025-06-26 15:24:30.572,,205.135,Media file(s),player #1:C:\Users\esthe\Downloads\destroy 14 _\commentary;C:\Users\esthe\Downloads\destroy 14 _\Dest_1405_10_three.mp4;C:\Users\esthe\Downloads\destroy 14 _\Dest_1405_11_one.mp4;C:\Users\esthe\Downloads\destroy 14 _\Dest_1405_12_two.mp4;C:\Users\esthe\Downloads\destroy 14 _\Dest_1405_13_five.mp4;C:\Users\esthe\Downloads\destroy 14 _\Dest_1405_14_onehalf.mp4;C:\Users\esthe\Downloads\destroy 14 _\Dest_1405_15_seven.mp4;C:\Users\esthe\Downloads\destroy 14 _\Dest_1405_16_three.mp4;C:\Users\esthe\Downloads\destroy 14 _\Dest_1405_17_three.mp4;C:\Users\esthe\Downloads\destroy 14 _\Dest_1405_18_two.mp4;C:\Users\esthe\Downloads\destroy 14 _\Dest_1405_19_five.mp4;C:\Users\esthe\Downloads\destroy 14 _\Dest_1405_20_one.mp4;C:\Users\esthe\Downloads\destroy 14 _\Dest_1405_21_five.mp4;C:\Users\esthe\Downloads\destroy 14 _\Dest_1405_22_seven.mp4;C:\Users\esthe\Downloads\destroy 14 _\Dest_1405_23_two.mp4;C:\Users\esthe\Downloads\destroy 14 _\Dest_1405_24_three.mp4;C:\Users\esthe\Downloads\destroy 14 _\Dest_1405_3_three.mp4;C:\Users\esthe\Downloads\destroy 14 _\Dest_1405_4_seven.mp4;C:\Users\esthe\Downloads\destroy 14 _\Dest_1405_5_five.mp4;C:\Users\esthe\Downloads\destroy 14 _\Dest_1405_6_seven.mp4;C:\Users\esthe\Downloads\destroy 14 _\Dest_1405_7_two.mp4;C:\Users\esthe\Downloads\destroy 14 _\Dest_1405_8_five.mp4;C:\Users\esthe\Downloads\destroy 14 _\Dest_1405_9_two.mp4,0.0,5.733;7.332;7.532;9.967;5.533;11.765;7.566;7.666;5.399;10.698;14.798;9.032;17.966;5.367;13.428;4.134;10.598;14.335;5.466;17.264;6.999;7.933;4.666,30.000;30.000;30.000;30.000;30.000;30.000;30.000;30.000;30.000;30.000;30.000;30.000;30.000;30.000;30.000;30.000;30.000;30.000;30.000;30.000;30.000;30.000;30.000,Destroy,mouth,,,POINT,193.503,C:\Users\esthe\Downloads\destroy 14 _\Dest_1405_7_two.mp4,58,NA,
dest_1405,2025-06-26 15:24:30.572,,205.135,Media file(s),player #1:C:\Users\esthe\Downloads\destroy 14 _\commentary;C:\Users\esthe\Downloads\destroy 14 _\Dest_1405_10_three.mp4;C:\Users\esthe\Downloads\destroy 14 _\Dest_1405_11_one.mp4;C:\Users\esthe\Downloads\destroy 14 _\Dest_1405_12_two.mp4;C:\Users\esthe\Downloads\destroy 14 _\Dest_1405_13_five.mp4;C:\Users\esthe\Downloads\destroy 14 _\Dest_1405_14_onehalf.mp4;C:\Users\esthe\Downloads\destroy 14 _\Dest_1405_15_seven.mp4;C:\Users\esthe\Downloads\destroy 14 _\Dest_1405_16_three.mp4;C:\Users\esthe\Downloads\destroy 14 _\Dest_1405_17_three.mp4;C:\Users\esthe\Downloads\destroy 14 _\Dest_1405_18_two.mp4;C:\Users\esthe\Downloads\destroy 14 _\Dest_1405_19_five.mp4;C:\Users\esthe\Downloads\destroy 14 _\Dest_1405_20_one.mp4;C:\Users\esthe\Downloads\destroy 14 _\Dest_1405_21_five.mp4;C:\Users\esthe\Downloads\destroy 14 _\Dest_1405_22_seven.mp4;C:\Users\esthe\Downloads\destroy 14 _\Dest_1405_23_two.mp4;C:\Users\esthe\Downloads\destroy 14 _\Dest_1405_24_three.mp4;C:\Users\esthe\Downloads\destroy 14 _\Dest_1405_3_three.mp4;C:\Users\esthe\Downloads\destroy 14 _\Dest_1405_4_seven.mp4;C:\Users\esthe\Downloads\destroy 14 _\Dest_1405_5_five.mp4;C:\Users\esthe\Downloads\destroy 14 _\Dest_1405_6_seven.mp4;C:\Users\esthe\Downloads\destroy 14 _\Dest_1405_7_two.mp4;C:\Users\esthe\Downloads\destroy 14 _\Dest_1405_8_five.mp4;C:\Users\esthe\Downloads\destroy 14 _\Dest_1405_9_two.mp4,0.0,5.733;7.332;7.532;9.967;5.533;11.765;7.566;7.666;5.399;10.698;14.798;9.032;17.966;5.367;13.428;4.134;10.598;14.335;5.466;17.264;6.999;7.933;4.666,30.000;30.000;30.000;30.000;30.000;30.000;30.000;30.000;30.000;30.000;30.000;30.000;30.000;30.000;30.000;30.000;30.000;30.000;30.000;30.000;30.000;30.000;30.000,Destroy,assessing,,,STOP,193.570,C:\Users\esthe\Downloads\destroy 14 _\Dest_1405_7_two.mp4,60,NA,
dest_1405,2025-06-26 15:24:30.572,,205.135,Media file(s),player #1:C:\Users\esthe\Downloads\destroy 14 _\commentary;C:\Users\esthe\Downloads\destroy 14 _\Dest_1405_10_three.mp4;C:\Users\esthe\Downloads\destroy 14 _\Dest_1405_11_one.mp4;C:\Users\esthe\Downloads\destroy 14 _\Dest_1405_12_two.mp4;C:\Users\esthe\Downloads\destroy 14 _\Dest_1405_13_five.mp4;C:\Users\esthe\Downloads\destroy 14 _\Dest_1405_14_onehalf.mp4;C:\Users\esthe\Downloads\destroy 14 _\Dest_1405_15_seven.mp4;C:\Users\esthe\Downloads\destroy 14 _\Dest_1405_16_three.mp4;C:\Users\esthe\Downloads\destroy 14 _\Dest_1405_17_three.mp4;C:\Users\esthe\Downloads\destroy 14 _\Dest_1405_18_two.mp4;C:\Users\esthe\Downloads\destroy 14 _\Dest_1405_19_five.mp4;C:\Users\esthe\Downloads\destroy 14 _\Dest_1405_20_one.mp4;C:\Users\esthe\Downloads\destroy 14 _\Dest_1405_21_five.mp4;C:\Users\esthe\Downloads\destroy 14 _\Dest_1405_22_seven.mp4;C:\Users\esthe\Downloads\destroy 14 _\Dest_1405_23_two.mp4;C:\Users\esthe\Downloads\destroy 14 _\Dest_1405_24_three.mp4;C:\Users\esthe\Downloads\destroy 14 _\Dest_1405_3_three.mp4;C:\Users\esthe\Downloads\destroy 14 _\Dest_1405_4_seven.mp4;C:\Users\esthe\Downloads\destroy 14 _\Dest_1405_5_five.mp4;C:\Users\esthe\Downloads\destroy 14 _\Dest_1405_6_seven.mp4;C:\Users\esthe\Downloads\destroy 14 _\Dest_1405_7_two.mp4;C:\Users\esthe\Downloads\destroy 14 _\Dest_1405_8_five.mp4;C:\Users\esthe\Downloads\destroy 14 _\Dest_1405_9_two.mp4,0.0,5.733;7.332;7.532;9.967;5.533;11.765;7.566;7.666;5.399;10.698;14.798;9.032;17.966;5.367;13.428;4.134;10.598;14.335;5.466;17.264;6.999;7.933;4.666,30.000;30.000;30.000;30.000;30.000;30.000;30.000;30.000;30.000;30.000;30.000;30.000;30.000;30.000;30.000;30.000;30.000;30.000;30.000;30.000;30.000;30.000;30.000,Destroy,target,,,START,193.736,C:\Users\esthe\Downloads\destroy 14 _\Dest_1405_7_two.mp4,65,NA,
dest_1405,2025-06-26 15:24:30.572,,205.135,Media file(s),player #1:C:\Users\esthe\Downloads\destroy 14 _\commentary;C:\Users\esthe\Downloads\destroy 14 _\Dest_1405_10_three.mp4;C:\Users\esthe\Downloads\destroy 14 _\Dest_1405_11_one.mp4;C:\Users\esthe\Downloads\destroy 14 _\Dest_1405_12_two.mp4;C:\Users\esthe\Downloads\destroy 14 _\Dest_1405_13_five.mp4;C:\Users\esthe\Downloads\destroy 14 _\Dest_1405_14_onehalf.mp4;C:\Users\esthe\Downloads\destroy 14 _\Dest_1405_15_seven.mp4;C:\Users\esthe\Downloads\destroy 14 _\Dest_1405_16_three.mp4;C:\Users\esthe\Downloads\destroy 14 _\Dest_1405_17_three.mp4;C:\Users\esthe\Downloads\destroy 14 _\Dest_1405_18_two.mp4;C:\Users\esthe\Downloads\destroy 14 _\Dest_1405_19_five.mp4;C:\Users\esthe\Downloads\destroy 14 _\Dest_1405_20_one.mp4;C:\Users\esthe\Downloads\destroy 14 _\Dest_1405_21_five.mp4;C:\Users\esthe\Downloads\destroy 14 _\Dest_1405_22_seven.mp4;C:\Users\esthe\Downloads\destroy 14 _\Dest_1405_23_two.mp4;C:\Users\esthe\Downloads\destroy 14 _\Dest_1405_24_three.mp4;C:\Users\esthe\Downloads\destroy 14 _\Dest_1405_3_three.mp4;C:\Users\esthe\Downloads\destroy 14 _\Dest_1405_4_seven.mp4;C:\Users\esthe\Downloads\destroy 14 _\Dest_1405_5_five.mp4;C:\Users\esthe\Downloads\destroy 14 _\Dest_1405_6_seven.mp4;C:\Users\esthe\Downloads\destroy 14 _\Dest_1405_7_two.mp4;C:\Users\esthe\Downloads\destroy 14 _\Dest_1405_8_five.mp4;C:\Users\esthe\Downloads\destroy 14 _\Dest_1405_9_two.mp4,0.0,5.733;7.332;7.532;9.967;5.533;11.765;7.566;7.666;5.399;10.698;14.798;9.032;17.966;5.367;13.428;4.134;10.598;14.335;5.466;17.264;6.999;7.933;4.666,30.000;30.000;30.000;30.000;30.000;30.000;30.000;30.000;30.000;30.000;30.000;30.000;30.000;30.000;30.000;30.000;30.000;30.000;30.000;30.000;30.000;30.000;30.000,Destroy,target,,,STOP,194.603,C:\Users\esthe\Downloads\destroy 14 _\Dest_1405_7_two.mp4,91,NA,
dest_1405,2025-06-26 15:24:30.572,,205.135,Media file(s),player #1:C:\Users\esthe\Downloads\destroy 14 _\commentary;C:\Users\esthe\Downloads\destroy 14 _\Dest_1405_10_three.mp4;C:\Users\esthe\Downloads\destroy 14 _\Dest_1405_11_one.mp4;C:\Users\esthe\Downloads\destroy 14 _\Dest_1405_12_two.mp4;C:\Users\esthe\Downloads\destroy 14 _\Dest_1405_13_five.mp4;C:\Users\esthe\Downloads\destroy 14 _\Dest_1405_14_onehalf.mp4;C:\Users\esthe\Downloads\destroy 14 _\Dest_1405_15_seven.mp4;C:\Users\esthe\Downloads\destroy 14 _\Dest_1405_16_three.mp4;C:\Users\esthe\Downloads\destroy 14 _\Dest_1405_17_three.mp4;C:\Users\esthe\Downloads\destroy 14 _\Dest_1405_18_two.mp4;C:\Users\esthe\Downloads\destroy 14 _\Dest_1405_19_five.mp4;C:\Users\esthe\Downloads\destroy 14 _\Dest_1405_20_one.mp4;C:\Users\esthe\Downloads\destroy 14 _\Dest_1405_21_five.mp4;C:\Users\esthe\Downloads\destroy 14 _\Dest_1405_22_seven.mp4;C:\Users\esthe\Downloads\destroy 14 _\Dest_1405_23_two.mp4;C:\Users\esthe\Downloads\destroy 14 _\Dest_1405_24_three.mp4;C:\Users\esthe\Downloads\destroy 14 _\Dest_1405_3_three.mp4;C:\Users\esthe\Downloads\destroy 14 _\Dest_1405_4_seven.mp4;C:\Users\esthe\Downloads\destroy 14 _\Dest_1405_5_five.mp4;C:\Users\esthe\Downloads\destroy 14 _\Dest_1405_6_seven.mp4;C:\Users\esthe\Downloads\destroy 14 _\Dest_1405_7_two.mp4;C:\Users\esthe\Downloads\destroy 14 _\Dest_1405_8_five.mp4;C:\Users\esthe\Downloads\destroy 14 _\Dest_1405_9_two.mp4,0.0,5.733;7.332;7.532;9.967;5.533;11.765;7.566;7.666;5.399;10.698;14.798;9.032;17.966;5.367;13.428;4.134;10.598;14.335;5.466;17.264;6.999;7.933;4.666,30.000;30.000;30.000;30.000;30.000;30.000;30.000;30.000;30.000;30.000;30.000;30.000;30.000;30.000;30.000;30.000;30.000;30.000;30.000;30.000;30.000;30.000;30.000,Destroy,assessing,,,START,194.736,C:\Users\esthe\Downloads\destroy 14 _\Dest_1405_7_two.mp4,95,NA,
dest_1405,2025-06-26 15:24:30.572,,205.135,Media file(s),player #1:C:\Users\esthe\Downloads\destroy 14 _\commentary;C:\Users\esthe\Downloads\destroy 14 _\Dest_1405_10_three.mp4;C:\Users\esthe\Downloads\destroy 14 _\Dest_1405_11_one.mp4;C:\Users\esthe\Downloads\destroy 14 _\Dest_1405_12_two.mp4;C:\Users\esthe\Downloads\destroy 14 _\Dest_1405_13_five.mp4;C:\Users\esthe\Downloads\destroy 14 _\Dest_1405_14_onehalf.mp4;C:\Users\esthe\Downloads\destroy 14 _\Dest_1405_15_seven.mp4;C:\Users\esthe\Downloads\destroy 14 _\Dest_1405_16_three.mp4;C:\Users\esthe\Downloads\destroy 14 _\Dest_1405_17_three.mp4;C:\Users\esthe\Downloads\destroy 14 _\Dest_1405_18_two.mp4;C:\Users\esthe\Downloads\destroy 14 _\Dest_1405_19_five.mp4;C:\Users\esthe\Downloads\destroy 14 _\Dest_1405_20_one.mp4;C:\Users\esthe\Downloads\destroy 14 _\Dest_1405_21_five.mp4;C:\Users\esthe\Downloads\destroy 14 _\Dest_1405_22_seven.mp4;C:\Users\esthe\Downloads\destroy 14 _\Dest_1405_23_two.mp4;C:\Users\esthe\Downloads\destroy 14 _\Dest_1405_24_three.mp4;C:\Users\esthe\Downloads\destroy 14 _\Dest_1405_3_three.mp4;C:\Users\esthe\Downloads\destroy 14 _\Dest_1405_4_seven.mp4;C:\Users\esthe\Downloads\destroy 14 _\Dest_1405_5_five.mp4;C:\Users\esthe\Downloads\destroy 14 _\Dest_1405_6_seven.mp4;C:\Users\esthe\Downloads\destroy 14 _\Dest_1405_7_two.mp4;C:\Users\esthe\Downloads\destroy 14 _\Dest_1405_8_five.mp4;C:\Users\esthe\Downloads\destroy 14 _\Dest_1405_9_two.mp4,0.0,5.733;7.332;7.532;9.967;5.533;11.765;7.566;7.666;5.399;10.698;14.798;9.032;17.966;5.367;13.428;4.134;10.598;14.335;5.466;17.264;6.999;7.933;4.666,30.000;30.000;30.000;30.000;30.000;30.000;30.000;30.000;30.000;30.000;30.000;30.000;30.000;30.000;30.000;30.000;30.000;30.000;30.000;30.000;30.000;30.000;30.000,Destroy,translational movement,,,POINT,195.170,C:\Users\esthe\Downloads\destroy 14 _\Dest_1405_7_two.mp4,107,NA,
dest_1405,2025-06-26 15:24:30.572,,205.135,Media file(s),player #1:C:\Users\esthe\Downloads\destroy 14 _\commentary;C:\Users\esthe\Downloads\destroy 14 _\Dest_1405_10_three.mp4;C:\Users\esthe\Downloads\destroy 14 _\Dest_1405_11_one.mp4;C:\Users\esthe\Downloads\destroy 14 _\Dest_1405_12_two.mp4;C:\Users\esthe\Downloads\destroy 14 _\Dest_1405_13_five.mp4;C:\Users\esthe\Downloads\destroy 14 _\Dest_1405_14_onehalf.mp4;C:\Users\esthe\Downloads\destroy 14 _\Dest_1405_15_seven.mp4;C:\Users\esthe\Downloads\destroy 14 _\Dest_1405_16_three.mp4;C:\Users\esthe\Downloads\destroy 14 _\Dest_1405_17_three.mp4;C:\Users\esthe\Downloads\destroy 14 _\Dest_1405_18_two.mp4;C:\Users\esthe\Downloads\destroy 14 _\Dest_1405_19_five.mp4;C:\Users\esthe\Downloads\destroy 14 _\Dest_1405_20_one.mp4;C:\Users\esthe\Downloads\destroy 14 _\Dest_1405_21_five.mp4;C:\Users\esthe\Downloads\destroy 14 _\Dest_1405_22_seven.mp4;C:\Users\esthe\Downloads\destroy 14 _\Dest_1405_23_two.mp4;C:\Users\esthe\Downloads\destroy 14 _\Dest_1405_24_three.mp4;C:\Users\esthe\Downloads\destroy 14 _\Dest_1405_3_three.mp4;C:\Users\esthe\Downloads\destroy 14 _\Dest_1405_4_seven.mp4;C:\Users\esthe\Downloads\destroy 14 _\Dest_1405_5_five.mp4;C:\Users\esthe\Downloads\destroy 14 _\Dest_1405_6_seven.mp4;C:\Users\esthe\Downloads\destroy 14 _\Dest_1405_7_two.mp4;C:\Users\esthe\Downloads\destroy 14 _\Dest_1405_8_five.mp4;C:\Users\esthe\Downloads\destroy 14 _\Dest_1405_9_two.mp4,0.0,5.733;7.332;7.532;9.967;5.533;11.765;7.566;7.666;5.399;10.698;14.798;9.032;17.966;5.367;13.428;4.134;10.598;14.335;5.466;17.264;6.999;7.933;4.666,30.000;30.000;30.000;30.000;30.000;30.000;30.000;30.000;30.000;30.000;30.000;30.000;30.000;30.000;30.000;30.000;30.000;30.000;30.000;30.000;30.000;30.000;30.000,Destroy,jaw movement,,,POINT,195.269,C:\Users\esthe\Downloads\destroy 14 _\Dest_1405_7_two.mp4,110,NA,
dest_1405,2025-06-26 15:24:30.572,,205.135,Media file(s),player #1:C:\Users\esthe\Downloads\destroy 14 _\commentary;C:\Users\esthe\Downloads\destroy 14 _\Dest_1405_10_three.mp4;C:\Users\esthe\Downloads\destroy 14 _\Dest_1405_11_one.mp4;C:\Users\esthe\Downloads\destroy 14 _\Dest_1405_12_two.mp4;C:\Users\esthe\Downloads\destroy 14 _\Dest_1405_13_five.mp4;C:\Users\esthe\Downloads\destroy 14 _\Dest_1405_14_onehalf.mp4;C:\Users\esthe\Downloads\destroy 14 _\Dest_1405_15_seven.mp4;C:\Users\esthe\Downloads\destroy 14 _\Dest_1405_16_three.mp4;C:\Users\esthe\Downloads\destroy 14 _\Dest_1405_17_three.mp4;C:\Users\esthe\Downloads\destroy 14 _\Dest_1405_18_two.mp4;C:\Users\esthe\Downloads\destroy 14 _\Dest_1405_19_five.mp4;C:\Users\esthe\Downloads\destroy 14 _\Dest_1405_20_one.mp4;C:\Users\esthe\Downloads\destroy 14 _\Dest_1405_21_five.mp4;C:\Users\esthe\Downloads\destroy 14 _\Dest_1405_22_seven.mp4;C:\Users\esthe\Downloads\destroy 14 _\Dest_1405_23_two.mp4;C:\Users\esthe\Downloads\destroy 14 _\Dest_1405_24_three.mp4;C:\Users\esthe\Downloads\destroy 14 _\Dest_1405_3_three.mp4;C:\Users\esthe\Downloads\destroy 14 _\Dest_1405_4_seven.mp4;C:\Users\esthe\Downloads\destroy 14 _\Dest_1405_5_five.mp4;C:\Users\esthe\Downloads\destroy 14 _\Dest_1405_6_seven.mp4;C:\Users\esthe\Downloads\destroy 14 _\Dest_1405_7_two.mp4;C:\Users\esthe\Downloads\destroy 14 _\Dest_1405_8_five.mp4;C:\Users\esthe\Downloads\destroy 14 _\Dest_1405_9_two.mp4,0.0,5.733;7.332;7.532;9.967;5.533;11.765;7.566;7.666;5.399;10.698;14.798;9.032;17.966;5.367;13.428;4.134;10.598;14.335;5.466;17.264;6.999;7.933;4.666,30.000;30.000;30.000;30.000;30.000;30.000;30.000;30.000;30.000;30.000;30.000;30.000;30.000;30.000;30.000;30.000;30.000;30.000;30.000;30.000;30.000;30.000;30.000,Destroy,assessing,,,STOP,195.369,C:\Users\esthe\Downloads\destroy 14 _\Dest_1405_7_two.mp4,113,NA,
dest_1405,2025-06-26 15:24:30.572,,205.135,Media file(s),player #1:C:\Users\esthe\Downloads\destroy 14 _\commentary;C:\Users\esthe\Downloads\destroy 14 _\Dest_1405_10_three.mp4;C:\Users\esthe\Downloads\destroy 14 _\Dest_1405_11_one.mp4;C:\Users\esthe\Downloads\destroy 14 _\Dest_1405_12_two.mp4;C:\Users\esthe\Downloads\destroy 14 _\Dest_1405_13_five.mp4;C:\Users\esthe\Downloads\destroy 14 _\Dest_1405_14_onehalf.mp4;C:\Users\esthe\Downloads\destroy 14 _\Dest_1405_15_seven.mp4;C:\Users\esthe\Downloads\destroy 14 _\Dest_1405_16_three.mp4;C:\Users\esthe\Downloads\destroy 14 _\Dest_1405_17_three.mp4;C:\Users\esthe\Downloads\destroy 14 _\Dest_1405_18_two.mp4;C:\Users\esthe\Downloads\destroy 14 _\Dest_1405_19_five.mp4;C:\Users\esthe\Downloads\destroy 14 _\Dest_1405_20_one.mp4;C:\Users\esthe\Downloads\destroy 14 _\Dest_1405_21_five.mp4;C:\Users\esthe\Downloads\destroy 14 _\Dest_1405_22_seven.mp4;C:\Users\esthe\Downloads\destroy 14 _\Dest_1405_23_two.mp4;C:\Users\esthe\Downloads\destroy 14 _\Dest_1405_24_three.mp4;C:\Users\esthe\Downloads\destroy 14 _\Dest_1405_3_three.mp4;C:\Users\esthe\Downloads\destroy 14 _\Dest_1405_4_seven.mp4;C:\Users\esthe\Downloads\destroy 14 _\Dest_1405_5_five.mp4;C:\Users\esthe\Downloads\destroy 14 _\Dest_1405_6_seven.mp4;C:\Users\esthe\Downloads\destroy 14 _\Dest_1405_7_two.mp4;C:\Users\esthe\Downloads\destroy 14 _\Dest_1405_8_five.mp4;C:\Users\esthe\Downloads\destroy 14 _\Dest_1405_9_two.mp4,0.0,5.733;7.332;7.532;9.967;5.533;11.765;7.566;7.666;5.399;10.698;14.798;9.032;17.966;5.367;13.428;4.134;10.598;14.335;5.466;17.264;6.999;7.933;4.666,30.000;30.000;30.000;30.000;30.000;30.000;30.000;30.000;30.000;30.000;30.000;30.000;30.000;30.000;30.000;30.000;30.000;30.000;30.000;30.000;30.000;30.000;30.000,Destroy,jaw movement,,,POINT,195.536,C:\Users\esthe\Downloads\destroy 14 _\Dest_1405_7_two.mp4,118,NA,
dest_1405,2025-06-26 15:24:30.572,,205.135,Media file(s),player #1:C:\Users\esthe\Downloads\destroy 14 _\commentary;C:\Users\esthe\Downloads\destroy 14 _\Dest_1405_10_three.mp4;C:\Users\esthe\Downloads\destroy 14 _\Dest_1405_11_one.mp4;C:\Users\esthe\Downloads\destroy 14 _\Dest_1405_12_two.mp4;C:\Users\esthe\Downloads\destroy 14 _\Dest_1405_13_five.mp4;C:\Users\esthe\Downloads\destroy 14 _\Dest_1405_14_onehalf.mp4;C:\Users\esthe\Downloads\destroy 14 _\Dest_1405_15_seven.mp4;C:\Users\esthe\Downloads\destroy 14 _\Dest_1405_16_three.mp4;C:\Users\esthe\Downloads\destroy 14 _\Dest_1405_17_three.mp4;C:\Users\esthe\Downloads\destroy 14 _\Dest_1405_18_two.mp4;C:\Users\esthe\Downloads\destroy 14 _\Dest_1405_19_five.mp4;C:\Users\esthe\Downloads\destroy 14 _\Dest_1405_20_one.mp4;C:\Users\esthe\Downloads\destroy 14 _\Dest_1405_21_five.mp4;C:\Users\esthe\Downloads\destroy 14 _\Dest_1405_22_seven.mp4;C:\Users\esthe\Downloads\destroy 14 _\Dest_1405_23_two.mp4;C:\Users\esthe\Downloads\destroy 14 _\Dest_1405_24_three.mp4;C:\Users\esthe\Downloads\destroy 14 _\Dest_1405_3_three.mp4;C:\Users\esthe\Downloads\destroy 14 _\Dest_1405_4_seven.mp4;C:\Users\esthe\Downloads\destroy 14 _\Dest_1405_5_five.mp4;C:\Users\esthe\Downloads\destroy 14 _\Dest_1405_6_seven.mp4;C:\Users\esthe\Downloads\destroy 14 _\Dest_1405_7_two.mp4;C:\Users\esthe\Downloads\destroy 14 _\Dest_1405_8_five.mp4;C:\Users\esthe\Downloads\destroy 14 _\Dest_1405_9_two.mp4,0.0,5.733;7.332;7.532;9.967;5.533;11.765;7.566;7.666;5.399;10.698;14.798;9.032;17.966;5.367;13.428;4.134;10.598;14.335;5.466;17.264;6.999;7.933;4.666,30.000;30.000;30.000;30.000;30.000;30.000;30.000;30.000;30.000;30.000;30.000;30.000;30.000;30.000;30.000;30.000;30.000;30.000;30.000;30.000;30.000;30.000;30.000,Destroy,peeling,,,START,195.536,C:\Users\esthe\Downloads\destroy 14 _\Dest_1405_7_two.mp4,118,NA,
dest_1405,2025-06-26 15:24:30.572,,205.135,Media file(s),player #1:C:\Users\esthe\Downloads\destroy 14 _\commentary;C:\Users\esthe\Downloads\destroy 14 _\Dest_1405_10_three.mp4;C:\Users\esthe\Downloads\destroy 14 _\Dest_1405_11_one.mp4;C:\Users\esthe\Downloads\destroy 14 _\Dest_1405_12_two.mp4;C:\Users\esthe\Downloads\destroy 14 _\Dest_1405_13_five.mp4;C:\Users\esthe\Downloads\destroy 14 _\Dest_1405_14_onehalf.mp4;C:\Users\esthe\Downloads\destroy 14 _\Dest_1405_15_seven.mp4;C:\Users\esthe\Downloads\destroy 14 _\Dest_1405_16_three.mp4;C:\Users\esthe\Downloads\destroy 14 _\Dest_1405_17_three.mp4;C:\Users\esthe\Downloads\destroy 14 _\Dest_1405_18_two.mp4;C:\Users\esthe\Downloads\destroy 14 _\Dest_1405_19_five.mp4;C:\Users\esthe\Downloads\destroy 14 _\Dest_1405_20_one.mp4;C:\Users\esthe\Downloads\destroy 14 _\Dest_1405_21_five.mp4;C:\Users\esthe\Downloads\destroy 14 _\Dest_1405_22_seven.mp4;C:\Users\esthe\Downloads\destroy 14 _\Dest_1405_23_two.mp4;C:\Users\esthe\Downloads\destroy 14 _\Dest_1405_24_three.mp4;C:\Users\esthe\Downloads\destroy 14 _\Dest_1405_3_three.mp4;C:\Users\esthe\Downloads\destroy 14 _\Dest_1405_4_seven.mp4;C:\Users\esthe\Downloads\destroy 14 _\Dest_1405_5_five.mp4;C:\Users\esthe\Downloads\destroy 14 _\Dest_1405_6_seven.mp4;C:\Users\esthe\Downloads\destroy 14 _\Dest_1405_7_two.mp4;C:\Users\esthe\Downloads\destroy 14 _\Dest_1405_8_five.mp4;C:\Users\esthe\Downloads\destroy 14 _\Dest_1405_9_two.mp4,0.0,5.733;7.332;7.532;9.967;5.533;11.765;7.566;7.666;5.399;10.698;14.798;9.032;17.966;5.367;13.428;4.134;10.598;14.335;5.466;17.264;6.999;7.933;4.666,30.000;30.000;30.000;30.000;30.000;30.000;30.000;30.000;30.000;30.000;30.000;30.000;30.000;30.000;30.000;30.000;30.000;30.000;30.000;30.000;30.000;30.000;30.000,Destroy,jaw movement,,,POINT,195.803,C:\Users\esthe\Downloads\destroy 14 _\Dest_1405_7_two.mp4,126,NA,
dest_1405,2025-06-26 15:24:30.572,,205.135,Media file(s),player #1:C:\Users\esthe\Downloads\destroy 14 _\commentary;C:\Users\esthe\Downloads\destroy 14 _\Dest_1405_10_three.mp4;C:\Users\esthe\Downloads\destroy 14 _\Dest_1405_11_one.mp4;C:\Users\esthe\Downloads\destroy 14 _\Dest_1405_12_two.mp4;C:\Users\esthe\Downloads\destroy 14 _\Dest_1405_13_five.mp4;C:\Users\esthe\Downloads\destroy 14 _\Dest_1405_14_onehalf.mp4;C:\Users\esthe\Downloads\destroy 14 _\Dest_1405_15_seven.mp4;C:\Users\esthe\Downloads\destroy 14 _\Dest_1405_16_three.mp4;C:\Users\esthe\Downloads\destroy 14 _\Dest_1405_17_three.mp4;C:\Users\esthe\Downloads\destroy 14 _\Dest_1405_18_two.mp4;C:\Users\esthe\Downloads\destroy 14 _\Dest_1405_19_five.mp4;C:\Users\esthe\Downloads\destroy 14 _\Dest_1405_20_one.mp4;C:\Users\esthe\Downloads\destroy 14 _\Dest_1405_21_five.mp4;C:\Users\esthe\Downloads\destroy 14 _\Dest_1405_22_seven.mp4;C:\Users\esthe\Downloads\destroy 14 _\Dest_1405_23_two.mp4;C:\Users\esthe\Downloads\destroy 14 _\Dest_1405_24_three.mp4;C:\Users\esthe\Downloads\destroy 14 _\Dest_1405_3_three.mp4;C:\Users\esthe\Downloads\destroy 14 _\Dest_1405_4_seven.mp4;C:\Users\esthe\Downloads\destroy 14 _\Dest_1405_5_five.mp4;C:\Users\esthe\Downloads\destroy 14 _\Dest_1405_6_seven.mp4;C:\Users\esthe\Downloads\destroy 14 _\Dest_1405_7_two.mp4;C:\Users\esthe\Downloads\destroy 14 _\Dest_1405_8_five.mp4;C:\Users\esthe\Downloads\destroy 14 _\Dest_1405_9_two.mp4,0.0,5.733;7.332;7.532;9.967;5.533;11.765;7.566;7.666;5.399;10.698;14.798;9.032;17.966;5.367;13.428;4.134;10.598;14.335;5.466;17.264;6.999;7.933;4.666,30.000;30.000;30.000;30.000;30.000;30.000;30.000;30.000;30.000;30.000;30.000;30.000;30.000;30.000;30.000;30.000;30.000;30.000;30.000;30.000;30.000;30.000;30.000,Destroy,jaw movement,,,POINT,196.269,C:\Users\esthe\Downloads\destroy 14 _\Dest_1405_7_two.mp4,140,NA,
dest_1405,2025-06-26 15:24:30.572,,205.135,Media file(s),player #1:C:\Users\esthe\Downloads\destroy 14 _\commentary;C:\Users\esthe\Downloads\destroy 14 _\Dest_1405_10_three.mp4;C:\Users\esthe\Downloads\destroy 14 _\Dest_1405_11_one.mp4;C:\Users\esthe\Downloads\destroy 14 _\Dest_1405_12_two.mp4;C:\Users\esthe\Downloads\destroy 14 _\Dest_1405_13_five.mp4;C:\Users\esthe\Downloads\destroy 14 _\Dest_1405_14_onehalf.mp4;C:\Users\esthe\Downloads\destroy 14 _\Dest_1405_15_seven.mp4;C:\Users\esthe\Downloads\destroy 14 _\Dest_1405_16_three.mp4;C:\Users\esthe\Downloads\destroy 14 _\Dest_1405_17_three.mp4;C:\Users\esthe\Downloads\destroy 14 _\Dest_1405_18_two.mp4;C:\Users\esthe\Downloads\destroy 14 _\Dest_1405_19_five.mp4;C:\Users\esthe\Downloads\destroy 14 _\Dest_1405_20_one.mp4;C:\Users\esthe\Downloads\destroy 14 _\Dest_1405_21_five.mp4;C:\Users\esthe\Downloads\destroy 14 _\Dest_1405_22_seven.mp4;C:\Users\esthe\Downloads\destroy 14 _\Dest_1405_23_two.mp4;C:\Users\esthe\Downloads\destroy 14 _\Dest_1405_24_three.mp4;C:\Users\esthe\Downloads\destroy 14 _\Dest_1405_3_three.mp4;C:\Users\esthe\Downloads\destroy 14 _\Dest_1405_4_seven.mp4;C:\Users\esthe\Downloads\destroy 14 _\Dest_1405_5_five.mp4;C:\Users\esthe\Downloads\destroy 14 _\Dest_1405_6_seven.mp4;C:\Users\esthe\Downloads\destroy 14 _\Dest_1405_7_two.mp4;C:\Users\esthe\Downloads\destroy 14 _\Dest_1405_8_five.mp4;C:\Users\esthe\Downloads\destroy 14 _\Dest_1405_9_two.mp4,0.0,5.733;7.332;7.532;9.967;5.533;11.765;7.566;7.666;5.399;10.698;14.798;9.032;17.966;5.367;13.428;4.134;10.598;14.335;5.466;17.264;6.999;7.933;4.666,30.000;30.000;30.000;30.000;30.000;30.000;30.000;30.000;30.000;30.000;30.000;30.000;30.000;30.000;30.000;30.000;30.000;30.000;30.000;30.000;30.000;30.000;30.000,Destroy,peeling,,,STOP,197.869,C:\Users\esthe\Downloads\destroy 14 _\Dest_1405_7_two.mp4,188,NA,
dest_1405,2025-06-26 15:24:30.572,,205.135,Media file(s),player #1:C:\Users\esthe\Downloads\destroy 14 _\commentary;C:\Users\esthe\Downloads\destroy 14 _\Dest_1405_10_three.mp4;C:\Users\esthe\Downloads\destroy 14 _\Dest_1405_11_one.mp4;C:\Users\esthe\Downloads\destroy 14 _\Dest_1405_12_two.mp4;C:\Users\esthe\Downloads\destroy 14 _\Dest_1405_13_five.mp4;C:\Users\esthe\Downloads\destroy 14 _\Dest_1405_14_onehalf.mp4;C:\Users\esthe\Downloads\destroy 14 _\Dest_1405_15_seven.mp4;C:\Users\esthe\Downloads\destroy 14 _\Dest_1405_16_three.mp4;C:\Users\esthe\Downloads\destroy 14 _\Dest_1405_17_three.mp4;C:\Users\esthe\Downloads\destroy 14 _\Dest_1405_18_two.mp4;C:\Users\esthe\Downloads\destroy 14 _\Dest_1405_19_five.mp4;C:\Users\esthe\Downloads\destroy 14 _\Dest_1405_20_one.mp4;C:\Users\esthe\Downloads\destroy 14 _\Dest_1405_21_five.mp4;C:\Users\esthe\Downloads\destroy 14 _\Dest_1405_22_seven.mp4;C:\Users\esthe\Downloads\destroy 14 _\Dest_1405_23_two.mp4;C:\Users\esthe\Downloads\destroy 14 _\Dest_1405_24_three.mp4;C:\Users\esthe\Downloads\destroy 14 _\Dest_1405_3_three.mp4;C:\Users\esthe\Downloads\destroy 14 _\Dest_1405_4_seven.mp4;C:\Users\esthe\Downloads\destroy 14 _\Dest_1405_5_five.mp4;C:\Users\esthe\Downloads\destroy 14 _\Dest_1405_6_seven.mp4;C:\Users\esthe\Downloads\destroy 14 _\Dest_1405_7_two.mp4;C:\Users\esthe\Downloads\destroy 14 _\Dest_1405_8_five.mp4;C:\Users\esthe\Downloads\destroy 14 _\Dest_1405_9_two.mp4,0.0,5.733;7.332;7.532;9.967;5.533;11.765;7.566;7.666;5.399;10.698;14.798;9.032;17.966;5.367;13.428;4.134;10.598;14.335;5.466;17.264;6.999;7.933;4.666,30.000;30.000;30.000;30.000;30.000;30.000;30.000;30.000;30.000;30.000;30.000;30.000;30.000;30.000;30.000;30.000;30.000;30.000;30.000;30.000;30.000;30.000;30.000,Destroy,eating,,,START,198.036,C:\Users\esthe\Downloads\destroy 14 _\Dest_1405_7_two.mp4,193,NA,
dest_1405,2025-06-26 15:24:30.572,,205.135,Media file(s),player #1:C:\Users\esthe\Downloads\destroy 14 _\commentary;C:\Users\esthe\Downloads\destroy 14 _\Dest_1405_10_three.mp4;C:\Users\esthe\Downloads\destroy 14 _\Dest_1405_11_one.mp4;C:\Users\esthe\Downloads\destroy 14 _\Dest_1405_12_two.mp4;C:\Users\esthe\Downloads\destroy 14 _\Dest_1405_13_five.mp4;C:\Users\esthe\Downloads\destroy 14 _\Dest_1405_14_onehalf.mp4;C:\Users\esthe\Downloads\destroy 14 _\Dest_1405_15_seven.mp4;C:\Users\esthe\Downloads\destroy 14 _\Dest_1405_16_three.mp4;C:\Users\esthe\Downloads\destroy 14 _\Dest_1405_17_three.mp4;C:\Users\esthe\Downloads\destroy 14 _\Dest_1405_18_two.mp4;C:\Users\esthe\Downloads\destroy 14 _\Dest_1405_19_five.mp4;C:\Users\esthe\Downloads\destroy 14 _\Dest_1405_20_one.mp4;C:\Users\esthe\Downloads\destroy 14 _\Dest_1405_21_five.mp4;C:\Users\esthe\Downloads\destroy 14 _\Dest_1405_22_seven.mp4;C:\Users\esthe\Downloads\destroy 14 _\Dest_1405_23_two.mp4;C:\Users\esthe\Downloads\destroy 14 _\Dest_1405_24_three.mp4;C:\Users\esthe\Downloads\destroy 14 _\Dest_1405_3_three.mp4;C:\Users\esthe\Downloads\destroy 14 _\Dest_1405_4_seven.mp4;C:\Users\esthe\Downloads\destroy 14 _\Dest_1405_5_five.mp4;C:\Users\esthe\Downloads\destroy 14 _\Dest_1405_6_seven.mp4;C:\Users\esthe\Downloads\destroy 14 _\Dest_1405_7_two.mp4;C:\Users\esthe\Downloads\destroy 14 _\Dest_1405_8_five.mp4;C:\Users\esthe\Downloads\destroy 14 _\Dest_1405_9_two.mp4,0.0,5.733;7.332;7.532;9.967;5.533;11.765;7.566;7.666;5.399;10.698;14.798;9.032;17.966;5.367;13.428;4.134;10.598;14.335;5.466;17.264;6.999;7.933;4.666,30.000;30.000;30.000;30.000;30.000;30.000;30.000;30.000;30.000;30.000;30.000;30.000;30.000;30.000;30.000;30.000;30.000;30.000;30.000;30.000;30.000;30.000;30.000,Destroy,eating,,,STOP,198.436,C:\Users\esthe\Downloads\destroy 14 _\Dest_1405_7_two.mp4,205,NA,
dest_1405,2025-06-26 15:24:30.572,,205.135,Media file(s),player #1:C:\Users\esthe\Downloads\destroy 14 _\commentary;C:\Users\esthe\Downloads\destroy 14 _\Dest_1405_10_three.mp4;C:\Users\esthe\Downloads\destroy 14 _\Dest_1405_11_one.mp4;C:\Users\esthe\Downloads\destroy 14 _\Dest_1405_12_two.mp4;C:\Users\esthe\Downloads\destroy 14 _\Dest_1405_13_five.mp4;C:\Users\esthe\Downloads\destroy 14 _\Dest_1405_14_onehalf.mp4;C:\Users\esthe\Downloads\destroy 14 _\Dest_1405_15_seven.mp4;C:\Users\esthe\Downloads\destroy 14 _\Dest_1405_16_three.mp4;C:\Users\esthe\Downloads\destroy 14 _\Dest_1405_17_three.mp4;C:\Users\esthe\Downloads\destroy 14 _\Dest_1405_18_two.mp4;C:\Users\esthe\Downloads\destroy 14 _\Dest_1405_19_five.mp4;C:\Users\esthe\Downloads\destroy 14 _\Dest_1405_20_one.mp4;C:\Users\esthe\Downloads\destroy 14 _\Dest_1405_21_five.mp4;C:\Users\esthe\Downloads\destroy 14 _\Dest_1405_22_seven.mp4;C:\Users\esthe\Downloads\destroy 14 _\Dest_1405_23_two.mp4;C:\Users\esthe\Downloads\destroy 14 _\Dest_1405_24_three.mp4;C:\Users\esthe\Downloads\destroy 14 _\Dest_1405_3_three.mp4;C:\Users\esthe\Downloads\destroy 14 _\Dest_1405_4_seven.mp4;C:\Users\esthe\Downloads\destroy 14 _\Dest_1405_5_five.mp4;C:\Users\esthe\Downloads\destroy 14 _\Dest_1405_6_seven.mp4;C:\Users\esthe\Downloads\destroy 14 _\Dest_1405_7_two.mp4;C:\Users\esthe\Downloads\destroy 14 _\Dest_1405_8_five.mp4;C:\Users\esthe\Downloads\destroy 14 _\Dest_1405_9_two.mp4,0.0,5.733;7.332;7.532;9.967;5.533;11.765;7.566;7.666;5.399;10.698;14.798;9.032;17.966;5.367;13.428;4.134;10.598;14.335;5.466;17.264;6.999;7.933;4.666,30.000;30.000;30.000;30.000;30.000;30.000;30.000;30.000;30.000;30.000;30.000;30.000;30.000;30.000;30.000;30.000;30.000;30.000;30.000;30.000;30.000;30.000;30.000,Destroy,lifting,,,START,198.569,C:\Users\esthe\Downloads\destroy 14 _\Dest_1405_7_two.mp4,0,NA,
dest_1405,2025-06-26 15:24:30.572,,205.135,Media file(s),player #1:C:\Users\esthe\Downloads\destroy 14 _\commentary;C:\Users\esthe\Downloads\destroy 14 _\Dest_1405_10_three.mp4;C:\Users\esthe\Downloads\destroy 14 _\Dest_1405_11_one.mp4;C:\Users\esthe\Downloads\destroy 14 _\Dest_1405_12_two.mp4;C:\Users\esthe\Downloads\destroy 14 _\Dest_1405_13_five.mp4;C:\Users\esthe\Downloads\destroy 14 _\Dest_1405_14_onehalf.mp4;C:\Users\esthe\Downloads\destroy 14 _\Dest_1405_15_seven.mp4;C:\Users\esthe\Downloads\destroy 14 _\Dest_1405_16_three.mp4;C:\Users\esthe\Downloads\destroy 14 _\Dest_1405_17_three.mp4;C:\Users\esthe\Downloads\destroy 14 _\Dest_1405_18_two.mp4;C:\Users\esthe\Downloads\destroy 14 _\Dest_1405_19_five.mp4;C:\Users\esthe\Downloads\destroy 14 _\Dest_1405_20_one.mp4;C:\Users\esthe\Downloads\destroy 14 _\Dest_1405_21_five.mp4;C:\Users\esthe\Downloads\destroy 14 _\Dest_1405_22_seven.mp4;C:\Users\esthe\Downloads\destroy 14 _\Dest_1405_23_two.mp4;C:\Users\esthe\Downloads\destroy 14 _\Dest_1405_24_three.mp4;C:\Users\esthe\Downloads\destroy 14 _\Dest_1405_3_three.mp4;C:\Users\esthe\Downloads\destroy 14 _\Dest_1405_4_seven.mp4;C:\Users\esthe\Downloads\destroy 14 _\Dest_1405_5_five.mp4;C:\Users\esthe\Downloads\destroy 14 _\Dest_1405_6_seven.mp4;C:\Users\esthe\Downloads\destroy 14 _\Dest_1405_7_two.mp4;C:\Users\esthe\Downloads\destroy 14 _\Dest_1405_8_five.mp4;C:\Users\esthe\Downloads\destroy 14 _\Dest_1405_9_two.mp4,0.0,5.733;7.332;7.532;9.967;5.533;11.765;7.566;7.666;5.399;10.698;14.798;9.032;17.966;5.367;13.428;4.134;10.598;14.335;5.466;17.264;6.999;7.933;4.666,30.000;30.000;30.000;30.000;30.000;30.000;30.000;30.000;30.000;30.000;30.000;30.000;30.000;30.000;30.000;30.000;30.000;30.000;30.000;30.000;30.000;30.000;30.000,Destroy,lifting,,,STOP,198.902,C:\Users\esthe\Downloads\destroy 14 _\Dest_1405_8_five.mp4,10,NA,
dest_1405,2025-06-26 15:24:30.572,,205.135,Media file(s),player #1:C:\Users\esthe\Downloads\destroy 14 _\commentary;C:\Users\esthe\Downloads\destroy 14 _\Dest_1405_10_three.mp4;C:\Users\esthe\Downloads\destroy 14 _\Dest_1405_11_one.mp4;C:\Users\esthe\Downloads\destroy 14 _\Dest_1405_12_two.mp4;C:\Users\esthe\Downloads\destroy 14 _\Dest_1405_13_five.mp4;C:\Users\esthe\Downloads\destroy 14 _\Dest_1405_14_onehalf.mp4;C:\Users\esthe\Downloads\destroy 14 _\Dest_1405_15_seven.mp4;C:\Users\esthe\Downloads\destroy 14 _\Dest_1405_16_three.mp4;C:\Users\esthe\Downloads\destroy 14 _\Dest_1405_17_three.mp4;C:\Users\esthe\Downloads\destroy 14 _\Dest_1405_18_two.mp4;C:\Users\esthe\Downloads\destroy 14 _\Dest_1405_19_five.mp4;C:\Users\esthe\Downloads\destroy 14 _\Dest_1405_20_one.mp4;C:\Users\esthe\Downloads\destroy 14 _\Dest_1405_21_five.mp4;C:\Users\esthe\Downloads\destroy 14 _\Dest_1405_22_seven.mp4;C:\Users\esthe\Downloads\destroy 14 _\Dest_1405_23_two.mp4;C:\Users\esthe\Downloads\destroy 14 _\Dest_1405_24_three.mp4;C:\Users\esthe\Downloads\destroy 14 _\Dest_1405_3_three.mp4;C:\Users\esthe\Downloads\destroy 14 _\Dest_1405_4_seven.mp4;C:\Users\esthe\Downloads\destroy 14 _\Dest_1405_5_five.mp4;C:\Users\esthe\Downloads\destroy 14 _\Dest_1405_6_seven.mp4;C:\Users\esthe\Downloads\destroy 14 _\Dest_1405_7_two.mp4;C:\Users\esthe\Downloads\destroy 14 _\Dest_1405_8_five.mp4;C:\Users\esthe\Downloads\destroy 14 _\Dest_1405_9_two.mp4,0.0,5.733;7.332;7.532;9.967;5.533;11.765;7.566;7.666;5.399;10.698;14.798;9.032;17.966;5.367;13.428;4.134;10.598;14.335;5.466;17.264;6.999;7.933;4.666,30.000;30.000;30.000;30.000;30.000;30.000;30.000;30.000;30.000;30.000;30.000;30.000;30.000;30.000;30.000;30.000;30.000;30.000;30.000;30.000;30.000;30.000;30.000,Destroy,pause,,,START,198.902,C:\Users\esthe\Downloads\destroy 14 _\Dest_1405_8_five.mp4,10,NA,
dest_1405,2025-06-26 15:24:30.572,,205.135,Media file(s),player #1:C:\Users\esthe\Downloads\destroy 14 _\commentary;C:\Users\esthe\Downloads\destroy 14 _\Dest_1405_10_three.mp4;C:\Users\esthe\Downloads\destroy 14 _\Dest_1405_11_one.mp4;C:\Users\esthe\Downloads\destroy 14 _\Dest_1405_12_two.mp4;C:\Users\esthe\Downloads\destroy 14 _\Dest_1405_13_five.mp4;C:\Users\esthe\Downloads\destroy 14 _\Dest_1405_14_onehalf.mp4;C:\Users\esthe\Downloads\destroy 14 _\Dest_1405_15_seven.mp4;C:\Users\esthe\Downloads\destroy 14 _\Dest_1405_16_three.mp4;C:\Users\esthe\Downloads\destroy 14 _\Dest_1405_17_three.mp4;C:\Users\esthe\Downloads\destroy 14 _\Dest_1405_18_two.mp4;C:\Users\esthe\Downloads\destroy 14 _\Dest_1405_19_five.mp4;C:\Users\esthe\Downloads\destroy 14 _\Dest_1405_20_one.mp4;C:\Users\esthe\Downloads\destroy 14 _\Dest_1405_21_five.mp4;C:\Users\esthe\Downloads\destroy 14 _\Dest_1405_22_seven.mp4;C:\Users\esthe\Downloads\destroy 14 _\Dest_1405_23_two.mp4;C:\Users\esthe\Downloads\destroy 14 _\Dest_1405_24_three.mp4;C:\Users\esthe\Downloads\destroy 14 _\Dest_1405_3_three.mp4;C:\Users\esthe\Downloads\destroy 14 _\Dest_1405_4_seven.mp4;C:\Users\esthe\Downloads\destroy 14 _\Dest_1405_5_five.mp4;C:\Users\esthe\Downloads\destroy 14 _\Dest_1405_6_seven.mp4;C:\Users\esthe\Downloads\destroy 14 _\Dest_1405_7_two.mp4;C:\Users\esthe\Downloads\destroy 14 _\Dest_1405_8_five.mp4;C:\Users\esthe\Downloads\destroy 14 _\Dest_1405_9_two.mp4,0.0,5.733;7.332;7.532;9.967;5.533;11.765;7.566;7.666;5.399;10.698;14.798;9.032;17.966;5.367;13.428;4.134;10.598;14.335;5.466;17.264;6.999;7.933;4.666,30.000;30.000;30.000;30.000;30.000;30.000;30.000;30.000;30.000;30.000;30.000;30.000;30.000;30.000;30.000;30.000;30.000;30.000;30.000;30.000;30.000;30.000;30.000,Destroy,pause,,,STOP,200.469,C:\Users\esthe\Downloads\destroy 14 _\Dest_1405_8_five.mp4,57,NA,
dest_1405,2025-06-26 15:24:30.572,,205.135,Media file(s),player #1:C:\Users\esthe\Downloads\destroy 14 _\commentary;C:\Users\esthe\Downloads\destroy 14 _\Dest_1405_10_three.mp4;C:\Users\esthe\Downloads\destroy 14 _\Dest_1405_11_one.mp4;C:\Users\esthe\Downloads\destroy 14 _\Dest_1405_12_two.mp4;C:\Users\esthe\Downloads\destroy 14 _\Dest_1405_13_five.mp4;C:\Users\esthe\Downloads\destroy 14 _\Dest_1405_14_onehalf.mp4;C:\Users\esthe\Downloads\destroy 14 _\Dest_1405_15_seven.mp4;C:\Users\esthe\Downloads\destroy 14 _\Dest_1405_16_three.mp4;C:\Users\esthe\Downloads\destroy 14 _\Dest_1405_17_three.mp4;C:\Users\esthe\Downloads\destroy 14 _\Dest_1405_18_two.mp4;C:\Users\esthe\Downloads\destroy 14 _\Dest_1405_19_five.mp4;C:\Users\esthe\Downloads\destroy 14 _\Dest_1405_20_one.mp4;C:\Users\esthe\Downloads\destroy 14 _\Dest_1405_21_five.mp4;C:\Users\esthe\Downloads\destroy 14 _\Dest_1405_22_seven.mp4;C:\Users\esthe\Downloads\destroy 14 _\Dest_1405_23_two.mp4;C:\Users\esthe\Downloads\destroy 14 _\Dest_1405_24_three.mp4;C:\Users\esthe\Downloads\destroy 14 _\Dest_1405_3_three.mp4;C:\Users\esthe\Downloads\destroy 14 _\Dest_1405_4_seven.mp4;C:\Users\esthe\Downloads\destroy 14 _\Dest_1405_5_five.mp4;C:\Users\esthe\Downloads\destroy 14 _\Dest_1405_6_seven.mp4;C:\Users\esthe\Downloads\destroy 14 _\Dest_1405_7_two.mp4;C:\Users\esthe\Downloads\destroy 14 _\Dest_1405_8_five.mp4;C:\Users\esthe\Downloads\destroy 14 _\Dest_1405_9_two.mp4,0.0,5.733;7.332;7.532;9.967;5.533;11.765;7.566;7.666;5.399;10.698;14.798;9.032;17.966;5.367;13.428;4.134;10.598;14.335;5.466;17.264;6.999;7.933;4.666,30.000;30.000;30.000;30.000;30.000;30.000;30.000;30.000;30.000;30.000;30.000;30.000;30.000;30.000;30.000;30.000;30.000;30.000;30.000;30.000;30.000;30.000;30.000,Destroy,target,,,START,200.736,C:\Users\esthe\Downloads\destroy 14 _\Dest_1405_8_five.mp4,65,NA,
dest_1405,2025-06-26 15:24:30.572,,205.135,Media file(s),player #1:C:\Users\esthe\Downloads\destroy 14 _\commentary;C:\Users\esthe\Downloads\destroy 14 _\Dest_1405_10_three.mp4;C:\Users\esthe\Downloads\destroy 14 _\Dest_1405_11_one.mp4;C:\Users\esthe\Downloads\destroy 14 _\Dest_1405_12_two.mp4;C:\Users\esthe\Downloads\destroy 14 _\Dest_1405_13_five.mp4;C:\Users\esthe\Downloads\destroy 14 _\Dest_1405_14_onehalf.mp4;C:\Users\esthe\Downloads\destroy 14 _\Dest_1405_15_seven.mp4;C:\Users\esthe\Downloads\destroy 14 _\Dest_1405_16_three.mp4;C:\Users\esthe\Downloads\destroy 14 _\Dest_1405_17_three.mp4;C:\Users\esthe\Downloads\destroy 14 _\Dest_1405_18_two.mp4;C:\Users\esthe\Downloads\destroy 14 _\Dest_1405_19_five.mp4;C:\Users\esthe\Downloads\destroy 14 _\Dest_1405_20_one.mp4;C:\Users\esthe\Downloads\destroy 14 _\Dest_1405_21_five.mp4;C:\Users\esthe\Downloads\destroy 14 _\Dest_1405_22_seven.mp4;C:\Users\esthe\Downloads\destroy 14 _\Dest_1405_23_two.mp4;C:\Users\esthe\Downloads\destroy 14 _\Dest_1405_24_three.mp4;C:\Users\esthe\Downloads\destroy 14 _\Dest_1405_3_three.mp4;C:\Users\esthe\Downloads\destroy 14 _\Dest_1405_4_seven.mp4;C:\Users\esthe\Downloads\destroy 14 _\Dest_1405_5_five.mp4;C:\Users\esthe\Downloads\destroy 14 _\Dest_1405_6_seven.mp4;C:\Users\esthe\Downloads\destroy 14 _\Dest_1405_7_two.mp4;C:\Users\esthe\Downloads\destroy 14 _\Dest_1405_8_five.mp4;C:\Users\esthe\Downloads\destroy 14 _\Dest_1405_9_two.mp4,0.0,5.733;7.332;7.532;9.967;5.533;11.765;7.566;7.666;5.399;10.698;14.798;9.032;17.966;5.367;13.428;4.134;10.598;14.335;5.466;17.264;6.999;7.933;4.666,30.000;30.000;30.000;30.000;30.000;30.000;30.000;30.000;30.000;30.000;30.000;30.000;30.000;30.000;30.000;30.000;30.000;30.000;30.000;30.000;30.000;30.000;30.000,Destroy,pause,,,START,202.702,C:\Users\esthe\Downloads\destroy 14 _\Dest_1405_8_five.mp4,124,NA,
dest_1405,2025-06-26 15:24:30.572,,205.135,Media file(s),player #1:C:\Users\esthe\Downloads\destroy 14 _\commentary;C:\Users\esthe\Downloads\destroy 14 _\Dest_1405_10_three.mp4;C:\Users\esthe\Downloads\destroy 14 _\Dest_1405_11_one.mp4;C:\Users\esthe\Downloads\destroy 14 _\Dest_1405_12_two.mp4;C:\Users\esthe\Downloads\destroy 14 _\Dest_1405_13_five.mp4;C:\Users\esthe\Downloads\destroy 14 _\Dest_1405_14_onehalf.mp4;C:\Users\esthe\Downloads\destroy 14 _\Dest_1405_15_seven.mp4;C:\Users\esthe\Downloads\destroy 14 _\Dest_1405_16_three.mp4;C:\Users\esthe\Downloads\destroy 14 _\Dest_1405_17_three.mp4;C:\Users\esthe\Downloads\destroy 14 _\Dest_1405_18_two.mp4;C:\Users\esthe\Downloads\destroy 14 _\Dest_1405_19_five.mp4;C:\Users\esthe\Downloads\destroy 14 _\Dest_1405_20_one.mp4;C:\Users\esthe\Downloads\destroy 14 _\Dest_1405_21_five.mp4;C:\Users\esthe\Downloads\destroy 14 _\Dest_1405_22_seven.mp4;C:\Users\esthe\Downloads\destroy 14 _\Dest_1405_23_two.mp4;C:\Users\esthe\Downloads\destroy 14 _\Dest_1405_24_three.mp4;C:\Users\esthe\Downloads\destroy 14 _\Dest_1405_3_three.mp4;C:\Users\esthe\Downloads\destroy 14 _\Dest_1405_4_seven.mp4;C:\Users\esthe\Downloads\destroy 14 _\Dest_1405_5_five.mp4;C:\Users\esthe\Downloads\destroy 14 _\Dest_1405_6_seven.mp4;C:\Users\esthe\Downloads\destroy 14 _\Dest_1405_7_two.mp4;C:\Users\esthe\Downloads\destroy 14 _\Dest_1405_8_five.mp4;C:\Users\esthe\Downloads\destroy 14 _\Dest_1405_9_two.mp4,0.0,5.733;7.332;7.532;9.967;5.533;11.765;7.566;7.666;5.399;10.698;14.798;9.032;17.966;5.367;13.428;4.134;10.598;14.335;5.466;17.264;6.999;7.933;4.666,30.000;30.000;30.000;30.000;30.000;30.000;30.000;30.000;30.000;30.000;30.000;30.000;30.000;30.000;30.000;30.000;30.000;30.000;30.000;30.000;30.000;30.000;30.000,Destroy,pause,,,STOP,203.135,C:\Users\esthe\Downloads\destroy 14 _\Dest_1405_8_five.mp4,137,NA,
dest_1405,2025-06-26 15:24:30.572,,205.135,Media file(s),player #1:C:\Users\esthe\Downloads\destroy 14 _\commentary;C:\Users\esthe\Downloads\destroy 14 _\Dest_1405_10_three.mp4;C:\Users\esthe\Downloads\destroy 14 _\Dest_1405_11_one.mp4;C:\Users\esthe\Downloads\destroy 14 _\Dest_1405_12_two.mp4;C:\Users\esthe\Downloads\destroy 14 _\Dest_1405_13_five.mp4;C:\Users\esthe\Downloads\destroy 14 _\Dest_1405_14_onehalf.mp4;C:\Users\esthe\Downloads\destroy 14 _\Dest_1405_15_seven.mp4;C:\Users\esthe\Downloads\destroy 14 _\Dest_1405_16_three.mp4;C:\Users\esthe\Downloads\destroy 14 _\Dest_1405_17_three.mp4;C:\Users\esthe\Downloads\destroy 14 _\Dest_1405_18_two.mp4;C:\Users\esthe\Downloads\destroy 14 _\Dest_1405_19_five.mp4;C:\Users\esthe\Downloads\destroy 14 _\Dest_1405_20_one.mp4;C:\Users\esthe\Downloads\destroy 14 _\Dest_1405_21_five.mp4;C:\Users\esthe\Downloads\destroy 14 _\Dest_1405_22_seven.mp4;C:\Users\esthe\Downloads\destroy 14 _\Dest_1405_23_two.mp4;C:\Users\esthe\Downloads\destroy 14 _\Dest_1405_24_three.mp4;C:\Users\esthe\Downloads\destroy 14 _\Dest_1405_3_three.mp4;C:\Users\esthe\Downloads\destroy 14 _\Dest_1405_4_seven.mp4;C:\Users\esthe\Downloads\destroy 14 _\Dest_1405_5_five.mp4;C:\Users\esthe\Downloads\destroy 14 _\Dest_1405_6_seven.mp4;C:\Users\esthe\Downloads\destroy 14 _\Dest_1405_7_two.mp4;C:\Users\esthe\Downloads\destroy 14 _\Dest_1405_8_five.mp4;C:\Users\esthe\Downloads\destroy 14 _\Dest_1405_9_two.mp4,0.0,5.733;7.332;7.532;9.967;5.533;11.765;7.566;7.666;5.399;10.698;14.798;9.032;17.966;5.367;13.428;4.134;10.598;14.335;5.466;17.264;6.999;7.933;4.666,30.000;30.000;30.000;30.000;30.000;30.000;30.000;30.000;30.000;30.000;30.000;30.000;30.000;30.000;30.000;30.000;30.000;30.000;30.000;30.000;30.000;30.000;30.000,Destroy,target,,,STOP,205.335,C:\Users\esthe\Downloads\destroy 14 _\Dest_1405_8_five.mp4,203,NA,
dest_1405,2025-06-26 15:24:30.572,,205.135,Media file(s),player #1:C:\Users\esthe\Downloads\destroy 14 _\commentary;C:\Users\esthe\Downloads\destroy 14 _\Dest_1405_10_three.mp4;C:\Users\esthe\Downloads\destroy 14 _\Dest_1405_11_one.mp4;C:\Users\esthe\Downloads\destroy 14 _\Dest_1405_12_two.mp4;C:\Users\esthe\Downloads\destroy 14 _\Dest_1405_13_five.mp4;C:\Users\esthe\Downloads\destroy 14 _\Dest_1405_14_onehalf.mp4;C:\Users\esthe\Downloads\destroy 14 _\Dest_1405_15_seven.mp4;C:\Users\esthe\Downloads\destroy 14 _\Dest_1405_16_three.mp4;C:\Users\esthe\Downloads\destroy 14 _\Dest_1405_17_three.mp4;C:\Users\esthe\Downloads\destroy 14 _\Dest_1405_18_two.mp4;C:\Users\esthe\Downloads\destroy 14 _\Dest_1405_19_five.mp4;C:\Users\esthe\Downloads\destroy 14 _\Dest_1405_20_one.mp4;C:\Users\esthe\Downloads\destroy 14 _\Dest_1405_21_five.mp4;C:\Users\esthe\Downloads\destroy 14 _\Dest_1405_22_seven.mp4;C:\Users\esthe\Downloads\destroy 14 _\Dest_1405_23_two.mp4;C:\Users\esthe\Downloads\destroy 14 _\Dest_1405_24_three.mp4;C:\Users\esthe\Downloads\destroy 14 _\Dest_1405_3_three.mp4;C:\Users\esthe\Downloads\destroy 14 _\Dest_1405_4_seven.mp4;C:\Users\esthe\Downloads\destroy 14 _\Dest_1405_5_five.mp4;C:\Users\esthe\Downloads\destroy 14 _\Dest_1405_6_seven.mp4;C:\Users\esthe\Downloads\destroy 14 _\Dest_1405_7_two.mp4;C:\Users\esthe\Downloads\destroy 14 _\Dest_1405_8_five.mp4;C:\Users\esthe\Downloads\destroy 14 _\Dest_1405_9_two.mp4,0.0,5.733;7.332;7.532;9.967;5.533;11.765;7.566;7.666;5.399;10.698;14.798;9.032;17.966;5.367;13.428;4.134;10.598;14.335;5.466;17.264;6.999;7.933;4.666,30.000;30.000;30.000;30.000;30.000;30.000;30.000;30.000;30.000;30.000;30.000;30.000;30.000;30.000;30.000;30.000;30.000;30.000;30.000;30.000;30.000;30.000;30.000,Destroy,digging,,,START,205.435,C:\Users\esthe\Downloads\destroy 14 _\Dest_1405_8_five.mp4,206,NA,
dest_1405,2025-06-26 15:24:30.572,,205.135,Media file(s),player #1:C:\Users\esthe\Downloads\destroy 14 _\commentary;C:\Users\esthe\Downloads\destroy 14 _\Dest_1405_10_three.mp4;C:\Users\esthe\Downloads\destroy 14 _\Dest_1405_11_one.mp4;C:\Users\esthe\Downloads\destroy 14 _\Dest_1405_12_two.mp4;C:\Users\esthe\Downloads\destroy 14 _\Dest_1405_13_five.mp4;C:\Users\esthe\Downloads\destroy 14 _\Dest_1405_14_onehalf.mp4;C:\Users\esthe\Downloads\destroy 14 _\Dest_1405_15_seven.mp4;C:\Users\esthe\Downloads\destroy 14 _\Dest_1405_16_three.mp4;C:\Users\esthe\Downloads\destroy 14 _\Dest_1405_17_three.mp4;C:\Users\esthe\Downloads\destroy 14 _\Dest_1405_18_two.mp4;C:\Users\esthe\Downloads\destroy 14 _\Dest_1405_19_five.mp4;C:\Users\esthe\Downloads\destroy 14 _\Dest_1405_20_one.mp4;C:\Users\esthe\Downloads\destroy 14 _\Dest_1405_21_five.mp4;C:\Users\esthe\Downloads\destroy 14 _\Dest_1405_22_seven.mp4;C:\Users\esthe\Downloads\destroy 14 _\Dest_1405_23_two.mp4;C:\Users\esthe\Downloads\destroy 14 _\Dest_1405_24_three.mp4;C:\Users\esthe\Downloads\destroy 14 _\Dest_1405_3_three.mp4;C:\Users\esthe\Downloads\destroy 14 _\Dest_1405_4_seven.mp4;C:\Users\esthe\Downloads\destroy 14 _\Dest_1405_5_five.mp4;C:\Users\esthe\Downloads\destroy 14 _\Dest_1405_6_seven.mp4;C:\Users\esthe\Downloads\destroy 14 _\Dest_1405_7_two.mp4;C:\Users\esthe\Downloads\destroy 14 _\Dest_1405_8_five.mp4;C:\Users\esthe\Downloads\destroy 14 _\Dest_1405_9_two.mp4,0.0,5.733;7.332;7.532;9.967;5.533;11.765;7.566;7.666;5.399;10.698;14.798;9.032;17.966;5.367;13.428;4.134;10.598;14.335;5.466;17.264;6.999;7.933;4.666,30.000;30.000;30.000;30.000;30.000;30.000;30.000;30.000;30.000;30.000;30.000;30.000;30.000;30.000;30.000;30.000;30.000;30.000;30.000;30.000;30.000;30.000;30.000,Destroy,digging,,,STOP,206.368,C:\Users\esthe\Downloads\destroy 14 _\Dest_1405_8_five.mp4,234,NA,
dest_1405,2025-06-26 15:24:30.572,,205.135,Media file(s),player #1:C:\Users\esthe\Downloads\destroy 14 _\commentary;C:\Users\esthe\Downloads\destroy 14 _\Dest_1405_10_three.mp4;C:\Users\esthe\Downloads\destroy 14 _\Dest_1405_11_one.mp4;C:\Users\esthe\Downloads\destroy 14 _\Dest_1405_12_two.mp4;C:\Users\esthe\Downloads\destroy 14 _\Dest_1405_13_five.mp4;C:\Users\esthe\Downloads\destroy 14 _\Dest_1405_14_onehalf.mp4;C:\Users\esthe\Downloads\destroy 14 _\Dest_1405_15_seven.mp4;C:\Users\esthe\Downloads\destroy 14 _\Dest_1405_16_three.mp4;C:\Users\esthe\Downloads\destroy 14 _\Dest_1405_17_three.mp4;C:\Users\esthe\Downloads\destroy 14 _\Dest_1405_18_two.mp4;C:\Users\esthe\Downloads\destroy 14 _\Dest_1405_19_five.mp4;C:\Users\esthe\Downloads\destroy 14 _\Dest_1405_20_one.mp4;C:\Users\esthe\Downloads\destroy 14 _\Dest_1405_21_five.mp4;C:\Users\esthe\Downloads\destroy 14 _\Dest_1405_22_seven.mp4;C:\Users\esthe\Downloads\destroy 14 _\Dest_1405_23_two.mp4;C:\Users\esthe\Downloads\destroy 14 _\Dest_1405_24_three.mp4;C:\Users\esthe\Downloads\destroy 14 _\Dest_1405_3_three.mp4;C:\Users\esthe\Downloads\destroy 14 _\Dest_1405_4_seven.mp4;C:\Users\esthe\Downloads\destroy 14 _\Dest_1405_5_five.mp4;C:\Users\esthe\Downloads\destroy 14 _\Dest_1405_6_seven.mp4;C:\Users\esthe\Downloads\destroy 14 _\Dest_1405_7_two.mp4;C:\Users\esthe\Downloads\destroy 14 _\Dest_1405_8_five.mp4;C:\Users\esthe\Downloads\destroy 14 _\Dest_1405_9_two.mp4,0.0,5.733;7.332;7.532;9.967;5.533;11.765;7.566;7.666;5.399;10.698;14.798;9.032;17.966;5.367;13.428;4.134;10.598;14.335;5.466;17.264;6.999;7.933;4.666,30.000;30.000;30.000;30.000;30.000;30.000;30.000;30.000;30.000;30.000;30.000;30.000;30.000;30.000;30.000;30.000;30.000;30.000;30.000;30.000;30.000;30.000;30.000,Destroy,bending,,,START,206.501,C:\Users\esthe\Downloads\destroy 14 _\Dest_1405_8_five.mp4,0,NA,
dest_1405,2025-06-26 15:24:30.572,,205.135,Media file(s),player #1:C:\Users\esthe\Downloads\destroy 14 _\commentary;C:\Users\esthe\Downloads\destroy 14 _\Dest_1405_10_three.mp4;C:\Users\esthe\Downloads\destroy 14 _\Dest_1405_11_one.mp4;C:\Users\esthe\Downloads\destroy 14 _\Dest_1405_12_two.mp4;C:\Users\esthe\Downloads\destroy 14 _\Dest_1405_13_five.mp4;C:\Users\esthe\Downloads\destroy 14 _\Dest_1405_14_onehalf.mp4;C:\Users\esthe\Downloads\destroy 14 _\Dest_1405_15_seven.mp4;C:\Users\esthe\Downloads\destroy 14 _\Dest_1405_16_three.mp4;C:\Users\esthe\Downloads\destroy 14 _\Dest_1405_17_three.mp4;C:\Users\esthe\Downloads\destroy 14 _\Dest_1405_18_two.mp4;C:\Users\esthe\Downloads\destroy 14 _\Dest_1405_19_five.mp4;C:\Users\esthe\Downloads\destroy 14 _\Dest_1405_20_one.mp4;C:\Users\esthe\Downloads\destroy 14 _\Dest_1405_21_five.mp4;C:\Users\esthe\Downloads\destroy 14 _\Dest_1405_22_seven.mp4;C:\Users\esthe\Downloads\destroy 14 _\Dest_1405_23_two.mp4;C:\Users\esthe\Downloads\destroy 14 _\Dest_1405_24_three.mp4;C:\Users\esthe\Downloads\destroy 14 _\Dest_1405_3_three.mp4;C:\Users\esthe\Downloads\destroy 14 _\Dest_1405_4_seven.mp4;C:\Users\esthe\Downloads\destroy 14 _\Dest_1405_5_five.mp4;C:\Users\esthe\Downloads\destroy 14 _\Dest_1405_6_seven.mp4;C:\Users\esthe\Downloads\destroy 14 _\Dest_1405_7_two.mp4;C:\Users\esthe\Downloads\destroy 14 _\Dest_1405_8_five.mp4;C:\Users\esthe\Downloads\destroy 14 _\Dest_1405_9_two.mp4,0.0,5.733;7.332;7.532;9.967;5.533;11.765;7.566;7.666;5.399;10.698;14.798;9.032;17.966;5.367;13.428;4.134;10.598;14.335;5.466;17.264;6.999;7.933;4.666,30.000;30.000;30.000;30.000;30.000;30.000;30.000;30.000;30.000;30.000;30.000;30.000;30.000;30.000;30.000;30.000;30.000;30.000;30.000;30.000;30.000;30.000;30.000,Destroy,bending,,,STOP,206.701,C:\Users\esthe\Downloads\destroy 14 _\Dest_1405_9_two.mp4,6,NA,
dest_1405,2025-06-26 15:24:30.572,,205.135,Media file(s),player #1:C:\Users\esthe\Downloads\destroy 14 _\commentary;C:\Users\esthe\Downloads\destroy 14 _\Dest_1405_10_three.mp4;C:\Users\esthe\Downloads\destroy 14 _\Dest_1405_11_one.mp4;C:\Users\esthe\Downloads\destroy 14 _\Dest_1405_12_two.mp4;C:\Users\esthe\Downloads\destroy 14 _\Dest_1405_13_five.mp4;C:\Users\esthe\Downloads\destroy 14 _\Dest_1405_14_onehalf.mp4;C:\Users\esthe\Downloads\destroy 14 _\Dest_1405_15_seven.mp4;C:\Users\esthe\Downloads\destroy 14 _\Dest_1405_16_three.mp4;C:\Users\esthe\Downloads\destroy 14 _\Dest_1405_17_three.mp4;C:\Users\esthe\Downloads\destroy 14 _\Dest_1405_18_two.mp4;C:\Users\esthe\Downloads\destroy 14 _\Dest_1405_19_five.mp4;C:\Users\esthe\Downloads\destroy 14 _\Dest_1405_20_one.mp4;C:\Users\esthe\Downloads\destroy 14 _\Dest_1405_21_five.mp4;C:\Users\esthe\Downloads\destroy 14 _\Dest_1405_22_seven.mp4;C:\Users\esthe\Downloads\destroy 14 _\Dest_1405_23_two.mp4;C:\Users\esthe\Downloads\destroy 14 _\Dest_1405_24_three.mp4;C:\Users\esthe\Downloads\destroy 14 _\Dest_1405_3_three.mp4;C:\Users\esthe\Downloads\destroy 14 _\Dest_1405_4_seven.mp4;C:\Users\esthe\Downloads\destroy 14 _\Dest_1405_5_five.mp4;C:\Users\esthe\Downloads\destroy 14 _\Dest_1405_6_seven.mp4;C:\Users\esthe\Downloads\destroy 14 _\Dest_1405_7_two.mp4;C:\Users\esthe\Downloads\destroy 14 _\Dest_1405_8_five.mp4;C:\Users\esthe\Downloads\destroy 14 _\Dest_1405_9_two.mp4,0.0,5.733;7.332;7.532;9.967;5.533;11.765;7.566;7.666;5.399;10.698;14.798;9.032;17.966;5.367;13.428;4.134;10.598;14.335;5.466;17.264;6.999;7.933;4.666,30.000;30.000;30.000;30.000;30.000;30.000;30.000;30.000;30.000;30.000;30.000;30.000;30.000;30.000;30.000;30.000;30.000;30.000;30.000;30.000;30.000;30.000;30.000,Destroy,grabbing peanut,,,POINT,206.701,C:\Users\esthe\Downloads\destroy 14 _\Dest_1405_9_two.mp4,6,NA,
dest_1405,2025-06-26 15:24:30.572,,205.135,Media file(s),player #1:C:\Users\esthe\Downloads\destroy 14 _\commentary;C:\Users\esthe\Downloads\destroy 14 _\Dest_1405_10_three.mp4;C:\Users\esthe\Downloads\destroy 14 _\Dest_1405_11_one.mp4;C:\Users\esthe\Downloads\destroy 14 _\Dest_1405_12_two.mp4;C:\Users\esthe\Downloads\destroy 14 _\Dest_1405_13_five.mp4;C:\Users\esthe\Downloads\destroy 14 _\Dest_1405_14_onehalf.mp4;C:\Users\esthe\Downloads\destroy 14 _\Dest_1405_15_seven.mp4;C:\Users\esthe\Downloads\destroy 14 _\Dest_1405_16_three.mp4;C:\Users\esthe\Downloads\destroy 14 _\Dest_1405_17_three.mp4;C:\Users\esthe\Downloads\destroy 14 _\Dest_1405_18_two.mp4;C:\Users\esthe\Downloads\destroy 14 _\Dest_1405_19_five.mp4;C:\Users\esthe\Downloads\destroy 14 _\Dest_1405_20_one.mp4;C:\Users\esthe\Downloads\destroy 14 _\Dest_1405_21_five.mp4;C:\Users\esthe\Downloads\destroy 14 _\Dest_1405_22_seven.mp4;C:\Users\esthe\Downloads\destroy 14 _\Dest_1405_23_two.mp4;C:\Users\esthe\Downloads\destroy 14 _\Dest_1405_24_three.mp4;C:\Users\esthe\Downloads\destroy 14 _\Dest_1405_3_three.mp4;C:\Users\esthe\Downloads\destroy 14 _\Dest_1405_4_seven.mp4;C:\Users\esthe\Downloads\destroy 14 _\Dest_1405_5_five.mp4;C:\Users\esthe\Downloads\destroy 14 _\Dest_1405_6_seven.mp4;C:\Users\esthe\Downloads\destroy 14 _\Dest_1405_7_two.mp4;C:\Users\esthe\Downloads\destroy 14 _\Dest_1405_8_five.mp4;C:\Users\esthe\Downloads\destroy 14 _\Dest_1405_9_two.mp4,0.0,5.733;7.332;7.532;9.967;5.533;11.765;7.566;7.666;5.399;10.698;14.798;9.032;17.966;5.367;13.428;4.134;10.598;14.335;5.466;17.264;6.999;7.933;4.666,30.000;30.000;30.000;30.000;30.000;30.000;30.000;30.000;30.000;30.000;30.000;30.000;30.000;30.000;30.000;30.000;30.000;30.000;30.000;30.000;30.000;30.000;30.000,Destroy,lifting,,,START,206.734,C:\Users\esthe\Downloads\destroy 14 _\Dest_1405_9_two.mp4,7,NA,
dest_1405,2025-06-26 15:24:30.572,,205.135,Media file(s),player #1:C:\Users\esthe\Downloads\destroy 14 _\commentary;C:\Users\esthe\Downloads\destroy 14 _\Dest_1405_10_three.mp4;C:\Users\esthe\Downloads\destroy 14 _\Dest_1405_11_one.mp4;C:\Users\esthe\Downloads\destroy 14 _\Dest_1405_12_two.mp4;C:\Users\esthe\Downloads\destroy 14 _\Dest_1405_13_five.mp4;C:\Users\esthe\Downloads\destroy 14 _\Dest_1405_14_onehalf.mp4;C:\Users\esthe\Downloads\destroy 14 _\Dest_1405_15_seven.mp4;C:\Users\esthe\Downloads\destroy 14 _\Dest_1405_16_three.mp4;C:\Users\esthe\Downloads\destroy 14 _\Dest_1405_17_three.mp4;C:\Users\esthe\Downloads\destroy 14 _\Dest_1405_18_two.mp4;C:\Users\esthe\Downloads\destroy 14 _\Dest_1405_19_five.mp4;C:\Users\esthe\Downloads\destroy 14 _\Dest_1405_20_one.mp4;C:\Users\esthe\Downloads\destroy 14 _\Dest_1405_21_five.mp4;C:\Users\esthe\Downloads\destroy 14 _\Dest_1405_22_seven.mp4;C:\Users\esthe\Downloads\destroy 14 _\Dest_1405_23_two.mp4;C:\Users\esthe\Downloads\destroy 14 _\Dest_1405_24_three.mp4;C:\Users\esthe\Downloads\destroy 14 _\Dest_1405_3_three.mp4;C:\Users\esthe\Downloads\destroy 14 _\Dest_1405_4_seven.mp4;C:\Users\esthe\Downloads\destroy 14 _\Dest_1405_5_five.mp4;C:\Users\esthe\Downloads\destroy 14 _\Dest_1405_6_seven.mp4;C:\Users\esthe\Downloads\destroy 14 _\Dest_1405_7_two.mp4;C:\Users\esthe\Downloads\destroy 14 _\Dest_1405_8_five.mp4;C:\Users\esthe\Downloads\destroy 14 _\Dest_1405_9_two.mp4,0.0,5.733;7.332;7.532;9.967;5.533;11.765;7.566;7.666;5.399;10.698;14.798;9.032;17.966;5.367;13.428;4.134;10.598;14.335;5.466;17.264;6.999;7.933;4.666,30.000;30.000;30.000;30.000;30.000;30.000;30.000;30.000;30.000;30.000;30.000;30.000;30.000;30.000;30.000;30.000;30.000;30.000;30.000;30.000;30.000;30.000;30.000,Destroy,lifting,,,STOP,207.034,C:\Users\esthe\Downloads\destroy 14 _\Dest_1405_9_two.mp4,16,NA,
dest_1405,2025-06-26 15:24:30.572,,205.135,Media file(s),player #1:C:\Users\esthe\Downloads\destroy 14 _\commentary;C:\Users\esthe\Downloads\destroy 14 _\Dest_1405_10_three.mp4;C:\Users\esthe\Downloads\destroy 14 _\Dest_1405_11_one.mp4;C:\Users\esthe\Downloads\destroy 14 _\Dest_1405_12_two.mp4;C:\Users\esthe\Downloads\destroy 14 _\Dest_1405_13_five.mp4;C:\Users\esthe\Downloads\destroy 14 _\Dest_1405_14_onehalf.mp4;C:\Users\esthe\Downloads\destroy 14 _\Dest_1405_15_seven.mp4;C:\Users\esthe\Downloads\destroy 14 _\Dest_1405_16_three.mp4;C:\Users\esthe\Downloads\destroy 14 _\Dest_1405_17_three.mp4;C:\Users\esthe\Downloads\destroy 14 _\Dest_1405_18_two.mp4;C:\Users\esthe\Downloads\destroy 14 _\Dest_1405_19_five.mp4;C:\Users\esthe\Downloads\destroy 14 _\Dest_1405_20_one.mp4;C:\Users\esthe\Downloads\destroy 14 _\Dest_1405_21_five.mp4;C:\Users\esthe\Downloads\destroy 14 _\Dest_1405_22_seven.mp4;C:\Users\esthe\Downloads\destroy 14 _\Dest_1405_23_two.mp4;C:\Users\esthe\Downloads\destroy 14 _\Dest_1405_24_three.mp4;C:\Users\esthe\Downloads\destroy 14 _\Dest_1405_3_three.mp4;C:\Users\esthe\Downloads\destroy 14 _\Dest_1405_4_seven.mp4;C:\Users\esthe\Downloads\destroy 14 _\Dest_1405_5_five.mp4;C:\Users\esthe\Downloads\destroy 14 _\Dest_1405_6_seven.mp4;C:\Users\esthe\Downloads\destroy 14 _\Dest_1405_7_two.mp4;C:\Users\esthe\Downloads\destroy 14 _\Dest_1405_8_five.mp4;C:\Users\esthe\Downloads\destroy 14 _\Dest_1405_9_two.mp4,0.0,5.733;7.332;7.532;9.967;5.533;11.765;7.566;7.666;5.399;10.698;14.798;9.032;17.966;5.367;13.428;4.134;10.598;14.335;5.466;17.264;6.999;7.933;4.666,30.000;30.000;30.000;30.000;30.000;30.000;30.000;30.000;30.000;30.000;30.000;30.000;30.000;30.000;30.000;30.000;30.000;30.000;30.000;30.000;30.000;30.000;30.000,Destroy,assessing,,,START,207.168,C:\Users\esthe\Downloads\destroy 14 _\Dest_1405_9_two.mp4,20,NA,
dest_1405,2025-06-26 15:24:30.572,,205.135,Media file(s),player #1:C:\Users\esthe\Downloads\destroy 14 _\commentary;C:\Users\esthe\Downloads\destroy 14 _\Dest_1405_10_three.mp4;C:\Users\esthe\Downloads\destroy 14 _\Dest_1405_11_one.mp4;C:\Users\esthe\Downloads\destroy 14 _\Dest_1405_12_two.mp4;C:\Users\esthe\Downloads\destroy 14 _\Dest_1405_13_five.mp4;C:\Users\esthe\Downloads\destroy 14 _\Dest_1405_14_onehalf.mp4;C:\Users\esthe\Downloads\destroy 14 _\Dest_1405_15_seven.mp4;C:\Users\esthe\Downloads\destroy 14 _\Dest_1405_16_three.mp4;C:\Users\esthe\Downloads\destroy 14 _\Dest_1405_17_three.mp4;C:\Users\esthe\Downloads\destroy 14 _\Dest_1405_18_two.mp4;C:\Users\esthe\Downloads\destroy 14 _\Dest_1405_19_five.mp4;C:\Users\esthe\Downloads\destroy 14 _\Dest_1405_20_one.mp4;C:\Users\esthe\Downloads\destroy 14 _\Dest_1405_21_five.mp4;C:\Users\esthe\Downloads\destroy 14 _\Dest_1405_22_seven.mp4;C:\Users\esthe\Downloads\destroy 14 _\Dest_1405_23_two.mp4;C:\Users\esthe\Downloads\destroy 14 _\Dest_1405_24_three.mp4;C:\Users\esthe\Downloads\destroy 14 _\Dest_1405_3_three.mp4;C:\Users\esthe\Downloads\destroy 14 _\Dest_1405_4_seven.mp4;C:\Users\esthe\Downloads\destroy 14 _\Dest_1405_5_five.mp4;C:\Users\esthe\Downloads\destroy 14 _\Dest_1405_6_seven.mp4;C:\Users\esthe\Downloads\destroy 14 _\Dest_1405_7_two.mp4;C:\Users\esthe\Downloads\destroy 14 _\Dest_1405_8_five.mp4;C:\Users\esthe\Downloads\destroy 14 _\Dest_1405_9_two.mp4,0.0,5.733;7.332;7.532;9.967;5.533;11.765;7.566;7.666;5.399;10.698;14.798;9.032;17.966;5.367;13.428;4.134;10.598;14.335;5.466;17.264;6.999;7.933;4.666,30.000;30.000;30.000;30.000;30.000;30.000;30.000;30.000;30.000;30.000;30.000;30.000;30.000;30.000;30.000;30.000;30.000;30.000;30.000;30.000;30.000;30.000;30.000,Destroy,jaw movement,,,POINT,207.234,C:\Users\esthe\Downloads\destroy 14 _\Dest_1405_9_two.mp4,22,NA,
dest_1405,2025-06-26 15:24:30.572,,205.135,Media file(s),player #1:C:\Users\esthe\Downloads\destroy 14 _\commentary;C:\Users\esthe\Downloads\destroy 14 _\Dest_1405_10_three.mp4;C:\Users\esthe\Downloads\destroy 14 _\Dest_1405_11_one.mp4;C:\Users\esthe\Downloads\destroy 14 _\Dest_1405_12_two.mp4;C:\Users\esthe\Downloads\destroy 14 _\Dest_1405_13_five.mp4;C:\Users\esthe\Downloads\destroy 14 _\Dest_1405_14_onehalf.mp4;C:\Users\esthe\Downloads\destroy 14 _\Dest_1405_15_seven.mp4;C:\Users\esthe\Downloads\destroy 14 _\Dest_1405_16_three.mp4;C:\Users\esthe\Downloads\destroy 14 _\Dest_1405_17_three.mp4;C:\Users\esthe\Downloads\destroy 14 _\Dest_1405_18_two.mp4;C:\Users\esthe\Downloads\destroy 14 _\Dest_1405_19_five.mp4;C:\Users\esthe\Downloads\destroy 14 _\Dest_1405_20_one.mp4;C:\Users\esthe\Downloads\destroy 14 _\Dest_1405_21_five.mp4;C:\Users\esthe\Downloads\destroy 14 _\Dest_1405_22_seven.mp4;C:\Users\esthe\Downloads\destroy 14 _\Dest_1405_23_two.mp4;C:\Users\esthe\Downloads\destroy 14 _\Dest_1405_24_three.mp4;C:\Users\esthe\Downloads\destroy 14 _\Dest_1405_3_three.mp4;C:\Users\esthe\Downloads\destroy 14 _\Dest_1405_4_seven.mp4;C:\Users\esthe\Downloads\destroy 14 _\Dest_1405_5_five.mp4;C:\Users\esthe\Downloads\destroy 14 _\Dest_1405_6_seven.mp4;C:\Users\esthe\Downloads\destroy 14 _\Dest_1405_7_two.mp4;C:\Users\esthe\Downloads\destroy 14 _\Dest_1405_8_five.mp4;C:\Users\esthe\Downloads\destroy 14 _\Dest_1405_9_two.mp4,0.0,5.733;7.332;7.532;9.967;5.533;11.765;7.566;7.666;5.399;10.698;14.798;9.032;17.966;5.367;13.428;4.134;10.598;14.335;5.466;17.264;6.999;7.933;4.666,30.000;30.000;30.000;30.000;30.000;30.000;30.000;30.000;30.000;30.000;30.000;30.000;30.000;30.000;30.000;30.000;30.000;30.000;30.000;30.000;30.000;30.000;30.000,Destroy,jaw movement,,,POINT,207.301,C:\Users\esthe\Downloads\destroy 14 _\Dest_1405_9_two.mp4,24,NA,
dest_1405,2025-06-26 15:24:30.572,,205.135,Media file(s),player #1:C:\Users\esthe\Downloads\destroy 14 _\commentary;C:\Users\esthe\Downloads\destroy 14 _\Dest_1405_10_three.mp4;C:\Users\esthe\Downloads\destroy 14 _\Dest_1405_11_one.mp4;C:\Users\esthe\Downloads\destroy 14 _\Dest_1405_12_two.mp4;C:\Users\esthe\Downloads\destroy 14 _\Dest_1405_13_five.mp4;C:\Users\esthe\Downloads\destroy 14 _\Dest_1405_14_onehalf.mp4;C:\Users\esthe\Downloads\destroy 14 _\Dest_1405_15_seven.mp4;C:\Users\esthe\Downloads\destroy 14 _\Dest_1405_16_three.mp4;C:\Users\esthe\Downloads\destroy 14 _\Dest_1405_17_three.mp4;C:\Users\esthe\Downloads\destroy 14 _\Dest_1405_18_two.mp4;C:\Users\esthe\Downloads\destroy 14 _\Dest_1405_19_five.mp4;C:\Users\esthe\Downloads\destroy 14 _\Dest_1405_20_one.mp4;C:\Users\esthe\Downloads\destroy 14 _\Dest_1405_21_five.mp4;C:\Users\esthe\Downloads\destroy 14 _\Dest_1405_22_seven.mp4;C:\Users\esthe\Downloads\destroy 14 _\Dest_1405_23_two.mp4;C:\Users\esthe\Downloads\destroy 14 _\Dest_1405_24_three.mp4;C:\Users\esthe\Downloads\destroy 14 _\Dest_1405_3_three.mp4;C:\Users\esthe\Downloads\destroy 14 _\Dest_1405_4_seven.mp4;C:\Users\esthe\Downloads\destroy 14 _\Dest_1405_5_five.mp4;C:\Users\esthe\Downloads\destroy 14 _\Dest_1405_6_seven.mp4;C:\Users\esthe\Downloads\destroy 14 _\Dest_1405_7_two.mp4;C:\Users\esthe\Downloads\destroy 14 _\Dest_1405_8_five.mp4;C:\Users\esthe\Downloads\destroy 14 _\Dest_1405_9_two.mp4,0.0,5.733;7.332;7.532;9.967;5.533;11.765;7.566;7.666;5.399;10.698;14.798;9.032;17.966;5.367;13.428;4.134;10.598;14.335;5.466;17.264;6.999;7.933;4.666,30.000;30.000;30.000;30.000;30.000;30.000;30.000;30.000;30.000;30.000;30.000;30.000;30.000;30.000;30.000;30.000;30.000;30.000;30.000;30.000;30.000;30.000;30.000,Destroy,rotation,,Horizontal,START,207.434,C:\Users\esthe\Downloads\destroy 14 _\Dest_1405_9_two.mp4,28,NA,
dest_1405,2025-06-26 15:24:30.572,,205.135,Media file(s),player #1:C:\Users\esthe\Downloads\destroy 14 _\commentary;C:\Users\esthe\Downloads\destroy 14 _\Dest_1405_10_three.mp4;C:\Users\esthe\Downloads\destroy 14 _\Dest_1405_11_one.mp4;C:\Users\esthe\Downloads\destroy 14 _\Dest_1405_12_two.mp4;C:\Users\esthe\Downloads\destroy 14 _\Dest_1405_13_five.mp4;C:\Users\esthe\Downloads\destroy 14 _\Dest_1405_14_onehalf.mp4;C:\Users\esthe\Downloads\destroy 14 _\Dest_1405_15_seven.mp4;C:\Users\esthe\Downloads\destroy 14 _\Dest_1405_16_three.mp4;C:\Users\esthe\Downloads\destroy 14 _\Dest_1405_17_three.mp4;C:\Users\esthe\Downloads\destroy 14 _\Dest_1405_18_two.mp4;C:\Users\esthe\Downloads\destroy 14 _\Dest_1405_19_five.mp4;C:\Users\esthe\Downloads\destroy 14 _\Dest_1405_20_one.mp4;C:\Users\esthe\Downloads\destroy 14 _\Dest_1405_21_five.mp4;C:\Users\esthe\Downloads\destroy 14 _\Dest_1405_22_seven.mp4;C:\Users\esthe\Downloads\destroy 14 _\Dest_1405_23_two.mp4;C:\Users\esthe\Downloads\destroy 14 _\Dest_1405_24_three.mp4;C:\Users\esthe\Downloads\destroy 14 _\Dest_1405_3_three.mp4;C:\Users\esthe\Downloads\destroy 14 _\Dest_1405_4_seven.mp4;C:\Users\esthe\Downloads\destroy 14 _\Dest_1405_5_five.mp4;C:\Users\esthe\Downloads\destroy 14 _\Dest_1405_6_seven.mp4;C:\Users\esthe\Downloads\destroy 14 _\Dest_1405_7_two.mp4;C:\Users\esthe\Downloads\destroy 14 _\Dest_1405_8_five.mp4;C:\Users\esthe\Downloads\destroy 14 _\Dest_1405_9_two.mp4,0.0,5.733;7.332;7.532;9.967;5.533;11.765;7.566;7.666;5.399;10.698;14.798;9.032;17.966;5.367;13.428;4.134;10.598;14.335;5.466;17.264;6.999;7.933;4.666,30.000;30.000;30.000;30.000;30.000;30.000;30.000;30.000;30.000;30.000;30.000;30.000;30.000;30.000;30.000;30.000;30.000;30.000;30.000;30.000;30.000;30.000;30.000,Destroy,rotation,,Horizontal,STOP,207.767,C:\Users\esthe\Downloads\destroy 14 _\Dest_1405_9_two.mp4,38,NA,
dest_1405,2025-06-26 15:24:30.572,,205.135,Media file(s),player #1:C:\Users\esthe\Downloads\destroy 14 _\commentary;C:\Users\esthe\Downloads\destroy 14 _\Dest_1405_10_three.mp4;C:\Users\esthe\Downloads\destroy 14 _\Dest_1405_11_one.mp4;C:\Users\esthe\Downloads\destroy 14 _\Dest_1405_12_two.mp4;C:\Users\esthe\Downloads\destroy 14 _\Dest_1405_13_five.mp4;C:\Users\esthe\Downloads\destroy 14 _\Dest_1405_14_onehalf.mp4;C:\Users\esthe\Downloads\destroy 14 _\Dest_1405_15_seven.mp4;C:\Users\esthe\Downloads\destroy 14 _\Dest_1405_16_three.mp4;C:\Users\esthe\Downloads\destroy 14 _\Dest_1405_17_three.mp4;C:\Users\esthe\Downloads\destroy 14 _\Dest_1405_18_two.mp4;C:\Users\esthe\Downloads\destroy 14 _\Dest_1405_19_five.mp4;C:\Users\esthe\Downloads\destroy 14 _\Dest_1405_20_one.mp4;C:\Users\esthe\Downloads\destroy 14 _\Dest_1405_21_five.mp4;C:\Users\esthe\Downloads\destroy 14 _\Dest_1405_22_seven.mp4;C:\Users\esthe\Downloads\destroy 14 _\Dest_1405_23_two.mp4;C:\Users\esthe\Downloads\destroy 14 _\Dest_1405_24_three.mp4;C:\Users\esthe\Downloads\destroy 14 _\Dest_1405_3_three.mp4;C:\Users\esthe\Downloads\destroy 14 _\Dest_1405_4_seven.mp4;C:\Users\esthe\Downloads\destroy 14 _\Dest_1405_5_five.mp4;C:\Users\esthe\Downloads\destroy 14 _\Dest_1405_6_seven.mp4;C:\Users\esthe\Downloads\destroy 14 _\Dest_1405_7_two.mp4;C:\Users\esthe\Downloads\destroy 14 _\Dest_1405_8_five.mp4;C:\Users\esthe\Downloads\destroy 14 _\Dest_1405_9_two.mp4,0.0,5.733;7.332;7.532;9.967;5.533;11.765;7.566;7.666;5.399;10.698;14.798;9.032;17.966;5.367;13.428;4.134;10.598;14.335;5.466;17.264;6.999;7.933;4.666,30.000;30.000;30.000;30.000;30.000;30.000;30.000;30.000;30.000;30.000;30.000;30.000;30.000;30.000;30.000;30.000;30.000;30.000;30.000;30.000;30.000;30.000;30.000,Destroy,teeth-hole contact,,,POINT,207.767,C:\Users\esthe\Downloads\destroy 14 _\Dest_1405_9_two.mp4,38,NA,
dest_1405,2025-06-26 15:24:30.572,,205.135,Media file(s),player #1:C:\Users\esthe\Downloads\destroy 14 _\commentary;C:\Users\esthe\Downloads\destroy 14 _\Dest_1405_10_three.mp4;C:\Users\esthe\Downloads\destroy 14 _\Dest_1405_11_one.mp4;C:\Users\esthe\Downloads\destroy 14 _\Dest_1405_12_two.mp4;C:\Users\esthe\Downloads\destroy 14 _\Dest_1405_13_five.mp4;C:\Users\esthe\Downloads\destroy 14 _\Dest_1405_14_onehalf.mp4;C:\Users\esthe\Downloads\destroy 14 _\Dest_1405_15_seven.mp4;C:\Users\esthe\Downloads\destroy 14 _\Dest_1405_16_three.mp4;C:\Users\esthe\Downloads\destroy 14 _\Dest_1405_17_three.mp4;C:\Users\esthe\Downloads\destroy 14 _\Dest_1405_18_two.mp4;C:\Users\esthe\Downloads\destroy 14 _\Dest_1405_19_five.mp4;C:\Users\esthe\Downloads\destroy 14 _\Dest_1405_20_one.mp4;C:\Users\esthe\Downloads\destroy 14 _\Dest_1405_21_five.mp4;C:\Users\esthe\Downloads\destroy 14 _\Dest_1405_22_seven.mp4;C:\Users\esthe\Downloads\destroy 14 _\Dest_1405_23_two.mp4;C:\Users\esthe\Downloads\destroy 14 _\Dest_1405_24_three.mp4;C:\Users\esthe\Downloads\destroy 14 _\Dest_1405_3_three.mp4;C:\Users\esthe\Downloads\destroy 14 _\Dest_1405_4_seven.mp4;C:\Users\esthe\Downloads\destroy 14 _\Dest_1405_5_five.mp4;C:\Users\esthe\Downloads\destroy 14 _\Dest_1405_6_seven.mp4;C:\Users\esthe\Downloads\destroy 14 _\Dest_1405_7_two.mp4;C:\Users\esthe\Downloads\destroy 14 _\Dest_1405_8_five.mp4;C:\Users\esthe\Downloads\destroy 14 _\Dest_1405_9_two.mp4,0.0,5.733;7.332;7.532;9.967;5.533;11.765;7.566;7.666;5.399;10.698;14.798;9.032;17.966;5.367;13.428;4.134;10.598;14.335;5.466;17.264;6.999;7.933;4.666,30.000;30.000;30.000;30.000;30.000;30.000;30.000;30.000;30.000;30.000;30.000;30.000;30.000;30.000;30.000;30.000;30.000;30.000;30.000;30.000;30.000;30.000;30.000,Destroy,assessing,,,STOP,207.801,C:\Users\esthe\Downloads\destroy 14 _\Dest_1405_9_two.mp4,39,NA,
dest_1405,2025-06-26 15:24:30.572,,205.135,Media file(s),player #1:C:\Users\esthe\Downloads\destroy 14 _\commentary;C:\Users\esthe\Downloads\destroy 14 _\Dest_1405_10_three.mp4;C:\Users\esthe\Downloads\destroy 14 _\Dest_1405_11_one.mp4;C:\Users\esthe\Downloads\destroy 14 _\Dest_1405_12_two.mp4;C:\Users\esthe\Downloads\destroy 14 _\Dest_1405_13_five.mp4;C:\Users\esthe\Downloads\destroy 14 _\Dest_1405_14_onehalf.mp4;C:\Users\esthe\Downloads\destroy 14 _\Dest_1405_15_seven.mp4;C:\Users\esthe\Downloads\destroy 14 _\Dest_1405_16_three.mp4;C:\Users\esthe\Downloads\destroy 14 _\Dest_1405_17_three.mp4;C:\Users\esthe\Downloads\destroy 14 _\Dest_1405_18_two.mp4;C:\Users\esthe\Downloads\destroy 14 _\Dest_1405_19_five.mp4;C:\Users\esthe\Downloads\destroy 14 _\Dest_1405_20_one.mp4;C:\Users\esthe\Downloads\destroy 14 _\Dest_1405_21_five.mp4;C:\Users\esthe\Downloads\destroy 14 _\Dest_1405_22_seven.mp4;C:\Users\esthe\Downloads\destroy 14 _\Dest_1405_23_two.mp4;C:\Users\esthe\Downloads\destroy 14 _\Dest_1405_24_three.mp4;C:\Users\esthe\Downloads\destroy 14 _\Dest_1405_3_three.mp4;C:\Users\esthe\Downloads\destroy 14 _\Dest_1405_4_seven.mp4;C:\Users\esthe\Downloads\destroy 14 _\Dest_1405_5_five.mp4;C:\Users\esthe\Downloads\destroy 14 _\Dest_1405_6_seven.mp4;C:\Users\esthe\Downloads\destroy 14 _\Dest_1405_7_two.mp4;C:\Users\esthe\Downloads\destroy 14 _\Dest_1405_8_five.mp4;C:\Users\esthe\Downloads\destroy 14 _\Dest_1405_9_two.mp4,0.0,5.733;7.332;7.532;9.967;5.533;11.765;7.566;7.666;5.399;10.698;14.798;9.032;17.966;5.367;13.428;4.134;10.598;14.335;5.466;17.264;6.999;7.933;4.666,30.000;30.000;30.000;30.000;30.000;30.000;30.000;30.000;30.000;30.000;30.000;30.000;30.000;30.000;30.000;30.000;30.000;30.000;30.000;30.000;30.000;30.000;30.000,Destroy,jaw movement,,,POINT,207.934,C:\Users\esthe\Downloads\destroy 14 _\Dest_1405_9_two.mp4,43,NA,
dest_1405,2025-06-26 15:24:30.572,,205.135,Media file(s),player #1:C:\Users\esthe\Downloads\destroy 14 _\commentary;C:\Users\esthe\Downloads\destroy 14 _\Dest_1405_10_three.mp4;C:\Users\esthe\Downloads\destroy 14 _\Dest_1405_11_one.mp4;C:\Users\esthe\Downloads\destroy 14 _\Dest_1405_12_two.mp4;C:\Users\esthe\Downloads\destroy 14 _\Dest_1405_13_five.mp4;C:\Users\esthe\Downloads\destroy 14 _\Dest_1405_14_onehalf.mp4;C:\Users\esthe\Downloads\destroy 14 _\Dest_1405_15_seven.mp4;C:\Users\esthe\Downloads\destroy 14 _\Dest_1405_16_three.mp4;C:\Users\esthe\Downloads\destroy 14 _\Dest_1405_17_three.mp4;C:\Users\esthe\Downloads\destroy 14 _\Dest_1405_18_two.mp4;C:\Users\esthe\Downloads\destroy 14 _\Dest_1405_19_five.mp4;C:\Users\esthe\Downloads\destroy 14 _\Dest_1405_20_one.mp4;C:\Users\esthe\Downloads\destroy 14 _\Dest_1405_21_five.mp4;C:\Users\esthe\Downloads\destroy 14 _\Dest_1405_22_seven.mp4;C:\Users\esthe\Downloads\destroy 14 _\Dest_1405_23_two.mp4;C:\Users\esthe\Downloads\destroy 14 _\Dest_1405_24_three.mp4;C:\Users\esthe\Downloads\destroy 14 _\Dest_1405_3_three.mp4;C:\Users\esthe\Downloads\destroy 14 _\Dest_1405_4_seven.mp4;C:\Users\esthe\Downloads\destroy 14 _\Dest_1405_5_five.mp4;C:\Users\esthe\Downloads\destroy 14 _\Dest_1405_6_seven.mp4;C:\Users\esthe\Downloads\destroy 14 _\Dest_1405_7_two.mp4;C:\Users\esthe\Downloads\destroy 14 _\Dest_1405_8_five.mp4;C:\Users\esthe\Downloads\destroy 14 _\Dest_1405_9_two.mp4,0.0,5.733;7.332;7.532;9.967;5.533;11.765;7.566;7.666;5.399;10.698;14.798;9.032;17.966;5.367;13.428;4.134;10.598;14.335;5.466;17.264;6.999;7.933;4.666,30.000;30.000;30.000;30.000;30.000;30.000;30.000;30.000;30.000;30.000;30.000;30.000;30.000;30.000;30.000;30.000;30.000;30.000;30.000;30.000;30.000;30.000;30.000,Destroy,peeling,,,START,207.934,C:\Users\esthe\Downloads\destroy 14 _\Dest_1405_9_two.mp4,43,NA,
dest_1405,2025-06-26 15:24:30.572,,205.135,Media file(s),player #1:C:\Users\esthe\Downloads\destroy 14 _\commentary;C:\Users\esthe\Downloads\destroy 14 _\Dest_1405_10_three.mp4;C:\Users\esthe\Downloads\destroy 14 _\Dest_1405_11_one.mp4;C:\Users\esthe\Downloads\destroy 14 _\Dest_1405_12_two.mp4;C:\Users\esthe\Downloads\destroy 14 _\Dest_1405_13_five.mp4;C:\Users\esthe\Downloads\destroy 14 _\Dest_1405_14_onehalf.mp4;C:\Users\esthe\Downloads\destroy 14 _\Dest_1405_15_seven.mp4;C:\Users\esthe\Downloads\destroy 14 _\Dest_1405_16_three.mp4;C:\Users\esthe\Downloads\destroy 14 _\Dest_1405_17_three.mp4;C:\Users\esthe\Downloads\destroy 14 _\Dest_1405_18_two.mp4;C:\Users\esthe\Downloads\destroy 14 _\Dest_1405_19_five.mp4;C:\Users\esthe\Downloads\destroy 14 _\Dest_1405_20_one.mp4;C:\Users\esthe\Downloads\destroy 14 _\Dest_1405_21_five.mp4;C:\Users\esthe\Downloads\destroy 14 _\Dest_1405_22_seven.mp4;C:\Users\esthe\Downloads\destroy 14 _\Dest_1405_23_two.mp4;C:\Users\esthe\Downloads\destroy 14 _\Dest_1405_24_three.mp4;C:\Users\esthe\Downloads\destroy 14 _\Dest_1405_3_three.mp4;C:\Users\esthe\Downloads\destroy 14 _\Dest_1405_4_seven.mp4;C:\Users\esthe\Downloads\destroy 14 _\Dest_1405_5_five.mp4;C:\Users\esthe\Downloads\destroy 14 _\Dest_1405_6_seven.mp4;C:\Users\esthe\Downloads\destroy 14 _\Dest_1405_7_two.mp4;C:\Users\esthe\Downloads\destroy 14 _\Dest_1405_8_five.mp4;C:\Users\esthe\Downloads\destroy 14 _\Dest_1405_9_two.mp4,0.0,5.733;7.332;7.532;9.967;5.533;11.765;7.566;7.666;5.399;10.698;14.798;9.032;17.966;5.367;13.428;4.134;10.598;14.335;5.466;17.264;6.999;7.933;4.666,30.000;30.000;30.000;30.000;30.000;30.000;30.000;30.000;30.000;30.000;30.000;30.000;30.000;30.000;30.000;30.000;30.000;30.000;30.000;30.000;30.000;30.000;30.000,Destroy,jaw movement,,,POINT,209.367,C:\Users\esthe\Downloads\destroy 14 _\Dest_1405_9_two.mp4,86,NA,
dest_1405,2025-06-26 15:24:30.572,,205.135,Media file(s),player #1:C:\Users\esthe\Downloads\destroy 14 _\commentary;C:\Users\esthe\Downloads\destroy 14 _\Dest_1405_10_three.mp4;C:\Users\esthe\Downloads\destroy 14 _\Dest_1405_11_one.mp4;C:\Users\esthe\Downloads\destroy 14 _\Dest_1405_12_two.mp4;C:\Users\esthe\Downloads\destroy 14 _\Dest_1405_13_five.mp4;C:\Users\esthe\Downloads\destroy 14 _\Dest_1405_14_onehalf.mp4;C:\Users\esthe\Downloads\destroy 14 _\Dest_1405_15_seven.mp4;C:\Users\esthe\Downloads\destroy 14 _\Dest_1405_16_three.mp4;C:\Users\esthe\Downloads\destroy 14 _\Dest_1405_17_three.mp4;C:\Users\esthe\Downloads\destroy 14 _\Dest_1405_18_two.mp4;C:\Users\esthe\Downloads\destroy 14 _\Dest_1405_19_five.mp4;C:\Users\esthe\Downloads\destroy 14 _\Dest_1405_20_one.mp4;C:\Users\esthe\Downloads\destroy 14 _\Dest_1405_21_five.mp4;C:\Users\esthe\Downloads\destroy 14 _\Dest_1405_22_seven.mp4;C:\Users\esthe\Downloads\destroy 14 _\Dest_1405_23_two.mp4;C:\Users\esthe\Downloads\destroy 14 _\Dest_1405_24_three.mp4;C:\Users\esthe\Downloads\destroy 14 _\Dest_1405_3_three.mp4;C:\Users\esthe\Downloads\destroy 14 _\Dest_1405_4_seven.mp4;C:\Users\esthe\Downloads\destroy 14 _\Dest_1405_5_five.mp4;C:\Users\esthe\Downloads\destroy 14 _\Dest_1405_6_seven.mp4;C:\Users\esthe\Downloads\destroy 14 _\Dest_1405_7_two.mp4;C:\Users\esthe\Downloads\destroy 14 _\Dest_1405_8_five.mp4;C:\Users\esthe\Downloads\destroy 14 _\Dest_1405_9_two.mp4,0.0,5.733;7.332;7.532;9.967;5.533;11.765;7.566;7.666;5.399;10.698;14.798;9.032;17.966;5.367;13.428;4.134;10.598;14.335;5.466;17.264;6.999;7.933;4.666,30.000;30.000;30.000;30.000;30.000;30.000;30.000;30.000;30.000;30.000;30.000;30.000;30.000;30.000;30.000;30.000;30.000;30.000;30.000;30.000;30.000;30.000;30.000,Destroy,jaw movement,,,POINT,209.634,C:\Users\esthe\Downloads\destroy 14 _\Dest_1405_9_two.mp4,94,NA,
dest_1405,2025-06-26 15:24:30.572,,205.135,Media file(s),player #1:C:\Users\esthe\Downloads\destroy 14 _\commentary;C:\Users\esthe\Downloads\destroy 14 _\Dest_1405_10_three.mp4;C:\Users\esthe\Downloads\destroy 14 _\Dest_1405_11_one.mp4;C:\Users\esthe\Downloads\destroy 14 _\Dest_1405_12_two.mp4;C:\Users\esthe\Downloads\destroy 14 _\Dest_1405_13_five.mp4;C:\Users\esthe\Downloads\destroy 14 _\Dest_1405_14_onehalf.mp4;C:\Users\esthe\Downloads\destroy 14 _\Dest_1405_15_seven.mp4;C:\Users\esthe\Downloads\destroy 14 _\Dest_1405_16_three.mp4;C:\Users\esthe\Downloads\destroy 14 _\Dest_1405_17_three.mp4;C:\Users\esthe\Downloads\destroy 14 _\Dest_1405_18_two.mp4;C:\Users\esthe\Downloads\destroy 14 _\Dest_1405_19_five.mp4;C:\Users\esthe\Downloads\destroy 14 _\Dest_1405_20_one.mp4;C:\Users\esthe\Downloads\destroy 14 _\Dest_1405_21_five.mp4;C:\Users\esthe\Downloads\destroy 14 _\Dest_1405_22_seven.mp4;C:\Users\esthe\Downloads\destroy 14 _\Dest_1405_23_two.mp4;C:\Users\esthe\Downloads\destroy 14 _\Dest_1405_24_three.mp4;C:\Users\esthe\Downloads\destroy 14 _\Dest_1405_3_three.mp4;C:\Users\esthe\Downloads\destroy 14 _\Dest_1405_4_seven.mp4;C:\Users\esthe\Downloads\destroy 14 _\Dest_1405_5_five.mp4;C:\Users\esthe\Downloads\destroy 14 _\Dest_1405_6_seven.mp4;C:\Users\esthe\Downloads\destroy 14 _\Dest_1405_7_two.mp4;C:\Users\esthe\Downloads\destroy 14 _\Dest_1405_8_five.mp4;C:\Users\esthe\Downloads\destroy 14 _\Dest_1405_9_two.mp4,0.0,5.733;7.332;7.532;9.967;5.533;11.765;7.566;7.666;5.399;10.698;14.798;9.032;17.966;5.367;13.428;4.134;10.598;14.335;5.466;17.264;6.999;7.933;4.666,30.000;30.000;30.000;30.000;30.000;30.000;30.000;30.000;30.000;30.000;30.000;30.000;30.000;30.000;30.000;30.000;30.000;30.000;30.000;30.000;30.000;30.000;30.000,Destroy,jaw movement,,,POINT,209.800,C:\Users\esthe\Downloads\destroy 14 _\Dest_1405_9_two.mp4,99,NA,
dest_1405,2025-06-26 15:24:30.572,,205.135,Media file(s),player #1:C:\Users\esthe\Downloads\destroy 14 _\commentary;C:\Users\esthe\Downloads\destroy 14 _\Dest_1405_10_three.mp4;C:\Users\esthe\Downloads\destroy 14 _\Dest_1405_11_one.mp4;C:\Users\esthe\Downloads\destroy 14 _\Dest_1405_12_two.mp4;C:\Users\esthe\Downloads\destroy 14 _\Dest_1405_13_five.mp4;C:\Users\esthe\Downloads\destroy 14 _\Dest_1405_14_onehalf.mp4;C:\Users\esthe\Downloads\destroy 14 _\Dest_1405_15_seven.mp4;C:\Users\esthe\Downloads\destroy 14 _\Dest_1405_16_three.mp4;C:\Users\esthe\Downloads\destroy 14 _\Dest_1405_17_three.mp4;C:\Users\esthe\Downloads\destroy 14 _\Dest_1405_18_two.mp4;C:\Users\esthe\Downloads\destroy 14 _\Dest_1405_19_five.mp4;C:\Users\esthe\Downloads\destroy 14 _\Dest_1405_20_one.mp4;C:\Users\esthe\Downloads\destroy 14 _\Dest_1405_21_five.mp4;C:\Users\esthe\Downloads\destroy 14 _\Dest_1405_22_seven.mp4;C:\Users\esthe\Downloads\destroy 14 _\Dest_1405_23_two.mp4;C:\Users\esthe\Downloads\destroy 14 _\Dest_1405_24_three.mp4;C:\Users\esthe\Downloads\destroy 14 _\Dest_1405_3_three.mp4;C:\Users\esthe\Downloads\destroy 14 _\Dest_1405_4_seven.mp4;C:\Users\esthe\Downloads\destroy 14 _\Dest_1405_5_five.mp4;C:\Users\esthe\Downloads\destroy 14 _\Dest_1405_6_seven.mp4;C:\Users\esthe\Downloads\destroy 14 _\Dest_1405_7_two.mp4;C:\Users\esthe\Downloads\destroy 14 _\Dest_1405_8_five.mp4;C:\Users\esthe\Downloads\destroy 14 _\Dest_1405_9_two.mp4,0.0,5.733;7.332;7.532;9.967;5.533;11.765;7.566;7.666;5.399;10.698;14.798;9.032;17.966;5.367;13.428;4.134;10.598;14.335;5.466;17.264;6.999;7.933;4.666,30.000;30.000;30.000;30.000;30.000;30.000;30.000;30.000;30.000;30.000;30.000;30.000;30.000;30.000;30.000;30.000;30.000;30.000;30.000;30.000;30.000;30.000;30.000,Destroy,jaw movement,,,POINT,210.067,C:\Users\esthe\Downloads\destroy 14 _\Dest_1405_9_two.mp4,107,NA,
dest_1405,2025-06-26 15:24:30.572,,205.135,Media file(s),player #1:C:\Users\esthe\Downloads\destroy 14 _\commentary;C:\Users\esthe\Downloads\destroy 14 _\Dest_1405_10_three.mp4;C:\Users\esthe\Downloads\destroy 14 _\Dest_1405_11_one.mp4;C:\Users\esthe\Downloads\destroy 14 _\Dest_1405_12_two.mp4;C:\Users\esthe\Downloads\destroy 14 _\Dest_1405_13_five.mp4;C:\Users\esthe\Downloads\destroy 14 _\Dest_1405_14_onehalf.mp4;C:\Users\esthe\Downloads\destroy 14 _\Dest_1405_15_seven.mp4;C:\Users\esthe\Downloads\destroy 14 _\Dest_1405_16_three.mp4;C:\Users\esthe\Downloads\destroy 14 _\Dest_1405_17_three.mp4;C:\Users\esthe\Downloads\destroy 14 _\Dest_1405_18_two.mp4;C:\Users\esthe\Downloads\destroy 14 _\Dest_1405_19_five.mp4;C:\Users\esthe\Downloads\destroy 14 _\Dest_1405_20_one.mp4;C:\Users\esthe\Downloads\destroy 14 _\Dest_1405_21_five.mp4;C:\Users\esthe\Downloads\destroy 14 _\Dest_1405_22_seven.mp4;C:\Users\esthe\Downloads\destroy 14 _\Dest_1405_23_two.mp4;C:\Users\esthe\Downloads\destroy 14 _\Dest_1405_24_three.mp4;C:\Users\esthe\Downloads\destroy 14 _\Dest_1405_3_three.mp4;C:\Users\esthe\Downloads\destroy 14 _\Dest_1405_4_seven.mp4;C:\Users\esthe\Downloads\destroy 14 _\Dest_1405_5_five.mp4;C:\Users\esthe\Downloads\destroy 14 _\Dest_1405_6_seven.mp4;C:\Users\esthe\Downloads\destroy 14 _\Dest_1405_7_two.mp4;C:\Users\esthe\Downloads\destroy 14 _\Dest_1405_8_five.mp4;C:\Users\esthe\Downloads\destroy 14 _\Dest_1405_9_two.mp4,0.0,5.733;7.332;7.532;9.967;5.533;11.765;7.566;7.666;5.399;10.698;14.798;9.032;17.966;5.367;13.428;4.134;10.598;14.335;5.466;17.264;6.999;7.933;4.666,30.000;30.000;30.000;30.000;30.000;30.000;30.000;30.000;30.000;30.000;30.000;30.000;30.000;30.000;30.000;30.000;30.000;30.000;30.000;30.000;30.000;30.000;30.000,Destroy,peeling,,,STOP,210.400,C:\Users\esthe\Downloads\destroy 14 _\Dest_1405_9_two.mp4,117,NA,
dest_1405,2025-06-26 15:24:30.572,,205.135,Media file(s),player #1:C:\Users\esthe\Downloads\destroy 14 _\commentary;C:\Users\esthe\Downloads\destroy 14 _\Dest_1405_10_three.mp4;C:\Users\esthe\Downloads\destroy 14 _\Dest_1405_11_one.mp4;C:\Users\esthe\Downloads\destroy 14 _\Dest_1405_12_two.mp4;C:\Users\esthe\Downloads\destroy 14 _\Dest_1405_13_five.mp4;C:\Users\esthe\Downloads\destroy 14 _\Dest_1405_14_onehalf.mp4;C:\Users\esthe\Downloads\destroy 14 _\Dest_1405_15_seven.mp4;C:\Users\esthe\Downloads\destroy 14 _\Dest_1405_16_three.mp4;C:\Users\esthe\Downloads\destroy 14 _\Dest_1405_17_three.mp4;C:\Users\esthe\Downloads\destroy 14 _\Dest_1405_18_two.mp4;C:\Users\esthe\Downloads\destroy 14 _\Dest_1405_19_five.mp4;C:\Users\esthe\Downloads\destroy 14 _\Dest_1405_20_one.mp4;C:\Users\esthe\Downloads\destroy 14 _\Dest_1405_21_five.mp4;C:\Users\esthe\Downloads\destroy 14 _\Dest_1405_22_seven.mp4;C:\Users\esthe\Downloads\destroy 14 _\Dest_1405_23_two.mp4;C:\Users\esthe\Downloads\destroy 14 _\Dest_1405_24_three.mp4;C:\Users\esthe\Downloads\destroy 14 _\Dest_1405_3_three.mp4;C:\Users\esthe\Downloads\destroy 14 _\Dest_1405_4_seven.mp4;C:\Users\esthe\Downloads\destroy 14 _\Dest_1405_5_five.mp4;C:\Users\esthe\Downloads\destroy 14 _\Dest_1405_6_seven.mp4;C:\Users\esthe\Downloads\destroy 14 _\Dest_1405_7_two.mp4;C:\Users\esthe\Downloads\destroy 14 _\Dest_1405_8_five.mp4;C:\Users\esthe\Downloads\destroy 14 _\Dest_1405_9_two.mp4,0.0,5.733;7.332;7.532;9.967;5.533;11.765;7.566;7.666;5.399;10.698;14.798;9.032;17.966;5.367;13.428;4.134;10.598;14.335;5.466;17.264;6.999;7.933;4.666,30.000;30.000;30.000;30.000;30.000;30.000;30.000;30.000;30.000;30.000;30.000;30.000;30.000;30.000;30.000;30.000;30.000;30.000;30.000;30.000;30.000;30.000;30.000,Destroy,eating,,,START,210.734,C:\Users\esthe\Downloads\destroy 14 _\Dest_1405_9_two.mp4,127,NA,
dest_1405,2025-06-26 15:24:30.572,,205.135,Media file(s),player #1:C:\Users\esthe\Downloads\destroy 14 _\commentary;C:\Users\esthe\Downloads\destroy 14 _\Dest_1405_10_three.mp4;C:\Users\esthe\Downloads\destroy 14 _\Dest_1405_11_one.mp4;C:\Users\esthe\Downloads\destroy 14 _\Dest_1405_12_two.mp4;C:\Users\esthe\Downloads\destroy 14 _\Dest_1405_13_five.mp4;C:\Users\esthe\Downloads\destroy 14 _\Dest_1405_14_onehalf.mp4;C:\Users\esthe\Downloads\destroy 14 _\Dest_1405_15_seven.mp4;C:\Users\esthe\Downloads\destroy 14 _\Dest_1405_16_three.mp4;C:\Users\esthe\Downloads\destroy 14 _\Dest_1405_17_three.mp4;C:\Users\esthe\Downloads\destroy 14 _\Dest_1405_18_two.mp4;C:\Users\esthe\Downloads\destroy 14 _\Dest_1405_19_five.mp4;C:\Users\esthe\Downloads\destroy 14 _\Dest_1405_20_one.mp4;C:\Users\esthe\Downloads\destroy 14 _\Dest_1405_21_five.mp4;C:\Users\esthe\Downloads\destroy 14 _\Dest_1405_22_seven.mp4;C:\Users\esthe\Downloads\destroy 14 _\Dest_1405_23_two.mp4;C:\Users\esthe\Downloads\destroy 14 _\Dest_1405_24_three.mp4;C:\Users\esthe\Downloads\destroy 14 _\Dest_1405_3_three.mp4;C:\Users\esthe\Downloads\destroy 14 _\Dest_1405_4_seven.mp4;C:\Users\esthe\Downloads\destroy 14 _\Dest_1405_5_five.mp4;C:\Users\esthe\Downloads\destroy 14 _\Dest_1405_6_seven.mp4;C:\Users\esthe\Downloads\destroy 14 _\Dest_1405_7_two.mp4;C:\Users\esthe\Downloads\destroy 14 _\Dest_1405_8_five.mp4;C:\Users\esthe\Downloads\destroy 14 _\Dest_1405_9_two.mp4,0.0,5.733;7.332;7.532;9.967;5.533;11.765;7.566;7.666;5.399;10.698;14.798;9.032;17.966;5.367;13.428;4.134;10.598;14.335;5.466;17.264;6.999;7.933;4.666,30.000;30.000;30.000;30.000;30.000;30.000;30.000;30.000;30.000;30.000;30.000;30.000;30.000;30.000;30.000;30.000;30.000;30.000;30.000;30.000;30.000;30.000;30.000,Destroy,eating,,,STOP,211.034,C:\Users\esthe\Downloads\destroy 14 _\Dest_1405_9_two.mp4,136,NA,
