Observation id,Observation date,Description,Observation duration,Observation type,Source,Time offset (s),Media duration (s),FPS,Subject,Behavior,Behavioral category,Modifier #1,Behavior type,Time,Media file name,Image index,Image file path,Comment
dote_1505,2025-07-11 11:43:55.464,,103.115,Media file(s),player #1:C:\Users\esthe\Downloads\white dot 15 _\Dote_1505_10_seven.mp4;C:\Users\esthe\Downloads\white dot 15 _\Dote_1505_11_onehalf.mp4;C:\Users\esthe\Downloads\white dot 15 _\Dote_1505_12_onehalf.mp4;C:\Users\esthe\Downloads\white dot 15 _\Dote_1505_13_one.mp4;C:\Users\esthe\Downloads\white dot 15 _\Dote_1505_4_seven.mp4;C:\Users\esthe\Downloads\white dot 15 _\Dote_1505_5_onehalf.mp4;C:\Users\esthe\Downloads\white dot 15 _\Dote_1505_6_seven.mp4;C:\Users\esthe\Downloads\white dot 15 _\Dote_1505_7_onehalf.mp4;C:\Users\esthe\Downloads\white dot 15 _\Dote_1505_8_five.mp4;C:\Users\esthe\Downloads\white dot 15 _\Dote_1505_9_two.mp4,0.0,3.601;12.399;7.668;18.066;7.932;7.502;13.768;11.762;7.664;12.764,30.000;30.000;30.000;30.000;30.000;30.000;30.000;30.000;30.000;30.000,Dote,bending,,,START,0.000,C:\Users\esthe\Downloads\white dot 15 _\Dote_1505_10_seven.mp4,0,NA,
dote_1505,2025-07-11 11:43:55.464,,103.115,Media file(s),player #1:C:\Users\esthe\Downloads\white dot 15 _\Dote_1505_10_seven.mp4;C:\Users\esthe\Downloads\white dot 15 _\Dote_1505_11_onehalf.mp4;C:\Users\esthe\Downloads\white dot 15 _\Dote_1505_12_onehalf.mp4;C:\Users\esthe\Downloads\white dot 15 _\Dote_1505_13_one.mp4;C:\Users\esthe\Downloads\white dot 15 _\Dote_1505_4_seven.mp4;C:\Users\esthe\Downloads\white dot 15 _\Dote_1505_5_onehalf.mp4;C:\Users\esthe\Downloads\white dot 15 _\Dote_1505_6_seven.mp4;C:\Users\esthe\Downloads\white dot 15 _\Dote_1505_7_onehalf.mp4;C:\Users\esthe\Downloads\white dot 15 _\Dote_1505_8_five.mp4;C:\Users\esthe\Downloads\white dot 15 _\Dote_1505_9_two.mp4,0.0,3.601;12.399;7.668;18.066;7.932;7.502;13.768;11.762;7.664;12.764,30.000;30.000;30.000;30.000;30.000;30.000;30.000;30.000;30.000;30.000,Dote,bending,,,STOP,0.601,C:\Users\esthe\Downloads\white dot 15 _\Dote_1505_10_seven.mp4,18,NA,
dote_1505,2025-07-11 11:43:55.464,,103.115,Media file(s),player #1:C:\Users\esthe\Downloads\white dot 15 _\Dote_1505_10_seven.mp4;C:\Users\esthe\Downloads\white dot 15 _\Dote_1505_11_onehalf.mp4;C:\Users\esthe\Downloads\white dot 15 _\Dote_1505_12_onehalf.mp4;C:\Users\esthe\Downloads\white dot 15 _\Dote_1505_13_one.mp4;C:\Users\esthe\Downloads\white dot 15 _\Dote_1505_4_seven.mp4;C:\Users\esthe\Downloads\white dot 15 _\Dote_1505_5_onehalf.mp4;C:\Users\esthe\Downloads\white dot 15 _\Dote_1505_6_seven.mp4;C:\Users\esthe\Downloads\white dot 15 _\Dote_1505_7_onehalf.mp4;C:\Users\esthe\Downloads\white dot 15 _\Dote_1505_8_five.mp4;C:\Users\esthe\Downloads\white dot 15 _\Dote_1505_9_two.mp4,0.0,3.601;12.399;7.668;18.066;7.932;7.502;13.768;11.762;7.664;12.764,30.000;30.000;30.000;30.000;30.000;30.000;30.000;30.000;30.000;30.000,Dote,grabbing peanut,,,POINT,0.601,C:\Users\esthe\Downloads\white dot 15 _\Dote_1505_10_seven.mp4,18,NA,
dote_1505,2025-07-11 11:43:55.464,,103.115,Media file(s),player #1:C:\Users\esthe\Downloads\white dot 15 _\Dote_1505_10_seven.mp4;C:\Users\esthe\Downloads\white dot 15 _\Dote_1505_11_onehalf.mp4;C:\Users\esthe\Downloads\white dot 15 _\Dote_1505_12_onehalf.mp4;C:\Users\esthe\Downloads\white dot 15 _\Dote_1505_13_one.mp4;C:\Users\esthe\Downloads\white dot 15 _\Dote_1505_4_seven.mp4;C:\Users\esthe\Downloads\white dot 15 _\Dote_1505_5_onehalf.mp4;C:\Users\esthe\Downloads\white dot 15 _\Dote_1505_6_seven.mp4;C:\Users\esthe\Downloads\white dot 15 _\Dote_1505_7_onehalf.mp4;C:\Users\esthe\Downloads\white dot 15 _\Dote_1505_8_five.mp4;C:\Users\esthe\Downloads\white dot 15 _\Dote_1505_9_two.mp4,0.0,3.601;12.399;7.668;18.066;7.932;7.502;13.768;11.762;7.664;12.764,30.000;30.000;30.000;30.000;30.000;30.000;30.000;30.000;30.000;30.000,Dote,lifting,,,START,0.634,C:\Users\esthe\Downloads\white dot 15 _\Dote_1505_10_seven.mp4,19,NA,
dote_1505,2025-07-11 11:43:55.464,,103.115,Media file(s),player #1:C:\Users\esthe\Downloads\white dot 15 _\Dote_1505_10_seven.mp4;C:\Users\esthe\Downloads\white dot 15 _\Dote_1505_11_onehalf.mp4;C:\Users\esthe\Downloads\white dot 15 _\Dote_1505_12_onehalf.mp4;C:\Users\esthe\Downloads\white dot 15 _\Dote_1505_13_one.mp4;C:\Users\esthe\Downloads\white dot 15 _\Dote_1505_4_seven.mp4;C:\Users\esthe\Downloads\white dot 15 _\Dote_1505_5_onehalf.mp4;C:\Users\esthe\Downloads\white dot 15 _\Dote_1505_6_seven.mp4;C:\Users\esthe\Downloads\white dot 15 _\Dote_1505_7_onehalf.mp4;C:\Users\esthe\Downloads\white dot 15 _\Dote_1505_8_five.mp4;C:\Users\esthe\Downloads\white dot 15 _\Dote_1505_9_two.mp4,0.0,3.601;12.399;7.668;18.066;7.932;7.502;13.768;11.762;7.664;12.764,30.000;30.000;30.000;30.000;30.000;30.000;30.000;30.000;30.000;30.000,Dote,lifting,,,STOP,1.067,C:\Users\esthe\Downloads\white dot 15 _\Dote_1505_10_seven.mp4,32,NA,
dote_1505,2025-07-11 11:43:55.464,,103.115,Media file(s),player #1:C:\Users\esthe\Downloads\white dot 15 _\Dote_1505_10_seven.mp4;C:\Users\esthe\Downloads\white dot 15 _\Dote_1505_11_onehalf.mp4;C:\Users\esthe\Downloads\white dot 15 _\Dote_1505_12_onehalf.mp4;C:\Users\esthe\Downloads\white dot 15 _\Dote_1505_13_one.mp4;C:\Users\esthe\Downloads\white dot 15 _\Dote_1505_4_seven.mp4;C:\Users\esthe\Downloads\white dot 15 _\Dote_1505_5_onehalf.mp4;C:\Users\esthe\Downloads\white dot 15 _\Dote_1505_6_seven.mp4;C:\Users\esthe\Downloads\white dot 15 _\Dote_1505_7_onehalf.mp4;C:\Users\esthe\Downloads\white dot 15 _\Dote_1505_8_five.mp4;C:\Users\esthe\Downloads\white dot 15 _\Dote_1505_9_two.mp4,0.0,3.601;12.399;7.668;18.066;7.932;7.502;13.768;11.762;7.664;12.764,30.000;30.000;30.000;30.000;30.000;30.000;30.000;30.000;30.000;30.000,Dote,target,,,START,1.167,C:\Users\esthe\Downloads\white dot 15 _\Dote_1505_10_seven.mp4,35,NA,
dote_1505,2025-07-11 11:43:55.464,,103.115,Media file(s),player #1:C:\Users\esthe\Downloads\white dot 15 _\Dote_1505_10_seven.mp4;C:\Users\esthe\Downloads\white dot 15 _\Dote_1505_11_onehalf.mp4;C:\Users\esthe\Downloads\white dot 15 _\Dote_1505_12_onehalf.mp4;C:\Users\esthe\Downloads\white dot 15 _\Dote_1505_13_one.mp4;C:\Users\esthe\Downloads\white dot 15 _\Dote_1505_4_seven.mp4;C:\Users\esthe\Downloads\white dot 15 _\Dote_1505_5_onehalf.mp4;C:\Users\esthe\Downloads\white dot 15 _\Dote_1505_6_seven.mp4;C:\Users\esthe\Downloads\white dot 15 _\Dote_1505_7_onehalf.mp4;C:\Users\esthe\Downloads\white dot 15 _\Dote_1505_8_five.mp4;C:\Users\esthe\Downloads\white dot 15 _\Dote_1505_9_two.mp4,0.0,3.601;12.399;7.668;18.066;7.932;7.502;13.768;11.762;7.664;12.764,30.000;30.000;30.000;30.000;30.000;30.000;30.000;30.000;30.000;30.000,Dote,target,,,STOP,3.501,C:\Users\esthe\Downloads\white dot 15 _\Dote_1505_10_seven.mp4,105,NA,
dote_1505,2025-07-11 11:43:55.464,,103.115,Media file(s),player #1:C:\Users\esthe\Downloads\white dot 15 _\Dote_1505_10_seven.mp4;C:\Users\esthe\Downloads\white dot 15 _\Dote_1505_11_onehalf.mp4;C:\Users\esthe\Downloads\white dot 15 _\Dote_1505_12_onehalf.mp4;C:\Users\esthe\Downloads\white dot 15 _\Dote_1505_13_one.mp4;C:\Users\esthe\Downloads\white dot 15 _\Dote_1505_4_seven.mp4;C:\Users\esthe\Downloads\white dot 15 _\Dote_1505_5_onehalf.mp4;C:\Users\esthe\Downloads\white dot 15 _\Dote_1505_6_seven.mp4;C:\Users\esthe\Downloads\white dot 15 _\Dote_1505_7_onehalf.mp4;C:\Users\esthe\Downloads\white dot 15 _\Dote_1505_8_five.mp4;C:\Users\esthe\Downloads\white dot 15 _\Dote_1505_9_two.mp4,0.0,3.601;12.399;7.668;18.066;7.932;7.502;13.768;11.762;7.664;12.764,30.000;30.000;30.000;30.000;30.000;30.000;30.000;30.000;30.000;30.000,Dote,assessing,,,START,9.599,C:\Users\esthe\Downloads\white dot 15 _\Dote_1505_11_onehalf.mp4,180,NA,
dote_1505,2025-07-11 11:43:55.464,,103.115,Media file(s),player #1:C:\Users\esthe\Downloads\white dot 15 _\Dote_1505_10_seven.mp4;C:\Users\esthe\Downloads\white dot 15 _\Dote_1505_11_onehalf.mp4;C:\Users\esthe\Downloads\white dot 15 _\Dote_1505_12_onehalf.mp4;C:\Users\esthe\Downloads\white dot 15 _\Dote_1505_13_one.mp4;C:\Users\esthe\Downloads\white dot 15 _\Dote_1505_4_seven.mp4;C:\Users\esthe\Downloads\white dot 15 _\Dote_1505_5_onehalf.mp4;C:\Users\esthe\Downloads\white dot 15 _\Dote_1505_6_seven.mp4;C:\Users\esthe\Downloads\white dot 15 _\Dote_1505_7_onehalf.mp4;C:\Users\esthe\Downloads\white dot 15 _\Dote_1505_8_five.mp4;C:\Users\esthe\Downloads\white dot 15 _\Dote_1505_9_two.mp4,0.0,3.601;12.399;7.668;18.066;7.932;7.502;13.768;11.762;7.664;12.764,30.000;30.000;30.000;30.000;30.000;30.000;30.000;30.000;30.000;30.000,Dote,jaw movement,,,POINT,9.665,C:\Users\esthe\Downloads\white dot 15 _\Dote_1505_11_onehalf.mp4,182,NA,
dote_1505,2025-07-11 11:43:55.464,,103.115,Media file(s),player #1:C:\Users\esthe\Downloads\white dot 15 _\Dote_1505_10_seven.mp4;C:\Users\esthe\Downloads\white dot 15 _\Dote_1505_11_onehalf.mp4;C:\Users\esthe\Downloads\white dot 15 _\Dote_1505_12_onehalf.mp4;C:\Users\esthe\Downloads\white dot 15 _\Dote_1505_13_one.mp4;C:\Users\esthe\Downloads\white dot 15 _\Dote_1505_4_seven.mp4;C:\Users\esthe\Downloads\white dot 15 _\Dote_1505_5_onehalf.mp4;C:\Users\esthe\Downloads\white dot 15 _\Dote_1505_6_seven.mp4;C:\Users\esthe\Downloads\white dot 15 _\Dote_1505_7_onehalf.mp4;C:\Users\esthe\Downloads\white dot 15 _\Dote_1505_8_five.mp4;C:\Users\esthe\Downloads\white dot 15 _\Dote_1505_9_two.mp4,0.0,3.601;12.399;7.668;18.066;7.932;7.502;13.768;11.762;7.664;12.764,30.000;30.000;30.000;30.000;30.000;30.000;30.000;30.000;30.000;30.000,Dote,jaw movement,,,POINT,9.865,C:\Users\esthe\Downloads\white dot 15 _\Dote_1505_11_onehalf.mp4,188,NA,
dote_1505,2025-07-11 11:43:55.464,,103.115,Media file(s),player #1:C:\Users\esthe\Downloads\white dot 15 _\Dote_1505_10_seven.mp4;C:\Users\esthe\Downloads\white dot 15 _\Dote_1505_11_onehalf.mp4;C:\Users\esthe\Downloads\white dot 15 _\Dote_1505_12_onehalf.mp4;C:\Users\esthe\Downloads\white dot 15 _\Dote_1505_13_one.mp4;C:\Users\esthe\Downloads\white dot 15 _\Dote_1505_4_seven.mp4;C:\Users\esthe\Downloads\white dot 15 _\Dote_1505_5_onehalf.mp4;C:\Users\esthe\Downloads\white dot 15 _\Dote_1505_6_seven.mp4;C:\Users\esthe\Downloads\white dot 15 _\Dote_1505_7_onehalf.mp4;C:\Users\esthe\Downloads\white dot 15 _\Dote_1505_8_five.mp4;C:\Users\esthe\Downloads\white dot 15 _\Dote_1505_9_two.mp4,0.0,3.601;12.399;7.668;18.066;7.932;7.502;13.768;11.762;7.664;12.764,30.000;30.000;30.000;30.000;30.000;30.000;30.000;30.000;30.000;30.000,Dote,licking,,,POINT,9.999,C:\Users\esthe\Downloads\white dot 15 _\Dote_1505_11_onehalf.mp4,192,NA,
dote_1505,2025-07-11 11:43:55.464,,103.115,Media file(s),player #1:C:\Users\esthe\Downloads\white dot 15 _\Dote_1505_10_seven.mp4;C:\Users\esthe\Downloads\white dot 15 _\Dote_1505_11_onehalf.mp4;C:\Users\esthe\Downloads\white dot 15 _\Dote_1505_12_onehalf.mp4;C:\Users\esthe\Downloads\white dot 15 _\Dote_1505_13_one.mp4;C:\Users\esthe\Downloads\white dot 15 _\Dote_1505_4_seven.mp4;C:\Users\esthe\Downloads\white dot 15 _\Dote_1505_5_onehalf.mp4;C:\Users\esthe\Downloads\white dot 15 _\Dote_1505_6_seven.mp4;C:\Users\esthe\Downloads\white dot 15 _\Dote_1505_7_onehalf.mp4;C:\Users\esthe\Downloads\white dot 15 _\Dote_1505_8_five.mp4;C:\Users\esthe\Downloads\white dot 15 _\Dote_1505_9_two.mp4,0.0,3.601;12.399;7.668;18.066;7.932;7.502;13.768;11.762;7.664;12.764,30.000;30.000;30.000;30.000;30.000;30.000;30.000;30.000;30.000;30.000,Dote,rotation,,Vertical,START,10.065,C:\Users\esthe\Downloads\white dot 15 _\Dote_1505_11_onehalf.mp4,194,NA,
dote_1505,2025-07-11 11:43:55.464,,103.115,Media file(s),player #1:C:\Users\esthe\Downloads\white dot 15 _\Dote_1505_10_seven.mp4;C:\Users\esthe\Downloads\white dot 15 _\Dote_1505_11_onehalf.mp4;C:\Users\esthe\Downloads\white dot 15 _\Dote_1505_12_onehalf.mp4;C:\Users\esthe\Downloads\white dot 15 _\Dote_1505_13_one.mp4;C:\Users\esthe\Downloads\white dot 15 _\Dote_1505_4_seven.mp4;C:\Users\esthe\Downloads\white dot 15 _\Dote_1505_5_onehalf.mp4;C:\Users\esthe\Downloads\white dot 15 _\Dote_1505_6_seven.mp4;C:\Users\esthe\Downloads\white dot 15 _\Dote_1505_7_onehalf.mp4;C:\Users\esthe\Downloads\white dot 15 _\Dote_1505_8_five.mp4;C:\Users\esthe\Downloads\white dot 15 _\Dote_1505_9_two.mp4,0.0,3.601;12.399;7.668;18.066;7.932;7.502;13.768;11.762;7.664;12.764,30.000;30.000;30.000;30.000;30.000;30.000;30.000;30.000;30.000;30.000,Dote,jaw movement,,,POINT,10.132,C:\Users\esthe\Downloads\white dot 15 _\Dote_1505_11_onehalf.mp4,196,NA,
dote_1505,2025-07-11 11:43:55.464,,103.115,Media file(s),player #1:C:\Users\esthe\Downloads\white dot 15 _\Dote_1505_10_seven.mp4;C:\Users\esthe\Downloads\white dot 15 _\Dote_1505_11_onehalf.mp4;C:\Users\esthe\Downloads\white dot 15 _\Dote_1505_12_onehalf.mp4;C:\Users\esthe\Downloads\white dot 15 _\Dote_1505_13_one.mp4;C:\Users\esthe\Downloads\white dot 15 _\Dote_1505_4_seven.mp4;C:\Users\esthe\Downloads\white dot 15 _\Dote_1505_5_onehalf.mp4;C:\Users\esthe\Downloads\white dot 15 _\Dote_1505_6_seven.mp4;C:\Users\esthe\Downloads\white dot 15 _\Dote_1505_7_onehalf.mp4;C:\Users\esthe\Downloads\white dot 15 _\Dote_1505_8_five.mp4;C:\Users\esthe\Downloads\white dot 15 _\Dote_1505_9_two.mp4,0.0,3.601;12.399;7.668;18.066;7.932;7.502;13.768;11.762;7.664;12.764,30.000;30.000;30.000;30.000;30.000;30.000;30.000;30.000;30.000;30.000,Dote,rotation,,Vertical,STOP,10.299,C:\Users\esthe\Downloads\white dot 15 _\Dote_1505_11_onehalf.mp4,201,NA,
dote_1505,2025-07-11 11:43:55.464,,103.115,Media file(s),player #1:C:\Users\esthe\Downloads\white dot 15 _\Dote_1505_10_seven.mp4;C:\Users\esthe\Downloads\white dot 15 _\Dote_1505_11_onehalf.mp4;C:\Users\esthe\Downloads\white dot 15 _\Dote_1505_12_onehalf.mp4;C:\Users\esthe\Downloads\white dot 15 _\Dote_1505_13_one.mp4;C:\Users\esthe\Downloads\white dot 15 _\Dote_1505_4_seven.mp4;C:\Users\esthe\Downloads\white dot 15 _\Dote_1505_5_onehalf.mp4;C:\Users\esthe\Downloads\white dot 15 _\Dote_1505_6_seven.mp4;C:\Users\esthe\Downloads\white dot 15 _\Dote_1505_7_onehalf.mp4;C:\Users\esthe\Downloads\white dot 15 _\Dote_1505_8_five.mp4;C:\Users\esthe\Downloads\white dot 15 _\Dote_1505_9_two.mp4,0.0,3.601;12.399;7.668;18.066;7.932;7.502;13.768;11.762;7.664;12.764,30.000;30.000;30.000;30.000;30.000;30.000;30.000;30.000;30.000;30.000,Dote,teeth-hole contact,,,POINT,10.299,C:\Users\esthe\Downloads\white dot 15 _\Dote_1505_11_onehalf.mp4,201,NA,
dote_1505,2025-07-11 11:43:55.464,,103.115,Media file(s),player #1:C:\Users\esthe\Downloads\white dot 15 _\Dote_1505_10_seven.mp4;C:\Users\esthe\Downloads\white dot 15 _\Dote_1505_11_onehalf.mp4;C:\Users\esthe\Downloads\white dot 15 _\Dote_1505_12_onehalf.mp4;C:\Users\esthe\Downloads\white dot 15 _\Dote_1505_13_one.mp4;C:\Users\esthe\Downloads\white dot 15 _\Dote_1505_4_seven.mp4;C:\Users\esthe\Downloads\white dot 15 _\Dote_1505_5_onehalf.mp4;C:\Users\esthe\Downloads\white dot 15 _\Dote_1505_6_seven.mp4;C:\Users\esthe\Downloads\white dot 15 _\Dote_1505_7_onehalf.mp4;C:\Users\esthe\Downloads\white dot 15 _\Dote_1505_8_five.mp4;C:\Users\esthe\Downloads\white dot 15 _\Dote_1505_9_two.mp4,0.0,3.601;12.399;7.668;18.066;7.932;7.502;13.768;11.762;7.664;12.764,30.000;30.000;30.000;30.000;30.000;30.000;30.000;30.000;30.000;30.000,Dote,jaw movement,,,POINT,10.332,C:\Users\esthe\Downloads\white dot 15 _\Dote_1505_11_onehalf.mp4,202,NA,
dote_1505,2025-07-11 11:43:55.464,,103.115,Media file(s),player #1:C:\Users\esthe\Downloads\white dot 15 _\Dote_1505_10_seven.mp4;C:\Users\esthe\Downloads\white dot 15 _\Dote_1505_11_onehalf.mp4;C:\Users\esthe\Downloads\white dot 15 _\Dote_1505_12_onehalf.mp4;C:\Users\esthe\Downloads\white dot 15 _\Dote_1505_13_one.mp4;C:\Users\esthe\Downloads\white dot 15 _\Dote_1505_4_seven.mp4;C:\Users\esthe\Downloads\white dot 15 _\Dote_1505_5_onehalf.mp4;C:\Users\esthe\Downloads\white dot 15 _\Dote_1505_6_seven.mp4;C:\Users\esthe\Downloads\white dot 15 _\Dote_1505_7_onehalf.mp4;C:\Users\esthe\Downloads\white dot 15 _\Dote_1505_8_five.mp4;C:\Users\esthe\Downloads\white dot 15 _\Dote_1505_9_two.mp4,0.0,3.601;12.399;7.668;18.066;7.932;7.502;13.768;11.762;7.664;12.764,30.000;30.000;30.000;30.000;30.000;30.000;30.000;30.000;30.000;30.000,Dote,ear clapping,,,POINT,10.432,C:\Users\esthe\Downloads\white dot 15 _\Dote_1505_11_onehalf.mp4,205,NA,
dote_1505,2025-07-11 11:43:55.464,,103.115,Media file(s),player #1:C:\Users\esthe\Downloads\white dot 15 _\Dote_1505_10_seven.mp4;C:\Users\esthe\Downloads\white dot 15 _\Dote_1505_11_onehalf.mp4;C:\Users\esthe\Downloads\white dot 15 _\Dote_1505_12_onehalf.mp4;C:\Users\esthe\Downloads\white dot 15 _\Dote_1505_13_one.mp4;C:\Users\esthe\Downloads\white dot 15 _\Dote_1505_4_seven.mp4;C:\Users\esthe\Downloads\white dot 15 _\Dote_1505_5_onehalf.mp4;C:\Users\esthe\Downloads\white dot 15 _\Dote_1505_6_seven.mp4;C:\Users\esthe\Downloads\white dot 15 _\Dote_1505_7_onehalf.mp4;C:\Users\esthe\Downloads\white dot 15 _\Dote_1505_8_five.mp4;C:\Users\esthe\Downloads\white dot 15 _\Dote_1505_9_two.mp4,0.0,3.601;12.399;7.668;18.066;7.932;7.502;13.768;11.762;7.664;12.764,30.000;30.000;30.000;30.000;30.000;30.000;30.000;30.000;30.000;30.000,Dote,sniffing,,,POINT,10.465,C:\Users\esthe\Downloads\white dot 15 _\Dote_1505_11_onehalf.mp4,206,NA,
dote_1505,2025-07-11 11:43:55.464,,103.115,Media file(s),player #1:C:\Users\esthe\Downloads\white dot 15 _\Dote_1505_10_seven.mp4;C:\Users\esthe\Downloads\white dot 15 _\Dote_1505_11_onehalf.mp4;C:\Users\esthe\Downloads\white dot 15 _\Dote_1505_12_onehalf.mp4;C:\Users\esthe\Downloads\white dot 15 _\Dote_1505_13_one.mp4;C:\Users\esthe\Downloads\white dot 15 _\Dote_1505_4_seven.mp4;C:\Users\esthe\Downloads\white dot 15 _\Dote_1505_5_onehalf.mp4;C:\Users\esthe\Downloads\white dot 15 _\Dote_1505_6_seven.mp4;C:\Users\esthe\Downloads\white dot 15 _\Dote_1505_7_onehalf.mp4;C:\Users\esthe\Downloads\white dot 15 _\Dote_1505_8_five.mp4;C:\Users\esthe\Downloads\white dot 15 _\Dote_1505_9_two.mp4,0.0,3.601;12.399;7.668;18.066;7.932;7.502;13.768;11.762;7.664;12.764,30.000;30.000;30.000;30.000;30.000;30.000;30.000;30.000;30.000;30.000,Dote,jaw movement,,,POINT,10.598,C:\Users\esthe\Downloads\white dot 15 _\Dote_1505_11_onehalf.mp4,210,NA,
dote_1505,2025-07-11 11:43:55.464,,103.115,Media file(s),player #1:C:\Users\esthe\Downloads\white dot 15 _\Dote_1505_10_seven.mp4;C:\Users\esthe\Downloads\white dot 15 _\Dote_1505_11_onehalf.mp4;C:\Users\esthe\Downloads\white dot 15 _\Dote_1505_12_onehalf.mp4;C:\Users\esthe\Downloads\white dot 15 _\Dote_1505_13_one.mp4;C:\Users\esthe\Downloads\white dot 15 _\Dote_1505_4_seven.mp4;C:\Users\esthe\Downloads\white dot 15 _\Dote_1505_5_onehalf.mp4;C:\Users\esthe\Downloads\white dot 15 _\Dote_1505_6_seven.mp4;C:\Users\esthe\Downloads\white dot 15 _\Dote_1505_7_onehalf.mp4;C:\Users\esthe\Downloads\white dot 15 _\Dote_1505_8_five.mp4;C:\Users\esthe\Downloads\white dot 15 _\Dote_1505_9_two.mp4,0.0,3.601;12.399;7.668;18.066;7.932;7.502;13.768;11.762;7.664;12.764,30.000;30.000;30.000;30.000;30.000;30.000;30.000;30.000;30.000;30.000,Dote,rotation,,Horizontal,START,10.632,C:\Users\esthe\Downloads\white dot 15 _\Dote_1505_11_onehalf.mp4,211,NA,
dote_1505,2025-07-11 11:43:55.464,,103.115,Media file(s),player #1:C:\Users\esthe\Downloads\white dot 15 _\Dote_1505_10_seven.mp4;C:\Users\esthe\Downloads\white dot 15 _\Dote_1505_11_onehalf.mp4;C:\Users\esthe\Downloads\white dot 15 _\Dote_1505_12_onehalf.mp4;C:\Users\esthe\Downloads\white dot 15 _\Dote_1505_13_one.mp4;C:\Users\esthe\Downloads\white dot 15 _\Dote_1505_4_seven.mp4;C:\Users\esthe\Downloads\white dot 15 _\Dote_1505_5_onehalf.mp4;C:\Users\esthe\Downloads\white dot 15 _\Dote_1505_6_seven.mp4;C:\Users\esthe\Downloads\white dot 15 _\Dote_1505_7_onehalf.mp4;C:\Users\esthe\Downloads\white dot 15 _\Dote_1505_8_five.mp4;C:\Users\esthe\Downloads\white dot 15 _\Dote_1505_9_two.mp4,0.0,3.601;12.399;7.668;18.066;7.932;7.502;13.768;11.762;7.664;12.764,30.000;30.000;30.000;30.000;30.000;30.000;30.000;30.000;30.000;30.000,Dote,rotation,,Horizontal,STOP,11.098,C:\Users\esthe\Downloads\white dot 15 _\Dote_1505_11_onehalf.mp4,225,NA,
dote_1505,2025-07-11 11:43:55.464,,103.115,Media file(s),player #1:C:\Users\esthe\Downloads\white dot 15 _\Dote_1505_10_seven.mp4;C:\Users\esthe\Downloads\white dot 15 _\Dote_1505_11_onehalf.mp4;C:\Users\esthe\Downloads\white dot 15 _\Dote_1505_12_onehalf.mp4;C:\Users\esthe\Downloads\white dot 15 _\Dote_1505_13_one.mp4;C:\Users\esthe\Downloads\white dot 15 _\Dote_1505_4_seven.mp4;C:\Users\esthe\Downloads\white dot 15 _\Dote_1505_5_onehalf.mp4;C:\Users\esthe\Downloads\white dot 15 _\Dote_1505_6_seven.mp4;C:\Users\esthe\Downloads\white dot 15 _\Dote_1505_7_onehalf.mp4;C:\Users\esthe\Downloads\white dot 15 _\Dote_1505_8_five.mp4;C:\Users\esthe\Downloads\white dot 15 _\Dote_1505_9_two.mp4,0.0,3.601;12.399;7.668;18.066;7.932;7.502;13.768;11.762;7.664;12.764,30.000;30.000;30.000;30.000;30.000;30.000;30.000;30.000;30.000;30.000,Dote,teeth-hole contact,,,POINT,11.165,C:\Users\esthe\Downloads\white dot 15 _\Dote_1505_11_onehalf.mp4,227,NA,
dote_1505,2025-07-11 11:43:55.464,,103.115,Media file(s),player #1:C:\Users\esthe\Downloads\white dot 15 _\Dote_1505_10_seven.mp4;C:\Users\esthe\Downloads\white dot 15 _\Dote_1505_11_onehalf.mp4;C:\Users\esthe\Downloads\white dot 15 _\Dote_1505_12_onehalf.mp4;C:\Users\esthe\Downloads\white dot 15 _\Dote_1505_13_one.mp4;C:\Users\esthe\Downloads\white dot 15 _\Dote_1505_4_seven.mp4;C:\Users\esthe\Downloads\white dot 15 _\Dote_1505_5_onehalf.mp4;C:\Users\esthe\Downloads\white dot 15 _\Dote_1505_6_seven.mp4;C:\Users\esthe\Downloads\white dot 15 _\Dote_1505_7_onehalf.mp4;C:\Users\esthe\Downloads\white dot 15 _\Dote_1505_8_five.mp4;C:\Users\esthe\Downloads\white dot 15 _\Dote_1505_9_two.mp4,0.0,3.601;12.399;7.668;18.066;7.932;7.502;13.768;11.762;7.664;12.764,30.000;30.000;30.000;30.000;30.000;30.000;30.000;30.000;30.000;30.000,Dote,teeth-hole contact,,,POINT,11.399,C:\Users\esthe\Downloads\white dot 15 _\Dote_1505_11_onehalf.mp4,234,NA,
dote_1505,2025-07-11 11:43:55.464,,103.115,Media file(s),player #1:C:\Users\esthe\Downloads\white dot 15 _\Dote_1505_10_seven.mp4;C:\Users\esthe\Downloads\white dot 15 _\Dote_1505_11_onehalf.mp4;C:\Users\esthe\Downloads\white dot 15 _\Dote_1505_12_onehalf.mp4;C:\Users\esthe\Downloads\white dot 15 _\Dote_1505_13_one.mp4;C:\Users\esthe\Downloads\white dot 15 _\Dote_1505_4_seven.mp4;C:\Users\esthe\Downloads\white dot 15 _\Dote_1505_5_onehalf.mp4;C:\Users\esthe\Downloads\white dot 15 _\Dote_1505_6_seven.mp4;C:\Users\esthe\Downloads\white dot 15 _\Dote_1505_7_onehalf.mp4;C:\Users\esthe\Downloads\white dot 15 _\Dote_1505_8_five.mp4;C:\Users\esthe\Downloads\white dot 15 _\Dote_1505_9_two.mp4,0.0,3.601;12.399;7.668;18.066;7.932;7.502;13.768;11.762;7.664;12.764,30.000;30.000;30.000;30.000;30.000;30.000;30.000;30.000;30.000;30.000,Dote,assessing,,,STOP,11.765,C:\Users\esthe\Downloads\white dot 15 _\Dote_1505_11_onehalf.mp4,245,NA,
dote_1505,2025-07-11 11:43:55.464,,103.115,Media file(s),player #1:C:\Users\esthe\Downloads\white dot 15 _\Dote_1505_10_seven.mp4;C:\Users\esthe\Downloads\white dot 15 _\Dote_1505_11_onehalf.mp4;C:\Users\esthe\Downloads\white dot 15 _\Dote_1505_12_onehalf.mp4;C:\Users\esthe\Downloads\white dot 15 _\Dote_1505_13_one.mp4;C:\Users\esthe\Downloads\white dot 15 _\Dote_1505_4_seven.mp4;C:\Users\esthe\Downloads\white dot 15 _\Dote_1505_5_onehalf.mp4;C:\Users\esthe\Downloads\white dot 15 _\Dote_1505_6_seven.mp4;C:\Users\esthe\Downloads\white dot 15 _\Dote_1505_7_onehalf.mp4;C:\Users\esthe\Downloads\white dot 15 _\Dote_1505_8_five.mp4;C:\Users\esthe\Downloads\white dot 15 _\Dote_1505_9_two.mp4,0.0,3.601;12.399;7.668;18.066;7.932;7.502;13.768;11.762;7.664;12.764,30.000;30.000;30.000;30.000;30.000;30.000;30.000;30.000;30.000;30.000,Dote,peeling,,,START,11.932,C:\Users\esthe\Downloads\white dot 15 _\Dote_1505_11_onehalf.mp4,250,NA,
dote_1505,2025-07-11 11:43:55.464,,103.115,Media file(s),player #1:C:\Users\esthe\Downloads\white dot 15 _\Dote_1505_10_seven.mp4;C:\Users\esthe\Downloads\white dot 15 _\Dote_1505_11_onehalf.mp4;C:\Users\esthe\Downloads\white dot 15 _\Dote_1505_12_onehalf.mp4;C:\Users\esthe\Downloads\white dot 15 _\Dote_1505_13_one.mp4;C:\Users\esthe\Downloads\white dot 15 _\Dote_1505_4_seven.mp4;C:\Users\esthe\Downloads\white dot 15 _\Dote_1505_5_onehalf.mp4;C:\Users\esthe\Downloads\white dot 15 _\Dote_1505_6_seven.mp4;C:\Users\esthe\Downloads\white dot 15 _\Dote_1505_7_onehalf.mp4;C:\Users\esthe\Downloads\white dot 15 _\Dote_1505_8_five.mp4;C:\Users\esthe\Downloads\white dot 15 _\Dote_1505_9_two.mp4,0.0,3.601;12.399;7.668;18.066;7.932;7.502;13.768;11.762;7.664;12.764,30.000;30.000;30.000;30.000;30.000;30.000;30.000;30.000;30.000;30.000,Dote,jaw movement,,,POINT,12.098,C:\Users\esthe\Downloads\white dot 15 _\Dote_1505_11_onehalf.mp4,255,NA,
dote_1505,2025-07-11 11:43:55.464,,103.115,Media file(s),player #1:C:\Users\esthe\Downloads\white dot 15 _\Dote_1505_10_seven.mp4;C:\Users\esthe\Downloads\white dot 15 _\Dote_1505_11_onehalf.mp4;C:\Users\esthe\Downloads\white dot 15 _\Dote_1505_12_onehalf.mp4;C:\Users\esthe\Downloads\white dot 15 _\Dote_1505_13_one.mp4;C:\Users\esthe\Downloads\white dot 15 _\Dote_1505_4_seven.mp4;C:\Users\esthe\Downloads\white dot 15 _\Dote_1505_5_onehalf.mp4;C:\Users\esthe\Downloads\white dot 15 _\Dote_1505_6_seven.mp4;C:\Users\esthe\Downloads\white dot 15 _\Dote_1505_7_onehalf.mp4;C:\Users\esthe\Downloads\white dot 15 _\Dote_1505_8_five.mp4;C:\Users\esthe\Downloads\white dot 15 _\Dote_1505_9_two.mp4,0.0,3.601;12.399;7.668;18.066;7.932;7.502;13.768;11.762;7.664;12.764,30.000;30.000;30.000;30.000;30.000;30.000;30.000;30.000;30.000;30.000,Dote,jaw movement,,,POINT,12.165,C:\Users\esthe\Downloads\white dot 15 _\Dote_1505_11_onehalf.mp4,257,NA,
dote_1505,2025-07-11 11:43:55.464,,103.115,Media file(s),player #1:C:\Users\esthe\Downloads\white dot 15 _\Dote_1505_10_seven.mp4;C:\Users\esthe\Downloads\white dot 15 _\Dote_1505_11_onehalf.mp4;C:\Users\esthe\Downloads\white dot 15 _\Dote_1505_12_onehalf.mp4;C:\Users\esthe\Downloads\white dot 15 _\Dote_1505_13_one.mp4;C:\Users\esthe\Downloads\white dot 15 _\Dote_1505_4_seven.mp4;C:\Users\esthe\Downloads\white dot 15 _\Dote_1505_5_onehalf.mp4;C:\Users\esthe\Downloads\white dot 15 _\Dote_1505_6_seven.mp4;C:\Users\esthe\Downloads\white dot 15 _\Dote_1505_7_onehalf.mp4;C:\Users\esthe\Downloads\white dot 15 _\Dote_1505_8_five.mp4;C:\Users\esthe\Downloads\white dot 15 _\Dote_1505_9_two.mp4,0.0,3.601;12.399;7.668;18.066;7.932;7.502;13.768;11.762;7.664;12.764,30.000;30.000;30.000;30.000;30.000;30.000;30.000;30.000;30.000;30.000,Dote,jaw movement,,,POINT,12.332,C:\Users\esthe\Downloads\white dot 15 _\Dote_1505_11_onehalf.mp4,263,NA,
dote_1505,2025-07-11 11:43:55.464,,103.115,Media file(s),player #1:C:\Users\esthe\Downloads\white dot 15 _\Dote_1505_10_seven.mp4;C:\Users\esthe\Downloads\white dot 15 _\Dote_1505_11_onehalf.mp4;C:\Users\esthe\Downloads\white dot 15 _\Dote_1505_12_onehalf.mp4;C:\Users\esthe\Downloads\white dot 15 _\Dote_1505_13_one.mp4;C:\Users\esthe\Downloads\white dot 15 _\Dote_1505_4_seven.mp4;C:\Users\esthe\Downloads\white dot 15 _\Dote_1505_5_onehalf.mp4;C:\Users\esthe\Downloads\white dot 15 _\Dote_1505_6_seven.mp4;C:\Users\esthe\Downloads\white dot 15 _\Dote_1505_7_onehalf.mp4;C:\Users\esthe\Downloads\white dot 15 _\Dote_1505_8_five.mp4;C:\Users\esthe\Downloads\white dot 15 _\Dote_1505_9_two.mp4,0.0,3.601;12.399;7.668;18.066;7.932;7.502;13.768;11.762;7.664;12.764,30.000;30.000;30.000;30.000;30.000;30.000;30.000;30.000;30.000;30.000,Dote,jaw movement,,,POINT,13.065,C:\Users\esthe\Downloads\white dot 15 _\Dote_1505_11_onehalf.mp4,284,NA,
dote_1505,2025-07-11 11:43:55.464,,103.115,Media file(s),player #1:C:\Users\esthe\Downloads\white dot 15 _\Dote_1505_10_seven.mp4;C:\Users\esthe\Downloads\white dot 15 _\Dote_1505_11_onehalf.mp4;C:\Users\esthe\Downloads\white dot 15 _\Dote_1505_12_onehalf.mp4;C:\Users\esthe\Downloads\white dot 15 _\Dote_1505_13_one.mp4;C:\Users\esthe\Downloads\white dot 15 _\Dote_1505_4_seven.mp4;C:\Users\esthe\Downloads\white dot 15 _\Dote_1505_5_onehalf.mp4;C:\Users\esthe\Downloads\white dot 15 _\Dote_1505_6_seven.mp4;C:\Users\esthe\Downloads\white dot 15 _\Dote_1505_7_onehalf.mp4;C:\Users\esthe\Downloads\white dot 15 _\Dote_1505_8_five.mp4;C:\Users\esthe\Downloads\white dot 15 _\Dote_1505_9_two.mp4,0.0,3.601;12.399;7.668;18.066;7.932;7.502;13.768;11.762;7.664;12.764,30.000;30.000;30.000;30.000;30.000;30.000;30.000;30.000;30.000;30.000,Dote,jaw movement,,,POINT,13.198,C:\Users\esthe\Downloads\white dot 15 _\Dote_1505_11_onehalf.mp4,288,NA,
dote_1505,2025-07-11 11:43:55.464,,103.115,Media file(s),player #1:C:\Users\esthe\Downloads\white dot 15 _\Dote_1505_10_seven.mp4;C:\Users\esthe\Downloads\white dot 15 _\Dote_1505_11_onehalf.mp4;C:\Users\esthe\Downloads\white dot 15 _\Dote_1505_12_onehalf.mp4;C:\Users\esthe\Downloads\white dot 15 _\Dote_1505_13_one.mp4;C:\Users\esthe\Downloads\white dot 15 _\Dote_1505_4_seven.mp4;C:\Users\esthe\Downloads\white dot 15 _\Dote_1505_5_onehalf.mp4;C:\Users\esthe\Downloads\white dot 15 _\Dote_1505_6_seven.mp4;C:\Users\esthe\Downloads\white dot 15 _\Dote_1505_7_onehalf.mp4;C:\Users\esthe\Downloads\white dot 15 _\Dote_1505_8_five.mp4;C:\Users\esthe\Downloads\white dot 15 _\Dote_1505_9_two.mp4,0.0,3.601;12.399;7.668;18.066;7.932;7.502;13.768;11.762;7.664;12.764,30.000;30.000;30.000;30.000;30.000;30.000;30.000;30.000;30.000;30.000,Dote,jaw movement,,,POINT,13.798,C:\Users\esthe\Downloads\white dot 15 _\Dote_1505_11_onehalf.mp4,306,NA,
dote_1505,2025-07-11 11:43:55.464,,103.115,Media file(s),player #1:C:\Users\esthe\Downloads\white dot 15 _\Dote_1505_10_seven.mp4;C:\Users\esthe\Downloads\white dot 15 _\Dote_1505_11_onehalf.mp4;C:\Users\esthe\Downloads\white dot 15 _\Dote_1505_12_onehalf.mp4;C:\Users\esthe\Downloads\white dot 15 _\Dote_1505_13_one.mp4;C:\Users\esthe\Downloads\white dot 15 _\Dote_1505_4_seven.mp4;C:\Users\esthe\Downloads\white dot 15 _\Dote_1505_5_onehalf.mp4;C:\Users\esthe\Downloads\white dot 15 _\Dote_1505_6_seven.mp4;C:\Users\esthe\Downloads\white dot 15 _\Dote_1505_7_onehalf.mp4;C:\Users\esthe\Downloads\white dot 15 _\Dote_1505_8_five.mp4;C:\Users\esthe\Downloads\white dot 15 _\Dote_1505_9_two.mp4,0.0,3.601;12.399;7.668;18.066;7.932;7.502;13.768;11.762;7.664;12.764,30.000;30.000;30.000;30.000;30.000;30.000;30.000;30.000;30.000;30.000,Dote,peeling,,,STOP,14.098,C:\Users\esthe\Downloads\white dot 15 _\Dote_1505_11_onehalf.mp4,315,NA,
dote_1505,2025-07-11 11:43:55.464,,103.115,Media file(s),player #1:C:\Users\esthe\Downloads\white dot 15 _\Dote_1505_10_seven.mp4;C:\Users\esthe\Downloads\white dot 15 _\Dote_1505_11_onehalf.mp4;C:\Users\esthe\Downloads\white dot 15 _\Dote_1505_12_onehalf.mp4;C:\Users\esthe\Downloads\white dot 15 _\Dote_1505_13_one.mp4;C:\Users\esthe\Downloads\white dot 15 _\Dote_1505_4_seven.mp4;C:\Users\esthe\Downloads\white dot 15 _\Dote_1505_5_onehalf.mp4;C:\Users\esthe\Downloads\white dot 15 _\Dote_1505_6_seven.mp4;C:\Users\esthe\Downloads\white dot 15 _\Dote_1505_7_onehalf.mp4;C:\Users\esthe\Downloads\white dot 15 _\Dote_1505_8_five.mp4;C:\Users\esthe\Downloads\white dot 15 _\Dote_1505_9_two.mp4,0.0,3.601;12.399;7.668;18.066;7.932;7.502;13.768;11.762;7.664;12.764,30.000;30.000;30.000;30.000;30.000;30.000;30.000;30.000;30.000;30.000,Dote,eating,,,START,14.498,C:\Users\esthe\Downloads\white dot 15 _\Dote_1505_11_onehalf.mp4,327,NA,
dote_1505,2025-07-11 11:43:55.464,,103.115,Media file(s),player #1:C:\Users\esthe\Downloads\white dot 15 _\Dote_1505_10_seven.mp4;C:\Users\esthe\Downloads\white dot 15 _\Dote_1505_11_onehalf.mp4;C:\Users\esthe\Downloads\white dot 15 _\Dote_1505_12_onehalf.mp4;C:\Users\esthe\Downloads\white dot 15 _\Dote_1505_13_one.mp4;C:\Users\esthe\Downloads\white dot 15 _\Dote_1505_4_seven.mp4;C:\Users\esthe\Downloads\white dot 15 _\Dote_1505_5_onehalf.mp4;C:\Users\esthe\Downloads\white dot 15 _\Dote_1505_6_seven.mp4;C:\Users\esthe\Downloads\white dot 15 _\Dote_1505_7_onehalf.mp4;C:\Users\esthe\Downloads\white dot 15 _\Dote_1505_8_five.mp4;C:\Users\esthe\Downloads\white dot 15 _\Dote_1505_9_two.mp4,0.0,3.601;12.399;7.668;18.066;7.932;7.502;13.768;11.762;7.664;12.764,30.000;30.000;30.000;30.000;30.000;30.000;30.000;30.000;30.000;30.000,Dote,eating,,,STOP,15.765,C:\Users\esthe\Downloads\white dot 15 _\Dote_1505_11_onehalf.mp4,365,NA,
dote_1505,2025-07-11 11:43:55.464,,103.115,Media file(s),player #1:C:\Users\esthe\Downloads\white dot 15 _\Dote_1505_10_seven.mp4;C:\Users\esthe\Downloads\white dot 15 _\Dote_1505_11_onehalf.mp4;C:\Users\esthe\Downloads\white dot 15 _\Dote_1505_12_onehalf.mp4;C:\Users\esthe\Downloads\white dot 15 _\Dote_1505_13_one.mp4;C:\Users\esthe\Downloads\white dot 15 _\Dote_1505_4_seven.mp4;C:\Users\esthe\Downloads\white dot 15 _\Dote_1505_5_onehalf.mp4;C:\Users\esthe\Downloads\white dot 15 _\Dote_1505_6_seven.mp4;C:\Users\esthe\Downloads\white dot 15 _\Dote_1505_7_onehalf.mp4;C:\Users\esthe\Downloads\white dot 15 _\Dote_1505_8_five.mp4;C:\Users\esthe\Downloads\white dot 15 _\Dote_1505_9_two.mp4,0.0,3.601;12.399;7.668;18.066;7.932;7.502;13.768;11.762;7.664;12.764,30.000;30.000;30.000;30.000;30.000;30.000;30.000;30.000;30.000;30.000,Dote,assessing,,,START,15.998,C:\Users\esthe\Downloads\white dot 15 _\Dote_1505_11_onehalf.mp4,0,NA,
dote_1505,2025-07-11 11:43:55.464,,103.115,Media file(s),player #1:C:\Users\esthe\Downloads\white dot 15 _\Dote_1505_10_seven.mp4;C:\Users\esthe\Downloads\white dot 15 _\Dote_1505_11_onehalf.mp4;C:\Users\esthe\Downloads\white dot 15 _\Dote_1505_12_onehalf.mp4;C:\Users\esthe\Downloads\white dot 15 _\Dote_1505_13_one.mp4;C:\Users\esthe\Downloads\white dot 15 _\Dote_1505_4_seven.mp4;C:\Users\esthe\Downloads\white dot 15 _\Dote_1505_5_onehalf.mp4;C:\Users\esthe\Downloads\white dot 15 _\Dote_1505_6_seven.mp4;C:\Users\esthe\Downloads\white dot 15 _\Dote_1505_7_onehalf.mp4;C:\Users\esthe\Downloads\white dot 15 _\Dote_1505_8_five.mp4;C:\Users\esthe\Downloads\white dot 15 _\Dote_1505_9_two.mp4,0.0,3.601;12.399;7.668;18.066;7.932;7.502;13.768;11.762;7.664;12.764,30.000;30.000;30.000;30.000;30.000;30.000;30.000;30.000;30.000;30.000,Dote,jaw movement,,,POINT,15.998,C:\Users\esthe\Downloads\white dot 15 _\Dote_1505_11_onehalf.mp4,0,NA,
dote_1505,2025-07-11 11:43:55.464,,103.115,Media file(s),player #1:C:\Users\esthe\Downloads\white dot 15 _\Dote_1505_10_seven.mp4;C:\Users\esthe\Downloads\white dot 15 _\Dote_1505_11_onehalf.mp4;C:\Users\esthe\Downloads\white dot 15 _\Dote_1505_12_onehalf.mp4;C:\Users\esthe\Downloads\white dot 15 _\Dote_1505_13_one.mp4;C:\Users\esthe\Downloads\white dot 15 _\Dote_1505_4_seven.mp4;C:\Users\esthe\Downloads\white dot 15 _\Dote_1505_5_onehalf.mp4;C:\Users\esthe\Downloads\white dot 15 _\Dote_1505_6_seven.mp4;C:\Users\esthe\Downloads\white dot 15 _\Dote_1505_7_onehalf.mp4;C:\Users\esthe\Downloads\white dot 15 _\Dote_1505_8_five.mp4;C:\Users\esthe\Downloads\white dot 15 _\Dote_1505_9_two.mp4,0.0,3.601;12.399;7.668;18.066;7.932;7.502;13.768;11.762;7.664;12.764,30.000;30.000;30.000;30.000;30.000;30.000;30.000;30.000;30.000;30.000,Dote,rotation,,Vertical,START,16.098,C:\Users\esthe\Downloads\white dot 15 _\Dote_1505_12_onehalf.mp4,3,NA,
dote_1505,2025-07-11 11:43:55.464,,103.115,Media file(s),player #1:C:\Users\esthe\Downloads\white dot 15 _\Dote_1505_10_seven.mp4;C:\Users\esthe\Downloads\white dot 15 _\Dote_1505_11_onehalf.mp4;C:\Users\esthe\Downloads\white dot 15 _\Dote_1505_12_onehalf.mp4;C:\Users\esthe\Downloads\white dot 15 _\Dote_1505_13_one.mp4;C:\Users\esthe\Downloads\white dot 15 _\Dote_1505_4_seven.mp4;C:\Users\esthe\Downloads\white dot 15 _\Dote_1505_5_onehalf.mp4;C:\Users\esthe\Downloads\white dot 15 _\Dote_1505_6_seven.mp4;C:\Users\esthe\Downloads\white dot 15 _\Dote_1505_7_onehalf.mp4;C:\Users\esthe\Downloads\white dot 15 _\Dote_1505_8_five.mp4;C:\Users\esthe\Downloads\white dot 15 _\Dote_1505_9_two.mp4,0.0,3.601;12.399;7.668;18.066;7.932;7.502;13.768;11.762;7.664;12.764,30.000;30.000;30.000;30.000;30.000;30.000;30.000;30.000;30.000;30.000,Dote,rotation,,Vertical,STOP,16.431,C:\Users\esthe\Downloads\white dot 15 _\Dote_1505_12_onehalf.mp4,13,NA,
dote_1505,2025-07-11 11:43:55.464,,103.115,Media file(s),player #1:C:\Users\esthe\Downloads\white dot 15 _\Dote_1505_10_seven.mp4;C:\Users\esthe\Downloads\white dot 15 _\Dote_1505_11_onehalf.mp4;C:\Users\esthe\Downloads\white dot 15 _\Dote_1505_12_onehalf.mp4;C:\Users\esthe\Downloads\white dot 15 _\Dote_1505_13_one.mp4;C:\Users\esthe\Downloads\white dot 15 _\Dote_1505_4_seven.mp4;C:\Users\esthe\Downloads\white dot 15 _\Dote_1505_5_onehalf.mp4;C:\Users\esthe\Downloads\white dot 15 _\Dote_1505_6_seven.mp4;C:\Users\esthe\Downloads\white dot 15 _\Dote_1505_7_onehalf.mp4;C:\Users\esthe\Downloads\white dot 15 _\Dote_1505_8_five.mp4;C:\Users\esthe\Downloads\white dot 15 _\Dote_1505_9_two.mp4,0.0,3.601;12.399;7.668;18.066;7.932;7.502;13.768;11.762;7.664;12.764,30.000;30.000;30.000;30.000;30.000;30.000;30.000;30.000;30.000;30.000,Dote,licking,,,POINT,16.531,C:\Users\esthe\Downloads\white dot 15 _\Dote_1505_12_onehalf.mp4,16,NA,
dote_1505,2025-07-11 11:43:55.464,,103.115,Media file(s),player #1:C:\Users\esthe\Downloads\white dot 15 _\Dote_1505_10_seven.mp4;C:\Users\esthe\Downloads\white dot 15 _\Dote_1505_11_onehalf.mp4;C:\Users\esthe\Downloads\white dot 15 _\Dote_1505_12_onehalf.mp4;C:\Users\esthe\Downloads\white dot 15 _\Dote_1505_13_one.mp4;C:\Users\esthe\Downloads\white dot 15 _\Dote_1505_4_seven.mp4;C:\Users\esthe\Downloads\white dot 15 _\Dote_1505_5_onehalf.mp4;C:\Users\esthe\Downloads\white dot 15 _\Dote_1505_6_seven.mp4;C:\Users\esthe\Downloads\white dot 15 _\Dote_1505_7_onehalf.mp4;C:\Users\esthe\Downloads\white dot 15 _\Dote_1505_8_five.mp4;C:\Users\esthe\Downloads\white dot 15 _\Dote_1505_9_two.mp4,0.0,3.601;12.399;7.668;18.066;7.932;7.502;13.768;11.762;7.664;12.764,30.000;30.000;30.000;30.000;30.000;30.000;30.000;30.000;30.000;30.000,Dote,jaw movement,,,POINT,16.565,C:\Users\esthe\Downloads\white dot 15 _\Dote_1505_12_onehalf.mp4,17,NA,
dote_1505,2025-07-11 11:43:55.464,,103.115,Media file(s),player #1:C:\Users\esthe\Downloads\white dot 15 _\Dote_1505_10_seven.mp4;C:\Users\esthe\Downloads\white dot 15 _\Dote_1505_11_onehalf.mp4;C:\Users\esthe\Downloads\white dot 15 _\Dote_1505_12_onehalf.mp4;C:\Users\esthe\Downloads\white dot 15 _\Dote_1505_13_one.mp4;C:\Users\esthe\Downloads\white dot 15 _\Dote_1505_4_seven.mp4;C:\Users\esthe\Downloads\white dot 15 _\Dote_1505_5_onehalf.mp4;C:\Users\esthe\Downloads\white dot 15 _\Dote_1505_6_seven.mp4;C:\Users\esthe\Downloads\white dot 15 _\Dote_1505_7_onehalf.mp4;C:\Users\esthe\Downloads\white dot 15 _\Dote_1505_8_five.mp4;C:\Users\esthe\Downloads\white dot 15 _\Dote_1505_9_two.mp4,0.0,3.601;12.399;7.668;18.066;7.932;7.502;13.768;11.762;7.664;12.764,30.000;30.000;30.000;30.000;30.000;30.000;30.000;30.000;30.000;30.000,Dote,translational movement,,,POINT,16.631,C:\Users\esthe\Downloads\white dot 15 _\Dote_1505_12_onehalf.mp4,19,NA,
dote_1505,2025-07-11 11:43:55.464,,103.115,Media file(s),player #1:C:\Users\esthe\Downloads\white dot 15 _\Dote_1505_10_seven.mp4;C:\Users\esthe\Downloads\white dot 15 _\Dote_1505_11_onehalf.mp4;C:\Users\esthe\Downloads\white dot 15 _\Dote_1505_12_onehalf.mp4;C:\Users\esthe\Downloads\white dot 15 _\Dote_1505_13_one.mp4;C:\Users\esthe\Downloads\white dot 15 _\Dote_1505_4_seven.mp4;C:\Users\esthe\Downloads\white dot 15 _\Dote_1505_5_onehalf.mp4;C:\Users\esthe\Downloads\white dot 15 _\Dote_1505_6_seven.mp4;C:\Users\esthe\Downloads\white dot 15 _\Dote_1505_7_onehalf.mp4;C:\Users\esthe\Downloads\white dot 15 _\Dote_1505_8_five.mp4;C:\Users\esthe\Downloads\white dot 15 _\Dote_1505_9_two.mp4,0.0,3.601;12.399;7.668;18.066;7.932;7.502;13.768;11.762;7.664;12.764,30.000;30.000;30.000;30.000;30.000;30.000;30.000;30.000;30.000;30.000,Dote,jaw movement,,,POINT,16.731,C:\Users\esthe\Downloads\white dot 15 _\Dote_1505_12_onehalf.mp4,22,NA,
dote_1505,2025-07-11 11:43:55.464,,103.115,Media file(s),player #1:C:\Users\esthe\Downloads\white dot 15 _\Dote_1505_10_seven.mp4;C:\Users\esthe\Downloads\white dot 15 _\Dote_1505_11_onehalf.mp4;C:\Users\esthe\Downloads\white dot 15 _\Dote_1505_12_onehalf.mp4;C:\Users\esthe\Downloads\white dot 15 _\Dote_1505_13_one.mp4;C:\Users\esthe\Downloads\white dot 15 _\Dote_1505_4_seven.mp4;C:\Users\esthe\Downloads\white dot 15 _\Dote_1505_5_onehalf.mp4;C:\Users\esthe\Downloads\white dot 15 _\Dote_1505_6_seven.mp4;C:\Users\esthe\Downloads\white dot 15 _\Dote_1505_7_onehalf.mp4;C:\Users\esthe\Downloads\white dot 15 _\Dote_1505_8_five.mp4;C:\Users\esthe\Downloads\white dot 15 _\Dote_1505_9_two.mp4,0.0,3.601;12.399;7.668;18.066;7.932;7.502;13.768;11.762;7.664;12.764,30.000;30.000;30.000;30.000;30.000;30.000;30.000;30.000;30.000;30.000,Dote,assessing,,,STOP,16.798,C:\Users\esthe\Downloads\white dot 15 _\Dote_1505_12_onehalf.mp4,24,NA,
dote_1505,2025-07-11 11:43:55.464,,103.115,Media file(s),player #1:C:\Users\esthe\Downloads\white dot 15 _\Dote_1505_10_seven.mp4;C:\Users\esthe\Downloads\white dot 15 _\Dote_1505_11_onehalf.mp4;C:\Users\esthe\Downloads\white dot 15 _\Dote_1505_12_onehalf.mp4;C:\Users\esthe\Downloads\white dot 15 _\Dote_1505_13_one.mp4;C:\Users\esthe\Downloads\white dot 15 _\Dote_1505_4_seven.mp4;C:\Users\esthe\Downloads\white dot 15 _\Dote_1505_5_onehalf.mp4;C:\Users\esthe\Downloads\white dot 15 _\Dote_1505_6_seven.mp4;C:\Users\esthe\Downloads\white dot 15 _\Dote_1505_7_onehalf.mp4;C:\Users\esthe\Downloads\white dot 15 _\Dote_1505_8_five.mp4;C:\Users\esthe\Downloads\white dot 15 _\Dote_1505_9_two.mp4,0.0,3.601;12.399;7.668;18.066;7.932;7.502;13.768;11.762;7.664;12.764,30.000;30.000;30.000;30.000;30.000;30.000;30.000;30.000;30.000;30.000,Dote,peeling,,,START,17.031,C:\Users\esthe\Downloads\white dot 15 _\Dote_1505_12_onehalf.mp4,31,NA,
dote_1505,2025-07-11 11:43:55.464,,103.115,Media file(s),player #1:C:\Users\esthe\Downloads\white dot 15 _\Dote_1505_10_seven.mp4;C:\Users\esthe\Downloads\white dot 15 _\Dote_1505_11_onehalf.mp4;C:\Users\esthe\Downloads\white dot 15 _\Dote_1505_12_onehalf.mp4;C:\Users\esthe\Downloads\white dot 15 _\Dote_1505_13_one.mp4;C:\Users\esthe\Downloads\white dot 15 _\Dote_1505_4_seven.mp4;C:\Users\esthe\Downloads\white dot 15 _\Dote_1505_5_onehalf.mp4;C:\Users\esthe\Downloads\white dot 15 _\Dote_1505_6_seven.mp4;C:\Users\esthe\Downloads\white dot 15 _\Dote_1505_7_onehalf.mp4;C:\Users\esthe\Downloads\white dot 15 _\Dote_1505_8_five.mp4;C:\Users\esthe\Downloads\white dot 15 _\Dote_1505_9_two.mp4,0.0,3.601;12.399;7.668;18.066;7.932;7.502;13.768;11.762;7.664;12.764,30.000;30.000;30.000;30.000;30.000;30.000;30.000;30.000;30.000;30.000,Dote,jaw movement,,,POINT,17.065,C:\Users\esthe\Downloads\white dot 15 _\Dote_1505_12_onehalf.mp4,32,NA,
dote_1505,2025-07-11 11:43:55.464,,103.115,Media file(s),player #1:C:\Users\esthe\Downloads\white dot 15 _\Dote_1505_10_seven.mp4;C:\Users\esthe\Downloads\white dot 15 _\Dote_1505_11_onehalf.mp4;C:\Users\esthe\Downloads\white dot 15 _\Dote_1505_12_onehalf.mp4;C:\Users\esthe\Downloads\white dot 15 _\Dote_1505_13_one.mp4;C:\Users\esthe\Downloads\white dot 15 _\Dote_1505_4_seven.mp4;C:\Users\esthe\Downloads\white dot 15 _\Dote_1505_5_onehalf.mp4;C:\Users\esthe\Downloads\white dot 15 _\Dote_1505_6_seven.mp4;C:\Users\esthe\Downloads\white dot 15 _\Dote_1505_7_onehalf.mp4;C:\Users\esthe\Downloads\white dot 15 _\Dote_1505_8_five.mp4;C:\Users\esthe\Downloads\white dot 15 _\Dote_1505_9_two.mp4,0.0,3.601;12.399;7.668;18.066;7.932;7.502;13.768;11.762;7.664;12.764,30.000;30.000;30.000;30.000;30.000;30.000;30.000;30.000;30.000;30.000,Dote,jaw movement,,,POINT,17.265,C:\Users\esthe\Downloads\white dot 15 _\Dote_1505_12_onehalf.mp4,38,NA,
dote_1505,2025-07-11 11:43:55.464,,103.115,Media file(s),player #1:C:\Users\esthe\Downloads\white dot 15 _\Dote_1505_10_seven.mp4;C:\Users\esthe\Downloads\white dot 15 _\Dote_1505_11_onehalf.mp4;C:\Users\esthe\Downloads\white dot 15 _\Dote_1505_12_onehalf.mp4;C:\Users\esthe\Downloads\white dot 15 _\Dote_1505_13_one.mp4;C:\Users\esthe\Downloads\white dot 15 _\Dote_1505_4_seven.mp4;C:\Users\esthe\Downloads\white dot 15 _\Dote_1505_5_onehalf.mp4;C:\Users\esthe\Downloads\white dot 15 _\Dote_1505_6_seven.mp4;C:\Users\esthe\Downloads\white dot 15 _\Dote_1505_7_onehalf.mp4;C:\Users\esthe\Downloads\white dot 15 _\Dote_1505_8_five.mp4;C:\Users\esthe\Downloads\white dot 15 _\Dote_1505_9_two.mp4,0.0,3.601;12.399;7.668;18.066;7.932;7.502;13.768;11.762;7.664;12.764,30.000;30.000;30.000;30.000;30.000;30.000;30.000;30.000;30.000;30.000,Dote,ear clapping,,,POINT,17.465,C:\Users\esthe\Downloads\white dot 15 _\Dote_1505_12_onehalf.mp4,44,NA,
dote_1505,2025-07-11 11:43:55.464,,103.115,Media file(s),player #1:C:\Users\esthe\Downloads\white dot 15 _\Dote_1505_10_seven.mp4;C:\Users\esthe\Downloads\white dot 15 _\Dote_1505_11_onehalf.mp4;C:\Users\esthe\Downloads\white dot 15 _\Dote_1505_12_onehalf.mp4;C:\Users\esthe\Downloads\white dot 15 _\Dote_1505_13_one.mp4;C:\Users\esthe\Downloads\white dot 15 _\Dote_1505_4_seven.mp4;C:\Users\esthe\Downloads\white dot 15 _\Dote_1505_5_onehalf.mp4;C:\Users\esthe\Downloads\white dot 15 _\Dote_1505_6_seven.mp4;C:\Users\esthe\Downloads\white dot 15 _\Dote_1505_7_onehalf.mp4;C:\Users\esthe\Downloads\white dot 15 _\Dote_1505_8_five.mp4;C:\Users\esthe\Downloads\white dot 15 _\Dote_1505_9_two.mp4,0.0,3.601;12.399;7.668;18.066;7.932;7.502;13.768;11.762;7.664;12.764,30.000;30.000;30.000;30.000;30.000;30.000;30.000;30.000;30.000;30.000,Dote,jaw movement,,,POINT,17.498,C:\Users\esthe\Downloads\white dot 15 _\Dote_1505_12_onehalf.mp4,45,NA,
dote_1505,2025-07-11 11:43:55.464,,103.115,Media file(s),player #1:C:\Users\esthe\Downloads\white dot 15 _\Dote_1505_10_seven.mp4;C:\Users\esthe\Downloads\white dot 15 _\Dote_1505_11_onehalf.mp4;C:\Users\esthe\Downloads\white dot 15 _\Dote_1505_12_onehalf.mp4;C:\Users\esthe\Downloads\white dot 15 _\Dote_1505_13_one.mp4;C:\Users\esthe\Downloads\white dot 15 _\Dote_1505_4_seven.mp4;C:\Users\esthe\Downloads\white dot 15 _\Dote_1505_5_onehalf.mp4;C:\Users\esthe\Downloads\white dot 15 _\Dote_1505_6_seven.mp4;C:\Users\esthe\Downloads\white dot 15 _\Dote_1505_7_onehalf.mp4;C:\Users\esthe\Downloads\white dot 15 _\Dote_1505_8_five.mp4;C:\Users\esthe\Downloads\white dot 15 _\Dote_1505_9_two.mp4,0.0,3.601;12.399;7.668;18.066;7.932;7.502;13.768;11.762;7.664;12.764,30.000;30.000;30.000;30.000;30.000;30.000;30.000;30.000;30.000;30.000,Dote,jaw movement,,,POINT,18.032,C:\Users\esthe\Downloads\white dot 15 _\Dote_1505_12_onehalf.mp4,61,NA,
dote_1505,2025-07-11 11:43:55.464,,103.115,Media file(s),player #1:C:\Users\esthe\Downloads\white dot 15 _\Dote_1505_10_seven.mp4;C:\Users\esthe\Downloads\white dot 15 _\Dote_1505_11_onehalf.mp4;C:\Users\esthe\Downloads\white dot 15 _\Dote_1505_12_onehalf.mp4;C:\Users\esthe\Downloads\white dot 15 _\Dote_1505_13_one.mp4;C:\Users\esthe\Downloads\white dot 15 _\Dote_1505_4_seven.mp4;C:\Users\esthe\Downloads\white dot 15 _\Dote_1505_5_onehalf.mp4;C:\Users\esthe\Downloads\white dot 15 _\Dote_1505_6_seven.mp4;C:\Users\esthe\Downloads\white dot 15 _\Dote_1505_7_onehalf.mp4;C:\Users\esthe\Downloads\white dot 15 _\Dote_1505_8_five.mp4;C:\Users\esthe\Downloads\white dot 15 _\Dote_1505_9_two.mp4,0.0,3.601;12.399;7.668;18.066;7.932;7.502;13.768;11.762;7.664;12.764,30.000;30.000;30.000;30.000;30.000;30.000;30.000;30.000;30.000;30.000,Dote,jaw movement,,,POINT,18.232,C:\Users\esthe\Downloads\white dot 15 _\Dote_1505_12_onehalf.mp4,67,NA,
dote_1505,2025-07-11 11:43:55.464,,103.115,Media file(s),player #1:C:\Users\esthe\Downloads\white dot 15 _\Dote_1505_10_seven.mp4;C:\Users\esthe\Downloads\white dot 15 _\Dote_1505_11_onehalf.mp4;C:\Users\esthe\Downloads\white dot 15 _\Dote_1505_12_onehalf.mp4;C:\Users\esthe\Downloads\white dot 15 _\Dote_1505_13_one.mp4;C:\Users\esthe\Downloads\white dot 15 _\Dote_1505_4_seven.mp4;C:\Users\esthe\Downloads\white dot 15 _\Dote_1505_5_onehalf.mp4;C:\Users\esthe\Downloads\white dot 15 _\Dote_1505_6_seven.mp4;C:\Users\esthe\Downloads\white dot 15 _\Dote_1505_7_onehalf.mp4;C:\Users\esthe\Downloads\white dot 15 _\Dote_1505_8_five.mp4;C:\Users\esthe\Downloads\white dot 15 _\Dote_1505_9_two.mp4,0.0,3.601;12.399;7.668;18.066;7.932;7.502;13.768;11.762;7.664;12.764,30.000;30.000;30.000;30.000;30.000;30.000;30.000;30.000;30.000;30.000,Dote,jaw movement,,,POINT,18.465,C:\Users\esthe\Downloads\white dot 15 _\Dote_1505_12_onehalf.mp4,74,NA,
dote_1505,2025-07-11 11:43:55.464,,103.115,Media file(s),player #1:C:\Users\esthe\Downloads\white dot 15 _\Dote_1505_10_seven.mp4;C:\Users\esthe\Downloads\white dot 15 _\Dote_1505_11_onehalf.mp4;C:\Users\esthe\Downloads\white dot 15 _\Dote_1505_12_onehalf.mp4;C:\Users\esthe\Downloads\white dot 15 _\Dote_1505_13_one.mp4;C:\Users\esthe\Downloads\white dot 15 _\Dote_1505_4_seven.mp4;C:\Users\esthe\Downloads\white dot 15 _\Dote_1505_5_onehalf.mp4;C:\Users\esthe\Downloads\white dot 15 _\Dote_1505_6_seven.mp4;C:\Users\esthe\Downloads\white dot 15 _\Dote_1505_7_onehalf.mp4;C:\Users\esthe\Downloads\white dot 15 _\Dote_1505_8_five.mp4;C:\Users\esthe\Downloads\white dot 15 _\Dote_1505_9_two.mp4,0.0,3.601;12.399;7.668;18.066;7.932;7.502;13.768;11.762;7.664;12.764,30.000;30.000;30.000;30.000;30.000;30.000;30.000;30.000;30.000;30.000,Dote,jaw movement,,,POINT,18.665,C:\Users\esthe\Downloads\white dot 15 _\Dote_1505_12_onehalf.mp4,80,NA,
dote_1505,2025-07-11 11:43:55.464,,103.115,Media file(s),player #1:C:\Users\esthe\Downloads\white dot 15 _\Dote_1505_10_seven.mp4;C:\Users\esthe\Downloads\white dot 15 _\Dote_1505_11_onehalf.mp4;C:\Users\esthe\Downloads\white dot 15 _\Dote_1505_12_onehalf.mp4;C:\Users\esthe\Downloads\white dot 15 _\Dote_1505_13_one.mp4;C:\Users\esthe\Downloads\white dot 15 _\Dote_1505_4_seven.mp4;C:\Users\esthe\Downloads\white dot 15 _\Dote_1505_5_onehalf.mp4;C:\Users\esthe\Downloads\white dot 15 _\Dote_1505_6_seven.mp4;C:\Users\esthe\Downloads\white dot 15 _\Dote_1505_7_onehalf.mp4;C:\Users\esthe\Downloads\white dot 15 _\Dote_1505_8_five.mp4;C:\Users\esthe\Downloads\white dot 15 _\Dote_1505_9_two.mp4,0.0,3.601;12.399;7.668;18.066;7.932;7.502;13.768;11.762;7.664;12.764,30.000;30.000;30.000;30.000;30.000;30.000;30.000;30.000;30.000;30.000,Dote,jaw movement,,,POINT,19.099,C:\Users\esthe\Downloads\white dot 15 _\Dote_1505_12_onehalf.mp4,93,NA,
dote_1505,2025-07-11 11:43:55.464,,103.115,Media file(s),player #1:C:\Users\esthe\Downloads\white dot 15 _\Dote_1505_10_seven.mp4;C:\Users\esthe\Downloads\white dot 15 _\Dote_1505_11_onehalf.mp4;C:\Users\esthe\Downloads\white dot 15 _\Dote_1505_12_onehalf.mp4;C:\Users\esthe\Downloads\white dot 15 _\Dote_1505_13_one.mp4;C:\Users\esthe\Downloads\white dot 15 _\Dote_1505_4_seven.mp4;C:\Users\esthe\Downloads\white dot 15 _\Dote_1505_5_onehalf.mp4;C:\Users\esthe\Downloads\white dot 15 _\Dote_1505_6_seven.mp4;C:\Users\esthe\Downloads\white dot 15 _\Dote_1505_7_onehalf.mp4;C:\Users\esthe\Downloads\white dot 15 _\Dote_1505_8_five.mp4;C:\Users\esthe\Downloads\white dot 15 _\Dote_1505_9_two.mp4,0.0,3.601;12.399;7.668;18.066;7.932;7.502;13.768;11.762;7.664;12.764,30.000;30.000;30.000;30.000;30.000;30.000;30.000;30.000;30.000;30.000,Dote,ear clapping,,,POINT,19.499,C:\Users\esthe\Downloads\white dot 15 _\Dote_1505_12_onehalf.mp4,105,NA,
dote_1505,2025-07-11 11:43:55.464,,103.115,Media file(s),player #1:C:\Users\esthe\Downloads\white dot 15 _\Dote_1505_10_seven.mp4;C:\Users\esthe\Downloads\white dot 15 _\Dote_1505_11_onehalf.mp4;C:\Users\esthe\Downloads\white dot 15 _\Dote_1505_12_onehalf.mp4;C:\Users\esthe\Downloads\white dot 15 _\Dote_1505_13_one.mp4;C:\Users\esthe\Downloads\white dot 15 _\Dote_1505_4_seven.mp4;C:\Users\esthe\Downloads\white dot 15 _\Dote_1505_5_onehalf.mp4;C:\Users\esthe\Downloads\white dot 15 _\Dote_1505_6_seven.mp4;C:\Users\esthe\Downloads\white dot 15 _\Dote_1505_7_onehalf.mp4;C:\Users\esthe\Downloads\white dot 15 _\Dote_1505_8_five.mp4;C:\Users\esthe\Downloads\white dot 15 _\Dote_1505_9_two.mp4,0.0,3.601;12.399;7.668;18.066;7.932;7.502;13.768;11.762;7.664;12.764,30.000;30.000;30.000;30.000;30.000;30.000;30.000;30.000;30.000;30.000,Dote,peeling,,,STOP,19.765,C:\Users\esthe\Downloads\white dot 15 _\Dote_1505_12_onehalf.mp4,114,NA,
dote_1505,2025-07-11 11:43:55.464,,103.115,Media file(s),player #1:C:\Users\esthe\Downloads\white dot 15 _\Dote_1505_10_seven.mp4;C:\Users\esthe\Downloads\white dot 15 _\Dote_1505_11_onehalf.mp4;C:\Users\esthe\Downloads\white dot 15 _\Dote_1505_12_onehalf.mp4;C:\Users\esthe\Downloads\white dot 15 _\Dote_1505_13_one.mp4;C:\Users\esthe\Downloads\white dot 15 _\Dote_1505_4_seven.mp4;C:\Users\esthe\Downloads\white dot 15 _\Dote_1505_5_onehalf.mp4;C:\Users\esthe\Downloads\white dot 15 _\Dote_1505_6_seven.mp4;C:\Users\esthe\Downloads\white dot 15 _\Dote_1505_7_onehalf.mp4;C:\Users\esthe\Downloads\white dot 15 _\Dote_1505_8_five.mp4;C:\Users\esthe\Downloads\white dot 15 _\Dote_1505_9_two.mp4,0.0,3.601;12.399;7.668;18.066;7.932;7.502;13.768;11.762;7.664;12.764,30.000;30.000;30.000;30.000;30.000;30.000;30.000;30.000;30.000;30.000,Dote,eating,,,START,19.899,C:\Users\esthe\Downloads\white dot 15 _\Dote_1505_12_onehalf.mp4,117,NA,
dote_1505,2025-07-11 11:43:55.464,,103.115,Media file(s),player #1:C:\Users\esthe\Downloads\white dot 15 _\Dote_1505_10_seven.mp4;C:\Users\esthe\Downloads\white dot 15 _\Dote_1505_11_onehalf.mp4;C:\Users\esthe\Downloads\white dot 15 _\Dote_1505_12_onehalf.mp4;C:\Users\esthe\Downloads\white dot 15 _\Dote_1505_13_one.mp4;C:\Users\esthe\Downloads\white dot 15 _\Dote_1505_4_seven.mp4;C:\Users\esthe\Downloads\white dot 15 _\Dote_1505_5_onehalf.mp4;C:\Users\esthe\Downloads\white dot 15 _\Dote_1505_6_seven.mp4;C:\Users\esthe\Downloads\white dot 15 _\Dote_1505_7_onehalf.mp4;C:\Users\esthe\Downloads\white dot 15 _\Dote_1505_8_five.mp4;C:\Users\esthe\Downloads\white dot 15 _\Dote_1505_9_two.mp4,0.0,3.601;12.399;7.668;18.066;7.932;7.502;13.768;11.762;7.664;12.764,30.000;30.000;30.000;30.000;30.000;30.000;30.000;30.000;30.000;30.000,Dote,ear clapping,,,POINT,20.265,C:\Users\esthe\Downloads\white dot 15 _\Dote_1505_12_onehalf.mp4,128,NA,
dote_1505,2025-07-11 11:43:55.464,,103.115,Media file(s),player #1:C:\Users\esthe\Downloads\white dot 15 _\Dote_1505_10_seven.mp4;C:\Users\esthe\Downloads\white dot 15 _\Dote_1505_11_onehalf.mp4;C:\Users\esthe\Downloads\white dot 15 _\Dote_1505_12_onehalf.mp4;C:\Users\esthe\Downloads\white dot 15 _\Dote_1505_13_one.mp4;C:\Users\esthe\Downloads\white dot 15 _\Dote_1505_4_seven.mp4;C:\Users\esthe\Downloads\white dot 15 _\Dote_1505_5_onehalf.mp4;C:\Users\esthe\Downloads\white dot 15 _\Dote_1505_6_seven.mp4;C:\Users\esthe\Downloads\white dot 15 _\Dote_1505_7_onehalf.mp4;C:\Users\esthe\Downloads\white dot 15 _\Dote_1505_8_five.mp4;C:\Users\esthe\Downloads\white dot 15 _\Dote_1505_9_two.mp4,0.0,3.601;12.399;7.668;18.066;7.932;7.502;13.768;11.762;7.664;12.764,30.000;30.000;30.000;30.000;30.000;30.000;30.000;30.000;30.000;30.000,Dote,ear clapping,,,POINT,23.332,C:\Users\esthe\Downloads\white dot 15 _\Dote_1505_12_onehalf.mp4,220,NA,
dote_1505,2025-07-11 11:43:55.464,,103.115,Media file(s),player #1:C:\Users\esthe\Downloads\white dot 15 _\Dote_1505_10_seven.mp4;C:\Users\esthe\Downloads\white dot 15 _\Dote_1505_11_onehalf.mp4;C:\Users\esthe\Downloads\white dot 15 _\Dote_1505_12_onehalf.mp4;C:\Users\esthe\Downloads\white dot 15 _\Dote_1505_13_one.mp4;C:\Users\esthe\Downloads\white dot 15 _\Dote_1505_4_seven.mp4;C:\Users\esthe\Downloads\white dot 15 _\Dote_1505_5_onehalf.mp4;C:\Users\esthe\Downloads\white dot 15 _\Dote_1505_6_seven.mp4;C:\Users\esthe\Downloads\white dot 15 _\Dote_1505_7_onehalf.mp4;C:\Users\esthe\Downloads\white dot 15 _\Dote_1505_8_five.mp4;C:\Users\esthe\Downloads\white dot 15 _\Dote_1505_9_two.mp4,0.0,3.601;12.399;7.668;18.066;7.932;7.502;13.768;11.762;7.664;12.764,30.000;30.000;30.000;30.000;30.000;30.000;30.000;30.000;30.000;30.000,Dote,eating,,,STOP,23.399,C:\Users\esthe\Downloads\white dot 15 _\Dote_1505_12_onehalf.mp4,222,NA,
dote_1505,2025-07-11 11:43:55.464,,103.115,Media file(s),player #1:C:\Users\esthe\Downloads\white dot 15 _\Dote_1505_10_seven.mp4;C:\Users\esthe\Downloads\white dot 15 _\Dote_1505_11_onehalf.mp4;C:\Users\esthe\Downloads\white dot 15 _\Dote_1505_12_onehalf.mp4;C:\Users\esthe\Downloads\white dot 15 _\Dote_1505_13_one.mp4;C:\Users\esthe\Downloads\white dot 15 _\Dote_1505_4_seven.mp4;C:\Users\esthe\Downloads\white dot 15 _\Dote_1505_5_onehalf.mp4;C:\Users\esthe\Downloads\white dot 15 _\Dote_1505_6_seven.mp4;C:\Users\esthe\Downloads\white dot 15 _\Dote_1505_7_onehalf.mp4;C:\Users\esthe\Downloads\white dot 15 _\Dote_1505_8_five.mp4;C:\Users\esthe\Downloads\white dot 15 _\Dote_1505_9_two.mp4,0.0,3.601;12.399;7.668;18.066;7.932;7.502;13.768;11.762;7.664;12.764,30.000;30.000;30.000;30.000;30.000;30.000;30.000;30.000;30.000;30.000,Dote,explore,,,START,23.665,C:\Users\esthe\Downloads\white dot 15 _\Dote_1505_12_onehalf.mp4,0,NA,
dote_1505,2025-07-11 11:43:55.464,,103.115,Media file(s),player #1:C:\Users\esthe\Downloads\white dot 15 _\Dote_1505_10_seven.mp4;C:\Users\esthe\Downloads\white dot 15 _\Dote_1505_11_onehalf.mp4;C:\Users\esthe\Downloads\white dot 15 _\Dote_1505_12_onehalf.mp4;C:\Users\esthe\Downloads\white dot 15 _\Dote_1505_13_one.mp4;C:\Users\esthe\Downloads\white dot 15 _\Dote_1505_4_seven.mp4;C:\Users\esthe\Downloads\white dot 15 _\Dote_1505_5_onehalf.mp4;C:\Users\esthe\Downloads\white dot 15 _\Dote_1505_6_seven.mp4;C:\Users\esthe\Downloads\white dot 15 _\Dote_1505_7_onehalf.mp4;C:\Users\esthe\Downloads\white dot 15 _\Dote_1505_8_five.mp4;C:\Users\esthe\Downloads\white dot 15 _\Dote_1505_9_two.mp4,0.0,3.601;12.399;7.668;18.066;7.932;7.502;13.768;11.762;7.664;12.764,30.000;30.000;30.000;30.000;30.000;30.000;30.000;30.000;30.000;30.000,Dote,explore,,,STOP,26.231,C:\Users\esthe\Downloads\white dot 15 _\Dote_1505_13_one.mp4,77,NA,
dote_1505,2025-07-11 11:43:55.464,,103.115,Media file(s),player #1:C:\Users\esthe\Downloads\white dot 15 _\Dote_1505_10_seven.mp4;C:\Users\esthe\Downloads\white dot 15 _\Dote_1505_11_onehalf.mp4;C:\Users\esthe\Downloads\white dot 15 _\Dote_1505_12_onehalf.mp4;C:\Users\esthe\Downloads\white dot 15 _\Dote_1505_13_one.mp4;C:\Users\esthe\Downloads\white dot 15 _\Dote_1505_4_seven.mp4;C:\Users\esthe\Downloads\white dot 15 _\Dote_1505_5_onehalf.mp4;C:\Users\esthe\Downloads\white dot 15 _\Dote_1505_6_seven.mp4;C:\Users\esthe\Downloads\white dot 15 _\Dote_1505_7_onehalf.mp4;C:\Users\esthe\Downloads\white dot 15 _\Dote_1505_8_five.mp4;C:\Users\esthe\Downloads\white dot 15 _\Dote_1505_9_two.mp4,0.0,3.601;12.399;7.668;18.066;7.932;7.502;13.768;11.762;7.664;12.764,30.000;30.000;30.000;30.000;30.000;30.000;30.000;30.000;30.000;30.000,Dote,bending,,,START,26.331,C:\Users\esthe\Downloads\white dot 15 _\Dote_1505_13_one.mp4,80,NA,
dote_1505,2025-07-11 11:43:55.464,,103.115,Media file(s),player #1:C:\Users\esthe\Downloads\white dot 15 _\Dote_1505_10_seven.mp4;C:\Users\esthe\Downloads\white dot 15 _\Dote_1505_11_onehalf.mp4;C:\Users\esthe\Downloads\white dot 15 _\Dote_1505_12_onehalf.mp4;C:\Users\esthe\Downloads\white dot 15 _\Dote_1505_13_one.mp4;C:\Users\esthe\Downloads\white dot 15 _\Dote_1505_4_seven.mp4;C:\Users\esthe\Downloads\white dot 15 _\Dote_1505_5_onehalf.mp4;C:\Users\esthe\Downloads\white dot 15 _\Dote_1505_6_seven.mp4;C:\Users\esthe\Downloads\white dot 15 _\Dote_1505_7_onehalf.mp4;C:\Users\esthe\Downloads\white dot 15 _\Dote_1505_8_five.mp4;C:\Users\esthe\Downloads\white dot 15 _\Dote_1505_9_two.mp4,0.0,3.601;12.399;7.668;18.066;7.932;7.502;13.768;11.762;7.664;12.764,30.000;30.000;30.000;30.000;30.000;30.000;30.000;30.000;30.000;30.000,Dote,sniffing,,,POINT,26.532,C:\Users\esthe\Downloads\white dot 15 _\Dote_1505_13_one.mp4,86,NA,
dote_1505,2025-07-11 11:43:55.464,,103.115,Media file(s),player #1:C:\Users\esthe\Downloads\white dot 15 _\Dote_1505_10_seven.mp4;C:\Users\esthe\Downloads\white dot 15 _\Dote_1505_11_onehalf.mp4;C:\Users\esthe\Downloads\white dot 15 _\Dote_1505_12_onehalf.mp4;C:\Users\esthe\Downloads\white dot 15 _\Dote_1505_13_one.mp4;C:\Users\esthe\Downloads\white dot 15 _\Dote_1505_4_seven.mp4;C:\Users\esthe\Downloads\white dot 15 _\Dote_1505_5_onehalf.mp4;C:\Users\esthe\Downloads\white dot 15 _\Dote_1505_6_seven.mp4;C:\Users\esthe\Downloads\white dot 15 _\Dote_1505_7_onehalf.mp4;C:\Users\esthe\Downloads\white dot 15 _\Dote_1505_8_five.mp4;C:\Users\esthe\Downloads\white dot 15 _\Dote_1505_9_two.mp4,0.0,3.601;12.399;7.668;18.066;7.932;7.502;13.768;11.762;7.664;12.764,30.000;30.000;30.000;30.000;30.000;30.000;30.000;30.000;30.000;30.000,Dote,bending,,,STOP,26.765,C:\Users\esthe\Downloads\white dot 15 _\Dote_1505_13_one.mp4,93,NA,
dote_1505,2025-07-11 11:43:55.464,,103.115,Media file(s),player #1:C:\Users\esthe\Downloads\white dot 15 _\Dote_1505_10_seven.mp4;C:\Users\esthe\Downloads\white dot 15 _\Dote_1505_11_onehalf.mp4;C:\Users\esthe\Downloads\white dot 15 _\Dote_1505_12_onehalf.mp4;C:\Users\esthe\Downloads\white dot 15 _\Dote_1505_13_one.mp4;C:\Users\esthe\Downloads\white dot 15 _\Dote_1505_4_seven.mp4;C:\Users\esthe\Downloads\white dot 15 _\Dote_1505_5_onehalf.mp4;C:\Users\esthe\Downloads\white dot 15 _\Dote_1505_6_seven.mp4;C:\Users\esthe\Downloads\white dot 15 _\Dote_1505_7_onehalf.mp4;C:\Users\esthe\Downloads\white dot 15 _\Dote_1505_8_five.mp4;C:\Users\esthe\Downloads\white dot 15 _\Dote_1505_9_two.mp4,0.0,3.601;12.399;7.668;18.066;7.932;7.502;13.768;11.762;7.664;12.764,30.000;30.000;30.000;30.000;30.000;30.000;30.000;30.000;30.000;30.000,Dote,grabbing peanut,,,POINT,26.765,C:\Users\esthe\Downloads\white dot 15 _\Dote_1505_13_one.mp4,93,NA,
dote_1505,2025-07-11 11:43:55.464,,103.115,Media file(s),player #1:C:\Users\esthe\Downloads\white dot 15 _\Dote_1505_10_seven.mp4;C:\Users\esthe\Downloads\white dot 15 _\Dote_1505_11_onehalf.mp4;C:\Users\esthe\Downloads\white dot 15 _\Dote_1505_12_onehalf.mp4;C:\Users\esthe\Downloads\white dot 15 _\Dote_1505_13_one.mp4;C:\Users\esthe\Downloads\white dot 15 _\Dote_1505_4_seven.mp4;C:\Users\esthe\Downloads\white dot 15 _\Dote_1505_5_onehalf.mp4;C:\Users\esthe\Downloads\white dot 15 _\Dote_1505_6_seven.mp4;C:\Users\esthe\Downloads\white dot 15 _\Dote_1505_7_onehalf.mp4;C:\Users\esthe\Downloads\white dot 15 _\Dote_1505_8_five.mp4;C:\Users\esthe\Downloads\white dot 15 _\Dote_1505_9_two.mp4,0.0,3.601;12.399;7.668;18.066;7.932;7.502;13.768;11.762;7.664;12.764,30.000;30.000;30.000;30.000;30.000;30.000;30.000;30.000;30.000;30.000,Dote,lifting,,,START,26.798,C:\Users\esthe\Downloads\white dot 15 _\Dote_1505_13_one.mp4,94,NA,
dote_1505,2025-07-11 11:43:55.464,,103.115,Media file(s),player #1:C:\Users\esthe\Downloads\white dot 15 _\Dote_1505_10_seven.mp4;C:\Users\esthe\Downloads\white dot 15 _\Dote_1505_11_onehalf.mp4;C:\Users\esthe\Downloads\white dot 15 _\Dote_1505_12_onehalf.mp4;C:\Users\esthe\Downloads\white dot 15 _\Dote_1505_13_one.mp4;C:\Users\esthe\Downloads\white dot 15 _\Dote_1505_4_seven.mp4;C:\Users\esthe\Downloads\white dot 15 _\Dote_1505_5_onehalf.mp4;C:\Users\esthe\Downloads\white dot 15 _\Dote_1505_6_seven.mp4;C:\Users\esthe\Downloads\white dot 15 _\Dote_1505_7_onehalf.mp4;C:\Users\esthe\Downloads\white dot 15 _\Dote_1505_8_five.mp4;C:\Users\esthe\Downloads\white dot 15 _\Dote_1505_9_two.mp4,0.0,3.601;12.399;7.668;18.066;7.932;7.502;13.768;11.762;7.664;12.764,30.000;30.000;30.000;30.000;30.000;30.000;30.000;30.000;30.000;30.000,Dote,lifting,,,STOP,27.098,C:\Users\esthe\Downloads\white dot 15 _\Dote_1505_13_one.mp4,103,NA,
dote_1505,2025-07-11 11:43:55.464,,103.115,Media file(s),player #1:C:\Users\esthe\Downloads\white dot 15 _\Dote_1505_10_seven.mp4;C:\Users\esthe\Downloads\white dot 15 _\Dote_1505_11_onehalf.mp4;C:\Users\esthe\Downloads\white dot 15 _\Dote_1505_12_onehalf.mp4;C:\Users\esthe\Downloads\white dot 15 _\Dote_1505_13_one.mp4;C:\Users\esthe\Downloads\white dot 15 _\Dote_1505_4_seven.mp4;C:\Users\esthe\Downloads\white dot 15 _\Dote_1505_5_onehalf.mp4;C:\Users\esthe\Downloads\white dot 15 _\Dote_1505_6_seven.mp4;C:\Users\esthe\Downloads\white dot 15 _\Dote_1505_7_onehalf.mp4;C:\Users\esthe\Downloads\white dot 15 _\Dote_1505_8_five.mp4;C:\Users\esthe\Downloads\white dot 15 _\Dote_1505_9_two.mp4,0.0,3.601;12.399;7.668;18.066;7.932;7.502;13.768;11.762;7.664;12.764,30.000;30.000;30.000;30.000;30.000;30.000;30.000;30.000;30.000;30.000,Dote,target,,,START,27.198,C:\Users\esthe\Downloads\white dot 15 _\Dote_1505_13_one.mp4,106,NA,
dote_1505,2025-07-11 11:43:55.464,,103.115,Media file(s),player #1:C:\Users\esthe\Downloads\white dot 15 _\Dote_1505_10_seven.mp4;C:\Users\esthe\Downloads\white dot 15 _\Dote_1505_11_onehalf.mp4;C:\Users\esthe\Downloads\white dot 15 _\Dote_1505_12_onehalf.mp4;C:\Users\esthe\Downloads\white dot 15 _\Dote_1505_13_one.mp4;C:\Users\esthe\Downloads\white dot 15 _\Dote_1505_4_seven.mp4;C:\Users\esthe\Downloads\white dot 15 _\Dote_1505_5_onehalf.mp4;C:\Users\esthe\Downloads\white dot 15 _\Dote_1505_6_seven.mp4;C:\Users\esthe\Downloads\white dot 15 _\Dote_1505_7_onehalf.mp4;C:\Users\esthe\Downloads\white dot 15 _\Dote_1505_8_five.mp4;C:\Users\esthe\Downloads\white dot 15 _\Dote_1505_9_two.mp4,0.0,3.601;12.399;7.668;18.066;7.932;7.502;13.768;11.762;7.664;12.764,30.000;30.000;30.000;30.000;30.000;30.000;30.000;30.000;30.000;30.000,Dote,target,,,STOP,40.931,C:\Users\esthe\Downloads\white dot 15 _\Dote_1505_13_one.mp4,518,NA,
dote_1505,2025-07-11 11:43:55.464,,103.115,Media file(s),player #1:C:\Users\esthe\Downloads\white dot 15 _\Dote_1505_10_seven.mp4;C:\Users\esthe\Downloads\white dot 15 _\Dote_1505_11_onehalf.mp4;C:\Users\esthe\Downloads\white dot 15 _\Dote_1505_12_onehalf.mp4;C:\Users\esthe\Downloads\white dot 15 _\Dote_1505_13_one.mp4;C:\Users\esthe\Downloads\white dot 15 _\Dote_1505_4_seven.mp4;C:\Users\esthe\Downloads\white dot 15 _\Dote_1505_5_onehalf.mp4;C:\Users\esthe\Downloads\white dot 15 _\Dote_1505_6_seven.mp4;C:\Users\esthe\Downloads\white dot 15 _\Dote_1505_7_onehalf.mp4;C:\Users\esthe\Downloads\white dot 15 _\Dote_1505_8_five.mp4;C:\Users\esthe\Downloads\white dot 15 _\Dote_1505_9_two.mp4,0.0,3.601;12.399;7.668;18.066;7.932;7.502;13.768;11.762;7.664;12.764,30.000;30.000;30.000;30.000;30.000;30.000;30.000;30.000;30.000;30.000,Dote,bending,,,START,41.730,C:\Users\esthe\Downloads\white dot 15 _\Dote_1505_13_one.mp4,0,NA,
dote_1505,2025-07-11 11:43:55.464,,103.115,Media file(s),player #1:C:\Users\esthe\Downloads\white dot 15 _\Dote_1505_10_seven.mp4;C:\Users\esthe\Downloads\white dot 15 _\Dote_1505_11_onehalf.mp4;C:\Users\esthe\Downloads\white dot 15 _\Dote_1505_12_onehalf.mp4;C:\Users\esthe\Downloads\white dot 15 _\Dote_1505_13_one.mp4;C:\Users\esthe\Downloads\white dot 15 _\Dote_1505_4_seven.mp4;C:\Users\esthe\Downloads\white dot 15 _\Dote_1505_5_onehalf.mp4;C:\Users\esthe\Downloads\white dot 15 _\Dote_1505_6_seven.mp4;C:\Users\esthe\Downloads\white dot 15 _\Dote_1505_7_onehalf.mp4;C:\Users\esthe\Downloads\white dot 15 _\Dote_1505_8_five.mp4;C:\Users\esthe\Downloads\white dot 15 _\Dote_1505_9_two.mp4,0.0,3.601;12.399;7.668;18.066;7.932;7.502;13.768;11.762;7.664;12.764,30.000;30.000;30.000;30.000;30.000;30.000;30.000;30.000;30.000;30.000,Dote,bending,,,STOP,41.997,C:\Users\esthe\Downloads\white dot 15 _\Dote_1505_4_seven.mp4,8,NA,
dote_1505,2025-07-11 11:43:55.464,,103.115,Media file(s),player #1:C:\Users\esthe\Downloads\white dot 15 _\Dote_1505_10_seven.mp4;C:\Users\esthe\Downloads\white dot 15 _\Dote_1505_11_onehalf.mp4;C:\Users\esthe\Downloads\white dot 15 _\Dote_1505_12_onehalf.mp4;C:\Users\esthe\Downloads\white dot 15 _\Dote_1505_13_one.mp4;C:\Users\esthe\Downloads\white dot 15 _\Dote_1505_4_seven.mp4;C:\Users\esthe\Downloads\white dot 15 _\Dote_1505_5_onehalf.mp4;C:\Users\esthe\Downloads\white dot 15 _\Dote_1505_6_seven.mp4;C:\Users\esthe\Downloads\white dot 15 _\Dote_1505_7_onehalf.mp4;C:\Users\esthe\Downloads\white dot 15 _\Dote_1505_8_five.mp4;C:\Users\esthe\Downloads\white dot 15 _\Dote_1505_9_two.mp4,0.0,3.601;12.399;7.668;18.066;7.932;7.502;13.768;11.762;7.664;12.764,30.000;30.000;30.000;30.000;30.000;30.000;30.000;30.000;30.000;30.000,Dote,grabbing peanut,,,POINT,41.997,C:\Users\esthe\Downloads\white dot 15 _\Dote_1505_4_seven.mp4,8,NA,
dote_1505,2025-07-11 11:43:55.464,,103.115,Media file(s),player #1:C:\Users\esthe\Downloads\white dot 15 _\Dote_1505_10_seven.mp4;C:\Users\esthe\Downloads\white dot 15 _\Dote_1505_11_onehalf.mp4;C:\Users\esthe\Downloads\white dot 15 _\Dote_1505_12_onehalf.mp4;C:\Users\esthe\Downloads\white dot 15 _\Dote_1505_13_one.mp4;C:\Users\esthe\Downloads\white dot 15 _\Dote_1505_4_seven.mp4;C:\Users\esthe\Downloads\white dot 15 _\Dote_1505_5_onehalf.mp4;C:\Users\esthe\Downloads\white dot 15 _\Dote_1505_6_seven.mp4;C:\Users\esthe\Downloads\white dot 15 _\Dote_1505_7_onehalf.mp4;C:\Users\esthe\Downloads\white dot 15 _\Dote_1505_8_five.mp4;C:\Users\esthe\Downloads\white dot 15 _\Dote_1505_9_two.mp4,0.0,3.601;12.399;7.668;18.066;7.932;7.502;13.768;11.762;7.664;12.764,30.000;30.000;30.000;30.000;30.000;30.000;30.000;30.000;30.000;30.000,Dote,lifting,,,START,42.030,C:\Users\esthe\Downloads\white dot 15 _\Dote_1505_4_seven.mp4,9,NA,
dote_1505,2025-07-11 11:43:55.464,,103.115,Media file(s),player #1:C:\Users\esthe\Downloads\white dot 15 _\Dote_1505_10_seven.mp4;C:\Users\esthe\Downloads\white dot 15 _\Dote_1505_11_onehalf.mp4;C:\Users\esthe\Downloads\white dot 15 _\Dote_1505_12_onehalf.mp4;C:\Users\esthe\Downloads\white dot 15 _\Dote_1505_13_one.mp4;C:\Users\esthe\Downloads\white dot 15 _\Dote_1505_4_seven.mp4;C:\Users\esthe\Downloads\white dot 15 _\Dote_1505_5_onehalf.mp4;C:\Users\esthe\Downloads\white dot 15 _\Dote_1505_6_seven.mp4;C:\Users\esthe\Downloads\white dot 15 _\Dote_1505_7_onehalf.mp4;C:\Users\esthe\Downloads\white dot 15 _\Dote_1505_8_five.mp4;C:\Users\esthe\Downloads\white dot 15 _\Dote_1505_9_two.mp4,0.0,3.601;12.399;7.668;18.066;7.932;7.502;13.768;11.762;7.664;12.764,30.000;30.000;30.000;30.000;30.000;30.000;30.000;30.000;30.000;30.000,Dote,lifting,,,STOP,42.363,C:\Users\esthe\Downloads\white dot 15 _\Dote_1505_4_seven.mp4,19,NA,
dote_1505,2025-07-11 11:43:55.464,,103.115,Media file(s),player #1:C:\Users\esthe\Downloads\white dot 15 _\Dote_1505_10_seven.mp4;C:\Users\esthe\Downloads\white dot 15 _\Dote_1505_11_onehalf.mp4;C:\Users\esthe\Downloads\white dot 15 _\Dote_1505_12_onehalf.mp4;C:\Users\esthe\Downloads\white dot 15 _\Dote_1505_13_one.mp4;C:\Users\esthe\Downloads\white dot 15 _\Dote_1505_4_seven.mp4;C:\Users\esthe\Downloads\white dot 15 _\Dote_1505_5_onehalf.mp4;C:\Users\esthe\Downloads\white dot 15 _\Dote_1505_6_seven.mp4;C:\Users\esthe\Downloads\white dot 15 _\Dote_1505_7_onehalf.mp4;C:\Users\esthe\Downloads\white dot 15 _\Dote_1505_8_five.mp4;C:\Users\esthe\Downloads\white dot 15 _\Dote_1505_9_two.mp4,0.0,3.601;12.399;7.668;18.066;7.932;7.502;13.768;11.762;7.664;12.764,30.000;30.000;30.000;30.000;30.000;30.000;30.000;30.000;30.000;30.000,Dote,assessing,,,START,42.463,C:\Users\esthe\Downloads\white dot 15 _\Dote_1505_4_seven.mp4,22,NA,
dote_1505,2025-07-11 11:43:55.464,,103.115,Media file(s),player #1:C:\Users\esthe\Downloads\white dot 15 _\Dote_1505_10_seven.mp4;C:\Users\esthe\Downloads\white dot 15 _\Dote_1505_11_onehalf.mp4;C:\Users\esthe\Downloads\white dot 15 _\Dote_1505_12_onehalf.mp4;C:\Users\esthe\Downloads\white dot 15 _\Dote_1505_13_one.mp4;C:\Users\esthe\Downloads\white dot 15 _\Dote_1505_4_seven.mp4;C:\Users\esthe\Downloads\white dot 15 _\Dote_1505_5_onehalf.mp4;C:\Users\esthe\Downloads\white dot 15 _\Dote_1505_6_seven.mp4;C:\Users\esthe\Downloads\white dot 15 _\Dote_1505_7_onehalf.mp4;C:\Users\esthe\Downloads\white dot 15 _\Dote_1505_8_five.mp4;C:\Users\esthe\Downloads\white dot 15 _\Dote_1505_9_two.mp4,0.0,3.601;12.399;7.668;18.066;7.932;7.502;13.768;11.762;7.664;12.764,30.000;30.000;30.000;30.000;30.000;30.000;30.000;30.000;30.000;30.000,Dote,jaw movement,,,POINT,42.463,C:\Users\esthe\Downloads\white dot 15 _\Dote_1505_4_seven.mp4,22,NA,
dote_1505,2025-07-11 11:43:55.464,,103.115,Media file(s),player #1:C:\Users\esthe\Downloads\white dot 15 _\Dote_1505_10_seven.mp4;C:\Users\esthe\Downloads\white dot 15 _\Dote_1505_11_onehalf.mp4;C:\Users\esthe\Downloads\white dot 15 _\Dote_1505_12_onehalf.mp4;C:\Users\esthe\Downloads\white dot 15 _\Dote_1505_13_one.mp4;C:\Users\esthe\Downloads\white dot 15 _\Dote_1505_4_seven.mp4;C:\Users\esthe\Downloads\white dot 15 _\Dote_1505_5_onehalf.mp4;C:\Users\esthe\Downloads\white dot 15 _\Dote_1505_6_seven.mp4;C:\Users\esthe\Downloads\white dot 15 _\Dote_1505_7_onehalf.mp4;C:\Users\esthe\Downloads\white dot 15 _\Dote_1505_8_five.mp4;C:\Users\esthe\Downloads\white dot 15 _\Dote_1505_9_two.mp4,0.0,3.601;12.399;7.668;18.066;7.932;7.502;13.768;11.762;7.664;12.764,30.000;30.000;30.000;30.000;30.000;30.000;30.000;30.000;30.000;30.000,Dote,rotation,,Horizontal,START,42.496,C:\Users\esthe\Downloads\white dot 15 _\Dote_1505_4_seven.mp4,23,NA,
dote_1505,2025-07-11 11:43:55.464,,103.115,Media file(s),player #1:C:\Users\esthe\Downloads\white dot 15 _\Dote_1505_10_seven.mp4;C:\Users\esthe\Downloads\white dot 15 _\Dote_1505_11_onehalf.mp4;C:\Users\esthe\Downloads\white dot 15 _\Dote_1505_12_onehalf.mp4;C:\Users\esthe\Downloads\white dot 15 _\Dote_1505_13_one.mp4;C:\Users\esthe\Downloads\white dot 15 _\Dote_1505_4_seven.mp4;C:\Users\esthe\Downloads\white dot 15 _\Dote_1505_5_onehalf.mp4;C:\Users\esthe\Downloads\white dot 15 _\Dote_1505_6_seven.mp4;C:\Users\esthe\Downloads\white dot 15 _\Dote_1505_7_onehalf.mp4;C:\Users\esthe\Downloads\white dot 15 _\Dote_1505_8_five.mp4;C:\Users\esthe\Downloads\white dot 15 _\Dote_1505_9_two.mp4,0.0,3.601;12.399;7.668;18.066;7.932;7.502;13.768;11.762;7.664;12.764,30.000;30.000;30.000;30.000;30.000;30.000;30.000;30.000;30.000;30.000,Dote,rotation,,Horizontal,STOP,42.663,C:\Users\esthe\Downloads\white dot 15 _\Dote_1505_4_seven.mp4,28,NA,
dote_1505,2025-07-11 11:43:55.464,,103.115,Media file(s),player #1:C:\Users\esthe\Downloads\white dot 15 _\Dote_1505_10_seven.mp4;C:\Users\esthe\Downloads\white dot 15 _\Dote_1505_11_onehalf.mp4;C:\Users\esthe\Downloads\white dot 15 _\Dote_1505_12_onehalf.mp4;C:\Users\esthe\Downloads\white dot 15 _\Dote_1505_13_one.mp4;C:\Users\esthe\Downloads\white dot 15 _\Dote_1505_4_seven.mp4;C:\Users\esthe\Downloads\white dot 15 _\Dote_1505_5_onehalf.mp4;C:\Users\esthe\Downloads\white dot 15 _\Dote_1505_6_seven.mp4;C:\Users\esthe\Downloads\white dot 15 _\Dote_1505_7_onehalf.mp4;C:\Users\esthe\Downloads\white dot 15 _\Dote_1505_8_five.mp4;C:\Users\esthe\Downloads\white dot 15 _\Dote_1505_9_two.mp4,0.0,3.601;12.399;7.668;18.066;7.932;7.502;13.768;11.762;7.664;12.764,30.000;30.000;30.000;30.000;30.000;30.000;30.000;30.000;30.000;30.000,Dote,jaw movement,,,POINT,42.796,C:\Users\esthe\Downloads\white dot 15 _\Dote_1505_4_seven.mp4,32,NA,
dote_1505,2025-07-11 11:43:55.464,,103.115,Media file(s),player #1:C:\Users\esthe\Downloads\white dot 15 _\Dote_1505_10_seven.mp4;C:\Users\esthe\Downloads\white dot 15 _\Dote_1505_11_onehalf.mp4;C:\Users\esthe\Downloads\white dot 15 _\Dote_1505_12_onehalf.mp4;C:\Users\esthe\Downloads\white dot 15 _\Dote_1505_13_one.mp4;C:\Users\esthe\Downloads\white dot 15 _\Dote_1505_4_seven.mp4;C:\Users\esthe\Downloads\white dot 15 _\Dote_1505_5_onehalf.mp4;C:\Users\esthe\Downloads\white dot 15 _\Dote_1505_6_seven.mp4;C:\Users\esthe\Downloads\white dot 15 _\Dote_1505_7_onehalf.mp4;C:\Users\esthe\Downloads\white dot 15 _\Dote_1505_8_five.mp4;C:\Users\esthe\Downloads\white dot 15 _\Dote_1505_9_two.mp4,0.0,3.601;12.399;7.668;18.066;7.932;7.502;13.768;11.762;7.664;12.764,30.000;30.000;30.000;30.000;30.000;30.000;30.000;30.000;30.000;30.000,Dote,jaw movement,,,POINT,43.196,C:\Users\esthe\Downloads\white dot 15 _\Dote_1505_4_seven.mp4,44,NA,
dote_1505,2025-07-11 11:43:55.464,,103.115,Media file(s),player #1:C:\Users\esthe\Downloads\white dot 15 _\Dote_1505_10_seven.mp4;C:\Users\esthe\Downloads\white dot 15 _\Dote_1505_11_onehalf.mp4;C:\Users\esthe\Downloads\white dot 15 _\Dote_1505_12_onehalf.mp4;C:\Users\esthe\Downloads\white dot 15 _\Dote_1505_13_one.mp4;C:\Users\esthe\Downloads\white dot 15 _\Dote_1505_4_seven.mp4;C:\Users\esthe\Downloads\white dot 15 _\Dote_1505_5_onehalf.mp4;C:\Users\esthe\Downloads\white dot 15 _\Dote_1505_6_seven.mp4;C:\Users\esthe\Downloads\white dot 15 _\Dote_1505_7_onehalf.mp4;C:\Users\esthe\Downloads\white dot 15 _\Dote_1505_8_five.mp4;C:\Users\esthe\Downloads\white dot 15 _\Dote_1505_9_two.mp4,0.0,3.601;12.399;7.668;18.066;7.932;7.502;13.768;11.762;7.664;12.764,30.000;30.000;30.000;30.000;30.000;30.000;30.000;30.000;30.000;30.000,Dote,mouth,,,POINT,43.430,C:\Users\esthe\Downloads\white dot 15 _\Dote_1505_4_seven.mp4,51,NA,
dote_1505,2025-07-11 11:43:55.464,,103.115,Media file(s),player #1:C:\Users\esthe\Downloads\white dot 15 _\Dote_1505_10_seven.mp4;C:\Users\esthe\Downloads\white dot 15 _\Dote_1505_11_onehalf.mp4;C:\Users\esthe\Downloads\white dot 15 _\Dote_1505_12_onehalf.mp4;C:\Users\esthe\Downloads\white dot 15 _\Dote_1505_13_one.mp4;C:\Users\esthe\Downloads\white dot 15 _\Dote_1505_4_seven.mp4;C:\Users\esthe\Downloads\white dot 15 _\Dote_1505_5_onehalf.mp4;C:\Users\esthe\Downloads\white dot 15 _\Dote_1505_6_seven.mp4;C:\Users\esthe\Downloads\white dot 15 _\Dote_1505_7_onehalf.mp4;C:\Users\esthe\Downloads\white dot 15 _\Dote_1505_8_five.mp4;C:\Users\esthe\Downloads\white dot 15 _\Dote_1505_9_two.mp4,0.0,3.601;12.399;7.668;18.066;7.932;7.502;13.768;11.762;7.664;12.764,30.000;30.000;30.000;30.000;30.000;30.000;30.000;30.000;30.000;30.000,Dote,assessing,,,STOP,43.463,C:\Users\esthe\Downloads\white dot 15 _\Dote_1505_4_seven.mp4,52,NA,
dote_1505,2025-07-11 11:43:55.464,,103.115,Media file(s),player #1:C:\Users\esthe\Downloads\white dot 15 _\Dote_1505_10_seven.mp4;C:\Users\esthe\Downloads\white dot 15 _\Dote_1505_11_onehalf.mp4;C:\Users\esthe\Downloads\white dot 15 _\Dote_1505_12_onehalf.mp4;C:\Users\esthe\Downloads\white dot 15 _\Dote_1505_13_one.mp4;C:\Users\esthe\Downloads\white dot 15 _\Dote_1505_4_seven.mp4;C:\Users\esthe\Downloads\white dot 15 _\Dote_1505_5_onehalf.mp4;C:\Users\esthe\Downloads\white dot 15 _\Dote_1505_6_seven.mp4;C:\Users\esthe\Downloads\white dot 15 _\Dote_1505_7_onehalf.mp4;C:\Users\esthe\Downloads\white dot 15 _\Dote_1505_8_five.mp4;C:\Users\esthe\Downloads\white dot 15 _\Dote_1505_9_two.mp4,0.0,3.601;12.399;7.668;18.066;7.932;7.502;13.768;11.762;7.664;12.764,30.000;30.000;30.000;30.000;30.000;30.000;30.000;30.000;30.000;30.000,Dote,target,,,START,43.530,C:\Users\esthe\Downloads\white dot 15 _\Dote_1505_4_seven.mp4,54,NA,
dote_1505,2025-07-11 11:43:55.464,,103.115,Media file(s),player #1:C:\Users\esthe\Downloads\white dot 15 _\Dote_1505_10_seven.mp4;C:\Users\esthe\Downloads\white dot 15 _\Dote_1505_11_onehalf.mp4;C:\Users\esthe\Downloads\white dot 15 _\Dote_1505_12_onehalf.mp4;C:\Users\esthe\Downloads\white dot 15 _\Dote_1505_13_one.mp4;C:\Users\esthe\Downloads\white dot 15 _\Dote_1505_4_seven.mp4;C:\Users\esthe\Downloads\white dot 15 _\Dote_1505_5_onehalf.mp4;C:\Users\esthe\Downloads\white dot 15 _\Dote_1505_6_seven.mp4;C:\Users\esthe\Downloads\white dot 15 _\Dote_1505_7_onehalf.mp4;C:\Users\esthe\Downloads\white dot 15 _\Dote_1505_8_five.mp4;C:\Users\esthe\Downloads\white dot 15 _\Dote_1505_9_two.mp4,0.0,3.601;12.399;7.668;18.066;7.932;7.502;13.768;11.762;7.664;12.764,30.000;30.000;30.000;30.000;30.000;30.000;30.000;30.000;30.000;30.000,Dote,target,,,STOP,49.329,C:\Users\esthe\Downloads\white dot 15 _\Dote_1505_4_seven.mp4,228,NA,
dote_1505,2025-07-11 11:43:55.464,,103.115,Media file(s),player #1:C:\Users\esthe\Downloads\white dot 15 _\Dote_1505_10_seven.mp4;C:\Users\esthe\Downloads\white dot 15 _\Dote_1505_11_onehalf.mp4;C:\Users\esthe\Downloads\white dot 15 _\Dote_1505_12_onehalf.mp4;C:\Users\esthe\Downloads\white dot 15 _\Dote_1505_13_one.mp4;C:\Users\esthe\Downloads\white dot 15 _\Dote_1505_4_seven.mp4;C:\Users\esthe\Downloads\white dot 15 _\Dote_1505_5_onehalf.mp4;C:\Users\esthe\Downloads\white dot 15 _\Dote_1505_6_seven.mp4;C:\Users\esthe\Downloads\white dot 15 _\Dote_1505_7_onehalf.mp4;C:\Users\esthe\Downloads\white dot 15 _\Dote_1505_8_five.mp4;C:\Users\esthe\Downloads\white dot 15 _\Dote_1505_9_two.mp4,0.0,3.601;12.399;7.668;18.066;7.932;7.502;13.768;11.762;7.664;12.764,30.000;30.000;30.000;30.000;30.000;30.000;30.000;30.000;30.000;30.000,Dote,bending,,,START,58.392,C:\Users\esthe\Downloads\white dot 15 _\Dote_1505_6_seven.mp4,37,NA,
dote_1505,2025-07-11 11:43:55.464,,103.115,Media file(s),player #1:C:\Users\esthe\Downloads\white dot 15 _\Dote_1505_10_seven.mp4;C:\Users\esthe\Downloads\white dot 15 _\Dote_1505_11_onehalf.mp4;C:\Users\esthe\Downloads\white dot 15 _\Dote_1505_12_onehalf.mp4;C:\Users\esthe\Downloads\white dot 15 _\Dote_1505_13_one.mp4;C:\Users\esthe\Downloads\white dot 15 _\Dote_1505_4_seven.mp4;C:\Users\esthe\Downloads\white dot 15 _\Dote_1505_5_onehalf.mp4;C:\Users\esthe\Downloads\white dot 15 _\Dote_1505_6_seven.mp4;C:\Users\esthe\Downloads\white dot 15 _\Dote_1505_7_onehalf.mp4;C:\Users\esthe\Downloads\white dot 15 _\Dote_1505_8_five.mp4;C:\Users\esthe\Downloads\white dot 15 _\Dote_1505_9_two.mp4,0.0,3.601;12.399;7.668;18.066;7.932;7.502;13.768;11.762;7.664;12.764,30.000;30.000;30.000;30.000;30.000;30.000;30.000;30.000;30.000;30.000,Dote,sniffing,,,POINT,59.193,C:\Users\esthe\Downloads\white dot 15 _\Dote_1505_6_seven.mp4,61,NA,
dote_1505,2025-07-11 11:43:55.464,,103.115,Media file(s),player #1:C:\Users\esthe\Downloads\white dot 15 _\Dote_1505_10_seven.mp4;C:\Users\esthe\Downloads\white dot 15 _\Dote_1505_11_onehalf.mp4;C:\Users\esthe\Downloads\white dot 15 _\Dote_1505_12_onehalf.mp4;C:\Users\esthe\Downloads\white dot 15 _\Dote_1505_13_one.mp4;C:\Users\esthe\Downloads\white dot 15 _\Dote_1505_4_seven.mp4;C:\Users\esthe\Downloads\white dot 15 _\Dote_1505_5_onehalf.mp4;C:\Users\esthe\Downloads\white dot 15 _\Dote_1505_6_seven.mp4;C:\Users\esthe\Downloads\white dot 15 _\Dote_1505_7_onehalf.mp4;C:\Users\esthe\Downloads\white dot 15 _\Dote_1505_8_five.mp4;C:\Users\esthe\Downloads\white dot 15 _\Dote_1505_9_two.mp4,0.0,3.601;12.399;7.668;18.066;7.932;7.502;13.768;11.762;7.664;12.764,30.000;30.000;30.000;30.000;30.000;30.000;30.000;30.000;30.000;30.000,Dote,grabbing peanut,,,POINT,59.726,C:\Users\esthe\Downloads\white dot 15 _\Dote_1505_6_seven.mp4,77,NA,
dote_1505,2025-07-11 11:43:55.464,,103.115,Media file(s),player #1:C:\Users\esthe\Downloads\white dot 15 _\Dote_1505_10_seven.mp4;C:\Users\esthe\Downloads\white dot 15 _\Dote_1505_11_onehalf.mp4;C:\Users\esthe\Downloads\white dot 15 _\Dote_1505_12_onehalf.mp4;C:\Users\esthe\Downloads\white dot 15 _\Dote_1505_13_one.mp4;C:\Users\esthe\Downloads\white dot 15 _\Dote_1505_4_seven.mp4;C:\Users\esthe\Downloads\white dot 15 _\Dote_1505_5_onehalf.mp4;C:\Users\esthe\Downloads\white dot 15 _\Dote_1505_6_seven.mp4;C:\Users\esthe\Downloads\white dot 15 _\Dote_1505_7_onehalf.mp4;C:\Users\esthe\Downloads\white dot 15 _\Dote_1505_8_five.mp4;C:\Users\esthe\Downloads\white dot 15 _\Dote_1505_9_two.mp4,0.0,3.601;12.399;7.668;18.066;7.932;7.502;13.768;11.762;7.664;12.764,30.000;30.000;30.000;30.000;30.000;30.000;30.000;30.000;30.000;30.000,Dote,bending,,,STOP,59.760,C:\Users\esthe\Downloads\white dot 15 _\Dote_1505_6_seven.mp4,78,NA,
dote_1505,2025-07-11 11:43:55.464,,103.115,Media file(s),player #1:C:\Users\esthe\Downloads\white dot 15 _\Dote_1505_10_seven.mp4;C:\Users\esthe\Downloads\white dot 15 _\Dote_1505_11_onehalf.mp4;C:\Users\esthe\Downloads\white dot 15 _\Dote_1505_12_onehalf.mp4;C:\Users\esthe\Downloads\white dot 15 _\Dote_1505_13_one.mp4;C:\Users\esthe\Downloads\white dot 15 _\Dote_1505_4_seven.mp4;C:\Users\esthe\Downloads\white dot 15 _\Dote_1505_5_onehalf.mp4;C:\Users\esthe\Downloads\white dot 15 _\Dote_1505_6_seven.mp4;C:\Users\esthe\Downloads\white dot 15 _\Dote_1505_7_onehalf.mp4;C:\Users\esthe\Downloads\white dot 15 _\Dote_1505_8_five.mp4;C:\Users\esthe\Downloads\white dot 15 _\Dote_1505_9_two.mp4,0.0,3.601;12.399;7.668;18.066;7.932;7.502;13.768;11.762;7.664;12.764,30.000;30.000;30.000;30.000;30.000;30.000;30.000;30.000;30.000;30.000,Dote,lifting,,,START,59.793,C:\Users\esthe\Downloads\white dot 15 _\Dote_1505_6_seven.mp4,79,NA,
dote_1505,2025-07-11 11:43:55.464,,103.115,Media file(s),player #1:C:\Users\esthe\Downloads\white dot 15 _\Dote_1505_10_seven.mp4;C:\Users\esthe\Downloads\white dot 15 _\Dote_1505_11_onehalf.mp4;C:\Users\esthe\Downloads\white dot 15 _\Dote_1505_12_onehalf.mp4;C:\Users\esthe\Downloads\white dot 15 _\Dote_1505_13_one.mp4;C:\Users\esthe\Downloads\white dot 15 _\Dote_1505_4_seven.mp4;C:\Users\esthe\Downloads\white dot 15 _\Dote_1505_5_onehalf.mp4;C:\Users\esthe\Downloads\white dot 15 _\Dote_1505_6_seven.mp4;C:\Users\esthe\Downloads\white dot 15 _\Dote_1505_7_onehalf.mp4;C:\Users\esthe\Downloads\white dot 15 _\Dote_1505_8_five.mp4;C:\Users\esthe\Downloads\white dot 15 _\Dote_1505_9_two.mp4,0.0,3.601;12.399;7.668;18.066;7.932;7.502;13.768;11.762;7.664;12.764,30.000;30.000;30.000;30.000;30.000;30.000;30.000;30.000;30.000;30.000,Dote,lifting,,,STOP,60.426,C:\Users\esthe\Downloads\white dot 15 _\Dote_1505_6_seven.mp4,98,NA,
dote_1505,2025-07-11 11:43:55.464,,103.115,Media file(s),player #1:C:\Users\esthe\Downloads\white dot 15 _\Dote_1505_10_seven.mp4;C:\Users\esthe\Downloads\white dot 15 _\Dote_1505_11_onehalf.mp4;C:\Users\esthe\Downloads\white dot 15 _\Dote_1505_12_onehalf.mp4;C:\Users\esthe\Downloads\white dot 15 _\Dote_1505_13_one.mp4;C:\Users\esthe\Downloads\white dot 15 _\Dote_1505_4_seven.mp4;C:\Users\esthe\Downloads\white dot 15 _\Dote_1505_5_onehalf.mp4;C:\Users\esthe\Downloads\white dot 15 _\Dote_1505_6_seven.mp4;C:\Users\esthe\Downloads\white dot 15 _\Dote_1505_7_onehalf.mp4;C:\Users\esthe\Downloads\white dot 15 _\Dote_1505_8_five.mp4;C:\Users\esthe\Downloads\white dot 15 _\Dote_1505_9_two.mp4,0.0,3.601;12.399;7.668;18.066;7.932;7.502;13.768;11.762;7.664;12.764,30.000;30.000;30.000;30.000;30.000;30.000;30.000;30.000;30.000;30.000,Dote,target,,,START,61.093,C:\Users\esthe\Downloads\white dot 15 _\Dote_1505_6_seven.mp4,118,NA,
dote_1505,2025-07-11 11:43:55.464,,103.115,Media file(s),player #1:C:\Users\esthe\Downloads\white dot 15 _\Dote_1505_10_seven.mp4;C:\Users\esthe\Downloads\white dot 15 _\Dote_1505_11_onehalf.mp4;C:\Users\esthe\Downloads\white dot 15 _\Dote_1505_12_onehalf.mp4;C:\Users\esthe\Downloads\white dot 15 _\Dote_1505_13_one.mp4;C:\Users\esthe\Downloads\white dot 15 _\Dote_1505_4_seven.mp4;C:\Users\esthe\Downloads\white dot 15 _\Dote_1505_5_onehalf.mp4;C:\Users\esthe\Downloads\white dot 15 _\Dote_1505_6_seven.mp4;C:\Users\esthe\Downloads\white dot 15 _\Dote_1505_7_onehalf.mp4;C:\Users\esthe\Downloads\white dot 15 _\Dote_1505_8_five.mp4;C:\Users\esthe\Downloads\white dot 15 _\Dote_1505_9_two.mp4,0.0,3.601;12.399;7.668;18.066;7.932;7.502;13.768;11.762;7.664;12.764,30.000;30.000;30.000;30.000;30.000;30.000;30.000;30.000;30.000;30.000,Dote,target,,,STOP,70.797,C:\Users\esthe\Downloads\white dot 15 _\Dote_1505_6_seven.mp4,409,NA,
dote_1505,2025-07-11 11:43:55.464,,103.115,Media file(s),player #1:C:\Users\esthe\Downloads\white dot 15 _\Dote_1505_10_seven.mp4;C:\Users\esthe\Downloads\white dot 15 _\Dote_1505_11_onehalf.mp4;C:\Users\esthe\Downloads\white dot 15 _\Dote_1505_12_onehalf.mp4;C:\Users\esthe\Downloads\white dot 15 _\Dote_1505_13_one.mp4;C:\Users\esthe\Downloads\white dot 15 _\Dote_1505_4_seven.mp4;C:\Users\esthe\Downloads\white dot 15 _\Dote_1505_5_onehalf.mp4;C:\Users\esthe\Downloads\white dot 15 _\Dote_1505_6_seven.mp4;C:\Users\esthe\Downloads\white dot 15 _\Dote_1505_7_onehalf.mp4;C:\Users\esthe\Downloads\white dot 15 _\Dote_1505_8_five.mp4;C:\Users\esthe\Downloads\white dot 15 _\Dote_1505_9_two.mp4,0.0,3.601;12.399;7.668;18.066;7.932;7.502;13.768;11.762;7.664;12.764,30.000;30.000;30.000;30.000;30.000;30.000;30.000;30.000;30.000;30.000,Dote,explore,,,START,71.097,C:\Users\esthe\Downloads\white dot 15 _\Dote_1505_7_onehalf.mp4,5,NA,
dote_1505,2025-07-11 11:43:55.464,,103.115,Media file(s),player #1:C:\Users\esthe\Downloads\white dot 15 _\Dote_1505_10_seven.mp4;C:\Users\esthe\Downloads\white dot 15 _\Dote_1505_11_onehalf.mp4;C:\Users\esthe\Downloads\white dot 15 _\Dote_1505_12_onehalf.mp4;C:\Users\esthe\Downloads\white dot 15 _\Dote_1505_13_one.mp4;C:\Users\esthe\Downloads\white dot 15 _\Dote_1505_4_seven.mp4;C:\Users\esthe\Downloads\white dot 15 _\Dote_1505_5_onehalf.mp4;C:\Users\esthe\Downloads\white dot 15 _\Dote_1505_6_seven.mp4;C:\Users\esthe\Downloads\white dot 15 _\Dote_1505_7_onehalf.mp4;C:\Users\esthe\Downloads\white dot 15 _\Dote_1505_8_five.mp4;C:\Users\esthe\Downloads\white dot 15 _\Dote_1505_9_two.mp4,0.0,3.601;12.399;7.668;18.066;7.932;7.502;13.768;11.762;7.664;12.764,30.000;30.000;30.000;30.000;30.000;30.000;30.000;30.000;30.000;30.000,Dote,explore,,,STOP,72.957,C:\Users\esthe\Downloads\white dot 15 _\Dote_1505_7_onehalf.mp4,61,NA,
dote_1505,2025-07-11 11:43:55.464,,103.115,Media file(s),player #1:C:\Users\esthe\Downloads\white dot 15 _\Dote_1505_10_seven.mp4;C:\Users\esthe\Downloads\white dot 15 _\Dote_1505_11_onehalf.mp4;C:\Users\esthe\Downloads\white dot 15 _\Dote_1505_12_onehalf.mp4;C:\Users\esthe\Downloads\white dot 15 _\Dote_1505_13_one.mp4;C:\Users\esthe\Downloads\white dot 15 _\Dote_1505_4_seven.mp4;C:\Users\esthe\Downloads\white dot 15 _\Dote_1505_5_onehalf.mp4;C:\Users\esthe\Downloads\white dot 15 _\Dote_1505_6_seven.mp4;C:\Users\esthe\Downloads\white dot 15 _\Dote_1505_7_onehalf.mp4;C:\Users\esthe\Downloads\white dot 15 _\Dote_1505_8_five.mp4;C:\Users\esthe\Downloads\white dot 15 _\Dote_1505_9_two.mp4,0.0,3.601;12.399;7.668;18.066;7.932;7.502;13.768;11.762;7.664;12.764,30.000;30.000;30.000;30.000;30.000;30.000;30.000;30.000;30.000;30.000,Dote,bending,,,START,73.357,C:\Users\esthe\Downloads\white dot 15 _\Dote_1505_7_onehalf.mp4,73,NA,
dote_1505,2025-07-11 11:43:55.464,,103.115,Media file(s),player #1:C:\Users\esthe\Downloads\white dot 15 _\Dote_1505_10_seven.mp4;C:\Users\esthe\Downloads\white dot 15 _\Dote_1505_11_onehalf.mp4;C:\Users\esthe\Downloads\white dot 15 _\Dote_1505_12_onehalf.mp4;C:\Users\esthe\Downloads\white dot 15 _\Dote_1505_13_one.mp4;C:\Users\esthe\Downloads\white dot 15 _\Dote_1505_4_seven.mp4;C:\Users\esthe\Downloads\white dot 15 _\Dote_1505_5_onehalf.mp4;C:\Users\esthe\Downloads\white dot 15 _\Dote_1505_6_seven.mp4;C:\Users\esthe\Downloads\white dot 15 _\Dote_1505_7_onehalf.mp4;C:\Users\esthe\Downloads\white dot 15 _\Dote_1505_8_five.mp4;C:\Users\esthe\Downloads\white dot 15 _\Dote_1505_9_two.mp4,0.0,3.601;12.399;7.668;18.066;7.932;7.502;13.768;11.762;7.664;12.764,30.000;30.000;30.000;30.000;30.000;30.000;30.000;30.000;30.000;30.000,Dote,sniffing,,,POINT,73.624,C:\Users\esthe\Downloads\white dot 15 _\Dote_1505_7_onehalf.mp4,81,NA,
dote_1505,2025-07-11 11:43:55.464,,103.115,Media file(s),player #1:C:\Users\esthe\Downloads\white dot 15 _\Dote_1505_10_seven.mp4;C:\Users\esthe\Downloads\white dot 15 _\Dote_1505_11_onehalf.mp4;C:\Users\esthe\Downloads\white dot 15 _\Dote_1505_12_onehalf.mp4;C:\Users\esthe\Downloads\white dot 15 _\Dote_1505_13_one.mp4;C:\Users\esthe\Downloads\white dot 15 _\Dote_1505_4_seven.mp4;C:\Users\esthe\Downloads\white dot 15 _\Dote_1505_5_onehalf.mp4;C:\Users\esthe\Downloads\white dot 15 _\Dote_1505_6_seven.mp4;C:\Users\esthe\Downloads\white dot 15 _\Dote_1505_7_onehalf.mp4;C:\Users\esthe\Downloads\white dot 15 _\Dote_1505_8_five.mp4;C:\Users\esthe\Downloads\white dot 15 _\Dote_1505_9_two.mp4,0.0,3.601;12.399;7.668;18.066;7.932;7.502;13.768;11.762;7.664;12.764,30.000;30.000;30.000;30.000;30.000;30.000;30.000;30.000;30.000;30.000,Dote,grabbing peanut,,,POINT,74.324,C:\Users\esthe\Downloads\white dot 15 _\Dote_1505_7_onehalf.mp4,102,NA,
dote_1505,2025-07-11 11:43:55.464,,103.115,Media file(s),player #1:C:\Users\esthe\Downloads\white dot 15 _\Dote_1505_10_seven.mp4;C:\Users\esthe\Downloads\white dot 15 _\Dote_1505_11_onehalf.mp4;C:\Users\esthe\Downloads\white dot 15 _\Dote_1505_12_onehalf.mp4;C:\Users\esthe\Downloads\white dot 15 _\Dote_1505_13_one.mp4;C:\Users\esthe\Downloads\white dot 15 _\Dote_1505_4_seven.mp4;C:\Users\esthe\Downloads\white dot 15 _\Dote_1505_5_onehalf.mp4;C:\Users\esthe\Downloads\white dot 15 _\Dote_1505_6_seven.mp4;C:\Users\esthe\Downloads\white dot 15 _\Dote_1505_7_onehalf.mp4;C:\Users\esthe\Downloads\white dot 15 _\Dote_1505_8_five.mp4;C:\Users\esthe\Downloads\white dot 15 _\Dote_1505_9_two.mp4,0.0,3.601;12.399;7.668;18.066;7.932;7.502;13.768;11.762;7.664;12.764,30.000;30.000;30.000;30.000;30.000;30.000;30.000;30.000;30.000;30.000,Dote,bending,,,STOP,74.358,C:\Users\esthe\Downloads\white dot 15 _\Dote_1505_7_onehalf.mp4,103,NA,
dote_1505,2025-07-11 11:43:55.464,,103.115,Media file(s),player #1:C:\Users\esthe\Downloads\white dot 15 _\Dote_1505_10_seven.mp4;C:\Users\esthe\Downloads\white dot 15 _\Dote_1505_11_onehalf.mp4;C:\Users\esthe\Downloads\white dot 15 _\Dote_1505_12_onehalf.mp4;C:\Users\esthe\Downloads\white dot 15 _\Dote_1505_13_one.mp4;C:\Users\esthe\Downloads\white dot 15 _\Dote_1505_4_seven.mp4;C:\Users\esthe\Downloads\white dot 15 _\Dote_1505_5_onehalf.mp4;C:\Users\esthe\Downloads\white dot 15 _\Dote_1505_6_seven.mp4;C:\Users\esthe\Downloads\white dot 15 _\Dote_1505_7_onehalf.mp4;C:\Users\esthe\Downloads\white dot 15 _\Dote_1505_8_five.mp4;C:\Users\esthe\Downloads\white dot 15 _\Dote_1505_9_two.mp4,0.0,3.601;12.399;7.668;18.066;7.932;7.502;13.768;11.762;7.664;12.764,30.000;30.000;30.000;30.000;30.000;30.000;30.000;30.000;30.000;30.000,Dote,lifting,,,START,74.358,C:\Users\esthe\Downloads\white dot 15 _\Dote_1505_7_onehalf.mp4,103,NA,
dote_1505,2025-07-11 11:43:55.464,,103.115,Media file(s),player #1:C:\Users\esthe\Downloads\white dot 15 _\Dote_1505_10_seven.mp4;C:\Users\esthe\Downloads\white dot 15 _\Dote_1505_11_onehalf.mp4;C:\Users\esthe\Downloads\white dot 15 _\Dote_1505_12_onehalf.mp4;C:\Users\esthe\Downloads\white dot 15 _\Dote_1505_13_one.mp4;C:\Users\esthe\Downloads\white dot 15 _\Dote_1505_4_seven.mp4;C:\Users\esthe\Downloads\white dot 15 _\Dote_1505_5_onehalf.mp4;C:\Users\esthe\Downloads\white dot 15 _\Dote_1505_6_seven.mp4;C:\Users\esthe\Downloads\white dot 15 _\Dote_1505_7_onehalf.mp4;C:\Users\esthe\Downloads\white dot 15 _\Dote_1505_8_five.mp4;C:\Users\esthe\Downloads\white dot 15 _\Dote_1505_9_two.mp4,0.0,3.601;12.399;7.668;18.066;7.932;7.502;13.768;11.762;7.664;12.764,30.000;30.000;30.000;30.000;30.000;30.000;30.000;30.000;30.000;30.000,Dote,lifting,,,STOP,74.624,C:\Users\esthe\Downloads\white dot 15 _\Dote_1505_7_onehalf.mp4,111,NA,
dote_1505,2025-07-11 11:43:55.464,,103.115,Media file(s),player #1:C:\Users\esthe\Downloads\white dot 15 _\Dote_1505_10_seven.mp4;C:\Users\esthe\Downloads\white dot 15 _\Dote_1505_11_onehalf.mp4;C:\Users\esthe\Downloads\white dot 15 _\Dote_1505_12_onehalf.mp4;C:\Users\esthe\Downloads\white dot 15 _\Dote_1505_13_one.mp4;C:\Users\esthe\Downloads\white dot 15 _\Dote_1505_4_seven.mp4;C:\Users\esthe\Downloads\white dot 15 _\Dote_1505_5_onehalf.mp4;C:\Users\esthe\Downloads\white dot 15 _\Dote_1505_6_seven.mp4;C:\Users\esthe\Downloads\white dot 15 _\Dote_1505_7_onehalf.mp4;C:\Users\esthe\Downloads\white dot 15 _\Dote_1505_8_five.mp4;C:\Users\esthe\Downloads\white dot 15 _\Dote_1505_9_two.mp4,0.0,3.601;12.399;7.668;18.066;7.932;7.502;13.768;11.762;7.664;12.764,30.000;30.000;30.000;30.000;30.000;30.000;30.000;30.000;30.000;30.000,Dote,target,,,START,75.024,C:\Users\esthe\Downloads\white dot 15 _\Dote_1505_7_onehalf.mp4,123,NA,
dote_1505,2025-07-11 11:43:55.464,,103.115,Media file(s),player #1:C:\Users\esthe\Downloads\white dot 15 _\Dote_1505_10_seven.mp4;C:\Users\esthe\Downloads\white dot 15 _\Dote_1505_11_onehalf.mp4;C:\Users\esthe\Downloads\white dot 15 _\Dote_1505_12_onehalf.mp4;C:\Users\esthe\Downloads\white dot 15 _\Dote_1505_13_one.mp4;C:\Users\esthe\Downloads\white dot 15 _\Dote_1505_4_seven.mp4;C:\Users\esthe\Downloads\white dot 15 _\Dote_1505_5_onehalf.mp4;C:\Users\esthe\Downloads\white dot 15 _\Dote_1505_6_seven.mp4;C:\Users\esthe\Downloads\white dot 15 _\Dote_1505_7_onehalf.mp4;C:\Users\esthe\Downloads\white dot 15 _\Dote_1505_8_five.mp4;C:\Users\esthe\Downloads\white dot 15 _\Dote_1505_9_two.mp4,0.0,3.601;12.399;7.668;18.066;7.932;7.502;13.768;11.762;7.664;12.764,30.000;30.000;30.000;30.000;30.000;30.000;30.000;30.000;30.000;30.000,Dote,target,,,STOP,80.259,C:\Users\esthe\Downloads\white dot 15 _\Dote_1505_7_onehalf.mp4,280,NA,
dote_1505,2025-07-11 11:43:55.464,,103.115,Media file(s),player #1:C:\Users\esthe\Downloads\white dot 15 _\Dote_1505_10_seven.mp4;C:\Users\esthe\Downloads\white dot 15 _\Dote_1505_11_onehalf.mp4;C:\Users\esthe\Downloads\white dot 15 _\Dote_1505_12_onehalf.mp4;C:\Users\esthe\Downloads\white dot 15 _\Dote_1505_13_one.mp4;C:\Users\esthe\Downloads\white dot 15 _\Dote_1505_4_seven.mp4;C:\Users\esthe\Downloads\white dot 15 _\Dote_1505_5_onehalf.mp4;C:\Users\esthe\Downloads\white dot 15 _\Dote_1505_6_seven.mp4;C:\Users\esthe\Downloads\white dot 15 _\Dote_1505_7_onehalf.mp4;C:\Users\esthe\Downloads\white dot 15 _\Dote_1505_8_five.mp4;C:\Users\esthe\Downloads\white dot 15 _\Dote_1505_9_two.mp4,0.0,3.601;12.399;7.668;18.066;7.932;7.502;13.768;11.762;7.664;12.764,30.000;30.000;30.000;30.000;30.000;30.000;30.000;30.000;30.000;30.000,Dote,digging,,,START,80.492,C:\Users\esthe\Downloads\white dot 15 _\Dote_1505_7_onehalf.mp4,287,NA,
dote_1505,2025-07-11 11:43:55.464,,103.115,Media file(s),player #1:C:\Users\esthe\Downloads\white dot 15 _\Dote_1505_10_seven.mp4;C:\Users\esthe\Downloads\white dot 15 _\Dote_1505_11_onehalf.mp4;C:\Users\esthe\Downloads\white dot 15 _\Dote_1505_12_onehalf.mp4;C:\Users\esthe\Downloads\white dot 15 _\Dote_1505_13_one.mp4;C:\Users\esthe\Downloads\white dot 15 _\Dote_1505_4_seven.mp4;C:\Users\esthe\Downloads\white dot 15 _\Dote_1505_5_onehalf.mp4;C:\Users\esthe\Downloads\white dot 15 _\Dote_1505_6_seven.mp4;C:\Users\esthe\Downloads\white dot 15 _\Dote_1505_7_onehalf.mp4;C:\Users\esthe\Downloads\white dot 15 _\Dote_1505_8_five.mp4;C:\Users\esthe\Downloads\white dot 15 _\Dote_1505_9_two.mp4,0.0,3.601;12.399;7.668;18.066;7.932;7.502;13.768;11.762;7.664;12.764,30.000;30.000;30.000;30.000;30.000;30.000;30.000;30.000;30.000;30.000,Dote,digging,,,STOP,82.559,C:\Users\esthe\Downloads\white dot 15 _\Dote_1505_7_onehalf.mp4,349,NA,
dote_1505,2025-07-11 11:43:55.464,,103.115,Media file(s),player #1:C:\Users\esthe\Downloads\white dot 15 _\Dote_1505_10_seven.mp4;C:\Users\esthe\Downloads\white dot 15 _\Dote_1505_11_onehalf.mp4;C:\Users\esthe\Downloads\white dot 15 _\Dote_1505_12_onehalf.mp4;C:\Users\esthe\Downloads\white dot 15 _\Dote_1505_13_one.mp4;C:\Users\esthe\Downloads\white dot 15 _\Dote_1505_4_seven.mp4;C:\Users\esthe\Downloads\white dot 15 _\Dote_1505_5_onehalf.mp4;C:\Users\esthe\Downloads\white dot 15 _\Dote_1505_6_seven.mp4;C:\Users\esthe\Downloads\white dot 15 _\Dote_1505_7_onehalf.mp4;C:\Users\esthe\Downloads\white dot 15 _\Dote_1505_8_five.mp4;C:\Users\esthe\Downloads\white dot 15 _\Dote_1505_9_two.mp4,0.0,3.601;12.399;7.668;18.066;7.932;7.502;13.768;11.762;7.664;12.764,30.000;30.000;30.000;30.000;30.000;30.000;30.000;30.000;30.000;30.000,Dote,grabbing peanut,,,POINT,82.692,C:\Users\esthe\Downloads\white dot 15 _\Dote_1505_7_onehalf.mp4,0,NA,
dote_1505,2025-07-11 11:43:55.464,,103.115,Media file(s),player #1:C:\Users\esthe\Downloads\white dot 15 _\Dote_1505_10_seven.mp4;C:\Users\esthe\Downloads\white dot 15 _\Dote_1505_11_onehalf.mp4;C:\Users\esthe\Downloads\white dot 15 _\Dote_1505_12_onehalf.mp4;C:\Users\esthe\Downloads\white dot 15 _\Dote_1505_13_one.mp4;C:\Users\esthe\Downloads\white dot 15 _\Dote_1505_4_seven.mp4;C:\Users\esthe\Downloads\white dot 15 _\Dote_1505_5_onehalf.mp4;C:\Users\esthe\Downloads\white dot 15 _\Dote_1505_6_seven.mp4;C:\Users\esthe\Downloads\white dot 15 _\Dote_1505_7_onehalf.mp4;C:\Users\esthe\Downloads\white dot 15 _\Dote_1505_8_five.mp4;C:\Users\esthe\Downloads\white dot 15 _\Dote_1505_9_two.mp4,0.0,3.601;12.399;7.668;18.066;7.932;7.502;13.768;11.762;7.664;12.764,30.000;30.000;30.000;30.000;30.000;30.000;30.000;30.000;30.000;30.000,Dote,lifting,,,START,82.725,C:\Users\esthe\Downloads\white dot 15 _\Dote_1505_8_five.mp4,1,NA,
dote_1505,2025-07-11 11:43:55.464,,103.115,Media file(s),player #1:C:\Users\esthe\Downloads\white dot 15 _\Dote_1505_10_seven.mp4;C:\Users\esthe\Downloads\white dot 15 _\Dote_1505_11_onehalf.mp4;C:\Users\esthe\Downloads\white dot 15 _\Dote_1505_12_onehalf.mp4;C:\Users\esthe\Downloads\white dot 15 _\Dote_1505_13_one.mp4;C:\Users\esthe\Downloads\white dot 15 _\Dote_1505_4_seven.mp4;C:\Users\esthe\Downloads\white dot 15 _\Dote_1505_5_onehalf.mp4;C:\Users\esthe\Downloads\white dot 15 _\Dote_1505_6_seven.mp4;C:\Users\esthe\Downloads\white dot 15 _\Dote_1505_7_onehalf.mp4;C:\Users\esthe\Downloads\white dot 15 _\Dote_1505_8_five.mp4;C:\Users\esthe\Downloads\white dot 15 _\Dote_1505_9_two.mp4,0.0,3.601;12.399;7.668;18.066;7.932;7.502;13.768;11.762;7.664;12.764,30.000;30.000;30.000;30.000;30.000;30.000;30.000;30.000;30.000;30.000,Dote,lifting,,,STOP,83.325,C:\Users\esthe\Downloads\white dot 15 _\Dote_1505_8_five.mp4,19,NA,
dote_1505,2025-07-11 11:43:55.464,,103.115,Media file(s),player #1:C:\Users\esthe\Downloads\white dot 15 _\Dote_1505_10_seven.mp4;C:\Users\esthe\Downloads\white dot 15 _\Dote_1505_11_onehalf.mp4;C:\Users\esthe\Downloads\white dot 15 _\Dote_1505_12_onehalf.mp4;C:\Users\esthe\Downloads\white dot 15 _\Dote_1505_13_one.mp4;C:\Users\esthe\Downloads\white dot 15 _\Dote_1505_4_seven.mp4;C:\Users\esthe\Downloads\white dot 15 _\Dote_1505_5_onehalf.mp4;C:\Users\esthe\Downloads\white dot 15 _\Dote_1505_6_seven.mp4;C:\Users\esthe\Downloads\white dot 15 _\Dote_1505_7_onehalf.mp4;C:\Users\esthe\Downloads\white dot 15 _\Dote_1505_8_five.mp4;C:\Users\esthe\Downloads\white dot 15 _\Dote_1505_9_two.mp4,0.0,3.601;12.399;7.668;18.066;7.932;7.502;13.768;11.762;7.664;12.764,30.000;30.000;30.000;30.000;30.000;30.000;30.000;30.000;30.000;30.000,Dote,target,,,START,84.893,C:\Users\esthe\Downloads\white dot 15 _\Dote_1505_8_five.mp4,66,NA,
dote_1505,2025-07-11 11:43:55.464,,103.115,Media file(s),player #1:C:\Users\esthe\Downloads\white dot 15 _\Dote_1505_10_seven.mp4;C:\Users\esthe\Downloads\white dot 15 _\Dote_1505_11_onehalf.mp4;C:\Users\esthe\Downloads\white dot 15 _\Dote_1505_12_onehalf.mp4;C:\Users\esthe\Downloads\white dot 15 _\Dote_1505_13_one.mp4;C:\Users\esthe\Downloads\white dot 15 _\Dote_1505_4_seven.mp4;C:\Users\esthe\Downloads\white dot 15 _\Dote_1505_5_onehalf.mp4;C:\Users\esthe\Downloads\white dot 15 _\Dote_1505_6_seven.mp4;C:\Users\esthe\Downloads\white dot 15 _\Dote_1505_7_onehalf.mp4;C:\Users\esthe\Downloads\white dot 15 _\Dote_1505_8_five.mp4;C:\Users\esthe\Downloads\white dot 15 _\Dote_1505_9_two.mp4,0.0,3.601;12.399;7.668;18.066;7.932;7.502;13.768;11.762;7.664;12.764,30.000;30.000;30.000;30.000;30.000;30.000;30.000;30.000;30.000;30.000,Dote,target,,,STOP,90.123,C:\Users\esthe\Downloads\white dot 15 _\Dote_1505_8_five.mp4,223,NA,
dote_1505,2025-07-11 11:43:55.464,,103.115,Media file(s),player #1:C:\Users\esthe\Downloads\white dot 15 _\Dote_1505_10_seven.mp4;C:\Users\esthe\Downloads\white dot 15 _\Dote_1505_11_onehalf.mp4;C:\Users\esthe\Downloads\white dot 15 _\Dote_1505_12_onehalf.mp4;C:\Users\esthe\Downloads\white dot 15 _\Dote_1505_13_one.mp4;C:\Users\esthe\Downloads\white dot 15 _\Dote_1505_4_seven.mp4;C:\Users\esthe\Downloads\white dot 15 _\Dote_1505_5_onehalf.mp4;C:\Users\esthe\Downloads\white dot 15 _\Dote_1505_6_seven.mp4;C:\Users\esthe\Downloads\white dot 15 _\Dote_1505_7_onehalf.mp4;C:\Users\esthe\Downloads\white dot 15 _\Dote_1505_8_five.mp4;C:\Users\esthe\Downloads\white dot 15 _\Dote_1505_9_two.mp4,0.0,3.601;12.399;7.668;18.066;7.932;7.502;13.768;11.762;7.664;12.764,30.000;30.000;30.000;30.000;30.000;30.000;30.000;30.000;30.000;30.000,Dote,explore,,,START,90.355,C:\Users\esthe\Downloads\white dot 15 _\Dote_1505_8_five.mp4,0,NA,
dote_1505,2025-07-11 11:43:55.464,,103.115,Media file(s),player #1:C:\Users\esthe\Downloads\white dot 15 _\Dote_1505_10_seven.mp4;C:\Users\esthe\Downloads\white dot 15 _\Dote_1505_11_onehalf.mp4;C:\Users\esthe\Downloads\white dot 15 _\Dote_1505_12_onehalf.mp4;C:\Users\esthe\Downloads\white dot 15 _\Dote_1505_13_one.mp4;C:\Users\esthe\Downloads\white dot 15 _\Dote_1505_4_seven.mp4;C:\Users\esthe\Downloads\white dot 15 _\Dote_1505_5_onehalf.mp4;C:\Users\esthe\Downloads\white dot 15 _\Dote_1505_6_seven.mp4;C:\Users\esthe\Downloads\white dot 15 _\Dote_1505_7_onehalf.mp4;C:\Users\esthe\Downloads\white dot 15 _\Dote_1505_8_five.mp4;C:\Users\esthe\Downloads\white dot 15 _\Dote_1505_9_two.mp4,0.0,3.601;12.399;7.668;18.066;7.932;7.502;13.768;11.762;7.664;12.764,30.000;30.000;30.000;30.000;30.000;30.000;30.000;30.000;30.000;30.000,Dote,explore,,,STOP,90.955,C:\Users\esthe\Downloads\white dot 15 _\Dote_1505_9_two.mp4,18,NA,
dote_1505,2025-07-11 11:43:55.464,,103.115,Media file(s),player #1:C:\Users\esthe\Downloads\white dot 15 _\Dote_1505_10_seven.mp4;C:\Users\esthe\Downloads\white dot 15 _\Dote_1505_11_onehalf.mp4;C:\Users\esthe\Downloads\white dot 15 _\Dote_1505_12_onehalf.mp4;C:\Users\esthe\Downloads\white dot 15 _\Dote_1505_13_one.mp4;C:\Users\esthe\Downloads\white dot 15 _\Dote_1505_4_seven.mp4;C:\Users\esthe\Downloads\white dot 15 _\Dote_1505_5_onehalf.mp4;C:\Users\esthe\Downloads\white dot 15 _\Dote_1505_6_seven.mp4;C:\Users\esthe\Downloads\white dot 15 _\Dote_1505_7_onehalf.mp4;C:\Users\esthe\Downloads\white dot 15 _\Dote_1505_8_five.mp4;C:\Users\esthe\Downloads\white dot 15 _\Dote_1505_9_two.mp4,0.0,3.601;12.399;7.668;18.066;7.932;7.502;13.768;11.762;7.664;12.764,30.000;30.000;30.000;30.000;30.000;30.000;30.000;30.000;30.000;30.000,Dote,bending,,,START,91.022,C:\Users\esthe\Downloads\white dot 15 _\Dote_1505_9_two.mp4,20,NA,
dote_1505,2025-07-11 11:43:55.464,,103.115,Media file(s),player #1:C:\Users\esthe\Downloads\white dot 15 _\Dote_1505_10_seven.mp4;C:\Users\esthe\Downloads\white dot 15 _\Dote_1505_11_onehalf.mp4;C:\Users\esthe\Downloads\white dot 15 _\Dote_1505_12_onehalf.mp4;C:\Users\esthe\Downloads\white dot 15 _\Dote_1505_13_one.mp4;C:\Users\esthe\Downloads\white dot 15 _\Dote_1505_4_seven.mp4;C:\Users\esthe\Downloads\white dot 15 _\Dote_1505_5_onehalf.mp4;C:\Users\esthe\Downloads\white dot 15 _\Dote_1505_6_seven.mp4;C:\Users\esthe\Downloads\white dot 15 _\Dote_1505_7_onehalf.mp4;C:\Users\esthe\Downloads\white dot 15 _\Dote_1505_8_five.mp4;C:\Users\esthe\Downloads\white dot 15 _\Dote_1505_9_two.mp4,0.0,3.601;12.399;7.668;18.066;7.932;7.502;13.768;11.762;7.664;12.764,30.000;30.000;30.000;30.000;30.000;30.000;30.000;30.000;30.000;30.000,Dote,sniffing,,,POINT,91.588,C:\Users\esthe\Downloads\white dot 15 _\Dote_1505_9_two.mp4,37,NA,
dote_1505,2025-07-11 11:43:55.464,,103.115,Media file(s),player #1:C:\Users\esthe\Downloads\white dot 15 _\Dote_1505_10_seven.mp4;C:\Users\esthe\Downloads\white dot 15 _\Dote_1505_11_onehalf.mp4;C:\Users\esthe\Downloads\white dot 15 _\Dote_1505_12_onehalf.mp4;C:\Users\esthe\Downloads\white dot 15 _\Dote_1505_13_one.mp4;C:\Users\esthe\Downloads\white dot 15 _\Dote_1505_4_seven.mp4;C:\Users\esthe\Downloads\white dot 15 _\Dote_1505_5_onehalf.mp4;C:\Users\esthe\Downloads\white dot 15 _\Dote_1505_6_seven.mp4;C:\Users\esthe\Downloads\white dot 15 _\Dote_1505_7_onehalf.mp4;C:\Users\esthe\Downloads\white dot 15 _\Dote_1505_8_five.mp4;C:\Users\esthe\Downloads\white dot 15 _\Dote_1505_9_two.mp4,0.0,3.601;12.399;7.668;18.066;7.932;7.502;13.768;11.762;7.664;12.764,30.000;30.000;30.000;30.000;30.000;30.000;30.000;30.000;30.000;30.000,Dote,sniffing,,,POINT,91.788,C:\Users\esthe\Downloads\white dot 15 _\Dote_1505_9_two.mp4,43,NA,
dote_1505,2025-07-11 11:43:55.464,,103.115,Media file(s),player #1:C:\Users\esthe\Downloads\white dot 15 _\Dote_1505_10_seven.mp4;C:\Users\esthe\Downloads\white dot 15 _\Dote_1505_11_onehalf.mp4;C:\Users\esthe\Downloads\white dot 15 _\Dote_1505_12_onehalf.mp4;C:\Users\esthe\Downloads\white dot 15 _\Dote_1505_13_one.mp4;C:\Users\esthe\Downloads\white dot 15 _\Dote_1505_4_seven.mp4;C:\Users\esthe\Downloads\white dot 15 _\Dote_1505_5_onehalf.mp4;C:\Users\esthe\Downloads\white dot 15 _\Dote_1505_6_seven.mp4;C:\Users\esthe\Downloads\white dot 15 _\Dote_1505_7_onehalf.mp4;C:\Users\esthe\Downloads\white dot 15 _\Dote_1505_8_five.mp4;C:\Users\esthe\Downloads\white dot 15 _\Dote_1505_9_two.mp4,0.0,3.601;12.399;7.668;18.066;7.932;7.502;13.768;11.762;7.664;12.764,30.000;30.000;30.000;30.000;30.000;30.000;30.000;30.000;30.000;30.000,Dote,sniffing,,,POINT,92.088,C:\Users\esthe\Downloads\white dot 15 _\Dote_1505_9_two.mp4,52,NA,
dote_1505,2025-07-11 11:43:55.464,,103.115,Media file(s),player #1:C:\Users\esthe\Downloads\white dot 15 _\Dote_1505_10_seven.mp4;C:\Users\esthe\Downloads\white dot 15 _\Dote_1505_11_onehalf.mp4;C:\Users\esthe\Downloads\white dot 15 _\Dote_1505_12_onehalf.mp4;C:\Users\esthe\Downloads\white dot 15 _\Dote_1505_13_one.mp4;C:\Users\esthe\Downloads\white dot 15 _\Dote_1505_4_seven.mp4;C:\Users\esthe\Downloads\white dot 15 _\Dote_1505_5_onehalf.mp4;C:\Users\esthe\Downloads\white dot 15 _\Dote_1505_6_seven.mp4;C:\Users\esthe\Downloads\white dot 15 _\Dote_1505_7_onehalf.mp4;C:\Users\esthe\Downloads\white dot 15 _\Dote_1505_8_five.mp4;C:\Users\esthe\Downloads\white dot 15 _\Dote_1505_9_two.mp4,0.0,3.601;12.399;7.668;18.066;7.932;7.502;13.768;11.762;7.664;12.764,30.000;30.000;30.000;30.000;30.000;30.000;30.000;30.000;30.000;30.000,Dote,grabbing peanut,,,POINT,93.188,C:\Users\esthe\Downloads\white dot 15 _\Dote_1505_9_two.mp4,85,NA,
dote_1505,2025-07-11 11:43:55.464,,103.115,Media file(s),player #1:C:\Users\esthe\Downloads\white dot 15 _\Dote_1505_10_seven.mp4;C:\Users\esthe\Downloads\white dot 15 _\Dote_1505_11_onehalf.mp4;C:\Users\esthe\Downloads\white dot 15 _\Dote_1505_12_onehalf.mp4;C:\Users\esthe\Downloads\white dot 15 _\Dote_1505_13_one.mp4;C:\Users\esthe\Downloads\white dot 15 _\Dote_1505_4_seven.mp4;C:\Users\esthe\Downloads\white dot 15 _\Dote_1505_5_onehalf.mp4;C:\Users\esthe\Downloads\white dot 15 _\Dote_1505_6_seven.mp4;C:\Users\esthe\Downloads\white dot 15 _\Dote_1505_7_onehalf.mp4;C:\Users\esthe\Downloads\white dot 15 _\Dote_1505_8_five.mp4;C:\Users\esthe\Downloads\white dot 15 _\Dote_1505_9_two.mp4,0.0,3.601;12.399;7.668;18.066;7.932;7.502;13.768;11.762;7.664;12.764,30.000;30.000;30.000;30.000;30.000;30.000;30.000;30.000;30.000;30.000,Dote,bending,,,STOP,93.221,C:\Users\esthe\Downloads\white dot 15 _\Dote_1505_9_two.mp4,86,NA,
dote_1505,2025-07-11 11:43:55.464,,103.115,Media file(s),player #1:C:\Users\esthe\Downloads\white dot 15 _\Dote_1505_10_seven.mp4;C:\Users\esthe\Downloads\white dot 15 _\Dote_1505_11_onehalf.mp4;C:\Users\esthe\Downloads\white dot 15 _\Dote_1505_12_onehalf.mp4;C:\Users\esthe\Downloads\white dot 15 _\Dote_1505_13_one.mp4;C:\Users\esthe\Downloads\white dot 15 _\Dote_1505_4_seven.mp4;C:\Users\esthe\Downloads\white dot 15 _\Dote_1505_5_onehalf.mp4;C:\Users\esthe\Downloads\white dot 15 _\Dote_1505_6_seven.mp4;C:\Users\esthe\Downloads\white dot 15 _\Dote_1505_7_onehalf.mp4;C:\Users\esthe\Downloads\white dot 15 _\Dote_1505_8_five.mp4;C:\Users\esthe\Downloads\white dot 15 _\Dote_1505_9_two.mp4,0.0,3.601;12.399;7.668;18.066;7.932;7.502;13.768;11.762;7.664;12.764,30.000;30.000;30.000;30.000;30.000;30.000;30.000;30.000;30.000;30.000,Dote,lifting,,,START,93.255,C:\Users\esthe\Downloads\white dot 15 _\Dote_1505_9_two.mp4,87,NA,
dote_1505,2025-07-11 11:43:55.464,,103.115,Media file(s),player #1:C:\Users\esthe\Downloads\white dot 15 _\Dote_1505_10_seven.mp4;C:\Users\esthe\Downloads\white dot 15 _\Dote_1505_11_onehalf.mp4;C:\Users\esthe\Downloads\white dot 15 _\Dote_1505_12_onehalf.mp4;C:\Users\esthe\Downloads\white dot 15 _\Dote_1505_13_one.mp4;C:\Users\esthe\Downloads\white dot 15 _\Dote_1505_4_seven.mp4;C:\Users\esthe\Downloads\white dot 15 _\Dote_1505_5_onehalf.mp4;C:\Users\esthe\Downloads\white dot 15 _\Dote_1505_6_seven.mp4;C:\Users\esthe\Downloads\white dot 15 _\Dote_1505_7_onehalf.mp4;C:\Users\esthe\Downloads\white dot 15 _\Dote_1505_8_five.mp4;C:\Users\esthe\Downloads\white dot 15 _\Dote_1505_9_two.mp4,0.0,3.601;12.399;7.668;18.066;7.932;7.502;13.768;11.762;7.664;12.764,30.000;30.000;30.000;30.000;30.000;30.000;30.000;30.000;30.000;30.000,Dote,lifting,,,STOP,93.621,C:\Users\esthe\Downloads\white dot 15 _\Dote_1505_9_two.mp4,98,NA,
dote_1505,2025-07-11 11:43:55.464,,103.115,Media file(s),player #1:C:\Users\esthe\Downloads\white dot 15 _\Dote_1505_10_seven.mp4;C:\Users\esthe\Downloads\white dot 15 _\Dote_1505_11_onehalf.mp4;C:\Users\esthe\Downloads\white dot 15 _\Dote_1505_12_onehalf.mp4;C:\Users\esthe\Downloads\white dot 15 _\Dote_1505_13_one.mp4;C:\Users\esthe\Downloads\white dot 15 _\Dote_1505_4_seven.mp4;C:\Users\esthe\Downloads\white dot 15 _\Dote_1505_5_onehalf.mp4;C:\Users\esthe\Downloads\white dot 15 _\Dote_1505_6_seven.mp4;C:\Users\esthe\Downloads\white dot 15 _\Dote_1505_7_onehalf.mp4;C:\Users\esthe\Downloads\white dot 15 _\Dote_1505_8_five.mp4;C:\Users\esthe\Downloads\white dot 15 _\Dote_1505_9_two.mp4,0.0,3.601;12.399;7.668;18.066;7.932;7.502;13.768;11.762;7.664;12.764,30.000;30.000;30.000;30.000;30.000;30.000;30.000;30.000;30.000;30.000,Dote,target,,,START,94.455,C:\Users\esthe\Downloads\white dot 15 _\Dote_1505_9_two.mp4,123,NA,
dote_1505,2025-07-11 11:43:55.464,,103.115,Media file(s),player #1:C:\Users\esthe\Downloads\white dot 15 _\Dote_1505_10_seven.mp4;C:\Users\esthe\Downloads\white dot 15 _\Dote_1505_11_onehalf.mp4;C:\Users\esthe\Downloads\white dot 15 _\Dote_1505_12_onehalf.mp4;C:\Users\esthe\Downloads\white dot 15 _\Dote_1505_13_one.mp4;C:\Users\esthe\Downloads\white dot 15 _\Dote_1505_4_seven.mp4;C:\Users\esthe\Downloads\white dot 15 _\Dote_1505_5_onehalf.mp4;C:\Users\esthe\Downloads\white dot 15 _\Dote_1505_6_seven.mp4;C:\Users\esthe\Downloads\white dot 15 _\Dote_1505_7_onehalf.mp4;C:\Users\esthe\Downloads\white dot 15 _\Dote_1505_8_five.mp4;C:\Users\esthe\Downloads\white dot 15 _\Dote_1505_9_two.mp4,0.0,3.601;12.399;7.668;18.066;7.932;7.502;13.768;11.762;7.664;12.764,30.000;30.000;30.000;30.000;30.000;30.000;30.000;30.000;30.000;30.000,Dote,target,,,STOP,101.019,C:\Users\esthe\Downloads\white dot 15 _\Dote_1505_9_two.mp4,320,NA,
dote_1505,2025-07-11 11:43:55.464,,103.115,Media file(s),player #1:C:\Users\esthe\Downloads\white dot 15 _\Dote_1505_10_seven.mp4;C:\Users\esthe\Downloads\white dot 15 _\Dote_1505_11_onehalf.mp4;C:\Users\esthe\Downloads\white dot 15 _\Dote_1505_12_onehalf.mp4;C:\Users\esthe\Downloads\white dot 15 _\Dote_1505_13_one.mp4;C:\Users\esthe\Downloads\white dot 15 _\Dote_1505_4_seven.mp4;C:\Users\esthe\Downloads\white dot 15 _\Dote_1505_5_onehalf.mp4;C:\Users\esthe\Downloads\white dot 15 _\Dote_1505_6_seven.mp4;C:\Users\esthe\Downloads\white dot 15 _\Dote_1505_7_onehalf.mp4;C:\Users\esthe\Downloads\white dot 15 _\Dote_1505_8_five.mp4;C:\Users\esthe\Downloads\white dot 15 _\Dote_1505_9_two.mp4,0.0,3.601;12.399;7.668;18.066;7.932;7.502;13.768;11.762;7.664;12.764,30.000;30.000;30.000;30.000;30.000;30.000;30.000;30.000;30.000;30.000,Dote,digging,,,START,101.153,C:\Users\esthe\Downloads\white dot 15 _\Dote_1505_9_two.mp4,324,NA,
dote_1505,2025-07-11 11:43:55.464,,103.115,Media file(s),player #1:C:\Users\esthe\Downloads\white dot 15 _\Dote_1505_10_seven.mp4;C:\Users\esthe\Downloads\white dot 15 _\Dote_1505_11_onehalf.mp4;C:\Users\esthe\Downloads\white dot 15 _\Dote_1505_12_onehalf.mp4;C:\Users\esthe\Downloads\white dot 15 _\Dote_1505_13_one.mp4;C:\Users\esthe\Downloads\white dot 15 _\Dote_1505_4_seven.mp4;C:\Users\esthe\Downloads\white dot 15 _\Dote_1505_5_onehalf.mp4;C:\Users\esthe\Downloads\white dot 15 _\Dote_1505_6_seven.mp4;C:\Users\esthe\Downloads\white dot 15 _\Dote_1505_7_onehalf.mp4;C:\Users\esthe\Downloads\white dot 15 _\Dote_1505_8_five.mp4;C:\Users\esthe\Downloads\white dot 15 _\Dote_1505_9_two.mp4,0.0,3.601;12.399;7.668;18.066;7.932;7.502;13.768;11.762;7.664;12.764,30.000;30.000;30.000;30.000;30.000;30.000;30.000;30.000;30.000;30.000,Dote,digging,,,STOP,103.115,C:\Users\esthe\Downloads\white dot 15 _\Dote_1505_9_two.mp4,383,NA,
