Observation id,Observation date,Description,Observation duration,Observation type,Source,Time offset (s),Media duration (s),FPS,Subject,Behavior,Behavioral category,Modifier #1,Behavior type,Time,Media file name,Image index,Image file path,Comment
Pepp_1305,2025-06-09 19:21:39.009,,87.845,Media file(s),player #1:C:\Users\esthe\Downloads\pepper 13\Pepp_1305_10_three.mp4;C:\Users\esthe\Downloads\pepper 13\Pepp_1305_11_three.mp4;C:\Users\esthe\Downloads\pepper 13\Pepp_1305_12_five.mp4;C:\Users\esthe\Downloads\pepper 13\Pepp_1305_15_seven.mp4;C:\Users\esthe\Downloads\pepper 13\Pepp_1305_16_seven.mp4;C:\Users\esthe\Downloads\pepper 13\Pepp_1305_4_five.mp4;C:\Users\esthe\Downloads\pepper 13\Pepp_1305_5_seven.mp4;C:\Users\esthe\Downloads\pepper 13\Pepp_1305_6_three.mp4;C:\Users\esthe\Downloads\pepper 13\Pepp_1305_7_one.mp4;C:\Users\esthe\Downloads\pepper 13\Pepp_1305_8_five.mp4;C:\Users\esthe\Downloads\pepper 13\Pepp_1305_9_three.mp4;C:\Users\esthe\Downloads\pepper 13\VID_20250513_075924.mp4;C:\Users\esthe\Downloads\pepper 13\VID_20250513_080113.mp4,0.0,7.567;7.699;6.266;6.058;9.627;13.820;6.897;7.797;8.327;8.335;6.494;8.857;2.241,30.000;30.000;30.000;120.000;120.000;30.000;30.000;240.000;120.000;30.000;30.000;120.000;120.000,Pepper,bending,,,START,1.034,C:\Users\esthe\Downloads\pepper 13\Pepp_1305_10_three.mp4,31,NA,
Pepp_1305,2025-06-09 19:21:39.009,,87.845,Media file(s),player #1:C:\Users\esthe\Downloads\pepper 13\Pepp_1305_10_three.mp4;C:\Users\esthe\Downloads\pepper 13\Pepp_1305_11_three.mp4;C:\Users\esthe\Downloads\pepper 13\Pepp_1305_12_five.mp4;C:\Users\esthe\Downloads\pepper 13\Pepp_1305_15_seven.mp4;C:\Users\esthe\Downloads\pepper 13\Pepp_1305_16_seven.mp4;C:\Users\esthe\Downloads\pepper 13\Pepp_1305_4_five.mp4;C:\Users\esthe\Downloads\pepper 13\Pepp_1305_5_seven.mp4;C:\Users\esthe\Downloads\pepper 13\Pepp_1305_6_three.mp4;C:\Users\esthe\Downloads\pepper 13\Pepp_1305_7_one.mp4;C:\Users\esthe\Downloads\pepper 13\Pepp_1305_8_five.mp4;C:\Users\esthe\Downloads\pepper 13\Pepp_1305_9_three.mp4;C:\Users\esthe\Downloads\pepper 13\VID_20250513_075924.mp4;C:\Users\esthe\Downloads\pepper 13\VID_20250513_080113.mp4,0.0,7.567;7.699;6.266;6.058;9.627;13.820;6.897;7.797;8.327;8.335;6.494;8.857;2.241,30.000;30.000;30.000;120.000;120.000;30.000;30.000;240.000;120.000;30.000;30.000;120.000;120.000,Pepper,bending,,,STOP,1.300,C:\Users\esthe\Downloads\pepper 13\Pepp_1305_10_three.mp4,39,NA,
Pepp_1305,2025-06-09 19:21:39.009,,87.845,Media file(s),player #1:C:\Users\esthe\Downloads\pepper 13\Pepp_1305_10_three.mp4;C:\Users\esthe\Downloads\pepper 13\Pepp_1305_11_three.mp4;C:\Users\esthe\Downloads\pepper 13\Pepp_1305_12_five.mp4;C:\Users\esthe\Downloads\pepper 13\Pepp_1305_15_seven.mp4;C:\Users\esthe\Downloads\pepper 13\Pepp_1305_16_seven.mp4;C:\Users\esthe\Downloads\pepper 13\Pepp_1305_4_five.mp4;C:\Users\esthe\Downloads\pepper 13\Pepp_1305_5_seven.mp4;C:\Users\esthe\Downloads\pepper 13\Pepp_1305_6_three.mp4;C:\Users\esthe\Downloads\pepper 13\Pepp_1305_7_one.mp4;C:\Users\esthe\Downloads\pepper 13\Pepp_1305_8_five.mp4;C:\Users\esthe\Downloads\pepper 13\Pepp_1305_9_three.mp4;C:\Users\esthe\Downloads\pepper 13\VID_20250513_075924.mp4;C:\Users\esthe\Downloads\pepper 13\VID_20250513_080113.mp4,0.0,7.567;7.699;6.266;6.058;9.627;13.820;6.897;7.797;8.327;8.335;6.494;8.857;2.241,30.000;30.000;30.000;120.000;120.000;30.000;30.000;240.000;120.000;30.000;30.000;120.000;120.000,Pepper,grabbing peanut,,,POINT,1.300,C:\Users\esthe\Downloads\pepper 13\Pepp_1305_10_three.mp4,39,NA,
Pepp_1305,2025-06-09 19:21:39.009,,87.845,Media file(s),player #1:C:\Users\esthe\Downloads\pepper 13\Pepp_1305_10_three.mp4;C:\Users\esthe\Downloads\pepper 13\Pepp_1305_11_three.mp4;C:\Users\esthe\Downloads\pepper 13\Pepp_1305_12_five.mp4;C:\Users\esthe\Downloads\pepper 13\Pepp_1305_15_seven.mp4;C:\Users\esthe\Downloads\pepper 13\Pepp_1305_16_seven.mp4;C:\Users\esthe\Downloads\pepper 13\Pepp_1305_4_five.mp4;C:\Users\esthe\Downloads\pepper 13\Pepp_1305_5_seven.mp4;C:\Users\esthe\Downloads\pepper 13\Pepp_1305_6_three.mp4;C:\Users\esthe\Downloads\pepper 13\Pepp_1305_7_one.mp4;C:\Users\esthe\Downloads\pepper 13\Pepp_1305_8_five.mp4;C:\Users\esthe\Downloads\pepper 13\Pepp_1305_9_three.mp4;C:\Users\esthe\Downloads\pepper 13\VID_20250513_075924.mp4;C:\Users\esthe\Downloads\pepper 13\VID_20250513_080113.mp4,0.0,7.567;7.699;6.266;6.058;9.627;13.820;6.897;7.797;8.327;8.335;6.494;8.857;2.241,30.000;30.000;30.000;120.000;120.000;30.000;30.000;240.000;120.000;30.000;30.000;120.000;120.000,Pepper,lifting,,,START,1.334,C:\Users\esthe\Downloads\pepper 13\Pepp_1305_10_three.mp4,40,NA,
Pepp_1305,2025-06-09 19:21:39.009,,87.845,Media file(s),player #1:C:\Users\esthe\Downloads\pepper 13\Pepp_1305_10_three.mp4;C:\Users\esthe\Downloads\pepper 13\Pepp_1305_11_three.mp4;C:\Users\esthe\Downloads\pepper 13\Pepp_1305_12_five.mp4;C:\Users\esthe\Downloads\pepper 13\Pepp_1305_15_seven.mp4;C:\Users\esthe\Downloads\pepper 13\Pepp_1305_16_seven.mp4;C:\Users\esthe\Downloads\pepper 13\Pepp_1305_4_five.mp4;C:\Users\esthe\Downloads\pepper 13\Pepp_1305_5_seven.mp4;C:\Users\esthe\Downloads\pepper 13\Pepp_1305_6_three.mp4;C:\Users\esthe\Downloads\pepper 13\Pepp_1305_7_one.mp4;C:\Users\esthe\Downloads\pepper 13\Pepp_1305_8_five.mp4;C:\Users\esthe\Downloads\pepper 13\Pepp_1305_9_three.mp4;C:\Users\esthe\Downloads\pepper 13\VID_20250513_075924.mp4;C:\Users\esthe\Downloads\pepper 13\VID_20250513_080113.mp4,0.0,7.567;7.699;6.266;6.058;9.627;13.820;6.897;7.797;8.327;8.335;6.494;8.857;2.241,30.000;30.000;30.000;120.000;120.000;30.000;30.000;240.000;120.000;30.000;30.000;120.000;120.000,Pepper,lifting,,,STOP,1.534,C:\Users\esthe\Downloads\pepper 13\Pepp_1305_10_three.mp4,46,NA,
Pepp_1305,2025-06-09 19:21:39.009,,87.845,Media file(s),player #1:C:\Users\esthe\Downloads\pepper 13\Pepp_1305_10_three.mp4;C:\Users\esthe\Downloads\pepper 13\Pepp_1305_11_three.mp4;C:\Users\esthe\Downloads\pepper 13\Pepp_1305_12_five.mp4;C:\Users\esthe\Downloads\pepper 13\Pepp_1305_15_seven.mp4;C:\Users\esthe\Downloads\pepper 13\Pepp_1305_16_seven.mp4;C:\Users\esthe\Downloads\pepper 13\Pepp_1305_4_five.mp4;C:\Users\esthe\Downloads\pepper 13\Pepp_1305_5_seven.mp4;C:\Users\esthe\Downloads\pepper 13\Pepp_1305_6_three.mp4;C:\Users\esthe\Downloads\pepper 13\Pepp_1305_7_one.mp4;C:\Users\esthe\Downloads\pepper 13\Pepp_1305_8_five.mp4;C:\Users\esthe\Downloads\pepper 13\Pepp_1305_9_three.mp4;C:\Users\esthe\Downloads\pepper 13\VID_20250513_075924.mp4;C:\Users\esthe\Downloads\pepper 13\VID_20250513_080113.mp4,0.0,7.567;7.699;6.266;6.058;9.627;13.820;6.897;7.797;8.327;8.335;6.494;8.857;2.241,30.000;30.000;30.000;120.000;120.000;30.000;30.000;240.000;120.000;30.000;30.000;120.000;120.000,Pepper,assessing,,,START,1.634,C:\Users\esthe\Downloads\pepper 13\Pepp_1305_10_three.mp4,49,NA,
Pepp_1305,2025-06-09 19:21:39.009,,87.845,Media file(s),player #1:C:\Users\esthe\Downloads\pepper 13\Pepp_1305_10_three.mp4;C:\Users\esthe\Downloads\pepper 13\Pepp_1305_11_three.mp4;C:\Users\esthe\Downloads\pepper 13\Pepp_1305_12_five.mp4;C:\Users\esthe\Downloads\pepper 13\Pepp_1305_15_seven.mp4;C:\Users\esthe\Downloads\pepper 13\Pepp_1305_16_seven.mp4;C:\Users\esthe\Downloads\pepper 13\Pepp_1305_4_five.mp4;C:\Users\esthe\Downloads\pepper 13\Pepp_1305_5_seven.mp4;C:\Users\esthe\Downloads\pepper 13\Pepp_1305_6_three.mp4;C:\Users\esthe\Downloads\pepper 13\Pepp_1305_7_one.mp4;C:\Users\esthe\Downloads\pepper 13\Pepp_1305_8_five.mp4;C:\Users\esthe\Downloads\pepper 13\Pepp_1305_9_three.mp4;C:\Users\esthe\Downloads\pepper 13\VID_20250513_075924.mp4;C:\Users\esthe\Downloads\pepper 13\VID_20250513_080113.mp4,0.0,7.567;7.699;6.266;6.058;9.627;13.820;6.897;7.797;8.327;8.335;6.494;8.857;2.241,30.000;30.000;30.000;120.000;120.000;30.000;30.000;240.000;120.000;30.000;30.000;120.000;120.000,Pepper,jaw movement,,,POINT,1.700,C:\Users\esthe\Downloads\pepper 13\Pepp_1305_10_three.mp4,51,NA,
Pepp_1305,2025-06-09 19:21:39.009,,87.845,Media file(s),player #1:C:\Users\esthe\Downloads\pepper 13\Pepp_1305_10_three.mp4;C:\Users\esthe\Downloads\pepper 13\Pepp_1305_11_three.mp4;C:\Users\esthe\Downloads\pepper 13\Pepp_1305_12_five.mp4;C:\Users\esthe\Downloads\pepper 13\Pepp_1305_15_seven.mp4;C:\Users\esthe\Downloads\pepper 13\Pepp_1305_16_seven.mp4;C:\Users\esthe\Downloads\pepper 13\Pepp_1305_4_five.mp4;C:\Users\esthe\Downloads\pepper 13\Pepp_1305_5_seven.mp4;C:\Users\esthe\Downloads\pepper 13\Pepp_1305_6_three.mp4;C:\Users\esthe\Downloads\pepper 13\Pepp_1305_7_one.mp4;C:\Users\esthe\Downloads\pepper 13\Pepp_1305_8_five.mp4;C:\Users\esthe\Downloads\pepper 13\Pepp_1305_9_three.mp4;C:\Users\esthe\Downloads\pepper 13\VID_20250513_075924.mp4;C:\Users\esthe\Downloads\pepper 13\VID_20250513_080113.mp4,0.0,7.567;7.699;6.266;6.058;9.627;13.820;6.897;7.797;8.327;8.335;6.494;8.857;2.241,30.000;30.000;30.000;120.000;120.000;30.000;30.000;240.000;120.000;30.000;30.000;120.000;120.000,Pepper,jaw movement,,,POINT,2.000,C:\Users\esthe\Downloads\pepper 13\Pepp_1305_10_three.mp4,60,NA,
Pepp_1305,2025-06-09 19:21:39.009,,87.845,Media file(s),player #1:C:\Users\esthe\Downloads\pepper 13\Pepp_1305_10_three.mp4;C:\Users\esthe\Downloads\pepper 13\Pepp_1305_11_three.mp4;C:\Users\esthe\Downloads\pepper 13\Pepp_1305_12_five.mp4;C:\Users\esthe\Downloads\pepper 13\Pepp_1305_15_seven.mp4;C:\Users\esthe\Downloads\pepper 13\Pepp_1305_16_seven.mp4;C:\Users\esthe\Downloads\pepper 13\Pepp_1305_4_five.mp4;C:\Users\esthe\Downloads\pepper 13\Pepp_1305_5_seven.mp4;C:\Users\esthe\Downloads\pepper 13\Pepp_1305_6_three.mp4;C:\Users\esthe\Downloads\pepper 13\Pepp_1305_7_one.mp4;C:\Users\esthe\Downloads\pepper 13\Pepp_1305_8_five.mp4;C:\Users\esthe\Downloads\pepper 13\Pepp_1305_9_three.mp4;C:\Users\esthe\Downloads\pepper 13\VID_20250513_075924.mp4;C:\Users\esthe\Downloads\pepper 13\VID_20250513_080113.mp4,0.0,7.567;7.699;6.266;6.058;9.627;13.820;6.897;7.797;8.327;8.335;6.494;8.857;2.241,30.000;30.000;30.000;120.000;120.000;30.000;30.000;240.000;120.000;30.000;30.000;120.000;120.000,Pepper,sniffing,,,POINT,2.634,C:\Users\esthe\Downloads\pepper 13\Pepp_1305_10_three.mp4,79,NA,
Pepp_1305,2025-06-09 19:21:39.009,,87.845,Media file(s),player #1:C:\Users\esthe\Downloads\pepper 13\Pepp_1305_10_three.mp4;C:\Users\esthe\Downloads\pepper 13\Pepp_1305_11_three.mp4;C:\Users\esthe\Downloads\pepper 13\Pepp_1305_12_five.mp4;C:\Users\esthe\Downloads\pepper 13\Pepp_1305_15_seven.mp4;C:\Users\esthe\Downloads\pepper 13\Pepp_1305_16_seven.mp4;C:\Users\esthe\Downloads\pepper 13\Pepp_1305_4_five.mp4;C:\Users\esthe\Downloads\pepper 13\Pepp_1305_5_seven.mp4;C:\Users\esthe\Downloads\pepper 13\Pepp_1305_6_three.mp4;C:\Users\esthe\Downloads\pepper 13\Pepp_1305_7_one.mp4;C:\Users\esthe\Downloads\pepper 13\Pepp_1305_8_five.mp4;C:\Users\esthe\Downloads\pepper 13\Pepp_1305_9_three.mp4;C:\Users\esthe\Downloads\pepper 13\VID_20250513_075924.mp4;C:\Users\esthe\Downloads\pepper 13\VID_20250513_080113.mp4,0.0,7.567;7.699;6.266;6.058;9.627;13.820;6.897;7.797;8.327;8.335;6.494;8.857;2.241,30.000;30.000;30.000;120.000;120.000;30.000;30.000;240.000;120.000;30.000;30.000;120.000;120.000,Pepper,jaw movement,,,POINT,2.934,C:\Users\esthe\Downloads\pepper 13\Pepp_1305_10_three.mp4,88,NA,
Pepp_1305,2025-06-09 19:21:39.009,,87.845,Media file(s),player #1:C:\Users\esthe\Downloads\pepper 13\Pepp_1305_10_three.mp4;C:\Users\esthe\Downloads\pepper 13\Pepp_1305_11_three.mp4;C:\Users\esthe\Downloads\pepper 13\Pepp_1305_12_five.mp4;C:\Users\esthe\Downloads\pepper 13\Pepp_1305_15_seven.mp4;C:\Users\esthe\Downloads\pepper 13\Pepp_1305_16_seven.mp4;C:\Users\esthe\Downloads\pepper 13\Pepp_1305_4_five.mp4;C:\Users\esthe\Downloads\pepper 13\Pepp_1305_5_seven.mp4;C:\Users\esthe\Downloads\pepper 13\Pepp_1305_6_three.mp4;C:\Users\esthe\Downloads\pepper 13\Pepp_1305_7_one.mp4;C:\Users\esthe\Downloads\pepper 13\Pepp_1305_8_five.mp4;C:\Users\esthe\Downloads\pepper 13\Pepp_1305_9_three.mp4;C:\Users\esthe\Downloads\pepper 13\VID_20250513_075924.mp4;C:\Users\esthe\Downloads\pepper 13\VID_20250513_080113.mp4,0.0,7.567;7.699;6.266;6.058;9.627;13.820;6.897;7.797;8.327;8.335;6.494;8.857;2.241,30.000;30.000;30.000;120.000;120.000;30.000;30.000;240.000;120.000;30.000;30.000;120.000;120.000,Pepper,jaw movement,,,POINT,3.067,C:\Users\esthe\Downloads\pepper 13\Pepp_1305_10_three.mp4,92,NA,
Pepp_1305,2025-06-09 19:21:39.009,,87.845,Media file(s),player #1:C:\Users\esthe\Downloads\pepper 13\Pepp_1305_10_three.mp4;C:\Users\esthe\Downloads\pepper 13\Pepp_1305_11_three.mp4;C:\Users\esthe\Downloads\pepper 13\Pepp_1305_12_five.mp4;C:\Users\esthe\Downloads\pepper 13\Pepp_1305_15_seven.mp4;C:\Users\esthe\Downloads\pepper 13\Pepp_1305_16_seven.mp4;C:\Users\esthe\Downloads\pepper 13\Pepp_1305_4_five.mp4;C:\Users\esthe\Downloads\pepper 13\Pepp_1305_5_seven.mp4;C:\Users\esthe\Downloads\pepper 13\Pepp_1305_6_three.mp4;C:\Users\esthe\Downloads\pepper 13\Pepp_1305_7_one.mp4;C:\Users\esthe\Downloads\pepper 13\Pepp_1305_8_five.mp4;C:\Users\esthe\Downloads\pepper 13\Pepp_1305_9_three.mp4;C:\Users\esthe\Downloads\pepper 13\VID_20250513_075924.mp4;C:\Users\esthe\Downloads\pepper 13\VID_20250513_080113.mp4,0.0,7.567;7.699;6.266;6.058;9.627;13.820;6.897;7.797;8.327;8.335;6.494;8.857;2.241,30.000;30.000;30.000;120.000;120.000;30.000;30.000;240.000;120.000;30.000;30.000;120.000;120.000,Pepper,mouth,,,POINT,3.267,C:\Users\esthe\Downloads\pepper 13\Pepp_1305_10_three.mp4,98,NA,
Pepp_1305,2025-06-09 19:21:39.009,,87.845,Media file(s),player #1:C:\Users\esthe\Downloads\pepper 13\Pepp_1305_10_three.mp4;C:\Users\esthe\Downloads\pepper 13\Pepp_1305_11_three.mp4;C:\Users\esthe\Downloads\pepper 13\Pepp_1305_12_five.mp4;C:\Users\esthe\Downloads\pepper 13\Pepp_1305_15_seven.mp4;C:\Users\esthe\Downloads\pepper 13\Pepp_1305_16_seven.mp4;C:\Users\esthe\Downloads\pepper 13\Pepp_1305_4_five.mp4;C:\Users\esthe\Downloads\pepper 13\Pepp_1305_5_seven.mp4;C:\Users\esthe\Downloads\pepper 13\Pepp_1305_6_three.mp4;C:\Users\esthe\Downloads\pepper 13\Pepp_1305_7_one.mp4;C:\Users\esthe\Downloads\pepper 13\Pepp_1305_8_five.mp4;C:\Users\esthe\Downloads\pepper 13\Pepp_1305_9_three.mp4;C:\Users\esthe\Downloads\pepper 13\VID_20250513_075924.mp4;C:\Users\esthe\Downloads\pepper 13\VID_20250513_080113.mp4,0.0,7.567;7.699;6.266;6.058;9.627;13.820;6.897;7.797;8.327;8.335;6.494;8.857;2.241,30.000;30.000;30.000;120.000;120.000;30.000;30.000;240.000;120.000;30.000;30.000;120.000;120.000,Pepper,assessing,,,STOP,3.300,C:\Users\esthe\Downloads\pepper 13\Pepp_1305_10_three.mp4,99,NA,
Pepp_1305,2025-06-09 19:21:39.009,,87.845,Media file(s),player #1:C:\Users\esthe\Downloads\pepper 13\Pepp_1305_10_three.mp4;C:\Users\esthe\Downloads\pepper 13\Pepp_1305_11_three.mp4;C:\Users\esthe\Downloads\pepper 13\Pepp_1305_12_five.mp4;C:\Users\esthe\Downloads\pepper 13\Pepp_1305_15_seven.mp4;C:\Users\esthe\Downloads\pepper 13\Pepp_1305_16_seven.mp4;C:\Users\esthe\Downloads\pepper 13\Pepp_1305_4_five.mp4;C:\Users\esthe\Downloads\pepper 13\Pepp_1305_5_seven.mp4;C:\Users\esthe\Downloads\pepper 13\Pepp_1305_6_three.mp4;C:\Users\esthe\Downloads\pepper 13\Pepp_1305_7_one.mp4;C:\Users\esthe\Downloads\pepper 13\Pepp_1305_8_five.mp4;C:\Users\esthe\Downloads\pepper 13\Pepp_1305_9_three.mp4;C:\Users\esthe\Downloads\pepper 13\VID_20250513_075924.mp4;C:\Users\esthe\Downloads\pepper 13\VID_20250513_080113.mp4,0.0,7.567;7.699;6.266;6.058;9.627;13.820;6.897;7.797;8.327;8.335;6.494;8.857;2.241,30.000;30.000;30.000;120.000;120.000;30.000;30.000;240.000;120.000;30.000;30.000;120.000;120.000,Pepper,target,,,START,3.467,C:\Users\esthe\Downloads\pepper 13\Pepp_1305_10_three.mp4,104,NA,
Pepp_1305,2025-06-09 19:21:39.009,,87.845,Media file(s),player #1:C:\Users\esthe\Downloads\pepper 13\Pepp_1305_10_three.mp4;C:\Users\esthe\Downloads\pepper 13\Pepp_1305_11_three.mp4;C:\Users\esthe\Downloads\pepper 13\Pepp_1305_12_five.mp4;C:\Users\esthe\Downloads\pepper 13\Pepp_1305_15_seven.mp4;C:\Users\esthe\Downloads\pepper 13\Pepp_1305_16_seven.mp4;C:\Users\esthe\Downloads\pepper 13\Pepp_1305_4_five.mp4;C:\Users\esthe\Downloads\pepper 13\Pepp_1305_5_seven.mp4;C:\Users\esthe\Downloads\pepper 13\Pepp_1305_6_three.mp4;C:\Users\esthe\Downloads\pepper 13\Pepp_1305_7_one.mp4;C:\Users\esthe\Downloads\pepper 13\Pepp_1305_8_five.mp4;C:\Users\esthe\Downloads\pepper 13\Pepp_1305_9_three.mp4;C:\Users\esthe\Downloads\pepper 13\VID_20250513_075924.mp4;C:\Users\esthe\Downloads\pepper 13\VID_20250513_080113.mp4,0.0,7.567;7.699;6.266;6.058;9.627;13.820;6.897;7.797;8.327;8.335;6.494;8.857;2.241,30.000;30.000;30.000;120.000;120.000;30.000;30.000;240.000;120.000;30.000;30.000;120.000;120.000,Pepper,pause,,,START,5.667,C:\Users\esthe\Downloads\pepper 13\Pepp_1305_10_three.mp4,170,NA,
Pepp_1305,2025-06-09 19:21:39.009,,87.845,Media file(s),player #1:C:\Users\esthe\Downloads\pepper 13\Pepp_1305_10_three.mp4;C:\Users\esthe\Downloads\pepper 13\Pepp_1305_11_three.mp4;C:\Users\esthe\Downloads\pepper 13\Pepp_1305_12_five.mp4;C:\Users\esthe\Downloads\pepper 13\Pepp_1305_15_seven.mp4;C:\Users\esthe\Downloads\pepper 13\Pepp_1305_16_seven.mp4;C:\Users\esthe\Downloads\pepper 13\Pepp_1305_4_five.mp4;C:\Users\esthe\Downloads\pepper 13\Pepp_1305_5_seven.mp4;C:\Users\esthe\Downloads\pepper 13\Pepp_1305_6_three.mp4;C:\Users\esthe\Downloads\pepper 13\Pepp_1305_7_one.mp4;C:\Users\esthe\Downloads\pepper 13\Pepp_1305_8_five.mp4;C:\Users\esthe\Downloads\pepper 13\Pepp_1305_9_three.mp4;C:\Users\esthe\Downloads\pepper 13\VID_20250513_075924.mp4;C:\Users\esthe\Downloads\pepper 13\VID_20250513_080113.mp4,0.0,7.567;7.699;6.266;6.058;9.627;13.820;6.897;7.797;8.327;8.335;6.494;8.857;2.241,30.000;30.000;30.000;120.000;120.000;30.000;30.000;240.000;120.000;30.000;30.000;120.000;120.000,Pepper,pause,,,STOP,6.300,C:\Users\esthe\Downloads\pepper 13\Pepp_1305_10_three.mp4,189,NA,
Pepp_1305,2025-06-09 19:21:39.009,,87.845,Media file(s),player #1:C:\Users\esthe\Downloads\pepper 13\Pepp_1305_10_three.mp4;C:\Users\esthe\Downloads\pepper 13\Pepp_1305_11_three.mp4;C:\Users\esthe\Downloads\pepper 13\Pepp_1305_12_five.mp4;C:\Users\esthe\Downloads\pepper 13\Pepp_1305_15_seven.mp4;C:\Users\esthe\Downloads\pepper 13\Pepp_1305_16_seven.mp4;C:\Users\esthe\Downloads\pepper 13\Pepp_1305_4_five.mp4;C:\Users\esthe\Downloads\pepper 13\Pepp_1305_5_seven.mp4;C:\Users\esthe\Downloads\pepper 13\Pepp_1305_6_three.mp4;C:\Users\esthe\Downloads\pepper 13\Pepp_1305_7_one.mp4;C:\Users\esthe\Downloads\pepper 13\Pepp_1305_8_five.mp4;C:\Users\esthe\Downloads\pepper 13\Pepp_1305_9_three.mp4;C:\Users\esthe\Downloads\pepper 13\VID_20250513_075924.mp4;C:\Users\esthe\Downloads\pepper 13\VID_20250513_080113.mp4,0.0,7.567;7.699;6.266;6.058;9.627;13.820;6.897;7.797;8.327;8.335;6.494;8.857;2.241,30.000;30.000;30.000;120.000;120.000;30.000;30.000;240.000;120.000;30.000;30.000;120.000;120.000,Pepper,target,,,STOP,7.524,C:\Users\esthe\Downloads\pepper 13\Pepp_1305_10_three.mp4,225,NA,
Pepp_1305,2025-06-09 19:21:39.009,,87.845,Media file(s),player #1:C:\Users\esthe\Downloads\pepper 13\Pepp_1305_10_three.mp4;C:\Users\esthe\Downloads\pepper 13\Pepp_1305_11_three.mp4;C:\Users\esthe\Downloads\pepper 13\Pepp_1305_12_five.mp4;C:\Users\esthe\Downloads\pepper 13\Pepp_1305_15_seven.mp4;C:\Users\esthe\Downloads\pepper 13\Pepp_1305_16_seven.mp4;C:\Users\esthe\Downloads\pepper 13\Pepp_1305_4_five.mp4;C:\Users\esthe\Downloads\pepper 13\Pepp_1305_5_seven.mp4;C:\Users\esthe\Downloads\pepper 13\Pepp_1305_6_three.mp4;C:\Users\esthe\Downloads\pepper 13\Pepp_1305_7_one.mp4;C:\Users\esthe\Downloads\pepper 13\Pepp_1305_8_five.mp4;C:\Users\esthe\Downloads\pepper 13\Pepp_1305_9_three.mp4;C:\Users\esthe\Downloads\pepper 13\VID_20250513_075924.mp4;C:\Users\esthe\Downloads\pepper 13\VID_20250513_080113.mp4,0.0,7.567;7.699;6.266;6.058;9.627;13.820;6.897;7.797;8.327;8.335;6.494;8.857;2.241,30.000;30.000;30.000;120.000;120.000;30.000;30.000;240.000;120.000;30.000;30.000;120.000;120.000,Pepper,bending,,,START,7.799,C:\Users\esthe\Downloads\pepper 13\Pepp_1305_11_three.mp4,7,NA,
Pepp_1305,2025-06-09 19:21:39.009,,87.845,Media file(s),player #1:C:\Users\esthe\Downloads\pepper 13\Pepp_1305_10_three.mp4;C:\Users\esthe\Downloads\pepper 13\Pepp_1305_11_three.mp4;C:\Users\esthe\Downloads\pepper 13\Pepp_1305_12_five.mp4;C:\Users\esthe\Downloads\pepper 13\Pepp_1305_15_seven.mp4;C:\Users\esthe\Downloads\pepper 13\Pepp_1305_16_seven.mp4;C:\Users\esthe\Downloads\pepper 13\Pepp_1305_4_five.mp4;C:\Users\esthe\Downloads\pepper 13\Pepp_1305_5_seven.mp4;C:\Users\esthe\Downloads\pepper 13\Pepp_1305_6_three.mp4;C:\Users\esthe\Downloads\pepper 13\Pepp_1305_7_one.mp4;C:\Users\esthe\Downloads\pepper 13\Pepp_1305_8_five.mp4;C:\Users\esthe\Downloads\pepper 13\Pepp_1305_9_three.mp4;C:\Users\esthe\Downloads\pepper 13\VID_20250513_075924.mp4;C:\Users\esthe\Downloads\pepper 13\VID_20250513_080113.mp4,0.0,7.567;7.699;6.266;6.058;9.627;13.820;6.897;7.797;8.327;8.335;6.494;8.857;2.241,30.000;30.000;30.000;120.000;120.000;30.000;30.000;240.000;120.000;30.000;30.000;120.000;120.000,Pepper,grabbing peanut,,,POINT,8.199,C:\Users\esthe\Downloads\pepper 13\Pepp_1305_11_three.mp4,19,NA,
Pepp_1305,2025-06-09 19:21:39.009,,87.845,Media file(s),player #1:C:\Users\esthe\Downloads\pepper 13\Pepp_1305_10_three.mp4;C:\Users\esthe\Downloads\pepper 13\Pepp_1305_11_three.mp4;C:\Users\esthe\Downloads\pepper 13\Pepp_1305_12_five.mp4;C:\Users\esthe\Downloads\pepper 13\Pepp_1305_15_seven.mp4;C:\Users\esthe\Downloads\pepper 13\Pepp_1305_16_seven.mp4;C:\Users\esthe\Downloads\pepper 13\Pepp_1305_4_five.mp4;C:\Users\esthe\Downloads\pepper 13\Pepp_1305_5_seven.mp4;C:\Users\esthe\Downloads\pepper 13\Pepp_1305_6_three.mp4;C:\Users\esthe\Downloads\pepper 13\Pepp_1305_7_one.mp4;C:\Users\esthe\Downloads\pepper 13\Pepp_1305_8_five.mp4;C:\Users\esthe\Downloads\pepper 13\Pepp_1305_9_three.mp4;C:\Users\esthe\Downloads\pepper 13\VID_20250513_075924.mp4;C:\Users\esthe\Downloads\pepper 13\VID_20250513_080113.mp4,0.0,7.567;7.699;6.266;6.058;9.627;13.820;6.897;7.797;8.327;8.335;6.494;8.857;2.241,30.000;30.000;30.000;120.000;120.000;30.000;30.000;240.000;120.000;30.000;30.000;120.000;120.000,Pepper,bending,,,STOP,8.233,C:\Users\esthe\Downloads\pepper 13\Pepp_1305_11_three.mp4,20,NA,
Pepp_1305,2025-06-09 19:21:39.009,,87.845,Media file(s),player #1:C:\Users\esthe\Downloads\pepper 13\Pepp_1305_10_three.mp4;C:\Users\esthe\Downloads\pepper 13\Pepp_1305_11_three.mp4;C:\Users\esthe\Downloads\pepper 13\Pepp_1305_12_five.mp4;C:\Users\esthe\Downloads\pepper 13\Pepp_1305_15_seven.mp4;C:\Users\esthe\Downloads\pepper 13\Pepp_1305_16_seven.mp4;C:\Users\esthe\Downloads\pepper 13\Pepp_1305_4_five.mp4;C:\Users\esthe\Downloads\pepper 13\Pepp_1305_5_seven.mp4;C:\Users\esthe\Downloads\pepper 13\Pepp_1305_6_three.mp4;C:\Users\esthe\Downloads\pepper 13\Pepp_1305_7_one.mp4;C:\Users\esthe\Downloads\pepper 13\Pepp_1305_8_five.mp4;C:\Users\esthe\Downloads\pepper 13\Pepp_1305_9_three.mp4;C:\Users\esthe\Downloads\pepper 13\VID_20250513_075924.mp4;C:\Users\esthe\Downloads\pepper 13\VID_20250513_080113.mp4,0.0,7.567;7.699;6.266;6.058;9.627;13.820;6.897;7.797;8.327;8.335;6.494;8.857;2.241,30.000;30.000;30.000;120.000;120.000;30.000;30.000;240.000;120.000;30.000;30.000;120.000;120.000,Pepper,lifting,,,START,8.266,C:\Users\esthe\Downloads\pepper 13\Pepp_1305_11_three.mp4,21,NA,
Pepp_1305,2025-06-09 19:21:39.009,,87.845,Media file(s),player #1:C:\Users\esthe\Downloads\pepper 13\Pepp_1305_10_three.mp4;C:\Users\esthe\Downloads\pepper 13\Pepp_1305_11_three.mp4;C:\Users\esthe\Downloads\pepper 13\Pepp_1305_12_five.mp4;C:\Users\esthe\Downloads\pepper 13\Pepp_1305_15_seven.mp4;C:\Users\esthe\Downloads\pepper 13\Pepp_1305_16_seven.mp4;C:\Users\esthe\Downloads\pepper 13\Pepp_1305_4_five.mp4;C:\Users\esthe\Downloads\pepper 13\Pepp_1305_5_seven.mp4;C:\Users\esthe\Downloads\pepper 13\Pepp_1305_6_three.mp4;C:\Users\esthe\Downloads\pepper 13\Pepp_1305_7_one.mp4;C:\Users\esthe\Downloads\pepper 13\Pepp_1305_8_five.mp4;C:\Users\esthe\Downloads\pepper 13\Pepp_1305_9_three.mp4;C:\Users\esthe\Downloads\pepper 13\VID_20250513_075924.mp4;C:\Users\esthe\Downloads\pepper 13\VID_20250513_080113.mp4,0.0,7.567;7.699;6.266;6.058;9.627;13.820;6.897;7.797;8.327;8.335;6.494;8.857;2.241,30.000;30.000;30.000;120.000;120.000;30.000;30.000;240.000;120.000;30.000;30.000;120.000;120.000,Pepper,lifting,,,STOP,8.466,C:\Users\esthe\Downloads\pepper 13\Pepp_1305_11_three.mp4,27,NA,
Pepp_1305,2025-06-09 19:21:39.009,,87.845,Media file(s),player #1:C:\Users\esthe\Downloads\pepper 13\Pepp_1305_10_three.mp4;C:\Users\esthe\Downloads\pepper 13\Pepp_1305_11_three.mp4;C:\Users\esthe\Downloads\pepper 13\Pepp_1305_12_five.mp4;C:\Users\esthe\Downloads\pepper 13\Pepp_1305_15_seven.mp4;C:\Users\esthe\Downloads\pepper 13\Pepp_1305_16_seven.mp4;C:\Users\esthe\Downloads\pepper 13\Pepp_1305_4_five.mp4;C:\Users\esthe\Downloads\pepper 13\Pepp_1305_5_seven.mp4;C:\Users\esthe\Downloads\pepper 13\Pepp_1305_6_three.mp4;C:\Users\esthe\Downloads\pepper 13\Pepp_1305_7_one.mp4;C:\Users\esthe\Downloads\pepper 13\Pepp_1305_8_five.mp4;C:\Users\esthe\Downloads\pepper 13\Pepp_1305_9_three.mp4;C:\Users\esthe\Downloads\pepper 13\VID_20250513_075924.mp4;C:\Users\esthe\Downloads\pepper 13\VID_20250513_080113.mp4,0.0,7.567;7.699;6.266;6.058;9.627;13.820;6.897;7.797;8.327;8.335;6.494;8.857;2.241,30.000;30.000;30.000;120.000;120.000;30.000;30.000;240.000;120.000;30.000;30.000;120.000;120.000,Pepper,assessing,,,START,8.666,C:\Users\esthe\Downloads\pepper 13\Pepp_1305_11_three.mp4,33,NA,
Pepp_1305,2025-06-09 19:21:39.009,,87.845,Media file(s),player #1:C:\Users\esthe\Downloads\pepper 13\Pepp_1305_10_three.mp4;C:\Users\esthe\Downloads\pepper 13\Pepp_1305_11_three.mp4;C:\Users\esthe\Downloads\pepper 13\Pepp_1305_12_five.mp4;C:\Users\esthe\Downloads\pepper 13\Pepp_1305_15_seven.mp4;C:\Users\esthe\Downloads\pepper 13\Pepp_1305_16_seven.mp4;C:\Users\esthe\Downloads\pepper 13\Pepp_1305_4_five.mp4;C:\Users\esthe\Downloads\pepper 13\Pepp_1305_5_seven.mp4;C:\Users\esthe\Downloads\pepper 13\Pepp_1305_6_three.mp4;C:\Users\esthe\Downloads\pepper 13\Pepp_1305_7_one.mp4;C:\Users\esthe\Downloads\pepper 13\Pepp_1305_8_five.mp4;C:\Users\esthe\Downloads\pepper 13\Pepp_1305_9_three.mp4;C:\Users\esthe\Downloads\pepper 13\VID_20250513_075924.mp4;C:\Users\esthe\Downloads\pepper 13\VID_20250513_080113.mp4,0.0,7.567;7.699;6.266;6.058;9.627;13.820;6.897;7.797;8.327;8.335;6.494;8.857;2.241,30.000;30.000;30.000;120.000;120.000;30.000;30.000;240.000;120.000;30.000;30.000;120.000;120.000,Pepper,jaw movement,,,POINT,8.733,C:\Users\esthe\Downloads\pepper 13\Pepp_1305_11_three.mp4,35,NA,
Pepp_1305,2025-06-09 19:21:39.009,,87.845,Media file(s),player #1:C:\Users\esthe\Downloads\pepper 13\Pepp_1305_10_three.mp4;C:\Users\esthe\Downloads\pepper 13\Pepp_1305_11_three.mp4;C:\Users\esthe\Downloads\pepper 13\Pepp_1305_12_five.mp4;C:\Users\esthe\Downloads\pepper 13\Pepp_1305_15_seven.mp4;C:\Users\esthe\Downloads\pepper 13\Pepp_1305_16_seven.mp4;C:\Users\esthe\Downloads\pepper 13\Pepp_1305_4_five.mp4;C:\Users\esthe\Downloads\pepper 13\Pepp_1305_5_seven.mp4;C:\Users\esthe\Downloads\pepper 13\Pepp_1305_6_three.mp4;C:\Users\esthe\Downloads\pepper 13\Pepp_1305_7_one.mp4;C:\Users\esthe\Downloads\pepper 13\Pepp_1305_8_five.mp4;C:\Users\esthe\Downloads\pepper 13\Pepp_1305_9_three.mp4;C:\Users\esthe\Downloads\pepper 13\VID_20250513_075924.mp4;C:\Users\esthe\Downloads\pepper 13\VID_20250513_080113.mp4,0.0,7.567;7.699;6.266;6.058;9.627;13.820;6.897;7.797;8.327;8.335;6.494;8.857;2.241,30.000;30.000;30.000;120.000;120.000;30.000;30.000;240.000;120.000;30.000;30.000;120.000;120.000,Pepper,jaw movement,,,POINT,8.833,C:\Users\esthe\Downloads\pepper 13\Pepp_1305_11_three.mp4,38,NA,
Pepp_1305,2025-06-09 19:21:39.009,,87.845,Media file(s),player #1:C:\Users\esthe\Downloads\pepper 13\Pepp_1305_10_three.mp4;C:\Users\esthe\Downloads\pepper 13\Pepp_1305_11_three.mp4;C:\Users\esthe\Downloads\pepper 13\Pepp_1305_12_five.mp4;C:\Users\esthe\Downloads\pepper 13\Pepp_1305_15_seven.mp4;C:\Users\esthe\Downloads\pepper 13\Pepp_1305_16_seven.mp4;C:\Users\esthe\Downloads\pepper 13\Pepp_1305_4_five.mp4;C:\Users\esthe\Downloads\pepper 13\Pepp_1305_5_seven.mp4;C:\Users\esthe\Downloads\pepper 13\Pepp_1305_6_three.mp4;C:\Users\esthe\Downloads\pepper 13\Pepp_1305_7_one.mp4;C:\Users\esthe\Downloads\pepper 13\Pepp_1305_8_five.mp4;C:\Users\esthe\Downloads\pepper 13\Pepp_1305_9_three.mp4;C:\Users\esthe\Downloads\pepper 13\VID_20250513_075924.mp4;C:\Users\esthe\Downloads\pepper 13\VID_20250513_080113.mp4,0.0,7.567;7.699;6.266;6.058;9.627;13.820;6.897;7.797;8.327;8.335;6.494;8.857;2.241,30.000;30.000;30.000;120.000;120.000;30.000;30.000;240.000;120.000;30.000;30.000;120.000;120.000,Pepper,jaw movement,,,POINT,9.233,C:\Users\esthe\Downloads\pepper 13\Pepp_1305_11_three.mp4,50,NA,
Pepp_1305,2025-06-09 19:21:39.009,,87.845,Media file(s),player #1:C:\Users\esthe\Downloads\pepper 13\Pepp_1305_10_three.mp4;C:\Users\esthe\Downloads\pepper 13\Pepp_1305_11_three.mp4;C:\Users\esthe\Downloads\pepper 13\Pepp_1305_12_five.mp4;C:\Users\esthe\Downloads\pepper 13\Pepp_1305_15_seven.mp4;C:\Users\esthe\Downloads\pepper 13\Pepp_1305_16_seven.mp4;C:\Users\esthe\Downloads\pepper 13\Pepp_1305_4_five.mp4;C:\Users\esthe\Downloads\pepper 13\Pepp_1305_5_seven.mp4;C:\Users\esthe\Downloads\pepper 13\Pepp_1305_6_three.mp4;C:\Users\esthe\Downloads\pepper 13\Pepp_1305_7_one.mp4;C:\Users\esthe\Downloads\pepper 13\Pepp_1305_8_five.mp4;C:\Users\esthe\Downloads\pepper 13\Pepp_1305_9_three.mp4;C:\Users\esthe\Downloads\pepper 13\VID_20250513_075924.mp4;C:\Users\esthe\Downloads\pepper 13\VID_20250513_080113.mp4,0.0,7.567;7.699;6.266;6.058;9.627;13.820;6.897;7.797;8.327;8.335;6.494;8.857;2.241,30.000;30.000;30.000;120.000;120.000;30.000;30.000;240.000;120.000;30.000;30.000;120.000;120.000,Pepper,teeth-hole contact,,,POINT,9.433,C:\Users\esthe\Downloads\pepper 13\Pepp_1305_11_three.mp4,56,NA,
Pepp_1305,2025-06-09 19:21:39.009,,87.845,Media file(s),player #1:C:\Users\esthe\Downloads\pepper 13\Pepp_1305_10_three.mp4;C:\Users\esthe\Downloads\pepper 13\Pepp_1305_11_three.mp4;C:\Users\esthe\Downloads\pepper 13\Pepp_1305_12_five.mp4;C:\Users\esthe\Downloads\pepper 13\Pepp_1305_15_seven.mp4;C:\Users\esthe\Downloads\pepper 13\Pepp_1305_16_seven.mp4;C:\Users\esthe\Downloads\pepper 13\Pepp_1305_4_five.mp4;C:\Users\esthe\Downloads\pepper 13\Pepp_1305_5_seven.mp4;C:\Users\esthe\Downloads\pepper 13\Pepp_1305_6_three.mp4;C:\Users\esthe\Downloads\pepper 13\Pepp_1305_7_one.mp4;C:\Users\esthe\Downloads\pepper 13\Pepp_1305_8_five.mp4;C:\Users\esthe\Downloads\pepper 13\Pepp_1305_9_three.mp4;C:\Users\esthe\Downloads\pepper 13\VID_20250513_075924.mp4;C:\Users\esthe\Downloads\pepper 13\VID_20250513_080113.mp4,0.0,7.567;7.699;6.266;6.058;9.627;13.820;6.897;7.797;8.327;8.335;6.494;8.857;2.241,30.000;30.000;30.000;120.000;120.000;30.000;30.000;240.000;120.000;30.000;30.000;120.000;120.000,Pepper,ear clapping,,,POINT,9.599,C:\Users\esthe\Downloads\pepper 13\Pepp_1305_11_three.mp4,61,NA,
Pepp_1305,2025-06-09 19:21:39.009,,87.845,Media file(s),player #1:C:\Users\esthe\Downloads\pepper 13\Pepp_1305_10_three.mp4;C:\Users\esthe\Downloads\pepper 13\Pepp_1305_11_three.mp4;C:\Users\esthe\Downloads\pepper 13\Pepp_1305_12_five.mp4;C:\Users\esthe\Downloads\pepper 13\Pepp_1305_15_seven.mp4;C:\Users\esthe\Downloads\pepper 13\Pepp_1305_16_seven.mp4;C:\Users\esthe\Downloads\pepper 13\Pepp_1305_4_five.mp4;C:\Users\esthe\Downloads\pepper 13\Pepp_1305_5_seven.mp4;C:\Users\esthe\Downloads\pepper 13\Pepp_1305_6_three.mp4;C:\Users\esthe\Downloads\pepper 13\Pepp_1305_7_one.mp4;C:\Users\esthe\Downloads\pepper 13\Pepp_1305_8_five.mp4;C:\Users\esthe\Downloads\pepper 13\Pepp_1305_9_three.mp4;C:\Users\esthe\Downloads\pepper 13\VID_20250513_075924.mp4;C:\Users\esthe\Downloads\pepper 13\VID_20250513_080113.mp4,0.0,7.567;7.699;6.266;6.058;9.627;13.820;6.897;7.797;8.327;8.335;6.494;8.857;2.241,30.000;30.000;30.000;120.000;120.000;30.000;30.000;240.000;120.000;30.000;30.000;120.000;120.000,Pepper,rotation,,Horizontal,START,9.599,C:\Users\esthe\Downloads\pepper 13\Pepp_1305_11_three.mp4,61,NA,
Pepp_1305,2025-06-09 19:21:39.009,,87.845,Media file(s),player #1:C:\Users\esthe\Downloads\pepper 13\Pepp_1305_10_three.mp4;C:\Users\esthe\Downloads\pepper 13\Pepp_1305_11_three.mp4;C:\Users\esthe\Downloads\pepper 13\Pepp_1305_12_five.mp4;C:\Users\esthe\Downloads\pepper 13\Pepp_1305_15_seven.mp4;C:\Users\esthe\Downloads\pepper 13\Pepp_1305_16_seven.mp4;C:\Users\esthe\Downloads\pepper 13\Pepp_1305_4_five.mp4;C:\Users\esthe\Downloads\pepper 13\Pepp_1305_5_seven.mp4;C:\Users\esthe\Downloads\pepper 13\Pepp_1305_6_three.mp4;C:\Users\esthe\Downloads\pepper 13\Pepp_1305_7_one.mp4;C:\Users\esthe\Downloads\pepper 13\Pepp_1305_8_five.mp4;C:\Users\esthe\Downloads\pepper 13\Pepp_1305_9_three.mp4;C:\Users\esthe\Downloads\pepper 13\VID_20250513_075924.mp4;C:\Users\esthe\Downloads\pepper 13\VID_20250513_080113.mp4,0.0,7.567;7.699;6.266;6.058;9.627;13.820;6.897;7.797;8.327;8.335;6.494;8.857;2.241,30.000;30.000;30.000;120.000;120.000;30.000;30.000;240.000;120.000;30.000;30.000;120.000;120.000,Pepper,licking,,,POINT,9.666,C:\Users\esthe\Downloads\pepper 13\Pepp_1305_11_three.mp4,63,NA,
Pepp_1305,2025-06-09 19:21:39.009,,87.845,Media file(s),player #1:C:\Users\esthe\Downloads\pepper 13\Pepp_1305_10_three.mp4;C:\Users\esthe\Downloads\pepper 13\Pepp_1305_11_three.mp4;C:\Users\esthe\Downloads\pepper 13\Pepp_1305_12_five.mp4;C:\Users\esthe\Downloads\pepper 13\Pepp_1305_15_seven.mp4;C:\Users\esthe\Downloads\pepper 13\Pepp_1305_16_seven.mp4;C:\Users\esthe\Downloads\pepper 13\Pepp_1305_4_five.mp4;C:\Users\esthe\Downloads\pepper 13\Pepp_1305_5_seven.mp4;C:\Users\esthe\Downloads\pepper 13\Pepp_1305_6_three.mp4;C:\Users\esthe\Downloads\pepper 13\Pepp_1305_7_one.mp4;C:\Users\esthe\Downloads\pepper 13\Pepp_1305_8_five.mp4;C:\Users\esthe\Downloads\pepper 13\Pepp_1305_9_three.mp4;C:\Users\esthe\Downloads\pepper 13\VID_20250513_075924.mp4;C:\Users\esthe\Downloads\pepper 13\VID_20250513_080113.mp4,0.0,7.567;7.699;6.266;6.058;9.627;13.820;6.897;7.797;8.327;8.335;6.494;8.857;2.241,30.000;30.000;30.000;120.000;120.000;30.000;30.000;240.000;120.000;30.000;30.000;120.000;120.000,Pepper,rotation,,Horizontal,STOP,9.766,C:\Users\esthe\Downloads\pepper 13\Pepp_1305_11_three.mp4,66,NA,
Pepp_1305,2025-06-09 19:21:39.009,,87.845,Media file(s),player #1:C:\Users\esthe\Downloads\pepper 13\Pepp_1305_10_three.mp4;C:\Users\esthe\Downloads\pepper 13\Pepp_1305_11_three.mp4;C:\Users\esthe\Downloads\pepper 13\Pepp_1305_12_five.mp4;C:\Users\esthe\Downloads\pepper 13\Pepp_1305_15_seven.mp4;C:\Users\esthe\Downloads\pepper 13\Pepp_1305_16_seven.mp4;C:\Users\esthe\Downloads\pepper 13\Pepp_1305_4_five.mp4;C:\Users\esthe\Downloads\pepper 13\Pepp_1305_5_seven.mp4;C:\Users\esthe\Downloads\pepper 13\Pepp_1305_6_three.mp4;C:\Users\esthe\Downloads\pepper 13\Pepp_1305_7_one.mp4;C:\Users\esthe\Downloads\pepper 13\Pepp_1305_8_five.mp4;C:\Users\esthe\Downloads\pepper 13\Pepp_1305_9_three.mp4;C:\Users\esthe\Downloads\pepper 13\VID_20250513_075924.mp4;C:\Users\esthe\Downloads\pepper 13\VID_20250513_080113.mp4,0.0,7.567;7.699;6.266;6.058;9.627;13.820;6.897;7.797;8.327;8.335;6.494;8.857;2.241,30.000;30.000;30.000;120.000;120.000;30.000;30.000;240.000;120.000;30.000;30.000;120.000;120.000,Pepper,jaw movement,,,POINT,9.799,C:\Users\esthe\Downloads\pepper 13\Pepp_1305_11_three.mp4,67,NA,
Pepp_1305,2025-06-09 19:21:39.009,,87.845,Media file(s),player #1:C:\Users\esthe\Downloads\pepper 13\Pepp_1305_10_three.mp4;C:\Users\esthe\Downloads\pepper 13\Pepp_1305_11_three.mp4;C:\Users\esthe\Downloads\pepper 13\Pepp_1305_12_five.mp4;C:\Users\esthe\Downloads\pepper 13\Pepp_1305_15_seven.mp4;C:\Users\esthe\Downloads\pepper 13\Pepp_1305_16_seven.mp4;C:\Users\esthe\Downloads\pepper 13\Pepp_1305_4_five.mp4;C:\Users\esthe\Downloads\pepper 13\Pepp_1305_5_seven.mp4;C:\Users\esthe\Downloads\pepper 13\Pepp_1305_6_three.mp4;C:\Users\esthe\Downloads\pepper 13\Pepp_1305_7_one.mp4;C:\Users\esthe\Downloads\pepper 13\Pepp_1305_8_five.mp4;C:\Users\esthe\Downloads\pepper 13\Pepp_1305_9_three.mp4;C:\Users\esthe\Downloads\pepper 13\VID_20250513_075924.mp4;C:\Users\esthe\Downloads\pepper 13\VID_20250513_080113.mp4,0.0,7.567;7.699;6.266;6.058;9.627;13.820;6.897;7.797;8.327;8.335;6.494;8.857;2.241,30.000;30.000;30.000;120.000;120.000;30.000;30.000;240.000;120.000;30.000;30.000;120.000;120.000,Pepper,translational movement,,,POINT,9.932,C:\Users\esthe\Downloads\pepper 13\Pepp_1305_11_three.mp4,71,NA,
Pepp_1305,2025-06-09 19:21:39.009,,87.845,Media file(s),player #1:C:\Users\esthe\Downloads\pepper 13\Pepp_1305_10_three.mp4;C:\Users\esthe\Downloads\pepper 13\Pepp_1305_11_three.mp4;C:\Users\esthe\Downloads\pepper 13\Pepp_1305_12_five.mp4;C:\Users\esthe\Downloads\pepper 13\Pepp_1305_15_seven.mp4;C:\Users\esthe\Downloads\pepper 13\Pepp_1305_16_seven.mp4;C:\Users\esthe\Downloads\pepper 13\Pepp_1305_4_five.mp4;C:\Users\esthe\Downloads\pepper 13\Pepp_1305_5_seven.mp4;C:\Users\esthe\Downloads\pepper 13\Pepp_1305_6_three.mp4;C:\Users\esthe\Downloads\pepper 13\Pepp_1305_7_one.mp4;C:\Users\esthe\Downloads\pepper 13\Pepp_1305_8_five.mp4;C:\Users\esthe\Downloads\pepper 13\Pepp_1305_9_three.mp4;C:\Users\esthe\Downloads\pepper 13\VID_20250513_075924.mp4;C:\Users\esthe\Downloads\pepper 13\VID_20250513_080113.mp4,0.0,7.567;7.699;6.266;6.058;9.627;13.820;6.897;7.797;8.327;8.335;6.494;8.857;2.241,30.000;30.000;30.000;120.000;120.000;30.000;30.000;240.000;120.000;30.000;30.000;120.000;120.000,Pepper,jaw movement,,,POINT,10.132,C:\Users\esthe\Downloads\pepper 13\Pepp_1305_11_three.mp4,77,NA,
Pepp_1305,2025-06-09 19:21:39.009,,87.845,Media file(s),player #1:C:\Users\esthe\Downloads\pepper 13\Pepp_1305_10_three.mp4;C:\Users\esthe\Downloads\pepper 13\Pepp_1305_11_three.mp4;C:\Users\esthe\Downloads\pepper 13\Pepp_1305_12_five.mp4;C:\Users\esthe\Downloads\pepper 13\Pepp_1305_15_seven.mp4;C:\Users\esthe\Downloads\pepper 13\Pepp_1305_16_seven.mp4;C:\Users\esthe\Downloads\pepper 13\Pepp_1305_4_five.mp4;C:\Users\esthe\Downloads\pepper 13\Pepp_1305_5_seven.mp4;C:\Users\esthe\Downloads\pepper 13\Pepp_1305_6_three.mp4;C:\Users\esthe\Downloads\pepper 13\Pepp_1305_7_one.mp4;C:\Users\esthe\Downloads\pepper 13\Pepp_1305_8_five.mp4;C:\Users\esthe\Downloads\pepper 13\Pepp_1305_9_three.mp4;C:\Users\esthe\Downloads\pepper 13\VID_20250513_075924.mp4;C:\Users\esthe\Downloads\pepper 13\VID_20250513_080113.mp4,0.0,7.567;7.699;6.266;6.058;9.627;13.820;6.897;7.797;8.327;8.335;6.494;8.857;2.241,30.000;30.000;30.000;120.000;120.000;30.000;30.000;240.000;120.000;30.000;30.000;120.000;120.000,Pepper,assessing,,,STOP,10.232,C:\Users\esthe\Downloads\pepper 13\Pepp_1305_11_three.mp4,80,NA,
Pepp_1305,2025-06-09 19:21:39.009,,87.845,Media file(s),player #1:C:\Users\esthe\Downloads\pepper 13\Pepp_1305_10_three.mp4;C:\Users\esthe\Downloads\pepper 13\Pepp_1305_11_three.mp4;C:\Users\esthe\Downloads\pepper 13\Pepp_1305_12_five.mp4;C:\Users\esthe\Downloads\pepper 13\Pepp_1305_15_seven.mp4;C:\Users\esthe\Downloads\pepper 13\Pepp_1305_16_seven.mp4;C:\Users\esthe\Downloads\pepper 13\Pepp_1305_4_five.mp4;C:\Users\esthe\Downloads\pepper 13\Pepp_1305_5_seven.mp4;C:\Users\esthe\Downloads\pepper 13\Pepp_1305_6_three.mp4;C:\Users\esthe\Downloads\pepper 13\Pepp_1305_7_one.mp4;C:\Users\esthe\Downloads\pepper 13\Pepp_1305_8_five.mp4;C:\Users\esthe\Downloads\pepper 13\Pepp_1305_9_three.mp4;C:\Users\esthe\Downloads\pepper 13\VID_20250513_075924.mp4;C:\Users\esthe\Downloads\pepper 13\VID_20250513_080113.mp4,0.0,7.567;7.699;6.266;6.058;9.627;13.820;6.897;7.797;8.327;8.335;6.494;8.857;2.241,30.000;30.000;30.000;120.000;120.000;30.000;30.000;240.000;120.000;30.000;30.000;120.000;120.000,Pepper,jaw movement,,,POINT,10.332,C:\Users\esthe\Downloads\pepper 13\Pepp_1305_11_three.mp4,83,NA,
Pepp_1305,2025-06-09 19:21:39.009,,87.845,Media file(s),player #1:C:\Users\esthe\Downloads\pepper 13\Pepp_1305_10_three.mp4;C:\Users\esthe\Downloads\pepper 13\Pepp_1305_11_three.mp4;C:\Users\esthe\Downloads\pepper 13\Pepp_1305_12_five.mp4;C:\Users\esthe\Downloads\pepper 13\Pepp_1305_15_seven.mp4;C:\Users\esthe\Downloads\pepper 13\Pepp_1305_16_seven.mp4;C:\Users\esthe\Downloads\pepper 13\Pepp_1305_4_five.mp4;C:\Users\esthe\Downloads\pepper 13\Pepp_1305_5_seven.mp4;C:\Users\esthe\Downloads\pepper 13\Pepp_1305_6_three.mp4;C:\Users\esthe\Downloads\pepper 13\Pepp_1305_7_one.mp4;C:\Users\esthe\Downloads\pepper 13\Pepp_1305_8_five.mp4;C:\Users\esthe\Downloads\pepper 13\Pepp_1305_9_three.mp4;C:\Users\esthe\Downloads\pepper 13\VID_20250513_075924.mp4;C:\Users\esthe\Downloads\pepper 13\VID_20250513_080113.mp4,0.0,7.567;7.699;6.266;6.058;9.627;13.820;6.897;7.797;8.327;8.335;6.494;8.857;2.241,30.000;30.000;30.000;120.000;120.000;30.000;30.000;240.000;120.000;30.000;30.000;120.000;120.000,Pepper,peeling,,,START,10.332,C:\Users\esthe\Downloads\pepper 13\Pepp_1305_11_three.mp4,83,NA,
Pepp_1305,2025-06-09 19:21:39.009,,87.845,Media file(s),player #1:C:\Users\esthe\Downloads\pepper 13\Pepp_1305_10_three.mp4;C:\Users\esthe\Downloads\pepper 13\Pepp_1305_11_three.mp4;C:\Users\esthe\Downloads\pepper 13\Pepp_1305_12_five.mp4;C:\Users\esthe\Downloads\pepper 13\Pepp_1305_15_seven.mp4;C:\Users\esthe\Downloads\pepper 13\Pepp_1305_16_seven.mp4;C:\Users\esthe\Downloads\pepper 13\Pepp_1305_4_five.mp4;C:\Users\esthe\Downloads\pepper 13\Pepp_1305_5_seven.mp4;C:\Users\esthe\Downloads\pepper 13\Pepp_1305_6_three.mp4;C:\Users\esthe\Downloads\pepper 13\Pepp_1305_7_one.mp4;C:\Users\esthe\Downloads\pepper 13\Pepp_1305_8_five.mp4;C:\Users\esthe\Downloads\pepper 13\Pepp_1305_9_three.mp4;C:\Users\esthe\Downloads\pepper 13\VID_20250513_075924.mp4;C:\Users\esthe\Downloads\pepper 13\VID_20250513_080113.mp4,0.0,7.567;7.699;6.266;6.058;9.627;13.820;6.897;7.797;8.327;8.335;6.494;8.857;2.241,30.000;30.000;30.000;120.000;120.000;30.000;30.000;240.000;120.000;30.000;30.000;120.000;120.000,Pepper,jaw movement,,,POINT,10.432,C:\Users\esthe\Downloads\pepper 13\Pepp_1305_11_three.mp4,86,NA,
Pepp_1305,2025-06-09 19:21:39.009,,87.845,Media file(s),player #1:C:\Users\esthe\Downloads\pepper 13\Pepp_1305_10_three.mp4;C:\Users\esthe\Downloads\pepper 13\Pepp_1305_11_three.mp4;C:\Users\esthe\Downloads\pepper 13\Pepp_1305_12_five.mp4;C:\Users\esthe\Downloads\pepper 13\Pepp_1305_15_seven.mp4;C:\Users\esthe\Downloads\pepper 13\Pepp_1305_16_seven.mp4;C:\Users\esthe\Downloads\pepper 13\Pepp_1305_4_five.mp4;C:\Users\esthe\Downloads\pepper 13\Pepp_1305_5_seven.mp4;C:\Users\esthe\Downloads\pepper 13\Pepp_1305_6_three.mp4;C:\Users\esthe\Downloads\pepper 13\Pepp_1305_7_one.mp4;C:\Users\esthe\Downloads\pepper 13\Pepp_1305_8_five.mp4;C:\Users\esthe\Downloads\pepper 13\Pepp_1305_9_three.mp4;C:\Users\esthe\Downloads\pepper 13\VID_20250513_075924.mp4;C:\Users\esthe\Downloads\pepper 13\VID_20250513_080113.mp4,0.0,7.567;7.699;6.266;6.058;9.627;13.820;6.897;7.797;8.327;8.335;6.494;8.857;2.241,30.000;30.000;30.000;120.000;120.000;30.000;30.000;240.000;120.000;30.000;30.000;120.000;120.000,Pepper,jaw movement,,,POINT,10.666,C:\Users\esthe\Downloads\pepper 13\Pepp_1305_11_three.mp4,93,NA,
Pepp_1305,2025-06-09 19:21:39.009,,87.845,Media file(s),player #1:C:\Users\esthe\Downloads\pepper 13\Pepp_1305_10_three.mp4;C:\Users\esthe\Downloads\pepper 13\Pepp_1305_11_three.mp4;C:\Users\esthe\Downloads\pepper 13\Pepp_1305_12_five.mp4;C:\Users\esthe\Downloads\pepper 13\Pepp_1305_15_seven.mp4;C:\Users\esthe\Downloads\pepper 13\Pepp_1305_16_seven.mp4;C:\Users\esthe\Downloads\pepper 13\Pepp_1305_4_five.mp4;C:\Users\esthe\Downloads\pepper 13\Pepp_1305_5_seven.mp4;C:\Users\esthe\Downloads\pepper 13\Pepp_1305_6_three.mp4;C:\Users\esthe\Downloads\pepper 13\Pepp_1305_7_one.mp4;C:\Users\esthe\Downloads\pepper 13\Pepp_1305_8_five.mp4;C:\Users\esthe\Downloads\pepper 13\Pepp_1305_9_three.mp4;C:\Users\esthe\Downloads\pepper 13\VID_20250513_075924.mp4;C:\Users\esthe\Downloads\pepper 13\VID_20250513_080113.mp4,0.0,7.567;7.699;6.266;6.058;9.627;13.820;6.897;7.797;8.327;8.335;6.494;8.857;2.241,30.000;30.000;30.000;120.000;120.000;30.000;30.000;240.000;120.000;30.000;30.000;120.000;120.000,Pepper,jaw movement,,,POINT,10.699,C:\Users\esthe\Downloads\pepper 13\Pepp_1305_11_three.mp4,95,NA,
Pepp_1305,2025-06-09 19:21:39.009,,87.845,Media file(s),player #1:C:\Users\esthe\Downloads\pepper 13\Pepp_1305_10_three.mp4;C:\Users\esthe\Downloads\pepper 13\Pepp_1305_11_three.mp4;C:\Users\esthe\Downloads\pepper 13\Pepp_1305_12_five.mp4;C:\Users\esthe\Downloads\pepper 13\Pepp_1305_15_seven.mp4;C:\Users\esthe\Downloads\pepper 13\Pepp_1305_16_seven.mp4;C:\Users\esthe\Downloads\pepper 13\Pepp_1305_4_five.mp4;C:\Users\esthe\Downloads\pepper 13\Pepp_1305_5_seven.mp4;C:\Users\esthe\Downloads\pepper 13\Pepp_1305_6_three.mp4;C:\Users\esthe\Downloads\pepper 13\Pepp_1305_7_one.mp4;C:\Users\esthe\Downloads\pepper 13\Pepp_1305_8_five.mp4;C:\Users\esthe\Downloads\pepper 13\Pepp_1305_9_three.mp4;C:\Users\esthe\Downloads\pepper 13\VID_20250513_075924.mp4;C:\Users\esthe\Downloads\pepper 13\VID_20250513_080113.mp4,0.0,7.567;7.699;6.266;6.058;9.627;13.820;6.897;7.797;8.327;8.335;6.494;8.857;2.241,30.000;30.000;30.000;120.000;120.000;30.000;30.000;240.000;120.000;30.000;30.000;120.000;120.000,Pepper,jaw movement,,,POINT,10.899,C:\Users\esthe\Downloads\pepper 13\Pepp_1305_11_three.mp4,100,NA,
Pepp_1305,2025-06-09 19:21:39.009,,87.845,Media file(s),player #1:C:\Users\esthe\Downloads\pepper 13\Pepp_1305_10_three.mp4;C:\Users\esthe\Downloads\pepper 13\Pepp_1305_11_three.mp4;C:\Users\esthe\Downloads\pepper 13\Pepp_1305_12_five.mp4;C:\Users\esthe\Downloads\pepper 13\Pepp_1305_15_seven.mp4;C:\Users\esthe\Downloads\pepper 13\Pepp_1305_16_seven.mp4;C:\Users\esthe\Downloads\pepper 13\Pepp_1305_4_five.mp4;C:\Users\esthe\Downloads\pepper 13\Pepp_1305_5_seven.mp4;C:\Users\esthe\Downloads\pepper 13\Pepp_1305_6_three.mp4;C:\Users\esthe\Downloads\pepper 13\Pepp_1305_7_one.mp4;C:\Users\esthe\Downloads\pepper 13\Pepp_1305_8_five.mp4;C:\Users\esthe\Downloads\pepper 13\Pepp_1305_9_three.mp4;C:\Users\esthe\Downloads\pepper 13\VID_20250513_075924.mp4;C:\Users\esthe\Downloads\pepper 13\VID_20250513_080113.mp4,0.0,7.567;7.699;6.266;6.058;9.627;13.820;6.897;7.797;8.327;8.335;6.494;8.857;2.241,30.000;30.000;30.000;120.000;120.000;30.000;30.000;240.000;120.000;30.000;30.000;120.000;120.000,Pepper,peeling,,,STOP,11.299,C:\Users\esthe\Downloads\pepper 13\Pepp_1305_11_three.mp4,112,NA,
Pepp_1305,2025-06-09 19:21:39.009,,87.845,Media file(s),player #1:C:\Users\esthe\Downloads\pepper 13\Pepp_1305_10_three.mp4;C:\Users\esthe\Downloads\pepper 13\Pepp_1305_11_three.mp4;C:\Users\esthe\Downloads\pepper 13\Pepp_1305_12_five.mp4;C:\Users\esthe\Downloads\pepper 13\Pepp_1305_15_seven.mp4;C:\Users\esthe\Downloads\pepper 13\Pepp_1305_16_seven.mp4;C:\Users\esthe\Downloads\pepper 13\Pepp_1305_4_five.mp4;C:\Users\esthe\Downloads\pepper 13\Pepp_1305_5_seven.mp4;C:\Users\esthe\Downloads\pepper 13\Pepp_1305_6_three.mp4;C:\Users\esthe\Downloads\pepper 13\Pepp_1305_7_one.mp4;C:\Users\esthe\Downloads\pepper 13\Pepp_1305_8_five.mp4;C:\Users\esthe\Downloads\pepper 13\Pepp_1305_9_three.mp4;C:\Users\esthe\Downloads\pepper 13\VID_20250513_075924.mp4;C:\Users\esthe\Downloads\pepper 13\VID_20250513_080113.mp4,0.0,7.567;7.699;6.266;6.058;9.627;13.820;6.897;7.797;8.327;8.335;6.494;8.857;2.241,30.000;30.000;30.000;120.000;120.000;30.000;30.000;240.000;120.000;30.000;30.000;120.000;120.000,Pepper,eating,,,START,11.366,C:\Users\esthe\Downloads\pepper 13\Pepp_1305_11_three.mp4,114,NA,
Pepp_1305,2025-06-09 19:21:39.009,,87.845,Media file(s),player #1:C:\Users\esthe\Downloads\pepper 13\Pepp_1305_10_three.mp4;C:\Users\esthe\Downloads\pepper 13\Pepp_1305_11_three.mp4;C:\Users\esthe\Downloads\pepper 13\Pepp_1305_12_five.mp4;C:\Users\esthe\Downloads\pepper 13\Pepp_1305_15_seven.mp4;C:\Users\esthe\Downloads\pepper 13\Pepp_1305_16_seven.mp4;C:\Users\esthe\Downloads\pepper 13\Pepp_1305_4_five.mp4;C:\Users\esthe\Downloads\pepper 13\Pepp_1305_5_seven.mp4;C:\Users\esthe\Downloads\pepper 13\Pepp_1305_6_three.mp4;C:\Users\esthe\Downloads\pepper 13\Pepp_1305_7_one.mp4;C:\Users\esthe\Downloads\pepper 13\Pepp_1305_8_five.mp4;C:\Users\esthe\Downloads\pepper 13\Pepp_1305_9_three.mp4;C:\Users\esthe\Downloads\pepper 13\VID_20250513_075924.mp4;C:\Users\esthe\Downloads\pepper 13\VID_20250513_080113.mp4,0.0,7.567;7.699;6.266;6.058;9.627;13.820;6.897;7.797;8.327;8.335;6.494;8.857;2.241,30.000;30.000;30.000;120.000;120.000;30.000;30.000;240.000;120.000;30.000;30.000;120.000;120.000,Pepper,ear clapping,,,POINT,13.232,C:\Users\esthe\Downloads\pepper 13\Pepp_1305_11_three.mp4,170,NA,
Pepp_1305,2025-06-09 19:21:39.009,,87.845,Media file(s),player #1:C:\Users\esthe\Downloads\pepper 13\Pepp_1305_10_three.mp4;C:\Users\esthe\Downloads\pepper 13\Pepp_1305_11_three.mp4;C:\Users\esthe\Downloads\pepper 13\Pepp_1305_12_five.mp4;C:\Users\esthe\Downloads\pepper 13\Pepp_1305_15_seven.mp4;C:\Users\esthe\Downloads\pepper 13\Pepp_1305_16_seven.mp4;C:\Users\esthe\Downloads\pepper 13\Pepp_1305_4_five.mp4;C:\Users\esthe\Downloads\pepper 13\Pepp_1305_5_seven.mp4;C:\Users\esthe\Downloads\pepper 13\Pepp_1305_6_three.mp4;C:\Users\esthe\Downloads\pepper 13\Pepp_1305_7_one.mp4;C:\Users\esthe\Downloads\pepper 13\Pepp_1305_8_five.mp4;C:\Users\esthe\Downloads\pepper 13\Pepp_1305_9_three.mp4;C:\Users\esthe\Downloads\pepper 13\VID_20250513_075924.mp4;C:\Users\esthe\Downloads\pepper 13\VID_20250513_080113.mp4,0.0,7.567;7.699;6.266;6.058;9.627;13.820;6.897;7.797;8.327;8.335;6.494;8.857;2.241,30.000;30.000;30.000;120.000;120.000;30.000;30.000;240.000;120.000;30.000;30.000;120.000;120.000,Pepper,ear clapping,,,POINT,13.365,C:\Users\esthe\Downloads\pepper 13\Pepp_1305_11_three.mp4,174,NA,
Pepp_1305,2025-06-09 19:21:39.009,,87.845,Media file(s),player #1:C:\Users\esthe\Downloads\pepper 13\Pepp_1305_10_three.mp4;C:\Users\esthe\Downloads\pepper 13\Pepp_1305_11_three.mp4;C:\Users\esthe\Downloads\pepper 13\Pepp_1305_12_five.mp4;C:\Users\esthe\Downloads\pepper 13\Pepp_1305_15_seven.mp4;C:\Users\esthe\Downloads\pepper 13\Pepp_1305_16_seven.mp4;C:\Users\esthe\Downloads\pepper 13\Pepp_1305_4_five.mp4;C:\Users\esthe\Downloads\pepper 13\Pepp_1305_5_seven.mp4;C:\Users\esthe\Downloads\pepper 13\Pepp_1305_6_three.mp4;C:\Users\esthe\Downloads\pepper 13\Pepp_1305_7_one.mp4;C:\Users\esthe\Downloads\pepper 13\Pepp_1305_8_five.mp4;C:\Users\esthe\Downloads\pepper 13\Pepp_1305_9_three.mp4;C:\Users\esthe\Downloads\pepper 13\VID_20250513_075924.mp4;C:\Users\esthe\Downloads\pepper 13\VID_20250513_080113.mp4,0.0,7.567;7.699;6.266;6.058;9.627;13.820;6.897;7.797;8.327;8.335;6.494;8.857;2.241,30.000;30.000;30.000;120.000;120.000;30.000;30.000;240.000;120.000;30.000;30.000;120.000;120.000,Pepper,ear clapping,,,POINT,14.832,C:\Users\esthe\Downloads\pepper 13\Pepp_1305_11_three.mp4,218,NA,
Pepp_1305,2025-06-09 19:21:39.009,,87.845,Media file(s),player #1:C:\Users\esthe\Downloads\pepper 13\Pepp_1305_10_three.mp4;C:\Users\esthe\Downloads\pepper 13\Pepp_1305_11_three.mp4;C:\Users\esthe\Downloads\pepper 13\Pepp_1305_12_five.mp4;C:\Users\esthe\Downloads\pepper 13\Pepp_1305_15_seven.mp4;C:\Users\esthe\Downloads\pepper 13\Pepp_1305_16_seven.mp4;C:\Users\esthe\Downloads\pepper 13\Pepp_1305_4_five.mp4;C:\Users\esthe\Downloads\pepper 13\Pepp_1305_5_seven.mp4;C:\Users\esthe\Downloads\pepper 13\Pepp_1305_6_three.mp4;C:\Users\esthe\Downloads\pepper 13\Pepp_1305_7_one.mp4;C:\Users\esthe\Downloads\pepper 13\Pepp_1305_8_five.mp4;C:\Users\esthe\Downloads\pepper 13\Pepp_1305_9_three.mp4;C:\Users\esthe\Downloads\pepper 13\VID_20250513_075924.mp4;C:\Users\esthe\Downloads\pepper 13\VID_20250513_080113.mp4,0.0,7.567;7.699;6.266;6.058;9.627;13.820;6.897;7.797;8.327;8.335;6.494;8.857;2.241,30.000;30.000;30.000;120.000;120.000;30.000;30.000;240.000;120.000;30.000;30.000;120.000;120.000,Pepper,eating,,,STOP,14.965,C:\Users\esthe\Downloads\pepper 13\Pepp_1305_11_three.mp4,222,NA,
Pepp_1305,2025-06-09 19:21:39.009,,87.845,Media file(s),player #1:C:\Users\esthe\Downloads\pepper 13\Pepp_1305_10_three.mp4;C:\Users\esthe\Downloads\pepper 13\Pepp_1305_11_three.mp4;C:\Users\esthe\Downloads\pepper 13\Pepp_1305_12_five.mp4;C:\Users\esthe\Downloads\pepper 13\Pepp_1305_15_seven.mp4;C:\Users\esthe\Downloads\pepper 13\Pepp_1305_16_seven.mp4;C:\Users\esthe\Downloads\pepper 13\Pepp_1305_4_five.mp4;C:\Users\esthe\Downloads\pepper 13\Pepp_1305_5_seven.mp4;C:\Users\esthe\Downloads\pepper 13\Pepp_1305_6_three.mp4;C:\Users\esthe\Downloads\pepper 13\Pepp_1305_7_one.mp4;C:\Users\esthe\Downloads\pepper 13\Pepp_1305_8_five.mp4;C:\Users\esthe\Downloads\pepper 13\Pepp_1305_9_three.mp4;C:\Users\esthe\Downloads\pepper 13\VID_20250513_075924.mp4;C:\Users\esthe\Downloads\pepper 13\VID_20250513_080113.mp4,0.0,7.567;7.699;6.266;6.058;9.627;13.820;6.897;7.797;8.327;8.335;6.494;8.857;2.241,30.000;30.000;30.000;120.000;120.000;30.000;30.000;240.000;120.000;30.000;30.000;120.000;120.000,Pepper,bending,,,START,15.565,C:\Users\esthe\Downloads\pepper 13\Pepp_1305_12_five.mp4,9,NA,
Pepp_1305,2025-06-09 19:21:39.009,,87.845,Media file(s),player #1:C:\Users\esthe\Downloads\pepper 13\Pepp_1305_10_three.mp4;C:\Users\esthe\Downloads\pepper 13\Pepp_1305_11_three.mp4;C:\Users\esthe\Downloads\pepper 13\Pepp_1305_12_five.mp4;C:\Users\esthe\Downloads\pepper 13\Pepp_1305_15_seven.mp4;C:\Users\esthe\Downloads\pepper 13\Pepp_1305_16_seven.mp4;C:\Users\esthe\Downloads\pepper 13\Pepp_1305_4_five.mp4;C:\Users\esthe\Downloads\pepper 13\Pepp_1305_5_seven.mp4;C:\Users\esthe\Downloads\pepper 13\Pepp_1305_6_three.mp4;C:\Users\esthe\Downloads\pepper 13\Pepp_1305_7_one.mp4;C:\Users\esthe\Downloads\pepper 13\Pepp_1305_8_five.mp4;C:\Users\esthe\Downloads\pepper 13\Pepp_1305_9_three.mp4;C:\Users\esthe\Downloads\pepper 13\VID_20250513_075924.mp4;C:\Users\esthe\Downloads\pepper 13\VID_20250513_080113.mp4,0.0,7.567;7.699;6.266;6.058;9.627;13.820;6.897;7.797;8.327;8.335;6.494;8.857;2.241,30.000;30.000;30.000;120.000;120.000;30.000;30.000;240.000;120.000;30.000;30.000;120.000;120.000,Pepper,bending,,,STOP,15.898,C:\Users\esthe\Downloads\pepper 13\Pepp_1305_12_five.mp4,19,NA,
Pepp_1305,2025-06-09 19:21:39.009,,87.845,Media file(s),player #1:C:\Users\esthe\Downloads\pepper 13\Pepp_1305_10_three.mp4;C:\Users\esthe\Downloads\pepper 13\Pepp_1305_11_three.mp4;C:\Users\esthe\Downloads\pepper 13\Pepp_1305_12_five.mp4;C:\Users\esthe\Downloads\pepper 13\Pepp_1305_15_seven.mp4;C:\Users\esthe\Downloads\pepper 13\Pepp_1305_16_seven.mp4;C:\Users\esthe\Downloads\pepper 13\Pepp_1305_4_five.mp4;C:\Users\esthe\Downloads\pepper 13\Pepp_1305_5_seven.mp4;C:\Users\esthe\Downloads\pepper 13\Pepp_1305_6_three.mp4;C:\Users\esthe\Downloads\pepper 13\Pepp_1305_7_one.mp4;C:\Users\esthe\Downloads\pepper 13\Pepp_1305_8_five.mp4;C:\Users\esthe\Downloads\pepper 13\Pepp_1305_9_three.mp4;C:\Users\esthe\Downloads\pepper 13\VID_20250513_075924.mp4;C:\Users\esthe\Downloads\pepper 13\VID_20250513_080113.mp4,0.0,7.567;7.699;6.266;6.058;9.627;13.820;6.897;7.797;8.327;8.335;6.494;8.857;2.241,30.000;30.000;30.000;120.000;120.000;30.000;30.000;240.000;120.000;30.000;30.000;120.000;120.000,Pepper,grabbing peanut,,,POINT,15.898,C:\Users\esthe\Downloads\pepper 13\Pepp_1305_12_five.mp4,19,NA,
Pepp_1305,2025-06-09 19:21:39.009,,87.845,Media file(s),player #1:C:\Users\esthe\Downloads\pepper 13\Pepp_1305_10_three.mp4;C:\Users\esthe\Downloads\pepper 13\Pepp_1305_11_three.mp4;C:\Users\esthe\Downloads\pepper 13\Pepp_1305_12_five.mp4;C:\Users\esthe\Downloads\pepper 13\Pepp_1305_15_seven.mp4;C:\Users\esthe\Downloads\pepper 13\Pepp_1305_16_seven.mp4;C:\Users\esthe\Downloads\pepper 13\Pepp_1305_4_five.mp4;C:\Users\esthe\Downloads\pepper 13\Pepp_1305_5_seven.mp4;C:\Users\esthe\Downloads\pepper 13\Pepp_1305_6_three.mp4;C:\Users\esthe\Downloads\pepper 13\Pepp_1305_7_one.mp4;C:\Users\esthe\Downloads\pepper 13\Pepp_1305_8_five.mp4;C:\Users\esthe\Downloads\pepper 13\Pepp_1305_9_three.mp4;C:\Users\esthe\Downloads\pepper 13\VID_20250513_075924.mp4;C:\Users\esthe\Downloads\pepper 13\VID_20250513_080113.mp4,0.0,7.567;7.699;6.266;6.058;9.627;13.820;6.897;7.797;8.327;8.335;6.494;8.857;2.241,30.000;30.000;30.000;120.000;120.000;30.000;30.000;240.000;120.000;30.000;30.000;120.000;120.000,Pepper,lifting,,,START,15.898,C:\Users\esthe\Downloads\pepper 13\Pepp_1305_12_five.mp4,19,NA,
Pepp_1305,2025-06-09 19:21:39.009,,87.845,Media file(s),player #1:C:\Users\esthe\Downloads\pepper 13\Pepp_1305_10_three.mp4;C:\Users\esthe\Downloads\pepper 13\Pepp_1305_11_three.mp4;C:\Users\esthe\Downloads\pepper 13\Pepp_1305_12_five.mp4;C:\Users\esthe\Downloads\pepper 13\Pepp_1305_15_seven.mp4;C:\Users\esthe\Downloads\pepper 13\Pepp_1305_16_seven.mp4;C:\Users\esthe\Downloads\pepper 13\Pepp_1305_4_five.mp4;C:\Users\esthe\Downloads\pepper 13\Pepp_1305_5_seven.mp4;C:\Users\esthe\Downloads\pepper 13\Pepp_1305_6_three.mp4;C:\Users\esthe\Downloads\pepper 13\Pepp_1305_7_one.mp4;C:\Users\esthe\Downloads\pepper 13\Pepp_1305_8_five.mp4;C:\Users\esthe\Downloads\pepper 13\Pepp_1305_9_three.mp4;C:\Users\esthe\Downloads\pepper 13\VID_20250513_075924.mp4;C:\Users\esthe\Downloads\pepper 13\VID_20250513_080113.mp4,0.0,7.567;7.699;6.266;6.058;9.627;13.820;6.897;7.797;8.327;8.335;6.494;8.857;2.241,30.000;30.000;30.000;120.000;120.000;30.000;30.000;240.000;120.000;30.000;30.000;120.000;120.000,Pepper,lifting,,,STOP,16.098,C:\Users\esthe\Downloads\pepper 13\Pepp_1305_12_five.mp4,25,NA,
Pepp_1305,2025-06-09 19:21:39.009,,87.845,Media file(s),player #1:C:\Users\esthe\Downloads\pepper 13\Pepp_1305_10_three.mp4;C:\Users\esthe\Downloads\pepper 13\Pepp_1305_11_three.mp4;C:\Users\esthe\Downloads\pepper 13\Pepp_1305_12_five.mp4;C:\Users\esthe\Downloads\pepper 13\Pepp_1305_15_seven.mp4;C:\Users\esthe\Downloads\pepper 13\Pepp_1305_16_seven.mp4;C:\Users\esthe\Downloads\pepper 13\Pepp_1305_4_five.mp4;C:\Users\esthe\Downloads\pepper 13\Pepp_1305_5_seven.mp4;C:\Users\esthe\Downloads\pepper 13\Pepp_1305_6_three.mp4;C:\Users\esthe\Downloads\pepper 13\Pepp_1305_7_one.mp4;C:\Users\esthe\Downloads\pepper 13\Pepp_1305_8_five.mp4;C:\Users\esthe\Downloads\pepper 13\Pepp_1305_9_three.mp4;C:\Users\esthe\Downloads\pepper 13\VID_20250513_075924.mp4;C:\Users\esthe\Downloads\pepper 13\VID_20250513_080113.mp4,0.0,7.567;7.699;6.266;6.058;9.627;13.820;6.897;7.797;8.327;8.335;6.494;8.857;2.241,30.000;30.000;30.000;120.000;120.000;30.000;30.000;240.000;120.000;30.000;30.000;120.000;120.000,Pepper,assessing,,,START,16.365,C:\Users\esthe\Downloads\pepper 13\Pepp_1305_12_five.mp4,33,NA,
Pepp_1305,2025-06-09 19:21:39.009,,87.845,Media file(s),player #1:C:\Users\esthe\Downloads\pepper 13\Pepp_1305_10_three.mp4;C:\Users\esthe\Downloads\pepper 13\Pepp_1305_11_three.mp4;C:\Users\esthe\Downloads\pepper 13\Pepp_1305_12_five.mp4;C:\Users\esthe\Downloads\pepper 13\Pepp_1305_15_seven.mp4;C:\Users\esthe\Downloads\pepper 13\Pepp_1305_16_seven.mp4;C:\Users\esthe\Downloads\pepper 13\Pepp_1305_4_five.mp4;C:\Users\esthe\Downloads\pepper 13\Pepp_1305_5_seven.mp4;C:\Users\esthe\Downloads\pepper 13\Pepp_1305_6_three.mp4;C:\Users\esthe\Downloads\pepper 13\Pepp_1305_7_one.mp4;C:\Users\esthe\Downloads\pepper 13\Pepp_1305_8_five.mp4;C:\Users\esthe\Downloads\pepper 13\Pepp_1305_9_three.mp4;C:\Users\esthe\Downloads\pepper 13\VID_20250513_075924.mp4;C:\Users\esthe\Downloads\pepper 13\VID_20250513_080113.mp4,0.0,7.567;7.699;6.266;6.058;9.627;13.820;6.897;7.797;8.327;8.335;6.494;8.857;2.241,30.000;30.000;30.000;120.000;120.000;30.000;30.000;240.000;120.000;30.000;30.000;120.000;120.000,Pepper,jaw movement,,,POINT,16.365,C:\Users\esthe\Downloads\pepper 13\Pepp_1305_12_five.mp4,33,NA,
Pepp_1305,2025-06-09 19:21:39.009,,87.845,Media file(s),player #1:C:\Users\esthe\Downloads\pepper 13\Pepp_1305_10_three.mp4;C:\Users\esthe\Downloads\pepper 13\Pepp_1305_11_three.mp4;C:\Users\esthe\Downloads\pepper 13\Pepp_1305_12_five.mp4;C:\Users\esthe\Downloads\pepper 13\Pepp_1305_15_seven.mp4;C:\Users\esthe\Downloads\pepper 13\Pepp_1305_16_seven.mp4;C:\Users\esthe\Downloads\pepper 13\Pepp_1305_4_five.mp4;C:\Users\esthe\Downloads\pepper 13\Pepp_1305_5_seven.mp4;C:\Users\esthe\Downloads\pepper 13\Pepp_1305_6_three.mp4;C:\Users\esthe\Downloads\pepper 13\Pepp_1305_7_one.mp4;C:\Users\esthe\Downloads\pepper 13\Pepp_1305_8_five.mp4;C:\Users\esthe\Downloads\pepper 13\Pepp_1305_9_three.mp4;C:\Users\esthe\Downloads\pepper 13\VID_20250513_075924.mp4;C:\Users\esthe\Downloads\pepper 13\VID_20250513_080113.mp4,0.0,7.567;7.699;6.266;6.058;9.627;13.820;6.897;7.797;8.327;8.335;6.494;8.857;2.241,30.000;30.000;30.000;120.000;120.000;30.000;30.000;240.000;120.000;30.000;30.000;120.000;120.000,Pepper,jaw movement,,,POINT,16.465,C:\Users\esthe\Downloads\pepper 13\Pepp_1305_12_five.mp4,36,NA,
Pepp_1305,2025-06-09 19:21:39.009,,87.845,Media file(s),player #1:C:\Users\esthe\Downloads\pepper 13\Pepp_1305_10_three.mp4;C:\Users\esthe\Downloads\pepper 13\Pepp_1305_11_three.mp4;C:\Users\esthe\Downloads\pepper 13\Pepp_1305_12_five.mp4;C:\Users\esthe\Downloads\pepper 13\Pepp_1305_15_seven.mp4;C:\Users\esthe\Downloads\pepper 13\Pepp_1305_16_seven.mp4;C:\Users\esthe\Downloads\pepper 13\Pepp_1305_4_five.mp4;C:\Users\esthe\Downloads\pepper 13\Pepp_1305_5_seven.mp4;C:\Users\esthe\Downloads\pepper 13\Pepp_1305_6_three.mp4;C:\Users\esthe\Downloads\pepper 13\Pepp_1305_7_one.mp4;C:\Users\esthe\Downloads\pepper 13\Pepp_1305_8_five.mp4;C:\Users\esthe\Downloads\pepper 13\Pepp_1305_9_three.mp4;C:\Users\esthe\Downloads\pepper 13\VID_20250513_075924.mp4;C:\Users\esthe\Downloads\pepper 13\VID_20250513_080113.mp4,0.0,7.567;7.699;6.266;6.058;9.627;13.820;6.897;7.797;8.327;8.335;6.494;8.857;2.241,30.000;30.000;30.000;120.000;120.000;30.000;30.000;240.000;120.000;30.000;30.000;120.000;120.000,Pepper,licking,,,POINT,16.631,C:\Users\esthe\Downloads\pepper 13\Pepp_1305_12_five.mp4,41,NA,
Pepp_1305,2025-06-09 19:21:39.009,,87.845,Media file(s),player #1:C:\Users\esthe\Downloads\pepper 13\Pepp_1305_10_three.mp4;C:\Users\esthe\Downloads\pepper 13\Pepp_1305_11_three.mp4;C:\Users\esthe\Downloads\pepper 13\Pepp_1305_12_five.mp4;C:\Users\esthe\Downloads\pepper 13\Pepp_1305_15_seven.mp4;C:\Users\esthe\Downloads\pepper 13\Pepp_1305_16_seven.mp4;C:\Users\esthe\Downloads\pepper 13\Pepp_1305_4_five.mp4;C:\Users\esthe\Downloads\pepper 13\Pepp_1305_5_seven.mp4;C:\Users\esthe\Downloads\pepper 13\Pepp_1305_6_three.mp4;C:\Users\esthe\Downloads\pepper 13\Pepp_1305_7_one.mp4;C:\Users\esthe\Downloads\pepper 13\Pepp_1305_8_five.mp4;C:\Users\esthe\Downloads\pepper 13\Pepp_1305_9_three.mp4;C:\Users\esthe\Downloads\pepper 13\VID_20250513_075924.mp4;C:\Users\esthe\Downloads\pepper 13\VID_20250513_080113.mp4,0.0,7.567;7.699;6.266;6.058;9.627;13.820;6.897;7.797;8.327;8.335;6.494;8.857;2.241,30.000;30.000;30.000;120.000;120.000;30.000;30.000;240.000;120.000;30.000;30.000;120.000;120.000,Pepper,jaw movement,,,POINT,16.831,C:\Users\esthe\Downloads\pepper 13\Pepp_1305_12_five.mp4,47,NA,
Pepp_1305,2025-06-09 19:21:39.009,,87.845,Media file(s),player #1:C:\Users\esthe\Downloads\pepper 13\Pepp_1305_10_three.mp4;C:\Users\esthe\Downloads\pepper 13\Pepp_1305_11_three.mp4;C:\Users\esthe\Downloads\pepper 13\Pepp_1305_12_five.mp4;C:\Users\esthe\Downloads\pepper 13\Pepp_1305_15_seven.mp4;C:\Users\esthe\Downloads\pepper 13\Pepp_1305_16_seven.mp4;C:\Users\esthe\Downloads\pepper 13\Pepp_1305_4_five.mp4;C:\Users\esthe\Downloads\pepper 13\Pepp_1305_5_seven.mp4;C:\Users\esthe\Downloads\pepper 13\Pepp_1305_6_three.mp4;C:\Users\esthe\Downloads\pepper 13\Pepp_1305_7_one.mp4;C:\Users\esthe\Downloads\pepper 13\Pepp_1305_8_five.mp4;C:\Users\esthe\Downloads\pepper 13\Pepp_1305_9_three.mp4;C:\Users\esthe\Downloads\pepper 13\VID_20250513_075924.mp4;C:\Users\esthe\Downloads\pepper 13\VID_20250513_080113.mp4,0.0,7.567;7.699;6.266;6.058;9.627;13.820;6.897;7.797;8.327;8.335;6.494;8.857;2.241,30.000;30.000;30.000;120.000;120.000;30.000;30.000;240.000;120.000;30.000;30.000;120.000;120.000,Pepper,mouth,,,POINT,17.065,C:\Users\esthe\Downloads\pepper 13\Pepp_1305_12_five.mp4,54,NA,
Pepp_1305,2025-06-09 19:21:39.009,,87.845,Media file(s),player #1:C:\Users\esthe\Downloads\pepper 13\Pepp_1305_10_three.mp4;C:\Users\esthe\Downloads\pepper 13\Pepp_1305_11_three.mp4;C:\Users\esthe\Downloads\pepper 13\Pepp_1305_12_five.mp4;C:\Users\esthe\Downloads\pepper 13\Pepp_1305_15_seven.mp4;C:\Users\esthe\Downloads\pepper 13\Pepp_1305_16_seven.mp4;C:\Users\esthe\Downloads\pepper 13\Pepp_1305_4_five.mp4;C:\Users\esthe\Downloads\pepper 13\Pepp_1305_5_seven.mp4;C:\Users\esthe\Downloads\pepper 13\Pepp_1305_6_three.mp4;C:\Users\esthe\Downloads\pepper 13\Pepp_1305_7_one.mp4;C:\Users\esthe\Downloads\pepper 13\Pepp_1305_8_five.mp4;C:\Users\esthe\Downloads\pepper 13\Pepp_1305_9_three.mp4;C:\Users\esthe\Downloads\pepper 13\VID_20250513_075924.mp4;C:\Users\esthe\Downloads\pepper 13\VID_20250513_080113.mp4,0.0,7.567;7.699;6.266;6.058;9.627;13.820;6.897;7.797;8.327;8.335;6.494;8.857;2.241,30.000;30.000;30.000;120.000;120.000;30.000;30.000;240.000;120.000;30.000;30.000;120.000;120.000,Pepper,assessing,,,STOP,17.098,C:\Users\esthe\Downloads\pepper 13\Pepp_1305_12_five.mp4,55,NA,
Pepp_1305,2025-06-09 19:21:39.009,,87.845,Media file(s),player #1:C:\Users\esthe\Downloads\pepper 13\Pepp_1305_10_three.mp4;C:\Users\esthe\Downloads\pepper 13\Pepp_1305_11_three.mp4;C:\Users\esthe\Downloads\pepper 13\Pepp_1305_12_five.mp4;C:\Users\esthe\Downloads\pepper 13\Pepp_1305_15_seven.mp4;C:\Users\esthe\Downloads\pepper 13\Pepp_1305_16_seven.mp4;C:\Users\esthe\Downloads\pepper 13\Pepp_1305_4_five.mp4;C:\Users\esthe\Downloads\pepper 13\Pepp_1305_5_seven.mp4;C:\Users\esthe\Downloads\pepper 13\Pepp_1305_6_three.mp4;C:\Users\esthe\Downloads\pepper 13\Pepp_1305_7_one.mp4;C:\Users\esthe\Downloads\pepper 13\Pepp_1305_8_five.mp4;C:\Users\esthe\Downloads\pepper 13\Pepp_1305_9_three.mp4;C:\Users\esthe\Downloads\pepper 13\VID_20250513_075924.mp4;C:\Users\esthe\Downloads\pepper 13\VID_20250513_080113.mp4,0.0,7.567;7.699;6.266;6.058;9.627;13.820;6.897;7.797;8.327;8.335;6.494;8.857;2.241,30.000;30.000;30.000;120.000;120.000;30.000;30.000;240.000;120.000;30.000;30.000;120.000;120.000,Pepper,target,,,START,17.331,C:\Users\esthe\Downloads\pepper 13\Pepp_1305_12_five.mp4,62,NA,
Pepp_1305,2025-06-09 19:21:39.009,,87.845,Media file(s),player #1:C:\Users\esthe\Downloads\pepper 13\Pepp_1305_10_three.mp4;C:\Users\esthe\Downloads\pepper 13\Pepp_1305_11_three.mp4;C:\Users\esthe\Downloads\pepper 13\Pepp_1305_12_five.mp4;C:\Users\esthe\Downloads\pepper 13\Pepp_1305_15_seven.mp4;C:\Users\esthe\Downloads\pepper 13\Pepp_1305_16_seven.mp4;C:\Users\esthe\Downloads\pepper 13\Pepp_1305_4_five.mp4;C:\Users\esthe\Downloads\pepper 13\Pepp_1305_5_seven.mp4;C:\Users\esthe\Downloads\pepper 13\Pepp_1305_6_three.mp4;C:\Users\esthe\Downloads\pepper 13\Pepp_1305_7_one.mp4;C:\Users\esthe\Downloads\pepper 13\Pepp_1305_8_five.mp4;C:\Users\esthe\Downloads\pepper 13\Pepp_1305_9_three.mp4;C:\Users\esthe\Downloads\pepper 13\VID_20250513_075924.mp4;C:\Users\esthe\Downloads\pepper 13\VID_20250513_080113.mp4,0.0,7.567;7.699;6.266;6.058;9.627;13.820;6.897;7.797;8.327;8.335;6.494;8.857;2.241,30.000;30.000;30.000;120.000;120.000;30.000;30.000;240.000;120.000;30.000;30.000;120.000;120.000,Pepper,target,,,STOP,21.517,C:\Users\esthe\Downloads\pepper 13\Pepp_1305_12_five.mp4,187,NA,
Pepp_1305,2025-06-09 19:21:39.009,,87.845,Media file(s),player #1:C:\Users\esthe\Downloads\pepper 13\Pepp_1305_10_three.mp4;C:\Users\esthe\Downloads\pepper 13\Pepp_1305_11_three.mp4;C:\Users\esthe\Downloads\pepper 13\Pepp_1305_12_five.mp4;C:\Users\esthe\Downloads\pepper 13\Pepp_1305_15_seven.mp4;C:\Users\esthe\Downloads\pepper 13\Pepp_1305_16_seven.mp4;C:\Users\esthe\Downloads\pepper 13\Pepp_1305_4_five.mp4;C:\Users\esthe\Downloads\pepper 13\Pepp_1305_5_seven.mp4;C:\Users\esthe\Downloads\pepper 13\Pepp_1305_6_three.mp4;C:\Users\esthe\Downloads\pepper 13\Pepp_1305_7_one.mp4;C:\Users\esthe\Downloads\pepper 13\Pepp_1305_8_five.mp4;C:\Users\esthe\Downloads\pepper 13\Pepp_1305_9_three.mp4;C:\Users\esthe\Downloads\pepper 13\VID_20250513_075924.mp4;C:\Users\esthe\Downloads\pepper 13\VID_20250513_080113.mp4,0.0,7.567;7.699;6.266;6.058;9.627;13.820;6.897;7.797;8.327;8.335;6.494;8.857;2.241,30.000;30.000;30.000;120.000;120.000;30.000;30.000;240.000;120.000;30.000;30.000;120.000;120.000,Pepper,bending,,,START,21.530,C:\Users\esthe\Downloads\pepper 13\Pepp_1305_12_five.mp4,0,NA,
Pepp_1305,2025-06-09 19:21:39.009,,87.845,Media file(s),player #1:C:\Users\esthe\Downloads\pepper 13\Pepp_1305_10_three.mp4;C:\Users\esthe\Downloads\pepper 13\Pepp_1305_11_three.mp4;C:\Users\esthe\Downloads\pepper 13\Pepp_1305_12_five.mp4;C:\Users\esthe\Downloads\pepper 13\Pepp_1305_15_seven.mp4;C:\Users\esthe\Downloads\pepper 13\Pepp_1305_16_seven.mp4;C:\Users\esthe\Downloads\pepper 13\Pepp_1305_4_five.mp4;C:\Users\esthe\Downloads\pepper 13\Pepp_1305_5_seven.mp4;C:\Users\esthe\Downloads\pepper 13\Pepp_1305_6_three.mp4;C:\Users\esthe\Downloads\pepper 13\Pepp_1305_7_one.mp4;C:\Users\esthe\Downloads\pepper 13\Pepp_1305_8_five.mp4;C:\Users\esthe\Downloads\pepper 13\Pepp_1305_9_three.mp4;C:\Users\esthe\Downloads\pepper 13\VID_20250513_075924.mp4;C:\Users\esthe\Downloads\pepper 13\VID_20250513_080113.mp4,0.0,7.567;7.699;6.266;6.058;9.627;13.820;6.897;7.797;8.327;8.335;6.494;8.857;2.241,30.000;30.000;30.000;120.000;120.000;30.000;30.000;240.000;120.000;30.000;30.000;120.000;120.000,Pepper,grabbing peanut,,,POINT,21.897,C:\Users\esthe\Downloads\pepper 13\Pepp_1305_15_seven.mp4,11,NA,
Pepp_1305,2025-06-09 19:21:39.009,,87.845,Media file(s),player #1:C:\Users\esthe\Downloads\pepper 13\Pepp_1305_10_three.mp4;C:\Users\esthe\Downloads\pepper 13\Pepp_1305_11_three.mp4;C:\Users\esthe\Downloads\pepper 13\Pepp_1305_12_five.mp4;C:\Users\esthe\Downloads\pepper 13\Pepp_1305_15_seven.mp4;C:\Users\esthe\Downloads\pepper 13\Pepp_1305_16_seven.mp4;C:\Users\esthe\Downloads\pepper 13\Pepp_1305_4_five.mp4;C:\Users\esthe\Downloads\pepper 13\Pepp_1305_5_seven.mp4;C:\Users\esthe\Downloads\pepper 13\Pepp_1305_6_three.mp4;C:\Users\esthe\Downloads\pepper 13\Pepp_1305_7_one.mp4;C:\Users\esthe\Downloads\pepper 13\Pepp_1305_8_five.mp4;C:\Users\esthe\Downloads\pepper 13\Pepp_1305_9_three.mp4;C:\Users\esthe\Downloads\pepper 13\VID_20250513_075924.mp4;C:\Users\esthe\Downloads\pepper 13\VID_20250513_080113.mp4,0.0,7.567;7.699;6.266;6.058;9.627;13.820;6.897;7.797;8.327;8.335;6.494;8.857;2.241,30.000;30.000;30.000;120.000;120.000;30.000;30.000;240.000;120.000;30.000;30.000;120.000;120.000,Pepper,bending,,,STOP,22.097,C:\Users\esthe\Downloads\pepper 13\Pepp_1305_15_seven.mp4,17,NA,
Pepp_1305,2025-06-09 19:21:39.009,,87.845,Media file(s),player #1:C:\Users\esthe\Downloads\pepper 13\Pepp_1305_10_three.mp4;C:\Users\esthe\Downloads\pepper 13\Pepp_1305_11_three.mp4;C:\Users\esthe\Downloads\pepper 13\Pepp_1305_12_five.mp4;C:\Users\esthe\Downloads\pepper 13\Pepp_1305_15_seven.mp4;C:\Users\esthe\Downloads\pepper 13\Pepp_1305_16_seven.mp4;C:\Users\esthe\Downloads\pepper 13\Pepp_1305_4_five.mp4;C:\Users\esthe\Downloads\pepper 13\Pepp_1305_5_seven.mp4;C:\Users\esthe\Downloads\pepper 13\Pepp_1305_6_three.mp4;C:\Users\esthe\Downloads\pepper 13\Pepp_1305_7_one.mp4;C:\Users\esthe\Downloads\pepper 13\Pepp_1305_8_five.mp4;C:\Users\esthe\Downloads\pepper 13\Pepp_1305_9_three.mp4;C:\Users\esthe\Downloads\pepper 13\VID_20250513_075924.mp4;C:\Users\esthe\Downloads\pepper 13\VID_20250513_080113.mp4,0.0,7.567;7.699;6.266;6.058;9.627;13.820;6.897;7.797;8.327;8.335;6.494;8.857;2.241,30.000;30.000;30.000;120.000;120.000;30.000;30.000;240.000;120.000;30.000;30.000;120.000;120.000,Pepper,lifting,,,START,22.130,C:\Users\esthe\Downloads\pepper 13\Pepp_1305_15_seven.mp4,18,NA,
Pepp_1305,2025-06-09 19:21:39.009,,87.845,Media file(s),player #1:C:\Users\esthe\Downloads\pepper 13\Pepp_1305_10_three.mp4;C:\Users\esthe\Downloads\pepper 13\Pepp_1305_11_three.mp4;C:\Users\esthe\Downloads\pepper 13\Pepp_1305_12_five.mp4;C:\Users\esthe\Downloads\pepper 13\Pepp_1305_15_seven.mp4;C:\Users\esthe\Downloads\pepper 13\Pepp_1305_16_seven.mp4;C:\Users\esthe\Downloads\pepper 13\Pepp_1305_4_five.mp4;C:\Users\esthe\Downloads\pepper 13\Pepp_1305_5_seven.mp4;C:\Users\esthe\Downloads\pepper 13\Pepp_1305_6_three.mp4;C:\Users\esthe\Downloads\pepper 13\Pepp_1305_7_one.mp4;C:\Users\esthe\Downloads\pepper 13\Pepp_1305_8_five.mp4;C:\Users\esthe\Downloads\pepper 13\Pepp_1305_9_three.mp4;C:\Users\esthe\Downloads\pepper 13\VID_20250513_075924.mp4;C:\Users\esthe\Downloads\pepper 13\VID_20250513_080113.mp4,0.0,7.567;7.699;6.266;6.058;9.627;13.820;6.897;7.797;8.327;8.335;6.494;8.857;2.241,30.000;30.000;30.000;120.000;120.000;30.000;30.000;240.000;120.000;30.000;30.000;120.000;120.000,Pepper,lifting,,,STOP,22.296,C:\Users\esthe\Downloads\pepper 13\Pepp_1305_15_seven.mp4,23,NA,
Pepp_1305,2025-06-09 19:21:39.009,,87.845,Media file(s),player #1:C:\Users\esthe\Downloads\pepper 13\Pepp_1305_10_three.mp4;C:\Users\esthe\Downloads\pepper 13\Pepp_1305_11_three.mp4;C:\Users\esthe\Downloads\pepper 13\Pepp_1305_12_five.mp4;C:\Users\esthe\Downloads\pepper 13\Pepp_1305_15_seven.mp4;C:\Users\esthe\Downloads\pepper 13\Pepp_1305_16_seven.mp4;C:\Users\esthe\Downloads\pepper 13\Pepp_1305_4_five.mp4;C:\Users\esthe\Downloads\pepper 13\Pepp_1305_5_seven.mp4;C:\Users\esthe\Downloads\pepper 13\Pepp_1305_6_three.mp4;C:\Users\esthe\Downloads\pepper 13\Pepp_1305_7_one.mp4;C:\Users\esthe\Downloads\pepper 13\Pepp_1305_8_five.mp4;C:\Users\esthe\Downloads\pepper 13\Pepp_1305_9_three.mp4;C:\Users\esthe\Downloads\pepper 13\VID_20250513_075924.mp4;C:\Users\esthe\Downloads\pepper 13\VID_20250513_080113.mp4,0.0,7.567;7.699;6.266;6.058;9.627;13.820;6.897;7.797;8.327;8.335;6.494;8.857;2.241,30.000;30.000;30.000;120.000;120.000;30.000;30.000;240.000;120.000;30.000;30.000;120.000;120.000,Pepper,assessing,,,START,22.462,C:\Users\esthe\Downloads\pepper 13\Pepp_1305_15_seven.mp4,28,NA,
Pepp_1305,2025-06-09 19:21:39.009,,87.845,Media file(s),player #1:C:\Users\esthe\Downloads\pepper 13\Pepp_1305_10_three.mp4;C:\Users\esthe\Downloads\pepper 13\Pepp_1305_11_three.mp4;C:\Users\esthe\Downloads\pepper 13\Pepp_1305_12_five.mp4;C:\Users\esthe\Downloads\pepper 13\Pepp_1305_15_seven.mp4;C:\Users\esthe\Downloads\pepper 13\Pepp_1305_16_seven.mp4;C:\Users\esthe\Downloads\pepper 13\Pepp_1305_4_five.mp4;C:\Users\esthe\Downloads\pepper 13\Pepp_1305_5_seven.mp4;C:\Users\esthe\Downloads\pepper 13\Pepp_1305_6_three.mp4;C:\Users\esthe\Downloads\pepper 13\Pepp_1305_7_one.mp4;C:\Users\esthe\Downloads\pepper 13\Pepp_1305_8_five.mp4;C:\Users\esthe\Downloads\pepper 13\Pepp_1305_9_three.mp4;C:\Users\esthe\Downloads\pepper 13\VID_20250513_075924.mp4;C:\Users\esthe\Downloads\pepper 13\VID_20250513_080113.mp4,0.0,7.567;7.699;6.266;6.058;9.627;13.820;6.897;7.797;8.327;8.335;6.494;8.857;2.241,30.000;30.000;30.000;120.000;120.000;30.000;30.000;240.000;120.000;30.000;30.000;120.000;120.000,Pepper,jaw movement,,,POINT,22.528,C:\Users\esthe\Downloads\pepper 13\Pepp_1305_15_seven.mp4,30,NA,
Pepp_1305,2025-06-09 19:21:39.009,,87.845,Media file(s),player #1:C:\Users\esthe\Downloads\pepper 13\Pepp_1305_10_three.mp4;C:\Users\esthe\Downloads\pepper 13\Pepp_1305_11_three.mp4;C:\Users\esthe\Downloads\pepper 13\Pepp_1305_12_five.mp4;C:\Users\esthe\Downloads\pepper 13\Pepp_1305_15_seven.mp4;C:\Users\esthe\Downloads\pepper 13\Pepp_1305_16_seven.mp4;C:\Users\esthe\Downloads\pepper 13\Pepp_1305_4_five.mp4;C:\Users\esthe\Downloads\pepper 13\Pepp_1305_5_seven.mp4;C:\Users\esthe\Downloads\pepper 13\Pepp_1305_6_three.mp4;C:\Users\esthe\Downloads\pepper 13\Pepp_1305_7_one.mp4;C:\Users\esthe\Downloads\pepper 13\Pepp_1305_8_five.mp4;C:\Users\esthe\Downloads\pepper 13\Pepp_1305_9_three.mp4;C:\Users\esthe\Downloads\pepper 13\VID_20250513_075924.mp4;C:\Users\esthe\Downloads\pepper 13\VID_20250513_080113.mp4,0.0,7.567;7.699;6.266;6.058;9.627;13.820;6.897;7.797;8.327;8.335;6.494;8.857;2.241,30.000;30.000;30.000;120.000;120.000;30.000;30.000;240.000;120.000;30.000;30.000;120.000;120.000,Pepper,licking,,,POINT,22.719,C:\Users\esthe\Downloads\pepper 13\Pepp_1305_15_seven.mp4,36,NA,
Pepp_1305,2025-06-09 19:21:39.009,,87.845,Media file(s),player #1:C:\Users\esthe\Downloads\pepper 13\Pepp_1305_10_three.mp4;C:\Users\esthe\Downloads\pepper 13\Pepp_1305_11_three.mp4;C:\Users\esthe\Downloads\pepper 13\Pepp_1305_12_five.mp4;C:\Users\esthe\Downloads\pepper 13\Pepp_1305_15_seven.mp4;C:\Users\esthe\Downloads\pepper 13\Pepp_1305_16_seven.mp4;C:\Users\esthe\Downloads\pepper 13\Pepp_1305_4_five.mp4;C:\Users\esthe\Downloads\pepper 13\Pepp_1305_5_seven.mp4;C:\Users\esthe\Downloads\pepper 13\Pepp_1305_6_three.mp4;C:\Users\esthe\Downloads\pepper 13\Pepp_1305_7_one.mp4;C:\Users\esthe\Downloads\pepper 13\Pepp_1305_8_five.mp4;C:\Users\esthe\Downloads\pepper 13\Pepp_1305_9_three.mp4;C:\Users\esthe\Downloads\pepper 13\VID_20250513_075924.mp4;C:\Users\esthe\Downloads\pepper 13\VID_20250513_080113.mp4,0.0,7.567;7.699;6.266;6.058;9.627;13.820;6.897;7.797;8.327;8.335;6.494;8.857;2.241,30.000;30.000;30.000;120.000;120.000;30.000;30.000;240.000;120.000;30.000;30.000;120.000;120.000,Pepper,licking,,,POINT,23.120,C:\Users\esthe\Downloads\pepper 13\Pepp_1305_15_seven.mp4,48,NA,
Pepp_1305,2025-06-09 19:21:39.009,,87.845,Media file(s),player #1:C:\Users\esthe\Downloads\pepper 13\Pepp_1305_10_three.mp4;C:\Users\esthe\Downloads\pepper 13\Pepp_1305_11_three.mp4;C:\Users\esthe\Downloads\pepper 13\Pepp_1305_12_five.mp4;C:\Users\esthe\Downloads\pepper 13\Pepp_1305_15_seven.mp4;C:\Users\esthe\Downloads\pepper 13\Pepp_1305_16_seven.mp4;C:\Users\esthe\Downloads\pepper 13\Pepp_1305_4_five.mp4;C:\Users\esthe\Downloads\pepper 13\Pepp_1305_5_seven.mp4;C:\Users\esthe\Downloads\pepper 13\Pepp_1305_6_three.mp4;C:\Users\esthe\Downloads\pepper 13\Pepp_1305_7_one.mp4;C:\Users\esthe\Downloads\pepper 13\Pepp_1305_8_five.mp4;C:\Users\esthe\Downloads\pepper 13\Pepp_1305_9_three.mp4;C:\Users\esthe\Downloads\pepper 13\VID_20250513_075924.mp4;C:\Users\esthe\Downloads\pepper 13\VID_20250513_080113.mp4,0.0,7.567;7.699;6.266;6.058;9.627;13.820;6.897;7.797;8.327;8.335;6.494;8.857;2.241,30.000;30.000;30.000;120.000;120.000;30.000;30.000;240.000;120.000;30.000;30.000;120.000;120.000,Pepper,sniffing,,,POINT,23.553,C:\Users\esthe\Downloads\pepper 13\Pepp_1305_15_seven.mp4,61,NA,
Pepp_1305,2025-06-09 19:21:39.009,,87.845,Media file(s),player #1:C:\Users\esthe\Downloads\pepper 13\Pepp_1305_10_three.mp4;C:\Users\esthe\Downloads\pepper 13\Pepp_1305_11_three.mp4;C:\Users\esthe\Downloads\pepper 13\Pepp_1305_12_five.mp4;C:\Users\esthe\Downloads\pepper 13\Pepp_1305_15_seven.mp4;C:\Users\esthe\Downloads\pepper 13\Pepp_1305_16_seven.mp4;C:\Users\esthe\Downloads\pepper 13\Pepp_1305_4_five.mp4;C:\Users\esthe\Downloads\pepper 13\Pepp_1305_5_seven.mp4;C:\Users\esthe\Downloads\pepper 13\Pepp_1305_6_three.mp4;C:\Users\esthe\Downloads\pepper 13\Pepp_1305_7_one.mp4;C:\Users\esthe\Downloads\pepper 13\Pepp_1305_8_five.mp4;C:\Users\esthe\Downloads\pepper 13\Pepp_1305_9_three.mp4;C:\Users\esthe\Downloads\pepper 13\VID_20250513_075924.mp4;C:\Users\esthe\Downloads\pepper 13\VID_20250513_080113.mp4,0.0,7.567;7.699;6.266;6.058;9.627;13.820;6.897;7.797;8.327;8.335;6.494;8.857;2.241,30.000;30.000;30.000;120.000;120.000;30.000;30.000;240.000;120.000;30.000;30.000;120.000;120.000,Pepper,ear clapping,,,POINT,23.586,C:\Users\esthe\Downloads\pepper 13\Pepp_1305_15_seven.mp4,62,NA,
Pepp_1305,2025-06-09 19:21:39.009,,87.845,Media file(s),player #1:C:\Users\esthe\Downloads\pepper 13\Pepp_1305_10_three.mp4;C:\Users\esthe\Downloads\pepper 13\Pepp_1305_11_three.mp4;C:\Users\esthe\Downloads\pepper 13\Pepp_1305_12_five.mp4;C:\Users\esthe\Downloads\pepper 13\Pepp_1305_15_seven.mp4;C:\Users\esthe\Downloads\pepper 13\Pepp_1305_16_seven.mp4;C:\Users\esthe\Downloads\pepper 13\Pepp_1305_4_five.mp4;C:\Users\esthe\Downloads\pepper 13\Pepp_1305_5_seven.mp4;C:\Users\esthe\Downloads\pepper 13\Pepp_1305_6_three.mp4;C:\Users\esthe\Downloads\pepper 13\Pepp_1305_7_one.mp4;C:\Users\esthe\Downloads\pepper 13\Pepp_1305_8_five.mp4;C:\Users\esthe\Downloads\pepper 13\Pepp_1305_9_three.mp4;C:\Users\esthe\Downloads\pepper 13\VID_20250513_075924.mp4;C:\Users\esthe\Downloads\pepper 13\VID_20250513_080113.mp4,0.0,7.567;7.699;6.266;6.058;9.627;13.820;6.897;7.797;8.327;8.335;6.494;8.857;2.241,30.000;30.000;30.000;120.000;120.000;30.000;30.000;240.000;120.000;30.000;30.000;120.000;120.000,Pepper,jaw movement,,,POINT,23.953,C:\Users\esthe\Downloads\pepper 13\Pepp_1305_15_seven.mp4,73,NA,
Pepp_1305,2025-06-09 19:21:39.009,,87.845,Media file(s),player #1:C:\Users\esthe\Downloads\pepper 13\Pepp_1305_10_three.mp4;C:\Users\esthe\Downloads\pepper 13\Pepp_1305_11_three.mp4;C:\Users\esthe\Downloads\pepper 13\Pepp_1305_12_five.mp4;C:\Users\esthe\Downloads\pepper 13\Pepp_1305_15_seven.mp4;C:\Users\esthe\Downloads\pepper 13\Pepp_1305_16_seven.mp4;C:\Users\esthe\Downloads\pepper 13\Pepp_1305_4_five.mp4;C:\Users\esthe\Downloads\pepper 13\Pepp_1305_5_seven.mp4;C:\Users\esthe\Downloads\pepper 13\Pepp_1305_6_three.mp4;C:\Users\esthe\Downloads\pepper 13\Pepp_1305_7_one.mp4;C:\Users\esthe\Downloads\pepper 13\Pepp_1305_8_five.mp4;C:\Users\esthe\Downloads\pepper 13\Pepp_1305_9_three.mp4;C:\Users\esthe\Downloads\pepper 13\VID_20250513_075924.mp4;C:\Users\esthe\Downloads\pepper 13\VID_20250513_080113.mp4,0.0,7.567;7.699;6.266;6.058;9.627;13.820;6.897;7.797;8.327;8.335;6.494;8.857;2.241,30.000;30.000;30.000;120.000;120.000;30.000;30.000;240.000;120.000;30.000;30.000;120.000;120.000,Pepper,jaw movement,,,POINT,24.153,C:\Users\esthe\Downloads\pepper 13\Pepp_1305_15_seven.mp4,79,NA,
Pepp_1305,2025-06-09 19:21:39.009,,87.845,Media file(s),player #1:C:\Users\esthe\Downloads\pepper 13\Pepp_1305_10_three.mp4;C:\Users\esthe\Downloads\pepper 13\Pepp_1305_11_three.mp4;C:\Users\esthe\Downloads\pepper 13\Pepp_1305_12_five.mp4;C:\Users\esthe\Downloads\pepper 13\Pepp_1305_15_seven.mp4;C:\Users\esthe\Downloads\pepper 13\Pepp_1305_16_seven.mp4;C:\Users\esthe\Downloads\pepper 13\Pepp_1305_4_five.mp4;C:\Users\esthe\Downloads\pepper 13\Pepp_1305_5_seven.mp4;C:\Users\esthe\Downloads\pepper 13\Pepp_1305_6_three.mp4;C:\Users\esthe\Downloads\pepper 13\Pepp_1305_7_one.mp4;C:\Users\esthe\Downloads\pepper 13\Pepp_1305_8_five.mp4;C:\Users\esthe\Downloads\pepper 13\Pepp_1305_9_three.mp4;C:\Users\esthe\Downloads\pepper 13\VID_20250513_075924.mp4;C:\Users\esthe\Downloads\pepper 13\VID_20250513_080113.mp4,0.0,7.567;7.699;6.266;6.058;9.627;13.820;6.897;7.797;8.327;8.335;6.494;8.857;2.241,30.000;30.000;30.000;120.000;120.000;30.000;30.000;240.000;120.000;30.000;30.000;120.000;120.000,Pepper,rotation,,Horizontal,START,24.187,C:\Users\esthe\Downloads\pepper 13\Pepp_1305_15_seven.mp4,80,NA,
Pepp_1305,2025-06-09 19:21:39.009,,87.845,Media file(s),player #1:C:\Users\esthe\Downloads\pepper 13\Pepp_1305_10_three.mp4;C:\Users\esthe\Downloads\pepper 13\Pepp_1305_11_three.mp4;C:\Users\esthe\Downloads\pepper 13\Pepp_1305_12_five.mp4;C:\Users\esthe\Downloads\pepper 13\Pepp_1305_15_seven.mp4;C:\Users\esthe\Downloads\pepper 13\Pepp_1305_16_seven.mp4;C:\Users\esthe\Downloads\pepper 13\Pepp_1305_4_five.mp4;C:\Users\esthe\Downloads\pepper 13\Pepp_1305_5_seven.mp4;C:\Users\esthe\Downloads\pepper 13\Pepp_1305_6_three.mp4;C:\Users\esthe\Downloads\pepper 13\Pepp_1305_7_one.mp4;C:\Users\esthe\Downloads\pepper 13\Pepp_1305_8_five.mp4;C:\Users\esthe\Downloads\pepper 13\Pepp_1305_9_three.mp4;C:\Users\esthe\Downloads\pepper 13\VID_20250513_075924.mp4;C:\Users\esthe\Downloads\pepper 13\VID_20250513_080113.mp4,0.0,7.567;7.699;6.266;6.058;9.627;13.820;6.897;7.797;8.327;8.335;6.494;8.857;2.241,30.000;30.000;30.000;120.000;120.000;30.000;30.000;240.000;120.000;30.000;30.000;120.000;120.000,Pepper,rotation,,Horizontal,STOP,24.353,C:\Users\esthe\Downloads\pepper 13\Pepp_1305_15_seven.mp4,85,NA,
Pepp_1305,2025-06-09 19:21:39.009,,87.845,Media file(s),player #1:C:\Users\esthe\Downloads\pepper 13\Pepp_1305_10_three.mp4;C:\Users\esthe\Downloads\pepper 13\Pepp_1305_11_three.mp4;C:\Users\esthe\Downloads\pepper 13\Pepp_1305_12_five.mp4;C:\Users\esthe\Downloads\pepper 13\Pepp_1305_15_seven.mp4;C:\Users\esthe\Downloads\pepper 13\Pepp_1305_16_seven.mp4;C:\Users\esthe\Downloads\pepper 13\Pepp_1305_4_five.mp4;C:\Users\esthe\Downloads\pepper 13\Pepp_1305_5_seven.mp4;C:\Users\esthe\Downloads\pepper 13\Pepp_1305_6_three.mp4;C:\Users\esthe\Downloads\pepper 13\Pepp_1305_7_one.mp4;C:\Users\esthe\Downloads\pepper 13\Pepp_1305_8_five.mp4;C:\Users\esthe\Downloads\pepper 13\Pepp_1305_9_three.mp4;C:\Users\esthe\Downloads\pepper 13\VID_20250513_075924.mp4;C:\Users\esthe\Downloads\pepper 13\VID_20250513_080113.mp4,0.0,7.567;7.699;6.266;6.058;9.627;13.820;6.897;7.797;8.327;8.335;6.494;8.857;2.241,30.000;30.000;30.000;120.000;120.000;30.000;30.000;240.000;120.000;30.000;30.000;120.000;120.000,Pepper,teeth-hole contact,,,POINT,24.387,C:\Users\esthe\Downloads\pepper 13\Pepp_1305_15_seven.mp4,86,NA,
Pepp_1305,2025-06-09 19:21:39.009,,87.845,Media file(s),player #1:C:\Users\esthe\Downloads\pepper 13\Pepp_1305_10_three.mp4;C:\Users\esthe\Downloads\pepper 13\Pepp_1305_11_three.mp4;C:\Users\esthe\Downloads\pepper 13\Pepp_1305_12_five.mp4;C:\Users\esthe\Downloads\pepper 13\Pepp_1305_15_seven.mp4;C:\Users\esthe\Downloads\pepper 13\Pepp_1305_16_seven.mp4;C:\Users\esthe\Downloads\pepper 13\Pepp_1305_4_five.mp4;C:\Users\esthe\Downloads\pepper 13\Pepp_1305_5_seven.mp4;C:\Users\esthe\Downloads\pepper 13\Pepp_1305_6_three.mp4;C:\Users\esthe\Downloads\pepper 13\Pepp_1305_7_one.mp4;C:\Users\esthe\Downloads\pepper 13\Pepp_1305_8_five.mp4;C:\Users\esthe\Downloads\pepper 13\Pepp_1305_9_three.mp4;C:\Users\esthe\Downloads\pepper 13\VID_20250513_075924.mp4;C:\Users\esthe\Downloads\pepper 13\VID_20250513_080113.mp4,0.0,7.567;7.699;6.266;6.058;9.627;13.820;6.897;7.797;8.327;8.335;6.494;8.857;2.241,30.000;30.000;30.000;120.000;120.000;30.000;30.000;240.000;120.000;30.000;30.000;120.000;120.000,Pepper,rotation,,Horizontal,START,24.420,C:\Users\esthe\Downloads\pepper 13\Pepp_1305_15_seven.mp4,87,NA,
Pepp_1305,2025-06-09 19:21:39.009,,87.845,Media file(s),player #1:C:\Users\esthe\Downloads\pepper 13\Pepp_1305_10_three.mp4;C:\Users\esthe\Downloads\pepper 13\Pepp_1305_11_three.mp4;C:\Users\esthe\Downloads\pepper 13\Pepp_1305_12_five.mp4;C:\Users\esthe\Downloads\pepper 13\Pepp_1305_15_seven.mp4;C:\Users\esthe\Downloads\pepper 13\Pepp_1305_16_seven.mp4;C:\Users\esthe\Downloads\pepper 13\Pepp_1305_4_five.mp4;C:\Users\esthe\Downloads\pepper 13\Pepp_1305_5_seven.mp4;C:\Users\esthe\Downloads\pepper 13\Pepp_1305_6_three.mp4;C:\Users\esthe\Downloads\pepper 13\Pepp_1305_7_one.mp4;C:\Users\esthe\Downloads\pepper 13\Pepp_1305_8_five.mp4;C:\Users\esthe\Downloads\pepper 13\Pepp_1305_9_three.mp4;C:\Users\esthe\Downloads\pepper 13\VID_20250513_075924.mp4;C:\Users\esthe\Downloads\pepper 13\VID_20250513_080113.mp4,0.0,7.567;7.699;6.266;6.058;9.627;13.820;6.897;7.797;8.327;8.335;6.494;8.857;2.241,30.000;30.000;30.000;120.000;120.000;30.000;30.000;240.000;120.000;30.000;30.000;120.000;120.000,Pepper,rotation,,Horizontal,STOP,24.687,C:\Users\esthe\Downloads\pepper 13\Pepp_1305_15_seven.mp4,95,NA,
Pepp_1305,2025-06-09 19:21:39.009,,87.845,Media file(s),player #1:C:\Users\esthe\Downloads\pepper 13\Pepp_1305_10_three.mp4;C:\Users\esthe\Downloads\pepper 13\Pepp_1305_11_three.mp4;C:\Users\esthe\Downloads\pepper 13\Pepp_1305_12_five.mp4;C:\Users\esthe\Downloads\pepper 13\Pepp_1305_15_seven.mp4;C:\Users\esthe\Downloads\pepper 13\Pepp_1305_16_seven.mp4;C:\Users\esthe\Downloads\pepper 13\Pepp_1305_4_five.mp4;C:\Users\esthe\Downloads\pepper 13\Pepp_1305_5_seven.mp4;C:\Users\esthe\Downloads\pepper 13\Pepp_1305_6_three.mp4;C:\Users\esthe\Downloads\pepper 13\Pepp_1305_7_one.mp4;C:\Users\esthe\Downloads\pepper 13\Pepp_1305_8_five.mp4;C:\Users\esthe\Downloads\pepper 13\Pepp_1305_9_three.mp4;C:\Users\esthe\Downloads\pepper 13\VID_20250513_075924.mp4;C:\Users\esthe\Downloads\pepper 13\VID_20250513_080113.mp4,0.0,7.567;7.699;6.266;6.058;9.627;13.820;6.897;7.797;8.327;8.335;6.494;8.857;2.241,30.000;30.000;30.000;120.000;120.000;30.000;30.000;240.000;120.000;30.000;30.000;120.000;120.000,Pepper,teeth-hole contact,,,POINT,24.720,C:\Users\esthe\Downloads\pepper 13\Pepp_1305_15_seven.mp4,96,NA,
Pepp_1305,2025-06-09 19:21:39.009,,87.845,Media file(s),player #1:C:\Users\esthe\Downloads\pepper 13\Pepp_1305_10_three.mp4;C:\Users\esthe\Downloads\pepper 13\Pepp_1305_11_three.mp4;C:\Users\esthe\Downloads\pepper 13\Pepp_1305_12_five.mp4;C:\Users\esthe\Downloads\pepper 13\Pepp_1305_15_seven.mp4;C:\Users\esthe\Downloads\pepper 13\Pepp_1305_16_seven.mp4;C:\Users\esthe\Downloads\pepper 13\Pepp_1305_4_five.mp4;C:\Users\esthe\Downloads\pepper 13\Pepp_1305_5_seven.mp4;C:\Users\esthe\Downloads\pepper 13\Pepp_1305_6_three.mp4;C:\Users\esthe\Downloads\pepper 13\Pepp_1305_7_one.mp4;C:\Users\esthe\Downloads\pepper 13\Pepp_1305_8_five.mp4;C:\Users\esthe\Downloads\pepper 13\Pepp_1305_9_three.mp4;C:\Users\esthe\Downloads\pepper 13\VID_20250513_075924.mp4;C:\Users\esthe\Downloads\pepper 13\VID_20250513_080113.mp4,0.0,7.567;7.699;6.266;6.058;9.627;13.820;6.897;7.797;8.327;8.335;6.494;8.857;2.241,30.000;30.000;30.000;120.000;120.000;30.000;30.000;240.000;120.000;30.000;30.000;120.000;120.000,Pepper,teeth-hole contact,,,POINT,25.120,C:\Users\esthe\Downloads\pepper 13\Pepp_1305_15_seven.mp4,108,NA,
Pepp_1305,2025-06-09 19:21:39.009,,87.845,Media file(s),player #1:C:\Users\esthe\Downloads\pepper 13\Pepp_1305_10_three.mp4;C:\Users\esthe\Downloads\pepper 13\Pepp_1305_11_three.mp4;C:\Users\esthe\Downloads\pepper 13\Pepp_1305_12_five.mp4;C:\Users\esthe\Downloads\pepper 13\Pepp_1305_15_seven.mp4;C:\Users\esthe\Downloads\pepper 13\Pepp_1305_16_seven.mp4;C:\Users\esthe\Downloads\pepper 13\Pepp_1305_4_five.mp4;C:\Users\esthe\Downloads\pepper 13\Pepp_1305_5_seven.mp4;C:\Users\esthe\Downloads\pepper 13\Pepp_1305_6_three.mp4;C:\Users\esthe\Downloads\pepper 13\Pepp_1305_7_one.mp4;C:\Users\esthe\Downloads\pepper 13\Pepp_1305_8_five.mp4;C:\Users\esthe\Downloads\pepper 13\Pepp_1305_9_three.mp4;C:\Users\esthe\Downloads\pepper 13\VID_20250513_075924.mp4;C:\Users\esthe\Downloads\pepper 13\VID_20250513_080113.mp4,0.0,7.567;7.699;6.266;6.058;9.627;13.820;6.897;7.797;8.327;8.335;6.494;8.857;2.241,30.000;30.000;30.000;120.000;120.000;30.000;30.000;240.000;120.000;30.000;30.000;120.000;120.000,Pepper,ear clapping,,,POINT,25.187,C:\Users\esthe\Downloads\pepper 13\Pepp_1305_15_seven.mp4,110,NA,
Pepp_1305,2025-06-09 19:21:39.009,,87.845,Media file(s),player #1:C:\Users\esthe\Downloads\pepper 13\Pepp_1305_10_three.mp4;C:\Users\esthe\Downloads\pepper 13\Pepp_1305_11_three.mp4;C:\Users\esthe\Downloads\pepper 13\Pepp_1305_12_five.mp4;C:\Users\esthe\Downloads\pepper 13\Pepp_1305_15_seven.mp4;C:\Users\esthe\Downloads\pepper 13\Pepp_1305_16_seven.mp4;C:\Users\esthe\Downloads\pepper 13\Pepp_1305_4_five.mp4;C:\Users\esthe\Downloads\pepper 13\Pepp_1305_5_seven.mp4;C:\Users\esthe\Downloads\pepper 13\Pepp_1305_6_three.mp4;C:\Users\esthe\Downloads\pepper 13\Pepp_1305_7_one.mp4;C:\Users\esthe\Downloads\pepper 13\Pepp_1305_8_five.mp4;C:\Users\esthe\Downloads\pepper 13\Pepp_1305_9_three.mp4;C:\Users\esthe\Downloads\pepper 13\VID_20250513_075924.mp4;C:\Users\esthe\Downloads\pepper 13\VID_20250513_080113.mp4,0.0,7.567;7.699;6.266;6.058;9.627;13.820;6.897;7.797;8.327;8.335;6.494;8.857;2.241,30.000;30.000;30.000;120.000;120.000;30.000;30.000;240.000;120.000;30.000;30.000;120.000;120.000,Pepper,jaw movement,,,POINT,25.187,C:\Users\esthe\Downloads\pepper 13\Pepp_1305_15_seven.mp4,111,NA,
Pepp_1305,2025-06-09 19:21:39.009,,87.845,Media file(s),player #1:C:\Users\esthe\Downloads\pepper 13\Pepp_1305_10_three.mp4;C:\Users\esthe\Downloads\pepper 13\Pepp_1305_11_three.mp4;C:\Users\esthe\Downloads\pepper 13\Pepp_1305_12_five.mp4;C:\Users\esthe\Downloads\pepper 13\Pepp_1305_15_seven.mp4;C:\Users\esthe\Downloads\pepper 13\Pepp_1305_16_seven.mp4;C:\Users\esthe\Downloads\pepper 13\Pepp_1305_4_five.mp4;C:\Users\esthe\Downloads\pepper 13\Pepp_1305_5_seven.mp4;C:\Users\esthe\Downloads\pepper 13\Pepp_1305_6_three.mp4;C:\Users\esthe\Downloads\pepper 13\Pepp_1305_7_one.mp4;C:\Users\esthe\Downloads\pepper 13\Pepp_1305_8_five.mp4;C:\Users\esthe\Downloads\pepper 13\Pepp_1305_9_three.mp4;C:\Users\esthe\Downloads\pepper 13\VID_20250513_075924.mp4;C:\Users\esthe\Downloads\pepper 13\VID_20250513_080113.mp4,0.0,7.567;7.699;6.266;6.058;9.627;13.820;6.897;7.797;8.327;8.335;6.494;8.857;2.241,30.000;30.000;30.000;120.000;120.000;30.000;30.000;240.000;120.000;30.000;30.000;120.000;120.000,Pepper,ear clapping,,,POINT,25.287,C:\Users\esthe\Downloads\pepper 13\Pepp_1305_15_seven.mp4,113,NA,
Pepp_1305,2025-06-09 19:21:39.009,,87.845,Media file(s),player #1:C:\Users\esthe\Downloads\pepper 13\Pepp_1305_10_three.mp4;C:\Users\esthe\Downloads\pepper 13\Pepp_1305_11_three.mp4;C:\Users\esthe\Downloads\pepper 13\Pepp_1305_12_five.mp4;C:\Users\esthe\Downloads\pepper 13\Pepp_1305_15_seven.mp4;C:\Users\esthe\Downloads\pepper 13\Pepp_1305_16_seven.mp4;C:\Users\esthe\Downloads\pepper 13\Pepp_1305_4_five.mp4;C:\Users\esthe\Downloads\pepper 13\Pepp_1305_5_seven.mp4;C:\Users\esthe\Downloads\pepper 13\Pepp_1305_6_three.mp4;C:\Users\esthe\Downloads\pepper 13\Pepp_1305_7_one.mp4;C:\Users\esthe\Downloads\pepper 13\Pepp_1305_8_five.mp4;C:\Users\esthe\Downloads\pepper 13\Pepp_1305_9_three.mp4;C:\Users\esthe\Downloads\pepper 13\VID_20250513_075924.mp4;C:\Users\esthe\Downloads\pepper 13\VID_20250513_080113.mp4,0.0,7.567;7.699;6.266;6.058;9.627;13.820;6.897;7.797;8.327;8.335;6.494;8.857;2.241,30.000;30.000;30.000;120.000;120.000;30.000;30.000;240.000;120.000;30.000;30.000;120.000;120.000,Pepper,assessing,,,STOP,25.454,C:\Users\esthe\Downloads\pepper 13\Pepp_1305_15_seven.mp4,118,NA,
Pepp_1305,2025-06-09 19:21:39.009,,87.845,Media file(s),player #1:C:\Users\esthe\Downloads\pepper 13\Pepp_1305_10_three.mp4;C:\Users\esthe\Downloads\pepper 13\Pepp_1305_11_three.mp4;C:\Users\esthe\Downloads\pepper 13\Pepp_1305_12_five.mp4;C:\Users\esthe\Downloads\pepper 13\Pepp_1305_15_seven.mp4;C:\Users\esthe\Downloads\pepper 13\Pepp_1305_16_seven.mp4;C:\Users\esthe\Downloads\pepper 13\Pepp_1305_4_five.mp4;C:\Users\esthe\Downloads\pepper 13\Pepp_1305_5_seven.mp4;C:\Users\esthe\Downloads\pepper 13\Pepp_1305_6_three.mp4;C:\Users\esthe\Downloads\pepper 13\Pepp_1305_7_one.mp4;C:\Users\esthe\Downloads\pepper 13\Pepp_1305_8_five.mp4;C:\Users\esthe\Downloads\pepper 13\Pepp_1305_9_three.mp4;C:\Users\esthe\Downloads\pepper 13\VID_20250513_075924.mp4;C:\Users\esthe\Downloads\pepper 13\VID_20250513_080113.mp4,0.0,7.567;7.699;6.266;6.058;9.627;13.820;6.897;7.797;8.327;8.335;6.494;8.857;2.241,30.000;30.000;30.000;120.000;120.000;30.000;30.000;240.000;120.000;30.000;30.000;120.000;120.000,Pepper,peeling,,,START,25.620,C:\Users\esthe\Downloads\pepper 13\Pepp_1305_15_seven.mp4,123,NA,
Pepp_1305,2025-06-09 19:21:39.009,,87.845,Media file(s),player #1:C:\Users\esthe\Downloads\pepper 13\Pepp_1305_10_three.mp4;C:\Users\esthe\Downloads\pepper 13\Pepp_1305_11_three.mp4;C:\Users\esthe\Downloads\pepper 13\Pepp_1305_12_five.mp4;C:\Users\esthe\Downloads\pepper 13\Pepp_1305_15_seven.mp4;C:\Users\esthe\Downloads\pepper 13\Pepp_1305_16_seven.mp4;C:\Users\esthe\Downloads\pepper 13\Pepp_1305_4_five.mp4;C:\Users\esthe\Downloads\pepper 13\Pepp_1305_5_seven.mp4;C:\Users\esthe\Downloads\pepper 13\Pepp_1305_6_three.mp4;C:\Users\esthe\Downloads\pepper 13\Pepp_1305_7_one.mp4;C:\Users\esthe\Downloads\pepper 13\Pepp_1305_8_five.mp4;C:\Users\esthe\Downloads\pepper 13\Pepp_1305_9_three.mp4;C:\Users\esthe\Downloads\pepper 13\VID_20250513_075924.mp4;C:\Users\esthe\Downloads\pepper 13\VID_20250513_080113.mp4,0.0,7.567;7.699;6.266;6.058;9.627;13.820;6.897;7.797;8.327;8.335;6.494;8.857;2.241,30.000;30.000;30.000;120.000;120.000;30.000;30.000;240.000;120.000;30.000;30.000;120.000;120.000,Pepper,jaw movement,,,POINT,25.720,C:\Users\esthe\Downloads\pepper 13\Pepp_1305_15_seven.mp4,126,NA,
Pepp_1305,2025-06-09 19:21:39.009,,87.845,Media file(s),player #1:C:\Users\esthe\Downloads\pepper 13\Pepp_1305_10_three.mp4;C:\Users\esthe\Downloads\pepper 13\Pepp_1305_11_three.mp4;C:\Users\esthe\Downloads\pepper 13\Pepp_1305_12_five.mp4;C:\Users\esthe\Downloads\pepper 13\Pepp_1305_15_seven.mp4;C:\Users\esthe\Downloads\pepper 13\Pepp_1305_16_seven.mp4;C:\Users\esthe\Downloads\pepper 13\Pepp_1305_4_five.mp4;C:\Users\esthe\Downloads\pepper 13\Pepp_1305_5_seven.mp4;C:\Users\esthe\Downloads\pepper 13\Pepp_1305_6_three.mp4;C:\Users\esthe\Downloads\pepper 13\Pepp_1305_7_one.mp4;C:\Users\esthe\Downloads\pepper 13\Pepp_1305_8_five.mp4;C:\Users\esthe\Downloads\pepper 13\Pepp_1305_9_three.mp4;C:\Users\esthe\Downloads\pepper 13\VID_20250513_075924.mp4;C:\Users\esthe\Downloads\pepper 13\VID_20250513_080113.mp4,0.0,7.567;7.699;6.266;6.058;9.627;13.820;6.897;7.797;8.327;8.335;6.494;8.857;2.241,30.000;30.000;30.000;120.000;120.000;30.000;30.000;240.000;120.000;30.000;30.000;120.000;120.000,Pepper,jaw movement,,,POINT,25.954,C:\Users\esthe\Downloads\pepper 13\Pepp_1305_15_seven.mp4,133,NA,
Pepp_1305,2025-06-09 19:21:39.009,,87.845,Media file(s),player #1:C:\Users\esthe\Downloads\pepper 13\Pepp_1305_10_three.mp4;C:\Users\esthe\Downloads\pepper 13\Pepp_1305_11_three.mp4;C:\Users\esthe\Downloads\pepper 13\Pepp_1305_12_five.mp4;C:\Users\esthe\Downloads\pepper 13\Pepp_1305_15_seven.mp4;C:\Users\esthe\Downloads\pepper 13\Pepp_1305_16_seven.mp4;C:\Users\esthe\Downloads\pepper 13\Pepp_1305_4_five.mp4;C:\Users\esthe\Downloads\pepper 13\Pepp_1305_5_seven.mp4;C:\Users\esthe\Downloads\pepper 13\Pepp_1305_6_three.mp4;C:\Users\esthe\Downloads\pepper 13\Pepp_1305_7_one.mp4;C:\Users\esthe\Downloads\pepper 13\Pepp_1305_8_five.mp4;C:\Users\esthe\Downloads\pepper 13\Pepp_1305_9_three.mp4;C:\Users\esthe\Downloads\pepper 13\VID_20250513_075924.mp4;C:\Users\esthe\Downloads\pepper 13\VID_20250513_080113.mp4,0.0,7.567;7.699;6.266;6.058;9.627;13.820;6.897;7.797;8.327;8.335;6.494;8.857;2.241,30.000;30.000;30.000;120.000;120.000;30.000;30.000;240.000;120.000;30.000;30.000;120.000;120.000,Pepper,jaw movement,,,POINT,26.254,C:\Users\esthe\Downloads\pepper 13\Pepp_1305_15_seven.mp4,142,NA,
Pepp_1305,2025-06-09 19:21:39.009,,87.845,Media file(s),player #1:C:\Users\esthe\Downloads\pepper 13\Pepp_1305_10_three.mp4;C:\Users\esthe\Downloads\pepper 13\Pepp_1305_11_three.mp4;C:\Users\esthe\Downloads\pepper 13\Pepp_1305_12_five.mp4;C:\Users\esthe\Downloads\pepper 13\Pepp_1305_15_seven.mp4;C:\Users\esthe\Downloads\pepper 13\Pepp_1305_16_seven.mp4;C:\Users\esthe\Downloads\pepper 13\Pepp_1305_4_five.mp4;C:\Users\esthe\Downloads\pepper 13\Pepp_1305_5_seven.mp4;C:\Users\esthe\Downloads\pepper 13\Pepp_1305_6_three.mp4;C:\Users\esthe\Downloads\pepper 13\Pepp_1305_7_one.mp4;C:\Users\esthe\Downloads\pepper 13\Pepp_1305_8_five.mp4;C:\Users\esthe\Downloads\pepper 13\Pepp_1305_9_three.mp4;C:\Users\esthe\Downloads\pepper 13\VID_20250513_075924.mp4;C:\Users\esthe\Downloads\pepper 13\VID_20250513_080113.mp4,0.0,7.567;7.699;6.266;6.058;9.627;13.820;6.897;7.797;8.327;8.335;6.494;8.857;2.241,30.000;30.000;30.000;120.000;120.000;30.000;30.000;240.000;120.000;30.000;30.000;120.000;120.000,Pepper,jaw movement,,,POINT,26.421,C:\Users\esthe\Downloads\pepper 13\Pepp_1305_15_seven.mp4,147,NA,
Pepp_1305,2025-06-09 19:21:39.009,,87.845,Media file(s),player #1:C:\Users\esthe\Downloads\pepper 13\Pepp_1305_10_three.mp4;C:\Users\esthe\Downloads\pepper 13\Pepp_1305_11_three.mp4;C:\Users\esthe\Downloads\pepper 13\Pepp_1305_12_five.mp4;C:\Users\esthe\Downloads\pepper 13\Pepp_1305_15_seven.mp4;C:\Users\esthe\Downloads\pepper 13\Pepp_1305_16_seven.mp4;C:\Users\esthe\Downloads\pepper 13\Pepp_1305_4_five.mp4;C:\Users\esthe\Downloads\pepper 13\Pepp_1305_5_seven.mp4;C:\Users\esthe\Downloads\pepper 13\Pepp_1305_6_three.mp4;C:\Users\esthe\Downloads\pepper 13\Pepp_1305_7_one.mp4;C:\Users\esthe\Downloads\pepper 13\Pepp_1305_8_five.mp4;C:\Users\esthe\Downloads\pepper 13\Pepp_1305_9_three.mp4;C:\Users\esthe\Downloads\pepper 13\VID_20250513_075924.mp4;C:\Users\esthe\Downloads\pepper 13\VID_20250513_080113.mp4,0.0,7.567;7.699;6.266;6.058;9.627;13.820;6.897;7.797;8.327;8.335;6.494;8.857;2.241,30.000;30.000;30.000;120.000;120.000;30.000;30.000;240.000;120.000;30.000;30.000;120.000;120.000,Pepper,peeling,,,STOP,27.121,C:\Users\esthe\Downloads\pepper 13\Pepp_1305_15_seven.mp4,168,NA,
Pepp_1305,2025-06-09 19:21:39.009,,87.845,Media file(s),player #1:C:\Users\esthe\Downloads\pepper 13\Pepp_1305_10_three.mp4;C:\Users\esthe\Downloads\pepper 13\Pepp_1305_11_three.mp4;C:\Users\esthe\Downloads\pepper 13\Pepp_1305_12_five.mp4;C:\Users\esthe\Downloads\pepper 13\Pepp_1305_15_seven.mp4;C:\Users\esthe\Downloads\pepper 13\Pepp_1305_16_seven.mp4;C:\Users\esthe\Downloads\pepper 13\Pepp_1305_4_five.mp4;C:\Users\esthe\Downloads\pepper 13\Pepp_1305_5_seven.mp4;C:\Users\esthe\Downloads\pepper 13\Pepp_1305_6_three.mp4;C:\Users\esthe\Downloads\pepper 13\Pepp_1305_7_one.mp4;C:\Users\esthe\Downloads\pepper 13\Pepp_1305_8_five.mp4;C:\Users\esthe\Downloads\pepper 13\Pepp_1305_9_three.mp4;C:\Users\esthe\Downloads\pepper 13\VID_20250513_075924.mp4;C:\Users\esthe\Downloads\pepper 13\VID_20250513_080113.mp4,0.0,7.567;7.699;6.266;6.058;9.627;13.820;6.897;7.797;8.327;8.335;6.494;8.857;2.241,30.000;30.000;30.000;120.000;120.000;30.000;30.000;240.000;120.000;30.000;30.000;120.000;120.000,Pepper,eating,,,START,27.154,C:\Users\esthe\Downloads\pepper 13\Pepp_1305_15_seven.mp4,169,NA,
Pepp_1305,2025-06-09 19:21:39.009,,87.845,Media file(s),player #1:C:\Users\esthe\Downloads\pepper 13\Pepp_1305_10_three.mp4;C:\Users\esthe\Downloads\pepper 13\Pepp_1305_11_three.mp4;C:\Users\esthe\Downloads\pepper 13\Pepp_1305_12_five.mp4;C:\Users\esthe\Downloads\pepper 13\Pepp_1305_15_seven.mp4;C:\Users\esthe\Downloads\pepper 13\Pepp_1305_16_seven.mp4;C:\Users\esthe\Downloads\pepper 13\Pepp_1305_4_five.mp4;C:\Users\esthe\Downloads\pepper 13\Pepp_1305_5_seven.mp4;C:\Users\esthe\Downloads\pepper 13\Pepp_1305_6_three.mp4;C:\Users\esthe\Downloads\pepper 13\Pepp_1305_7_one.mp4;C:\Users\esthe\Downloads\pepper 13\Pepp_1305_8_five.mp4;C:\Users\esthe\Downloads\pepper 13\Pepp_1305_9_three.mp4;C:\Users\esthe\Downloads\pepper 13\VID_20250513_075924.mp4;C:\Users\esthe\Downloads\pepper 13\VID_20250513_080113.mp4,0.0,7.567;7.699;6.266;6.058;9.627;13.820;6.897;7.797;8.327;8.335;6.494;8.857;2.241,30.000;30.000;30.000;120.000;120.000;30.000;30.000;240.000;120.000;30.000;30.000;120.000;120.000,Pepper,ear clapping,,,POINT,27.221,C:\Users\esthe\Downloads\pepper 13\Pepp_1305_15_seven.mp4,171,NA,
Pepp_1305,2025-06-09 19:21:39.009,,87.845,Media file(s),player #1:C:\Users\esthe\Downloads\pepper 13\Pepp_1305_10_three.mp4;C:\Users\esthe\Downloads\pepper 13\Pepp_1305_11_three.mp4;C:\Users\esthe\Downloads\pepper 13\Pepp_1305_12_five.mp4;C:\Users\esthe\Downloads\pepper 13\Pepp_1305_15_seven.mp4;C:\Users\esthe\Downloads\pepper 13\Pepp_1305_16_seven.mp4;C:\Users\esthe\Downloads\pepper 13\Pepp_1305_4_five.mp4;C:\Users\esthe\Downloads\pepper 13\Pepp_1305_5_seven.mp4;C:\Users\esthe\Downloads\pepper 13\Pepp_1305_6_three.mp4;C:\Users\esthe\Downloads\pepper 13\Pepp_1305_7_one.mp4;C:\Users\esthe\Downloads\pepper 13\Pepp_1305_8_five.mp4;C:\Users\esthe\Downloads\pepper 13\Pepp_1305_9_three.mp4;C:\Users\esthe\Downloads\pepper 13\VID_20250513_075924.mp4;C:\Users\esthe\Downloads\pepper 13\VID_20250513_080113.mp4,0.0,7.567;7.699;6.266;6.058;9.627;13.820;6.897;7.797;8.327;8.335;6.494;8.857;2.241,30.000;30.000;30.000;120.000;120.000;30.000;30.000;240.000;120.000;30.000;30.000;120.000;120.000,Pepper,eating,,,STOP,27.521,C:\Users\esthe\Downloads\pepper 13\Pepp_1305_15_seven.mp4,180,NA,
Pepp_1305,2025-06-09 19:21:39.009,,87.845,Media file(s),player #1:C:\Users\esthe\Downloads\pepper 13\Pepp_1305_10_three.mp4;C:\Users\esthe\Downloads\pepper 13\Pepp_1305_11_three.mp4;C:\Users\esthe\Downloads\pepper 13\Pepp_1305_12_five.mp4;C:\Users\esthe\Downloads\pepper 13\Pepp_1305_15_seven.mp4;C:\Users\esthe\Downloads\pepper 13\Pepp_1305_16_seven.mp4;C:\Users\esthe\Downloads\pepper 13\Pepp_1305_4_five.mp4;C:\Users\esthe\Downloads\pepper 13\Pepp_1305_5_seven.mp4;C:\Users\esthe\Downloads\pepper 13\Pepp_1305_6_three.mp4;C:\Users\esthe\Downloads\pepper 13\Pepp_1305_7_one.mp4;C:\Users\esthe\Downloads\pepper 13\Pepp_1305_8_five.mp4;C:\Users\esthe\Downloads\pepper 13\Pepp_1305_9_three.mp4;C:\Users\esthe\Downloads\pepper 13\VID_20250513_075924.mp4;C:\Users\esthe\Downloads\pepper 13\VID_20250513_080113.mp4,0.0,7.567;7.699;6.266;6.058;9.627;13.820;6.897;7.797;8.327;8.335;6.494;8.857;2.241,30.000;30.000;30.000;120.000;120.000;30.000;30.000;240.000;120.000;30.000;30.000;120.000;120.000,Pepper,bending,,,START,28.120,C:\Users\esthe\Downloads\pepper 13\Pepp_1305_16_seven.mp4,16,NA,
Pepp_1305,2025-06-09 19:21:39.009,,87.845,Media file(s),player #1:C:\Users\esthe\Downloads\pepper 13\Pepp_1305_10_three.mp4;C:\Users\esthe\Downloads\pepper 13\Pepp_1305_11_three.mp4;C:\Users\esthe\Downloads\pepper 13\Pepp_1305_12_five.mp4;C:\Users\esthe\Downloads\pepper 13\Pepp_1305_15_seven.mp4;C:\Users\esthe\Downloads\pepper 13\Pepp_1305_16_seven.mp4;C:\Users\esthe\Downloads\pepper 13\Pepp_1305_4_five.mp4;C:\Users\esthe\Downloads\pepper 13\Pepp_1305_5_seven.mp4;C:\Users\esthe\Downloads\pepper 13\Pepp_1305_6_three.mp4;C:\Users\esthe\Downloads\pepper 13\Pepp_1305_7_one.mp4;C:\Users\esthe\Downloads\pepper 13\Pepp_1305_8_five.mp4;C:\Users\esthe\Downloads\pepper 13\Pepp_1305_9_three.mp4;C:\Users\esthe\Downloads\pepper 13\VID_20250513_075924.mp4;C:\Users\esthe\Downloads\pepper 13\VID_20250513_080113.mp4,0.0,7.567;7.699;6.266;6.058;9.627;13.820;6.897;7.797;8.327;8.335;6.494;8.857;2.241,30.000;30.000;30.000;120.000;120.000;30.000;30.000;240.000;120.000;30.000;30.000;120.000;120.000,Pepper,bending,,,STOP,28.319,C:\Users\esthe\Downloads\pepper 13\Pepp_1305_16_seven.mp4,22,NA,
Pepp_1305,2025-06-09 19:21:39.009,,87.845,Media file(s),player #1:C:\Users\esthe\Downloads\pepper 13\Pepp_1305_10_three.mp4;C:\Users\esthe\Downloads\pepper 13\Pepp_1305_11_three.mp4;C:\Users\esthe\Downloads\pepper 13\Pepp_1305_12_five.mp4;C:\Users\esthe\Downloads\pepper 13\Pepp_1305_15_seven.mp4;C:\Users\esthe\Downloads\pepper 13\Pepp_1305_16_seven.mp4;C:\Users\esthe\Downloads\pepper 13\Pepp_1305_4_five.mp4;C:\Users\esthe\Downloads\pepper 13\Pepp_1305_5_seven.mp4;C:\Users\esthe\Downloads\pepper 13\Pepp_1305_6_three.mp4;C:\Users\esthe\Downloads\pepper 13\Pepp_1305_7_one.mp4;C:\Users\esthe\Downloads\pepper 13\Pepp_1305_8_five.mp4;C:\Users\esthe\Downloads\pepper 13\Pepp_1305_9_three.mp4;C:\Users\esthe\Downloads\pepper 13\VID_20250513_075924.mp4;C:\Users\esthe\Downloads\pepper 13\VID_20250513_080113.mp4,0.0,7.567;7.699;6.266;6.058;9.627;13.820;6.897;7.797;8.327;8.335;6.494;8.857;2.241,30.000;30.000;30.000;120.000;120.000;30.000;30.000;240.000;120.000;30.000;30.000;120.000;120.000,Pepper,grabbing peanut,,,POINT,28.319,C:\Users\esthe\Downloads\pepper 13\Pepp_1305_16_seven.mp4,22,NA,
Pepp_1305,2025-06-09 19:21:39.009,,87.845,Media file(s),player #1:C:\Users\esthe\Downloads\pepper 13\Pepp_1305_10_three.mp4;C:\Users\esthe\Downloads\pepper 13\Pepp_1305_11_three.mp4;C:\Users\esthe\Downloads\pepper 13\Pepp_1305_12_five.mp4;C:\Users\esthe\Downloads\pepper 13\Pepp_1305_15_seven.mp4;C:\Users\esthe\Downloads\pepper 13\Pepp_1305_16_seven.mp4;C:\Users\esthe\Downloads\pepper 13\Pepp_1305_4_five.mp4;C:\Users\esthe\Downloads\pepper 13\Pepp_1305_5_seven.mp4;C:\Users\esthe\Downloads\pepper 13\Pepp_1305_6_three.mp4;C:\Users\esthe\Downloads\pepper 13\Pepp_1305_7_one.mp4;C:\Users\esthe\Downloads\pepper 13\Pepp_1305_8_five.mp4;C:\Users\esthe\Downloads\pepper 13\Pepp_1305_9_three.mp4;C:\Users\esthe\Downloads\pepper 13\VID_20250513_075924.mp4;C:\Users\esthe\Downloads\pepper 13\VID_20250513_080113.mp4,0.0,7.567;7.699;6.266;6.058;9.627;13.820;6.897;7.797;8.327;8.335;6.494;8.857;2.241,30.000;30.000;30.000;120.000;120.000;30.000;30.000;240.000;120.000;30.000;30.000;120.000;120.000,Pepper,lifting,,,START,28.352,C:\Users\esthe\Downloads\pepper 13\Pepp_1305_16_seven.mp4,23,NA,
Pepp_1305,2025-06-09 19:21:39.009,,87.845,Media file(s),player #1:C:\Users\esthe\Downloads\pepper 13\Pepp_1305_10_three.mp4;C:\Users\esthe\Downloads\pepper 13\Pepp_1305_11_three.mp4;C:\Users\esthe\Downloads\pepper 13\Pepp_1305_12_five.mp4;C:\Users\esthe\Downloads\pepper 13\Pepp_1305_15_seven.mp4;C:\Users\esthe\Downloads\pepper 13\Pepp_1305_16_seven.mp4;C:\Users\esthe\Downloads\pepper 13\Pepp_1305_4_five.mp4;C:\Users\esthe\Downloads\pepper 13\Pepp_1305_5_seven.mp4;C:\Users\esthe\Downloads\pepper 13\Pepp_1305_6_three.mp4;C:\Users\esthe\Downloads\pepper 13\Pepp_1305_7_one.mp4;C:\Users\esthe\Downloads\pepper 13\Pepp_1305_8_five.mp4;C:\Users\esthe\Downloads\pepper 13\Pepp_1305_9_three.mp4;C:\Users\esthe\Downloads\pepper 13\VID_20250513_075924.mp4;C:\Users\esthe\Downloads\pepper 13\VID_20250513_080113.mp4,0.0,7.567;7.699;6.266;6.058;9.627;13.820;6.897;7.797;8.327;8.335;6.494;8.857;2.241,30.000;30.000;30.000;120.000;120.000;30.000;30.000;240.000;120.000;30.000;30.000;120.000;120.000,Pepper,lifting,,,STOP,28.710,C:\Users\esthe\Downloads\pepper 13\Pepp_1305_16_seven.mp4,34,NA,
Pepp_1305,2025-06-09 19:21:39.009,,87.845,Media file(s),player #1:C:\Users\esthe\Downloads\pepper 13\Pepp_1305_10_three.mp4;C:\Users\esthe\Downloads\pepper 13\Pepp_1305_11_three.mp4;C:\Users\esthe\Downloads\pepper 13\Pepp_1305_12_five.mp4;C:\Users\esthe\Downloads\pepper 13\Pepp_1305_15_seven.mp4;C:\Users\esthe\Downloads\pepper 13\Pepp_1305_16_seven.mp4;C:\Users\esthe\Downloads\pepper 13\Pepp_1305_4_five.mp4;C:\Users\esthe\Downloads\pepper 13\Pepp_1305_5_seven.mp4;C:\Users\esthe\Downloads\pepper 13\Pepp_1305_6_three.mp4;C:\Users\esthe\Downloads\pepper 13\Pepp_1305_7_one.mp4;C:\Users\esthe\Downloads\pepper 13\Pepp_1305_8_five.mp4;C:\Users\esthe\Downloads\pepper 13\Pepp_1305_9_three.mp4;C:\Users\esthe\Downloads\pepper 13\VID_20250513_075924.mp4;C:\Users\esthe\Downloads\pepper 13\VID_20250513_080113.mp4,0.0,7.567;7.699;6.266;6.058;9.627;13.820;6.897;7.797;8.327;8.335;6.494;8.857;2.241,30.000;30.000;30.000;120.000;120.000;30.000;30.000;240.000;120.000;30.000;30.000;120.000;120.000,Pepper,assessing,,,START,28.977,C:\Users\esthe\Downloads\pepper 13\Pepp_1305_16_seven.mp4,42,NA,
Pepp_1305,2025-06-09 19:21:39.009,,87.845,Media file(s),player #1:C:\Users\esthe\Downloads\pepper 13\Pepp_1305_10_three.mp4;C:\Users\esthe\Downloads\pepper 13\Pepp_1305_11_three.mp4;C:\Users\esthe\Downloads\pepper 13\Pepp_1305_12_five.mp4;C:\Users\esthe\Downloads\pepper 13\Pepp_1305_15_seven.mp4;C:\Users\esthe\Downloads\pepper 13\Pepp_1305_16_seven.mp4;C:\Users\esthe\Downloads\pepper 13\Pepp_1305_4_five.mp4;C:\Users\esthe\Downloads\pepper 13\Pepp_1305_5_seven.mp4;C:\Users\esthe\Downloads\pepper 13\Pepp_1305_6_three.mp4;C:\Users\esthe\Downloads\pepper 13\Pepp_1305_7_one.mp4;C:\Users\esthe\Downloads\pepper 13\Pepp_1305_8_five.mp4;C:\Users\esthe\Downloads\pepper 13\Pepp_1305_9_three.mp4;C:\Users\esthe\Downloads\pepper 13\VID_20250513_075924.mp4;C:\Users\esthe\Downloads\pepper 13\VID_20250513_080113.mp4,0.0,7.567;7.699;6.266;6.058;9.627;13.820;6.897;7.797;8.327;8.335;6.494;8.857;2.241,30.000;30.000;30.000;120.000;120.000;30.000;30.000;240.000;120.000;30.000;30.000;120.000;120.000,Pepper,jaw movement,,,POINT,29.043,C:\Users\esthe\Downloads\pepper 13\Pepp_1305_16_seven.mp4,44,NA,
Pepp_1305,2025-06-09 19:21:39.009,,87.845,Media file(s),player #1:C:\Users\esthe\Downloads\pepper 13\Pepp_1305_10_three.mp4;C:\Users\esthe\Downloads\pepper 13\Pepp_1305_11_three.mp4;C:\Users\esthe\Downloads\pepper 13\Pepp_1305_12_five.mp4;C:\Users\esthe\Downloads\pepper 13\Pepp_1305_15_seven.mp4;C:\Users\esthe\Downloads\pepper 13\Pepp_1305_16_seven.mp4;C:\Users\esthe\Downloads\pepper 13\Pepp_1305_4_five.mp4;C:\Users\esthe\Downloads\pepper 13\Pepp_1305_5_seven.mp4;C:\Users\esthe\Downloads\pepper 13\Pepp_1305_6_three.mp4;C:\Users\esthe\Downloads\pepper 13\Pepp_1305_7_one.mp4;C:\Users\esthe\Downloads\pepper 13\Pepp_1305_8_five.mp4;C:\Users\esthe\Downloads\pepper 13\Pepp_1305_9_three.mp4;C:\Users\esthe\Downloads\pepper 13\VID_20250513_075924.mp4;C:\Users\esthe\Downloads\pepper 13\VID_20250513_080113.mp4,0.0,7.567;7.699;6.266;6.058;9.627;13.820;6.897;7.797;8.327;8.335;6.494;8.857;2.241,30.000;30.000;30.000;120.000;120.000;30.000;30.000;240.000;120.000;30.000;30.000;120.000;120.000,Pepper,licking,,,POINT,29.144,C:\Users\esthe\Downloads\pepper 13\Pepp_1305_16_seven.mp4,47,NA,
Pepp_1305,2025-06-09 19:21:39.009,,87.845,Media file(s),player #1:C:\Users\esthe\Downloads\pepper 13\Pepp_1305_10_three.mp4;C:\Users\esthe\Downloads\pepper 13\Pepp_1305_11_three.mp4;C:\Users\esthe\Downloads\pepper 13\Pepp_1305_12_five.mp4;C:\Users\esthe\Downloads\pepper 13\Pepp_1305_15_seven.mp4;C:\Users\esthe\Downloads\pepper 13\Pepp_1305_16_seven.mp4;C:\Users\esthe\Downloads\pepper 13\Pepp_1305_4_five.mp4;C:\Users\esthe\Downloads\pepper 13\Pepp_1305_5_seven.mp4;C:\Users\esthe\Downloads\pepper 13\Pepp_1305_6_three.mp4;C:\Users\esthe\Downloads\pepper 13\Pepp_1305_7_one.mp4;C:\Users\esthe\Downloads\pepper 13\Pepp_1305_8_five.mp4;C:\Users\esthe\Downloads\pepper 13\Pepp_1305_9_three.mp4;C:\Users\esthe\Downloads\pepper 13\VID_20250513_075924.mp4;C:\Users\esthe\Downloads\pepper 13\VID_20250513_080113.mp4,0.0,7.567;7.699;6.266;6.058;9.627;13.820;6.897;7.797;8.327;8.335;6.494;8.857;2.241,30.000;30.000;30.000;120.000;120.000;30.000;30.000;240.000;120.000;30.000;30.000;120.000;120.000,Pepper,rotation,,Horizontal,START,29.210,C:\Users\esthe\Downloads\pepper 13\Pepp_1305_16_seven.mp4,49,NA,
Pepp_1305,2025-06-09 19:21:39.009,,87.845,Media file(s),player #1:C:\Users\esthe\Downloads\pepper 13\Pepp_1305_10_three.mp4;C:\Users\esthe\Downloads\pepper 13\Pepp_1305_11_three.mp4;C:\Users\esthe\Downloads\pepper 13\Pepp_1305_12_five.mp4;C:\Users\esthe\Downloads\pepper 13\Pepp_1305_15_seven.mp4;C:\Users\esthe\Downloads\pepper 13\Pepp_1305_16_seven.mp4;C:\Users\esthe\Downloads\pepper 13\Pepp_1305_4_five.mp4;C:\Users\esthe\Downloads\pepper 13\Pepp_1305_5_seven.mp4;C:\Users\esthe\Downloads\pepper 13\Pepp_1305_6_three.mp4;C:\Users\esthe\Downloads\pepper 13\Pepp_1305_7_one.mp4;C:\Users\esthe\Downloads\pepper 13\Pepp_1305_8_five.mp4;C:\Users\esthe\Downloads\pepper 13\Pepp_1305_9_three.mp4;C:\Users\esthe\Downloads\pepper 13\VID_20250513_075924.mp4;C:\Users\esthe\Downloads\pepper 13\VID_20250513_080113.mp4,0.0,7.567;7.699;6.266;6.058;9.627;13.820;6.897;7.797;8.327;8.335;6.494;8.857;2.241,30.000;30.000;30.000;120.000;120.000;30.000;30.000;240.000;120.000;30.000;30.000;120.000;120.000,Pepper,rotation,,Horizontal,STOP,29.444,C:\Users\esthe\Downloads\pepper 13\Pepp_1305_16_seven.mp4,56,NA,
Pepp_1305,2025-06-09 19:21:39.009,,87.845,Media file(s),player #1:C:\Users\esthe\Downloads\pepper 13\Pepp_1305_10_three.mp4;C:\Users\esthe\Downloads\pepper 13\Pepp_1305_11_three.mp4;C:\Users\esthe\Downloads\pepper 13\Pepp_1305_12_five.mp4;C:\Users\esthe\Downloads\pepper 13\Pepp_1305_15_seven.mp4;C:\Users\esthe\Downloads\pepper 13\Pepp_1305_16_seven.mp4;C:\Users\esthe\Downloads\pepper 13\Pepp_1305_4_five.mp4;C:\Users\esthe\Downloads\pepper 13\Pepp_1305_5_seven.mp4;C:\Users\esthe\Downloads\pepper 13\Pepp_1305_6_three.mp4;C:\Users\esthe\Downloads\pepper 13\Pepp_1305_7_one.mp4;C:\Users\esthe\Downloads\pepper 13\Pepp_1305_8_five.mp4;C:\Users\esthe\Downloads\pepper 13\Pepp_1305_9_three.mp4;C:\Users\esthe\Downloads\pepper 13\VID_20250513_075924.mp4;C:\Users\esthe\Downloads\pepper 13\VID_20250513_080113.mp4,0.0,7.567;7.699;6.266;6.058;9.627;13.820;6.897;7.797;8.327;8.335;6.494;8.857;2.241,30.000;30.000;30.000;120.000;120.000;30.000;30.000;240.000;120.000;30.000;30.000;120.000;120.000,Pepper,jaw movement,,,POINT,29.477,C:\Users\esthe\Downloads\pepper 13\Pepp_1305_16_seven.mp4,57,NA,
Pepp_1305,2025-06-09 19:21:39.009,,87.845,Media file(s),player #1:C:\Users\esthe\Downloads\pepper 13\Pepp_1305_10_three.mp4;C:\Users\esthe\Downloads\pepper 13\Pepp_1305_11_three.mp4;C:\Users\esthe\Downloads\pepper 13\Pepp_1305_12_five.mp4;C:\Users\esthe\Downloads\pepper 13\Pepp_1305_15_seven.mp4;C:\Users\esthe\Downloads\pepper 13\Pepp_1305_16_seven.mp4;C:\Users\esthe\Downloads\pepper 13\Pepp_1305_4_five.mp4;C:\Users\esthe\Downloads\pepper 13\Pepp_1305_5_seven.mp4;C:\Users\esthe\Downloads\pepper 13\Pepp_1305_6_three.mp4;C:\Users\esthe\Downloads\pepper 13\Pepp_1305_7_one.mp4;C:\Users\esthe\Downloads\pepper 13\Pepp_1305_8_five.mp4;C:\Users\esthe\Downloads\pepper 13\Pepp_1305_9_three.mp4;C:\Users\esthe\Downloads\pepper 13\VID_20250513_075924.mp4;C:\Users\esthe\Downloads\pepper 13\VID_20250513_080113.mp4,0.0,7.567;7.699;6.266;6.058;9.627;13.820;6.897;7.797;8.327;8.335;6.494;8.857;2.241,30.000;30.000;30.000;120.000;120.000;30.000;30.000;240.000;120.000;30.000;30.000;120.000;120.000,Pepper,jaw movement,,,POINT,29.644,C:\Users\esthe\Downloads\pepper 13\Pepp_1305_16_seven.mp4,62,NA,
Pepp_1305,2025-06-09 19:21:39.009,,87.845,Media file(s),player #1:C:\Users\esthe\Downloads\pepper 13\Pepp_1305_10_three.mp4;C:\Users\esthe\Downloads\pepper 13\Pepp_1305_11_three.mp4;C:\Users\esthe\Downloads\pepper 13\Pepp_1305_12_five.mp4;C:\Users\esthe\Downloads\pepper 13\Pepp_1305_15_seven.mp4;C:\Users\esthe\Downloads\pepper 13\Pepp_1305_16_seven.mp4;C:\Users\esthe\Downloads\pepper 13\Pepp_1305_4_five.mp4;C:\Users\esthe\Downloads\pepper 13\Pepp_1305_5_seven.mp4;C:\Users\esthe\Downloads\pepper 13\Pepp_1305_6_three.mp4;C:\Users\esthe\Downloads\pepper 13\Pepp_1305_7_one.mp4;C:\Users\esthe\Downloads\pepper 13\Pepp_1305_8_five.mp4;C:\Users\esthe\Downloads\pepper 13\Pepp_1305_9_three.mp4;C:\Users\esthe\Downloads\pepper 13\VID_20250513_075924.mp4;C:\Users\esthe\Downloads\pepper 13\VID_20250513_080113.mp4,0.0,7.567;7.699;6.266;6.058;9.627;13.820;6.897;7.797;8.327;8.335;6.494;8.857;2.241,30.000;30.000;30.000;120.000;120.000;30.000;30.000;240.000;120.000;30.000;30.000;120.000;120.000,Pepper,jaw movement,,,POINT,29.711,C:\Users\esthe\Downloads\pepper 13\Pepp_1305_16_seven.mp4,64,NA,
Pepp_1305,2025-06-09 19:21:39.009,,87.845,Media file(s),player #1:C:\Users\esthe\Downloads\pepper 13\Pepp_1305_10_three.mp4;C:\Users\esthe\Downloads\pepper 13\Pepp_1305_11_three.mp4;C:\Users\esthe\Downloads\pepper 13\Pepp_1305_12_five.mp4;C:\Users\esthe\Downloads\pepper 13\Pepp_1305_15_seven.mp4;C:\Users\esthe\Downloads\pepper 13\Pepp_1305_16_seven.mp4;C:\Users\esthe\Downloads\pepper 13\Pepp_1305_4_five.mp4;C:\Users\esthe\Downloads\pepper 13\Pepp_1305_5_seven.mp4;C:\Users\esthe\Downloads\pepper 13\Pepp_1305_6_three.mp4;C:\Users\esthe\Downloads\pepper 13\Pepp_1305_7_one.mp4;C:\Users\esthe\Downloads\pepper 13\Pepp_1305_8_five.mp4;C:\Users\esthe\Downloads\pepper 13\Pepp_1305_9_three.mp4;C:\Users\esthe\Downloads\pepper 13\VID_20250513_075924.mp4;C:\Users\esthe\Downloads\pepper 13\VID_20250513_080113.mp4,0.0,7.567;7.699;6.266;6.058;9.627;13.820;6.897;7.797;8.327;8.335;6.494;8.857;2.241,30.000;30.000;30.000;120.000;120.000;30.000;30.000;240.000;120.000;30.000;30.000;120.000;120.000,Pepper,mouth,,,POINT,29.877,C:\Users\esthe\Downloads\pepper 13\Pepp_1305_16_seven.mp4,69,NA,
Pepp_1305,2025-06-09 19:21:39.009,,87.845,Media file(s),player #1:C:\Users\esthe\Downloads\pepper 13\Pepp_1305_10_three.mp4;C:\Users\esthe\Downloads\pepper 13\Pepp_1305_11_three.mp4;C:\Users\esthe\Downloads\pepper 13\Pepp_1305_12_five.mp4;C:\Users\esthe\Downloads\pepper 13\Pepp_1305_15_seven.mp4;C:\Users\esthe\Downloads\pepper 13\Pepp_1305_16_seven.mp4;C:\Users\esthe\Downloads\pepper 13\Pepp_1305_4_five.mp4;C:\Users\esthe\Downloads\pepper 13\Pepp_1305_5_seven.mp4;C:\Users\esthe\Downloads\pepper 13\Pepp_1305_6_three.mp4;C:\Users\esthe\Downloads\pepper 13\Pepp_1305_7_one.mp4;C:\Users\esthe\Downloads\pepper 13\Pepp_1305_8_five.mp4;C:\Users\esthe\Downloads\pepper 13\Pepp_1305_9_three.mp4;C:\Users\esthe\Downloads\pepper 13\VID_20250513_075924.mp4;C:\Users\esthe\Downloads\pepper 13\VID_20250513_080113.mp4,0.0,7.567;7.699;6.266;6.058;9.627;13.820;6.897;7.797;8.327;8.335;6.494;8.857;2.241,30.000;30.000;30.000;120.000;120.000;30.000;30.000;240.000;120.000;30.000;30.000;120.000;120.000,Pepper,assessing,,,STOP,29.911,C:\Users\esthe\Downloads\pepper 13\Pepp_1305_16_seven.mp4,70,NA,
Pepp_1305,2025-06-09 19:21:39.009,,87.845,Media file(s),player #1:C:\Users\esthe\Downloads\pepper 13\Pepp_1305_10_three.mp4;C:\Users\esthe\Downloads\pepper 13\Pepp_1305_11_three.mp4;C:\Users\esthe\Downloads\pepper 13\Pepp_1305_12_five.mp4;C:\Users\esthe\Downloads\pepper 13\Pepp_1305_15_seven.mp4;C:\Users\esthe\Downloads\pepper 13\Pepp_1305_16_seven.mp4;C:\Users\esthe\Downloads\pepper 13\Pepp_1305_4_five.mp4;C:\Users\esthe\Downloads\pepper 13\Pepp_1305_5_seven.mp4;C:\Users\esthe\Downloads\pepper 13\Pepp_1305_6_three.mp4;C:\Users\esthe\Downloads\pepper 13\Pepp_1305_7_one.mp4;C:\Users\esthe\Downloads\pepper 13\Pepp_1305_8_five.mp4;C:\Users\esthe\Downloads\pepper 13\Pepp_1305_9_three.mp4;C:\Users\esthe\Downloads\pepper 13\VID_20250513_075924.mp4;C:\Users\esthe\Downloads\pepper 13\VID_20250513_080113.mp4,0.0,7.567;7.699;6.266;6.058;9.627;13.820;6.897;7.797;8.327;8.335;6.494;8.857;2.241,30.000;30.000;30.000;120.000;120.000;30.000;30.000;240.000;120.000;30.000;30.000;120.000;120.000,Pepper,target,,,START,30.311,C:\Users\esthe\Downloads\pepper 13\Pepp_1305_16_seven.mp4,82,NA,
Pepp_1305,2025-06-09 19:21:39.009,,87.845,Media file(s),player #1:C:\Users\esthe\Downloads\pepper 13\Pepp_1305_10_three.mp4;C:\Users\esthe\Downloads\pepper 13\Pepp_1305_11_three.mp4;C:\Users\esthe\Downloads\pepper 13\Pepp_1305_12_five.mp4;C:\Users\esthe\Downloads\pepper 13\Pepp_1305_15_seven.mp4;C:\Users\esthe\Downloads\pepper 13\Pepp_1305_16_seven.mp4;C:\Users\esthe\Downloads\pepper 13\Pepp_1305_4_five.mp4;C:\Users\esthe\Downloads\pepper 13\Pepp_1305_5_seven.mp4;C:\Users\esthe\Downloads\pepper 13\Pepp_1305_6_three.mp4;C:\Users\esthe\Downloads\pepper 13\Pepp_1305_7_one.mp4;C:\Users\esthe\Downloads\pepper 13\Pepp_1305_8_five.mp4;C:\Users\esthe\Downloads\pepper 13\Pepp_1305_9_three.mp4;C:\Users\esthe\Downloads\pepper 13\VID_20250513_075924.mp4;C:\Users\esthe\Downloads\pepper 13\VID_20250513_080113.mp4,0.0,7.567;7.699;6.266;6.058;9.627;13.820;6.897;7.797;8.327;8.335;6.494;8.857;2.241,30.000;30.000;30.000;120.000;120.000;30.000;30.000;240.000;120.000;30.000;30.000;120.000;120.000,Pepper,target,,,STOP,37.047,C:\Users\esthe\Downloads\pepper 13\Pepp_1305_16_seven.mp4,284,NA,
Pepp_1305,2025-06-09 19:21:39.009,,87.845,Media file(s),player #1:C:\Users\esthe\Downloads\pepper 13\Pepp_1305_10_three.mp4;C:\Users\esthe\Downloads\pepper 13\Pepp_1305_11_three.mp4;C:\Users\esthe\Downloads\pepper 13\Pepp_1305_12_five.mp4;C:\Users\esthe\Downloads\pepper 13\Pepp_1305_15_seven.mp4;C:\Users\esthe\Downloads\pepper 13\Pepp_1305_16_seven.mp4;C:\Users\esthe\Downloads\pepper 13\Pepp_1305_4_five.mp4;C:\Users\esthe\Downloads\pepper 13\Pepp_1305_5_seven.mp4;C:\Users\esthe\Downloads\pepper 13\Pepp_1305_6_three.mp4;C:\Users\esthe\Downloads\pepper 13\Pepp_1305_7_one.mp4;C:\Users\esthe\Downloads\pepper 13\Pepp_1305_8_five.mp4;C:\Users\esthe\Downloads\pepper 13\Pepp_1305_9_three.mp4;C:\Users\esthe\Downloads\pepper 13\VID_20250513_075924.mp4;C:\Users\esthe\Downloads\pepper 13\VID_20250513_080113.mp4,0.0,7.567;7.699;6.266;6.058;9.627;13.820;6.897;7.797;8.327;8.335;6.494;8.857;2.241,30.000;30.000;30.000;120.000;120.000;30.000;30.000;240.000;120.000;30.000;30.000;120.000;120.000,Pepper,sniffing,,,POINT,37.381,C:\Users\esthe\Downloads\pepper 13\Pepp_1305_4_five.mp4,5,NA,
Pepp_1305,2025-06-09 19:21:39.009,,87.845,Media file(s),player #1:C:\Users\esthe\Downloads\pepper 13\Pepp_1305_10_three.mp4;C:\Users\esthe\Downloads\pepper 13\Pepp_1305_11_three.mp4;C:\Users\esthe\Downloads\pepper 13\Pepp_1305_12_five.mp4;C:\Users\esthe\Downloads\pepper 13\Pepp_1305_15_seven.mp4;C:\Users\esthe\Downloads\pepper 13\Pepp_1305_16_seven.mp4;C:\Users\esthe\Downloads\pepper 13\Pepp_1305_4_five.mp4;C:\Users\esthe\Downloads\pepper 13\Pepp_1305_5_seven.mp4;C:\Users\esthe\Downloads\pepper 13\Pepp_1305_6_three.mp4;C:\Users\esthe\Downloads\pepper 13\Pepp_1305_7_one.mp4;C:\Users\esthe\Downloads\pepper 13\Pepp_1305_8_five.mp4;C:\Users\esthe\Downloads\pepper 13\Pepp_1305_9_three.mp4;C:\Users\esthe\Downloads\pepper 13\VID_20250513_075924.mp4;C:\Users\esthe\Downloads\pepper 13\VID_20250513_080113.mp4,0.0,7.567;7.699;6.266;6.058;9.627;13.820;6.897;7.797;8.327;8.335;6.494;8.857;2.241,30.000;30.000;30.000;120.000;120.000;30.000;30.000;240.000;120.000;30.000;30.000;120.000;120.000,Pepper,ear clapping,,,POINT,37.447,C:\Users\esthe\Downloads\pepper 13\Pepp_1305_4_five.mp4,7,NA,
Pepp_1305,2025-06-09 19:21:39.009,,87.845,Media file(s),player #1:C:\Users\esthe\Downloads\pepper 13\Pepp_1305_10_three.mp4;C:\Users\esthe\Downloads\pepper 13\Pepp_1305_11_three.mp4;C:\Users\esthe\Downloads\pepper 13\Pepp_1305_12_five.mp4;C:\Users\esthe\Downloads\pepper 13\Pepp_1305_15_seven.mp4;C:\Users\esthe\Downloads\pepper 13\Pepp_1305_16_seven.mp4;C:\Users\esthe\Downloads\pepper 13\Pepp_1305_4_five.mp4;C:\Users\esthe\Downloads\pepper 13\Pepp_1305_5_seven.mp4;C:\Users\esthe\Downloads\pepper 13\Pepp_1305_6_three.mp4;C:\Users\esthe\Downloads\pepper 13\Pepp_1305_7_one.mp4;C:\Users\esthe\Downloads\pepper 13\Pepp_1305_8_five.mp4;C:\Users\esthe\Downloads\pepper 13\Pepp_1305_9_three.mp4;C:\Users\esthe\Downloads\pepper 13\VID_20250513_075924.mp4;C:\Users\esthe\Downloads\pepper 13\VID_20250513_080113.mp4,0.0,7.567;7.699;6.266;6.058;9.627;13.820;6.897;7.797;8.327;8.335;6.494;8.857;2.241,30.000;30.000;30.000;120.000;120.000;30.000;30.000;240.000;120.000;30.000;30.000;120.000;120.000,Pepper,bending,,,START,37.481,C:\Users\esthe\Downloads\pepper 13\Pepp_1305_4_five.mp4,8,NA,
Pepp_1305,2025-06-09 19:21:39.009,,87.845,Media file(s),player #1:C:\Users\esthe\Downloads\pepper 13\Pepp_1305_10_three.mp4;C:\Users\esthe\Downloads\pepper 13\Pepp_1305_11_three.mp4;C:\Users\esthe\Downloads\pepper 13\Pepp_1305_12_five.mp4;C:\Users\esthe\Downloads\pepper 13\Pepp_1305_15_seven.mp4;C:\Users\esthe\Downloads\pepper 13\Pepp_1305_16_seven.mp4;C:\Users\esthe\Downloads\pepper 13\Pepp_1305_4_five.mp4;C:\Users\esthe\Downloads\pepper 13\Pepp_1305_5_seven.mp4;C:\Users\esthe\Downloads\pepper 13\Pepp_1305_6_three.mp4;C:\Users\esthe\Downloads\pepper 13\Pepp_1305_7_one.mp4;C:\Users\esthe\Downloads\pepper 13\Pepp_1305_8_five.mp4;C:\Users\esthe\Downloads\pepper 13\Pepp_1305_9_three.mp4;C:\Users\esthe\Downloads\pepper 13\VID_20250513_075924.mp4;C:\Users\esthe\Downloads\pepper 13\VID_20250513_080113.mp4,0.0,7.567;7.699;6.266;6.058;9.627;13.820;6.897;7.797;8.327;8.335;6.494;8.857;2.241,30.000;30.000;30.000;120.000;120.000;30.000;30.000;240.000;120.000;30.000;30.000;120.000;120.000,Pepper,grabbing peanut,,,POINT,37.647,C:\Users\esthe\Downloads\pepper 13\Pepp_1305_4_five.mp4,13,NA,
Pepp_1305,2025-06-09 19:21:39.009,,87.845,Media file(s),player #1:C:\Users\esthe\Downloads\pepper 13\Pepp_1305_10_three.mp4;C:\Users\esthe\Downloads\pepper 13\Pepp_1305_11_three.mp4;C:\Users\esthe\Downloads\pepper 13\Pepp_1305_12_five.mp4;C:\Users\esthe\Downloads\pepper 13\Pepp_1305_15_seven.mp4;C:\Users\esthe\Downloads\pepper 13\Pepp_1305_16_seven.mp4;C:\Users\esthe\Downloads\pepper 13\Pepp_1305_4_five.mp4;C:\Users\esthe\Downloads\pepper 13\Pepp_1305_5_seven.mp4;C:\Users\esthe\Downloads\pepper 13\Pepp_1305_6_three.mp4;C:\Users\esthe\Downloads\pepper 13\Pepp_1305_7_one.mp4;C:\Users\esthe\Downloads\pepper 13\Pepp_1305_8_five.mp4;C:\Users\esthe\Downloads\pepper 13\Pepp_1305_9_three.mp4;C:\Users\esthe\Downloads\pepper 13\VID_20250513_075924.mp4;C:\Users\esthe\Downloads\pepper 13\VID_20250513_080113.mp4,0.0,7.567;7.699;6.266;6.058;9.627;13.820;6.897;7.797;8.327;8.335;6.494;8.857;2.241,30.000;30.000;30.000;120.000;120.000;30.000;30.000;240.000;120.000;30.000;30.000;120.000;120.000,Pepper,bending,,,STOP,37.814,C:\Users\esthe\Downloads\pepper 13\Pepp_1305_4_five.mp4,18,NA,
Pepp_1305,2025-06-09 19:21:39.009,,87.845,Media file(s),player #1:C:\Users\esthe\Downloads\pepper 13\Pepp_1305_10_three.mp4;C:\Users\esthe\Downloads\pepper 13\Pepp_1305_11_three.mp4;C:\Users\esthe\Downloads\pepper 13\Pepp_1305_12_five.mp4;C:\Users\esthe\Downloads\pepper 13\Pepp_1305_15_seven.mp4;C:\Users\esthe\Downloads\pepper 13\Pepp_1305_16_seven.mp4;C:\Users\esthe\Downloads\pepper 13\Pepp_1305_4_five.mp4;C:\Users\esthe\Downloads\pepper 13\Pepp_1305_5_seven.mp4;C:\Users\esthe\Downloads\pepper 13\Pepp_1305_6_three.mp4;C:\Users\esthe\Downloads\pepper 13\Pepp_1305_7_one.mp4;C:\Users\esthe\Downloads\pepper 13\Pepp_1305_8_five.mp4;C:\Users\esthe\Downloads\pepper 13\Pepp_1305_9_three.mp4;C:\Users\esthe\Downloads\pepper 13\VID_20250513_075924.mp4;C:\Users\esthe\Downloads\pepper 13\VID_20250513_080113.mp4,0.0,7.567;7.699;6.266;6.058;9.627;13.820;6.897;7.797;8.327;8.335;6.494;8.857;2.241,30.000;30.000;30.000;120.000;120.000;30.000;30.000;240.000;120.000;30.000;30.000;120.000;120.000,Pepper,lifting,,,START,37.914,C:\Users\esthe\Downloads\pepper 13\Pepp_1305_4_five.mp4,21,NA,
Pepp_1305,2025-06-09 19:21:39.009,,87.845,Media file(s),player #1:C:\Users\esthe\Downloads\pepper 13\Pepp_1305_10_three.mp4;C:\Users\esthe\Downloads\pepper 13\Pepp_1305_11_three.mp4;C:\Users\esthe\Downloads\pepper 13\Pepp_1305_12_five.mp4;C:\Users\esthe\Downloads\pepper 13\Pepp_1305_15_seven.mp4;C:\Users\esthe\Downloads\pepper 13\Pepp_1305_16_seven.mp4;C:\Users\esthe\Downloads\pepper 13\Pepp_1305_4_five.mp4;C:\Users\esthe\Downloads\pepper 13\Pepp_1305_5_seven.mp4;C:\Users\esthe\Downloads\pepper 13\Pepp_1305_6_three.mp4;C:\Users\esthe\Downloads\pepper 13\Pepp_1305_7_one.mp4;C:\Users\esthe\Downloads\pepper 13\Pepp_1305_8_five.mp4;C:\Users\esthe\Downloads\pepper 13\Pepp_1305_9_three.mp4;C:\Users\esthe\Downloads\pepper 13\VID_20250513_075924.mp4;C:\Users\esthe\Downloads\pepper 13\VID_20250513_080113.mp4,0.0,7.567;7.699;6.266;6.058;9.627;13.820;6.897;7.797;8.327;8.335;6.494;8.857;2.241,30.000;30.000;30.000;120.000;120.000;30.000;30.000;240.000;120.000;30.000;30.000;120.000;120.000,Pepper,lifting,,,STOP,38.247,C:\Users\esthe\Downloads\pepper 13\Pepp_1305_4_five.mp4,31,NA,
Pepp_1305,2025-06-09 19:21:39.009,,87.845,Media file(s),player #1:C:\Users\esthe\Downloads\pepper 13\Pepp_1305_10_three.mp4;C:\Users\esthe\Downloads\pepper 13\Pepp_1305_11_three.mp4;C:\Users\esthe\Downloads\pepper 13\Pepp_1305_12_five.mp4;C:\Users\esthe\Downloads\pepper 13\Pepp_1305_15_seven.mp4;C:\Users\esthe\Downloads\pepper 13\Pepp_1305_16_seven.mp4;C:\Users\esthe\Downloads\pepper 13\Pepp_1305_4_five.mp4;C:\Users\esthe\Downloads\pepper 13\Pepp_1305_5_seven.mp4;C:\Users\esthe\Downloads\pepper 13\Pepp_1305_6_three.mp4;C:\Users\esthe\Downloads\pepper 13\Pepp_1305_7_one.mp4;C:\Users\esthe\Downloads\pepper 13\Pepp_1305_8_five.mp4;C:\Users\esthe\Downloads\pepper 13\Pepp_1305_9_three.mp4;C:\Users\esthe\Downloads\pepper 13\VID_20250513_075924.mp4;C:\Users\esthe\Downloads\pepper 13\VID_20250513_080113.mp4,0.0,7.567;7.699;6.266;6.058;9.627;13.820;6.897;7.797;8.327;8.335;6.494;8.857;2.241,30.000;30.000;30.000;120.000;120.000;30.000;30.000;240.000;120.000;30.000;30.000;120.000;120.000,Pepper,assessing,,,START,38.281,C:\Users\esthe\Downloads\pepper 13\Pepp_1305_4_five.mp4,32,NA,
Pepp_1305,2025-06-09 19:21:39.009,,87.845,Media file(s),player #1:C:\Users\esthe\Downloads\pepper 13\Pepp_1305_10_three.mp4;C:\Users\esthe\Downloads\pepper 13\Pepp_1305_11_three.mp4;C:\Users\esthe\Downloads\pepper 13\Pepp_1305_12_five.mp4;C:\Users\esthe\Downloads\pepper 13\Pepp_1305_15_seven.mp4;C:\Users\esthe\Downloads\pepper 13\Pepp_1305_16_seven.mp4;C:\Users\esthe\Downloads\pepper 13\Pepp_1305_4_five.mp4;C:\Users\esthe\Downloads\pepper 13\Pepp_1305_5_seven.mp4;C:\Users\esthe\Downloads\pepper 13\Pepp_1305_6_three.mp4;C:\Users\esthe\Downloads\pepper 13\Pepp_1305_7_one.mp4;C:\Users\esthe\Downloads\pepper 13\Pepp_1305_8_five.mp4;C:\Users\esthe\Downloads\pepper 13\Pepp_1305_9_three.mp4;C:\Users\esthe\Downloads\pepper 13\VID_20250513_075924.mp4;C:\Users\esthe\Downloads\pepper 13\VID_20250513_080113.mp4,0.0,7.567;7.699;6.266;6.058;9.627;13.820;6.897;7.797;8.327;8.335;6.494;8.857;2.241,30.000;30.000;30.000;120.000;120.000;30.000;30.000;240.000;120.000;30.000;30.000;120.000;120.000,Pepper,jaw movement,,,POINT,38.347,C:\Users\esthe\Downloads\pepper 13\Pepp_1305_4_five.mp4,34,NA,
Pepp_1305,2025-06-09 19:21:39.009,,87.845,Media file(s),player #1:C:\Users\esthe\Downloads\pepper 13\Pepp_1305_10_three.mp4;C:\Users\esthe\Downloads\pepper 13\Pepp_1305_11_three.mp4;C:\Users\esthe\Downloads\pepper 13\Pepp_1305_12_five.mp4;C:\Users\esthe\Downloads\pepper 13\Pepp_1305_15_seven.mp4;C:\Users\esthe\Downloads\pepper 13\Pepp_1305_16_seven.mp4;C:\Users\esthe\Downloads\pepper 13\Pepp_1305_4_five.mp4;C:\Users\esthe\Downloads\pepper 13\Pepp_1305_5_seven.mp4;C:\Users\esthe\Downloads\pepper 13\Pepp_1305_6_three.mp4;C:\Users\esthe\Downloads\pepper 13\Pepp_1305_7_one.mp4;C:\Users\esthe\Downloads\pepper 13\Pepp_1305_8_five.mp4;C:\Users\esthe\Downloads\pepper 13\Pepp_1305_9_three.mp4;C:\Users\esthe\Downloads\pepper 13\VID_20250513_075924.mp4;C:\Users\esthe\Downloads\pepper 13\VID_20250513_080113.mp4,0.0,7.567;7.699;6.266;6.058;9.627;13.820;6.897;7.797;8.327;8.335;6.494;8.857;2.241,30.000;30.000;30.000;120.000;120.000;30.000;30.000;240.000;120.000;30.000;30.000;120.000;120.000,Pepper,translational movement,,,POINT,38.447,C:\Users\esthe\Downloads\pepper 13\Pepp_1305_4_five.mp4,37,NA,
Pepp_1305,2025-06-09 19:21:39.009,,87.845,Media file(s),player #1:C:\Users\esthe\Downloads\pepper 13\Pepp_1305_10_three.mp4;C:\Users\esthe\Downloads\pepper 13\Pepp_1305_11_three.mp4;C:\Users\esthe\Downloads\pepper 13\Pepp_1305_12_five.mp4;C:\Users\esthe\Downloads\pepper 13\Pepp_1305_15_seven.mp4;C:\Users\esthe\Downloads\pepper 13\Pepp_1305_16_seven.mp4;C:\Users\esthe\Downloads\pepper 13\Pepp_1305_4_five.mp4;C:\Users\esthe\Downloads\pepper 13\Pepp_1305_5_seven.mp4;C:\Users\esthe\Downloads\pepper 13\Pepp_1305_6_three.mp4;C:\Users\esthe\Downloads\pepper 13\Pepp_1305_7_one.mp4;C:\Users\esthe\Downloads\pepper 13\Pepp_1305_8_five.mp4;C:\Users\esthe\Downloads\pepper 13\Pepp_1305_9_three.mp4;C:\Users\esthe\Downloads\pepper 13\VID_20250513_075924.mp4;C:\Users\esthe\Downloads\pepper 13\VID_20250513_080113.mp4,0.0,7.567;7.699;6.266;6.058;9.627;13.820;6.897;7.797;8.327;8.335;6.494;8.857;2.241,30.000;30.000;30.000;120.000;120.000;30.000;30.000;240.000;120.000;30.000;30.000;120.000;120.000,Pepper,licking,,,POINT,38.514,C:\Users\esthe\Downloads\pepper 13\Pepp_1305_4_five.mp4,39,NA,
Pepp_1305,2025-06-09 19:21:39.009,,87.845,Media file(s),player #1:C:\Users\esthe\Downloads\pepper 13\Pepp_1305_10_three.mp4;C:\Users\esthe\Downloads\pepper 13\Pepp_1305_11_three.mp4;C:\Users\esthe\Downloads\pepper 13\Pepp_1305_12_five.mp4;C:\Users\esthe\Downloads\pepper 13\Pepp_1305_15_seven.mp4;C:\Users\esthe\Downloads\pepper 13\Pepp_1305_16_seven.mp4;C:\Users\esthe\Downloads\pepper 13\Pepp_1305_4_five.mp4;C:\Users\esthe\Downloads\pepper 13\Pepp_1305_5_seven.mp4;C:\Users\esthe\Downloads\pepper 13\Pepp_1305_6_three.mp4;C:\Users\esthe\Downloads\pepper 13\Pepp_1305_7_one.mp4;C:\Users\esthe\Downloads\pepper 13\Pepp_1305_8_five.mp4;C:\Users\esthe\Downloads\pepper 13\Pepp_1305_9_three.mp4;C:\Users\esthe\Downloads\pepper 13\VID_20250513_075924.mp4;C:\Users\esthe\Downloads\pepper 13\VID_20250513_080113.mp4,0.0,7.567;7.699;6.266;6.058;9.627;13.820;6.897;7.797;8.327;8.335;6.494;8.857;2.241,30.000;30.000;30.000;120.000;120.000;30.000;30.000;240.000;120.000;30.000;30.000;120.000;120.000,Pepper,jaw movement,,,POINT,38.580,C:\Users\esthe\Downloads\pepper 13\Pepp_1305_4_five.mp4,41,NA,
Pepp_1305,2025-06-09 19:21:39.009,,87.845,Media file(s),player #1:C:\Users\esthe\Downloads\pepper 13\Pepp_1305_10_three.mp4;C:\Users\esthe\Downloads\pepper 13\Pepp_1305_11_three.mp4;C:\Users\esthe\Downloads\pepper 13\Pepp_1305_12_five.mp4;C:\Users\esthe\Downloads\pepper 13\Pepp_1305_15_seven.mp4;C:\Users\esthe\Downloads\pepper 13\Pepp_1305_16_seven.mp4;C:\Users\esthe\Downloads\pepper 13\Pepp_1305_4_five.mp4;C:\Users\esthe\Downloads\pepper 13\Pepp_1305_5_seven.mp4;C:\Users\esthe\Downloads\pepper 13\Pepp_1305_6_three.mp4;C:\Users\esthe\Downloads\pepper 13\Pepp_1305_7_one.mp4;C:\Users\esthe\Downloads\pepper 13\Pepp_1305_8_five.mp4;C:\Users\esthe\Downloads\pepper 13\Pepp_1305_9_three.mp4;C:\Users\esthe\Downloads\pepper 13\VID_20250513_075924.mp4;C:\Users\esthe\Downloads\pepper 13\VID_20250513_080113.mp4,0.0,7.567;7.699;6.266;6.058;9.627;13.820;6.897;7.797;8.327;8.335;6.494;8.857;2.241,30.000;30.000;30.000;120.000;120.000;30.000;30.000;240.000;120.000;30.000;30.000;120.000;120.000,Pepper,jaw movement,,,POINT,38.880,C:\Users\esthe\Downloads\pepper 13\Pepp_1305_4_five.mp4,50,NA,
Pepp_1305,2025-06-09 19:21:39.009,,87.845,Media file(s),player #1:C:\Users\esthe\Downloads\pepper 13\Pepp_1305_10_three.mp4;C:\Users\esthe\Downloads\pepper 13\Pepp_1305_11_three.mp4;C:\Users\esthe\Downloads\pepper 13\Pepp_1305_12_five.mp4;C:\Users\esthe\Downloads\pepper 13\Pepp_1305_15_seven.mp4;C:\Users\esthe\Downloads\pepper 13\Pepp_1305_16_seven.mp4;C:\Users\esthe\Downloads\pepper 13\Pepp_1305_4_five.mp4;C:\Users\esthe\Downloads\pepper 13\Pepp_1305_5_seven.mp4;C:\Users\esthe\Downloads\pepper 13\Pepp_1305_6_three.mp4;C:\Users\esthe\Downloads\pepper 13\Pepp_1305_7_one.mp4;C:\Users\esthe\Downloads\pepper 13\Pepp_1305_8_five.mp4;C:\Users\esthe\Downloads\pepper 13\Pepp_1305_9_three.mp4;C:\Users\esthe\Downloads\pepper 13\VID_20250513_075924.mp4;C:\Users\esthe\Downloads\pepper 13\VID_20250513_080113.mp4,0.0,7.567;7.699;6.266;6.058;9.627;13.820;6.897;7.797;8.327;8.335;6.494;8.857;2.241,30.000;30.000;30.000;120.000;120.000;30.000;30.000;240.000;120.000;30.000;30.000;120.000;120.000,Pepper,jaw movement,,,POINT,39.280,C:\Users\esthe\Downloads\pepper 13\Pepp_1305_4_five.mp4,62,NA,
Pepp_1305,2025-06-09 19:21:39.009,,87.845,Media file(s),player #1:C:\Users\esthe\Downloads\pepper 13\Pepp_1305_10_three.mp4;C:\Users\esthe\Downloads\pepper 13\Pepp_1305_11_three.mp4;C:\Users\esthe\Downloads\pepper 13\Pepp_1305_12_five.mp4;C:\Users\esthe\Downloads\pepper 13\Pepp_1305_15_seven.mp4;C:\Users\esthe\Downloads\pepper 13\Pepp_1305_16_seven.mp4;C:\Users\esthe\Downloads\pepper 13\Pepp_1305_4_five.mp4;C:\Users\esthe\Downloads\pepper 13\Pepp_1305_5_seven.mp4;C:\Users\esthe\Downloads\pepper 13\Pepp_1305_6_three.mp4;C:\Users\esthe\Downloads\pepper 13\Pepp_1305_7_one.mp4;C:\Users\esthe\Downloads\pepper 13\Pepp_1305_8_five.mp4;C:\Users\esthe\Downloads\pepper 13\Pepp_1305_9_three.mp4;C:\Users\esthe\Downloads\pepper 13\VID_20250513_075924.mp4;C:\Users\esthe\Downloads\pepper 13\VID_20250513_080113.mp4,0.0,7.567;7.699;6.266;6.058;9.627;13.820;6.897;7.797;8.327;8.335;6.494;8.857;2.241,30.000;30.000;30.000;120.000;120.000;30.000;30.000;240.000;120.000;30.000;30.000;120.000;120.000,Pepper,mouth,,,POINT,39.480,C:\Users\esthe\Downloads\pepper 13\Pepp_1305_4_five.mp4,68,NA,
Pepp_1305,2025-06-09 19:21:39.009,,87.845,Media file(s),player #1:C:\Users\esthe\Downloads\pepper 13\Pepp_1305_10_three.mp4;C:\Users\esthe\Downloads\pepper 13\Pepp_1305_11_three.mp4;C:\Users\esthe\Downloads\pepper 13\Pepp_1305_12_five.mp4;C:\Users\esthe\Downloads\pepper 13\Pepp_1305_15_seven.mp4;C:\Users\esthe\Downloads\pepper 13\Pepp_1305_16_seven.mp4;C:\Users\esthe\Downloads\pepper 13\Pepp_1305_4_five.mp4;C:\Users\esthe\Downloads\pepper 13\Pepp_1305_5_seven.mp4;C:\Users\esthe\Downloads\pepper 13\Pepp_1305_6_three.mp4;C:\Users\esthe\Downloads\pepper 13\Pepp_1305_7_one.mp4;C:\Users\esthe\Downloads\pepper 13\Pepp_1305_8_five.mp4;C:\Users\esthe\Downloads\pepper 13\Pepp_1305_9_three.mp4;C:\Users\esthe\Downloads\pepper 13\VID_20250513_075924.mp4;C:\Users\esthe\Downloads\pepper 13\VID_20250513_080113.mp4,0.0,7.567;7.699;6.266;6.058;9.627;13.820;6.897;7.797;8.327;8.335;6.494;8.857;2.241,30.000;30.000;30.000;120.000;120.000;30.000;30.000;240.000;120.000;30.000;30.000;120.000;120.000,Pepper,assessing,,,STOP,39.514,C:\Users\esthe\Downloads\pepper 13\Pepp_1305_4_five.mp4,69,NA,
Pepp_1305,2025-06-09 19:21:39.009,,87.845,Media file(s),player #1:C:\Users\esthe\Downloads\pepper 13\Pepp_1305_10_three.mp4;C:\Users\esthe\Downloads\pepper 13\Pepp_1305_11_three.mp4;C:\Users\esthe\Downloads\pepper 13\Pepp_1305_12_five.mp4;C:\Users\esthe\Downloads\pepper 13\Pepp_1305_15_seven.mp4;C:\Users\esthe\Downloads\pepper 13\Pepp_1305_16_seven.mp4;C:\Users\esthe\Downloads\pepper 13\Pepp_1305_4_five.mp4;C:\Users\esthe\Downloads\pepper 13\Pepp_1305_5_seven.mp4;C:\Users\esthe\Downloads\pepper 13\Pepp_1305_6_three.mp4;C:\Users\esthe\Downloads\pepper 13\Pepp_1305_7_one.mp4;C:\Users\esthe\Downloads\pepper 13\Pepp_1305_8_five.mp4;C:\Users\esthe\Downloads\pepper 13\Pepp_1305_9_three.mp4;C:\Users\esthe\Downloads\pepper 13\VID_20250513_075924.mp4;C:\Users\esthe\Downloads\pepper 13\VID_20250513_080113.mp4,0.0,7.567;7.699;6.266;6.058;9.627;13.820;6.897;7.797;8.327;8.335;6.494;8.857;2.241,30.000;30.000;30.000;120.000;120.000;30.000;30.000;240.000;120.000;30.000;30.000;120.000;120.000,Pepper,target,,,START,39.580,C:\Users\esthe\Downloads\pepper 13\Pepp_1305_4_five.mp4,71,NA,
Pepp_1305,2025-06-09 19:21:39.009,,87.845,Media file(s),player #1:C:\Users\esthe\Downloads\pepper 13\Pepp_1305_10_three.mp4;C:\Users\esthe\Downloads\pepper 13\Pepp_1305_11_three.mp4;C:\Users\esthe\Downloads\pepper 13\Pepp_1305_12_five.mp4;C:\Users\esthe\Downloads\pepper 13\Pepp_1305_15_seven.mp4;C:\Users\esthe\Downloads\pepper 13\Pepp_1305_16_seven.mp4;C:\Users\esthe\Downloads\pepper 13\Pepp_1305_4_five.mp4;C:\Users\esthe\Downloads\pepper 13\Pepp_1305_5_seven.mp4;C:\Users\esthe\Downloads\pepper 13\Pepp_1305_6_three.mp4;C:\Users\esthe\Downloads\pepper 13\Pepp_1305_7_one.mp4;C:\Users\esthe\Downloads\pepper 13\Pepp_1305_8_five.mp4;C:\Users\esthe\Downloads\pepper 13\Pepp_1305_9_three.mp4;C:\Users\esthe\Downloads\pepper 13\VID_20250513_075924.mp4;C:\Users\esthe\Downloads\pepper 13\VID_20250513_080113.mp4,0.0,7.567;7.699;6.266;6.058;9.627;13.820;6.897;7.797;8.327;8.335;6.494;8.857;2.241,30.000;30.000;30.000;120.000;120.000;30.000;30.000;240.000;120.000;30.000;30.000;120.000;120.000,Pepper,pause,,,START,43.469,C:\Users\esthe\Downloads\pepper 13\Pepp_1305_4_five.mp4,188,NA,
Pepp_1305,2025-06-09 19:21:39.009,,87.845,Media file(s),player #1:C:\Users\esthe\Downloads\pepper 13\Pepp_1305_10_three.mp4;C:\Users\esthe\Downloads\pepper 13\Pepp_1305_11_three.mp4;C:\Users\esthe\Downloads\pepper 13\Pepp_1305_12_five.mp4;C:\Users\esthe\Downloads\pepper 13\Pepp_1305_15_seven.mp4;C:\Users\esthe\Downloads\pepper 13\Pepp_1305_16_seven.mp4;C:\Users\esthe\Downloads\pepper 13\Pepp_1305_4_five.mp4;C:\Users\esthe\Downloads\pepper 13\Pepp_1305_5_seven.mp4;C:\Users\esthe\Downloads\pepper 13\Pepp_1305_6_three.mp4;C:\Users\esthe\Downloads\pepper 13\Pepp_1305_7_one.mp4;C:\Users\esthe\Downloads\pepper 13\Pepp_1305_8_five.mp4;C:\Users\esthe\Downloads\pepper 13\Pepp_1305_9_three.mp4;C:\Users\esthe\Downloads\pepper 13\VID_20250513_075924.mp4;C:\Users\esthe\Downloads\pepper 13\VID_20250513_080113.mp4,0.0,7.567;7.699;6.266;6.058;9.627;13.820;6.897;7.797;8.327;8.335;6.494;8.857;2.241,30.000;30.000;30.000;120.000;120.000;30.000;30.000;240.000;120.000;30.000;30.000;120.000;120.000,Pepper,pause,,,STOP,43.902,C:\Users\esthe\Downloads\pepper 13\Pepp_1305_4_five.mp4,201,NA,
Pepp_1305,2025-06-09 19:21:39.009,,87.845,Media file(s),player #1:C:\Users\esthe\Downloads\pepper 13\Pepp_1305_10_three.mp4;C:\Users\esthe\Downloads\pepper 13\Pepp_1305_11_three.mp4;C:\Users\esthe\Downloads\pepper 13\Pepp_1305_12_five.mp4;C:\Users\esthe\Downloads\pepper 13\Pepp_1305_15_seven.mp4;C:\Users\esthe\Downloads\pepper 13\Pepp_1305_16_seven.mp4;C:\Users\esthe\Downloads\pepper 13\Pepp_1305_4_five.mp4;C:\Users\esthe\Downloads\pepper 13\Pepp_1305_5_seven.mp4;C:\Users\esthe\Downloads\pepper 13\Pepp_1305_6_three.mp4;C:\Users\esthe\Downloads\pepper 13\Pepp_1305_7_one.mp4;C:\Users\esthe\Downloads\pepper 13\Pepp_1305_8_five.mp4;C:\Users\esthe\Downloads\pepper 13\Pepp_1305_9_three.mp4;C:\Users\esthe\Downloads\pepper 13\VID_20250513_075924.mp4;C:\Users\esthe\Downloads\pepper 13\VID_20250513_080113.mp4,0.0,7.567;7.699;6.266;6.058;9.627;13.820;6.897;7.797;8.327;8.335;6.494;8.857;2.241,30.000;30.000;30.000;120.000;120.000;30.000;30.000;240.000;120.000;30.000;30.000;120.000;120.000,Pepper,pause,,,START,44.402,C:\Users\esthe\Downloads\pepper 13\Pepp_1305_4_five.mp4,216,NA,
Pepp_1305,2025-06-09 19:21:39.009,,87.845,Media file(s),player #1:C:\Users\esthe\Downloads\pepper 13\Pepp_1305_10_three.mp4;C:\Users\esthe\Downloads\pepper 13\Pepp_1305_11_three.mp4;C:\Users\esthe\Downloads\pepper 13\Pepp_1305_12_five.mp4;C:\Users\esthe\Downloads\pepper 13\Pepp_1305_15_seven.mp4;C:\Users\esthe\Downloads\pepper 13\Pepp_1305_16_seven.mp4;C:\Users\esthe\Downloads\pepper 13\Pepp_1305_4_five.mp4;C:\Users\esthe\Downloads\pepper 13\Pepp_1305_5_seven.mp4;C:\Users\esthe\Downloads\pepper 13\Pepp_1305_6_three.mp4;C:\Users\esthe\Downloads\pepper 13\Pepp_1305_7_one.mp4;C:\Users\esthe\Downloads\pepper 13\Pepp_1305_8_five.mp4;C:\Users\esthe\Downloads\pepper 13\Pepp_1305_9_three.mp4;C:\Users\esthe\Downloads\pepper 13\VID_20250513_075924.mp4;C:\Users\esthe\Downloads\pepper 13\VID_20250513_080113.mp4,0.0,7.567;7.699;6.266;6.058;9.627;13.820;6.897;7.797;8.327;8.335;6.494;8.857;2.241,30.000;30.000;30.000;120.000;120.000;30.000;30.000;240.000;120.000;30.000;30.000;120.000;120.000,Pepper,pause,,,STOP,47.368,C:\Users\esthe\Downloads\pepper 13\Pepp_1305_4_five.mp4,305,NA,
Pepp_1305,2025-06-09 19:21:39.009,,87.845,Media file(s),player #1:C:\Users\esthe\Downloads\pepper 13\Pepp_1305_10_three.mp4;C:\Users\esthe\Downloads\pepper 13\Pepp_1305_11_three.mp4;C:\Users\esthe\Downloads\pepper 13\Pepp_1305_12_five.mp4;C:\Users\esthe\Downloads\pepper 13\Pepp_1305_15_seven.mp4;C:\Users\esthe\Downloads\pepper 13\Pepp_1305_16_seven.mp4;C:\Users\esthe\Downloads\pepper 13\Pepp_1305_4_five.mp4;C:\Users\esthe\Downloads\pepper 13\Pepp_1305_5_seven.mp4;C:\Users\esthe\Downloads\pepper 13\Pepp_1305_6_three.mp4;C:\Users\esthe\Downloads\pepper 13\Pepp_1305_7_one.mp4;C:\Users\esthe\Downloads\pepper 13\Pepp_1305_8_five.mp4;C:\Users\esthe\Downloads\pepper 13\Pepp_1305_9_three.mp4;C:\Users\esthe\Downloads\pepper 13\VID_20250513_075924.mp4;C:\Users\esthe\Downloads\pepper 13\VID_20250513_080113.mp4,0.0,7.567;7.699;6.266;6.058;9.627;13.820;6.897;7.797;8.327;8.335;6.494;8.857;2.241,30.000;30.000;30.000;120.000;120.000;30.000;30.000;240.000;120.000;30.000;30.000;120.000;120.000,Pepper,pause,,,START,49.334,C:\Users\esthe\Downloads\pepper 13\Pepp_1305_4_five.mp4,364,NA,
Pepp_1305,2025-06-09 19:21:39.009,,87.845,Media file(s),player #1:C:\Users\esthe\Downloads\pepper 13\Pepp_1305_10_three.mp4;C:\Users\esthe\Downloads\pepper 13\Pepp_1305_11_three.mp4;C:\Users\esthe\Downloads\pepper 13\Pepp_1305_12_five.mp4;C:\Users\esthe\Downloads\pepper 13\Pepp_1305_15_seven.mp4;C:\Users\esthe\Downloads\pepper 13\Pepp_1305_16_seven.mp4;C:\Users\esthe\Downloads\pepper 13\Pepp_1305_4_five.mp4;C:\Users\esthe\Downloads\pepper 13\Pepp_1305_5_seven.mp4;C:\Users\esthe\Downloads\pepper 13\Pepp_1305_6_three.mp4;C:\Users\esthe\Downloads\pepper 13\Pepp_1305_7_one.mp4;C:\Users\esthe\Downloads\pepper 13\Pepp_1305_8_five.mp4;C:\Users\esthe\Downloads\pepper 13\Pepp_1305_9_three.mp4;C:\Users\esthe\Downloads\pepper 13\VID_20250513_075924.mp4;C:\Users\esthe\Downloads\pepper 13\VID_20250513_080113.mp4,0.0,7.567;7.699;6.266;6.058;9.627;13.820;6.897;7.797;8.327;8.335;6.494;8.857;2.241,30.000;30.000;30.000;120.000;120.000;30.000;30.000;240.000;120.000;30.000;30.000;120.000;120.000,Pepper,pause,,,STOP,50.701,C:\Users\esthe\Downloads\pepper 13\Pepp_1305_4_five.mp4,405,NA,
Pepp_1305,2025-06-09 19:21:39.009,,87.845,Media file(s),player #1:C:\Users\esthe\Downloads\pepper 13\Pepp_1305_10_three.mp4;C:\Users\esthe\Downloads\pepper 13\Pepp_1305_11_three.mp4;C:\Users\esthe\Downloads\pepper 13\Pepp_1305_12_five.mp4;C:\Users\esthe\Downloads\pepper 13\Pepp_1305_15_seven.mp4;C:\Users\esthe\Downloads\pepper 13\Pepp_1305_16_seven.mp4;C:\Users\esthe\Downloads\pepper 13\Pepp_1305_4_five.mp4;C:\Users\esthe\Downloads\pepper 13\Pepp_1305_5_seven.mp4;C:\Users\esthe\Downloads\pepper 13\Pepp_1305_6_three.mp4;C:\Users\esthe\Downloads\pepper 13\Pepp_1305_7_one.mp4;C:\Users\esthe\Downloads\pepper 13\Pepp_1305_8_five.mp4;C:\Users\esthe\Downloads\pepper 13\Pepp_1305_9_three.mp4;C:\Users\esthe\Downloads\pepper 13\VID_20250513_075924.mp4;C:\Users\esthe\Downloads\pepper 13\VID_20250513_080113.mp4,0.0,7.567;7.699;6.266;6.058;9.627;13.820;6.897;7.797;8.327;8.335;6.494;8.857;2.241,30.000;30.000;30.000;120.000;120.000;30.000;30.000;240.000;120.000;30.000;30.000;120.000;120.000,Pepper,target,,,STOP,50.967,C:\Users\esthe\Downloads\pepper 13\Pepp_1305_4_five.mp4,413,NA,
Pepp_1305,2025-06-09 19:21:39.009,,87.845,Media file(s),player #1:C:\Users\esthe\Downloads\pepper 13\Pepp_1305_10_three.mp4;C:\Users\esthe\Downloads\pepper 13\Pepp_1305_11_three.mp4;C:\Users\esthe\Downloads\pepper 13\Pepp_1305_12_five.mp4;C:\Users\esthe\Downloads\pepper 13\Pepp_1305_15_seven.mp4;C:\Users\esthe\Downloads\pepper 13\Pepp_1305_16_seven.mp4;C:\Users\esthe\Downloads\pepper 13\Pepp_1305_4_five.mp4;C:\Users\esthe\Downloads\pepper 13\Pepp_1305_5_seven.mp4;C:\Users\esthe\Downloads\pepper 13\Pepp_1305_6_three.mp4;C:\Users\esthe\Downloads\pepper 13\Pepp_1305_7_one.mp4;C:\Users\esthe\Downloads\pepper 13\Pepp_1305_8_five.mp4;C:\Users\esthe\Downloads\pepper 13\Pepp_1305_9_three.mp4;C:\Users\esthe\Downloads\pepper 13\VID_20250513_075924.mp4;C:\Users\esthe\Downloads\pepper 13\VID_20250513_080113.mp4,0.0,7.567;7.699;6.266;6.058;9.627;13.820;6.897;7.797;8.327;8.335;6.494;8.857;2.241,30.000;30.000;30.000;120.000;120.000;30.000;30.000;240.000;120.000;30.000;30.000;120.000;120.000,Pepper,explore,,,START,51.033,C:\Users\esthe\Downloads\pepper 13\Pepp_1305_4_five.mp4,0,NA,
Pepp_1305,2025-06-09 19:21:39.009,,87.845,Media file(s),player #1:C:\Users\esthe\Downloads\pepper 13\Pepp_1305_10_three.mp4;C:\Users\esthe\Downloads\pepper 13\Pepp_1305_11_three.mp4;C:\Users\esthe\Downloads\pepper 13\Pepp_1305_12_five.mp4;C:\Users\esthe\Downloads\pepper 13\Pepp_1305_15_seven.mp4;C:\Users\esthe\Downloads\pepper 13\Pepp_1305_16_seven.mp4;C:\Users\esthe\Downloads\pepper 13\Pepp_1305_4_five.mp4;C:\Users\esthe\Downloads\pepper 13\Pepp_1305_5_seven.mp4;C:\Users\esthe\Downloads\pepper 13\Pepp_1305_6_three.mp4;C:\Users\esthe\Downloads\pepper 13\Pepp_1305_7_one.mp4;C:\Users\esthe\Downloads\pepper 13\Pepp_1305_8_five.mp4;C:\Users\esthe\Downloads\pepper 13\Pepp_1305_9_three.mp4;C:\Users\esthe\Downloads\pepper 13\VID_20250513_075924.mp4;C:\Users\esthe\Downloads\pepper 13\VID_20250513_080113.mp4,0.0,7.567;7.699;6.266;6.058;9.627;13.820;6.897;7.797;8.327;8.335;6.494;8.857;2.241,30.000;30.000;30.000;120.000;120.000;30.000;30.000;240.000;120.000;30.000;30.000;120.000;120.000,Pepper,explore,,,STOP,51.500,C:\Users\esthe\Downloads\pepper 13\Pepp_1305_5_seven.mp4,14,NA,
Pepp_1305,2025-06-09 19:21:39.009,,87.845,Media file(s),player #1:C:\Users\esthe\Downloads\pepper 13\Pepp_1305_10_three.mp4;C:\Users\esthe\Downloads\pepper 13\Pepp_1305_11_three.mp4;C:\Users\esthe\Downloads\pepper 13\Pepp_1305_12_five.mp4;C:\Users\esthe\Downloads\pepper 13\Pepp_1305_15_seven.mp4;C:\Users\esthe\Downloads\pepper 13\Pepp_1305_16_seven.mp4;C:\Users\esthe\Downloads\pepper 13\Pepp_1305_4_five.mp4;C:\Users\esthe\Downloads\pepper 13\Pepp_1305_5_seven.mp4;C:\Users\esthe\Downloads\pepper 13\Pepp_1305_6_three.mp4;C:\Users\esthe\Downloads\pepper 13\Pepp_1305_7_one.mp4;C:\Users\esthe\Downloads\pepper 13\Pepp_1305_8_five.mp4;C:\Users\esthe\Downloads\pepper 13\Pepp_1305_9_three.mp4;C:\Users\esthe\Downloads\pepper 13\VID_20250513_075924.mp4;C:\Users\esthe\Downloads\pepper 13\VID_20250513_080113.mp4,0.0,7.567;7.699;6.266;6.058;9.627;13.820;6.897;7.797;8.327;8.335;6.494;8.857;2.241,30.000;30.000;30.000;120.000;120.000;30.000;30.000;240.000;120.000;30.000;30.000;120.000;120.000,Pepper,bending,,,START,52.133,C:\Users\esthe\Downloads\pepper 13\Pepp_1305_5_seven.mp4,33,NA,
Pepp_1305,2025-06-09 19:21:39.009,,87.845,Media file(s),player #1:C:\Users\esthe\Downloads\pepper 13\Pepp_1305_10_three.mp4;C:\Users\esthe\Downloads\pepper 13\Pepp_1305_11_three.mp4;C:\Users\esthe\Downloads\pepper 13\Pepp_1305_12_five.mp4;C:\Users\esthe\Downloads\pepper 13\Pepp_1305_15_seven.mp4;C:\Users\esthe\Downloads\pepper 13\Pepp_1305_16_seven.mp4;C:\Users\esthe\Downloads\pepper 13\Pepp_1305_4_five.mp4;C:\Users\esthe\Downloads\pepper 13\Pepp_1305_5_seven.mp4;C:\Users\esthe\Downloads\pepper 13\Pepp_1305_6_three.mp4;C:\Users\esthe\Downloads\pepper 13\Pepp_1305_7_one.mp4;C:\Users\esthe\Downloads\pepper 13\Pepp_1305_8_five.mp4;C:\Users\esthe\Downloads\pepper 13\Pepp_1305_9_three.mp4;C:\Users\esthe\Downloads\pepper 13\VID_20250513_075924.mp4;C:\Users\esthe\Downloads\pepper 13\VID_20250513_080113.mp4,0.0,7.567;7.699;6.266;6.058;9.627;13.820;6.897;7.797;8.327;8.335;6.494;8.857;2.241,30.000;30.000;30.000;120.000;120.000;30.000;30.000;240.000;120.000;30.000;30.000;120.000;120.000,Pepper,grabbing peanut,,,POINT,52.396,C:\Users\esthe\Downloads\pepper 13\Pepp_1305_5_seven.mp4,41,NA,
Pepp_1305,2025-06-09 19:21:39.009,,87.845,Media file(s),player #1:C:\Users\esthe\Downloads\pepper 13\Pepp_1305_10_three.mp4;C:\Users\esthe\Downloads\pepper 13\Pepp_1305_11_three.mp4;C:\Users\esthe\Downloads\pepper 13\Pepp_1305_12_five.mp4;C:\Users\esthe\Downloads\pepper 13\Pepp_1305_15_seven.mp4;C:\Users\esthe\Downloads\pepper 13\Pepp_1305_16_seven.mp4;C:\Users\esthe\Downloads\pepper 13\Pepp_1305_4_five.mp4;C:\Users\esthe\Downloads\pepper 13\Pepp_1305_5_seven.mp4;C:\Users\esthe\Downloads\pepper 13\Pepp_1305_6_three.mp4;C:\Users\esthe\Downloads\pepper 13\Pepp_1305_7_one.mp4;C:\Users\esthe\Downloads\pepper 13\Pepp_1305_8_five.mp4;C:\Users\esthe\Downloads\pepper 13\Pepp_1305_9_three.mp4;C:\Users\esthe\Downloads\pepper 13\VID_20250513_075924.mp4;C:\Users\esthe\Downloads\pepper 13\VID_20250513_080113.mp4,0.0,7.567;7.699;6.266;6.058;9.627;13.820;6.897;7.797;8.327;8.335;6.494;8.857;2.241,30.000;30.000;30.000;120.000;120.000;30.000;30.000;240.000;120.000;30.000;30.000;120.000;120.000,Pepper,bending,,,STOP,52.430,C:\Users\esthe\Downloads\pepper 13\Pepp_1305_5_seven.mp4,42,NA,
Pepp_1305,2025-06-09 19:21:39.009,,87.845,Media file(s),player #1:C:\Users\esthe\Downloads\pepper 13\Pepp_1305_10_three.mp4;C:\Users\esthe\Downloads\pepper 13\Pepp_1305_11_three.mp4;C:\Users\esthe\Downloads\pepper 13\Pepp_1305_12_five.mp4;C:\Users\esthe\Downloads\pepper 13\Pepp_1305_15_seven.mp4;C:\Users\esthe\Downloads\pepper 13\Pepp_1305_16_seven.mp4;C:\Users\esthe\Downloads\pepper 13\Pepp_1305_4_five.mp4;C:\Users\esthe\Downloads\pepper 13\Pepp_1305_5_seven.mp4;C:\Users\esthe\Downloads\pepper 13\Pepp_1305_6_three.mp4;C:\Users\esthe\Downloads\pepper 13\Pepp_1305_7_one.mp4;C:\Users\esthe\Downloads\pepper 13\Pepp_1305_8_five.mp4;C:\Users\esthe\Downloads\pepper 13\Pepp_1305_9_three.mp4;C:\Users\esthe\Downloads\pepper 13\VID_20250513_075924.mp4;C:\Users\esthe\Downloads\pepper 13\VID_20250513_080113.mp4,0.0,7.567;7.699;6.266;6.058;9.627;13.820;6.897;7.797;8.327;8.335;6.494;8.857;2.241,30.000;30.000;30.000;120.000;120.000;30.000;30.000;240.000;120.000;30.000;30.000;120.000;120.000,Pepper,lifting,,,START,52.430,C:\Users\esthe\Downloads\pepper 13\Pepp_1305_5_seven.mp4,42,NA,
Pepp_1305,2025-06-09 19:21:39.009,,87.845,Media file(s),player #1:C:\Users\esthe\Downloads\pepper 13\Pepp_1305_10_three.mp4;C:\Users\esthe\Downloads\pepper 13\Pepp_1305_11_three.mp4;C:\Users\esthe\Downloads\pepper 13\Pepp_1305_12_five.mp4;C:\Users\esthe\Downloads\pepper 13\Pepp_1305_15_seven.mp4;C:\Users\esthe\Downloads\pepper 13\Pepp_1305_16_seven.mp4;C:\Users\esthe\Downloads\pepper 13\Pepp_1305_4_five.mp4;C:\Users\esthe\Downloads\pepper 13\Pepp_1305_5_seven.mp4;C:\Users\esthe\Downloads\pepper 13\Pepp_1305_6_three.mp4;C:\Users\esthe\Downloads\pepper 13\Pepp_1305_7_one.mp4;C:\Users\esthe\Downloads\pepper 13\Pepp_1305_8_five.mp4;C:\Users\esthe\Downloads\pepper 13\Pepp_1305_9_three.mp4;C:\Users\esthe\Downloads\pepper 13\VID_20250513_075924.mp4;C:\Users\esthe\Downloads\pepper 13\VID_20250513_080113.mp4,0.0,7.567;7.699;6.266;6.058;9.627;13.820;6.897;7.797;8.327;8.335;6.494;8.857;2.241,30.000;30.000;30.000;120.000;120.000;30.000;30.000;240.000;120.000;30.000;30.000;120.000;120.000,Pepper,lifting,,,STOP,52.730,C:\Users\esthe\Downloads\pepper 13\Pepp_1305_5_seven.mp4,51,NA,
Pepp_1305,2025-06-09 19:21:39.009,,87.845,Media file(s),player #1:C:\Users\esthe\Downloads\pepper 13\Pepp_1305_10_three.mp4;C:\Users\esthe\Downloads\pepper 13\Pepp_1305_11_three.mp4;C:\Users\esthe\Downloads\pepper 13\Pepp_1305_12_five.mp4;C:\Users\esthe\Downloads\pepper 13\Pepp_1305_15_seven.mp4;C:\Users\esthe\Downloads\pepper 13\Pepp_1305_16_seven.mp4;C:\Users\esthe\Downloads\pepper 13\Pepp_1305_4_five.mp4;C:\Users\esthe\Downloads\pepper 13\Pepp_1305_5_seven.mp4;C:\Users\esthe\Downloads\pepper 13\Pepp_1305_6_three.mp4;C:\Users\esthe\Downloads\pepper 13\Pepp_1305_7_one.mp4;C:\Users\esthe\Downloads\pepper 13\Pepp_1305_8_five.mp4;C:\Users\esthe\Downloads\pepper 13\Pepp_1305_9_three.mp4;C:\Users\esthe\Downloads\pepper 13\VID_20250513_075924.mp4;C:\Users\esthe\Downloads\pepper 13\VID_20250513_080113.mp4,0.0,7.567;7.699;6.266;6.058;9.627;13.820;6.897;7.797;8.327;8.335;6.494;8.857;2.241,30.000;30.000;30.000;120.000;120.000;30.000;30.000;240.000;120.000;30.000;30.000;120.000;120.000,Pepper,assessing,,,START,52.796,C:\Users\esthe\Downloads\pepper 13\Pepp_1305_5_seven.mp4,53,NA,
Pepp_1305,2025-06-09 19:21:39.009,,87.845,Media file(s),player #1:C:\Users\esthe\Downloads\pepper 13\Pepp_1305_10_three.mp4;C:\Users\esthe\Downloads\pepper 13\Pepp_1305_11_three.mp4;C:\Users\esthe\Downloads\pepper 13\Pepp_1305_12_five.mp4;C:\Users\esthe\Downloads\pepper 13\Pepp_1305_15_seven.mp4;C:\Users\esthe\Downloads\pepper 13\Pepp_1305_16_seven.mp4;C:\Users\esthe\Downloads\pepper 13\Pepp_1305_4_five.mp4;C:\Users\esthe\Downloads\pepper 13\Pepp_1305_5_seven.mp4;C:\Users\esthe\Downloads\pepper 13\Pepp_1305_6_three.mp4;C:\Users\esthe\Downloads\pepper 13\Pepp_1305_7_one.mp4;C:\Users\esthe\Downloads\pepper 13\Pepp_1305_8_five.mp4;C:\Users\esthe\Downloads\pepper 13\Pepp_1305_9_three.mp4;C:\Users\esthe\Downloads\pepper 13\VID_20250513_075924.mp4;C:\Users\esthe\Downloads\pepper 13\VID_20250513_080113.mp4,0.0,7.567;7.699;6.266;6.058;9.627;13.820;6.897;7.797;8.327;8.335;6.494;8.857;2.241,30.000;30.000;30.000;120.000;120.000;30.000;30.000;240.000;120.000;30.000;30.000;120.000;120.000,Pepper,jaw movement,,,POINT,52.830,C:\Users\esthe\Downloads\pepper 13\Pepp_1305_5_seven.mp4,54,NA,
Pepp_1305,2025-06-09 19:21:39.009,,87.845,Media file(s),player #1:C:\Users\esthe\Downloads\pepper 13\Pepp_1305_10_three.mp4;C:\Users\esthe\Downloads\pepper 13\Pepp_1305_11_three.mp4;C:\Users\esthe\Downloads\pepper 13\Pepp_1305_12_five.mp4;C:\Users\esthe\Downloads\pepper 13\Pepp_1305_15_seven.mp4;C:\Users\esthe\Downloads\pepper 13\Pepp_1305_16_seven.mp4;C:\Users\esthe\Downloads\pepper 13\Pepp_1305_4_five.mp4;C:\Users\esthe\Downloads\pepper 13\Pepp_1305_5_seven.mp4;C:\Users\esthe\Downloads\pepper 13\Pepp_1305_6_three.mp4;C:\Users\esthe\Downloads\pepper 13\Pepp_1305_7_one.mp4;C:\Users\esthe\Downloads\pepper 13\Pepp_1305_8_five.mp4;C:\Users\esthe\Downloads\pepper 13\Pepp_1305_9_three.mp4;C:\Users\esthe\Downloads\pepper 13\VID_20250513_075924.mp4;C:\Users\esthe\Downloads\pepper 13\VID_20250513_080113.mp4,0.0,7.567;7.699;6.266;6.058;9.627;13.820;6.897;7.797;8.327;8.335;6.494;8.857;2.241,30.000;30.000;30.000;120.000;120.000;30.000;30.000;240.000;120.000;30.000;30.000;120.000;120.000,Pepper,rotation,,Vertical,START,52.863,C:\Users\esthe\Downloads\pepper 13\Pepp_1305_5_seven.mp4,55,NA,
Pepp_1305,2025-06-09 19:21:39.009,,87.845,Media file(s),player #1:C:\Users\esthe\Downloads\pepper 13\Pepp_1305_10_three.mp4;C:\Users\esthe\Downloads\pepper 13\Pepp_1305_11_three.mp4;C:\Users\esthe\Downloads\pepper 13\Pepp_1305_12_five.mp4;C:\Users\esthe\Downloads\pepper 13\Pepp_1305_15_seven.mp4;C:\Users\esthe\Downloads\pepper 13\Pepp_1305_16_seven.mp4;C:\Users\esthe\Downloads\pepper 13\Pepp_1305_4_five.mp4;C:\Users\esthe\Downloads\pepper 13\Pepp_1305_5_seven.mp4;C:\Users\esthe\Downloads\pepper 13\Pepp_1305_6_three.mp4;C:\Users\esthe\Downloads\pepper 13\Pepp_1305_7_one.mp4;C:\Users\esthe\Downloads\pepper 13\Pepp_1305_8_five.mp4;C:\Users\esthe\Downloads\pepper 13\Pepp_1305_9_three.mp4;C:\Users\esthe\Downloads\pepper 13\VID_20250513_075924.mp4;C:\Users\esthe\Downloads\pepper 13\VID_20250513_080113.mp4,0.0,7.567;7.699;6.266;6.058;9.627;13.820;6.897;7.797;8.327;8.335;6.494;8.857;2.241,30.000;30.000;30.000;120.000;120.000;30.000;30.000;240.000;120.000;30.000;30.000;120.000;120.000,Pepper,ear clapping,,,POINT,53.263,C:\Users\esthe\Downloads\pepper 13\Pepp_1305_5_seven.mp4,67,NA,
Pepp_1305,2025-06-09 19:21:39.009,,87.845,Media file(s),player #1:C:\Users\esthe\Downloads\pepper 13\Pepp_1305_10_three.mp4;C:\Users\esthe\Downloads\pepper 13\Pepp_1305_11_three.mp4;C:\Users\esthe\Downloads\pepper 13\Pepp_1305_12_five.mp4;C:\Users\esthe\Downloads\pepper 13\Pepp_1305_15_seven.mp4;C:\Users\esthe\Downloads\pepper 13\Pepp_1305_16_seven.mp4;C:\Users\esthe\Downloads\pepper 13\Pepp_1305_4_five.mp4;C:\Users\esthe\Downloads\pepper 13\Pepp_1305_5_seven.mp4;C:\Users\esthe\Downloads\pepper 13\Pepp_1305_6_three.mp4;C:\Users\esthe\Downloads\pepper 13\Pepp_1305_7_one.mp4;C:\Users\esthe\Downloads\pepper 13\Pepp_1305_8_five.mp4;C:\Users\esthe\Downloads\pepper 13\Pepp_1305_9_three.mp4;C:\Users\esthe\Downloads\pepper 13\VID_20250513_075924.mp4;C:\Users\esthe\Downloads\pepper 13\VID_20250513_080113.mp4,0.0,7.567;7.699;6.266;6.058;9.627;13.820;6.897;7.797;8.327;8.335;6.494;8.857;2.241,30.000;30.000;30.000;120.000;120.000;30.000;30.000;240.000;120.000;30.000;30.000;120.000;120.000,Pepper,rotation,,Vertical,STOP,53.330,C:\Users\esthe\Downloads\pepper 13\Pepp_1305_5_seven.mp4,69,NA,
Pepp_1305,2025-06-09 19:21:39.009,,87.845,Media file(s),player #1:C:\Users\esthe\Downloads\pepper 13\Pepp_1305_10_three.mp4;C:\Users\esthe\Downloads\pepper 13\Pepp_1305_11_three.mp4;C:\Users\esthe\Downloads\pepper 13\Pepp_1305_12_five.mp4;C:\Users\esthe\Downloads\pepper 13\Pepp_1305_15_seven.mp4;C:\Users\esthe\Downloads\pepper 13\Pepp_1305_16_seven.mp4;C:\Users\esthe\Downloads\pepper 13\Pepp_1305_4_five.mp4;C:\Users\esthe\Downloads\pepper 13\Pepp_1305_5_seven.mp4;C:\Users\esthe\Downloads\pepper 13\Pepp_1305_6_three.mp4;C:\Users\esthe\Downloads\pepper 13\Pepp_1305_7_one.mp4;C:\Users\esthe\Downloads\pepper 13\Pepp_1305_8_five.mp4;C:\Users\esthe\Downloads\pepper 13\Pepp_1305_9_three.mp4;C:\Users\esthe\Downloads\pepper 13\VID_20250513_075924.mp4;C:\Users\esthe\Downloads\pepper 13\VID_20250513_080113.mp4,0.0,7.567;7.699;6.266;6.058;9.627;13.820;6.897;7.797;8.327;8.335;6.494;8.857;2.241,30.000;30.000;30.000;120.000;120.000;30.000;30.000;240.000;120.000;30.000;30.000;120.000;120.000,Pepper,jaw movement,,,POINT,53.363,C:\Users\esthe\Downloads\pepper 13\Pepp_1305_5_seven.mp4,70,NA,
Pepp_1305,2025-06-09 19:21:39.009,,87.845,Media file(s),player #1:C:\Users\esthe\Downloads\pepper 13\Pepp_1305_10_three.mp4;C:\Users\esthe\Downloads\pepper 13\Pepp_1305_11_three.mp4;C:\Users\esthe\Downloads\pepper 13\Pepp_1305_12_five.mp4;C:\Users\esthe\Downloads\pepper 13\Pepp_1305_15_seven.mp4;C:\Users\esthe\Downloads\pepper 13\Pepp_1305_16_seven.mp4;C:\Users\esthe\Downloads\pepper 13\Pepp_1305_4_five.mp4;C:\Users\esthe\Downloads\pepper 13\Pepp_1305_5_seven.mp4;C:\Users\esthe\Downloads\pepper 13\Pepp_1305_6_three.mp4;C:\Users\esthe\Downloads\pepper 13\Pepp_1305_7_one.mp4;C:\Users\esthe\Downloads\pepper 13\Pepp_1305_8_five.mp4;C:\Users\esthe\Downloads\pepper 13\Pepp_1305_9_three.mp4;C:\Users\esthe\Downloads\pepper 13\VID_20250513_075924.mp4;C:\Users\esthe\Downloads\pepper 13\VID_20250513_080113.mp4,0.0,7.567;7.699;6.266;6.058;9.627;13.820;6.897;7.797;8.327;8.335;6.494;8.857;2.241,30.000;30.000;30.000;120.000;120.000;30.000;30.000;240.000;120.000;30.000;30.000;120.000;120.000,Pepper,rotation,,Vertical,START,53.396,C:\Users\esthe\Downloads\pepper 13\Pepp_1305_5_seven.mp4,71,NA,
Pepp_1305,2025-06-09 19:21:39.009,,87.845,Media file(s),player #1:C:\Users\esthe\Downloads\pepper 13\Pepp_1305_10_three.mp4;C:\Users\esthe\Downloads\pepper 13\Pepp_1305_11_three.mp4;C:\Users\esthe\Downloads\pepper 13\Pepp_1305_12_five.mp4;C:\Users\esthe\Downloads\pepper 13\Pepp_1305_15_seven.mp4;C:\Users\esthe\Downloads\pepper 13\Pepp_1305_16_seven.mp4;C:\Users\esthe\Downloads\pepper 13\Pepp_1305_4_five.mp4;C:\Users\esthe\Downloads\pepper 13\Pepp_1305_5_seven.mp4;C:\Users\esthe\Downloads\pepper 13\Pepp_1305_6_three.mp4;C:\Users\esthe\Downloads\pepper 13\Pepp_1305_7_one.mp4;C:\Users\esthe\Downloads\pepper 13\Pepp_1305_8_five.mp4;C:\Users\esthe\Downloads\pepper 13\Pepp_1305_9_three.mp4;C:\Users\esthe\Downloads\pepper 13\VID_20250513_075924.mp4;C:\Users\esthe\Downloads\pepper 13\VID_20250513_080113.mp4,0.0,7.567;7.699;6.266;6.058;9.627;13.820;6.897;7.797;8.327;8.335;6.494;8.857;2.241,30.000;30.000;30.000;120.000;120.000;30.000;30.000;240.000;120.000;30.000;30.000;120.000;120.000,Pepper,jaw movement,,,POINT,53.496,C:\Users\esthe\Downloads\pepper 13\Pepp_1305_5_seven.mp4,74,NA,
Pepp_1305,2025-06-09 19:21:39.009,,87.845,Media file(s),player #1:C:\Users\esthe\Downloads\pepper 13\Pepp_1305_10_three.mp4;C:\Users\esthe\Downloads\pepper 13\Pepp_1305_11_three.mp4;C:\Users\esthe\Downloads\pepper 13\Pepp_1305_12_five.mp4;C:\Users\esthe\Downloads\pepper 13\Pepp_1305_15_seven.mp4;C:\Users\esthe\Downloads\pepper 13\Pepp_1305_16_seven.mp4;C:\Users\esthe\Downloads\pepper 13\Pepp_1305_4_five.mp4;C:\Users\esthe\Downloads\pepper 13\Pepp_1305_5_seven.mp4;C:\Users\esthe\Downloads\pepper 13\Pepp_1305_6_three.mp4;C:\Users\esthe\Downloads\pepper 13\Pepp_1305_7_one.mp4;C:\Users\esthe\Downloads\pepper 13\Pepp_1305_8_five.mp4;C:\Users\esthe\Downloads\pepper 13\Pepp_1305_9_three.mp4;C:\Users\esthe\Downloads\pepper 13\VID_20250513_075924.mp4;C:\Users\esthe\Downloads\pepper 13\VID_20250513_080113.mp4,0.0,7.567;7.699;6.266;6.058;9.627;13.820;6.897;7.797;8.327;8.335;6.494;8.857;2.241,30.000;30.000;30.000;120.000;120.000;30.000;30.000;240.000;120.000;30.000;30.000;120.000;120.000,Pepper,rotation,,Vertical,STOP,53.496,C:\Users\esthe\Downloads\pepper 13\Pepp_1305_5_seven.mp4,74,NA,
Pepp_1305,2025-06-09 19:21:39.009,,87.845,Media file(s),player #1:C:\Users\esthe\Downloads\pepper 13\Pepp_1305_10_three.mp4;C:\Users\esthe\Downloads\pepper 13\Pepp_1305_11_three.mp4;C:\Users\esthe\Downloads\pepper 13\Pepp_1305_12_five.mp4;C:\Users\esthe\Downloads\pepper 13\Pepp_1305_15_seven.mp4;C:\Users\esthe\Downloads\pepper 13\Pepp_1305_16_seven.mp4;C:\Users\esthe\Downloads\pepper 13\Pepp_1305_4_five.mp4;C:\Users\esthe\Downloads\pepper 13\Pepp_1305_5_seven.mp4;C:\Users\esthe\Downloads\pepper 13\Pepp_1305_6_three.mp4;C:\Users\esthe\Downloads\pepper 13\Pepp_1305_7_one.mp4;C:\Users\esthe\Downloads\pepper 13\Pepp_1305_8_five.mp4;C:\Users\esthe\Downloads\pepper 13\Pepp_1305_9_three.mp4;C:\Users\esthe\Downloads\pepper 13\VID_20250513_075924.mp4;C:\Users\esthe\Downloads\pepper 13\VID_20250513_080113.mp4,0.0,7.567;7.699;6.266;6.058;9.627;13.820;6.897;7.797;8.327;8.335;6.494;8.857;2.241,30.000;30.000;30.000;120.000;120.000;30.000;30.000;240.000;120.000;30.000;30.000;120.000;120.000,Pepper,jaw movement,,,POINT,53.730,C:\Users\esthe\Downloads\pepper 13\Pepp_1305_5_seven.mp4,81,NA,
Pepp_1305,2025-06-09 19:21:39.009,,87.845,Media file(s),player #1:C:\Users\esthe\Downloads\pepper 13\Pepp_1305_10_three.mp4;C:\Users\esthe\Downloads\pepper 13\Pepp_1305_11_three.mp4;C:\Users\esthe\Downloads\pepper 13\Pepp_1305_12_five.mp4;C:\Users\esthe\Downloads\pepper 13\Pepp_1305_15_seven.mp4;C:\Users\esthe\Downloads\pepper 13\Pepp_1305_16_seven.mp4;C:\Users\esthe\Downloads\pepper 13\Pepp_1305_4_five.mp4;C:\Users\esthe\Downloads\pepper 13\Pepp_1305_5_seven.mp4;C:\Users\esthe\Downloads\pepper 13\Pepp_1305_6_three.mp4;C:\Users\esthe\Downloads\pepper 13\Pepp_1305_7_one.mp4;C:\Users\esthe\Downloads\pepper 13\Pepp_1305_8_five.mp4;C:\Users\esthe\Downloads\pepper 13\Pepp_1305_9_three.mp4;C:\Users\esthe\Downloads\pepper 13\VID_20250513_075924.mp4;C:\Users\esthe\Downloads\pepper 13\VID_20250513_080113.mp4,0.0,7.567;7.699;6.266;6.058;9.627;13.820;6.897;7.797;8.327;8.335;6.494;8.857;2.241,30.000;30.000;30.000;120.000;120.000;30.000;30.000;240.000;120.000;30.000;30.000;120.000;120.000,Pepper,ear clapping,,,POINT,53.896,C:\Users\esthe\Downloads\pepper 13\Pepp_1305_5_seven.mp4,86,NA,
Pepp_1305,2025-06-09 19:21:39.009,,87.845,Media file(s),player #1:C:\Users\esthe\Downloads\pepper 13\Pepp_1305_10_three.mp4;C:\Users\esthe\Downloads\pepper 13\Pepp_1305_11_three.mp4;C:\Users\esthe\Downloads\pepper 13\Pepp_1305_12_five.mp4;C:\Users\esthe\Downloads\pepper 13\Pepp_1305_15_seven.mp4;C:\Users\esthe\Downloads\pepper 13\Pepp_1305_16_seven.mp4;C:\Users\esthe\Downloads\pepper 13\Pepp_1305_4_five.mp4;C:\Users\esthe\Downloads\pepper 13\Pepp_1305_5_seven.mp4;C:\Users\esthe\Downloads\pepper 13\Pepp_1305_6_three.mp4;C:\Users\esthe\Downloads\pepper 13\Pepp_1305_7_one.mp4;C:\Users\esthe\Downloads\pepper 13\Pepp_1305_8_five.mp4;C:\Users\esthe\Downloads\pepper 13\Pepp_1305_9_three.mp4;C:\Users\esthe\Downloads\pepper 13\VID_20250513_075924.mp4;C:\Users\esthe\Downloads\pepper 13\VID_20250513_080113.mp4,0.0,7.567;7.699;6.266;6.058;9.627;13.820;6.897;7.797;8.327;8.335;6.494;8.857;2.241,30.000;30.000;30.000;120.000;120.000;30.000;30.000;240.000;120.000;30.000;30.000;120.000;120.000,Pepper,teeth-hole contact,,,POINT,53.896,C:\Users\esthe\Downloads\pepper 13\Pepp_1305_5_seven.mp4,86,NA,
Pepp_1305,2025-06-09 19:21:39.009,,87.845,Media file(s),player #1:C:\Users\esthe\Downloads\pepper 13\Pepp_1305_10_three.mp4;C:\Users\esthe\Downloads\pepper 13\Pepp_1305_11_three.mp4;C:\Users\esthe\Downloads\pepper 13\Pepp_1305_12_five.mp4;C:\Users\esthe\Downloads\pepper 13\Pepp_1305_15_seven.mp4;C:\Users\esthe\Downloads\pepper 13\Pepp_1305_16_seven.mp4;C:\Users\esthe\Downloads\pepper 13\Pepp_1305_4_five.mp4;C:\Users\esthe\Downloads\pepper 13\Pepp_1305_5_seven.mp4;C:\Users\esthe\Downloads\pepper 13\Pepp_1305_6_three.mp4;C:\Users\esthe\Downloads\pepper 13\Pepp_1305_7_one.mp4;C:\Users\esthe\Downloads\pepper 13\Pepp_1305_8_five.mp4;C:\Users\esthe\Downloads\pepper 13\Pepp_1305_9_three.mp4;C:\Users\esthe\Downloads\pepper 13\VID_20250513_075924.mp4;C:\Users\esthe\Downloads\pepper 13\VID_20250513_080113.mp4,0.0,7.567;7.699;6.266;6.058;9.627;13.820;6.897;7.797;8.327;8.335;6.494;8.857;2.241,30.000;30.000;30.000;120.000;120.000;30.000;30.000;240.000;120.000;30.000;30.000;120.000;120.000,Pepper,assessing,,,STOP,54.163,C:\Users\esthe\Downloads\pepper 13\Pepp_1305_5_seven.mp4,94,NA,
Pepp_1305,2025-06-09 19:21:39.009,,87.845,Media file(s),player #1:C:\Users\esthe\Downloads\pepper 13\Pepp_1305_10_three.mp4;C:\Users\esthe\Downloads\pepper 13\Pepp_1305_11_three.mp4;C:\Users\esthe\Downloads\pepper 13\Pepp_1305_12_five.mp4;C:\Users\esthe\Downloads\pepper 13\Pepp_1305_15_seven.mp4;C:\Users\esthe\Downloads\pepper 13\Pepp_1305_16_seven.mp4;C:\Users\esthe\Downloads\pepper 13\Pepp_1305_4_five.mp4;C:\Users\esthe\Downloads\pepper 13\Pepp_1305_5_seven.mp4;C:\Users\esthe\Downloads\pepper 13\Pepp_1305_6_three.mp4;C:\Users\esthe\Downloads\pepper 13\Pepp_1305_7_one.mp4;C:\Users\esthe\Downloads\pepper 13\Pepp_1305_8_five.mp4;C:\Users\esthe\Downloads\pepper 13\Pepp_1305_9_three.mp4;C:\Users\esthe\Downloads\pepper 13\VID_20250513_075924.mp4;C:\Users\esthe\Downloads\pepper 13\VID_20250513_080113.mp4,0.0,7.567;7.699;6.266;6.058;9.627;13.820;6.897;7.797;8.327;8.335;6.494;8.857;2.241,30.000;30.000;30.000;120.000;120.000;30.000;30.000;240.000;120.000;30.000;30.000;120.000;120.000,Pepper,translational jaw movement,,,POINT,54.163,C:\Users\esthe\Downloads\pepper 13\Pepp_1305_5_seven.mp4,94,NA,
Pepp_1305,2025-06-09 19:21:39.009,,87.845,Media file(s),player #1:C:\Users\esthe\Downloads\pepper 13\Pepp_1305_10_three.mp4;C:\Users\esthe\Downloads\pepper 13\Pepp_1305_11_three.mp4;C:\Users\esthe\Downloads\pepper 13\Pepp_1305_12_five.mp4;C:\Users\esthe\Downloads\pepper 13\Pepp_1305_15_seven.mp4;C:\Users\esthe\Downloads\pepper 13\Pepp_1305_16_seven.mp4;C:\Users\esthe\Downloads\pepper 13\Pepp_1305_4_five.mp4;C:\Users\esthe\Downloads\pepper 13\Pepp_1305_5_seven.mp4;C:\Users\esthe\Downloads\pepper 13\Pepp_1305_6_three.mp4;C:\Users\esthe\Downloads\pepper 13\Pepp_1305_7_one.mp4;C:\Users\esthe\Downloads\pepper 13\Pepp_1305_8_five.mp4;C:\Users\esthe\Downloads\pepper 13\Pepp_1305_9_three.mp4;C:\Users\esthe\Downloads\pepper 13\VID_20250513_075924.mp4;C:\Users\esthe\Downloads\pepper 13\VID_20250513_080113.mp4,0.0,7.567;7.699;6.266;6.058;9.627;13.820;6.897;7.797;8.327;8.335;6.494;8.857;2.241,30.000;30.000;30.000;120.000;120.000;30.000;30.000;240.000;120.000;30.000;30.000;120.000;120.000,Pepper,peeling,,,START,54.197,C:\Users\esthe\Downloads\pepper 13\Pepp_1305_5_seven.mp4,95,NA,
Pepp_1305,2025-06-09 19:21:39.009,,87.845,Media file(s),player #1:C:\Users\esthe\Downloads\pepper 13\Pepp_1305_10_three.mp4;C:\Users\esthe\Downloads\pepper 13\Pepp_1305_11_three.mp4;C:\Users\esthe\Downloads\pepper 13\Pepp_1305_12_five.mp4;C:\Users\esthe\Downloads\pepper 13\Pepp_1305_15_seven.mp4;C:\Users\esthe\Downloads\pepper 13\Pepp_1305_16_seven.mp4;C:\Users\esthe\Downloads\pepper 13\Pepp_1305_4_five.mp4;C:\Users\esthe\Downloads\pepper 13\Pepp_1305_5_seven.mp4;C:\Users\esthe\Downloads\pepper 13\Pepp_1305_6_three.mp4;C:\Users\esthe\Downloads\pepper 13\Pepp_1305_7_one.mp4;C:\Users\esthe\Downloads\pepper 13\Pepp_1305_8_five.mp4;C:\Users\esthe\Downloads\pepper 13\Pepp_1305_9_three.mp4;C:\Users\esthe\Downloads\pepper 13\VID_20250513_075924.mp4;C:\Users\esthe\Downloads\pepper 13\VID_20250513_080113.mp4,0.0,7.567;7.699;6.266;6.058;9.627;13.820;6.897;7.797;8.327;8.335;6.494;8.857;2.241,30.000;30.000;30.000;120.000;120.000;30.000;30.000;240.000;120.000;30.000;30.000;120.000;120.000,Pepper,jaw movement,,,POINT,54.230,C:\Users\esthe\Downloads\pepper 13\Pepp_1305_5_seven.mp4,96,NA,
Pepp_1305,2025-06-09 19:21:39.009,,87.845,Media file(s),player #1:C:\Users\esthe\Downloads\pepper 13\Pepp_1305_10_three.mp4;C:\Users\esthe\Downloads\pepper 13\Pepp_1305_11_three.mp4;C:\Users\esthe\Downloads\pepper 13\Pepp_1305_12_five.mp4;C:\Users\esthe\Downloads\pepper 13\Pepp_1305_15_seven.mp4;C:\Users\esthe\Downloads\pepper 13\Pepp_1305_16_seven.mp4;C:\Users\esthe\Downloads\pepper 13\Pepp_1305_4_five.mp4;C:\Users\esthe\Downloads\pepper 13\Pepp_1305_5_seven.mp4;C:\Users\esthe\Downloads\pepper 13\Pepp_1305_6_three.mp4;C:\Users\esthe\Downloads\pepper 13\Pepp_1305_7_one.mp4;C:\Users\esthe\Downloads\pepper 13\Pepp_1305_8_five.mp4;C:\Users\esthe\Downloads\pepper 13\Pepp_1305_9_three.mp4;C:\Users\esthe\Downloads\pepper 13\VID_20250513_075924.mp4;C:\Users\esthe\Downloads\pepper 13\VID_20250513_080113.mp4,0.0,7.567;7.699;6.266;6.058;9.627;13.820;6.897;7.797;8.327;8.335;6.494;8.857;2.241,30.000;30.000;30.000;120.000;120.000;30.000;30.000;240.000;120.000;30.000;30.000;120.000;120.000,Pepper,jaw movement,,,POINT,54.530,C:\Users\esthe\Downloads\pepper 13\Pepp_1305_5_seven.mp4,105,NA,
Pepp_1305,2025-06-09 19:21:39.009,,87.845,Media file(s),player #1:C:\Users\esthe\Downloads\pepper 13\Pepp_1305_10_three.mp4;C:\Users\esthe\Downloads\pepper 13\Pepp_1305_11_three.mp4;C:\Users\esthe\Downloads\pepper 13\Pepp_1305_12_five.mp4;C:\Users\esthe\Downloads\pepper 13\Pepp_1305_15_seven.mp4;C:\Users\esthe\Downloads\pepper 13\Pepp_1305_16_seven.mp4;C:\Users\esthe\Downloads\pepper 13\Pepp_1305_4_five.mp4;C:\Users\esthe\Downloads\pepper 13\Pepp_1305_5_seven.mp4;C:\Users\esthe\Downloads\pepper 13\Pepp_1305_6_three.mp4;C:\Users\esthe\Downloads\pepper 13\Pepp_1305_7_one.mp4;C:\Users\esthe\Downloads\pepper 13\Pepp_1305_8_five.mp4;C:\Users\esthe\Downloads\pepper 13\Pepp_1305_9_three.mp4;C:\Users\esthe\Downloads\pepper 13\VID_20250513_075924.mp4;C:\Users\esthe\Downloads\pepper 13\VID_20250513_080113.mp4,0.0,7.567;7.699;6.266;6.058;9.627;13.820;6.897;7.797;8.327;8.335;6.494;8.857;2.241,30.000;30.000;30.000;120.000;120.000;30.000;30.000;240.000;120.000;30.000;30.000;120.000;120.000,Pepper,jaw movement,,,POINT,54.730,C:\Users\esthe\Downloads\pepper 13\Pepp_1305_5_seven.mp4,111,NA,
Pepp_1305,2025-06-09 19:21:39.009,,87.845,Media file(s),player #1:C:\Users\esthe\Downloads\pepper 13\Pepp_1305_10_three.mp4;C:\Users\esthe\Downloads\pepper 13\Pepp_1305_11_three.mp4;C:\Users\esthe\Downloads\pepper 13\Pepp_1305_12_five.mp4;C:\Users\esthe\Downloads\pepper 13\Pepp_1305_15_seven.mp4;C:\Users\esthe\Downloads\pepper 13\Pepp_1305_16_seven.mp4;C:\Users\esthe\Downloads\pepper 13\Pepp_1305_4_five.mp4;C:\Users\esthe\Downloads\pepper 13\Pepp_1305_5_seven.mp4;C:\Users\esthe\Downloads\pepper 13\Pepp_1305_6_three.mp4;C:\Users\esthe\Downloads\pepper 13\Pepp_1305_7_one.mp4;C:\Users\esthe\Downloads\pepper 13\Pepp_1305_8_five.mp4;C:\Users\esthe\Downloads\pepper 13\Pepp_1305_9_three.mp4;C:\Users\esthe\Downloads\pepper 13\VID_20250513_075924.mp4;C:\Users\esthe\Downloads\pepper 13\VID_20250513_080113.mp4,0.0,7.567;7.699;6.266;6.058;9.627;13.820;6.897;7.797;8.327;8.335;6.494;8.857;2.241,30.000;30.000;30.000;120.000;120.000;30.000;30.000;240.000;120.000;30.000;30.000;120.000;120.000,Pepper,ear clapping,,,POINT,54.963,C:\Users\esthe\Downloads\pepper 13\Pepp_1305_5_seven.mp4,118,NA,
Pepp_1305,2025-06-09 19:21:39.009,,87.845,Media file(s),player #1:C:\Users\esthe\Downloads\pepper 13\Pepp_1305_10_three.mp4;C:\Users\esthe\Downloads\pepper 13\Pepp_1305_11_three.mp4;C:\Users\esthe\Downloads\pepper 13\Pepp_1305_12_five.mp4;C:\Users\esthe\Downloads\pepper 13\Pepp_1305_15_seven.mp4;C:\Users\esthe\Downloads\pepper 13\Pepp_1305_16_seven.mp4;C:\Users\esthe\Downloads\pepper 13\Pepp_1305_4_five.mp4;C:\Users\esthe\Downloads\pepper 13\Pepp_1305_5_seven.mp4;C:\Users\esthe\Downloads\pepper 13\Pepp_1305_6_three.mp4;C:\Users\esthe\Downloads\pepper 13\Pepp_1305_7_one.mp4;C:\Users\esthe\Downloads\pepper 13\Pepp_1305_8_five.mp4;C:\Users\esthe\Downloads\pepper 13\Pepp_1305_9_three.mp4;C:\Users\esthe\Downloads\pepper 13\VID_20250513_075924.mp4;C:\Users\esthe\Downloads\pepper 13\VID_20250513_080113.mp4,0.0,7.567;7.699;6.266;6.058;9.627;13.820;6.897;7.797;8.327;8.335;6.494;8.857;2.241,30.000;30.000;30.000;120.000;120.000;30.000;30.000;240.000;120.000;30.000;30.000;120.000;120.000,Pepper,jaw movement,,,POINT,55.096,C:\Users\esthe\Downloads\pepper 13\Pepp_1305_5_seven.mp4,122,NA,
Pepp_1305,2025-06-09 19:21:39.009,,87.845,Media file(s),player #1:C:\Users\esthe\Downloads\pepper 13\Pepp_1305_10_three.mp4;C:\Users\esthe\Downloads\pepper 13\Pepp_1305_11_three.mp4;C:\Users\esthe\Downloads\pepper 13\Pepp_1305_12_five.mp4;C:\Users\esthe\Downloads\pepper 13\Pepp_1305_15_seven.mp4;C:\Users\esthe\Downloads\pepper 13\Pepp_1305_16_seven.mp4;C:\Users\esthe\Downloads\pepper 13\Pepp_1305_4_five.mp4;C:\Users\esthe\Downloads\pepper 13\Pepp_1305_5_seven.mp4;C:\Users\esthe\Downloads\pepper 13\Pepp_1305_6_three.mp4;C:\Users\esthe\Downloads\pepper 13\Pepp_1305_7_one.mp4;C:\Users\esthe\Downloads\pepper 13\Pepp_1305_8_five.mp4;C:\Users\esthe\Downloads\pepper 13\Pepp_1305_9_three.mp4;C:\Users\esthe\Downloads\pepper 13\VID_20250513_075924.mp4;C:\Users\esthe\Downloads\pepper 13\VID_20250513_080113.mp4,0.0,7.567;7.699;6.266;6.058;9.627;13.820;6.897;7.797;8.327;8.335;6.494;8.857;2.241,30.000;30.000;30.000;120.000;120.000;30.000;30.000;240.000;120.000;30.000;30.000;120.000;120.000,Pepper,jaw movement,,,POINT,55.430,C:\Users\esthe\Downloads\pepper 13\Pepp_1305_5_seven.mp4,132,NA,
Pepp_1305,2025-06-09 19:21:39.009,,87.845,Media file(s),player #1:C:\Users\esthe\Downloads\pepper 13\Pepp_1305_10_three.mp4;C:\Users\esthe\Downloads\pepper 13\Pepp_1305_11_three.mp4;C:\Users\esthe\Downloads\pepper 13\Pepp_1305_12_five.mp4;C:\Users\esthe\Downloads\pepper 13\Pepp_1305_15_seven.mp4;C:\Users\esthe\Downloads\pepper 13\Pepp_1305_16_seven.mp4;C:\Users\esthe\Downloads\pepper 13\Pepp_1305_4_five.mp4;C:\Users\esthe\Downloads\pepper 13\Pepp_1305_5_seven.mp4;C:\Users\esthe\Downloads\pepper 13\Pepp_1305_6_three.mp4;C:\Users\esthe\Downloads\pepper 13\Pepp_1305_7_one.mp4;C:\Users\esthe\Downloads\pepper 13\Pepp_1305_8_five.mp4;C:\Users\esthe\Downloads\pepper 13\Pepp_1305_9_three.mp4;C:\Users\esthe\Downloads\pepper 13\VID_20250513_075924.mp4;C:\Users\esthe\Downloads\pepper 13\VID_20250513_080113.mp4,0.0,7.567;7.699;6.266;6.058;9.627;13.820;6.897;7.797;8.327;8.335;6.494;8.857;2.241,30.000;30.000;30.000;120.000;120.000;30.000;30.000;240.000;120.000;30.000;30.000;120.000;120.000,Pepper,ear clapping,,,POINT,55.597,C:\Users\esthe\Downloads\pepper 13\Pepp_1305_5_seven.mp4,137,NA,
Pepp_1305,2025-06-09 19:21:39.009,,87.845,Media file(s),player #1:C:\Users\esthe\Downloads\pepper 13\Pepp_1305_10_three.mp4;C:\Users\esthe\Downloads\pepper 13\Pepp_1305_11_three.mp4;C:\Users\esthe\Downloads\pepper 13\Pepp_1305_12_five.mp4;C:\Users\esthe\Downloads\pepper 13\Pepp_1305_15_seven.mp4;C:\Users\esthe\Downloads\pepper 13\Pepp_1305_16_seven.mp4;C:\Users\esthe\Downloads\pepper 13\Pepp_1305_4_five.mp4;C:\Users\esthe\Downloads\pepper 13\Pepp_1305_5_seven.mp4;C:\Users\esthe\Downloads\pepper 13\Pepp_1305_6_three.mp4;C:\Users\esthe\Downloads\pepper 13\Pepp_1305_7_one.mp4;C:\Users\esthe\Downloads\pepper 13\Pepp_1305_8_five.mp4;C:\Users\esthe\Downloads\pepper 13\Pepp_1305_9_three.mp4;C:\Users\esthe\Downloads\pepper 13\VID_20250513_075924.mp4;C:\Users\esthe\Downloads\pepper 13\VID_20250513_080113.mp4,0.0,7.567;7.699;6.266;6.058;9.627;13.820;6.897;7.797;8.327;8.335;6.494;8.857;2.241,30.000;30.000;30.000;120.000;120.000;30.000;30.000;240.000;120.000;30.000;30.000;120.000;120.000,Pepper,ear clapping,,,POINT,55.697,C:\Users\esthe\Downloads\pepper 13\Pepp_1305_5_seven.mp4,140,NA,
Pepp_1305,2025-06-09 19:21:39.009,,87.845,Media file(s),player #1:C:\Users\esthe\Downloads\pepper 13\Pepp_1305_10_three.mp4;C:\Users\esthe\Downloads\pepper 13\Pepp_1305_11_three.mp4;C:\Users\esthe\Downloads\pepper 13\Pepp_1305_12_five.mp4;C:\Users\esthe\Downloads\pepper 13\Pepp_1305_15_seven.mp4;C:\Users\esthe\Downloads\pepper 13\Pepp_1305_16_seven.mp4;C:\Users\esthe\Downloads\pepper 13\Pepp_1305_4_five.mp4;C:\Users\esthe\Downloads\pepper 13\Pepp_1305_5_seven.mp4;C:\Users\esthe\Downloads\pepper 13\Pepp_1305_6_three.mp4;C:\Users\esthe\Downloads\pepper 13\Pepp_1305_7_one.mp4;C:\Users\esthe\Downloads\pepper 13\Pepp_1305_8_five.mp4;C:\Users\esthe\Downloads\pepper 13\Pepp_1305_9_three.mp4;C:\Users\esthe\Downloads\pepper 13\VID_20250513_075924.mp4;C:\Users\esthe\Downloads\pepper 13\VID_20250513_080113.mp4,0.0,7.567;7.699;6.266;6.058;9.627;13.820;6.897;7.797;8.327;8.335;6.494;8.857;2.241,30.000;30.000;30.000;120.000;120.000;30.000;30.000;240.000;120.000;30.000;30.000;120.000;120.000,Pepper,jaw movement,,,POINT,55.897,C:\Users\esthe\Downloads\pepper 13\Pepp_1305_5_seven.mp4,146,NA,
Pepp_1305,2025-06-09 19:21:39.009,,87.845,Media file(s),player #1:C:\Users\esthe\Downloads\pepper 13\Pepp_1305_10_three.mp4;C:\Users\esthe\Downloads\pepper 13\Pepp_1305_11_three.mp4;C:\Users\esthe\Downloads\pepper 13\Pepp_1305_12_five.mp4;C:\Users\esthe\Downloads\pepper 13\Pepp_1305_15_seven.mp4;C:\Users\esthe\Downloads\pepper 13\Pepp_1305_16_seven.mp4;C:\Users\esthe\Downloads\pepper 13\Pepp_1305_4_five.mp4;C:\Users\esthe\Downloads\pepper 13\Pepp_1305_5_seven.mp4;C:\Users\esthe\Downloads\pepper 13\Pepp_1305_6_three.mp4;C:\Users\esthe\Downloads\pepper 13\Pepp_1305_7_one.mp4;C:\Users\esthe\Downloads\pepper 13\Pepp_1305_8_five.mp4;C:\Users\esthe\Downloads\pepper 13\Pepp_1305_9_three.mp4;C:\Users\esthe\Downloads\pepper 13\VID_20250513_075924.mp4;C:\Users\esthe\Downloads\pepper 13\VID_20250513_080113.mp4,0.0,7.567;7.699;6.266;6.058;9.627;13.820;6.897;7.797;8.327;8.335;6.494;8.857;2.241,30.000;30.000;30.000;120.000;120.000;30.000;30.000;240.000;120.000;30.000;30.000;120.000;120.000,Pepper,jaw movement,,,POINT,56.097,C:\Users\esthe\Downloads\pepper 13\Pepp_1305_5_seven.mp4,152,NA,
Pepp_1305,2025-06-09 19:21:39.009,,87.845,Media file(s),player #1:C:\Users\esthe\Downloads\pepper 13\Pepp_1305_10_three.mp4;C:\Users\esthe\Downloads\pepper 13\Pepp_1305_11_three.mp4;C:\Users\esthe\Downloads\pepper 13\Pepp_1305_12_five.mp4;C:\Users\esthe\Downloads\pepper 13\Pepp_1305_15_seven.mp4;C:\Users\esthe\Downloads\pepper 13\Pepp_1305_16_seven.mp4;C:\Users\esthe\Downloads\pepper 13\Pepp_1305_4_five.mp4;C:\Users\esthe\Downloads\pepper 13\Pepp_1305_5_seven.mp4;C:\Users\esthe\Downloads\pepper 13\Pepp_1305_6_three.mp4;C:\Users\esthe\Downloads\pepper 13\Pepp_1305_7_one.mp4;C:\Users\esthe\Downloads\pepper 13\Pepp_1305_8_five.mp4;C:\Users\esthe\Downloads\pepper 13\Pepp_1305_9_three.mp4;C:\Users\esthe\Downloads\pepper 13\VID_20250513_075924.mp4;C:\Users\esthe\Downloads\pepper 13\VID_20250513_080113.mp4,0.0,7.567;7.699;6.266;6.058;9.627;13.820;6.897;7.797;8.327;8.335;6.494;8.857;2.241,30.000;30.000;30.000;120.000;120.000;30.000;30.000;240.000;120.000;30.000;30.000;120.000;120.000,Pepper,jaw movement,,,POINT,56.463,C:\Users\esthe\Downloads\pepper 13\Pepp_1305_5_seven.mp4,163,NA,
Pepp_1305,2025-06-09 19:21:39.009,,87.845,Media file(s),player #1:C:\Users\esthe\Downloads\pepper 13\Pepp_1305_10_three.mp4;C:\Users\esthe\Downloads\pepper 13\Pepp_1305_11_three.mp4;C:\Users\esthe\Downloads\pepper 13\Pepp_1305_12_five.mp4;C:\Users\esthe\Downloads\pepper 13\Pepp_1305_15_seven.mp4;C:\Users\esthe\Downloads\pepper 13\Pepp_1305_16_seven.mp4;C:\Users\esthe\Downloads\pepper 13\Pepp_1305_4_five.mp4;C:\Users\esthe\Downloads\pepper 13\Pepp_1305_5_seven.mp4;C:\Users\esthe\Downloads\pepper 13\Pepp_1305_6_three.mp4;C:\Users\esthe\Downloads\pepper 13\Pepp_1305_7_one.mp4;C:\Users\esthe\Downloads\pepper 13\Pepp_1305_8_five.mp4;C:\Users\esthe\Downloads\pepper 13\Pepp_1305_9_three.mp4;C:\Users\esthe\Downloads\pepper 13\VID_20250513_075924.mp4;C:\Users\esthe\Downloads\pepper 13\VID_20250513_080113.mp4,0.0,7.567;7.699;6.266;6.058;9.627;13.820;6.897;7.797;8.327;8.335;6.494;8.857;2.241,30.000;30.000;30.000;120.000;120.000;30.000;30.000;240.000;120.000;30.000;30.000;120.000;120.000,Pepper,jaw movement,,,POINT,56.697,C:\Users\esthe\Downloads\pepper 13\Pepp_1305_5_seven.mp4,170,NA,
Pepp_1305,2025-06-09 19:21:39.009,,87.845,Media file(s),player #1:C:\Users\esthe\Downloads\pepper 13\Pepp_1305_10_three.mp4;C:\Users\esthe\Downloads\pepper 13\Pepp_1305_11_three.mp4;C:\Users\esthe\Downloads\pepper 13\Pepp_1305_12_five.mp4;C:\Users\esthe\Downloads\pepper 13\Pepp_1305_15_seven.mp4;C:\Users\esthe\Downloads\pepper 13\Pepp_1305_16_seven.mp4;C:\Users\esthe\Downloads\pepper 13\Pepp_1305_4_five.mp4;C:\Users\esthe\Downloads\pepper 13\Pepp_1305_5_seven.mp4;C:\Users\esthe\Downloads\pepper 13\Pepp_1305_6_three.mp4;C:\Users\esthe\Downloads\pepper 13\Pepp_1305_7_one.mp4;C:\Users\esthe\Downloads\pepper 13\Pepp_1305_8_five.mp4;C:\Users\esthe\Downloads\pepper 13\Pepp_1305_9_three.mp4;C:\Users\esthe\Downloads\pepper 13\VID_20250513_075924.mp4;C:\Users\esthe\Downloads\pepper 13\VID_20250513_080113.mp4,0.0,7.567;7.699;6.266;6.058;9.627;13.820;6.897;7.797;8.327;8.335;6.494;8.857;2.241,30.000;30.000;30.000;120.000;120.000;30.000;30.000;240.000;120.000;30.000;30.000;120.000;120.000,Pepper,ear clapping,,,POINT,56.963,C:\Users\esthe\Downloads\pepper 13\Pepp_1305_5_seven.mp4,178,NA,
Pepp_1305,2025-06-09 19:21:39.009,,87.845,Media file(s),player #1:C:\Users\esthe\Downloads\pepper 13\Pepp_1305_10_three.mp4;C:\Users\esthe\Downloads\pepper 13\Pepp_1305_11_three.mp4;C:\Users\esthe\Downloads\pepper 13\Pepp_1305_12_five.mp4;C:\Users\esthe\Downloads\pepper 13\Pepp_1305_15_seven.mp4;C:\Users\esthe\Downloads\pepper 13\Pepp_1305_16_seven.mp4;C:\Users\esthe\Downloads\pepper 13\Pepp_1305_4_five.mp4;C:\Users\esthe\Downloads\pepper 13\Pepp_1305_5_seven.mp4;C:\Users\esthe\Downloads\pepper 13\Pepp_1305_6_three.mp4;C:\Users\esthe\Downloads\pepper 13\Pepp_1305_7_one.mp4;C:\Users\esthe\Downloads\pepper 13\Pepp_1305_8_five.mp4;C:\Users\esthe\Downloads\pepper 13\Pepp_1305_9_three.mp4;C:\Users\esthe\Downloads\pepper 13\VID_20250513_075924.mp4;C:\Users\esthe\Downloads\pepper 13\VID_20250513_080113.mp4,0.0,7.567;7.699;6.266;6.058;9.627;13.820;6.897;7.797;8.327;8.335;6.494;8.857;2.241,30.000;30.000;30.000;120.000;120.000;30.000;30.000;240.000;120.000;30.000;30.000;120.000;120.000,Pepper,peeling,,,STOP,57.163,C:\Users\esthe\Downloads\pepper 13\Pepp_1305_5_seven.mp4,184,NA,
Pepp_1305,2025-06-09 19:21:39.009,,87.845,Media file(s),player #1:C:\Users\esthe\Downloads\pepper 13\Pepp_1305_10_three.mp4;C:\Users\esthe\Downloads\pepper 13\Pepp_1305_11_three.mp4;C:\Users\esthe\Downloads\pepper 13\Pepp_1305_12_five.mp4;C:\Users\esthe\Downloads\pepper 13\Pepp_1305_15_seven.mp4;C:\Users\esthe\Downloads\pepper 13\Pepp_1305_16_seven.mp4;C:\Users\esthe\Downloads\pepper 13\Pepp_1305_4_five.mp4;C:\Users\esthe\Downloads\pepper 13\Pepp_1305_5_seven.mp4;C:\Users\esthe\Downloads\pepper 13\Pepp_1305_6_three.mp4;C:\Users\esthe\Downloads\pepper 13\Pepp_1305_7_one.mp4;C:\Users\esthe\Downloads\pepper 13\Pepp_1305_8_five.mp4;C:\Users\esthe\Downloads\pepper 13\Pepp_1305_9_three.mp4;C:\Users\esthe\Downloads\pepper 13\VID_20250513_075924.mp4;C:\Users\esthe\Downloads\pepper 13\VID_20250513_080113.mp4,0.0,7.567;7.699;6.266;6.058;9.627;13.820;6.897;7.797;8.327;8.335;6.494;8.857;2.241,30.000;30.000;30.000;120.000;120.000;30.000;30.000;240.000;120.000;30.000;30.000;120.000;120.000,Pepper,ear clapping,,,POINT,57.463,C:\Users\esthe\Downloads\pepper 13\Pepp_1305_5_seven.mp4,193,NA,
Pepp_1305,2025-06-09 19:21:39.009,,87.845,Media file(s),player #1:C:\Users\esthe\Downloads\pepper 13\Pepp_1305_10_three.mp4;C:\Users\esthe\Downloads\pepper 13\Pepp_1305_11_three.mp4;C:\Users\esthe\Downloads\pepper 13\Pepp_1305_12_five.mp4;C:\Users\esthe\Downloads\pepper 13\Pepp_1305_15_seven.mp4;C:\Users\esthe\Downloads\pepper 13\Pepp_1305_16_seven.mp4;C:\Users\esthe\Downloads\pepper 13\Pepp_1305_4_five.mp4;C:\Users\esthe\Downloads\pepper 13\Pepp_1305_5_seven.mp4;C:\Users\esthe\Downloads\pepper 13\Pepp_1305_6_three.mp4;C:\Users\esthe\Downloads\pepper 13\Pepp_1305_7_one.mp4;C:\Users\esthe\Downloads\pepper 13\Pepp_1305_8_five.mp4;C:\Users\esthe\Downloads\pepper 13\Pepp_1305_9_three.mp4;C:\Users\esthe\Downloads\pepper 13\VID_20250513_075924.mp4;C:\Users\esthe\Downloads\pepper 13\VID_20250513_080113.mp4,0.0,7.567;7.699;6.266;6.058;9.627;13.820;6.897;7.797;8.327;8.335;6.494;8.857;2.241,30.000;30.000;30.000;120.000;120.000;30.000;30.000;240.000;120.000;30.000;30.000;120.000;120.000,Pepper,eating,,,START,57.597,C:\Users\esthe\Downloads\pepper 13\Pepp_1305_5_seven.mp4,197,NA,
Pepp_1305,2025-06-09 19:21:39.009,,87.845,Media file(s),player #1:C:\Users\esthe\Downloads\pepper 13\Pepp_1305_10_three.mp4;C:\Users\esthe\Downloads\pepper 13\Pepp_1305_11_three.mp4;C:\Users\esthe\Downloads\pepper 13\Pepp_1305_12_five.mp4;C:\Users\esthe\Downloads\pepper 13\Pepp_1305_15_seven.mp4;C:\Users\esthe\Downloads\pepper 13\Pepp_1305_16_seven.mp4;C:\Users\esthe\Downloads\pepper 13\Pepp_1305_4_five.mp4;C:\Users\esthe\Downloads\pepper 13\Pepp_1305_5_seven.mp4;C:\Users\esthe\Downloads\pepper 13\Pepp_1305_6_three.mp4;C:\Users\esthe\Downloads\pepper 13\Pepp_1305_7_one.mp4;C:\Users\esthe\Downloads\pepper 13\Pepp_1305_8_five.mp4;C:\Users\esthe\Downloads\pepper 13\Pepp_1305_9_three.mp4;C:\Users\esthe\Downloads\pepper 13\VID_20250513_075924.mp4;C:\Users\esthe\Downloads\pepper 13\VID_20250513_080113.mp4,0.0,7.567;7.699;6.266;6.058;9.627;13.820;6.897;7.797;8.327;8.335;6.494;8.857;2.241,30.000;30.000;30.000;120.000;120.000;30.000;30.000;240.000;120.000;30.000;30.000;120.000;120.000,Pepper,eating,,,STOP,57.925,C:\Users\esthe\Downloads\pepper 13\Pepp_1305_5_seven.mp4,207,NA,
Pepp_1305,2025-06-09 19:21:39.009,,87.845,Media file(s),player #1:C:\Users\esthe\Downloads\pepper 13\Pepp_1305_10_three.mp4;C:\Users\esthe\Downloads\pepper 13\Pepp_1305_11_three.mp4;C:\Users\esthe\Downloads\pepper 13\Pepp_1305_12_five.mp4;C:\Users\esthe\Downloads\pepper 13\Pepp_1305_15_seven.mp4;C:\Users\esthe\Downloads\pepper 13\Pepp_1305_16_seven.mp4;C:\Users\esthe\Downloads\pepper 13\Pepp_1305_4_five.mp4;C:\Users\esthe\Downloads\pepper 13\Pepp_1305_5_seven.mp4;C:\Users\esthe\Downloads\pepper 13\Pepp_1305_6_three.mp4;C:\Users\esthe\Downloads\pepper 13\Pepp_1305_7_one.mp4;C:\Users\esthe\Downloads\pepper 13\Pepp_1305_8_five.mp4;C:\Users\esthe\Downloads\pepper 13\Pepp_1305_9_three.mp4;C:\Users\esthe\Downloads\pepper 13\VID_20250513_075924.mp4;C:\Users\esthe\Downloads\pepper 13\VID_20250513_080113.mp4,0.0,7.567;7.699;6.266;6.058;9.627;13.820;6.897;7.797;8.327;8.335;6.494;8.857;2.241,30.000;30.000;30.000;120.000;120.000;30.000;30.000;240.000;120.000;30.000;30.000;120.000;120.000,Pepper,explore,,,START,58.097,C:\Users\esthe\Downloads\pepper 13\Pepp_1305_6_three.mp4,5,NA,
Pepp_1305,2025-06-09 19:21:39.009,,87.845,Media file(s),player #1:C:\Users\esthe\Downloads\pepper 13\Pepp_1305_10_three.mp4;C:\Users\esthe\Downloads\pepper 13\Pepp_1305_11_three.mp4;C:\Users\esthe\Downloads\pepper 13\Pepp_1305_12_five.mp4;C:\Users\esthe\Downloads\pepper 13\Pepp_1305_15_seven.mp4;C:\Users\esthe\Downloads\pepper 13\Pepp_1305_16_seven.mp4;C:\Users\esthe\Downloads\pepper 13\Pepp_1305_4_five.mp4;C:\Users\esthe\Downloads\pepper 13\Pepp_1305_5_seven.mp4;C:\Users\esthe\Downloads\pepper 13\Pepp_1305_6_three.mp4;C:\Users\esthe\Downloads\pepper 13\Pepp_1305_7_one.mp4;C:\Users\esthe\Downloads\pepper 13\Pepp_1305_8_five.mp4;C:\Users\esthe\Downloads\pepper 13\Pepp_1305_9_three.mp4;C:\Users\esthe\Downloads\pepper 13\VID_20250513_075924.mp4;C:\Users\esthe\Downloads\pepper 13\VID_20250513_080113.mp4,0.0,7.567;7.699;6.266;6.058;9.627;13.820;6.897;7.797;8.327;8.335;6.494;8.857;2.241,30.000;30.000;30.000;120.000;120.000;30.000;30.000;240.000;120.000;30.000;30.000;120.000;120.000,Pepper,explore,,,STOP,59.763,C:\Users\esthe\Downloads\pepper 13\Pepp_1305_6_three.mp4,55,NA,
Pepp_1305,2025-06-09 19:21:39.009,,87.845,Media file(s),player #1:C:\Users\esthe\Downloads\pepper 13\Pepp_1305_10_three.mp4;C:\Users\esthe\Downloads\pepper 13\Pepp_1305_11_three.mp4;C:\Users\esthe\Downloads\pepper 13\Pepp_1305_12_five.mp4;C:\Users\esthe\Downloads\pepper 13\Pepp_1305_15_seven.mp4;C:\Users\esthe\Downloads\pepper 13\Pepp_1305_16_seven.mp4;C:\Users\esthe\Downloads\pepper 13\Pepp_1305_4_five.mp4;C:\Users\esthe\Downloads\pepper 13\Pepp_1305_5_seven.mp4;C:\Users\esthe\Downloads\pepper 13\Pepp_1305_6_three.mp4;C:\Users\esthe\Downloads\pepper 13\Pepp_1305_7_one.mp4;C:\Users\esthe\Downloads\pepper 13\Pepp_1305_8_five.mp4;C:\Users\esthe\Downloads\pepper 13\Pepp_1305_9_three.mp4;C:\Users\esthe\Downloads\pepper 13\VID_20250513_075924.mp4;C:\Users\esthe\Downloads\pepper 13\VID_20250513_080113.mp4,0.0,7.567;7.699;6.266;6.058;9.627;13.820;6.897;7.797;8.327;8.335;6.494;8.857;2.241,30.000;30.000;30.000;120.000;120.000;30.000;30.000;240.000;120.000;30.000;30.000;120.000;120.000,Pepper,bending,,,START,59.996,C:\Users\esthe\Downloads\pepper 13\Pepp_1305_6_three.mp4,62,NA,
Pepp_1305,2025-06-09 19:21:39.009,,87.845,Media file(s),player #1:C:\Users\esthe\Downloads\pepper 13\Pepp_1305_10_three.mp4;C:\Users\esthe\Downloads\pepper 13\Pepp_1305_11_three.mp4;C:\Users\esthe\Downloads\pepper 13\Pepp_1305_12_five.mp4;C:\Users\esthe\Downloads\pepper 13\Pepp_1305_15_seven.mp4;C:\Users\esthe\Downloads\pepper 13\Pepp_1305_16_seven.mp4;C:\Users\esthe\Downloads\pepper 13\Pepp_1305_4_five.mp4;C:\Users\esthe\Downloads\pepper 13\Pepp_1305_5_seven.mp4;C:\Users\esthe\Downloads\pepper 13\Pepp_1305_6_three.mp4;C:\Users\esthe\Downloads\pepper 13\Pepp_1305_7_one.mp4;C:\Users\esthe\Downloads\pepper 13\Pepp_1305_8_five.mp4;C:\Users\esthe\Downloads\pepper 13\Pepp_1305_9_three.mp4;C:\Users\esthe\Downloads\pepper 13\VID_20250513_075924.mp4;C:\Users\esthe\Downloads\pepper 13\VID_20250513_080113.mp4,0.0,7.567;7.699;6.266;6.058;9.627;13.820;6.897;7.797;8.327;8.335;6.494;8.857;2.241,30.000;30.000;30.000;120.000;120.000;30.000;30.000;240.000;120.000;30.000;30.000;120.000;120.000,Pepper,bending,,,STOP,60.659,C:\Users\esthe\Downloads\pepper 13\Pepp_1305_6_three.mp4,82,NA,
Pepp_1305,2025-06-09 19:21:39.009,,87.845,Media file(s),player #1:C:\Users\esthe\Downloads\pepper 13\Pepp_1305_10_three.mp4;C:\Users\esthe\Downloads\pepper 13\Pepp_1305_11_three.mp4;C:\Users\esthe\Downloads\pepper 13\Pepp_1305_12_five.mp4;C:\Users\esthe\Downloads\pepper 13\Pepp_1305_15_seven.mp4;C:\Users\esthe\Downloads\pepper 13\Pepp_1305_16_seven.mp4;C:\Users\esthe\Downloads\pepper 13\Pepp_1305_4_five.mp4;C:\Users\esthe\Downloads\pepper 13\Pepp_1305_5_seven.mp4;C:\Users\esthe\Downloads\pepper 13\Pepp_1305_6_three.mp4;C:\Users\esthe\Downloads\pepper 13\Pepp_1305_7_one.mp4;C:\Users\esthe\Downloads\pepper 13\Pepp_1305_8_five.mp4;C:\Users\esthe\Downloads\pepper 13\Pepp_1305_9_three.mp4;C:\Users\esthe\Downloads\pepper 13\VID_20250513_075924.mp4;C:\Users\esthe\Downloads\pepper 13\VID_20250513_080113.mp4,0.0,7.567;7.699;6.266;6.058;9.627;13.820;6.897;7.797;8.327;8.335;6.494;8.857;2.241,30.000;30.000;30.000;120.000;120.000;30.000;30.000;240.000;120.000;30.000;30.000;120.000;120.000,Pepper,grabbing peanut,,,POINT,60.659,C:\Users\esthe\Downloads\pepper 13\Pepp_1305_6_three.mp4,82,NA,
Pepp_1305,2025-06-09 19:21:39.009,,87.845,Media file(s),player #1:C:\Users\esthe\Downloads\pepper 13\Pepp_1305_10_three.mp4;C:\Users\esthe\Downloads\pepper 13\Pepp_1305_11_three.mp4;C:\Users\esthe\Downloads\pepper 13\Pepp_1305_12_five.mp4;C:\Users\esthe\Downloads\pepper 13\Pepp_1305_15_seven.mp4;C:\Users\esthe\Downloads\pepper 13\Pepp_1305_16_seven.mp4;C:\Users\esthe\Downloads\pepper 13\Pepp_1305_4_five.mp4;C:\Users\esthe\Downloads\pepper 13\Pepp_1305_5_seven.mp4;C:\Users\esthe\Downloads\pepper 13\Pepp_1305_6_three.mp4;C:\Users\esthe\Downloads\pepper 13\Pepp_1305_7_one.mp4;C:\Users\esthe\Downloads\pepper 13\Pepp_1305_8_five.mp4;C:\Users\esthe\Downloads\pepper 13\Pepp_1305_9_three.mp4;C:\Users\esthe\Downloads\pepper 13\VID_20250513_075924.mp4;C:\Users\esthe\Downloads\pepper 13\VID_20250513_080113.mp4,0.0,7.567;7.699;6.266;6.058;9.627;13.820;6.897;7.797;8.327;8.335;6.494;8.857;2.241,30.000;30.000;30.000;120.000;120.000;30.000;30.000;240.000;120.000;30.000;30.000;120.000;120.000,Pepper,lifting,,,START,60.693,C:\Users\esthe\Downloads\pepper 13\Pepp_1305_6_three.mp4,83,NA,
Pepp_1305,2025-06-09 19:21:39.009,,87.845,Media file(s),player #1:C:\Users\esthe\Downloads\pepper 13\Pepp_1305_10_three.mp4;C:\Users\esthe\Downloads\pepper 13\Pepp_1305_11_three.mp4;C:\Users\esthe\Downloads\pepper 13\Pepp_1305_12_five.mp4;C:\Users\esthe\Downloads\pepper 13\Pepp_1305_15_seven.mp4;C:\Users\esthe\Downloads\pepper 13\Pepp_1305_16_seven.mp4;C:\Users\esthe\Downloads\pepper 13\Pepp_1305_4_five.mp4;C:\Users\esthe\Downloads\pepper 13\Pepp_1305_5_seven.mp4;C:\Users\esthe\Downloads\pepper 13\Pepp_1305_6_three.mp4;C:\Users\esthe\Downloads\pepper 13\Pepp_1305_7_one.mp4;C:\Users\esthe\Downloads\pepper 13\Pepp_1305_8_five.mp4;C:\Users\esthe\Downloads\pepper 13\Pepp_1305_9_three.mp4;C:\Users\esthe\Downloads\pepper 13\VID_20250513_075924.mp4;C:\Users\esthe\Downloads\pepper 13\VID_20250513_080113.mp4,0.0,7.567;7.699;6.266;6.058;9.627;13.820;6.897;7.797;8.327;8.335;6.494;8.857;2.241,30.000;30.000;30.000;120.000;120.000;30.000;30.000;240.000;120.000;30.000;30.000;120.000;120.000,Pepper,assessing,,,START,60.893,C:\Users\esthe\Downloads\pepper 13\Pepp_1305_6_three.mp4,89,NA,
Pepp_1305,2025-06-09 19:21:39.009,,87.845,Media file(s),player #1:C:\Users\esthe\Downloads\pepper 13\Pepp_1305_10_three.mp4;C:\Users\esthe\Downloads\pepper 13\Pepp_1305_11_three.mp4;C:\Users\esthe\Downloads\pepper 13\Pepp_1305_12_five.mp4;C:\Users\esthe\Downloads\pepper 13\Pepp_1305_15_seven.mp4;C:\Users\esthe\Downloads\pepper 13\Pepp_1305_16_seven.mp4;C:\Users\esthe\Downloads\pepper 13\Pepp_1305_4_five.mp4;C:\Users\esthe\Downloads\pepper 13\Pepp_1305_5_seven.mp4;C:\Users\esthe\Downloads\pepper 13\Pepp_1305_6_three.mp4;C:\Users\esthe\Downloads\pepper 13\Pepp_1305_7_one.mp4;C:\Users\esthe\Downloads\pepper 13\Pepp_1305_8_five.mp4;C:\Users\esthe\Downloads\pepper 13\Pepp_1305_9_three.mp4;C:\Users\esthe\Downloads\pepper 13\VID_20250513_075924.mp4;C:\Users\esthe\Downloads\pepper 13\VID_20250513_080113.mp4,0.0,7.567;7.699;6.266;6.058;9.627;13.820;6.897;7.797;8.327;8.335;6.494;8.857;2.241,30.000;30.000;30.000;120.000;120.000;30.000;30.000;240.000;120.000;30.000;30.000;120.000;120.000,Pepper,lifting,,,STOP,60.893,C:\Users\esthe\Downloads\pepper 13\Pepp_1305_6_three.mp4,89,NA,
Pepp_1305,2025-06-09 19:21:39.009,,87.845,Media file(s),player #1:C:\Users\esthe\Downloads\pepper 13\Pepp_1305_10_three.mp4;C:\Users\esthe\Downloads\pepper 13\Pepp_1305_11_three.mp4;C:\Users\esthe\Downloads\pepper 13\Pepp_1305_12_five.mp4;C:\Users\esthe\Downloads\pepper 13\Pepp_1305_15_seven.mp4;C:\Users\esthe\Downloads\pepper 13\Pepp_1305_16_seven.mp4;C:\Users\esthe\Downloads\pepper 13\Pepp_1305_4_five.mp4;C:\Users\esthe\Downloads\pepper 13\Pepp_1305_5_seven.mp4;C:\Users\esthe\Downloads\pepper 13\Pepp_1305_6_three.mp4;C:\Users\esthe\Downloads\pepper 13\Pepp_1305_7_one.mp4;C:\Users\esthe\Downloads\pepper 13\Pepp_1305_8_five.mp4;C:\Users\esthe\Downloads\pepper 13\Pepp_1305_9_three.mp4;C:\Users\esthe\Downloads\pepper 13\VID_20250513_075924.mp4;C:\Users\esthe\Downloads\pepper 13\VID_20250513_080113.mp4,0.0,7.567;7.699;6.266;6.058;9.627;13.820;6.897;7.797;8.327;8.335;6.494;8.857;2.241,30.000;30.000;30.000;120.000;120.000;30.000;30.000;240.000;120.000;30.000;30.000;120.000;120.000,Pepper,jaw movement,,,POINT,60.993,C:\Users\esthe\Downloads\pepper 13\Pepp_1305_6_three.mp4,92,NA,
Pepp_1305,2025-06-09 19:21:39.009,,87.845,Media file(s),player #1:C:\Users\esthe\Downloads\pepper 13\Pepp_1305_10_three.mp4;C:\Users\esthe\Downloads\pepper 13\Pepp_1305_11_three.mp4;C:\Users\esthe\Downloads\pepper 13\Pepp_1305_12_five.mp4;C:\Users\esthe\Downloads\pepper 13\Pepp_1305_15_seven.mp4;C:\Users\esthe\Downloads\pepper 13\Pepp_1305_16_seven.mp4;C:\Users\esthe\Downloads\pepper 13\Pepp_1305_4_five.mp4;C:\Users\esthe\Downloads\pepper 13\Pepp_1305_5_seven.mp4;C:\Users\esthe\Downloads\pepper 13\Pepp_1305_6_three.mp4;C:\Users\esthe\Downloads\pepper 13\Pepp_1305_7_one.mp4;C:\Users\esthe\Downloads\pepper 13\Pepp_1305_8_five.mp4;C:\Users\esthe\Downloads\pepper 13\Pepp_1305_9_three.mp4;C:\Users\esthe\Downloads\pepper 13\VID_20250513_075924.mp4;C:\Users\esthe\Downloads\pepper 13\VID_20250513_080113.mp4,0.0,7.567;7.699;6.266;6.058;9.627;13.820;6.897;7.797;8.327;8.335;6.494;8.857;2.241,30.000;30.000;30.000;120.000;120.000;30.000;30.000;240.000;120.000;30.000;30.000;120.000;120.000,Pepper,licking,,,POINT,61.160,C:\Users\esthe\Downloads\pepper 13\Pepp_1305_6_three.mp4,97,NA,
Pepp_1305,2025-06-09 19:21:39.009,,87.845,Media file(s),player #1:C:\Users\esthe\Downloads\pepper 13\Pepp_1305_10_three.mp4;C:\Users\esthe\Downloads\pepper 13\Pepp_1305_11_three.mp4;C:\Users\esthe\Downloads\pepper 13\Pepp_1305_12_five.mp4;C:\Users\esthe\Downloads\pepper 13\Pepp_1305_15_seven.mp4;C:\Users\esthe\Downloads\pepper 13\Pepp_1305_16_seven.mp4;C:\Users\esthe\Downloads\pepper 13\Pepp_1305_4_five.mp4;C:\Users\esthe\Downloads\pepper 13\Pepp_1305_5_seven.mp4;C:\Users\esthe\Downloads\pepper 13\Pepp_1305_6_three.mp4;C:\Users\esthe\Downloads\pepper 13\Pepp_1305_7_one.mp4;C:\Users\esthe\Downloads\pepper 13\Pepp_1305_8_five.mp4;C:\Users\esthe\Downloads\pepper 13\Pepp_1305_9_three.mp4;C:\Users\esthe\Downloads\pepper 13\VID_20250513_075924.mp4;C:\Users\esthe\Downloads\pepper 13\VID_20250513_080113.mp4,0.0,7.567;7.699;6.266;6.058;9.627;13.820;6.897;7.797;8.327;8.335;6.494;8.857;2.241,30.000;30.000;30.000;120.000;120.000;30.000;30.000;240.000;120.000;30.000;30.000;120.000;120.000,Pepper,sniffing,,,POINT,61.493,C:\Users\esthe\Downloads\pepper 13\Pepp_1305_6_three.mp4,107,NA,
Pepp_1305,2025-06-09 19:21:39.009,,87.845,Media file(s),player #1:C:\Users\esthe\Downloads\pepper 13\Pepp_1305_10_three.mp4;C:\Users\esthe\Downloads\pepper 13\Pepp_1305_11_three.mp4;C:\Users\esthe\Downloads\pepper 13\Pepp_1305_12_five.mp4;C:\Users\esthe\Downloads\pepper 13\Pepp_1305_15_seven.mp4;C:\Users\esthe\Downloads\pepper 13\Pepp_1305_16_seven.mp4;C:\Users\esthe\Downloads\pepper 13\Pepp_1305_4_five.mp4;C:\Users\esthe\Downloads\pepper 13\Pepp_1305_5_seven.mp4;C:\Users\esthe\Downloads\pepper 13\Pepp_1305_6_three.mp4;C:\Users\esthe\Downloads\pepper 13\Pepp_1305_7_one.mp4;C:\Users\esthe\Downloads\pepper 13\Pepp_1305_8_five.mp4;C:\Users\esthe\Downloads\pepper 13\Pepp_1305_9_three.mp4;C:\Users\esthe\Downloads\pepper 13\VID_20250513_075924.mp4;C:\Users\esthe\Downloads\pepper 13\VID_20250513_080113.mp4,0.0,7.567;7.699;6.266;6.058;9.627;13.820;6.897;7.797;8.327;8.335;6.494;8.857;2.241,30.000;30.000;30.000;120.000;120.000;30.000;30.000;240.000;120.000;30.000;30.000;120.000;120.000,Pepper,jaw movement,,,POINT,61.760,C:\Users\esthe\Downloads\pepper 13\Pepp_1305_6_three.mp4,115,NA,
Pepp_1305,2025-06-09 19:21:39.009,,87.845,Media file(s),player #1:C:\Users\esthe\Downloads\pepper 13\Pepp_1305_10_three.mp4;C:\Users\esthe\Downloads\pepper 13\Pepp_1305_11_three.mp4;C:\Users\esthe\Downloads\pepper 13\Pepp_1305_12_five.mp4;C:\Users\esthe\Downloads\pepper 13\Pepp_1305_15_seven.mp4;C:\Users\esthe\Downloads\pepper 13\Pepp_1305_16_seven.mp4;C:\Users\esthe\Downloads\pepper 13\Pepp_1305_4_five.mp4;C:\Users\esthe\Downloads\pepper 13\Pepp_1305_5_seven.mp4;C:\Users\esthe\Downloads\pepper 13\Pepp_1305_6_three.mp4;C:\Users\esthe\Downloads\pepper 13\Pepp_1305_7_one.mp4;C:\Users\esthe\Downloads\pepper 13\Pepp_1305_8_five.mp4;C:\Users\esthe\Downloads\pepper 13\Pepp_1305_9_three.mp4;C:\Users\esthe\Downloads\pepper 13\VID_20250513_075924.mp4;C:\Users\esthe\Downloads\pepper 13\VID_20250513_080113.mp4,0.0,7.567;7.699;6.266;6.058;9.627;13.820;6.897;7.797;8.327;8.335;6.494;8.857;2.241,30.000;30.000;30.000;120.000;120.000;30.000;30.000;240.000;120.000;30.000;30.000;120.000;120.000,Pepper,mouth,,,POINT,61.893,C:\Users\esthe\Downloads\pepper 13\Pepp_1305_6_three.mp4,119,NA,
Pepp_1305,2025-06-09 19:21:39.009,,87.845,Media file(s),player #1:C:\Users\esthe\Downloads\pepper 13\Pepp_1305_10_three.mp4;C:\Users\esthe\Downloads\pepper 13\Pepp_1305_11_three.mp4;C:\Users\esthe\Downloads\pepper 13\Pepp_1305_12_five.mp4;C:\Users\esthe\Downloads\pepper 13\Pepp_1305_15_seven.mp4;C:\Users\esthe\Downloads\pepper 13\Pepp_1305_16_seven.mp4;C:\Users\esthe\Downloads\pepper 13\Pepp_1305_4_five.mp4;C:\Users\esthe\Downloads\pepper 13\Pepp_1305_5_seven.mp4;C:\Users\esthe\Downloads\pepper 13\Pepp_1305_6_three.mp4;C:\Users\esthe\Downloads\pepper 13\Pepp_1305_7_one.mp4;C:\Users\esthe\Downloads\pepper 13\Pepp_1305_8_five.mp4;C:\Users\esthe\Downloads\pepper 13\Pepp_1305_9_three.mp4;C:\Users\esthe\Downloads\pepper 13\VID_20250513_075924.mp4;C:\Users\esthe\Downloads\pepper 13\VID_20250513_080113.mp4,0.0,7.567;7.699;6.266;6.058;9.627;13.820;6.897;7.797;8.327;8.335;6.494;8.857;2.241,30.000;30.000;30.000;120.000;120.000;30.000;30.000;240.000;120.000;30.000;30.000;120.000;120.000,Pepper,assessing,,,STOP,61.926,C:\Users\esthe\Downloads\pepper 13\Pepp_1305_6_three.mp4,120,NA,
Pepp_1305,2025-06-09 19:21:39.009,,87.845,Media file(s),player #1:C:\Users\esthe\Downloads\pepper 13\Pepp_1305_10_three.mp4;C:\Users\esthe\Downloads\pepper 13\Pepp_1305_11_three.mp4;C:\Users\esthe\Downloads\pepper 13\Pepp_1305_12_five.mp4;C:\Users\esthe\Downloads\pepper 13\Pepp_1305_15_seven.mp4;C:\Users\esthe\Downloads\pepper 13\Pepp_1305_16_seven.mp4;C:\Users\esthe\Downloads\pepper 13\Pepp_1305_4_five.mp4;C:\Users\esthe\Downloads\pepper 13\Pepp_1305_5_seven.mp4;C:\Users\esthe\Downloads\pepper 13\Pepp_1305_6_three.mp4;C:\Users\esthe\Downloads\pepper 13\Pepp_1305_7_one.mp4;C:\Users\esthe\Downloads\pepper 13\Pepp_1305_8_five.mp4;C:\Users\esthe\Downloads\pepper 13\Pepp_1305_9_three.mp4;C:\Users\esthe\Downloads\pepper 13\VID_20250513_075924.mp4;C:\Users\esthe\Downloads\pepper 13\VID_20250513_080113.mp4,0.0,7.567;7.699;6.266;6.058;9.627;13.820;6.897;7.797;8.327;8.335;6.494;8.857;2.241,30.000;30.000;30.000;120.000;120.000;30.000;30.000;240.000;120.000;30.000;30.000;120.000;120.000,Pepper,target,,,START,62.060,C:\Users\esthe\Downloads\pepper 13\Pepp_1305_6_three.mp4,124,NA,
Pepp_1305,2025-06-09 19:21:39.009,,87.845,Media file(s),player #1:C:\Users\esthe\Downloads\pepper 13\Pepp_1305_10_three.mp4;C:\Users\esthe\Downloads\pepper 13\Pepp_1305_11_three.mp4;C:\Users\esthe\Downloads\pepper 13\Pepp_1305_12_five.mp4;C:\Users\esthe\Downloads\pepper 13\Pepp_1305_15_seven.mp4;C:\Users\esthe\Downloads\pepper 13\Pepp_1305_16_seven.mp4;C:\Users\esthe\Downloads\pepper 13\Pepp_1305_4_five.mp4;C:\Users\esthe\Downloads\pepper 13\Pepp_1305_5_seven.mp4;C:\Users\esthe\Downloads\pepper 13\Pepp_1305_6_three.mp4;C:\Users\esthe\Downloads\pepper 13\Pepp_1305_7_one.mp4;C:\Users\esthe\Downloads\pepper 13\Pepp_1305_8_five.mp4;C:\Users\esthe\Downloads\pepper 13\Pepp_1305_9_three.mp4;C:\Users\esthe\Downloads\pepper 13\VID_20250513_075924.mp4;C:\Users\esthe\Downloads\pepper 13\VID_20250513_080113.mp4,0.0,7.567;7.699;6.266;6.058;9.627;13.820;6.897;7.797;8.327;8.335;6.494;8.857;2.241,30.000;30.000;30.000;120.000;120.000;30.000;30.000;240.000;120.000;30.000;30.000;120.000;120.000,Pepper,target,,,STOP,65.660,C:\Users\esthe\Downloads\pepper 13\Pepp_1305_6_three.mp4,232,NA,
Pepp_1305,2025-06-09 19:21:39.009,,87.845,Media file(s),player #1:C:\Users\esthe\Downloads\pepper 13\Pepp_1305_10_three.mp4;C:\Users\esthe\Downloads\pepper 13\Pepp_1305_11_three.mp4;C:\Users\esthe\Downloads\pepper 13\Pepp_1305_12_five.mp4;C:\Users\esthe\Downloads\pepper 13\Pepp_1305_15_seven.mp4;C:\Users\esthe\Downloads\pepper 13\Pepp_1305_16_seven.mp4;C:\Users\esthe\Downloads\pepper 13\Pepp_1305_4_five.mp4;C:\Users\esthe\Downloads\pepper 13\Pepp_1305_5_seven.mp4;C:\Users\esthe\Downloads\pepper 13\Pepp_1305_6_three.mp4;C:\Users\esthe\Downloads\pepper 13\Pepp_1305_7_one.mp4;C:\Users\esthe\Downloads\pepper 13\Pepp_1305_8_five.mp4;C:\Users\esthe\Downloads\pepper 13\Pepp_1305_9_three.mp4;C:\Users\esthe\Downloads\pepper 13\VID_20250513_075924.mp4;C:\Users\esthe\Downloads\pepper 13\VID_20250513_080113.mp4,0.0,7.567;7.699;6.266;6.058;9.627;13.820;6.897;7.797;8.327;8.335;6.494;8.857;2.241,30.000;30.000;30.000;120.000;120.000;30.000;30.000;240.000;120.000;30.000;30.000;120.000;120.000,Pepper,bending,,,START,65.726,C:\Users\esthe\Downloads\pepper 13\Pepp_1305_6_three.mp4,0,NA,
Pepp_1305,2025-06-09 19:21:39.009,,87.845,Media file(s),player #1:C:\Users\esthe\Downloads\pepper 13\Pepp_1305_10_three.mp4;C:\Users\esthe\Downloads\pepper 13\Pepp_1305_11_three.mp4;C:\Users\esthe\Downloads\pepper 13\Pepp_1305_12_five.mp4;C:\Users\esthe\Downloads\pepper 13\Pepp_1305_15_seven.mp4;C:\Users\esthe\Downloads\pepper 13\Pepp_1305_16_seven.mp4;C:\Users\esthe\Downloads\pepper 13\Pepp_1305_4_five.mp4;C:\Users\esthe\Downloads\pepper 13\Pepp_1305_5_seven.mp4;C:\Users\esthe\Downloads\pepper 13\Pepp_1305_6_three.mp4;C:\Users\esthe\Downloads\pepper 13\Pepp_1305_7_one.mp4;C:\Users\esthe\Downloads\pepper 13\Pepp_1305_8_five.mp4;C:\Users\esthe\Downloads\pepper 13\Pepp_1305_9_three.mp4;C:\Users\esthe\Downloads\pepper 13\VID_20250513_075924.mp4;C:\Users\esthe\Downloads\pepper 13\VID_20250513_080113.mp4,0.0,7.567;7.699;6.266;6.058;9.627;13.820;6.897;7.797;8.327;8.335;6.494;8.857;2.241,30.000;30.000;30.000;120.000;120.000;30.000;30.000;240.000;120.000;30.000;30.000;120.000;120.000,Pepper,grabbing peanut,,,POINT,66.026,C:\Users\esthe\Downloads\pepper 13\Pepp_1305_7_one.mp4,9,NA,
Pepp_1305,2025-06-09 19:21:39.009,,87.845,Media file(s),player #1:C:\Users\esthe\Downloads\pepper 13\Pepp_1305_10_three.mp4;C:\Users\esthe\Downloads\pepper 13\Pepp_1305_11_three.mp4;C:\Users\esthe\Downloads\pepper 13\Pepp_1305_12_five.mp4;C:\Users\esthe\Downloads\pepper 13\Pepp_1305_15_seven.mp4;C:\Users\esthe\Downloads\pepper 13\Pepp_1305_16_seven.mp4;C:\Users\esthe\Downloads\pepper 13\Pepp_1305_4_five.mp4;C:\Users\esthe\Downloads\pepper 13\Pepp_1305_5_seven.mp4;C:\Users\esthe\Downloads\pepper 13\Pepp_1305_6_three.mp4;C:\Users\esthe\Downloads\pepper 13\Pepp_1305_7_one.mp4;C:\Users\esthe\Downloads\pepper 13\Pepp_1305_8_five.mp4;C:\Users\esthe\Downloads\pepper 13\Pepp_1305_9_three.mp4;C:\Users\esthe\Downloads\pepper 13\VID_20250513_075924.mp4;C:\Users\esthe\Downloads\pepper 13\VID_20250513_080113.mp4,0.0,7.567;7.699;6.266;6.058;9.627;13.820;6.897;7.797;8.327;8.335;6.494;8.857;2.241,30.000;30.000;30.000;120.000;120.000;30.000;30.000;240.000;120.000;30.000;30.000;120.000;120.000,Pepper,bending,,,STOP,66.059,C:\Users\esthe\Downloads\pepper 13\Pepp_1305_7_one.mp4,10,NA,
Pepp_1305,2025-06-09 19:21:39.009,,87.845,Media file(s),player #1:C:\Users\esthe\Downloads\pepper 13\Pepp_1305_10_three.mp4;C:\Users\esthe\Downloads\pepper 13\Pepp_1305_11_three.mp4;C:\Users\esthe\Downloads\pepper 13\Pepp_1305_12_five.mp4;C:\Users\esthe\Downloads\pepper 13\Pepp_1305_15_seven.mp4;C:\Users\esthe\Downloads\pepper 13\Pepp_1305_16_seven.mp4;C:\Users\esthe\Downloads\pepper 13\Pepp_1305_4_five.mp4;C:\Users\esthe\Downloads\pepper 13\Pepp_1305_5_seven.mp4;C:\Users\esthe\Downloads\pepper 13\Pepp_1305_6_three.mp4;C:\Users\esthe\Downloads\pepper 13\Pepp_1305_7_one.mp4;C:\Users\esthe\Downloads\pepper 13\Pepp_1305_8_five.mp4;C:\Users\esthe\Downloads\pepper 13\Pepp_1305_9_three.mp4;C:\Users\esthe\Downloads\pepper 13\VID_20250513_075924.mp4;C:\Users\esthe\Downloads\pepper 13\VID_20250513_080113.mp4,0.0,7.567;7.699;6.266;6.058;9.627;13.820;6.897;7.797;8.327;8.335;6.494;8.857;2.241,30.000;30.000;30.000;120.000;120.000;30.000;30.000;240.000;120.000;30.000;30.000;120.000;120.000,Pepper,lifting,,,START,66.059,C:\Users\esthe\Downloads\pepper 13\Pepp_1305_7_one.mp4,10,NA,
Pepp_1305,2025-06-09 19:21:39.009,,87.845,Media file(s),player #1:C:\Users\esthe\Downloads\pepper 13\Pepp_1305_10_three.mp4;C:\Users\esthe\Downloads\pepper 13\Pepp_1305_11_three.mp4;C:\Users\esthe\Downloads\pepper 13\Pepp_1305_12_five.mp4;C:\Users\esthe\Downloads\pepper 13\Pepp_1305_15_seven.mp4;C:\Users\esthe\Downloads\pepper 13\Pepp_1305_16_seven.mp4;C:\Users\esthe\Downloads\pepper 13\Pepp_1305_4_five.mp4;C:\Users\esthe\Downloads\pepper 13\Pepp_1305_5_seven.mp4;C:\Users\esthe\Downloads\pepper 13\Pepp_1305_6_three.mp4;C:\Users\esthe\Downloads\pepper 13\Pepp_1305_7_one.mp4;C:\Users\esthe\Downloads\pepper 13\Pepp_1305_8_five.mp4;C:\Users\esthe\Downloads\pepper 13\Pepp_1305_9_three.mp4;C:\Users\esthe\Downloads\pepper 13\VID_20250513_075924.mp4;C:\Users\esthe\Downloads\pepper 13\VID_20250513_080113.mp4,0.0,7.567;7.699;6.266;6.058;9.627;13.820;6.897;7.797;8.327;8.335;6.494;8.857;2.241,30.000;30.000;30.000;120.000;120.000;30.000;30.000;240.000;120.000;30.000;30.000;120.000;120.000,Pepper,lifting,,,STOP,66.259,C:\Users\esthe\Downloads\pepper 13\Pepp_1305_7_one.mp4,16,NA,
Pepp_1305,2025-06-09 19:21:39.009,,87.845,Media file(s),player #1:C:\Users\esthe\Downloads\pepper 13\Pepp_1305_10_three.mp4;C:\Users\esthe\Downloads\pepper 13\Pepp_1305_11_three.mp4;C:\Users\esthe\Downloads\pepper 13\Pepp_1305_12_five.mp4;C:\Users\esthe\Downloads\pepper 13\Pepp_1305_15_seven.mp4;C:\Users\esthe\Downloads\pepper 13\Pepp_1305_16_seven.mp4;C:\Users\esthe\Downloads\pepper 13\Pepp_1305_4_five.mp4;C:\Users\esthe\Downloads\pepper 13\Pepp_1305_5_seven.mp4;C:\Users\esthe\Downloads\pepper 13\Pepp_1305_6_three.mp4;C:\Users\esthe\Downloads\pepper 13\Pepp_1305_7_one.mp4;C:\Users\esthe\Downloads\pepper 13\Pepp_1305_8_five.mp4;C:\Users\esthe\Downloads\pepper 13\Pepp_1305_9_three.mp4;C:\Users\esthe\Downloads\pepper 13\VID_20250513_075924.mp4;C:\Users\esthe\Downloads\pepper 13\VID_20250513_080113.mp4,0.0,7.567;7.699;6.266;6.058;9.627;13.820;6.897;7.797;8.327;8.335;6.494;8.857;2.241,30.000;30.000;30.000;120.000;120.000;30.000;30.000;240.000;120.000;30.000;30.000;120.000;120.000,Pepper,assessing,,,START,66.426,C:\Users\esthe\Downloads\pepper 13\Pepp_1305_7_one.mp4,21,NA,
Pepp_1305,2025-06-09 19:21:39.009,,87.845,Media file(s),player #1:C:\Users\esthe\Downloads\pepper 13\Pepp_1305_10_three.mp4;C:\Users\esthe\Downloads\pepper 13\Pepp_1305_11_three.mp4;C:\Users\esthe\Downloads\pepper 13\Pepp_1305_12_five.mp4;C:\Users\esthe\Downloads\pepper 13\Pepp_1305_15_seven.mp4;C:\Users\esthe\Downloads\pepper 13\Pepp_1305_16_seven.mp4;C:\Users\esthe\Downloads\pepper 13\Pepp_1305_4_five.mp4;C:\Users\esthe\Downloads\pepper 13\Pepp_1305_5_seven.mp4;C:\Users\esthe\Downloads\pepper 13\Pepp_1305_6_three.mp4;C:\Users\esthe\Downloads\pepper 13\Pepp_1305_7_one.mp4;C:\Users\esthe\Downloads\pepper 13\Pepp_1305_8_five.mp4;C:\Users\esthe\Downloads\pepper 13\Pepp_1305_9_three.mp4;C:\Users\esthe\Downloads\pepper 13\VID_20250513_075924.mp4;C:\Users\esthe\Downloads\pepper 13\VID_20250513_080113.mp4,0.0,7.567;7.699;6.266;6.058;9.627;13.820;6.897;7.797;8.327;8.335;6.494;8.857;2.241,30.000;30.000;30.000;120.000;120.000;30.000;30.000;240.000;120.000;30.000;30.000;120.000;120.000,Pepper,jaw movement,,,POINT,66.493,C:\Users\esthe\Downloads\pepper 13\Pepp_1305_7_one.mp4,23,NA,
Pepp_1305,2025-06-09 19:21:39.009,,87.845,Media file(s),player #1:C:\Users\esthe\Downloads\pepper 13\Pepp_1305_10_three.mp4;C:\Users\esthe\Downloads\pepper 13\Pepp_1305_11_three.mp4;C:\Users\esthe\Downloads\pepper 13\Pepp_1305_12_five.mp4;C:\Users\esthe\Downloads\pepper 13\Pepp_1305_15_seven.mp4;C:\Users\esthe\Downloads\pepper 13\Pepp_1305_16_seven.mp4;C:\Users\esthe\Downloads\pepper 13\Pepp_1305_4_five.mp4;C:\Users\esthe\Downloads\pepper 13\Pepp_1305_5_seven.mp4;C:\Users\esthe\Downloads\pepper 13\Pepp_1305_6_three.mp4;C:\Users\esthe\Downloads\pepper 13\Pepp_1305_7_one.mp4;C:\Users\esthe\Downloads\pepper 13\Pepp_1305_8_five.mp4;C:\Users\esthe\Downloads\pepper 13\Pepp_1305_9_three.mp4;C:\Users\esthe\Downloads\pepper 13\VID_20250513_075924.mp4;C:\Users\esthe\Downloads\pepper 13\VID_20250513_080113.mp4,0.0,7.567;7.699;6.266;6.058;9.627;13.820;6.897;7.797;8.327;8.335;6.494;8.857;2.241,30.000;30.000;30.000;120.000;120.000;30.000;30.000;240.000;120.000;30.000;30.000;120.000;120.000,Pepper,jaw movement,,,POINT,66.693,C:\Users\esthe\Downloads\pepper 13\Pepp_1305_7_one.mp4,29,NA,
Pepp_1305,2025-06-09 19:21:39.009,,87.845,Media file(s),player #1:C:\Users\esthe\Downloads\pepper 13\Pepp_1305_10_three.mp4;C:\Users\esthe\Downloads\pepper 13\Pepp_1305_11_three.mp4;C:\Users\esthe\Downloads\pepper 13\Pepp_1305_12_five.mp4;C:\Users\esthe\Downloads\pepper 13\Pepp_1305_15_seven.mp4;C:\Users\esthe\Downloads\pepper 13\Pepp_1305_16_seven.mp4;C:\Users\esthe\Downloads\pepper 13\Pepp_1305_4_five.mp4;C:\Users\esthe\Downloads\pepper 13\Pepp_1305_5_seven.mp4;C:\Users\esthe\Downloads\pepper 13\Pepp_1305_6_three.mp4;C:\Users\esthe\Downloads\pepper 13\Pepp_1305_7_one.mp4;C:\Users\esthe\Downloads\pepper 13\Pepp_1305_8_five.mp4;C:\Users\esthe\Downloads\pepper 13\Pepp_1305_9_three.mp4;C:\Users\esthe\Downloads\pepper 13\VID_20250513_075924.mp4;C:\Users\esthe\Downloads\pepper 13\VID_20250513_080113.mp4,0.0,7.567;7.699;6.266;6.058;9.627;13.820;6.897;7.797;8.327;8.335;6.494;8.857;2.241,30.000;30.000;30.000;120.000;120.000;30.000;30.000;240.000;120.000;30.000;30.000;120.000;120.000,Pepper,ear clapping,,,POINT,67.282,C:\Users\esthe\Downloads\pepper 13\Pepp_1305_7_one.mp4,47,NA,
Pepp_1305,2025-06-09 19:21:39.009,,87.845,Media file(s),player #1:C:\Users\esthe\Downloads\pepper 13\Pepp_1305_10_three.mp4;C:\Users\esthe\Downloads\pepper 13\Pepp_1305_11_three.mp4;C:\Users\esthe\Downloads\pepper 13\Pepp_1305_12_five.mp4;C:\Users\esthe\Downloads\pepper 13\Pepp_1305_15_seven.mp4;C:\Users\esthe\Downloads\pepper 13\Pepp_1305_16_seven.mp4;C:\Users\esthe\Downloads\pepper 13\Pepp_1305_4_five.mp4;C:\Users\esthe\Downloads\pepper 13\Pepp_1305_5_seven.mp4;C:\Users\esthe\Downloads\pepper 13\Pepp_1305_6_three.mp4;C:\Users\esthe\Downloads\pepper 13\Pepp_1305_7_one.mp4;C:\Users\esthe\Downloads\pepper 13\Pepp_1305_8_five.mp4;C:\Users\esthe\Downloads\pepper 13\Pepp_1305_9_three.mp4;C:\Users\esthe\Downloads\pepper 13\VID_20250513_075924.mp4;C:\Users\esthe\Downloads\pepper 13\VID_20250513_080113.mp4,0.0,7.567;7.699;6.266;6.058;9.627;13.820;6.897;7.797;8.327;8.335;6.494;8.857;2.241,30.000;30.000;30.000;120.000;120.000;30.000;30.000;240.000;120.000;30.000;30.000;120.000;120.000,Pepper,translational jaw movement,,,POINT,67.416,C:\Users\esthe\Downloads\pepper 13\Pepp_1305_7_one.mp4,51,NA,
Pepp_1305,2025-06-09 19:21:39.009,,87.845,Media file(s),player #1:C:\Users\esthe\Downloads\pepper 13\Pepp_1305_10_three.mp4;C:\Users\esthe\Downloads\pepper 13\Pepp_1305_11_three.mp4;C:\Users\esthe\Downloads\pepper 13\Pepp_1305_12_five.mp4;C:\Users\esthe\Downloads\pepper 13\Pepp_1305_15_seven.mp4;C:\Users\esthe\Downloads\pepper 13\Pepp_1305_16_seven.mp4;C:\Users\esthe\Downloads\pepper 13\Pepp_1305_4_five.mp4;C:\Users\esthe\Downloads\pepper 13\Pepp_1305_5_seven.mp4;C:\Users\esthe\Downloads\pepper 13\Pepp_1305_6_three.mp4;C:\Users\esthe\Downloads\pepper 13\Pepp_1305_7_one.mp4;C:\Users\esthe\Downloads\pepper 13\Pepp_1305_8_five.mp4;C:\Users\esthe\Downloads\pepper 13\Pepp_1305_9_three.mp4;C:\Users\esthe\Downloads\pepper 13\VID_20250513_075924.mp4;C:\Users\esthe\Downloads\pepper 13\VID_20250513_080113.mp4,0.0,7.567;7.699;6.266;6.058;9.627;13.820;6.897;7.797;8.327;8.335;6.494;8.857;2.241,30.000;30.000;30.000;120.000;120.000;30.000;30.000;240.000;120.000;30.000;30.000;120.000;120.000,Pepper,teeth-hole contact,,,POINT,67.718,C:\Users\esthe\Downloads\pepper 13\Pepp_1305_7_one.mp4,60,NA,
Pepp_1305,2025-06-09 19:21:39.009,,87.845,Media file(s),player #1:C:\Users\esthe\Downloads\pepper 13\Pepp_1305_10_three.mp4;C:\Users\esthe\Downloads\pepper 13\Pepp_1305_11_three.mp4;C:\Users\esthe\Downloads\pepper 13\Pepp_1305_12_five.mp4;C:\Users\esthe\Downloads\pepper 13\Pepp_1305_15_seven.mp4;C:\Users\esthe\Downloads\pepper 13\Pepp_1305_16_seven.mp4;C:\Users\esthe\Downloads\pepper 13\Pepp_1305_4_five.mp4;C:\Users\esthe\Downloads\pepper 13\Pepp_1305_5_seven.mp4;C:\Users\esthe\Downloads\pepper 13\Pepp_1305_6_three.mp4;C:\Users\esthe\Downloads\pepper 13\Pepp_1305_7_one.mp4;C:\Users\esthe\Downloads\pepper 13\Pepp_1305_8_five.mp4;C:\Users\esthe\Downloads\pepper 13\Pepp_1305_9_three.mp4;C:\Users\esthe\Downloads\pepper 13\VID_20250513_075924.mp4;C:\Users\esthe\Downloads\pepper 13\VID_20250513_080113.mp4,0.0,7.567;7.699;6.266;6.058;9.627;13.820;6.897;7.797;8.327;8.335;6.494;8.857;2.241,30.000;30.000;30.000;120.000;120.000;30.000;30.000;240.000;120.000;30.000;30.000;120.000;120.000,Pepper,ear clapping,,,POINT,67.818,C:\Users\esthe\Downloads\pepper 13\Pepp_1305_7_one.mp4,63,NA,
Pepp_1305,2025-06-09 19:21:39.009,,87.845,Media file(s),player #1:C:\Users\esthe\Downloads\pepper 13\Pepp_1305_10_three.mp4;C:\Users\esthe\Downloads\pepper 13\Pepp_1305_11_three.mp4;C:\Users\esthe\Downloads\pepper 13\Pepp_1305_12_five.mp4;C:\Users\esthe\Downloads\pepper 13\Pepp_1305_15_seven.mp4;C:\Users\esthe\Downloads\pepper 13\Pepp_1305_16_seven.mp4;C:\Users\esthe\Downloads\pepper 13\Pepp_1305_4_five.mp4;C:\Users\esthe\Downloads\pepper 13\Pepp_1305_5_seven.mp4;C:\Users\esthe\Downloads\pepper 13\Pepp_1305_6_three.mp4;C:\Users\esthe\Downloads\pepper 13\Pepp_1305_7_one.mp4;C:\Users\esthe\Downloads\pepper 13\Pepp_1305_8_five.mp4;C:\Users\esthe\Downloads\pepper 13\Pepp_1305_9_three.mp4;C:\Users\esthe\Downloads\pepper 13\VID_20250513_075924.mp4;C:\Users\esthe\Downloads\pepper 13\VID_20250513_080113.mp4,0.0,7.567;7.699;6.266;6.058;9.627;13.820;6.897;7.797;8.327;8.335;6.494;8.857;2.241,30.000;30.000;30.000;120.000;120.000;30.000;30.000;240.000;120.000;30.000;30.000;120.000;120.000,Pepper,translational jaw movement,,,POINT,68.018,C:\Users\esthe\Downloads\pepper 13\Pepp_1305_7_one.mp4,69,NA,
Pepp_1305,2025-06-09 19:21:39.009,,87.845,Media file(s),player #1:C:\Users\esthe\Downloads\pepper 13\Pepp_1305_10_three.mp4;C:\Users\esthe\Downloads\pepper 13\Pepp_1305_11_three.mp4;C:\Users\esthe\Downloads\pepper 13\Pepp_1305_12_five.mp4;C:\Users\esthe\Downloads\pepper 13\Pepp_1305_15_seven.mp4;C:\Users\esthe\Downloads\pepper 13\Pepp_1305_16_seven.mp4;C:\Users\esthe\Downloads\pepper 13\Pepp_1305_4_five.mp4;C:\Users\esthe\Downloads\pepper 13\Pepp_1305_5_seven.mp4;C:\Users\esthe\Downloads\pepper 13\Pepp_1305_6_three.mp4;C:\Users\esthe\Downloads\pepper 13\Pepp_1305_7_one.mp4;C:\Users\esthe\Downloads\pepper 13\Pepp_1305_8_five.mp4;C:\Users\esthe\Downloads\pepper 13\Pepp_1305_9_three.mp4;C:\Users\esthe\Downloads\pepper 13\VID_20250513_075924.mp4;C:\Users\esthe\Downloads\pepper 13\VID_20250513_080113.mp4,0.0,7.567;7.699;6.266;6.058;9.627;13.820;6.897;7.797;8.327;8.335;6.494;8.857;2.241,30.000;30.000;30.000;120.000;120.000;30.000;30.000;240.000;120.000;30.000;30.000;120.000;120.000,Pepper,teeth-hole contact,,,POINT,68.285,C:\Users\esthe\Downloads\pepper 13\Pepp_1305_7_one.mp4,77,NA,
Pepp_1305,2025-06-09 19:21:39.009,,87.845,Media file(s),player #1:C:\Users\esthe\Downloads\pepper 13\Pepp_1305_10_three.mp4;C:\Users\esthe\Downloads\pepper 13\Pepp_1305_11_three.mp4;C:\Users\esthe\Downloads\pepper 13\Pepp_1305_12_five.mp4;C:\Users\esthe\Downloads\pepper 13\Pepp_1305_15_seven.mp4;C:\Users\esthe\Downloads\pepper 13\Pepp_1305_16_seven.mp4;C:\Users\esthe\Downloads\pepper 13\Pepp_1305_4_five.mp4;C:\Users\esthe\Downloads\pepper 13\Pepp_1305_5_seven.mp4;C:\Users\esthe\Downloads\pepper 13\Pepp_1305_6_three.mp4;C:\Users\esthe\Downloads\pepper 13\Pepp_1305_7_one.mp4;C:\Users\esthe\Downloads\pepper 13\Pepp_1305_8_five.mp4;C:\Users\esthe\Downloads\pepper 13\Pepp_1305_9_three.mp4;C:\Users\esthe\Downloads\pepper 13\VID_20250513_075924.mp4;C:\Users\esthe\Downloads\pepper 13\VID_20250513_080113.mp4,0.0,7.567;7.699;6.266;6.058;9.627;13.820;6.897;7.797;8.327;8.335;6.494;8.857;2.241,30.000;30.000;30.000;120.000;120.000;30.000;30.000;240.000;120.000;30.000;30.000;120.000;120.000,Pepper,jaw movement,,,POINT,68.452,C:\Users\esthe\Downloads\pepper 13\Pepp_1305_7_one.mp4,82,NA,
Pepp_1305,2025-06-09 19:21:39.009,,87.845,Media file(s),player #1:C:\Users\esthe\Downloads\pepper 13\Pepp_1305_10_three.mp4;C:\Users\esthe\Downloads\pepper 13\Pepp_1305_11_three.mp4;C:\Users\esthe\Downloads\pepper 13\Pepp_1305_12_five.mp4;C:\Users\esthe\Downloads\pepper 13\Pepp_1305_15_seven.mp4;C:\Users\esthe\Downloads\pepper 13\Pepp_1305_16_seven.mp4;C:\Users\esthe\Downloads\pepper 13\Pepp_1305_4_five.mp4;C:\Users\esthe\Downloads\pepper 13\Pepp_1305_5_seven.mp4;C:\Users\esthe\Downloads\pepper 13\Pepp_1305_6_three.mp4;C:\Users\esthe\Downloads\pepper 13\Pepp_1305_7_one.mp4;C:\Users\esthe\Downloads\pepper 13\Pepp_1305_8_five.mp4;C:\Users\esthe\Downloads\pepper 13\Pepp_1305_9_three.mp4;C:\Users\esthe\Downloads\pepper 13\VID_20250513_075924.mp4;C:\Users\esthe\Downloads\pepper 13\VID_20250513_080113.mp4,0.0,7.567;7.699;6.266;6.058;9.627;13.820;6.897;7.797;8.327;8.335;6.494;8.857;2.241,30.000;30.000;30.000;120.000;120.000;30.000;30.000;240.000;120.000;30.000;30.000;120.000;120.000,Pepper,jaw movement,,,POINT,68.718,C:\Users\esthe\Downloads\pepper 13\Pepp_1305_7_one.mp4,90,NA,
Pepp_1305,2025-06-09 19:21:39.009,,87.845,Media file(s),player #1:C:\Users\esthe\Downloads\pepper 13\Pepp_1305_10_three.mp4;C:\Users\esthe\Downloads\pepper 13\Pepp_1305_11_three.mp4;C:\Users\esthe\Downloads\pepper 13\Pepp_1305_12_five.mp4;C:\Users\esthe\Downloads\pepper 13\Pepp_1305_15_seven.mp4;C:\Users\esthe\Downloads\pepper 13\Pepp_1305_16_seven.mp4;C:\Users\esthe\Downloads\pepper 13\Pepp_1305_4_five.mp4;C:\Users\esthe\Downloads\pepper 13\Pepp_1305_5_seven.mp4;C:\Users\esthe\Downloads\pepper 13\Pepp_1305_6_three.mp4;C:\Users\esthe\Downloads\pepper 13\Pepp_1305_7_one.mp4;C:\Users\esthe\Downloads\pepper 13\Pepp_1305_8_five.mp4;C:\Users\esthe\Downloads\pepper 13\Pepp_1305_9_three.mp4;C:\Users\esthe\Downloads\pepper 13\VID_20250513_075924.mp4;C:\Users\esthe\Downloads\pepper 13\VID_20250513_080113.mp4,0.0,7.567;7.699;6.266;6.058;9.627;13.820;6.897;7.797;8.327;8.335;6.494;8.857;2.241,30.000;30.000;30.000;120.000;120.000;30.000;30.000;240.000;120.000;30.000;30.000;120.000;120.000,Pepper,assessing,,,STOP,68.818,C:\Users\esthe\Downloads\pepper 13\Pepp_1305_7_one.mp4,93,NA,
Pepp_1305,2025-06-09 19:21:39.009,,87.845,Media file(s),player #1:C:\Users\esthe\Downloads\pepper 13\Pepp_1305_10_three.mp4;C:\Users\esthe\Downloads\pepper 13\Pepp_1305_11_three.mp4;C:\Users\esthe\Downloads\pepper 13\Pepp_1305_12_five.mp4;C:\Users\esthe\Downloads\pepper 13\Pepp_1305_15_seven.mp4;C:\Users\esthe\Downloads\pepper 13\Pepp_1305_16_seven.mp4;C:\Users\esthe\Downloads\pepper 13\Pepp_1305_4_five.mp4;C:\Users\esthe\Downloads\pepper 13\Pepp_1305_5_seven.mp4;C:\Users\esthe\Downloads\pepper 13\Pepp_1305_6_three.mp4;C:\Users\esthe\Downloads\pepper 13\Pepp_1305_7_one.mp4;C:\Users\esthe\Downloads\pepper 13\Pepp_1305_8_five.mp4;C:\Users\esthe\Downloads\pepper 13\Pepp_1305_9_three.mp4;C:\Users\esthe\Downloads\pepper 13\VID_20250513_075924.mp4;C:\Users\esthe\Downloads\pepper 13\VID_20250513_080113.mp4,0.0,7.567;7.699;6.266;6.058;9.627;13.820;6.897;7.797;8.327;8.335;6.494;8.857;2.241,30.000;30.000;30.000;120.000;120.000;30.000;30.000;240.000;120.000;30.000;30.000;120.000;120.000,Pepper,ear clapping,,,POINT,69.018,C:\Users\esthe\Downloads\pepper 13\Pepp_1305_7_one.mp4,99,NA,
Pepp_1305,2025-06-09 19:21:39.009,,87.845,Media file(s),player #1:C:\Users\esthe\Downloads\pepper 13\Pepp_1305_10_three.mp4;C:\Users\esthe\Downloads\pepper 13\Pepp_1305_11_three.mp4;C:\Users\esthe\Downloads\pepper 13\Pepp_1305_12_five.mp4;C:\Users\esthe\Downloads\pepper 13\Pepp_1305_15_seven.mp4;C:\Users\esthe\Downloads\pepper 13\Pepp_1305_16_seven.mp4;C:\Users\esthe\Downloads\pepper 13\Pepp_1305_4_five.mp4;C:\Users\esthe\Downloads\pepper 13\Pepp_1305_5_seven.mp4;C:\Users\esthe\Downloads\pepper 13\Pepp_1305_6_three.mp4;C:\Users\esthe\Downloads\pepper 13\Pepp_1305_7_one.mp4;C:\Users\esthe\Downloads\pepper 13\Pepp_1305_8_five.mp4;C:\Users\esthe\Downloads\pepper 13\Pepp_1305_9_three.mp4;C:\Users\esthe\Downloads\pepper 13\VID_20250513_075924.mp4;C:\Users\esthe\Downloads\pepper 13\VID_20250513_080113.mp4,0.0,7.567;7.699;6.266;6.058;9.627;13.820;6.897;7.797;8.327;8.335;6.494;8.857;2.241,30.000;30.000;30.000;120.000;120.000;30.000;30.000;240.000;120.000;30.000;30.000;120.000;120.000,Pepper,peeling,,,START,69.552,C:\Users\esthe\Downloads\pepper 13\Pepp_1305_7_one.mp4,115,NA,
Pepp_1305,2025-06-09 19:21:39.009,,87.845,Media file(s),player #1:C:\Users\esthe\Downloads\pepper 13\Pepp_1305_10_three.mp4;C:\Users\esthe\Downloads\pepper 13\Pepp_1305_11_three.mp4;C:\Users\esthe\Downloads\pepper 13\Pepp_1305_12_five.mp4;C:\Users\esthe\Downloads\pepper 13\Pepp_1305_15_seven.mp4;C:\Users\esthe\Downloads\pepper 13\Pepp_1305_16_seven.mp4;C:\Users\esthe\Downloads\pepper 13\Pepp_1305_4_five.mp4;C:\Users\esthe\Downloads\pepper 13\Pepp_1305_5_seven.mp4;C:\Users\esthe\Downloads\pepper 13\Pepp_1305_6_three.mp4;C:\Users\esthe\Downloads\pepper 13\Pepp_1305_7_one.mp4;C:\Users\esthe\Downloads\pepper 13\Pepp_1305_8_five.mp4;C:\Users\esthe\Downloads\pepper 13\Pepp_1305_9_three.mp4;C:\Users\esthe\Downloads\pepper 13\VID_20250513_075924.mp4;C:\Users\esthe\Downloads\pepper 13\VID_20250513_080113.mp4,0.0,7.567;7.699;6.266;6.058;9.627;13.820;6.897;7.797;8.327;8.335;6.494;8.857;2.241,30.000;30.000;30.000;120.000;120.000;30.000;30.000;240.000;120.000;30.000;30.000;120.000;120.000,Pepper,jaw movement,,,POINT,69.685,C:\Users\esthe\Downloads\pepper 13\Pepp_1305_7_one.mp4,119,NA,
Pepp_1305,2025-06-09 19:21:39.009,,87.845,Media file(s),player #1:C:\Users\esthe\Downloads\pepper 13\Pepp_1305_10_three.mp4;C:\Users\esthe\Downloads\pepper 13\Pepp_1305_11_three.mp4;C:\Users\esthe\Downloads\pepper 13\Pepp_1305_12_five.mp4;C:\Users\esthe\Downloads\pepper 13\Pepp_1305_15_seven.mp4;C:\Users\esthe\Downloads\pepper 13\Pepp_1305_16_seven.mp4;C:\Users\esthe\Downloads\pepper 13\Pepp_1305_4_five.mp4;C:\Users\esthe\Downloads\pepper 13\Pepp_1305_5_seven.mp4;C:\Users\esthe\Downloads\pepper 13\Pepp_1305_6_three.mp4;C:\Users\esthe\Downloads\pepper 13\Pepp_1305_7_one.mp4;C:\Users\esthe\Downloads\pepper 13\Pepp_1305_8_five.mp4;C:\Users\esthe\Downloads\pepper 13\Pepp_1305_9_three.mp4;C:\Users\esthe\Downloads\pepper 13\VID_20250513_075924.mp4;C:\Users\esthe\Downloads\pepper 13\VID_20250513_080113.mp4,0.0,7.567;7.699;6.266;6.058;9.627;13.820;6.897;7.797;8.327;8.335;6.494;8.857;2.241,30.000;30.000;30.000;120.000;120.000;30.000;30.000;240.000;120.000;30.000;30.000;120.000;120.000,Pepper,ear clapping,,,POINT,69.719,C:\Users\esthe\Downloads\pepper 13\Pepp_1305_7_one.mp4,120,NA,
Pepp_1305,2025-06-09 19:21:39.009,,87.845,Media file(s),player #1:C:\Users\esthe\Downloads\pepper 13\Pepp_1305_10_three.mp4;C:\Users\esthe\Downloads\pepper 13\Pepp_1305_11_three.mp4;C:\Users\esthe\Downloads\pepper 13\Pepp_1305_12_five.mp4;C:\Users\esthe\Downloads\pepper 13\Pepp_1305_15_seven.mp4;C:\Users\esthe\Downloads\pepper 13\Pepp_1305_16_seven.mp4;C:\Users\esthe\Downloads\pepper 13\Pepp_1305_4_five.mp4;C:\Users\esthe\Downloads\pepper 13\Pepp_1305_5_seven.mp4;C:\Users\esthe\Downloads\pepper 13\Pepp_1305_6_three.mp4;C:\Users\esthe\Downloads\pepper 13\Pepp_1305_7_one.mp4;C:\Users\esthe\Downloads\pepper 13\Pepp_1305_8_five.mp4;C:\Users\esthe\Downloads\pepper 13\Pepp_1305_9_three.mp4;C:\Users\esthe\Downloads\pepper 13\VID_20250513_075924.mp4;C:\Users\esthe\Downloads\pepper 13\VID_20250513_080113.mp4,0.0,7.567;7.699;6.266;6.058;9.627;13.820;6.897;7.797;8.327;8.335;6.494;8.857;2.241,30.000;30.000;30.000;120.000;120.000;30.000;30.000;240.000;120.000;30.000;30.000;120.000;120.000,Pepper,jaw movement,,,POINT,69.952,C:\Users\esthe\Downloads\pepper 13\Pepp_1305_7_one.mp4,127,NA,
Pepp_1305,2025-06-09 19:21:39.009,,87.845,Media file(s),player #1:C:\Users\esthe\Downloads\pepper 13\Pepp_1305_10_three.mp4;C:\Users\esthe\Downloads\pepper 13\Pepp_1305_11_three.mp4;C:\Users\esthe\Downloads\pepper 13\Pepp_1305_12_five.mp4;C:\Users\esthe\Downloads\pepper 13\Pepp_1305_15_seven.mp4;C:\Users\esthe\Downloads\pepper 13\Pepp_1305_16_seven.mp4;C:\Users\esthe\Downloads\pepper 13\Pepp_1305_4_five.mp4;C:\Users\esthe\Downloads\pepper 13\Pepp_1305_5_seven.mp4;C:\Users\esthe\Downloads\pepper 13\Pepp_1305_6_three.mp4;C:\Users\esthe\Downloads\pepper 13\Pepp_1305_7_one.mp4;C:\Users\esthe\Downloads\pepper 13\Pepp_1305_8_five.mp4;C:\Users\esthe\Downloads\pepper 13\Pepp_1305_9_three.mp4;C:\Users\esthe\Downloads\pepper 13\VID_20250513_075924.mp4;C:\Users\esthe\Downloads\pepper 13\VID_20250513_080113.mp4,0.0,7.567;7.699;6.266;6.058;9.627;13.820;6.897;7.797;8.327;8.335;6.494;8.857;2.241,30.000;30.000;30.000;120.000;120.000;30.000;30.000;240.000;120.000;30.000;30.000;120.000;120.000,Pepper,ear clapping,,,POINT,70.352,C:\Users\esthe\Downloads\pepper 13\Pepp_1305_7_one.mp4,139,NA,
Pepp_1305,2025-06-09 19:21:39.009,,87.845,Media file(s),player #1:C:\Users\esthe\Downloads\pepper 13\Pepp_1305_10_three.mp4;C:\Users\esthe\Downloads\pepper 13\Pepp_1305_11_three.mp4;C:\Users\esthe\Downloads\pepper 13\Pepp_1305_12_five.mp4;C:\Users\esthe\Downloads\pepper 13\Pepp_1305_15_seven.mp4;C:\Users\esthe\Downloads\pepper 13\Pepp_1305_16_seven.mp4;C:\Users\esthe\Downloads\pepper 13\Pepp_1305_4_five.mp4;C:\Users\esthe\Downloads\pepper 13\Pepp_1305_5_seven.mp4;C:\Users\esthe\Downloads\pepper 13\Pepp_1305_6_three.mp4;C:\Users\esthe\Downloads\pepper 13\Pepp_1305_7_one.mp4;C:\Users\esthe\Downloads\pepper 13\Pepp_1305_8_five.mp4;C:\Users\esthe\Downloads\pepper 13\Pepp_1305_9_three.mp4;C:\Users\esthe\Downloads\pepper 13\VID_20250513_075924.mp4;C:\Users\esthe\Downloads\pepper 13\VID_20250513_080113.mp4,0.0,7.567;7.699;6.266;6.058;9.627;13.820;6.897;7.797;8.327;8.335;6.494;8.857;2.241,30.000;30.000;30.000;120.000;120.000;30.000;30.000;240.000;120.000;30.000;30.000;120.000;120.000,Pepper,ear clapping,,,POINT,70.986,C:\Users\esthe\Downloads\pepper 13\Pepp_1305_7_one.mp4,158,NA,
Pepp_1305,2025-06-09 19:21:39.009,,87.845,Media file(s),player #1:C:\Users\esthe\Downloads\pepper 13\Pepp_1305_10_three.mp4;C:\Users\esthe\Downloads\pepper 13\Pepp_1305_11_three.mp4;C:\Users\esthe\Downloads\pepper 13\Pepp_1305_12_five.mp4;C:\Users\esthe\Downloads\pepper 13\Pepp_1305_15_seven.mp4;C:\Users\esthe\Downloads\pepper 13\Pepp_1305_16_seven.mp4;C:\Users\esthe\Downloads\pepper 13\Pepp_1305_4_five.mp4;C:\Users\esthe\Downloads\pepper 13\Pepp_1305_5_seven.mp4;C:\Users\esthe\Downloads\pepper 13\Pepp_1305_6_three.mp4;C:\Users\esthe\Downloads\pepper 13\Pepp_1305_7_one.mp4;C:\Users\esthe\Downloads\pepper 13\Pepp_1305_8_five.mp4;C:\Users\esthe\Downloads\pepper 13\Pepp_1305_9_three.mp4;C:\Users\esthe\Downloads\pepper 13\VID_20250513_075924.mp4;C:\Users\esthe\Downloads\pepper 13\VID_20250513_080113.mp4,0.0,7.567;7.699;6.266;6.058;9.627;13.820;6.897;7.797;8.327;8.335;6.494;8.857;2.241,30.000;30.000;30.000;120.000;120.000;30.000;30.000;240.000;120.000;30.000;30.000;120.000;120.000,Pepper,jaw movement,,,POINT,70.986,C:\Users\esthe\Downloads\pepper 13\Pepp_1305_7_one.mp4,158,NA,
Pepp_1305,2025-06-09 19:21:39.009,,87.845,Media file(s),player #1:C:\Users\esthe\Downloads\pepper 13\Pepp_1305_10_three.mp4;C:\Users\esthe\Downloads\pepper 13\Pepp_1305_11_three.mp4;C:\Users\esthe\Downloads\pepper 13\Pepp_1305_12_five.mp4;C:\Users\esthe\Downloads\pepper 13\Pepp_1305_15_seven.mp4;C:\Users\esthe\Downloads\pepper 13\Pepp_1305_16_seven.mp4;C:\Users\esthe\Downloads\pepper 13\Pepp_1305_4_five.mp4;C:\Users\esthe\Downloads\pepper 13\Pepp_1305_5_seven.mp4;C:\Users\esthe\Downloads\pepper 13\Pepp_1305_6_three.mp4;C:\Users\esthe\Downloads\pepper 13\Pepp_1305_7_one.mp4;C:\Users\esthe\Downloads\pepper 13\Pepp_1305_8_five.mp4;C:\Users\esthe\Downloads\pepper 13\Pepp_1305_9_three.mp4;C:\Users\esthe\Downloads\pepper 13\VID_20250513_075924.mp4;C:\Users\esthe\Downloads\pepper 13\VID_20250513_080113.mp4,0.0,7.567;7.699;6.266;6.058;9.627;13.820;6.897;7.797;8.327;8.335;6.494;8.857;2.241,30.000;30.000;30.000;120.000;120.000;30.000;30.000;240.000;120.000;30.000;30.000;120.000;120.000,Pepper,jaw movement,,,POINT,71.119,C:\Users\esthe\Downloads\pepper 13\Pepp_1305_7_one.mp4,162,NA,
Pepp_1305,2025-06-09 19:21:39.009,,87.845,Media file(s),player #1:C:\Users\esthe\Downloads\pepper 13\Pepp_1305_10_three.mp4;C:\Users\esthe\Downloads\pepper 13\Pepp_1305_11_three.mp4;C:\Users\esthe\Downloads\pepper 13\Pepp_1305_12_five.mp4;C:\Users\esthe\Downloads\pepper 13\Pepp_1305_15_seven.mp4;C:\Users\esthe\Downloads\pepper 13\Pepp_1305_16_seven.mp4;C:\Users\esthe\Downloads\pepper 13\Pepp_1305_4_five.mp4;C:\Users\esthe\Downloads\pepper 13\Pepp_1305_5_seven.mp4;C:\Users\esthe\Downloads\pepper 13\Pepp_1305_6_three.mp4;C:\Users\esthe\Downloads\pepper 13\Pepp_1305_7_one.mp4;C:\Users\esthe\Downloads\pepper 13\Pepp_1305_8_five.mp4;C:\Users\esthe\Downloads\pepper 13\Pepp_1305_9_three.mp4;C:\Users\esthe\Downloads\pepper 13\VID_20250513_075924.mp4;C:\Users\esthe\Downloads\pepper 13\VID_20250513_080113.mp4,0.0,7.567;7.699;6.266;6.058;9.627;13.820;6.897;7.797;8.327;8.335;6.494;8.857;2.241,30.000;30.000;30.000;120.000;120.000;30.000;30.000;240.000;120.000;30.000;30.000;120.000;120.000,Pepper,jaw movement,,,POINT,71.319,C:\Users\esthe\Downloads\pepper 13\Pepp_1305_7_one.mp4,168,NA,
Pepp_1305,2025-06-09 19:21:39.009,,87.845,Media file(s),player #1:C:\Users\esthe\Downloads\pepper 13\Pepp_1305_10_three.mp4;C:\Users\esthe\Downloads\pepper 13\Pepp_1305_11_three.mp4;C:\Users\esthe\Downloads\pepper 13\Pepp_1305_12_five.mp4;C:\Users\esthe\Downloads\pepper 13\Pepp_1305_15_seven.mp4;C:\Users\esthe\Downloads\pepper 13\Pepp_1305_16_seven.mp4;C:\Users\esthe\Downloads\pepper 13\Pepp_1305_4_five.mp4;C:\Users\esthe\Downloads\pepper 13\Pepp_1305_5_seven.mp4;C:\Users\esthe\Downloads\pepper 13\Pepp_1305_6_three.mp4;C:\Users\esthe\Downloads\pepper 13\Pepp_1305_7_one.mp4;C:\Users\esthe\Downloads\pepper 13\Pepp_1305_8_five.mp4;C:\Users\esthe\Downloads\pepper 13\Pepp_1305_9_three.mp4;C:\Users\esthe\Downloads\pepper 13\VID_20250513_075924.mp4;C:\Users\esthe\Downloads\pepper 13\VID_20250513_080113.mp4,0.0,7.567;7.699;6.266;6.058;9.627;13.820;6.897;7.797;8.327;8.335;6.494;8.857;2.241,30.000;30.000;30.000;120.000;120.000;30.000;30.000;240.000;120.000;30.000;30.000;120.000;120.000,Pepper,ear clapping,,,POINT,71.453,C:\Users\esthe\Downloads\pepper 13\Pepp_1305_7_one.mp4,172,NA,
Pepp_1305,2025-06-09 19:21:39.009,,87.845,Media file(s),player #1:C:\Users\esthe\Downloads\pepper 13\Pepp_1305_10_three.mp4;C:\Users\esthe\Downloads\pepper 13\Pepp_1305_11_three.mp4;C:\Users\esthe\Downloads\pepper 13\Pepp_1305_12_five.mp4;C:\Users\esthe\Downloads\pepper 13\Pepp_1305_15_seven.mp4;C:\Users\esthe\Downloads\pepper 13\Pepp_1305_16_seven.mp4;C:\Users\esthe\Downloads\pepper 13\Pepp_1305_4_five.mp4;C:\Users\esthe\Downloads\pepper 13\Pepp_1305_5_seven.mp4;C:\Users\esthe\Downloads\pepper 13\Pepp_1305_6_three.mp4;C:\Users\esthe\Downloads\pepper 13\Pepp_1305_7_one.mp4;C:\Users\esthe\Downloads\pepper 13\Pepp_1305_8_five.mp4;C:\Users\esthe\Downloads\pepper 13\Pepp_1305_9_three.mp4;C:\Users\esthe\Downloads\pepper 13\VID_20250513_075924.mp4;C:\Users\esthe\Downloads\pepper 13\VID_20250513_080113.mp4,0.0,7.567;7.699;6.266;6.058;9.627;13.820;6.897;7.797;8.327;8.335;6.494;8.857;2.241,30.000;30.000;30.000;120.000;120.000;30.000;30.000;240.000;120.000;30.000;30.000;120.000;120.000,Pepper,jaw movement,,,POINT,71.919,C:\Users\esthe\Downloads\pepper 13\Pepp_1305_7_one.mp4,186,NA,
Pepp_1305,2025-06-09 19:21:39.009,,87.845,Media file(s),player #1:C:\Users\esthe\Downloads\pepper 13\Pepp_1305_10_three.mp4;C:\Users\esthe\Downloads\pepper 13\Pepp_1305_11_three.mp4;C:\Users\esthe\Downloads\pepper 13\Pepp_1305_12_five.mp4;C:\Users\esthe\Downloads\pepper 13\Pepp_1305_15_seven.mp4;C:\Users\esthe\Downloads\pepper 13\Pepp_1305_16_seven.mp4;C:\Users\esthe\Downloads\pepper 13\Pepp_1305_4_five.mp4;C:\Users\esthe\Downloads\pepper 13\Pepp_1305_5_seven.mp4;C:\Users\esthe\Downloads\pepper 13\Pepp_1305_6_three.mp4;C:\Users\esthe\Downloads\pepper 13\Pepp_1305_7_one.mp4;C:\Users\esthe\Downloads\pepper 13\Pepp_1305_8_five.mp4;C:\Users\esthe\Downloads\pepper 13\Pepp_1305_9_three.mp4;C:\Users\esthe\Downloads\pepper 13\VID_20250513_075924.mp4;C:\Users\esthe\Downloads\pepper 13\VID_20250513_080113.mp4,0.0,7.567;7.699;6.266;6.058;9.627;13.820;6.897;7.797;8.327;8.335;6.494;8.857;2.241,30.000;30.000;30.000;120.000;120.000;30.000;30.000;240.000;120.000;30.000;30.000;120.000;120.000,Pepper,ear clapping,,,POINT,72.353,C:\Users\esthe\Downloads\pepper 13\Pepp_1305_7_one.mp4,199,NA,
Pepp_1305,2025-06-09 19:21:39.009,,87.845,Media file(s),player #1:C:\Users\esthe\Downloads\pepper 13\Pepp_1305_10_three.mp4;C:\Users\esthe\Downloads\pepper 13\Pepp_1305_11_three.mp4;C:\Users\esthe\Downloads\pepper 13\Pepp_1305_12_five.mp4;C:\Users\esthe\Downloads\pepper 13\Pepp_1305_15_seven.mp4;C:\Users\esthe\Downloads\pepper 13\Pepp_1305_16_seven.mp4;C:\Users\esthe\Downloads\pepper 13\Pepp_1305_4_five.mp4;C:\Users\esthe\Downloads\pepper 13\Pepp_1305_5_seven.mp4;C:\Users\esthe\Downloads\pepper 13\Pepp_1305_6_three.mp4;C:\Users\esthe\Downloads\pepper 13\Pepp_1305_7_one.mp4;C:\Users\esthe\Downloads\pepper 13\Pepp_1305_8_five.mp4;C:\Users\esthe\Downloads\pepper 13\Pepp_1305_9_three.mp4;C:\Users\esthe\Downloads\pepper 13\VID_20250513_075924.mp4;C:\Users\esthe\Downloads\pepper 13\VID_20250513_080113.mp4,0.0,7.567;7.699;6.266;6.058;9.627;13.820;6.897;7.797;8.327;8.335;6.494;8.857;2.241,30.000;30.000;30.000;120.000;120.000;30.000;30.000;240.000;120.000;30.000;30.000;120.000;120.000,Pepper,ear clapping,,,POINT,72.920,C:\Users\esthe\Downloads\pepper 13\Pepp_1305_7_one.mp4,216,NA,
Pepp_1305,2025-06-09 19:21:39.009,,87.845,Media file(s),player #1:C:\Users\esthe\Downloads\pepper 13\Pepp_1305_10_three.mp4;C:\Users\esthe\Downloads\pepper 13\Pepp_1305_11_three.mp4;C:\Users\esthe\Downloads\pepper 13\Pepp_1305_12_five.mp4;C:\Users\esthe\Downloads\pepper 13\Pepp_1305_15_seven.mp4;C:\Users\esthe\Downloads\pepper 13\Pepp_1305_16_seven.mp4;C:\Users\esthe\Downloads\pepper 13\Pepp_1305_4_five.mp4;C:\Users\esthe\Downloads\pepper 13\Pepp_1305_5_seven.mp4;C:\Users\esthe\Downloads\pepper 13\Pepp_1305_6_three.mp4;C:\Users\esthe\Downloads\pepper 13\Pepp_1305_7_one.mp4;C:\Users\esthe\Downloads\pepper 13\Pepp_1305_8_five.mp4;C:\Users\esthe\Downloads\pepper 13\Pepp_1305_9_three.mp4;C:\Users\esthe\Downloads\pepper 13\VID_20250513_075924.mp4;C:\Users\esthe\Downloads\pepper 13\VID_20250513_080113.mp4,0.0,7.567;7.699;6.266;6.058;9.627;13.820;6.897;7.797;8.327;8.335;6.494;8.857;2.241,30.000;30.000;30.000;120.000;120.000;30.000;30.000;240.000;120.000;30.000;30.000;120.000;120.000,Pepper,peeling,,,STOP,73.920,C:\Users\esthe\Downloads\pepper 13\Pepp_1305_7_one.mp4,246,NA,
Pepp_1305,2025-06-09 19:21:39.009,,87.845,Media file(s),player #1:C:\Users\esthe\Downloads\pepper 13\Pepp_1305_10_three.mp4;C:\Users\esthe\Downloads\pepper 13\Pepp_1305_11_three.mp4;C:\Users\esthe\Downloads\pepper 13\Pepp_1305_12_five.mp4;C:\Users\esthe\Downloads\pepper 13\Pepp_1305_15_seven.mp4;C:\Users\esthe\Downloads\pepper 13\Pepp_1305_16_seven.mp4;C:\Users\esthe\Downloads\pepper 13\Pepp_1305_4_five.mp4;C:\Users\esthe\Downloads\pepper 13\Pepp_1305_5_seven.mp4;C:\Users\esthe\Downloads\pepper 13\Pepp_1305_6_three.mp4;C:\Users\esthe\Downloads\pepper 13\Pepp_1305_7_one.mp4;C:\Users\esthe\Downloads\pepper 13\Pepp_1305_8_five.mp4;C:\Users\esthe\Downloads\pepper 13\Pepp_1305_9_three.mp4;C:\Users\esthe\Downloads\pepper 13\VID_20250513_075924.mp4;C:\Users\esthe\Downloads\pepper 13\VID_20250513_080113.mp4,0.0,7.567;7.699;6.266;6.058;9.627;13.820;6.897;7.797;8.327;8.335;6.494;8.857;2.241,30.000;30.000;30.000;120.000;120.000;30.000;30.000;240.000;120.000;30.000;30.000;120.000;120.000,Pepper,eating,,,START,73.953,C:\Users\esthe\Downloads\pepper 13\Pepp_1305_7_one.mp4,247,NA,
Pepp_1305,2025-06-09 19:21:39.009,,87.845,Media file(s),player #1:C:\Users\esthe\Downloads\pepper 13\Pepp_1305_10_three.mp4;C:\Users\esthe\Downloads\pepper 13\Pepp_1305_11_three.mp4;C:\Users\esthe\Downloads\pepper 13\Pepp_1305_12_five.mp4;C:\Users\esthe\Downloads\pepper 13\Pepp_1305_15_seven.mp4;C:\Users\esthe\Downloads\pepper 13\Pepp_1305_16_seven.mp4;C:\Users\esthe\Downloads\pepper 13\Pepp_1305_4_five.mp4;C:\Users\esthe\Downloads\pepper 13\Pepp_1305_5_seven.mp4;C:\Users\esthe\Downloads\pepper 13\Pepp_1305_6_three.mp4;C:\Users\esthe\Downloads\pepper 13\Pepp_1305_7_one.mp4;C:\Users\esthe\Downloads\pepper 13\Pepp_1305_8_five.mp4;C:\Users\esthe\Downloads\pepper 13\Pepp_1305_9_three.mp4;C:\Users\esthe\Downloads\pepper 13\VID_20250513_075924.mp4;C:\Users\esthe\Downloads\pepper 13\VID_20250513_080113.mp4,0.0,7.567;7.699;6.266;6.058;9.627;13.820;6.897;7.797;8.327;8.335;6.494;8.857;2.241,30.000;30.000;30.000;120.000;120.000;30.000;30.000;240.000;120.000;30.000;30.000;120.000;120.000,Pepper,eating,,,STOP,74.010,C:\Users\esthe\Downloads\pepper 13\Pepp_1305_7_one.mp4,249,NA,
Pepp_1305,2025-06-09 19:21:39.009,,87.845,Media file(s),player #1:C:\Users\esthe\Downloads\pepper 13\Pepp_1305_10_three.mp4;C:\Users\esthe\Downloads\pepper 13\Pepp_1305_11_three.mp4;C:\Users\esthe\Downloads\pepper 13\Pepp_1305_12_five.mp4;C:\Users\esthe\Downloads\pepper 13\Pepp_1305_15_seven.mp4;C:\Users\esthe\Downloads\pepper 13\Pepp_1305_16_seven.mp4;C:\Users\esthe\Downloads\pepper 13\Pepp_1305_4_five.mp4;C:\Users\esthe\Downloads\pepper 13\Pepp_1305_5_seven.mp4;C:\Users\esthe\Downloads\pepper 13\Pepp_1305_6_three.mp4;C:\Users\esthe\Downloads\pepper 13\Pepp_1305_7_one.mp4;C:\Users\esthe\Downloads\pepper 13\Pepp_1305_8_five.mp4;C:\Users\esthe\Downloads\pepper 13\Pepp_1305_9_three.mp4;C:\Users\esthe\Downloads\pepper 13\VID_20250513_075924.mp4;C:\Users\esthe\Downloads\pepper 13\VID_20250513_080113.mp4,0.0,7.567;7.699;6.266;6.058;9.627;13.820;6.897;7.797;8.327;8.335;6.494;8.857;2.241,30.000;30.000;30.000;120.000;120.000;30.000;30.000;240.000;120.000;30.000;30.000;120.000;120.000,Pepper,bending,,,START,74.720,C:\Users\esthe\Downloads\pepper 13\Pepp_1305_8_five.mp4,20,NA,
Pepp_1305,2025-06-09 19:21:39.009,,87.845,Media file(s),player #1:C:\Users\esthe\Downloads\pepper 13\Pepp_1305_10_three.mp4;C:\Users\esthe\Downloads\pepper 13\Pepp_1305_11_three.mp4;C:\Users\esthe\Downloads\pepper 13\Pepp_1305_12_five.mp4;C:\Users\esthe\Downloads\pepper 13\Pepp_1305_15_seven.mp4;C:\Users\esthe\Downloads\pepper 13\Pepp_1305_16_seven.mp4;C:\Users\esthe\Downloads\pepper 13\Pepp_1305_4_five.mp4;C:\Users\esthe\Downloads\pepper 13\Pepp_1305_5_seven.mp4;C:\Users\esthe\Downloads\pepper 13\Pepp_1305_6_three.mp4;C:\Users\esthe\Downloads\pepper 13\Pepp_1305_7_one.mp4;C:\Users\esthe\Downloads\pepper 13\Pepp_1305_8_five.mp4;C:\Users\esthe\Downloads\pepper 13\Pepp_1305_9_three.mp4;C:\Users\esthe\Downloads\pepper 13\VID_20250513_075924.mp4;C:\Users\esthe\Downloads\pepper 13\VID_20250513_080113.mp4,0.0,7.567;7.699;6.266;6.058;9.627;13.820;6.897;7.797;8.327;8.335;6.494;8.857;2.241,30.000;30.000;30.000;120.000;120.000;30.000;30.000;240.000;120.000;30.000;30.000;120.000;120.000,Pepper,grabbing peanut,,,POINT,74.987,C:\Users\esthe\Downloads\pepper 13\Pepp_1305_8_five.mp4,28,NA,
Pepp_1305,2025-06-09 19:21:39.009,,87.845,Media file(s),player #1:C:\Users\esthe\Downloads\pepper 13\Pepp_1305_10_three.mp4;C:\Users\esthe\Downloads\pepper 13\Pepp_1305_11_three.mp4;C:\Users\esthe\Downloads\pepper 13\Pepp_1305_12_five.mp4;C:\Users\esthe\Downloads\pepper 13\Pepp_1305_15_seven.mp4;C:\Users\esthe\Downloads\pepper 13\Pepp_1305_16_seven.mp4;C:\Users\esthe\Downloads\pepper 13\Pepp_1305_4_five.mp4;C:\Users\esthe\Downloads\pepper 13\Pepp_1305_5_seven.mp4;C:\Users\esthe\Downloads\pepper 13\Pepp_1305_6_three.mp4;C:\Users\esthe\Downloads\pepper 13\Pepp_1305_7_one.mp4;C:\Users\esthe\Downloads\pepper 13\Pepp_1305_8_five.mp4;C:\Users\esthe\Downloads\pepper 13\Pepp_1305_9_three.mp4;C:\Users\esthe\Downloads\pepper 13\VID_20250513_075924.mp4;C:\Users\esthe\Downloads\pepper 13\VID_20250513_080113.mp4,0.0,7.567;7.699;6.266;6.058;9.627;13.820;6.897;7.797;8.327;8.335;6.494;8.857;2.241,30.000;30.000;30.000;120.000;120.000;30.000;30.000;240.000;120.000;30.000;30.000;120.000;120.000,Pepper,bending,,,STOP,75.020,C:\Users\esthe\Downloads\pepper 13\Pepp_1305_8_five.mp4,29,NA,
Pepp_1305,2025-06-09 19:21:39.009,,87.845,Media file(s),player #1:C:\Users\esthe\Downloads\pepper 13\Pepp_1305_10_three.mp4;C:\Users\esthe\Downloads\pepper 13\Pepp_1305_11_three.mp4;C:\Users\esthe\Downloads\pepper 13\Pepp_1305_12_five.mp4;C:\Users\esthe\Downloads\pepper 13\Pepp_1305_15_seven.mp4;C:\Users\esthe\Downloads\pepper 13\Pepp_1305_16_seven.mp4;C:\Users\esthe\Downloads\pepper 13\Pepp_1305_4_five.mp4;C:\Users\esthe\Downloads\pepper 13\Pepp_1305_5_seven.mp4;C:\Users\esthe\Downloads\pepper 13\Pepp_1305_6_three.mp4;C:\Users\esthe\Downloads\pepper 13\Pepp_1305_7_one.mp4;C:\Users\esthe\Downloads\pepper 13\Pepp_1305_8_five.mp4;C:\Users\esthe\Downloads\pepper 13\Pepp_1305_9_three.mp4;C:\Users\esthe\Downloads\pepper 13\VID_20250513_075924.mp4;C:\Users\esthe\Downloads\pepper 13\VID_20250513_080113.mp4,0.0,7.567;7.699;6.266;6.058;9.627;13.820;6.897;7.797;8.327;8.335;6.494;8.857;2.241,30.000;30.000;30.000;120.000;120.000;30.000;30.000;240.000;120.000;30.000;30.000;120.000;120.000,Pepper,lifting,,,START,75.020,C:\Users\esthe\Downloads\pepper 13\Pepp_1305_8_five.mp4,29,NA,
Pepp_1305,2025-06-09 19:21:39.009,,87.845,Media file(s),player #1:C:\Users\esthe\Downloads\pepper 13\Pepp_1305_10_three.mp4;C:\Users\esthe\Downloads\pepper 13\Pepp_1305_11_three.mp4;C:\Users\esthe\Downloads\pepper 13\Pepp_1305_12_five.mp4;C:\Users\esthe\Downloads\pepper 13\Pepp_1305_15_seven.mp4;C:\Users\esthe\Downloads\pepper 13\Pepp_1305_16_seven.mp4;C:\Users\esthe\Downloads\pepper 13\Pepp_1305_4_five.mp4;C:\Users\esthe\Downloads\pepper 13\Pepp_1305_5_seven.mp4;C:\Users\esthe\Downloads\pepper 13\Pepp_1305_6_three.mp4;C:\Users\esthe\Downloads\pepper 13\Pepp_1305_7_one.mp4;C:\Users\esthe\Downloads\pepper 13\Pepp_1305_8_five.mp4;C:\Users\esthe\Downloads\pepper 13\Pepp_1305_9_three.mp4;C:\Users\esthe\Downloads\pepper 13\VID_20250513_075924.mp4;C:\Users\esthe\Downloads\pepper 13\VID_20250513_080113.mp4,0.0,7.567;7.699;6.266;6.058;9.627;13.820;6.897;7.797;8.327;8.335;6.494;8.857;2.241,30.000;30.000;30.000;120.000;120.000;30.000;30.000;240.000;120.000;30.000;30.000;120.000;120.000,Pepper,lifting,,,STOP,75.387,C:\Users\esthe\Downloads\pepper 13\Pepp_1305_8_five.mp4,40,NA,
Pepp_1305,2025-06-09 19:21:39.009,,87.845,Media file(s),player #1:C:\Users\esthe\Downloads\pepper 13\Pepp_1305_10_three.mp4;C:\Users\esthe\Downloads\pepper 13\Pepp_1305_11_three.mp4;C:\Users\esthe\Downloads\pepper 13\Pepp_1305_12_five.mp4;C:\Users\esthe\Downloads\pepper 13\Pepp_1305_15_seven.mp4;C:\Users\esthe\Downloads\pepper 13\Pepp_1305_16_seven.mp4;C:\Users\esthe\Downloads\pepper 13\Pepp_1305_4_five.mp4;C:\Users\esthe\Downloads\pepper 13\Pepp_1305_5_seven.mp4;C:\Users\esthe\Downloads\pepper 13\Pepp_1305_6_three.mp4;C:\Users\esthe\Downloads\pepper 13\Pepp_1305_7_one.mp4;C:\Users\esthe\Downloads\pepper 13\Pepp_1305_8_five.mp4;C:\Users\esthe\Downloads\pepper 13\Pepp_1305_9_three.mp4;C:\Users\esthe\Downloads\pepper 13\VID_20250513_075924.mp4;C:\Users\esthe\Downloads\pepper 13\VID_20250513_080113.mp4,0.0,7.567;7.699;6.266;6.058;9.627;13.820;6.897;7.797;8.327;8.335;6.494;8.857;2.241,30.000;30.000;30.000;120.000;120.000;30.000;30.000;240.000;120.000;30.000;30.000;120.000;120.000,Pepper,assessing,,,START,75.520,C:\Users\esthe\Downloads\pepper 13\Pepp_1305_8_five.mp4,44,NA,
Pepp_1305,2025-06-09 19:21:39.009,,87.845,Media file(s),player #1:C:\Users\esthe\Downloads\pepper 13\Pepp_1305_10_three.mp4;C:\Users\esthe\Downloads\pepper 13\Pepp_1305_11_three.mp4;C:\Users\esthe\Downloads\pepper 13\Pepp_1305_12_five.mp4;C:\Users\esthe\Downloads\pepper 13\Pepp_1305_15_seven.mp4;C:\Users\esthe\Downloads\pepper 13\Pepp_1305_16_seven.mp4;C:\Users\esthe\Downloads\pepper 13\Pepp_1305_4_five.mp4;C:\Users\esthe\Downloads\pepper 13\Pepp_1305_5_seven.mp4;C:\Users\esthe\Downloads\pepper 13\Pepp_1305_6_three.mp4;C:\Users\esthe\Downloads\pepper 13\Pepp_1305_7_one.mp4;C:\Users\esthe\Downloads\pepper 13\Pepp_1305_8_five.mp4;C:\Users\esthe\Downloads\pepper 13\Pepp_1305_9_three.mp4;C:\Users\esthe\Downloads\pepper 13\VID_20250513_075924.mp4;C:\Users\esthe\Downloads\pepper 13\VID_20250513_080113.mp4,0.0,7.567;7.699;6.266;6.058;9.627;13.820;6.897;7.797;8.327;8.335;6.494;8.857;2.241,30.000;30.000;30.000;120.000;120.000;30.000;30.000;240.000;120.000;30.000;30.000;120.000;120.000,Pepper,jaw movement,,,POINT,75.553,C:\Users\esthe\Downloads\pepper 13\Pepp_1305_8_five.mp4,45,NA,
Pepp_1305,2025-06-09 19:21:39.009,,87.845,Media file(s),player #1:C:\Users\esthe\Downloads\pepper 13\Pepp_1305_10_three.mp4;C:\Users\esthe\Downloads\pepper 13\Pepp_1305_11_three.mp4;C:\Users\esthe\Downloads\pepper 13\Pepp_1305_12_five.mp4;C:\Users\esthe\Downloads\pepper 13\Pepp_1305_15_seven.mp4;C:\Users\esthe\Downloads\pepper 13\Pepp_1305_16_seven.mp4;C:\Users\esthe\Downloads\pepper 13\Pepp_1305_4_five.mp4;C:\Users\esthe\Downloads\pepper 13\Pepp_1305_5_seven.mp4;C:\Users\esthe\Downloads\pepper 13\Pepp_1305_6_three.mp4;C:\Users\esthe\Downloads\pepper 13\Pepp_1305_7_one.mp4;C:\Users\esthe\Downloads\pepper 13\Pepp_1305_8_five.mp4;C:\Users\esthe\Downloads\pepper 13\Pepp_1305_9_three.mp4;C:\Users\esthe\Downloads\pepper 13\VID_20250513_075924.mp4;C:\Users\esthe\Downloads\pepper 13\VID_20250513_080113.mp4,0.0,7.567;7.699;6.266;6.058;9.627;13.820;6.897;7.797;8.327;8.335;6.494;8.857;2.241,30.000;30.000;30.000;120.000;120.000;30.000;30.000;240.000;120.000;30.000;30.000;120.000;120.000,Pepper,licking,,,POINT,75.687,C:\Users\esthe\Downloads\pepper 13\Pepp_1305_8_five.mp4,49,NA,
Pepp_1305,2025-06-09 19:21:39.009,,87.845,Media file(s),player #1:C:\Users\esthe\Downloads\pepper 13\Pepp_1305_10_three.mp4;C:\Users\esthe\Downloads\pepper 13\Pepp_1305_11_three.mp4;C:\Users\esthe\Downloads\pepper 13\Pepp_1305_12_five.mp4;C:\Users\esthe\Downloads\pepper 13\Pepp_1305_15_seven.mp4;C:\Users\esthe\Downloads\pepper 13\Pepp_1305_16_seven.mp4;C:\Users\esthe\Downloads\pepper 13\Pepp_1305_4_five.mp4;C:\Users\esthe\Downloads\pepper 13\Pepp_1305_5_seven.mp4;C:\Users\esthe\Downloads\pepper 13\Pepp_1305_6_three.mp4;C:\Users\esthe\Downloads\pepper 13\Pepp_1305_7_one.mp4;C:\Users\esthe\Downloads\pepper 13\Pepp_1305_8_five.mp4;C:\Users\esthe\Downloads\pepper 13\Pepp_1305_9_three.mp4;C:\Users\esthe\Downloads\pepper 13\VID_20250513_075924.mp4;C:\Users\esthe\Downloads\pepper 13\VID_20250513_080113.mp4,0.0,7.567;7.699;6.266;6.058;9.627;13.820;6.897;7.797;8.327;8.335;6.494;8.857;2.241,30.000;30.000;30.000;120.000;120.000;30.000;30.000;240.000;120.000;30.000;30.000;120.000;120.000,Pepper,jaw movement,,,POINT,75.887,C:\Users\esthe\Downloads\pepper 13\Pepp_1305_8_five.mp4,55,NA,
Pepp_1305,2025-06-09 19:21:39.009,,87.845,Media file(s),player #1:C:\Users\esthe\Downloads\pepper 13\Pepp_1305_10_three.mp4;C:\Users\esthe\Downloads\pepper 13\Pepp_1305_11_three.mp4;C:\Users\esthe\Downloads\pepper 13\Pepp_1305_12_five.mp4;C:\Users\esthe\Downloads\pepper 13\Pepp_1305_15_seven.mp4;C:\Users\esthe\Downloads\pepper 13\Pepp_1305_16_seven.mp4;C:\Users\esthe\Downloads\pepper 13\Pepp_1305_4_five.mp4;C:\Users\esthe\Downloads\pepper 13\Pepp_1305_5_seven.mp4;C:\Users\esthe\Downloads\pepper 13\Pepp_1305_6_three.mp4;C:\Users\esthe\Downloads\pepper 13\Pepp_1305_7_one.mp4;C:\Users\esthe\Downloads\pepper 13\Pepp_1305_8_five.mp4;C:\Users\esthe\Downloads\pepper 13\Pepp_1305_9_three.mp4;C:\Users\esthe\Downloads\pepper 13\VID_20250513_075924.mp4;C:\Users\esthe\Downloads\pepper 13\VID_20250513_080113.mp4,0.0,7.567;7.699;6.266;6.058;9.627;13.820;6.897;7.797;8.327;8.335;6.494;8.857;2.241,30.000;30.000;30.000;120.000;120.000;30.000;30.000;240.000;120.000;30.000;30.000;120.000;120.000,Pepper,mouth,,,POINT,76.120,C:\Users\esthe\Downloads\pepper 13\Pepp_1305_8_five.mp4,62,NA,
Pepp_1305,2025-06-09 19:21:39.009,,87.845,Media file(s),player #1:C:\Users\esthe\Downloads\pepper 13\Pepp_1305_10_three.mp4;C:\Users\esthe\Downloads\pepper 13\Pepp_1305_11_three.mp4;C:\Users\esthe\Downloads\pepper 13\Pepp_1305_12_five.mp4;C:\Users\esthe\Downloads\pepper 13\Pepp_1305_15_seven.mp4;C:\Users\esthe\Downloads\pepper 13\Pepp_1305_16_seven.mp4;C:\Users\esthe\Downloads\pepper 13\Pepp_1305_4_five.mp4;C:\Users\esthe\Downloads\pepper 13\Pepp_1305_5_seven.mp4;C:\Users\esthe\Downloads\pepper 13\Pepp_1305_6_three.mp4;C:\Users\esthe\Downloads\pepper 13\Pepp_1305_7_one.mp4;C:\Users\esthe\Downloads\pepper 13\Pepp_1305_8_five.mp4;C:\Users\esthe\Downloads\pepper 13\Pepp_1305_9_three.mp4;C:\Users\esthe\Downloads\pepper 13\VID_20250513_075924.mp4;C:\Users\esthe\Downloads\pepper 13\VID_20250513_080113.mp4,0.0,7.567;7.699;6.266;6.058;9.627;13.820;6.897;7.797;8.327;8.335;6.494;8.857;2.241,30.000;30.000;30.000;120.000;120.000;30.000;30.000;240.000;120.000;30.000;30.000;120.000;120.000,Pepper,assessing,,,STOP,76.153,C:\Users\esthe\Downloads\pepper 13\Pepp_1305_8_five.mp4,63,NA,
Pepp_1305,2025-06-09 19:21:39.009,,87.845,Media file(s),player #1:C:\Users\esthe\Downloads\pepper 13\Pepp_1305_10_three.mp4;C:\Users\esthe\Downloads\pepper 13\Pepp_1305_11_three.mp4;C:\Users\esthe\Downloads\pepper 13\Pepp_1305_12_five.mp4;C:\Users\esthe\Downloads\pepper 13\Pepp_1305_15_seven.mp4;C:\Users\esthe\Downloads\pepper 13\Pepp_1305_16_seven.mp4;C:\Users\esthe\Downloads\pepper 13\Pepp_1305_4_five.mp4;C:\Users\esthe\Downloads\pepper 13\Pepp_1305_5_seven.mp4;C:\Users\esthe\Downloads\pepper 13\Pepp_1305_6_three.mp4;C:\Users\esthe\Downloads\pepper 13\Pepp_1305_7_one.mp4;C:\Users\esthe\Downloads\pepper 13\Pepp_1305_8_five.mp4;C:\Users\esthe\Downloads\pepper 13\Pepp_1305_9_three.mp4;C:\Users\esthe\Downloads\pepper 13\VID_20250513_075924.mp4;C:\Users\esthe\Downloads\pepper 13\VID_20250513_080113.mp4,0.0,7.567;7.699;6.266;6.058;9.627;13.820;6.897;7.797;8.327;8.335;6.494;8.857;2.241,30.000;30.000;30.000;120.000;120.000;30.000;30.000;240.000;120.000;30.000;30.000;120.000;120.000,Pepper,ear clapping,,,POINT,76.187,C:\Users\esthe\Downloads\pepper 13\Pepp_1305_8_five.mp4,64,NA,
Pepp_1305,2025-06-09 19:21:39.009,,87.845,Media file(s),player #1:C:\Users\esthe\Downloads\pepper 13\Pepp_1305_10_three.mp4;C:\Users\esthe\Downloads\pepper 13\Pepp_1305_11_three.mp4;C:\Users\esthe\Downloads\pepper 13\Pepp_1305_12_five.mp4;C:\Users\esthe\Downloads\pepper 13\Pepp_1305_15_seven.mp4;C:\Users\esthe\Downloads\pepper 13\Pepp_1305_16_seven.mp4;C:\Users\esthe\Downloads\pepper 13\Pepp_1305_4_five.mp4;C:\Users\esthe\Downloads\pepper 13\Pepp_1305_5_seven.mp4;C:\Users\esthe\Downloads\pepper 13\Pepp_1305_6_three.mp4;C:\Users\esthe\Downloads\pepper 13\Pepp_1305_7_one.mp4;C:\Users\esthe\Downloads\pepper 13\Pepp_1305_8_five.mp4;C:\Users\esthe\Downloads\pepper 13\Pepp_1305_9_three.mp4;C:\Users\esthe\Downloads\pepper 13\VID_20250513_075924.mp4;C:\Users\esthe\Downloads\pepper 13\VID_20250513_080113.mp4,0.0,7.567;7.699;6.266;6.058;9.627;13.820;6.897;7.797;8.327;8.335;6.494;8.857;2.241,30.000;30.000;30.000;120.000;120.000;30.000;30.000;240.000;120.000;30.000;30.000;120.000;120.000,Pepper,target,,,START,76.253,C:\Users\esthe\Downloads\pepper 13\Pepp_1305_8_five.mp4,66,NA,
Pepp_1305,2025-06-09 19:21:39.009,,87.845,Media file(s),player #1:C:\Users\esthe\Downloads\pepper 13\Pepp_1305_10_three.mp4;C:\Users\esthe\Downloads\pepper 13\Pepp_1305_11_three.mp4;C:\Users\esthe\Downloads\pepper 13\Pepp_1305_12_five.mp4;C:\Users\esthe\Downloads\pepper 13\Pepp_1305_15_seven.mp4;C:\Users\esthe\Downloads\pepper 13\Pepp_1305_16_seven.mp4;C:\Users\esthe\Downloads\pepper 13\Pepp_1305_4_five.mp4;C:\Users\esthe\Downloads\pepper 13\Pepp_1305_5_seven.mp4;C:\Users\esthe\Downloads\pepper 13\Pepp_1305_6_three.mp4;C:\Users\esthe\Downloads\pepper 13\Pepp_1305_7_one.mp4;C:\Users\esthe\Downloads\pepper 13\Pepp_1305_8_five.mp4;C:\Users\esthe\Downloads\pepper 13\Pepp_1305_9_three.mp4;C:\Users\esthe\Downloads\pepper 13\VID_20250513_075924.mp4;C:\Users\esthe\Downloads\pepper 13\VID_20250513_080113.mp4,0.0,7.567;7.699;6.266;6.058;9.627;13.820;6.897;7.797;8.327;8.335;6.494;8.857;2.241,30.000;30.000;30.000;120.000;120.000;30.000;30.000;240.000;120.000;30.000;30.000;120.000;120.000,Pepper,pause,,,START,78.121,C:\Users\esthe\Downloads\pepper 13\Pepp_1305_8_five.mp4,122,NA,
Pepp_1305,2025-06-09 19:21:39.009,,87.845,Media file(s),player #1:C:\Users\esthe\Downloads\pepper 13\Pepp_1305_10_three.mp4;C:\Users\esthe\Downloads\pepper 13\Pepp_1305_11_three.mp4;C:\Users\esthe\Downloads\pepper 13\Pepp_1305_12_five.mp4;C:\Users\esthe\Downloads\pepper 13\Pepp_1305_15_seven.mp4;C:\Users\esthe\Downloads\pepper 13\Pepp_1305_16_seven.mp4;C:\Users\esthe\Downloads\pepper 13\Pepp_1305_4_five.mp4;C:\Users\esthe\Downloads\pepper 13\Pepp_1305_5_seven.mp4;C:\Users\esthe\Downloads\pepper 13\Pepp_1305_6_three.mp4;C:\Users\esthe\Downloads\pepper 13\Pepp_1305_7_one.mp4;C:\Users\esthe\Downloads\pepper 13\Pepp_1305_8_five.mp4;C:\Users\esthe\Downloads\pepper 13\Pepp_1305_9_three.mp4;C:\Users\esthe\Downloads\pepper 13\VID_20250513_075924.mp4;C:\Users\esthe\Downloads\pepper 13\VID_20250513_080113.mp4,0.0,7.567;7.699;6.266;6.058;9.627;13.820;6.897;7.797;8.327;8.335;6.494;8.857;2.241,30.000;30.000;30.000;120.000;120.000;30.000;30.000;240.000;120.000;30.000;30.000;120.000;120.000,Pepper,pause,,,STOP,78.822,C:\Users\esthe\Downloads\pepper 13\Pepp_1305_8_five.mp4,143,NA,
Pepp_1305,2025-06-09 19:21:39.009,,87.845,Media file(s),player #1:C:\Users\esthe\Downloads\pepper 13\Pepp_1305_10_three.mp4;C:\Users\esthe\Downloads\pepper 13\Pepp_1305_11_three.mp4;C:\Users\esthe\Downloads\pepper 13\Pepp_1305_12_five.mp4;C:\Users\esthe\Downloads\pepper 13\Pepp_1305_15_seven.mp4;C:\Users\esthe\Downloads\pepper 13\Pepp_1305_16_seven.mp4;C:\Users\esthe\Downloads\pepper 13\Pepp_1305_4_five.mp4;C:\Users\esthe\Downloads\pepper 13\Pepp_1305_5_seven.mp4;C:\Users\esthe\Downloads\pepper 13\Pepp_1305_6_three.mp4;C:\Users\esthe\Downloads\pepper 13\Pepp_1305_7_one.mp4;C:\Users\esthe\Downloads\pepper 13\Pepp_1305_8_five.mp4;C:\Users\esthe\Downloads\pepper 13\Pepp_1305_9_three.mp4;C:\Users\esthe\Downloads\pepper 13\VID_20250513_075924.mp4;C:\Users\esthe\Downloads\pepper 13\VID_20250513_080113.mp4,0.0,7.567;7.699;6.266;6.058;9.627;13.820;6.897;7.797;8.327;8.335;6.494;8.857;2.241,30.000;30.000;30.000;120.000;120.000;30.000;30.000;240.000;120.000;30.000;30.000;120.000;120.000,Pepper,pause,,,START,81.955,C:\Users\esthe\Downloads\pepper 13\Pepp_1305_8_five.mp4,237,NA,
Pepp_1305,2025-06-09 19:21:39.009,,87.845,Media file(s),player #1:C:\Users\esthe\Downloads\pepper 13\Pepp_1305_10_three.mp4;C:\Users\esthe\Downloads\pepper 13\Pepp_1305_11_three.mp4;C:\Users\esthe\Downloads\pepper 13\Pepp_1305_12_five.mp4;C:\Users\esthe\Downloads\pepper 13\Pepp_1305_15_seven.mp4;C:\Users\esthe\Downloads\pepper 13\Pepp_1305_16_seven.mp4;C:\Users\esthe\Downloads\pepper 13\Pepp_1305_4_five.mp4;C:\Users\esthe\Downloads\pepper 13\Pepp_1305_5_seven.mp4;C:\Users\esthe\Downloads\pepper 13\Pepp_1305_6_three.mp4;C:\Users\esthe\Downloads\pepper 13\Pepp_1305_7_one.mp4;C:\Users\esthe\Downloads\pepper 13\Pepp_1305_8_five.mp4;C:\Users\esthe\Downloads\pepper 13\Pepp_1305_9_three.mp4;C:\Users\esthe\Downloads\pepper 13\VID_20250513_075924.mp4;C:\Users\esthe\Downloads\pepper 13\VID_20250513_080113.mp4,0.0,7.567;7.699;6.266;6.058;9.627;13.820;6.897;7.797;8.327;8.335;6.494;8.857;2.241,30.000;30.000;30.000;120.000;120.000;30.000;30.000;240.000;120.000;30.000;30.000;120.000;120.000,Pepper,pause,,,STOP,82.355,C:\Users\esthe\Downloads\pepper 13\Pepp_1305_8_five.mp4,249,NA,
Pepp_1305,2025-06-09 19:21:39.009,,87.845,Media file(s),player #1:C:\Users\esthe\Downloads\pepper 13\Pepp_1305_10_three.mp4;C:\Users\esthe\Downloads\pepper 13\Pepp_1305_11_three.mp4;C:\Users\esthe\Downloads\pepper 13\Pepp_1305_12_five.mp4;C:\Users\esthe\Downloads\pepper 13\Pepp_1305_15_seven.mp4;C:\Users\esthe\Downloads\pepper 13\Pepp_1305_16_seven.mp4;C:\Users\esthe\Downloads\pepper 13\Pepp_1305_4_five.mp4;C:\Users\esthe\Downloads\pepper 13\Pepp_1305_5_seven.mp4;C:\Users\esthe\Downloads\pepper 13\Pepp_1305_6_three.mp4;C:\Users\esthe\Downloads\pepper 13\Pepp_1305_7_one.mp4;C:\Users\esthe\Downloads\pepper 13\Pepp_1305_8_five.mp4;C:\Users\esthe\Downloads\pepper 13\Pepp_1305_9_three.mp4;C:\Users\esthe\Downloads\pepper 13\VID_20250513_075924.mp4;C:\Users\esthe\Downloads\pepper 13\VID_20250513_080113.mp4,0.0,7.567;7.699;6.266;6.058;9.627;13.820;6.897;7.797;8.327;8.335;6.494;8.857;2.241,30.000;30.000;30.000;120.000;120.000;30.000;30.000;240.000;120.000;30.000;30.000;120.000;120.000,Pepper,target,,,STOP,82.355,C:\Users\esthe\Downloads\pepper 13\Pepp_1305_8_five.mp4,249,NA,
Pepp_1305,2025-06-09 19:21:39.009,,87.845,Media file(s),player #1:C:\Users\esthe\Downloads\pepper 13\Pepp_1305_10_three.mp4;C:\Users\esthe\Downloads\pepper 13\Pepp_1305_11_three.mp4;C:\Users\esthe\Downloads\pepper 13\Pepp_1305_12_five.mp4;C:\Users\esthe\Downloads\pepper 13\Pepp_1305_15_seven.mp4;C:\Users\esthe\Downloads\pepper 13\Pepp_1305_16_seven.mp4;C:\Users\esthe\Downloads\pepper 13\Pepp_1305_4_five.mp4;C:\Users\esthe\Downloads\pepper 13\Pepp_1305_5_seven.mp4;C:\Users\esthe\Downloads\pepper 13\Pepp_1305_6_three.mp4;C:\Users\esthe\Downloads\pepper 13\Pepp_1305_7_one.mp4;C:\Users\esthe\Downloads\pepper 13\Pepp_1305_8_five.mp4;C:\Users\esthe\Downloads\pepper 13\Pepp_1305_9_three.mp4;C:\Users\esthe\Downloads\pepper 13\VID_20250513_075924.mp4;C:\Users\esthe\Downloads\pepper 13\VID_20250513_080113.mp4,0.0,7.567;7.699;6.266;6.058;9.627;13.820;6.897;7.797;8.327;8.335;6.494;8.857;2.241,30.000;30.000;30.000;120.000;120.000;30.000;30.000;240.000;120.000;30.000;30.000;120.000;120.000,Pepper,grabbing peanut,,,POINT,82.488,C:\Users\esthe\Downloads\pepper 13\Pepp_1305_9_three.mp4,3,NA,
Pepp_1305,2025-06-09 19:21:39.009,,87.845,Media file(s),player #1:C:\Users\esthe\Downloads\pepper 13\Pepp_1305_10_three.mp4;C:\Users\esthe\Downloads\pepper 13\Pepp_1305_11_three.mp4;C:\Users\esthe\Downloads\pepper 13\Pepp_1305_12_five.mp4;C:\Users\esthe\Downloads\pepper 13\Pepp_1305_15_seven.mp4;C:\Users\esthe\Downloads\pepper 13\Pepp_1305_16_seven.mp4;C:\Users\esthe\Downloads\pepper 13\Pepp_1305_4_five.mp4;C:\Users\esthe\Downloads\pepper 13\Pepp_1305_5_seven.mp4;C:\Users\esthe\Downloads\pepper 13\Pepp_1305_6_three.mp4;C:\Users\esthe\Downloads\pepper 13\Pepp_1305_7_one.mp4;C:\Users\esthe\Downloads\pepper 13\Pepp_1305_8_five.mp4;C:\Users\esthe\Downloads\pepper 13\Pepp_1305_9_three.mp4;C:\Users\esthe\Downloads\pepper 13\VID_20250513_075924.mp4;C:\Users\esthe\Downloads\pepper 13\VID_20250513_080113.mp4,0.0,7.567;7.699;6.266;6.058;9.627;13.820;6.897;7.797;8.327;8.335;6.494;8.857;2.241,30.000;30.000;30.000;120.000;120.000;30.000;30.000;240.000;120.000;30.000;30.000;120.000;120.000,Pepper,lifting,,,START,82.555,C:\Users\esthe\Downloads\pepper 13\Pepp_1305_9_three.mp4,5,NA,
Pepp_1305,2025-06-09 19:21:39.009,,87.845,Media file(s),player #1:C:\Users\esthe\Downloads\pepper 13\Pepp_1305_10_three.mp4;C:\Users\esthe\Downloads\pepper 13\Pepp_1305_11_three.mp4;C:\Users\esthe\Downloads\pepper 13\Pepp_1305_12_five.mp4;C:\Users\esthe\Downloads\pepper 13\Pepp_1305_15_seven.mp4;C:\Users\esthe\Downloads\pepper 13\Pepp_1305_16_seven.mp4;C:\Users\esthe\Downloads\pepper 13\Pepp_1305_4_five.mp4;C:\Users\esthe\Downloads\pepper 13\Pepp_1305_5_seven.mp4;C:\Users\esthe\Downloads\pepper 13\Pepp_1305_6_three.mp4;C:\Users\esthe\Downloads\pepper 13\Pepp_1305_7_one.mp4;C:\Users\esthe\Downloads\pepper 13\Pepp_1305_8_five.mp4;C:\Users\esthe\Downloads\pepper 13\Pepp_1305_9_three.mp4;C:\Users\esthe\Downloads\pepper 13\VID_20250513_075924.mp4;C:\Users\esthe\Downloads\pepper 13\VID_20250513_080113.mp4,0.0,7.567;7.699;6.266;6.058;9.627;13.820;6.897;7.797;8.327;8.335;6.494;8.857;2.241,30.000;30.000;30.000;120.000;120.000;30.000;30.000;240.000;120.000;30.000;30.000;120.000;120.000,Pepper,lifting,,,STOP,82.821,C:\Users\esthe\Downloads\pepper 13\Pepp_1305_9_three.mp4,13,NA,
Pepp_1305,2025-06-09 19:21:39.009,,87.845,Media file(s),player #1:C:\Users\esthe\Downloads\pepper 13\Pepp_1305_10_three.mp4;C:\Users\esthe\Downloads\pepper 13\Pepp_1305_11_three.mp4;C:\Users\esthe\Downloads\pepper 13\Pepp_1305_12_five.mp4;C:\Users\esthe\Downloads\pepper 13\Pepp_1305_15_seven.mp4;C:\Users\esthe\Downloads\pepper 13\Pepp_1305_16_seven.mp4;C:\Users\esthe\Downloads\pepper 13\Pepp_1305_4_five.mp4;C:\Users\esthe\Downloads\pepper 13\Pepp_1305_5_seven.mp4;C:\Users\esthe\Downloads\pepper 13\Pepp_1305_6_three.mp4;C:\Users\esthe\Downloads\pepper 13\Pepp_1305_7_one.mp4;C:\Users\esthe\Downloads\pepper 13\Pepp_1305_8_five.mp4;C:\Users\esthe\Downloads\pepper 13\Pepp_1305_9_three.mp4;C:\Users\esthe\Downloads\pepper 13\VID_20250513_075924.mp4;C:\Users\esthe\Downloads\pepper 13\VID_20250513_080113.mp4,0.0,7.567;7.699;6.266;6.058;9.627;13.820;6.897;7.797;8.327;8.335;6.494;8.857;2.241,30.000;30.000;30.000;120.000;120.000;30.000;30.000;240.000;120.000;30.000;30.000;120.000;120.000,Pepper,assessing,,,START,82.921,C:\Users\esthe\Downloads\pepper 13\Pepp_1305_9_three.mp4,16,NA,
Pepp_1305,2025-06-09 19:21:39.009,,87.845,Media file(s),player #1:C:\Users\esthe\Downloads\pepper 13\Pepp_1305_10_three.mp4;C:\Users\esthe\Downloads\pepper 13\Pepp_1305_11_three.mp4;C:\Users\esthe\Downloads\pepper 13\Pepp_1305_12_five.mp4;C:\Users\esthe\Downloads\pepper 13\Pepp_1305_15_seven.mp4;C:\Users\esthe\Downloads\pepper 13\Pepp_1305_16_seven.mp4;C:\Users\esthe\Downloads\pepper 13\Pepp_1305_4_five.mp4;C:\Users\esthe\Downloads\pepper 13\Pepp_1305_5_seven.mp4;C:\Users\esthe\Downloads\pepper 13\Pepp_1305_6_three.mp4;C:\Users\esthe\Downloads\pepper 13\Pepp_1305_7_one.mp4;C:\Users\esthe\Downloads\pepper 13\Pepp_1305_8_five.mp4;C:\Users\esthe\Downloads\pepper 13\Pepp_1305_9_three.mp4;C:\Users\esthe\Downloads\pepper 13\VID_20250513_075924.mp4;C:\Users\esthe\Downloads\pepper 13\VID_20250513_080113.mp4,0.0,7.567;7.699;6.266;6.058;9.627;13.820;6.897;7.797;8.327;8.335;6.494;8.857;2.241,30.000;30.000;30.000;120.000;120.000;30.000;30.000;240.000;120.000;30.000;30.000;120.000;120.000,Pepper,jaw movement,,,POINT,82.921,C:\Users\esthe\Downloads\pepper 13\Pepp_1305_9_three.mp4,16,NA,
Pepp_1305,2025-06-09 19:21:39.009,,87.845,Media file(s),player #1:C:\Users\esthe\Downloads\pepper 13\Pepp_1305_10_three.mp4;C:\Users\esthe\Downloads\pepper 13\Pepp_1305_11_three.mp4;C:\Users\esthe\Downloads\pepper 13\Pepp_1305_12_five.mp4;C:\Users\esthe\Downloads\pepper 13\Pepp_1305_15_seven.mp4;C:\Users\esthe\Downloads\pepper 13\Pepp_1305_16_seven.mp4;C:\Users\esthe\Downloads\pepper 13\Pepp_1305_4_five.mp4;C:\Users\esthe\Downloads\pepper 13\Pepp_1305_5_seven.mp4;C:\Users\esthe\Downloads\pepper 13\Pepp_1305_6_three.mp4;C:\Users\esthe\Downloads\pepper 13\Pepp_1305_7_one.mp4;C:\Users\esthe\Downloads\pepper 13\Pepp_1305_8_five.mp4;C:\Users\esthe\Downloads\pepper 13\Pepp_1305_9_three.mp4;C:\Users\esthe\Downloads\pepper 13\VID_20250513_075924.mp4;C:\Users\esthe\Downloads\pepper 13\VID_20250513_080113.mp4,0.0,7.567;7.699;6.266;6.058;9.627;13.820;6.897;7.797;8.327;8.335;6.494;8.857;2.241,30.000;30.000;30.000;120.000;120.000;30.000;30.000;240.000;120.000;30.000;30.000;120.000;120.000,Pepper,rotation,,Horizontal,START,82.955,C:\Users\esthe\Downloads\pepper 13\Pepp_1305_9_three.mp4,17,NA,
Pepp_1305,2025-06-09 19:21:39.009,,87.845,Media file(s),player #1:C:\Users\esthe\Downloads\pepper 13\Pepp_1305_10_three.mp4;C:\Users\esthe\Downloads\pepper 13\Pepp_1305_11_three.mp4;C:\Users\esthe\Downloads\pepper 13\Pepp_1305_12_five.mp4;C:\Users\esthe\Downloads\pepper 13\Pepp_1305_15_seven.mp4;C:\Users\esthe\Downloads\pepper 13\Pepp_1305_16_seven.mp4;C:\Users\esthe\Downloads\pepper 13\Pepp_1305_4_five.mp4;C:\Users\esthe\Downloads\pepper 13\Pepp_1305_5_seven.mp4;C:\Users\esthe\Downloads\pepper 13\Pepp_1305_6_three.mp4;C:\Users\esthe\Downloads\pepper 13\Pepp_1305_7_one.mp4;C:\Users\esthe\Downloads\pepper 13\Pepp_1305_8_five.mp4;C:\Users\esthe\Downloads\pepper 13\Pepp_1305_9_three.mp4;C:\Users\esthe\Downloads\pepper 13\VID_20250513_075924.mp4;C:\Users\esthe\Downloads\pepper 13\VID_20250513_080113.mp4,0.0,7.567;7.699;6.266;6.058;9.627;13.820;6.897;7.797;8.327;8.335;6.494;8.857;2.241,30.000;30.000;30.000;120.000;120.000;30.000;30.000;240.000;120.000;30.000;30.000;120.000;120.000,Pepper,licking,,,POINT,83.122,C:\Users\esthe\Downloads\pepper 13\Pepp_1305_9_three.mp4,22,NA,
Pepp_1305,2025-06-09 19:21:39.009,,87.845,Media file(s),player #1:C:\Users\esthe\Downloads\pepper 13\Pepp_1305_10_three.mp4;C:\Users\esthe\Downloads\pepper 13\Pepp_1305_11_three.mp4;C:\Users\esthe\Downloads\pepper 13\Pepp_1305_12_five.mp4;C:\Users\esthe\Downloads\pepper 13\Pepp_1305_15_seven.mp4;C:\Users\esthe\Downloads\pepper 13\Pepp_1305_16_seven.mp4;C:\Users\esthe\Downloads\pepper 13\Pepp_1305_4_five.mp4;C:\Users\esthe\Downloads\pepper 13\Pepp_1305_5_seven.mp4;C:\Users\esthe\Downloads\pepper 13\Pepp_1305_6_three.mp4;C:\Users\esthe\Downloads\pepper 13\Pepp_1305_7_one.mp4;C:\Users\esthe\Downloads\pepper 13\Pepp_1305_8_five.mp4;C:\Users\esthe\Downloads\pepper 13\Pepp_1305_9_three.mp4;C:\Users\esthe\Downloads\pepper 13\VID_20250513_075924.mp4;C:\Users\esthe\Downloads\pepper 13\VID_20250513_080113.mp4,0.0,7.567;7.699;6.266;6.058;9.627;13.820;6.897;7.797;8.327;8.335;6.494;8.857;2.241,30.000;30.000;30.000;120.000;120.000;30.000;30.000;240.000;120.000;30.000;30.000;120.000;120.000,Pepper,rotation,,Horizontal,STOP,83.122,C:\Users\esthe\Downloads\pepper 13\Pepp_1305_9_three.mp4,22,NA,
Pepp_1305,2025-06-09 19:21:39.009,,87.845,Media file(s),player #1:C:\Users\esthe\Downloads\pepper 13\Pepp_1305_10_three.mp4;C:\Users\esthe\Downloads\pepper 13\Pepp_1305_11_three.mp4;C:\Users\esthe\Downloads\pepper 13\Pepp_1305_12_five.mp4;C:\Users\esthe\Downloads\pepper 13\Pepp_1305_15_seven.mp4;C:\Users\esthe\Downloads\pepper 13\Pepp_1305_16_seven.mp4;C:\Users\esthe\Downloads\pepper 13\Pepp_1305_4_five.mp4;C:\Users\esthe\Downloads\pepper 13\Pepp_1305_5_seven.mp4;C:\Users\esthe\Downloads\pepper 13\Pepp_1305_6_three.mp4;C:\Users\esthe\Downloads\pepper 13\Pepp_1305_7_one.mp4;C:\Users\esthe\Downloads\pepper 13\Pepp_1305_8_five.mp4;C:\Users\esthe\Downloads\pepper 13\Pepp_1305_9_three.mp4;C:\Users\esthe\Downloads\pepper 13\VID_20250513_075924.mp4;C:\Users\esthe\Downloads\pepper 13\VID_20250513_080113.mp4,0.0,7.567;7.699;6.266;6.058;9.627;13.820;6.897;7.797;8.327;8.335;6.494;8.857;2.241,30.000;30.000;30.000;120.000;120.000;30.000;30.000;240.000;120.000;30.000;30.000;120.000;120.000,Pepper,rotation,,Horizontal,START,83.254,C:\Users\esthe\Downloads\pepper 13\Pepp_1305_9_three.mp4,26,NA,
Pepp_1305,2025-06-09 19:21:39.009,,87.845,Media file(s),player #1:C:\Users\esthe\Downloads\pepper 13\Pepp_1305_10_three.mp4;C:\Users\esthe\Downloads\pepper 13\Pepp_1305_11_three.mp4;C:\Users\esthe\Downloads\pepper 13\Pepp_1305_12_five.mp4;C:\Users\esthe\Downloads\pepper 13\Pepp_1305_15_seven.mp4;C:\Users\esthe\Downloads\pepper 13\Pepp_1305_16_seven.mp4;C:\Users\esthe\Downloads\pepper 13\Pepp_1305_4_five.mp4;C:\Users\esthe\Downloads\pepper 13\Pepp_1305_5_seven.mp4;C:\Users\esthe\Downloads\pepper 13\Pepp_1305_6_three.mp4;C:\Users\esthe\Downloads\pepper 13\Pepp_1305_7_one.mp4;C:\Users\esthe\Downloads\pepper 13\Pepp_1305_8_five.mp4;C:\Users\esthe\Downloads\pepper 13\Pepp_1305_9_three.mp4;C:\Users\esthe\Downloads\pepper 13\VID_20250513_075924.mp4;C:\Users\esthe\Downloads\pepper 13\VID_20250513_080113.mp4,0.0,7.567;7.699;6.266;6.058;9.627;13.820;6.897;7.797;8.327;8.335;6.494;8.857;2.241,30.000;30.000;30.000;120.000;120.000;30.000;30.000;240.000;120.000;30.000;30.000;120.000;120.000,Pepper,rotation,,Horizontal,STOP,83.487,C:\Users\esthe\Downloads\pepper 13\Pepp_1305_9_three.mp4,33,NA,
Pepp_1305,2025-06-09 19:21:39.009,,87.845,Media file(s),player #1:C:\Users\esthe\Downloads\pepper 13\Pepp_1305_10_three.mp4;C:\Users\esthe\Downloads\pepper 13\Pepp_1305_11_three.mp4;C:\Users\esthe\Downloads\pepper 13\Pepp_1305_12_five.mp4;C:\Users\esthe\Downloads\pepper 13\Pepp_1305_15_seven.mp4;C:\Users\esthe\Downloads\pepper 13\Pepp_1305_16_seven.mp4;C:\Users\esthe\Downloads\pepper 13\Pepp_1305_4_five.mp4;C:\Users\esthe\Downloads\pepper 13\Pepp_1305_5_seven.mp4;C:\Users\esthe\Downloads\pepper 13\Pepp_1305_6_three.mp4;C:\Users\esthe\Downloads\pepper 13\Pepp_1305_7_one.mp4;C:\Users\esthe\Downloads\pepper 13\Pepp_1305_8_five.mp4;C:\Users\esthe\Downloads\pepper 13\Pepp_1305_9_three.mp4;C:\Users\esthe\Downloads\pepper 13\VID_20250513_075924.mp4;C:\Users\esthe\Downloads\pepper 13\VID_20250513_080113.mp4,0.0,7.567;7.699;6.266;6.058;9.627;13.820;6.897;7.797;8.327;8.335;6.494;8.857;2.241,30.000;30.000;30.000;120.000;120.000;30.000;30.000;240.000;120.000;30.000;30.000;120.000;120.000,Pepper,ear clapping,,,POINT,83.553,C:\Users\esthe\Downloads\pepper 13\Pepp_1305_9_three.mp4,35,NA,
Pepp_1305,2025-06-09 19:21:39.009,,87.845,Media file(s),player #1:C:\Users\esthe\Downloads\pepper 13\Pepp_1305_10_three.mp4;C:\Users\esthe\Downloads\pepper 13\Pepp_1305_11_three.mp4;C:\Users\esthe\Downloads\pepper 13\Pepp_1305_12_five.mp4;C:\Users\esthe\Downloads\pepper 13\Pepp_1305_15_seven.mp4;C:\Users\esthe\Downloads\pepper 13\Pepp_1305_16_seven.mp4;C:\Users\esthe\Downloads\pepper 13\Pepp_1305_4_five.mp4;C:\Users\esthe\Downloads\pepper 13\Pepp_1305_5_seven.mp4;C:\Users\esthe\Downloads\pepper 13\Pepp_1305_6_three.mp4;C:\Users\esthe\Downloads\pepper 13\Pepp_1305_7_one.mp4;C:\Users\esthe\Downloads\pepper 13\Pepp_1305_8_five.mp4;C:\Users\esthe\Downloads\pepper 13\Pepp_1305_9_three.mp4;C:\Users\esthe\Downloads\pepper 13\VID_20250513_075924.mp4;C:\Users\esthe\Downloads\pepper 13\VID_20250513_080113.mp4,0.0,7.567;7.699;6.266;6.058;9.627;13.820;6.897;7.797;8.327;8.335;6.494;8.857;2.241,30.000;30.000;30.000;120.000;120.000;30.000;30.000;240.000;120.000;30.000;30.000;120.000;120.000,Pepper,teeth-hole contact,,,POINT,83.619,C:\Users\esthe\Downloads\pepper 13\Pepp_1305_9_three.mp4,37,NA,
Pepp_1305,2025-06-09 19:21:39.009,,87.845,Media file(s),player #1:C:\Users\esthe\Downloads\pepper 13\Pepp_1305_10_three.mp4;C:\Users\esthe\Downloads\pepper 13\Pepp_1305_11_three.mp4;C:\Users\esthe\Downloads\pepper 13\Pepp_1305_12_five.mp4;C:\Users\esthe\Downloads\pepper 13\Pepp_1305_15_seven.mp4;C:\Users\esthe\Downloads\pepper 13\Pepp_1305_16_seven.mp4;C:\Users\esthe\Downloads\pepper 13\Pepp_1305_4_five.mp4;C:\Users\esthe\Downloads\pepper 13\Pepp_1305_5_seven.mp4;C:\Users\esthe\Downloads\pepper 13\Pepp_1305_6_three.mp4;C:\Users\esthe\Downloads\pepper 13\Pepp_1305_7_one.mp4;C:\Users\esthe\Downloads\pepper 13\Pepp_1305_8_five.mp4;C:\Users\esthe\Downloads\pepper 13\Pepp_1305_9_three.mp4;C:\Users\esthe\Downloads\pepper 13\VID_20250513_075924.mp4;C:\Users\esthe\Downloads\pepper 13\VID_20250513_080113.mp4,0.0,7.567;7.699;6.266;6.058;9.627;13.820;6.897;7.797;8.327;8.335;6.494;8.857;2.241,30.000;30.000;30.000;120.000;120.000;30.000;30.000;240.000;120.000;30.000;30.000;120.000;120.000,Pepper,translational movement,,,POINT,83.945,C:\Users\esthe\Downloads\pepper 13\Pepp_1305_9_three.mp4,47,NA,
Pepp_1305,2025-06-09 19:21:39.009,,87.845,Media file(s),player #1:C:\Users\esthe\Downloads\pepper 13\Pepp_1305_10_three.mp4;C:\Users\esthe\Downloads\pepper 13\Pepp_1305_11_three.mp4;C:\Users\esthe\Downloads\pepper 13\Pepp_1305_12_five.mp4;C:\Users\esthe\Downloads\pepper 13\Pepp_1305_15_seven.mp4;C:\Users\esthe\Downloads\pepper 13\Pepp_1305_16_seven.mp4;C:\Users\esthe\Downloads\pepper 13\Pepp_1305_4_five.mp4;C:\Users\esthe\Downloads\pepper 13\Pepp_1305_5_seven.mp4;C:\Users\esthe\Downloads\pepper 13\Pepp_1305_6_three.mp4;C:\Users\esthe\Downloads\pepper 13\Pepp_1305_7_one.mp4;C:\Users\esthe\Downloads\pepper 13\Pepp_1305_8_five.mp4;C:\Users\esthe\Downloads\pepper 13\Pepp_1305_9_three.mp4;C:\Users\esthe\Downloads\pepper 13\VID_20250513_075924.mp4;C:\Users\esthe\Downloads\pepper 13\VID_20250513_080113.mp4,0.0,7.567;7.699;6.266;6.058;9.627;13.820;6.897;7.797;8.327;8.335;6.494;8.857;2.241,30.000;30.000;30.000;120.000;120.000;30.000;30.000;240.000;120.000;30.000;30.000;120.000;120.000,Pepper,teeth-hole contact,,,POINT,84.112,C:\Users\esthe\Downloads\pepper 13\Pepp_1305_9_three.mp4,52,NA,
Pepp_1305,2025-06-09 19:21:39.009,,87.845,Media file(s),player #1:C:\Users\esthe\Downloads\pepper 13\Pepp_1305_10_three.mp4;C:\Users\esthe\Downloads\pepper 13\Pepp_1305_11_three.mp4;C:\Users\esthe\Downloads\pepper 13\Pepp_1305_12_five.mp4;C:\Users\esthe\Downloads\pepper 13\Pepp_1305_15_seven.mp4;C:\Users\esthe\Downloads\pepper 13\Pepp_1305_16_seven.mp4;C:\Users\esthe\Downloads\pepper 13\Pepp_1305_4_five.mp4;C:\Users\esthe\Downloads\pepper 13\Pepp_1305_5_seven.mp4;C:\Users\esthe\Downloads\pepper 13\Pepp_1305_6_three.mp4;C:\Users\esthe\Downloads\pepper 13\Pepp_1305_7_one.mp4;C:\Users\esthe\Downloads\pepper 13\Pepp_1305_8_five.mp4;C:\Users\esthe\Downloads\pepper 13\Pepp_1305_9_three.mp4;C:\Users\esthe\Downloads\pepper 13\VID_20250513_075924.mp4;C:\Users\esthe\Downloads\pepper 13\VID_20250513_080113.mp4,0.0,7.567;7.699;6.266;6.058;9.627;13.820;6.897;7.797;8.327;8.335;6.494;8.857;2.241,30.000;30.000;30.000;120.000;120.000;30.000;30.000;240.000;120.000;30.000;30.000;120.000;120.000,Pepper,assessing,,,STOP,84.146,C:\Users\esthe\Downloads\pepper 13\Pepp_1305_9_three.mp4,53,NA,
Pepp_1305,2025-06-09 19:21:39.009,,87.845,Media file(s),player #1:C:\Users\esthe\Downloads\pepper 13\Pepp_1305_10_three.mp4;C:\Users\esthe\Downloads\pepper 13\Pepp_1305_11_three.mp4;C:\Users\esthe\Downloads\pepper 13\Pepp_1305_12_five.mp4;C:\Users\esthe\Downloads\pepper 13\Pepp_1305_15_seven.mp4;C:\Users\esthe\Downloads\pepper 13\Pepp_1305_16_seven.mp4;C:\Users\esthe\Downloads\pepper 13\Pepp_1305_4_five.mp4;C:\Users\esthe\Downloads\pepper 13\Pepp_1305_5_seven.mp4;C:\Users\esthe\Downloads\pepper 13\Pepp_1305_6_three.mp4;C:\Users\esthe\Downloads\pepper 13\Pepp_1305_7_one.mp4;C:\Users\esthe\Downloads\pepper 13\Pepp_1305_8_five.mp4;C:\Users\esthe\Downloads\pepper 13\Pepp_1305_9_three.mp4;C:\Users\esthe\Downloads\pepper 13\VID_20250513_075924.mp4;C:\Users\esthe\Downloads\pepper 13\VID_20250513_080113.mp4,0.0,7.567;7.699;6.266;6.058;9.627;13.820;6.897;7.797;8.327;8.335;6.494;8.857;2.241,30.000;30.000;30.000;120.000;120.000;30.000;30.000;240.000;120.000;30.000;30.000;120.000;120.000,Pepper,peeling,,,START,84.179,C:\Users\esthe\Downloads\pepper 13\Pepp_1305_9_three.mp4,54,NA,
Pepp_1305,2025-06-09 19:21:39.009,,87.845,Media file(s),player #1:C:\Users\esthe\Downloads\pepper 13\Pepp_1305_10_three.mp4;C:\Users\esthe\Downloads\pepper 13\Pepp_1305_11_three.mp4;C:\Users\esthe\Downloads\pepper 13\Pepp_1305_12_five.mp4;C:\Users\esthe\Downloads\pepper 13\Pepp_1305_15_seven.mp4;C:\Users\esthe\Downloads\pepper 13\Pepp_1305_16_seven.mp4;C:\Users\esthe\Downloads\pepper 13\Pepp_1305_4_five.mp4;C:\Users\esthe\Downloads\pepper 13\Pepp_1305_5_seven.mp4;C:\Users\esthe\Downloads\pepper 13\Pepp_1305_6_three.mp4;C:\Users\esthe\Downloads\pepper 13\Pepp_1305_7_one.mp4;C:\Users\esthe\Downloads\pepper 13\Pepp_1305_8_five.mp4;C:\Users\esthe\Downloads\pepper 13\Pepp_1305_9_three.mp4;C:\Users\esthe\Downloads\pepper 13\VID_20250513_075924.mp4;C:\Users\esthe\Downloads\pepper 13\VID_20250513_080113.mp4,0.0,7.567;7.699;6.266;6.058;9.627;13.820;6.897;7.797;8.327;8.335;6.494;8.857;2.241,30.000;30.000;30.000;120.000;120.000;30.000;30.000;240.000;120.000;30.000;30.000;120.000;120.000,Pepper,jaw movement,,,POINT,84.213,C:\Users\esthe\Downloads\pepper 13\Pepp_1305_9_three.mp4,55,NA,
Pepp_1305,2025-06-09 19:21:39.009,,87.845,Media file(s),player #1:C:\Users\esthe\Downloads\pepper 13\Pepp_1305_10_three.mp4;C:\Users\esthe\Downloads\pepper 13\Pepp_1305_11_three.mp4;C:\Users\esthe\Downloads\pepper 13\Pepp_1305_12_five.mp4;C:\Users\esthe\Downloads\pepper 13\Pepp_1305_15_seven.mp4;C:\Users\esthe\Downloads\pepper 13\Pepp_1305_16_seven.mp4;C:\Users\esthe\Downloads\pepper 13\Pepp_1305_4_five.mp4;C:\Users\esthe\Downloads\pepper 13\Pepp_1305_5_seven.mp4;C:\Users\esthe\Downloads\pepper 13\Pepp_1305_6_three.mp4;C:\Users\esthe\Downloads\pepper 13\Pepp_1305_7_one.mp4;C:\Users\esthe\Downloads\pepper 13\Pepp_1305_8_five.mp4;C:\Users\esthe\Downloads\pepper 13\Pepp_1305_9_three.mp4;C:\Users\esthe\Downloads\pepper 13\VID_20250513_075924.mp4;C:\Users\esthe\Downloads\pepper 13\VID_20250513_080113.mp4,0.0,7.567;7.699;6.266;6.058;9.627;13.820;6.897;7.797;8.327;8.335;6.494;8.857;2.241,30.000;30.000;30.000;120.000;120.000;30.000;30.000;240.000;120.000;30.000;30.000;120.000;120.000,Pepper,jaw movement,,,POINT,84.480,C:\Users\esthe\Downloads\pepper 13\Pepp_1305_9_three.mp4,63,NA,
Pepp_1305,2025-06-09 19:21:39.009,,87.845,Media file(s),player #1:C:\Users\esthe\Downloads\pepper 13\Pepp_1305_10_three.mp4;C:\Users\esthe\Downloads\pepper 13\Pepp_1305_11_three.mp4;C:\Users\esthe\Downloads\pepper 13\Pepp_1305_12_five.mp4;C:\Users\esthe\Downloads\pepper 13\Pepp_1305_15_seven.mp4;C:\Users\esthe\Downloads\pepper 13\Pepp_1305_16_seven.mp4;C:\Users\esthe\Downloads\pepper 13\Pepp_1305_4_five.mp4;C:\Users\esthe\Downloads\pepper 13\Pepp_1305_5_seven.mp4;C:\Users\esthe\Downloads\pepper 13\Pepp_1305_6_three.mp4;C:\Users\esthe\Downloads\pepper 13\Pepp_1305_7_one.mp4;C:\Users\esthe\Downloads\pepper 13\Pepp_1305_8_five.mp4;C:\Users\esthe\Downloads\pepper 13\Pepp_1305_9_three.mp4;C:\Users\esthe\Downloads\pepper 13\VID_20250513_075924.mp4;C:\Users\esthe\Downloads\pepper 13\VID_20250513_080113.mp4,0.0,7.567;7.699;6.266;6.058;9.627;13.820;6.897;7.797;8.327;8.335;6.494;8.857;2.241,30.000;30.000;30.000;120.000;120.000;30.000;30.000;240.000;120.000;30.000;30.000;120.000;120.000,Pepper,jaw movement,,,POINT,84.814,C:\Users\esthe\Downloads\pepper 13\Pepp_1305_9_three.mp4,73,NA,
Pepp_1305,2025-06-09 19:21:39.009,,87.845,Media file(s),player #1:C:\Users\esthe\Downloads\pepper 13\Pepp_1305_10_three.mp4;C:\Users\esthe\Downloads\pepper 13\Pepp_1305_11_three.mp4;C:\Users\esthe\Downloads\pepper 13\Pepp_1305_12_five.mp4;C:\Users\esthe\Downloads\pepper 13\Pepp_1305_15_seven.mp4;C:\Users\esthe\Downloads\pepper 13\Pepp_1305_16_seven.mp4;C:\Users\esthe\Downloads\pepper 13\Pepp_1305_4_five.mp4;C:\Users\esthe\Downloads\pepper 13\Pepp_1305_5_seven.mp4;C:\Users\esthe\Downloads\pepper 13\Pepp_1305_6_three.mp4;C:\Users\esthe\Downloads\pepper 13\Pepp_1305_7_one.mp4;C:\Users\esthe\Downloads\pepper 13\Pepp_1305_8_five.mp4;C:\Users\esthe\Downloads\pepper 13\Pepp_1305_9_three.mp4;C:\Users\esthe\Downloads\pepper 13\VID_20250513_075924.mp4;C:\Users\esthe\Downloads\pepper 13\VID_20250513_080113.mp4,0.0,7.567;7.699;6.266;6.058;9.627;13.820;6.897;7.797;8.327;8.335;6.494;8.857;2.241,30.000;30.000;30.000;120.000;120.000;30.000;30.000;240.000;120.000;30.000;30.000;120.000;120.000,Pepper,peeling,,,STOP,85.881,C:\Users\esthe\Downloads\pepper 13\Pepp_1305_9_three.mp4,105,NA,
Pepp_1305,2025-06-09 19:21:39.009,,87.845,Media file(s),player #1:C:\Users\esthe\Downloads\pepper 13\Pepp_1305_10_three.mp4;C:\Users\esthe\Downloads\pepper 13\Pepp_1305_11_three.mp4;C:\Users\esthe\Downloads\pepper 13\Pepp_1305_12_five.mp4;C:\Users\esthe\Downloads\pepper 13\Pepp_1305_15_seven.mp4;C:\Users\esthe\Downloads\pepper 13\Pepp_1305_16_seven.mp4;C:\Users\esthe\Downloads\pepper 13\Pepp_1305_4_five.mp4;C:\Users\esthe\Downloads\pepper 13\Pepp_1305_5_seven.mp4;C:\Users\esthe\Downloads\pepper 13\Pepp_1305_6_three.mp4;C:\Users\esthe\Downloads\pepper 13\Pepp_1305_7_one.mp4;C:\Users\esthe\Downloads\pepper 13\Pepp_1305_8_five.mp4;C:\Users\esthe\Downloads\pepper 13\Pepp_1305_9_three.mp4;C:\Users\esthe\Downloads\pepper 13\VID_20250513_075924.mp4;C:\Users\esthe\Downloads\pepper 13\VID_20250513_080113.mp4,0.0,7.567;7.699;6.266;6.058;9.627;13.820;6.897;7.797;8.327;8.335;6.494;8.857;2.241,30.000;30.000;30.000;120.000;120.000;30.000;30.000;240.000;120.000;30.000;30.000;120.000;120.000,Pepper,ear clapping,,,POINT,86.148,C:\Users\esthe\Downloads\pepper 13\Pepp_1305_9_three.mp4,113,NA,
Pepp_1305,2025-06-09 19:21:39.009,,87.845,Media file(s),player #1:C:\Users\esthe\Downloads\pepper 13\Pepp_1305_10_three.mp4;C:\Users\esthe\Downloads\pepper 13\Pepp_1305_11_three.mp4;C:\Users\esthe\Downloads\pepper 13\Pepp_1305_12_five.mp4;C:\Users\esthe\Downloads\pepper 13\Pepp_1305_15_seven.mp4;C:\Users\esthe\Downloads\pepper 13\Pepp_1305_16_seven.mp4;C:\Users\esthe\Downloads\pepper 13\Pepp_1305_4_five.mp4;C:\Users\esthe\Downloads\pepper 13\Pepp_1305_5_seven.mp4;C:\Users\esthe\Downloads\pepper 13\Pepp_1305_6_three.mp4;C:\Users\esthe\Downloads\pepper 13\Pepp_1305_7_one.mp4;C:\Users\esthe\Downloads\pepper 13\Pepp_1305_8_five.mp4;C:\Users\esthe\Downloads\pepper 13\Pepp_1305_9_three.mp4;C:\Users\esthe\Downloads\pepper 13\VID_20250513_075924.mp4;C:\Users\esthe\Downloads\pepper 13\VID_20250513_080113.mp4,0.0,7.567;7.699;6.266;6.058;9.627;13.820;6.897;7.797;8.327;8.335;6.494;8.857;2.241,30.000;30.000;30.000;120.000;120.000;30.000;30.000;240.000;120.000;30.000;30.000;120.000;120.000,Pepper,eating,,,START,86.181,C:\Users\esthe\Downloads\pepper 13\Pepp_1305_9_three.mp4,114,NA,
Pepp_1305,2025-06-09 19:21:39.009,,87.845,Media file(s),player #1:C:\Users\esthe\Downloads\pepper 13\Pepp_1305_10_three.mp4;C:\Users\esthe\Downloads\pepper 13\Pepp_1305_11_three.mp4;C:\Users\esthe\Downloads\pepper 13\Pepp_1305_12_five.mp4;C:\Users\esthe\Downloads\pepper 13\Pepp_1305_15_seven.mp4;C:\Users\esthe\Downloads\pepper 13\Pepp_1305_16_seven.mp4;C:\Users\esthe\Downloads\pepper 13\Pepp_1305_4_five.mp4;C:\Users\esthe\Downloads\pepper 13\Pepp_1305_5_seven.mp4;C:\Users\esthe\Downloads\pepper 13\Pepp_1305_6_three.mp4;C:\Users\esthe\Downloads\pepper 13\Pepp_1305_7_one.mp4;C:\Users\esthe\Downloads\pepper 13\Pepp_1305_8_five.mp4;C:\Users\esthe\Downloads\pepper 13\Pepp_1305_9_three.mp4;C:\Users\esthe\Downloads\pepper 13\VID_20250513_075924.mp4;C:\Users\esthe\Downloads\pepper 13\VID_20250513_080113.mp4,0.0,7.567;7.699;6.266;6.058;9.627;13.820;6.897;7.797;8.327;8.335;6.494;8.857;2.241,30.000;30.000;30.000;120.000;120.000;30.000;30.000;240.000;120.000;30.000;30.000;120.000;120.000,Pepper,eating,,,STOP,87.682,C:\Users\esthe\Downloads\pepper 13\Pepp_1305_9_three.mp4,159,NA,
Pepp_1305,2025-06-09 19:21:39.009,,87.845,Media file(s),player #1:C:\Users\esthe\Downloads\pepper 13\Pepp_1305_10_three.mp4;C:\Users\esthe\Downloads\pepper 13\Pepp_1305_11_three.mp4;C:\Users\esthe\Downloads\pepper 13\Pepp_1305_12_five.mp4;C:\Users\esthe\Downloads\pepper 13\Pepp_1305_15_seven.mp4;C:\Users\esthe\Downloads\pepper 13\Pepp_1305_16_seven.mp4;C:\Users\esthe\Downloads\pepper 13\Pepp_1305_4_five.mp4;C:\Users\esthe\Downloads\pepper 13\Pepp_1305_5_seven.mp4;C:\Users\esthe\Downloads\pepper 13\Pepp_1305_6_three.mp4;C:\Users\esthe\Downloads\pepper 13\Pepp_1305_7_one.mp4;C:\Users\esthe\Downloads\pepper 13\Pepp_1305_8_five.mp4;C:\Users\esthe\Downloads\pepper 13\Pepp_1305_9_three.mp4;C:\Users\esthe\Downloads\pepper 13\VID_20250513_075924.mp4;C:\Users\esthe\Downloads\pepper 13\VID_20250513_080113.mp4,0.0,7.567;7.699;6.266;6.058;9.627;13.820;6.897;7.797;8.327;8.335;6.494;8.857;2.241,30.000;30.000;30.000;120.000;120.000;30.000;30.000;240.000;120.000;30.000;30.000;120.000;120.000,Pepper,chewing,,,START,87.748,C:\Users\esthe\Downloads\pepper 13\Pepp_1305_9_three.mp4,161,NA,
Pepp_1305,2025-06-09 19:21:39.009,,87.845,Media file(s),player #1:C:\Users\esthe\Downloads\pepper 13\Pepp_1305_10_three.mp4;C:\Users\esthe\Downloads\pepper 13\Pepp_1305_11_three.mp4;C:\Users\esthe\Downloads\pepper 13\Pepp_1305_12_five.mp4;C:\Users\esthe\Downloads\pepper 13\Pepp_1305_15_seven.mp4;C:\Users\esthe\Downloads\pepper 13\Pepp_1305_16_seven.mp4;C:\Users\esthe\Downloads\pepper 13\Pepp_1305_4_five.mp4;C:\Users\esthe\Downloads\pepper 13\Pepp_1305_5_seven.mp4;C:\Users\esthe\Downloads\pepper 13\Pepp_1305_6_three.mp4;C:\Users\esthe\Downloads\pepper 13\Pepp_1305_7_one.mp4;C:\Users\esthe\Downloads\pepper 13\Pepp_1305_8_five.mp4;C:\Users\esthe\Downloads\pepper 13\Pepp_1305_9_three.mp4;C:\Users\esthe\Downloads\pepper 13\VID_20250513_075924.mp4;C:\Users\esthe\Downloads\pepper 13\VID_20250513_080113.mp4,0.0,7.567;7.699;6.266;6.058;9.627;13.820;6.897;7.797;8.327;8.335;6.494;8.857;2.241,30.000;30.000;30.000;120.000;120.000;30.000;30.000;240.000;120.000;30.000;30.000;120.000;120.000,Pepper,chewing,,,STOP,88.482,C:\Users\esthe\Downloads\pepper 13\Pepp_1305_9_three.mp4,183,NA,
Pepp_1305,2025-06-09 19:21:39.009,,87.845,Media file(s),player #1:C:\Users\esthe\Downloads\pepper 13\Pepp_1305_10_three.mp4;C:\Users\esthe\Downloads\pepper 13\Pepp_1305_11_three.mp4;C:\Users\esthe\Downloads\pepper 13\Pepp_1305_12_five.mp4;C:\Users\esthe\Downloads\pepper 13\Pepp_1305_15_seven.mp4;C:\Users\esthe\Downloads\pepper 13\Pepp_1305_16_seven.mp4;C:\Users\esthe\Downloads\pepper 13\Pepp_1305_4_five.mp4;C:\Users\esthe\Downloads\pepper 13\Pepp_1305_5_seven.mp4;C:\Users\esthe\Downloads\pepper 13\Pepp_1305_6_three.mp4;C:\Users\esthe\Downloads\pepper 13\Pepp_1305_7_one.mp4;C:\Users\esthe\Downloads\pepper 13\Pepp_1305_8_five.mp4;C:\Users\esthe\Downloads\pepper 13\Pepp_1305_9_three.mp4;C:\Users\esthe\Downloads\pepper 13\VID_20250513_075924.mp4;C:\Users\esthe\Downloads\pepper 13\VID_20250513_080113.mp4,0.0,7.567;7.699;6.266;6.058;9.627;13.820;6.897;7.797;8.327;8.335;6.494;8.857;2.241,30.000;30.000;30.000;120.000;120.000;30.000;30.000;240.000;120.000;30.000;30.000;120.000;120.000,Pepper,eating,,,START,88.548,C:\Users\esthe\Downloads\pepper 13\Pepp_1305_9_three.mp4,185,NA,
Pepp_1305,2025-06-09 19:21:39.009,,87.845,Media file(s),player #1:C:\Users\esthe\Downloads\pepper 13\Pepp_1305_10_three.mp4;C:\Users\esthe\Downloads\pepper 13\Pepp_1305_11_three.mp4;C:\Users\esthe\Downloads\pepper 13\Pepp_1305_12_five.mp4;C:\Users\esthe\Downloads\pepper 13\Pepp_1305_15_seven.mp4;C:\Users\esthe\Downloads\pepper 13\Pepp_1305_16_seven.mp4;C:\Users\esthe\Downloads\pepper 13\Pepp_1305_4_five.mp4;C:\Users\esthe\Downloads\pepper 13\Pepp_1305_5_seven.mp4;C:\Users\esthe\Downloads\pepper 13\Pepp_1305_6_three.mp4;C:\Users\esthe\Downloads\pepper 13\Pepp_1305_7_one.mp4;C:\Users\esthe\Downloads\pepper 13\Pepp_1305_8_five.mp4;C:\Users\esthe\Downloads\pepper 13\Pepp_1305_9_three.mp4;C:\Users\esthe\Downloads\pepper 13\VID_20250513_075924.mp4;C:\Users\esthe\Downloads\pepper 13\VID_20250513_080113.mp4,0.0,7.567;7.699;6.266;6.058;9.627;13.820;6.897;7.797;8.327;8.335;6.494;8.857;2.241,30.000;30.000;30.000;120.000;120.000;30.000;30.000;240.000;120.000;30.000;30.000;120.000;120.000,Pepper,eating,,,STOP,88.879,C:\Users\esthe\Downloads\pepper 13\Pepp_1305_9_three.mp4,195,NA,
