Observation id,Observation date,Description,Observation duration,Observation type,Source,Time offset (s),Media duration (s),FPS,Subject,Behavior,Behavioral category,Modifier #1,Behavior type,Time,Media file name,Image index,Image file path,Comment
repo_1405_1,2025-07-10 15:00:01.859,,66.827,Media file(s),player #1:C:\Users\esthe\Downloads\repousse 14 1 _\Repo_1405_3_five(1).mp4;C:\Users\esthe\Downloads\repousse 14 1 _\Repo_1405_4_one(1).mp4;C:\Users\esthe\Downloads\repousse 14 1 _\Repo_1405_5_five(1).mp4;C:\Users\esthe\Downloads\repousse 14 1 _\Repo_1405_6_three(1).mp4;C:\Users\esthe\Downloads\repousse 14 1 _\Repo_1405_7_five(1).mp4;C:\Users\esthe\Downloads\repousse 14 1 _\Repo_1405_8_seven(1).mp4,0.0,5.866;7.366;10.934;12.233;9.600;21.097,30.000;30.000;30.000;30.000;30.000;30.000,Repousse,bending,,,START,0.000,C:\Users\esthe\Downloads\repousse 14 1 _\Repo_1405_3_five(1).mp4,0,NA,
repo_1405_1,2025-07-10 15:00:01.859,,66.827,Media file(s),player #1:C:\Users\esthe\Downloads\repousse 14 1 _\Repo_1405_3_five(1).mp4;C:\Users\esthe\Downloads\repousse 14 1 _\Repo_1405_4_one(1).mp4;C:\Users\esthe\Downloads\repousse 14 1 _\Repo_1405_5_five(1).mp4;C:\Users\esthe\Downloads\repousse 14 1 _\Repo_1405_6_three(1).mp4;C:\Users\esthe\Downloads\repousse 14 1 _\Repo_1405_7_five(1).mp4;C:\Users\esthe\Downloads\repousse 14 1 _\Repo_1405_8_seven(1).mp4,0.0,5.866;7.366;10.934;12.233;9.600;21.097,30.000;30.000;30.000;30.000;30.000;30.000,Repousse,bending,,,STOP,0.300,C:\Users\esthe\Downloads\repousse 14 1 _\Repo_1405_3_five(1).mp4,9,NA,
repo_1405_1,2025-07-10 15:00:01.859,,66.827,Media file(s),player #1:C:\Users\esthe\Downloads\repousse 14 1 _\Repo_1405_3_five(1).mp4;C:\Users\esthe\Downloads\repousse 14 1 _\Repo_1405_4_one(1).mp4;C:\Users\esthe\Downloads\repousse 14 1 _\Repo_1405_5_five(1).mp4;C:\Users\esthe\Downloads\repousse 14 1 _\Repo_1405_6_three(1).mp4;C:\Users\esthe\Downloads\repousse 14 1 _\Repo_1405_7_five(1).mp4;C:\Users\esthe\Downloads\repousse 14 1 _\Repo_1405_8_seven(1).mp4,0.0,5.866;7.366;10.934;12.233;9.600;21.097,30.000;30.000;30.000;30.000;30.000;30.000,Repousse,grabbing peanut,,,POINT,0.300,C:\Users\esthe\Downloads\repousse 14 1 _\Repo_1405_3_five(1).mp4,9,NA,
repo_1405_1,2025-07-10 15:00:01.859,,66.827,Media file(s),player #1:C:\Users\esthe\Downloads\repousse 14 1 _\Repo_1405_3_five(1).mp4;C:\Users\esthe\Downloads\repousse 14 1 _\Repo_1405_4_one(1).mp4;C:\Users\esthe\Downloads\repousse 14 1 _\Repo_1405_5_five(1).mp4;C:\Users\esthe\Downloads\repousse 14 1 _\Repo_1405_6_three(1).mp4;C:\Users\esthe\Downloads\repousse 14 1 _\Repo_1405_7_five(1).mp4;C:\Users\esthe\Downloads\repousse 14 1 _\Repo_1405_8_seven(1).mp4,0.0,5.866;7.366;10.934;12.233;9.600;21.097,30.000;30.000;30.000;30.000;30.000;30.000,Repousse,lifting,,,START,0.333,C:\Users\esthe\Downloads\repousse 14 1 _\Repo_1405_3_five(1).mp4,10,NA,
repo_1405_1,2025-07-10 15:00:01.859,,66.827,Media file(s),player #1:C:\Users\esthe\Downloads\repousse 14 1 _\Repo_1405_3_five(1).mp4;C:\Users\esthe\Downloads\repousse 14 1 _\Repo_1405_4_one(1).mp4;C:\Users\esthe\Downloads\repousse 14 1 _\Repo_1405_5_five(1).mp4;C:\Users\esthe\Downloads\repousse 14 1 _\Repo_1405_6_three(1).mp4;C:\Users\esthe\Downloads\repousse 14 1 _\Repo_1405_7_five(1).mp4;C:\Users\esthe\Downloads\repousse 14 1 _\Repo_1405_8_seven(1).mp4,0.0,5.866;7.366;10.934;12.233;9.600;21.097,30.000;30.000;30.000;30.000;30.000;30.000,Repousse,lifting,,,STOP,0.633,C:\Users\esthe\Downloads\repousse 14 1 _\Repo_1405_3_five(1).mp4,19,NA,
repo_1405_1,2025-07-10 15:00:01.859,,66.827,Media file(s),player #1:C:\Users\esthe\Downloads\repousse 14 1 _\Repo_1405_3_five(1).mp4;C:\Users\esthe\Downloads\repousse 14 1 _\Repo_1405_4_one(1).mp4;C:\Users\esthe\Downloads\repousse 14 1 _\Repo_1405_5_five(1).mp4;C:\Users\esthe\Downloads\repousse 14 1 _\Repo_1405_6_three(1).mp4;C:\Users\esthe\Downloads\repousse 14 1 _\Repo_1405_7_five(1).mp4;C:\Users\esthe\Downloads\repousse 14 1 _\Repo_1405_8_seven(1).mp4,0.0,5.866;7.366;10.934;12.233;9.600;21.097,30.000;30.000;30.000;30.000;30.000;30.000,Repousse,assessing,,,START,0.733,C:\Users\esthe\Downloads\repousse 14 1 _\Repo_1405_3_five(1).mp4,22,NA,
repo_1405_1,2025-07-10 15:00:01.859,,66.827,Media file(s),player #1:C:\Users\esthe\Downloads\repousse 14 1 _\Repo_1405_3_five(1).mp4;C:\Users\esthe\Downloads\repousse 14 1 _\Repo_1405_4_one(1).mp4;C:\Users\esthe\Downloads\repousse 14 1 _\Repo_1405_5_five(1).mp4;C:\Users\esthe\Downloads\repousse 14 1 _\Repo_1405_6_three(1).mp4;C:\Users\esthe\Downloads\repousse 14 1 _\Repo_1405_7_five(1).mp4;C:\Users\esthe\Downloads\repousse 14 1 _\Repo_1405_8_seven(1).mp4,0.0,5.866;7.366;10.934;12.233;9.600;21.097,30.000;30.000;30.000;30.000;30.000;30.000,Repousse,jaw movement,,,POINT,0.767,C:\Users\esthe\Downloads\repousse 14 1 _\Repo_1405_3_five(1).mp4,23,NA,
repo_1405_1,2025-07-10 15:00:01.859,,66.827,Media file(s),player #1:C:\Users\esthe\Downloads\repousse 14 1 _\Repo_1405_3_five(1).mp4;C:\Users\esthe\Downloads\repousse 14 1 _\Repo_1405_4_one(1).mp4;C:\Users\esthe\Downloads\repousse 14 1 _\Repo_1405_5_five(1).mp4;C:\Users\esthe\Downloads\repousse 14 1 _\Repo_1405_6_three(1).mp4;C:\Users\esthe\Downloads\repousse 14 1 _\Repo_1405_7_five(1).mp4;C:\Users\esthe\Downloads\repousse 14 1 _\Repo_1405_8_seven(1).mp4,0.0,5.866;7.366;10.934;12.233;9.600;21.097,30.000;30.000;30.000;30.000;30.000;30.000,Repousse,licking,,,POINT,0.800,C:\Users\esthe\Downloads\repousse 14 1 _\Repo_1405_3_five(1).mp4,24,NA,
repo_1405_1,2025-07-10 15:00:01.859,,66.827,Media file(s),player #1:C:\Users\esthe\Downloads\repousse 14 1 _\Repo_1405_3_five(1).mp4;C:\Users\esthe\Downloads\repousse 14 1 _\Repo_1405_4_one(1).mp4;C:\Users\esthe\Downloads\repousse 14 1 _\Repo_1405_5_five(1).mp4;C:\Users\esthe\Downloads\repousse 14 1 _\Repo_1405_6_three(1).mp4;C:\Users\esthe\Downloads\repousse 14 1 _\Repo_1405_7_five(1).mp4;C:\Users\esthe\Downloads\repousse 14 1 _\Repo_1405_8_seven(1).mp4,0.0,5.866;7.366;10.934;12.233;9.600;21.097,30.000;30.000;30.000;30.000;30.000;30.000,Repousse,jaw movement,,,POINT,1.033,C:\Users\esthe\Downloads\repousse 14 1 _\Repo_1405_3_five(1).mp4,31,NA,
repo_1405_1,2025-07-10 15:00:01.859,,66.827,Media file(s),player #1:C:\Users\esthe\Downloads\repousse 14 1 _\Repo_1405_3_five(1).mp4;C:\Users\esthe\Downloads\repousse 14 1 _\Repo_1405_4_one(1).mp4;C:\Users\esthe\Downloads\repousse 14 1 _\Repo_1405_5_five(1).mp4;C:\Users\esthe\Downloads\repousse 14 1 _\Repo_1405_6_three(1).mp4;C:\Users\esthe\Downloads\repousse 14 1 _\Repo_1405_7_five(1).mp4;C:\Users\esthe\Downloads\repousse 14 1 _\Repo_1405_8_seven(1).mp4,0.0,5.866;7.366;10.934;12.233;9.600;21.097,30.000;30.000;30.000;30.000;30.000;30.000,Repousse,rotation,,Horizontal,START,1.067,C:\Users\esthe\Downloads\repousse 14 1 _\Repo_1405_3_five(1).mp4,32,NA,
repo_1405_1,2025-07-10 15:00:01.859,,66.827,Media file(s),player #1:C:\Users\esthe\Downloads\repousse 14 1 _\Repo_1405_3_five(1).mp4;C:\Users\esthe\Downloads\repousse 14 1 _\Repo_1405_4_one(1).mp4;C:\Users\esthe\Downloads\repousse 14 1 _\Repo_1405_5_five(1).mp4;C:\Users\esthe\Downloads\repousse 14 1 _\Repo_1405_6_three(1).mp4;C:\Users\esthe\Downloads\repousse 14 1 _\Repo_1405_7_five(1).mp4;C:\Users\esthe\Downloads\repousse 14 1 _\Repo_1405_8_seven(1).mp4,0.0,5.866;7.366;10.934;12.233;9.600;21.097,30.000;30.000;30.000;30.000;30.000;30.000,Repousse,licking,,,POINT,1.167,C:\Users\esthe\Downloads\repousse 14 1 _\Repo_1405_3_five(1).mp4,35,NA,
repo_1405_1,2025-07-10 15:00:01.859,,66.827,Media file(s),player #1:C:\Users\esthe\Downloads\repousse 14 1 _\Repo_1405_3_five(1).mp4;C:\Users\esthe\Downloads\repousse 14 1 _\Repo_1405_4_one(1).mp4;C:\Users\esthe\Downloads\repousse 14 1 _\Repo_1405_5_five(1).mp4;C:\Users\esthe\Downloads\repousse 14 1 _\Repo_1405_6_three(1).mp4;C:\Users\esthe\Downloads\repousse 14 1 _\Repo_1405_7_five(1).mp4;C:\Users\esthe\Downloads\repousse 14 1 _\Repo_1405_8_seven(1).mp4,0.0,5.866;7.366;10.934;12.233;9.600;21.097,30.000;30.000;30.000;30.000;30.000;30.000,Repousse,rotation,,Horizontal,STOP,1.333,C:\Users\esthe\Downloads\repousse 14 1 _\Repo_1405_3_five(1).mp4,40,NA,
repo_1405_1,2025-07-10 15:00:01.859,,66.827,Media file(s),player #1:C:\Users\esthe\Downloads\repousse 14 1 _\Repo_1405_3_five(1).mp4;C:\Users\esthe\Downloads\repousse 14 1 _\Repo_1405_4_one(1).mp4;C:\Users\esthe\Downloads\repousse 14 1 _\Repo_1405_5_five(1).mp4;C:\Users\esthe\Downloads\repousse 14 1 _\Repo_1405_6_three(1).mp4;C:\Users\esthe\Downloads\repousse 14 1 _\Repo_1405_7_five(1).mp4;C:\Users\esthe\Downloads\repousse 14 1 _\Repo_1405_8_seven(1).mp4,0.0,5.866;7.366;10.934;12.233;9.600;21.097,30.000;30.000;30.000;30.000;30.000;30.000,Repousse,jaw movement,,,POINT,1.400,C:\Users\esthe\Downloads\repousse 14 1 _\Repo_1405_3_five(1).mp4,42,NA,
repo_1405_1,2025-07-10 15:00:01.859,,66.827,Media file(s),player #1:C:\Users\esthe\Downloads\repousse 14 1 _\Repo_1405_3_five(1).mp4;C:\Users\esthe\Downloads\repousse 14 1 _\Repo_1405_4_one(1).mp4;C:\Users\esthe\Downloads\repousse 14 1 _\Repo_1405_5_five(1).mp4;C:\Users\esthe\Downloads\repousse 14 1 _\Repo_1405_6_three(1).mp4;C:\Users\esthe\Downloads\repousse 14 1 _\Repo_1405_7_five(1).mp4;C:\Users\esthe\Downloads\repousse 14 1 _\Repo_1405_8_seven(1).mp4,0.0,5.866;7.366;10.934;12.233;9.600;21.097,30.000;30.000;30.000;30.000;30.000;30.000,Repousse,jaw movement,,,POINT,1.600,C:\Users\esthe\Downloads\repousse 14 1 _\Repo_1405_3_five(1).mp4,48,NA,
repo_1405_1,2025-07-10 15:00:01.859,,66.827,Media file(s),player #1:C:\Users\esthe\Downloads\repousse 14 1 _\Repo_1405_3_five(1).mp4;C:\Users\esthe\Downloads\repousse 14 1 _\Repo_1405_4_one(1).mp4;C:\Users\esthe\Downloads\repousse 14 1 _\Repo_1405_5_five(1).mp4;C:\Users\esthe\Downloads\repousse 14 1 _\Repo_1405_6_three(1).mp4;C:\Users\esthe\Downloads\repousse 14 1 _\Repo_1405_7_five(1).mp4;C:\Users\esthe\Downloads\repousse 14 1 _\Repo_1405_8_seven(1).mp4,0.0,5.866;7.366;10.934;12.233;9.600;21.097,30.000;30.000;30.000;30.000;30.000;30.000,Repousse,licking,,,POINT,1.733,C:\Users\esthe\Downloads\repousse 14 1 _\Repo_1405_3_five(1).mp4,52,NA,
repo_1405_1,2025-07-10 15:00:01.859,,66.827,Media file(s),player #1:C:\Users\esthe\Downloads\repousse 14 1 _\Repo_1405_3_five(1).mp4;C:\Users\esthe\Downloads\repousse 14 1 _\Repo_1405_4_one(1).mp4;C:\Users\esthe\Downloads\repousse 14 1 _\Repo_1405_5_five(1).mp4;C:\Users\esthe\Downloads\repousse 14 1 _\Repo_1405_6_three(1).mp4;C:\Users\esthe\Downloads\repousse 14 1 _\Repo_1405_7_five(1).mp4;C:\Users\esthe\Downloads\repousse 14 1 _\Repo_1405_8_seven(1).mp4,0.0,5.866;7.366;10.934;12.233;9.600;21.097,30.000;30.000;30.000;30.000;30.000;30.000,Repousse,sniffing,,,POINT,1.867,C:\Users\esthe\Downloads\repousse 14 1 _\Repo_1405_3_five(1).mp4,56,NA,
repo_1405_1,2025-07-10 15:00:01.859,,66.827,Media file(s),player #1:C:\Users\esthe\Downloads\repousse 14 1 _\Repo_1405_3_five(1).mp4;C:\Users\esthe\Downloads\repousse 14 1 _\Repo_1405_4_one(1).mp4;C:\Users\esthe\Downloads\repousse 14 1 _\Repo_1405_5_five(1).mp4;C:\Users\esthe\Downloads\repousse 14 1 _\Repo_1405_6_three(1).mp4;C:\Users\esthe\Downloads\repousse 14 1 _\Repo_1405_7_five(1).mp4;C:\Users\esthe\Downloads\repousse 14 1 _\Repo_1405_8_seven(1).mp4,0.0,5.866;7.366;10.934;12.233;9.600;21.097,30.000;30.000;30.000;30.000;30.000;30.000,Repousse,jaw movement,,,POINT,2.033,C:\Users\esthe\Downloads\repousse 14 1 _\Repo_1405_3_five(1).mp4,61,NA,
repo_1405_1,2025-07-10 15:00:01.859,,66.827,Media file(s),player #1:C:\Users\esthe\Downloads\repousse 14 1 _\Repo_1405_3_five(1).mp4;C:\Users\esthe\Downloads\repousse 14 1 _\Repo_1405_4_one(1).mp4;C:\Users\esthe\Downloads\repousse 14 1 _\Repo_1405_5_five(1).mp4;C:\Users\esthe\Downloads\repousse 14 1 _\Repo_1405_6_three(1).mp4;C:\Users\esthe\Downloads\repousse 14 1 _\Repo_1405_7_five(1).mp4;C:\Users\esthe\Downloads\repousse 14 1 _\Repo_1405_8_seven(1).mp4,0.0,5.866;7.366;10.934;12.233;9.600;21.097,30.000;30.000;30.000;30.000;30.000;30.000,Repousse,jaw movement,,,POINT,2.200,C:\Users\esthe\Downloads\repousse 14 1 _\Repo_1405_3_five(1).mp4,66,NA,
repo_1405_1,2025-07-10 15:00:01.859,,66.827,Media file(s),player #1:C:\Users\esthe\Downloads\repousse 14 1 _\Repo_1405_3_five(1).mp4;C:\Users\esthe\Downloads\repousse 14 1 _\Repo_1405_4_one(1).mp4;C:\Users\esthe\Downloads\repousse 14 1 _\Repo_1405_5_five(1).mp4;C:\Users\esthe\Downloads\repousse 14 1 _\Repo_1405_6_three(1).mp4;C:\Users\esthe\Downloads\repousse 14 1 _\Repo_1405_7_five(1).mp4;C:\Users\esthe\Downloads\repousse 14 1 _\Repo_1405_8_seven(1).mp4,0.0,5.866;7.366;10.934;12.233;9.600;21.097,30.000;30.000;30.000;30.000;30.000;30.000,Repousse,rotation,,Vertical,START,2.233,C:\Users\esthe\Downloads\repousse 14 1 _\Repo_1405_3_five(1).mp4,67,NA,
repo_1405_1,2025-07-10 15:00:01.859,,66.827,Media file(s),player #1:C:\Users\esthe\Downloads\repousse 14 1 _\Repo_1405_3_five(1).mp4;C:\Users\esthe\Downloads\repousse 14 1 _\Repo_1405_4_one(1).mp4;C:\Users\esthe\Downloads\repousse 14 1 _\Repo_1405_5_five(1).mp4;C:\Users\esthe\Downloads\repousse 14 1 _\Repo_1405_6_three(1).mp4;C:\Users\esthe\Downloads\repousse 14 1 _\Repo_1405_7_five(1).mp4;C:\Users\esthe\Downloads\repousse 14 1 _\Repo_1405_8_seven(1).mp4,0.0,5.866;7.366;10.934;12.233;9.600;21.097,30.000;30.000;30.000;30.000;30.000;30.000,Repousse,rotation,,Vertical,STOP,2.733,C:\Users\esthe\Downloads\repousse 14 1 _\Repo_1405_3_five(1).mp4,82,NA,
repo_1405_1,2025-07-10 15:00:01.859,,66.827,Media file(s),player #1:C:\Users\esthe\Downloads\repousse 14 1 _\Repo_1405_3_five(1).mp4;C:\Users\esthe\Downloads\repousse 14 1 _\Repo_1405_4_one(1).mp4;C:\Users\esthe\Downloads\repousse 14 1 _\Repo_1405_5_five(1).mp4;C:\Users\esthe\Downloads\repousse 14 1 _\Repo_1405_6_three(1).mp4;C:\Users\esthe\Downloads\repousse 14 1 _\Repo_1405_7_five(1).mp4;C:\Users\esthe\Downloads\repousse 14 1 _\Repo_1405_8_seven(1).mp4,0.0,5.866;7.366;10.934;12.233;9.600;21.097,30.000;30.000;30.000;30.000;30.000;30.000,Repousse,teeth-hole contact,,,POINT,2.800,C:\Users\esthe\Downloads\repousse 14 1 _\Repo_1405_3_five(1).mp4,84,NA,
repo_1405_1,2025-07-10 15:00:01.859,,66.827,Media file(s),player #1:C:\Users\esthe\Downloads\repousse 14 1 _\Repo_1405_3_five(1).mp4;C:\Users\esthe\Downloads\repousse 14 1 _\Repo_1405_4_one(1).mp4;C:\Users\esthe\Downloads\repousse 14 1 _\Repo_1405_5_five(1).mp4;C:\Users\esthe\Downloads\repousse 14 1 _\Repo_1405_6_three(1).mp4;C:\Users\esthe\Downloads\repousse 14 1 _\Repo_1405_7_five(1).mp4;C:\Users\esthe\Downloads\repousse 14 1 _\Repo_1405_8_seven(1).mp4,0.0,5.866;7.366;10.934;12.233;9.600;21.097,30.000;30.000;30.000;30.000;30.000;30.000,Repousse,rotation,,Vertical,START,2.833,C:\Users\esthe\Downloads\repousse 14 1 _\Repo_1405_3_five(1).mp4,85,NA,
repo_1405_1,2025-07-10 15:00:01.859,,66.827,Media file(s),player #1:C:\Users\esthe\Downloads\repousse 14 1 _\Repo_1405_3_five(1).mp4;C:\Users\esthe\Downloads\repousse 14 1 _\Repo_1405_4_one(1).mp4;C:\Users\esthe\Downloads\repousse 14 1 _\Repo_1405_5_five(1).mp4;C:\Users\esthe\Downloads\repousse 14 1 _\Repo_1405_6_three(1).mp4;C:\Users\esthe\Downloads\repousse 14 1 _\Repo_1405_7_five(1).mp4;C:\Users\esthe\Downloads\repousse 14 1 _\Repo_1405_8_seven(1).mp4,0.0,5.866;7.366;10.934;12.233;9.600;21.097,30.000;30.000;30.000;30.000;30.000;30.000,Repousse,rotation,,Vertical,STOP,2.900,C:\Users\esthe\Downloads\repousse 14 1 _\Repo_1405_3_five(1).mp4,87,NA,
repo_1405_1,2025-07-10 15:00:01.859,,66.827,Media file(s),player #1:C:\Users\esthe\Downloads\repousse 14 1 _\Repo_1405_3_five(1).mp4;C:\Users\esthe\Downloads\repousse 14 1 _\Repo_1405_4_one(1).mp4;C:\Users\esthe\Downloads\repousse 14 1 _\Repo_1405_5_five(1).mp4;C:\Users\esthe\Downloads\repousse 14 1 _\Repo_1405_6_three(1).mp4;C:\Users\esthe\Downloads\repousse 14 1 _\Repo_1405_7_five(1).mp4;C:\Users\esthe\Downloads\repousse 14 1 _\Repo_1405_8_seven(1).mp4,0.0,5.866;7.366;10.934;12.233;9.600;21.097,30.000;30.000;30.000;30.000;30.000;30.000,Repousse,jaw movement,,,POINT,2.933,C:\Users\esthe\Downloads\repousse 14 1 _\Repo_1405_3_five(1).mp4,88,NA,
repo_1405_1,2025-07-10 15:00:01.859,,66.827,Media file(s),player #1:C:\Users\esthe\Downloads\repousse 14 1 _\Repo_1405_3_five(1).mp4;C:\Users\esthe\Downloads\repousse 14 1 _\Repo_1405_4_one(1).mp4;C:\Users\esthe\Downloads\repousse 14 1 _\Repo_1405_5_five(1).mp4;C:\Users\esthe\Downloads\repousse 14 1 _\Repo_1405_6_three(1).mp4;C:\Users\esthe\Downloads\repousse 14 1 _\Repo_1405_7_five(1).mp4;C:\Users\esthe\Downloads\repousse 14 1 _\Repo_1405_8_seven(1).mp4,0.0,5.866;7.366;10.934;12.233;9.600;21.097,30.000;30.000;30.000;30.000;30.000;30.000,Repousse,rotation,,Vertical,START,3.000,C:\Users\esthe\Downloads\repousse 14 1 _\Repo_1405_3_five(1).mp4,90,NA,
repo_1405_1,2025-07-10 15:00:01.859,,66.827,Media file(s),player #1:C:\Users\esthe\Downloads\repousse 14 1 _\Repo_1405_3_five(1).mp4;C:\Users\esthe\Downloads\repousse 14 1 _\Repo_1405_4_one(1).mp4;C:\Users\esthe\Downloads\repousse 14 1 _\Repo_1405_5_five(1).mp4;C:\Users\esthe\Downloads\repousse 14 1 _\Repo_1405_6_three(1).mp4;C:\Users\esthe\Downloads\repousse 14 1 _\Repo_1405_7_five(1).mp4;C:\Users\esthe\Downloads\repousse 14 1 _\Repo_1405_8_seven(1).mp4,0.0,5.866;7.366;10.934;12.233;9.600;21.097,30.000;30.000;30.000;30.000;30.000;30.000,Repousse,rotation,,Vertical,STOP,3.133,C:\Users\esthe\Downloads\repousse 14 1 _\Repo_1405_3_five(1).mp4,94,NA,
repo_1405_1,2025-07-10 15:00:01.859,,66.827,Media file(s),player #1:C:\Users\esthe\Downloads\repousse 14 1 _\Repo_1405_3_five(1).mp4;C:\Users\esthe\Downloads\repousse 14 1 _\Repo_1405_4_one(1).mp4;C:\Users\esthe\Downloads\repousse 14 1 _\Repo_1405_5_five(1).mp4;C:\Users\esthe\Downloads\repousse 14 1 _\Repo_1405_6_three(1).mp4;C:\Users\esthe\Downloads\repousse 14 1 _\Repo_1405_7_five(1).mp4;C:\Users\esthe\Downloads\repousse 14 1 _\Repo_1405_8_seven(1).mp4,0.0,5.866;7.366;10.934;12.233;9.600;21.097,30.000;30.000;30.000;30.000;30.000;30.000,Repousse,teeth-hole contact,,,POINT,3.166,C:\Users\esthe\Downloads\repousse 14 1 _\Repo_1405_3_five(1).mp4,95,NA,
repo_1405_1,2025-07-10 15:00:01.859,,66.827,Media file(s),player #1:C:\Users\esthe\Downloads\repousse 14 1 _\Repo_1405_3_five(1).mp4;C:\Users\esthe\Downloads\repousse 14 1 _\Repo_1405_4_one(1).mp4;C:\Users\esthe\Downloads\repousse 14 1 _\Repo_1405_5_five(1).mp4;C:\Users\esthe\Downloads\repousse 14 1 _\Repo_1405_6_three(1).mp4;C:\Users\esthe\Downloads\repousse 14 1 _\Repo_1405_7_five(1).mp4;C:\Users\esthe\Downloads\repousse 14 1 _\Repo_1405_8_seven(1).mp4,0.0,5.866;7.366;10.934;12.233;9.600;21.097,30.000;30.000;30.000;30.000;30.000;30.000,Repousse,licking,,,POINT,3.266,C:\Users\esthe\Downloads\repousse 14 1 _\Repo_1405_3_five(1).mp4,98,NA,
repo_1405_1,2025-07-10 15:00:01.859,,66.827,Media file(s),player #1:C:\Users\esthe\Downloads\repousse 14 1 _\Repo_1405_3_five(1).mp4;C:\Users\esthe\Downloads\repousse 14 1 _\Repo_1405_4_one(1).mp4;C:\Users\esthe\Downloads\repousse 14 1 _\Repo_1405_5_five(1).mp4;C:\Users\esthe\Downloads\repousse 14 1 _\Repo_1405_6_three(1).mp4;C:\Users\esthe\Downloads\repousse 14 1 _\Repo_1405_7_five(1).mp4;C:\Users\esthe\Downloads\repousse 14 1 _\Repo_1405_8_seven(1).mp4,0.0,5.866;7.366;10.934;12.233;9.600;21.097,30.000;30.000;30.000;30.000;30.000;30.000,Repousse,licking,,,POINT,3.533,C:\Users\esthe\Downloads\repousse 14 1 _\Repo_1405_3_five(1).mp4,106,NA,
repo_1405_1,2025-07-10 15:00:01.859,,66.827,Media file(s),player #1:C:\Users\esthe\Downloads\repousse 14 1 _\Repo_1405_3_five(1).mp4;C:\Users\esthe\Downloads\repousse 14 1 _\Repo_1405_4_one(1).mp4;C:\Users\esthe\Downloads\repousse 14 1 _\Repo_1405_5_five(1).mp4;C:\Users\esthe\Downloads\repousse 14 1 _\Repo_1405_6_three(1).mp4;C:\Users\esthe\Downloads\repousse 14 1 _\Repo_1405_7_five(1).mp4;C:\Users\esthe\Downloads\repousse 14 1 _\Repo_1405_8_seven(1).mp4,0.0,5.866;7.366;10.934;12.233;9.600;21.097,30.000;30.000;30.000;30.000;30.000;30.000,Repousse,rotation,,Horizontal,START,3.566,C:\Users\esthe\Downloads\repousse 14 1 _\Repo_1405_3_five(1).mp4,107,NA,
repo_1405_1,2025-07-10 15:00:01.859,,66.827,Media file(s),player #1:C:\Users\esthe\Downloads\repousse 14 1 _\Repo_1405_3_five(1).mp4;C:\Users\esthe\Downloads\repousse 14 1 _\Repo_1405_4_one(1).mp4;C:\Users\esthe\Downloads\repousse 14 1 _\Repo_1405_5_five(1).mp4;C:\Users\esthe\Downloads\repousse 14 1 _\Repo_1405_6_three(1).mp4;C:\Users\esthe\Downloads\repousse 14 1 _\Repo_1405_7_five(1).mp4;C:\Users\esthe\Downloads\repousse 14 1 _\Repo_1405_8_seven(1).mp4,0.0,5.866;7.366;10.934;12.233;9.600;21.097,30.000;30.000;30.000;30.000;30.000;30.000,Repousse,rotation,,Horizontal,STOP,3.766,C:\Users\esthe\Downloads\repousse 14 1 _\Repo_1405_3_five(1).mp4,113,NA,
repo_1405_1,2025-07-10 15:00:01.859,,66.827,Media file(s),player #1:C:\Users\esthe\Downloads\repousse 14 1 _\Repo_1405_3_five(1).mp4;C:\Users\esthe\Downloads\repousse 14 1 _\Repo_1405_4_one(1).mp4;C:\Users\esthe\Downloads\repousse 14 1 _\Repo_1405_5_five(1).mp4;C:\Users\esthe\Downloads\repousse 14 1 _\Repo_1405_6_three(1).mp4;C:\Users\esthe\Downloads\repousse 14 1 _\Repo_1405_7_five(1).mp4;C:\Users\esthe\Downloads\repousse 14 1 _\Repo_1405_8_seven(1).mp4,0.0,5.866;7.366;10.934;12.233;9.600;21.097,30.000;30.000;30.000;30.000;30.000;30.000,Repousse,teeth-hole contact,,,POINT,3.800,C:\Users\esthe\Downloads\repousse 14 1 _\Repo_1405_3_five(1).mp4,114,NA,
repo_1405_1,2025-07-10 15:00:01.859,,66.827,Media file(s),player #1:C:\Users\esthe\Downloads\repousse 14 1 _\Repo_1405_3_five(1).mp4;C:\Users\esthe\Downloads\repousse 14 1 _\Repo_1405_4_one(1).mp4;C:\Users\esthe\Downloads\repousse 14 1 _\Repo_1405_5_five(1).mp4;C:\Users\esthe\Downloads\repousse 14 1 _\Repo_1405_6_three(1).mp4;C:\Users\esthe\Downloads\repousse 14 1 _\Repo_1405_7_five(1).mp4;C:\Users\esthe\Downloads\repousse 14 1 _\Repo_1405_8_seven(1).mp4,0.0,5.866;7.366;10.934;12.233;9.600;21.097,30.000;30.000;30.000;30.000;30.000;30.000,Repousse,assessing,,,STOP,3.833,C:\Users\esthe\Downloads\repousse 14 1 _\Repo_1405_3_five(1).mp4,115,NA,
repo_1405_1,2025-07-10 15:00:01.859,,66.827,Media file(s),player #1:C:\Users\esthe\Downloads\repousse 14 1 _\Repo_1405_3_five(1).mp4;C:\Users\esthe\Downloads\repousse 14 1 _\Repo_1405_4_one(1).mp4;C:\Users\esthe\Downloads\repousse 14 1 _\Repo_1405_5_five(1).mp4;C:\Users\esthe\Downloads\repousse 14 1 _\Repo_1405_6_three(1).mp4;C:\Users\esthe\Downloads\repousse 14 1 _\Repo_1405_7_five(1).mp4;C:\Users\esthe\Downloads\repousse 14 1 _\Repo_1405_8_seven(1).mp4,0.0,5.866;7.366;10.934;12.233;9.600;21.097,30.000;30.000;30.000;30.000;30.000;30.000,Repousse,peeling,,,START,3.866,C:\Users\esthe\Downloads\repousse 14 1 _\Repo_1405_3_five(1).mp4,116,NA,
repo_1405_1,2025-07-10 15:00:01.859,,66.827,Media file(s),player #1:C:\Users\esthe\Downloads\repousse 14 1 _\Repo_1405_3_five(1).mp4;C:\Users\esthe\Downloads\repousse 14 1 _\Repo_1405_4_one(1).mp4;C:\Users\esthe\Downloads\repousse 14 1 _\Repo_1405_5_five(1).mp4;C:\Users\esthe\Downloads\repousse 14 1 _\Repo_1405_6_three(1).mp4;C:\Users\esthe\Downloads\repousse 14 1 _\Repo_1405_7_five(1).mp4;C:\Users\esthe\Downloads\repousse 14 1 _\Repo_1405_8_seven(1).mp4,0.0,5.866;7.366;10.934;12.233;9.600;21.097,30.000;30.000;30.000;30.000;30.000;30.000,Repousse,jaw movement,,,POINT,3.900,C:\Users\esthe\Downloads\repousse 14 1 _\Repo_1405_3_five(1).mp4,117,NA,
repo_1405_1,2025-07-10 15:00:01.859,,66.827,Media file(s),player #1:C:\Users\esthe\Downloads\repousse 14 1 _\Repo_1405_3_five(1).mp4;C:\Users\esthe\Downloads\repousse 14 1 _\Repo_1405_4_one(1).mp4;C:\Users\esthe\Downloads\repousse 14 1 _\Repo_1405_5_five(1).mp4;C:\Users\esthe\Downloads\repousse 14 1 _\Repo_1405_6_three(1).mp4;C:\Users\esthe\Downloads\repousse 14 1 _\Repo_1405_7_five(1).mp4;C:\Users\esthe\Downloads\repousse 14 1 _\Repo_1405_8_seven(1).mp4,0.0,5.866;7.366;10.934;12.233;9.600;21.097,30.000;30.000;30.000;30.000;30.000;30.000,Repousse,jaw movement,,,POINT,4.133,C:\Users\esthe\Downloads\repousse 14 1 _\Repo_1405_3_five(1).mp4,124,NA,
repo_1405_1,2025-07-10 15:00:01.859,,66.827,Media file(s),player #1:C:\Users\esthe\Downloads\repousse 14 1 _\Repo_1405_3_five(1).mp4;C:\Users\esthe\Downloads\repousse 14 1 _\Repo_1405_4_one(1).mp4;C:\Users\esthe\Downloads\repousse 14 1 _\Repo_1405_5_five(1).mp4;C:\Users\esthe\Downloads\repousse 14 1 _\Repo_1405_6_three(1).mp4;C:\Users\esthe\Downloads\repousse 14 1 _\Repo_1405_7_five(1).mp4;C:\Users\esthe\Downloads\repousse 14 1 _\Repo_1405_8_seven(1).mp4,0.0,5.866;7.366;10.934;12.233;9.600;21.097,30.000;30.000;30.000;30.000;30.000;30.000,Repousse,jaw movement,,,POINT,4.633,C:\Users\esthe\Downloads\repousse 14 1 _\Repo_1405_3_five(1).mp4,139,NA,
repo_1405_1,2025-07-10 15:00:01.859,,66.827,Media file(s),player #1:C:\Users\esthe\Downloads\repousse 14 1 _\Repo_1405_3_five(1).mp4;C:\Users\esthe\Downloads\repousse 14 1 _\Repo_1405_4_one(1).mp4;C:\Users\esthe\Downloads\repousse 14 1 _\Repo_1405_5_five(1).mp4;C:\Users\esthe\Downloads\repousse 14 1 _\Repo_1405_6_three(1).mp4;C:\Users\esthe\Downloads\repousse 14 1 _\Repo_1405_7_five(1).mp4;C:\Users\esthe\Downloads\repousse 14 1 _\Repo_1405_8_seven(1).mp4,0.0,5.866;7.366;10.934;12.233;9.600;21.097,30.000;30.000;30.000;30.000;30.000;30.000,Repousse,peeling,,,STOP,5.033,C:\Users\esthe\Downloads\repousse 14 1 _\Repo_1405_3_five(1).mp4,151,NA,
repo_1405_1,2025-07-10 15:00:01.859,,66.827,Media file(s),player #1:C:\Users\esthe\Downloads\repousse 14 1 _\Repo_1405_3_five(1).mp4;C:\Users\esthe\Downloads\repousse 14 1 _\Repo_1405_4_one(1).mp4;C:\Users\esthe\Downloads\repousse 14 1 _\Repo_1405_5_five(1).mp4;C:\Users\esthe\Downloads\repousse 14 1 _\Repo_1405_6_three(1).mp4;C:\Users\esthe\Downloads\repousse 14 1 _\Repo_1405_7_five(1).mp4;C:\Users\esthe\Downloads\repousse 14 1 _\Repo_1405_8_seven(1).mp4,0.0,5.866;7.366;10.934;12.233;9.600;21.097,30.000;30.000;30.000;30.000;30.000;30.000,Repousse,eating,,,START,5.133,C:\Users\esthe\Downloads\repousse 14 1 _\Repo_1405_3_five(1).mp4,154,NA,
repo_1405_1,2025-07-10 15:00:01.859,,66.827,Media file(s),player #1:C:\Users\esthe\Downloads\repousse 14 1 _\Repo_1405_3_five(1).mp4;C:\Users\esthe\Downloads\repousse 14 1 _\Repo_1405_4_one(1).mp4;C:\Users\esthe\Downloads\repousse 14 1 _\Repo_1405_5_five(1).mp4;C:\Users\esthe\Downloads\repousse 14 1 _\Repo_1405_6_three(1).mp4;C:\Users\esthe\Downloads\repousse 14 1 _\Repo_1405_7_five(1).mp4;C:\Users\esthe\Downloads\repousse 14 1 _\Repo_1405_8_seven(1).mp4,0.0,5.866;7.366;10.934;12.233;9.600;21.097,30.000;30.000;30.000;30.000;30.000;30.000,Repousse,eating,,,STOP,5.599,C:\Users\esthe\Downloads\repousse 14 1 _\Repo_1405_3_five(1).mp4,168,NA,
repo_1405_1,2025-07-10 15:00:01.859,,66.827,Media file(s),player #1:C:\Users\esthe\Downloads\repousse 14 1 _\Repo_1405_3_five(1).mp4;C:\Users\esthe\Downloads\repousse 14 1 _\Repo_1405_4_one(1).mp4;C:\Users\esthe\Downloads\repousse 14 1 _\Repo_1405_5_five(1).mp4;C:\Users\esthe\Downloads\repousse 14 1 _\Repo_1405_6_three(1).mp4;C:\Users\esthe\Downloads\repousse 14 1 _\Repo_1405_7_five(1).mp4;C:\Users\esthe\Downloads\repousse 14 1 _\Repo_1405_8_seven(1).mp4,0.0,5.866;7.366;10.934;12.233;9.600;21.097,30.000;30.000;30.000;30.000;30.000;30.000,Repousse,assessing,,,START,5.932,C:\Users\esthe\Downloads\repousse 14 1 _\Repo_1405_4_one(1).mp4,2,NA,
repo_1405_1,2025-07-10 15:00:01.859,,66.827,Media file(s),player #1:C:\Users\esthe\Downloads\repousse 14 1 _\Repo_1405_3_five(1).mp4;C:\Users\esthe\Downloads\repousse 14 1 _\Repo_1405_4_one(1).mp4;C:\Users\esthe\Downloads\repousse 14 1 _\Repo_1405_5_five(1).mp4;C:\Users\esthe\Downloads\repousse 14 1 _\Repo_1405_6_three(1).mp4;C:\Users\esthe\Downloads\repousse 14 1 _\Repo_1405_7_five(1).mp4;C:\Users\esthe\Downloads\repousse 14 1 _\Repo_1405_8_seven(1).mp4,0.0,5.866;7.366;10.934;12.233;9.600;21.097,30.000;30.000;30.000;30.000;30.000;30.000,Repousse,jaw movement,,,POINT,5.998,C:\Users\esthe\Downloads\repousse 14 1 _\Repo_1405_4_one(1).mp4,4,NA,
repo_1405_1,2025-07-10 15:00:01.859,,66.827,Media file(s),player #1:C:\Users\esthe\Downloads\repousse 14 1 _\Repo_1405_3_five(1).mp4;C:\Users\esthe\Downloads\repousse 14 1 _\Repo_1405_4_one(1).mp4;C:\Users\esthe\Downloads\repousse 14 1 _\Repo_1405_5_five(1).mp4;C:\Users\esthe\Downloads\repousse 14 1 _\Repo_1405_6_three(1).mp4;C:\Users\esthe\Downloads\repousse 14 1 _\Repo_1405_7_five(1).mp4;C:\Users\esthe\Downloads\repousse 14 1 _\Repo_1405_8_seven(1).mp4,0.0,5.866;7.366;10.934;12.233;9.600;21.097,30.000;30.000;30.000;30.000;30.000;30.000,Repousse,licking,,,POINT,6.032,C:\Users\esthe\Downloads\repousse 14 1 _\Repo_1405_4_one(1).mp4,5,NA,
repo_1405_1,2025-07-10 15:00:01.859,,66.827,Media file(s),player #1:C:\Users\esthe\Downloads\repousse 14 1 _\Repo_1405_3_five(1).mp4;C:\Users\esthe\Downloads\repousse 14 1 _\Repo_1405_4_one(1).mp4;C:\Users\esthe\Downloads\repousse 14 1 _\Repo_1405_5_five(1).mp4;C:\Users\esthe\Downloads\repousse 14 1 _\Repo_1405_6_three(1).mp4;C:\Users\esthe\Downloads\repousse 14 1 _\Repo_1405_7_five(1).mp4;C:\Users\esthe\Downloads\repousse 14 1 _\Repo_1405_8_seven(1).mp4,0.0,5.866;7.366;10.934;12.233;9.600;21.097,30.000;30.000;30.000;30.000;30.000;30.000,Repousse,sniffing,,,POINT,6.232,C:\Users\esthe\Downloads\repousse 14 1 _\Repo_1405_4_one(1).mp4,11,NA,
repo_1405_1,2025-07-10 15:00:01.859,,66.827,Media file(s),player #1:C:\Users\esthe\Downloads\repousse 14 1 _\Repo_1405_3_five(1).mp4;C:\Users\esthe\Downloads\repousse 14 1 _\Repo_1405_4_one(1).mp4;C:\Users\esthe\Downloads\repousse 14 1 _\Repo_1405_5_five(1).mp4;C:\Users\esthe\Downloads\repousse 14 1 _\Repo_1405_6_three(1).mp4;C:\Users\esthe\Downloads\repousse 14 1 _\Repo_1405_7_five(1).mp4;C:\Users\esthe\Downloads\repousse 14 1 _\Repo_1405_8_seven(1).mp4,0.0,5.866;7.366;10.934;12.233;9.600;21.097,30.000;30.000;30.000;30.000;30.000;30.000,Repousse,rotation,,Horizontal,START,6.265,C:\Users\esthe\Downloads\repousse 14 1 _\Repo_1405_4_one(1).mp4,12,NA,
repo_1405_1,2025-07-10 15:00:01.859,,66.827,Media file(s),player #1:C:\Users\esthe\Downloads\repousse 14 1 _\Repo_1405_3_five(1).mp4;C:\Users\esthe\Downloads\repousse 14 1 _\Repo_1405_4_one(1).mp4;C:\Users\esthe\Downloads\repousse 14 1 _\Repo_1405_5_five(1).mp4;C:\Users\esthe\Downloads\repousse 14 1 _\Repo_1405_6_three(1).mp4;C:\Users\esthe\Downloads\repousse 14 1 _\Repo_1405_7_five(1).mp4;C:\Users\esthe\Downloads\repousse 14 1 _\Repo_1405_8_seven(1).mp4,0.0,5.866;7.366;10.934;12.233;9.600;21.097,30.000;30.000;30.000;30.000;30.000;30.000,Repousse,rotation,,Horizontal,STOP,6.398,C:\Users\esthe\Downloads\repousse 14 1 _\Repo_1405_4_one(1).mp4,16,NA,
repo_1405_1,2025-07-10 15:00:01.859,,66.827,Media file(s),player #1:C:\Users\esthe\Downloads\repousse 14 1 _\Repo_1405_3_five(1).mp4;C:\Users\esthe\Downloads\repousse 14 1 _\Repo_1405_4_one(1).mp4;C:\Users\esthe\Downloads\repousse 14 1 _\Repo_1405_5_five(1).mp4;C:\Users\esthe\Downloads\repousse 14 1 _\Repo_1405_6_three(1).mp4;C:\Users\esthe\Downloads\repousse 14 1 _\Repo_1405_7_five(1).mp4;C:\Users\esthe\Downloads\repousse 14 1 _\Repo_1405_8_seven(1).mp4,0.0,5.866;7.366;10.934;12.233;9.600;21.097,30.000;30.000;30.000;30.000;30.000;30.000,Repousse,licking,,,POINT,6.432,C:\Users\esthe\Downloads\repousse 14 1 _\Repo_1405_4_one(1).mp4,17,NA,
repo_1405_1,2025-07-10 15:00:01.859,,66.827,Media file(s),player #1:C:\Users\esthe\Downloads\repousse 14 1 _\Repo_1405_3_five(1).mp4;C:\Users\esthe\Downloads\repousse 14 1 _\Repo_1405_4_one(1).mp4;C:\Users\esthe\Downloads\repousse 14 1 _\Repo_1405_5_five(1).mp4;C:\Users\esthe\Downloads\repousse 14 1 _\Repo_1405_6_three(1).mp4;C:\Users\esthe\Downloads\repousse 14 1 _\Repo_1405_7_five(1).mp4;C:\Users\esthe\Downloads\repousse 14 1 _\Repo_1405_8_seven(1).mp4,0.0,5.866;7.366;10.934;12.233;9.600;21.097,30.000;30.000;30.000;30.000;30.000;30.000,Repousse,jaw movement,,,POINT,6.465,C:\Users\esthe\Downloads\repousse 14 1 _\Repo_1405_4_one(1).mp4,18,NA,
repo_1405_1,2025-07-10 15:00:01.859,,66.827,Media file(s),player #1:C:\Users\esthe\Downloads\repousse 14 1 _\Repo_1405_3_five(1).mp4;C:\Users\esthe\Downloads\repousse 14 1 _\Repo_1405_4_one(1).mp4;C:\Users\esthe\Downloads\repousse 14 1 _\Repo_1405_5_five(1).mp4;C:\Users\esthe\Downloads\repousse 14 1 _\Repo_1405_6_three(1).mp4;C:\Users\esthe\Downloads\repousse 14 1 _\Repo_1405_7_five(1).mp4;C:\Users\esthe\Downloads\repousse 14 1 _\Repo_1405_8_seven(1).mp4,0.0,5.866;7.366;10.934;12.233;9.600;21.097,30.000;30.000;30.000;30.000;30.000;30.000,Repousse,jaw movement,,,POINT,6.665,C:\Users\esthe\Downloads\repousse 14 1 _\Repo_1405_4_one(1).mp4,24,NA,
repo_1405_1,2025-07-10 15:00:01.859,,66.827,Media file(s),player #1:C:\Users\esthe\Downloads\repousse 14 1 _\Repo_1405_3_five(1).mp4;C:\Users\esthe\Downloads\repousse 14 1 _\Repo_1405_4_one(1).mp4;C:\Users\esthe\Downloads\repousse 14 1 _\Repo_1405_5_five(1).mp4;C:\Users\esthe\Downloads\repousse 14 1 _\Repo_1405_6_three(1).mp4;C:\Users\esthe\Downloads\repousse 14 1 _\Repo_1405_7_five(1).mp4;C:\Users\esthe\Downloads\repousse 14 1 _\Repo_1405_8_seven(1).mp4,0.0,5.866;7.366;10.934;12.233;9.600;21.097,30.000;30.000;30.000;30.000;30.000;30.000,Repousse,sniffing,,,POINT,6.898,C:\Users\esthe\Downloads\repousse 14 1 _\Repo_1405_4_one(1).mp4,31,NA,
repo_1405_1,2025-07-10 15:00:01.859,,66.827,Media file(s),player #1:C:\Users\esthe\Downloads\repousse 14 1 _\Repo_1405_3_five(1).mp4;C:\Users\esthe\Downloads\repousse 14 1 _\Repo_1405_4_one(1).mp4;C:\Users\esthe\Downloads\repousse 14 1 _\Repo_1405_5_five(1).mp4;C:\Users\esthe\Downloads\repousse 14 1 _\Repo_1405_6_three(1).mp4;C:\Users\esthe\Downloads\repousse 14 1 _\Repo_1405_7_five(1).mp4;C:\Users\esthe\Downloads\repousse 14 1 _\Repo_1405_8_seven(1).mp4,0.0,5.866;7.366;10.934;12.233;9.600;21.097,30.000;30.000;30.000;30.000;30.000;30.000,Repousse,licking,,,POINT,7.031,C:\Users\esthe\Downloads\repousse 14 1 _\Repo_1405_4_one(1).mp4,35,NA,
repo_1405_1,2025-07-10 15:00:01.859,,66.827,Media file(s),player #1:C:\Users\esthe\Downloads\repousse 14 1 _\Repo_1405_3_five(1).mp4;C:\Users\esthe\Downloads\repousse 14 1 _\Repo_1405_4_one(1).mp4;C:\Users\esthe\Downloads\repousse 14 1 _\Repo_1405_5_five(1).mp4;C:\Users\esthe\Downloads\repousse 14 1 _\Repo_1405_6_three(1).mp4;C:\Users\esthe\Downloads\repousse 14 1 _\Repo_1405_7_five(1).mp4;C:\Users\esthe\Downloads\repousse 14 1 _\Repo_1405_8_seven(1).mp4,0.0,5.866;7.366;10.934;12.233;9.600;21.097,30.000;30.000;30.000;30.000;30.000;30.000,Repousse,assessing,,,STOP,7.165,C:\Users\esthe\Downloads\repousse 14 1 _\Repo_1405_4_one(1).mp4,39,NA,
repo_1405_1,2025-07-10 15:00:01.859,,66.827,Media file(s),player #1:C:\Users\esthe\Downloads\repousse 14 1 _\Repo_1405_3_five(1).mp4;C:\Users\esthe\Downloads\repousse 14 1 _\Repo_1405_4_one(1).mp4;C:\Users\esthe\Downloads\repousse 14 1 _\Repo_1405_5_five(1).mp4;C:\Users\esthe\Downloads\repousse 14 1 _\Repo_1405_6_three(1).mp4;C:\Users\esthe\Downloads\repousse 14 1 _\Repo_1405_7_five(1).mp4;C:\Users\esthe\Downloads\repousse 14 1 _\Repo_1405_8_seven(1).mp4,0.0,5.866;7.366;10.934;12.233;9.600;21.097,30.000;30.000;30.000;30.000;30.000;30.000,Repousse,dropping peanut,,,POINT,7.165,C:\Users\esthe\Downloads\repousse 14 1 _\Repo_1405_4_one(1).mp4,39,NA,
repo_1405_1,2025-07-10 15:00:01.859,,66.827,Media file(s),player #1:C:\Users\esthe\Downloads\repousse 14 1 _\Repo_1405_3_five(1).mp4;C:\Users\esthe\Downloads\repousse 14 1 _\Repo_1405_4_one(1).mp4;C:\Users\esthe\Downloads\repousse 14 1 _\Repo_1405_5_five(1).mp4;C:\Users\esthe\Downloads\repousse 14 1 _\Repo_1405_6_three(1).mp4;C:\Users\esthe\Downloads\repousse 14 1 _\Repo_1405_7_five(1).mp4;C:\Users\esthe\Downloads\repousse 14 1 _\Repo_1405_8_seven(1).mp4,0.0,5.866;7.366;10.934;12.233;9.600;21.097,30.000;30.000;30.000;30.000;30.000;30.000,Repousse,pause,,,START,7.198,C:\Users\esthe\Downloads\repousse 14 1 _\Repo_1405_4_one(1).mp4,40,NA,
repo_1405_1,2025-07-10 15:00:01.859,,66.827,Media file(s),player #1:C:\Users\esthe\Downloads\repousse 14 1 _\Repo_1405_3_five(1).mp4;C:\Users\esthe\Downloads\repousse 14 1 _\Repo_1405_4_one(1).mp4;C:\Users\esthe\Downloads\repousse 14 1 _\Repo_1405_5_five(1).mp4;C:\Users\esthe\Downloads\repousse 14 1 _\Repo_1405_6_three(1).mp4;C:\Users\esthe\Downloads\repousse 14 1 _\Repo_1405_7_five(1).mp4;C:\Users\esthe\Downloads\repousse 14 1 _\Repo_1405_8_seven(1).mp4,0.0,5.866;7.366;10.934;12.233;9.600;21.097,30.000;30.000;30.000;30.000;30.000;30.000,Repousse,pause,,,STOP,9.065,C:\Users\esthe\Downloads\repousse 14 1 _\Repo_1405_4_one(1).mp4,96,NA,
repo_1405_1,2025-07-10 15:00:01.859,,66.827,Media file(s),player #1:C:\Users\esthe\Downloads\repousse 14 1 _\Repo_1405_3_five(1).mp4;C:\Users\esthe\Downloads\repousse 14 1 _\Repo_1405_4_one(1).mp4;C:\Users\esthe\Downloads\repousse 14 1 _\Repo_1405_5_five(1).mp4;C:\Users\esthe\Downloads\repousse 14 1 _\Repo_1405_6_three(1).mp4;C:\Users\esthe\Downloads\repousse 14 1 _\Repo_1405_7_five(1).mp4;C:\Users\esthe\Downloads\repousse 14 1 _\Repo_1405_8_seven(1).mp4,0.0,5.866;7.366;10.934;12.233;9.600;21.097,30.000;30.000;30.000;30.000;30.000;30.000,Repousse,grabbing peanut,,,POINT,9.098,C:\Users\esthe\Downloads\repousse 14 1 _\Repo_1405_4_one(1).mp4,97,NA,
repo_1405_1,2025-07-10 15:00:01.859,,66.827,Media file(s),player #1:C:\Users\esthe\Downloads\repousse 14 1 _\Repo_1405_3_five(1).mp4;C:\Users\esthe\Downloads\repousse 14 1 _\Repo_1405_4_one(1).mp4;C:\Users\esthe\Downloads\repousse 14 1 _\Repo_1405_5_five(1).mp4;C:\Users\esthe\Downloads\repousse 14 1 _\Repo_1405_6_three(1).mp4;C:\Users\esthe\Downloads\repousse 14 1 _\Repo_1405_7_five(1).mp4;C:\Users\esthe\Downloads\repousse 14 1 _\Repo_1405_8_seven(1).mp4,0.0,5.866;7.366;10.934;12.233;9.600;21.097,30.000;30.000;30.000;30.000;30.000;30.000,Repousse,teeth-hole contact,,,POINT,9.098,C:\Users\esthe\Downloads\repousse 14 1 _\Repo_1405_4_one(1).mp4,97,NA,
repo_1405_1,2025-07-10 15:00:01.859,,66.827,Media file(s),player #1:C:\Users\esthe\Downloads\repousse 14 1 _\Repo_1405_3_five(1).mp4;C:\Users\esthe\Downloads\repousse 14 1 _\Repo_1405_4_one(1).mp4;C:\Users\esthe\Downloads\repousse 14 1 _\Repo_1405_5_five(1).mp4;C:\Users\esthe\Downloads\repousse 14 1 _\Repo_1405_6_three(1).mp4;C:\Users\esthe\Downloads\repousse 14 1 _\Repo_1405_7_five(1).mp4;C:\Users\esthe\Downloads\repousse 14 1 _\Repo_1405_8_seven(1).mp4,0.0,5.866;7.366;10.934;12.233;9.600;21.097,30.000;30.000;30.000;30.000;30.000;30.000,Repousse,lifting,,,START,9.131,C:\Users\esthe\Downloads\repousse 14 1 _\Repo_1405_4_one(1).mp4,98,NA,
repo_1405_1,2025-07-10 15:00:01.859,,66.827,Media file(s),player #1:C:\Users\esthe\Downloads\repousse 14 1 _\Repo_1405_3_five(1).mp4;C:\Users\esthe\Downloads\repousse 14 1 _\Repo_1405_4_one(1).mp4;C:\Users\esthe\Downloads\repousse 14 1 _\Repo_1405_5_five(1).mp4;C:\Users\esthe\Downloads\repousse 14 1 _\Repo_1405_6_three(1).mp4;C:\Users\esthe\Downloads\repousse 14 1 _\Repo_1405_7_five(1).mp4;C:\Users\esthe\Downloads\repousse 14 1 _\Repo_1405_8_seven(1).mp4,0.0,5.866;7.366;10.934;12.233;9.600;21.097,30.000;30.000;30.000;30.000;30.000;30.000,Repousse,lifting,,,STOP,9.264,C:\Users\esthe\Downloads\repousse 14 1 _\Repo_1405_4_one(1).mp4,102,NA,
repo_1405_1,2025-07-10 15:00:01.859,,66.827,Media file(s),player #1:C:\Users\esthe\Downloads\repousse 14 1 _\Repo_1405_3_five(1).mp4;C:\Users\esthe\Downloads\repousse 14 1 _\Repo_1405_4_one(1).mp4;C:\Users\esthe\Downloads\repousse 14 1 _\Repo_1405_5_five(1).mp4;C:\Users\esthe\Downloads\repousse 14 1 _\Repo_1405_6_three(1).mp4;C:\Users\esthe\Downloads\repousse 14 1 _\Repo_1405_7_five(1).mp4;C:\Users\esthe\Downloads\repousse 14 1 _\Repo_1405_8_seven(1).mp4,0.0,5.866;7.366;10.934;12.233;9.600;21.097,30.000;30.000;30.000;30.000;30.000;30.000,Repousse,assessing,,,START,9.298,C:\Users\esthe\Downloads\repousse 14 1 _\Repo_1405_4_one(1).mp4,103,NA,
repo_1405_1,2025-07-10 15:00:01.859,,66.827,Media file(s),player #1:C:\Users\esthe\Downloads\repousse 14 1 _\Repo_1405_3_five(1).mp4;C:\Users\esthe\Downloads\repousse 14 1 _\Repo_1405_4_one(1).mp4;C:\Users\esthe\Downloads\repousse 14 1 _\Repo_1405_5_five(1).mp4;C:\Users\esthe\Downloads\repousse 14 1 _\Repo_1405_6_three(1).mp4;C:\Users\esthe\Downloads\repousse 14 1 _\Repo_1405_7_five(1).mp4;C:\Users\esthe\Downloads\repousse 14 1 _\Repo_1405_8_seven(1).mp4,0.0,5.866;7.366;10.934;12.233;9.600;21.097,30.000;30.000;30.000;30.000;30.000;30.000,Repousse,rotation,,Horizontal,START,9.364,C:\Users\esthe\Downloads\repousse 14 1 _\Repo_1405_4_one(1).mp4,105,NA,
repo_1405_1,2025-07-10 15:00:01.859,,66.827,Media file(s),player #1:C:\Users\esthe\Downloads\repousse 14 1 _\Repo_1405_3_five(1).mp4;C:\Users\esthe\Downloads\repousse 14 1 _\Repo_1405_4_one(1).mp4;C:\Users\esthe\Downloads\repousse 14 1 _\Repo_1405_5_five(1).mp4;C:\Users\esthe\Downloads\repousse 14 1 _\Repo_1405_6_three(1).mp4;C:\Users\esthe\Downloads\repousse 14 1 _\Repo_1405_7_five(1).mp4;C:\Users\esthe\Downloads\repousse 14 1 _\Repo_1405_8_seven(1).mp4,0.0,5.866;7.366;10.934;12.233;9.600;21.097,30.000;30.000;30.000;30.000;30.000;30.000,Repousse,rotation,,Horizontal,STOP,9.564,C:\Users\esthe\Downloads\repousse 14 1 _\Repo_1405_4_one(1).mp4,111,NA,
repo_1405_1,2025-07-10 15:00:01.859,,66.827,Media file(s),player #1:C:\Users\esthe\Downloads\repousse 14 1 _\Repo_1405_3_five(1).mp4;C:\Users\esthe\Downloads\repousse 14 1 _\Repo_1405_4_one(1).mp4;C:\Users\esthe\Downloads\repousse 14 1 _\Repo_1405_5_five(1).mp4;C:\Users\esthe\Downloads\repousse 14 1 _\Repo_1405_6_three(1).mp4;C:\Users\esthe\Downloads\repousse 14 1 _\Repo_1405_7_five(1).mp4;C:\Users\esthe\Downloads\repousse 14 1 _\Repo_1405_8_seven(1).mp4,0.0,5.866;7.366;10.934;12.233;9.600;21.097,30.000;30.000;30.000;30.000;30.000;30.000,Repousse,teeth-hole contact,,,POINT,9.598,C:\Users\esthe\Downloads\repousse 14 1 _\Repo_1405_4_one(1).mp4,112,NA,
repo_1405_1,2025-07-10 15:00:01.859,,66.827,Media file(s),player #1:C:\Users\esthe\Downloads\repousse 14 1 _\Repo_1405_3_five(1).mp4;C:\Users\esthe\Downloads\repousse 14 1 _\Repo_1405_4_one(1).mp4;C:\Users\esthe\Downloads\repousse 14 1 _\Repo_1405_5_five(1).mp4;C:\Users\esthe\Downloads\repousse 14 1 _\Repo_1405_6_three(1).mp4;C:\Users\esthe\Downloads\repousse 14 1 _\Repo_1405_7_five(1).mp4;C:\Users\esthe\Downloads\repousse 14 1 _\Repo_1405_8_seven(1).mp4,0.0,5.866;7.366;10.934;12.233;9.600;21.097,30.000;30.000;30.000;30.000;30.000;30.000,Repousse,teeth-hole contact,,,POINT,9.998,C:\Users\esthe\Downloads\repousse 14 1 _\Repo_1405_4_one(1).mp4,124,NA,
repo_1405_1,2025-07-10 15:00:01.859,,66.827,Media file(s),player #1:C:\Users\esthe\Downloads\repousse 14 1 _\Repo_1405_3_five(1).mp4;C:\Users\esthe\Downloads\repousse 14 1 _\Repo_1405_4_one(1).mp4;C:\Users\esthe\Downloads\repousse 14 1 _\Repo_1405_5_five(1).mp4;C:\Users\esthe\Downloads\repousse 14 1 _\Repo_1405_6_three(1).mp4;C:\Users\esthe\Downloads\repousse 14 1 _\Repo_1405_7_five(1).mp4;C:\Users\esthe\Downloads\repousse 14 1 _\Repo_1405_8_seven(1).mp4,0.0,5.866;7.366;10.934;12.233;9.600;21.097,30.000;30.000;30.000;30.000;30.000;30.000,Repousse,ear clapping,,,POINT,10.164,C:\Users\esthe\Downloads\repousse 14 1 _\Repo_1405_4_one(1).mp4,129,NA,
repo_1405_1,2025-07-10 15:00:01.859,,66.827,Media file(s),player #1:C:\Users\esthe\Downloads\repousse 14 1 _\Repo_1405_3_five(1).mp4;C:\Users\esthe\Downloads\repousse 14 1 _\Repo_1405_4_one(1).mp4;C:\Users\esthe\Downloads\repousse 14 1 _\Repo_1405_5_five(1).mp4;C:\Users\esthe\Downloads\repousse 14 1 _\Repo_1405_6_three(1).mp4;C:\Users\esthe\Downloads\repousse 14 1 _\Repo_1405_7_five(1).mp4;C:\Users\esthe\Downloads\repousse 14 1 _\Repo_1405_8_seven(1).mp4,0.0,5.866;7.366;10.934;12.233;9.600;21.097,30.000;30.000;30.000;30.000;30.000;30.000,Repousse,ear clapping,,,POINT,10.264,C:\Users\esthe\Downloads\repousse 14 1 _\Repo_1405_4_one(1).mp4,132,NA,
repo_1405_1,2025-07-10 15:00:01.859,,66.827,Media file(s),player #1:C:\Users\esthe\Downloads\repousse 14 1 _\Repo_1405_3_five(1).mp4;C:\Users\esthe\Downloads\repousse 14 1 _\Repo_1405_4_one(1).mp4;C:\Users\esthe\Downloads\repousse 14 1 _\Repo_1405_5_five(1).mp4;C:\Users\esthe\Downloads\repousse 14 1 _\Repo_1405_6_three(1).mp4;C:\Users\esthe\Downloads\repousse 14 1 _\Repo_1405_7_five(1).mp4;C:\Users\esthe\Downloads\repousse 14 1 _\Repo_1405_8_seven(1).mp4,0.0,5.866;7.366;10.934;12.233;9.600;21.097,30.000;30.000;30.000;30.000;30.000;30.000,Repousse,teeth-hole contact,,,POINT,10.364,C:\Users\esthe\Downloads\repousse 14 1 _\Repo_1405_4_one(1).mp4,135,NA,
repo_1405_1,2025-07-10 15:00:01.859,,66.827,Media file(s),player #1:C:\Users\esthe\Downloads\repousse 14 1 _\Repo_1405_3_five(1).mp4;C:\Users\esthe\Downloads\repousse 14 1 _\Repo_1405_4_one(1).mp4;C:\Users\esthe\Downloads\repousse 14 1 _\Repo_1405_5_five(1).mp4;C:\Users\esthe\Downloads\repousse 14 1 _\Repo_1405_6_three(1).mp4;C:\Users\esthe\Downloads\repousse 14 1 _\Repo_1405_7_five(1).mp4;C:\Users\esthe\Downloads\repousse 14 1 _\Repo_1405_8_seven(1).mp4,0.0,5.866;7.366;10.934;12.233;9.600;21.097,30.000;30.000;30.000;30.000;30.000;30.000,Repousse,assessing,,,STOP,10.431,C:\Users\esthe\Downloads\repousse 14 1 _\Repo_1405_4_one(1).mp4,137,NA,
repo_1405_1,2025-07-10 15:00:01.859,,66.827,Media file(s),player #1:C:\Users\esthe\Downloads\repousse 14 1 _\Repo_1405_3_five(1).mp4;C:\Users\esthe\Downloads\repousse 14 1 _\Repo_1405_4_one(1).mp4;C:\Users\esthe\Downloads\repousse 14 1 _\Repo_1405_5_five(1).mp4;C:\Users\esthe\Downloads\repousse 14 1 _\Repo_1405_6_three(1).mp4;C:\Users\esthe\Downloads\repousse 14 1 _\Repo_1405_7_five(1).mp4;C:\Users\esthe\Downloads\repousse 14 1 _\Repo_1405_8_seven(1).mp4,0.0,5.866;7.366;10.934;12.233;9.600;21.097,30.000;30.000;30.000;30.000;30.000;30.000,Repousse,peeling,,,START,10.598,C:\Users\esthe\Downloads\repousse 14 1 _\Repo_1405_4_one(1).mp4,142,NA,
repo_1405_1,2025-07-10 15:00:01.859,,66.827,Media file(s),player #1:C:\Users\esthe\Downloads\repousse 14 1 _\Repo_1405_3_five(1).mp4;C:\Users\esthe\Downloads\repousse 14 1 _\Repo_1405_4_one(1).mp4;C:\Users\esthe\Downloads\repousse 14 1 _\Repo_1405_5_five(1).mp4;C:\Users\esthe\Downloads\repousse 14 1 _\Repo_1405_6_three(1).mp4;C:\Users\esthe\Downloads\repousse 14 1 _\Repo_1405_7_five(1).mp4;C:\Users\esthe\Downloads\repousse 14 1 _\Repo_1405_8_seven(1).mp4,0.0,5.866;7.366;10.934;12.233;9.600;21.097,30.000;30.000;30.000;30.000;30.000;30.000,Repousse,jaw movement,,,POINT,10.631,C:\Users\esthe\Downloads\repousse 14 1 _\Repo_1405_4_one(1).mp4,143,NA,
repo_1405_1,2025-07-10 15:00:01.859,,66.827,Media file(s),player #1:C:\Users\esthe\Downloads\repousse 14 1 _\Repo_1405_3_five(1).mp4;C:\Users\esthe\Downloads\repousse 14 1 _\Repo_1405_4_one(1).mp4;C:\Users\esthe\Downloads\repousse 14 1 _\Repo_1405_5_five(1).mp4;C:\Users\esthe\Downloads\repousse 14 1 _\Repo_1405_6_three(1).mp4;C:\Users\esthe\Downloads\repousse 14 1 _\Repo_1405_7_five(1).mp4;C:\Users\esthe\Downloads\repousse 14 1 _\Repo_1405_8_seven(1).mp4,0.0,5.866;7.366;10.934;12.233;9.600;21.097,30.000;30.000;30.000;30.000;30.000;30.000,Repousse,jaw movement,,,POINT,10.898,C:\Users\esthe\Downloads\repousse 14 1 _\Repo_1405_4_one(1).mp4,151,NA,
repo_1405_1,2025-07-10 15:00:01.859,,66.827,Media file(s),player #1:C:\Users\esthe\Downloads\repousse 14 1 _\Repo_1405_3_five(1).mp4;C:\Users\esthe\Downloads\repousse 14 1 _\Repo_1405_4_one(1).mp4;C:\Users\esthe\Downloads\repousse 14 1 _\Repo_1405_5_five(1).mp4;C:\Users\esthe\Downloads\repousse 14 1 _\Repo_1405_6_three(1).mp4;C:\Users\esthe\Downloads\repousse 14 1 _\Repo_1405_7_five(1).mp4;C:\Users\esthe\Downloads\repousse 14 1 _\Repo_1405_8_seven(1).mp4,0.0,5.866;7.366;10.934;12.233;9.600;21.097,30.000;30.000;30.000;30.000;30.000;30.000,Repousse,jaw movement,,,POINT,11.231,C:\Users\esthe\Downloads\repousse 14 1 _\Repo_1405_4_one(1).mp4,161,NA,
repo_1405_1,2025-07-10 15:00:01.859,,66.827,Media file(s),player #1:C:\Users\esthe\Downloads\repousse 14 1 _\Repo_1405_3_five(1).mp4;C:\Users\esthe\Downloads\repousse 14 1 _\Repo_1405_4_one(1).mp4;C:\Users\esthe\Downloads\repousse 14 1 _\Repo_1405_5_five(1).mp4;C:\Users\esthe\Downloads\repousse 14 1 _\Repo_1405_6_three(1).mp4;C:\Users\esthe\Downloads\repousse 14 1 _\Repo_1405_7_five(1).mp4;C:\Users\esthe\Downloads\repousse 14 1 _\Repo_1405_8_seven(1).mp4,0.0,5.866;7.366;10.934;12.233;9.600;21.097,30.000;30.000;30.000;30.000;30.000;30.000,Repousse,jaw movement,,,POINT,11.497,C:\Users\esthe\Downloads\repousse 14 1 _\Repo_1405_4_one(1).mp4,169,NA,
repo_1405_1,2025-07-10 15:00:01.859,,66.827,Media file(s),player #1:C:\Users\esthe\Downloads\repousse 14 1 _\Repo_1405_3_five(1).mp4;C:\Users\esthe\Downloads\repousse 14 1 _\Repo_1405_4_one(1).mp4;C:\Users\esthe\Downloads\repousse 14 1 _\Repo_1405_5_five(1).mp4;C:\Users\esthe\Downloads\repousse 14 1 _\Repo_1405_6_three(1).mp4;C:\Users\esthe\Downloads\repousse 14 1 _\Repo_1405_7_five(1).mp4;C:\Users\esthe\Downloads\repousse 14 1 _\Repo_1405_8_seven(1).mp4,0.0,5.866;7.366;10.934;12.233;9.600;21.097,30.000;30.000;30.000;30.000;30.000;30.000,Repousse,jaw movement,,,POINT,12.364,C:\Users\esthe\Downloads\repousse 14 1 _\Repo_1405_4_one(1).mp4,195,NA,
repo_1405_1,2025-07-10 15:00:01.859,,66.827,Media file(s),player #1:C:\Users\esthe\Downloads\repousse 14 1 _\Repo_1405_3_five(1).mp4;C:\Users\esthe\Downloads\repousse 14 1 _\Repo_1405_4_one(1).mp4;C:\Users\esthe\Downloads\repousse 14 1 _\Repo_1405_5_five(1).mp4;C:\Users\esthe\Downloads\repousse 14 1 _\Repo_1405_6_three(1).mp4;C:\Users\esthe\Downloads\repousse 14 1 _\Repo_1405_7_five(1).mp4;C:\Users\esthe\Downloads\repousse 14 1 _\Repo_1405_8_seven(1).mp4,0.0,5.866;7.366;10.934;12.233;9.600;21.097,30.000;30.000;30.000;30.000;30.000;30.000,Repousse,jaw movement,,,POINT,12.631,C:\Users\esthe\Downloads\repousse 14 1 _\Repo_1405_4_one(1).mp4,203,NA,
repo_1405_1,2025-07-10 15:00:01.859,,66.827,Media file(s),player #1:C:\Users\esthe\Downloads\repousse 14 1 _\Repo_1405_3_five(1).mp4;C:\Users\esthe\Downloads\repousse 14 1 _\Repo_1405_4_one(1).mp4;C:\Users\esthe\Downloads\repousse 14 1 _\Repo_1405_5_five(1).mp4;C:\Users\esthe\Downloads\repousse 14 1 _\Repo_1405_6_three(1).mp4;C:\Users\esthe\Downloads\repousse 14 1 _\Repo_1405_7_five(1).mp4;C:\Users\esthe\Downloads\repousse 14 1 _\Repo_1405_8_seven(1).mp4,0.0,5.866;7.366;10.934;12.233;9.600;21.097,30.000;30.000;30.000;30.000;30.000;30.000,Repousse,peeling,,,STOP,12.797,C:\Users\esthe\Downloads\repousse 14 1 _\Repo_1405_4_one(1).mp4,208,NA,
repo_1405_1,2025-07-10 15:00:01.859,,66.827,Media file(s),player #1:C:\Users\esthe\Downloads\repousse 14 1 _\Repo_1405_3_five(1).mp4;C:\Users\esthe\Downloads\repousse 14 1 _\Repo_1405_4_one(1).mp4;C:\Users\esthe\Downloads\repousse 14 1 _\Repo_1405_5_five(1).mp4;C:\Users\esthe\Downloads\repousse 14 1 _\Repo_1405_6_three(1).mp4;C:\Users\esthe\Downloads\repousse 14 1 _\Repo_1405_7_five(1).mp4;C:\Users\esthe\Downloads\repousse 14 1 _\Repo_1405_8_seven(1).mp4,0.0,5.866;7.366;10.934;12.233;9.600;21.097,30.000;30.000;30.000;30.000;30.000;30.000,Repousse,eating,,,START,12.831,C:\Users\esthe\Downloads\repousse 14 1 _\Repo_1405_4_one(1).mp4,209,NA,
repo_1405_1,2025-07-10 15:00:01.859,,66.827,Media file(s),player #1:C:\Users\esthe\Downloads\repousse 14 1 _\Repo_1405_3_five(1).mp4;C:\Users\esthe\Downloads\repousse 14 1 _\Repo_1405_4_one(1).mp4;C:\Users\esthe\Downloads\repousse 14 1 _\Repo_1405_5_five(1).mp4;C:\Users\esthe\Downloads\repousse 14 1 _\Repo_1405_6_three(1).mp4;C:\Users\esthe\Downloads\repousse 14 1 _\Repo_1405_7_five(1).mp4;C:\Users\esthe\Downloads\repousse 14 1 _\Repo_1405_8_seven(1).mp4,0.0,5.866;7.366;10.934;12.233;9.600;21.097,30.000;30.000;30.000;30.000;30.000;30.000,Repousse,eating,,,STOP,13.031,C:\Users\esthe\Downloads\repousse 14 1 _\Repo_1405_4_one(1).mp4,215,NA,
repo_1405_1,2025-07-10 15:00:01.859,,66.827,Media file(s),player #1:C:\Users\esthe\Downloads\repousse 14 1 _\Repo_1405_3_five(1).mp4;C:\Users\esthe\Downloads\repousse 14 1 _\Repo_1405_4_one(1).mp4;C:\Users\esthe\Downloads\repousse 14 1 _\Repo_1405_5_five(1).mp4;C:\Users\esthe\Downloads\repousse 14 1 _\Repo_1405_6_three(1).mp4;C:\Users\esthe\Downloads\repousse 14 1 _\Repo_1405_7_five(1).mp4;C:\Users\esthe\Downloads\repousse 14 1 _\Repo_1405_8_seven(1).mp4,0.0,5.866;7.366;10.934;12.233;9.600;21.097,30.000;30.000;30.000;30.000;30.000;30.000,Repousse,bending,,,START,13.230,C:\Users\esthe\Downloads\repousse 14 1 _\Repo_1405_4_one(1).mp4,0,NA,
repo_1405_1,2025-07-10 15:00:01.859,,66.827,Media file(s),player #1:C:\Users\esthe\Downloads\repousse 14 1 _\Repo_1405_3_five(1).mp4;C:\Users\esthe\Downloads\repousse 14 1 _\Repo_1405_4_one(1).mp4;C:\Users\esthe\Downloads\repousse 14 1 _\Repo_1405_5_five(1).mp4;C:\Users\esthe\Downloads\repousse 14 1 _\Repo_1405_6_three(1).mp4;C:\Users\esthe\Downloads\repousse 14 1 _\Repo_1405_7_five(1).mp4;C:\Users\esthe\Downloads\repousse 14 1 _\Repo_1405_8_seven(1).mp4,0.0,5.866;7.366;10.934;12.233;9.600;21.097,30.000;30.000;30.000;30.000;30.000;30.000,Repousse,bending,,,STOP,13.397,C:\Users\esthe\Downloads\repousse 14 1 _\Repo_1405_5_five(1).mp4,5,NA,
repo_1405_1,2025-07-10 15:00:01.859,,66.827,Media file(s),player #1:C:\Users\esthe\Downloads\repousse 14 1 _\Repo_1405_3_five(1).mp4;C:\Users\esthe\Downloads\repousse 14 1 _\Repo_1405_4_one(1).mp4;C:\Users\esthe\Downloads\repousse 14 1 _\Repo_1405_5_five(1).mp4;C:\Users\esthe\Downloads\repousse 14 1 _\Repo_1405_6_three(1).mp4;C:\Users\esthe\Downloads\repousse 14 1 _\Repo_1405_7_five(1).mp4;C:\Users\esthe\Downloads\repousse 14 1 _\Repo_1405_8_seven(1).mp4,0.0,5.866;7.366;10.934;12.233;9.600;21.097,30.000;30.000;30.000;30.000;30.000;30.000,Repousse,grabbing peanut,,,POINT,13.397,C:\Users\esthe\Downloads\repousse 14 1 _\Repo_1405_5_five(1).mp4,5,NA,
repo_1405_1,2025-07-10 15:00:01.859,,66.827,Media file(s),player #1:C:\Users\esthe\Downloads\repousse 14 1 _\Repo_1405_3_five(1).mp4;C:\Users\esthe\Downloads\repousse 14 1 _\Repo_1405_4_one(1).mp4;C:\Users\esthe\Downloads\repousse 14 1 _\Repo_1405_5_five(1).mp4;C:\Users\esthe\Downloads\repousse 14 1 _\Repo_1405_6_three(1).mp4;C:\Users\esthe\Downloads\repousse 14 1 _\Repo_1405_7_five(1).mp4;C:\Users\esthe\Downloads\repousse 14 1 _\Repo_1405_8_seven(1).mp4,0.0,5.866;7.366;10.934;12.233;9.600;21.097,30.000;30.000;30.000;30.000;30.000;30.000,Repousse,lifting,,,START,13.430,C:\Users\esthe\Downloads\repousse 14 1 _\Repo_1405_5_five(1).mp4,6,NA,
repo_1405_1,2025-07-10 15:00:01.859,,66.827,Media file(s),player #1:C:\Users\esthe\Downloads\repousse 14 1 _\Repo_1405_3_five(1).mp4;C:\Users\esthe\Downloads\repousse 14 1 _\Repo_1405_4_one(1).mp4;C:\Users\esthe\Downloads\repousse 14 1 _\Repo_1405_5_five(1).mp4;C:\Users\esthe\Downloads\repousse 14 1 _\Repo_1405_6_three(1).mp4;C:\Users\esthe\Downloads\repousse 14 1 _\Repo_1405_7_five(1).mp4;C:\Users\esthe\Downloads\repousse 14 1 _\Repo_1405_8_seven(1).mp4,0.0,5.866;7.366;10.934;12.233;9.600;21.097,30.000;30.000;30.000;30.000;30.000;30.000,Repousse,lifting,,,STOP,13.630,C:\Users\esthe\Downloads\repousse 14 1 _\Repo_1405_5_five(1).mp4,12,NA,
repo_1405_1,2025-07-10 15:00:01.859,,66.827,Media file(s),player #1:C:\Users\esthe\Downloads\repousse 14 1 _\Repo_1405_3_five(1).mp4;C:\Users\esthe\Downloads\repousse 14 1 _\Repo_1405_4_one(1).mp4;C:\Users\esthe\Downloads\repousse 14 1 _\Repo_1405_5_five(1).mp4;C:\Users\esthe\Downloads\repousse 14 1 _\Repo_1405_6_three(1).mp4;C:\Users\esthe\Downloads\repousse 14 1 _\Repo_1405_7_five(1).mp4;C:\Users\esthe\Downloads\repousse 14 1 _\Repo_1405_8_seven(1).mp4,0.0,5.866;7.366;10.934;12.233;9.600;21.097,30.000;30.000;30.000;30.000;30.000;30.000,Repousse,assessing,,,START,13.730,C:\Users\esthe\Downloads\repousse 14 1 _\Repo_1405_5_five(1).mp4,15,NA,
repo_1405_1,2025-07-10 15:00:01.859,,66.827,Media file(s),player #1:C:\Users\esthe\Downloads\repousse 14 1 _\Repo_1405_3_five(1).mp4;C:\Users\esthe\Downloads\repousse 14 1 _\Repo_1405_4_one(1).mp4;C:\Users\esthe\Downloads\repousse 14 1 _\Repo_1405_5_five(1).mp4;C:\Users\esthe\Downloads\repousse 14 1 _\Repo_1405_6_three(1).mp4;C:\Users\esthe\Downloads\repousse 14 1 _\Repo_1405_7_five(1).mp4;C:\Users\esthe\Downloads\repousse 14 1 _\Repo_1405_8_seven(1).mp4,0.0,5.866;7.366;10.934;12.233;9.600;21.097,30.000;30.000;30.000;30.000;30.000;30.000,Repousse,jaw movement,,,POINT,13.830,C:\Users\esthe\Downloads\repousse 14 1 _\Repo_1405_5_five(1).mp4,18,NA,
repo_1405_1,2025-07-10 15:00:01.859,,66.827,Media file(s),player #1:C:\Users\esthe\Downloads\repousse 14 1 _\Repo_1405_3_five(1).mp4;C:\Users\esthe\Downloads\repousse 14 1 _\Repo_1405_4_one(1).mp4;C:\Users\esthe\Downloads\repousse 14 1 _\Repo_1405_5_five(1).mp4;C:\Users\esthe\Downloads\repousse 14 1 _\Repo_1405_6_three(1).mp4;C:\Users\esthe\Downloads\repousse 14 1 _\Repo_1405_7_five(1).mp4;C:\Users\esthe\Downloads\repousse 14 1 _\Repo_1405_8_seven(1).mp4,0.0,5.866;7.366;10.934;12.233;9.600;21.097,30.000;30.000;30.000;30.000;30.000;30.000,Repousse,jaw movement,,,POINT,14.563,C:\Users\esthe\Downloads\repousse 14 1 _\Repo_1405_5_five(1).mp4,40,NA,
repo_1405_1,2025-07-10 15:00:01.859,,66.827,Media file(s),player #1:C:\Users\esthe\Downloads\repousse 14 1 _\Repo_1405_3_five(1).mp4;C:\Users\esthe\Downloads\repousse 14 1 _\Repo_1405_4_one(1).mp4;C:\Users\esthe\Downloads\repousse 14 1 _\Repo_1405_5_five(1).mp4;C:\Users\esthe\Downloads\repousse 14 1 _\Repo_1405_6_three(1).mp4;C:\Users\esthe\Downloads\repousse 14 1 _\Repo_1405_7_five(1).mp4;C:\Users\esthe\Downloads\repousse 14 1 _\Repo_1405_8_seven(1).mp4,0.0,5.866;7.366;10.934;12.233;9.600;21.097,30.000;30.000;30.000;30.000;30.000;30.000,Repousse,jaw movement,,,POINT,14.796,C:\Users\esthe\Downloads\repousse 14 1 _\Repo_1405_5_five(1).mp4,47,NA,
repo_1405_1,2025-07-10 15:00:01.859,,66.827,Media file(s),player #1:C:\Users\esthe\Downloads\repousse 14 1 _\Repo_1405_3_five(1).mp4;C:\Users\esthe\Downloads\repousse 14 1 _\Repo_1405_4_one(1).mp4;C:\Users\esthe\Downloads\repousse 14 1 _\Repo_1405_5_five(1).mp4;C:\Users\esthe\Downloads\repousse 14 1 _\Repo_1405_6_three(1).mp4;C:\Users\esthe\Downloads\repousse 14 1 _\Repo_1405_7_five(1).mp4;C:\Users\esthe\Downloads\repousse 14 1 _\Repo_1405_8_seven(1).mp4,0.0,5.866;7.366;10.934;12.233;9.600;21.097,30.000;30.000;30.000;30.000;30.000;30.000,Repousse,mouth,,,POINT,14.863,C:\Users\esthe\Downloads\repousse 14 1 _\Repo_1405_5_five(1).mp4,49,NA,
repo_1405_1,2025-07-10 15:00:01.859,,66.827,Media file(s),player #1:C:\Users\esthe\Downloads\repousse 14 1 _\Repo_1405_3_five(1).mp4;C:\Users\esthe\Downloads\repousse 14 1 _\Repo_1405_4_one(1).mp4;C:\Users\esthe\Downloads\repousse 14 1 _\Repo_1405_5_five(1).mp4;C:\Users\esthe\Downloads\repousse 14 1 _\Repo_1405_6_three(1).mp4;C:\Users\esthe\Downloads\repousse 14 1 _\Repo_1405_7_five(1).mp4;C:\Users\esthe\Downloads\repousse 14 1 _\Repo_1405_8_seven(1).mp4,0.0,5.866;7.366;10.934;12.233;9.600;21.097,30.000;30.000;30.000;30.000;30.000;30.000,Repousse,assessing,,,STOP,14.930,C:\Users\esthe\Downloads\repousse 14 1 _\Repo_1405_5_five(1).mp4,51,NA,
repo_1405_1,2025-07-10 15:00:01.859,,66.827,Media file(s),player #1:C:\Users\esthe\Downloads\repousse 14 1 _\Repo_1405_3_five(1).mp4;C:\Users\esthe\Downloads\repousse 14 1 _\Repo_1405_4_one(1).mp4;C:\Users\esthe\Downloads\repousse 14 1 _\Repo_1405_5_five(1).mp4;C:\Users\esthe\Downloads\repousse 14 1 _\Repo_1405_6_three(1).mp4;C:\Users\esthe\Downloads\repousse 14 1 _\Repo_1405_7_five(1).mp4;C:\Users\esthe\Downloads\repousse 14 1 _\Repo_1405_8_seven(1).mp4,0.0,5.866;7.366;10.934;12.233;9.600;21.097,30.000;30.000;30.000;30.000;30.000;30.000,Repousse,target,,,START,14.963,C:\Users\esthe\Downloads\repousse 14 1 _\Repo_1405_5_five(1).mp4,52,NA,
repo_1405_1,2025-07-10 15:00:01.859,,66.827,Media file(s),player #1:C:\Users\esthe\Downloads\repousse 14 1 _\Repo_1405_3_five(1).mp4;C:\Users\esthe\Downloads\repousse 14 1 _\Repo_1405_4_one(1).mp4;C:\Users\esthe\Downloads\repousse 14 1 _\Repo_1405_5_five(1).mp4;C:\Users\esthe\Downloads\repousse 14 1 _\Repo_1405_6_three(1).mp4;C:\Users\esthe\Downloads\repousse 14 1 _\Repo_1405_7_five(1).mp4;C:\Users\esthe\Downloads\repousse 14 1 _\Repo_1405_8_seven(1).mp4,0.0,5.866;7.366;10.934;12.233;9.600;21.097,30.000;30.000;30.000;30.000;30.000;30.000,Repousse,pause,,,START,19.197,C:\Users\esthe\Downloads\repousse 14 1 _\Repo_1405_5_five(1).mp4,179,NA,
repo_1405_1,2025-07-10 15:00:01.859,,66.827,Media file(s),player #1:C:\Users\esthe\Downloads\repousse 14 1 _\Repo_1405_3_five(1).mp4;C:\Users\esthe\Downloads\repousse 14 1 _\Repo_1405_4_one(1).mp4;C:\Users\esthe\Downloads\repousse 14 1 _\Repo_1405_5_five(1).mp4;C:\Users\esthe\Downloads\repousse 14 1 _\Repo_1405_6_three(1).mp4;C:\Users\esthe\Downloads\repousse 14 1 _\Repo_1405_7_five(1).mp4;C:\Users\esthe\Downloads\repousse 14 1 _\Repo_1405_8_seven(1).mp4,0.0,5.866;7.366;10.934;12.233;9.600;21.097,30.000;30.000;30.000;30.000;30.000;30.000,Repousse,pause,,,STOP,20.130,C:\Users\esthe\Downloads\repousse 14 1 _\Repo_1405_5_five(1).mp4,207,NA,
repo_1405_1,2025-07-10 15:00:01.859,,66.827,Media file(s),player #1:C:\Users\esthe\Downloads\repousse 14 1 _\Repo_1405_3_five(1).mp4;C:\Users\esthe\Downloads\repousse 14 1 _\Repo_1405_4_one(1).mp4;C:\Users\esthe\Downloads\repousse 14 1 _\Repo_1405_5_five(1).mp4;C:\Users\esthe\Downloads\repousse 14 1 _\Repo_1405_6_three(1).mp4;C:\Users\esthe\Downloads\repousse 14 1 _\Repo_1405_7_five(1).mp4;C:\Users\esthe\Downloads\repousse 14 1 _\Repo_1405_8_seven(1).mp4,0.0,5.866;7.366;10.934;12.233;9.600;21.097,30.000;30.000;30.000;30.000;30.000;30.000,Repousse,pause,,,START,22.131,C:\Users\esthe\Downloads\repousse 14 1 _\Repo_1405_5_five(1).mp4,267,NA,
repo_1405_1,2025-07-10 15:00:01.859,,66.827,Media file(s),player #1:C:\Users\esthe\Downloads\repousse 14 1 _\Repo_1405_3_five(1).mp4;C:\Users\esthe\Downloads\repousse 14 1 _\Repo_1405_4_one(1).mp4;C:\Users\esthe\Downloads\repousse 14 1 _\Repo_1405_5_five(1).mp4;C:\Users\esthe\Downloads\repousse 14 1 _\Repo_1405_6_three(1).mp4;C:\Users\esthe\Downloads\repousse 14 1 _\Repo_1405_7_five(1).mp4;C:\Users\esthe\Downloads\repousse 14 1 _\Repo_1405_8_seven(1).mp4,0.0,5.866;7.366;10.934;12.233;9.600;21.097,30.000;30.000;30.000;30.000;30.000;30.000,Repousse,pause,,,STOP,23.731,C:\Users\esthe\Downloads\repousse 14 1 _\Repo_1405_5_five(1).mp4,315,NA,
repo_1405_1,2025-07-10 15:00:01.859,,66.827,Media file(s),player #1:C:\Users\esthe\Downloads\repousse 14 1 _\Repo_1405_3_five(1).mp4;C:\Users\esthe\Downloads\repousse 14 1 _\Repo_1405_4_one(1).mp4;C:\Users\esthe\Downloads\repousse 14 1 _\Repo_1405_5_five(1).mp4;C:\Users\esthe\Downloads\repousse 14 1 _\Repo_1405_6_three(1).mp4;C:\Users\esthe\Downloads\repousse 14 1 _\Repo_1405_7_five(1).mp4;C:\Users\esthe\Downloads\repousse 14 1 _\Repo_1405_8_seven(1).mp4,0.0,5.866;7.366;10.934;12.233;9.600;21.097,30.000;30.000;30.000;30.000;30.000;30.000,Repousse,target,,,STOP,24.031,C:\Users\esthe\Downloads\repousse 14 1 _\Repo_1405_5_five(1).mp4,324,NA,
repo_1405_1,2025-07-10 15:00:01.859,,66.827,Media file(s),player #1:C:\Users\esthe\Downloads\repousse 14 1 _\Repo_1405_3_five(1).mp4;C:\Users\esthe\Downloads\repousse 14 1 _\Repo_1405_4_one(1).mp4;C:\Users\esthe\Downloads\repousse 14 1 _\Repo_1405_5_five(1).mp4;C:\Users\esthe\Downloads\repousse 14 1 _\Repo_1405_6_three(1).mp4;C:\Users\esthe\Downloads\repousse 14 1 _\Repo_1405_7_five(1).mp4;C:\Users\esthe\Downloads\repousse 14 1 _\Repo_1405_8_seven(1).mp4,0.0,5.866;7.366;10.934;12.233;9.600;21.097,30.000;30.000;30.000;30.000;30.000;30.000,Repousse,bending,,,START,29.464,C:\Users\esthe\Downloads\repousse 14 1 _\Repo_1405_6_three(1).mp4,157,NA,
repo_1405_1,2025-07-10 15:00:01.859,,66.827,Media file(s),player #1:C:\Users\esthe\Downloads\repousse 14 1 _\Repo_1405_3_five(1).mp4;C:\Users\esthe\Downloads\repousse 14 1 _\Repo_1405_4_one(1).mp4;C:\Users\esthe\Downloads\repousse 14 1 _\Repo_1405_5_five(1).mp4;C:\Users\esthe\Downloads\repousse 14 1 _\Repo_1405_6_three(1).mp4;C:\Users\esthe\Downloads\repousse 14 1 _\Repo_1405_7_five(1).mp4;C:\Users\esthe\Downloads\repousse 14 1 _\Repo_1405_8_seven(1).mp4,0.0,5.866;7.366;10.934;12.233;9.600;21.097,30.000;30.000;30.000;30.000;30.000;30.000,Repousse,bending,,,STOP,30.731,C:\Users\esthe\Downloads\repousse 14 1 _\Repo_1405_6_three(1).mp4,195,NA,
repo_1405_1,2025-07-10 15:00:01.859,,66.827,Media file(s),player #1:C:\Users\esthe\Downloads\repousse 14 1 _\Repo_1405_3_five(1).mp4;C:\Users\esthe\Downloads\repousse 14 1 _\Repo_1405_4_one(1).mp4;C:\Users\esthe\Downloads\repousse 14 1 _\Repo_1405_5_five(1).mp4;C:\Users\esthe\Downloads\repousse 14 1 _\Repo_1405_6_three(1).mp4;C:\Users\esthe\Downloads\repousse 14 1 _\Repo_1405_7_five(1).mp4;C:\Users\esthe\Downloads\repousse 14 1 _\Repo_1405_8_seven(1).mp4,0.0,5.866;7.366;10.934;12.233;9.600;21.097,30.000;30.000;30.000;30.000;30.000;30.000,Repousse,grabbing peanut,,,POINT,30.731,C:\Users\esthe\Downloads\repousse 14 1 _\Repo_1405_6_three(1).mp4,195,NA,
repo_1405_1,2025-07-10 15:00:01.859,,66.827,Media file(s),player #1:C:\Users\esthe\Downloads\repousse 14 1 _\Repo_1405_3_five(1).mp4;C:\Users\esthe\Downloads\repousse 14 1 _\Repo_1405_4_one(1).mp4;C:\Users\esthe\Downloads\repousse 14 1 _\Repo_1405_5_five(1).mp4;C:\Users\esthe\Downloads\repousse 14 1 _\Repo_1405_6_three(1).mp4;C:\Users\esthe\Downloads\repousse 14 1 _\Repo_1405_7_five(1).mp4;C:\Users\esthe\Downloads\repousse 14 1 _\Repo_1405_8_seven(1).mp4,0.0,5.866;7.366;10.934;12.233;9.600;21.097,30.000;30.000;30.000;30.000;30.000;30.000,Repousse,lifting,,,START,30.764,C:\Users\esthe\Downloads\repousse 14 1 _\Repo_1405_6_three(1).mp4,196,NA,
repo_1405_1,2025-07-10 15:00:01.859,,66.827,Media file(s),player #1:C:\Users\esthe\Downloads\repousse 14 1 _\Repo_1405_3_five(1).mp4;C:\Users\esthe\Downloads\repousse 14 1 _\Repo_1405_4_one(1).mp4;C:\Users\esthe\Downloads\repousse 14 1 _\Repo_1405_5_five(1).mp4;C:\Users\esthe\Downloads\repousse 14 1 _\Repo_1405_6_three(1).mp4;C:\Users\esthe\Downloads\repousse 14 1 _\Repo_1405_7_five(1).mp4;C:\Users\esthe\Downloads\repousse 14 1 _\Repo_1405_8_seven(1).mp4,0.0,5.866;7.366;10.934;12.233;9.600;21.097,30.000;30.000;30.000;30.000;30.000;30.000,Repousse,lifting,,,STOP,31.031,C:\Users\esthe\Downloads\repousse 14 1 _\Repo_1405_6_three(1).mp4,204,NA,
repo_1405_1,2025-07-10 15:00:01.859,,66.827,Media file(s),player #1:C:\Users\esthe\Downloads\repousse 14 1 _\Repo_1405_3_five(1).mp4;C:\Users\esthe\Downloads\repousse 14 1 _\Repo_1405_4_one(1).mp4;C:\Users\esthe\Downloads\repousse 14 1 _\Repo_1405_5_five(1).mp4;C:\Users\esthe\Downloads\repousse 14 1 _\Repo_1405_6_three(1).mp4;C:\Users\esthe\Downloads\repousse 14 1 _\Repo_1405_7_five(1).mp4;C:\Users\esthe\Downloads\repousse 14 1 _\Repo_1405_8_seven(1).mp4,0.0,5.866;7.366;10.934;12.233;9.600;21.097,30.000;30.000;30.000;30.000;30.000;30.000,Repousse,target,,,START,31.565,C:\Users\esthe\Downloads\repousse 14 1 _\Repo_1405_6_three(1).mp4,220,NA,
repo_1405_1,2025-07-10 15:00:01.859,,66.827,Media file(s),player #1:C:\Users\esthe\Downloads\repousse 14 1 _\Repo_1405_3_five(1).mp4;C:\Users\esthe\Downloads\repousse 14 1 _\Repo_1405_4_one(1).mp4;C:\Users\esthe\Downloads\repousse 14 1 _\Repo_1405_5_five(1).mp4;C:\Users\esthe\Downloads\repousse 14 1 _\Repo_1405_6_three(1).mp4;C:\Users\esthe\Downloads\repousse 14 1 _\Repo_1405_7_five(1).mp4;C:\Users\esthe\Downloads\repousse 14 1 _\Repo_1405_8_seven(1).mp4,0.0,5.866;7.366;10.934;12.233;9.600;21.097,30.000;30.000;30.000;30.000;30.000;30.000,Repousse,target,,,STOP,36.163,C:\Users\esthe\Downloads\repousse 14 1 _\Repo_1405_6_three(1).mp4,356,NA,
repo_1405_1,2025-07-10 15:00:01.859,,66.827,Media file(s),player #1:C:\Users\esthe\Downloads\repousse 14 1 _\Repo_1405_3_five(1).mp4;C:\Users\esthe\Downloads\repousse 14 1 _\Repo_1405_4_one(1).mp4;C:\Users\esthe\Downloads\repousse 14 1 _\Repo_1405_5_five(1).mp4;C:\Users\esthe\Downloads\repousse 14 1 _\Repo_1405_6_three(1).mp4;C:\Users\esthe\Downloads\repousse 14 1 _\Repo_1405_7_five(1).mp4;C:\Users\esthe\Downloads\repousse 14 1 _\Repo_1405_8_seven(1).mp4,0.0,5.866;7.366;10.934;12.233;9.600;21.097,30.000;30.000;30.000;30.000;30.000;30.000,Repousse,lifting,,,START,36.396,C:\Users\esthe\Downloads\repousse 14 1 _\Repo_1405_6_three(1).mp4,0,NA,
repo_1405_1,2025-07-10 15:00:01.859,,66.827,Media file(s),player #1:C:\Users\esthe\Downloads\repousse 14 1 _\Repo_1405_3_five(1).mp4;C:\Users\esthe\Downloads\repousse 14 1 _\Repo_1405_4_one(1).mp4;C:\Users\esthe\Downloads\repousse 14 1 _\Repo_1405_5_five(1).mp4;C:\Users\esthe\Downloads\repousse 14 1 _\Repo_1405_6_three(1).mp4;C:\Users\esthe\Downloads\repousse 14 1 _\Repo_1405_7_five(1).mp4;C:\Users\esthe\Downloads\repousse 14 1 _\Repo_1405_8_seven(1).mp4,0.0,5.866;7.366;10.934;12.233;9.600;21.097,30.000;30.000;30.000;30.000;30.000;30.000,Repousse,lifting,,,STOP,36.829,C:\Users\esthe\Downloads\repousse 14 1 _\Repo_1405_7_five(1).mp4,13,NA,
repo_1405_1,2025-07-10 15:00:01.859,,66.827,Media file(s),player #1:C:\Users\esthe\Downloads\repousse 14 1 _\Repo_1405_3_five(1).mp4;C:\Users\esthe\Downloads\repousse 14 1 _\Repo_1405_4_one(1).mp4;C:\Users\esthe\Downloads\repousse 14 1 _\Repo_1405_5_five(1).mp4;C:\Users\esthe\Downloads\repousse 14 1 _\Repo_1405_6_three(1).mp4;C:\Users\esthe\Downloads\repousse 14 1 _\Repo_1405_7_five(1).mp4;C:\Users\esthe\Downloads\repousse 14 1 _\Repo_1405_8_seven(1).mp4,0.0,5.866;7.366;10.934;12.233;9.600;21.097,30.000;30.000;30.000;30.000;30.000;30.000,Repousse,assessing,,,START,36.863,C:\Users\esthe\Downloads\repousse 14 1 _\Repo_1405_7_five(1).mp4,14,NA,
repo_1405_1,2025-07-10 15:00:01.859,,66.827,Media file(s),player #1:C:\Users\esthe\Downloads\repousse 14 1 _\Repo_1405_3_five(1).mp4;C:\Users\esthe\Downloads\repousse 14 1 _\Repo_1405_4_one(1).mp4;C:\Users\esthe\Downloads\repousse 14 1 _\Repo_1405_5_five(1).mp4;C:\Users\esthe\Downloads\repousse 14 1 _\Repo_1405_6_three(1).mp4;C:\Users\esthe\Downloads\repousse 14 1 _\Repo_1405_7_five(1).mp4;C:\Users\esthe\Downloads\repousse 14 1 _\Repo_1405_8_seven(1).mp4,0.0,5.866;7.366;10.934;12.233;9.600;21.097,30.000;30.000;30.000;30.000;30.000;30.000,Repousse,jaw movement,,,POINT,36.929,C:\Users\esthe\Downloads\repousse 14 1 _\Repo_1405_7_five(1).mp4,16,NA,
repo_1405_1,2025-07-10 15:00:01.859,,66.827,Media file(s),player #1:C:\Users\esthe\Downloads\repousse 14 1 _\Repo_1405_3_five(1).mp4;C:\Users\esthe\Downloads\repousse 14 1 _\Repo_1405_4_one(1).mp4;C:\Users\esthe\Downloads\repousse 14 1 _\Repo_1405_5_five(1).mp4;C:\Users\esthe\Downloads\repousse 14 1 _\Repo_1405_6_three(1).mp4;C:\Users\esthe\Downloads\repousse 14 1 _\Repo_1405_7_five(1).mp4;C:\Users\esthe\Downloads\repousse 14 1 _\Repo_1405_8_seven(1).mp4,0.0,5.866;7.366;10.934;12.233;9.600;21.097,30.000;30.000;30.000;30.000;30.000;30.000,Repousse,licking,,,POINT,37.029,C:\Users\esthe\Downloads\repousse 14 1 _\Repo_1405_7_five(1).mp4,19,NA,
repo_1405_1,2025-07-10 15:00:01.859,,66.827,Media file(s),player #1:C:\Users\esthe\Downloads\repousse 14 1 _\Repo_1405_3_five(1).mp4;C:\Users\esthe\Downloads\repousse 14 1 _\Repo_1405_4_one(1).mp4;C:\Users\esthe\Downloads\repousse 14 1 _\Repo_1405_5_five(1).mp4;C:\Users\esthe\Downloads\repousse 14 1 _\Repo_1405_6_three(1).mp4;C:\Users\esthe\Downloads\repousse 14 1 _\Repo_1405_7_five(1).mp4;C:\Users\esthe\Downloads\repousse 14 1 _\Repo_1405_8_seven(1).mp4,0.0,5.866;7.366;10.934;12.233;9.600;21.097,30.000;30.000;30.000;30.000;30.000;30.000,Repousse,teeth-hole contact,,,POINT,37.429,C:\Users\esthe\Downloads\repousse 14 1 _\Repo_1405_7_five(1).mp4,31,NA,
repo_1405_1,2025-07-10 15:00:01.859,,66.827,Media file(s),player #1:C:\Users\esthe\Downloads\repousse 14 1 _\Repo_1405_3_five(1).mp4;C:\Users\esthe\Downloads\repousse 14 1 _\Repo_1405_4_one(1).mp4;C:\Users\esthe\Downloads\repousse 14 1 _\Repo_1405_5_five(1).mp4;C:\Users\esthe\Downloads\repousse 14 1 _\Repo_1405_6_three(1).mp4;C:\Users\esthe\Downloads\repousse 14 1 _\Repo_1405_7_five(1).mp4;C:\Users\esthe\Downloads\repousse 14 1 _\Repo_1405_8_seven(1).mp4,0.0,5.866;7.366;10.934;12.233;9.600;21.097,30.000;30.000;30.000;30.000;30.000;30.000,Repousse,teeth-hole contact,,,POINT,37.596,C:\Users\esthe\Downloads\repousse 14 1 _\Repo_1405_7_five(1).mp4,36,NA,
repo_1405_1,2025-07-10 15:00:01.859,,66.827,Media file(s),player #1:C:\Users\esthe\Downloads\repousse 14 1 _\Repo_1405_3_five(1).mp4;C:\Users\esthe\Downloads\repousse 14 1 _\Repo_1405_4_one(1).mp4;C:\Users\esthe\Downloads\repousse 14 1 _\Repo_1405_5_five(1).mp4;C:\Users\esthe\Downloads\repousse 14 1 _\Repo_1405_6_three(1).mp4;C:\Users\esthe\Downloads\repousse 14 1 _\Repo_1405_7_five(1).mp4;C:\Users\esthe\Downloads\repousse 14 1 _\Repo_1405_8_seven(1).mp4,0.0,5.866;7.366;10.934;12.233;9.600;21.097,30.000;30.000;30.000;30.000;30.000;30.000,Repousse,rotation,,Horizontal,START,37.629,C:\Users\esthe\Downloads\repousse 14 1 _\Repo_1405_7_five(1).mp4,37,NA,
repo_1405_1,2025-07-10 15:00:01.859,,66.827,Media file(s),player #1:C:\Users\esthe\Downloads\repousse 14 1 _\Repo_1405_3_five(1).mp4;C:\Users\esthe\Downloads\repousse 14 1 _\Repo_1405_4_one(1).mp4;C:\Users\esthe\Downloads\repousse 14 1 _\Repo_1405_5_five(1).mp4;C:\Users\esthe\Downloads\repousse 14 1 _\Repo_1405_6_three(1).mp4;C:\Users\esthe\Downloads\repousse 14 1 _\Repo_1405_7_five(1).mp4;C:\Users\esthe\Downloads\repousse 14 1 _\Repo_1405_8_seven(1).mp4,0.0,5.866;7.366;10.934;12.233;9.600;21.097,30.000;30.000;30.000;30.000;30.000;30.000,Repousse,rotation,,Horizontal,STOP,37.862,C:\Users\esthe\Downloads\repousse 14 1 _\Repo_1405_7_five(1).mp4,44,NA,
repo_1405_1,2025-07-10 15:00:01.859,,66.827,Media file(s),player #1:C:\Users\esthe\Downloads\repousse 14 1 _\Repo_1405_3_five(1).mp4;C:\Users\esthe\Downloads\repousse 14 1 _\Repo_1405_4_one(1).mp4;C:\Users\esthe\Downloads\repousse 14 1 _\Repo_1405_5_five(1).mp4;C:\Users\esthe\Downloads\repousse 14 1 _\Repo_1405_6_three(1).mp4;C:\Users\esthe\Downloads\repousse 14 1 _\Repo_1405_7_five(1).mp4;C:\Users\esthe\Downloads\repousse 14 1 _\Repo_1405_8_seven(1).mp4,0.0,5.866;7.366;10.934;12.233;9.600;21.097,30.000;30.000;30.000;30.000;30.000;30.000,Repousse,jaw movement,,,POINT,37.929,C:\Users\esthe\Downloads\repousse 14 1 _\Repo_1405_7_five(1).mp4,46,NA,
repo_1405_1,2025-07-10 15:00:01.859,,66.827,Media file(s),player #1:C:\Users\esthe\Downloads\repousse 14 1 _\Repo_1405_3_five(1).mp4;C:\Users\esthe\Downloads\repousse 14 1 _\Repo_1405_4_one(1).mp4;C:\Users\esthe\Downloads\repousse 14 1 _\Repo_1405_5_five(1).mp4;C:\Users\esthe\Downloads\repousse 14 1 _\Repo_1405_6_three(1).mp4;C:\Users\esthe\Downloads\repousse 14 1 _\Repo_1405_7_five(1).mp4;C:\Users\esthe\Downloads\repousse 14 1 _\Repo_1405_8_seven(1).mp4,0.0,5.866;7.366;10.934;12.233;9.600;21.097,30.000;30.000;30.000;30.000;30.000;30.000,Repousse,licking,,,POINT,38.062,C:\Users\esthe\Downloads\repousse 14 1 _\Repo_1405_7_five(1).mp4,50,NA,
repo_1405_1,2025-07-10 15:00:01.859,,66.827,Media file(s),player #1:C:\Users\esthe\Downloads\repousse 14 1 _\Repo_1405_3_five(1).mp4;C:\Users\esthe\Downloads\repousse 14 1 _\Repo_1405_4_one(1).mp4;C:\Users\esthe\Downloads\repousse 14 1 _\Repo_1405_5_five(1).mp4;C:\Users\esthe\Downloads\repousse 14 1 _\Repo_1405_6_three(1).mp4;C:\Users\esthe\Downloads\repousse 14 1 _\Repo_1405_7_five(1).mp4;C:\Users\esthe\Downloads\repousse 14 1 _\Repo_1405_8_seven(1).mp4,0.0,5.866;7.366;10.934;12.233;9.600;21.097,30.000;30.000;30.000;30.000;30.000;30.000,Repousse,sniffing,,,POINT,38.129,C:\Users\esthe\Downloads\repousse 14 1 _\Repo_1405_7_five(1).mp4,52,NA,
repo_1405_1,2025-07-10 15:00:01.859,,66.827,Media file(s),player #1:C:\Users\esthe\Downloads\repousse 14 1 _\Repo_1405_3_five(1).mp4;C:\Users\esthe\Downloads\repousse 14 1 _\Repo_1405_4_one(1).mp4;C:\Users\esthe\Downloads\repousse 14 1 _\Repo_1405_5_five(1).mp4;C:\Users\esthe\Downloads\repousse 14 1 _\Repo_1405_6_three(1).mp4;C:\Users\esthe\Downloads\repousse 14 1 _\Repo_1405_7_five(1).mp4;C:\Users\esthe\Downloads\repousse 14 1 _\Repo_1405_8_seven(1).mp4,0.0,5.866;7.366;10.934;12.233;9.600;21.097,30.000;30.000;30.000;30.000;30.000;30.000,Repousse,jaw movement,,,POINT,38.329,C:\Users\esthe\Downloads\repousse 14 1 _\Repo_1405_7_five(1).mp4,58,NA,
repo_1405_1,2025-07-10 15:00:01.859,,66.827,Media file(s),player #1:C:\Users\esthe\Downloads\repousse 14 1 _\Repo_1405_3_five(1).mp4;C:\Users\esthe\Downloads\repousse 14 1 _\Repo_1405_4_one(1).mp4;C:\Users\esthe\Downloads\repousse 14 1 _\Repo_1405_5_five(1).mp4;C:\Users\esthe\Downloads\repousse 14 1 _\Repo_1405_6_three(1).mp4;C:\Users\esthe\Downloads\repousse 14 1 _\Repo_1405_7_five(1).mp4;C:\Users\esthe\Downloads\repousse 14 1 _\Repo_1405_8_seven(1).mp4,0.0,5.866;7.366;10.934;12.233;9.600;21.097,30.000;30.000;30.000;30.000;30.000;30.000,Repousse,jaw movement,,,POINT,38.629,C:\Users\esthe\Downloads\repousse 14 1 _\Repo_1405_7_five(1).mp4,67,NA,
repo_1405_1,2025-07-10 15:00:01.859,,66.827,Media file(s),player #1:C:\Users\esthe\Downloads\repousse 14 1 _\Repo_1405_3_five(1).mp4;C:\Users\esthe\Downloads\repousse 14 1 _\Repo_1405_4_one(1).mp4;C:\Users\esthe\Downloads\repousse 14 1 _\Repo_1405_5_five(1).mp4;C:\Users\esthe\Downloads\repousse 14 1 _\Repo_1405_6_three(1).mp4;C:\Users\esthe\Downloads\repousse 14 1 _\Repo_1405_7_five(1).mp4;C:\Users\esthe\Downloads\repousse 14 1 _\Repo_1405_8_seven(1).mp4,0.0,5.866;7.366;10.934;12.233;9.600;21.097,30.000;30.000;30.000;30.000;30.000;30.000,Repousse,licking,,,POINT,38.696,C:\Users\esthe\Downloads\repousse 14 1 _\Repo_1405_7_five(1).mp4,69,NA,
repo_1405_1,2025-07-10 15:00:01.859,,66.827,Media file(s),player #1:C:\Users\esthe\Downloads\repousse 14 1 _\Repo_1405_3_five(1).mp4;C:\Users\esthe\Downloads\repousse 14 1 _\Repo_1405_4_one(1).mp4;C:\Users\esthe\Downloads\repousse 14 1 _\Repo_1405_5_five(1).mp4;C:\Users\esthe\Downloads\repousse 14 1 _\Repo_1405_6_three(1).mp4;C:\Users\esthe\Downloads\repousse 14 1 _\Repo_1405_7_five(1).mp4;C:\Users\esthe\Downloads\repousse 14 1 _\Repo_1405_8_seven(1).mp4,0.0,5.866;7.366;10.934;12.233;9.600;21.097,30.000;30.000;30.000;30.000;30.000;30.000,Repousse,rotation,,Horizontal,START,38.762,C:\Users\esthe\Downloads\repousse 14 1 _\Repo_1405_7_five(1).mp4,71,NA,
repo_1405_1,2025-07-10 15:00:01.859,,66.827,Media file(s),player #1:C:\Users\esthe\Downloads\repousse 14 1 _\Repo_1405_3_five(1).mp4;C:\Users\esthe\Downloads\repousse 14 1 _\Repo_1405_4_one(1).mp4;C:\Users\esthe\Downloads\repousse 14 1 _\Repo_1405_5_five(1).mp4;C:\Users\esthe\Downloads\repousse 14 1 _\Repo_1405_6_three(1).mp4;C:\Users\esthe\Downloads\repousse 14 1 _\Repo_1405_7_five(1).mp4;C:\Users\esthe\Downloads\repousse 14 1 _\Repo_1405_8_seven(1).mp4,0.0,5.866;7.366;10.934;12.233;9.600;21.097,30.000;30.000;30.000;30.000;30.000;30.000,Repousse,translational movement,,,POINT,38.929,C:\Users\esthe\Downloads\repousse 14 1 _\Repo_1405_7_five(1).mp4,76,NA,
repo_1405_1,2025-07-10 15:00:01.859,,66.827,Media file(s),player #1:C:\Users\esthe\Downloads\repousse 14 1 _\Repo_1405_3_five(1).mp4;C:\Users\esthe\Downloads\repousse 14 1 _\Repo_1405_4_one(1).mp4;C:\Users\esthe\Downloads\repousse 14 1 _\Repo_1405_5_five(1).mp4;C:\Users\esthe\Downloads\repousse 14 1 _\Repo_1405_6_three(1).mp4;C:\Users\esthe\Downloads\repousse 14 1 _\Repo_1405_7_five(1).mp4;C:\Users\esthe\Downloads\repousse 14 1 _\Repo_1405_8_seven(1).mp4,0.0,5.866;7.366;10.934;12.233;9.600;21.097,30.000;30.000;30.000;30.000;30.000;30.000,Repousse,rotation,,Horizontal,STOP,39.062,C:\Users\esthe\Downloads\repousse 14 1 _\Repo_1405_7_five(1).mp4,80,NA,
repo_1405_1,2025-07-10 15:00:01.859,,66.827,Media file(s),player #1:C:\Users\esthe\Downloads\repousse 14 1 _\Repo_1405_3_five(1).mp4;C:\Users\esthe\Downloads\repousse 14 1 _\Repo_1405_4_one(1).mp4;C:\Users\esthe\Downloads\repousse 14 1 _\Repo_1405_5_five(1).mp4;C:\Users\esthe\Downloads\repousse 14 1 _\Repo_1405_6_three(1).mp4;C:\Users\esthe\Downloads\repousse 14 1 _\Repo_1405_7_five(1).mp4;C:\Users\esthe\Downloads\repousse 14 1 _\Repo_1405_8_seven(1).mp4,0.0,5.866;7.366;10.934;12.233;9.600;21.097,30.000;30.000;30.000;30.000;30.000;30.000,Repousse,licking,,,POINT,39.096,C:\Users\esthe\Downloads\repousse 14 1 _\Repo_1405_7_five(1).mp4,81,NA,
repo_1405_1,2025-07-10 15:00:01.859,,66.827,Media file(s),player #1:C:\Users\esthe\Downloads\repousse 14 1 _\Repo_1405_3_five(1).mp4;C:\Users\esthe\Downloads\repousse 14 1 _\Repo_1405_4_one(1).mp4;C:\Users\esthe\Downloads\repousse 14 1 _\Repo_1405_5_five(1).mp4;C:\Users\esthe\Downloads\repousse 14 1 _\Repo_1405_6_three(1).mp4;C:\Users\esthe\Downloads\repousse 14 1 _\Repo_1405_7_five(1).mp4;C:\Users\esthe\Downloads\repousse 14 1 _\Repo_1405_8_seven(1).mp4,0.0,5.866;7.366;10.934;12.233;9.600;21.097,30.000;30.000;30.000;30.000;30.000;30.000,Repousse,rotation,,Horizontal,START,39.129,C:\Users\esthe\Downloads\repousse 14 1 _\Repo_1405_7_five(1).mp4,82,NA,
repo_1405_1,2025-07-10 15:00:01.859,,66.827,Media file(s),player #1:C:\Users\esthe\Downloads\repousse 14 1 _\Repo_1405_3_five(1).mp4;C:\Users\esthe\Downloads\repousse 14 1 _\Repo_1405_4_one(1).mp4;C:\Users\esthe\Downloads\repousse 14 1 _\Repo_1405_5_five(1).mp4;C:\Users\esthe\Downloads\repousse 14 1 _\Repo_1405_6_three(1).mp4;C:\Users\esthe\Downloads\repousse 14 1 _\Repo_1405_7_five(1).mp4;C:\Users\esthe\Downloads\repousse 14 1 _\Repo_1405_8_seven(1).mp4,0.0,5.866;7.366;10.934;12.233;9.600;21.097,30.000;30.000;30.000;30.000;30.000;30.000,Repousse,licking,,,POINT,39.329,C:\Users\esthe\Downloads\repousse 14 1 _\Repo_1405_7_five(1).mp4,88,NA,
repo_1405_1,2025-07-10 15:00:01.859,,66.827,Media file(s),player #1:C:\Users\esthe\Downloads\repousse 14 1 _\Repo_1405_3_five(1).mp4;C:\Users\esthe\Downloads\repousse 14 1 _\Repo_1405_4_one(1).mp4;C:\Users\esthe\Downloads\repousse 14 1 _\Repo_1405_5_five(1).mp4;C:\Users\esthe\Downloads\repousse 14 1 _\Repo_1405_6_three(1).mp4;C:\Users\esthe\Downloads\repousse 14 1 _\Repo_1405_7_five(1).mp4;C:\Users\esthe\Downloads\repousse 14 1 _\Repo_1405_8_seven(1).mp4,0.0,5.866;7.366;10.934;12.233;9.600;21.097,30.000;30.000;30.000;30.000;30.000;30.000,Repousse,licking,,,POINT,39.563,C:\Users\esthe\Downloads\repousse 14 1 _\Repo_1405_7_five(1).mp4,95,NA,
repo_1405_1,2025-07-10 15:00:01.859,,66.827,Media file(s),player #1:C:\Users\esthe\Downloads\repousse 14 1 _\Repo_1405_3_five(1).mp4;C:\Users\esthe\Downloads\repousse 14 1 _\Repo_1405_4_one(1).mp4;C:\Users\esthe\Downloads\repousse 14 1 _\Repo_1405_5_five(1).mp4;C:\Users\esthe\Downloads\repousse 14 1 _\Repo_1405_6_three(1).mp4;C:\Users\esthe\Downloads\repousse 14 1 _\Repo_1405_7_five(1).mp4;C:\Users\esthe\Downloads\repousse 14 1 _\Repo_1405_8_seven(1).mp4,0.0,5.866;7.366;10.934;12.233;9.600;21.097,30.000;30.000;30.000;30.000;30.000;30.000,Repousse,rotation,,Horizontal,STOP,39.596,C:\Users\esthe\Downloads\repousse 14 1 _\Repo_1405_7_five(1).mp4,96,NA,
repo_1405_1,2025-07-10 15:00:01.859,,66.827,Media file(s),player #1:C:\Users\esthe\Downloads\repousse 14 1 _\Repo_1405_3_five(1).mp4;C:\Users\esthe\Downloads\repousse 14 1 _\Repo_1405_4_one(1).mp4;C:\Users\esthe\Downloads\repousse 14 1 _\Repo_1405_5_five(1).mp4;C:\Users\esthe\Downloads\repousse 14 1 _\Repo_1405_6_three(1).mp4;C:\Users\esthe\Downloads\repousse 14 1 _\Repo_1405_7_five(1).mp4;C:\Users\esthe\Downloads\repousse 14 1 _\Repo_1405_8_seven(1).mp4,0.0,5.866;7.366;10.934;12.233;9.600;21.097,30.000;30.000;30.000;30.000;30.000;30.000,Repousse,sniffing,,,POINT,39.696,C:\Users\esthe\Downloads\repousse 14 1 _\Repo_1405_7_five(1).mp4,99,NA,
repo_1405_1,2025-07-10 15:00:01.859,,66.827,Media file(s),player #1:C:\Users\esthe\Downloads\repousse 14 1 _\Repo_1405_3_five(1).mp4;C:\Users\esthe\Downloads\repousse 14 1 _\Repo_1405_4_one(1).mp4;C:\Users\esthe\Downloads\repousse 14 1 _\Repo_1405_5_five(1).mp4;C:\Users\esthe\Downloads\repousse 14 1 _\Repo_1405_6_three(1).mp4;C:\Users\esthe\Downloads\repousse 14 1 _\Repo_1405_7_five(1).mp4;C:\Users\esthe\Downloads\repousse 14 1 _\Repo_1405_8_seven(1).mp4,0.0,5.866;7.366;10.934;12.233;9.600;21.097,30.000;30.000;30.000;30.000;30.000;30.000,Repousse,rotation,,Vertical,START,39.763,C:\Users\esthe\Downloads\repousse 14 1 _\Repo_1405_7_five(1).mp4,101,NA,
repo_1405_1,2025-07-10 15:00:01.859,,66.827,Media file(s),player #1:C:\Users\esthe\Downloads\repousse 14 1 _\Repo_1405_3_five(1).mp4;C:\Users\esthe\Downloads\repousse 14 1 _\Repo_1405_4_one(1).mp4;C:\Users\esthe\Downloads\repousse 14 1 _\Repo_1405_5_five(1).mp4;C:\Users\esthe\Downloads\repousse 14 1 _\Repo_1405_6_three(1).mp4;C:\Users\esthe\Downloads\repousse 14 1 _\Repo_1405_7_five(1).mp4;C:\Users\esthe\Downloads\repousse 14 1 _\Repo_1405_8_seven(1).mp4,0.0,5.866;7.366;10.934;12.233;9.600;21.097,30.000;30.000;30.000;30.000;30.000;30.000,Repousse,rotation,,Vertical,STOP,39.829,C:\Users\esthe\Downloads\repousse 14 1 _\Repo_1405_7_five(1).mp4,103,NA,
repo_1405_1,2025-07-10 15:00:01.859,,66.827,Media file(s),player #1:C:\Users\esthe\Downloads\repousse 14 1 _\Repo_1405_3_five(1).mp4;C:\Users\esthe\Downloads\repousse 14 1 _\Repo_1405_4_one(1).mp4;C:\Users\esthe\Downloads\repousse 14 1 _\Repo_1405_5_five(1).mp4;C:\Users\esthe\Downloads\repousse 14 1 _\Repo_1405_6_three(1).mp4;C:\Users\esthe\Downloads\repousse 14 1 _\Repo_1405_7_five(1).mp4;C:\Users\esthe\Downloads\repousse 14 1 _\Repo_1405_8_seven(1).mp4,0.0,5.866;7.366;10.934;12.233;9.600;21.097,30.000;30.000;30.000;30.000;30.000;30.000,Repousse,licking,,,POINT,39.862,C:\Users\esthe\Downloads\repousse 14 1 _\Repo_1405_7_five(1).mp4,104,NA,
repo_1405_1,2025-07-10 15:00:01.859,,66.827,Media file(s),player #1:C:\Users\esthe\Downloads\repousse 14 1 _\Repo_1405_3_five(1).mp4;C:\Users\esthe\Downloads\repousse 14 1 _\Repo_1405_4_one(1).mp4;C:\Users\esthe\Downloads\repousse 14 1 _\Repo_1405_5_five(1).mp4;C:\Users\esthe\Downloads\repousse 14 1 _\Repo_1405_6_three(1).mp4;C:\Users\esthe\Downloads\repousse 14 1 _\Repo_1405_7_five(1).mp4;C:\Users\esthe\Downloads\repousse 14 1 _\Repo_1405_8_seven(1).mp4,0.0,5.866;7.366;10.934;12.233;9.600;21.097,30.000;30.000;30.000;30.000;30.000;30.000,Repousse,rotation,,Vertical,START,39.929,C:\Users\esthe\Downloads\repousse 14 1 _\Repo_1405_7_five(1).mp4,105,NA,
repo_1405_1,2025-07-10 15:00:01.859,,66.827,Media file(s),player #1:C:\Users\esthe\Downloads\repousse 14 1 _\Repo_1405_3_five(1).mp4;C:\Users\esthe\Downloads\repousse 14 1 _\Repo_1405_4_one(1).mp4;C:\Users\esthe\Downloads\repousse 14 1 _\Repo_1405_5_five(1).mp4;C:\Users\esthe\Downloads\repousse 14 1 _\Repo_1405_6_three(1).mp4;C:\Users\esthe\Downloads\repousse 14 1 _\Repo_1405_7_five(1).mp4;C:\Users\esthe\Downloads\repousse 14 1 _\Repo_1405_8_seven(1).mp4,0.0,5.866;7.366;10.934;12.233;9.600;21.097,30.000;30.000;30.000;30.000;30.000;30.000,Repousse,rotation,,Vertical,STOP,40.096,C:\Users\esthe\Downloads\repousse 14 1 _\Repo_1405_7_five(1).mp4,110,NA,
repo_1405_1,2025-07-10 15:00:01.859,,66.827,Media file(s),player #1:C:\Users\esthe\Downloads\repousse 14 1 _\Repo_1405_3_five(1).mp4;C:\Users\esthe\Downloads\repousse 14 1 _\Repo_1405_4_one(1).mp4;C:\Users\esthe\Downloads\repousse 14 1 _\Repo_1405_5_five(1).mp4;C:\Users\esthe\Downloads\repousse 14 1 _\Repo_1405_6_three(1).mp4;C:\Users\esthe\Downloads\repousse 14 1 _\Repo_1405_7_five(1).mp4;C:\Users\esthe\Downloads\repousse 14 1 _\Repo_1405_8_seven(1).mp4,0.0,5.866;7.366;10.934;12.233;9.600;21.097,30.000;30.000;30.000;30.000;30.000;30.000,Repousse,licking,,,POINT,40.196,C:\Users\esthe\Downloads\repousse 14 1 _\Repo_1405_7_five(1).mp4,113,NA,
repo_1405_1,2025-07-10 15:00:01.859,,66.827,Media file(s),player #1:C:\Users\esthe\Downloads\repousse 14 1 _\Repo_1405_3_five(1).mp4;C:\Users\esthe\Downloads\repousse 14 1 _\Repo_1405_4_one(1).mp4;C:\Users\esthe\Downloads\repousse 14 1 _\Repo_1405_5_five(1).mp4;C:\Users\esthe\Downloads\repousse 14 1 _\Repo_1405_6_three(1).mp4;C:\Users\esthe\Downloads\repousse 14 1 _\Repo_1405_7_five(1).mp4;C:\Users\esthe\Downloads\repousse 14 1 _\Repo_1405_8_seven(1).mp4,0.0,5.866;7.366;10.934;12.233;9.600;21.097,30.000;30.000;30.000;30.000;30.000;30.000,Repousse,jaw movement,,,POINT,40.263,C:\Users\esthe\Downloads\repousse 14 1 _\Repo_1405_7_five(1).mp4,115,NA,
repo_1405_1,2025-07-10 15:00:01.859,,66.827,Media file(s),player #1:C:\Users\esthe\Downloads\repousse 14 1 _\Repo_1405_3_five(1).mp4;C:\Users\esthe\Downloads\repousse 14 1 _\Repo_1405_4_one(1).mp4;C:\Users\esthe\Downloads\repousse 14 1 _\Repo_1405_5_five(1).mp4;C:\Users\esthe\Downloads\repousse 14 1 _\Repo_1405_6_three(1).mp4;C:\Users\esthe\Downloads\repousse 14 1 _\Repo_1405_7_five(1).mp4;C:\Users\esthe\Downloads\repousse 14 1 _\Repo_1405_8_seven(1).mp4,0.0,5.866;7.366;10.934;12.233;9.600;21.097,30.000;30.000;30.000;30.000;30.000;30.000,Repousse,rotation,,Vertical,START,40.363,C:\Users\esthe\Downloads\repousse 14 1 _\Repo_1405_7_five(1).mp4,118,NA,
repo_1405_1,2025-07-10 15:00:01.859,,66.827,Media file(s),player #1:C:\Users\esthe\Downloads\repousse 14 1 _\Repo_1405_3_five(1).mp4;C:\Users\esthe\Downloads\repousse 14 1 _\Repo_1405_4_one(1).mp4;C:\Users\esthe\Downloads\repousse 14 1 _\Repo_1405_5_five(1).mp4;C:\Users\esthe\Downloads\repousse 14 1 _\Repo_1405_6_three(1).mp4;C:\Users\esthe\Downloads\repousse 14 1 _\Repo_1405_7_five(1).mp4;C:\Users\esthe\Downloads\repousse 14 1 _\Repo_1405_8_seven(1).mp4,0.0,5.866;7.366;10.934;12.233;9.600;21.097,30.000;30.000;30.000;30.000;30.000;30.000,Repousse,rotation,,Vertical,STOP,40.463,C:\Users\esthe\Downloads\repousse 14 1 _\Repo_1405_7_five(1).mp4,121,NA,
repo_1405_1,2025-07-10 15:00:01.859,,66.827,Media file(s),player #1:C:\Users\esthe\Downloads\repousse 14 1 _\Repo_1405_3_five(1).mp4;C:\Users\esthe\Downloads\repousse 14 1 _\Repo_1405_4_one(1).mp4;C:\Users\esthe\Downloads\repousse 14 1 _\Repo_1405_5_five(1).mp4;C:\Users\esthe\Downloads\repousse 14 1 _\Repo_1405_6_three(1).mp4;C:\Users\esthe\Downloads\repousse 14 1 _\Repo_1405_7_five(1).mp4;C:\Users\esthe\Downloads\repousse 14 1 _\Repo_1405_8_seven(1).mp4,0.0,5.866;7.366;10.934;12.233;9.600;21.097,30.000;30.000;30.000;30.000;30.000;30.000,Repousse,jaw movement,,,POINT,40.496,C:\Users\esthe\Downloads\repousse 14 1 _\Repo_1405_7_five(1).mp4,122,NA,
repo_1405_1,2025-07-10 15:00:01.859,,66.827,Media file(s),player #1:C:\Users\esthe\Downloads\repousse 14 1 _\Repo_1405_3_five(1).mp4;C:\Users\esthe\Downloads\repousse 14 1 _\Repo_1405_4_one(1).mp4;C:\Users\esthe\Downloads\repousse 14 1 _\Repo_1405_5_five(1).mp4;C:\Users\esthe\Downloads\repousse 14 1 _\Repo_1405_6_three(1).mp4;C:\Users\esthe\Downloads\repousse 14 1 _\Repo_1405_7_five(1).mp4;C:\Users\esthe\Downloads\repousse 14 1 _\Repo_1405_8_seven(1).mp4,0.0,5.866;7.366;10.934;12.233;9.600;21.097,30.000;30.000;30.000;30.000;30.000;30.000,Repousse,licking,,,POINT,40.563,C:\Users\esthe\Downloads\repousse 14 1 _\Repo_1405_7_five(1).mp4,124,NA,
repo_1405_1,2025-07-10 15:00:01.859,,66.827,Media file(s),player #1:C:\Users\esthe\Downloads\repousse 14 1 _\Repo_1405_3_five(1).mp4;C:\Users\esthe\Downloads\repousse 14 1 _\Repo_1405_4_one(1).mp4;C:\Users\esthe\Downloads\repousse 14 1 _\Repo_1405_5_five(1).mp4;C:\Users\esthe\Downloads\repousse 14 1 _\Repo_1405_6_three(1).mp4;C:\Users\esthe\Downloads\repousse 14 1 _\Repo_1405_7_five(1).mp4;C:\Users\esthe\Downloads\repousse 14 1 _\Repo_1405_8_seven(1).mp4,0.0,5.866;7.366;10.934;12.233;9.600;21.097,30.000;30.000;30.000;30.000;30.000;30.000,Repousse,chewing,,,START,40.629,C:\Users\esthe\Downloads\repousse 14 1 _\Repo_1405_7_five(1).mp4,126,NA,
repo_1405_1,2025-07-10 15:00:01.859,,66.827,Media file(s),player #1:C:\Users\esthe\Downloads\repousse 14 1 _\Repo_1405_3_five(1).mp4;C:\Users\esthe\Downloads\repousse 14 1 _\Repo_1405_4_one(1).mp4;C:\Users\esthe\Downloads\repousse 14 1 _\Repo_1405_5_five(1).mp4;C:\Users\esthe\Downloads\repousse 14 1 _\Repo_1405_6_three(1).mp4;C:\Users\esthe\Downloads\repousse 14 1 _\Repo_1405_7_five(1).mp4;C:\Users\esthe\Downloads\repousse 14 1 _\Repo_1405_8_seven(1).mp4,0.0,5.866;7.366;10.934;12.233;9.600;21.097,30.000;30.000;30.000;30.000;30.000;30.000,Repousse,chewing,,,STOP,42.129,C:\Users\esthe\Downloads\repousse 14 1 _\Repo_1405_7_five(1).mp4,171,NA,
repo_1405_1,2025-07-10 15:00:01.859,,66.827,Media file(s),player #1:C:\Users\esthe\Downloads\repousse 14 1 _\Repo_1405_3_five(1).mp4;C:\Users\esthe\Downloads\repousse 14 1 _\Repo_1405_4_one(1).mp4;C:\Users\esthe\Downloads\repousse 14 1 _\Repo_1405_5_five(1).mp4;C:\Users\esthe\Downloads\repousse 14 1 _\Repo_1405_6_three(1).mp4;C:\Users\esthe\Downloads\repousse 14 1 _\Repo_1405_7_five(1).mp4;C:\Users\esthe\Downloads\repousse 14 1 _\Repo_1405_8_seven(1).mp4,0.0,5.866;7.366;10.934;12.233;9.600;21.097,30.000;30.000;30.000;30.000;30.000;30.000,Repousse,sniffing,,,POINT,42.230,C:\Users\esthe\Downloads\repousse 14 1 _\Repo_1405_7_five(1).mp4,174,NA,
repo_1405_1,2025-07-10 15:00:01.859,,66.827,Media file(s),player #1:C:\Users\esthe\Downloads\repousse 14 1 _\Repo_1405_3_five(1).mp4;C:\Users\esthe\Downloads\repousse 14 1 _\Repo_1405_4_one(1).mp4;C:\Users\esthe\Downloads\repousse 14 1 _\Repo_1405_5_five(1).mp4;C:\Users\esthe\Downloads\repousse 14 1 _\Repo_1405_6_three(1).mp4;C:\Users\esthe\Downloads\repousse 14 1 _\Repo_1405_7_five(1).mp4;C:\Users\esthe\Downloads\repousse 14 1 _\Repo_1405_8_seven(1).mp4,0.0,5.866;7.366;10.934;12.233;9.600;21.097,30.000;30.000;30.000;30.000;30.000;30.000,Repousse,licking,,,POINT,42.363,C:\Users\esthe\Downloads\repousse 14 1 _\Repo_1405_7_five(1).mp4,178,NA,
repo_1405_1,2025-07-10 15:00:01.859,,66.827,Media file(s),player #1:C:\Users\esthe\Downloads\repousse 14 1 _\Repo_1405_3_five(1).mp4;C:\Users\esthe\Downloads\repousse 14 1 _\Repo_1405_4_one(1).mp4;C:\Users\esthe\Downloads\repousse 14 1 _\Repo_1405_5_five(1).mp4;C:\Users\esthe\Downloads\repousse 14 1 _\Repo_1405_6_three(1).mp4;C:\Users\esthe\Downloads\repousse 14 1 _\Repo_1405_7_five(1).mp4;C:\Users\esthe\Downloads\repousse 14 1 _\Repo_1405_8_seven(1).mp4,0.0,5.866;7.366;10.934;12.233;9.600;21.097,30.000;30.000;30.000;30.000;30.000;30.000,Repousse,licking,,,POINT,42.563,C:\Users\esthe\Downloads\repousse 14 1 _\Repo_1405_7_five(1).mp4,184,NA,
repo_1405_1,2025-07-10 15:00:01.859,,66.827,Media file(s),player #1:C:\Users\esthe\Downloads\repousse 14 1 _\Repo_1405_3_five(1).mp4;C:\Users\esthe\Downloads\repousse 14 1 _\Repo_1405_4_one(1).mp4;C:\Users\esthe\Downloads\repousse 14 1 _\Repo_1405_5_five(1).mp4;C:\Users\esthe\Downloads\repousse 14 1 _\Repo_1405_6_three(1).mp4;C:\Users\esthe\Downloads\repousse 14 1 _\Repo_1405_7_five(1).mp4;C:\Users\esthe\Downloads\repousse 14 1 _\Repo_1405_8_seven(1).mp4,0.0,5.866;7.366;10.934;12.233;9.600;21.097,30.000;30.000;30.000;30.000;30.000;30.000,Repousse,translational movement,,,POINT,42.963,C:\Users\esthe\Downloads\repousse 14 1 _\Repo_1405_7_five(1).mp4,196,NA,
repo_1405_1,2025-07-10 15:00:01.859,,66.827,Media file(s),player #1:C:\Users\esthe\Downloads\repousse 14 1 _\Repo_1405_3_five(1).mp4;C:\Users\esthe\Downloads\repousse 14 1 _\Repo_1405_4_one(1).mp4;C:\Users\esthe\Downloads\repousse 14 1 _\Repo_1405_5_five(1).mp4;C:\Users\esthe\Downloads\repousse 14 1 _\Repo_1405_6_three(1).mp4;C:\Users\esthe\Downloads\repousse 14 1 _\Repo_1405_7_five(1).mp4;C:\Users\esthe\Downloads\repousse 14 1 _\Repo_1405_8_seven(1).mp4,0.0,5.866;7.366;10.934;12.233;9.600;21.097,30.000;30.000;30.000;30.000;30.000;30.000,Repousse,jaw movement,,,POINT,43.196,C:\Users\esthe\Downloads\repousse 14 1 _\Repo_1405_7_five(1).mp4,203,NA,
repo_1405_1,2025-07-10 15:00:01.859,,66.827,Media file(s),player #1:C:\Users\esthe\Downloads\repousse 14 1 _\Repo_1405_3_five(1).mp4;C:\Users\esthe\Downloads\repousse 14 1 _\Repo_1405_4_one(1).mp4;C:\Users\esthe\Downloads\repousse 14 1 _\Repo_1405_5_five(1).mp4;C:\Users\esthe\Downloads\repousse 14 1 _\Repo_1405_6_three(1).mp4;C:\Users\esthe\Downloads\repousse 14 1 _\Repo_1405_7_five(1).mp4;C:\Users\esthe\Downloads\repousse 14 1 _\Repo_1405_8_seven(1).mp4,0.0,5.866;7.366;10.934;12.233;9.600;21.097,30.000;30.000;30.000;30.000;30.000;30.000,Repousse,assessing,,,STOP,43.263,C:\Users\esthe\Downloads\repousse 14 1 _\Repo_1405_7_five(1).mp4,205,NA,
repo_1405_1,2025-07-10 15:00:01.859,,66.827,Media file(s),player #1:C:\Users\esthe\Downloads\repousse 14 1 _\Repo_1405_3_five(1).mp4;C:\Users\esthe\Downloads\repousse 14 1 _\Repo_1405_4_one(1).mp4;C:\Users\esthe\Downloads\repousse 14 1 _\Repo_1405_5_five(1).mp4;C:\Users\esthe\Downloads\repousse 14 1 _\Repo_1405_6_three(1).mp4;C:\Users\esthe\Downloads\repousse 14 1 _\Repo_1405_7_five(1).mp4;C:\Users\esthe\Downloads\repousse 14 1 _\Repo_1405_8_seven(1).mp4,0.0,5.866;7.366;10.934;12.233;9.600;21.097,30.000;30.000;30.000;30.000;30.000;30.000,Repousse,peeling,,,START,43.363,C:\Users\esthe\Downloads\repousse 14 1 _\Repo_1405_7_five(1).mp4,208,NA,
repo_1405_1,2025-07-10 15:00:01.859,,66.827,Media file(s),player #1:C:\Users\esthe\Downloads\repousse 14 1 _\Repo_1405_3_five(1).mp4;C:\Users\esthe\Downloads\repousse 14 1 _\Repo_1405_4_one(1).mp4;C:\Users\esthe\Downloads\repousse 14 1 _\Repo_1405_5_five(1).mp4;C:\Users\esthe\Downloads\repousse 14 1 _\Repo_1405_6_three(1).mp4;C:\Users\esthe\Downloads\repousse 14 1 _\Repo_1405_7_five(1).mp4;C:\Users\esthe\Downloads\repousse 14 1 _\Repo_1405_8_seven(1).mp4,0.0,5.866;7.366;10.934;12.233;9.600;21.097,30.000;30.000;30.000;30.000;30.000;30.000,Repousse,jaw movement,,,POINT,43.396,C:\Users\esthe\Downloads\repousse 14 1 _\Repo_1405_7_five(1).mp4,209,NA,
repo_1405_1,2025-07-10 15:00:01.859,,66.827,Media file(s),player #1:C:\Users\esthe\Downloads\repousse 14 1 _\Repo_1405_3_five(1).mp4;C:\Users\esthe\Downloads\repousse 14 1 _\Repo_1405_4_one(1).mp4;C:\Users\esthe\Downloads\repousse 14 1 _\Repo_1405_5_five(1).mp4;C:\Users\esthe\Downloads\repousse 14 1 _\Repo_1405_6_three(1).mp4;C:\Users\esthe\Downloads\repousse 14 1 _\Repo_1405_7_five(1).mp4;C:\Users\esthe\Downloads\repousse 14 1 _\Repo_1405_8_seven(1).mp4,0.0,5.866;7.366;10.934;12.233;9.600;21.097,30.000;30.000;30.000;30.000;30.000;30.000,Repousse,jaw movement,,,POINT,43.596,C:\Users\esthe\Downloads\repousse 14 1 _\Repo_1405_7_five(1).mp4,215,NA,
repo_1405_1,2025-07-10 15:00:01.859,,66.827,Media file(s),player #1:C:\Users\esthe\Downloads\repousse 14 1 _\Repo_1405_3_five(1).mp4;C:\Users\esthe\Downloads\repousse 14 1 _\Repo_1405_4_one(1).mp4;C:\Users\esthe\Downloads\repousse 14 1 _\Repo_1405_5_five(1).mp4;C:\Users\esthe\Downloads\repousse 14 1 _\Repo_1405_6_three(1).mp4;C:\Users\esthe\Downloads\repousse 14 1 _\Repo_1405_7_five(1).mp4;C:\Users\esthe\Downloads\repousse 14 1 _\Repo_1405_8_seven(1).mp4,0.0,5.866;7.366;10.934;12.233;9.600;21.097,30.000;30.000;30.000;30.000;30.000;30.000,Repousse,jaw movement,,,POINT,43.996,C:\Users\esthe\Downloads\repousse 14 1 _\Repo_1405_7_five(1).mp4,227,NA,
repo_1405_1,2025-07-10 15:00:01.859,,66.827,Media file(s),player #1:C:\Users\esthe\Downloads\repousse 14 1 _\Repo_1405_3_five(1).mp4;C:\Users\esthe\Downloads\repousse 14 1 _\Repo_1405_4_one(1).mp4;C:\Users\esthe\Downloads\repousse 14 1 _\Repo_1405_5_five(1).mp4;C:\Users\esthe\Downloads\repousse 14 1 _\Repo_1405_6_three(1).mp4;C:\Users\esthe\Downloads\repousse 14 1 _\Repo_1405_7_five(1).mp4;C:\Users\esthe\Downloads\repousse 14 1 _\Repo_1405_8_seven(1).mp4,0.0,5.866;7.366;10.934;12.233;9.600;21.097,30.000;30.000;30.000;30.000;30.000;30.000,Repousse,jaw movement,,,POINT,44.330,C:\Users\esthe\Downloads\repousse 14 1 _\Repo_1405_7_five(1).mp4,237,NA,
repo_1405_1,2025-07-10 15:00:01.859,,66.827,Media file(s),player #1:C:\Users\esthe\Downloads\repousse 14 1 _\Repo_1405_3_five(1).mp4;C:\Users\esthe\Downloads\repousse 14 1 _\Repo_1405_4_one(1).mp4;C:\Users\esthe\Downloads\repousse 14 1 _\Repo_1405_5_five(1).mp4;C:\Users\esthe\Downloads\repousse 14 1 _\Repo_1405_6_three(1).mp4;C:\Users\esthe\Downloads\repousse 14 1 _\Repo_1405_7_five(1).mp4;C:\Users\esthe\Downloads\repousse 14 1 _\Repo_1405_8_seven(1).mp4,0.0,5.866;7.366;10.934;12.233;9.600;21.097,30.000;30.000;30.000;30.000;30.000;30.000,Repousse,jaw movement,,,POINT,44.530,C:\Users\esthe\Downloads\repousse 14 1 _\Repo_1405_7_five(1).mp4,243,NA,
repo_1405_1,2025-07-10 15:00:01.859,,66.827,Media file(s),player #1:C:\Users\esthe\Downloads\repousse 14 1 _\Repo_1405_3_five(1).mp4;C:\Users\esthe\Downloads\repousse 14 1 _\Repo_1405_4_one(1).mp4;C:\Users\esthe\Downloads\repousse 14 1 _\Repo_1405_5_five(1).mp4;C:\Users\esthe\Downloads\repousse 14 1 _\Repo_1405_6_three(1).mp4;C:\Users\esthe\Downloads\repousse 14 1 _\Repo_1405_7_five(1).mp4;C:\Users\esthe\Downloads\repousse 14 1 _\Repo_1405_8_seven(1).mp4,0.0,5.866;7.366;10.934;12.233;9.600;21.097,30.000;30.000;30.000;30.000;30.000;30.000,Repousse,jaw movement,,,POINT,44.796,C:\Users\esthe\Downloads\repousse 14 1 _\Repo_1405_7_five(1).mp4,251,NA,
repo_1405_1,2025-07-10 15:00:01.859,,66.827,Media file(s),player #1:C:\Users\esthe\Downloads\repousse 14 1 _\Repo_1405_3_five(1).mp4;C:\Users\esthe\Downloads\repousse 14 1 _\Repo_1405_4_one(1).mp4;C:\Users\esthe\Downloads\repousse 14 1 _\Repo_1405_5_five(1).mp4;C:\Users\esthe\Downloads\repousse 14 1 _\Repo_1405_6_three(1).mp4;C:\Users\esthe\Downloads\repousse 14 1 _\Repo_1405_7_five(1).mp4;C:\Users\esthe\Downloads\repousse 14 1 _\Repo_1405_8_seven(1).mp4,0.0,5.866;7.366;10.934;12.233;9.600;21.097,30.000;30.000;30.000;30.000;30.000;30.000,Repousse,jaw movement,,,POINT,45.163,C:\Users\esthe\Downloads\repousse 14 1 _\Repo_1405_7_five(1).mp4,262,NA,
repo_1405_1,2025-07-10 15:00:01.859,,66.827,Media file(s),player #1:C:\Users\esthe\Downloads\repousse 14 1 _\Repo_1405_3_five(1).mp4;C:\Users\esthe\Downloads\repousse 14 1 _\Repo_1405_4_one(1).mp4;C:\Users\esthe\Downloads\repousse 14 1 _\Repo_1405_5_five(1).mp4;C:\Users\esthe\Downloads\repousse 14 1 _\Repo_1405_6_three(1).mp4;C:\Users\esthe\Downloads\repousse 14 1 _\Repo_1405_7_five(1).mp4;C:\Users\esthe\Downloads\repousse 14 1 _\Repo_1405_8_seven(1).mp4,0.0,5.866;7.366;10.934;12.233;9.600;21.097,30.000;30.000;30.000;30.000;30.000;30.000,Repousse,jaw movement,,,POINT,45.330,C:\Users\esthe\Downloads\repousse 14 1 _\Repo_1405_7_five(1).mp4,267,NA,
repo_1405_1,2025-07-10 15:00:01.859,,66.827,Media file(s),player #1:C:\Users\esthe\Downloads\repousse 14 1 _\Repo_1405_3_five(1).mp4;C:\Users\esthe\Downloads\repousse 14 1 _\Repo_1405_4_one(1).mp4;C:\Users\esthe\Downloads\repousse 14 1 _\Repo_1405_5_five(1).mp4;C:\Users\esthe\Downloads\repousse 14 1 _\Repo_1405_6_three(1).mp4;C:\Users\esthe\Downloads\repousse 14 1 _\Repo_1405_7_five(1).mp4;C:\Users\esthe\Downloads\repousse 14 1 _\Repo_1405_8_seven(1).mp4,0.0,5.866;7.366;10.934;12.233;9.600;21.097,30.000;30.000;30.000;30.000;30.000;30.000,Repousse,peeling,,,STOP,45.463,C:\Users\esthe\Downloads\repousse 14 1 _\Repo_1405_7_five(1).mp4,271,NA,
repo_1405_1,2025-07-10 15:00:01.859,,66.827,Media file(s),player #1:C:\Users\esthe\Downloads\repousse 14 1 _\Repo_1405_3_five(1).mp4;C:\Users\esthe\Downloads\repousse 14 1 _\Repo_1405_4_one(1).mp4;C:\Users\esthe\Downloads\repousse 14 1 _\Repo_1405_5_five(1).mp4;C:\Users\esthe\Downloads\repousse 14 1 _\Repo_1405_6_three(1).mp4;C:\Users\esthe\Downloads\repousse 14 1 _\Repo_1405_7_five(1).mp4;C:\Users\esthe\Downloads\repousse 14 1 _\Repo_1405_8_seven(1).mp4,0.0,5.866;7.366;10.934;12.233;9.600;21.097,30.000;30.000;30.000;30.000;30.000;30.000,Repousse,eating,,,START,45.496,C:\Users\esthe\Downloads\repousse 14 1 _\Repo_1405_7_five(1).mp4,272,NA,
repo_1405_1,2025-07-10 15:00:01.859,,66.827,Media file(s),player #1:C:\Users\esthe\Downloads\repousse 14 1 _\Repo_1405_3_five(1).mp4;C:\Users\esthe\Downloads\repousse 14 1 _\Repo_1405_4_one(1).mp4;C:\Users\esthe\Downloads\repousse 14 1 _\Repo_1405_5_five(1).mp4;C:\Users\esthe\Downloads\repousse 14 1 _\Repo_1405_6_three(1).mp4;C:\Users\esthe\Downloads\repousse 14 1 _\Repo_1405_7_five(1).mp4;C:\Users\esthe\Downloads\repousse 14 1 _\Repo_1405_8_seven(1).mp4,0.0,5.866;7.366;10.934;12.233;9.600;21.097,30.000;30.000;30.000;30.000;30.000;30.000,Repousse,eating,,,STOP,45.930,C:\Users\esthe\Downloads\repousse 14 1 _\Repo_1405_7_five(1).mp4,285,NA,
repo_1405_1,2025-07-10 15:00:01.859,,66.827,Media file(s),player #1:C:\Users\esthe\Downloads\repousse 14 1 _\Repo_1405_3_five(1).mp4;C:\Users\esthe\Downloads\repousse 14 1 _\Repo_1405_4_one(1).mp4;C:\Users\esthe\Downloads\repousse 14 1 _\Repo_1405_5_five(1).mp4;C:\Users\esthe\Downloads\repousse 14 1 _\Repo_1405_6_three(1).mp4;C:\Users\esthe\Downloads\repousse 14 1 _\Repo_1405_7_five(1).mp4;C:\Users\esthe\Downloads\repousse 14 1 _\Repo_1405_8_seven(1).mp4,0.0,5.866;7.366;10.934;12.233;9.600;21.097,30.000;30.000;30.000;30.000;30.000;30.000,Repousse,bending,,,START,45.996,C:\Users\esthe\Downloads\repousse 14 1 _\Repo_1405_7_five(1).mp4,0,NA,
repo_1405_1,2025-07-10 15:00:01.859,,66.827,Media file(s),player #1:C:\Users\esthe\Downloads\repousse 14 1 _\Repo_1405_3_five(1).mp4;C:\Users\esthe\Downloads\repousse 14 1 _\Repo_1405_4_one(1).mp4;C:\Users\esthe\Downloads\repousse 14 1 _\Repo_1405_5_five(1).mp4;C:\Users\esthe\Downloads\repousse 14 1 _\Repo_1405_6_three(1).mp4;C:\Users\esthe\Downloads\repousse 14 1 _\Repo_1405_7_five(1).mp4;C:\Users\esthe\Downloads\repousse 14 1 _\Repo_1405_8_seven(1).mp4,0.0,5.866;7.366;10.934;12.233;9.600;21.097,30.000;30.000;30.000;30.000;30.000;30.000,Repousse,bending,,,STOP,46.596,C:\Users\esthe\Downloads\repousse 14 1 _\Repo_1405_8_seven(1).mp4,18,NA,
repo_1405_1,2025-07-10 15:00:01.859,,66.827,Media file(s),player #1:C:\Users\esthe\Downloads\repousse 14 1 _\Repo_1405_3_five(1).mp4;C:\Users\esthe\Downloads\repousse 14 1 _\Repo_1405_4_one(1).mp4;C:\Users\esthe\Downloads\repousse 14 1 _\Repo_1405_5_five(1).mp4;C:\Users\esthe\Downloads\repousse 14 1 _\Repo_1405_6_three(1).mp4;C:\Users\esthe\Downloads\repousse 14 1 _\Repo_1405_7_five(1).mp4;C:\Users\esthe\Downloads\repousse 14 1 _\Repo_1405_8_seven(1).mp4,0.0,5.866;7.366;10.934;12.233;9.600;21.097,30.000;30.000;30.000;30.000;30.000;30.000,Repousse,grabbing peanut,,,POINT,46.596,C:\Users\esthe\Downloads\repousse 14 1 _\Repo_1405_8_seven(1).mp4,18,NA,
repo_1405_1,2025-07-10 15:00:01.859,,66.827,Media file(s),player #1:C:\Users\esthe\Downloads\repousse 14 1 _\Repo_1405_3_five(1).mp4;C:\Users\esthe\Downloads\repousse 14 1 _\Repo_1405_4_one(1).mp4;C:\Users\esthe\Downloads\repousse 14 1 _\Repo_1405_5_five(1).mp4;C:\Users\esthe\Downloads\repousse 14 1 _\Repo_1405_6_three(1).mp4;C:\Users\esthe\Downloads\repousse 14 1 _\Repo_1405_7_five(1).mp4;C:\Users\esthe\Downloads\repousse 14 1 _\Repo_1405_8_seven(1).mp4,0.0,5.866;7.366;10.934;12.233;9.600;21.097,30.000;30.000;30.000;30.000;30.000;30.000,Repousse,lifting,,,START,46.629,C:\Users\esthe\Downloads\repousse 14 1 _\Repo_1405_8_seven(1).mp4,19,NA,
repo_1405_1,2025-07-10 15:00:01.859,,66.827,Media file(s),player #1:C:\Users\esthe\Downloads\repousse 14 1 _\Repo_1405_3_five(1).mp4;C:\Users\esthe\Downloads\repousse 14 1 _\Repo_1405_4_one(1).mp4;C:\Users\esthe\Downloads\repousse 14 1 _\Repo_1405_5_five(1).mp4;C:\Users\esthe\Downloads\repousse 14 1 _\Repo_1405_6_three(1).mp4;C:\Users\esthe\Downloads\repousse 14 1 _\Repo_1405_7_five(1).mp4;C:\Users\esthe\Downloads\repousse 14 1 _\Repo_1405_8_seven(1).mp4,0.0,5.866;7.366;10.934;12.233;9.600;21.097,30.000;30.000;30.000;30.000;30.000;30.000,Repousse,lifting,,,STOP,46.896,C:\Users\esthe\Downloads\repousse 14 1 _\Repo_1405_8_seven(1).mp4,27,NA,
repo_1405_1,2025-07-10 15:00:01.859,,66.827,Media file(s),player #1:C:\Users\esthe\Downloads\repousse 14 1 _\Repo_1405_3_five(1).mp4;C:\Users\esthe\Downloads\repousse 14 1 _\Repo_1405_4_one(1).mp4;C:\Users\esthe\Downloads\repousse 14 1 _\Repo_1405_5_five(1).mp4;C:\Users\esthe\Downloads\repousse 14 1 _\Repo_1405_6_three(1).mp4;C:\Users\esthe\Downloads\repousse 14 1 _\Repo_1405_7_five(1).mp4;C:\Users\esthe\Downloads\repousse 14 1 _\Repo_1405_8_seven(1).mp4,0.0,5.866;7.366;10.934;12.233;9.600;21.097,30.000;30.000;30.000;30.000;30.000;30.000,Repousse,assessing,,,START,47.029,C:\Users\esthe\Downloads\repousse 14 1 _\Repo_1405_8_seven(1).mp4,31,NA,
repo_1405_1,2025-07-10 15:00:01.859,,66.827,Media file(s),player #1:C:\Users\esthe\Downloads\repousse 14 1 _\Repo_1405_3_five(1).mp4;C:\Users\esthe\Downloads\repousse 14 1 _\Repo_1405_4_one(1).mp4;C:\Users\esthe\Downloads\repousse 14 1 _\Repo_1405_5_five(1).mp4;C:\Users\esthe\Downloads\repousse 14 1 _\Repo_1405_6_three(1).mp4;C:\Users\esthe\Downloads\repousse 14 1 _\Repo_1405_7_five(1).mp4;C:\Users\esthe\Downloads\repousse 14 1 _\Repo_1405_8_seven(1).mp4,0.0,5.866;7.366;10.934;12.233;9.600;21.097,30.000;30.000;30.000;30.000;30.000;30.000,Repousse,jaw movement,,,POINT,47.129,C:\Users\esthe\Downloads\repousse 14 1 _\Repo_1405_8_seven(1).mp4,34,NA,
repo_1405_1,2025-07-10 15:00:01.859,,66.827,Media file(s),player #1:C:\Users\esthe\Downloads\repousse 14 1 _\Repo_1405_3_five(1).mp4;C:\Users\esthe\Downloads\repousse 14 1 _\Repo_1405_4_one(1).mp4;C:\Users\esthe\Downloads\repousse 14 1 _\Repo_1405_5_five(1).mp4;C:\Users\esthe\Downloads\repousse 14 1 _\Repo_1405_6_three(1).mp4;C:\Users\esthe\Downloads\repousse 14 1 _\Repo_1405_7_five(1).mp4;C:\Users\esthe\Downloads\repousse 14 1 _\Repo_1405_8_seven(1).mp4,0.0,5.866;7.366;10.934;12.233;9.600;21.097,30.000;30.000;30.000;30.000;30.000;30.000,Repousse,sniffing,,,POINT,47.196,C:\Users\esthe\Downloads\repousse 14 1 _\Repo_1405_8_seven(1).mp4,36,NA,
repo_1405_1,2025-07-10 15:00:01.859,,66.827,Media file(s),player #1:C:\Users\esthe\Downloads\repousse 14 1 _\Repo_1405_3_five(1).mp4;C:\Users\esthe\Downloads\repousse 14 1 _\Repo_1405_4_one(1).mp4;C:\Users\esthe\Downloads\repousse 14 1 _\Repo_1405_5_five(1).mp4;C:\Users\esthe\Downloads\repousse 14 1 _\Repo_1405_6_three(1).mp4;C:\Users\esthe\Downloads\repousse 14 1 _\Repo_1405_7_five(1).mp4;C:\Users\esthe\Downloads\repousse 14 1 _\Repo_1405_8_seven(1).mp4,0.0,5.866;7.366;10.934;12.233;9.600;21.097,30.000;30.000;30.000;30.000;30.000;30.000,Repousse,rotation,,Horizontal,START,47.229,C:\Users\esthe\Downloads\repousse 14 1 _\Repo_1405_8_seven(1).mp4,37,NA,
repo_1405_1,2025-07-10 15:00:01.859,,66.827,Media file(s),player #1:C:\Users\esthe\Downloads\repousse 14 1 _\Repo_1405_3_five(1).mp4;C:\Users\esthe\Downloads\repousse 14 1 _\Repo_1405_4_one(1).mp4;C:\Users\esthe\Downloads\repousse 14 1 _\Repo_1405_5_five(1).mp4;C:\Users\esthe\Downloads\repousse 14 1 _\Repo_1405_6_three(1).mp4;C:\Users\esthe\Downloads\repousse 14 1 _\Repo_1405_7_five(1).mp4;C:\Users\esthe\Downloads\repousse 14 1 _\Repo_1405_8_seven(1).mp4,0.0,5.866;7.366;10.934;12.233;9.600;21.097,30.000;30.000;30.000;30.000;30.000;30.000,Repousse,licking,,,POINT,47.296,C:\Users\esthe\Downloads\repousse 14 1 _\Repo_1405_8_seven(1).mp4,39,NA,
repo_1405_1,2025-07-10 15:00:01.859,,66.827,Media file(s),player #1:C:\Users\esthe\Downloads\repousse 14 1 _\Repo_1405_3_five(1).mp4;C:\Users\esthe\Downloads\repousse 14 1 _\Repo_1405_4_one(1).mp4;C:\Users\esthe\Downloads\repousse 14 1 _\Repo_1405_5_five(1).mp4;C:\Users\esthe\Downloads\repousse 14 1 _\Repo_1405_6_three(1).mp4;C:\Users\esthe\Downloads\repousse 14 1 _\Repo_1405_7_five(1).mp4;C:\Users\esthe\Downloads\repousse 14 1 _\Repo_1405_8_seven(1).mp4,0.0,5.866;7.366;10.934;12.233;9.600;21.097,30.000;30.000;30.000;30.000;30.000;30.000,Repousse,rotation,,Horizontal,STOP,47.463,C:\Users\esthe\Downloads\repousse 14 1 _\Repo_1405_8_seven(1).mp4,44,NA,
repo_1405_1,2025-07-10 15:00:01.859,,66.827,Media file(s),player #1:C:\Users\esthe\Downloads\repousse 14 1 _\Repo_1405_3_five(1).mp4;C:\Users\esthe\Downloads\repousse 14 1 _\Repo_1405_4_one(1).mp4;C:\Users\esthe\Downloads\repousse 14 1 _\Repo_1405_5_five(1).mp4;C:\Users\esthe\Downloads\repousse 14 1 _\Repo_1405_6_three(1).mp4;C:\Users\esthe\Downloads\repousse 14 1 _\Repo_1405_7_five(1).mp4;C:\Users\esthe\Downloads\repousse 14 1 _\Repo_1405_8_seven(1).mp4,0.0,5.866;7.366;10.934;12.233;9.600;21.097,30.000;30.000;30.000;30.000;30.000;30.000,Repousse,rotation,,Vertical,START,47.496,C:\Users\esthe\Downloads\repousse 14 1 _\Repo_1405_8_seven(1).mp4,45,NA,
repo_1405_1,2025-07-10 15:00:01.859,,66.827,Media file(s),player #1:C:\Users\esthe\Downloads\repousse 14 1 _\Repo_1405_3_five(1).mp4;C:\Users\esthe\Downloads\repousse 14 1 _\Repo_1405_4_one(1).mp4;C:\Users\esthe\Downloads\repousse 14 1 _\Repo_1405_5_five(1).mp4;C:\Users\esthe\Downloads\repousse 14 1 _\Repo_1405_6_three(1).mp4;C:\Users\esthe\Downloads\repousse 14 1 _\Repo_1405_7_five(1).mp4;C:\Users\esthe\Downloads\repousse 14 1 _\Repo_1405_8_seven(1).mp4,0.0,5.866;7.366;10.934;12.233;9.600;21.097,30.000;30.000;30.000;30.000;30.000;30.000,Repousse,licking,,,POINT,47.563,C:\Users\esthe\Downloads\repousse 14 1 _\Repo_1405_8_seven(1).mp4,47,NA,
repo_1405_1,2025-07-10 15:00:01.859,,66.827,Media file(s),player #1:C:\Users\esthe\Downloads\repousse 14 1 _\Repo_1405_3_five(1).mp4;C:\Users\esthe\Downloads\repousse 14 1 _\Repo_1405_4_one(1).mp4;C:\Users\esthe\Downloads\repousse 14 1 _\Repo_1405_5_five(1).mp4;C:\Users\esthe\Downloads\repousse 14 1 _\Repo_1405_6_three(1).mp4;C:\Users\esthe\Downloads\repousse 14 1 _\Repo_1405_7_five(1).mp4;C:\Users\esthe\Downloads\repousse 14 1 _\Repo_1405_8_seven(1).mp4,0.0,5.866;7.366;10.934;12.233;9.600;21.097,30.000;30.000;30.000;30.000;30.000;30.000,Repousse,rotation,,Vertical,STOP,47.696,C:\Users\esthe\Downloads\repousse 14 1 _\Repo_1405_8_seven(1).mp4,51,NA,
repo_1405_1,2025-07-10 15:00:01.859,,66.827,Media file(s),player #1:C:\Users\esthe\Downloads\repousse 14 1 _\Repo_1405_3_five(1).mp4;C:\Users\esthe\Downloads\repousse 14 1 _\Repo_1405_4_one(1).mp4;C:\Users\esthe\Downloads\repousse 14 1 _\Repo_1405_5_five(1).mp4;C:\Users\esthe\Downloads\repousse 14 1 _\Repo_1405_6_three(1).mp4;C:\Users\esthe\Downloads\repousse 14 1 _\Repo_1405_7_five(1).mp4;C:\Users\esthe\Downloads\repousse 14 1 _\Repo_1405_8_seven(1).mp4,0.0,5.866;7.366;10.934;12.233;9.600;21.097,30.000;30.000;30.000;30.000;30.000;30.000,Repousse,licking,,,POINT,47.796,C:\Users\esthe\Downloads\repousse 14 1 _\Repo_1405_8_seven(1).mp4,54,NA,
repo_1405_1,2025-07-10 15:00:01.859,,66.827,Media file(s),player #1:C:\Users\esthe\Downloads\repousse 14 1 _\Repo_1405_3_five(1).mp4;C:\Users\esthe\Downloads\repousse 14 1 _\Repo_1405_4_one(1).mp4;C:\Users\esthe\Downloads\repousse 14 1 _\Repo_1405_5_five(1).mp4;C:\Users\esthe\Downloads\repousse 14 1 _\Repo_1405_6_three(1).mp4;C:\Users\esthe\Downloads\repousse 14 1 _\Repo_1405_7_five(1).mp4;C:\Users\esthe\Downloads\repousse 14 1 _\Repo_1405_8_seven(1).mp4,0.0,5.866;7.366;10.934;12.233;9.600;21.097,30.000;30.000;30.000;30.000;30.000;30.000,Repousse,rotation,,Vertical,START,47.863,C:\Users\esthe\Downloads\repousse 14 1 _\Repo_1405_8_seven(1).mp4,56,NA,
repo_1405_1,2025-07-10 15:00:01.859,,66.827,Media file(s),player #1:C:\Users\esthe\Downloads\repousse 14 1 _\Repo_1405_3_five(1).mp4;C:\Users\esthe\Downloads\repousse 14 1 _\Repo_1405_4_one(1).mp4;C:\Users\esthe\Downloads\repousse 14 1 _\Repo_1405_5_five(1).mp4;C:\Users\esthe\Downloads\repousse 14 1 _\Repo_1405_6_three(1).mp4;C:\Users\esthe\Downloads\repousse 14 1 _\Repo_1405_7_five(1).mp4;C:\Users\esthe\Downloads\repousse 14 1 _\Repo_1405_8_seven(1).mp4,0.0,5.866;7.366;10.934;12.233;9.600;21.097,30.000;30.000;30.000;30.000;30.000;30.000,Repousse,rotation,,Vertical,STOP,47.996,C:\Users\esthe\Downloads\repousse 14 1 _\Repo_1405_8_seven(1).mp4,60,NA,
repo_1405_1,2025-07-10 15:00:01.859,,66.827,Media file(s),player #1:C:\Users\esthe\Downloads\repousse 14 1 _\Repo_1405_3_five(1).mp4;C:\Users\esthe\Downloads\repousse 14 1 _\Repo_1405_4_one(1).mp4;C:\Users\esthe\Downloads\repousse 14 1 _\Repo_1405_5_five(1).mp4;C:\Users\esthe\Downloads\repousse 14 1 _\Repo_1405_6_three(1).mp4;C:\Users\esthe\Downloads\repousse 14 1 _\Repo_1405_7_five(1).mp4;C:\Users\esthe\Downloads\repousse 14 1 _\Repo_1405_8_seven(1).mp4,0.0,5.866;7.366;10.934;12.233;9.600;21.097,30.000;30.000;30.000;30.000;30.000;30.000,Repousse,licking,,,POINT,48.063,C:\Users\esthe\Downloads\repousse 14 1 _\Repo_1405_8_seven(1).mp4,62,NA,
repo_1405_1,2025-07-10 15:00:01.859,,66.827,Media file(s),player #1:C:\Users\esthe\Downloads\repousse 14 1 _\Repo_1405_3_five(1).mp4;C:\Users\esthe\Downloads\repousse 14 1 _\Repo_1405_4_one(1).mp4;C:\Users\esthe\Downloads\repousse 14 1 _\Repo_1405_5_five(1).mp4;C:\Users\esthe\Downloads\repousse 14 1 _\Repo_1405_6_three(1).mp4;C:\Users\esthe\Downloads\repousse 14 1 _\Repo_1405_7_five(1).mp4;C:\Users\esthe\Downloads\repousse 14 1 _\Repo_1405_8_seven(1).mp4,0.0,5.866;7.366;10.934;12.233;9.600;21.097,30.000;30.000;30.000;30.000;30.000;30.000,Repousse,rotation,,Vertical,START,48.163,C:\Users\esthe\Downloads\repousse 14 1 _\Repo_1405_8_seven(1).mp4,65,NA,
repo_1405_1,2025-07-10 15:00:01.859,,66.827,Media file(s),player #1:C:\Users\esthe\Downloads\repousse 14 1 _\Repo_1405_3_five(1).mp4;C:\Users\esthe\Downloads\repousse 14 1 _\Repo_1405_4_one(1).mp4;C:\Users\esthe\Downloads\repousse 14 1 _\Repo_1405_5_five(1).mp4;C:\Users\esthe\Downloads\repousse 14 1 _\Repo_1405_6_three(1).mp4;C:\Users\esthe\Downloads\repousse 14 1 _\Repo_1405_7_five(1).mp4;C:\Users\esthe\Downloads\repousse 14 1 _\Repo_1405_8_seven(1).mp4,0.0,5.866;7.366;10.934;12.233;9.600;21.097,30.000;30.000;30.000;30.000;30.000;30.000,Repousse,rotation,,Vertical,STOP,48.263,C:\Users\esthe\Downloads\repousse 14 1 _\Repo_1405_8_seven(1).mp4,68,NA,
repo_1405_1,2025-07-10 15:00:01.859,,66.827,Media file(s),player #1:C:\Users\esthe\Downloads\repousse 14 1 _\Repo_1405_3_five(1).mp4;C:\Users\esthe\Downloads\repousse 14 1 _\Repo_1405_4_one(1).mp4;C:\Users\esthe\Downloads\repousse 14 1 _\Repo_1405_5_five(1).mp4;C:\Users\esthe\Downloads\repousse 14 1 _\Repo_1405_6_three(1).mp4;C:\Users\esthe\Downloads\repousse 14 1 _\Repo_1405_7_five(1).mp4;C:\Users\esthe\Downloads\repousse 14 1 _\Repo_1405_8_seven(1).mp4,0.0,5.866;7.366;10.934;12.233;9.600;21.097,30.000;30.000;30.000;30.000;30.000;30.000,Repousse,jaw movement,,,POINT,48.296,C:\Users\esthe\Downloads\repousse 14 1 _\Repo_1405_8_seven(1).mp4,69,NA,
repo_1405_1,2025-07-10 15:00:01.859,,66.827,Media file(s),player #1:C:\Users\esthe\Downloads\repousse 14 1 _\Repo_1405_3_five(1).mp4;C:\Users\esthe\Downloads\repousse 14 1 _\Repo_1405_4_one(1).mp4;C:\Users\esthe\Downloads\repousse 14 1 _\Repo_1405_5_five(1).mp4;C:\Users\esthe\Downloads\repousse 14 1 _\Repo_1405_6_three(1).mp4;C:\Users\esthe\Downloads\repousse 14 1 _\Repo_1405_7_five(1).mp4;C:\Users\esthe\Downloads\repousse 14 1 _\Repo_1405_8_seven(1).mp4,0.0,5.866;7.366;10.934;12.233;9.600;21.097,30.000;30.000;30.000;30.000;30.000;30.000,Repousse,rotation,,Vertical,START,48.363,C:\Users\esthe\Downloads\repousse 14 1 _\Repo_1405_8_seven(1).mp4,71,NA,
repo_1405_1,2025-07-10 15:00:01.859,,66.827,Media file(s),player #1:C:\Users\esthe\Downloads\repousse 14 1 _\Repo_1405_3_five(1).mp4;C:\Users\esthe\Downloads\repousse 14 1 _\Repo_1405_4_one(1).mp4;C:\Users\esthe\Downloads\repousse 14 1 _\Repo_1405_5_five(1).mp4;C:\Users\esthe\Downloads\repousse 14 1 _\Repo_1405_6_three(1).mp4;C:\Users\esthe\Downloads\repousse 14 1 _\Repo_1405_7_five(1).mp4;C:\Users\esthe\Downloads\repousse 14 1 _\Repo_1405_8_seven(1).mp4,0.0,5.866;7.366;10.934;12.233;9.600;21.097,30.000;30.000;30.000;30.000;30.000;30.000,Repousse,rotation,,Vertical,STOP,48.463,C:\Users\esthe\Downloads\repousse 14 1 _\Repo_1405_8_seven(1).mp4,74,NA,
repo_1405_1,2025-07-10 15:00:01.859,,66.827,Media file(s),player #1:C:\Users\esthe\Downloads\repousse 14 1 _\Repo_1405_3_five(1).mp4;C:\Users\esthe\Downloads\repousse 14 1 _\Repo_1405_4_one(1).mp4;C:\Users\esthe\Downloads\repousse 14 1 _\Repo_1405_5_five(1).mp4;C:\Users\esthe\Downloads\repousse 14 1 _\Repo_1405_6_three(1).mp4;C:\Users\esthe\Downloads\repousse 14 1 _\Repo_1405_7_five(1).mp4;C:\Users\esthe\Downloads\repousse 14 1 _\Repo_1405_8_seven(1).mp4,0.0,5.866;7.366;10.934;12.233;9.600;21.097,30.000;30.000;30.000;30.000;30.000;30.000,Repousse,mouth,,,POINT,48.529,C:\Users\esthe\Downloads\repousse 14 1 _\Repo_1405_8_seven(1).mp4,76,NA,
repo_1405_1,2025-07-10 15:00:01.859,,66.827,Media file(s),player #1:C:\Users\esthe\Downloads\repousse 14 1 _\Repo_1405_3_five(1).mp4;C:\Users\esthe\Downloads\repousse 14 1 _\Repo_1405_4_one(1).mp4;C:\Users\esthe\Downloads\repousse 14 1 _\Repo_1405_5_five(1).mp4;C:\Users\esthe\Downloads\repousse 14 1 _\Repo_1405_6_three(1).mp4;C:\Users\esthe\Downloads\repousse 14 1 _\Repo_1405_7_five(1).mp4;C:\Users\esthe\Downloads\repousse 14 1 _\Repo_1405_8_seven(1).mp4,0.0,5.866;7.366;10.934;12.233;9.600;21.097,30.000;30.000;30.000;30.000;30.000;30.000,Repousse,assessing,,,STOP,48.562,C:\Users\esthe\Downloads\repousse 14 1 _\Repo_1405_8_seven(1).mp4,77,NA,
repo_1405_1,2025-07-10 15:00:01.859,,66.827,Media file(s),player #1:C:\Users\esthe\Downloads\repousse 14 1 _\Repo_1405_3_five(1).mp4;C:\Users\esthe\Downloads\repousse 14 1 _\Repo_1405_4_one(1).mp4;C:\Users\esthe\Downloads\repousse 14 1 _\Repo_1405_5_five(1).mp4;C:\Users\esthe\Downloads\repousse 14 1 _\Repo_1405_6_three(1).mp4;C:\Users\esthe\Downloads\repousse 14 1 _\Repo_1405_7_five(1).mp4;C:\Users\esthe\Downloads\repousse 14 1 _\Repo_1405_8_seven(1).mp4,0.0,5.866;7.366;10.934;12.233;9.600;21.097,30.000;30.000;30.000;30.000;30.000;30.000,Repousse,target,,,START,48.562,C:\Users\esthe\Downloads\repousse 14 1 _\Repo_1405_8_seven(1).mp4,77,NA,
repo_1405_1,2025-07-10 15:00:01.859,,66.827,Media file(s),player #1:C:\Users\esthe\Downloads\repousse 14 1 _\Repo_1405_3_five(1).mp4;C:\Users\esthe\Downloads\repousse 14 1 _\Repo_1405_4_one(1).mp4;C:\Users\esthe\Downloads\repousse 14 1 _\Repo_1405_5_five(1).mp4;C:\Users\esthe\Downloads\repousse 14 1 _\Repo_1405_6_three(1).mp4;C:\Users\esthe\Downloads\repousse 14 1 _\Repo_1405_7_five(1).mp4;C:\Users\esthe\Downloads\repousse 14 1 _\Repo_1405_8_seven(1).mp4,0.0,5.866;7.366;10.934;12.233;9.600;21.097,30.000;30.000;30.000;30.000;30.000;30.000,Repousse,target,,,STOP,51.229,C:\Users\esthe\Downloads\repousse 14 1 _\Repo_1405_8_seven(1).mp4,156,NA,
repo_1405_1,2025-07-10 15:00:01.859,,66.827,Media file(s),player #1:C:\Users\esthe\Downloads\repousse 14 1 _\Repo_1405_3_five(1).mp4;C:\Users\esthe\Downloads\repousse 14 1 _\Repo_1405_4_one(1).mp4;C:\Users\esthe\Downloads\repousse 14 1 _\Repo_1405_5_five(1).mp4;C:\Users\esthe\Downloads\repousse 14 1 _\Repo_1405_6_three(1).mp4;C:\Users\esthe\Downloads\repousse 14 1 _\Repo_1405_7_five(1).mp4;C:\Users\esthe\Downloads\repousse 14 1 _\Repo_1405_8_seven(1).mp4,0.0,5.866;7.366;10.934;12.233;9.600;21.097,30.000;30.000;30.000;30.000;30.000;30.000,Repousse,assessing,,,START,52.096,C:\Users\esthe\Downloads\repousse 14 1 _\Repo_1405_8_seven(1).mp4,182,NA,
repo_1405_1,2025-07-10 15:00:01.859,,66.827,Media file(s),player #1:C:\Users\esthe\Downloads\repousse 14 1 _\Repo_1405_3_five(1).mp4;C:\Users\esthe\Downloads\repousse 14 1 _\Repo_1405_4_one(1).mp4;C:\Users\esthe\Downloads\repousse 14 1 _\Repo_1405_5_five(1).mp4;C:\Users\esthe\Downloads\repousse 14 1 _\Repo_1405_6_three(1).mp4;C:\Users\esthe\Downloads\repousse 14 1 _\Repo_1405_7_five(1).mp4;C:\Users\esthe\Downloads\repousse 14 1 _\Repo_1405_8_seven(1).mp4,0.0,5.866;7.366;10.934;12.233;9.600;21.097,30.000;30.000;30.000;30.000;30.000;30.000,Repousse,jaw movement,,,POINT,52.162,C:\Users\esthe\Downloads\repousse 14 1 _\Repo_1405_8_seven(1).mp4,184,NA,
repo_1405_1,2025-07-10 15:00:01.859,,66.827,Media file(s),player #1:C:\Users\esthe\Downloads\repousse 14 1 _\Repo_1405_3_five(1).mp4;C:\Users\esthe\Downloads\repousse 14 1 _\Repo_1405_4_one(1).mp4;C:\Users\esthe\Downloads\repousse 14 1 _\Repo_1405_5_five(1).mp4;C:\Users\esthe\Downloads\repousse 14 1 _\Repo_1405_6_three(1).mp4;C:\Users\esthe\Downloads\repousse 14 1 _\Repo_1405_7_five(1).mp4;C:\Users\esthe\Downloads\repousse 14 1 _\Repo_1405_8_seven(1).mp4,0.0,5.866;7.366;10.934;12.233;9.600;21.097,30.000;30.000;30.000;30.000;30.000;30.000,Repousse,sniffing,,,POINT,52.295,C:\Users\esthe\Downloads\repousse 14 1 _\Repo_1405_8_seven(1).mp4,188,NA,
repo_1405_1,2025-07-10 15:00:01.859,,66.827,Media file(s),player #1:C:\Users\esthe\Downloads\repousse 14 1 _\Repo_1405_3_five(1).mp4;C:\Users\esthe\Downloads\repousse 14 1 _\Repo_1405_4_one(1).mp4;C:\Users\esthe\Downloads\repousse 14 1 _\Repo_1405_5_five(1).mp4;C:\Users\esthe\Downloads\repousse 14 1 _\Repo_1405_6_three(1).mp4;C:\Users\esthe\Downloads\repousse 14 1 _\Repo_1405_7_five(1).mp4;C:\Users\esthe\Downloads\repousse 14 1 _\Repo_1405_8_seven(1).mp4,0.0,5.866;7.366;10.934;12.233;9.600;21.097,30.000;30.000;30.000;30.000;30.000;30.000,Repousse,licking,,,POINT,52.462,C:\Users\esthe\Downloads\repousse 14 1 _\Repo_1405_8_seven(1).mp4,193,NA,
repo_1405_1,2025-07-10 15:00:01.859,,66.827,Media file(s),player #1:C:\Users\esthe\Downloads\repousse 14 1 _\Repo_1405_3_five(1).mp4;C:\Users\esthe\Downloads\repousse 14 1 _\Repo_1405_4_one(1).mp4;C:\Users\esthe\Downloads\repousse 14 1 _\Repo_1405_5_five(1).mp4;C:\Users\esthe\Downloads\repousse 14 1 _\Repo_1405_6_three(1).mp4;C:\Users\esthe\Downloads\repousse 14 1 _\Repo_1405_7_five(1).mp4;C:\Users\esthe\Downloads\repousse 14 1 _\Repo_1405_8_seven(1).mp4,0.0,5.866;7.366;10.934;12.233;9.600;21.097,30.000;30.000;30.000;30.000;30.000;30.000,Repousse,translational movement,,,POINT,52.562,C:\Users\esthe\Downloads\repousse 14 1 _\Repo_1405_8_seven(1).mp4,196,NA,
repo_1405_1,2025-07-10 15:00:01.859,,66.827,Media file(s),player #1:C:\Users\esthe\Downloads\repousse 14 1 _\Repo_1405_3_five(1).mp4;C:\Users\esthe\Downloads\repousse 14 1 _\Repo_1405_4_one(1).mp4;C:\Users\esthe\Downloads\repousse 14 1 _\Repo_1405_5_five(1).mp4;C:\Users\esthe\Downloads\repousse 14 1 _\Repo_1405_6_three(1).mp4;C:\Users\esthe\Downloads\repousse 14 1 _\Repo_1405_7_five(1).mp4;C:\Users\esthe\Downloads\repousse 14 1 _\Repo_1405_8_seven(1).mp4,0.0,5.866;7.366;10.934;12.233;9.600;21.097,30.000;30.000;30.000;30.000;30.000;30.000,Repousse,licking,,,POINT,52.695,C:\Users\esthe\Downloads\repousse 14 1 _\Repo_1405_8_seven(1).mp4,200,NA,
repo_1405_1,2025-07-10 15:00:01.859,,66.827,Media file(s),player #1:C:\Users\esthe\Downloads\repousse 14 1 _\Repo_1405_3_five(1).mp4;C:\Users\esthe\Downloads\repousse 14 1 _\Repo_1405_4_one(1).mp4;C:\Users\esthe\Downloads\repousse 14 1 _\Repo_1405_5_five(1).mp4;C:\Users\esthe\Downloads\repousse 14 1 _\Repo_1405_6_three(1).mp4;C:\Users\esthe\Downloads\repousse 14 1 _\Repo_1405_7_five(1).mp4;C:\Users\esthe\Downloads\repousse 14 1 _\Repo_1405_8_seven(1).mp4,0.0,5.866;7.366;10.934;12.233;9.600;21.097,30.000;30.000;30.000;30.000;30.000;30.000,Repousse,jaw movement,,,POINT,52.929,C:\Users\esthe\Downloads\repousse 14 1 _\Repo_1405_8_seven(1).mp4,207,NA,
repo_1405_1,2025-07-10 15:00:01.859,,66.827,Media file(s),player #1:C:\Users\esthe\Downloads\repousse 14 1 _\Repo_1405_3_five(1).mp4;C:\Users\esthe\Downloads\repousse 14 1 _\Repo_1405_4_one(1).mp4;C:\Users\esthe\Downloads\repousse 14 1 _\Repo_1405_5_five(1).mp4;C:\Users\esthe\Downloads\repousse 14 1 _\Repo_1405_6_three(1).mp4;C:\Users\esthe\Downloads\repousse 14 1 _\Repo_1405_7_five(1).mp4;C:\Users\esthe\Downloads\repousse 14 1 _\Repo_1405_8_seven(1).mp4,0.0,5.866;7.366;10.934;12.233;9.600;21.097,30.000;30.000;30.000;30.000;30.000;30.000,Repousse,jaw movement,,,POINT,53.262,C:\Users\esthe\Downloads\repousse 14 1 _\Repo_1405_8_seven(1).mp4,217,NA,
repo_1405_1,2025-07-10 15:00:01.859,,66.827,Media file(s),player #1:C:\Users\esthe\Downloads\repousse 14 1 _\Repo_1405_3_five(1).mp4;C:\Users\esthe\Downloads\repousse 14 1 _\Repo_1405_4_one(1).mp4;C:\Users\esthe\Downloads\repousse 14 1 _\Repo_1405_5_five(1).mp4;C:\Users\esthe\Downloads\repousse 14 1 _\Repo_1405_6_three(1).mp4;C:\Users\esthe\Downloads\repousse 14 1 _\Repo_1405_7_five(1).mp4;C:\Users\esthe\Downloads\repousse 14 1 _\Repo_1405_8_seven(1).mp4,0.0,5.866;7.366;10.934;12.233;9.600;21.097,30.000;30.000;30.000;30.000;30.000;30.000,Repousse,chewing,,,START,53.295,C:\Users\esthe\Downloads\repousse 14 1 _\Repo_1405_8_seven(1).mp4,218,NA,
repo_1405_1,2025-07-10 15:00:01.859,,66.827,Media file(s),player #1:C:\Users\esthe\Downloads\repousse 14 1 _\Repo_1405_3_five(1).mp4;C:\Users\esthe\Downloads\repousse 14 1 _\Repo_1405_4_one(1).mp4;C:\Users\esthe\Downloads\repousse 14 1 _\Repo_1405_5_five(1).mp4;C:\Users\esthe\Downloads\repousse 14 1 _\Repo_1405_6_three(1).mp4;C:\Users\esthe\Downloads\repousse 14 1 _\Repo_1405_7_five(1).mp4;C:\Users\esthe\Downloads\repousse 14 1 _\Repo_1405_8_seven(1).mp4,0.0,5.866;7.366;10.934;12.233;9.600;21.097,30.000;30.000;30.000;30.000;30.000;30.000,Repousse,chewing,,,STOP,53.629,C:\Users\esthe\Downloads\repousse 14 1 _\Repo_1405_8_seven(1).mp4,228,NA,
repo_1405_1,2025-07-10 15:00:01.859,,66.827,Media file(s),player #1:C:\Users\esthe\Downloads\repousse 14 1 _\Repo_1405_3_five(1).mp4;C:\Users\esthe\Downloads\repousse 14 1 _\Repo_1405_4_one(1).mp4;C:\Users\esthe\Downloads\repousse 14 1 _\Repo_1405_5_five(1).mp4;C:\Users\esthe\Downloads\repousse 14 1 _\Repo_1405_6_three(1).mp4;C:\Users\esthe\Downloads\repousse 14 1 _\Repo_1405_7_five(1).mp4;C:\Users\esthe\Downloads\repousse 14 1 _\Repo_1405_8_seven(1).mp4,0.0,5.866;7.366;10.934;12.233;9.600;21.097,30.000;30.000;30.000;30.000;30.000;30.000,Repousse,mouth,,,POINT,53.729,C:\Users\esthe\Downloads\repousse 14 1 _\Repo_1405_8_seven(1).mp4,231,NA,
repo_1405_1,2025-07-10 15:00:01.859,,66.827,Media file(s),player #1:C:\Users\esthe\Downloads\repousse 14 1 _\Repo_1405_3_five(1).mp4;C:\Users\esthe\Downloads\repousse 14 1 _\Repo_1405_4_one(1).mp4;C:\Users\esthe\Downloads\repousse 14 1 _\Repo_1405_5_five(1).mp4;C:\Users\esthe\Downloads\repousse 14 1 _\Repo_1405_6_three(1).mp4;C:\Users\esthe\Downloads\repousse 14 1 _\Repo_1405_7_five(1).mp4;C:\Users\esthe\Downloads\repousse 14 1 _\Repo_1405_8_seven(1).mp4,0.0,5.866;7.366;10.934;12.233;9.600;21.097,30.000;30.000;30.000;30.000;30.000;30.000,Repousse,assessing,,,STOP,53.795,C:\Users\esthe\Downloads\repousse 14 1 _\Repo_1405_8_seven(1).mp4,233,NA,
repo_1405_1,2025-07-10 15:00:01.859,,66.827,Media file(s),player #1:C:\Users\esthe\Downloads\repousse 14 1 _\Repo_1405_3_five(1).mp4;C:\Users\esthe\Downloads\repousse 14 1 _\Repo_1405_4_one(1).mp4;C:\Users\esthe\Downloads\repousse 14 1 _\Repo_1405_5_five(1).mp4;C:\Users\esthe\Downloads\repousse 14 1 _\Repo_1405_6_three(1).mp4;C:\Users\esthe\Downloads\repousse 14 1 _\Repo_1405_7_five(1).mp4;C:\Users\esthe\Downloads\repousse 14 1 _\Repo_1405_8_seven(1).mp4,0.0,5.866;7.366;10.934;12.233;9.600;21.097,30.000;30.000;30.000;30.000;30.000;30.000,Repousse,target,,,START,53.962,C:\Users\esthe\Downloads\repousse 14 1 _\Repo_1405_8_seven(1).mp4,238,NA,
repo_1405_1,2025-07-10 15:00:01.859,,66.827,Media file(s),player #1:C:\Users\esthe\Downloads\repousse 14 1 _\Repo_1405_3_five(1).mp4;C:\Users\esthe\Downloads\repousse 14 1 _\Repo_1405_4_one(1).mp4;C:\Users\esthe\Downloads\repousse 14 1 _\Repo_1405_5_five(1).mp4;C:\Users\esthe\Downloads\repousse 14 1 _\Repo_1405_6_three(1).mp4;C:\Users\esthe\Downloads\repousse 14 1 _\Repo_1405_7_five(1).mp4;C:\Users\esthe\Downloads\repousse 14 1 _\Repo_1405_8_seven(1).mp4,0.0,5.866;7.366;10.934;12.233;9.600;21.097,30.000;30.000;30.000;30.000;30.000;30.000,Repousse,target,,,STOP,62.028,C:\Users\esthe\Downloads\repousse 14 1 _\Repo_1405_8_seven(1).mp4,479,NA,
repo_1405_1,2025-07-10 15:00:01.859,,66.827,Media file(s),player #1:C:\Users\esthe\Downloads\repousse 14 1 _\Repo_1405_3_five(1).mp4;C:\Users\esthe\Downloads\repousse 14 1 _\Repo_1405_4_one(1).mp4;C:\Users\esthe\Downloads\repousse 14 1 _\Repo_1405_5_five(1).mp4;C:\Users\esthe\Downloads\repousse 14 1 _\Repo_1405_6_three(1).mp4;C:\Users\esthe\Downloads\repousse 14 1 _\Repo_1405_7_five(1).mp4;C:\Users\esthe\Downloads\repousse 14 1 _\Repo_1405_8_seven(1).mp4,0.0,5.866;7.366;10.934;12.233;9.600;21.097,30.000;30.000;30.000;30.000;30.000;30.000,Repousse,assessing,,,START,63.727,C:\Users\esthe\Downloads\repousse 14 1 _\Repo_1405_8_seven(1).mp4,529,NA,
repo_1405_1,2025-07-10 15:00:01.859,,66.827,Media file(s),player #1:C:\Users\esthe\Downloads\repousse 14 1 _\Repo_1405_3_five(1).mp4;C:\Users\esthe\Downloads\repousse 14 1 _\Repo_1405_4_one(1).mp4;C:\Users\esthe\Downloads\repousse 14 1 _\Repo_1405_5_five(1).mp4;C:\Users\esthe\Downloads\repousse 14 1 _\Repo_1405_6_three(1).mp4;C:\Users\esthe\Downloads\repousse 14 1 _\Repo_1405_7_five(1).mp4;C:\Users\esthe\Downloads\repousse 14 1 _\Repo_1405_8_seven(1).mp4,0.0,5.866;7.366;10.934;12.233;9.600;21.097,30.000;30.000;30.000;30.000;30.000;30.000,Repousse,jaw movement,,,POINT,63.761,C:\Users\esthe\Downloads\repousse 14 1 _\Repo_1405_8_seven(1).mp4,530,NA,
repo_1405_1,2025-07-10 15:00:01.859,,66.827,Media file(s),player #1:C:\Users\esthe\Downloads\repousse 14 1 _\Repo_1405_3_five(1).mp4;C:\Users\esthe\Downloads\repousse 14 1 _\Repo_1405_4_one(1).mp4;C:\Users\esthe\Downloads\repousse 14 1 _\Repo_1405_5_five(1).mp4;C:\Users\esthe\Downloads\repousse 14 1 _\Repo_1405_6_three(1).mp4;C:\Users\esthe\Downloads\repousse 14 1 _\Repo_1405_7_five(1).mp4;C:\Users\esthe\Downloads\repousse 14 1 _\Repo_1405_8_seven(1).mp4,0.0,5.866;7.366;10.934;12.233;9.600;21.097,30.000;30.000;30.000;30.000;30.000;30.000,Repousse,licking,,,POINT,63.894,C:\Users\esthe\Downloads\repousse 14 1 _\Repo_1405_8_seven(1).mp4,534,NA,
repo_1405_1,2025-07-10 15:00:01.859,,66.827,Media file(s),player #1:C:\Users\esthe\Downloads\repousse 14 1 _\Repo_1405_3_five(1).mp4;C:\Users\esthe\Downloads\repousse 14 1 _\Repo_1405_4_one(1).mp4;C:\Users\esthe\Downloads\repousse 14 1 _\Repo_1405_5_five(1).mp4;C:\Users\esthe\Downloads\repousse 14 1 _\Repo_1405_6_three(1).mp4;C:\Users\esthe\Downloads\repousse 14 1 _\Repo_1405_7_five(1).mp4;C:\Users\esthe\Downloads\repousse 14 1 _\Repo_1405_8_seven(1).mp4,0.0,5.866;7.366;10.934;12.233;9.600;21.097,30.000;30.000;30.000;30.000;30.000;30.000,Repousse,sniffing,,,POINT,64.061,C:\Users\esthe\Downloads\repousse 14 1 _\Repo_1405_8_seven(1).mp4,539,NA,
repo_1405_1,2025-07-10 15:00:01.859,,66.827,Media file(s),player #1:C:\Users\esthe\Downloads\repousse 14 1 _\Repo_1405_3_five(1).mp4;C:\Users\esthe\Downloads\repousse 14 1 _\Repo_1405_4_one(1).mp4;C:\Users\esthe\Downloads\repousse 14 1 _\Repo_1405_5_five(1).mp4;C:\Users\esthe\Downloads\repousse 14 1 _\Repo_1405_6_three(1).mp4;C:\Users\esthe\Downloads\repousse 14 1 _\Repo_1405_7_five(1).mp4;C:\Users\esthe\Downloads\repousse 14 1 _\Repo_1405_8_seven(1).mp4,0.0,5.866;7.366;10.934;12.233;9.600;21.097,30.000;30.000;30.000;30.000;30.000;30.000,Repousse,jaw movement,,,POINT,64.261,C:\Users\esthe\Downloads\repousse 14 1 _\Repo_1405_8_seven(1).mp4,545,NA,
repo_1405_1,2025-07-10 15:00:01.859,,66.827,Media file(s),player #1:C:\Users\esthe\Downloads\repousse 14 1 _\Repo_1405_3_five(1).mp4;C:\Users\esthe\Downloads\repousse 14 1 _\Repo_1405_4_one(1).mp4;C:\Users\esthe\Downloads\repousse 14 1 _\Repo_1405_5_five(1).mp4;C:\Users\esthe\Downloads\repousse 14 1 _\Repo_1405_6_three(1).mp4;C:\Users\esthe\Downloads\repousse 14 1 _\Repo_1405_7_five(1).mp4;C:\Users\esthe\Downloads\repousse 14 1 _\Repo_1405_8_seven(1).mp4,0.0,5.866;7.366;10.934;12.233;9.600;21.097,30.000;30.000;30.000;30.000;30.000;30.000,Repousse,jaw movement,,,POINT,64.394,C:\Users\esthe\Downloads\repousse 14 1 _\Repo_1405_8_seven(1).mp4,549,NA,
repo_1405_1,2025-07-10 15:00:01.859,,66.827,Media file(s),player #1:C:\Users\esthe\Downloads\repousse 14 1 _\Repo_1405_3_five(1).mp4;C:\Users\esthe\Downloads\repousse 14 1 _\Repo_1405_4_one(1).mp4;C:\Users\esthe\Downloads\repousse 14 1 _\Repo_1405_5_five(1).mp4;C:\Users\esthe\Downloads\repousse 14 1 _\Repo_1405_6_three(1).mp4;C:\Users\esthe\Downloads\repousse 14 1 _\Repo_1405_7_five(1).mp4;C:\Users\esthe\Downloads\repousse 14 1 _\Repo_1405_8_seven(1).mp4,0.0,5.866;7.366;10.934;12.233;9.600;21.097,30.000;30.000;30.000;30.000;30.000;30.000,Repousse,assessing,,,STOP,64.561,C:\Users\esthe\Downloads\repousse 14 1 _\Repo_1405_8_seven(1).mp4,554,NA,
repo_1405_1,2025-07-10 15:00:01.859,,66.827,Media file(s),player #1:C:\Users\esthe\Downloads\repousse 14 1 _\Repo_1405_3_five(1).mp4;C:\Users\esthe\Downloads\repousse 14 1 _\Repo_1405_4_one(1).mp4;C:\Users\esthe\Downloads\repousse 14 1 _\Repo_1405_5_five(1).mp4;C:\Users\esthe\Downloads\repousse 14 1 _\Repo_1405_6_three(1).mp4;C:\Users\esthe\Downloads\repousse 14 1 _\Repo_1405_7_five(1).mp4;C:\Users\esthe\Downloads\repousse 14 1 _\Repo_1405_8_seven(1).mp4,0.0,5.866;7.366;10.934;12.233;9.600;21.097,30.000;30.000;30.000;30.000;30.000;30.000,Repousse,peeling,,,START,64.694,C:\Users\esthe\Downloads\repousse 14 1 _\Repo_1405_8_seven(1).mp4,558,NA,
repo_1405_1,2025-07-10 15:00:01.859,,66.827,Media file(s),player #1:C:\Users\esthe\Downloads\repousse 14 1 _\Repo_1405_3_five(1).mp4;C:\Users\esthe\Downloads\repousse 14 1 _\Repo_1405_4_one(1).mp4;C:\Users\esthe\Downloads\repousse 14 1 _\Repo_1405_5_five(1).mp4;C:\Users\esthe\Downloads\repousse 14 1 _\Repo_1405_6_three(1).mp4;C:\Users\esthe\Downloads\repousse 14 1 _\Repo_1405_7_five(1).mp4;C:\Users\esthe\Downloads\repousse 14 1 _\Repo_1405_8_seven(1).mp4,0.0,5.866;7.366;10.934;12.233;9.600;21.097,30.000;30.000;30.000;30.000;30.000;30.000,Repousse,jaw movement,,,POINT,64.760,C:\Users\esthe\Downloads\repousse 14 1 _\Repo_1405_8_seven(1).mp4,560,NA,
repo_1405_1,2025-07-10 15:00:01.859,,66.827,Media file(s),player #1:C:\Users\esthe\Downloads\repousse 14 1 _\Repo_1405_3_five(1).mp4;C:\Users\esthe\Downloads\repousse 14 1 _\Repo_1405_4_one(1).mp4;C:\Users\esthe\Downloads\repousse 14 1 _\Repo_1405_5_five(1).mp4;C:\Users\esthe\Downloads\repousse 14 1 _\Repo_1405_6_three(1).mp4;C:\Users\esthe\Downloads\repousse 14 1 _\Repo_1405_7_five(1).mp4;C:\Users\esthe\Downloads\repousse 14 1 _\Repo_1405_8_seven(1).mp4,0.0,5.866;7.366;10.934;12.233;9.600;21.097,30.000;30.000;30.000;30.000;30.000;30.000,Repousse,jaw movement,,,POINT,65.127,C:\Users\esthe\Downloads\repousse 14 1 _\Repo_1405_8_seven(1).mp4,571,NA,
repo_1405_1,2025-07-10 15:00:01.859,,66.827,Media file(s),player #1:C:\Users\esthe\Downloads\repousse 14 1 _\Repo_1405_3_five(1).mp4;C:\Users\esthe\Downloads\repousse 14 1 _\Repo_1405_4_one(1).mp4;C:\Users\esthe\Downloads\repousse 14 1 _\Repo_1405_5_five(1).mp4;C:\Users\esthe\Downloads\repousse 14 1 _\Repo_1405_6_three(1).mp4;C:\Users\esthe\Downloads\repousse 14 1 _\Repo_1405_7_five(1).mp4;C:\Users\esthe\Downloads\repousse 14 1 _\Repo_1405_8_seven(1).mp4,0.0,5.866;7.366;10.934;12.233;9.600;21.097,30.000;30.000;30.000;30.000;30.000;30.000,Repousse,jaw movement,,,POINT,65.394,C:\Users\esthe\Downloads\repousse 14 1 _\Repo_1405_8_seven(1).mp4,579,NA,
repo_1405_1,2025-07-10 15:00:01.859,,66.827,Media file(s),player #1:C:\Users\esthe\Downloads\repousse 14 1 _\Repo_1405_3_five(1).mp4;C:\Users\esthe\Downloads\repousse 14 1 _\Repo_1405_4_one(1).mp4;C:\Users\esthe\Downloads\repousse 14 1 _\Repo_1405_5_five(1).mp4;C:\Users\esthe\Downloads\repousse 14 1 _\Repo_1405_6_three(1).mp4;C:\Users\esthe\Downloads\repousse 14 1 _\Repo_1405_7_five(1).mp4;C:\Users\esthe\Downloads\repousse 14 1 _\Repo_1405_8_seven(1).mp4,0.0,5.866;7.366;10.934;12.233;9.600;21.097,30.000;30.000;30.000;30.000;30.000;30.000,Repousse,jaw movement,,,POINT,65.827,C:\Users\esthe\Downloads\repousse 14 1 _\Repo_1405_8_seven(1).mp4,592,NA,
repo_1405_1,2025-07-10 15:00:01.859,,66.827,Media file(s),player #1:C:\Users\esthe\Downloads\repousse 14 1 _\Repo_1405_3_five(1).mp4;C:\Users\esthe\Downloads\repousse 14 1 _\Repo_1405_4_one(1).mp4;C:\Users\esthe\Downloads\repousse 14 1 _\Repo_1405_5_five(1).mp4;C:\Users\esthe\Downloads\repousse 14 1 _\Repo_1405_6_three(1).mp4;C:\Users\esthe\Downloads\repousse 14 1 _\Repo_1405_7_five(1).mp4;C:\Users\esthe\Downloads\repousse 14 1 _\Repo_1405_8_seven(1).mp4,0.0,5.866;7.366;10.934;12.233;9.600;21.097,30.000;30.000;30.000;30.000;30.000;30.000,Repousse,jaw movement,,,POINT,66.294,C:\Users\esthe\Downloads\repousse 14 1 _\Repo_1405_8_seven(1).mp4,606,NA,
repo_1405_1,2025-07-10 15:00:01.859,,66.827,Media file(s),player #1:C:\Users\esthe\Downloads\repousse 14 1 _\Repo_1405_3_five(1).mp4;C:\Users\esthe\Downloads\repousse 14 1 _\Repo_1405_4_one(1).mp4;C:\Users\esthe\Downloads\repousse 14 1 _\Repo_1405_5_five(1).mp4;C:\Users\esthe\Downloads\repousse 14 1 _\Repo_1405_6_three(1).mp4;C:\Users\esthe\Downloads\repousse 14 1 _\Repo_1405_7_five(1).mp4;C:\Users\esthe\Downloads\repousse 14 1 _\Repo_1405_8_seven(1).mp4,0.0,5.866;7.366;10.934;12.233;9.600;21.097,30.000;30.000;30.000;30.000;30.000;30.000,Repousse,jaw movement,,,POINT,66.527,C:\Users\esthe\Downloads\repousse 14 1 _\Repo_1405_8_seven(1).mp4,613,NA,
repo_1405_1,2025-07-10 15:00:01.859,,66.827,Media file(s),player #1:C:\Users\esthe\Downloads\repousse 14 1 _\Repo_1405_3_five(1).mp4;C:\Users\esthe\Downloads\repousse 14 1 _\Repo_1405_4_one(1).mp4;C:\Users\esthe\Downloads\repousse 14 1 _\Repo_1405_5_five(1).mp4;C:\Users\esthe\Downloads\repousse 14 1 _\Repo_1405_6_three(1).mp4;C:\Users\esthe\Downloads\repousse 14 1 _\Repo_1405_7_five(1).mp4;C:\Users\esthe\Downloads\repousse 14 1 _\Repo_1405_8_seven(1).mp4,0.0,5.866;7.366;10.934;12.233;9.600;21.097,30.000;30.000;30.000;30.000;30.000;30.000,Repousse,peeling,,,STOP,66.694,C:\Users\esthe\Downloads\repousse 14 1 _\Repo_1405_8_seven(1).mp4,618,NA,
repo_1405_1,2025-07-10 15:00:01.859,,66.827,Media file(s),player #1:C:\Users\esthe\Downloads\repousse 14 1 _\Repo_1405_3_five(1).mp4;C:\Users\esthe\Downloads\repousse 14 1 _\Repo_1405_4_one(1).mp4;C:\Users\esthe\Downloads\repousse 14 1 _\Repo_1405_5_five(1).mp4;C:\Users\esthe\Downloads\repousse 14 1 _\Repo_1405_6_three(1).mp4;C:\Users\esthe\Downloads\repousse 14 1 _\Repo_1405_7_five(1).mp4;C:\Users\esthe\Downloads\repousse 14 1 _\Repo_1405_8_seven(1).mp4,0.0,5.866;7.366;10.934;12.233;9.600;21.097,30.000;30.000;30.000;30.000;30.000;30.000,Repousse,eating,,,START,66.727,C:\Users\esthe\Downloads\repousse 14 1 _\Repo_1405_8_seven(1).mp4,619,NA,
repo_1405_1,2025-07-10 15:00:01.859,,66.827,Media file(s),player #1:C:\Users\esthe\Downloads\repousse 14 1 _\Repo_1405_3_five(1).mp4;C:\Users\esthe\Downloads\repousse 14 1 _\Repo_1405_4_one(1).mp4;C:\Users\esthe\Downloads\repousse 14 1 _\Repo_1405_5_five(1).mp4;C:\Users\esthe\Downloads\repousse 14 1 _\Repo_1405_6_three(1).mp4;C:\Users\esthe\Downloads\repousse 14 1 _\Repo_1405_7_five(1).mp4;C:\Users\esthe\Downloads\repousse 14 1 _\Repo_1405_8_seven(1).mp4,0.0,5.866;7.366;10.934;12.233;9.600;21.097,30.000;30.000;30.000;30.000;30.000;30.000,Repousse,eating,,,STOP,66.827,C:\Users\esthe\Downloads\repousse 14 1 _\Repo_1405_8_seven(1).mp4,622,NA,
