Observation id,Observation date,Description,Observation duration,Observation type,Source,Time offset (s),Media duration (s),FPS,Subject,Behavior,Behavioral category,Modifier #1,Behavior type,Time,Media file name,Image index,Image file path,Comment
Side_1205,2025-06-06 16:08:33.219,,279.252,Media file(s),player #1:C:\Users\esthe\Downloads\side mark 12\Side_1205_10_onehalf.mp4;C:\Users\esthe\Downloads\side mark 12\Side_1205_12_three.mp4;C:\Users\esthe\Downloads\side mark 12\Side_1205_13_seven.mp4;C:\Users\esthe\Downloads\side mark 12\Side_1205_14_five.mp4;C:\Users\esthe\Downloads\side mark 12\Side_1205_15_three.mp4;C:\Users\esthe\Downloads\side mark 12\Side_1205_16_five.mp4;C:\Users\esthe\Downloads\side mark 12\Side_1205_1_control.mp4;C:\Users\esthe\Downloads\side mark 12\Side_1205_2_five.mp4;C:\Users\esthe\Downloads\side mark 12\Side_1205_3_one.mp4;C:\Users\esthe\Downloads\side mark 12\Side_1205_4_one.mp4;C:\Users\esthe\Downloads\side mark 12\Side_1205_5_three.mp4;C:\Users\esthe\Downloads\side mark 12\Side_1205_6_seven.mp4;C:\Users\esthe\Downloads\side mark 12\Side_1205_7_three.mp4;C:\Users\esthe\Downloads\side mark 12\Side_1205_8_five.mp4;C:\Users\esthe\Downloads\side mark 12\Side_1205_9_one.mp4,0.0,17.430;10.494;25.661;9.834;13.997;12.965;11.330;28.530;22.796;20.531;19.331;15.664;15.431;43.998;11.534,240.000;120.000;30.000;30.000;30.000;30.000;30.000;30.000;30.000;30.000;30.000;240.000;30.000;30.000;30.000,Sidemark,bending,,,START,0.000,C:\Users\esthe\Downloads\side mark 12\Side_1205_10_onehalf.mp4,0,NA,
Side_1205,2025-06-06 16:08:33.219,,279.252,Media file(s),player #1:C:\Users\esthe\Downloads\side mark 12\Side_1205_10_onehalf.mp4;C:\Users\esthe\Downloads\side mark 12\Side_1205_12_three.mp4;C:\Users\esthe\Downloads\side mark 12\Side_1205_13_seven.mp4;C:\Users\esthe\Downloads\side mark 12\Side_1205_14_five.mp4;C:\Users\esthe\Downloads\side mark 12\Side_1205_15_three.mp4;C:\Users\esthe\Downloads\side mark 12\Side_1205_16_five.mp4;C:\Users\esthe\Downloads\side mark 12\Side_1205_1_control.mp4;C:\Users\esthe\Downloads\side mark 12\Side_1205_2_five.mp4;C:\Users\esthe\Downloads\side mark 12\Side_1205_3_one.mp4;C:\Users\esthe\Downloads\side mark 12\Side_1205_4_one.mp4;C:\Users\esthe\Downloads\side mark 12\Side_1205_5_three.mp4;C:\Users\esthe\Downloads\side mark 12\Side_1205_6_seven.mp4;C:\Users\esthe\Downloads\side mark 12\Side_1205_7_three.mp4;C:\Users\esthe\Downloads\side mark 12\Side_1205_8_five.mp4;C:\Users\esthe\Downloads\side mark 12\Side_1205_9_one.mp4,0.0,17.430;10.494;25.661;9.834;13.997;12.965;11.330;28.530;22.796;20.531;19.331;15.664;15.431;43.998;11.534,240.000;120.000;30.000;30.000;30.000;30.000;30.000;30.000;30.000;30.000;30.000;240.000;30.000;30.000;30.000,Sidemark,bending,,,STOP,0.433,C:\Users\esthe\Downloads\side mark 12\Side_1205_10_onehalf.mp4,13,NA,
Side_1205,2025-06-06 16:08:33.219,,279.252,Media file(s),player #1:C:\Users\esthe\Downloads\side mark 12\Side_1205_10_onehalf.mp4;C:\Users\esthe\Downloads\side mark 12\Side_1205_12_three.mp4;C:\Users\esthe\Downloads\side mark 12\Side_1205_13_seven.mp4;C:\Users\esthe\Downloads\side mark 12\Side_1205_14_five.mp4;C:\Users\esthe\Downloads\side mark 12\Side_1205_15_three.mp4;C:\Users\esthe\Downloads\side mark 12\Side_1205_16_five.mp4;C:\Users\esthe\Downloads\side mark 12\Side_1205_1_control.mp4;C:\Users\esthe\Downloads\side mark 12\Side_1205_2_five.mp4;C:\Users\esthe\Downloads\side mark 12\Side_1205_3_one.mp4;C:\Users\esthe\Downloads\side mark 12\Side_1205_4_one.mp4;C:\Users\esthe\Downloads\side mark 12\Side_1205_5_three.mp4;C:\Users\esthe\Downloads\side mark 12\Side_1205_6_seven.mp4;C:\Users\esthe\Downloads\side mark 12\Side_1205_7_three.mp4;C:\Users\esthe\Downloads\side mark 12\Side_1205_8_five.mp4;C:\Users\esthe\Downloads\side mark 12\Side_1205_9_one.mp4,0.0,17.430;10.494;25.661;9.834;13.997;12.965;11.330;28.530;22.796;20.531;19.331;15.664;15.431;43.998;11.534,240.000;120.000;30.000;30.000;30.000;30.000;30.000;30.000;30.000;30.000;30.000;240.000;30.000;30.000;30.000,Sidemark,grabbing peanut,,,POINT,0.433,C:\Users\esthe\Downloads\side mark 12\Side_1205_10_onehalf.mp4,13,NA,
Side_1205,2025-06-06 16:08:33.219,,279.252,Media file(s),player #1:C:\Users\esthe\Downloads\side mark 12\Side_1205_10_onehalf.mp4;C:\Users\esthe\Downloads\side mark 12\Side_1205_12_three.mp4;C:\Users\esthe\Downloads\side mark 12\Side_1205_13_seven.mp4;C:\Users\esthe\Downloads\side mark 12\Side_1205_14_five.mp4;C:\Users\esthe\Downloads\side mark 12\Side_1205_15_three.mp4;C:\Users\esthe\Downloads\side mark 12\Side_1205_16_five.mp4;C:\Users\esthe\Downloads\side mark 12\Side_1205_1_control.mp4;C:\Users\esthe\Downloads\side mark 12\Side_1205_2_five.mp4;C:\Users\esthe\Downloads\side mark 12\Side_1205_3_one.mp4;C:\Users\esthe\Downloads\side mark 12\Side_1205_4_one.mp4;C:\Users\esthe\Downloads\side mark 12\Side_1205_5_three.mp4;C:\Users\esthe\Downloads\side mark 12\Side_1205_6_seven.mp4;C:\Users\esthe\Downloads\side mark 12\Side_1205_7_three.mp4;C:\Users\esthe\Downloads\side mark 12\Side_1205_8_five.mp4;C:\Users\esthe\Downloads\side mark 12\Side_1205_9_one.mp4,0.0,17.430;10.494;25.661;9.834;13.997;12.965;11.330;28.530;22.796;20.531;19.331;15.664;15.431;43.998;11.534,240.000;120.000;30.000;30.000;30.000;30.000;30.000;30.000;30.000;30.000;30.000;240.000;30.000;30.000;30.000,Sidemark,lifting,,,START,0.467,C:\Users\esthe\Downloads\side mark 12\Side_1205_10_onehalf.mp4,14,NA,
Side_1205,2025-06-06 16:08:33.219,,279.252,Media file(s),player #1:C:\Users\esthe\Downloads\side mark 12\Side_1205_10_onehalf.mp4;C:\Users\esthe\Downloads\side mark 12\Side_1205_12_three.mp4;C:\Users\esthe\Downloads\side mark 12\Side_1205_13_seven.mp4;C:\Users\esthe\Downloads\side mark 12\Side_1205_14_five.mp4;C:\Users\esthe\Downloads\side mark 12\Side_1205_15_three.mp4;C:\Users\esthe\Downloads\side mark 12\Side_1205_16_five.mp4;C:\Users\esthe\Downloads\side mark 12\Side_1205_1_control.mp4;C:\Users\esthe\Downloads\side mark 12\Side_1205_2_five.mp4;C:\Users\esthe\Downloads\side mark 12\Side_1205_3_one.mp4;C:\Users\esthe\Downloads\side mark 12\Side_1205_4_one.mp4;C:\Users\esthe\Downloads\side mark 12\Side_1205_5_three.mp4;C:\Users\esthe\Downloads\side mark 12\Side_1205_6_seven.mp4;C:\Users\esthe\Downloads\side mark 12\Side_1205_7_three.mp4;C:\Users\esthe\Downloads\side mark 12\Side_1205_8_five.mp4;C:\Users\esthe\Downloads\side mark 12\Side_1205_9_one.mp4,0.0,17.430;10.494;25.661;9.834;13.997;12.965;11.330;28.530;22.796;20.531;19.331;15.664;15.431;43.998;11.534,240.000;120.000;30.000;30.000;30.000;30.000;30.000;30.000;30.000;30.000;30.000;240.000;30.000;30.000;30.000,Sidemark,lifting,,,STOP,1.230,C:\Users\esthe\Downloads\side mark 12\Side_1205_10_onehalf.mp4,37,NA,
Side_1205,2025-06-06 16:08:33.219,,279.252,Media file(s),player #1:C:\Users\esthe\Downloads\side mark 12\Side_1205_10_onehalf.mp4;C:\Users\esthe\Downloads\side mark 12\Side_1205_12_three.mp4;C:\Users\esthe\Downloads\side mark 12\Side_1205_13_seven.mp4;C:\Users\esthe\Downloads\side mark 12\Side_1205_14_five.mp4;C:\Users\esthe\Downloads\side mark 12\Side_1205_15_three.mp4;C:\Users\esthe\Downloads\side mark 12\Side_1205_16_five.mp4;C:\Users\esthe\Downloads\side mark 12\Side_1205_1_control.mp4;C:\Users\esthe\Downloads\side mark 12\Side_1205_2_five.mp4;C:\Users\esthe\Downloads\side mark 12\Side_1205_3_one.mp4;C:\Users\esthe\Downloads\side mark 12\Side_1205_4_one.mp4;C:\Users\esthe\Downloads\side mark 12\Side_1205_5_three.mp4;C:\Users\esthe\Downloads\side mark 12\Side_1205_6_seven.mp4;C:\Users\esthe\Downloads\side mark 12\Side_1205_7_three.mp4;C:\Users\esthe\Downloads\side mark 12\Side_1205_8_five.mp4;C:\Users\esthe\Downloads\side mark 12\Side_1205_9_one.mp4,0.0,17.430;10.494;25.661;9.834;13.997;12.965;11.330;28.530;22.796;20.531;19.331;15.664;15.431;43.998;11.534,240.000;120.000;30.000;30.000;30.000;30.000;30.000;30.000;30.000;30.000;30.000;240.000;30.000;30.000;30.000,Sidemark,target,,,START,1.363,C:\Users\esthe\Downloads\side mark 12\Side_1205_10_onehalf.mp4,41,NA,
Side_1205,2025-06-06 16:08:33.219,,279.252,Media file(s),player #1:C:\Users\esthe\Downloads\side mark 12\Side_1205_10_onehalf.mp4;C:\Users\esthe\Downloads\side mark 12\Side_1205_12_three.mp4;C:\Users\esthe\Downloads\side mark 12\Side_1205_13_seven.mp4;C:\Users\esthe\Downloads\side mark 12\Side_1205_14_five.mp4;C:\Users\esthe\Downloads\side mark 12\Side_1205_15_three.mp4;C:\Users\esthe\Downloads\side mark 12\Side_1205_16_five.mp4;C:\Users\esthe\Downloads\side mark 12\Side_1205_1_control.mp4;C:\Users\esthe\Downloads\side mark 12\Side_1205_2_five.mp4;C:\Users\esthe\Downloads\side mark 12\Side_1205_3_one.mp4;C:\Users\esthe\Downloads\side mark 12\Side_1205_4_one.mp4;C:\Users\esthe\Downloads\side mark 12\Side_1205_5_three.mp4;C:\Users\esthe\Downloads\side mark 12\Side_1205_6_seven.mp4;C:\Users\esthe\Downloads\side mark 12\Side_1205_7_three.mp4;C:\Users\esthe\Downloads\side mark 12\Side_1205_8_five.mp4;C:\Users\esthe\Downloads\side mark 12\Side_1205_9_one.mp4,0.0,17.430;10.494;25.661;9.834;13.997;12.965;11.330;28.530;22.796;20.531;19.331;15.664;15.431;43.998;11.534,240.000;120.000;30.000;30.000;30.000;30.000;30.000;30.000;30.000;30.000;30.000;240.000;30.000;30.000;30.000,Sidemark,pause,,,START,6.463,C:\Users\esthe\Downloads\side mark 12\Side_1205_10_onehalf.mp4,194,NA,
Side_1205,2025-06-06 16:08:33.219,,279.252,Media file(s),player #1:C:\Users\esthe\Downloads\side mark 12\Side_1205_10_onehalf.mp4;C:\Users\esthe\Downloads\side mark 12\Side_1205_12_three.mp4;C:\Users\esthe\Downloads\side mark 12\Side_1205_13_seven.mp4;C:\Users\esthe\Downloads\side mark 12\Side_1205_14_five.mp4;C:\Users\esthe\Downloads\side mark 12\Side_1205_15_three.mp4;C:\Users\esthe\Downloads\side mark 12\Side_1205_16_five.mp4;C:\Users\esthe\Downloads\side mark 12\Side_1205_1_control.mp4;C:\Users\esthe\Downloads\side mark 12\Side_1205_2_five.mp4;C:\Users\esthe\Downloads\side mark 12\Side_1205_3_one.mp4;C:\Users\esthe\Downloads\side mark 12\Side_1205_4_one.mp4;C:\Users\esthe\Downloads\side mark 12\Side_1205_5_three.mp4;C:\Users\esthe\Downloads\side mark 12\Side_1205_6_seven.mp4;C:\Users\esthe\Downloads\side mark 12\Side_1205_7_three.mp4;C:\Users\esthe\Downloads\side mark 12\Side_1205_8_five.mp4;C:\Users\esthe\Downloads\side mark 12\Side_1205_9_one.mp4,0.0,17.430;10.494;25.661;9.834;13.997;12.965;11.330;28.530;22.796;20.531;19.331;15.664;15.431;43.998;11.534,240.000;120.000;30.000;30.000;30.000;30.000;30.000;30.000;30.000;30.000;30.000;240.000;30.000;30.000;30.000,Sidemark,pause,,,STOP,7.064,C:\Users\esthe\Downloads\side mark 12\Side_1205_10_onehalf.mp4,212,NA,
Side_1205,2025-06-06 16:08:33.219,,279.252,Media file(s),player #1:C:\Users\esthe\Downloads\side mark 12\Side_1205_10_onehalf.mp4;C:\Users\esthe\Downloads\side mark 12\Side_1205_12_three.mp4;C:\Users\esthe\Downloads\side mark 12\Side_1205_13_seven.mp4;C:\Users\esthe\Downloads\side mark 12\Side_1205_14_five.mp4;C:\Users\esthe\Downloads\side mark 12\Side_1205_15_three.mp4;C:\Users\esthe\Downloads\side mark 12\Side_1205_16_five.mp4;C:\Users\esthe\Downloads\side mark 12\Side_1205_1_control.mp4;C:\Users\esthe\Downloads\side mark 12\Side_1205_2_five.mp4;C:\Users\esthe\Downloads\side mark 12\Side_1205_3_one.mp4;C:\Users\esthe\Downloads\side mark 12\Side_1205_4_one.mp4;C:\Users\esthe\Downloads\side mark 12\Side_1205_5_three.mp4;C:\Users\esthe\Downloads\side mark 12\Side_1205_6_seven.mp4;C:\Users\esthe\Downloads\side mark 12\Side_1205_7_three.mp4;C:\Users\esthe\Downloads\side mark 12\Side_1205_8_five.mp4;C:\Users\esthe\Downloads\side mark 12\Side_1205_9_one.mp4,0.0,17.430;10.494;25.661;9.834;13.997;12.965;11.330;28.530;22.796;20.531;19.331;15.664;15.431;43.998;11.534,240.000;120.000;30.000;30.000;30.000;30.000;30.000;30.000;30.000;30.000;30.000;240.000;30.000;30.000;30.000,Sidemark,target,,,STOP,11.097,C:\Users\esthe\Downloads\side mark 12\Side_1205_10_onehalf.mp4,333,NA,
Side_1205,2025-06-06 16:08:33.219,,279.252,Media file(s),player #1:C:\Users\esthe\Downloads\side mark 12\Side_1205_10_onehalf.mp4;C:\Users\esthe\Downloads\side mark 12\Side_1205_12_three.mp4;C:\Users\esthe\Downloads\side mark 12\Side_1205_13_seven.mp4;C:\Users\esthe\Downloads\side mark 12\Side_1205_14_five.mp4;C:\Users\esthe\Downloads\side mark 12\Side_1205_15_three.mp4;C:\Users\esthe\Downloads\side mark 12\Side_1205_16_five.mp4;C:\Users\esthe\Downloads\side mark 12\Side_1205_1_control.mp4;C:\Users\esthe\Downloads\side mark 12\Side_1205_2_five.mp4;C:\Users\esthe\Downloads\side mark 12\Side_1205_3_one.mp4;C:\Users\esthe\Downloads\side mark 12\Side_1205_4_one.mp4;C:\Users\esthe\Downloads\side mark 12\Side_1205_5_three.mp4;C:\Users\esthe\Downloads\side mark 12\Side_1205_6_seven.mp4;C:\Users\esthe\Downloads\side mark 12\Side_1205_7_three.mp4;C:\Users\esthe\Downloads\side mark 12\Side_1205_8_five.mp4;C:\Users\esthe\Downloads\side mark 12\Side_1205_9_one.mp4,0.0,17.430;10.494;25.661;9.834;13.997;12.965;11.330;28.530;22.796;20.531;19.331;15.664;15.431;43.998;11.534,240.000;120.000;30.000;30.000;30.000;30.000;30.000;30.000;30.000;30.000;30.000;240.000;30.000;30.000;30.000,Sidemark,digging,,,START,12.531,C:\Users\esthe\Downloads\side mark 12\Side_1205_10_onehalf.mp4,376,NA,
Side_1205,2025-06-06 16:08:33.219,,279.252,Media file(s),player #1:C:\Users\esthe\Downloads\side mark 12\Side_1205_10_onehalf.mp4;C:\Users\esthe\Downloads\side mark 12\Side_1205_12_three.mp4;C:\Users\esthe\Downloads\side mark 12\Side_1205_13_seven.mp4;C:\Users\esthe\Downloads\side mark 12\Side_1205_14_five.mp4;C:\Users\esthe\Downloads\side mark 12\Side_1205_15_three.mp4;C:\Users\esthe\Downloads\side mark 12\Side_1205_16_five.mp4;C:\Users\esthe\Downloads\side mark 12\Side_1205_1_control.mp4;C:\Users\esthe\Downloads\side mark 12\Side_1205_2_five.mp4;C:\Users\esthe\Downloads\side mark 12\Side_1205_3_one.mp4;C:\Users\esthe\Downloads\side mark 12\Side_1205_4_one.mp4;C:\Users\esthe\Downloads\side mark 12\Side_1205_5_three.mp4;C:\Users\esthe\Downloads\side mark 12\Side_1205_6_seven.mp4;C:\Users\esthe\Downloads\side mark 12\Side_1205_7_three.mp4;C:\Users\esthe\Downloads\side mark 12\Side_1205_8_five.mp4;C:\Users\esthe\Downloads\side mark 12\Side_1205_9_one.mp4,0.0,17.430;10.494;25.661;9.834;13.997;12.965;11.330;28.530;22.796;20.531;19.331;15.664;15.431;43.998;11.534,240.000;120.000;30.000;30.000;30.000;30.000;30.000;30.000;30.000;30.000;30.000;240.000;30.000;30.000;30.000,Sidemark,digging,,,STOP,15.330,C:\Users\esthe\Downloads\side mark 12\Side_1205_10_onehalf.mp4,460,NA,
Side_1205,2025-06-06 16:08:33.219,,279.252,Media file(s),player #1:C:\Users\esthe\Downloads\side mark 12\Side_1205_10_onehalf.mp4;C:\Users\esthe\Downloads\side mark 12\Side_1205_12_three.mp4;C:\Users\esthe\Downloads\side mark 12\Side_1205_13_seven.mp4;C:\Users\esthe\Downloads\side mark 12\Side_1205_14_five.mp4;C:\Users\esthe\Downloads\side mark 12\Side_1205_15_three.mp4;C:\Users\esthe\Downloads\side mark 12\Side_1205_16_five.mp4;C:\Users\esthe\Downloads\side mark 12\Side_1205_1_control.mp4;C:\Users\esthe\Downloads\side mark 12\Side_1205_2_five.mp4;C:\Users\esthe\Downloads\side mark 12\Side_1205_3_one.mp4;C:\Users\esthe\Downloads\side mark 12\Side_1205_4_one.mp4;C:\Users\esthe\Downloads\side mark 12\Side_1205_5_three.mp4;C:\Users\esthe\Downloads\side mark 12\Side_1205_6_seven.mp4;C:\Users\esthe\Downloads\side mark 12\Side_1205_7_three.mp4;C:\Users\esthe\Downloads\side mark 12\Side_1205_8_five.mp4;C:\Users\esthe\Downloads\side mark 12\Side_1205_9_one.mp4,0.0,17.430;10.494;25.661;9.834;13.997;12.965;11.330;28.530;22.796;20.531;19.331;15.664;15.431;43.998;11.534,240.000;120.000;30.000;30.000;30.000;30.000;30.000;30.000;30.000;30.000;30.000;240.000;30.000;30.000;30.000,Sidemark,pushing,,,START,15.330,C:\Users\esthe\Downloads\side mark 12\Side_1205_10_onehalf.mp4,460,NA,
Side_1205,2025-06-06 16:08:33.219,,279.252,Media file(s),player #1:C:\Users\esthe\Downloads\side mark 12\Side_1205_10_onehalf.mp4;C:\Users\esthe\Downloads\side mark 12\Side_1205_12_three.mp4;C:\Users\esthe\Downloads\side mark 12\Side_1205_13_seven.mp4;C:\Users\esthe\Downloads\side mark 12\Side_1205_14_five.mp4;C:\Users\esthe\Downloads\side mark 12\Side_1205_15_three.mp4;C:\Users\esthe\Downloads\side mark 12\Side_1205_16_five.mp4;C:\Users\esthe\Downloads\side mark 12\Side_1205_1_control.mp4;C:\Users\esthe\Downloads\side mark 12\Side_1205_2_five.mp4;C:\Users\esthe\Downloads\side mark 12\Side_1205_3_one.mp4;C:\Users\esthe\Downloads\side mark 12\Side_1205_4_one.mp4;C:\Users\esthe\Downloads\side mark 12\Side_1205_5_three.mp4;C:\Users\esthe\Downloads\side mark 12\Side_1205_6_seven.mp4;C:\Users\esthe\Downloads\side mark 12\Side_1205_7_three.mp4;C:\Users\esthe\Downloads\side mark 12\Side_1205_8_five.mp4;C:\Users\esthe\Downloads\side mark 12\Side_1205_9_one.mp4,0.0,17.430;10.494;25.661;9.834;13.997;12.965;11.330;28.530;22.796;20.531;19.331;15.664;15.431;43.998;11.534,240.000;120.000;30.000;30.000;30.000;30.000;30.000;30.000;30.000;30.000;30.000;240.000;30.000;30.000;30.000,Sidemark,pushing,,,STOP,17.097,C:\Users\esthe\Downloads\side mark 12\Side_1205_10_onehalf.mp4,513,NA,
Side_1205,2025-06-06 16:08:33.219,,279.252,Media file(s),player #1:C:\Users\esthe\Downloads\side mark 12\Side_1205_10_onehalf.mp4;C:\Users\esthe\Downloads\side mark 12\Side_1205_12_three.mp4;C:\Users\esthe\Downloads\side mark 12\Side_1205_13_seven.mp4;C:\Users\esthe\Downloads\side mark 12\Side_1205_14_five.mp4;C:\Users\esthe\Downloads\side mark 12\Side_1205_15_three.mp4;C:\Users\esthe\Downloads\side mark 12\Side_1205_16_five.mp4;C:\Users\esthe\Downloads\side mark 12\Side_1205_1_control.mp4;C:\Users\esthe\Downloads\side mark 12\Side_1205_2_five.mp4;C:\Users\esthe\Downloads\side mark 12\Side_1205_3_one.mp4;C:\Users\esthe\Downloads\side mark 12\Side_1205_4_one.mp4;C:\Users\esthe\Downloads\side mark 12\Side_1205_5_three.mp4;C:\Users\esthe\Downloads\side mark 12\Side_1205_6_seven.mp4;C:\Users\esthe\Downloads\side mark 12\Side_1205_7_three.mp4;C:\Users\esthe\Downloads\side mark 12\Side_1205_8_five.mp4;C:\Users\esthe\Downloads\side mark 12\Side_1205_9_one.mp4,0.0,17.430;10.494;25.661;9.834;13.997;12.965;11.330;28.530;22.796;20.531;19.331;15.664;15.431;43.998;11.534,240.000;120.000;30.000;30.000;30.000;30.000;30.000;30.000;30.000;30.000;30.000;240.000;30.000;30.000;30.000,Sidemark,bending,,,START,17.462,C:\Users\esthe\Downloads\side mark 12\Side_1205_12_three.mp4,1,NA,
Side_1205,2025-06-06 16:08:33.219,,279.252,Media file(s),player #1:C:\Users\esthe\Downloads\side mark 12\Side_1205_10_onehalf.mp4;C:\Users\esthe\Downloads\side mark 12\Side_1205_12_three.mp4;C:\Users\esthe\Downloads\side mark 12\Side_1205_13_seven.mp4;C:\Users\esthe\Downloads\side mark 12\Side_1205_14_five.mp4;C:\Users\esthe\Downloads\side mark 12\Side_1205_15_three.mp4;C:\Users\esthe\Downloads\side mark 12\Side_1205_16_five.mp4;C:\Users\esthe\Downloads\side mark 12\Side_1205_1_control.mp4;C:\Users\esthe\Downloads\side mark 12\Side_1205_2_five.mp4;C:\Users\esthe\Downloads\side mark 12\Side_1205_3_one.mp4;C:\Users\esthe\Downloads\side mark 12\Side_1205_4_one.mp4;C:\Users\esthe\Downloads\side mark 12\Side_1205_5_three.mp4;C:\Users\esthe\Downloads\side mark 12\Side_1205_6_seven.mp4;C:\Users\esthe\Downloads\side mark 12\Side_1205_7_three.mp4;C:\Users\esthe\Downloads\side mark 12\Side_1205_8_five.mp4;C:\Users\esthe\Downloads\side mark 12\Side_1205_9_one.mp4,0.0,17.430;10.494;25.661;9.834;13.997;12.965;11.330;28.530;22.796;20.531;19.331;15.664;15.431;43.998;11.534,240.000;120.000;30.000;30.000;30.000;30.000;30.000;30.000;30.000;30.000;30.000;240.000;30.000;30.000;30.000,Sidemark,grabbing peanut,,,POINT,18.129,C:\Users\esthe\Downloads\side mark 12\Side_1205_12_three.mp4,21,NA,
Side_1205,2025-06-06 16:08:33.219,,279.252,Media file(s),player #1:C:\Users\esthe\Downloads\side mark 12\Side_1205_10_onehalf.mp4;C:\Users\esthe\Downloads\side mark 12\Side_1205_12_three.mp4;C:\Users\esthe\Downloads\side mark 12\Side_1205_13_seven.mp4;C:\Users\esthe\Downloads\side mark 12\Side_1205_14_five.mp4;C:\Users\esthe\Downloads\side mark 12\Side_1205_15_three.mp4;C:\Users\esthe\Downloads\side mark 12\Side_1205_16_five.mp4;C:\Users\esthe\Downloads\side mark 12\Side_1205_1_control.mp4;C:\Users\esthe\Downloads\side mark 12\Side_1205_2_five.mp4;C:\Users\esthe\Downloads\side mark 12\Side_1205_3_one.mp4;C:\Users\esthe\Downloads\side mark 12\Side_1205_4_one.mp4;C:\Users\esthe\Downloads\side mark 12\Side_1205_5_three.mp4;C:\Users\esthe\Downloads\side mark 12\Side_1205_6_seven.mp4;C:\Users\esthe\Downloads\side mark 12\Side_1205_7_three.mp4;C:\Users\esthe\Downloads\side mark 12\Side_1205_8_five.mp4;C:\Users\esthe\Downloads\side mark 12\Side_1205_9_one.mp4,0.0,17.430;10.494;25.661;9.834;13.997;12.965;11.330;28.530;22.796;20.531;19.331;15.664;15.431;43.998;11.534,240.000;120.000;30.000;30.000;30.000;30.000;30.000;30.000;30.000;30.000;30.000;240.000;30.000;30.000;30.000,Sidemark,bending,,,STOP,18.196,C:\Users\esthe\Downloads\side mark 12\Side_1205_12_three.mp4,23,NA,
Side_1205,2025-06-06 16:08:33.219,,279.252,Media file(s),player #1:C:\Users\esthe\Downloads\side mark 12\Side_1205_10_onehalf.mp4;C:\Users\esthe\Downloads\side mark 12\Side_1205_12_three.mp4;C:\Users\esthe\Downloads\side mark 12\Side_1205_13_seven.mp4;C:\Users\esthe\Downloads\side mark 12\Side_1205_14_five.mp4;C:\Users\esthe\Downloads\side mark 12\Side_1205_15_three.mp4;C:\Users\esthe\Downloads\side mark 12\Side_1205_16_five.mp4;C:\Users\esthe\Downloads\side mark 12\Side_1205_1_control.mp4;C:\Users\esthe\Downloads\side mark 12\Side_1205_2_five.mp4;C:\Users\esthe\Downloads\side mark 12\Side_1205_3_one.mp4;C:\Users\esthe\Downloads\side mark 12\Side_1205_4_one.mp4;C:\Users\esthe\Downloads\side mark 12\Side_1205_5_three.mp4;C:\Users\esthe\Downloads\side mark 12\Side_1205_6_seven.mp4;C:\Users\esthe\Downloads\side mark 12\Side_1205_7_three.mp4;C:\Users\esthe\Downloads\side mark 12\Side_1205_8_five.mp4;C:\Users\esthe\Downloads\side mark 12\Side_1205_9_one.mp4,0.0,17.430;10.494;25.661;9.834;13.997;12.965;11.330;28.530;22.796;20.531;19.331;15.664;15.431;43.998;11.534,240.000;120.000;30.000;30.000;30.000;30.000;30.000;30.000;30.000;30.000;30.000;240.000;30.000;30.000;30.000,Sidemark,lifting,,,START,18.196,C:\Users\esthe\Downloads\side mark 12\Side_1205_12_three.mp4,23,NA,
Side_1205,2025-06-06 16:08:33.219,,279.252,Media file(s),player #1:C:\Users\esthe\Downloads\side mark 12\Side_1205_10_onehalf.mp4;C:\Users\esthe\Downloads\side mark 12\Side_1205_12_three.mp4;C:\Users\esthe\Downloads\side mark 12\Side_1205_13_seven.mp4;C:\Users\esthe\Downloads\side mark 12\Side_1205_14_five.mp4;C:\Users\esthe\Downloads\side mark 12\Side_1205_15_three.mp4;C:\Users\esthe\Downloads\side mark 12\Side_1205_16_five.mp4;C:\Users\esthe\Downloads\side mark 12\Side_1205_1_control.mp4;C:\Users\esthe\Downloads\side mark 12\Side_1205_2_five.mp4;C:\Users\esthe\Downloads\side mark 12\Side_1205_3_one.mp4;C:\Users\esthe\Downloads\side mark 12\Side_1205_4_one.mp4;C:\Users\esthe\Downloads\side mark 12\Side_1205_5_three.mp4;C:\Users\esthe\Downloads\side mark 12\Side_1205_6_seven.mp4;C:\Users\esthe\Downloads\side mark 12\Side_1205_7_three.mp4;C:\Users\esthe\Downloads\side mark 12\Side_1205_8_five.mp4;C:\Users\esthe\Downloads\side mark 12\Side_1205_9_one.mp4,0.0,17.430;10.494;25.661;9.834;13.997;12.965;11.330;28.530;22.796;20.531;19.331;15.664;15.431;43.998;11.534,240.000;120.000;30.000;30.000;30.000;30.000;30.000;30.000;30.000;30.000;30.000;240.000;30.000;30.000;30.000,Sidemark,lifting,,,STOP,18.462,C:\Users\esthe\Downloads\side mark 12\Side_1205_12_three.mp4,31,NA,
Side_1205,2025-06-06 16:08:33.219,,279.252,Media file(s),player #1:C:\Users\esthe\Downloads\side mark 12\Side_1205_10_onehalf.mp4;C:\Users\esthe\Downloads\side mark 12\Side_1205_12_three.mp4;C:\Users\esthe\Downloads\side mark 12\Side_1205_13_seven.mp4;C:\Users\esthe\Downloads\side mark 12\Side_1205_14_five.mp4;C:\Users\esthe\Downloads\side mark 12\Side_1205_15_three.mp4;C:\Users\esthe\Downloads\side mark 12\Side_1205_16_five.mp4;C:\Users\esthe\Downloads\side mark 12\Side_1205_1_control.mp4;C:\Users\esthe\Downloads\side mark 12\Side_1205_2_five.mp4;C:\Users\esthe\Downloads\side mark 12\Side_1205_3_one.mp4;C:\Users\esthe\Downloads\side mark 12\Side_1205_4_one.mp4;C:\Users\esthe\Downloads\side mark 12\Side_1205_5_three.mp4;C:\Users\esthe\Downloads\side mark 12\Side_1205_6_seven.mp4;C:\Users\esthe\Downloads\side mark 12\Side_1205_7_three.mp4;C:\Users\esthe\Downloads\side mark 12\Side_1205_8_five.mp4;C:\Users\esthe\Downloads\side mark 12\Side_1205_9_one.mp4,0.0,17.430;10.494;25.661;9.834;13.997;12.965;11.330;28.530;22.796;20.531;19.331;15.664;15.431;43.998;11.534,240.000;120.000;30.000;30.000;30.000;30.000;30.000;30.000;30.000;30.000;30.000;240.000;30.000;30.000;30.000,Sidemark,target,,,START,19.222,C:\Users\esthe\Downloads\side mark 12\Side_1205_12_three.mp4,54,NA,
Side_1205,2025-06-06 16:08:33.219,,279.252,Media file(s),player #1:C:\Users\esthe\Downloads\side mark 12\Side_1205_10_onehalf.mp4;C:\Users\esthe\Downloads\side mark 12\Side_1205_12_three.mp4;C:\Users\esthe\Downloads\side mark 12\Side_1205_13_seven.mp4;C:\Users\esthe\Downloads\side mark 12\Side_1205_14_five.mp4;C:\Users\esthe\Downloads\side mark 12\Side_1205_15_three.mp4;C:\Users\esthe\Downloads\side mark 12\Side_1205_16_five.mp4;C:\Users\esthe\Downloads\side mark 12\Side_1205_1_control.mp4;C:\Users\esthe\Downloads\side mark 12\Side_1205_2_five.mp4;C:\Users\esthe\Downloads\side mark 12\Side_1205_3_one.mp4;C:\Users\esthe\Downloads\side mark 12\Side_1205_4_one.mp4;C:\Users\esthe\Downloads\side mark 12\Side_1205_5_three.mp4;C:\Users\esthe\Downloads\side mark 12\Side_1205_6_seven.mp4;C:\Users\esthe\Downloads\side mark 12\Side_1205_7_three.mp4;C:\Users\esthe\Downloads\side mark 12\Side_1205_8_five.mp4;C:\Users\esthe\Downloads\side mark 12\Side_1205_9_one.mp4,0.0,17.430;10.494;25.661;9.834;13.997;12.965;11.330;28.530;22.796;20.531;19.331;15.664;15.431;43.998;11.534,240.000;120.000;30.000;30.000;30.000;30.000;30.000;30.000;30.000;30.000;30.000;240.000;30.000;30.000;30.000,Sidemark,target,,,STOP,27.323,C:\Users\esthe\Downloads\side mark 12\Side_1205_12_three.mp4,297,NA,
Side_1205,2025-06-06 16:08:33.219,,279.252,Media file(s),player #1:C:\Users\esthe\Downloads\side mark 12\Side_1205_10_onehalf.mp4;C:\Users\esthe\Downloads\side mark 12\Side_1205_12_three.mp4;C:\Users\esthe\Downloads\side mark 12\Side_1205_13_seven.mp4;C:\Users\esthe\Downloads\side mark 12\Side_1205_14_five.mp4;C:\Users\esthe\Downloads\side mark 12\Side_1205_15_three.mp4;C:\Users\esthe\Downloads\side mark 12\Side_1205_16_five.mp4;C:\Users\esthe\Downloads\side mark 12\Side_1205_1_control.mp4;C:\Users\esthe\Downloads\side mark 12\Side_1205_2_five.mp4;C:\Users\esthe\Downloads\side mark 12\Side_1205_3_one.mp4;C:\Users\esthe\Downloads\side mark 12\Side_1205_4_one.mp4;C:\Users\esthe\Downloads\side mark 12\Side_1205_5_three.mp4;C:\Users\esthe\Downloads\side mark 12\Side_1205_6_seven.mp4;C:\Users\esthe\Downloads\side mark 12\Side_1205_7_three.mp4;C:\Users\esthe\Downloads\side mark 12\Side_1205_8_five.mp4;C:\Users\esthe\Downloads\side mark 12\Side_1205_9_one.mp4,0.0,17.430;10.494;25.661;9.834;13.997;12.965;11.330;28.530;22.796;20.531;19.331;15.664;15.431;43.998;11.534,240.000;120.000;30.000;30.000;30.000;30.000;30.000;30.000;30.000;30.000;30.000;240.000;30.000;30.000;30.000,Sidemark,explore,,,START,28.822,C:\Users\esthe\Downloads\side mark 12\Side_1205_13_seven.mp4,27,NA,
Side_1205,2025-06-06 16:08:33.219,,279.252,Media file(s),player #1:C:\Users\esthe\Downloads\side mark 12\Side_1205_10_onehalf.mp4;C:\Users\esthe\Downloads\side mark 12\Side_1205_12_three.mp4;C:\Users\esthe\Downloads\side mark 12\Side_1205_13_seven.mp4;C:\Users\esthe\Downloads\side mark 12\Side_1205_14_five.mp4;C:\Users\esthe\Downloads\side mark 12\Side_1205_15_three.mp4;C:\Users\esthe\Downloads\side mark 12\Side_1205_16_five.mp4;C:\Users\esthe\Downloads\side mark 12\Side_1205_1_control.mp4;C:\Users\esthe\Downloads\side mark 12\Side_1205_2_five.mp4;C:\Users\esthe\Downloads\side mark 12\Side_1205_3_one.mp4;C:\Users\esthe\Downloads\side mark 12\Side_1205_4_one.mp4;C:\Users\esthe\Downloads\side mark 12\Side_1205_5_three.mp4;C:\Users\esthe\Downloads\side mark 12\Side_1205_6_seven.mp4;C:\Users\esthe\Downloads\side mark 12\Side_1205_7_three.mp4;C:\Users\esthe\Downloads\side mark 12\Side_1205_8_five.mp4;C:\Users\esthe\Downloads\side mark 12\Side_1205_9_one.mp4,0.0,17.430;10.494;25.661;9.834;13.997;12.965;11.330;28.530;22.796;20.531;19.331;15.664;15.431;43.998;11.534,240.000;120.000;30.000;30.000;30.000;30.000;30.000;30.000;30.000;30.000;30.000;240.000;30.000;30.000;30.000,Sidemark,explore,,,STOP,31.052,C:\Users\esthe\Downloads\side mark 12\Side_1205_13_seven.mp4,94,NA,
Side_1205,2025-06-06 16:08:33.219,,279.252,Media file(s),player #1:C:\Users\esthe\Downloads\side mark 12\Side_1205_10_onehalf.mp4;C:\Users\esthe\Downloads\side mark 12\Side_1205_12_three.mp4;C:\Users\esthe\Downloads\side mark 12\Side_1205_13_seven.mp4;C:\Users\esthe\Downloads\side mark 12\Side_1205_14_five.mp4;C:\Users\esthe\Downloads\side mark 12\Side_1205_15_three.mp4;C:\Users\esthe\Downloads\side mark 12\Side_1205_16_five.mp4;C:\Users\esthe\Downloads\side mark 12\Side_1205_1_control.mp4;C:\Users\esthe\Downloads\side mark 12\Side_1205_2_five.mp4;C:\Users\esthe\Downloads\side mark 12\Side_1205_3_one.mp4;C:\Users\esthe\Downloads\side mark 12\Side_1205_4_one.mp4;C:\Users\esthe\Downloads\side mark 12\Side_1205_5_three.mp4;C:\Users\esthe\Downloads\side mark 12\Side_1205_6_seven.mp4;C:\Users\esthe\Downloads\side mark 12\Side_1205_7_three.mp4;C:\Users\esthe\Downloads\side mark 12\Side_1205_8_five.mp4;C:\Users\esthe\Downloads\side mark 12\Side_1205_9_one.mp4,0.0,17.430;10.494;25.661;9.834;13.997;12.965;11.330;28.530;22.796;20.531;19.331;15.664;15.431;43.998;11.534,240.000;120.000;30.000;30.000;30.000;30.000;30.000;30.000;30.000;30.000;30.000;240.000;30.000;30.000;30.000,Sidemark,bending,,,START,31.318,C:\Users\esthe\Downloads\side mark 12\Side_1205_13_seven.mp4,102,NA,
Side_1205,2025-06-06 16:08:33.219,,279.252,Media file(s),player #1:C:\Users\esthe\Downloads\side mark 12\Side_1205_10_onehalf.mp4;C:\Users\esthe\Downloads\side mark 12\Side_1205_12_three.mp4;C:\Users\esthe\Downloads\side mark 12\Side_1205_13_seven.mp4;C:\Users\esthe\Downloads\side mark 12\Side_1205_14_five.mp4;C:\Users\esthe\Downloads\side mark 12\Side_1205_15_three.mp4;C:\Users\esthe\Downloads\side mark 12\Side_1205_16_five.mp4;C:\Users\esthe\Downloads\side mark 12\Side_1205_1_control.mp4;C:\Users\esthe\Downloads\side mark 12\Side_1205_2_five.mp4;C:\Users\esthe\Downloads\side mark 12\Side_1205_3_one.mp4;C:\Users\esthe\Downloads\side mark 12\Side_1205_4_one.mp4;C:\Users\esthe\Downloads\side mark 12\Side_1205_5_three.mp4;C:\Users\esthe\Downloads\side mark 12\Side_1205_6_seven.mp4;C:\Users\esthe\Downloads\side mark 12\Side_1205_7_three.mp4;C:\Users\esthe\Downloads\side mark 12\Side_1205_8_five.mp4;C:\Users\esthe\Downloads\side mark 12\Side_1205_9_one.mp4,0.0,17.430;10.494;25.661;9.834;13.997;12.965;11.330;28.530;22.796;20.531;19.331;15.664;15.431;43.998;11.534,240.000;120.000;30.000;30.000;30.000;30.000;30.000;30.000;30.000;30.000;30.000;240.000;30.000;30.000;30.000,Sidemark,grabbing peanut,,,POINT,32.252,C:\Users\esthe\Downloads\side mark 12\Side_1205_13_seven.mp4,130,NA,
Side_1205,2025-06-06 16:08:33.219,,279.252,Media file(s),player #1:C:\Users\esthe\Downloads\side mark 12\Side_1205_10_onehalf.mp4;C:\Users\esthe\Downloads\side mark 12\Side_1205_12_three.mp4;C:\Users\esthe\Downloads\side mark 12\Side_1205_13_seven.mp4;C:\Users\esthe\Downloads\side mark 12\Side_1205_14_five.mp4;C:\Users\esthe\Downloads\side mark 12\Side_1205_15_three.mp4;C:\Users\esthe\Downloads\side mark 12\Side_1205_16_five.mp4;C:\Users\esthe\Downloads\side mark 12\Side_1205_1_control.mp4;C:\Users\esthe\Downloads\side mark 12\Side_1205_2_five.mp4;C:\Users\esthe\Downloads\side mark 12\Side_1205_3_one.mp4;C:\Users\esthe\Downloads\side mark 12\Side_1205_4_one.mp4;C:\Users\esthe\Downloads\side mark 12\Side_1205_5_three.mp4;C:\Users\esthe\Downloads\side mark 12\Side_1205_6_seven.mp4;C:\Users\esthe\Downloads\side mark 12\Side_1205_7_three.mp4;C:\Users\esthe\Downloads\side mark 12\Side_1205_8_five.mp4;C:\Users\esthe\Downloads\side mark 12\Side_1205_9_one.mp4,0.0,17.430;10.494;25.661;9.834;13.997;12.965;11.330;28.530;22.796;20.531;19.331;15.664;15.431;43.998;11.534,240.000;120.000;30.000;30.000;30.000;30.000;30.000;30.000;30.000;30.000;30.000;240.000;30.000;30.000;30.000,Sidemark,bending,,,STOP,32.318,C:\Users\esthe\Downloads\side mark 12\Side_1205_13_seven.mp4,132,NA,
Side_1205,2025-06-06 16:08:33.219,,279.252,Media file(s),player #1:C:\Users\esthe\Downloads\side mark 12\Side_1205_10_onehalf.mp4;C:\Users\esthe\Downloads\side mark 12\Side_1205_12_three.mp4;C:\Users\esthe\Downloads\side mark 12\Side_1205_13_seven.mp4;C:\Users\esthe\Downloads\side mark 12\Side_1205_14_five.mp4;C:\Users\esthe\Downloads\side mark 12\Side_1205_15_three.mp4;C:\Users\esthe\Downloads\side mark 12\Side_1205_16_five.mp4;C:\Users\esthe\Downloads\side mark 12\Side_1205_1_control.mp4;C:\Users\esthe\Downloads\side mark 12\Side_1205_2_five.mp4;C:\Users\esthe\Downloads\side mark 12\Side_1205_3_one.mp4;C:\Users\esthe\Downloads\side mark 12\Side_1205_4_one.mp4;C:\Users\esthe\Downloads\side mark 12\Side_1205_5_three.mp4;C:\Users\esthe\Downloads\side mark 12\Side_1205_6_seven.mp4;C:\Users\esthe\Downloads\side mark 12\Side_1205_7_three.mp4;C:\Users\esthe\Downloads\side mark 12\Side_1205_8_five.mp4;C:\Users\esthe\Downloads\side mark 12\Side_1205_9_one.mp4,0.0,17.430;10.494;25.661;9.834;13.997;12.965;11.330;28.530;22.796;20.531;19.331;15.664;15.431;43.998;11.534,240.000;120.000;30.000;30.000;30.000;30.000;30.000;30.000;30.000;30.000;30.000;240.000;30.000;30.000;30.000,Sidemark,lifting,,,START,32.318,C:\Users\esthe\Downloads\side mark 12\Side_1205_13_seven.mp4,132,NA,
Side_1205,2025-06-06 16:08:33.219,,279.252,Media file(s),player #1:C:\Users\esthe\Downloads\side mark 12\Side_1205_10_onehalf.mp4;C:\Users\esthe\Downloads\side mark 12\Side_1205_12_three.mp4;C:\Users\esthe\Downloads\side mark 12\Side_1205_13_seven.mp4;C:\Users\esthe\Downloads\side mark 12\Side_1205_14_five.mp4;C:\Users\esthe\Downloads\side mark 12\Side_1205_15_three.mp4;C:\Users\esthe\Downloads\side mark 12\Side_1205_16_five.mp4;C:\Users\esthe\Downloads\side mark 12\Side_1205_1_control.mp4;C:\Users\esthe\Downloads\side mark 12\Side_1205_2_five.mp4;C:\Users\esthe\Downloads\side mark 12\Side_1205_3_one.mp4;C:\Users\esthe\Downloads\side mark 12\Side_1205_4_one.mp4;C:\Users\esthe\Downloads\side mark 12\Side_1205_5_three.mp4;C:\Users\esthe\Downloads\side mark 12\Side_1205_6_seven.mp4;C:\Users\esthe\Downloads\side mark 12\Side_1205_7_three.mp4;C:\Users\esthe\Downloads\side mark 12\Side_1205_8_five.mp4;C:\Users\esthe\Downloads\side mark 12\Side_1205_9_one.mp4,0.0,17.430;10.494;25.661;9.834;13.997;12.965;11.330;28.530;22.796;20.531;19.331;15.664;15.431;43.998;11.534,240.000;120.000;30.000;30.000;30.000;30.000;30.000;30.000;30.000;30.000;30.000;240.000;30.000;30.000;30.000,Sidemark,lifting,,,STOP,32.752,C:\Users\esthe\Downloads\side mark 12\Side_1205_13_seven.mp4,145,NA,
Side_1205,2025-06-06 16:08:33.219,,279.252,Media file(s),player #1:C:\Users\esthe\Downloads\side mark 12\Side_1205_10_onehalf.mp4;C:\Users\esthe\Downloads\side mark 12\Side_1205_12_three.mp4;C:\Users\esthe\Downloads\side mark 12\Side_1205_13_seven.mp4;C:\Users\esthe\Downloads\side mark 12\Side_1205_14_five.mp4;C:\Users\esthe\Downloads\side mark 12\Side_1205_15_three.mp4;C:\Users\esthe\Downloads\side mark 12\Side_1205_16_five.mp4;C:\Users\esthe\Downloads\side mark 12\Side_1205_1_control.mp4;C:\Users\esthe\Downloads\side mark 12\Side_1205_2_five.mp4;C:\Users\esthe\Downloads\side mark 12\Side_1205_3_one.mp4;C:\Users\esthe\Downloads\side mark 12\Side_1205_4_one.mp4;C:\Users\esthe\Downloads\side mark 12\Side_1205_5_three.mp4;C:\Users\esthe\Downloads\side mark 12\Side_1205_6_seven.mp4;C:\Users\esthe\Downloads\side mark 12\Side_1205_7_three.mp4;C:\Users\esthe\Downloads\side mark 12\Side_1205_8_five.mp4;C:\Users\esthe\Downloads\side mark 12\Side_1205_9_one.mp4,0.0,17.430;10.494;25.661;9.834;13.997;12.965;11.330;28.530;22.796;20.531;19.331;15.664;15.431;43.998;11.534,240.000;120.000;30.000;30.000;30.000;30.000;30.000;30.000;30.000;30.000;30.000;240.000;30.000;30.000;30.000,Sidemark,target,,,START,33.819,C:\Users\esthe\Downloads\side mark 12\Side_1205_13_seven.mp4,177,NA,
Side_1205,2025-06-06 16:08:33.219,,279.252,Media file(s),player #1:C:\Users\esthe\Downloads\side mark 12\Side_1205_10_onehalf.mp4;C:\Users\esthe\Downloads\side mark 12\Side_1205_12_three.mp4;C:\Users\esthe\Downloads\side mark 12\Side_1205_13_seven.mp4;C:\Users\esthe\Downloads\side mark 12\Side_1205_14_five.mp4;C:\Users\esthe\Downloads\side mark 12\Side_1205_15_three.mp4;C:\Users\esthe\Downloads\side mark 12\Side_1205_16_five.mp4;C:\Users\esthe\Downloads\side mark 12\Side_1205_1_control.mp4;C:\Users\esthe\Downloads\side mark 12\Side_1205_2_five.mp4;C:\Users\esthe\Downloads\side mark 12\Side_1205_3_one.mp4;C:\Users\esthe\Downloads\side mark 12\Side_1205_4_one.mp4;C:\Users\esthe\Downloads\side mark 12\Side_1205_5_three.mp4;C:\Users\esthe\Downloads\side mark 12\Side_1205_6_seven.mp4;C:\Users\esthe\Downloads\side mark 12\Side_1205_7_three.mp4;C:\Users\esthe\Downloads\side mark 12\Side_1205_8_five.mp4;C:\Users\esthe\Downloads\side mark 12\Side_1205_9_one.mp4,0.0,17.430;10.494;25.661;9.834;13.997;12.965;11.330;28.530;22.796;20.531;19.331;15.664;15.431;43.998;11.534,240.000;120.000;30.000;30.000;30.000;30.000;30.000;30.000;30.000;30.000;30.000;240.000;30.000;30.000;30.000,Sidemark,pause,,,START,39.319,C:\Users\esthe\Downloads\side mark 12\Side_1205_13_seven.mp4,342,NA,
Side_1205,2025-06-06 16:08:33.219,,279.252,Media file(s),player #1:C:\Users\esthe\Downloads\side mark 12\Side_1205_10_onehalf.mp4;C:\Users\esthe\Downloads\side mark 12\Side_1205_12_three.mp4;C:\Users\esthe\Downloads\side mark 12\Side_1205_13_seven.mp4;C:\Users\esthe\Downloads\side mark 12\Side_1205_14_five.mp4;C:\Users\esthe\Downloads\side mark 12\Side_1205_15_three.mp4;C:\Users\esthe\Downloads\side mark 12\Side_1205_16_five.mp4;C:\Users\esthe\Downloads\side mark 12\Side_1205_1_control.mp4;C:\Users\esthe\Downloads\side mark 12\Side_1205_2_five.mp4;C:\Users\esthe\Downloads\side mark 12\Side_1205_3_one.mp4;C:\Users\esthe\Downloads\side mark 12\Side_1205_4_one.mp4;C:\Users\esthe\Downloads\side mark 12\Side_1205_5_three.mp4;C:\Users\esthe\Downloads\side mark 12\Side_1205_6_seven.mp4;C:\Users\esthe\Downloads\side mark 12\Side_1205_7_three.mp4;C:\Users\esthe\Downloads\side mark 12\Side_1205_8_five.mp4;C:\Users\esthe\Downloads\side mark 12\Side_1205_9_one.mp4,0.0,17.430;10.494;25.661;9.834;13.997;12.965;11.330;28.530;22.796;20.531;19.331;15.664;15.431;43.998;11.534,240.000;120.000;30.000;30.000;30.000;30.000;30.000;30.000;30.000;30.000;30.000;240.000;30.000;30.000;30.000,Sidemark,pause,,,STOP,40.418,C:\Users\esthe\Downloads\side mark 12\Side_1205_13_seven.mp4,375,NA,
Side_1205,2025-06-06 16:08:33.219,,279.252,Media file(s),player #1:C:\Users\esthe\Downloads\side mark 12\Side_1205_10_onehalf.mp4;C:\Users\esthe\Downloads\side mark 12\Side_1205_12_three.mp4;C:\Users\esthe\Downloads\side mark 12\Side_1205_13_seven.mp4;C:\Users\esthe\Downloads\side mark 12\Side_1205_14_five.mp4;C:\Users\esthe\Downloads\side mark 12\Side_1205_15_three.mp4;C:\Users\esthe\Downloads\side mark 12\Side_1205_16_five.mp4;C:\Users\esthe\Downloads\side mark 12\Side_1205_1_control.mp4;C:\Users\esthe\Downloads\side mark 12\Side_1205_2_five.mp4;C:\Users\esthe\Downloads\side mark 12\Side_1205_3_one.mp4;C:\Users\esthe\Downloads\side mark 12\Side_1205_4_one.mp4;C:\Users\esthe\Downloads\side mark 12\Side_1205_5_three.mp4;C:\Users\esthe\Downloads\side mark 12\Side_1205_6_seven.mp4;C:\Users\esthe\Downloads\side mark 12\Side_1205_7_three.mp4;C:\Users\esthe\Downloads\side mark 12\Side_1205_8_five.mp4;C:\Users\esthe\Downloads\side mark 12\Side_1205_9_one.mp4,0.0,17.430;10.494;25.661;9.834;13.997;12.965;11.330;28.530;22.796;20.531;19.331;15.664;15.431;43.998;11.534,240.000;120.000;30.000;30.000;30.000;30.000;30.000;30.000;30.000;30.000;30.000;240.000;30.000;30.000;30.000,Sidemark,pause,,,START,44.251,C:\Users\esthe\Downloads\side mark 12\Side_1205_13_seven.mp4,490,NA,
Side_1205,2025-06-06 16:08:33.219,,279.252,Media file(s),player #1:C:\Users\esthe\Downloads\side mark 12\Side_1205_10_onehalf.mp4;C:\Users\esthe\Downloads\side mark 12\Side_1205_12_three.mp4;C:\Users\esthe\Downloads\side mark 12\Side_1205_13_seven.mp4;C:\Users\esthe\Downloads\side mark 12\Side_1205_14_five.mp4;C:\Users\esthe\Downloads\side mark 12\Side_1205_15_three.mp4;C:\Users\esthe\Downloads\side mark 12\Side_1205_16_five.mp4;C:\Users\esthe\Downloads\side mark 12\Side_1205_1_control.mp4;C:\Users\esthe\Downloads\side mark 12\Side_1205_2_five.mp4;C:\Users\esthe\Downloads\side mark 12\Side_1205_3_one.mp4;C:\Users\esthe\Downloads\side mark 12\Side_1205_4_one.mp4;C:\Users\esthe\Downloads\side mark 12\Side_1205_5_three.mp4;C:\Users\esthe\Downloads\side mark 12\Side_1205_6_seven.mp4;C:\Users\esthe\Downloads\side mark 12\Side_1205_7_three.mp4;C:\Users\esthe\Downloads\side mark 12\Side_1205_8_five.mp4;C:\Users\esthe\Downloads\side mark 12\Side_1205_9_one.mp4,0.0,17.430;10.494;25.661;9.834;13.997;12.965;11.330;28.530;22.796;20.531;19.331;15.664;15.431;43.998;11.534,240.000;120.000;30.000;30.000;30.000;30.000;30.000;30.000;30.000;30.000;30.000;240.000;30.000;30.000;30.000,Sidemark,pause,,,STOP,45.951,C:\Users\esthe\Downloads\side mark 12\Side_1205_13_seven.mp4,541,NA,
Side_1205,2025-06-06 16:08:33.219,,279.252,Media file(s),player #1:C:\Users\esthe\Downloads\side mark 12\Side_1205_10_onehalf.mp4;C:\Users\esthe\Downloads\side mark 12\Side_1205_12_three.mp4;C:\Users\esthe\Downloads\side mark 12\Side_1205_13_seven.mp4;C:\Users\esthe\Downloads\side mark 12\Side_1205_14_five.mp4;C:\Users\esthe\Downloads\side mark 12\Side_1205_15_three.mp4;C:\Users\esthe\Downloads\side mark 12\Side_1205_16_five.mp4;C:\Users\esthe\Downloads\side mark 12\Side_1205_1_control.mp4;C:\Users\esthe\Downloads\side mark 12\Side_1205_2_five.mp4;C:\Users\esthe\Downloads\side mark 12\Side_1205_3_one.mp4;C:\Users\esthe\Downloads\side mark 12\Side_1205_4_one.mp4;C:\Users\esthe\Downloads\side mark 12\Side_1205_5_three.mp4;C:\Users\esthe\Downloads\side mark 12\Side_1205_6_seven.mp4;C:\Users\esthe\Downloads\side mark 12\Side_1205_7_three.mp4;C:\Users\esthe\Downloads\side mark 12\Side_1205_8_five.mp4;C:\Users\esthe\Downloads\side mark 12\Side_1205_9_one.mp4,0.0,17.430;10.494;25.661;9.834;13.997;12.965;11.330;28.530;22.796;20.531;19.331;15.664;15.431;43.998;11.534,240.000;120.000;30.000;30.000;30.000;30.000;30.000;30.000;30.000;30.000;30.000;240.000;30.000;30.000;30.000,Sidemark,pause,,,START,47.484,C:\Users\esthe\Downloads\side mark 12\Side_1205_13_seven.mp4,587,NA,
Side_1205,2025-06-06 16:08:33.219,,279.252,Media file(s),player #1:C:\Users\esthe\Downloads\side mark 12\Side_1205_10_onehalf.mp4;C:\Users\esthe\Downloads\side mark 12\Side_1205_12_three.mp4;C:\Users\esthe\Downloads\side mark 12\Side_1205_13_seven.mp4;C:\Users\esthe\Downloads\side mark 12\Side_1205_14_five.mp4;C:\Users\esthe\Downloads\side mark 12\Side_1205_15_three.mp4;C:\Users\esthe\Downloads\side mark 12\Side_1205_16_five.mp4;C:\Users\esthe\Downloads\side mark 12\Side_1205_1_control.mp4;C:\Users\esthe\Downloads\side mark 12\Side_1205_2_five.mp4;C:\Users\esthe\Downloads\side mark 12\Side_1205_3_one.mp4;C:\Users\esthe\Downloads\side mark 12\Side_1205_4_one.mp4;C:\Users\esthe\Downloads\side mark 12\Side_1205_5_three.mp4;C:\Users\esthe\Downloads\side mark 12\Side_1205_6_seven.mp4;C:\Users\esthe\Downloads\side mark 12\Side_1205_7_three.mp4;C:\Users\esthe\Downloads\side mark 12\Side_1205_8_five.mp4;C:\Users\esthe\Downloads\side mark 12\Side_1205_9_one.mp4,0.0,17.430;10.494;25.661;9.834;13.997;12.965;11.330;28.530;22.796;20.531;19.331;15.664;15.431;43.998;11.534,240.000;120.000;30.000;30.000;30.000;30.000;30.000;30.000;30.000;30.000;30.000;240.000;30.000;30.000;30.000,Sidemark,pause,,,STOP,47.751,C:\Users\esthe\Downloads\side mark 12\Side_1205_13_seven.mp4,595,NA,
Side_1205,2025-06-06 16:08:33.219,,279.252,Media file(s),player #1:C:\Users\esthe\Downloads\side mark 12\Side_1205_10_onehalf.mp4;C:\Users\esthe\Downloads\side mark 12\Side_1205_12_three.mp4;C:\Users\esthe\Downloads\side mark 12\Side_1205_13_seven.mp4;C:\Users\esthe\Downloads\side mark 12\Side_1205_14_five.mp4;C:\Users\esthe\Downloads\side mark 12\Side_1205_15_three.mp4;C:\Users\esthe\Downloads\side mark 12\Side_1205_16_five.mp4;C:\Users\esthe\Downloads\side mark 12\Side_1205_1_control.mp4;C:\Users\esthe\Downloads\side mark 12\Side_1205_2_five.mp4;C:\Users\esthe\Downloads\side mark 12\Side_1205_3_one.mp4;C:\Users\esthe\Downloads\side mark 12\Side_1205_4_one.mp4;C:\Users\esthe\Downloads\side mark 12\Side_1205_5_three.mp4;C:\Users\esthe\Downloads\side mark 12\Side_1205_6_seven.mp4;C:\Users\esthe\Downloads\side mark 12\Side_1205_7_three.mp4;C:\Users\esthe\Downloads\side mark 12\Side_1205_8_five.mp4;C:\Users\esthe\Downloads\side mark 12\Side_1205_9_one.mp4,0.0,17.430;10.494;25.661;9.834;13.997;12.965;11.330;28.530;22.796;20.531;19.331;15.664;15.431;43.998;11.534,240.000;120.000;30.000;30.000;30.000;30.000;30.000;30.000;30.000;30.000;30.000;240.000;30.000;30.000;30.000,Sidemark,target,,,STOP,51.950,C:\Users\esthe\Downloads\side mark 12\Side_1205_13_seven.mp4,721,NA,
Side_1205,2025-06-06 16:08:33.219,,279.252,Media file(s),player #1:C:\Users\esthe\Downloads\side mark 12\Side_1205_10_onehalf.mp4;C:\Users\esthe\Downloads\side mark 12\Side_1205_12_three.mp4;C:\Users\esthe\Downloads\side mark 12\Side_1205_13_seven.mp4;C:\Users\esthe\Downloads\side mark 12\Side_1205_14_five.mp4;C:\Users\esthe\Downloads\side mark 12\Side_1205_15_three.mp4;C:\Users\esthe\Downloads\side mark 12\Side_1205_16_five.mp4;C:\Users\esthe\Downloads\side mark 12\Side_1205_1_control.mp4;C:\Users\esthe\Downloads\side mark 12\Side_1205_2_five.mp4;C:\Users\esthe\Downloads\side mark 12\Side_1205_3_one.mp4;C:\Users\esthe\Downloads\side mark 12\Side_1205_4_one.mp4;C:\Users\esthe\Downloads\side mark 12\Side_1205_5_three.mp4;C:\Users\esthe\Downloads\side mark 12\Side_1205_6_seven.mp4;C:\Users\esthe\Downloads\side mark 12\Side_1205_7_three.mp4;C:\Users\esthe\Downloads\side mark 12\Side_1205_8_five.mp4;C:\Users\esthe\Downloads\side mark 12\Side_1205_9_one.mp4,0.0,17.430;10.494;25.661;9.834;13.997;12.965;11.330;28.530;22.796;20.531;19.331;15.664;15.431;43.998;11.534,240.000;120.000;30.000;30.000;30.000;30.000;30.000;30.000;30.000;30.000;30.000;240.000;30.000;30.000;30.000,Sidemark,digging,,,START,52.083,C:\Users\esthe\Downloads\side mark 12\Side_1205_13_seven.mp4,725,NA,
Side_1205,2025-06-06 16:08:33.219,,279.252,Media file(s),player #1:C:\Users\esthe\Downloads\side mark 12\Side_1205_10_onehalf.mp4;C:\Users\esthe\Downloads\side mark 12\Side_1205_12_three.mp4;C:\Users\esthe\Downloads\side mark 12\Side_1205_13_seven.mp4;C:\Users\esthe\Downloads\side mark 12\Side_1205_14_five.mp4;C:\Users\esthe\Downloads\side mark 12\Side_1205_15_three.mp4;C:\Users\esthe\Downloads\side mark 12\Side_1205_16_five.mp4;C:\Users\esthe\Downloads\side mark 12\Side_1205_1_control.mp4;C:\Users\esthe\Downloads\side mark 12\Side_1205_2_five.mp4;C:\Users\esthe\Downloads\side mark 12\Side_1205_3_one.mp4;C:\Users\esthe\Downloads\side mark 12\Side_1205_4_one.mp4;C:\Users\esthe\Downloads\side mark 12\Side_1205_5_three.mp4;C:\Users\esthe\Downloads\side mark 12\Side_1205_6_seven.mp4;C:\Users\esthe\Downloads\side mark 12\Side_1205_7_three.mp4;C:\Users\esthe\Downloads\side mark 12\Side_1205_8_five.mp4;C:\Users\esthe\Downloads\side mark 12\Side_1205_9_one.mp4,0.0,17.430;10.494;25.661;9.834;13.997;12.965;11.330;28.530;22.796;20.531;19.331;15.664;15.431;43.998;11.534,240.000;120.000;30.000;30.000;30.000;30.000;30.000;30.000;30.000;30.000;30.000;240.000;30.000;30.000;30.000,Sidemark,digging,,,STOP,53.572,C:\Users\esthe\Downloads\side mark 12\Side_1205_13_seven.mp4,769,NA,
Side_1205,2025-06-06 16:08:33.219,,279.252,Media file(s),player #1:C:\Users\esthe\Downloads\side mark 12\Side_1205_10_onehalf.mp4;C:\Users\esthe\Downloads\side mark 12\Side_1205_12_three.mp4;C:\Users\esthe\Downloads\side mark 12\Side_1205_13_seven.mp4;C:\Users\esthe\Downloads\side mark 12\Side_1205_14_five.mp4;C:\Users\esthe\Downloads\side mark 12\Side_1205_15_three.mp4;C:\Users\esthe\Downloads\side mark 12\Side_1205_16_five.mp4;C:\Users\esthe\Downloads\side mark 12\Side_1205_1_control.mp4;C:\Users\esthe\Downloads\side mark 12\Side_1205_2_five.mp4;C:\Users\esthe\Downloads\side mark 12\Side_1205_3_one.mp4;C:\Users\esthe\Downloads\side mark 12\Side_1205_4_one.mp4;C:\Users\esthe\Downloads\side mark 12\Side_1205_5_three.mp4;C:\Users\esthe\Downloads\side mark 12\Side_1205_6_seven.mp4;C:\Users\esthe\Downloads\side mark 12\Side_1205_7_three.mp4;C:\Users\esthe\Downloads\side mark 12\Side_1205_8_five.mp4;C:\Users\esthe\Downloads\side mark 12\Side_1205_9_one.mp4,0.0,17.430;10.494;25.661;9.834;13.997;12.965;11.330;28.530;22.796;20.531;19.331;15.664;15.431;43.998;11.534,240.000;120.000;30.000;30.000;30.000;30.000;30.000;30.000;30.000;30.000;30.000;240.000;30.000;30.000;30.000,Sidemark,bending,,,START,53.583,C:\Users\esthe\Downloads\side mark 12\Side_1205_13_seven.mp4,0,NA,
Side_1205,2025-06-06 16:08:33.219,,279.252,Media file(s),player #1:C:\Users\esthe\Downloads\side mark 12\Side_1205_10_onehalf.mp4;C:\Users\esthe\Downloads\side mark 12\Side_1205_12_three.mp4;C:\Users\esthe\Downloads\side mark 12\Side_1205_13_seven.mp4;C:\Users\esthe\Downloads\side mark 12\Side_1205_14_five.mp4;C:\Users\esthe\Downloads\side mark 12\Side_1205_15_three.mp4;C:\Users\esthe\Downloads\side mark 12\Side_1205_16_five.mp4;C:\Users\esthe\Downloads\side mark 12\Side_1205_1_control.mp4;C:\Users\esthe\Downloads\side mark 12\Side_1205_2_five.mp4;C:\Users\esthe\Downloads\side mark 12\Side_1205_3_one.mp4;C:\Users\esthe\Downloads\side mark 12\Side_1205_4_one.mp4;C:\Users\esthe\Downloads\side mark 12\Side_1205_5_three.mp4;C:\Users\esthe\Downloads\side mark 12\Side_1205_6_seven.mp4;C:\Users\esthe\Downloads\side mark 12\Side_1205_7_three.mp4;C:\Users\esthe\Downloads\side mark 12\Side_1205_8_five.mp4;C:\Users\esthe\Downloads\side mark 12\Side_1205_9_one.mp4,0.0,17.430;10.494;25.661;9.834;13.997;12.965;11.330;28.530;22.796;20.531;19.331;15.664;15.431;43.998;11.534,240.000;120.000;30.000;30.000;30.000;30.000;30.000;30.000;30.000;30.000;30.000;240.000;30.000;30.000;30.000,Sidemark,grabbing peanut,,,POINT,54.283,C:\Users\esthe\Downloads\side mark 12\Side_1205_14_five.mp4,21,NA,
Side_1205,2025-06-06 16:08:33.219,,279.252,Media file(s),player #1:C:\Users\esthe\Downloads\side mark 12\Side_1205_10_onehalf.mp4;C:\Users\esthe\Downloads\side mark 12\Side_1205_12_three.mp4;C:\Users\esthe\Downloads\side mark 12\Side_1205_13_seven.mp4;C:\Users\esthe\Downloads\side mark 12\Side_1205_14_five.mp4;C:\Users\esthe\Downloads\side mark 12\Side_1205_15_three.mp4;C:\Users\esthe\Downloads\side mark 12\Side_1205_16_five.mp4;C:\Users\esthe\Downloads\side mark 12\Side_1205_1_control.mp4;C:\Users\esthe\Downloads\side mark 12\Side_1205_2_five.mp4;C:\Users\esthe\Downloads\side mark 12\Side_1205_3_one.mp4;C:\Users\esthe\Downloads\side mark 12\Side_1205_4_one.mp4;C:\Users\esthe\Downloads\side mark 12\Side_1205_5_three.mp4;C:\Users\esthe\Downloads\side mark 12\Side_1205_6_seven.mp4;C:\Users\esthe\Downloads\side mark 12\Side_1205_7_three.mp4;C:\Users\esthe\Downloads\side mark 12\Side_1205_8_five.mp4;C:\Users\esthe\Downloads\side mark 12\Side_1205_9_one.mp4,0.0,17.430;10.494;25.661;9.834;13.997;12.965;11.330;28.530;22.796;20.531;19.331;15.664;15.431;43.998;11.534,240.000;120.000;30.000;30.000;30.000;30.000;30.000;30.000;30.000;30.000;30.000;240.000;30.000;30.000;30.000,Sidemark,bending,,,STOP,54.616,C:\Users\esthe\Downloads\side mark 12\Side_1205_14_five.mp4,31,NA,
Side_1205,2025-06-06 16:08:33.219,,279.252,Media file(s),player #1:C:\Users\esthe\Downloads\side mark 12\Side_1205_10_onehalf.mp4;C:\Users\esthe\Downloads\side mark 12\Side_1205_12_three.mp4;C:\Users\esthe\Downloads\side mark 12\Side_1205_13_seven.mp4;C:\Users\esthe\Downloads\side mark 12\Side_1205_14_five.mp4;C:\Users\esthe\Downloads\side mark 12\Side_1205_15_three.mp4;C:\Users\esthe\Downloads\side mark 12\Side_1205_16_five.mp4;C:\Users\esthe\Downloads\side mark 12\Side_1205_1_control.mp4;C:\Users\esthe\Downloads\side mark 12\Side_1205_2_five.mp4;C:\Users\esthe\Downloads\side mark 12\Side_1205_3_one.mp4;C:\Users\esthe\Downloads\side mark 12\Side_1205_4_one.mp4;C:\Users\esthe\Downloads\side mark 12\Side_1205_5_three.mp4;C:\Users\esthe\Downloads\side mark 12\Side_1205_6_seven.mp4;C:\Users\esthe\Downloads\side mark 12\Side_1205_7_three.mp4;C:\Users\esthe\Downloads\side mark 12\Side_1205_8_five.mp4;C:\Users\esthe\Downloads\side mark 12\Side_1205_9_one.mp4,0.0,17.430;10.494;25.661;9.834;13.997;12.965;11.330;28.530;22.796;20.531;19.331;15.664;15.431;43.998;11.534,240.000;120.000;30.000;30.000;30.000;30.000;30.000;30.000;30.000;30.000;30.000;240.000;30.000;30.000;30.000,Sidemark,lifting,,,START,54.616,C:\Users\esthe\Downloads\side mark 12\Side_1205_14_five.mp4,31,NA,
Side_1205,2025-06-06 16:08:33.219,,279.252,Media file(s),player #1:C:\Users\esthe\Downloads\side mark 12\Side_1205_10_onehalf.mp4;C:\Users\esthe\Downloads\side mark 12\Side_1205_12_three.mp4;C:\Users\esthe\Downloads\side mark 12\Side_1205_13_seven.mp4;C:\Users\esthe\Downloads\side mark 12\Side_1205_14_five.mp4;C:\Users\esthe\Downloads\side mark 12\Side_1205_15_three.mp4;C:\Users\esthe\Downloads\side mark 12\Side_1205_16_five.mp4;C:\Users\esthe\Downloads\side mark 12\Side_1205_1_control.mp4;C:\Users\esthe\Downloads\side mark 12\Side_1205_2_five.mp4;C:\Users\esthe\Downloads\side mark 12\Side_1205_3_one.mp4;C:\Users\esthe\Downloads\side mark 12\Side_1205_4_one.mp4;C:\Users\esthe\Downloads\side mark 12\Side_1205_5_three.mp4;C:\Users\esthe\Downloads\side mark 12\Side_1205_6_seven.mp4;C:\Users\esthe\Downloads\side mark 12\Side_1205_7_three.mp4;C:\Users\esthe\Downloads\side mark 12\Side_1205_8_five.mp4;C:\Users\esthe\Downloads\side mark 12\Side_1205_9_one.mp4,0.0,17.430;10.494;25.661;9.834;13.997;12.965;11.330;28.530;22.796;20.531;19.331;15.664;15.431;43.998;11.534,240.000;120.000;30.000;30.000;30.000;30.000;30.000;30.000;30.000;30.000;30.000;240.000;30.000;30.000;30.000,Sidemark,lifting,,,STOP,54.916,C:\Users\esthe\Downloads\side mark 12\Side_1205_14_five.mp4,40,NA,
Side_1205,2025-06-06 16:08:33.219,,279.252,Media file(s),player #1:C:\Users\esthe\Downloads\side mark 12\Side_1205_10_onehalf.mp4;C:\Users\esthe\Downloads\side mark 12\Side_1205_12_three.mp4;C:\Users\esthe\Downloads\side mark 12\Side_1205_13_seven.mp4;C:\Users\esthe\Downloads\side mark 12\Side_1205_14_five.mp4;C:\Users\esthe\Downloads\side mark 12\Side_1205_15_three.mp4;C:\Users\esthe\Downloads\side mark 12\Side_1205_16_five.mp4;C:\Users\esthe\Downloads\side mark 12\Side_1205_1_control.mp4;C:\Users\esthe\Downloads\side mark 12\Side_1205_2_five.mp4;C:\Users\esthe\Downloads\side mark 12\Side_1205_3_one.mp4;C:\Users\esthe\Downloads\side mark 12\Side_1205_4_one.mp4;C:\Users\esthe\Downloads\side mark 12\Side_1205_5_three.mp4;C:\Users\esthe\Downloads\side mark 12\Side_1205_6_seven.mp4;C:\Users\esthe\Downloads\side mark 12\Side_1205_7_three.mp4;C:\Users\esthe\Downloads\side mark 12\Side_1205_8_five.mp4;C:\Users\esthe\Downloads\side mark 12\Side_1205_9_one.mp4,0.0,17.430;10.494;25.661;9.834;13.997;12.965;11.330;28.530;22.796;20.531;19.331;15.664;15.431;43.998;11.534,240.000;120.000;30.000;30.000;30.000;30.000;30.000;30.000;30.000;30.000;30.000;240.000;30.000;30.000;30.000,Sidemark,target,,,START,57.683,C:\Users\esthe\Downloads\side mark 12\Side_1205_14_five.mp4,123,NA,
Side_1205,2025-06-06 16:08:33.219,,279.252,Media file(s),player #1:C:\Users\esthe\Downloads\side mark 12\Side_1205_10_onehalf.mp4;C:\Users\esthe\Downloads\side mark 12\Side_1205_12_three.mp4;C:\Users\esthe\Downloads\side mark 12\Side_1205_13_seven.mp4;C:\Users\esthe\Downloads\side mark 12\Side_1205_14_five.mp4;C:\Users\esthe\Downloads\side mark 12\Side_1205_15_three.mp4;C:\Users\esthe\Downloads\side mark 12\Side_1205_16_five.mp4;C:\Users\esthe\Downloads\side mark 12\Side_1205_1_control.mp4;C:\Users\esthe\Downloads\side mark 12\Side_1205_2_five.mp4;C:\Users\esthe\Downloads\side mark 12\Side_1205_3_one.mp4;C:\Users\esthe\Downloads\side mark 12\Side_1205_4_one.mp4;C:\Users\esthe\Downloads\side mark 12\Side_1205_5_three.mp4;C:\Users\esthe\Downloads\side mark 12\Side_1205_6_seven.mp4;C:\Users\esthe\Downloads\side mark 12\Side_1205_7_three.mp4;C:\Users\esthe\Downloads\side mark 12\Side_1205_8_five.mp4;C:\Users\esthe\Downloads\side mark 12\Side_1205_9_one.mp4,0.0,17.430;10.494;25.661;9.834;13.997;12.965;11.330;28.530;22.796;20.531;19.331;15.664;15.431;43.998;11.534,240.000;120.000;30.000;30.000;30.000;30.000;30.000;30.000;30.000;30.000;30.000;240.000;30.000;30.000;30.000,Sidemark,target,,,STOP,62.950,C:\Users\esthe\Downloads\side mark 12\Side_1205_14_five.mp4,281,NA,
Side_1205,2025-06-06 16:08:33.219,,279.252,Media file(s),player #1:C:\Users\esthe\Downloads\side mark 12\Side_1205_10_onehalf.mp4;C:\Users\esthe\Downloads\side mark 12\Side_1205_12_three.mp4;C:\Users\esthe\Downloads\side mark 12\Side_1205_13_seven.mp4;C:\Users\esthe\Downloads\side mark 12\Side_1205_14_five.mp4;C:\Users\esthe\Downloads\side mark 12\Side_1205_15_three.mp4;C:\Users\esthe\Downloads\side mark 12\Side_1205_16_five.mp4;C:\Users\esthe\Downloads\side mark 12\Side_1205_1_control.mp4;C:\Users\esthe\Downloads\side mark 12\Side_1205_2_five.mp4;C:\Users\esthe\Downloads\side mark 12\Side_1205_3_one.mp4;C:\Users\esthe\Downloads\side mark 12\Side_1205_4_one.mp4;C:\Users\esthe\Downloads\side mark 12\Side_1205_5_three.mp4;C:\Users\esthe\Downloads\side mark 12\Side_1205_6_seven.mp4;C:\Users\esthe\Downloads\side mark 12\Side_1205_7_three.mp4;C:\Users\esthe\Downloads\side mark 12\Side_1205_8_five.mp4;C:\Users\esthe\Downloads\side mark 12\Side_1205_9_one.mp4,0.0,17.430;10.494;25.661;9.834;13.997;12.965;11.330;28.530;22.796;20.531;19.331;15.664;15.431;43.998;11.534,240.000;120.000;30.000;30.000;30.000;30.000;30.000;30.000;30.000;30.000;30.000;240.000;30.000;30.000;30.000,Sidemark,explore,,,START,63.449,C:\Users\esthe\Downloads\side mark 12\Side_1205_15_three.mp4,1,NA,
Side_1205,2025-06-06 16:08:33.219,,279.252,Media file(s),player #1:C:\Users\esthe\Downloads\side mark 12\Side_1205_10_onehalf.mp4;C:\Users\esthe\Downloads\side mark 12\Side_1205_12_three.mp4;C:\Users\esthe\Downloads\side mark 12\Side_1205_13_seven.mp4;C:\Users\esthe\Downloads\side mark 12\Side_1205_14_five.mp4;C:\Users\esthe\Downloads\side mark 12\Side_1205_15_three.mp4;C:\Users\esthe\Downloads\side mark 12\Side_1205_16_five.mp4;C:\Users\esthe\Downloads\side mark 12\Side_1205_1_control.mp4;C:\Users\esthe\Downloads\side mark 12\Side_1205_2_five.mp4;C:\Users\esthe\Downloads\side mark 12\Side_1205_3_one.mp4;C:\Users\esthe\Downloads\side mark 12\Side_1205_4_one.mp4;C:\Users\esthe\Downloads\side mark 12\Side_1205_5_three.mp4;C:\Users\esthe\Downloads\side mark 12\Side_1205_6_seven.mp4;C:\Users\esthe\Downloads\side mark 12\Side_1205_7_three.mp4;C:\Users\esthe\Downloads\side mark 12\Side_1205_8_five.mp4;C:\Users\esthe\Downloads\side mark 12\Side_1205_9_one.mp4,0.0,17.430;10.494;25.661;9.834;13.997;12.965;11.330;28.530;22.796;20.531;19.331;15.664;15.431;43.998;11.534,240.000;120.000;30.000;30.000;30.000;30.000;30.000;30.000;30.000;30.000;30.000;240.000;30.000;30.000;30.000,Sidemark,explore,,,STOP,64.649,C:\Users\esthe\Downloads\side mark 12\Side_1205_15_three.mp4,37,NA,
Side_1205,2025-06-06 16:08:33.219,,279.252,Media file(s),player #1:C:\Users\esthe\Downloads\side mark 12\Side_1205_10_onehalf.mp4;C:\Users\esthe\Downloads\side mark 12\Side_1205_12_three.mp4;C:\Users\esthe\Downloads\side mark 12\Side_1205_13_seven.mp4;C:\Users\esthe\Downloads\side mark 12\Side_1205_14_five.mp4;C:\Users\esthe\Downloads\side mark 12\Side_1205_15_three.mp4;C:\Users\esthe\Downloads\side mark 12\Side_1205_16_five.mp4;C:\Users\esthe\Downloads\side mark 12\Side_1205_1_control.mp4;C:\Users\esthe\Downloads\side mark 12\Side_1205_2_five.mp4;C:\Users\esthe\Downloads\side mark 12\Side_1205_3_one.mp4;C:\Users\esthe\Downloads\side mark 12\Side_1205_4_one.mp4;C:\Users\esthe\Downloads\side mark 12\Side_1205_5_three.mp4;C:\Users\esthe\Downloads\side mark 12\Side_1205_6_seven.mp4;C:\Users\esthe\Downloads\side mark 12\Side_1205_7_three.mp4;C:\Users\esthe\Downloads\side mark 12\Side_1205_8_five.mp4;C:\Users\esthe\Downloads\side mark 12\Side_1205_9_one.mp4,0.0,17.430;10.494;25.661;9.834;13.997;12.965;11.330;28.530;22.796;20.531;19.331;15.664;15.431;43.998;11.534,240.000;120.000;30.000;30.000;30.000;30.000;30.000;30.000;30.000;30.000;30.000;240.000;30.000;30.000;30.000,Sidemark,bending,,,START,64.912,C:\Users\esthe\Downloads\side mark 12\Side_1205_15_three.mp4,45,NA,
Side_1205,2025-06-06 16:08:33.219,,279.252,Media file(s),player #1:C:\Users\esthe\Downloads\side mark 12\Side_1205_10_onehalf.mp4;C:\Users\esthe\Downloads\side mark 12\Side_1205_12_three.mp4;C:\Users\esthe\Downloads\side mark 12\Side_1205_13_seven.mp4;C:\Users\esthe\Downloads\side mark 12\Side_1205_14_five.mp4;C:\Users\esthe\Downloads\side mark 12\Side_1205_15_three.mp4;C:\Users\esthe\Downloads\side mark 12\Side_1205_16_five.mp4;C:\Users\esthe\Downloads\side mark 12\Side_1205_1_control.mp4;C:\Users\esthe\Downloads\side mark 12\Side_1205_2_five.mp4;C:\Users\esthe\Downloads\side mark 12\Side_1205_3_one.mp4;C:\Users\esthe\Downloads\side mark 12\Side_1205_4_one.mp4;C:\Users\esthe\Downloads\side mark 12\Side_1205_5_three.mp4;C:\Users\esthe\Downloads\side mark 12\Side_1205_6_seven.mp4;C:\Users\esthe\Downloads\side mark 12\Side_1205_7_three.mp4;C:\Users\esthe\Downloads\side mark 12\Side_1205_8_five.mp4;C:\Users\esthe\Downloads\side mark 12\Side_1205_9_one.mp4,0.0,17.430;10.494;25.661;9.834;13.997;12.965;11.330;28.530;22.796;20.531;19.331;15.664;15.431;43.998;11.534,240.000;120.000;30.000;30.000;30.000;30.000;30.000;30.000;30.000;30.000;30.000;240.000;30.000;30.000;30.000,Sidemark,grabbing peanut,,,POINT,65.279,C:\Users\esthe\Downloads\side mark 12\Side_1205_15_three.mp4,56,NA,
Side_1205,2025-06-06 16:08:33.219,,279.252,Media file(s),player #1:C:\Users\esthe\Downloads\side mark 12\Side_1205_10_onehalf.mp4;C:\Users\esthe\Downloads\side mark 12\Side_1205_12_three.mp4;C:\Users\esthe\Downloads\side mark 12\Side_1205_13_seven.mp4;C:\Users\esthe\Downloads\side mark 12\Side_1205_14_five.mp4;C:\Users\esthe\Downloads\side mark 12\Side_1205_15_three.mp4;C:\Users\esthe\Downloads\side mark 12\Side_1205_16_five.mp4;C:\Users\esthe\Downloads\side mark 12\Side_1205_1_control.mp4;C:\Users\esthe\Downloads\side mark 12\Side_1205_2_five.mp4;C:\Users\esthe\Downloads\side mark 12\Side_1205_3_one.mp4;C:\Users\esthe\Downloads\side mark 12\Side_1205_4_one.mp4;C:\Users\esthe\Downloads\side mark 12\Side_1205_5_three.mp4;C:\Users\esthe\Downloads\side mark 12\Side_1205_6_seven.mp4;C:\Users\esthe\Downloads\side mark 12\Side_1205_7_three.mp4;C:\Users\esthe\Downloads\side mark 12\Side_1205_8_five.mp4;C:\Users\esthe\Downloads\side mark 12\Side_1205_9_one.mp4,0.0,17.430;10.494;25.661;9.834;13.997;12.965;11.330;28.530;22.796;20.531;19.331;15.664;15.431;43.998;11.534,240.000;120.000;30.000;30.000;30.000;30.000;30.000;30.000;30.000;30.000;30.000;240.000;30.000;30.000;30.000,Sidemark,bending,,,STOP,65.312,C:\Users\esthe\Downloads\side mark 12\Side_1205_15_three.mp4,57,NA,
Side_1205,2025-06-06 16:08:33.219,,279.252,Media file(s),player #1:C:\Users\esthe\Downloads\side mark 12\Side_1205_10_onehalf.mp4;C:\Users\esthe\Downloads\side mark 12\Side_1205_12_three.mp4;C:\Users\esthe\Downloads\side mark 12\Side_1205_13_seven.mp4;C:\Users\esthe\Downloads\side mark 12\Side_1205_14_five.mp4;C:\Users\esthe\Downloads\side mark 12\Side_1205_15_three.mp4;C:\Users\esthe\Downloads\side mark 12\Side_1205_16_five.mp4;C:\Users\esthe\Downloads\side mark 12\Side_1205_1_control.mp4;C:\Users\esthe\Downloads\side mark 12\Side_1205_2_five.mp4;C:\Users\esthe\Downloads\side mark 12\Side_1205_3_one.mp4;C:\Users\esthe\Downloads\side mark 12\Side_1205_4_one.mp4;C:\Users\esthe\Downloads\side mark 12\Side_1205_5_three.mp4;C:\Users\esthe\Downloads\side mark 12\Side_1205_6_seven.mp4;C:\Users\esthe\Downloads\side mark 12\Side_1205_7_three.mp4;C:\Users\esthe\Downloads\side mark 12\Side_1205_8_five.mp4;C:\Users\esthe\Downloads\side mark 12\Side_1205_9_one.mp4,0.0,17.430;10.494;25.661;9.834;13.997;12.965;11.330;28.530;22.796;20.531;19.331;15.664;15.431;43.998;11.534,240.000;120.000;30.000;30.000;30.000;30.000;30.000;30.000;30.000;30.000;30.000;240.000;30.000;30.000;30.000,Sidemark,lifting,,,START,65.346,C:\Users\esthe\Downloads\side mark 12\Side_1205_15_three.mp4,58,NA,
Side_1205,2025-06-06 16:08:33.219,,279.252,Media file(s),player #1:C:\Users\esthe\Downloads\side mark 12\Side_1205_10_onehalf.mp4;C:\Users\esthe\Downloads\side mark 12\Side_1205_12_three.mp4;C:\Users\esthe\Downloads\side mark 12\Side_1205_13_seven.mp4;C:\Users\esthe\Downloads\side mark 12\Side_1205_14_five.mp4;C:\Users\esthe\Downloads\side mark 12\Side_1205_15_three.mp4;C:\Users\esthe\Downloads\side mark 12\Side_1205_16_five.mp4;C:\Users\esthe\Downloads\side mark 12\Side_1205_1_control.mp4;C:\Users\esthe\Downloads\side mark 12\Side_1205_2_five.mp4;C:\Users\esthe\Downloads\side mark 12\Side_1205_3_one.mp4;C:\Users\esthe\Downloads\side mark 12\Side_1205_4_one.mp4;C:\Users\esthe\Downloads\side mark 12\Side_1205_5_three.mp4;C:\Users\esthe\Downloads\side mark 12\Side_1205_6_seven.mp4;C:\Users\esthe\Downloads\side mark 12\Side_1205_7_three.mp4;C:\Users\esthe\Downloads\side mark 12\Side_1205_8_five.mp4;C:\Users\esthe\Downloads\side mark 12\Side_1205_9_one.mp4,0.0,17.430;10.494;25.661;9.834;13.997;12.965;11.330;28.530;22.796;20.531;19.331;15.664;15.431;43.998;11.534,240.000;120.000;30.000;30.000;30.000;30.000;30.000;30.000;30.000;30.000;30.000;240.000;30.000;30.000;30.000,Sidemark,lifting,,,STOP,65.646,C:\Users\esthe\Downloads\side mark 12\Side_1205_15_three.mp4,67,NA,
Side_1205,2025-06-06 16:08:33.219,,279.252,Media file(s),player #1:C:\Users\esthe\Downloads\side mark 12\Side_1205_10_onehalf.mp4;C:\Users\esthe\Downloads\side mark 12\Side_1205_12_three.mp4;C:\Users\esthe\Downloads\side mark 12\Side_1205_13_seven.mp4;C:\Users\esthe\Downloads\side mark 12\Side_1205_14_five.mp4;C:\Users\esthe\Downloads\side mark 12\Side_1205_15_three.mp4;C:\Users\esthe\Downloads\side mark 12\Side_1205_16_five.mp4;C:\Users\esthe\Downloads\side mark 12\Side_1205_1_control.mp4;C:\Users\esthe\Downloads\side mark 12\Side_1205_2_five.mp4;C:\Users\esthe\Downloads\side mark 12\Side_1205_3_one.mp4;C:\Users\esthe\Downloads\side mark 12\Side_1205_4_one.mp4;C:\Users\esthe\Downloads\side mark 12\Side_1205_5_three.mp4;C:\Users\esthe\Downloads\side mark 12\Side_1205_6_seven.mp4;C:\Users\esthe\Downloads\side mark 12\Side_1205_7_three.mp4;C:\Users\esthe\Downloads\side mark 12\Side_1205_8_five.mp4;C:\Users\esthe\Downloads\side mark 12\Side_1205_9_one.mp4,0.0,17.430;10.494;25.661;9.834;13.997;12.965;11.330;28.530;22.796;20.531;19.331;15.664;15.431;43.998;11.534,240.000;120.000;30.000;30.000;30.000;30.000;30.000;30.000;30.000;30.000;30.000;240.000;30.000;30.000;30.000,Sidemark,target,,,START,66.212,C:\Users\esthe\Downloads\side mark 12\Side_1205_15_three.mp4,84,NA,
Side_1205,2025-06-06 16:08:33.219,,279.252,Media file(s),player #1:C:\Users\esthe\Downloads\side mark 12\Side_1205_10_onehalf.mp4;C:\Users\esthe\Downloads\side mark 12\Side_1205_12_three.mp4;C:\Users\esthe\Downloads\side mark 12\Side_1205_13_seven.mp4;C:\Users\esthe\Downloads\side mark 12\Side_1205_14_five.mp4;C:\Users\esthe\Downloads\side mark 12\Side_1205_15_three.mp4;C:\Users\esthe\Downloads\side mark 12\Side_1205_16_five.mp4;C:\Users\esthe\Downloads\side mark 12\Side_1205_1_control.mp4;C:\Users\esthe\Downloads\side mark 12\Side_1205_2_five.mp4;C:\Users\esthe\Downloads\side mark 12\Side_1205_3_one.mp4;C:\Users\esthe\Downloads\side mark 12\Side_1205_4_one.mp4;C:\Users\esthe\Downloads\side mark 12\Side_1205_5_three.mp4;C:\Users\esthe\Downloads\side mark 12\Side_1205_6_seven.mp4;C:\Users\esthe\Downloads\side mark 12\Side_1205_7_three.mp4;C:\Users\esthe\Downloads\side mark 12\Side_1205_8_five.mp4;C:\Users\esthe\Downloads\side mark 12\Side_1205_9_one.mp4,0.0,17.430;10.494;25.661;9.834;13.997;12.965;11.330;28.530;22.796;20.531;19.331;15.664;15.431;43.998;11.534,240.000;120.000;30.000;30.000;30.000;30.000;30.000;30.000;30.000;30.000;30.000;240.000;30.000;30.000;30.000,Sidemark,pause,,,START,73.747,C:\Users\esthe\Downloads\side mark 12\Side_1205_15_three.mp4,310,NA,
Side_1205,2025-06-06 16:08:33.219,,279.252,Media file(s),player #1:C:\Users\esthe\Downloads\side mark 12\Side_1205_10_onehalf.mp4;C:\Users\esthe\Downloads\side mark 12\Side_1205_12_three.mp4;C:\Users\esthe\Downloads\side mark 12\Side_1205_13_seven.mp4;C:\Users\esthe\Downloads\side mark 12\Side_1205_14_five.mp4;C:\Users\esthe\Downloads\side mark 12\Side_1205_15_three.mp4;C:\Users\esthe\Downloads\side mark 12\Side_1205_16_five.mp4;C:\Users\esthe\Downloads\side mark 12\Side_1205_1_control.mp4;C:\Users\esthe\Downloads\side mark 12\Side_1205_2_five.mp4;C:\Users\esthe\Downloads\side mark 12\Side_1205_3_one.mp4;C:\Users\esthe\Downloads\side mark 12\Side_1205_4_one.mp4;C:\Users\esthe\Downloads\side mark 12\Side_1205_5_three.mp4;C:\Users\esthe\Downloads\side mark 12\Side_1205_6_seven.mp4;C:\Users\esthe\Downloads\side mark 12\Side_1205_7_three.mp4;C:\Users\esthe\Downloads\side mark 12\Side_1205_8_five.mp4;C:\Users\esthe\Downloads\side mark 12\Side_1205_9_one.mp4,0.0,17.430;10.494;25.661;9.834;13.997;12.965;11.330;28.530;22.796;20.531;19.331;15.664;15.431;43.998;11.534,240.000;120.000;30.000;30.000;30.000;30.000;30.000;30.000;30.000;30.000;30.000;240.000;30.000;30.000;30.000,Sidemark,pause,,,STOP,74.047,C:\Users\esthe\Downloads\side mark 12\Side_1205_15_three.mp4,319,NA,
Side_1205,2025-06-06 16:08:33.219,,279.252,Media file(s),player #1:C:\Users\esthe\Downloads\side mark 12\Side_1205_10_onehalf.mp4;C:\Users\esthe\Downloads\side mark 12\Side_1205_12_three.mp4;C:\Users\esthe\Downloads\side mark 12\Side_1205_13_seven.mp4;C:\Users\esthe\Downloads\side mark 12\Side_1205_14_five.mp4;C:\Users\esthe\Downloads\side mark 12\Side_1205_15_three.mp4;C:\Users\esthe\Downloads\side mark 12\Side_1205_16_five.mp4;C:\Users\esthe\Downloads\side mark 12\Side_1205_1_control.mp4;C:\Users\esthe\Downloads\side mark 12\Side_1205_2_five.mp4;C:\Users\esthe\Downloads\side mark 12\Side_1205_3_one.mp4;C:\Users\esthe\Downloads\side mark 12\Side_1205_4_one.mp4;C:\Users\esthe\Downloads\side mark 12\Side_1205_5_three.mp4;C:\Users\esthe\Downloads\side mark 12\Side_1205_6_seven.mp4;C:\Users\esthe\Downloads\side mark 12\Side_1205_7_three.mp4;C:\Users\esthe\Downloads\side mark 12\Side_1205_8_five.mp4;C:\Users\esthe\Downloads\side mark 12\Side_1205_9_one.mp4,0.0,17.430;10.494;25.661;9.834;13.997;12.965;11.330;28.530;22.796;20.531;19.331;15.664;15.431;43.998;11.534,240.000;120.000;30.000;30.000;30.000;30.000;30.000;30.000;30.000;30.000;30.000;240.000;30.000;30.000;30.000,Sidemark,target,,,STOP,76.814,C:\Users\esthe\Downloads\side mark 12\Side_1205_15_three.mp4,402,NA,
Side_1205,2025-06-06 16:08:33.219,,279.252,Media file(s),player #1:C:\Users\esthe\Downloads\side mark 12\Side_1205_10_onehalf.mp4;C:\Users\esthe\Downloads\side mark 12\Side_1205_12_three.mp4;C:\Users\esthe\Downloads\side mark 12\Side_1205_13_seven.mp4;C:\Users\esthe\Downloads\side mark 12\Side_1205_14_five.mp4;C:\Users\esthe\Downloads\side mark 12\Side_1205_15_three.mp4;C:\Users\esthe\Downloads\side mark 12\Side_1205_16_five.mp4;C:\Users\esthe\Downloads\side mark 12\Side_1205_1_control.mp4;C:\Users\esthe\Downloads\side mark 12\Side_1205_2_five.mp4;C:\Users\esthe\Downloads\side mark 12\Side_1205_3_one.mp4;C:\Users\esthe\Downloads\side mark 12\Side_1205_4_one.mp4;C:\Users\esthe\Downloads\side mark 12\Side_1205_5_three.mp4;C:\Users\esthe\Downloads\side mark 12\Side_1205_6_seven.mp4;C:\Users\esthe\Downloads\side mark 12\Side_1205_7_three.mp4;C:\Users\esthe\Downloads\side mark 12\Side_1205_8_five.mp4;C:\Users\esthe\Downloads\side mark 12\Side_1205_9_one.mp4,0.0,17.430;10.494;25.661;9.834;13.997;12.965;11.330;28.530;22.796;20.531;19.331;15.664;15.431;43.998;11.534,240.000;120.000;30.000;30.000;30.000;30.000;30.000;30.000;30.000;30.000;30.000;240.000;30.000;30.000;30.000,Sidemark,digging,,,START,76.947,C:\Users\esthe\Downloads\side mark 12\Side_1205_15_three.mp4,406,NA,
Side_1205,2025-06-06 16:08:33.219,,279.252,Media file(s),player #1:C:\Users\esthe\Downloads\side mark 12\Side_1205_10_onehalf.mp4;C:\Users\esthe\Downloads\side mark 12\Side_1205_12_three.mp4;C:\Users\esthe\Downloads\side mark 12\Side_1205_13_seven.mp4;C:\Users\esthe\Downloads\side mark 12\Side_1205_14_five.mp4;C:\Users\esthe\Downloads\side mark 12\Side_1205_15_three.mp4;C:\Users\esthe\Downloads\side mark 12\Side_1205_16_five.mp4;C:\Users\esthe\Downloads\side mark 12\Side_1205_1_control.mp4;C:\Users\esthe\Downloads\side mark 12\Side_1205_2_five.mp4;C:\Users\esthe\Downloads\side mark 12\Side_1205_3_one.mp4;C:\Users\esthe\Downloads\side mark 12\Side_1205_4_one.mp4;C:\Users\esthe\Downloads\side mark 12\Side_1205_5_three.mp4;C:\Users\esthe\Downloads\side mark 12\Side_1205_6_seven.mp4;C:\Users\esthe\Downloads\side mark 12\Side_1205_7_three.mp4;C:\Users\esthe\Downloads\side mark 12\Side_1205_8_five.mp4;C:\Users\esthe\Downloads\side mark 12\Side_1205_9_one.mp4,0.0,17.430;10.494;25.661;9.834;13.997;12.965;11.330;28.530;22.796;20.531;19.331;15.664;15.431;43.998;11.534,240.000;120.000;30.000;30.000;30.000;30.000;30.000;30.000;30.000;30.000;30.000;240.000;30.000;30.000;30.000,Sidemark,digging,,,STOP,77.347,C:\Users\esthe\Downloads\side mark 12\Side_1205_15_three.mp4,418,NA,
Side_1205,2025-06-06 16:08:33.219,,279.252,Media file(s),player #1:C:\Users\esthe\Downloads\side mark 12\Side_1205_10_onehalf.mp4;C:\Users\esthe\Downloads\side mark 12\Side_1205_12_three.mp4;C:\Users\esthe\Downloads\side mark 12\Side_1205_13_seven.mp4;C:\Users\esthe\Downloads\side mark 12\Side_1205_14_five.mp4;C:\Users\esthe\Downloads\side mark 12\Side_1205_15_three.mp4;C:\Users\esthe\Downloads\side mark 12\Side_1205_16_five.mp4;C:\Users\esthe\Downloads\side mark 12\Side_1205_1_control.mp4;C:\Users\esthe\Downloads\side mark 12\Side_1205_2_five.mp4;C:\Users\esthe\Downloads\side mark 12\Side_1205_3_one.mp4;C:\Users\esthe\Downloads\side mark 12\Side_1205_4_one.mp4;C:\Users\esthe\Downloads\side mark 12\Side_1205_5_three.mp4;C:\Users\esthe\Downloads\side mark 12\Side_1205_6_seven.mp4;C:\Users\esthe\Downloads\side mark 12\Side_1205_7_three.mp4;C:\Users\esthe\Downloads\side mark 12\Side_1205_8_five.mp4;C:\Users\esthe\Downloads\side mark 12\Side_1205_9_one.mp4,0.0,17.430;10.494;25.661;9.834;13.997;12.965;11.330;28.530;22.796;20.531;19.331;15.664;15.431;43.998;11.534,240.000;120.000;30.000;30.000;30.000;30.000;30.000;30.000;30.000;30.000;30.000;240.000;30.000;30.000;30.000,Sidemark,lifting,,,START,77.413,C:\Users\esthe\Downloads\side mark 12\Side_1205_15_three.mp4,0,NA,
Side_1205,2025-06-06 16:08:33.219,,279.252,Media file(s),player #1:C:\Users\esthe\Downloads\side mark 12\Side_1205_10_onehalf.mp4;C:\Users\esthe\Downloads\side mark 12\Side_1205_12_three.mp4;C:\Users\esthe\Downloads\side mark 12\Side_1205_13_seven.mp4;C:\Users\esthe\Downloads\side mark 12\Side_1205_14_five.mp4;C:\Users\esthe\Downloads\side mark 12\Side_1205_15_three.mp4;C:\Users\esthe\Downloads\side mark 12\Side_1205_16_five.mp4;C:\Users\esthe\Downloads\side mark 12\Side_1205_1_control.mp4;C:\Users\esthe\Downloads\side mark 12\Side_1205_2_five.mp4;C:\Users\esthe\Downloads\side mark 12\Side_1205_3_one.mp4;C:\Users\esthe\Downloads\side mark 12\Side_1205_4_one.mp4;C:\Users\esthe\Downloads\side mark 12\Side_1205_5_three.mp4;C:\Users\esthe\Downloads\side mark 12\Side_1205_6_seven.mp4;C:\Users\esthe\Downloads\side mark 12\Side_1205_7_three.mp4;C:\Users\esthe\Downloads\side mark 12\Side_1205_8_five.mp4;C:\Users\esthe\Downloads\side mark 12\Side_1205_9_one.mp4,0.0,17.430;10.494;25.661;9.834;13.997;12.965;11.330;28.530;22.796;20.531;19.331;15.664;15.431;43.998;11.534,240.000;120.000;30.000;30.000;30.000;30.000;30.000;30.000;30.000;30.000;30.000;240.000;30.000;30.000;30.000,Sidemark,lifting,,,STOP,77.613,C:\Users\esthe\Downloads\side mark 12\Side_1205_16_five.mp4,6,NA,
Side_1205,2025-06-06 16:08:33.219,,279.252,Media file(s),player #1:C:\Users\esthe\Downloads\side mark 12\Side_1205_10_onehalf.mp4;C:\Users\esthe\Downloads\side mark 12\Side_1205_12_three.mp4;C:\Users\esthe\Downloads\side mark 12\Side_1205_13_seven.mp4;C:\Users\esthe\Downloads\side mark 12\Side_1205_14_five.mp4;C:\Users\esthe\Downloads\side mark 12\Side_1205_15_three.mp4;C:\Users\esthe\Downloads\side mark 12\Side_1205_16_five.mp4;C:\Users\esthe\Downloads\side mark 12\Side_1205_1_control.mp4;C:\Users\esthe\Downloads\side mark 12\Side_1205_2_five.mp4;C:\Users\esthe\Downloads\side mark 12\Side_1205_3_one.mp4;C:\Users\esthe\Downloads\side mark 12\Side_1205_4_one.mp4;C:\Users\esthe\Downloads\side mark 12\Side_1205_5_three.mp4;C:\Users\esthe\Downloads\side mark 12\Side_1205_6_seven.mp4;C:\Users\esthe\Downloads\side mark 12\Side_1205_7_three.mp4;C:\Users\esthe\Downloads\side mark 12\Side_1205_8_five.mp4;C:\Users\esthe\Downloads\side mark 12\Side_1205_9_one.mp4,0.0,17.430;10.494;25.661;9.834;13.997;12.965;11.330;28.530;22.796;20.531;19.331;15.664;15.431;43.998;11.534,240.000;120.000;30.000;30.000;30.000;30.000;30.000;30.000;30.000;30.000;30.000;240.000;30.000;30.000;30.000,Sidemark,target,,,START,78.379,C:\Users\esthe\Downloads\side mark 12\Side_1205_16_five.mp4,29,NA,
Side_1205,2025-06-06 16:08:33.219,,279.252,Media file(s),player #1:C:\Users\esthe\Downloads\side mark 12\Side_1205_10_onehalf.mp4;C:\Users\esthe\Downloads\side mark 12\Side_1205_12_three.mp4;C:\Users\esthe\Downloads\side mark 12\Side_1205_13_seven.mp4;C:\Users\esthe\Downloads\side mark 12\Side_1205_14_five.mp4;C:\Users\esthe\Downloads\side mark 12\Side_1205_15_three.mp4;C:\Users\esthe\Downloads\side mark 12\Side_1205_16_five.mp4;C:\Users\esthe\Downloads\side mark 12\Side_1205_1_control.mp4;C:\Users\esthe\Downloads\side mark 12\Side_1205_2_five.mp4;C:\Users\esthe\Downloads\side mark 12\Side_1205_3_one.mp4;C:\Users\esthe\Downloads\side mark 12\Side_1205_4_one.mp4;C:\Users\esthe\Downloads\side mark 12\Side_1205_5_three.mp4;C:\Users\esthe\Downloads\side mark 12\Side_1205_6_seven.mp4;C:\Users\esthe\Downloads\side mark 12\Side_1205_7_three.mp4;C:\Users\esthe\Downloads\side mark 12\Side_1205_8_five.mp4;C:\Users\esthe\Downloads\side mark 12\Side_1205_9_one.mp4,0.0,17.430;10.494;25.661;9.834;13.997;12.965;11.330;28.530;22.796;20.531;19.331;15.664;15.431;43.998;11.534,240.000;120.000;30.000;30.000;30.000;30.000;30.000;30.000;30.000;30.000;30.000;240.000;30.000;30.000;30.000,Sidemark,pause,,,START,84.579,C:\Users\esthe\Downloads\side mark 12\Side_1205_16_five.mp4,215,NA,
Side_1205,2025-06-06 16:08:33.219,,279.252,Media file(s),player #1:C:\Users\esthe\Downloads\side mark 12\Side_1205_10_onehalf.mp4;C:\Users\esthe\Downloads\side mark 12\Side_1205_12_three.mp4;C:\Users\esthe\Downloads\side mark 12\Side_1205_13_seven.mp4;C:\Users\esthe\Downloads\side mark 12\Side_1205_14_five.mp4;C:\Users\esthe\Downloads\side mark 12\Side_1205_15_three.mp4;C:\Users\esthe\Downloads\side mark 12\Side_1205_16_five.mp4;C:\Users\esthe\Downloads\side mark 12\Side_1205_1_control.mp4;C:\Users\esthe\Downloads\side mark 12\Side_1205_2_five.mp4;C:\Users\esthe\Downloads\side mark 12\Side_1205_3_one.mp4;C:\Users\esthe\Downloads\side mark 12\Side_1205_4_one.mp4;C:\Users\esthe\Downloads\side mark 12\Side_1205_5_three.mp4;C:\Users\esthe\Downloads\side mark 12\Side_1205_6_seven.mp4;C:\Users\esthe\Downloads\side mark 12\Side_1205_7_three.mp4;C:\Users\esthe\Downloads\side mark 12\Side_1205_8_five.mp4;C:\Users\esthe\Downloads\side mark 12\Side_1205_9_one.mp4,0.0,17.430;10.494;25.661;9.834;13.997;12.965;11.330;28.530;22.796;20.531;19.331;15.664;15.431;43.998;11.534,240.000;120.000;30.000;30.000;30.000;30.000;30.000;30.000;30.000;30.000;30.000;240.000;30.000;30.000;30.000,Sidemark,pause,,,STOP,85.112,C:\Users\esthe\Downloads\side mark 12\Side_1205_16_five.mp4,231,NA,
Side_1205,2025-06-06 16:08:33.219,,279.252,Media file(s),player #1:C:\Users\esthe\Downloads\side mark 12\Side_1205_10_onehalf.mp4;C:\Users\esthe\Downloads\side mark 12\Side_1205_12_three.mp4;C:\Users\esthe\Downloads\side mark 12\Side_1205_13_seven.mp4;C:\Users\esthe\Downloads\side mark 12\Side_1205_14_five.mp4;C:\Users\esthe\Downloads\side mark 12\Side_1205_15_three.mp4;C:\Users\esthe\Downloads\side mark 12\Side_1205_16_five.mp4;C:\Users\esthe\Downloads\side mark 12\Side_1205_1_control.mp4;C:\Users\esthe\Downloads\side mark 12\Side_1205_2_five.mp4;C:\Users\esthe\Downloads\side mark 12\Side_1205_3_one.mp4;C:\Users\esthe\Downloads\side mark 12\Side_1205_4_one.mp4;C:\Users\esthe\Downloads\side mark 12\Side_1205_5_three.mp4;C:\Users\esthe\Downloads\side mark 12\Side_1205_6_seven.mp4;C:\Users\esthe\Downloads\side mark 12\Side_1205_7_three.mp4;C:\Users\esthe\Downloads\side mark 12\Side_1205_8_five.mp4;C:\Users\esthe\Downloads\side mark 12\Side_1205_9_one.mp4,0.0,17.430;10.494;25.661;9.834;13.997;12.965;11.330;28.530;22.796;20.531;19.331;15.664;15.431;43.998;11.534,240.000;120.000;30.000;30.000;30.000;30.000;30.000;30.000;30.000;30.000;30.000;240.000;30.000;30.000;30.000,Sidemark,target,,,STOP,88.445,C:\Users\esthe\Downloads\side mark 12\Side_1205_16_five.mp4,331,NA,
Side_1205,2025-06-06 16:08:33.219,,279.252,Media file(s),player #1:C:\Users\esthe\Downloads\side mark 12\Side_1205_10_onehalf.mp4;C:\Users\esthe\Downloads\side mark 12\Side_1205_12_three.mp4;C:\Users\esthe\Downloads\side mark 12\Side_1205_13_seven.mp4;C:\Users\esthe\Downloads\side mark 12\Side_1205_14_five.mp4;C:\Users\esthe\Downloads\side mark 12\Side_1205_15_three.mp4;C:\Users\esthe\Downloads\side mark 12\Side_1205_16_five.mp4;C:\Users\esthe\Downloads\side mark 12\Side_1205_1_control.mp4;C:\Users\esthe\Downloads\side mark 12\Side_1205_2_five.mp4;C:\Users\esthe\Downloads\side mark 12\Side_1205_3_one.mp4;C:\Users\esthe\Downloads\side mark 12\Side_1205_4_one.mp4;C:\Users\esthe\Downloads\side mark 12\Side_1205_5_three.mp4;C:\Users\esthe\Downloads\side mark 12\Side_1205_6_seven.mp4;C:\Users\esthe\Downloads\side mark 12\Side_1205_7_three.mp4;C:\Users\esthe\Downloads\side mark 12\Side_1205_8_five.mp4;C:\Users\esthe\Downloads\side mark 12\Side_1205_9_one.mp4,0.0,17.430;10.494;25.661;9.834;13.997;12.965;11.330;28.530;22.796;20.531;19.331;15.664;15.431;43.998;11.534,240.000;120.000;30.000;30.000;30.000;30.000;30.000;30.000;30.000;30.000;30.000;240.000;30.000;30.000;30.000,Sidemark,digging,,,START,90.145,C:\Users\esthe\Downloads\side mark 12\Side_1205_16_five.mp4,382,NA,
Side_1205,2025-06-06 16:08:33.219,,279.252,Media file(s),player #1:C:\Users\esthe\Downloads\side mark 12\Side_1205_10_onehalf.mp4;C:\Users\esthe\Downloads\side mark 12\Side_1205_12_three.mp4;C:\Users\esthe\Downloads\side mark 12\Side_1205_13_seven.mp4;C:\Users\esthe\Downloads\side mark 12\Side_1205_14_five.mp4;C:\Users\esthe\Downloads\side mark 12\Side_1205_15_three.mp4;C:\Users\esthe\Downloads\side mark 12\Side_1205_16_five.mp4;C:\Users\esthe\Downloads\side mark 12\Side_1205_1_control.mp4;C:\Users\esthe\Downloads\side mark 12\Side_1205_2_five.mp4;C:\Users\esthe\Downloads\side mark 12\Side_1205_3_one.mp4;C:\Users\esthe\Downloads\side mark 12\Side_1205_4_one.mp4;C:\Users\esthe\Downloads\side mark 12\Side_1205_5_three.mp4;C:\Users\esthe\Downloads\side mark 12\Side_1205_6_seven.mp4;C:\Users\esthe\Downloads\side mark 12\Side_1205_7_three.mp4;C:\Users\esthe\Downloads\side mark 12\Side_1205_8_five.mp4;C:\Users\esthe\Downloads\side mark 12\Side_1205_9_one.mp4,0.0,17.430;10.494;25.661;9.834;13.997;12.965;11.330;28.530;22.796;20.531;19.331;15.664;15.431;43.998;11.534,240.000;120.000;30.000;30.000;30.000;30.000;30.000;30.000;30.000;30.000;30.000;240.000;30.000;30.000;30.000,Sidemark,digging,,,STOP,90.245,C:\Users\esthe\Downloads\side mark 12\Side_1205_16_five.mp4,385,NA,
Side_1205,2025-06-06 16:08:33.219,,279.252,Media file(s),player #1:C:\Users\esthe\Downloads\side mark 12\Side_1205_10_onehalf.mp4;C:\Users\esthe\Downloads\side mark 12\Side_1205_12_three.mp4;C:\Users\esthe\Downloads\side mark 12\Side_1205_13_seven.mp4;C:\Users\esthe\Downloads\side mark 12\Side_1205_14_five.mp4;C:\Users\esthe\Downloads\side mark 12\Side_1205_15_three.mp4;C:\Users\esthe\Downloads\side mark 12\Side_1205_16_five.mp4;C:\Users\esthe\Downloads\side mark 12\Side_1205_1_control.mp4;C:\Users\esthe\Downloads\side mark 12\Side_1205_2_five.mp4;C:\Users\esthe\Downloads\side mark 12\Side_1205_3_one.mp4;C:\Users\esthe\Downloads\side mark 12\Side_1205_4_one.mp4;C:\Users\esthe\Downloads\side mark 12\Side_1205_5_three.mp4;C:\Users\esthe\Downloads\side mark 12\Side_1205_6_seven.mp4;C:\Users\esthe\Downloads\side mark 12\Side_1205_7_three.mp4;C:\Users\esthe\Downloads\side mark 12\Side_1205_8_five.mp4;C:\Users\esthe\Downloads\side mark 12\Side_1205_9_one.mp4,0.0,17.430;10.494;25.661;9.834;13.997;12.965;11.330;28.530;22.796;20.531;19.331;15.664;15.431;43.998;11.534,240.000;120.000;30.000;30.000;30.000;30.000;30.000;30.000;30.000;30.000;30.000;240.000;30.000;30.000;30.000,Sidemark,explore,,,START,90.378,C:\Users\esthe\Downloads\side mark 12\Side_1205_16_five.mp4,0,NA,
Side_1205,2025-06-06 16:08:33.219,,279.252,Media file(s),player #1:C:\Users\esthe\Downloads\side mark 12\Side_1205_10_onehalf.mp4;C:\Users\esthe\Downloads\side mark 12\Side_1205_12_three.mp4;C:\Users\esthe\Downloads\side mark 12\Side_1205_13_seven.mp4;C:\Users\esthe\Downloads\side mark 12\Side_1205_14_five.mp4;C:\Users\esthe\Downloads\side mark 12\Side_1205_15_three.mp4;C:\Users\esthe\Downloads\side mark 12\Side_1205_16_five.mp4;C:\Users\esthe\Downloads\side mark 12\Side_1205_1_control.mp4;C:\Users\esthe\Downloads\side mark 12\Side_1205_2_five.mp4;C:\Users\esthe\Downloads\side mark 12\Side_1205_3_one.mp4;C:\Users\esthe\Downloads\side mark 12\Side_1205_4_one.mp4;C:\Users\esthe\Downloads\side mark 12\Side_1205_5_three.mp4;C:\Users\esthe\Downloads\side mark 12\Side_1205_6_seven.mp4;C:\Users\esthe\Downloads\side mark 12\Side_1205_7_three.mp4;C:\Users\esthe\Downloads\side mark 12\Side_1205_8_five.mp4;C:\Users\esthe\Downloads\side mark 12\Side_1205_9_one.mp4,0.0,17.430;10.494;25.661;9.834;13.997;12.965;11.330;28.530;22.796;20.531;19.331;15.664;15.431;43.998;11.534,240.000;120.000;30.000;30.000;30.000;30.000;30.000;30.000;30.000;30.000;30.000;240.000;30.000;30.000;30.000,Sidemark,explore,,,STOP,93.408,C:\Users\esthe\Downloads\side mark 12\Side_1205_1_control.mp4,91,NA,
Side_1205,2025-06-06 16:08:33.219,,279.252,Media file(s),player #1:C:\Users\esthe\Downloads\side mark 12\Side_1205_10_onehalf.mp4;C:\Users\esthe\Downloads\side mark 12\Side_1205_12_three.mp4;C:\Users\esthe\Downloads\side mark 12\Side_1205_13_seven.mp4;C:\Users\esthe\Downloads\side mark 12\Side_1205_14_five.mp4;C:\Users\esthe\Downloads\side mark 12\Side_1205_15_three.mp4;C:\Users\esthe\Downloads\side mark 12\Side_1205_16_five.mp4;C:\Users\esthe\Downloads\side mark 12\Side_1205_1_control.mp4;C:\Users\esthe\Downloads\side mark 12\Side_1205_2_five.mp4;C:\Users\esthe\Downloads\side mark 12\Side_1205_3_one.mp4;C:\Users\esthe\Downloads\side mark 12\Side_1205_4_one.mp4;C:\Users\esthe\Downloads\side mark 12\Side_1205_5_three.mp4;C:\Users\esthe\Downloads\side mark 12\Side_1205_6_seven.mp4;C:\Users\esthe\Downloads\side mark 12\Side_1205_7_three.mp4;C:\Users\esthe\Downloads\side mark 12\Side_1205_8_five.mp4;C:\Users\esthe\Downloads\side mark 12\Side_1205_9_one.mp4,0.0,17.430;10.494;25.661;9.834;13.997;12.965;11.330;28.530;22.796;20.531;19.331;15.664;15.431;43.998;11.534,240.000;120.000;30.000;30.000;30.000;30.000;30.000;30.000;30.000;30.000;30.000;240.000;30.000;30.000;30.000,Sidemark,bending,,,START,94.241,C:\Users\esthe\Downloads\side mark 12\Side_1205_1_control.mp4,116,NA,
Side_1205,2025-06-06 16:08:33.219,,279.252,Media file(s),player #1:C:\Users\esthe\Downloads\side mark 12\Side_1205_10_onehalf.mp4;C:\Users\esthe\Downloads\side mark 12\Side_1205_12_three.mp4;C:\Users\esthe\Downloads\side mark 12\Side_1205_13_seven.mp4;C:\Users\esthe\Downloads\side mark 12\Side_1205_14_five.mp4;C:\Users\esthe\Downloads\side mark 12\Side_1205_15_three.mp4;C:\Users\esthe\Downloads\side mark 12\Side_1205_16_five.mp4;C:\Users\esthe\Downloads\side mark 12\Side_1205_1_control.mp4;C:\Users\esthe\Downloads\side mark 12\Side_1205_2_five.mp4;C:\Users\esthe\Downloads\side mark 12\Side_1205_3_one.mp4;C:\Users\esthe\Downloads\side mark 12\Side_1205_4_one.mp4;C:\Users\esthe\Downloads\side mark 12\Side_1205_5_three.mp4;C:\Users\esthe\Downloads\side mark 12\Side_1205_6_seven.mp4;C:\Users\esthe\Downloads\side mark 12\Side_1205_7_three.mp4;C:\Users\esthe\Downloads\side mark 12\Side_1205_8_five.mp4;C:\Users\esthe\Downloads\side mark 12\Side_1205_9_one.mp4,0.0,17.430;10.494;25.661;9.834;13.997;12.965;11.330;28.530;22.796;20.531;19.331;15.664;15.431;43.998;11.534,240.000;120.000;30.000;30.000;30.000;30.000;30.000;30.000;30.000;30.000;30.000;240.000;30.000;30.000;30.000,Sidemark,grabbing peanut,,,POINT,94.808,C:\Users\esthe\Downloads\side mark 12\Side_1205_1_control.mp4,133,NA,
Side_1205,2025-06-06 16:08:33.219,,279.252,Media file(s),player #1:C:\Users\esthe\Downloads\side mark 12\Side_1205_10_onehalf.mp4;C:\Users\esthe\Downloads\side mark 12\Side_1205_12_three.mp4;C:\Users\esthe\Downloads\side mark 12\Side_1205_13_seven.mp4;C:\Users\esthe\Downloads\side mark 12\Side_1205_14_five.mp4;C:\Users\esthe\Downloads\side mark 12\Side_1205_15_three.mp4;C:\Users\esthe\Downloads\side mark 12\Side_1205_16_five.mp4;C:\Users\esthe\Downloads\side mark 12\Side_1205_1_control.mp4;C:\Users\esthe\Downloads\side mark 12\Side_1205_2_five.mp4;C:\Users\esthe\Downloads\side mark 12\Side_1205_3_one.mp4;C:\Users\esthe\Downloads\side mark 12\Side_1205_4_one.mp4;C:\Users\esthe\Downloads\side mark 12\Side_1205_5_three.mp4;C:\Users\esthe\Downloads\side mark 12\Side_1205_6_seven.mp4;C:\Users\esthe\Downloads\side mark 12\Side_1205_7_three.mp4;C:\Users\esthe\Downloads\side mark 12\Side_1205_8_five.mp4;C:\Users\esthe\Downloads\side mark 12\Side_1205_9_one.mp4,0.0,17.430;10.494;25.661;9.834;13.997;12.965;11.330;28.530;22.796;20.531;19.331;15.664;15.431;43.998;11.534,240.000;120.000;30.000;30.000;30.000;30.000;30.000;30.000;30.000;30.000;30.000;240.000;30.000;30.000;30.000,Sidemark,bending,,,STOP,94.908,C:\Users\esthe\Downloads\side mark 12\Side_1205_1_control.mp4,136,NA,
Side_1205,2025-06-06 16:08:33.219,,279.252,Media file(s),player #1:C:\Users\esthe\Downloads\side mark 12\Side_1205_10_onehalf.mp4;C:\Users\esthe\Downloads\side mark 12\Side_1205_12_three.mp4;C:\Users\esthe\Downloads\side mark 12\Side_1205_13_seven.mp4;C:\Users\esthe\Downloads\side mark 12\Side_1205_14_five.mp4;C:\Users\esthe\Downloads\side mark 12\Side_1205_15_three.mp4;C:\Users\esthe\Downloads\side mark 12\Side_1205_16_five.mp4;C:\Users\esthe\Downloads\side mark 12\Side_1205_1_control.mp4;C:\Users\esthe\Downloads\side mark 12\Side_1205_2_five.mp4;C:\Users\esthe\Downloads\side mark 12\Side_1205_3_one.mp4;C:\Users\esthe\Downloads\side mark 12\Side_1205_4_one.mp4;C:\Users\esthe\Downloads\side mark 12\Side_1205_5_three.mp4;C:\Users\esthe\Downloads\side mark 12\Side_1205_6_seven.mp4;C:\Users\esthe\Downloads\side mark 12\Side_1205_7_three.mp4;C:\Users\esthe\Downloads\side mark 12\Side_1205_8_five.mp4;C:\Users\esthe\Downloads\side mark 12\Side_1205_9_one.mp4,0.0,17.430;10.494;25.661;9.834;13.997;12.965;11.330;28.530;22.796;20.531;19.331;15.664;15.431;43.998;11.534,240.000;120.000;30.000;30.000;30.000;30.000;30.000;30.000;30.000;30.000;30.000;240.000;30.000;30.000;30.000,Sidemark,lifting,,,START,94.941,C:\Users\esthe\Downloads\side mark 12\Side_1205_1_control.mp4,137,NA,
Side_1205,2025-06-06 16:08:33.219,,279.252,Media file(s),player #1:C:\Users\esthe\Downloads\side mark 12\Side_1205_10_onehalf.mp4;C:\Users\esthe\Downloads\side mark 12\Side_1205_12_three.mp4;C:\Users\esthe\Downloads\side mark 12\Side_1205_13_seven.mp4;C:\Users\esthe\Downloads\side mark 12\Side_1205_14_five.mp4;C:\Users\esthe\Downloads\side mark 12\Side_1205_15_three.mp4;C:\Users\esthe\Downloads\side mark 12\Side_1205_16_five.mp4;C:\Users\esthe\Downloads\side mark 12\Side_1205_1_control.mp4;C:\Users\esthe\Downloads\side mark 12\Side_1205_2_five.mp4;C:\Users\esthe\Downloads\side mark 12\Side_1205_3_one.mp4;C:\Users\esthe\Downloads\side mark 12\Side_1205_4_one.mp4;C:\Users\esthe\Downloads\side mark 12\Side_1205_5_three.mp4;C:\Users\esthe\Downloads\side mark 12\Side_1205_6_seven.mp4;C:\Users\esthe\Downloads\side mark 12\Side_1205_7_three.mp4;C:\Users\esthe\Downloads\side mark 12\Side_1205_8_five.mp4;C:\Users\esthe\Downloads\side mark 12\Side_1205_9_one.mp4,0.0,17.430;10.494;25.661;9.834;13.997;12.965;11.330;28.530;22.796;20.531;19.331;15.664;15.431;43.998;11.534,240.000;120.000;30.000;30.000;30.000;30.000;30.000;30.000;30.000;30.000;30.000;240.000;30.000;30.000;30.000,Sidemark,lifting,,,STOP,95.208,C:\Users\esthe\Downloads\side mark 12\Side_1205_1_control.mp4,145,NA,
Side_1205,2025-06-06 16:08:33.219,,279.252,Media file(s),player #1:C:\Users\esthe\Downloads\side mark 12\Side_1205_10_onehalf.mp4;C:\Users\esthe\Downloads\side mark 12\Side_1205_12_three.mp4;C:\Users\esthe\Downloads\side mark 12\Side_1205_13_seven.mp4;C:\Users\esthe\Downloads\side mark 12\Side_1205_14_five.mp4;C:\Users\esthe\Downloads\side mark 12\Side_1205_15_three.mp4;C:\Users\esthe\Downloads\side mark 12\Side_1205_16_five.mp4;C:\Users\esthe\Downloads\side mark 12\Side_1205_1_control.mp4;C:\Users\esthe\Downloads\side mark 12\Side_1205_2_five.mp4;C:\Users\esthe\Downloads\side mark 12\Side_1205_3_one.mp4;C:\Users\esthe\Downloads\side mark 12\Side_1205_4_one.mp4;C:\Users\esthe\Downloads\side mark 12\Side_1205_5_three.mp4;C:\Users\esthe\Downloads\side mark 12\Side_1205_6_seven.mp4;C:\Users\esthe\Downloads\side mark 12\Side_1205_7_three.mp4;C:\Users\esthe\Downloads\side mark 12\Side_1205_8_five.mp4;C:\Users\esthe\Downloads\side mark 12\Side_1205_9_one.mp4,0.0,17.430;10.494;25.661;9.834;13.997;12.965;11.330;28.530;22.796;20.531;19.331;15.664;15.431;43.998;11.534,240.000;120.000;30.000;30.000;30.000;30.000;30.000;30.000;30.000;30.000;30.000;240.000;30.000;30.000;30.000,Sidemark,assessing,,,START,95.608,C:\Users\esthe\Downloads\side mark 12\Side_1205_1_control.mp4,157,NA,
Side_1205,2025-06-06 16:08:33.219,,279.252,Media file(s),player #1:C:\Users\esthe\Downloads\side mark 12\Side_1205_10_onehalf.mp4;C:\Users\esthe\Downloads\side mark 12\Side_1205_12_three.mp4;C:\Users\esthe\Downloads\side mark 12\Side_1205_13_seven.mp4;C:\Users\esthe\Downloads\side mark 12\Side_1205_14_five.mp4;C:\Users\esthe\Downloads\side mark 12\Side_1205_15_three.mp4;C:\Users\esthe\Downloads\side mark 12\Side_1205_16_five.mp4;C:\Users\esthe\Downloads\side mark 12\Side_1205_1_control.mp4;C:\Users\esthe\Downloads\side mark 12\Side_1205_2_five.mp4;C:\Users\esthe\Downloads\side mark 12\Side_1205_3_one.mp4;C:\Users\esthe\Downloads\side mark 12\Side_1205_4_one.mp4;C:\Users\esthe\Downloads\side mark 12\Side_1205_5_three.mp4;C:\Users\esthe\Downloads\side mark 12\Side_1205_6_seven.mp4;C:\Users\esthe\Downloads\side mark 12\Side_1205_7_three.mp4;C:\Users\esthe\Downloads\side mark 12\Side_1205_8_five.mp4;C:\Users\esthe\Downloads\side mark 12\Side_1205_9_one.mp4,0.0,17.430;10.494;25.661;9.834;13.997;12.965;11.330;28.530;22.796;20.531;19.331;15.664;15.431;43.998;11.534,240.000;120.000;30.000;30.000;30.000;30.000;30.000;30.000;30.000;30.000;30.000;240.000;30.000;30.000;30.000,Sidemark,jaw movement,,,POINT,95.708,C:\Users\esthe\Downloads\side mark 12\Side_1205_1_control.mp4,160,NA,
Side_1205,2025-06-06 16:08:33.219,,279.252,Media file(s),player #1:C:\Users\esthe\Downloads\side mark 12\Side_1205_10_onehalf.mp4;C:\Users\esthe\Downloads\side mark 12\Side_1205_12_three.mp4;C:\Users\esthe\Downloads\side mark 12\Side_1205_13_seven.mp4;C:\Users\esthe\Downloads\side mark 12\Side_1205_14_five.mp4;C:\Users\esthe\Downloads\side mark 12\Side_1205_15_three.mp4;C:\Users\esthe\Downloads\side mark 12\Side_1205_16_five.mp4;C:\Users\esthe\Downloads\side mark 12\Side_1205_1_control.mp4;C:\Users\esthe\Downloads\side mark 12\Side_1205_2_five.mp4;C:\Users\esthe\Downloads\side mark 12\Side_1205_3_one.mp4;C:\Users\esthe\Downloads\side mark 12\Side_1205_4_one.mp4;C:\Users\esthe\Downloads\side mark 12\Side_1205_5_three.mp4;C:\Users\esthe\Downloads\side mark 12\Side_1205_6_seven.mp4;C:\Users\esthe\Downloads\side mark 12\Side_1205_7_three.mp4;C:\Users\esthe\Downloads\side mark 12\Side_1205_8_five.mp4;C:\Users\esthe\Downloads\side mark 12\Side_1205_9_one.mp4,0.0,17.430;10.494;25.661;9.834;13.997;12.965;11.330;28.530;22.796;20.531;19.331;15.664;15.431;43.998;11.534,240.000;120.000;30.000;30.000;30.000;30.000;30.000;30.000;30.000;30.000;30.000;240.000;30.000;30.000;30.000,Sidemark,licking,,,POINT,95.941,C:\Users\esthe\Downloads\side mark 12\Side_1205_1_control.mp4,167,NA,
Side_1205,2025-06-06 16:08:33.219,,279.252,Media file(s),player #1:C:\Users\esthe\Downloads\side mark 12\Side_1205_10_onehalf.mp4;C:\Users\esthe\Downloads\side mark 12\Side_1205_12_three.mp4;C:\Users\esthe\Downloads\side mark 12\Side_1205_13_seven.mp4;C:\Users\esthe\Downloads\side mark 12\Side_1205_14_five.mp4;C:\Users\esthe\Downloads\side mark 12\Side_1205_15_three.mp4;C:\Users\esthe\Downloads\side mark 12\Side_1205_16_five.mp4;C:\Users\esthe\Downloads\side mark 12\Side_1205_1_control.mp4;C:\Users\esthe\Downloads\side mark 12\Side_1205_2_five.mp4;C:\Users\esthe\Downloads\side mark 12\Side_1205_3_one.mp4;C:\Users\esthe\Downloads\side mark 12\Side_1205_4_one.mp4;C:\Users\esthe\Downloads\side mark 12\Side_1205_5_three.mp4;C:\Users\esthe\Downloads\side mark 12\Side_1205_6_seven.mp4;C:\Users\esthe\Downloads\side mark 12\Side_1205_7_three.mp4;C:\Users\esthe\Downloads\side mark 12\Side_1205_8_five.mp4;C:\Users\esthe\Downloads\side mark 12\Side_1205_9_one.mp4,0.0,17.430;10.494;25.661;9.834;13.997;12.965;11.330;28.530;22.796;20.531;19.331;15.664;15.431;43.998;11.534,240.000;120.000;30.000;30.000;30.000;30.000;30.000;30.000;30.000;30.000;30.000;240.000;30.000;30.000;30.000,Sidemark,sniffing,,,POINT,96.108,C:\Users\esthe\Downloads\side mark 12\Side_1205_1_control.mp4,172,NA,
Side_1205,2025-06-06 16:08:33.219,,279.252,Media file(s),player #1:C:\Users\esthe\Downloads\side mark 12\Side_1205_10_onehalf.mp4;C:\Users\esthe\Downloads\side mark 12\Side_1205_12_three.mp4;C:\Users\esthe\Downloads\side mark 12\Side_1205_13_seven.mp4;C:\Users\esthe\Downloads\side mark 12\Side_1205_14_five.mp4;C:\Users\esthe\Downloads\side mark 12\Side_1205_15_three.mp4;C:\Users\esthe\Downloads\side mark 12\Side_1205_16_five.mp4;C:\Users\esthe\Downloads\side mark 12\Side_1205_1_control.mp4;C:\Users\esthe\Downloads\side mark 12\Side_1205_2_five.mp4;C:\Users\esthe\Downloads\side mark 12\Side_1205_3_one.mp4;C:\Users\esthe\Downloads\side mark 12\Side_1205_4_one.mp4;C:\Users\esthe\Downloads\side mark 12\Side_1205_5_three.mp4;C:\Users\esthe\Downloads\side mark 12\Side_1205_6_seven.mp4;C:\Users\esthe\Downloads\side mark 12\Side_1205_7_three.mp4;C:\Users\esthe\Downloads\side mark 12\Side_1205_8_five.mp4;C:\Users\esthe\Downloads\side mark 12\Side_1205_9_one.mp4,0.0,17.430;10.494;25.661;9.834;13.997;12.965;11.330;28.530;22.796;20.531;19.331;15.664;15.431;43.998;11.534,240.000;120.000;30.000;30.000;30.000;30.000;30.000;30.000;30.000;30.000;30.000;240.000;30.000;30.000;30.000,Sidemark,licking,,,POINT,96.441,C:\Users\esthe\Downloads\side mark 12\Side_1205_1_control.mp4,182,NA,
Side_1205,2025-06-06 16:08:33.219,,279.252,Media file(s),player #1:C:\Users\esthe\Downloads\side mark 12\Side_1205_10_onehalf.mp4;C:\Users\esthe\Downloads\side mark 12\Side_1205_12_three.mp4;C:\Users\esthe\Downloads\side mark 12\Side_1205_13_seven.mp4;C:\Users\esthe\Downloads\side mark 12\Side_1205_14_five.mp4;C:\Users\esthe\Downloads\side mark 12\Side_1205_15_three.mp4;C:\Users\esthe\Downloads\side mark 12\Side_1205_16_five.mp4;C:\Users\esthe\Downloads\side mark 12\Side_1205_1_control.mp4;C:\Users\esthe\Downloads\side mark 12\Side_1205_2_five.mp4;C:\Users\esthe\Downloads\side mark 12\Side_1205_3_one.mp4;C:\Users\esthe\Downloads\side mark 12\Side_1205_4_one.mp4;C:\Users\esthe\Downloads\side mark 12\Side_1205_5_three.mp4;C:\Users\esthe\Downloads\side mark 12\Side_1205_6_seven.mp4;C:\Users\esthe\Downloads\side mark 12\Side_1205_7_three.mp4;C:\Users\esthe\Downloads\side mark 12\Side_1205_8_five.mp4;C:\Users\esthe\Downloads\side mark 12\Side_1205_9_one.mp4,0.0,17.430;10.494;25.661;9.834;13.997;12.965;11.330;28.530;22.796;20.531;19.331;15.664;15.431;43.998;11.534,240.000;120.000;30.000;30.000;30.000;30.000;30.000;30.000;30.000;30.000;30.000;240.000;30.000;30.000;30.000,Sidemark,jaw movement,,,POINT,96.675,C:\Users\esthe\Downloads\side mark 12\Side_1205_1_control.mp4,189,NA,
Side_1205,2025-06-06 16:08:33.219,,279.252,Media file(s),player #1:C:\Users\esthe\Downloads\side mark 12\Side_1205_10_onehalf.mp4;C:\Users\esthe\Downloads\side mark 12\Side_1205_12_three.mp4;C:\Users\esthe\Downloads\side mark 12\Side_1205_13_seven.mp4;C:\Users\esthe\Downloads\side mark 12\Side_1205_14_five.mp4;C:\Users\esthe\Downloads\side mark 12\Side_1205_15_three.mp4;C:\Users\esthe\Downloads\side mark 12\Side_1205_16_five.mp4;C:\Users\esthe\Downloads\side mark 12\Side_1205_1_control.mp4;C:\Users\esthe\Downloads\side mark 12\Side_1205_2_five.mp4;C:\Users\esthe\Downloads\side mark 12\Side_1205_3_one.mp4;C:\Users\esthe\Downloads\side mark 12\Side_1205_4_one.mp4;C:\Users\esthe\Downloads\side mark 12\Side_1205_5_three.mp4;C:\Users\esthe\Downloads\side mark 12\Side_1205_6_seven.mp4;C:\Users\esthe\Downloads\side mark 12\Side_1205_7_three.mp4;C:\Users\esthe\Downloads\side mark 12\Side_1205_8_five.mp4;C:\Users\esthe\Downloads\side mark 12\Side_1205_9_one.mp4,0.0,17.430;10.494;25.661;9.834;13.997;12.965;11.330;28.530;22.796;20.531;19.331;15.664;15.431;43.998;11.534,240.000;120.000;30.000;30.000;30.000;30.000;30.000;30.000;30.000;30.000;30.000;240.000;30.000;30.000;30.000,Sidemark,rotation,,Yaw,START,96.741,C:\Users\esthe\Downloads\side mark 12\Side_1205_1_control.mp4,191,NA,
Side_1205,2025-06-06 16:08:33.219,,279.252,Media file(s),player #1:C:\Users\esthe\Downloads\side mark 12\Side_1205_10_onehalf.mp4;C:\Users\esthe\Downloads\side mark 12\Side_1205_12_three.mp4;C:\Users\esthe\Downloads\side mark 12\Side_1205_13_seven.mp4;C:\Users\esthe\Downloads\side mark 12\Side_1205_14_five.mp4;C:\Users\esthe\Downloads\side mark 12\Side_1205_15_three.mp4;C:\Users\esthe\Downloads\side mark 12\Side_1205_16_five.mp4;C:\Users\esthe\Downloads\side mark 12\Side_1205_1_control.mp4;C:\Users\esthe\Downloads\side mark 12\Side_1205_2_five.mp4;C:\Users\esthe\Downloads\side mark 12\Side_1205_3_one.mp4;C:\Users\esthe\Downloads\side mark 12\Side_1205_4_one.mp4;C:\Users\esthe\Downloads\side mark 12\Side_1205_5_three.mp4;C:\Users\esthe\Downloads\side mark 12\Side_1205_6_seven.mp4;C:\Users\esthe\Downloads\side mark 12\Side_1205_7_three.mp4;C:\Users\esthe\Downloads\side mark 12\Side_1205_8_five.mp4;C:\Users\esthe\Downloads\side mark 12\Side_1205_9_one.mp4,0.0,17.430;10.494;25.661;9.834;13.997;12.965;11.330;28.530;22.796;20.531;19.331;15.664;15.431;43.998;11.534,240.000;120.000;30.000;30.000;30.000;30.000;30.000;30.000;30.000;30.000;30.000;240.000;30.000;30.000;30.000,Sidemark,rotation,,Yaw,STOP,97.108,C:\Users\esthe\Downloads\side mark 12\Side_1205_1_control.mp4,202,NA,
Side_1205,2025-06-06 16:08:33.219,,279.252,Media file(s),player #1:C:\Users\esthe\Downloads\side mark 12\Side_1205_10_onehalf.mp4;C:\Users\esthe\Downloads\side mark 12\Side_1205_12_three.mp4;C:\Users\esthe\Downloads\side mark 12\Side_1205_13_seven.mp4;C:\Users\esthe\Downloads\side mark 12\Side_1205_14_five.mp4;C:\Users\esthe\Downloads\side mark 12\Side_1205_15_three.mp4;C:\Users\esthe\Downloads\side mark 12\Side_1205_16_five.mp4;C:\Users\esthe\Downloads\side mark 12\Side_1205_1_control.mp4;C:\Users\esthe\Downloads\side mark 12\Side_1205_2_five.mp4;C:\Users\esthe\Downloads\side mark 12\Side_1205_3_one.mp4;C:\Users\esthe\Downloads\side mark 12\Side_1205_4_one.mp4;C:\Users\esthe\Downloads\side mark 12\Side_1205_5_three.mp4;C:\Users\esthe\Downloads\side mark 12\Side_1205_6_seven.mp4;C:\Users\esthe\Downloads\side mark 12\Side_1205_7_three.mp4;C:\Users\esthe\Downloads\side mark 12\Side_1205_8_five.mp4;C:\Users\esthe\Downloads\side mark 12\Side_1205_9_one.mp4,0.0,17.430;10.494;25.661;9.834;13.997;12.965;11.330;28.530;22.796;20.531;19.331;15.664;15.431;43.998;11.534,240.000;120.000;30.000;30.000;30.000;30.000;30.000;30.000;30.000;30.000;30.000;240.000;30.000;30.000;30.000,Sidemark,jaw movement,,,POINT,97.175,C:\Users\esthe\Downloads\side mark 12\Side_1205_1_control.mp4,204,NA,
Side_1205,2025-06-06 16:08:33.219,,279.252,Media file(s),player #1:C:\Users\esthe\Downloads\side mark 12\Side_1205_10_onehalf.mp4;C:\Users\esthe\Downloads\side mark 12\Side_1205_12_three.mp4;C:\Users\esthe\Downloads\side mark 12\Side_1205_13_seven.mp4;C:\Users\esthe\Downloads\side mark 12\Side_1205_14_five.mp4;C:\Users\esthe\Downloads\side mark 12\Side_1205_15_three.mp4;C:\Users\esthe\Downloads\side mark 12\Side_1205_16_five.mp4;C:\Users\esthe\Downloads\side mark 12\Side_1205_1_control.mp4;C:\Users\esthe\Downloads\side mark 12\Side_1205_2_five.mp4;C:\Users\esthe\Downloads\side mark 12\Side_1205_3_one.mp4;C:\Users\esthe\Downloads\side mark 12\Side_1205_4_one.mp4;C:\Users\esthe\Downloads\side mark 12\Side_1205_5_three.mp4;C:\Users\esthe\Downloads\side mark 12\Side_1205_6_seven.mp4;C:\Users\esthe\Downloads\side mark 12\Side_1205_7_three.mp4;C:\Users\esthe\Downloads\side mark 12\Side_1205_8_five.mp4;C:\Users\esthe\Downloads\side mark 12\Side_1205_9_one.mp4,0.0,17.430;10.494;25.661;9.834;13.997;12.965;11.330;28.530;22.796;20.531;19.331;15.664;15.431;43.998;11.534,240.000;120.000;30.000;30.000;30.000;30.000;30.000;30.000;30.000;30.000;30.000;240.000;30.000;30.000;30.000,Sidemark,jaw movement,,,POINT,97.375,C:\Users\esthe\Downloads\side mark 12\Side_1205_1_control.mp4,210,NA,
Side_1205,2025-06-06 16:08:33.219,,279.252,Media file(s),player #1:C:\Users\esthe\Downloads\side mark 12\Side_1205_10_onehalf.mp4;C:\Users\esthe\Downloads\side mark 12\Side_1205_12_three.mp4;C:\Users\esthe\Downloads\side mark 12\Side_1205_13_seven.mp4;C:\Users\esthe\Downloads\side mark 12\Side_1205_14_five.mp4;C:\Users\esthe\Downloads\side mark 12\Side_1205_15_three.mp4;C:\Users\esthe\Downloads\side mark 12\Side_1205_16_five.mp4;C:\Users\esthe\Downloads\side mark 12\Side_1205_1_control.mp4;C:\Users\esthe\Downloads\side mark 12\Side_1205_2_five.mp4;C:\Users\esthe\Downloads\side mark 12\Side_1205_3_one.mp4;C:\Users\esthe\Downloads\side mark 12\Side_1205_4_one.mp4;C:\Users\esthe\Downloads\side mark 12\Side_1205_5_three.mp4;C:\Users\esthe\Downloads\side mark 12\Side_1205_6_seven.mp4;C:\Users\esthe\Downloads\side mark 12\Side_1205_7_three.mp4;C:\Users\esthe\Downloads\side mark 12\Side_1205_8_five.mp4;C:\Users\esthe\Downloads\side mark 12\Side_1205_9_one.mp4,0.0,17.430;10.494;25.661;9.834;13.997;12.965;11.330;28.530;22.796;20.531;19.331;15.664;15.431;43.998;11.534,240.000;120.000;30.000;30.000;30.000;30.000;30.000;30.000;30.000;30.000;30.000;240.000;30.000;30.000;30.000,Sidemark,mouth,,,POINT,97.541,C:\Users\esthe\Downloads\side mark 12\Side_1205_1_control.mp4,215,NA,
Side_1205,2025-06-06 16:08:33.219,,279.252,Media file(s),player #1:C:\Users\esthe\Downloads\side mark 12\Side_1205_10_onehalf.mp4;C:\Users\esthe\Downloads\side mark 12\Side_1205_12_three.mp4;C:\Users\esthe\Downloads\side mark 12\Side_1205_13_seven.mp4;C:\Users\esthe\Downloads\side mark 12\Side_1205_14_five.mp4;C:\Users\esthe\Downloads\side mark 12\Side_1205_15_three.mp4;C:\Users\esthe\Downloads\side mark 12\Side_1205_16_five.mp4;C:\Users\esthe\Downloads\side mark 12\Side_1205_1_control.mp4;C:\Users\esthe\Downloads\side mark 12\Side_1205_2_five.mp4;C:\Users\esthe\Downloads\side mark 12\Side_1205_3_one.mp4;C:\Users\esthe\Downloads\side mark 12\Side_1205_4_one.mp4;C:\Users\esthe\Downloads\side mark 12\Side_1205_5_three.mp4;C:\Users\esthe\Downloads\side mark 12\Side_1205_6_seven.mp4;C:\Users\esthe\Downloads\side mark 12\Side_1205_7_three.mp4;C:\Users\esthe\Downloads\side mark 12\Side_1205_8_five.mp4;C:\Users\esthe\Downloads\side mark 12\Side_1205_9_one.mp4,0.0,17.430;10.494;25.661;9.834;13.997;12.965;11.330;28.530;22.796;20.531;19.331;15.664;15.431;43.998;11.534,240.000;120.000;30.000;30.000;30.000;30.000;30.000;30.000;30.000;30.000;30.000;240.000;30.000;30.000;30.000,Sidemark,assessing,,,STOP,97.708,C:\Users\esthe\Downloads\side mark 12\Side_1205_1_control.mp4,220,NA,
Side_1205,2025-06-06 16:08:33.219,,279.252,Media file(s),player #1:C:\Users\esthe\Downloads\side mark 12\Side_1205_10_onehalf.mp4;C:\Users\esthe\Downloads\side mark 12\Side_1205_12_three.mp4;C:\Users\esthe\Downloads\side mark 12\Side_1205_13_seven.mp4;C:\Users\esthe\Downloads\side mark 12\Side_1205_14_five.mp4;C:\Users\esthe\Downloads\side mark 12\Side_1205_15_three.mp4;C:\Users\esthe\Downloads\side mark 12\Side_1205_16_five.mp4;C:\Users\esthe\Downloads\side mark 12\Side_1205_1_control.mp4;C:\Users\esthe\Downloads\side mark 12\Side_1205_2_five.mp4;C:\Users\esthe\Downloads\side mark 12\Side_1205_3_one.mp4;C:\Users\esthe\Downloads\side mark 12\Side_1205_4_one.mp4;C:\Users\esthe\Downloads\side mark 12\Side_1205_5_three.mp4;C:\Users\esthe\Downloads\side mark 12\Side_1205_6_seven.mp4;C:\Users\esthe\Downloads\side mark 12\Side_1205_7_three.mp4;C:\Users\esthe\Downloads\side mark 12\Side_1205_8_five.mp4;C:\Users\esthe\Downloads\side mark 12\Side_1205_9_one.mp4,0.0,17.430;10.494;25.661;9.834;13.997;12.965;11.330;28.530;22.796;20.531;19.331;15.664;15.431;43.998;11.534,240.000;120.000;30.000;30.000;30.000;30.000;30.000;30.000;30.000;30.000;30.000;240.000;30.000;30.000;30.000,Sidemark,target,,,START,97.908,C:\Users\esthe\Downloads\side mark 12\Side_1205_1_control.mp4,226,NA,
Side_1205,2025-06-06 16:08:33.219,,279.252,Media file(s),player #1:C:\Users\esthe\Downloads\side mark 12\Side_1205_10_onehalf.mp4;C:\Users\esthe\Downloads\side mark 12\Side_1205_12_three.mp4;C:\Users\esthe\Downloads\side mark 12\Side_1205_13_seven.mp4;C:\Users\esthe\Downloads\side mark 12\Side_1205_14_five.mp4;C:\Users\esthe\Downloads\side mark 12\Side_1205_15_three.mp4;C:\Users\esthe\Downloads\side mark 12\Side_1205_16_five.mp4;C:\Users\esthe\Downloads\side mark 12\Side_1205_1_control.mp4;C:\Users\esthe\Downloads\side mark 12\Side_1205_2_five.mp4;C:\Users\esthe\Downloads\side mark 12\Side_1205_3_one.mp4;C:\Users\esthe\Downloads\side mark 12\Side_1205_4_one.mp4;C:\Users\esthe\Downloads\side mark 12\Side_1205_5_three.mp4;C:\Users\esthe\Downloads\side mark 12\Side_1205_6_seven.mp4;C:\Users\esthe\Downloads\side mark 12\Side_1205_7_three.mp4;C:\Users\esthe\Downloads\side mark 12\Side_1205_8_five.mp4;C:\Users\esthe\Downloads\side mark 12\Side_1205_9_one.mp4,0.0,17.430;10.494;25.661;9.834;13.997;12.965;11.330;28.530;22.796;20.531;19.331;15.664;15.431;43.998;11.534,240.000;120.000;30.000;30.000;30.000;30.000;30.000;30.000;30.000;30.000;30.000;240.000;30.000;30.000;30.000,Sidemark,target,,,STOP,101.641,C:\Users\esthe\Downloads\side mark 12\Side_1205_1_control.mp4,338,NA,
Side_1205,2025-06-06 16:08:33.219,,279.252,Media file(s),player #1:C:\Users\esthe\Downloads\side mark 12\Side_1205_10_onehalf.mp4;C:\Users\esthe\Downloads\side mark 12\Side_1205_12_three.mp4;C:\Users\esthe\Downloads\side mark 12\Side_1205_13_seven.mp4;C:\Users\esthe\Downloads\side mark 12\Side_1205_14_five.mp4;C:\Users\esthe\Downloads\side mark 12\Side_1205_15_three.mp4;C:\Users\esthe\Downloads\side mark 12\Side_1205_16_five.mp4;C:\Users\esthe\Downloads\side mark 12\Side_1205_1_control.mp4;C:\Users\esthe\Downloads\side mark 12\Side_1205_2_five.mp4;C:\Users\esthe\Downloads\side mark 12\Side_1205_3_one.mp4;C:\Users\esthe\Downloads\side mark 12\Side_1205_4_one.mp4;C:\Users\esthe\Downloads\side mark 12\Side_1205_5_three.mp4;C:\Users\esthe\Downloads\side mark 12\Side_1205_6_seven.mp4;C:\Users\esthe\Downloads\side mark 12\Side_1205_7_three.mp4;C:\Users\esthe\Downloads\side mark 12\Side_1205_8_five.mp4;C:\Users\esthe\Downloads\side mark 12\Side_1205_9_one.mp4,0.0,17.430;10.494;25.661;9.834;13.997;12.965;11.330;28.530;22.796;20.531;19.331;15.664;15.431;43.998;11.534,240.000;120.000;30.000;30.000;30.000;30.000;30.000;30.000;30.000;30.000;30.000;240.000;30.000;30.000;30.000,Sidemark,bending,,,START,101.974,C:\Users\esthe\Downloads\side mark 12\Side_1205_2_five.mp4,8,NA,
Side_1205,2025-06-06 16:08:33.219,,279.252,Media file(s),player #1:C:\Users\esthe\Downloads\side mark 12\Side_1205_10_onehalf.mp4;C:\Users\esthe\Downloads\side mark 12\Side_1205_12_three.mp4;C:\Users\esthe\Downloads\side mark 12\Side_1205_13_seven.mp4;C:\Users\esthe\Downloads\side mark 12\Side_1205_14_five.mp4;C:\Users\esthe\Downloads\side mark 12\Side_1205_15_three.mp4;C:\Users\esthe\Downloads\side mark 12\Side_1205_16_five.mp4;C:\Users\esthe\Downloads\side mark 12\Side_1205_1_control.mp4;C:\Users\esthe\Downloads\side mark 12\Side_1205_2_five.mp4;C:\Users\esthe\Downloads\side mark 12\Side_1205_3_one.mp4;C:\Users\esthe\Downloads\side mark 12\Side_1205_4_one.mp4;C:\Users\esthe\Downloads\side mark 12\Side_1205_5_three.mp4;C:\Users\esthe\Downloads\side mark 12\Side_1205_6_seven.mp4;C:\Users\esthe\Downloads\side mark 12\Side_1205_7_three.mp4;C:\Users\esthe\Downloads\side mark 12\Side_1205_8_five.mp4;C:\Users\esthe\Downloads\side mark 12\Side_1205_9_one.mp4,0.0,17.430;10.494;25.661;9.834;13.997;12.965;11.330;28.530;22.796;20.531;19.331;15.664;15.431;43.998;11.534,240.000;120.000;30.000;30.000;30.000;30.000;30.000;30.000;30.000;30.000;30.000;240.000;30.000;30.000;30.000,Sidemark,bending,,,STOP,102.507,C:\Users\esthe\Downloads\side mark 12\Side_1205_2_five.mp4,24,NA,
Side_1205,2025-06-06 16:08:33.219,,279.252,Media file(s),player #1:C:\Users\esthe\Downloads\side mark 12\Side_1205_10_onehalf.mp4;C:\Users\esthe\Downloads\side mark 12\Side_1205_12_three.mp4;C:\Users\esthe\Downloads\side mark 12\Side_1205_13_seven.mp4;C:\Users\esthe\Downloads\side mark 12\Side_1205_14_five.mp4;C:\Users\esthe\Downloads\side mark 12\Side_1205_15_three.mp4;C:\Users\esthe\Downloads\side mark 12\Side_1205_16_five.mp4;C:\Users\esthe\Downloads\side mark 12\Side_1205_1_control.mp4;C:\Users\esthe\Downloads\side mark 12\Side_1205_2_five.mp4;C:\Users\esthe\Downloads\side mark 12\Side_1205_3_one.mp4;C:\Users\esthe\Downloads\side mark 12\Side_1205_4_one.mp4;C:\Users\esthe\Downloads\side mark 12\Side_1205_5_three.mp4;C:\Users\esthe\Downloads\side mark 12\Side_1205_6_seven.mp4;C:\Users\esthe\Downloads\side mark 12\Side_1205_7_three.mp4;C:\Users\esthe\Downloads\side mark 12\Side_1205_8_five.mp4;C:\Users\esthe\Downloads\side mark 12\Side_1205_9_one.mp4,0.0,17.430;10.494;25.661;9.834;13.997;12.965;11.330;28.530;22.796;20.531;19.331;15.664;15.431;43.998;11.534,240.000;120.000;30.000;30.000;30.000;30.000;30.000;30.000;30.000;30.000;30.000;240.000;30.000;30.000;30.000,Sidemark,grabbing peanut,,,POINT,102.507,C:\Users\esthe\Downloads\side mark 12\Side_1205_2_five.mp4,24,NA,
Side_1205,2025-06-06 16:08:33.219,,279.252,Media file(s),player #1:C:\Users\esthe\Downloads\side mark 12\Side_1205_10_onehalf.mp4;C:\Users\esthe\Downloads\side mark 12\Side_1205_12_three.mp4;C:\Users\esthe\Downloads\side mark 12\Side_1205_13_seven.mp4;C:\Users\esthe\Downloads\side mark 12\Side_1205_14_five.mp4;C:\Users\esthe\Downloads\side mark 12\Side_1205_15_three.mp4;C:\Users\esthe\Downloads\side mark 12\Side_1205_16_five.mp4;C:\Users\esthe\Downloads\side mark 12\Side_1205_1_control.mp4;C:\Users\esthe\Downloads\side mark 12\Side_1205_2_five.mp4;C:\Users\esthe\Downloads\side mark 12\Side_1205_3_one.mp4;C:\Users\esthe\Downloads\side mark 12\Side_1205_4_one.mp4;C:\Users\esthe\Downloads\side mark 12\Side_1205_5_three.mp4;C:\Users\esthe\Downloads\side mark 12\Side_1205_6_seven.mp4;C:\Users\esthe\Downloads\side mark 12\Side_1205_7_three.mp4;C:\Users\esthe\Downloads\side mark 12\Side_1205_8_five.mp4;C:\Users\esthe\Downloads\side mark 12\Side_1205_9_one.mp4,0.0,17.430;10.494;25.661;9.834;13.997;12.965;11.330;28.530;22.796;20.531;19.331;15.664;15.431;43.998;11.534,240.000;120.000;30.000;30.000;30.000;30.000;30.000;30.000;30.000;30.000;30.000;240.000;30.000;30.000;30.000,Sidemark,lifting,,,START,102.540,C:\Users\esthe\Downloads\side mark 12\Side_1205_2_five.mp4,25,NA,
Side_1205,2025-06-06 16:08:33.219,,279.252,Media file(s),player #1:C:\Users\esthe\Downloads\side mark 12\Side_1205_10_onehalf.mp4;C:\Users\esthe\Downloads\side mark 12\Side_1205_12_three.mp4;C:\Users\esthe\Downloads\side mark 12\Side_1205_13_seven.mp4;C:\Users\esthe\Downloads\side mark 12\Side_1205_14_five.mp4;C:\Users\esthe\Downloads\side mark 12\Side_1205_15_three.mp4;C:\Users\esthe\Downloads\side mark 12\Side_1205_16_five.mp4;C:\Users\esthe\Downloads\side mark 12\Side_1205_1_control.mp4;C:\Users\esthe\Downloads\side mark 12\Side_1205_2_five.mp4;C:\Users\esthe\Downloads\side mark 12\Side_1205_3_one.mp4;C:\Users\esthe\Downloads\side mark 12\Side_1205_4_one.mp4;C:\Users\esthe\Downloads\side mark 12\Side_1205_5_three.mp4;C:\Users\esthe\Downloads\side mark 12\Side_1205_6_seven.mp4;C:\Users\esthe\Downloads\side mark 12\Side_1205_7_three.mp4;C:\Users\esthe\Downloads\side mark 12\Side_1205_8_five.mp4;C:\Users\esthe\Downloads\side mark 12\Side_1205_9_one.mp4,0.0,17.430;10.494;25.661;9.834;13.997;12.965;11.330;28.530;22.796;20.531;19.331;15.664;15.431;43.998;11.534,240.000;120.000;30.000;30.000;30.000;30.000;30.000;30.000;30.000;30.000;30.000;240.000;30.000;30.000;30.000,Sidemark,lifting,,,STOP,102.807,C:\Users\esthe\Downloads\side mark 12\Side_1205_2_five.mp4,33,NA,
Side_1205,2025-06-06 16:08:33.219,,279.252,Media file(s),player #1:C:\Users\esthe\Downloads\side mark 12\Side_1205_10_onehalf.mp4;C:\Users\esthe\Downloads\side mark 12\Side_1205_12_three.mp4;C:\Users\esthe\Downloads\side mark 12\Side_1205_13_seven.mp4;C:\Users\esthe\Downloads\side mark 12\Side_1205_14_five.mp4;C:\Users\esthe\Downloads\side mark 12\Side_1205_15_three.mp4;C:\Users\esthe\Downloads\side mark 12\Side_1205_16_five.mp4;C:\Users\esthe\Downloads\side mark 12\Side_1205_1_control.mp4;C:\Users\esthe\Downloads\side mark 12\Side_1205_2_five.mp4;C:\Users\esthe\Downloads\side mark 12\Side_1205_3_one.mp4;C:\Users\esthe\Downloads\side mark 12\Side_1205_4_one.mp4;C:\Users\esthe\Downloads\side mark 12\Side_1205_5_three.mp4;C:\Users\esthe\Downloads\side mark 12\Side_1205_6_seven.mp4;C:\Users\esthe\Downloads\side mark 12\Side_1205_7_three.mp4;C:\Users\esthe\Downloads\side mark 12\Side_1205_8_five.mp4;C:\Users\esthe\Downloads\side mark 12\Side_1205_9_one.mp4,0.0,17.430;10.494;25.661;9.834;13.997;12.965;11.330;28.530;22.796;20.531;19.331;15.664;15.431;43.998;11.534,240.000;120.000;30.000;30.000;30.000;30.000;30.000;30.000;30.000;30.000;30.000;240.000;30.000;30.000;30.000,Sidemark,target,,,START,104.340,C:\Users\esthe\Downloads\side mark 12\Side_1205_2_five.mp4,79,NA,
Side_1205,2025-06-06 16:08:33.219,,279.252,Media file(s),player #1:C:\Users\esthe\Downloads\side mark 12\Side_1205_10_onehalf.mp4;C:\Users\esthe\Downloads\side mark 12\Side_1205_12_three.mp4;C:\Users\esthe\Downloads\side mark 12\Side_1205_13_seven.mp4;C:\Users\esthe\Downloads\side mark 12\Side_1205_14_five.mp4;C:\Users\esthe\Downloads\side mark 12\Side_1205_15_three.mp4;C:\Users\esthe\Downloads\side mark 12\Side_1205_16_five.mp4;C:\Users\esthe\Downloads\side mark 12\Side_1205_1_control.mp4;C:\Users\esthe\Downloads\side mark 12\Side_1205_2_five.mp4;C:\Users\esthe\Downloads\side mark 12\Side_1205_3_one.mp4;C:\Users\esthe\Downloads\side mark 12\Side_1205_4_one.mp4;C:\Users\esthe\Downloads\side mark 12\Side_1205_5_three.mp4;C:\Users\esthe\Downloads\side mark 12\Side_1205_6_seven.mp4;C:\Users\esthe\Downloads\side mark 12\Side_1205_7_three.mp4;C:\Users\esthe\Downloads\side mark 12\Side_1205_8_five.mp4;C:\Users\esthe\Downloads\side mark 12\Side_1205_9_one.mp4,0.0,17.430;10.494;25.661;9.834;13.997;12.965;11.330;28.530;22.796;20.531;19.331;15.664;15.431;43.998;11.534,240.000;120.000;30.000;30.000;30.000;30.000;30.000;30.000;30.000;30.000;30.000;240.000;30.000;30.000;30.000,Sidemark,pause,,,START,119.305,C:\Users\esthe\Downloads\side mark 12\Side_1205_2_five.mp4,528,NA,
Side_1205,2025-06-06 16:08:33.219,,279.252,Media file(s),player #1:C:\Users\esthe\Downloads\side mark 12\Side_1205_10_onehalf.mp4;C:\Users\esthe\Downloads\side mark 12\Side_1205_12_three.mp4;C:\Users\esthe\Downloads\side mark 12\Side_1205_13_seven.mp4;C:\Users\esthe\Downloads\side mark 12\Side_1205_14_five.mp4;C:\Users\esthe\Downloads\side mark 12\Side_1205_15_three.mp4;C:\Users\esthe\Downloads\side mark 12\Side_1205_16_five.mp4;C:\Users\esthe\Downloads\side mark 12\Side_1205_1_control.mp4;C:\Users\esthe\Downloads\side mark 12\Side_1205_2_five.mp4;C:\Users\esthe\Downloads\side mark 12\Side_1205_3_one.mp4;C:\Users\esthe\Downloads\side mark 12\Side_1205_4_one.mp4;C:\Users\esthe\Downloads\side mark 12\Side_1205_5_three.mp4;C:\Users\esthe\Downloads\side mark 12\Side_1205_6_seven.mp4;C:\Users\esthe\Downloads\side mark 12\Side_1205_7_three.mp4;C:\Users\esthe\Downloads\side mark 12\Side_1205_8_five.mp4;C:\Users\esthe\Downloads\side mark 12\Side_1205_9_one.mp4,0.0,17.430;10.494;25.661;9.834;13.997;12.965;11.330;28.530;22.796;20.531;19.331;15.664;15.431;43.998;11.534,240.000;120.000;30.000;30.000;30.000;30.000;30.000;30.000;30.000;30.000;30.000;240.000;30.000;30.000;30.000,Sidemark,pause,,,STOP,121.704,C:\Users\esthe\Downloads\side mark 12\Side_1205_2_five.mp4,600,NA,
Side_1205,2025-06-06 16:08:33.219,,279.252,Media file(s),player #1:C:\Users\esthe\Downloads\side mark 12\Side_1205_10_onehalf.mp4;C:\Users\esthe\Downloads\side mark 12\Side_1205_12_three.mp4;C:\Users\esthe\Downloads\side mark 12\Side_1205_13_seven.mp4;C:\Users\esthe\Downloads\side mark 12\Side_1205_14_five.mp4;C:\Users\esthe\Downloads\side mark 12\Side_1205_15_three.mp4;C:\Users\esthe\Downloads\side mark 12\Side_1205_16_five.mp4;C:\Users\esthe\Downloads\side mark 12\Side_1205_1_control.mp4;C:\Users\esthe\Downloads\side mark 12\Side_1205_2_five.mp4;C:\Users\esthe\Downloads\side mark 12\Side_1205_3_one.mp4;C:\Users\esthe\Downloads\side mark 12\Side_1205_4_one.mp4;C:\Users\esthe\Downloads\side mark 12\Side_1205_5_three.mp4;C:\Users\esthe\Downloads\side mark 12\Side_1205_6_seven.mp4;C:\Users\esthe\Downloads\side mark 12\Side_1205_7_three.mp4;C:\Users\esthe\Downloads\side mark 12\Side_1205_8_five.mp4;C:\Users\esthe\Downloads\side mark 12\Side_1205_9_one.mp4,0.0,17.430;10.494;25.661;9.834;13.997;12.965;11.330;28.530;22.796;20.531;19.331;15.664;15.431;43.998;11.534,240.000;120.000;30.000;30.000;30.000;30.000;30.000;30.000;30.000;30.000;30.000;240.000;30.000;30.000;30.000,Sidemark,target,,,STOP,125.071,C:\Users\esthe\Downloads\side mark 12\Side_1205_2_five.mp4,701,NA,
Side_1205,2025-06-06 16:08:33.219,,279.252,Media file(s),player #1:C:\Users\esthe\Downloads\side mark 12\Side_1205_10_onehalf.mp4;C:\Users\esthe\Downloads\side mark 12\Side_1205_12_three.mp4;C:\Users\esthe\Downloads\side mark 12\Side_1205_13_seven.mp4;C:\Users\esthe\Downloads\side mark 12\Side_1205_14_five.mp4;C:\Users\esthe\Downloads\side mark 12\Side_1205_15_three.mp4;C:\Users\esthe\Downloads\side mark 12\Side_1205_16_five.mp4;C:\Users\esthe\Downloads\side mark 12\Side_1205_1_control.mp4;C:\Users\esthe\Downloads\side mark 12\Side_1205_2_five.mp4;C:\Users\esthe\Downloads\side mark 12\Side_1205_3_one.mp4;C:\Users\esthe\Downloads\side mark 12\Side_1205_4_one.mp4;C:\Users\esthe\Downloads\side mark 12\Side_1205_5_three.mp4;C:\Users\esthe\Downloads\side mark 12\Side_1205_6_seven.mp4;C:\Users\esthe\Downloads\side mark 12\Side_1205_7_three.mp4;C:\Users\esthe\Downloads\side mark 12\Side_1205_8_five.mp4;C:\Users\esthe\Downloads\side mark 12\Side_1205_9_one.mp4,0.0,17.430;10.494;25.661;9.834;13.997;12.965;11.330;28.530;22.796;20.531;19.331;15.664;15.431;43.998;11.534,240.000;120.000;30.000;30.000;30.000;30.000;30.000;30.000;30.000;30.000;30.000;240.000;30.000;30.000;30.000,Sidemark,digging,,,START,125.804,C:\Users\esthe\Downloads\side mark 12\Side_1205_2_five.mp4,723,NA,
Side_1205,2025-06-06 16:08:33.219,,279.252,Media file(s),player #1:C:\Users\esthe\Downloads\side mark 12\Side_1205_10_onehalf.mp4;C:\Users\esthe\Downloads\side mark 12\Side_1205_12_three.mp4;C:\Users\esthe\Downloads\side mark 12\Side_1205_13_seven.mp4;C:\Users\esthe\Downloads\side mark 12\Side_1205_14_five.mp4;C:\Users\esthe\Downloads\side mark 12\Side_1205_15_three.mp4;C:\Users\esthe\Downloads\side mark 12\Side_1205_16_five.mp4;C:\Users\esthe\Downloads\side mark 12\Side_1205_1_control.mp4;C:\Users\esthe\Downloads\side mark 12\Side_1205_2_five.mp4;C:\Users\esthe\Downloads\side mark 12\Side_1205_3_one.mp4;C:\Users\esthe\Downloads\side mark 12\Side_1205_4_one.mp4;C:\Users\esthe\Downloads\side mark 12\Side_1205_5_three.mp4;C:\Users\esthe\Downloads\side mark 12\Side_1205_6_seven.mp4;C:\Users\esthe\Downloads\side mark 12\Side_1205_7_three.mp4;C:\Users\esthe\Downloads\side mark 12\Side_1205_8_five.mp4;C:\Users\esthe\Downloads\side mark 12\Side_1205_9_one.mp4,0.0,17.430;10.494;25.661;9.834;13.997;12.965;11.330;28.530;22.796;20.531;19.331;15.664;15.431;43.998;11.534,240.000;120.000;30.000;30.000;30.000;30.000;30.000;30.000;30.000;30.000;30.000;240.000;30.000;30.000;30.000,Sidemark,digging,,,STOP,129.870,C:\Users\esthe\Downloads\side mark 12\Side_1205_2_five.mp4,844,NA,
Side_1205,2025-06-06 16:08:33.219,,279.252,Media file(s),player #1:C:\Users\esthe\Downloads\side mark 12\Side_1205_10_onehalf.mp4;C:\Users\esthe\Downloads\side mark 12\Side_1205_12_three.mp4;C:\Users\esthe\Downloads\side mark 12\Side_1205_13_seven.mp4;C:\Users\esthe\Downloads\side mark 12\Side_1205_14_five.mp4;C:\Users\esthe\Downloads\side mark 12\Side_1205_15_three.mp4;C:\Users\esthe\Downloads\side mark 12\Side_1205_16_five.mp4;C:\Users\esthe\Downloads\side mark 12\Side_1205_1_control.mp4;C:\Users\esthe\Downloads\side mark 12\Side_1205_2_five.mp4;C:\Users\esthe\Downloads\side mark 12\Side_1205_3_one.mp4;C:\Users\esthe\Downloads\side mark 12\Side_1205_4_one.mp4;C:\Users\esthe\Downloads\side mark 12\Side_1205_5_three.mp4;C:\Users\esthe\Downloads\side mark 12\Side_1205_6_seven.mp4;C:\Users\esthe\Downloads\side mark 12\Side_1205_7_three.mp4;C:\Users\esthe\Downloads\side mark 12\Side_1205_8_five.mp4;C:\Users\esthe\Downloads\side mark 12\Side_1205_9_one.mp4,0.0,17.430;10.494;25.661;9.834;13.997;12.965;11.330;28.530;22.796;20.531;19.331;15.664;15.431;43.998;11.534,240.000;120.000;30.000;30.000;30.000;30.000;30.000;30.000;30.000;30.000;30.000;240.000;30.000;30.000;30.000,Sidemark,dropping peanut,,,POINT,129.970,C:\Users\esthe\Downloads\side mark 12\Side_1205_2_five.mp4,847,NA,
Side_1205,2025-06-06 16:08:33.219,,279.252,Media file(s),player #1:C:\Users\esthe\Downloads\side mark 12\Side_1205_10_onehalf.mp4;C:\Users\esthe\Downloads\side mark 12\Side_1205_12_three.mp4;C:\Users\esthe\Downloads\side mark 12\Side_1205_13_seven.mp4;C:\Users\esthe\Downloads\side mark 12\Side_1205_14_five.mp4;C:\Users\esthe\Downloads\side mark 12\Side_1205_15_three.mp4;C:\Users\esthe\Downloads\side mark 12\Side_1205_16_five.mp4;C:\Users\esthe\Downloads\side mark 12\Side_1205_1_control.mp4;C:\Users\esthe\Downloads\side mark 12\Side_1205_2_five.mp4;C:\Users\esthe\Downloads\side mark 12\Side_1205_3_one.mp4;C:\Users\esthe\Downloads\side mark 12\Side_1205_4_one.mp4;C:\Users\esthe\Downloads\side mark 12\Side_1205_5_three.mp4;C:\Users\esthe\Downloads\side mark 12\Side_1205_6_seven.mp4;C:\Users\esthe\Downloads\side mark 12\Side_1205_7_three.mp4;C:\Users\esthe\Downloads\side mark 12\Side_1205_8_five.mp4;C:\Users\esthe\Downloads\side mark 12\Side_1205_9_one.mp4,0.0,17.430;10.494;25.661;9.834;13.997;12.965;11.330;28.530;22.796;20.531;19.331;15.664;15.431;43.998;11.534,240.000;120.000;30.000;30.000;30.000;30.000;30.000;30.000;30.000;30.000;30.000;240.000;30.000;30.000;30.000,Sidemark,bending,,,START,130.869,C:\Users\esthe\Downloads\side mark 12\Side_1205_3_one.mp4,19,NA,
Side_1205,2025-06-06 16:08:33.219,,279.252,Media file(s),player #1:C:\Users\esthe\Downloads\side mark 12\Side_1205_10_onehalf.mp4;C:\Users\esthe\Downloads\side mark 12\Side_1205_12_three.mp4;C:\Users\esthe\Downloads\side mark 12\Side_1205_13_seven.mp4;C:\Users\esthe\Downloads\side mark 12\Side_1205_14_five.mp4;C:\Users\esthe\Downloads\side mark 12\Side_1205_15_three.mp4;C:\Users\esthe\Downloads\side mark 12\Side_1205_16_five.mp4;C:\Users\esthe\Downloads\side mark 12\Side_1205_1_control.mp4;C:\Users\esthe\Downloads\side mark 12\Side_1205_2_five.mp4;C:\Users\esthe\Downloads\side mark 12\Side_1205_3_one.mp4;C:\Users\esthe\Downloads\side mark 12\Side_1205_4_one.mp4;C:\Users\esthe\Downloads\side mark 12\Side_1205_5_three.mp4;C:\Users\esthe\Downloads\side mark 12\Side_1205_6_seven.mp4;C:\Users\esthe\Downloads\side mark 12\Side_1205_7_three.mp4;C:\Users\esthe\Downloads\side mark 12\Side_1205_8_five.mp4;C:\Users\esthe\Downloads\side mark 12\Side_1205_9_one.mp4,0.0,17.430;10.494;25.661;9.834;13.997;12.965;11.330;28.530;22.796;20.531;19.331;15.664;15.431;43.998;11.534,240.000;120.000;30.000;30.000;30.000;30.000;30.000;30.000;30.000;30.000;30.000;240.000;30.000;30.000;30.000,Sidemark,bending,,,STOP,130.969,C:\Users\esthe\Downloads\side mark 12\Side_1205_3_one.mp4,22,NA,
Side_1205,2025-06-06 16:08:33.219,,279.252,Media file(s),player #1:C:\Users\esthe\Downloads\side mark 12\Side_1205_10_onehalf.mp4;C:\Users\esthe\Downloads\side mark 12\Side_1205_12_three.mp4;C:\Users\esthe\Downloads\side mark 12\Side_1205_13_seven.mp4;C:\Users\esthe\Downloads\side mark 12\Side_1205_14_five.mp4;C:\Users\esthe\Downloads\side mark 12\Side_1205_15_three.mp4;C:\Users\esthe\Downloads\side mark 12\Side_1205_16_five.mp4;C:\Users\esthe\Downloads\side mark 12\Side_1205_1_control.mp4;C:\Users\esthe\Downloads\side mark 12\Side_1205_2_five.mp4;C:\Users\esthe\Downloads\side mark 12\Side_1205_3_one.mp4;C:\Users\esthe\Downloads\side mark 12\Side_1205_4_one.mp4;C:\Users\esthe\Downloads\side mark 12\Side_1205_5_three.mp4;C:\Users\esthe\Downloads\side mark 12\Side_1205_6_seven.mp4;C:\Users\esthe\Downloads\side mark 12\Side_1205_7_three.mp4;C:\Users\esthe\Downloads\side mark 12\Side_1205_8_five.mp4;C:\Users\esthe\Downloads\side mark 12\Side_1205_9_one.mp4,0.0,17.430;10.494;25.661;9.834;13.997;12.965;11.330;28.530;22.796;20.531;19.331;15.664;15.431;43.998;11.534,240.000;120.000;30.000;30.000;30.000;30.000;30.000;30.000;30.000;30.000;30.000;240.000;30.000;30.000;30.000,Sidemark,grabbing peanut,,,POINT,130.969,C:\Users\esthe\Downloads\side mark 12\Side_1205_3_one.mp4,22,NA,
Side_1205,2025-06-06 16:08:33.219,,279.252,Media file(s),player #1:C:\Users\esthe\Downloads\side mark 12\Side_1205_10_onehalf.mp4;C:\Users\esthe\Downloads\side mark 12\Side_1205_12_three.mp4;C:\Users\esthe\Downloads\side mark 12\Side_1205_13_seven.mp4;C:\Users\esthe\Downloads\side mark 12\Side_1205_14_five.mp4;C:\Users\esthe\Downloads\side mark 12\Side_1205_15_three.mp4;C:\Users\esthe\Downloads\side mark 12\Side_1205_16_five.mp4;C:\Users\esthe\Downloads\side mark 12\Side_1205_1_control.mp4;C:\Users\esthe\Downloads\side mark 12\Side_1205_2_five.mp4;C:\Users\esthe\Downloads\side mark 12\Side_1205_3_one.mp4;C:\Users\esthe\Downloads\side mark 12\Side_1205_4_one.mp4;C:\Users\esthe\Downloads\side mark 12\Side_1205_5_three.mp4;C:\Users\esthe\Downloads\side mark 12\Side_1205_6_seven.mp4;C:\Users\esthe\Downloads\side mark 12\Side_1205_7_three.mp4;C:\Users\esthe\Downloads\side mark 12\Side_1205_8_five.mp4;C:\Users\esthe\Downloads\side mark 12\Side_1205_9_one.mp4,0.0,17.430;10.494;25.661;9.834;13.997;12.965;11.330;28.530;22.796;20.531;19.331;15.664;15.431;43.998;11.534,240.000;120.000;30.000;30.000;30.000;30.000;30.000;30.000;30.000;30.000;30.000;240.000;30.000;30.000;30.000,Sidemark,lifting,,,START,131.036,C:\Users\esthe\Downloads\side mark 12\Side_1205_3_one.mp4,24,NA,
Side_1205,2025-06-06 16:08:33.219,,279.252,Media file(s),player #1:C:\Users\esthe\Downloads\side mark 12\Side_1205_10_onehalf.mp4;C:\Users\esthe\Downloads\side mark 12\Side_1205_12_three.mp4;C:\Users\esthe\Downloads\side mark 12\Side_1205_13_seven.mp4;C:\Users\esthe\Downloads\side mark 12\Side_1205_14_five.mp4;C:\Users\esthe\Downloads\side mark 12\Side_1205_15_three.mp4;C:\Users\esthe\Downloads\side mark 12\Side_1205_16_five.mp4;C:\Users\esthe\Downloads\side mark 12\Side_1205_1_control.mp4;C:\Users\esthe\Downloads\side mark 12\Side_1205_2_five.mp4;C:\Users\esthe\Downloads\side mark 12\Side_1205_3_one.mp4;C:\Users\esthe\Downloads\side mark 12\Side_1205_4_one.mp4;C:\Users\esthe\Downloads\side mark 12\Side_1205_5_three.mp4;C:\Users\esthe\Downloads\side mark 12\Side_1205_6_seven.mp4;C:\Users\esthe\Downloads\side mark 12\Side_1205_7_three.mp4;C:\Users\esthe\Downloads\side mark 12\Side_1205_8_five.mp4;C:\Users\esthe\Downloads\side mark 12\Side_1205_9_one.mp4,0.0,17.430;10.494;25.661;9.834;13.997;12.965;11.330;28.530;22.796;20.531;19.331;15.664;15.431;43.998;11.534,240.000;120.000;30.000;30.000;30.000;30.000;30.000;30.000;30.000;30.000;30.000;240.000;30.000;30.000;30.000,Sidemark,lifting,,,STOP,131.436,C:\Users\esthe\Downloads\side mark 12\Side_1205_3_one.mp4,36,NA,
Side_1205,2025-06-06 16:08:33.219,,279.252,Media file(s),player #1:C:\Users\esthe\Downloads\side mark 12\Side_1205_10_onehalf.mp4;C:\Users\esthe\Downloads\side mark 12\Side_1205_12_three.mp4;C:\Users\esthe\Downloads\side mark 12\Side_1205_13_seven.mp4;C:\Users\esthe\Downloads\side mark 12\Side_1205_14_five.mp4;C:\Users\esthe\Downloads\side mark 12\Side_1205_15_three.mp4;C:\Users\esthe\Downloads\side mark 12\Side_1205_16_five.mp4;C:\Users\esthe\Downloads\side mark 12\Side_1205_1_control.mp4;C:\Users\esthe\Downloads\side mark 12\Side_1205_2_five.mp4;C:\Users\esthe\Downloads\side mark 12\Side_1205_3_one.mp4;C:\Users\esthe\Downloads\side mark 12\Side_1205_4_one.mp4;C:\Users\esthe\Downloads\side mark 12\Side_1205_5_three.mp4;C:\Users\esthe\Downloads\side mark 12\Side_1205_6_seven.mp4;C:\Users\esthe\Downloads\side mark 12\Side_1205_7_three.mp4;C:\Users\esthe\Downloads\side mark 12\Side_1205_8_five.mp4;C:\Users\esthe\Downloads\side mark 12\Side_1205_9_one.mp4,0.0,17.430;10.494;25.661;9.834;13.997;12.965;11.330;28.530;22.796;20.531;19.331;15.664;15.431;43.998;11.534,240.000;120.000;30.000;30.000;30.000;30.000;30.000;30.000;30.000;30.000;30.000;240.000;30.000;30.000;30.000,Sidemark,target,,,START,132.366,C:\Users\esthe\Downloads\side mark 12\Side_1205_3_one.mp4,64,NA,
Side_1205,2025-06-06 16:08:33.219,,279.252,Media file(s),player #1:C:\Users\esthe\Downloads\side mark 12\Side_1205_10_onehalf.mp4;C:\Users\esthe\Downloads\side mark 12\Side_1205_12_three.mp4;C:\Users\esthe\Downloads\side mark 12\Side_1205_13_seven.mp4;C:\Users\esthe\Downloads\side mark 12\Side_1205_14_five.mp4;C:\Users\esthe\Downloads\side mark 12\Side_1205_15_three.mp4;C:\Users\esthe\Downloads\side mark 12\Side_1205_16_five.mp4;C:\Users\esthe\Downloads\side mark 12\Side_1205_1_control.mp4;C:\Users\esthe\Downloads\side mark 12\Side_1205_2_five.mp4;C:\Users\esthe\Downloads\side mark 12\Side_1205_3_one.mp4;C:\Users\esthe\Downloads\side mark 12\Side_1205_4_one.mp4;C:\Users\esthe\Downloads\side mark 12\Side_1205_5_three.mp4;C:\Users\esthe\Downloads\side mark 12\Side_1205_6_seven.mp4;C:\Users\esthe\Downloads\side mark 12\Side_1205_7_three.mp4;C:\Users\esthe\Downloads\side mark 12\Side_1205_8_five.mp4;C:\Users\esthe\Downloads\side mark 12\Side_1205_9_one.mp4,0.0,17.430;10.494;25.661;9.834;13.997;12.965;11.330;28.530;22.796;20.531;19.331;15.664;15.431;43.998;11.534,240.000;120.000;30.000;30.000;30.000;30.000;30.000;30.000;30.000;30.000;30.000;240.000;30.000;30.000;30.000,Sidemark,pause,,,START,133.332,C:\Users\esthe\Downloads\side mark 12\Side_1205_3_one.mp4,93,NA,
Side_1205,2025-06-06 16:08:33.219,,279.252,Media file(s),player #1:C:\Users\esthe\Downloads\side mark 12\Side_1205_10_onehalf.mp4;C:\Users\esthe\Downloads\side mark 12\Side_1205_12_three.mp4;C:\Users\esthe\Downloads\side mark 12\Side_1205_13_seven.mp4;C:\Users\esthe\Downloads\side mark 12\Side_1205_14_five.mp4;C:\Users\esthe\Downloads\side mark 12\Side_1205_15_three.mp4;C:\Users\esthe\Downloads\side mark 12\Side_1205_16_five.mp4;C:\Users\esthe\Downloads\side mark 12\Side_1205_1_control.mp4;C:\Users\esthe\Downloads\side mark 12\Side_1205_2_five.mp4;C:\Users\esthe\Downloads\side mark 12\Side_1205_3_one.mp4;C:\Users\esthe\Downloads\side mark 12\Side_1205_4_one.mp4;C:\Users\esthe\Downloads\side mark 12\Side_1205_5_three.mp4;C:\Users\esthe\Downloads\side mark 12\Side_1205_6_seven.mp4;C:\Users\esthe\Downloads\side mark 12\Side_1205_7_three.mp4;C:\Users\esthe\Downloads\side mark 12\Side_1205_8_five.mp4;C:\Users\esthe\Downloads\side mark 12\Side_1205_9_one.mp4,0.0,17.430;10.494;25.661;9.834;13.997;12.965;11.330;28.530;22.796;20.531;19.331;15.664;15.431;43.998;11.534,240.000;120.000;30.000;30.000;30.000;30.000;30.000;30.000;30.000;30.000;30.000;240.000;30.000;30.000;30.000,Sidemark,pause,,,STOP,133.732,C:\Users\esthe\Downloads\side mark 12\Side_1205_3_one.mp4,105,NA,
Side_1205,2025-06-06 16:08:33.219,,279.252,Media file(s),player #1:C:\Users\esthe\Downloads\side mark 12\Side_1205_10_onehalf.mp4;C:\Users\esthe\Downloads\side mark 12\Side_1205_12_three.mp4;C:\Users\esthe\Downloads\side mark 12\Side_1205_13_seven.mp4;C:\Users\esthe\Downloads\side mark 12\Side_1205_14_five.mp4;C:\Users\esthe\Downloads\side mark 12\Side_1205_15_three.mp4;C:\Users\esthe\Downloads\side mark 12\Side_1205_16_five.mp4;C:\Users\esthe\Downloads\side mark 12\Side_1205_1_control.mp4;C:\Users\esthe\Downloads\side mark 12\Side_1205_2_five.mp4;C:\Users\esthe\Downloads\side mark 12\Side_1205_3_one.mp4;C:\Users\esthe\Downloads\side mark 12\Side_1205_4_one.mp4;C:\Users\esthe\Downloads\side mark 12\Side_1205_5_three.mp4;C:\Users\esthe\Downloads\side mark 12\Side_1205_6_seven.mp4;C:\Users\esthe\Downloads\side mark 12\Side_1205_7_three.mp4;C:\Users\esthe\Downloads\side mark 12\Side_1205_8_five.mp4;C:\Users\esthe\Downloads\side mark 12\Side_1205_9_one.mp4,0.0,17.430;10.494;25.661;9.834;13.997;12.965;11.330;28.530;22.796;20.531;19.331;15.664;15.431;43.998;11.534,240.000;120.000;30.000;30.000;30.000;30.000;30.000;30.000;30.000;30.000;30.000;240.000;30.000;30.000;30.000,Sidemark,pause,,,START,135.199,C:\Users\esthe\Downloads\side mark 12\Side_1205_3_one.mp4,149,NA,
Side_1205,2025-06-06 16:08:33.219,,279.252,Media file(s),player #1:C:\Users\esthe\Downloads\side mark 12\Side_1205_10_onehalf.mp4;C:\Users\esthe\Downloads\side mark 12\Side_1205_12_three.mp4;C:\Users\esthe\Downloads\side mark 12\Side_1205_13_seven.mp4;C:\Users\esthe\Downloads\side mark 12\Side_1205_14_five.mp4;C:\Users\esthe\Downloads\side mark 12\Side_1205_15_three.mp4;C:\Users\esthe\Downloads\side mark 12\Side_1205_16_five.mp4;C:\Users\esthe\Downloads\side mark 12\Side_1205_1_control.mp4;C:\Users\esthe\Downloads\side mark 12\Side_1205_2_five.mp4;C:\Users\esthe\Downloads\side mark 12\Side_1205_3_one.mp4;C:\Users\esthe\Downloads\side mark 12\Side_1205_4_one.mp4;C:\Users\esthe\Downloads\side mark 12\Side_1205_5_three.mp4;C:\Users\esthe\Downloads\side mark 12\Side_1205_6_seven.mp4;C:\Users\esthe\Downloads\side mark 12\Side_1205_7_three.mp4;C:\Users\esthe\Downloads\side mark 12\Side_1205_8_five.mp4;C:\Users\esthe\Downloads\side mark 12\Side_1205_9_one.mp4,0.0,17.430;10.494;25.661;9.834;13.997;12.965;11.330;28.530;22.796;20.531;19.331;15.664;15.431;43.998;11.534,240.000;120.000;30.000;30.000;30.000;30.000;30.000;30.000;30.000;30.000;30.000;240.000;30.000;30.000;30.000,Sidemark,pause,,,STOP,135.766,C:\Users\esthe\Downloads\side mark 12\Side_1205_3_one.mp4,166,NA,
Side_1205,2025-06-06 16:08:33.219,,279.252,Media file(s),player #1:C:\Users\esthe\Downloads\side mark 12\Side_1205_10_onehalf.mp4;C:\Users\esthe\Downloads\side mark 12\Side_1205_12_three.mp4;C:\Users\esthe\Downloads\side mark 12\Side_1205_13_seven.mp4;C:\Users\esthe\Downloads\side mark 12\Side_1205_14_five.mp4;C:\Users\esthe\Downloads\side mark 12\Side_1205_15_three.mp4;C:\Users\esthe\Downloads\side mark 12\Side_1205_16_five.mp4;C:\Users\esthe\Downloads\side mark 12\Side_1205_1_control.mp4;C:\Users\esthe\Downloads\side mark 12\Side_1205_2_five.mp4;C:\Users\esthe\Downloads\side mark 12\Side_1205_3_one.mp4;C:\Users\esthe\Downloads\side mark 12\Side_1205_4_one.mp4;C:\Users\esthe\Downloads\side mark 12\Side_1205_5_three.mp4;C:\Users\esthe\Downloads\side mark 12\Side_1205_6_seven.mp4;C:\Users\esthe\Downloads\side mark 12\Side_1205_7_three.mp4;C:\Users\esthe\Downloads\side mark 12\Side_1205_8_five.mp4;C:\Users\esthe\Downloads\side mark 12\Side_1205_9_one.mp4,0.0,17.430;10.494;25.661;9.834;13.997;12.965;11.330;28.530;22.796;20.531;19.331;15.664;15.431;43.998;11.534,240.000;120.000;30.000;30.000;30.000;30.000;30.000;30.000;30.000;30.000;30.000;240.000;30.000;30.000;30.000,Sidemark,pause,,,START,141.400,C:\Users\esthe\Downloads\side mark 12\Side_1205_3_one.mp4,335,NA,
Side_1205,2025-06-06 16:08:33.219,,279.252,Media file(s),player #1:C:\Users\esthe\Downloads\side mark 12\Side_1205_10_onehalf.mp4;C:\Users\esthe\Downloads\side mark 12\Side_1205_12_three.mp4;C:\Users\esthe\Downloads\side mark 12\Side_1205_13_seven.mp4;C:\Users\esthe\Downloads\side mark 12\Side_1205_14_five.mp4;C:\Users\esthe\Downloads\side mark 12\Side_1205_15_three.mp4;C:\Users\esthe\Downloads\side mark 12\Side_1205_16_five.mp4;C:\Users\esthe\Downloads\side mark 12\Side_1205_1_control.mp4;C:\Users\esthe\Downloads\side mark 12\Side_1205_2_five.mp4;C:\Users\esthe\Downloads\side mark 12\Side_1205_3_one.mp4;C:\Users\esthe\Downloads\side mark 12\Side_1205_4_one.mp4;C:\Users\esthe\Downloads\side mark 12\Side_1205_5_three.mp4;C:\Users\esthe\Downloads\side mark 12\Side_1205_6_seven.mp4;C:\Users\esthe\Downloads\side mark 12\Side_1205_7_three.mp4;C:\Users\esthe\Downloads\side mark 12\Side_1205_8_five.mp4;C:\Users\esthe\Downloads\side mark 12\Side_1205_9_one.mp4,0.0,17.430;10.494;25.661;9.834;13.997;12.965;11.330;28.530;22.796;20.531;19.331;15.664;15.431;43.998;11.534,240.000;120.000;30.000;30.000;30.000;30.000;30.000;30.000;30.000;30.000;30.000;240.000;30.000;30.000;30.000,Sidemark,sniffing,,,POINT,142.067,C:\Users\esthe\Downloads\side mark 12\Side_1205_3_one.mp4,355,NA,
Side_1205,2025-06-06 16:08:33.219,,279.252,Media file(s),player #1:C:\Users\esthe\Downloads\side mark 12\Side_1205_10_onehalf.mp4;C:\Users\esthe\Downloads\side mark 12\Side_1205_12_three.mp4;C:\Users\esthe\Downloads\side mark 12\Side_1205_13_seven.mp4;C:\Users\esthe\Downloads\side mark 12\Side_1205_14_five.mp4;C:\Users\esthe\Downloads\side mark 12\Side_1205_15_three.mp4;C:\Users\esthe\Downloads\side mark 12\Side_1205_16_five.mp4;C:\Users\esthe\Downloads\side mark 12\Side_1205_1_control.mp4;C:\Users\esthe\Downloads\side mark 12\Side_1205_2_five.mp4;C:\Users\esthe\Downloads\side mark 12\Side_1205_3_one.mp4;C:\Users\esthe\Downloads\side mark 12\Side_1205_4_one.mp4;C:\Users\esthe\Downloads\side mark 12\Side_1205_5_three.mp4;C:\Users\esthe\Downloads\side mark 12\Side_1205_6_seven.mp4;C:\Users\esthe\Downloads\side mark 12\Side_1205_7_three.mp4;C:\Users\esthe\Downloads\side mark 12\Side_1205_8_five.mp4;C:\Users\esthe\Downloads\side mark 12\Side_1205_9_one.mp4,0.0,17.430;10.494;25.661;9.834;13.997;12.965;11.330;28.530;22.796;20.531;19.331;15.664;15.431;43.998;11.534,240.000;120.000;30.000;30.000;30.000;30.000;30.000;30.000;30.000;30.000;30.000;240.000;30.000;30.000;30.000,Sidemark,pause,,,STOP,142.767,C:\Users\esthe\Downloads\side mark 12\Side_1205_3_one.mp4,376,NA,
Side_1205,2025-06-06 16:08:33.219,,279.252,Media file(s),player #1:C:\Users\esthe\Downloads\side mark 12\Side_1205_10_onehalf.mp4;C:\Users\esthe\Downloads\side mark 12\Side_1205_12_three.mp4;C:\Users\esthe\Downloads\side mark 12\Side_1205_13_seven.mp4;C:\Users\esthe\Downloads\side mark 12\Side_1205_14_five.mp4;C:\Users\esthe\Downloads\side mark 12\Side_1205_15_three.mp4;C:\Users\esthe\Downloads\side mark 12\Side_1205_16_five.mp4;C:\Users\esthe\Downloads\side mark 12\Side_1205_1_control.mp4;C:\Users\esthe\Downloads\side mark 12\Side_1205_2_five.mp4;C:\Users\esthe\Downloads\side mark 12\Side_1205_3_one.mp4;C:\Users\esthe\Downloads\side mark 12\Side_1205_4_one.mp4;C:\Users\esthe\Downloads\side mark 12\Side_1205_5_three.mp4;C:\Users\esthe\Downloads\side mark 12\Side_1205_6_seven.mp4;C:\Users\esthe\Downloads\side mark 12\Side_1205_7_three.mp4;C:\Users\esthe\Downloads\side mark 12\Side_1205_8_five.mp4;C:\Users\esthe\Downloads\side mark 12\Side_1205_9_one.mp4,0.0,17.430;10.494;25.661;9.834;13.997;12.965;11.330;28.530;22.796;20.531;19.331;15.664;15.431;43.998;11.534,240.000;120.000;30.000;30.000;30.000;30.000;30.000;30.000;30.000;30.000;30.000;240.000;30.000;30.000;30.000,Sidemark,target,,,STOP,144.033,C:\Users\esthe\Downloads\side mark 12\Side_1205_3_one.mp4,414,NA,
Side_1205,2025-06-06 16:08:33.219,,279.252,Media file(s),player #1:C:\Users\esthe\Downloads\side mark 12\Side_1205_10_onehalf.mp4;C:\Users\esthe\Downloads\side mark 12\Side_1205_12_three.mp4;C:\Users\esthe\Downloads\side mark 12\Side_1205_13_seven.mp4;C:\Users\esthe\Downloads\side mark 12\Side_1205_14_five.mp4;C:\Users\esthe\Downloads\side mark 12\Side_1205_15_three.mp4;C:\Users\esthe\Downloads\side mark 12\Side_1205_16_five.mp4;C:\Users\esthe\Downloads\side mark 12\Side_1205_1_control.mp4;C:\Users\esthe\Downloads\side mark 12\Side_1205_2_five.mp4;C:\Users\esthe\Downloads\side mark 12\Side_1205_3_one.mp4;C:\Users\esthe\Downloads\side mark 12\Side_1205_4_one.mp4;C:\Users\esthe\Downloads\side mark 12\Side_1205_5_three.mp4;C:\Users\esthe\Downloads\side mark 12\Side_1205_6_seven.mp4;C:\Users\esthe\Downloads\side mark 12\Side_1205_7_three.mp4;C:\Users\esthe\Downloads\side mark 12\Side_1205_8_five.mp4;C:\Users\esthe\Downloads\side mark 12\Side_1205_9_one.mp4,0.0,17.430;10.494;25.661;9.834;13.997;12.965;11.330;28.530;22.796;20.531;19.331;15.664;15.431;43.998;11.534,240.000;120.000;30.000;30.000;30.000;30.000;30.000;30.000;30.000;30.000;30.000;240.000;30.000;30.000;30.000,Sidemark,digging,,,START,144.333,C:\Users\esthe\Downloads\side mark 12\Side_1205_3_one.mp4,423,NA,
Side_1205,2025-06-06 16:08:33.219,,279.252,Media file(s),player #1:C:\Users\esthe\Downloads\side mark 12\Side_1205_10_onehalf.mp4;C:\Users\esthe\Downloads\side mark 12\Side_1205_12_three.mp4;C:\Users\esthe\Downloads\side mark 12\Side_1205_13_seven.mp4;C:\Users\esthe\Downloads\side mark 12\Side_1205_14_five.mp4;C:\Users\esthe\Downloads\side mark 12\Side_1205_15_three.mp4;C:\Users\esthe\Downloads\side mark 12\Side_1205_16_five.mp4;C:\Users\esthe\Downloads\side mark 12\Side_1205_1_control.mp4;C:\Users\esthe\Downloads\side mark 12\Side_1205_2_five.mp4;C:\Users\esthe\Downloads\side mark 12\Side_1205_3_one.mp4;C:\Users\esthe\Downloads\side mark 12\Side_1205_4_one.mp4;C:\Users\esthe\Downloads\side mark 12\Side_1205_5_three.mp4;C:\Users\esthe\Downloads\side mark 12\Side_1205_6_seven.mp4;C:\Users\esthe\Downloads\side mark 12\Side_1205_7_three.mp4;C:\Users\esthe\Downloads\side mark 12\Side_1205_8_five.mp4;C:\Users\esthe\Downloads\side mark 12\Side_1205_9_one.mp4,0.0,17.430;10.494;25.661;9.834;13.997;12.965;11.330;28.530;22.796;20.531;19.331;15.664;15.431;43.998;11.534,240.000;120.000;30.000;30.000;30.000;30.000;30.000;30.000;30.000;30.000;30.000;240.000;30.000;30.000;30.000,Sidemark,digging,,,STOP,150.866,C:\Users\esthe\Downloads\side mark 12\Side_1205_3_one.mp4,619,NA,
Side_1205,2025-06-06 16:08:33.219,,279.252,Media file(s),player #1:C:\Users\esthe\Downloads\side mark 12\Side_1205_10_onehalf.mp4;C:\Users\esthe\Downloads\side mark 12\Side_1205_12_three.mp4;C:\Users\esthe\Downloads\side mark 12\Side_1205_13_seven.mp4;C:\Users\esthe\Downloads\side mark 12\Side_1205_14_five.mp4;C:\Users\esthe\Downloads\side mark 12\Side_1205_15_three.mp4;C:\Users\esthe\Downloads\side mark 12\Side_1205_16_five.mp4;C:\Users\esthe\Downloads\side mark 12\Side_1205_1_control.mp4;C:\Users\esthe\Downloads\side mark 12\Side_1205_2_five.mp4;C:\Users\esthe\Downloads\side mark 12\Side_1205_3_one.mp4;C:\Users\esthe\Downloads\side mark 12\Side_1205_4_one.mp4;C:\Users\esthe\Downloads\side mark 12\Side_1205_5_three.mp4;C:\Users\esthe\Downloads\side mark 12\Side_1205_6_seven.mp4;C:\Users\esthe\Downloads\side mark 12\Side_1205_7_three.mp4;C:\Users\esthe\Downloads\side mark 12\Side_1205_8_five.mp4;C:\Users\esthe\Downloads\side mark 12\Side_1205_9_one.mp4,0.0,17.430;10.494;25.661;9.834;13.997;12.965;11.330;28.530;22.796;20.531;19.331;15.664;15.431;43.998;11.534,240.000;120.000;30.000;30.000;30.000;30.000;30.000;30.000;30.000;30.000;30.000;240.000;30.000;30.000;30.000,Sidemark,dropping peanut,,,POINT,151.066,C:\Users\esthe\Downloads\side mark 12\Side_1205_3_one.mp4,625,NA,
Side_1205,2025-06-06 16:08:33.219,,279.252,Media file(s),player #1:C:\Users\esthe\Downloads\side mark 12\Side_1205_10_onehalf.mp4;C:\Users\esthe\Downloads\side mark 12\Side_1205_12_three.mp4;C:\Users\esthe\Downloads\side mark 12\Side_1205_13_seven.mp4;C:\Users\esthe\Downloads\side mark 12\Side_1205_14_five.mp4;C:\Users\esthe\Downloads\side mark 12\Side_1205_15_three.mp4;C:\Users\esthe\Downloads\side mark 12\Side_1205_16_five.mp4;C:\Users\esthe\Downloads\side mark 12\Side_1205_1_control.mp4;C:\Users\esthe\Downloads\side mark 12\Side_1205_2_five.mp4;C:\Users\esthe\Downloads\side mark 12\Side_1205_3_one.mp4;C:\Users\esthe\Downloads\side mark 12\Side_1205_4_one.mp4;C:\Users\esthe\Downloads\side mark 12\Side_1205_5_three.mp4;C:\Users\esthe\Downloads\side mark 12\Side_1205_6_seven.mp4;C:\Users\esthe\Downloads\side mark 12\Side_1205_7_three.mp4;C:\Users\esthe\Downloads\side mark 12\Side_1205_8_five.mp4;C:\Users\esthe\Downloads\side mark 12\Side_1205_9_one.mp4,0.0,17.430;10.494;25.661;9.834;13.997;12.965;11.330;28.530;22.796;20.531;19.331;15.664;15.431;43.998;11.534,240.000;120.000;30.000;30.000;30.000;30.000;30.000;30.000;30.000;30.000;30.000;240.000;30.000;30.000;30.000,Sidemark,pushing,,,START,151.766,C:\Users\esthe\Downloads\side mark 12\Side_1205_3_one.mp4,646,NA,
Side_1205,2025-06-06 16:08:33.219,,279.252,Media file(s),player #1:C:\Users\esthe\Downloads\side mark 12\Side_1205_10_onehalf.mp4;C:\Users\esthe\Downloads\side mark 12\Side_1205_12_three.mp4;C:\Users\esthe\Downloads\side mark 12\Side_1205_13_seven.mp4;C:\Users\esthe\Downloads\side mark 12\Side_1205_14_five.mp4;C:\Users\esthe\Downloads\side mark 12\Side_1205_15_three.mp4;C:\Users\esthe\Downloads\side mark 12\Side_1205_16_five.mp4;C:\Users\esthe\Downloads\side mark 12\Side_1205_1_control.mp4;C:\Users\esthe\Downloads\side mark 12\Side_1205_2_five.mp4;C:\Users\esthe\Downloads\side mark 12\Side_1205_3_one.mp4;C:\Users\esthe\Downloads\side mark 12\Side_1205_4_one.mp4;C:\Users\esthe\Downloads\side mark 12\Side_1205_5_three.mp4;C:\Users\esthe\Downloads\side mark 12\Side_1205_6_seven.mp4;C:\Users\esthe\Downloads\side mark 12\Side_1205_7_three.mp4;C:\Users\esthe\Downloads\side mark 12\Side_1205_8_five.mp4;C:\Users\esthe\Downloads\side mark 12\Side_1205_9_one.mp4,0.0,17.430;10.494;25.661;9.834;13.997;12.965;11.330;28.530;22.796;20.531;19.331;15.664;15.431;43.998;11.534,240.000;120.000;30.000;30.000;30.000;30.000;30.000;30.000;30.000;30.000;30.000;240.000;30.000;30.000;30.000,Sidemark,pushing,,,STOP,152.599,C:\Users\esthe\Downloads\side mark 12\Side_1205_3_one.mp4,671,NA,
Side_1205,2025-06-06 16:08:33.219,,279.252,Media file(s),player #1:C:\Users\esthe\Downloads\side mark 12\Side_1205_10_onehalf.mp4;C:\Users\esthe\Downloads\side mark 12\Side_1205_12_three.mp4;C:\Users\esthe\Downloads\side mark 12\Side_1205_13_seven.mp4;C:\Users\esthe\Downloads\side mark 12\Side_1205_14_five.mp4;C:\Users\esthe\Downloads\side mark 12\Side_1205_15_three.mp4;C:\Users\esthe\Downloads\side mark 12\Side_1205_16_five.mp4;C:\Users\esthe\Downloads\side mark 12\Side_1205_1_control.mp4;C:\Users\esthe\Downloads\side mark 12\Side_1205_2_five.mp4;C:\Users\esthe\Downloads\side mark 12\Side_1205_3_one.mp4;C:\Users\esthe\Downloads\side mark 12\Side_1205_4_one.mp4;C:\Users\esthe\Downloads\side mark 12\Side_1205_5_three.mp4;C:\Users\esthe\Downloads\side mark 12\Side_1205_6_seven.mp4;C:\Users\esthe\Downloads\side mark 12\Side_1205_7_three.mp4;C:\Users\esthe\Downloads\side mark 12\Side_1205_8_five.mp4;C:\Users\esthe\Downloads\side mark 12\Side_1205_9_one.mp4,0.0,17.430;10.494;25.661;9.834;13.997;12.965;11.330;28.530;22.796;20.531;19.331;15.664;15.431;43.998;11.534,240.000;120.000;30.000;30.000;30.000;30.000;30.000;30.000;30.000;30.000;30.000;240.000;30.000;30.000;30.000,Sidemark,covering with soil,,,START,152.632,C:\Users\esthe\Downloads\side mark 12\Side_1205_3_one.mp4,672,NA,
Side_1205,2025-06-06 16:08:33.219,,279.252,Media file(s),player #1:C:\Users\esthe\Downloads\side mark 12\Side_1205_10_onehalf.mp4;C:\Users\esthe\Downloads\side mark 12\Side_1205_12_three.mp4;C:\Users\esthe\Downloads\side mark 12\Side_1205_13_seven.mp4;C:\Users\esthe\Downloads\side mark 12\Side_1205_14_five.mp4;C:\Users\esthe\Downloads\side mark 12\Side_1205_15_three.mp4;C:\Users\esthe\Downloads\side mark 12\Side_1205_16_five.mp4;C:\Users\esthe\Downloads\side mark 12\Side_1205_1_control.mp4;C:\Users\esthe\Downloads\side mark 12\Side_1205_2_five.mp4;C:\Users\esthe\Downloads\side mark 12\Side_1205_3_one.mp4;C:\Users\esthe\Downloads\side mark 12\Side_1205_4_one.mp4;C:\Users\esthe\Downloads\side mark 12\Side_1205_5_three.mp4;C:\Users\esthe\Downloads\side mark 12\Side_1205_6_seven.mp4;C:\Users\esthe\Downloads\side mark 12\Side_1205_7_three.mp4;C:\Users\esthe\Downloads\side mark 12\Side_1205_8_five.mp4;C:\Users\esthe\Downloads\side mark 12\Side_1205_9_one.mp4,0.0,17.430;10.494;25.661;9.834;13.997;12.965;11.330;28.530;22.796;20.531;19.331;15.664;15.431;43.998;11.534,240.000;120.000;30.000;30.000;30.000;30.000;30.000;30.000;30.000;30.000;30.000;240.000;30.000;30.000;30.000,Sidemark,covering with soil,,,STOP,152.965,C:\Users\esthe\Downloads\side mark 12\Side_1205_3_one.mp4,682,NA,
Side_1205,2025-06-06 16:08:33.219,,279.252,Media file(s),player #1:C:\Users\esthe\Downloads\side mark 12\Side_1205_10_onehalf.mp4;C:\Users\esthe\Downloads\side mark 12\Side_1205_12_three.mp4;C:\Users\esthe\Downloads\side mark 12\Side_1205_13_seven.mp4;C:\Users\esthe\Downloads\side mark 12\Side_1205_14_five.mp4;C:\Users\esthe\Downloads\side mark 12\Side_1205_15_three.mp4;C:\Users\esthe\Downloads\side mark 12\Side_1205_16_five.mp4;C:\Users\esthe\Downloads\side mark 12\Side_1205_1_control.mp4;C:\Users\esthe\Downloads\side mark 12\Side_1205_2_five.mp4;C:\Users\esthe\Downloads\side mark 12\Side_1205_3_one.mp4;C:\Users\esthe\Downloads\side mark 12\Side_1205_4_one.mp4;C:\Users\esthe\Downloads\side mark 12\Side_1205_5_three.mp4;C:\Users\esthe\Downloads\side mark 12\Side_1205_6_seven.mp4;C:\Users\esthe\Downloads\side mark 12\Side_1205_7_three.mp4;C:\Users\esthe\Downloads\side mark 12\Side_1205_8_five.mp4;C:\Users\esthe\Downloads\side mark 12\Side_1205_9_one.mp4,0.0,17.430;10.494;25.661;9.834;13.997;12.965;11.330;28.530;22.796;20.531;19.331;15.664;15.431;43.998;11.534,240.000;120.000;30.000;30.000;30.000;30.000;30.000;30.000;30.000;30.000;30.000;240.000;30.000;30.000;30.000,Sidemark,grabbing peanut,,,POINT,153.332,C:\Users\esthe\Downloads\side mark 12\Side_1205_4_one.mp4,9,NA,
Side_1205,2025-06-06 16:08:33.219,,279.252,Media file(s),player #1:C:\Users\esthe\Downloads\side mark 12\Side_1205_10_onehalf.mp4;C:\Users\esthe\Downloads\side mark 12\Side_1205_12_three.mp4;C:\Users\esthe\Downloads\side mark 12\Side_1205_13_seven.mp4;C:\Users\esthe\Downloads\side mark 12\Side_1205_14_five.mp4;C:\Users\esthe\Downloads\side mark 12\Side_1205_15_three.mp4;C:\Users\esthe\Downloads\side mark 12\Side_1205_16_five.mp4;C:\Users\esthe\Downloads\side mark 12\Side_1205_1_control.mp4;C:\Users\esthe\Downloads\side mark 12\Side_1205_2_five.mp4;C:\Users\esthe\Downloads\side mark 12\Side_1205_3_one.mp4;C:\Users\esthe\Downloads\side mark 12\Side_1205_4_one.mp4;C:\Users\esthe\Downloads\side mark 12\Side_1205_5_three.mp4;C:\Users\esthe\Downloads\side mark 12\Side_1205_6_seven.mp4;C:\Users\esthe\Downloads\side mark 12\Side_1205_7_three.mp4;C:\Users\esthe\Downloads\side mark 12\Side_1205_8_five.mp4;C:\Users\esthe\Downloads\side mark 12\Side_1205_9_one.mp4,0.0,17.430;10.494;25.661;9.834;13.997;12.965;11.330;28.530;22.796;20.531;19.331;15.664;15.431;43.998;11.534,240.000;120.000;30.000;30.000;30.000;30.000;30.000;30.000;30.000;30.000;30.000;240.000;30.000;30.000;30.000,Sidemark,lifting,,,START,153.399,C:\Users\esthe\Downloads\side mark 12\Side_1205_4_one.mp4,11,NA,
Side_1205,2025-06-06 16:08:33.219,,279.252,Media file(s),player #1:C:\Users\esthe\Downloads\side mark 12\Side_1205_10_onehalf.mp4;C:\Users\esthe\Downloads\side mark 12\Side_1205_12_three.mp4;C:\Users\esthe\Downloads\side mark 12\Side_1205_13_seven.mp4;C:\Users\esthe\Downloads\side mark 12\Side_1205_14_five.mp4;C:\Users\esthe\Downloads\side mark 12\Side_1205_15_three.mp4;C:\Users\esthe\Downloads\side mark 12\Side_1205_16_five.mp4;C:\Users\esthe\Downloads\side mark 12\Side_1205_1_control.mp4;C:\Users\esthe\Downloads\side mark 12\Side_1205_2_five.mp4;C:\Users\esthe\Downloads\side mark 12\Side_1205_3_one.mp4;C:\Users\esthe\Downloads\side mark 12\Side_1205_4_one.mp4;C:\Users\esthe\Downloads\side mark 12\Side_1205_5_three.mp4;C:\Users\esthe\Downloads\side mark 12\Side_1205_6_seven.mp4;C:\Users\esthe\Downloads\side mark 12\Side_1205_7_three.mp4;C:\Users\esthe\Downloads\side mark 12\Side_1205_8_five.mp4;C:\Users\esthe\Downloads\side mark 12\Side_1205_9_one.mp4,0.0,17.430;10.494;25.661;9.834;13.997;12.965;11.330;28.530;22.796;20.531;19.331;15.664;15.431;43.998;11.534,240.000;120.000;30.000;30.000;30.000;30.000;30.000;30.000;30.000;30.000;30.000;240.000;30.000;30.000;30.000,Sidemark,lifting,,,STOP,153.865,C:\Users\esthe\Downloads\side mark 12\Side_1205_4_one.mp4,25,NA,
Side_1205,2025-06-06 16:08:33.219,,279.252,Media file(s),player #1:C:\Users\esthe\Downloads\side mark 12\Side_1205_10_onehalf.mp4;C:\Users\esthe\Downloads\side mark 12\Side_1205_12_three.mp4;C:\Users\esthe\Downloads\side mark 12\Side_1205_13_seven.mp4;C:\Users\esthe\Downloads\side mark 12\Side_1205_14_five.mp4;C:\Users\esthe\Downloads\side mark 12\Side_1205_15_three.mp4;C:\Users\esthe\Downloads\side mark 12\Side_1205_16_five.mp4;C:\Users\esthe\Downloads\side mark 12\Side_1205_1_control.mp4;C:\Users\esthe\Downloads\side mark 12\Side_1205_2_five.mp4;C:\Users\esthe\Downloads\side mark 12\Side_1205_3_one.mp4;C:\Users\esthe\Downloads\side mark 12\Side_1205_4_one.mp4;C:\Users\esthe\Downloads\side mark 12\Side_1205_5_three.mp4;C:\Users\esthe\Downloads\side mark 12\Side_1205_6_seven.mp4;C:\Users\esthe\Downloads\side mark 12\Side_1205_7_three.mp4;C:\Users\esthe\Downloads\side mark 12\Side_1205_8_five.mp4;C:\Users\esthe\Downloads\side mark 12\Side_1205_9_one.mp4,0.0,17.430;10.494;25.661;9.834;13.997;12.965;11.330;28.530;22.796;20.531;19.331;15.664;15.431;43.998;11.534,240.000;120.000;30.000;30.000;30.000;30.000;30.000;30.000;30.000;30.000;30.000;240.000;30.000;30.000;30.000,Sidemark,target,,,START,154.032,C:\Users\esthe\Downloads\side mark 12\Side_1205_4_one.mp4,30,NA,
Side_1205,2025-06-06 16:08:33.219,,279.252,Media file(s),player #1:C:\Users\esthe\Downloads\side mark 12\Side_1205_10_onehalf.mp4;C:\Users\esthe\Downloads\side mark 12\Side_1205_12_three.mp4;C:\Users\esthe\Downloads\side mark 12\Side_1205_13_seven.mp4;C:\Users\esthe\Downloads\side mark 12\Side_1205_14_five.mp4;C:\Users\esthe\Downloads\side mark 12\Side_1205_15_three.mp4;C:\Users\esthe\Downloads\side mark 12\Side_1205_16_five.mp4;C:\Users\esthe\Downloads\side mark 12\Side_1205_1_control.mp4;C:\Users\esthe\Downloads\side mark 12\Side_1205_2_five.mp4;C:\Users\esthe\Downloads\side mark 12\Side_1205_3_one.mp4;C:\Users\esthe\Downloads\side mark 12\Side_1205_4_one.mp4;C:\Users\esthe\Downloads\side mark 12\Side_1205_5_three.mp4;C:\Users\esthe\Downloads\side mark 12\Side_1205_6_seven.mp4;C:\Users\esthe\Downloads\side mark 12\Side_1205_7_three.mp4;C:\Users\esthe\Downloads\side mark 12\Side_1205_8_five.mp4;C:\Users\esthe\Downloads\side mark 12\Side_1205_9_one.mp4,0.0,17.430;10.494;25.661;9.834;13.997;12.965;11.330;28.530;22.796;20.531;19.331;15.664;15.431;43.998;11.534,240.000;120.000;30.000;30.000;30.000;30.000;30.000;30.000;30.000;30.000;30.000;240.000;30.000;30.000;30.000,Sidemark,pause,,,START,157.265,C:\Users\esthe\Downloads\side mark 12\Side_1205_4_one.mp4,128,NA,
Side_1205,2025-06-06 16:08:33.219,,279.252,Media file(s),player #1:C:\Users\esthe\Downloads\side mark 12\Side_1205_10_onehalf.mp4;C:\Users\esthe\Downloads\side mark 12\Side_1205_12_three.mp4;C:\Users\esthe\Downloads\side mark 12\Side_1205_13_seven.mp4;C:\Users\esthe\Downloads\side mark 12\Side_1205_14_five.mp4;C:\Users\esthe\Downloads\side mark 12\Side_1205_15_three.mp4;C:\Users\esthe\Downloads\side mark 12\Side_1205_16_five.mp4;C:\Users\esthe\Downloads\side mark 12\Side_1205_1_control.mp4;C:\Users\esthe\Downloads\side mark 12\Side_1205_2_five.mp4;C:\Users\esthe\Downloads\side mark 12\Side_1205_3_one.mp4;C:\Users\esthe\Downloads\side mark 12\Side_1205_4_one.mp4;C:\Users\esthe\Downloads\side mark 12\Side_1205_5_three.mp4;C:\Users\esthe\Downloads\side mark 12\Side_1205_6_seven.mp4;C:\Users\esthe\Downloads\side mark 12\Side_1205_7_three.mp4;C:\Users\esthe\Downloads\side mark 12\Side_1205_8_five.mp4;C:\Users\esthe\Downloads\side mark 12\Side_1205_9_one.mp4,0.0,17.430;10.494;25.661;9.834;13.997;12.965;11.330;28.530;22.796;20.531;19.331;15.664;15.431;43.998;11.534,240.000;120.000;30.000;30.000;30.000;30.000;30.000;30.000;30.000;30.000;30.000;240.000;30.000;30.000;30.000,Sidemark,pause,,,STOP,158.265,C:\Users\esthe\Downloads\side mark 12\Side_1205_4_one.mp4,157,NA,
Side_1205,2025-06-06 16:08:33.219,,279.252,Media file(s),player #1:C:\Users\esthe\Downloads\side mark 12\Side_1205_10_onehalf.mp4;C:\Users\esthe\Downloads\side mark 12\Side_1205_12_three.mp4;C:\Users\esthe\Downloads\side mark 12\Side_1205_13_seven.mp4;C:\Users\esthe\Downloads\side mark 12\Side_1205_14_five.mp4;C:\Users\esthe\Downloads\side mark 12\Side_1205_15_three.mp4;C:\Users\esthe\Downloads\side mark 12\Side_1205_16_five.mp4;C:\Users\esthe\Downloads\side mark 12\Side_1205_1_control.mp4;C:\Users\esthe\Downloads\side mark 12\Side_1205_2_five.mp4;C:\Users\esthe\Downloads\side mark 12\Side_1205_3_one.mp4;C:\Users\esthe\Downloads\side mark 12\Side_1205_4_one.mp4;C:\Users\esthe\Downloads\side mark 12\Side_1205_5_three.mp4;C:\Users\esthe\Downloads\side mark 12\Side_1205_6_seven.mp4;C:\Users\esthe\Downloads\side mark 12\Side_1205_7_three.mp4;C:\Users\esthe\Downloads\side mark 12\Side_1205_8_five.mp4;C:\Users\esthe\Downloads\side mark 12\Side_1205_9_one.mp4,0.0,17.430;10.494;25.661;9.834;13.997;12.965;11.330;28.530;22.796;20.531;19.331;15.664;15.431;43.998;11.534,240.000;120.000;30.000;30.000;30.000;30.000;30.000;30.000;30.000;30.000;30.000;240.000;30.000;30.000;30.000,Sidemark,target,,,STOP,173.329,C:\Users\esthe\Downloads\side mark 12\Side_1205_4_one.mp4,609,NA,
Side_1205,2025-06-06 16:08:33.219,,279.252,Media file(s),player #1:C:\Users\esthe\Downloads\side mark 12\Side_1205_10_onehalf.mp4;C:\Users\esthe\Downloads\side mark 12\Side_1205_12_three.mp4;C:\Users\esthe\Downloads\side mark 12\Side_1205_13_seven.mp4;C:\Users\esthe\Downloads\side mark 12\Side_1205_14_five.mp4;C:\Users\esthe\Downloads\side mark 12\Side_1205_15_three.mp4;C:\Users\esthe\Downloads\side mark 12\Side_1205_16_five.mp4;C:\Users\esthe\Downloads\side mark 12\Side_1205_1_control.mp4;C:\Users\esthe\Downloads\side mark 12\Side_1205_2_five.mp4;C:\Users\esthe\Downloads\side mark 12\Side_1205_3_one.mp4;C:\Users\esthe\Downloads\side mark 12\Side_1205_4_one.mp4;C:\Users\esthe\Downloads\side mark 12\Side_1205_5_three.mp4;C:\Users\esthe\Downloads\side mark 12\Side_1205_6_seven.mp4;C:\Users\esthe\Downloads\side mark 12\Side_1205_7_three.mp4;C:\Users\esthe\Downloads\side mark 12\Side_1205_8_five.mp4;C:\Users\esthe\Downloads\side mark 12\Side_1205_9_one.mp4,0.0,17.430;10.494;25.661;9.834;13.997;12.965;11.330;28.530;22.796;20.531;19.331;15.664;15.431;43.998;11.534,240.000;120.000;30.000;30.000;30.000;30.000;30.000;30.000;30.000;30.000;30.000;240.000;30.000;30.000;30.000,Sidemark,explore,,,START,173.562,C:\Users\esthe\Downloads\side mark 12\Side_1205_4_one.mp4,0,NA,
Side_1205,2025-06-06 16:08:33.219,,279.252,Media file(s),player #1:C:\Users\esthe\Downloads\side mark 12\Side_1205_10_onehalf.mp4;C:\Users\esthe\Downloads\side mark 12\Side_1205_12_three.mp4;C:\Users\esthe\Downloads\side mark 12\Side_1205_13_seven.mp4;C:\Users\esthe\Downloads\side mark 12\Side_1205_14_five.mp4;C:\Users\esthe\Downloads\side mark 12\Side_1205_15_three.mp4;C:\Users\esthe\Downloads\side mark 12\Side_1205_16_five.mp4;C:\Users\esthe\Downloads\side mark 12\Side_1205_1_control.mp4;C:\Users\esthe\Downloads\side mark 12\Side_1205_2_five.mp4;C:\Users\esthe\Downloads\side mark 12\Side_1205_3_one.mp4;C:\Users\esthe\Downloads\side mark 12\Side_1205_4_one.mp4;C:\Users\esthe\Downloads\side mark 12\Side_1205_5_three.mp4;C:\Users\esthe\Downloads\side mark 12\Side_1205_6_seven.mp4;C:\Users\esthe\Downloads\side mark 12\Side_1205_7_three.mp4;C:\Users\esthe\Downloads\side mark 12\Side_1205_8_five.mp4;C:\Users\esthe\Downloads\side mark 12\Side_1205_9_one.mp4,0.0,17.430;10.494;25.661;9.834;13.997;12.965;11.330;28.530;22.796;20.531;19.331;15.664;15.431;43.998;11.534,240.000;120.000;30.000;30.000;30.000;30.000;30.000;30.000;30.000;30.000;30.000;240.000;30.000;30.000;30.000,Sidemark,explore,,,STOP,175.395,C:\Users\esthe\Downloads\side mark 12\Side_1205_5_three.mp4,55,NA,
Side_1205,2025-06-06 16:08:33.219,,279.252,Media file(s),player #1:C:\Users\esthe\Downloads\side mark 12\Side_1205_10_onehalf.mp4;C:\Users\esthe\Downloads\side mark 12\Side_1205_12_three.mp4;C:\Users\esthe\Downloads\side mark 12\Side_1205_13_seven.mp4;C:\Users\esthe\Downloads\side mark 12\Side_1205_14_five.mp4;C:\Users\esthe\Downloads\side mark 12\Side_1205_15_three.mp4;C:\Users\esthe\Downloads\side mark 12\Side_1205_16_five.mp4;C:\Users\esthe\Downloads\side mark 12\Side_1205_1_control.mp4;C:\Users\esthe\Downloads\side mark 12\Side_1205_2_five.mp4;C:\Users\esthe\Downloads\side mark 12\Side_1205_3_one.mp4;C:\Users\esthe\Downloads\side mark 12\Side_1205_4_one.mp4;C:\Users\esthe\Downloads\side mark 12\Side_1205_5_three.mp4;C:\Users\esthe\Downloads\side mark 12\Side_1205_6_seven.mp4;C:\Users\esthe\Downloads\side mark 12\Side_1205_7_three.mp4;C:\Users\esthe\Downloads\side mark 12\Side_1205_8_five.mp4;C:\Users\esthe\Downloads\side mark 12\Side_1205_9_one.mp4,0.0,17.430;10.494;25.661;9.834;13.997;12.965;11.330;28.530;22.796;20.531;19.331;15.664;15.431;43.998;11.534,240.000;120.000;30.000;30.000;30.000;30.000;30.000;30.000;30.000;30.000;30.000;240.000;30.000;30.000;30.000,Sidemark,bending,,,START,176.028,C:\Users\esthe\Downloads\side mark 12\Side_1205_5_three.mp4,74,NA,
Side_1205,2025-06-06 16:08:33.219,,279.252,Media file(s),player #1:C:\Users\esthe\Downloads\side mark 12\Side_1205_10_onehalf.mp4;C:\Users\esthe\Downloads\side mark 12\Side_1205_12_three.mp4;C:\Users\esthe\Downloads\side mark 12\Side_1205_13_seven.mp4;C:\Users\esthe\Downloads\side mark 12\Side_1205_14_five.mp4;C:\Users\esthe\Downloads\side mark 12\Side_1205_15_three.mp4;C:\Users\esthe\Downloads\side mark 12\Side_1205_16_five.mp4;C:\Users\esthe\Downloads\side mark 12\Side_1205_1_control.mp4;C:\Users\esthe\Downloads\side mark 12\Side_1205_2_five.mp4;C:\Users\esthe\Downloads\side mark 12\Side_1205_3_one.mp4;C:\Users\esthe\Downloads\side mark 12\Side_1205_4_one.mp4;C:\Users\esthe\Downloads\side mark 12\Side_1205_5_three.mp4;C:\Users\esthe\Downloads\side mark 12\Side_1205_6_seven.mp4;C:\Users\esthe\Downloads\side mark 12\Side_1205_7_three.mp4;C:\Users\esthe\Downloads\side mark 12\Side_1205_8_five.mp4;C:\Users\esthe\Downloads\side mark 12\Side_1205_9_one.mp4,0.0,17.430;10.494;25.661;9.834;13.997;12.965;11.330;28.530;22.796;20.531;19.331;15.664;15.431;43.998;11.534,240.000;120.000;30.000;30.000;30.000;30.000;30.000;30.000;30.000;30.000;30.000;240.000;30.000;30.000;30.000,Sidemark,bending,,,STOP,176.228,C:\Users\esthe\Downloads\side mark 12\Side_1205_5_three.mp4,80,NA,
Side_1205,2025-06-06 16:08:33.219,,279.252,Media file(s),player #1:C:\Users\esthe\Downloads\side mark 12\Side_1205_10_onehalf.mp4;C:\Users\esthe\Downloads\side mark 12\Side_1205_12_three.mp4;C:\Users\esthe\Downloads\side mark 12\Side_1205_13_seven.mp4;C:\Users\esthe\Downloads\side mark 12\Side_1205_14_five.mp4;C:\Users\esthe\Downloads\side mark 12\Side_1205_15_three.mp4;C:\Users\esthe\Downloads\side mark 12\Side_1205_16_five.mp4;C:\Users\esthe\Downloads\side mark 12\Side_1205_1_control.mp4;C:\Users\esthe\Downloads\side mark 12\Side_1205_2_five.mp4;C:\Users\esthe\Downloads\side mark 12\Side_1205_3_one.mp4;C:\Users\esthe\Downloads\side mark 12\Side_1205_4_one.mp4;C:\Users\esthe\Downloads\side mark 12\Side_1205_5_three.mp4;C:\Users\esthe\Downloads\side mark 12\Side_1205_6_seven.mp4;C:\Users\esthe\Downloads\side mark 12\Side_1205_7_three.mp4;C:\Users\esthe\Downloads\side mark 12\Side_1205_8_five.mp4;C:\Users\esthe\Downloads\side mark 12\Side_1205_9_one.mp4,0.0,17.430;10.494;25.661;9.834;13.997;12.965;11.330;28.530;22.796;20.531;19.331;15.664;15.431;43.998;11.534,240.000;120.000;30.000;30.000;30.000;30.000;30.000;30.000;30.000;30.000;30.000;240.000;30.000;30.000;30.000,Sidemark,grabbing peanut,,,POINT,176.228,C:\Users\esthe\Downloads\side mark 12\Side_1205_5_three.mp4,80,NA,
Side_1205,2025-06-06 16:08:33.219,,279.252,Media file(s),player #1:C:\Users\esthe\Downloads\side mark 12\Side_1205_10_onehalf.mp4;C:\Users\esthe\Downloads\side mark 12\Side_1205_12_three.mp4;C:\Users\esthe\Downloads\side mark 12\Side_1205_13_seven.mp4;C:\Users\esthe\Downloads\side mark 12\Side_1205_14_five.mp4;C:\Users\esthe\Downloads\side mark 12\Side_1205_15_three.mp4;C:\Users\esthe\Downloads\side mark 12\Side_1205_16_five.mp4;C:\Users\esthe\Downloads\side mark 12\Side_1205_1_control.mp4;C:\Users\esthe\Downloads\side mark 12\Side_1205_2_five.mp4;C:\Users\esthe\Downloads\side mark 12\Side_1205_3_one.mp4;C:\Users\esthe\Downloads\side mark 12\Side_1205_4_one.mp4;C:\Users\esthe\Downloads\side mark 12\Side_1205_5_three.mp4;C:\Users\esthe\Downloads\side mark 12\Side_1205_6_seven.mp4;C:\Users\esthe\Downloads\side mark 12\Side_1205_7_three.mp4;C:\Users\esthe\Downloads\side mark 12\Side_1205_8_five.mp4;C:\Users\esthe\Downloads\side mark 12\Side_1205_9_one.mp4,0.0,17.430;10.494;25.661;9.834;13.997;12.965;11.330;28.530;22.796;20.531;19.331;15.664;15.431;43.998;11.534,240.000;120.000;30.000;30.000;30.000;30.000;30.000;30.000;30.000;30.000;30.000;240.000;30.000;30.000;30.000,Sidemark,lifting,,,START,176.262,C:\Users\esthe\Downloads\side mark 12\Side_1205_5_three.mp4,81,NA,
Side_1205,2025-06-06 16:08:33.219,,279.252,Media file(s),player #1:C:\Users\esthe\Downloads\side mark 12\Side_1205_10_onehalf.mp4;C:\Users\esthe\Downloads\side mark 12\Side_1205_12_three.mp4;C:\Users\esthe\Downloads\side mark 12\Side_1205_13_seven.mp4;C:\Users\esthe\Downloads\side mark 12\Side_1205_14_five.mp4;C:\Users\esthe\Downloads\side mark 12\Side_1205_15_three.mp4;C:\Users\esthe\Downloads\side mark 12\Side_1205_16_five.mp4;C:\Users\esthe\Downloads\side mark 12\Side_1205_1_control.mp4;C:\Users\esthe\Downloads\side mark 12\Side_1205_2_five.mp4;C:\Users\esthe\Downloads\side mark 12\Side_1205_3_one.mp4;C:\Users\esthe\Downloads\side mark 12\Side_1205_4_one.mp4;C:\Users\esthe\Downloads\side mark 12\Side_1205_5_three.mp4;C:\Users\esthe\Downloads\side mark 12\Side_1205_6_seven.mp4;C:\Users\esthe\Downloads\side mark 12\Side_1205_7_three.mp4;C:\Users\esthe\Downloads\side mark 12\Side_1205_8_five.mp4;C:\Users\esthe\Downloads\side mark 12\Side_1205_9_one.mp4,0.0,17.430;10.494;25.661;9.834;13.997;12.965;11.330;28.530;22.796;20.531;19.331;15.664;15.431;43.998;11.534,240.000;120.000;30.000;30.000;30.000;30.000;30.000;30.000;30.000;30.000;30.000;240.000;30.000;30.000;30.000,Sidemark,lifting,,,STOP,176.428,C:\Users\esthe\Downloads\side mark 12\Side_1205_5_three.mp4,86,NA,
Side_1205,2025-06-06 16:08:33.219,,279.252,Media file(s),player #1:C:\Users\esthe\Downloads\side mark 12\Side_1205_10_onehalf.mp4;C:\Users\esthe\Downloads\side mark 12\Side_1205_12_three.mp4;C:\Users\esthe\Downloads\side mark 12\Side_1205_13_seven.mp4;C:\Users\esthe\Downloads\side mark 12\Side_1205_14_five.mp4;C:\Users\esthe\Downloads\side mark 12\Side_1205_15_three.mp4;C:\Users\esthe\Downloads\side mark 12\Side_1205_16_five.mp4;C:\Users\esthe\Downloads\side mark 12\Side_1205_1_control.mp4;C:\Users\esthe\Downloads\side mark 12\Side_1205_2_five.mp4;C:\Users\esthe\Downloads\side mark 12\Side_1205_3_one.mp4;C:\Users\esthe\Downloads\side mark 12\Side_1205_4_one.mp4;C:\Users\esthe\Downloads\side mark 12\Side_1205_5_three.mp4;C:\Users\esthe\Downloads\side mark 12\Side_1205_6_seven.mp4;C:\Users\esthe\Downloads\side mark 12\Side_1205_7_three.mp4;C:\Users\esthe\Downloads\side mark 12\Side_1205_8_five.mp4;C:\Users\esthe\Downloads\side mark 12\Side_1205_9_one.mp4,0.0,17.430;10.494;25.661;9.834;13.997;12.965;11.330;28.530;22.796;20.531;19.331;15.664;15.431;43.998;11.534,240.000;120.000;30.000;30.000;30.000;30.000;30.000;30.000;30.000;30.000;30.000;240.000;30.000;30.000;30.000,Sidemark,assessing,,,START,176.628,C:\Users\esthe\Downloads\side mark 12\Side_1205_5_three.mp4,92,NA,
Side_1205,2025-06-06 16:08:33.219,,279.252,Media file(s),player #1:C:\Users\esthe\Downloads\side mark 12\Side_1205_10_onehalf.mp4;C:\Users\esthe\Downloads\side mark 12\Side_1205_12_three.mp4;C:\Users\esthe\Downloads\side mark 12\Side_1205_13_seven.mp4;C:\Users\esthe\Downloads\side mark 12\Side_1205_14_five.mp4;C:\Users\esthe\Downloads\side mark 12\Side_1205_15_three.mp4;C:\Users\esthe\Downloads\side mark 12\Side_1205_16_five.mp4;C:\Users\esthe\Downloads\side mark 12\Side_1205_1_control.mp4;C:\Users\esthe\Downloads\side mark 12\Side_1205_2_five.mp4;C:\Users\esthe\Downloads\side mark 12\Side_1205_3_one.mp4;C:\Users\esthe\Downloads\side mark 12\Side_1205_4_one.mp4;C:\Users\esthe\Downloads\side mark 12\Side_1205_5_three.mp4;C:\Users\esthe\Downloads\side mark 12\Side_1205_6_seven.mp4;C:\Users\esthe\Downloads\side mark 12\Side_1205_7_three.mp4;C:\Users\esthe\Downloads\side mark 12\Side_1205_8_five.mp4;C:\Users\esthe\Downloads\side mark 12\Side_1205_9_one.mp4,0.0,17.430;10.494;25.661;9.834;13.997;12.965;11.330;28.530;22.796;20.531;19.331;15.664;15.431;43.998;11.534,240.000;120.000;30.000;30.000;30.000;30.000;30.000;30.000;30.000;30.000;30.000;240.000;30.000;30.000;30.000,Sidemark,jaw movement,,,POINT,176.728,C:\Users\esthe\Downloads\side mark 12\Side_1205_5_three.mp4,95,NA,
Side_1205,2025-06-06 16:08:33.219,,279.252,Media file(s),player #1:C:\Users\esthe\Downloads\side mark 12\Side_1205_10_onehalf.mp4;C:\Users\esthe\Downloads\side mark 12\Side_1205_12_three.mp4;C:\Users\esthe\Downloads\side mark 12\Side_1205_13_seven.mp4;C:\Users\esthe\Downloads\side mark 12\Side_1205_14_five.mp4;C:\Users\esthe\Downloads\side mark 12\Side_1205_15_three.mp4;C:\Users\esthe\Downloads\side mark 12\Side_1205_16_five.mp4;C:\Users\esthe\Downloads\side mark 12\Side_1205_1_control.mp4;C:\Users\esthe\Downloads\side mark 12\Side_1205_2_five.mp4;C:\Users\esthe\Downloads\side mark 12\Side_1205_3_one.mp4;C:\Users\esthe\Downloads\side mark 12\Side_1205_4_one.mp4;C:\Users\esthe\Downloads\side mark 12\Side_1205_5_three.mp4;C:\Users\esthe\Downloads\side mark 12\Side_1205_6_seven.mp4;C:\Users\esthe\Downloads\side mark 12\Side_1205_7_three.mp4;C:\Users\esthe\Downloads\side mark 12\Side_1205_8_five.mp4;C:\Users\esthe\Downloads\side mark 12\Side_1205_9_one.mp4,0.0,17.430;10.494;25.661;9.834;13.997;12.965;11.330;28.530;22.796;20.531;19.331;15.664;15.431;43.998;11.534,240.000;120.000;30.000;30.000;30.000;30.000;30.000;30.000;30.000;30.000;30.000;240.000;30.000;30.000;30.000,Sidemark,rotation,,Horizontal,START,176.762,C:\Users\esthe\Downloads\side mark 12\Side_1205_5_three.mp4,96,NA,
Side_1205,2025-06-06 16:08:33.219,,279.252,Media file(s),player #1:C:\Users\esthe\Downloads\side mark 12\Side_1205_10_onehalf.mp4;C:\Users\esthe\Downloads\side mark 12\Side_1205_12_three.mp4;C:\Users\esthe\Downloads\side mark 12\Side_1205_13_seven.mp4;C:\Users\esthe\Downloads\side mark 12\Side_1205_14_five.mp4;C:\Users\esthe\Downloads\side mark 12\Side_1205_15_three.mp4;C:\Users\esthe\Downloads\side mark 12\Side_1205_16_five.mp4;C:\Users\esthe\Downloads\side mark 12\Side_1205_1_control.mp4;C:\Users\esthe\Downloads\side mark 12\Side_1205_2_five.mp4;C:\Users\esthe\Downloads\side mark 12\Side_1205_3_one.mp4;C:\Users\esthe\Downloads\side mark 12\Side_1205_4_one.mp4;C:\Users\esthe\Downloads\side mark 12\Side_1205_5_three.mp4;C:\Users\esthe\Downloads\side mark 12\Side_1205_6_seven.mp4;C:\Users\esthe\Downloads\side mark 12\Side_1205_7_three.mp4;C:\Users\esthe\Downloads\side mark 12\Side_1205_8_five.mp4;C:\Users\esthe\Downloads\side mark 12\Side_1205_9_one.mp4,0.0,17.430;10.494;25.661;9.834;13.997;12.965;11.330;28.530;22.796;20.531;19.331;15.664;15.431;43.998;11.534,240.000;120.000;30.000;30.000;30.000;30.000;30.000;30.000;30.000;30.000;30.000;240.000;30.000;30.000;30.000,Sidemark,rotation,,Horizontal,STOP,176.928,C:\Users\esthe\Downloads\side mark 12\Side_1205_5_three.mp4,101,NA,
Side_1205,2025-06-06 16:08:33.219,,279.252,Media file(s),player #1:C:\Users\esthe\Downloads\side mark 12\Side_1205_10_onehalf.mp4;C:\Users\esthe\Downloads\side mark 12\Side_1205_12_three.mp4;C:\Users\esthe\Downloads\side mark 12\Side_1205_13_seven.mp4;C:\Users\esthe\Downloads\side mark 12\Side_1205_14_five.mp4;C:\Users\esthe\Downloads\side mark 12\Side_1205_15_three.mp4;C:\Users\esthe\Downloads\side mark 12\Side_1205_16_five.mp4;C:\Users\esthe\Downloads\side mark 12\Side_1205_1_control.mp4;C:\Users\esthe\Downloads\side mark 12\Side_1205_2_five.mp4;C:\Users\esthe\Downloads\side mark 12\Side_1205_3_one.mp4;C:\Users\esthe\Downloads\side mark 12\Side_1205_4_one.mp4;C:\Users\esthe\Downloads\side mark 12\Side_1205_5_three.mp4;C:\Users\esthe\Downloads\side mark 12\Side_1205_6_seven.mp4;C:\Users\esthe\Downloads\side mark 12\Side_1205_7_three.mp4;C:\Users\esthe\Downloads\side mark 12\Side_1205_8_five.mp4;C:\Users\esthe\Downloads\side mark 12\Side_1205_9_one.mp4,0.0,17.430;10.494;25.661;9.834;13.997;12.965;11.330;28.530;22.796;20.531;19.331;15.664;15.431;43.998;11.534,240.000;120.000;30.000;30.000;30.000;30.000;30.000;30.000;30.000;30.000;30.000;240.000;30.000;30.000;30.000,Sidemark,jaw movement,,,POINT,176.962,C:\Users\esthe\Downloads\side mark 12\Side_1205_5_three.mp4,102,NA,
Side_1205,2025-06-06 16:08:33.219,,279.252,Media file(s),player #1:C:\Users\esthe\Downloads\side mark 12\Side_1205_10_onehalf.mp4;C:\Users\esthe\Downloads\side mark 12\Side_1205_12_three.mp4;C:\Users\esthe\Downloads\side mark 12\Side_1205_13_seven.mp4;C:\Users\esthe\Downloads\side mark 12\Side_1205_14_five.mp4;C:\Users\esthe\Downloads\side mark 12\Side_1205_15_three.mp4;C:\Users\esthe\Downloads\side mark 12\Side_1205_16_five.mp4;C:\Users\esthe\Downloads\side mark 12\Side_1205_1_control.mp4;C:\Users\esthe\Downloads\side mark 12\Side_1205_2_five.mp4;C:\Users\esthe\Downloads\side mark 12\Side_1205_3_one.mp4;C:\Users\esthe\Downloads\side mark 12\Side_1205_4_one.mp4;C:\Users\esthe\Downloads\side mark 12\Side_1205_5_three.mp4;C:\Users\esthe\Downloads\side mark 12\Side_1205_6_seven.mp4;C:\Users\esthe\Downloads\side mark 12\Side_1205_7_three.mp4;C:\Users\esthe\Downloads\side mark 12\Side_1205_8_five.mp4;C:\Users\esthe\Downloads\side mark 12\Side_1205_9_one.mp4,0.0,17.430;10.494;25.661;9.834;13.997;12.965;11.330;28.530;22.796;20.531;19.331;15.664;15.431;43.998;11.534,240.000;120.000;30.000;30.000;30.000;30.000;30.000;30.000;30.000;30.000;30.000;240.000;30.000;30.000;30.000,Sidemark,licking,,,POINT,177.295,C:\Users\esthe\Downloads\side mark 12\Side_1205_5_three.mp4,112,NA,
Side_1205,2025-06-06 16:08:33.219,,279.252,Media file(s),player #1:C:\Users\esthe\Downloads\side mark 12\Side_1205_10_onehalf.mp4;C:\Users\esthe\Downloads\side mark 12\Side_1205_12_three.mp4;C:\Users\esthe\Downloads\side mark 12\Side_1205_13_seven.mp4;C:\Users\esthe\Downloads\side mark 12\Side_1205_14_five.mp4;C:\Users\esthe\Downloads\side mark 12\Side_1205_15_three.mp4;C:\Users\esthe\Downloads\side mark 12\Side_1205_16_five.mp4;C:\Users\esthe\Downloads\side mark 12\Side_1205_1_control.mp4;C:\Users\esthe\Downloads\side mark 12\Side_1205_2_five.mp4;C:\Users\esthe\Downloads\side mark 12\Side_1205_3_one.mp4;C:\Users\esthe\Downloads\side mark 12\Side_1205_4_one.mp4;C:\Users\esthe\Downloads\side mark 12\Side_1205_5_three.mp4;C:\Users\esthe\Downloads\side mark 12\Side_1205_6_seven.mp4;C:\Users\esthe\Downloads\side mark 12\Side_1205_7_three.mp4;C:\Users\esthe\Downloads\side mark 12\Side_1205_8_five.mp4;C:\Users\esthe\Downloads\side mark 12\Side_1205_9_one.mp4,0.0,17.430;10.494;25.661;9.834;13.997;12.965;11.330;28.530;22.796;20.531;19.331;15.664;15.431;43.998;11.534,240.000;120.000;30.000;30.000;30.000;30.000;30.000;30.000;30.000;30.000;30.000;240.000;30.000;30.000;30.000,Sidemark,rotation,,Vertical,START,177.328,C:\Users\esthe\Downloads\side mark 12\Side_1205_5_three.mp4,113,NA,
Side_1205,2025-06-06 16:08:33.219,,279.252,Media file(s),player #1:C:\Users\esthe\Downloads\side mark 12\Side_1205_10_onehalf.mp4;C:\Users\esthe\Downloads\side mark 12\Side_1205_12_three.mp4;C:\Users\esthe\Downloads\side mark 12\Side_1205_13_seven.mp4;C:\Users\esthe\Downloads\side mark 12\Side_1205_14_five.mp4;C:\Users\esthe\Downloads\side mark 12\Side_1205_15_three.mp4;C:\Users\esthe\Downloads\side mark 12\Side_1205_16_five.mp4;C:\Users\esthe\Downloads\side mark 12\Side_1205_1_control.mp4;C:\Users\esthe\Downloads\side mark 12\Side_1205_2_five.mp4;C:\Users\esthe\Downloads\side mark 12\Side_1205_3_one.mp4;C:\Users\esthe\Downloads\side mark 12\Side_1205_4_one.mp4;C:\Users\esthe\Downloads\side mark 12\Side_1205_5_three.mp4;C:\Users\esthe\Downloads\side mark 12\Side_1205_6_seven.mp4;C:\Users\esthe\Downloads\side mark 12\Side_1205_7_three.mp4;C:\Users\esthe\Downloads\side mark 12\Side_1205_8_five.mp4;C:\Users\esthe\Downloads\side mark 12\Side_1205_9_one.mp4,0.0,17.430;10.494;25.661;9.834;13.997;12.965;11.330;28.530;22.796;20.531;19.331;15.664;15.431;43.998;11.534,240.000;120.000;30.000;30.000;30.000;30.000;30.000;30.000;30.000;30.000;30.000;240.000;30.000;30.000;30.000,Sidemark,rotation,,Vertical,STOP,177.795,C:\Users\esthe\Downloads\side mark 12\Side_1205_5_three.mp4,127,NA,
Side_1205,2025-06-06 16:08:33.219,,279.252,Media file(s),player #1:C:\Users\esthe\Downloads\side mark 12\Side_1205_10_onehalf.mp4;C:\Users\esthe\Downloads\side mark 12\Side_1205_12_three.mp4;C:\Users\esthe\Downloads\side mark 12\Side_1205_13_seven.mp4;C:\Users\esthe\Downloads\side mark 12\Side_1205_14_five.mp4;C:\Users\esthe\Downloads\side mark 12\Side_1205_15_three.mp4;C:\Users\esthe\Downloads\side mark 12\Side_1205_16_five.mp4;C:\Users\esthe\Downloads\side mark 12\Side_1205_1_control.mp4;C:\Users\esthe\Downloads\side mark 12\Side_1205_2_five.mp4;C:\Users\esthe\Downloads\side mark 12\Side_1205_3_one.mp4;C:\Users\esthe\Downloads\side mark 12\Side_1205_4_one.mp4;C:\Users\esthe\Downloads\side mark 12\Side_1205_5_three.mp4;C:\Users\esthe\Downloads\side mark 12\Side_1205_6_seven.mp4;C:\Users\esthe\Downloads\side mark 12\Side_1205_7_three.mp4;C:\Users\esthe\Downloads\side mark 12\Side_1205_8_five.mp4;C:\Users\esthe\Downloads\side mark 12\Side_1205_9_one.mp4,0.0,17.430;10.494;25.661;9.834;13.997;12.965;11.330;28.530;22.796;20.531;19.331;15.664;15.431;43.998;11.534,240.000;120.000;30.000;30.000;30.000;30.000;30.000;30.000;30.000;30.000;30.000;240.000;30.000;30.000;30.000,Sidemark,licking,,,POINT,177.828,C:\Users\esthe\Downloads\side mark 12\Side_1205_5_three.mp4,128,NA,
Side_1205,2025-06-06 16:08:33.219,,279.252,Media file(s),player #1:C:\Users\esthe\Downloads\side mark 12\Side_1205_10_onehalf.mp4;C:\Users\esthe\Downloads\side mark 12\Side_1205_12_three.mp4;C:\Users\esthe\Downloads\side mark 12\Side_1205_13_seven.mp4;C:\Users\esthe\Downloads\side mark 12\Side_1205_14_five.mp4;C:\Users\esthe\Downloads\side mark 12\Side_1205_15_three.mp4;C:\Users\esthe\Downloads\side mark 12\Side_1205_16_five.mp4;C:\Users\esthe\Downloads\side mark 12\Side_1205_1_control.mp4;C:\Users\esthe\Downloads\side mark 12\Side_1205_2_five.mp4;C:\Users\esthe\Downloads\side mark 12\Side_1205_3_one.mp4;C:\Users\esthe\Downloads\side mark 12\Side_1205_4_one.mp4;C:\Users\esthe\Downloads\side mark 12\Side_1205_5_three.mp4;C:\Users\esthe\Downloads\side mark 12\Side_1205_6_seven.mp4;C:\Users\esthe\Downloads\side mark 12\Side_1205_7_three.mp4;C:\Users\esthe\Downloads\side mark 12\Side_1205_8_five.mp4;C:\Users\esthe\Downloads\side mark 12\Side_1205_9_one.mp4,0.0,17.430;10.494;25.661;9.834;13.997;12.965;11.330;28.530;22.796;20.531;19.331;15.664;15.431;43.998;11.534,240.000;120.000;30.000;30.000;30.000;30.000;30.000;30.000;30.000;30.000;30.000;240.000;30.000;30.000;30.000,Sidemark,jaw movement,,,POINT,178.062,C:\Users\esthe\Downloads\side mark 12\Side_1205_5_three.mp4,135,NA,
Side_1205,2025-06-06 16:08:33.219,,279.252,Media file(s),player #1:C:\Users\esthe\Downloads\side mark 12\Side_1205_10_onehalf.mp4;C:\Users\esthe\Downloads\side mark 12\Side_1205_12_three.mp4;C:\Users\esthe\Downloads\side mark 12\Side_1205_13_seven.mp4;C:\Users\esthe\Downloads\side mark 12\Side_1205_14_five.mp4;C:\Users\esthe\Downloads\side mark 12\Side_1205_15_three.mp4;C:\Users\esthe\Downloads\side mark 12\Side_1205_16_five.mp4;C:\Users\esthe\Downloads\side mark 12\Side_1205_1_control.mp4;C:\Users\esthe\Downloads\side mark 12\Side_1205_2_five.mp4;C:\Users\esthe\Downloads\side mark 12\Side_1205_3_one.mp4;C:\Users\esthe\Downloads\side mark 12\Side_1205_4_one.mp4;C:\Users\esthe\Downloads\side mark 12\Side_1205_5_three.mp4;C:\Users\esthe\Downloads\side mark 12\Side_1205_6_seven.mp4;C:\Users\esthe\Downloads\side mark 12\Side_1205_7_three.mp4;C:\Users\esthe\Downloads\side mark 12\Side_1205_8_five.mp4;C:\Users\esthe\Downloads\side mark 12\Side_1205_9_one.mp4,0.0,17.430;10.494;25.661;9.834;13.997;12.965;11.330;28.530;22.796;20.531;19.331;15.664;15.431;43.998;11.534,240.000;120.000;30.000;30.000;30.000;30.000;30.000;30.000;30.000;30.000;30.000;240.000;30.000;30.000;30.000,Sidemark,rotation,,Vertical,START,178.328,C:\Users\esthe\Downloads\side mark 12\Side_1205_5_three.mp4,143,NA,
Side_1205,2025-06-06 16:08:33.219,,279.252,Media file(s),player #1:C:\Users\esthe\Downloads\side mark 12\Side_1205_10_onehalf.mp4;C:\Users\esthe\Downloads\side mark 12\Side_1205_12_three.mp4;C:\Users\esthe\Downloads\side mark 12\Side_1205_13_seven.mp4;C:\Users\esthe\Downloads\side mark 12\Side_1205_14_five.mp4;C:\Users\esthe\Downloads\side mark 12\Side_1205_15_three.mp4;C:\Users\esthe\Downloads\side mark 12\Side_1205_16_five.mp4;C:\Users\esthe\Downloads\side mark 12\Side_1205_1_control.mp4;C:\Users\esthe\Downloads\side mark 12\Side_1205_2_five.mp4;C:\Users\esthe\Downloads\side mark 12\Side_1205_3_one.mp4;C:\Users\esthe\Downloads\side mark 12\Side_1205_4_one.mp4;C:\Users\esthe\Downloads\side mark 12\Side_1205_5_three.mp4;C:\Users\esthe\Downloads\side mark 12\Side_1205_6_seven.mp4;C:\Users\esthe\Downloads\side mark 12\Side_1205_7_three.mp4;C:\Users\esthe\Downloads\side mark 12\Side_1205_8_five.mp4;C:\Users\esthe\Downloads\side mark 12\Side_1205_9_one.mp4,0.0,17.430;10.494;25.661;9.834;13.997;12.965;11.330;28.530;22.796;20.531;19.331;15.664;15.431;43.998;11.534,240.000;120.000;30.000;30.000;30.000;30.000;30.000;30.000;30.000;30.000;30.000;240.000;30.000;30.000;30.000,Sidemark,rotation,,Vertical,STOP,178.461,C:\Users\esthe\Downloads\side mark 12\Side_1205_5_three.mp4,147,NA,
Side_1205,2025-06-06 16:08:33.219,,279.252,Media file(s),player #1:C:\Users\esthe\Downloads\side mark 12\Side_1205_10_onehalf.mp4;C:\Users\esthe\Downloads\side mark 12\Side_1205_12_three.mp4;C:\Users\esthe\Downloads\side mark 12\Side_1205_13_seven.mp4;C:\Users\esthe\Downloads\side mark 12\Side_1205_14_five.mp4;C:\Users\esthe\Downloads\side mark 12\Side_1205_15_three.mp4;C:\Users\esthe\Downloads\side mark 12\Side_1205_16_five.mp4;C:\Users\esthe\Downloads\side mark 12\Side_1205_1_control.mp4;C:\Users\esthe\Downloads\side mark 12\Side_1205_2_five.mp4;C:\Users\esthe\Downloads\side mark 12\Side_1205_3_one.mp4;C:\Users\esthe\Downloads\side mark 12\Side_1205_4_one.mp4;C:\Users\esthe\Downloads\side mark 12\Side_1205_5_three.mp4;C:\Users\esthe\Downloads\side mark 12\Side_1205_6_seven.mp4;C:\Users\esthe\Downloads\side mark 12\Side_1205_7_three.mp4;C:\Users\esthe\Downloads\side mark 12\Side_1205_8_five.mp4;C:\Users\esthe\Downloads\side mark 12\Side_1205_9_one.mp4,0.0,17.430;10.494;25.661;9.834;13.997;12.965;11.330;28.530;22.796;20.531;19.331;15.664;15.431;43.998;11.534,240.000;120.000;30.000;30.000;30.000;30.000;30.000;30.000;30.000;30.000;30.000;240.000;30.000;30.000;30.000,Sidemark,jaw movement,,,POINT,178.561,C:\Users\esthe\Downloads\side mark 12\Side_1205_5_three.mp4,150,NA,
Side_1205,2025-06-06 16:08:33.219,,279.252,Media file(s),player #1:C:\Users\esthe\Downloads\side mark 12\Side_1205_10_onehalf.mp4;C:\Users\esthe\Downloads\side mark 12\Side_1205_12_three.mp4;C:\Users\esthe\Downloads\side mark 12\Side_1205_13_seven.mp4;C:\Users\esthe\Downloads\side mark 12\Side_1205_14_five.mp4;C:\Users\esthe\Downloads\side mark 12\Side_1205_15_three.mp4;C:\Users\esthe\Downloads\side mark 12\Side_1205_16_five.mp4;C:\Users\esthe\Downloads\side mark 12\Side_1205_1_control.mp4;C:\Users\esthe\Downloads\side mark 12\Side_1205_2_five.mp4;C:\Users\esthe\Downloads\side mark 12\Side_1205_3_one.mp4;C:\Users\esthe\Downloads\side mark 12\Side_1205_4_one.mp4;C:\Users\esthe\Downloads\side mark 12\Side_1205_5_three.mp4;C:\Users\esthe\Downloads\side mark 12\Side_1205_6_seven.mp4;C:\Users\esthe\Downloads\side mark 12\Side_1205_7_three.mp4;C:\Users\esthe\Downloads\side mark 12\Side_1205_8_five.mp4;C:\Users\esthe\Downloads\side mark 12\Side_1205_9_one.mp4,0.0,17.430;10.494;25.661;9.834;13.997;12.965;11.330;28.530;22.796;20.531;19.331;15.664;15.431;43.998;11.534,240.000;120.000;30.000;30.000;30.000;30.000;30.000;30.000;30.000;30.000;30.000;240.000;30.000;30.000;30.000,Sidemark,jaw movement,,,POINT,178.828,C:\Users\esthe\Downloads\side mark 12\Side_1205_5_three.mp4,158,NA,
Side_1205,2025-06-06 16:08:33.219,,279.252,Media file(s),player #1:C:\Users\esthe\Downloads\side mark 12\Side_1205_10_onehalf.mp4;C:\Users\esthe\Downloads\side mark 12\Side_1205_12_three.mp4;C:\Users\esthe\Downloads\side mark 12\Side_1205_13_seven.mp4;C:\Users\esthe\Downloads\side mark 12\Side_1205_14_five.mp4;C:\Users\esthe\Downloads\side mark 12\Side_1205_15_three.mp4;C:\Users\esthe\Downloads\side mark 12\Side_1205_16_five.mp4;C:\Users\esthe\Downloads\side mark 12\Side_1205_1_control.mp4;C:\Users\esthe\Downloads\side mark 12\Side_1205_2_five.mp4;C:\Users\esthe\Downloads\side mark 12\Side_1205_3_one.mp4;C:\Users\esthe\Downloads\side mark 12\Side_1205_4_one.mp4;C:\Users\esthe\Downloads\side mark 12\Side_1205_5_three.mp4;C:\Users\esthe\Downloads\side mark 12\Side_1205_6_seven.mp4;C:\Users\esthe\Downloads\side mark 12\Side_1205_7_three.mp4;C:\Users\esthe\Downloads\side mark 12\Side_1205_8_five.mp4;C:\Users\esthe\Downloads\side mark 12\Side_1205_9_one.mp4,0.0,17.430;10.494;25.661;9.834;13.997;12.965;11.330;28.530;22.796;20.531;19.331;15.664;15.431;43.998;11.534,240.000;120.000;30.000;30.000;30.000;30.000;30.000;30.000;30.000;30.000;30.000;240.000;30.000;30.000;30.000,Sidemark,rotation,,Vertical,START,178.861,C:\Users\esthe\Downloads\side mark 12\Side_1205_5_three.mp4,159,NA,
Side_1205,2025-06-06 16:08:33.219,,279.252,Media file(s),player #1:C:\Users\esthe\Downloads\side mark 12\Side_1205_10_onehalf.mp4;C:\Users\esthe\Downloads\side mark 12\Side_1205_12_three.mp4;C:\Users\esthe\Downloads\side mark 12\Side_1205_13_seven.mp4;C:\Users\esthe\Downloads\side mark 12\Side_1205_14_five.mp4;C:\Users\esthe\Downloads\side mark 12\Side_1205_15_three.mp4;C:\Users\esthe\Downloads\side mark 12\Side_1205_16_five.mp4;C:\Users\esthe\Downloads\side mark 12\Side_1205_1_control.mp4;C:\Users\esthe\Downloads\side mark 12\Side_1205_2_five.mp4;C:\Users\esthe\Downloads\side mark 12\Side_1205_3_one.mp4;C:\Users\esthe\Downloads\side mark 12\Side_1205_4_one.mp4;C:\Users\esthe\Downloads\side mark 12\Side_1205_5_three.mp4;C:\Users\esthe\Downloads\side mark 12\Side_1205_6_seven.mp4;C:\Users\esthe\Downloads\side mark 12\Side_1205_7_three.mp4;C:\Users\esthe\Downloads\side mark 12\Side_1205_8_five.mp4;C:\Users\esthe\Downloads\side mark 12\Side_1205_9_one.mp4,0.0,17.430;10.494;25.661;9.834;13.997;12.965;11.330;28.530;22.796;20.531;19.331;15.664;15.431;43.998;11.534,240.000;120.000;30.000;30.000;30.000;30.000;30.000;30.000;30.000;30.000;30.000;240.000;30.000;30.000;30.000,Sidemark,rotation,,Vertical,STOP,179.061,C:\Users\esthe\Downloads\side mark 12\Side_1205_5_three.mp4,165,NA,
Side_1205,2025-06-06 16:08:33.219,,279.252,Media file(s),player #1:C:\Users\esthe\Downloads\side mark 12\Side_1205_10_onehalf.mp4;C:\Users\esthe\Downloads\side mark 12\Side_1205_12_three.mp4;C:\Users\esthe\Downloads\side mark 12\Side_1205_13_seven.mp4;C:\Users\esthe\Downloads\side mark 12\Side_1205_14_five.mp4;C:\Users\esthe\Downloads\side mark 12\Side_1205_15_three.mp4;C:\Users\esthe\Downloads\side mark 12\Side_1205_16_five.mp4;C:\Users\esthe\Downloads\side mark 12\Side_1205_1_control.mp4;C:\Users\esthe\Downloads\side mark 12\Side_1205_2_five.mp4;C:\Users\esthe\Downloads\side mark 12\Side_1205_3_one.mp4;C:\Users\esthe\Downloads\side mark 12\Side_1205_4_one.mp4;C:\Users\esthe\Downloads\side mark 12\Side_1205_5_three.mp4;C:\Users\esthe\Downloads\side mark 12\Side_1205_6_seven.mp4;C:\Users\esthe\Downloads\side mark 12\Side_1205_7_three.mp4;C:\Users\esthe\Downloads\side mark 12\Side_1205_8_five.mp4;C:\Users\esthe\Downloads\side mark 12\Side_1205_9_one.mp4,0.0,17.430;10.494;25.661;9.834;13.997;12.965;11.330;28.530;22.796;20.531;19.331;15.664;15.431;43.998;11.534,240.000;120.000;30.000;30.000;30.000;30.000;30.000;30.000;30.000;30.000;30.000;240.000;30.000;30.000;30.000,Sidemark,jaw movement,,,POINT,179.095,C:\Users\esthe\Downloads\side mark 12\Side_1205_5_three.mp4,166,NA,
Side_1205,2025-06-06 16:08:33.219,,279.252,Media file(s),player #1:C:\Users\esthe\Downloads\side mark 12\Side_1205_10_onehalf.mp4;C:\Users\esthe\Downloads\side mark 12\Side_1205_12_three.mp4;C:\Users\esthe\Downloads\side mark 12\Side_1205_13_seven.mp4;C:\Users\esthe\Downloads\side mark 12\Side_1205_14_five.mp4;C:\Users\esthe\Downloads\side mark 12\Side_1205_15_three.mp4;C:\Users\esthe\Downloads\side mark 12\Side_1205_16_five.mp4;C:\Users\esthe\Downloads\side mark 12\Side_1205_1_control.mp4;C:\Users\esthe\Downloads\side mark 12\Side_1205_2_five.mp4;C:\Users\esthe\Downloads\side mark 12\Side_1205_3_one.mp4;C:\Users\esthe\Downloads\side mark 12\Side_1205_4_one.mp4;C:\Users\esthe\Downloads\side mark 12\Side_1205_5_three.mp4;C:\Users\esthe\Downloads\side mark 12\Side_1205_6_seven.mp4;C:\Users\esthe\Downloads\side mark 12\Side_1205_7_three.mp4;C:\Users\esthe\Downloads\side mark 12\Side_1205_8_five.mp4;C:\Users\esthe\Downloads\side mark 12\Side_1205_9_one.mp4,0.0,17.430;10.494;25.661;9.834;13.997;12.965;11.330;28.530;22.796;20.531;19.331;15.664;15.431;43.998;11.534,240.000;120.000;30.000;30.000;30.000;30.000;30.000;30.000;30.000;30.000;30.000;240.000;30.000;30.000;30.000,Sidemark,mouth,,,POINT,179.195,C:\Users\esthe\Downloads\side mark 12\Side_1205_5_three.mp4,169,NA,
Side_1205,2025-06-06 16:08:33.219,,279.252,Media file(s),player #1:C:\Users\esthe\Downloads\side mark 12\Side_1205_10_onehalf.mp4;C:\Users\esthe\Downloads\side mark 12\Side_1205_12_three.mp4;C:\Users\esthe\Downloads\side mark 12\Side_1205_13_seven.mp4;C:\Users\esthe\Downloads\side mark 12\Side_1205_14_five.mp4;C:\Users\esthe\Downloads\side mark 12\Side_1205_15_three.mp4;C:\Users\esthe\Downloads\side mark 12\Side_1205_16_five.mp4;C:\Users\esthe\Downloads\side mark 12\Side_1205_1_control.mp4;C:\Users\esthe\Downloads\side mark 12\Side_1205_2_five.mp4;C:\Users\esthe\Downloads\side mark 12\Side_1205_3_one.mp4;C:\Users\esthe\Downloads\side mark 12\Side_1205_4_one.mp4;C:\Users\esthe\Downloads\side mark 12\Side_1205_5_three.mp4;C:\Users\esthe\Downloads\side mark 12\Side_1205_6_seven.mp4;C:\Users\esthe\Downloads\side mark 12\Side_1205_7_three.mp4;C:\Users\esthe\Downloads\side mark 12\Side_1205_8_five.mp4;C:\Users\esthe\Downloads\side mark 12\Side_1205_9_one.mp4,0.0,17.430;10.494;25.661;9.834;13.997;12.965;11.330;28.530;22.796;20.531;19.331;15.664;15.431;43.998;11.534,240.000;120.000;30.000;30.000;30.000;30.000;30.000;30.000;30.000;30.000;30.000;240.000;30.000;30.000;30.000,Sidemark,assessing,,,STOP,179.228,C:\Users\esthe\Downloads\side mark 12\Side_1205_5_three.mp4,170,NA,
Side_1205,2025-06-06 16:08:33.219,,279.252,Media file(s),player #1:C:\Users\esthe\Downloads\side mark 12\Side_1205_10_onehalf.mp4;C:\Users\esthe\Downloads\side mark 12\Side_1205_12_three.mp4;C:\Users\esthe\Downloads\side mark 12\Side_1205_13_seven.mp4;C:\Users\esthe\Downloads\side mark 12\Side_1205_14_five.mp4;C:\Users\esthe\Downloads\side mark 12\Side_1205_15_three.mp4;C:\Users\esthe\Downloads\side mark 12\Side_1205_16_five.mp4;C:\Users\esthe\Downloads\side mark 12\Side_1205_1_control.mp4;C:\Users\esthe\Downloads\side mark 12\Side_1205_2_five.mp4;C:\Users\esthe\Downloads\side mark 12\Side_1205_3_one.mp4;C:\Users\esthe\Downloads\side mark 12\Side_1205_4_one.mp4;C:\Users\esthe\Downloads\side mark 12\Side_1205_5_three.mp4;C:\Users\esthe\Downloads\side mark 12\Side_1205_6_seven.mp4;C:\Users\esthe\Downloads\side mark 12\Side_1205_7_three.mp4;C:\Users\esthe\Downloads\side mark 12\Side_1205_8_five.mp4;C:\Users\esthe\Downloads\side mark 12\Side_1205_9_one.mp4,0.0,17.430;10.494;25.661;9.834;13.997;12.965;11.330;28.530;22.796;20.531;19.331;15.664;15.431;43.998;11.534,240.000;120.000;30.000;30.000;30.000;30.000;30.000;30.000;30.000;30.000;30.000;240.000;30.000;30.000;30.000,Sidemark,pause,,,START,179.295,C:\Users\esthe\Downloads\side mark 12\Side_1205_5_three.mp4,172,NA,
Side_1205,2025-06-06 16:08:33.219,,279.252,Media file(s),player #1:C:\Users\esthe\Downloads\side mark 12\Side_1205_10_onehalf.mp4;C:\Users\esthe\Downloads\side mark 12\Side_1205_12_three.mp4;C:\Users\esthe\Downloads\side mark 12\Side_1205_13_seven.mp4;C:\Users\esthe\Downloads\side mark 12\Side_1205_14_five.mp4;C:\Users\esthe\Downloads\side mark 12\Side_1205_15_three.mp4;C:\Users\esthe\Downloads\side mark 12\Side_1205_16_five.mp4;C:\Users\esthe\Downloads\side mark 12\Side_1205_1_control.mp4;C:\Users\esthe\Downloads\side mark 12\Side_1205_2_five.mp4;C:\Users\esthe\Downloads\side mark 12\Side_1205_3_one.mp4;C:\Users\esthe\Downloads\side mark 12\Side_1205_4_one.mp4;C:\Users\esthe\Downloads\side mark 12\Side_1205_5_three.mp4;C:\Users\esthe\Downloads\side mark 12\Side_1205_6_seven.mp4;C:\Users\esthe\Downloads\side mark 12\Side_1205_7_three.mp4;C:\Users\esthe\Downloads\side mark 12\Side_1205_8_five.mp4;C:\Users\esthe\Downloads\side mark 12\Side_1205_9_one.mp4,0.0,17.430;10.494;25.661;9.834;13.997;12.965;11.330;28.530;22.796;20.531;19.331;15.664;15.431;43.998;11.534,240.000;120.000;30.000;30.000;30.000;30.000;30.000;30.000;30.000;30.000;30.000;240.000;30.000;30.000;30.000,Sidemark,pause,,,STOP,180.094,C:\Users\esthe\Downloads\side mark 12\Side_1205_5_three.mp4,196,NA,
Side_1205,2025-06-06 16:08:33.219,,279.252,Media file(s),player #1:C:\Users\esthe\Downloads\side mark 12\Side_1205_10_onehalf.mp4;C:\Users\esthe\Downloads\side mark 12\Side_1205_12_three.mp4;C:\Users\esthe\Downloads\side mark 12\Side_1205_13_seven.mp4;C:\Users\esthe\Downloads\side mark 12\Side_1205_14_five.mp4;C:\Users\esthe\Downloads\side mark 12\Side_1205_15_three.mp4;C:\Users\esthe\Downloads\side mark 12\Side_1205_16_five.mp4;C:\Users\esthe\Downloads\side mark 12\Side_1205_1_control.mp4;C:\Users\esthe\Downloads\side mark 12\Side_1205_2_five.mp4;C:\Users\esthe\Downloads\side mark 12\Side_1205_3_one.mp4;C:\Users\esthe\Downloads\side mark 12\Side_1205_4_one.mp4;C:\Users\esthe\Downloads\side mark 12\Side_1205_5_three.mp4;C:\Users\esthe\Downloads\side mark 12\Side_1205_6_seven.mp4;C:\Users\esthe\Downloads\side mark 12\Side_1205_7_three.mp4;C:\Users\esthe\Downloads\side mark 12\Side_1205_8_five.mp4;C:\Users\esthe\Downloads\side mark 12\Side_1205_9_one.mp4,0.0,17.430;10.494;25.661;9.834;13.997;12.965;11.330;28.530;22.796;20.531;19.331;15.664;15.431;43.998;11.534,240.000;120.000;30.000;30.000;30.000;30.000;30.000;30.000;30.000;30.000;30.000;240.000;30.000;30.000;30.000,Sidemark,assessing,,,START,180.228,C:\Users\esthe\Downloads\side mark 12\Side_1205_5_three.mp4,200,NA,
Side_1205,2025-06-06 16:08:33.219,,279.252,Media file(s),player #1:C:\Users\esthe\Downloads\side mark 12\Side_1205_10_onehalf.mp4;C:\Users\esthe\Downloads\side mark 12\Side_1205_12_three.mp4;C:\Users\esthe\Downloads\side mark 12\Side_1205_13_seven.mp4;C:\Users\esthe\Downloads\side mark 12\Side_1205_14_five.mp4;C:\Users\esthe\Downloads\side mark 12\Side_1205_15_three.mp4;C:\Users\esthe\Downloads\side mark 12\Side_1205_16_five.mp4;C:\Users\esthe\Downloads\side mark 12\Side_1205_1_control.mp4;C:\Users\esthe\Downloads\side mark 12\Side_1205_2_five.mp4;C:\Users\esthe\Downloads\side mark 12\Side_1205_3_one.mp4;C:\Users\esthe\Downloads\side mark 12\Side_1205_4_one.mp4;C:\Users\esthe\Downloads\side mark 12\Side_1205_5_three.mp4;C:\Users\esthe\Downloads\side mark 12\Side_1205_6_seven.mp4;C:\Users\esthe\Downloads\side mark 12\Side_1205_7_three.mp4;C:\Users\esthe\Downloads\side mark 12\Side_1205_8_five.mp4;C:\Users\esthe\Downloads\side mark 12\Side_1205_9_one.mp4,0.0,17.430;10.494;25.661;9.834;13.997;12.965;11.330;28.530;22.796;20.531;19.331;15.664;15.431;43.998;11.534,240.000;120.000;30.000;30.000;30.000;30.000;30.000;30.000;30.000;30.000;30.000;240.000;30.000;30.000;30.000,Sidemark,jaw movement,,,POINT,180.361,C:\Users\esthe\Downloads\side mark 12\Side_1205_5_three.mp4,204,NA,
Side_1205,2025-06-06 16:08:33.219,,279.252,Media file(s),player #1:C:\Users\esthe\Downloads\side mark 12\Side_1205_10_onehalf.mp4;C:\Users\esthe\Downloads\side mark 12\Side_1205_12_three.mp4;C:\Users\esthe\Downloads\side mark 12\Side_1205_13_seven.mp4;C:\Users\esthe\Downloads\side mark 12\Side_1205_14_five.mp4;C:\Users\esthe\Downloads\side mark 12\Side_1205_15_three.mp4;C:\Users\esthe\Downloads\side mark 12\Side_1205_16_five.mp4;C:\Users\esthe\Downloads\side mark 12\Side_1205_1_control.mp4;C:\Users\esthe\Downloads\side mark 12\Side_1205_2_five.mp4;C:\Users\esthe\Downloads\side mark 12\Side_1205_3_one.mp4;C:\Users\esthe\Downloads\side mark 12\Side_1205_4_one.mp4;C:\Users\esthe\Downloads\side mark 12\Side_1205_5_three.mp4;C:\Users\esthe\Downloads\side mark 12\Side_1205_6_seven.mp4;C:\Users\esthe\Downloads\side mark 12\Side_1205_7_three.mp4;C:\Users\esthe\Downloads\side mark 12\Side_1205_8_five.mp4;C:\Users\esthe\Downloads\side mark 12\Side_1205_9_one.mp4,0.0,17.430;10.494;25.661;9.834;13.997;12.965;11.330;28.530;22.796;20.531;19.331;15.664;15.431;43.998;11.534,240.000;120.000;30.000;30.000;30.000;30.000;30.000;30.000;30.000;30.000;30.000;240.000;30.000;30.000;30.000,Sidemark,translational movement,,,POINT,180.461,C:\Users\esthe\Downloads\side mark 12\Side_1205_5_three.mp4,207,NA,
Side_1205,2025-06-06 16:08:33.219,,279.252,Media file(s),player #1:C:\Users\esthe\Downloads\side mark 12\Side_1205_10_onehalf.mp4;C:\Users\esthe\Downloads\side mark 12\Side_1205_12_three.mp4;C:\Users\esthe\Downloads\side mark 12\Side_1205_13_seven.mp4;C:\Users\esthe\Downloads\side mark 12\Side_1205_14_five.mp4;C:\Users\esthe\Downloads\side mark 12\Side_1205_15_three.mp4;C:\Users\esthe\Downloads\side mark 12\Side_1205_16_five.mp4;C:\Users\esthe\Downloads\side mark 12\Side_1205_1_control.mp4;C:\Users\esthe\Downloads\side mark 12\Side_1205_2_five.mp4;C:\Users\esthe\Downloads\side mark 12\Side_1205_3_one.mp4;C:\Users\esthe\Downloads\side mark 12\Side_1205_4_one.mp4;C:\Users\esthe\Downloads\side mark 12\Side_1205_5_three.mp4;C:\Users\esthe\Downloads\side mark 12\Side_1205_6_seven.mp4;C:\Users\esthe\Downloads\side mark 12\Side_1205_7_three.mp4;C:\Users\esthe\Downloads\side mark 12\Side_1205_8_five.mp4;C:\Users\esthe\Downloads\side mark 12\Side_1205_9_one.mp4,0.0,17.430;10.494;25.661;9.834;13.997;12.965;11.330;28.530;22.796;20.531;19.331;15.664;15.431;43.998;11.534,240.000;120.000;30.000;30.000;30.000;30.000;30.000;30.000;30.000;30.000;30.000;240.000;30.000;30.000;30.000,Sidemark,jaw movement,,,POINT,180.561,C:\Users\esthe\Downloads\side mark 12\Side_1205_5_three.mp4,210,NA,
Side_1205,2025-06-06 16:08:33.219,,279.252,Media file(s),player #1:C:\Users\esthe\Downloads\side mark 12\Side_1205_10_onehalf.mp4;C:\Users\esthe\Downloads\side mark 12\Side_1205_12_three.mp4;C:\Users\esthe\Downloads\side mark 12\Side_1205_13_seven.mp4;C:\Users\esthe\Downloads\side mark 12\Side_1205_14_five.mp4;C:\Users\esthe\Downloads\side mark 12\Side_1205_15_three.mp4;C:\Users\esthe\Downloads\side mark 12\Side_1205_16_five.mp4;C:\Users\esthe\Downloads\side mark 12\Side_1205_1_control.mp4;C:\Users\esthe\Downloads\side mark 12\Side_1205_2_five.mp4;C:\Users\esthe\Downloads\side mark 12\Side_1205_3_one.mp4;C:\Users\esthe\Downloads\side mark 12\Side_1205_4_one.mp4;C:\Users\esthe\Downloads\side mark 12\Side_1205_5_three.mp4;C:\Users\esthe\Downloads\side mark 12\Side_1205_6_seven.mp4;C:\Users\esthe\Downloads\side mark 12\Side_1205_7_three.mp4;C:\Users\esthe\Downloads\side mark 12\Side_1205_8_five.mp4;C:\Users\esthe\Downloads\side mark 12\Side_1205_9_one.mp4,0.0,17.430;10.494;25.661;9.834;13.997;12.965;11.330;28.530;22.796;20.531;19.331;15.664;15.431;43.998;11.534,240.000;120.000;30.000;30.000;30.000;30.000;30.000;30.000;30.000;30.000;30.000;240.000;30.000;30.000;30.000,Sidemark,translational movement,,,POINT,180.694,C:\Users\esthe\Downloads\side mark 12\Side_1205_5_three.mp4,214,NA,
Side_1205,2025-06-06 16:08:33.219,,279.252,Media file(s),player #1:C:\Users\esthe\Downloads\side mark 12\Side_1205_10_onehalf.mp4;C:\Users\esthe\Downloads\side mark 12\Side_1205_12_three.mp4;C:\Users\esthe\Downloads\side mark 12\Side_1205_13_seven.mp4;C:\Users\esthe\Downloads\side mark 12\Side_1205_14_five.mp4;C:\Users\esthe\Downloads\side mark 12\Side_1205_15_three.mp4;C:\Users\esthe\Downloads\side mark 12\Side_1205_16_five.mp4;C:\Users\esthe\Downloads\side mark 12\Side_1205_1_control.mp4;C:\Users\esthe\Downloads\side mark 12\Side_1205_2_five.mp4;C:\Users\esthe\Downloads\side mark 12\Side_1205_3_one.mp4;C:\Users\esthe\Downloads\side mark 12\Side_1205_4_one.mp4;C:\Users\esthe\Downloads\side mark 12\Side_1205_5_three.mp4;C:\Users\esthe\Downloads\side mark 12\Side_1205_6_seven.mp4;C:\Users\esthe\Downloads\side mark 12\Side_1205_7_three.mp4;C:\Users\esthe\Downloads\side mark 12\Side_1205_8_five.mp4;C:\Users\esthe\Downloads\side mark 12\Side_1205_9_one.mp4,0.0,17.430;10.494;25.661;9.834;13.997;12.965;11.330;28.530;22.796;20.531;19.331;15.664;15.431;43.998;11.534,240.000;120.000;30.000;30.000;30.000;30.000;30.000;30.000;30.000;30.000;30.000;240.000;30.000;30.000;30.000,Sidemark,jaw movement,,,POINT,180.994,C:\Users\esthe\Downloads\side mark 12\Side_1205_5_three.mp4,223,NA,
Side_1205,2025-06-06 16:08:33.219,,279.252,Media file(s),player #1:C:\Users\esthe\Downloads\side mark 12\Side_1205_10_onehalf.mp4;C:\Users\esthe\Downloads\side mark 12\Side_1205_12_three.mp4;C:\Users\esthe\Downloads\side mark 12\Side_1205_13_seven.mp4;C:\Users\esthe\Downloads\side mark 12\Side_1205_14_five.mp4;C:\Users\esthe\Downloads\side mark 12\Side_1205_15_three.mp4;C:\Users\esthe\Downloads\side mark 12\Side_1205_16_five.mp4;C:\Users\esthe\Downloads\side mark 12\Side_1205_1_control.mp4;C:\Users\esthe\Downloads\side mark 12\Side_1205_2_five.mp4;C:\Users\esthe\Downloads\side mark 12\Side_1205_3_one.mp4;C:\Users\esthe\Downloads\side mark 12\Side_1205_4_one.mp4;C:\Users\esthe\Downloads\side mark 12\Side_1205_5_three.mp4;C:\Users\esthe\Downloads\side mark 12\Side_1205_6_seven.mp4;C:\Users\esthe\Downloads\side mark 12\Side_1205_7_three.mp4;C:\Users\esthe\Downloads\side mark 12\Side_1205_8_five.mp4;C:\Users\esthe\Downloads\side mark 12\Side_1205_9_one.mp4,0.0,17.430;10.494;25.661;9.834;13.997;12.965;11.330;28.530;22.796;20.531;19.331;15.664;15.431;43.998;11.534,240.000;120.000;30.000;30.000;30.000;30.000;30.000;30.000;30.000;30.000;30.000;240.000;30.000;30.000;30.000,Sidemark,assessing,,,STOP,181.228,C:\Users\esthe\Downloads\side mark 12\Side_1205_5_three.mp4,230,NA,
Side_1205,2025-06-06 16:08:33.219,,279.252,Media file(s),player #1:C:\Users\esthe\Downloads\side mark 12\Side_1205_10_onehalf.mp4;C:\Users\esthe\Downloads\side mark 12\Side_1205_12_three.mp4;C:\Users\esthe\Downloads\side mark 12\Side_1205_13_seven.mp4;C:\Users\esthe\Downloads\side mark 12\Side_1205_14_five.mp4;C:\Users\esthe\Downloads\side mark 12\Side_1205_15_three.mp4;C:\Users\esthe\Downloads\side mark 12\Side_1205_16_five.mp4;C:\Users\esthe\Downloads\side mark 12\Side_1205_1_control.mp4;C:\Users\esthe\Downloads\side mark 12\Side_1205_2_five.mp4;C:\Users\esthe\Downloads\side mark 12\Side_1205_3_one.mp4;C:\Users\esthe\Downloads\side mark 12\Side_1205_4_one.mp4;C:\Users\esthe\Downloads\side mark 12\Side_1205_5_three.mp4;C:\Users\esthe\Downloads\side mark 12\Side_1205_6_seven.mp4;C:\Users\esthe\Downloads\side mark 12\Side_1205_7_three.mp4;C:\Users\esthe\Downloads\side mark 12\Side_1205_8_five.mp4;C:\Users\esthe\Downloads\side mark 12\Side_1205_9_one.mp4,0.0,17.430;10.494;25.661;9.834;13.997;12.965;11.330;28.530;22.796;20.531;19.331;15.664;15.431;43.998;11.534,240.000;120.000;30.000;30.000;30.000;30.000;30.000;30.000;30.000;30.000;30.000;240.000;30.000;30.000;30.000,Sidemark,target,,,START,181.628,C:\Users\esthe\Downloads\side mark 12\Side_1205_5_three.mp4,242,NA,
Side_1205,2025-06-06 16:08:33.219,,279.252,Media file(s),player #1:C:\Users\esthe\Downloads\side mark 12\Side_1205_10_onehalf.mp4;C:\Users\esthe\Downloads\side mark 12\Side_1205_12_three.mp4;C:\Users\esthe\Downloads\side mark 12\Side_1205_13_seven.mp4;C:\Users\esthe\Downloads\side mark 12\Side_1205_14_five.mp4;C:\Users\esthe\Downloads\side mark 12\Side_1205_15_three.mp4;C:\Users\esthe\Downloads\side mark 12\Side_1205_16_five.mp4;C:\Users\esthe\Downloads\side mark 12\Side_1205_1_control.mp4;C:\Users\esthe\Downloads\side mark 12\Side_1205_2_five.mp4;C:\Users\esthe\Downloads\side mark 12\Side_1205_3_one.mp4;C:\Users\esthe\Downloads\side mark 12\Side_1205_4_one.mp4;C:\Users\esthe\Downloads\side mark 12\Side_1205_5_three.mp4;C:\Users\esthe\Downloads\side mark 12\Side_1205_6_seven.mp4;C:\Users\esthe\Downloads\side mark 12\Side_1205_7_three.mp4;C:\Users\esthe\Downloads\side mark 12\Side_1205_8_five.mp4;C:\Users\esthe\Downloads\side mark 12\Side_1205_9_one.mp4,0.0,17.430;10.494;25.661;9.834;13.997;12.965;11.330;28.530;22.796;20.531;19.331;15.664;15.431;43.998;11.534,240.000;120.000;30.000;30.000;30.000;30.000;30.000;30.000;30.000;30.000;30.000;240.000;30.000;30.000;30.000,Sidemark,target,,,STOP,186.727,C:\Users\esthe\Downloads\side mark 12\Side_1205_5_three.mp4,394,NA,
Side_1205,2025-06-06 16:08:33.219,,279.252,Media file(s),player #1:C:\Users\esthe\Downloads\side mark 12\Side_1205_10_onehalf.mp4;C:\Users\esthe\Downloads\side mark 12\Side_1205_12_three.mp4;C:\Users\esthe\Downloads\side mark 12\Side_1205_13_seven.mp4;C:\Users\esthe\Downloads\side mark 12\Side_1205_14_five.mp4;C:\Users\esthe\Downloads\side mark 12\Side_1205_15_three.mp4;C:\Users\esthe\Downloads\side mark 12\Side_1205_16_five.mp4;C:\Users\esthe\Downloads\side mark 12\Side_1205_1_control.mp4;C:\Users\esthe\Downloads\side mark 12\Side_1205_2_five.mp4;C:\Users\esthe\Downloads\side mark 12\Side_1205_3_one.mp4;C:\Users\esthe\Downloads\side mark 12\Side_1205_4_one.mp4;C:\Users\esthe\Downloads\side mark 12\Side_1205_5_three.mp4;C:\Users\esthe\Downloads\side mark 12\Side_1205_6_seven.mp4;C:\Users\esthe\Downloads\side mark 12\Side_1205_7_three.mp4;C:\Users\esthe\Downloads\side mark 12\Side_1205_8_five.mp4;C:\Users\esthe\Downloads\side mark 12\Side_1205_9_one.mp4,0.0,17.430;10.494;25.661;9.834;13.997;12.965;11.330;28.530;22.796;20.531;19.331;15.664;15.431;43.998;11.534,240.000;120.000;30.000;30.000;30.000;30.000;30.000;30.000;30.000;30.000;30.000;240.000;30.000;30.000;30.000,Sidemark,digging,,,START,186.893,C:\Users\esthe\Downloads\side mark 12\Side_1205_5_three.mp4,399,NA,
Side_1205,2025-06-06 16:08:33.219,,279.252,Media file(s),player #1:C:\Users\esthe\Downloads\side mark 12\Side_1205_10_onehalf.mp4;C:\Users\esthe\Downloads\side mark 12\Side_1205_12_three.mp4;C:\Users\esthe\Downloads\side mark 12\Side_1205_13_seven.mp4;C:\Users\esthe\Downloads\side mark 12\Side_1205_14_five.mp4;C:\Users\esthe\Downloads\side mark 12\Side_1205_15_three.mp4;C:\Users\esthe\Downloads\side mark 12\Side_1205_16_five.mp4;C:\Users\esthe\Downloads\side mark 12\Side_1205_1_control.mp4;C:\Users\esthe\Downloads\side mark 12\Side_1205_2_five.mp4;C:\Users\esthe\Downloads\side mark 12\Side_1205_3_one.mp4;C:\Users\esthe\Downloads\side mark 12\Side_1205_4_one.mp4;C:\Users\esthe\Downloads\side mark 12\Side_1205_5_three.mp4;C:\Users\esthe\Downloads\side mark 12\Side_1205_6_seven.mp4;C:\Users\esthe\Downloads\side mark 12\Side_1205_7_three.mp4;C:\Users\esthe\Downloads\side mark 12\Side_1205_8_five.mp4;C:\Users\esthe\Downloads\side mark 12\Side_1205_9_one.mp4,0.0,17.430;10.494;25.661;9.834;13.997;12.965;11.330;28.530;22.796;20.531;19.331;15.664;15.431;43.998;11.534,240.000;120.000;30.000;30.000;30.000;30.000;30.000;30.000;30.000;30.000;30.000;240.000;30.000;30.000;30.000,Sidemark,digging,,,STOP,187.527,C:\Users\esthe\Downloads\side mark 12\Side_1205_5_three.mp4,418,NA,
Side_1205,2025-06-06 16:08:33.219,,279.252,Media file(s),player #1:C:\Users\esthe\Downloads\side mark 12\Side_1205_10_onehalf.mp4;C:\Users\esthe\Downloads\side mark 12\Side_1205_12_three.mp4;C:\Users\esthe\Downloads\side mark 12\Side_1205_13_seven.mp4;C:\Users\esthe\Downloads\side mark 12\Side_1205_14_five.mp4;C:\Users\esthe\Downloads\side mark 12\Side_1205_15_three.mp4;C:\Users\esthe\Downloads\side mark 12\Side_1205_16_five.mp4;C:\Users\esthe\Downloads\side mark 12\Side_1205_1_control.mp4;C:\Users\esthe\Downloads\side mark 12\Side_1205_2_five.mp4;C:\Users\esthe\Downloads\side mark 12\Side_1205_3_one.mp4;C:\Users\esthe\Downloads\side mark 12\Side_1205_4_one.mp4;C:\Users\esthe\Downloads\side mark 12\Side_1205_5_three.mp4;C:\Users\esthe\Downloads\side mark 12\Side_1205_6_seven.mp4;C:\Users\esthe\Downloads\side mark 12\Side_1205_7_three.mp4;C:\Users\esthe\Downloads\side mark 12\Side_1205_8_five.mp4;C:\Users\esthe\Downloads\side mark 12\Side_1205_9_one.mp4,0.0,17.430;10.494;25.661;9.834;13.997;12.965;11.330;28.530;22.796;20.531;19.331;15.664;15.431;43.998;11.534,240.000;120.000;30.000;30.000;30.000;30.000;30.000;30.000;30.000;30.000;30.000;240.000;30.000;30.000;30.000,Sidemark,target,,,START,187.760,C:\Users\esthe\Downloads\side mark 12\Side_1205_5_three.mp4,425,NA,
Side_1205,2025-06-06 16:08:33.219,,279.252,Media file(s),player #1:C:\Users\esthe\Downloads\side mark 12\Side_1205_10_onehalf.mp4;C:\Users\esthe\Downloads\side mark 12\Side_1205_12_three.mp4;C:\Users\esthe\Downloads\side mark 12\Side_1205_13_seven.mp4;C:\Users\esthe\Downloads\side mark 12\Side_1205_14_five.mp4;C:\Users\esthe\Downloads\side mark 12\Side_1205_15_three.mp4;C:\Users\esthe\Downloads\side mark 12\Side_1205_16_five.mp4;C:\Users\esthe\Downloads\side mark 12\Side_1205_1_control.mp4;C:\Users\esthe\Downloads\side mark 12\Side_1205_2_five.mp4;C:\Users\esthe\Downloads\side mark 12\Side_1205_3_one.mp4;C:\Users\esthe\Downloads\side mark 12\Side_1205_4_one.mp4;C:\Users\esthe\Downloads\side mark 12\Side_1205_5_three.mp4;C:\Users\esthe\Downloads\side mark 12\Side_1205_6_seven.mp4;C:\Users\esthe\Downloads\side mark 12\Side_1205_7_three.mp4;C:\Users\esthe\Downloads\side mark 12\Side_1205_8_five.mp4;C:\Users\esthe\Downloads\side mark 12\Side_1205_9_one.mp4,0.0,17.430;10.494;25.661;9.834;13.997;12.965;11.330;28.530;22.796;20.531;19.331;15.664;15.431;43.998;11.534,240.000;120.000;30.000;30.000;30.000;30.000;30.000;30.000;30.000;30.000;30.000;240.000;30.000;30.000;30.000,Sidemark,target,,,STOP,191.893,C:\Users\esthe\Downloads\side mark 12\Side_1205_5_three.mp4,549,NA,
Side_1205,2025-06-06 16:08:33.219,,279.252,Media file(s),player #1:C:\Users\esthe\Downloads\side mark 12\Side_1205_10_onehalf.mp4;C:\Users\esthe\Downloads\side mark 12\Side_1205_12_three.mp4;C:\Users\esthe\Downloads\side mark 12\Side_1205_13_seven.mp4;C:\Users\esthe\Downloads\side mark 12\Side_1205_14_five.mp4;C:\Users\esthe\Downloads\side mark 12\Side_1205_15_three.mp4;C:\Users\esthe\Downloads\side mark 12\Side_1205_16_five.mp4;C:\Users\esthe\Downloads\side mark 12\Side_1205_1_control.mp4;C:\Users\esthe\Downloads\side mark 12\Side_1205_2_five.mp4;C:\Users\esthe\Downloads\side mark 12\Side_1205_3_one.mp4;C:\Users\esthe\Downloads\side mark 12\Side_1205_4_one.mp4;C:\Users\esthe\Downloads\side mark 12\Side_1205_5_three.mp4;C:\Users\esthe\Downloads\side mark 12\Side_1205_6_seven.mp4;C:\Users\esthe\Downloads\side mark 12\Side_1205_7_three.mp4;C:\Users\esthe\Downloads\side mark 12\Side_1205_8_five.mp4;C:\Users\esthe\Downloads\side mark 12\Side_1205_9_one.mp4,0.0,17.430;10.494;25.661;9.834;13.997;12.965;11.330;28.530;22.796;20.531;19.331;15.664;15.431;43.998;11.534,240.000;120.000;30.000;30.000;30.000;30.000;30.000;30.000;30.000;30.000;30.000;240.000;30.000;30.000;30.000,Sidemark,digging,,,START,191.926,C:\Users\esthe\Downloads\side mark 12\Side_1205_5_three.mp4,550,NA,
Side_1205,2025-06-06 16:08:33.219,,279.252,Media file(s),player #1:C:\Users\esthe\Downloads\side mark 12\Side_1205_10_onehalf.mp4;C:\Users\esthe\Downloads\side mark 12\Side_1205_12_three.mp4;C:\Users\esthe\Downloads\side mark 12\Side_1205_13_seven.mp4;C:\Users\esthe\Downloads\side mark 12\Side_1205_14_five.mp4;C:\Users\esthe\Downloads\side mark 12\Side_1205_15_three.mp4;C:\Users\esthe\Downloads\side mark 12\Side_1205_16_five.mp4;C:\Users\esthe\Downloads\side mark 12\Side_1205_1_control.mp4;C:\Users\esthe\Downloads\side mark 12\Side_1205_2_five.mp4;C:\Users\esthe\Downloads\side mark 12\Side_1205_3_one.mp4;C:\Users\esthe\Downloads\side mark 12\Side_1205_4_one.mp4;C:\Users\esthe\Downloads\side mark 12\Side_1205_5_three.mp4;C:\Users\esthe\Downloads\side mark 12\Side_1205_6_seven.mp4;C:\Users\esthe\Downloads\side mark 12\Side_1205_7_three.mp4;C:\Users\esthe\Downloads\side mark 12\Side_1205_8_five.mp4;C:\Users\esthe\Downloads\side mark 12\Side_1205_9_one.mp4,0.0,17.430;10.494;25.661;9.834;13.997;12.965;11.330;28.530;22.796;20.531;19.331;15.664;15.431;43.998;11.534,240.000;120.000;30.000;30.000;30.000;30.000;30.000;30.000;30.000;30.000;30.000;240.000;30.000;30.000;30.000,Sidemark,digging,,,STOP,192.826,C:\Users\esthe\Downloads\side mark 12\Side_1205_5_three.mp4,577,NA,
Side_1205,2025-06-06 16:08:33.219,,279.252,Media file(s),player #1:C:\Users\esthe\Downloads\side mark 12\Side_1205_10_onehalf.mp4;C:\Users\esthe\Downloads\side mark 12\Side_1205_12_three.mp4;C:\Users\esthe\Downloads\side mark 12\Side_1205_13_seven.mp4;C:\Users\esthe\Downloads\side mark 12\Side_1205_14_five.mp4;C:\Users\esthe\Downloads\side mark 12\Side_1205_15_three.mp4;C:\Users\esthe\Downloads\side mark 12\Side_1205_16_five.mp4;C:\Users\esthe\Downloads\side mark 12\Side_1205_1_control.mp4;C:\Users\esthe\Downloads\side mark 12\Side_1205_2_five.mp4;C:\Users\esthe\Downloads\side mark 12\Side_1205_3_one.mp4;C:\Users\esthe\Downloads\side mark 12\Side_1205_4_one.mp4;C:\Users\esthe\Downloads\side mark 12\Side_1205_5_three.mp4;C:\Users\esthe\Downloads\side mark 12\Side_1205_6_seven.mp4;C:\Users\esthe\Downloads\side mark 12\Side_1205_7_three.mp4;C:\Users\esthe\Downloads\side mark 12\Side_1205_8_five.mp4;C:\Users\esthe\Downloads\side mark 12\Side_1205_9_one.mp4,0.0,17.430;10.494;25.661;9.834;13.997;12.965;11.330;28.530;22.796;20.531;19.331;15.664;15.431;43.998;11.534,240.000;120.000;30.000;30.000;30.000;30.000;30.000;30.000;30.000;30.000;30.000;240.000;30.000;30.000;30.000,Sidemark,grabbing peanut,,,POINT,192.892,C:\Users\esthe\Downloads\side mark 12\Side_1205_5_three.mp4,0,NA,
Side_1205,2025-06-06 16:08:33.219,,279.252,Media file(s),player #1:C:\Users\esthe\Downloads\side mark 12\Side_1205_10_onehalf.mp4;C:\Users\esthe\Downloads\side mark 12\Side_1205_12_three.mp4;C:\Users\esthe\Downloads\side mark 12\Side_1205_13_seven.mp4;C:\Users\esthe\Downloads\side mark 12\Side_1205_14_five.mp4;C:\Users\esthe\Downloads\side mark 12\Side_1205_15_three.mp4;C:\Users\esthe\Downloads\side mark 12\Side_1205_16_five.mp4;C:\Users\esthe\Downloads\side mark 12\Side_1205_1_control.mp4;C:\Users\esthe\Downloads\side mark 12\Side_1205_2_five.mp4;C:\Users\esthe\Downloads\side mark 12\Side_1205_3_one.mp4;C:\Users\esthe\Downloads\side mark 12\Side_1205_4_one.mp4;C:\Users\esthe\Downloads\side mark 12\Side_1205_5_three.mp4;C:\Users\esthe\Downloads\side mark 12\Side_1205_6_seven.mp4;C:\Users\esthe\Downloads\side mark 12\Side_1205_7_three.mp4;C:\Users\esthe\Downloads\side mark 12\Side_1205_8_five.mp4;C:\Users\esthe\Downloads\side mark 12\Side_1205_9_one.mp4,0.0,17.430;10.494;25.661;9.834;13.997;12.965;11.330;28.530;22.796;20.531;19.331;15.664;15.431;43.998;11.534,240.000;120.000;30.000;30.000;30.000;30.000;30.000;30.000;30.000;30.000;30.000;240.000;30.000;30.000;30.000,Sidemark,lifting,,,START,192.925,C:\Users\esthe\Downloads\side mark 12\Side_1205_6_seven.mp4,1,NA,
Side_1205,2025-06-06 16:08:33.219,,279.252,Media file(s),player #1:C:\Users\esthe\Downloads\side mark 12\Side_1205_10_onehalf.mp4;C:\Users\esthe\Downloads\side mark 12\Side_1205_12_three.mp4;C:\Users\esthe\Downloads\side mark 12\Side_1205_13_seven.mp4;C:\Users\esthe\Downloads\side mark 12\Side_1205_14_five.mp4;C:\Users\esthe\Downloads\side mark 12\Side_1205_15_three.mp4;C:\Users\esthe\Downloads\side mark 12\Side_1205_16_five.mp4;C:\Users\esthe\Downloads\side mark 12\Side_1205_1_control.mp4;C:\Users\esthe\Downloads\side mark 12\Side_1205_2_five.mp4;C:\Users\esthe\Downloads\side mark 12\Side_1205_3_one.mp4;C:\Users\esthe\Downloads\side mark 12\Side_1205_4_one.mp4;C:\Users\esthe\Downloads\side mark 12\Side_1205_5_three.mp4;C:\Users\esthe\Downloads\side mark 12\Side_1205_6_seven.mp4;C:\Users\esthe\Downloads\side mark 12\Side_1205_7_three.mp4;C:\Users\esthe\Downloads\side mark 12\Side_1205_8_five.mp4;C:\Users\esthe\Downloads\side mark 12\Side_1205_9_one.mp4,0.0,17.430;10.494;25.661;9.834;13.997;12.965;11.330;28.530;22.796;20.531;19.331;15.664;15.431;43.998;11.534,240.000;120.000;30.000;30.000;30.000;30.000;30.000;30.000;30.000;30.000;30.000;240.000;30.000;30.000;30.000,Sidemark,lifting,,,STOP,193.292,C:\Users\esthe\Downloads\side mark 12\Side_1205_6_seven.mp4,12,NA,
Side_1205,2025-06-06 16:08:33.219,,279.252,Media file(s),player #1:C:\Users\esthe\Downloads\side mark 12\Side_1205_10_onehalf.mp4;C:\Users\esthe\Downloads\side mark 12\Side_1205_12_three.mp4;C:\Users\esthe\Downloads\side mark 12\Side_1205_13_seven.mp4;C:\Users\esthe\Downloads\side mark 12\Side_1205_14_five.mp4;C:\Users\esthe\Downloads\side mark 12\Side_1205_15_three.mp4;C:\Users\esthe\Downloads\side mark 12\Side_1205_16_five.mp4;C:\Users\esthe\Downloads\side mark 12\Side_1205_1_control.mp4;C:\Users\esthe\Downloads\side mark 12\Side_1205_2_five.mp4;C:\Users\esthe\Downloads\side mark 12\Side_1205_3_one.mp4;C:\Users\esthe\Downloads\side mark 12\Side_1205_4_one.mp4;C:\Users\esthe\Downloads\side mark 12\Side_1205_5_three.mp4;C:\Users\esthe\Downloads\side mark 12\Side_1205_6_seven.mp4;C:\Users\esthe\Downloads\side mark 12\Side_1205_7_three.mp4;C:\Users\esthe\Downloads\side mark 12\Side_1205_8_five.mp4;C:\Users\esthe\Downloads\side mark 12\Side_1205_9_one.mp4,0.0,17.430;10.494;25.661;9.834;13.997;12.965;11.330;28.530;22.796;20.531;19.331;15.664;15.431;43.998;11.534,240.000;120.000;30.000;30.000;30.000;30.000;30.000;30.000;30.000;30.000;30.000;240.000;30.000;30.000;30.000,Sidemark,target,,,START,195.221,C:\Users\esthe\Downloads\side mark 12\Side_1205_6_seven.mp4,70,NA,
Side_1205,2025-06-06 16:08:33.219,,279.252,Media file(s),player #1:C:\Users\esthe\Downloads\side mark 12\Side_1205_10_onehalf.mp4;C:\Users\esthe\Downloads\side mark 12\Side_1205_12_three.mp4;C:\Users\esthe\Downloads\side mark 12\Side_1205_13_seven.mp4;C:\Users\esthe\Downloads\side mark 12\Side_1205_14_five.mp4;C:\Users\esthe\Downloads\side mark 12\Side_1205_15_three.mp4;C:\Users\esthe\Downloads\side mark 12\Side_1205_16_five.mp4;C:\Users\esthe\Downloads\side mark 12\Side_1205_1_control.mp4;C:\Users\esthe\Downloads\side mark 12\Side_1205_2_five.mp4;C:\Users\esthe\Downloads\side mark 12\Side_1205_3_one.mp4;C:\Users\esthe\Downloads\side mark 12\Side_1205_4_one.mp4;C:\Users\esthe\Downloads\side mark 12\Side_1205_5_three.mp4;C:\Users\esthe\Downloads\side mark 12\Side_1205_6_seven.mp4;C:\Users\esthe\Downloads\side mark 12\Side_1205_7_three.mp4;C:\Users\esthe\Downloads\side mark 12\Side_1205_8_five.mp4;C:\Users\esthe\Downloads\side mark 12\Side_1205_9_one.mp4,0.0,17.430;10.494;25.661;9.834;13.997;12.965;11.330;28.530;22.796;20.531;19.331;15.664;15.431;43.998;11.534,240.000;120.000;30.000;30.000;30.000;30.000;30.000;30.000;30.000;30.000;30.000;240.000;30.000;30.000;30.000,Sidemark,target,,,STOP,199.889,C:\Users\esthe\Downloads\side mark 12\Side_1205_6_seven.mp4,210,NA,
Side_1205,2025-06-06 16:08:33.219,,279.252,Media file(s),player #1:C:\Users\esthe\Downloads\side mark 12\Side_1205_10_onehalf.mp4;C:\Users\esthe\Downloads\side mark 12\Side_1205_12_three.mp4;C:\Users\esthe\Downloads\side mark 12\Side_1205_13_seven.mp4;C:\Users\esthe\Downloads\side mark 12\Side_1205_14_five.mp4;C:\Users\esthe\Downloads\side mark 12\Side_1205_15_three.mp4;C:\Users\esthe\Downloads\side mark 12\Side_1205_16_five.mp4;C:\Users\esthe\Downloads\side mark 12\Side_1205_1_control.mp4;C:\Users\esthe\Downloads\side mark 12\Side_1205_2_five.mp4;C:\Users\esthe\Downloads\side mark 12\Side_1205_3_one.mp4;C:\Users\esthe\Downloads\side mark 12\Side_1205_4_one.mp4;C:\Users\esthe\Downloads\side mark 12\Side_1205_5_three.mp4;C:\Users\esthe\Downloads\side mark 12\Side_1205_6_seven.mp4;C:\Users\esthe\Downloads\side mark 12\Side_1205_7_three.mp4;C:\Users\esthe\Downloads\side mark 12\Side_1205_8_five.mp4;C:\Users\esthe\Downloads\side mark 12\Side_1205_9_one.mp4,0.0,17.430;10.494;25.661;9.834;13.997;12.965;11.330;28.530;22.796;20.531;19.331;15.664;15.431;43.998;11.534,240.000;120.000;30.000;30.000;30.000;30.000;30.000;30.000;30.000;30.000;30.000;240.000;30.000;30.000;30.000,Sidemark,digging,,,START,199.922,C:\Users\esthe\Downloads\side mark 12\Side_1205_6_seven.mp4,212,NA,
Side_1205,2025-06-06 16:08:33.219,,279.252,Media file(s),player #1:C:\Users\esthe\Downloads\side mark 12\Side_1205_10_onehalf.mp4;C:\Users\esthe\Downloads\side mark 12\Side_1205_12_three.mp4;C:\Users\esthe\Downloads\side mark 12\Side_1205_13_seven.mp4;C:\Users\esthe\Downloads\side mark 12\Side_1205_14_five.mp4;C:\Users\esthe\Downloads\side mark 12\Side_1205_15_three.mp4;C:\Users\esthe\Downloads\side mark 12\Side_1205_16_five.mp4;C:\Users\esthe\Downloads\side mark 12\Side_1205_1_control.mp4;C:\Users\esthe\Downloads\side mark 12\Side_1205_2_five.mp4;C:\Users\esthe\Downloads\side mark 12\Side_1205_3_one.mp4;C:\Users\esthe\Downloads\side mark 12\Side_1205_4_one.mp4;C:\Users\esthe\Downloads\side mark 12\Side_1205_5_three.mp4;C:\Users\esthe\Downloads\side mark 12\Side_1205_6_seven.mp4;C:\Users\esthe\Downloads\side mark 12\Side_1205_7_three.mp4;C:\Users\esthe\Downloads\side mark 12\Side_1205_8_five.mp4;C:\Users\esthe\Downloads\side mark 12\Side_1205_9_one.mp4,0.0,17.430;10.494;25.661;9.834;13.997;12.965;11.330;28.530;22.796;20.531;19.331;15.664;15.431;43.998;11.534,240.000;120.000;30.000;30.000;30.000;30.000;30.000;30.000;30.000;30.000;30.000;240.000;30.000;30.000;30.000,Sidemark,digging,,,STOP,201.656,C:\Users\esthe\Downloads\side mark 12\Side_1205_6_seven.mp4,263,NA,
Side_1205,2025-06-06 16:08:33.219,,279.252,Media file(s),player #1:C:\Users\esthe\Downloads\side mark 12\Side_1205_10_onehalf.mp4;C:\Users\esthe\Downloads\side mark 12\Side_1205_12_three.mp4;C:\Users\esthe\Downloads\side mark 12\Side_1205_13_seven.mp4;C:\Users\esthe\Downloads\side mark 12\Side_1205_14_five.mp4;C:\Users\esthe\Downloads\side mark 12\Side_1205_15_three.mp4;C:\Users\esthe\Downloads\side mark 12\Side_1205_16_five.mp4;C:\Users\esthe\Downloads\side mark 12\Side_1205_1_control.mp4;C:\Users\esthe\Downloads\side mark 12\Side_1205_2_five.mp4;C:\Users\esthe\Downloads\side mark 12\Side_1205_3_one.mp4;C:\Users\esthe\Downloads\side mark 12\Side_1205_4_one.mp4;C:\Users\esthe\Downloads\side mark 12\Side_1205_5_three.mp4;C:\Users\esthe\Downloads\side mark 12\Side_1205_6_seven.mp4;C:\Users\esthe\Downloads\side mark 12\Side_1205_7_three.mp4;C:\Users\esthe\Downloads\side mark 12\Side_1205_8_five.mp4;C:\Users\esthe\Downloads\side mark 12\Side_1205_9_one.mp4,0.0,17.430;10.494;25.661;9.834;13.997;12.965;11.330;28.530;22.796;20.531;19.331;15.664;15.431;43.998;11.534,240.000;120.000;30.000;30.000;30.000;30.000;30.000;30.000;30.000;30.000;30.000;240.000;30.000;30.000;30.000,Sidemark,target,,,START,201.822,C:\Users\esthe\Downloads\side mark 12\Side_1205_6_seven.mp4,268,NA,
Side_1205,2025-06-06 16:08:33.219,,279.252,Media file(s),player #1:C:\Users\esthe\Downloads\side mark 12\Side_1205_10_onehalf.mp4;C:\Users\esthe\Downloads\side mark 12\Side_1205_12_three.mp4;C:\Users\esthe\Downloads\side mark 12\Side_1205_13_seven.mp4;C:\Users\esthe\Downloads\side mark 12\Side_1205_14_five.mp4;C:\Users\esthe\Downloads\side mark 12\Side_1205_15_three.mp4;C:\Users\esthe\Downloads\side mark 12\Side_1205_16_five.mp4;C:\Users\esthe\Downloads\side mark 12\Side_1205_1_control.mp4;C:\Users\esthe\Downloads\side mark 12\Side_1205_2_five.mp4;C:\Users\esthe\Downloads\side mark 12\Side_1205_3_one.mp4;C:\Users\esthe\Downloads\side mark 12\Side_1205_4_one.mp4;C:\Users\esthe\Downloads\side mark 12\Side_1205_5_three.mp4;C:\Users\esthe\Downloads\side mark 12\Side_1205_6_seven.mp4;C:\Users\esthe\Downloads\side mark 12\Side_1205_7_three.mp4;C:\Users\esthe\Downloads\side mark 12\Side_1205_8_five.mp4;C:\Users\esthe\Downloads\side mark 12\Side_1205_9_one.mp4,0.0,17.430;10.494;25.661;9.834;13.997;12.965;11.330;28.530;22.796;20.531;19.331;15.664;15.431;43.998;11.534,240.000;120.000;30.000;30.000;30.000;30.000;30.000;30.000;30.000;30.000;30.000;240.000;30.000;30.000;30.000,Sidemark,target,,,STOP,208.490,C:\Users\esthe\Downloads\side mark 12\Side_1205_6_seven.mp4,468,NA,
Side_1205,2025-06-06 16:08:33.219,,279.252,Media file(s),player #1:C:\Users\esthe\Downloads\side mark 12\Side_1205_10_onehalf.mp4;C:\Users\esthe\Downloads\side mark 12\Side_1205_12_three.mp4;C:\Users\esthe\Downloads\side mark 12\Side_1205_13_seven.mp4;C:\Users\esthe\Downloads\side mark 12\Side_1205_14_five.mp4;C:\Users\esthe\Downloads\side mark 12\Side_1205_15_three.mp4;C:\Users\esthe\Downloads\side mark 12\Side_1205_16_five.mp4;C:\Users\esthe\Downloads\side mark 12\Side_1205_1_control.mp4;C:\Users\esthe\Downloads\side mark 12\Side_1205_2_five.mp4;C:\Users\esthe\Downloads\side mark 12\Side_1205_3_one.mp4;C:\Users\esthe\Downloads\side mark 12\Side_1205_4_one.mp4;C:\Users\esthe\Downloads\side mark 12\Side_1205_5_three.mp4;C:\Users\esthe\Downloads\side mark 12\Side_1205_6_seven.mp4;C:\Users\esthe\Downloads\side mark 12\Side_1205_7_three.mp4;C:\Users\esthe\Downloads\side mark 12\Side_1205_8_five.mp4;C:\Users\esthe\Downloads\side mark 12\Side_1205_9_one.mp4,0.0,17.430;10.494;25.661;9.834;13.997;12.965;11.330;28.530;22.796;20.531;19.331;15.664;15.431;43.998;11.534,240.000;120.000;30.000;30.000;30.000;30.000;30.000;30.000;30.000;30.000;30.000;240.000;30.000;30.000;30.000,Sidemark,bending,,,START,209.289,C:\Users\esthe\Downloads\side mark 12\Side_1205_7_three.mp4,22,NA,
Side_1205,2025-06-06 16:08:33.219,,279.252,Media file(s),player #1:C:\Users\esthe\Downloads\side mark 12\Side_1205_10_onehalf.mp4;C:\Users\esthe\Downloads\side mark 12\Side_1205_12_three.mp4;C:\Users\esthe\Downloads\side mark 12\Side_1205_13_seven.mp4;C:\Users\esthe\Downloads\side mark 12\Side_1205_14_five.mp4;C:\Users\esthe\Downloads\side mark 12\Side_1205_15_three.mp4;C:\Users\esthe\Downloads\side mark 12\Side_1205_16_five.mp4;C:\Users\esthe\Downloads\side mark 12\Side_1205_1_control.mp4;C:\Users\esthe\Downloads\side mark 12\Side_1205_2_five.mp4;C:\Users\esthe\Downloads\side mark 12\Side_1205_3_one.mp4;C:\Users\esthe\Downloads\side mark 12\Side_1205_4_one.mp4;C:\Users\esthe\Downloads\side mark 12\Side_1205_5_three.mp4;C:\Users\esthe\Downloads\side mark 12\Side_1205_6_seven.mp4;C:\Users\esthe\Downloads\side mark 12\Side_1205_7_three.mp4;C:\Users\esthe\Downloads\side mark 12\Side_1205_8_five.mp4;C:\Users\esthe\Downloads\side mark 12\Side_1205_9_one.mp4,0.0,17.430;10.494;25.661;9.834;13.997;12.965;11.330;28.530;22.796;20.531;19.331;15.664;15.431;43.998;11.534,240.000;120.000;30.000;30.000;30.000;30.000;30.000;30.000;30.000;30.000;30.000;240.000;30.000;30.000;30.000,Sidemark,grabbing peanut,,,POINT,209.622,C:\Users\esthe\Downloads\side mark 12\Side_1205_7_three.mp4,32,NA,
Side_1205,2025-06-06 16:08:33.219,,279.252,Media file(s),player #1:C:\Users\esthe\Downloads\side mark 12\Side_1205_10_onehalf.mp4;C:\Users\esthe\Downloads\side mark 12\Side_1205_12_three.mp4;C:\Users\esthe\Downloads\side mark 12\Side_1205_13_seven.mp4;C:\Users\esthe\Downloads\side mark 12\Side_1205_14_five.mp4;C:\Users\esthe\Downloads\side mark 12\Side_1205_15_three.mp4;C:\Users\esthe\Downloads\side mark 12\Side_1205_16_five.mp4;C:\Users\esthe\Downloads\side mark 12\Side_1205_1_control.mp4;C:\Users\esthe\Downloads\side mark 12\Side_1205_2_five.mp4;C:\Users\esthe\Downloads\side mark 12\Side_1205_3_one.mp4;C:\Users\esthe\Downloads\side mark 12\Side_1205_4_one.mp4;C:\Users\esthe\Downloads\side mark 12\Side_1205_5_three.mp4;C:\Users\esthe\Downloads\side mark 12\Side_1205_6_seven.mp4;C:\Users\esthe\Downloads\side mark 12\Side_1205_7_three.mp4;C:\Users\esthe\Downloads\side mark 12\Side_1205_8_five.mp4;C:\Users\esthe\Downloads\side mark 12\Side_1205_9_one.mp4,0.0,17.430;10.494;25.661;9.834;13.997;12.965;11.330;28.530;22.796;20.531;19.331;15.664;15.431;43.998;11.534,240.000;120.000;30.000;30.000;30.000;30.000;30.000;30.000;30.000;30.000;30.000;240.000;30.000;30.000;30.000,Sidemark,bending,,,STOP,209.652,C:\Users\esthe\Downloads\side mark 12\Side_1205_7_three.mp4,33,NA,
Side_1205,2025-06-06 16:08:33.219,,279.252,Media file(s),player #1:C:\Users\esthe\Downloads\side mark 12\Side_1205_10_onehalf.mp4;C:\Users\esthe\Downloads\side mark 12\Side_1205_12_three.mp4;C:\Users\esthe\Downloads\side mark 12\Side_1205_13_seven.mp4;C:\Users\esthe\Downloads\side mark 12\Side_1205_14_five.mp4;C:\Users\esthe\Downloads\side mark 12\Side_1205_15_three.mp4;C:\Users\esthe\Downloads\side mark 12\Side_1205_16_five.mp4;C:\Users\esthe\Downloads\side mark 12\Side_1205_1_control.mp4;C:\Users\esthe\Downloads\side mark 12\Side_1205_2_five.mp4;C:\Users\esthe\Downloads\side mark 12\Side_1205_3_one.mp4;C:\Users\esthe\Downloads\side mark 12\Side_1205_4_one.mp4;C:\Users\esthe\Downloads\side mark 12\Side_1205_5_three.mp4;C:\Users\esthe\Downloads\side mark 12\Side_1205_6_seven.mp4;C:\Users\esthe\Downloads\side mark 12\Side_1205_7_three.mp4;C:\Users\esthe\Downloads\side mark 12\Side_1205_8_five.mp4;C:\Users\esthe\Downloads\side mark 12\Side_1205_9_one.mp4,0.0,17.430;10.494;25.661;9.834;13.997;12.965;11.330;28.530;22.796;20.531;19.331;15.664;15.431;43.998;11.534,240.000;120.000;30.000;30.000;30.000;30.000;30.000;30.000;30.000;30.000;30.000;240.000;30.000;30.000;30.000,Sidemark,lifting,,,START,209.685,C:\Users\esthe\Downloads\side mark 12\Side_1205_7_three.mp4,34,NA,
Side_1205,2025-06-06 16:08:33.219,,279.252,Media file(s),player #1:C:\Users\esthe\Downloads\side mark 12\Side_1205_10_onehalf.mp4;C:\Users\esthe\Downloads\side mark 12\Side_1205_12_three.mp4;C:\Users\esthe\Downloads\side mark 12\Side_1205_13_seven.mp4;C:\Users\esthe\Downloads\side mark 12\Side_1205_14_five.mp4;C:\Users\esthe\Downloads\side mark 12\Side_1205_15_three.mp4;C:\Users\esthe\Downloads\side mark 12\Side_1205_16_five.mp4;C:\Users\esthe\Downloads\side mark 12\Side_1205_1_control.mp4;C:\Users\esthe\Downloads\side mark 12\Side_1205_2_five.mp4;C:\Users\esthe\Downloads\side mark 12\Side_1205_3_one.mp4;C:\Users\esthe\Downloads\side mark 12\Side_1205_4_one.mp4;C:\Users\esthe\Downloads\side mark 12\Side_1205_5_three.mp4;C:\Users\esthe\Downloads\side mark 12\Side_1205_6_seven.mp4;C:\Users\esthe\Downloads\side mark 12\Side_1205_7_three.mp4;C:\Users\esthe\Downloads\side mark 12\Side_1205_8_five.mp4;C:\Users\esthe\Downloads\side mark 12\Side_1205_9_one.mp4,0.0,17.430;10.494;25.661;9.834;13.997;12.965;11.330;28.530;22.796;20.531;19.331;15.664;15.431;43.998;11.534,240.000;120.000;30.000;30.000;30.000;30.000;30.000;30.000;30.000;30.000;30.000;240.000;30.000;30.000;30.000,Sidemark,lifting,,,STOP,209.719,C:\Users\esthe\Downloads\side mark 12\Side_1205_7_three.mp4,35,NA,
Side_1205,2025-06-06 16:08:33.219,,279.252,Media file(s),player #1:C:\Users\esthe\Downloads\side mark 12\Side_1205_10_onehalf.mp4;C:\Users\esthe\Downloads\side mark 12\Side_1205_12_three.mp4;C:\Users\esthe\Downloads\side mark 12\Side_1205_13_seven.mp4;C:\Users\esthe\Downloads\side mark 12\Side_1205_14_five.mp4;C:\Users\esthe\Downloads\side mark 12\Side_1205_15_three.mp4;C:\Users\esthe\Downloads\side mark 12\Side_1205_16_five.mp4;C:\Users\esthe\Downloads\side mark 12\Side_1205_1_control.mp4;C:\Users\esthe\Downloads\side mark 12\Side_1205_2_five.mp4;C:\Users\esthe\Downloads\side mark 12\Side_1205_3_one.mp4;C:\Users\esthe\Downloads\side mark 12\Side_1205_4_one.mp4;C:\Users\esthe\Downloads\side mark 12\Side_1205_5_three.mp4;C:\Users\esthe\Downloads\side mark 12\Side_1205_6_seven.mp4;C:\Users\esthe\Downloads\side mark 12\Side_1205_7_three.mp4;C:\Users\esthe\Downloads\side mark 12\Side_1205_8_five.mp4;C:\Users\esthe\Downloads\side mark 12\Side_1205_9_one.mp4,0.0,17.430;10.494;25.661;9.834;13.997;12.965;11.330;28.530;22.796;20.531;19.331;15.664;15.431;43.998;11.534,240.000;120.000;30.000;30.000;30.000;30.000;30.000;30.000;30.000;30.000;30.000;240.000;30.000;30.000;30.000,Sidemark,target,,,START,210.786,C:\Users\esthe\Downloads\side mark 12\Side_1205_7_three.mp4,67,NA,
Side_1205,2025-06-06 16:08:33.219,,279.252,Media file(s),player #1:C:\Users\esthe\Downloads\side mark 12\Side_1205_10_onehalf.mp4;C:\Users\esthe\Downloads\side mark 12\Side_1205_12_three.mp4;C:\Users\esthe\Downloads\side mark 12\Side_1205_13_seven.mp4;C:\Users\esthe\Downloads\side mark 12\Side_1205_14_five.mp4;C:\Users\esthe\Downloads\side mark 12\Side_1205_15_three.mp4;C:\Users\esthe\Downloads\side mark 12\Side_1205_16_five.mp4;C:\Users\esthe\Downloads\side mark 12\Side_1205_1_control.mp4;C:\Users\esthe\Downloads\side mark 12\Side_1205_2_five.mp4;C:\Users\esthe\Downloads\side mark 12\Side_1205_3_one.mp4;C:\Users\esthe\Downloads\side mark 12\Side_1205_4_one.mp4;C:\Users\esthe\Downloads\side mark 12\Side_1205_5_three.mp4;C:\Users\esthe\Downloads\side mark 12\Side_1205_6_seven.mp4;C:\Users\esthe\Downloads\side mark 12\Side_1205_7_three.mp4;C:\Users\esthe\Downloads\side mark 12\Side_1205_8_five.mp4;C:\Users\esthe\Downloads\side mark 12\Side_1205_9_one.mp4,0.0,17.430;10.494;25.661;9.834;13.997;12.965;11.330;28.530;22.796;20.531;19.331;15.664;15.431;43.998;11.534,240.000;120.000;30.000;30.000;30.000;30.000;30.000;30.000;30.000;30.000;30.000;240.000;30.000;30.000;30.000,Sidemark,target,,,STOP,219.653,C:\Users\esthe\Downloads\side mark 12\Side_1205_7_three.mp4,333,NA,
Side_1205,2025-06-06 16:08:33.219,,279.252,Media file(s),player #1:C:\Users\esthe\Downloads\side mark 12\Side_1205_10_onehalf.mp4;C:\Users\esthe\Downloads\side mark 12\Side_1205_12_three.mp4;C:\Users\esthe\Downloads\side mark 12\Side_1205_13_seven.mp4;C:\Users\esthe\Downloads\side mark 12\Side_1205_14_five.mp4;C:\Users\esthe\Downloads\side mark 12\Side_1205_15_three.mp4;C:\Users\esthe\Downloads\side mark 12\Side_1205_16_five.mp4;C:\Users\esthe\Downloads\side mark 12\Side_1205_1_control.mp4;C:\Users\esthe\Downloads\side mark 12\Side_1205_2_five.mp4;C:\Users\esthe\Downloads\side mark 12\Side_1205_3_one.mp4;C:\Users\esthe\Downloads\side mark 12\Side_1205_4_one.mp4;C:\Users\esthe\Downloads\side mark 12\Side_1205_5_three.mp4;C:\Users\esthe\Downloads\side mark 12\Side_1205_6_seven.mp4;C:\Users\esthe\Downloads\side mark 12\Side_1205_7_three.mp4;C:\Users\esthe\Downloads\side mark 12\Side_1205_8_five.mp4;C:\Users\esthe\Downloads\side mark 12\Side_1205_9_one.mp4,0.0,17.430;10.494;25.661;9.834;13.997;12.965;11.330;28.530;22.796;20.531;19.331;15.664;15.431;43.998;11.534,240.000;120.000;30.000;30.000;30.000;30.000;30.000;30.000;30.000;30.000;30.000;240.000;30.000;30.000;30.000,Sidemark,digging,,,START,219.953,C:\Users\esthe\Downloads\side mark 12\Side_1205_7_three.mp4,342,NA,
Side_1205,2025-06-06 16:08:33.219,,279.252,Media file(s),player #1:C:\Users\esthe\Downloads\side mark 12\Side_1205_10_onehalf.mp4;C:\Users\esthe\Downloads\side mark 12\Side_1205_12_three.mp4;C:\Users\esthe\Downloads\side mark 12\Side_1205_13_seven.mp4;C:\Users\esthe\Downloads\side mark 12\Side_1205_14_five.mp4;C:\Users\esthe\Downloads\side mark 12\Side_1205_15_three.mp4;C:\Users\esthe\Downloads\side mark 12\Side_1205_16_five.mp4;C:\Users\esthe\Downloads\side mark 12\Side_1205_1_control.mp4;C:\Users\esthe\Downloads\side mark 12\Side_1205_2_five.mp4;C:\Users\esthe\Downloads\side mark 12\Side_1205_3_one.mp4;C:\Users\esthe\Downloads\side mark 12\Side_1205_4_one.mp4;C:\Users\esthe\Downloads\side mark 12\Side_1205_5_three.mp4;C:\Users\esthe\Downloads\side mark 12\Side_1205_6_seven.mp4;C:\Users\esthe\Downloads\side mark 12\Side_1205_7_three.mp4;C:\Users\esthe\Downloads\side mark 12\Side_1205_8_five.mp4;C:\Users\esthe\Downloads\side mark 12\Side_1205_9_one.mp4,0.0,17.430;10.494;25.661;9.834;13.997;12.965;11.330;28.530;22.796;20.531;19.331;15.664;15.431;43.998;11.534,240.000;120.000;30.000;30.000;30.000;30.000;30.000;30.000;30.000;30.000;30.000;240.000;30.000;30.000;30.000,Sidemark,digging,,,STOP,222.420,C:\Users\esthe\Downloads\side mark 12\Side_1205_7_three.mp4,416,NA,
Side_1205,2025-06-06 16:08:33.219,,279.252,Media file(s),player #1:C:\Users\esthe\Downloads\side mark 12\Side_1205_10_onehalf.mp4;C:\Users\esthe\Downloads\side mark 12\Side_1205_12_three.mp4;C:\Users\esthe\Downloads\side mark 12\Side_1205_13_seven.mp4;C:\Users\esthe\Downloads\side mark 12\Side_1205_14_five.mp4;C:\Users\esthe\Downloads\side mark 12\Side_1205_15_three.mp4;C:\Users\esthe\Downloads\side mark 12\Side_1205_16_five.mp4;C:\Users\esthe\Downloads\side mark 12\Side_1205_1_control.mp4;C:\Users\esthe\Downloads\side mark 12\Side_1205_2_five.mp4;C:\Users\esthe\Downloads\side mark 12\Side_1205_3_one.mp4;C:\Users\esthe\Downloads\side mark 12\Side_1205_4_one.mp4;C:\Users\esthe\Downloads\side mark 12\Side_1205_5_three.mp4;C:\Users\esthe\Downloads\side mark 12\Side_1205_6_seven.mp4;C:\Users\esthe\Downloads\side mark 12\Side_1205_7_three.mp4;C:\Users\esthe\Downloads\side mark 12\Side_1205_8_five.mp4;C:\Users\esthe\Downloads\side mark 12\Side_1205_9_one.mp4,0.0,17.430;10.494;25.661;9.834;13.997;12.965;11.330;28.530;22.796;20.531;19.331;15.664;15.431;43.998;11.534,240.000;120.000;30.000;30.000;30.000;30.000;30.000;30.000;30.000;30.000;30.000;240.000;30.000;30.000;30.000,Sidemark,dropping peanut,,,POINT,222.720,C:\Users\esthe\Downloads\side mark 12\Side_1205_7_three.mp4,425,NA,
Side_1205,2025-06-06 16:08:33.219,,279.252,Media file(s),player #1:C:\Users\esthe\Downloads\side mark 12\Side_1205_10_onehalf.mp4;C:\Users\esthe\Downloads\side mark 12\Side_1205_12_three.mp4;C:\Users\esthe\Downloads\side mark 12\Side_1205_13_seven.mp4;C:\Users\esthe\Downloads\side mark 12\Side_1205_14_five.mp4;C:\Users\esthe\Downloads\side mark 12\Side_1205_15_three.mp4;C:\Users\esthe\Downloads\side mark 12\Side_1205_16_five.mp4;C:\Users\esthe\Downloads\side mark 12\Side_1205_1_control.mp4;C:\Users\esthe\Downloads\side mark 12\Side_1205_2_five.mp4;C:\Users\esthe\Downloads\side mark 12\Side_1205_3_one.mp4;C:\Users\esthe\Downloads\side mark 12\Side_1205_4_one.mp4;C:\Users\esthe\Downloads\side mark 12\Side_1205_5_three.mp4;C:\Users\esthe\Downloads\side mark 12\Side_1205_6_seven.mp4;C:\Users\esthe\Downloads\side mark 12\Side_1205_7_three.mp4;C:\Users\esthe\Downloads\side mark 12\Side_1205_8_five.mp4;C:\Users\esthe\Downloads\side mark 12\Side_1205_9_one.mp4,0.0,17.430;10.494;25.661;9.834;13.997;12.965;11.330;28.530;22.796;20.531;19.331;15.664;15.431;43.998;11.534,240.000;120.000;30.000;30.000;30.000;30.000;30.000;30.000;30.000;30.000;30.000;240.000;30.000;30.000;30.000,Sidemark,pushing,,,START,223.187,C:\Users\esthe\Downloads\side mark 12\Side_1205_7_three.mp4,439,NA,
Side_1205,2025-06-06 16:08:33.219,,279.252,Media file(s),player #1:C:\Users\esthe\Downloads\side mark 12\Side_1205_10_onehalf.mp4;C:\Users\esthe\Downloads\side mark 12\Side_1205_12_three.mp4;C:\Users\esthe\Downloads\side mark 12\Side_1205_13_seven.mp4;C:\Users\esthe\Downloads\side mark 12\Side_1205_14_five.mp4;C:\Users\esthe\Downloads\side mark 12\Side_1205_15_three.mp4;C:\Users\esthe\Downloads\side mark 12\Side_1205_16_five.mp4;C:\Users\esthe\Downloads\side mark 12\Side_1205_1_control.mp4;C:\Users\esthe\Downloads\side mark 12\Side_1205_2_five.mp4;C:\Users\esthe\Downloads\side mark 12\Side_1205_3_one.mp4;C:\Users\esthe\Downloads\side mark 12\Side_1205_4_one.mp4;C:\Users\esthe\Downloads\side mark 12\Side_1205_5_three.mp4;C:\Users\esthe\Downloads\side mark 12\Side_1205_6_seven.mp4;C:\Users\esthe\Downloads\side mark 12\Side_1205_7_three.mp4;C:\Users\esthe\Downloads\side mark 12\Side_1205_8_five.mp4;C:\Users\esthe\Downloads\side mark 12\Side_1205_9_one.mp4,0.0,17.430;10.494;25.661;9.834;13.997;12.965;11.330;28.530;22.796;20.531;19.331;15.664;15.431;43.998;11.534,240.000;120.000;30.000;30.000;30.000;30.000;30.000;30.000;30.000;30.000;30.000;240.000;30.000;30.000;30.000,Sidemark,pushing,,,STOP,223.943,C:\Users\esthe\Downloads\side mark 12\Side_1205_7_three.mp4,462,NA,
Side_1205,2025-06-06 16:08:33.219,,279.252,Media file(s),player #1:C:\Users\esthe\Downloads\side mark 12\Side_1205_10_onehalf.mp4;C:\Users\esthe\Downloads\side mark 12\Side_1205_12_three.mp4;C:\Users\esthe\Downloads\side mark 12\Side_1205_13_seven.mp4;C:\Users\esthe\Downloads\side mark 12\Side_1205_14_five.mp4;C:\Users\esthe\Downloads\side mark 12\Side_1205_15_three.mp4;C:\Users\esthe\Downloads\side mark 12\Side_1205_16_five.mp4;C:\Users\esthe\Downloads\side mark 12\Side_1205_1_control.mp4;C:\Users\esthe\Downloads\side mark 12\Side_1205_2_five.mp4;C:\Users\esthe\Downloads\side mark 12\Side_1205_3_one.mp4;C:\Users\esthe\Downloads\side mark 12\Side_1205_4_one.mp4;C:\Users\esthe\Downloads\side mark 12\Side_1205_5_three.mp4;C:\Users\esthe\Downloads\side mark 12\Side_1205_6_seven.mp4;C:\Users\esthe\Downloads\side mark 12\Side_1205_7_three.mp4;C:\Users\esthe\Downloads\side mark 12\Side_1205_8_five.mp4;C:\Users\esthe\Downloads\side mark 12\Side_1205_9_one.mp4,0.0,17.430;10.494;25.661;9.834;13.997;12.965;11.330;28.530;22.796;20.531;19.331;15.664;15.431;43.998;11.534,240.000;120.000;30.000;30.000;30.000;30.000;30.000;30.000;30.000;30.000;30.000;240.000;30.000;30.000;30.000,Sidemark,lifting,,,START,223.986,C:\Users\esthe\Downloads\side mark 12\Side_1205_7_three.mp4,0,NA,
Side_1205,2025-06-06 16:08:33.219,,279.252,Media file(s),player #1:C:\Users\esthe\Downloads\side mark 12\Side_1205_10_onehalf.mp4;C:\Users\esthe\Downloads\side mark 12\Side_1205_12_three.mp4;C:\Users\esthe\Downloads\side mark 12\Side_1205_13_seven.mp4;C:\Users\esthe\Downloads\side mark 12\Side_1205_14_five.mp4;C:\Users\esthe\Downloads\side mark 12\Side_1205_15_three.mp4;C:\Users\esthe\Downloads\side mark 12\Side_1205_16_five.mp4;C:\Users\esthe\Downloads\side mark 12\Side_1205_1_control.mp4;C:\Users\esthe\Downloads\side mark 12\Side_1205_2_five.mp4;C:\Users\esthe\Downloads\side mark 12\Side_1205_3_one.mp4;C:\Users\esthe\Downloads\side mark 12\Side_1205_4_one.mp4;C:\Users\esthe\Downloads\side mark 12\Side_1205_5_three.mp4;C:\Users\esthe\Downloads\side mark 12\Side_1205_6_seven.mp4;C:\Users\esthe\Downloads\side mark 12\Side_1205_7_three.mp4;C:\Users\esthe\Downloads\side mark 12\Side_1205_8_five.mp4;C:\Users\esthe\Downloads\side mark 12\Side_1205_9_one.mp4,0.0,17.430;10.494;25.661;9.834;13.997;12.965;11.330;28.530;22.796;20.531;19.331;15.664;15.431;43.998;11.534,240.000;120.000;30.000;30.000;30.000;30.000;30.000;30.000;30.000;30.000;30.000;240.000;30.000;30.000;30.000,Sidemark,lifting,,,STOP,224.253,C:\Users\esthe\Downloads\side mark 12\Side_1205_8_five.mp4,8,NA,
Side_1205,2025-06-06 16:08:33.219,,279.252,Media file(s),player #1:C:\Users\esthe\Downloads\side mark 12\Side_1205_10_onehalf.mp4;C:\Users\esthe\Downloads\side mark 12\Side_1205_12_three.mp4;C:\Users\esthe\Downloads\side mark 12\Side_1205_13_seven.mp4;C:\Users\esthe\Downloads\side mark 12\Side_1205_14_five.mp4;C:\Users\esthe\Downloads\side mark 12\Side_1205_15_three.mp4;C:\Users\esthe\Downloads\side mark 12\Side_1205_16_five.mp4;C:\Users\esthe\Downloads\side mark 12\Side_1205_1_control.mp4;C:\Users\esthe\Downloads\side mark 12\Side_1205_2_five.mp4;C:\Users\esthe\Downloads\side mark 12\Side_1205_3_one.mp4;C:\Users\esthe\Downloads\side mark 12\Side_1205_4_one.mp4;C:\Users\esthe\Downloads\side mark 12\Side_1205_5_three.mp4;C:\Users\esthe\Downloads\side mark 12\Side_1205_6_seven.mp4;C:\Users\esthe\Downloads\side mark 12\Side_1205_7_three.mp4;C:\Users\esthe\Downloads\side mark 12\Side_1205_8_five.mp4;C:\Users\esthe\Downloads\side mark 12\Side_1205_9_one.mp4,0.0,17.430;10.494;25.661;9.834;13.997;12.965;11.330;28.530;22.796;20.531;19.331;15.664;15.431;43.998;11.534,240.000;120.000;30.000;30.000;30.000;30.000;30.000;30.000;30.000;30.000;30.000;240.000;30.000;30.000;30.000,Sidemark,pause,,,START,224.286,C:\Users\esthe\Downloads\side mark 12\Side_1205_8_five.mp4,9,NA,
Side_1205,2025-06-06 16:08:33.219,,279.252,Media file(s),player #1:C:\Users\esthe\Downloads\side mark 12\Side_1205_10_onehalf.mp4;C:\Users\esthe\Downloads\side mark 12\Side_1205_12_three.mp4;C:\Users\esthe\Downloads\side mark 12\Side_1205_13_seven.mp4;C:\Users\esthe\Downloads\side mark 12\Side_1205_14_five.mp4;C:\Users\esthe\Downloads\side mark 12\Side_1205_15_three.mp4;C:\Users\esthe\Downloads\side mark 12\Side_1205_16_five.mp4;C:\Users\esthe\Downloads\side mark 12\Side_1205_1_control.mp4;C:\Users\esthe\Downloads\side mark 12\Side_1205_2_five.mp4;C:\Users\esthe\Downloads\side mark 12\Side_1205_3_one.mp4;C:\Users\esthe\Downloads\side mark 12\Side_1205_4_one.mp4;C:\Users\esthe\Downloads\side mark 12\Side_1205_5_three.mp4;C:\Users\esthe\Downloads\side mark 12\Side_1205_6_seven.mp4;C:\Users\esthe\Downloads\side mark 12\Side_1205_7_three.mp4;C:\Users\esthe\Downloads\side mark 12\Side_1205_8_five.mp4;C:\Users\esthe\Downloads\side mark 12\Side_1205_9_one.mp4,0.0,17.430;10.494;25.661;9.834;13.997;12.965;11.330;28.530;22.796;20.531;19.331;15.664;15.431;43.998;11.534,240.000;120.000;30.000;30.000;30.000;30.000;30.000;30.000;30.000;30.000;30.000;240.000;30.000;30.000;30.000,Sidemark,pause,,,STOP,225.553,C:\Users\esthe\Downloads\side mark 12\Side_1205_8_five.mp4,47,NA,
Side_1205,2025-06-06 16:08:33.219,,279.252,Media file(s),player #1:C:\Users\esthe\Downloads\side mark 12\Side_1205_10_onehalf.mp4;C:\Users\esthe\Downloads\side mark 12\Side_1205_12_three.mp4;C:\Users\esthe\Downloads\side mark 12\Side_1205_13_seven.mp4;C:\Users\esthe\Downloads\side mark 12\Side_1205_14_five.mp4;C:\Users\esthe\Downloads\side mark 12\Side_1205_15_three.mp4;C:\Users\esthe\Downloads\side mark 12\Side_1205_16_five.mp4;C:\Users\esthe\Downloads\side mark 12\Side_1205_1_control.mp4;C:\Users\esthe\Downloads\side mark 12\Side_1205_2_five.mp4;C:\Users\esthe\Downloads\side mark 12\Side_1205_3_one.mp4;C:\Users\esthe\Downloads\side mark 12\Side_1205_4_one.mp4;C:\Users\esthe\Downloads\side mark 12\Side_1205_5_three.mp4;C:\Users\esthe\Downloads\side mark 12\Side_1205_6_seven.mp4;C:\Users\esthe\Downloads\side mark 12\Side_1205_7_three.mp4;C:\Users\esthe\Downloads\side mark 12\Side_1205_8_five.mp4;C:\Users\esthe\Downloads\side mark 12\Side_1205_9_one.mp4,0.0,17.430;10.494;25.661;9.834;13.997;12.965;11.330;28.530;22.796;20.531;19.331;15.664;15.431;43.998;11.534,240.000;120.000;30.000;30.000;30.000;30.000;30.000;30.000;30.000;30.000;30.000;240.000;30.000;30.000;30.000,Sidemark,target,,,START,225.819,C:\Users\esthe\Downloads\side mark 12\Side_1205_8_five.mp4,55,NA,
Side_1205,2025-06-06 16:08:33.219,,279.252,Media file(s),player #1:C:\Users\esthe\Downloads\side mark 12\Side_1205_10_onehalf.mp4;C:\Users\esthe\Downloads\side mark 12\Side_1205_12_three.mp4;C:\Users\esthe\Downloads\side mark 12\Side_1205_13_seven.mp4;C:\Users\esthe\Downloads\side mark 12\Side_1205_14_five.mp4;C:\Users\esthe\Downloads\side mark 12\Side_1205_15_three.mp4;C:\Users\esthe\Downloads\side mark 12\Side_1205_16_five.mp4;C:\Users\esthe\Downloads\side mark 12\Side_1205_1_control.mp4;C:\Users\esthe\Downloads\side mark 12\Side_1205_2_five.mp4;C:\Users\esthe\Downloads\side mark 12\Side_1205_3_one.mp4;C:\Users\esthe\Downloads\side mark 12\Side_1205_4_one.mp4;C:\Users\esthe\Downloads\side mark 12\Side_1205_5_three.mp4;C:\Users\esthe\Downloads\side mark 12\Side_1205_6_seven.mp4;C:\Users\esthe\Downloads\side mark 12\Side_1205_7_three.mp4;C:\Users\esthe\Downloads\side mark 12\Side_1205_8_five.mp4;C:\Users\esthe\Downloads\side mark 12\Side_1205_9_one.mp4,0.0,17.430;10.494;25.661;9.834;13.997;12.965;11.330;28.530;22.796;20.531;19.331;15.664;15.431;43.998;11.534,240.000;120.000;30.000;30.000;30.000;30.000;30.000;30.000;30.000;30.000;30.000;240.000;30.000;30.000;30.000,Sidemark,target,,,STOP,242.721,C:\Users\esthe\Downloads\side mark 12\Side_1205_8_five.mp4,562,NA,
Side_1205,2025-06-06 16:08:33.219,,279.252,Media file(s),player #1:C:\Users\esthe\Downloads\side mark 12\Side_1205_10_onehalf.mp4;C:\Users\esthe\Downloads\side mark 12\Side_1205_12_three.mp4;C:\Users\esthe\Downloads\side mark 12\Side_1205_13_seven.mp4;C:\Users\esthe\Downloads\side mark 12\Side_1205_14_five.mp4;C:\Users\esthe\Downloads\side mark 12\Side_1205_15_three.mp4;C:\Users\esthe\Downloads\side mark 12\Side_1205_16_five.mp4;C:\Users\esthe\Downloads\side mark 12\Side_1205_1_control.mp4;C:\Users\esthe\Downloads\side mark 12\Side_1205_2_five.mp4;C:\Users\esthe\Downloads\side mark 12\Side_1205_3_one.mp4;C:\Users\esthe\Downloads\side mark 12\Side_1205_4_one.mp4;C:\Users\esthe\Downloads\side mark 12\Side_1205_5_three.mp4;C:\Users\esthe\Downloads\side mark 12\Side_1205_6_seven.mp4;C:\Users\esthe\Downloads\side mark 12\Side_1205_7_three.mp4;C:\Users\esthe\Downloads\side mark 12\Side_1205_8_five.mp4;C:\Users\esthe\Downloads\side mark 12\Side_1205_9_one.mp4,0.0,17.430;10.494;25.661;9.834;13.997;12.965;11.330;28.530;22.796;20.531;19.331;15.664;15.431;43.998;11.534,240.000;120.000;30.000;30.000;30.000;30.000;30.000;30.000;30.000;30.000;30.000;240.000;30.000;30.000;30.000,Sidemark,explore,,,START,269.117,C:\Users\esthe\Downloads\side mark 12\Side_1205_9_one.mp4,34,NA,
Side_1205,2025-06-06 16:08:33.219,,279.252,Media file(s),player #1:C:\Users\esthe\Downloads\side mark 12\Side_1205_10_onehalf.mp4;C:\Users\esthe\Downloads\side mark 12\Side_1205_12_three.mp4;C:\Users\esthe\Downloads\side mark 12\Side_1205_13_seven.mp4;C:\Users\esthe\Downloads\side mark 12\Side_1205_14_five.mp4;C:\Users\esthe\Downloads\side mark 12\Side_1205_15_three.mp4;C:\Users\esthe\Downloads\side mark 12\Side_1205_16_five.mp4;C:\Users\esthe\Downloads\side mark 12\Side_1205_1_control.mp4;C:\Users\esthe\Downloads\side mark 12\Side_1205_2_five.mp4;C:\Users\esthe\Downloads\side mark 12\Side_1205_3_one.mp4;C:\Users\esthe\Downloads\side mark 12\Side_1205_4_one.mp4;C:\Users\esthe\Downloads\side mark 12\Side_1205_5_three.mp4;C:\Users\esthe\Downloads\side mark 12\Side_1205_6_seven.mp4;C:\Users\esthe\Downloads\side mark 12\Side_1205_7_three.mp4;C:\Users\esthe\Downloads\side mark 12\Side_1205_8_five.mp4;C:\Users\esthe\Downloads\side mark 12\Side_1205_9_one.mp4,0.0,17.430;10.494;25.661;9.834;13.997;12.965;11.330;28.530;22.796;20.531;19.331;15.664;15.431;43.998;11.534,240.000;120.000;30.000;30.000;30.000;30.000;30.000;30.000;30.000;30.000;30.000;240.000;30.000;30.000;30.000,Sidemark,explore,,,STOP,270.350,C:\Users\esthe\Downloads\side mark 12\Side_1205_9_one.mp4,71,NA,
Side_1205,2025-06-06 16:08:33.219,,279.252,Media file(s),player #1:C:\Users\esthe\Downloads\side mark 12\Side_1205_10_onehalf.mp4;C:\Users\esthe\Downloads\side mark 12\Side_1205_12_three.mp4;C:\Users\esthe\Downloads\side mark 12\Side_1205_13_seven.mp4;C:\Users\esthe\Downloads\side mark 12\Side_1205_14_five.mp4;C:\Users\esthe\Downloads\side mark 12\Side_1205_15_three.mp4;C:\Users\esthe\Downloads\side mark 12\Side_1205_16_five.mp4;C:\Users\esthe\Downloads\side mark 12\Side_1205_1_control.mp4;C:\Users\esthe\Downloads\side mark 12\Side_1205_2_five.mp4;C:\Users\esthe\Downloads\side mark 12\Side_1205_3_one.mp4;C:\Users\esthe\Downloads\side mark 12\Side_1205_4_one.mp4;C:\Users\esthe\Downloads\side mark 12\Side_1205_5_three.mp4;C:\Users\esthe\Downloads\side mark 12\Side_1205_6_seven.mp4;C:\Users\esthe\Downloads\side mark 12\Side_1205_7_three.mp4;C:\Users\esthe\Downloads\side mark 12\Side_1205_8_five.mp4;C:\Users\esthe\Downloads\side mark 12\Side_1205_9_one.mp4,0.0,17.430;10.494;25.661;9.834;13.997;12.965;11.330;28.530;22.796;20.531;19.331;15.664;15.431;43.998;11.534,240.000;120.000;30.000;30.000;30.000;30.000;30.000;30.000;30.000;30.000;30.000;240.000;30.000;30.000;30.000,Sidemark,bending,,,START,271.050,C:\Users\esthe\Downloads\side mark 12\Side_1205_9_one.mp4,92,NA,
Side_1205,2025-06-06 16:08:33.219,,279.252,Media file(s),player #1:C:\Users\esthe\Downloads\side mark 12\Side_1205_10_onehalf.mp4;C:\Users\esthe\Downloads\side mark 12\Side_1205_12_three.mp4;C:\Users\esthe\Downloads\side mark 12\Side_1205_13_seven.mp4;C:\Users\esthe\Downloads\side mark 12\Side_1205_14_five.mp4;C:\Users\esthe\Downloads\side mark 12\Side_1205_15_three.mp4;C:\Users\esthe\Downloads\side mark 12\Side_1205_16_five.mp4;C:\Users\esthe\Downloads\side mark 12\Side_1205_1_control.mp4;C:\Users\esthe\Downloads\side mark 12\Side_1205_2_five.mp4;C:\Users\esthe\Downloads\side mark 12\Side_1205_3_one.mp4;C:\Users\esthe\Downloads\side mark 12\Side_1205_4_one.mp4;C:\Users\esthe\Downloads\side mark 12\Side_1205_5_three.mp4;C:\Users\esthe\Downloads\side mark 12\Side_1205_6_seven.mp4;C:\Users\esthe\Downloads\side mark 12\Side_1205_7_three.mp4;C:\Users\esthe\Downloads\side mark 12\Side_1205_8_five.mp4;C:\Users\esthe\Downloads\side mark 12\Side_1205_9_one.mp4,0.0,17.430;10.494;25.661;9.834;13.997;12.965;11.330;28.530;22.796;20.531;19.331;15.664;15.431;43.998;11.534,240.000;120.000;30.000;30.000;30.000;30.000;30.000;30.000;30.000;30.000;30.000;240.000;30.000;30.000;30.000,Sidemark,bending,,,STOP,271.551,C:\Users\esthe\Downloads\side mark 12\Side_1205_9_one.mp4,107,NA,
Side_1205,2025-06-06 16:08:33.219,,279.252,Media file(s),player #1:C:\Users\esthe\Downloads\side mark 12\Side_1205_10_onehalf.mp4;C:\Users\esthe\Downloads\side mark 12\Side_1205_12_three.mp4;C:\Users\esthe\Downloads\side mark 12\Side_1205_13_seven.mp4;C:\Users\esthe\Downloads\side mark 12\Side_1205_14_five.mp4;C:\Users\esthe\Downloads\side mark 12\Side_1205_15_three.mp4;C:\Users\esthe\Downloads\side mark 12\Side_1205_16_five.mp4;C:\Users\esthe\Downloads\side mark 12\Side_1205_1_control.mp4;C:\Users\esthe\Downloads\side mark 12\Side_1205_2_five.mp4;C:\Users\esthe\Downloads\side mark 12\Side_1205_3_one.mp4;C:\Users\esthe\Downloads\side mark 12\Side_1205_4_one.mp4;C:\Users\esthe\Downloads\side mark 12\Side_1205_5_three.mp4;C:\Users\esthe\Downloads\side mark 12\Side_1205_6_seven.mp4;C:\Users\esthe\Downloads\side mark 12\Side_1205_7_three.mp4;C:\Users\esthe\Downloads\side mark 12\Side_1205_8_five.mp4;C:\Users\esthe\Downloads\side mark 12\Side_1205_9_one.mp4,0.0,17.430;10.494;25.661;9.834;13.997;12.965;11.330;28.530;22.796;20.531;19.331;15.664;15.431;43.998;11.534,240.000;120.000;30.000;30.000;30.000;30.000;30.000;30.000;30.000;30.000;30.000;240.000;30.000;30.000;30.000,Sidemark,grabbing peanut,,,POINT,271.718,C:\Users\esthe\Downloads\side mark 12\Side_1205_9_one.mp4,112,NA,
Side_1205,2025-06-06 16:08:33.219,,279.252,Media file(s),player #1:C:\Users\esthe\Downloads\side mark 12\Side_1205_10_onehalf.mp4;C:\Users\esthe\Downloads\side mark 12\Side_1205_12_three.mp4;C:\Users\esthe\Downloads\side mark 12\Side_1205_13_seven.mp4;C:\Users\esthe\Downloads\side mark 12\Side_1205_14_five.mp4;C:\Users\esthe\Downloads\side mark 12\Side_1205_15_three.mp4;C:\Users\esthe\Downloads\side mark 12\Side_1205_16_five.mp4;C:\Users\esthe\Downloads\side mark 12\Side_1205_1_control.mp4;C:\Users\esthe\Downloads\side mark 12\Side_1205_2_five.mp4;C:\Users\esthe\Downloads\side mark 12\Side_1205_3_one.mp4;C:\Users\esthe\Downloads\side mark 12\Side_1205_4_one.mp4;C:\Users\esthe\Downloads\side mark 12\Side_1205_5_three.mp4;C:\Users\esthe\Downloads\side mark 12\Side_1205_6_seven.mp4;C:\Users\esthe\Downloads\side mark 12\Side_1205_7_three.mp4;C:\Users\esthe\Downloads\side mark 12\Side_1205_8_five.mp4;C:\Users\esthe\Downloads\side mark 12\Side_1205_9_one.mp4,0.0,17.430;10.494;25.661;9.834;13.997;12.965;11.330;28.530;22.796;20.531;19.331;15.664;15.431;43.998;11.534,240.000;120.000;30.000;30.000;30.000;30.000;30.000;30.000;30.000;30.000;30.000;240.000;30.000;30.000;30.000,Sidemark,lifting,,,START,271.851,C:\Users\esthe\Downloads\side mark 12\Side_1205_9_one.mp4,116,NA,
Side_1205,2025-06-06 16:08:33.219,,279.252,Media file(s),player #1:C:\Users\esthe\Downloads\side mark 12\Side_1205_10_onehalf.mp4;C:\Users\esthe\Downloads\side mark 12\Side_1205_12_three.mp4;C:\Users\esthe\Downloads\side mark 12\Side_1205_13_seven.mp4;C:\Users\esthe\Downloads\side mark 12\Side_1205_14_five.mp4;C:\Users\esthe\Downloads\side mark 12\Side_1205_15_three.mp4;C:\Users\esthe\Downloads\side mark 12\Side_1205_16_five.mp4;C:\Users\esthe\Downloads\side mark 12\Side_1205_1_control.mp4;C:\Users\esthe\Downloads\side mark 12\Side_1205_2_five.mp4;C:\Users\esthe\Downloads\side mark 12\Side_1205_3_one.mp4;C:\Users\esthe\Downloads\side mark 12\Side_1205_4_one.mp4;C:\Users\esthe\Downloads\side mark 12\Side_1205_5_three.mp4;C:\Users\esthe\Downloads\side mark 12\Side_1205_6_seven.mp4;C:\Users\esthe\Downloads\side mark 12\Side_1205_7_three.mp4;C:\Users\esthe\Downloads\side mark 12\Side_1205_8_five.mp4;C:\Users\esthe\Downloads\side mark 12\Side_1205_9_one.mp4,0.0,17.430;10.494;25.661;9.834;13.997;12.965;11.330;28.530;22.796;20.531;19.331;15.664;15.431;43.998;11.534,240.000;120.000;30.000;30.000;30.000;30.000;30.000;30.000;30.000;30.000;30.000;240.000;30.000;30.000;30.000,Sidemark,lifting,,,STOP,272.085,C:\Users\esthe\Downloads\side mark 12\Side_1205_9_one.mp4,123,NA,
Side_1205,2025-06-06 16:08:33.219,,279.252,Media file(s),player #1:C:\Users\esthe\Downloads\side mark 12\Side_1205_10_onehalf.mp4;C:\Users\esthe\Downloads\side mark 12\Side_1205_12_three.mp4;C:\Users\esthe\Downloads\side mark 12\Side_1205_13_seven.mp4;C:\Users\esthe\Downloads\side mark 12\Side_1205_14_five.mp4;C:\Users\esthe\Downloads\side mark 12\Side_1205_15_three.mp4;C:\Users\esthe\Downloads\side mark 12\Side_1205_16_five.mp4;C:\Users\esthe\Downloads\side mark 12\Side_1205_1_control.mp4;C:\Users\esthe\Downloads\side mark 12\Side_1205_2_five.mp4;C:\Users\esthe\Downloads\side mark 12\Side_1205_3_one.mp4;C:\Users\esthe\Downloads\side mark 12\Side_1205_4_one.mp4;C:\Users\esthe\Downloads\side mark 12\Side_1205_5_three.mp4;C:\Users\esthe\Downloads\side mark 12\Side_1205_6_seven.mp4;C:\Users\esthe\Downloads\side mark 12\Side_1205_7_three.mp4;C:\Users\esthe\Downloads\side mark 12\Side_1205_8_five.mp4;C:\Users\esthe\Downloads\side mark 12\Side_1205_9_one.mp4,0.0,17.430;10.494;25.661;9.834;13.997;12.965;11.330;28.530;22.796;20.531;19.331;15.664;15.431;43.998;11.534,240.000;120.000;30.000;30.000;30.000;30.000;30.000;30.000;30.000;30.000;30.000;240.000;30.000;30.000;30.000,Sidemark,pause,,,START,273.118,C:\Users\esthe\Downloads\side mark 12\Side_1205_9_one.mp4,154,NA,
Side_1205,2025-06-06 16:08:33.219,,279.252,Media file(s),player #1:C:\Users\esthe\Downloads\side mark 12\Side_1205_10_onehalf.mp4;C:\Users\esthe\Downloads\side mark 12\Side_1205_12_three.mp4;C:\Users\esthe\Downloads\side mark 12\Side_1205_13_seven.mp4;C:\Users\esthe\Downloads\side mark 12\Side_1205_14_five.mp4;C:\Users\esthe\Downloads\side mark 12\Side_1205_15_three.mp4;C:\Users\esthe\Downloads\side mark 12\Side_1205_16_five.mp4;C:\Users\esthe\Downloads\side mark 12\Side_1205_1_control.mp4;C:\Users\esthe\Downloads\side mark 12\Side_1205_2_five.mp4;C:\Users\esthe\Downloads\side mark 12\Side_1205_3_one.mp4;C:\Users\esthe\Downloads\side mark 12\Side_1205_4_one.mp4;C:\Users\esthe\Downloads\side mark 12\Side_1205_5_three.mp4;C:\Users\esthe\Downloads\side mark 12\Side_1205_6_seven.mp4;C:\Users\esthe\Downloads\side mark 12\Side_1205_7_three.mp4;C:\Users\esthe\Downloads\side mark 12\Side_1205_8_five.mp4;C:\Users\esthe\Downloads\side mark 12\Side_1205_9_one.mp4,0.0,17.430;10.494;25.661;9.834;13.997;12.965;11.330;28.530;22.796;20.531;19.331;15.664;15.431;43.998;11.534,240.000;120.000;30.000;30.000;30.000;30.000;30.000;30.000;30.000;30.000;30.000;240.000;30.000;30.000;30.000,Sidemark,pause,,,STOP,273.418,C:\Users\esthe\Downloads\side mark 12\Side_1205_9_one.mp4,163,NA,
Side_1205,2025-06-06 16:08:33.219,,279.252,Media file(s),player #1:C:\Users\esthe\Downloads\side mark 12\Side_1205_10_onehalf.mp4;C:\Users\esthe\Downloads\side mark 12\Side_1205_12_three.mp4;C:\Users\esthe\Downloads\side mark 12\Side_1205_13_seven.mp4;C:\Users\esthe\Downloads\side mark 12\Side_1205_14_five.mp4;C:\Users\esthe\Downloads\side mark 12\Side_1205_15_three.mp4;C:\Users\esthe\Downloads\side mark 12\Side_1205_16_five.mp4;C:\Users\esthe\Downloads\side mark 12\Side_1205_1_control.mp4;C:\Users\esthe\Downloads\side mark 12\Side_1205_2_five.mp4;C:\Users\esthe\Downloads\side mark 12\Side_1205_3_one.mp4;C:\Users\esthe\Downloads\side mark 12\Side_1205_4_one.mp4;C:\Users\esthe\Downloads\side mark 12\Side_1205_5_three.mp4;C:\Users\esthe\Downloads\side mark 12\Side_1205_6_seven.mp4;C:\Users\esthe\Downloads\side mark 12\Side_1205_7_three.mp4;C:\Users\esthe\Downloads\side mark 12\Side_1205_8_five.mp4;C:\Users\esthe\Downloads\side mark 12\Side_1205_9_one.mp4,0.0,17.430;10.494;25.661;9.834;13.997;12.965;11.330;28.530;22.796;20.531;19.331;15.664;15.431;43.998;11.534,240.000;120.000;30.000;30.000;30.000;30.000;30.000;30.000;30.000;30.000;30.000;240.000;30.000;30.000;30.000,Sidemark,target,,,START,273.518,C:\Users\esthe\Downloads\side mark 12\Side_1205_9_one.mp4,166,NA,
Side_1205,2025-06-06 16:08:33.219,,279.252,Media file(s),player #1:C:\Users\esthe\Downloads\side mark 12\Side_1205_10_onehalf.mp4;C:\Users\esthe\Downloads\side mark 12\Side_1205_12_three.mp4;C:\Users\esthe\Downloads\side mark 12\Side_1205_13_seven.mp4;C:\Users\esthe\Downloads\side mark 12\Side_1205_14_five.mp4;C:\Users\esthe\Downloads\side mark 12\Side_1205_15_three.mp4;C:\Users\esthe\Downloads\side mark 12\Side_1205_16_five.mp4;C:\Users\esthe\Downloads\side mark 12\Side_1205_1_control.mp4;C:\Users\esthe\Downloads\side mark 12\Side_1205_2_five.mp4;C:\Users\esthe\Downloads\side mark 12\Side_1205_3_one.mp4;C:\Users\esthe\Downloads\side mark 12\Side_1205_4_one.mp4;C:\Users\esthe\Downloads\side mark 12\Side_1205_5_three.mp4;C:\Users\esthe\Downloads\side mark 12\Side_1205_6_seven.mp4;C:\Users\esthe\Downloads\side mark 12\Side_1205_7_three.mp4;C:\Users\esthe\Downloads\side mark 12\Side_1205_8_five.mp4;C:\Users\esthe\Downloads\side mark 12\Side_1205_9_one.mp4,0.0,17.430;10.494;25.661;9.834;13.997;12.965;11.330;28.530;22.796;20.531;19.331;15.664;15.431;43.998;11.534,240.000;120.000;30.000;30.000;30.000;30.000;30.000;30.000;30.000;30.000;30.000;240.000;30.000;30.000;30.000,Sidemark,pause,,,START,274.585,C:\Users\esthe\Downloads\side mark 12\Side_1205_9_one.mp4,198,NA,
Side_1205,2025-06-06 16:08:33.219,,279.252,Media file(s),player #1:C:\Users\esthe\Downloads\side mark 12\Side_1205_10_onehalf.mp4;C:\Users\esthe\Downloads\side mark 12\Side_1205_12_three.mp4;C:\Users\esthe\Downloads\side mark 12\Side_1205_13_seven.mp4;C:\Users\esthe\Downloads\side mark 12\Side_1205_14_five.mp4;C:\Users\esthe\Downloads\side mark 12\Side_1205_15_three.mp4;C:\Users\esthe\Downloads\side mark 12\Side_1205_16_five.mp4;C:\Users\esthe\Downloads\side mark 12\Side_1205_1_control.mp4;C:\Users\esthe\Downloads\side mark 12\Side_1205_2_five.mp4;C:\Users\esthe\Downloads\side mark 12\Side_1205_3_one.mp4;C:\Users\esthe\Downloads\side mark 12\Side_1205_4_one.mp4;C:\Users\esthe\Downloads\side mark 12\Side_1205_5_three.mp4;C:\Users\esthe\Downloads\side mark 12\Side_1205_6_seven.mp4;C:\Users\esthe\Downloads\side mark 12\Side_1205_7_three.mp4;C:\Users\esthe\Downloads\side mark 12\Side_1205_8_five.mp4;C:\Users\esthe\Downloads\side mark 12\Side_1205_9_one.mp4,0.0,17.430;10.494;25.661;9.834;13.997;12.965;11.330;28.530;22.796;20.531;19.331;15.664;15.431;43.998;11.534,240.000;120.000;30.000;30.000;30.000;30.000;30.000;30.000;30.000;30.000;30.000;240.000;30.000;30.000;30.000,Sidemark,pause,,,STOP,275.251,C:\Users\esthe\Downloads\side mark 12\Side_1205_9_one.mp4,218,NA,
Side_1205,2025-06-06 16:08:33.219,,279.252,Media file(s),player #1:C:\Users\esthe\Downloads\side mark 12\Side_1205_10_onehalf.mp4;C:\Users\esthe\Downloads\side mark 12\Side_1205_12_three.mp4;C:\Users\esthe\Downloads\side mark 12\Side_1205_13_seven.mp4;C:\Users\esthe\Downloads\side mark 12\Side_1205_14_five.mp4;C:\Users\esthe\Downloads\side mark 12\Side_1205_15_three.mp4;C:\Users\esthe\Downloads\side mark 12\Side_1205_16_five.mp4;C:\Users\esthe\Downloads\side mark 12\Side_1205_1_control.mp4;C:\Users\esthe\Downloads\side mark 12\Side_1205_2_five.mp4;C:\Users\esthe\Downloads\side mark 12\Side_1205_3_one.mp4;C:\Users\esthe\Downloads\side mark 12\Side_1205_4_one.mp4;C:\Users\esthe\Downloads\side mark 12\Side_1205_5_three.mp4;C:\Users\esthe\Downloads\side mark 12\Side_1205_6_seven.mp4;C:\Users\esthe\Downloads\side mark 12\Side_1205_7_three.mp4;C:\Users\esthe\Downloads\side mark 12\Side_1205_8_five.mp4;C:\Users\esthe\Downloads\side mark 12\Side_1205_9_one.mp4,0.0,17.430;10.494;25.661;9.834;13.997;12.965;11.330;28.530;22.796;20.531;19.331;15.664;15.431;43.998;11.534,240.000;120.000;30.000;30.000;30.000;30.000;30.000;30.000;30.000;30.000;30.000;240.000;30.000;30.000;30.000,Sidemark,target,,,STOP,277.185,C:\Users\esthe\Downloads\side mark 12\Side_1205_9_one.mp4,276,NA,
Side_1205,2025-06-06 16:08:33.219,,279.252,Media file(s),player #1:C:\Users\esthe\Downloads\side mark 12\Side_1205_10_onehalf.mp4;C:\Users\esthe\Downloads\side mark 12\Side_1205_12_three.mp4;C:\Users\esthe\Downloads\side mark 12\Side_1205_13_seven.mp4;C:\Users\esthe\Downloads\side mark 12\Side_1205_14_five.mp4;C:\Users\esthe\Downloads\side mark 12\Side_1205_15_three.mp4;C:\Users\esthe\Downloads\side mark 12\Side_1205_16_five.mp4;C:\Users\esthe\Downloads\side mark 12\Side_1205_1_control.mp4;C:\Users\esthe\Downloads\side mark 12\Side_1205_2_five.mp4;C:\Users\esthe\Downloads\side mark 12\Side_1205_3_one.mp4;C:\Users\esthe\Downloads\side mark 12\Side_1205_4_one.mp4;C:\Users\esthe\Downloads\side mark 12\Side_1205_5_three.mp4;C:\Users\esthe\Downloads\side mark 12\Side_1205_6_seven.mp4;C:\Users\esthe\Downloads\side mark 12\Side_1205_7_three.mp4;C:\Users\esthe\Downloads\side mark 12\Side_1205_8_five.mp4;C:\Users\esthe\Downloads\side mark 12\Side_1205_9_one.mp4,0.0,17.430;10.494;25.661;9.834;13.997;12.965;11.330;28.530;22.796;20.531;19.331;15.664;15.431;43.998;11.534,240.000;120.000;30.000;30.000;30.000;30.000;30.000;30.000;30.000;30.000;30.000;240.000;30.000;30.000;30.000,Sidemark,digging,,,START,277.452,C:\Users\esthe\Downloads\side mark 12\Side_1205_9_one.mp4,284,NA,
Side_1205,2025-06-06 16:08:33.219,,279.252,Media file(s),player #1:C:\Users\esthe\Downloads\side mark 12\Side_1205_10_onehalf.mp4;C:\Users\esthe\Downloads\side mark 12\Side_1205_12_three.mp4;C:\Users\esthe\Downloads\side mark 12\Side_1205_13_seven.mp4;C:\Users\esthe\Downloads\side mark 12\Side_1205_14_five.mp4;C:\Users\esthe\Downloads\side mark 12\Side_1205_15_three.mp4;C:\Users\esthe\Downloads\side mark 12\Side_1205_16_five.mp4;C:\Users\esthe\Downloads\side mark 12\Side_1205_1_control.mp4;C:\Users\esthe\Downloads\side mark 12\Side_1205_2_five.mp4;C:\Users\esthe\Downloads\side mark 12\Side_1205_3_one.mp4;C:\Users\esthe\Downloads\side mark 12\Side_1205_4_one.mp4;C:\Users\esthe\Downloads\side mark 12\Side_1205_5_three.mp4;C:\Users\esthe\Downloads\side mark 12\Side_1205_6_seven.mp4;C:\Users\esthe\Downloads\side mark 12\Side_1205_7_three.mp4;C:\Users\esthe\Downloads\side mark 12\Side_1205_8_five.mp4;C:\Users\esthe\Downloads\side mark 12\Side_1205_9_one.mp4,0.0,17.430;10.494;25.661;9.834;13.997;12.965;11.330;28.530;22.796;20.531;19.331;15.664;15.431;43.998;11.534,240.000;120.000;30.000;30.000;30.000;30.000;30.000;30.000;30.000;30.000;30.000;240.000;30.000;30.000;30.000,Sidemark,digging,,,STOP,279.252,C:\Users\esthe\Downloads\side mark 12\Side_1205_9_one.mp4,338,NA,
