Observation id,Observation date,Description,Observation duration,Observation type,Source,Time offset (s),Media duration (s),FPS,Subject,Behavior,Behavioral category,Modifier #1,Behavior type,Time,Media file name,Image index,Image file path,Comment
Side_1305,2025-06-10 11:48:46.997,,213.135,Media file(s),player #1:side mark 13 _\Side_1305_10_seven.mp4;side mark 13 _\Side_1305_11_three.mp4;side mark 13 _\Side_1305_12_onehalf.mp4;side mark 13 _\Side_1305_13_one.mp4;side mark 13 _\Side_1305_14_onehalf.mp4;side mark 13 _\Side_1305_15_three.mp4;side mark 13 _\Side_1305_16_five.mp4;side mark 13 _\Side_1305_17_three.mp4;side mark 13 _\Side_1305_18_seven.mp4;side mark 13 _\Side_1305_19_five.mp4;side mark 13 _\Side_1305_20_one.mp4;side mark 13 _\Side_1305_3_seven.mp4;side mark 13 _\Side_1305_4_control.mp4;side mark 13 _\Side_1305_5_three.mp4;side mark 13 _\Side_1305_6_three.mp4;side mark 13 _\Side_1305_7_five.mp4;side mark 13 _\Side_1305_8_control.mp4;side mark 13 _\Side_1305_9_one.mp4,0.0,11.964;11.665;15.565;23.128;7.768;6.764;7.832;11.296;7.564;18.163;6.830;17.764;6.901;16.398;19.330;12.264;4.167;7.833,30.000;30.000;30.000;30.000;29.970;30.000;30.000;30.000;30.000;30.000;30.000;30.000;30.000;30.000;30.000;30.000;30.000;30.000,Sidemark,bending,,,START,0.033,side mark 13 _\Side_1305_10_seven.mp4,1,NA,
Side_1305,2025-06-10 11:48:46.997,,213.135,Media file(s),player #1:side mark 13 _\Side_1305_10_seven.mp4;side mark 13 _\Side_1305_11_three.mp4;side mark 13 _\Side_1305_12_onehalf.mp4;side mark 13 _\Side_1305_13_one.mp4;side mark 13 _\Side_1305_14_onehalf.mp4;side mark 13 _\Side_1305_15_three.mp4;side mark 13 _\Side_1305_16_five.mp4;side mark 13 _\Side_1305_17_three.mp4;side mark 13 _\Side_1305_18_seven.mp4;side mark 13 _\Side_1305_19_five.mp4;side mark 13 _\Side_1305_20_one.mp4;side mark 13 _\Side_1305_3_seven.mp4;side mark 13 _\Side_1305_4_control.mp4;side mark 13 _\Side_1305_5_three.mp4;side mark 13 _\Side_1305_6_three.mp4;side mark 13 _\Side_1305_7_five.mp4;side mark 13 _\Side_1305_8_control.mp4;side mark 13 _\Side_1305_9_one.mp4,0.0,11.964;11.665;15.565;23.128;7.768;6.764;7.832;11.296;7.564;18.163;6.830;17.764;6.901;16.398;19.330;12.264;4.167;7.833,30.000;30.000;30.000;30.000;29.970;30.000;30.000;30.000;30.000;30.000;30.000;30.000;30.000;30.000;30.000;30.000;30.000;30.000,Sidemark,bending,,,STOP,0.133,side mark 13 _\Side_1305_10_seven.mp4,4,NA,
Side_1305,2025-06-10 11:48:46.997,,213.135,Media file(s),player #1:side mark 13 _\Side_1305_10_seven.mp4;side mark 13 _\Side_1305_11_three.mp4;side mark 13 _\Side_1305_12_onehalf.mp4;side mark 13 _\Side_1305_13_one.mp4;side mark 13 _\Side_1305_14_onehalf.mp4;side mark 13 _\Side_1305_15_three.mp4;side mark 13 _\Side_1305_16_five.mp4;side mark 13 _\Side_1305_17_three.mp4;side mark 13 _\Side_1305_18_seven.mp4;side mark 13 _\Side_1305_19_five.mp4;side mark 13 _\Side_1305_20_one.mp4;side mark 13 _\Side_1305_3_seven.mp4;side mark 13 _\Side_1305_4_control.mp4;side mark 13 _\Side_1305_5_three.mp4;side mark 13 _\Side_1305_6_three.mp4;side mark 13 _\Side_1305_7_five.mp4;side mark 13 _\Side_1305_8_control.mp4;side mark 13 _\Side_1305_9_one.mp4,0.0,11.964;11.665;15.565;23.128;7.768;6.764;7.832;11.296;7.564;18.163;6.830;17.764;6.901;16.398;19.330;12.264;4.167;7.833,30.000;30.000;30.000;30.000;29.970;30.000;30.000;30.000;30.000;30.000;30.000;30.000;30.000;30.000;30.000;30.000;30.000;30.000,Sidemark,grabbing peanut,,,POINT,0.133,side mark 13 _\Side_1305_10_seven.mp4,4,NA,
Side_1305,2025-06-10 11:48:46.997,,213.135,Media file(s),player #1:side mark 13 _\Side_1305_10_seven.mp4;side mark 13 _\Side_1305_11_three.mp4;side mark 13 _\Side_1305_12_onehalf.mp4;side mark 13 _\Side_1305_13_one.mp4;side mark 13 _\Side_1305_14_onehalf.mp4;side mark 13 _\Side_1305_15_three.mp4;side mark 13 _\Side_1305_16_five.mp4;side mark 13 _\Side_1305_17_three.mp4;side mark 13 _\Side_1305_18_seven.mp4;side mark 13 _\Side_1305_19_five.mp4;side mark 13 _\Side_1305_20_one.mp4;side mark 13 _\Side_1305_3_seven.mp4;side mark 13 _\Side_1305_4_control.mp4;side mark 13 _\Side_1305_5_three.mp4;side mark 13 _\Side_1305_6_three.mp4;side mark 13 _\Side_1305_7_five.mp4;side mark 13 _\Side_1305_8_control.mp4;side mark 13 _\Side_1305_9_one.mp4,0.0,11.964;11.665;15.565;23.128;7.768;6.764;7.832;11.296;7.564;18.163;6.830;17.764;6.901;16.398;19.330;12.264;4.167;7.833,30.000;30.000;30.000;30.000;29.970;30.000;30.000;30.000;30.000;30.000;30.000;30.000;30.000;30.000;30.000;30.000;30.000;30.000,Sidemark,lifting,,,START,0.167,side mark 13 _\Side_1305_10_seven.mp4,5,NA,
Side_1305,2025-06-10 11:48:46.997,,213.135,Media file(s),player #1:side mark 13 _\Side_1305_10_seven.mp4;side mark 13 _\Side_1305_11_three.mp4;side mark 13 _\Side_1305_12_onehalf.mp4;side mark 13 _\Side_1305_13_one.mp4;side mark 13 _\Side_1305_14_onehalf.mp4;side mark 13 _\Side_1305_15_three.mp4;side mark 13 _\Side_1305_16_five.mp4;side mark 13 _\Side_1305_17_three.mp4;side mark 13 _\Side_1305_18_seven.mp4;side mark 13 _\Side_1305_19_five.mp4;side mark 13 _\Side_1305_20_one.mp4;side mark 13 _\Side_1305_3_seven.mp4;side mark 13 _\Side_1305_4_control.mp4;side mark 13 _\Side_1305_5_three.mp4;side mark 13 _\Side_1305_6_three.mp4;side mark 13 _\Side_1305_7_five.mp4;side mark 13 _\Side_1305_8_control.mp4;side mark 13 _\Side_1305_9_one.mp4,0.0,11.964;11.665;15.565;23.128;7.768;6.764;7.832;11.296;7.564;18.163;6.830;17.764;6.901;16.398;19.330;12.264;4.167;7.833,30.000;30.000;30.000;30.000;29.970;30.000;30.000;30.000;30.000;30.000;30.000;30.000;30.000;30.000;30.000;30.000;30.000;30.000,Sidemark,lifting,,,STOP,0.467,side mark 13 _\Side_1305_10_seven.mp4,14,NA,
Side_1305,2025-06-10 11:48:46.997,,213.135,Media file(s),player #1:side mark 13 _\Side_1305_10_seven.mp4;side mark 13 _\Side_1305_11_three.mp4;side mark 13 _\Side_1305_12_onehalf.mp4;side mark 13 _\Side_1305_13_one.mp4;side mark 13 _\Side_1305_14_onehalf.mp4;side mark 13 _\Side_1305_15_three.mp4;side mark 13 _\Side_1305_16_five.mp4;side mark 13 _\Side_1305_17_three.mp4;side mark 13 _\Side_1305_18_seven.mp4;side mark 13 _\Side_1305_19_five.mp4;side mark 13 _\Side_1305_20_one.mp4;side mark 13 _\Side_1305_3_seven.mp4;side mark 13 _\Side_1305_4_control.mp4;side mark 13 _\Side_1305_5_three.mp4;side mark 13 _\Side_1305_6_three.mp4;side mark 13 _\Side_1305_7_five.mp4;side mark 13 _\Side_1305_8_control.mp4;side mark 13 _\Side_1305_9_one.mp4,0.0,11.964;11.665;15.565;23.128;7.768;6.764;7.832;11.296;7.564;18.163;6.830;17.764;6.901;16.398;19.330;12.264;4.167;7.833,30.000;30.000;30.000;30.000;29.970;30.000;30.000;30.000;30.000;30.000;30.000;30.000;30.000;30.000;30.000;30.000;30.000;30.000,Sidemark,target,,,START,1.833,side mark 13 _\Side_1305_10_seven.mp4,55,NA,
Side_1305,2025-06-10 11:48:46.997,,213.135,Media file(s),player #1:side mark 13 _\Side_1305_10_seven.mp4;side mark 13 _\Side_1305_11_three.mp4;side mark 13 _\Side_1305_12_onehalf.mp4;side mark 13 _\Side_1305_13_one.mp4;side mark 13 _\Side_1305_14_onehalf.mp4;side mark 13 _\Side_1305_15_three.mp4;side mark 13 _\Side_1305_16_five.mp4;side mark 13 _\Side_1305_17_three.mp4;side mark 13 _\Side_1305_18_seven.mp4;side mark 13 _\Side_1305_19_five.mp4;side mark 13 _\Side_1305_20_one.mp4;side mark 13 _\Side_1305_3_seven.mp4;side mark 13 _\Side_1305_4_control.mp4;side mark 13 _\Side_1305_5_three.mp4;side mark 13 _\Side_1305_6_three.mp4;side mark 13 _\Side_1305_7_five.mp4;side mark 13 _\Side_1305_8_control.mp4;side mark 13 _\Side_1305_9_one.mp4,0.0,11.964;11.665;15.565;23.128;7.768;6.764;7.832;11.296;7.564;18.163;6.830;17.764;6.901;16.398;19.330;12.264;4.167;7.833,30.000;30.000;30.000;30.000;29.970;30.000;30.000;30.000;30.000;30.000;30.000;30.000;30.000;30.000;30.000;30.000;30.000;30.000,Sidemark,target,,,STOP,11.297,side mark 13 _\Side_1305_10_seven.mp4,339,NA,
Side_1305,2025-06-10 11:48:46.997,,213.135,Media file(s),player #1:side mark 13 _\Side_1305_10_seven.mp4;side mark 13 _\Side_1305_11_three.mp4;side mark 13 _\Side_1305_12_onehalf.mp4;side mark 13 _\Side_1305_13_one.mp4;side mark 13 _\Side_1305_14_onehalf.mp4;side mark 13 _\Side_1305_15_three.mp4;side mark 13 _\Side_1305_16_five.mp4;side mark 13 _\Side_1305_17_three.mp4;side mark 13 _\Side_1305_18_seven.mp4;side mark 13 _\Side_1305_19_five.mp4;side mark 13 _\Side_1305_20_one.mp4;side mark 13 _\Side_1305_3_seven.mp4;side mark 13 _\Side_1305_4_control.mp4;side mark 13 _\Side_1305_5_three.mp4;side mark 13 _\Side_1305_6_three.mp4;side mark 13 _\Side_1305_7_five.mp4;side mark 13 _\Side_1305_8_control.mp4;side mark 13 _\Side_1305_9_one.mp4,0.0,11.964;11.665;15.565;23.128;7.768;6.764;7.832;11.296;7.564;18.163;6.830;17.764;6.901;16.398;19.330;12.264;4.167;7.833,30.000;30.000;30.000;30.000;29.970;30.000;30.000;30.000;30.000;30.000;30.000;30.000;30.000;30.000;30.000;30.000;30.000;30.000,Sidemark,bending,,,START,12.798,side mark 13 _\Side_1305_11_three.mp4,25,NA,
Side_1305,2025-06-10 11:48:46.997,,213.135,Media file(s),player #1:side mark 13 _\Side_1305_10_seven.mp4;side mark 13 _\Side_1305_11_three.mp4;side mark 13 _\Side_1305_12_onehalf.mp4;side mark 13 _\Side_1305_13_one.mp4;side mark 13 _\Side_1305_14_onehalf.mp4;side mark 13 _\Side_1305_15_three.mp4;side mark 13 _\Side_1305_16_five.mp4;side mark 13 _\Side_1305_17_three.mp4;side mark 13 _\Side_1305_18_seven.mp4;side mark 13 _\Side_1305_19_five.mp4;side mark 13 _\Side_1305_20_one.mp4;side mark 13 _\Side_1305_3_seven.mp4;side mark 13 _\Side_1305_4_control.mp4;side mark 13 _\Side_1305_5_three.mp4;side mark 13 _\Side_1305_6_three.mp4;side mark 13 _\Side_1305_7_five.mp4;side mark 13 _\Side_1305_8_control.mp4;side mark 13 _\Side_1305_9_one.mp4,0.0,11.964;11.665;15.565;23.128;7.768;6.764;7.832;11.296;7.564;18.163;6.830;17.764;6.901;16.398;19.330;12.264;4.167;7.833,30.000;30.000;30.000;30.000;29.970;30.000;30.000;30.000;30.000;30.000;30.000;30.000;30.000;30.000;30.000;30.000;30.000;30.000,Sidemark,grabbing peanut,,,POINT,13.498,side mark 13 _\Side_1305_11_three.mp4,46,NA,
Side_1305,2025-06-10 11:48:46.997,,213.135,Media file(s),player #1:side mark 13 _\Side_1305_10_seven.mp4;side mark 13 _\Side_1305_11_three.mp4;side mark 13 _\Side_1305_12_onehalf.mp4;side mark 13 _\Side_1305_13_one.mp4;side mark 13 _\Side_1305_14_onehalf.mp4;side mark 13 _\Side_1305_15_three.mp4;side mark 13 _\Side_1305_16_five.mp4;side mark 13 _\Side_1305_17_three.mp4;side mark 13 _\Side_1305_18_seven.mp4;side mark 13 _\Side_1305_19_five.mp4;side mark 13 _\Side_1305_20_one.mp4;side mark 13 _\Side_1305_3_seven.mp4;side mark 13 _\Side_1305_4_control.mp4;side mark 13 _\Side_1305_5_three.mp4;side mark 13 _\Side_1305_6_three.mp4;side mark 13 _\Side_1305_7_five.mp4;side mark 13 _\Side_1305_8_control.mp4;side mark 13 _\Side_1305_9_one.mp4,0.0,11.964;11.665;15.565;23.128;7.768;6.764;7.832;11.296;7.564;18.163;6.830;17.764;6.901;16.398;19.330;12.264;4.167;7.833,30.000;30.000;30.000;30.000;29.970;30.000;30.000;30.000;30.000;30.000;30.000;30.000;30.000;30.000;30.000;30.000;30.000;30.000,Sidemark,bending,,,STOP,13.531,side mark 13 _\Side_1305_11_three.mp4,47,NA,
Side_1305,2025-06-10 11:48:46.997,,213.135,Media file(s),player #1:side mark 13 _\Side_1305_10_seven.mp4;side mark 13 _\Side_1305_11_three.mp4;side mark 13 _\Side_1305_12_onehalf.mp4;side mark 13 _\Side_1305_13_one.mp4;side mark 13 _\Side_1305_14_onehalf.mp4;side mark 13 _\Side_1305_15_three.mp4;side mark 13 _\Side_1305_16_five.mp4;side mark 13 _\Side_1305_17_three.mp4;side mark 13 _\Side_1305_18_seven.mp4;side mark 13 _\Side_1305_19_five.mp4;side mark 13 _\Side_1305_20_one.mp4;side mark 13 _\Side_1305_3_seven.mp4;side mark 13 _\Side_1305_4_control.mp4;side mark 13 _\Side_1305_5_three.mp4;side mark 13 _\Side_1305_6_three.mp4;side mark 13 _\Side_1305_7_five.mp4;side mark 13 _\Side_1305_8_control.mp4;side mark 13 _\Side_1305_9_one.mp4,0.0,11.964;11.665;15.565;23.128;7.768;6.764;7.832;11.296;7.564;18.163;6.830;17.764;6.901;16.398;19.330;12.264;4.167;7.833,30.000;30.000;30.000;30.000;29.970;30.000;30.000;30.000;30.000;30.000;30.000;30.000;30.000;30.000;30.000;30.000;30.000;30.000,Sidemark,lifting,,,START,13.531,side mark 13 _\Side_1305_11_three.mp4,47,NA,
Side_1305,2025-06-10 11:48:46.997,,213.135,Media file(s),player #1:side mark 13 _\Side_1305_10_seven.mp4;side mark 13 _\Side_1305_11_three.mp4;side mark 13 _\Side_1305_12_onehalf.mp4;side mark 13 _\Side_1305_13_one.mp4;side mark 13 _\Side_1305_14_onehalf.mp4;side mark 13 _\Side_1305_15_three.mp4;side mark 13 _\Side_1305_16_five.mp4;side mark 13 _\Side_1305_17_three.mp4;side mark 13 _\Side_1305_18_seven.mp4;side mark 13 _\Side_1305_19_five.mp4;side mark 13 _\Side_1305_20_one.mp4;side mark 13 _\Side_1305_3_seven.mp4;side mark 13 _\Side_1305_4_control.mp4;side mark 13 _\Side_1305_5_three.mp4;side mark 13 _\Side_1305_6_three.mp4;side mark 13 _\Side_1305_7_five.mp4;side mark 13 _\Side_1305_8_control.mp4;side mark 13 _\Side_1305_9_one.mp4,0.0,11.964;11.665;15.565;23.128;7.768;6.764;7.832;11.296;7.564;18.163;6.830;17.764;6.901;16.398;19.330;12.264;4.167;7.833,30.000;30.000;30.000;30.000;29.970;30.000;30.000;30.000;30.000;30.000;30.000;30.000;30.000;30.000;30.000;30.000;30.000;30.000,Sidemark,lifting,,,STOP,13.798,side mark 13 _\Side_1305_11_three.mp4,55,NA,
Side_1305,2025-06-10 11:48:46.997,,213.135,Media file(s),player #1:side mark 13 _\Side_1305_10_seven.mp4;side mark 13 _\Side_1305_11_three.mp4;side mark 13 _\Side_1305_12_onehalf.mp4;side mark 13 _\Side_1305_13_one.mp4;side mark 13 _\Side_1305_14_onehalf.mp4;side mark 13 _\Side_1305_15_three.mp4;side mark 13 _\Side_1305_16_five.mp4;side mark 13 _\Side_1305_17_three.mp4;side mark 13 _\Side_1305_18_seven.mp4;side mark 13 _\Side_1305_19_five.mp4;side mark 13 _\Side_1305_20_one.mp4;side mark 13 _\Side_1305_3_seven.mp4;side mark 13 _\Side_1305_4_control.mp4;side mark 13 _\Side_1305_5_three.mp4;side mark 13 _\Side_1305_6_three.mp4;side mark 13 _\Side_1305_7_five.mp4;side mark 13 _\Side_1305_8_control.mp4;side mark 13 _\Side_1305_9_one.mp4,0.0,11.964;11.665;15.565;23.128;7.768;6.764;7.832;11.296;7.564;18.163;6.830;17.764;6.901;16.398;19.330;12.264;4.167;7.833,30.000;30.000;30.000;30.000;29.970;30.000;30.000;30.000;30.000;30.000;30.000;30.000;30.000;30.000;30.000;30.000;30.000;30.000,Sidemark,assessing,,,START,14.231,side mark 13 _\Side_1305_11_three.mp4,68,NA,
Side_1305,2025-06-10 11:48:46.997,,213.135,Media file(s),player #1:side mark 13 _\Side_1305_10_seven.mp4;side mark 13 _\Side_1305_11_three.mp4;side mark 13 _\Side_1305_12_onehalf.mp4;side mark 13 _\Side_1305_13_one.mp4;side mark 13 _\Side_1305_14_onehalf.mp4;side mark 13 _\Side_1305_15_three.mp4;side mark 13 _\Side_1305_16_five.mp4;side mark 13 _\Side_1305_17_three.mp4;side mark 13 _\Side_1305_18_seven.mp4;side mark 13 _\Side_1305_19_five.mp4;side mark 13 _\Side_1305_20_one.mp4;side mark 13 _\Side_1305_3_seven.mp4;side mark 13 _\Side_1305_4_control.mp4;side mark 13 _\Side_1305_5_three.mp4;side mark 13 _\Side_1305_6_three.mp4;side mark 13 _\Side_1305_7_five.mp4;side mark 13 _\Side_1305_8_control.mp4;side mark 13 _\Side_1305_9_one.mp4,0.0,11.964;11.665;15.565;23.128;7.768;6.764;7.832;11.296;7.564;18.163;6.830;17.764;6.901;16.398;19.330;12.264;4.167;7.833,30.000;30.000;30.000;30.000;29.970;30.000;30.000;30.000;30.000;30.000;30.000;30.000;30.000;30.000;30.000;30.000;30.000;30.000,Sidemark,jaw movement,,,POINT,14.365,side mark 13 _\Side_1305_11_three.mp4,72,NA,
Side_1305,2025-06-10 11:48:46.997,,213.135,Media file(s),player #1:side mark 13 _\Side_1305_10_seven.mp4;side mark 13 _\Side_1305_11_three.mp4;side mark 13 _\Side_1305_12_onehalf.mp4;side mark 13 _\Side_1305_13_one.mp4;side mark 13 _\Side_1305_14_onehalf.mp4;side mark 13 _\Side_1305_15_three.mp4;side mark 13 _\Side_1305_16_five.mp4;side mark 13 _\Side_1305_17_three.mp4;side mark 13 _\Side_1305_18_seven.mp4;side mark 13 _\Side_1305_19_five.mp4;side mark 13 _\Side_1305_20_one.mp4;side mark 13 _\Side_1305_3_seven.mp4;side mark 13 _\Side_1305_4_control.mp4;side mark 13 _\Side_1305_5_three.mp4;side mark 13 _\Side_1305_6_three.mp4;side mark 13 _\Side_1305_7_five.mp4;side mark 13 _\Side_1305_8_control.mp4;side mark 13 _\Side_1305_9_one.mp4,0.0,11.964;11.665;15.565;23.128;7.768;6.764;7.832;11.296;7.564;18.163;6.830;17.764;6.901;16.398;19.330;12.264;4.167;7.833,30.000;30.000;30.000;30.000;29.970;30.000;30.000;30.000;30.000;30.000;30.000;30.000;30.000;30.000;30.000;30.000;30.000;30.000,Sidemark,licking,,,POINT,14.465,side mark 13 _\Side_1305_11_three.mp4,75,NA,
Side_1305,2025-06-10 11:48:46.997,,213.135,Media file(s),player #1:side mark 13 _\Side_1305_10_seven.mp4;side mark 13 _\Side_1305_11_three.mp4;side mark 13 _\Side_1305_12_onehalf.mp4;side mark 13 _\Side_1305_13_one.mp4;side mark 13 _\Side_1305_14_onehalf.mp4;side mark 13 _\Side_1305_15_three.mp4;side mark 13 _\Side_1305_16_five.mp4;side mark 13 _\Side_1305_17_three.mp4;side mark 13 _\Side_1305_18_seven.mp4;side mark 13 _\Side_1305_19_five.mp4;side mark 13 _\Side_1305_20_one.mp4;side mark 13 _\Side_1305_3_seven.mp4;side mark 13 _\Side_1305_4_control.mp4;side mark 13 _\Side_1305_5_three.mp4;side mark 13 _\Side_1305_6_three.mp4;side mark 13 _\Side_1305_7_five.mp4;side mark 13 _\Side_1305_8_control.mp4;side mark 13 _\Side_1305_9_one.mp4,0.0,11.964;11.665;15.565;23.128;7.768;6.764;7.832;11.296;7.564;18.163;6.830;17.764;6.901;16.398;19.330;12.264;4.167;7.833,30.000;30.000;30.000;30.000;29.970;30.000;30.000;30.000;30.000;30.000;30.000;30.000;30.000;30.000;30.000;30.000;30.000;30.000,Sidemark,jaw movement,,,POINT,14.865,side mark 13 _\Side_1305_11_three.mp4,87,NA,
Side_1305,2025-06-10 11:48:46.997,,213.135,Media file(s),player #1:side mark 13 _\Side_1305_10_seven.mp4;side mark 13 _\Side_1305_11_three.mp4;side mark 13 _\Side_1305_12_onehalf.mp4;side mark 13 _\Side_1305_13_one.mp4;side mark 13 _\Side_1305_14_onehalf.mp4;side mark 13 _\Side_1305_15_three.mp4;side mark 13 _\Side_1305_16_five.mp4;side mark 13 _\Side_1305_17_three.mp4;side mark 13 _\Side_1305_18_seven.mp4;side mark 13 _\Side_1305_19_five.mp4;side mark 13 _\Side_1305_20_one.mp4;side mark 13 _\Side_1305_3_seven.mp4;side mark 13 _\Side_1305_4_control.mp4;side mark 13 _\Side_1305_5_three.mp4;side mark 13 _\Side_1305_6_three.mp4;side mark 13 _\Side_1305_7_five.mp4;side mark 13 _\Side_1305_8_control.mp4;side mark 13 _\Side_1305_9_one.mp4,0.0,11.964;11.665;15.565;23.128;7.768;6.764;7.832;11.296;7.564;18.163;6.830;17.764;6.901;16.398;19.330;12.264;4.167;7.833,30.000;30.000;30.000;30.000;29.970;30.000;30.000;30.000;30.000;30.000;30.000;30.000;30.000;30.000;30.000;30.000;30.000;30.000,Sidemark,mouth,,,POINT,15.031,side mark 13 _\Side_1305_11_three.mp4,92,NA,
Side_1305,2025-06-10 11:48:46.997,,213.135,Media file(s),player #1:side mark 13 _\Side_1305_10_seven.mp4;side mark 13 _\Side_1305_11_three.mp4;side mark 13 _\Side_1305_12_onehalf.mp4;side mark 13 _\Side_1305_13_one.mp4;side mark 13 _\Side_1305_14_onehalf.mp4;side mark 13 _\Side_1305_15_three.mp4;side mark 13 _\Side_1305_16_five.mp4;side mark 13 _\Side_1305_17_three.mp4;side mark 13 _\Side_1305_18_seven.mp4;side mark 13 _\Side_1305_19_five.mp4;side mark 13 _\Side_1305_20_one.mp4;side mark 13 _\Side_1305_3_seven.mp4;side mark 13 _\Side_1305_4_control.mp4;side mark 13 _\Side_1305_5_three.mp4;side mark 13 _\Side_1305_6_three.mp4;side mark 13 _\Side_1305_7_five.mp4;side mark 13 _\Side_1305_8_control.mp4;side mark 13 _\Side_1305_9_one.mp4,0.0,11.964;11.665;15.565;23.128;7.768;6.764;7.832;11.296;7.564;18.163;6.830;17.764;6.901;16.398;19.330;12.264;4.167;7.833,30.000;30.000;30.000;30.000;29.970;30.000;30.000;30.000;30.000;30.000;30.000;30.000;30.000;30.000;30.000;30.000;30.000;30.000,Sidemark,assessing,,,STOP,15.065,side mark 13 _\Side_1305_11_three.mp4,93,NA,
Side_1305,2025-06-10 11:48:46.997,,213.135,Media file(s),player #1:side mark 13 _\Side_1305_10_seven.mp4;side mark 13 _\Side_1305_11_three.mp4;side mark 13 _\Side_1305_12_onehalf.mp4;side mark 13 _\Side_1305_13_one.mp4;side mark 13 _\Side_1305_14_onehalf.mp4;side mark 13 _\Side_1305_15_three.mp4;side mark 13 _\Side_1305_16_five.mp4;side mark 13 _\Side_1305_17_three.mp4;side mark 13 _\Side_1305_18_seven.mp4;side mark 13 _\Side_1305_19_five.mp4;side mark 13 _\Side_1305_20_one.mp4;side mark 13 _\Side_1305_3_seven.mp4;side mark 13 _\Side_1305_4_control.mp4;side mark 13 _\Side_1305_5_three.mp4;side mark 13 _\Side_1305_6_three.mp4;side mark 13 _\Side_1305_7_five.mp4;side mark 13 _\Side_1305_8_control.mp4;side mark 13 _\Side_1305_9_one.mp4,0.0,11.964;11.665;15.565;23.128;7.768;6.764;7.832;11.296;7.564;18.163;6.830;17.764;6.901;16.398;19.330;12.264;4.167;7.833,30.000;30.000;30.000;30.000;29.970;30.000;30.000;30.000;30.000;30.000;30.000;30.000;30.000;30.000;30.000;30.000;30.000;30.000,Sidemark,target,,,START,15.165,side mark 13 _\Side_1305_11_three.mp4,96,NA,
Side_1305,2025-06-10 11:48:46.997,,213.135,Media file(s),player #1:side mark 13 _\Side_1305_10_seven.mp4;side mark 13 _\Side_1305_11_three.mp4;side mark 13 _\Side_1305_12_onehalf.mp4;side mark 13 _\Side_1305_13_one.mp4;side mark 13 _\Side_1305_14_onehalf.mp4;side mark 13 _\Side_1305_15_three.mp4;side mark 13 _\Side_1305_16_five.mp4;side mark 13 _\Side_1305_17_three.mp4;side mark 13 _\Side_1305_18_seven.mp4;side mark 13 _\Side_1305_19_five.mp4;side mark 13 _\Side_1305_20_one.mp4;side mark 13 _\Side_1305_3_seven.mp4;side mark 13 _\Side_1305_4_control.mp4;side mark 13 _\Side_1305_5_three.mp4;side mark 13 _\Side_1305_6_three.mp4;side mark 13 _\Side_1305_7_five.mp4;side mark 13 _\Side_1305_8_control.mp4;side mark 13 _\Side_1305_9_one.mp4,0.0,11.964;11.665;15.565;23.128;7.768;6.764;7.832;11.296;7.564;18.163;6.830;17.764;6.901;16.398;19.330;12.264;4.167;7.833,30.000;30.000;30.000;30.000;29.970;30.000;30.000;30.000;30.000;30.000;30.000;30.000;30.000;30.000;30.000;30.000;30.000;30.000,Sidemark,target,,,STOP,22.229,side mark 13 _\Side_1305_11_three.mp4,308,NA,
Side_1305,2025-06-10 11:48:46.997,,213.135,Media file(s),player #1:side mark 13 _\Side_1305_10_seven.mp4;side mark 13 _\Side_1305_11_three.mp4;side mark 13 _\Side_1305_12_onehalf.mp4;side mark 13 _\Side_1305_13_one.mp4;side mark 13 _\Side_1305_14_onehalf.mp4;side mark 13 _\Side_1305_15_three.mp4;side mark 13 _\Side_1305_16_five.mp4;side mark 13 _\Side_1305_17_three.mp4;side mark 13 _\Side_1305_18_seven.mp4;side mark 13 _\Side_1305_19_five.mp4;side mark 13 _\Side_1305_20_one.mp4;side mark 13 _\Side_1305_3_seven.mp4;side mark 13 _\Side_1305_4_control.mp4;side mark 13 _\Side_1305_5_three.mp4;side mark 13 _\Side_1305_6_three.mp4;side mark 13 _\Side_1305_7_five.mp4;side mark 13 _\Side_1305_8_control.mp4;side mark 13 _\Side_1305_9_one.mp4,0.0,11.964;11.665;15.565;23.128;7.768;6.764;7.832;11.296;7.564;18.163;6.830;17.764;6.901;16.398;19.330;12.264;4.167;7.833,30.000;30.000;30.000;30.000;29.970;30.000;30.000;30.000;30.000;30.000;30.000;30.000;30.000;30.000;30.000;30.000;30.000;30.000,Sidemark,digging,,,START,22.295,side mark 13 _\Side_1305_11_three.mp4,311,NA,
Side_1305,2025-06-10 11:48:46.997,,213.135,Media file(s),player #1:side mark 13 _\Side_1305_10_seven.mp4;side mark 13 _\Side_1305_11_three.mp4;side mark 13 _\Side_1305_12_onehalf.mp4;side mark 13 _\Side_1305_13_one.mp4;side mark 13 _\Side_1305_14_onehalf.mp4;side mark 13 _\Side_1305_15_three.mp4;side mark 13 _\Side_1305_16_five.mp4;side mark 13 _\Side_1305_17_three.mp4;side mark 13 _\Side_1305_18_seven.mp4;side mark 13 _\Side_1305_19_five.mp4;side mark 13 _\Side_1305_20_one.mp4;side mark 13 _\Side_1305_3_seven.mp4;side mark 13 _\Side_1305_4_control.mp4;side mark 13 _\Side_1305_5_three.mp4;side mark 13 _\Side_1305_6_three.mp4;side mark 13 _\Side_1305_7_five.mp4;side mark 13 _\Side_1305_8_control.mp4;side mark 13 _\Side_1305_9_one.mp4,0.0,11.964;11.665;15.565;23.128;7.768;6.764;7.832;11.296;7.564;18.163;6.830;17.764;6.901;16.398;19.330;12.264;4.167;7.833,30.000;30.000;30.000;30.000;29.970;30.000;30.000;30.000;30.000;30.000;30.000;30.000;30.000;30.000;30.000;30.000;30.000;30.000,Sidemark,digging,,,STOP,23.562,side mark 13 _\Side_1305_11_three.mp4,348,NA,
Side_1305,2025-06-10 11:48:46.997,,213.135,Media file(s),player #1:side mark 13 _\Side_1305_10_seven.mp4;side mark 13 _\Side_1305_11_three.mp4;side mark 13 _\Side_1305_12_onehalf.mp4;side mark 13 _\Side_1305_13_one.mp4;side mark 13 _\Side_1305_14_onehalf.mp4;side mark 13 _\Side_1305_15_three.mp4;side mark 13 _\Side_1305_16_five.mp4;side mark 13 _\Side_1305_17_three.mp4;side mark 13 _\Side_1305_18_seven.mp4;side mark 13 _\Side_1305_19_five.mp4;side mark 13 _\Side_1305_20_one.mp4;side mark 13 _\Side_1305_3_seven.mp4;side mark 13 _\Side_1305_4_control.mp4;side mark 13 _\Side_1305_5_three.mp4;side mark 13 _\Side_1305_6_three.mp4;side mark 13 _\Side_1305_7_five.mp4;side mark 13 _\Side_1305_8_control.mp4;side mark 13 _\Side_1305_9_one.mp4,0.0,11.964;11.665;15.565;23.128;7.768;6.764;7.832;11.296;7.564;18.163;6.830;17.764;6.901;16.398;19.330;12.264;4.167;7.833,30.000;30.000;30.000;30.000;29.970;30.000;30.000;30.000;30.000;30.000;30.000;30.000;30.000;30.000;30.000;30.000;30.000;30.000,Sidemark,lifting,,,START,23.628,side mark 13 _\Side_1305_11_three.mp4,0,NA,
Side_1305,2025-06-10 11:48:46.997,,213.135,Media file(s),player #1:side mark 13 _\Side_1305_10_seven.mp4;side mark 13 _\Side_1305_11_three.mp4;side mark 13 _\Side_1305_12_onehalf.mp4;side mark 13 _\Side_1305_13_one.mp4;side mark 13 _\Side_1305_14_onehalf.mp4;side mark 13 _\Side_1305_15_three.mp4;side mark 13 _\Side_1305_16_five.mp4;side mark 13 _\Side_1305_17_three.mp4;side mark 13 _\Side_1305_18_seven.mp4;side mark 13 _\Side_1305_19_five.mp4;side mark 13 _\Side_1305_20_one.mp4;side mark 13 _\Side_1305_3_seven.mp4;side mark 13 _\Side_1305_4_control.mp4;side mark 13 _\Side_1305_5_three.mp4;side mark 13 _\Side_1305_6_three.mp4;side mark 13 _\Side_1305_7_five.mp4;side mark 13 _\Side_1305_8_control.mp4;side mark 13 _\Side_1305_9_one.mp4,0.0,11.964;11.665;15.565;23.128;7.768;6.764;7.832;11.296;7.564;18.163;6.830;17.764;6.901;16.398;19.330;12.264;4.167;7.833,30.000;30.000;30.000;30.000;29.970;30.000;30.000;30.000;30.000;30.000;30.000;30.000;30.000;30.000;30.000;30.000;30.000;30.000,Sidemark,lifting,,,STOP,23.961,side mark 13 _\Side_1305_12_onehalf.mp4,10,NA,
Side_1305,2025-06-10 11:48:46.997,,213.135,Media file(s),player #1:side mark 13 _\Side_1305_10_seven.mp4;side mark 13 _\Side_1305_11_three.mp4;side mark 13 _\Side_1305_12_onehalf.mp4;side mark 13 _\Side_1305_13_one.mp4;side mark 13 _\Side_1305_14_onehalf.mp4;side mark 13 _\Side_1305_15_three.mp4;side mark 13 _\Side_1305_16_five.mp4;side mark 13 _\Side_1305_17_three.mp4;side mark 13 _\Side_1305_18_seven.mp4;side mark 13 _\Side_1305_19_five.mp4;side mark 13 _\Side_1305_20_one.mp4;side mark 13 _\Side_1305_3_seven.mp4;side mark 13 _\Side_1305_4_control.mp4;side mark 13 _\Side_1305_5_three.mp4;side mark 13 _\Side_1305_6_three.mp4;side mark 13 _\Side_1305_7_five.mp4;side mark 13 _\Side_1305_8_control.mp4;side mark 13 _\Side_1305_9_one.mp4,0.0,11.964;11.665;15.565;23.128;7.768;6.764;7.832;11.296;7.564;18.163;6.830;17.764;6.901;16.398;19.330;12.264;4.167;7.833,30.000;30.000;30.000;30.000;29.970;30.000;30.000;30.000;30.000;30.000;30.000;30.000;30.000;30.000;30.000;30.000;30.000;30.000,Sidemark,target,,,START,25.094,side mark 13 _\Side_1305_12_onehalf.mp4,44,NA,
Side_1305,2025-06-10 11:48:46.997,,213.135,Media file(s),player #1:side mark 13 _\Side_1305_10_seven.mp4;side mark 13 _\Side_1305_11_three.mp4;side mark 13 _\Side_1305_12_onehalf.mp4;side mark 13 _\Side_1305_13_one.mp4;side mark 13 _\Side_1305_14_onehalf.mp4;side mark 13 _\Side_1305_15_three.mp4;side mark 13 _\Side_1305_16_five.mp4;side mark 13 _\Side_1305_17_three.mp4;side mark 13 _\Side_1305_18_seven.mp4;side mark 13 _\Side_1305_19_five.mp4;side mark 13 _\Side_1305_20_one.mp4;side mark 13 _\Side_1305_3_seven.mp4;side mark 13 _\Side_1305_4_control.mp4;side mark 13 _\Side_1305_5_three.mp4;side mark 13 _\Side_1305_6_three.mp4;side mark 13 _\Side_1305_7_five.mp4;side mark 13 _\Side_1305_8_control.mp4;side mark 13 _\Side_1305_9_one.mp4,0.0,11.964;11.665;15.565;23.128;7.768;6.764;7.832;11.296;7.564;18.163;6.830;17.764;6.901;16.398;19.330;12.264;4.167;7.833,30.000;30.000;30.000;30.000;29.970;30.000;30.000;30.000;30.000;30.000;30.000;30.000;30.000;30.000;30.000;30.000;30.000;30.000,Sidemark,target,,,STOP,36.059,side mark 13 _\Side_1305_12_onehalf.mp4,373,NA,
Side_1305,2025-06-10 11:48:46.997,,213.135,Media file(s),player #1:side mark 13 _\Side_1305_10_seven.mp4;side mark 13 _\Side_1305_11_three.mp4;side mark 13 _\Side_1305_12_onehalf.mp4;side mark 13 _\Side_1305_13_one.mp4;side mark 13 _\Side_1305_14_onehalf.mp4;side mark 13 _\Side_1305_15_three.mp4;side mark 13 _\Side_1305_16_five.mp4;side mark 13 _\Side_1305_17_three.mp4;side mark 13 _\Side_1305_18_seven.mp4;side mark 13 _\Side_1305_19_five.mp4;side mark 13 _\Side_1305_20_one.mp4;side mark 13 _\Side_1305_3_seven.mp4;side mark 13 _\Side_1305_4_control.mp4;side mark 13 _\Side_1305_5_three.mp4;side mark 13 _\Side_1305_6_three.mp4;side mark 13 _\Side_1305_7_five.mp4;side mark 13 _\Side_1305_8_control.mp4;side mark 13 _\Side_1305_9_one.mp4,0.0,11.964;11.665;15.565;23.128;7.768;6.764;7.832;11.296;7.564;18.163;6.830;17.764;6.901;16.398;19.330;12.264;4.167;7.833,30.000;30.000;30.000;30.000;29.970;30.000;30.000;30.000;30.000;30.000;30.000;30.000;30.000;30.000;30.000;30.000;30.000;30.000,Sidemark,digging,,,START,36.726,side mark 13 _\Side_1305_12_onehalf.mp4,393,NA,
Side_1305,2025-06-10 11:48:46.997,,213.135,Media file(s),player #1:side mark 13 _\Side_1305_10_seven.mp4;side mark 13 _\Side_1305_11_three.mp4;side mark 13 _\Side_1305_12_onehalf.mp4;side mark 13 _\Side_1305_13_one.mp4;side mark 13 _\Side_1305_14_onehalf.mp4;side mark 13 _\Side_1305_15_three.mp4;side mark 13 _\Side_1305_16_five.mp4;side mark 13 _\Side_1305_17_three.mp4;side mark 13 _\Side_1305_18_seven.mp4;side mark 13 _\Side_1305_19_five.mp4;side mark 13 _\Side_1305_20_one.mp4;side mark 13 _\Side_1305_3_seven.mp4;side mark 13 _\Side_1305_4_control.mp4;side mark 13 _\Side_1305_5_three.mp4;side mark 13 _\Side_1305_6_three.mp4;side mark 13 _\Side_1305_7_five.mp4;side mark 13 _\Side_1305_8_control.mp4;side mark 13 _\Side_1305_9_one.mp4,0.0,11.964;11.665;15.565;23.128;7.768;6.764;7.832;11.296;7.564;18.163;6.830;17.764;6.901;16.398;19.330;12.264;4.167;7.833,30.000;30.000;30.000;30.000;29.970;30.000;30.000;30.000;30.000;30.000;30.000;30.000;30.000;30.000;30.000;30.000;30.000;30.000,Sidemark,digging,,,STOP,39.093,side mark 13 _\Side_1305_12_onehalf.mp4,464,NA,
Side_1305,2025-06-10 11:48:46.997,,213.135,Media file(s),player #1:side mark 13 _\Side_1305_10_seven.mp4;side mark 13 _\Side_1305_11_three.mp4;side mark 13 _\Side_1305_12_onehalf.mp4;side mark 13 _\Side_1305_13_one.mp4;side mark 13 _\Side_1305_14_onehalf.mp4;side mark 13 _\Side_1305_15_three.mp4;side mark 13 _\Side_1305_16_five.mp4;side mark 13 _\Side_1305_17_three.mp4;side mark 13 _\Side_1305_18_seven.mp4;side mark 13 _\Side_1305_19_five.mp4;side mark 13 _\Side_1305_20_one.mp4;side mark 13 _\Side_1305_3_seven.mp4;side mark 13 _\Side_1305_4_control.mp4;side mark 13 _\Side_1305_5_three.mp4;side mark 13 _\Side_1305_6_three.mp4;side mark 13 _\Side_1305_7_five.mp4;side mark 13 _\Side_1305_8_control.mp4;side mark 13 _\Side_1305_9_one.mp4,0.0,11.964;11.665;15.565;23.128;7.768;6.764;7.832;11.296;7.564;18.163;6.830;17.764;6.901;16.398;19.330;12.264;4.167;7.833,30.000;30.000;30.000;30.000;29.970;30.000;30.000;30.000;30.000;30.000;30.000;30.000;30.000;30.000;30.000;30.000;30.000;30.000,Sidemark,explore,,,START,39.192,side mark 13 _\Side_1305_12_onehalf.mp4,0,NA,
Side_1305,2025-06-10 11:48:46.997,,213.135,Media file(s),player #1:side mark 13 _\Side_1305_10_seven.mp4;side mark 13 _\Side_1305_11_three.mp4;side mark 13 _\Side_1305_12_onehalf.mp4;side mark 13 _\Side_1305_13_one.mp4;side mark 13 _\Side_1305_14_onehalf.mp4;side mark 13 _\Side_1305_15_three.mp4;side mark 13 _\Side_1305_16_five.mp4;side mark 13 _\Side_1305_17_three.mp4;side mark 13 _\Side_1305_18_seven.mp4;side mark 13 _\Side_1305_19_five.mp4;side mark 13 _\Side_1305_20_one.mp4;side mark 13 _\Side_1305_3_seven.mp4;side mark 13 _\Side_1305_4_control.mp4;side mark 13 _\Side_1305_5_three.mp4;side mark 13 _\Side_1305_6_three.mp4;side mark 13 _\Side_1305_7_five.mp4;side mark 13 _\Side_1305_8_control.mp4;side mark 13 _\Side_1305_9_one.mp4,0.0,11.964;11.665;15.565;23.128;7.768;6.764;7.832;11.296;7.564;18.163;6.830;17.764;6.901;16.398;19.330;12.264;4.167;7.833,30.000;30.000;30.000;30.000;29.970;30.000;30.000;30.000;30.000;30.000;30.000;30.000;30.000;30.000;30.000;30.000;30.000;30.000,Sidemark,explore,,,STOP,39.659,side mark 13 _\Side_1305_13_one.mp4,14,NA,
Side_1305,2025-06-10 11:48:46.997,,213.135,Media file(s),player #1:side mark 13 _\Side_1305_10_seven.mp4;side mark 13 _\Side_1305_11_three.mp4;side mark 13 _\Side_1305_12_onehalf.mp4;side mark 13 _\Side_1305_13_one.mp4;side mark 13 _\Side_1305_14_onehalf.mp4;side mark 13 _\Side_1305_15_three.mp4;side mark 13 _\Side_1305_16_five.mp4;side mark 13 _\Side_1305_17_three.mp4;side mark 13 _\Side_1305_18_seven.mp4;side mark 13 _\Side_1305_19_five.mp4;side mark 13 _\Side_1305_20_one.mp4;side mark 13 _\Side_1305_3_seven.mp4;side mark 13 _\Side_1305_4_control.mp4;side mark 13 _\Side_1305_5_three.mp4;side mark 13 _\Side_1305_6_three.mp4;side mark 13 _\Side_1305_7_five.mp4;side mark 13 _\Side_1305_8_control.mp4;side mark 13 _\Side_1305_9_one.mp4,0.0,11.964;11.665;15.565;23.128;7.768;6.764;7.832;11.296;7.564;18.163;6.830;17.764;6.901;16.398;19.330;12.264;4.167;7.833,30.000;30.000;30.000;30.000;29.970;30.000;30.000;30.000;30.000;30.000;30.000;30.000;30.000;30.000;30.000;30.000;30.000;30.000,Sidemark,bending,,,START,39.888,side mark 13 _\Side_1305_13_one.mp4,21,NA,
Side_1305,2025-06-10 11:48:46.997,,213.135,Media file(s),player #1:side mark 13 _\Side_1305_10_seven.mp4;side mark 13 _\Side_1305_11_three.mp4;side mark 13 _\Side_1305_12_onehalf.mp4;side mark 13 _\Side_1305_13_one.mp4;side mark 13 _\Side_1305_14_onehalf.mp4;side mark 13 _\Side_1305_15_three.mp4;side mark 13 _\Side_1305_16_five.mp4;side mark 13 _\Side_1305_17_three.mp4;side mark 13 _\Side_1305_18_seven.mp4;side mark 13 _\Side_1305_19_five.mp4;side mark 13 _\Side_1305_20_one.mp4;side mark 13 _\Side_1305_3_seven.mp4;side mark 13 _\Side_1305_4_control.mp4;side mark 13 _\Side_1305_5_three.mp4;side mark 13 _\Side_1305_6_three.mp4;side mark 13 _\Side_1305_7_five.mp4;side mark 13 _\Side_1305_8_control.mp4;side mark 13 _\Side_1305_9_one.mp4,0.0,11.964;11.665;15.565;23.128;7.768;6.764;7.832;11.296;7.564;18.163;6.830;17.764;6.901;16.398;19.330;12.264;4.167;7.833,30.000;30.000;30.000;30.000;29.970;30.000;30.000;30.000;30.000;30.000;30.000;30.000;30.000;30.000;30.000;30.000;30.000;30.000,Sidemark,bending,,,STOP,40.555,side mark 13 _\Side_1305_13_one.mp4,41,NA,
Side_1305,2025-06-10 11:48:46.997,,213.135,Media file(s),player #1:side mark 13 _\Side_1305_10_seven.mp4;side mark 13 _\Side_1305_11_three.mp4;side mark 13 _\Side_1305_12_onehalf.mp4;side mark 13 _\Side_1305_13_one.mp4;side mark 13 _\Side_1305_14_onehalf.mp4;side mark 13 _\Side_1305_15_three.mp4;side mark 13 _\Side_1305_16_five.mp4;side mark 13 _\Side_1305_17_three.mp4;side mark 13 _\Side_1305_18_seven.mp4;side mark 13 _\Side_1305_19_five.mp4;side mark 13 _\Side_1305_20_one.mp4;side mark 13 _\Side_1305_3_seven.mp4;side mark 13 _\Side_1305_4_control.mp4;side mark 13 _\Side_1305_5_three.mp4;side mark 13 _\Side_1305_6_three.mp4;side mark 13 _\Side_1305_7_five.mp4;side mark 13 _\Side_1305_8_control.mp4;side mark 13 _\Side_1305_9_one.mp4,0.0,11.964;11.665;15.565;23.128;7.768;6.764;7.832;11.296;7.564;18.163;6.830;17.764;6.901;16.398;19.330;12.264;4.167;7.833,30.000;30.000;30.000;30.000;29.970;30.000;30.000;30.000;30.000;30.000;30.000;30.000;30.000;30.000;30.000;30.000;30.000;30.000,Sidemark,grabbing peanut,,,POINT,40.589,side mark 13 _\Side_1305_13_one.mp4,42,NA,
Side_1305,2025-06-10 11:48:46.997,,213.135,Media file(s),player #1:side mark 13 _\Side_1305_10_seven.mp4;side mark 13 _\Side_1305_11_three.mp4;side mark 13 _\Side_1305_12_onehalf.mp4;side mark 13 _\Side_1305_13_one.mp4;side mark 13 _\Side_1305_14_onehalf.mp4;side mark 13 _\Side_1305_15_three.mp4;side mark 13 _\Side_1305_16_five.mp4;side mark 13 _\Side_1305_17_three.mp4;side mark 13 _\Side_1305_18_seven.mp4;side mark 13 _\Side_1305_19_five.mp4;side mark 13 _\Side_1305_20_one.mp4;side mark 13 _\Side_1305_3_seven.mp4;side mark 13 _\Side_1305_4_control.mp4;side mark 13 _\Side_1305_5_three.mp4;side mark 13 _\Side_1305_6_three.mp4;side mark 13 _\Side_1305_7_five.mp4;side mark 13 _\Side_1305_8_control.mp4;side mark 13 _\Side_1305_9_one.mp4,0.0,11.964;11.665;15.565;23.128;7.768;6.764;7.832;11.296;7.564;18.163;6.830;17.764;6.901;16.398;19.330;12.264;4.167;7.833,30.000;30.000;30.000;30.000;29.970;30.000;30.000;30.000;30.000;30.000;30.000;30.000;30.000;30.000;30.000;30.000;30.000;30.000,Sidemark,lifting,,,START,40.656,side mark 13 _\Side_1305_13_one.mp4,44,NA,
Side_1305,2025-06-10 11:48:46.997,,213.135,Media file(s),player #1:side mark 13 _\Side_1305_10_seven.mp4;side mark 13 _\Side_1305_11_three.mp4;side mark 13 _\Side_1305_12_onehalf.mp4;side mark 13 _\Side_1305_13_one.mp4;side mark 13 _\Side_1305_14_onehalf.mp4;side mark 13 _\Side_1305_15_three.mp4;side mark 13 _\Side_1305_16_five.mp4;side mark 13 _\Side_1305_17_three.mp4;side mark 13 _\Side_1305_18_seven.mp4;side mark 13 _\Side_1305_19_five.mp4;side mark 13 _\Side_1305_20_one.mp4;side mark 13 _\Side_1305_3_seven.mp4;side mark 13 _\Side_1305_4_control.mp4;side mark 13 _\Side_1305_5_three.mp4;side mark 13 _\Side_1305_6_three.mp4;side mark 13 _\Side_1305_7_five.mp4;side mark 13 _\Side_1305_8_control.mp4;side mark 13 _\Side_1305_9_one.mp4,0.0,11.964;11.665;15.565;23.128;7.768;6.764;7.832;11.296;7.564;18.163;6.830;17.764;6.901;16.398;19.330;12.264;4.167;7.833,30.000;30.000;30.000;30.000;29.970;30.000;30.000;30.000;30.000;30.000;30.000;30.000;30.000;30.000;30.000;30.000;30.000;30.000,Sidemark,lifting,,,STOP,40.956,side mark 13 _\Side_1305_13_one.mp4,53,NA,
Side_1305,2025-06-10 11:48:46.997,,213.135,Media file(s),player #1:side mark 13 _\Side_1305_10_seven.mp4;side mark 13 _\Side_1305_11_three.mp4;side mark 13 _\Side_1305_12_onehalf.mp4;side mark 13 _\Side_1305_13_one.mp4;side mark 13 _\Side_1305_14_onehalf.mp4;side mark 13 _\Side_1305_15_three.mp4;side mark 13 _\Side_1305_16_five.mp4;side mark 13 _\Side_1305_17_three.mp4;side mark 13 _\Side_1305_18_seven.mp4;side mark 13 _\Side_1305_19_five.mp4;side mark 13 _\Side_1305_20_one.mp4;side mark 13 _\Side_1305_3_seven.mp4;side mark 13 _\Side_1305_4_control.mp4;side mark 13 _\Side_1305_5_three.mp4;side mark 13 _\Side_1305_6_three.mp4;side mark 13 _\Side_1305_7_five.mp4;side mark 13 _\Side_1305_8_control.mp4;side mark 13 _\Side_1305_9_one.mp4,0.0,11.964;11.665;15.565;23.128;7.768;6.764;7.832;11.296;7.564;18.163;6.830;17.764;6.901;16.398;19.330;12.264;4.167;7.833,30.000;30.000;30.000;30.000;29.970;30.000;30.000;30.000;30.000;30.000;30.000;30.000;30.000;30.000;30.000;30.000;30.000;30.000,Sidemark,pause,,,START,40.989,side mark 13 _\Side_1305_13_one.mp4,54,NA,
Side_1305,2025-06-10 11:48:46.997,,213.135,Media file(s),player #1:side mark 13 _\Side_1305_10_seven.mp4;side mark 13 _\Side_1305_11_three.mp4;side mark 13 _\Side_1305_12_onehalf.mp4;side mark 13 _\Side_1305_13_one.mp4;side mark 13 _\Side_1305_14_onehalf.mp4;side mark 13 _\Side_1305_15_three.mp4;side mark 13 _\Side_1305_16_five.mp4;side mark 13 _\Side_1305_17_three.mp4;side mark 13 _\Side_1305_18_seven.mp4;side mark 13 _\Side_1305_19_five.mp4;side mark 13 _\Side_1305_20_one.mp4;side mark 13 _\Side_1305_3_seven.mp4;side mark 13 _\Side_1305_4_control.mp4;side mark 13 _\Side_1305_5_three.mp4;side mark 13 _\Side_1305_6_three.mp4;side mark 13 _\Side_1305_7_five.mp4;side mark 13 _\Side_1305_8_control.mp4;side mark 13 _\Side_1305_9_one.mp4,0.0,11.964;11.665;15.565;23.128;7.768;6.764;7.832;11.296;7.564;18.163;6.830;17.764;6.901;16.398;19.330;12.264;4.167;7.833,30.000;30.000;30.000;30.000;29.970;30.000;30.000;30.000;30.000;30.000;30.000;30.000;30.000;30.000;30.000;30.000;30.000;30.000,Sidemark,bending,,,START,41.989,side mark 13 _\Side_1305_13_one.mp4,84,NA,
Side_1305,2025-06-10 11:48:46.997,,213.135,Media file(s),player #1:side mark 13 _\Side_1305_10_seven.mp4;side mark 13 _\Side_1305_11_three.mp4;side mark 13 _\Side_1305_12_onehalf.mp4;side mark 13 _\Side_1305_13_one.mp4;side mark 13 _\Side_1305_14_onehalf.mp4;side mark 13 _\Side_1305_15_three.mp4;side mark 13 _\Side_1305_16_five.mp4;side mark 13 _\Side_1305_17_three.mp4;side mark 13 _\Side_1305_18_seven.mp4;side mark 13 _\Side_1305_19_five.mp4;side mark 13 _\Side_1305_20_one.mp4;side mark 13 _\Side_1305_3_seven.mp4;side mark 13 _\Side_1305_4_control.mp4;side mark 13 _\Side_1305_5_three.mp4;side mark 13 _\Side_1305_6_three.mp4;side mark 13 _\Side_1305_7_five.mp4;side mark 13 _\Side_1305_8_control.mp4;side mark 13 _\Side_1305_9_one.mp4,0.0,11.964;11.665;15.565;23.128;7.768;6.764;7.832;11.296;7.564;18.163;6.830;17.764;6.901;16.398;19.330;12.264;4.167;7.833,30.000;30.000;30.000;30.000;29.970;30.000;30.000;30.000;30.000;30.000;30.000;30.000;30.000;30.000;30.000;30.000;30.000;30.000,Sidemark,pause,,,STOP,41.989,side mark 13 _\Side_1305_13_one.mp4,84,NA,
Side_1305,2025-06-10 11:48:46.997,,213.135,Media file(s),player #1:side mark 13 _\Side_1305_10_seven.mp4;side mark 13 _\Side_1305_11_three.mp4;side mark 13 _\Side_1305_12_onehalf.mp4;side mark 13 _\Side_1305_13_one.mp4;side mark 13 _\Side_1305_14_onehalf.mp4;side mark 13 _\Side_1305_15_three.mp4;side mark 13 _\Side_1305_16_five.mp4;side mark 13 _\Side_1305_17_three.mp4;side mark 13 _\Side_1305_18_seven.mp4;side mark 13 _\Side_1305_19_five.mp4;side mark 13 _\Side_1305_20_one.mp4;side mark 13 _\Side_1305_3_seven.mp4;side mark 13 _\Side_1305_4_control.mp4;side mark 13 _\Side_1305_5_three.mp4;side mark 13 _\Side_1305_6_three.mp4;side mark 13 _\Side_1305_7_five.mp4;side mark 13 _\Side_1305_8_control.mp4;side mark 13 _\Side_1305_9_one.mp4,0.0,11.964;11.665;15.565;23.128;7.768;6.764;7.832;11.296;7.564;18.163;6.830;17.764;6.901;16.398;19.330;12.264;4.167;7.833,30.000;30.000;30.000;30.000;29.970;30.000;30.000;30.000;30.000;30.000;30.000;30.000;30.000;30.000;30.000;30.000;30.000;30.000,Sidemark,bending,,,STOP,43.056,side mark 13 _\Side_1305_13_one.mp4,116,NA,
Side_1305,2025-06-10 11:48:46.997,,213.135,Media file(s),player #1:side mark 13 _\Side_1305_10_seven.mp4;side mark 13 _\Side_1305_11_three.mp4;side mark 13 _\Side_1305_12_onehalf.mp4;side mark 13 _\Side_1305_13_one.mp4;side mark 13 _\Side_1305_14_onehalf.mp4;side mark 13 _\Side_1305_15_three.mp4;side mark 13 _\Side_1305_16_five.mp4;side mark 13 _\Side_1305_17_three.mp4;side mark 13 _\Side_1305_18_seven.mp4;side mark 13 _\Side_1305_19_five.mp4;side mark 13 _\Side_1305_20_one.mp4;side mark 13 _\Side_1305_3_seven.mp4;side mark 13 _\Side_1305_4_control.mp4;side mark 13 _\Side_1305_5_three.mp4;side mark 13 _\Side_1305_6_three.mp4;side mark 13 _\Side_1305_7_five.mp4;side mark 13 _\Side_1305_8_control.mp4;side mark 13 _\Side_1305_9_one.mp4,0.0,11.964;11.665;15.565;23.128;7.768;6.764;7.832;11.296;7.564;18.163;6.830;17.764;6.901;16.398;19.330;12.264;4.167;7.833,30.000;30.000;30.000;30.000;29.970;30.000;30.000;30.000;30.000;30.000;30.000;30.000;30.000;30.000;30.000;30.000;30.000;30.000,Sidemark,target,,,START,44.323,side mark 13 _\Side_1305_13_one.mp4,154,NA,
Side_1305,2025-06-10 11:48:46.997,,213.135,Media file(s),player #1:side mark 13 _\Side_1305_10_seven.mp4;side mark 13 _\Side_1305_11_three.mp4;side mark 13 _\Side_1305_12_onehalf.mp4;side mark 13 _\Side_1305_13_one.mp4;side mark 13 _\Side_1305_14_onehalf.mp4;side mark 13 _\Side_1305_15_three.mp4;side mark 13 _\Side_1305_16_five.mp4;side mark 13 _\Side_1305_17_three.mp4;side mark 13 _\Side_1305_18_seven.mp4;side mark 13 _\Side_1305_19_five.mp4;side mark 13 _\Side_1305_20_one.mp4;side mark 13 _\Side_1305_3_seven.mp4;side mark 13 _\Side_1305_4_control.mp4;side mark 13 _\Side_1305_5_three.mp4;side mark 13 _\Side_1305_6_three.mp4;side mark 13 _\Side_1305_7_five.mp4;side mark 13 _\Side_1305_8_control.mp4;side mark 13 _\Side_1305_9_one.mp4,0.0,11.964;11.665;15.565;23.128;7.768;6.764;7.832;11.296;7.564;18.163;6.830;17.764;6.901;16.398;19.330;12.264;4.167;7.833,30.000;30.000;30.000;30.000;29.970;30.000;30.000;30.000;30.000;30.000;30.000;30.000;30.000;30.000;30.000;30.000;30.000;30.000,Sidemark,pause,,,START,46.689,side mark 13 _\Side_1305_13_one.mp4,225,NA,
Side_1305,2025-06-10 11:48:46.997,,213.135,Media file(s),player #1:side mark 13 _\Side_1305_10_seven.mp4;side mark 13 _\Side_1305_11_three.mp4;side mark 13 _\Side_1305_12_onehalf.mp4;side mark 13 _\Side_1305_13_one.mp4;side mark 13 _\Side_1305_14_onehalf.mp4;side mark 13 _\Side_1305_15_three.mp4;side mark 13 _\Side_1305_16_five.mp4;side mark 13 _\Side_1305_17_three.mp4;side mark 13 _\Side_1305_18_seven.mp4;side mark 13 _\Side_1305_19_five.mp4;side mark 13 _\Side_1305_20_one.mp4;side mark 13 _\Side_1305_3_seven.mp4;side mark 13 _\Side_1305_4_control.mp4;side mark 13 _\Side_1305_5_three.mp4;side mark 13 _\Side_1305_6_three.mp4;side mark 13 _\Side_1305_7_five.mp4;side mark 13 _\Side_1305_8_control.mp4;side mark 13 _\Side_1305_9_one.mp4,0.0,11.964;11.665;15.565;23.128;7.768;6.764;7.832;11.296;7.564;18.163;6.830;17.764;6.901;16.398;19.330;12.264;4.167;7.833,30.000;30.000;30.000;30.000;29.970;30.000;30.000;30.000;30.000;30.000;30.000;30.000;30.000;30.000;30.000;30.000;30.000;30.000,Sidemark,pause,,,STOP,47.189,side mark 13 _\Side_1305_13_one.mp4,240,NA,
Side_1305,2025-06-10 11:48:46.997,,213.135,Media file(s),player #1:side mark 13 _\Side_1305_10_seven.mp4;side mark 13 _\Side_1305_11_three.mp4;side mark 13 _\Side_1305_12_onehalf.mp4;side mark 13 _\Side_1305_13_one.mp4;side mark 13 _\Side_1305_14_onehalf.mp4;side mark 13 _\Side_1305_15_three.mp4;side mark 13 _\Side_1305_16_five.mp4;side mark 13 _\Side_1305_17_three.mp4;side mark 13 _\Side_1305_18_seven.mp4;side mark 13 _\Side_1305_19_five.mp4;side mark 13 _\Side_1305_20_one.mp4;side mark 13 _\Side_1305_3_seven.mp4;side mark 13 _\Side_1305_4_control.mp4;side mark 13 _\Side_1305_5_three.mp4;side mark 13 _\Side_1305_6_three.mp4;side mark 13 _\Side_1305_7_five.mp4;side mark 13 _\Side_1305_8_control.mp4;side mark 13 _\Side_1305_9_one.mp4,0.0,11.964;11.665;15.565;23.128;7.768;6.764;7.832;11.296;7.564;18.163;6.830;17.764;6.901;16.398;19.330;12.264;4.167;7.833,30.000;30.000;30.000;30.000;29.970;30.000;30.000;30.000;30.000;30.000;30.000;30.000;30.000;30.000;30.000;30.000;30.000;30.000,Sidemark,pause,,,START,56.152,side mark 13 _\Side_1305_13_one.mp4,509,NA,
Side_1305,2025-06-10 11:48:46.997,,213.135,Media file(s),player #1:side mark 13 _\Side_1305_10_seven.mp4;side mark 13 _\Side_1305_11_three.mp4;side mark 13 _\Side_1305_12_onehalf.mp4;side mark 13 _\Side_1305_13_one.mp4;side mark 13 _\Side_1305_14_onehalf.mp4;side mark 13 _\Side_1305_15_three.mp4;side mark 13 _\Side_1305_16_five.mp4;side mark 13 _\Side_1305_17_three.mp4;side mark 13 _\Side_1305_18_seven.mp4;side mark 13 _\Side_1305_19_five.mp4;side mark 13 _\Side_1305_20_one.mp4;side mark 13 _\Side_1305_3_seven.mp4;side mark 13 _\Side_1305_4_control.mp4;side mark 13 _\Side_1305_5_three.mp4;side mark 13 _\Side_1305_6_three.mp4;side mark 13 _\Side_1305_7_five.mp4;side mark 13 _\Side_1305_8_control.mp4;side mark 13 _\Side_1305_9_one.mp4,0.0,11.964;11.665;15.565;23.128;7.768;6.764;7.832;11.296;7.564;18.163;6.830;17.764;6.901;16.398;19.330;12.264;4.167;7.833,30.000;30.000;30.000;30.000;29.970;30.000;30.000;30.000;30.000;30.000;30.000;30.000;30.000;30.000;30.000;30.000;30.000;30.000,Sidemark,pause,,,STOP,57.518,side mark 13 _\Side_1305_13_one.mp4,550,NA,
Side_1305,2025-06-10 11:48:46.997,,213.135,Media file(s),player #1:side mark 13 _\Side_1305_10_seven.mp4;side mark 13 _\Side_1305_11_three.mp4;side mark 13 _\Side_1305_12_onehalf.mp4;side mark 13 _\Side_1305_13_one.mp4;side mark 13 _\Side_1305_14_onehalf.mp4;side mark 13 _\Side_1305_15_three.mp4;side mark 13 _\Side_1305_16_five.mp4;side mark 13 _\Side_1305_17_three.mp4;side mark 13 _\Side_1305_18_seven.mp4;side mark 13 _\Side_1305_19_five.mp4;side mark 13 _\Side_1305_20_one.mp4;side mark 13 _\Side_1305_3_seven.mp4;side mark 13 _\Side_1305_4_control.mp4;side mark 13 _\Side_1305_5_three.mp4;side mark 13 _\Side_1305_6_three.mp4;side mark 13 _\Side_1305_7_five.mp4;side mark 13 _\Side_1305_8_control.mp4;side mark 13 _\Side_1305_9_one.mp4,0.0,11.964;11.665;15.565;23.128;7.768;6.764;7.832;11.296;7.564;18.163;6.830;17.764;6.901;16.398;19.330;12.264;4.167;7.833,30.000;30.000;30.000;30.000;29.970;30.000;30.000;30.000;30.000;30.000;30.000;30.000;30.000;30.000;30.000;30.000;30.000;30.000,Sidemark,target,,,STOP,60.420,side mark 13 _\Side_1305_13_one.mp4,637,NA,
Side_1305,2025-06-10 11:48:46.997,,213.135,Media file(s),player #1:side mark 13 _\Side_1305_10_seven.mp4;side mark 13 _\Side_1305_11_three.mp4;side mark 13 _\Side_1305_12_onehalf.mp4;side mark 13 _\Side_1305_13_one.mp4;side mark 13 _\Side_1305_14_onehalf.mp4;side mark 13 _\Side_1305_15_three.mp4;side mark 13 _\Side_1305_16_five.mp4;side mark 13 _\Side_1305_17_three.mp4;side mark 13 _\Side_1305_18_seven.mp4;side mark 13 _\Side_1305_19_five.mp4;side mark 13 _\Side_1305_20_one.mp4;side mark 13 _\Side_1305_3_seven.mp4;side mark 13 _\Side_1305_4_control.mp4;side mark 13 _\Side_1305_5_three.mp4;side mark 13 _\Side_1305_6_three.mp4;side mark 13 _\Side_1305_7_five.mp4;side mark 13 _\Side_1305_8_control.mp4;side mark 13 _\Side_1305_9_one.mp4,0.0,11.964;11.665;15.565;23.128;7.768;6.764;7.832;11.296;7.564;18.163;6.830;17.764;6.901;16.398;19.330;12.264;4.167;7.833,30.000;30.000;30.000;30.000;29.970;30.000;30.000;30.000;30.000;30.000;30.000;30.000;30.000;30.000;30.000;30.000;30.000;30.000,Sidemark,digging,,,START,60.820,side mark 13 _\Side_1305_13_one.mp4,649,NA,
Side_1305,2025-06-10 11:48:46.997,,213.135,Media file(s),player #1:side mark 13 _\Side_1305_10_seven.mp4;side mark 13 _\Side_1305_11_three.mp4;side mark 13 _\Side_1305_12_onehalf.mp4;side mark 13 _\Side_1305_13_one.mp4;side mark 13 _\Side_1305_14_onehalf.mp4;side mark 13 _\Side_1305_15_three.mp4;side mark 13 _\Side_1305_16_five.mp4;side mark 13 _\Side_1305_17_three.mp4;side mark 13 _\Side_1305_18_seven.mp4;side mark 13 _\Side_1305_19_five.mp4;side mark 13 _\Side_1305_20_one.mp4;side mark 13 _\Side_1305_3_seven.mp4;side mark 13 _\Side_1305_4_control.mp4;side mark 13 _\Side_1305_5_three.mp4;side mark 13 _\Side_1305_6_three.mp4;side mark 13 _\Side_1305_7_five.mp4;side mark 13 _\Side_1305_8_control.mp4;side mark 13 _\Side_1305_9_one.mp4,0.0,11.964;11.665;15.565;23.128;7.768;6.764;7.832;11.296;7.564;18.163;6.830;17.764;6.901;16.398;19.330;12.264;4.167;7.833,30.000;30.000;30.000;30.000;29.970;30.000;30.000;30.000;30.000;30.000;30.000;30.000;30.000;30.000;30.000;30.000;30.000;30.000,Sidemark,digging,,,STOP,61.587,side mark 13 _\Side_1305_13_one.mp4,672,NA,
Side_1305,2025-06-10 11:48:46.997,,213.135,Media file(s),player #1:side mark 13 _\Side_1305_10_seven.mp4;side mark 13 _\Side_1305_11_three.mp4;side mark 13 _\Side_1305_12_onehalf.mp4;side mark 13 _\Side_1305_13_one.mp4;side mark 13 _\Side_1305_14_onehalf.mp4;side mark 13 _\Side_1305_15_three.mp4;side mark 13 _\Side_1305_16_five.mp4;side mark 13 _\Side_1305_17_three.mp4;side mark 13 _\Side_1305_18_seven.mp4;side mark 13 _\Side_1305_19_five.mp4;side mark 13 _\Side_1305_20_one.mp4;side mark 13 _\Side_1305_3_seven.mp4;side mark 13 _\Side_1305_4_control.mp4;side mark 13 _\Side_1305_5_three.mp4;side mark 13 _\Side_1305_6_three.mp4;side mark 13 _\Side_1305_7_five.mp4;side mark 13 _\Side_1305_8_control.mp4;side mark 13 _\Side_1305_9_one.mp4,0.0,11.964;11.665;15.565;23.128;7.768;6.764;7.832;11.296;7.564;18.163;6.830;17.764;6.901;16.398;19.330;12.264;4.167;7.833,30.000;30.000;30.000;30.000;29.970;30.000;30.000;30.000;30.000;30.000;30.000;30.000;30.000;30.000;30.000;30.000;30.000;30.000,Sidemark,target,,,START,61.620,side mark 13 _\Side_1305_13_one.mp4,673,NA,
Side_1305,2025-06-10 11:48:46.997,,213.135,Media file(s),player #1:side mark 13 _\Side_1305_10_seven.mp4;side mark 13 _\Side_1305_11_three.mp4;side mark 13 _\Side_1305_12_onehalf.mp4;side mark 13 _\Side_1305_13_one.mp4;side mark 13 _\Side_1305_14_onehalf.mp4;side mark 13 _\Side_1305_15_three.mp4;side mark 13 _\Side_1305_16_five.mp4;side mark 13 _\Side_1305_17_three.mp4;side mark 13 _\Side_1305_18_seven.mp4;side mark 13 _\Side_1305_19_five.mp4;side mark 13 _\Side_1305_20_one.mp4;side mark 13 _\Side_1305_3_seven.mp4;side mark 13 _\Side_1305_4_control.mp4;side mark 13 _\Side_1305_5_three.mp4;side mark 13 _\Side_1305_6_three.mp4;side mark 13 _\Side_1305_7_five.mp4;side mark 13 _\Side_1305_8_control.mp4;side mark 13 _\Side_1305_9_one.mp4,0.0,11.964;11.665;15.565;23.128;7.768;6.764;7.832;11.296;7.564;18.163;6.830;17.764;6.901;16.398;19.330;12.264;4.167;7.833,30.000;30.000;30.000;30.000;29.970;30.000;30.000;30.000;30.000;30.000;30.000;30.000;30.000;30.000;30.000;30.000;30.000;30.000,Sidemark,target,,,STOP,62.220,side mark 13 _\Side_1305_13_one.mp4,691,NA,
Side_1305,2025-06-10 11:48:46.997,,213.135,Media file(s),player #1:side mark 13 _\Side_1305_10_seven.mp4;side mark 13 _\Side_1305_11_three.mp4;side mark 13 _\Side_1305_12_onehalf.mp4;side mark 13 _\Side_1305_13_one.mp4;side mark 13 _\Side_1305_14_onehalf.mp4;side mark 13 _\Side_1305_15_three.mp4;side mark 13 _\Side_1305_16_five.mp4;side mark 13 _\Side_1305_17_three.mp4;side mark 13 _\Side_1305_18_seven.mp4;side mark 13 _\Side_1305_19_five.mp4;side mark 13 _\Side_1305_20_one.mp4;side mark 13 _\Side_1305_3_seven.mp4;side mark 13 _\Side_1305_4_control.mp4;side mark 13 _\Side_1305_5_three.mp4;side mark 13 _\Side_1305_6_three.mp4;side mark 13 _\Side_1305_7_five.mp4;side mark 13 _\Side_1305_8_control.mp4;side mark 13 _\Side_1305_9_one.mp4,0.0,11.964;11.665;15.565;23.128;7.768;6.764;7.832;11.296;7.564;18.163;6.830;17.764;6.901;16.398;19.330;12.264;4.167;7.833,30.000;30.000;30.000;30.000;29.970;30.000;30.000;30.000;30.000;30.000;30.000;30.000;30.000;30.000;30.000;30.000;30.000;30.000,Sidemark,grabbing peanut,,,POINT,62.419,side mark 13 _\Side_1305_14_onehalf.mp4,3,NA,
Side_1305,2025-06-10 11:48:46.997,,213.135,Media file(s),player #1:side mark 13 _\Side_1305_10_seven.mp4;side mark 13 _\Side_1305_11_three.mp4;side mark 13 _\Side_1305_12_onehalf.mp4;side mark 13 _\Side_1305_13_one.mp4;side mark 13 _\Side_1305_14_onehalf.mp4;side mark 13 _\Side_1305_15_three.mp4;side mark 13 _\Side_1305_16_five.mp4;side mark 13 _\Side_1305_17_three.mp4;side mark 13 _\Side_1305_18_seven.mp4;side mark 13 _\Side_1305_19_five.mp4;side mark 13 _\Side_1305_20_one.mp4;side mark 13 _\Side_1305_3_seven.mp4;side mark 13 _\Side_1305_4_control.mp4;side mark 13 _\Side_1305_5_three.mp4;side mark 13 _\Side_1305_6_three.mp4;side mark 13 _\Side_1305_7_five.mp4;side mark 13 _\Side_1305_8_control.mp4;side mark 13 _\Side_1305_9_one.mp4,0.0,11.964;11.665;15.565;23.128;7.768;6.764;7.832;11.296;7.564;18.163;6.830;17.764;6.901;16.398;19.330;12.264;4.167;7.833,30.000;30.000;30.000;30.000;29.970;30.000;30.000;30.000;30.000;30.000;30.000;30.000;30.000;30.000;30.000;30.000;30.000;30.000,Sidemark,lifting,,,START,62.519,side mark 13 _\Side_1305_14_onehalf.mp4,6,NA,
Side_1305,2025-06-10 11:48:46.997,,213.135,Media file(s),player #1:side mark 13 _\Side_1305_10_seven.mp4;side mark 13 _\Side_1305_11_three.mp4;side mark 13 _\Side_1305_12_onehalf.mp4;side mark 13 _\Side_1305_13_one.mp4;side mark 13 _\Side_1305_14_onehalf.mp4;side mark 13 _\Side_1305_15_three.mp4;side mark 13 _\Side_1305_16_five.mp4;side mark 13 _\Side_1305_17_three.mp4;side mark 13 _\Side_1305_18_seven.mp4;side mark 13 _\Side_1305_19_five.mp4;side mark 13 _\Side_1305_20_one.mp4;side mark 13 _\Side_1305_3_seven.mp4;side mark 13 _\Side_1305_4_control.mp4;side mark 13 _\Side_1305_5_three.mp4;side mark 13 _\Side_1305_6_three.mp4;side mark 13 _\Side_1305_7_five.mp4;side mark 13 _\Side_1305_8_control.mp4;side mark 13 _\Side_1305_9_one.mp4,0.0,11.964;11.665;15.565;23.128;7.768;6.764;7.832;11.296;7.564;18.163;6.830;17.764;6.901;16.398;19.330;12.264;4.167;7.833,30.000;30.000;30.000;30.000;29.970;30.000;30.000;30.000;30.000;30.000;30.000;30.000;30.000;30.000;30.000;30.000;30.000;30.000,Sidemark,lifting,,,STOP,62.888,side mark 13 _\Side_1305_14_onehalf.mp4,17,NA,
Side_1305,2025-06-10 11:48:46.997,,213.135,Media file(s),player #1:side mark 13 _\Side_1305_10_seven.mp4;side mark 13 _\Side_1305_11_three.mp4;side mark 13 _\Side_1305_12_onehalf.mp4;side mark 13 _\Side_1305_13_one.mp4;side mark 13 _\Side_1305_14_onehalf.mp4;side mark 13 _\Side_1305_15_three.mp4;side mark 13 _\Side_1305_16_five.mp4;side mark 13 _\Side_1305_17_three.mp4;side mark 13 _\Side_1305_18_seven.mp4;side mark 13 _\Side_1305_19_five.mp4;side mark 13 _\Side_1305_20_one.mp4;side mark 13 _\Side_1305_3_seven.mp4;side mark 13 _\Side_1305_4_control.mp4;side mark 13 _\Side_1305_5_three.mp4;side mark 13 _\Side_1305_6_three.mp4;side mark 13 _\Side_1305_7_five.mp4;side mark 13 _\Side_1305_8_control.mp4;side mark 13 _\Side_1305_9_one.mp4,0.0,11.964;11.665;15.565;23.128;7.768;6.764;7.832;11.296;7.564;18.163;6.830;17.764;6.901;16.398;19.330;12.264;4.167;7.833,30.000;30.000;30.000;30.000;29.970;30.000;30.000;30.000;30.000;30.000;30.000;30.000;30.000;30.000;30.000;30.000;30.000;30.000,Sidemark,assessing,,,START,63.122,side mark 13 _\Side_1305_14_onehalf.mp4,24,NA,
Side_1305,2025-06-10 11:48:46.997,,213.135,Media file(s),player #1:side mark 13 _\Side_1305_10_seven.mp4;side mark 13 _\Side_1305_11_three.mp4;side mark 13 _\Side_1305_12_onehalf.mp4;side mark 13 _\Side_1305_13_one.mp4;side mark 13 _\Side_1305_14_onehalf.mp4;side mark 13 _\Side_1305_15_three.mp4;side mark 13 _\Side_1305_16_five.mp4;side mark 13 _\Side_1305_17_three.mp4;side mark 13 _\Side_1305_18_seven.mp4;side mark 13 _\Side_1305_19_five.mp4;side mark 13 _\Side_1305_20_one.mp4;side mark 13 _\Side_1305_3_seven.mp4;side mark 13 _\Side_1305_4_control.mp4;side mark 13 _\Side_1305_5_three.mp4;side mark 13 _\Side_1305_6_three.mp4;side mark 13 _\Side_1305_7_five.mp4;side mark 13 _\Side_1305_8_control.mp4;side mark 13 _\Side_1305_9_one.mp4,0.0,11.964;11.665;15.565;23.128;7.768;6.764;7.832;11.296;7.564;18.163;6.830;17.764;6.901;16.398;19.330;12.264;4.167;7.833,30.000;30.000;30.000;30.000;29.970;30.000;30.000;30.000;30.000;30.000;30.000;30.000;30.000;30.000;30.000;30.000;30.000;30.000,Sidemark,jaw movement,,,POINT,63.256,side mark 13 _\Side_1305_14_onehalf.mp4,28,NA,
Side_1305,2025-06-10 11:48:46.997,,213.135,Media file(s),player #1:side mark 13 _\Side_1305_10_seven.mp4;side mark 13 _\Side_1305_11_three.mp4;side mark 13 _\Side_1305_12_onehalf.mp4;side mark 13 _\Side_1305_13_one.mp4;side mark 13 _\Side_1305_14_onehalf.mp4;side mark 13 _\Side_1305_15_three.mp4;side mark 13 _\Side_1305_16_five.mp4;side mark 13 _\Side_1305_17_three.mp4;side mark 13 _\Side_1305_18_seven.mp4;side mark 13 _\Side_1305_19_five.mp4;side mark 13 _\Side_1305_20_one.mp4;side mark 13 _\Side_1305_3_seven.mp4;side mark 13 _\Side_1305_4_control.mp4;side mark 13 _\Side_1305_5_three.mp4;side mark 13 _\Side_1305_6_three.mp4;side mark 13 _\Side_1305_7_five.mp4;side mark 13 _\Side_1305_8_control.mp4;side mark 13 _\Side_1305_9_one.mp4,0.0,11.964;11.665;15.565;23.128;7.768;6.764;7.832;11.296;7.564;18.163;6.830;17.764;6.901;16.398;19.330;12.264;4.167;7.833,30.000;30.000;30.000;30.000;29.970;30.000;30.000;30.000;30.000;30.000;30.000;30.000;30.000;30.000;30.000;30.000;30.000;30.000,Sidemark,licking,,,POINT,63.422,side mark 13 _\Side_1305_14_onehalf.mp4,33,NA,
Side_1305,2025-06-10 11:48:46.997,,213.135,Media file(s),player #1:side mark 13 _\Side_1305_10_seven.mp4;side mark 13 _\Side_1305_11_three.mp4;side mark 13 _\Side_1305_12_onehalf.mp4;side mark 13 _\Side_1305_13_one.mp4;side mark 13 _\Side_1305_14_onehalf.mp4;side mark 13 _\Side_1305_15_three.mp4;side mark 13 _\Side_1305_16_five.mp4;side mark 13 _\Side_1305_17_three.mp4;side mark 13 _\Side_1305_18_seven.mp4;side mark 13 _\Side_1305_19_five.mp4;side mark 13 _\Side_1305_20_one.mp4;side mark 13 _\Side_1305_3_seven.mp4;side mark 13 _\Side_1305_4_control.mp4;side mark 13 _\Side_1305_5_three.mp4;side mark 13 _\Side_1305_6_three.mp4;side mark 13 _\Side_1305_7_five.mp4;side mark 13 _\Side_1305_8_control.mp4;side mark 13 _\Side_1305_9_one.mp4,0.0,11.964;11.665;15.565;23.128;7.768;6.764;7.832;11.296;7.564;18.163;6.830;17.764;6.901;16.398;19.330;12.264;4.167;7.833,30.000;30.000;30.000;30.000;29.970;30.000;30.000;30.000;30.000;30.000;30.000;30.000;30.000;30.000;30.000;30.000;30.000;30.000,Sidemark,mouth,,,POINT,64.056,side mark 13 _\Side_1305_14_onehalf.mp4,52,NA,
Side_1305,2025-06-10 11:48:46.997,,213.135,Media file(s),player #1:side mark 13 _\Side_1305_10_seven.mp4;side mark 13 _\Side_1305_11_three.mp4;side mark 13 _\Side_1305_12_onehalf.mp4;side mark 13 _\Side_1305_13_one.mp4;side mark 13 _\Side_1305_14_onehalf.mp4;side mark 13 _\Side_1305_15_three.mp4;side mark 13 _\Side_1305_16_five.mp4;side mark 13 _\Side_1305_17_three.mp4;side mark 13 _\Side_1305_18_seven.mp4;side mark 13 _\Side_1305_19_five.mp4;side mark 13 _\Side_1305_20_one.mp4;side mark 13 _\Side_1305_3_seven.mp4;side mark 13 _\Side_1305_4_control.mp4;side mark 13 _\Side_1305_5_three.mp4;side mark 13 _\Side_1305_6_three.mp4;side mark 13 _\Side_1305_7_five.mp4;side mark 13 _\Side_1305_8_control.mp4;side mark 13 _\Side_1305_9_one.mp4,0.0,11.964;11.665;15.565;23.128;7.768;6.764;7.832;11.296;7.564;18.163;6.830;17.764;6.901;16.398;19.330;12.264;4.167;7.833,30.000;30.000;30.000;30.000;29.970;30.000;30.000;30.000;30.000;30.000;30.000;30.000;30.000;30.000;30.000;30.000;30.000;30.000,Sidemark,assessing,,,STOP,64.222,side mark 13 _\Side_1305_14_onehalf.mp4,57,NA,
Side_1305,2025-06-10 11:48:46.997,,213.135,Media file(s),player #1:side mark 13 _\Side_1305_10_seven.mp4;side mark 13 _\Side_1305_11_three.mp4;side mark 13 _\Side_1305_12_onehalf.mp4;side mark 13 _\Side_1305_13_one.mp4;side mark 13 _\Side_1305_14_onehalf.mp4;side mark 13 _\Side_1305_15_three.mp4;side mark 13 _\Side_1305_16_five.mp4;side mark 13 _\Side_1305_17_three.mp4;side mark 13 _\Side_1305_18_seven.mp4;side mark 13 _\Side_1305_19_five.mp4;side mark 13 _\Side_1305_20_one.mp4;side mark 13 _\Side_1305_3_seven.mp4;side mark 13 _\Side_1305_4_control.mp4;side mark 13 _\Side_1305_5_three.mp4;side mark 13 _\Side_1305_6_three.mp4;side mark 13 _\Side_1305_7_five.mp4;side mark 13 _\Side_1305_8_control.mp4;side mark 13 _\Side_1305_9_one.mp4,0.0,11.964;11.665;15.565;23.128;7.768;6.764;7.832;11.296;7.564;18.163;6.830;17.764;6.901;16.398;19.330;12.264;4.167;7.833,30.000;30.000;30.000;30.000;29.970;30.000;30.000;30.000;30.000;30.000;30.000;30.000;30.000;30.000;30.000;30.000;30.000;30.000,Sidemark,target,,,START,64.589,side mark 13 _\Side_1305_14_onehalf.mp4,68,NA,
Side_1305,2025-06-10 11:48:46.997,,213.135,Media file(s),player #1:side mark 13 _\Side_1305_10_seven.mp4;side mark 13 _\Side_1305_11_three.mp4;side mark 13 _\Side_1305_12_onehalf.mp4;side mark 13 _\Side_1305_13_one.mp4;side mark 13 _\Side_1305_14_onehalf.mp4;side mark 13 _\Side_1305_15_three.mp4;side mark 13 _\Side_1305_16_five.mp4;side mark 13 _\Side_1305_17_three.mp4;side mark 13 _\Side_1305_18_seven.mp4;side mark 13 _\Side_1305_19_five.mp4;side mark 13 _\Side_1305_20_one.mp4;side mark 13 _\Side_1305_3_seven.mp4;side mark 13 _\Side_1305_4_control.mp4;side mark 13 _\Side_1305_5_three.mp4;side mark 13 _\Side_1305_6_three.mp4;side mark 13 _\Side_1305_7_five.mp4;side mark 13 _\Side_1305_8_control.mp4;side mark 13 _\Side_1305_9_one.mp4,0.0,11.964;11.665;15.565;23.128;7.768;6.764;7.832;11.296;7.564;18.163;6.830;17.764;6.901;16.398;19.330;12.264;4.167;7.833,30.000;30.000;30.000;30.000;29.970;30.000;30.000;30.000;30.000;30.000;30.000;30.000;30.000;30.000;30.000;30.000;30.000;30.000,Sidemark,target,,,STOP,70.021,side mark 13 _\Side_1305_14_onehalf.mp4,231,NA,
Side_1305,2025-06-10 11:48:46.997,,213.135,Media file(s),player #1:side mark 13 _\Side_1305_10_seven.mp4;side mark 13 _\Side_1305_11_three.mp4;side mark 13 _\Side_1305_12_onehalf.mp4;side mark 13 _\Side_1305_13_one.mp4;side mark 13 _\Side_1305_14_onehalf.mp4;side mark 13 _\Side_1305_15_three.mp4;side mark 13 _\Side_1305_16_five.mp4;side mark 13 _\Side_1305_17_three.mp4;side mark 13 _\Side_1305_18_seven.mp4;side mark 13 _\Side_1305_19_five.mp4;side mark 13 _\Side_1305_20_one.mp4;side mark 13 _\Side_1305_3_seven.mp4;side mark 13 _\Side_1305_4_control.mp4;side mark 13 _\Side_1305_5_three.mp4;side mark 13 _\Side_1305_6_three.mp4;side mark 13 _\Side_1305_7_five.mp4;side mark 13 _\Side_1305_8_control.mp4;side mark 13 _\Side_1305_9_one.mp4,0.0,11.964;11.665;15.565;23.128;7.768;6.764;7.832;11.296;7.564;18.163;6.830;17.764;6.901;16.398;19.330;12.264;4.167;7.833,30.000;30.000;30.000;30.000;29.970;30.000;30.000;30.000;30.000;30.000;30.000;30.000;30.000;30.000;30.000;30.000;30.000;30.000,Sidemark,bending,,,START,70.219,side mark 13 _\Side_1305_15_three.mp4,4,NA,
Side_1305,2025-06-10 11:48:46.997,,213.135,Media file(s),player #1:side mark 13 _\Side_1305_10_seven.mp4;side mark 13 _\Side_1305_11_three.mp4;side mark 13 _\Side_1305_12_onehalf.mp4;side mark 13 _\Side_1305_13_one.mp4;side mark 13 _\Side_1305_14_onehalf.mp4;side mark 13 _\Side_1305_15_three.mp4;side mark 13 _\Side_1305_16_five.mp4;side mark 13 _\Side_1305_17_three.mp4;side mark 13 _\Side_1305_18_seven.mp4;side mark 13 _\Side_1305_19_five.mp4;side mark 13 _\Side_1305_20_one.mp4;side mark 13 _\Side_1305_3_seven.mp4;side mark 13 _\Side_1305_4_control.mp4;side mark 13 _\Side_1305_5_three.mp4;side mark 13 _\Side_1305_6_three.mp4;side mark 13 _\Side_1305_7_five.mp4;side mark 13 _\Side_1305_8_control.mp4;side mark 13 _\Side_1305_9_one.mp4,0.0,11.964;11.665;15.565;23.128;7.768;6.764;7.832;11.296;7.564;18.163;6.830;17.764;6.901;16.398;19.330;12.264;4.167;7.833,30.000;30.000;30.000;30.000;29.970;30.000;30.000;30.000;30.000;30.000;30.000;30.000;30.000;30.000;30.000;30.000;30.000;30.000,Sidemark,bending,,,STOP,70.419,side mark 13 _\Side_1305_15_three.mp4,10,NA,
Side_1305,2025-06-10 11:48:46.997,,213.135,Media file(s),player #1:side mark 13 _\Side_1305_10_seven.mp4;side mark 13 _\Side_1305_11_three.mp4;side mark 13 _\Side_1305_12_onehalf.mp4;side mark 13 _\Side_1305_13_one.mp4;side mark 13 _\Side_1305_14_onehalf.mp4;side mark 13 _\Side_1305_15_three.mp4;side mark 13 _\Side_1305_16_five.mp4;side mark 13 _\Side_1305_17_three.mp4;side mark 13 _\Side_1305_18_seven.mp4;side mark 13 _\Side_1305_19_five.mp4;side mark 13 _\Side_1305_20_one.mp4;side mark 13 _\Side_1305_3_seven.mp4;side mark 13 _\Side_1305_4_control.mp4;side mark 13 _\Side_1305_5_three.mp4;side mark 13 _\Side_1305_6_three.mp4;side mark 13 _\Side_1305_7_five.mp4;side mark 13 _\Side_1305_8_control.mp4;side mark 13 _\Side_1305_9_one.mp4,0.0,11.964;11.665;15.565;23.128;7.768;6.764;7.832;11.296;7.564;18.163;6.830;17.764;6.901;16.398;19.330;12.264;4.167;7.833,30.000;30.000;30.000;30.000;29.970;30.000;30.000;30.000;30.000;30.000;30.000;30.000;30.000;30.000;30.000;30.000;30.000;30.000,Sidemark,grabbing peanut,,,POINT,70.419,side mark 13 _\Side_1305_15_three.mp4,10,NA,
Side_1305,2025-06-10 11:48:46.997,,213.135,Media file(s),player #1:side mark 13 _\Side_1305_10_seven.mp4;side mark 13 _\Side_1305_11_three.mp4;side mark 13 _\Side_1305_12_onehalf.mp4;side mark 13 _\Side_1305_13_one.mp4;side mark 13 _\Side_1305_14_onehalf.mp4;side mark 13 _\Side_1305_15_three.mp4;side mark 13 _\Side_1305_16_five.mp4;side mark 13 _\Side_1305_17_three.mp4;side mark 13 _\Side_1305_18_seven.mp4;side mark 13 _\Side_1305_19_five.mp4;side mark 13 _\Side_1305_20_one.mp4;side mark 13 _\Side_1305_3_seven.mp4;side mark 13 _\Side_1305_4_control.mp4;side mark 13 _\Side_1305_5_three.mp4;side mark 13 _\Side_1305_6_three.mp4;side mark 13 _\Side_1305_7_five.mp4;side mark 13 _\Side_1305_8_control.mp4;side mark 13 _\Side_1305_9_one.mp4,0.0,11.964;11.665;15.565;23.128;7.768;6.764;7.832;11.296;7.564;18.163;6.830;17.764;6.901;16.398;19.330;12.264;4.167;7.833,30.000;30.000;30.000;30.000;29.970;30.000;30.000;30.000;30.000;30.000;30.000;30.000;30.000;30.000;30.000;30.000;30.000;30.000,Sidemark,lifting,,,START,70.453,side mark 13 _\Side_1305_15_three.mp4,11,NA,
Side_1305,2025-06-10 11:48:46.997,,213.135,Media file(s),player #1:side mark 13 _\Side_1305_10_seven.mp4;side mark 13 _\Side_1305_11_three.mp4;side mark 13 _\Side_1305_12_onehalf.mp4;side mark 13 _\Side_1305_13_one.mp4;side mark 13 _\Side_1305_14_onehalf.mp4;side mark 13 _\Side_1305_15_three.mp4;side mark 13 _\Side_1305_16_five.mp4;side mark 13 _\Side_1305_17_three.mp4;side mark 13 _\Side_1305_18_seven.mp4;side mark 13 _\Side_1305_19_five.mp4;side mark 13 _\Side_1305_20_one.mp4;side mark 13 _\Side_1305_3_seven.mp4;side mark 13 _\Side_1305_4_control.mp4;side mark 13 _\Side_1305_5_three.mp4;side mark 13 _\Side_1305_6_three.mp4;side mark 13 _\Side_1305_7_five.mp4;side mark 13 _\Side_1305_8_control.mp4;side mark 13 _\Side_1305_9_one.mp4,0.0,11.964;11.665;15.565;23.128;7.768;6.764;7.832;11.296;7.564;18.163;6.830;17.764;6.901;16.398;19.330;12.264;4.167;7.833,30.000;30.000;30.000;30.000;29.970;30.000;30.000;30.000;30.000;30.000;30.000;30.000;30.000;30.000;30.000;30.000;30.000;30.000,Sidemark,lifting,,,STOP,71.650,side mark 13 _\Side_1305_15_three.mp4,47,NA,
Side_1305,2025-06-10 11:48:46.997,,213.135,Media file(s),player #1:side mark 13 _\Side_1305_10_seven.mp4;side mark 13 _\Side_1305_11_three.mp4;side mark 13 _\Side_1305_12_onehalf.mp4;side mark 13 _\Side_1305_13_one.mp4;side mark 13 _\Side_1305_14_onehalf.mp4;side mark 13 _\Side_1305_15_three.mp4;side mark 13 _\Side_1305_16_five.mp4;side mark 13 _\Side_1305_17_three.mp4;side mark 13 _\Side_1305_18_seven.mp4;side mark 13 _\Side_1305_19_five.mp4;side mark 13 _\Side_1305_20_one.mp4;side mark 13 _\Side_1305_3_seven.mp4;side mark 13 _\Side_1305_4_control.mp4;side mark 13 _\Side_1305_5_three.mp4;side mark 13 _\Side_1305_6_three.mp4;side mark 13 _\Side_1305_7_five.mp4;side mark 13 _\Side_1305_8_control.mp4;side mark 13 _\Side_1305_9_one.mp4,0.0,11.964;11.665;15.565;23.128;7.768;6.764;7.832;11.296;7.564;18.163;6.830;17.764;6.901;16.398;19.330;12.264;4.167;7.833,30.000;30.000;30.000;30.000;29.970;30.000;30.000;30.000;30.000;30.000;30.000;30.000;30.000;30.000;30.000;30.000;30.000;30.000,Sidemark,target,,,START,71.717,side mark 13 _\Side_1305_15_three.mp4,49,NA,
Side_1305,2025-06-10 11:48:46.997,,213.135,Media file(s),player #1:side mark 13 _\Side_1305_10_seven.mp4;side mark 13 _\Side_1305_11_three.mp4;side mark 13 _\Side_1305_12_onehalf.mp4;side mark 13 _\Side_1305_13_one.mp4;side mark 13 _\Side_1305_14_onehalf.mp4;side mark 13 _\Side_1305_15_three.mp4;side mark 13 _\Side_1305_16_five.mp4;side mark 13 _\Side_1305_17_three.mp4;side mark 13 _\Side_1305_18_seven.mp4;side mark 13 _\Side_1305_19_five.mp4;side mark 13 _\Side_1305_20_one.mp4;side mark 13 _\Side_1305_3_seven.mp4;side mark 13 _\Side_1305_4_control.mp4;side mark 13 _\Side_1305_5_three.mp4;side mark 13 _\Side_1305_6_three.mp4;side mark 13 _\Side_1305_7_five.mp4;side mark 13 _\Side_1305_8_control.mp4;side mark 13 _\Side_1305_9_one.mp4,0.0,11.964;11.665;15.565;23.128;7.768;6.764;7.832;11.296;7.564;18.163;6.830;17.764;6.901;16.398;19.330;12.264;4.167;7.833,30.000;30.000;30.000;30.000;29.970;30.000;30.000;30.000;30.000;30.000;30.000;30.000;30.000;30.000;30.000;30.000;30.000;30.000,Sidemark,pause,,,START,72.617,side mark 13 _\Side_1305_15_three.mp4,76,NA,
Side_1305,2025-06-10 11:48:46.997,,213.135,Media file(s),player #1:side mark 13 _\Side_1305_10_seven.mp4;side mark 13 _\Side_1305_11_three.mp4;side mark 13 _\Side_1305_12_onehalf.mp4;side mark 13 _\Side_1305_13_one.mp4;side mark 13 _\Side_1305_14_onehalf.mp4;side mark 13 _\Side_1305_15_three.mp4;side mark 13 _\Side_1305_16_five.mp4;side mark 13 _\Side_1305_17_three.mp4;side mark 13 _\Side_1305_18_seven.mp4;side mark 13 _\Side_1305_19_five.mp4;side mark 13 _\Side_1305_20_one.mp4;side mark 13 _\Side_1305_3_seven.mp4;side mark 13 _\Side_1305_4_control.mp4;side mark 13 _\Side_1305_5_three.mp4;side mark 13 _\Side_1305_6_three.mp4;side mark 13 _\Side_1305_7_five.mp4;side mark 13 _\Side_1305_8_control.mp4;side mark 13 _\Side_1305_9_one.mp4,0.0,11.964;11.665;15.565;23.128;7.768;6.764;7.832;11.296;7.564;18.163;6.830;17.764;6.901;16.398;19.330;12.264;4.167;7.833,30.000;30.000;30.000;30.000;29.970;30.000;30.000;30.000;30.000;30.000;30.000;30.000;30.000;30.000;30.000;30.000;30.000;30.000,Sidemark,bending,,,START,73.017,side mark 13 _\Side_1305_15_three.mp4,88,NA,
Side_1305,2025-06-10 11:48:46.997,,213.135,Media file(s),player #1:side mark 13 _\Side_1305_10_seven.mp4;side mark 13 _\Side_1305_11_three.mp4;side mark 13 _\Side_1305_12_onehalf.mp4;side mark 13 _\Side_1305_13_one.mp4;side mark 13 _\Side_1305_14_onehalf.mp4;side mark 13 _\Side_1305_15_three.mp4;side mark 13 _\Side_1305_16_five.mp4;side mark 13 _\Side_1305_17_three.mp4;side mark 13 _\Side_1305_18_seven.mp4;side mark 13 _\Side_1305_19_five.mp4;side mark 13 _\Side_1305_20_one.mp4;side mark 13 _\Side_1305_3_seven.mp4;side mark 13 _\Side_1305_4_control.mp4;side mark 13 _\Side_1305_5_three.mp4;side mark 13 _\Side_1305_6_three.mp4;side mark 13 _\Side_1305_7_five.mp4;side mark 13 _\Side_1305_8_control.mp4;side mark 13 _\Side_1305_9_one.mp4,0.0,11.964;11.665;15.565;23.128;7.768;6.764;7.832;11.296;7.564;18.163;6.830;17.764;6.901;16.398;19.330;12.264;4.167;7.833,30.000;30.000;30.000;30.000;29.970;30.000;30.000;30.000;30.000;30.000;30.000;30.000;30.000;30.000;30.000;30.000;30.000;30.000,Sidemark,bending,,,STOP,73.884,side mark 13 _\Side_1305_15_three.mp4,114,NA,
Side_1305,2025-06-10 11:48:46.997,,213.135,Media file(s),player #1:side mark 13 _\Side_1305_10_seven.mp4;side mark 13 _\Side_1305_11_three.mp4;side mark 13 _\Side_1305_12_onehalf.mp4;side mark 13 _\Side_1305_13_one.mp4;side mark 13 _\Side_1305_14_onehalf.mp4;side mark 13 _\Side_1305_15_three.mp4;side mark 13 _\Side_1305_16_five.mp4;side mark 13 _\Side_1305_17_three.mp4;side mark 13 _\Side_1305_18_seven.mp4;side mark 13 _\Side_1305_19_five.mp4;side mark 13 _\Side_1305_20_one.mp4;side mark 13 _\Side_1305_3_seven.mp4;side mark 13 _\Side_1305_4_control.mp4;side mark 13 _\Side_1305_5_three.mp4;side mark 13 _\Side_1305_6_three.mp4;side mark 13 _\Side_1305_7_five.mp4;side mark 13 _\Side_1305_8_control.mp4;side mark 13 _\Side_1305_9_one.mp4,0.0,11.964;11.665;15.565;23.128;7.768;6.764;7.832;11.296;7.564;18.163;6.830;17.764;6.901;16.398;19.330;12.264;4.167;7.833,30.000;30.000;30.000;30.000;29.970;30.000;30.000;30.000;30.000;30.000;30.000;30.000;30.000;30.000;30.000;30.000;30.000;30.000,Sidemark,pause,,,STOP,73.984,side mark 13 _\Side_1305_15_three.mp4,117,NA,
Side_1305,2025-06-10 11:48:46.997,,213.135,Media file(s),player #1:side mark 13 _\Side_1305_10_seven.mp4;side mark 13 _\Side_1305_11_three.mp4;side mark 13 _\Side_1305_12_onehalf.mp4;side mark 13 _\Side_1305_13_one.mp4;side mark 13 _\Side_1305_14_onehalf.mp4;side mark 13 _\Side_1305_15_three.mp4;side mark 13 _\Side_1305_16_five.mp4;side mark 13 _\Side_1305_17_three.mp4;side mark 13 _\Side_1305_18_seven.mp4;side mark 13 _\Side_1305_19_five.mp4;side mark 13 _\Side_1305_20_one.mp4;side mark 13 _\Side_1305_3_seven.mp4;side mark 13 _\Side_1305_4_control.mp4;side mark 13 _\Side_1305_5_three.mp4;side mark 13 _\Side_1305_6_three.mp4;side mark 13 _\Side_1305_7_five.mp4;side mark 13 _\Side_1305_8_control.mp4;side mark 13 _\Side_1305_9_one.mp4,0.0,11.964;11.665;15.565;23.128;7.768;6.764;7.832;11.296;7.564;18.163;6.830;17.764;6.901;16.398;19.330;12.264;4.167;7.833,30.000;30.000;30.000;30.000;29.970;30.000;30.000;30.000;30.000;30.000;30.000;30.000;30.000;30.000;30.000;30.000;30.000;30.000,Sidemark,target,,,STOP,76.838,side mark 13 _\Side_1305_15_three.mp4,202,NA,
Side_1305,2025-06-10 11:48:46.997,,213.135,Media file(s),player #1:side mark 13 _\Side_1305_10_seven.mp4;side mark 13 _\Side_1305_11_three.mp4;side mark 13 _\Side_1305_12_onehalf.mp4;side mark 13 _\Side_1305_13_one.mp4;side mark 13 _\Side_1305_14_onehalf.mp4;side mark 13 _\Side_1305_15_three.mp4;side mark 13 _\Side_1305_16_five.mp4;side mark 13 _\Side_1305_17_three.mp4;side mark 13 _\Side_1305_18_seven.mp4;side mark 13 _\Side_1305_19_five.mp4;side mark 13 _\Side_1305_20_one.mp4;side mark 13 _\Side_1305_3_seven.mp4;side mark 13 _\Side_1305_4_control.mp4;side mark 13 _\Side_1305_5_three.mp4;side mark 13 _\Side_1305_6_three.mp4;side mark 13 _\Side_1305_7_five.mp4;side mark 13 _\Side_1305_8_control.mp4;side mark 13 _\Side_1305_9_one.mp4,0.0,11.964;11.665;15.565;23.128;7.768;6.764;7.832;11.296;7.564;18.163;6.830;17.764;6.901;16.398;19.330;12.264;4.167;7.833,30.000;30.000;30.000;30.000;29.970;30.000;30.000;30.000;30.000;30.000;30.000;30.000;30.000;30.000;30.000;30.000;30.000;30.000,Sidemark,grabbing peanut,,,POINT,77.283,side mark 13 _\Side_1305_16_five.mp4,13,NA,
Side_1305,2025-06-10 11:48:46.997,,213.135,Media file(s),player #1:side mark 13 _\Side_1305_10_seven.mp4;side mark 13 _\Side_1305_11_three.mp4;side mark 13 _\Side_1305_12_onehalf.mp4;side mark 13 _\Side_1305_13_one.mp4;side mark 13 _\Side_1305_14_onehalf.mp4;side mark 13 _\Side_1305_15_three.mp4;side mark 13 _\Side_1305_16_five.mp4;side mark 13 _\Side_1305_17_three.mp4;side mark 13 _\Side_1305_18_seven.mp4;side mark 13 _\Side_1305_19_five.mp4;side mark 13 _\Side_1305_20_one.mp4;side mark 13 _\Side_1305_3_seven.mp4;side mark 13 _\Side_1305_4_control.mp4;side mark 13 _\Side_1305_5_three.mp4;side mark 13 _\Side_1305_6_three.mp4;side mark 13 _\Side_1305_7_five.mp4;side mark 13 _\Side_1305_8_control.mp4;side mark 13 _\Side_1305_9_one.mp4,0.0,11.964;11.665;15.565;23.128;7.768;6.764;7.832;11.296;7.564;18.163;6.830;17.764;6.901;16.398;19.330;12.264;4.167;7.833,30.000;30.000;30.000;30.000;29.970;30.000;30.000;30.000;30.000;30.000;30.000;30.000;30.000;30.000;30.000;30.000;30.000;30.000,Sidemark,target,,,START,77.483,side mark 13 _\Side_1305_16_five.mp4,19,NA,
Side_1305,2025-06-10 11:48:46.997,,213.135,Media file(s),player #1:side mark 13 _\Side_1305_10_seven.mp4;side mark 13 _\Side_1305_11_three.mp4;side mark 13 _\Side_1305_12_onehalf.mp4;side mark 13 _\Side_1305_13_one.mp4;side mark 13 _\Side_1305_14_onehalf.mp4;side mark 13 _\Side_1305_15_three.mp4;side mark 13 _\Side_1305_16_five.mp4;side mark 13 _\Side_1305_17_three.mp4;side mark 13 _\Side_1305_18_seven.mp4;side mark 13 _\Side_1305_19_five.mp4;side mark 13 _\Side_1305_20_one.mp4;side mark 13 _\Side_1305_3_seven.mp4;side mark 13 _\Side_1305_4_control.mp4;side mark 13 _\Side_1305_5_three.mp4;side mark 13 _\Side_1305_6_three.mp4;side mark 13 _\Side_1305_7_five.mp4;side mark 13 _\Side_1305_8_control.mp4;side mark 13 _\Side_1305_9_one.mp4,0.0,11.964;11.665;15.565;23.128;7.768;6.764;7.832;11.296;7.564;18.163;6.830;17.764;6.901;16.398;19.330;12.264;4.167;7.833,30.000;30.000;30.000;30.000;29.970;30.000;30.000;30.000;30.000;30.000;30.000;30.000;30.000;30.000;30.000;30.000;30.000;30.000,Sidemark,target,,,STOP,81.548,side mark 13 _\Side_1305_16_five.mp4,141,NA,
Side_1305,2025-06-10 11:48:46.997,,213.135,Media file(s),player #1:side mark 13 _\Side_1305_10_seven.mp4;side mark 13 _\Side_1305_11_three.mp4;side mark 13 _\Side_1305_12_onehalf.mp4;side mark 13 _\Side_1305_13_one.mp4;side mark 13 _\Side_1305_14_onehalf.mp4;side mark 13 _\Side_1305_15_three.mp4;side mark 13 _\Side_1305_16_five.mp4;side mark 13 _\Side_1305_17_three.mp4;side mark 13 _\Side_1305_18_seven.mp4;side mark 13 _\Side_1305_19_five.mp4;side mark 13 _\Side_1305_20_one.mp4;side mark 13 _\Side_1305_3_seven.mp4;side mark 13 _\Side_1305_4_control.mp4;side mark 13 _\Side_1305_5_three.mp4;side mark 13 _\Side_1305_6_three.mp4;side mark 13 _\Side_1305_7_five.mp4;side mark 13 _\Side_1305_8_control.mp4;side mark 13 _\Side_1305_9_one.mp4,0.0,11.964;11.665;15.565;23.128;7.768;6.764;7.832;11.296;7.564;18.163;6.830;17.764;6.901;16.398;19.330;12.264;4.167;7.833,30.000;30.000;30.000;30.000;29.970;30.000;30.000;30.000;30.000;30.000;30.000;30.000;30.000;30.000;30.000;30.000;30.000;30.000,Sidemark,digging,,,START,81.814,side mark 13 _\Side_1305_16_five.mp4,149,NA,
Side_1305,2025-06-10 11:48:46.997,,213.135,Media file(s),player #1:side mark 13 _\Side_1305_10_seven.mp4;side mark 13 _\Side_1305_11_three.mp4;side mark 13 _\Side_1305_12_onehalf.mp4;side mark 13 _\Side_1305_13_one.mp4;side mark 13 _\Side_1305_14_onehalf.mp4;side mark 13 _\Side_1305_15_three.mp4;side mark 13 _\Side_1305_16_five.mp4;side mark 13 _\Side_1305_17_three.mp4;side mark 13 _\Side_1305_18_seven.mp4;side mark 13 _\Side_1305_19_five.mp4;side mark 13 _\Side_1305_20_one.mp4;side mark 13 _\Side_1305_3_seven.mp4;side mark 13 _\Side_1305_4_control.mp4;side mark 13 _\Side_1305_5_three.mp4;side mark 13 _\Side_1305_6_three.mp4;side mark 13 _\Side_1305_7_five.mp4;side mark 13 _\Side_1305_8_control.mp4;side mark 13 _\Side_1305_9_one.mp4,0.0,11.964;11.665;15.565;23.128;7.768;6.764;7.832;11.296;7.564;18.163;6.830;17.764;6.901;16.398;19.330;12.264;4.167;7.833,30.000;30.000;30.000;30.000;29.970;30.000;30.000;30.000;30.000;30.000;30.000;30.000;30.000;30.000;30.000;30.000;30.000;30.000,Sidemark,digging,,,STOP,84.348,side mark 13 _\Side_1305_16_five.mp4,225,NA,
Side_1305,2025-06-10 11:48:46.997,,213.135,Media file(s),player #1:side mark 13 _\Side_1305_10_seven.mp4;side mark 13 _\Side_1305_11_three.mp4;side mark 13 _\Side_1305_12_onehalf.mp4;side mark 13 _\Side_1305_13_one.mp4;side mark 13 _\Side_1305_14_onehalf.mp4;side mark 13 _\Side_1305_15_three.mp4;side mark 13 _\Side_1305_16_five.mp4;side mark 13 _\Side_1305_17_three.mp4;side mark 13 _\Side_1305_18_seven.mp4;side mark 13 _\Side_1305_19_five.mp4;side mark 13 _\Side_1305_20_one.mp4;side mark 13 _\Side_1305_3_seven.mp4;side mark 13 _\Side_1305_4_control.mp4;side mark 13 _\Side_1305_5_three.mp4;side mark 13 _\Side_1305_6_three.mp4;side mark 13 _\Side_1305_7_five.mp4;side mark 13 _\Side_1305_8_control.mp4;side mark 13 _\Side_1305_9_one.mp4,0.0,11.964;11.665;15.565;23.128;7.768;6.764;7.832;11.296;7.564;18.163;6.830;17.764;6.901;16.398;19.330;12.264;4.167;7.833,30.000;30.000;30.000;30.000;29.970;30.000;30.000;30.000;30.000;30.000;30.000;30.000;30.000;30.000;30.000;30.000;30.000;30.000,Sidemark,explore,,,START,84.681,side mark 13 _\Side_1305_16_five.mp4,0,NA,
Side_1305,2025-06-10 11:48:46.997,,213.135,Media file(s),player #1:side mark 13 _\Side_1305_10_seven.mp4;side mark 13 _\Side_1305_11_three.mp4;side mark 13 _\Side_1305_12_onehalf.mp4;side mark 13 _\Side_1305_13_one.mp4;side mark 13 _\Side_1305_14_onehalf.mp4;side mark 13 _\Side_1305_15_three.mp4;side mark 13 _\Side_1305_16_five.mp4;side mark 13 _\Side_1305_17_three.mp4;side mark 13 _\Side_1305_18_seven.mp4;side mark 13 _\Side_1305_19_five.mp4;side mark 13 _\Side_1305_20_one.mp4;side mark 13 _\Side_1305_3_seven.mp4;side mark 13 _\Side_1305_4_control.mp4;side mark 13 _\Side_1305_5_three.mp4;side mark 13 _\Side_1305_6_three.mp4;side mark 13 _\Side_1305_7_five.mp4;side mark 13 _\Side_1305_8_control.mp4;side mark 13 _\Side_1305_9_one.mp4,0.0,11.964;11.665;15.565;23.128;7.768;6.764;7.832;11.296;7.564;18.163;6.830;17.764;6.901;16.398;19.330;12.264;4.167;7.833,30.000;30.000;30.000;30.000;29.970;30.000;30.000;30.000;30.000;30.000;30.000;30.000;30.000;30.000;30.000;30.000;30.000;30.000,Sidemark,explore,,,STOP,88.078,side mark 13 _\Side_1305_17_three.mp4,102,NA,
Side_1305,2025-06-10 11:48:46.997,,213.135,Media file(s),player #1:side mark 13 _\Side_1305_10_seven.mp4;side mark 13 _\Side_1305_11_three.mp4;side mark 13 _\Side_1305_12_onehalf.mp4;side mark 13 _\Side_1305_13_one.mp4;side mark 13 _\Side_1305_14_onehalf.mp4;side mark 13 _\Side_1305_15_three.mp4;side mark 13 _\Side_1305_16_five.mp4;side mark 13 _\Side_1305_17_three.mp4;side mark 13 _\Side_1305_18_seven.mp4;side mark 13 _\Side_1305_19_five.mp4;side mark 13 _\Side_1305_20_one.mp4;side mark 13 _\Side_1305_3_seven.mp4;side mark 13 _\Side_1305_4_control.mp4;side mark 13 _\Side_1305_5_three.mp4;side mark 13 _\Side_1305_6_three.mp4;side mark 13 _\Side_1305_7_five.mp4;side mark 13 _\Side_1305_8_control.mp4;side mark 13 _\Side_1305_9_one.mp4,0.0,11.964;11.665;15.565;23.128;7.768;6.764;7.832;11.296;7.564;18.163;6.830;17.764;6.901;16.398;19.330;12.264;4.167;7.833,30.000;30.000;30.000;30.000;29.970;30.000;30.000;30.000;30.000;30.000;30.000;30.000;30.000;30.000;30.000;30.000;30.000;30.000,Sidemark,bending,,,START,88.512,side mark 13 _\Side_1305_17_three.mp4,115,NA,
Side_1305,2025-06-10 11:48:46.997,,213.135,Media file(s),player #1:side mark 13 _\Side_1305_10_seven.mp4;side mark 13 _\Side_1305_11_three.mp4;side mark 13 _\Side_1305_12_onehalf.mp4;side mark 13 _\Side_1305_13_one.mp4;side mark 13 _\Side_1305_14_onehalf.mp4;side mark 13 _\Side_1305_15_three.mp4;side mark 13 _\Side_1305_16_five.mp4;side mark 13 _\Side_1305_17_three.mp4;side mark 13 _\Side_1305_18_seven.mp4;side mark 13 _\Side_1305_19_five.mp4;side mark 13 _\Side_1305_20_one.mp4;side mark 13 _\Side_1305_3_seven.mp4;side mark 13 _\Side_1305_4_control.mp4;side mark 13 _\Side_1305_5_three.mp4;side mark 13 _\Side_1305_6_three.mp4;side mark 13 _\Side_1305_7_five.mp4;side mark 13 _\Side_1305_8_control.mp4;side mark 13 _\Side_1305_9_one.mp4,0.0,11.964;11.665;15.565;23.128;7.768;6.764;7.832;11.296;7.564;18.163;6.830;17.764;6.901;16.398;19.330;12.264;4.167;7.833,30.000;30.000;30.000;30.000;29.970;30.000;30.000;30.000;30.000;30.000;30.000;30.000;30.000;30.000;30.000;30.000;30.000;30.000,Sidemark,grabbing peanut,,,POINT,88.912,side mark 13 _\Side_1305_17_three.mp4,127,NA,
Side_1305,2025-06-10 11:48:46.997,,213.135,Media file(s),player #1:side mark 13 _\Side_1305_10_seven.mp4;side mark 13 _\Side_1305_11_three.mp4;side mark 13 _\Side_1305_12_onehalf.mp4;side mark 13 _\Side_1305_13_one.mp4;side mark 13 _\Side_1305_14_onehalf.mp4;side mark 13 _\Side_1305_15_three.mp4;side mark 13 _\Side_1305_16_five.mp4;side mark 13 _\Side_1305_17_three.mp4;side mark 13 _\Side_1305_18_seven.mp4;side mark 13 _\Side_1305_19_five.mp4;side mark 13 _\Side_1305_20_one.mp4;side mark 13 _\Side_1305_3_seven.mp4;side mark 13 _\Side_1305_4_control.mp4;side mark 13 _\Side_1305_5_three.mp4;side mark 13 _\Side_1305_6_three.mp4;side mark 13 _\Side_1305_7_five.mp4;side mark 13 _\Side_1305_8_control.mp4;side mark 13 _\Side_1305_9_one.mp4,0.0,11.964;11.665;15.565;23.128;7.768;6.764;7.832;11.296;7.564;18.163;6.830;17.764;6.901;16.398;19.330;12.264;4.167;7.833,30.000;30.000;30.000;30.000;29.970;30.000;30.000;30.000;30.000;30.000;30.000;30.000;30.000;30.000;30.000;30.000;30.000;30.000,Sidemark,bending,,,STOP,88.945,side mark 13 _\Side_1305_17_three.mp4,128,NA,
Side_1305,2025-06-10 11:48:46.997,,213.135,Media file(s),player #1:side mark 13 _\Side_1305_10_seven.mp4;side mark 13 _\Side_1305_11_three.mp4;side mark 13 _\Side_1305_12_onehalf.mp4;side mark 13 _\Side_1305_13_one.mp4;side mark 13 _\Side_1305_14_onehalf.mp4;side mark 13 _\Side_1305_15_three.mp4;side mark 13 _\Side_1305_16_five.mp4;side mark 13 _\Side_1305_17_three.mp4;side mark 13 _\Side_1305_18_seven.mp4;side mark 13 _\Side_1305_19_five.mp4;side mark 13 _\Side_1305_20_one.mp4;side mark 13 _\Side_1305_3_seven.mp4;side mark 13 _\Side_1305_4_control.mp4;side mark 13 _\Side_1305_5_three.mp4;side mark 13 _\Side_1305_6_three.mp4;side mark 13 _\Side_1305_7_five.mp4;side mark 13 _\Side_1305_8_control.mp4;side mark 13 _\Side_1305_9_one.mp4,0.0,11.964;11.665;15.565;23.128;7.768;6.764;7.832;11.296;7.564;18.163;6.830;17.764;6.901;16.398;19.330;12.264;4.167;7.833,30.000;30.000;30.000;30.000;29.970;30.000;30.000;30.000;30.000;30.000;30.000;30.000;30.000;30.000;30.000;30.000;30.000;30.000,Sidemark,lifting,,,START,89.145,side mark 13 _\Side_1305_17_three.mp4,134,NA,
Side_1305,2025-06-10 11:48:46.997,,213.135,Media file(s),player #1:side mark 13 _\Side_1305_10_seven.mp4;side mark 13 _\Side_1305_11_three.mp4;side mark 13 _\Side_1305_12_onehalf.mp4;side mark 13 _\Side_1305_13_one.mp4;side mark 13 _\Side_1305_14_onehalf.mp4;side mark 13 _\Side_1305_15_three.mp4;side mark 13 _\Side_1305_16_five.mp4;side mark 13 _\Side_1305_17_three.mp4;side mark 13 _\Side_1305_18_seven.mp4;side mark 13 _\Side_1305_19_five.mp4;side mark 13 _\Side_1305_20_one.mp4;side mark 13 _\Side_1305_3_seven.mp4;side mark 13 _\Side_1305_4_control.mp4;side mark 13 _\Side_1305_5_three.mp4;side mark 13 _\Side_1305_6_three.mp4;side mark 13 _\Side_1305_7_five.mp4;side mark 13 _\Side_1305_8_control.mp4;side mark 13 _\Side_1305_9_one.mp4,0.0,11.964;11.665;15.565;23.128;7.768;6.764;7.832;11.296;7.564;18.163;6.830;17.764;6.901;16.398;19.330;12.264;4.167;7.833,30.000;30.000;30.000;30.000;29.970;30.000;30.000;30.000;30.000;30.000;30.000;30.000;30.000;30.000;30.000;30.000;30.000;30.000,Sidemark,lifting,,,STOP,89.578,side mark 13 _\Side_1305_17_three.mp4,147,NA,
Side_1305,2025-06-10 11:48:46.997,,213.135,Media file(s),player #1:side mark 13 _\Side_1305_10_seven.mp4;side mark 13 _\Side_1305_11_three.mp4;side mark 13 _\Side_1305_12_onehalf.mp4;side mark 13 _\Side_1305_13_one.mp4;side mark 13 _\Side_1305_14_onehalf.mp4;side mark 13 _\Side_1305_15_three.mp4;side mark 13 _\Side_1305_16_five.mp4;side mark 13 _\Side_1305_17_three.mp4;side mark 13 _\Side_1305_18_seven.mp4;side mark 13 _\Side_1305_19_five.mp4;side mark 13 _\Side_1305_20_one.mp4;side mark 13 _\Side_1305_3_seven.mp4;side mark 13 _\Side_1305_4_control.mp4;side mark 13 _\Side_1305_5_three.mp4;side mark 13 _\Side_1305_6_three.mp4;side mark 13 _\Side_1305_7_five.mp4;side mark 13 _\Side_1305_8_control.mp4;side mark 13 _\Side_1305_9_one.mp4,0.0,11.964;11.665;15.565;23.128;7.768;6.764;7.832;11.296;7.564;18.163;6.830;17.764;6.901;16.398;19.330;12.264;4.167;7.833,30.000;30.000;30.000;30.000;29.970;30.000;30.000;30.000;30.000;30.000;30.000;30.000;30.000;30.000;30.000;30.000;30.000;30.000,Sidemark,target,,,START,90.078,side mark 13 _\Side_1305_17_three.mp4,162,NA,
Side_1305,2025-06-10 11:48:46.997,,213.135,Media file(s),player #1:side mark 13 _\Side_1305_10_seven.mp4;side mark 13 _\Side_1305_11_three.mp4;side mark 13 _\Side_1305_12_onehalf.mp4;side mark 13 _\Side_1305_13_one.mp4;side mark 13 _\Side_1305_14_onehalf.mp4;side mark 13 _\Side_1305_15_three.mp4;side mark 13 _\Side_1305_16_five.mp4;side mark 13 _\Side_1305_17_three.mp4;side mark 13 _\Side_1305_18_seven.mp4;side mark 13 _\Side_1305_19_five.mp4;side mark 13 _\Side_1305_20_one.mp4;side mark 13 _\Side_1305_3_seven.mp4;side mark 13 _\Side_1305_4_control.mp4;side mark 13 _\Side_1305_5_three.mp4;side mark 13 _\Side_1305_6_three.mp4;side mark 13 _\Side_1305_7_five.mp4;side mark 13 _\Side_1305_8_control.mp4;side mark 13 _\Side_1305_9_one.mp4,0.0,11.964;11.665;15.565;23.128;7.768;6.764;7.832;11.296;7.564;18.163;6.830;17.764;6.901;16.398;19.330;12.264;4.167;7.833,30.000;30.000;30.000;30.000;29.970;30.000;30.000;30.000;30.000;30.000;30.000;30.000;30.000;30.000;30.000;30.000;30.000;30.000,Sidemark,pause,,,START,92.911,side mark 13 _\Side_1305_17_three.mp4,247,NA,
Side_1305,2025-06-10 11:48:46.997,,213.135,Media file(s),player #1:side mark 13 _\Side_1305_10_seven.mp4;side mark 13 _\Side_1305_11_three.mp4;side mark 13 _\Side_1305_12_onehalf.mp4;side mark 13 _\Side_1305_13_one.mp4;side mark 13 _\Side_1305_14_onehalf.mp4;side mark 13 _\Side_1305_15_three.mp4;side mark 13 _\Side_1305_16_five.mp4;side mark 13 _\Side_1305_17_three.mp4;side mark 13 _\Side_1305_18_seven.mp4;side mark 13 _\Side_1305_19_five.mp4;side mark 13 _\Side_1305_20_one.mp4;side mark 13 _\Side_1305_3_seven.mp4;side mark 13 _\Side_1305_4_control.mp4;side mark 13 _\Side_1305_5_three.mp4;side mark 13 _\Side_1305_6_three.mp4;side mark 13 _\Side_1305_7_five.mp4;side mark 13 _\Side_1305_8_control.mp4;side mark 13 _\Side_1305_9_one.mp4,0.0,11.964;11.665;15.565;23.128;7.768;6.764;7.832;11.296;7.564;18.163;6.830;17.764;6.901;16.398;19.330;12.264;4.167;7.833,30.000;30.000;30.000;30.000;29.970;30.000;30.000;30.000;30.000;30.000;30.000;30.000;30.000;30.000;30.000;30.000;30.000;30.000,Sidemark,pause,,,STOP,94.511,side mark 13 _\Side_1305_17_three.mp4,294,NA,
Side_1305,2025-06-10 11:48:46.997,,213.135,Media file(s),player #1:side mark 13 _\Side_1305_10_seven.mp4;side mark 13 _\Side_1305_11_three.mp4;side mark 13 _\Side_1305_12_onehalf.mp4;side mark 13 _\Side_1305_13_one.mp4;side mark 13 _\Side_1305_14_onehalf.mp4;side mark 13 _\Side_1305_15_three.mp4;side mark 13 _\Side_1305_16_five.mp4;side mark 13 _\Side_1305_17_three.mp4;side mark 13 _\Side_1305_18_seven.mp4;side mark 13 _\Side_1305_19_five.mp4;side mark 13 _\Side_1305_20_one.mp4;side mark 13 _\Side_1305_3_seven.mp4;side mark 13 _\Side_1305_4_control.mp4;side mark 13 _\Side_1305_5_three.mp4;side mark 13 _\Side_1305_6_three.mp4;side mark 13 _\Side_1305_7_five.mp4;side mark 13 _\Side_1305_8_control.mp4;side mark 13 _\Side_1305_9_one.mp4,0.0,11.964;11.665;15.565;23.128;7.768;6.764;7.832;11.296;7.564;18.163;6.830;17.764;6.901;16.398;19.330;12.264;4.167;7.833,30.000;30.000;30.000;30.000;29.970;30.000;30.000;30.000;30.000;30.000;30.000;30.000;30.000;30.000;30.000;30.000;30.000;30.000,Sidemark,target,,,STOP,95.811,side mark 13 _\Side_1305_17_three.mp4,333,NA,
Side_1305,2025-06-10 11:48:46.997,,213.135,Media file(s),player #1:side mark 13 _\Side_1305_10_seven.mp4;side mark 13 _\Side_1305_11_three.mp4;side mark 13 _\Side_1305_12_onehalf.mp4;side mark 13 _\Side_1305_13_one.mp4;side mark 13 _\Side_1305_14_onehalf.mp4;side mark 13 _\Side_1305_15_three.mp4;side mark 13 _\Side_1305_16_five.mp4;side mark 13 _\Side_1305_17_three.mp4;side mark 13 _\Side_1305_18_seven.mp4;side mark 13 _\Side_1305_19_five.mp4;side mark 13 _\Side_1305_20_one.mp4;side mark 13 _\Side_1305_3_seven.mp4;side mark 13 _\Side_1305_4_control.mp4;side mark 13 _\Side_1305_5_three.mp4;side mark 13 _\Side_1305_6_three.mp4;side mark 13 _\Side_1305_7_five.mp4;side mark 13 _\Side_1305_8_control.mp4;side mark 13 _\Side_1305_9_one.mp4,0.0,11.964;11.665;15.565;23.128;7.768;6.764;7.832;11.296;7.564;18.163;6.830;17.764;6.901;16.398;19.330;12.264;4.167;7.833,30.000;30.000;30.000;30.000;29.970;30.000;30.000;30.000;30.000;30.000;30.000;30.000;30.000;30.000;30.000;30.000;30.000;30.000,Sidemark,bending,,,START,95.976,side mark 13 _\Side_1305_17_three.mp4,0,NA,
Side_1305,2025-06-10 11:48:46.997,,213.135,Media file(s),player #1:side mark 13 _\Side_1305_10_seven.mp4;side mark 13 _\Side_1305_11_three.mp4;side mark 13 _\Side_1305_12_onehalf.mp4;side mark 13 _\Side_1305_13_one.mp4;side mark 13 _\Side_1305_14_onehalf.mp4;side mark 13 _\Side_1305_15_three.mp4;side mark 13 _\Side_1305_16_five.mp4;side mark 13 _\Side_1305_17_three.mp4;side mark 13 _\Side_1305_18_seven.mp4;side mark 13 _\Side_1305_19_five.mp4;side mark 13 _\Side_1305_20_one.mp4;side mark 13 _\Side_1305_3_seven.mp4;side mark 13 _\Side_1305_4_control.mp4;side mark 13 _\Side_1305_5_three.mp4;side mark 13 _\Side_1305_6_three.mp4;side mark 13 _\Side_1305_7_five.mp4;side mark 13 _\Side_1305_8_control.mp4;side mark 13 _\Side_1305_9_one.mp4,0.0,11.964;11.665;15.565;23.128;7.768;6.764;7.832;11.296;7.564;18.163;6.830;17.764;6.901;16.398;19.330;12.264;4.167;7.833,30.000;30.000;30.000;30.000;29.970;30.000;30.000;30.000;30.000;30.000;30.000;30.000;30.000;30.000;30.000;30.000;30.000;30.000,Sidemark,grabbing peanut,,,POINT,96.509,side mark 13 _\Side_1305_18_seven.mp4,16,NA,
Side_1305,2025-06-10 11:48:46.997,,213.135,Media file(s),player #1:side mark 13 _\Side_1305_10_seven.mp4;side mark 13 _\Side_1305_11_three.mp4;side mark 13 _\Side_1305_12_onehalf.mp4;side mark 13 _\Side_1305_13_one.mp4;side mark 13 _\Side_1305_14_onehalf.mp4;side mark 13 _\Side_1305_15_three.mp4;side mark 13 _\Side_1305_16_five.mp4;side mark 13 _\Side_1305_17_three.mp4;side mark 13 _\Side_1305_18_seven.mp4;side mark 13 _\Side_1305_19_five.mp4;side mark 13 _\Side_1305_20_one.mp4;side mark 13 _\Side_1305_3_seven.mp4;side mark 13 _\Side_1305_4_control.mp4;side mark 13 _\Side_1305_5_three.mp4;side mark 13 _\Side_1305_6_three.mp4;side mark 13 _\Side_1305_7_five.mp4;side mark 13 _\Side_1305_8_control.mp4;side mark 13 _\Side_1305_9_one.mp4,0.0,11.964;11.665;15.565;23.128;7.768;6.764;7.832;11.296;7.564;18.163;6.830;17.764;6.901;16.398;19.330;12.264;4.167;7.833,30.000;30.000;30.000;30.000;29.970;30.000;30.000;30.000;30.000;30.000;30.000;30.000;30.000;30.000;30.000;30.000;30.000;30.000,Sidemark,bending,,,STOP,96.543,side mark 13 _\Side_1305_18_seven.mp4,17,NA,
Side_1305,2025-06-10 11:48:46.997,,213.135,Media file(s),player #1:side mark 13 _\Side_1305_10_seven.mp4;side mark 13 _\Side_1305_11_three.mp4;side mark 13 _\Side_1305_12_onehalf.mp4;side mark 13 _\Side_1305_13_one.mp4;side mark 13 _\Side_1305_14_onehalf.mp4;side mark 13 _\Side_1305_15_three.mp4;side mark 13 _\Side_1305_16_five.mp4;side mark 13 _\Side_1305_17_three.mp4;side mark 13 _\Side_1305_18_seven.mp4;side mark 13 _\Side_1305_19_five.mp4;side mark 13 _\Side_1305_20_one.mp4;side mark 13 _\Side_1305_3_seven.mp4;side mark 13 _\Side_1305_4_control.mp4;side mark 13 _\Side_1305_5_three.mp4;side mark 13 _\Side_1305_6_three.mp4;side mark 13 _\Side_1305_7_five.mp4;side mark 13 _\Side_1305_8_control.mp4;side mark 13 _\Side_1305_9_one.mp4,0.0,11.964;11.665;15.565;23.128;7.768;6.764;7.832;11.296;7.564;18.163;6.830;17.764;6.901;16.398;19.330;12.264;4.167;7.833,30.000;30.000;30.000;30.000;29.970;30.000;30.000;30.000;30.000;30.000;30.000;30.000;30.000;30.000;30.000;30.000;30.000;30.000,Sidemark,lifting,,,START,96.576,side mark 13 _\Side_1305_18_seven.mp4,18,NA,
Side_1305,2025-06-10 11:48:46.997,,213.135,Media file(s),player #1:side mark 13 _\Side_1305_10_seven.mp4;side mark 13 _\Side_1305_11_three.mp4;side mark 13 _\Side_1305_12_onehalf.mp4;side mark 13 _\Side_1305_13_one.mp4;side mark 13 _\Side_1305_14_onehalf.mp4;side mark 13 _\Side_1305_15_three.mp4;side mark 13 _\Side_1305_16_five.mp4;side mark 13 _\Side_1305_17_three.mp4;side mark 13 _\Side_1305_18_seven.mp4;side mark 13 _\Side_1305_19_five.mp4;side mark 13 _\Side_1305_20_one.mp4;side mark 13 _\Side_1305_3_seven.mp4;side mark 13 _\Side_1305_4_control.mp4;side mark 13 _\Side_1305_5_three.mp4;side mark 13 _\Side_1305_6_three.mp4;side mark 13 _\Side_1305_7_five.mp4;side mark 13 _\Side_1305_8_control.mp4;side mark 13 _\Side_1305_9_one.mp4,0.0,11.964;11.665;15.565;23.128;7.768;6.764;7.832;11.296;7.564;18.163;6.830;17.764;6.901;16.398;19.330;12.264;4.167;7.833,30.000;30.000;30.000;30.000;29.970;30.000;30.000;30.000;30.000;30.000;30.000;30.000;30.000;30.000;30.000;30.000;30.000;30.000,Sidemark,lifting,,,STOP,96.909,side mark 13 _\Side_1305_18_seven.mp4,28,NA,
Side_1305,2025-06-10 11:48:46.997,,213.135,Media file(s),player #1:side mark 13 _\Side_1305_10_seven.mp4;side mark 13 _\Side_1305_11_three.mp4;side mark 13 _\Side_1305_12_onehalf.mp4;side mark 13 _\Side_1305_13_one.mp4;side mark 13 _\Side_1305_14_onehalf.mp4;side mark 13 _\Side_1305_15_three.mp4;side mark 13 _\Side_1305_16_five.mp4;side mark 13 _\Side_1305_17_three.mp4;side mark 13 _\Side_1305_18_seven.mp4;side mark 13 _\Side_1305_19_five.mp4;side mark 13 _\Side_1305_20_one.mp4;side mark 13 _\Side_1305_3_seven.mp4;side mark 13 _\Side_1305_4_control.mp4;side mark 13 _\Side_1305_5_three.mp4;side mark 13 _\Side_1305_6_three.mp4;side mark 13 _\Side_1305_7_five.mp4;side mark 13 _\Side_1305_8_control.mp4;side mark 13 _\Side_1305_9_one.mp4,0.0,11.964;11.665;15.565;23.128;7.768;6.764;7.832;11.296;7.564;18.163;6.830;17.764;6.901;16.398;19.330;12.264;4.167;7.833,30.000;30.000;30.000;30.000;29.970;30.000;30.000;30.000;30.000;30.000;30.000;30.000;30.000;30.000;30.000;30.000;30.000;30.000,Sidemark,target,,,START,98.074,side mark 13 _\Side_1305_18_seven.mp4,63,NA,
Side_1305,2025-06-10 11:48:46.997,,213.135,Media file(s),player #1:side mark 13 _\Side_1305_10_seven.mp4;side mark 13 _\Side_1305_11_three.mp4;side mark 13 _\Side_1305_12_onehalf.mp4;side mark 13 _\Side_1305_13_one.mp4;side mark 13 _\Side_1305_14_onehalf.mp4;side mark 13 _\Side_1305_15_three.mp4;side mark 13 _\Side_1305_16_five.mp4;side mark 13 _\Side_1305_17_three.mp4;side mark 13 _\Side_1305_18_seven.mp4;side mark 13 _\Side_1305_19_five.mp4;side mark 13 _\Side_1305_20_one.mp4;side mark 13 _\Side_1305_3_seven.mp4;side mark 13 _\Side_1305_4_control.mp4;side mark 13 _\Side_1305_5_three.mp4;side mark 13 _\Side_1305_6_three.mp4;side mark 13 _\Side_1305_7_five.mp4;side mark 13 _\Side_1305_8_control.mp4;side mark 13 _\Side_1305_9_one.mp4,0.0,11.964;11.665;15.565;23.128;7.768;6.764;7.832;11.296;7.564;18.163;6.830;17.764;6.901;16.398;19.330;12.264;4.167;7.833,30.000;30.000;30.000;30.000;29.970;30.000;30.000;30.000;30.000;30.000;30.000;30.000;30.000;30.000;30.000;30.000;30.000;30.000,Sidemark,target,,,STOP,103.440,side mark 13 _\Side_1305_18_seven.mp4,224,NA,
Side_1305,2025-06-10 11:48:46.997,,213.135,Media file(s),player #1:side mark 13 _\Side_1305_10_seven.mp4;side mark 13 _\Side_1305_11_three.mp4;side mark 13 _\Side_1305_12_onehalf.mp4;side mark 13 _\Side_1305_13_one.mp4;side mark 13 _\Side_1305_14_onehalf.mp4;side mark 13 _\Side_1305_15_three.mp4;side mark 13 _\Side_1305_16_five.mp4;side mark 13 _\Side_1305_17_three.mp4;side mark 13 _\Side_1305_18_seven.mp4;side mark 13 _\Side_1305_19_five.mp4;side mark 13 _\Side_1305_20_one.mp4;side mark 13 _\Side_1305_3_seven.mp4;side mark 13 _\Side_1305_4_control.mp4;side mark 13 _\Side_1305_5_three.mp4;side mark 13 _\Side_1305_6_three.mp4;side mark 13 _\Side_1305_7_five.mp4;side mark 13 _\Side_1305_8_control.mp4;side mark 13 _\Side_1305_9_one.mp4,0.0,11.964;11.665;15.565;23.128;7.768;6.764;7.832;11.296;7.564;18.163;6.830;17.764;6.901;16.398;19.330;12.264;4.167;7.833,30.000;30.000;30.000;30.000;29.970;30.000;30.000;30.000;30.000;30.000;30.000;30.000;30.000;30.000;30.000;30.000;30.000;30.000,Sidemark,explore,,,START,103.539,side mark 13 _\Side_1305_18_seven.mp4,0,NA,
Side_1305,2025-06-10 11:48:46.997,,213.135,Media file(s),player #1:side mark 13 _\Side_1305_10_seven.mp4;side mark 13 _\Side_1305_11_three.mp4;side mark 13 _\Side_1305_12_onehalf.mp4;side mark 13 _\Side_1305_13_one.mp4;side mark 13 _\Side_1305_14_onehalf.mp4;side mark 13 _\Side_1305_15_three.mp4;side mark 13 _\Side_1305_16_five.mp4;side mark 13 _\Side_1305_17_three.mp4;side mark 13 _\Side_1305_18_seven.mp4;side mark 13 _\Side_1305_19_five.mp4;side mark 13 _\Side_1305_20_one.mp4;side mark 13 _\Side_1305_3_seven.mp4;side mark 13 _\Side_1305_4_control.mp4;side mark 13 _\Side_1305_5_three.mp4;side mark 13 _\Side_1305_6_three.mp4;side mark 13 _\Side_1305_7_five.mp4;side mark 13 _\Side_1305_8_control.mp4;side mark 13 _\Side_1305_9_one.mp4,0.0,11.964;11.665;15.565;23.128;7.768;6.764;7.832;11.296;7.564;18.163;6.830;17.764;6.901;16.398;19.330;12.264;4.167;7.833,30.000;30.000;30.000;30.000;29.970;30.000;30.000;30.000;30.000;30.000;30.000;30.000;30.000;30.000;30.000;30.000;30.000;30.000,Sidemark,explore,,,STOP,109.871,side mark 13 _\Side_1305_19_five.mp4,190,NA,
Side_1305,2025-06-10 11:48:46.997,,213.135,Media file(s),player #1:side mark 13 _\Side_1305_10_seven.mp4;side mark 13 _\Side_1305_11_three.mp4;side mark 13 _\Side_1305_12_onehalf.mp4;side mark 13 _\Side_1305_13_one.mp4;side mark 13 _\Side_1305_14_onehalf.mp4;side mark 13 _\Side_1305_15_three.mp4;side mark 13 _\Side_1305_16_five.mp4;side mark 13 _\Side_1305_17_three.mp4;side mark 13 _\Side_1305_18_seven.mp4;side mark 13 _\Side_1305_19_five.mp4;side mark 13 _\Side_1305_20_one.mp4;side mark 13 _\Side_1305_3_seven.mp4;side mark 13 _\Side_1305_4_control.mp4;side mark 13 _\Side_1305_5_three.mp4;side mark 13 _\Side_1305_6_three.mp4;side mark 13 _\Side_1305_7_five.mp4;side mark 13 _\Side_1305_8_control.mp4;side mark 13 _\Side_1305_9_one.mp4,0.0,11.964;11.665;15.565;23.128;7.768;6.764;7.832;11.296;7.564;18.163;6.830;17.764;6.901;16.398;19.330;12.264;4.167;7.833,30.000;30.000;30.000;30.000;29.970;30.000;30.000;30.000;30.000;30.000;30.000;30.000;30.000;30.000;30.000;30.000;30.000;30.000,Sidemark,bending,,,START,110.037,side mark 13 _\Side_1305_19_five.mp4,195,NA,
Side_1305,2025-06-10 11:48:46.997,,213.135,Media file(s),player #1:side mark 13 _\Side_1305_10_seven.mp4;side mark 13 _\Side_1305_11_three.mp4;side mark 13 _\Side_1305_12_onehalf.mp4;side mark 13 _\Side_1305_13_one.mp4;side mark 13 _\Side_1305_14_onehalf.mp4;side mark 13 _\Side_1305_15_three.mp4;side mark 13 _\Side_1305_16_five.mp4;side mark 13 _\Side_1305_17_three.mp4;side mark 13 _\Side_1305_18_seven.mp4;side mark 13 _\Side_1305_19_five.mp4;side mark 13 _\Side_1305_20_one.mp4;side mark 13 _\Side_1305_3_seven.mp4;side mark 13 _\Side_1305_4_control.mp4;side mark 13 _\Side_1305_5_three.mp4;side mark 13 _\Side_1305_6_three.mp4;side mark 13 _\Side_1305_7_five.mp4;side mark 13 _\Side_1305_8_control.mp4;side mark 13 _\Side_1305_9_one.mp4,0.0,11.964;11.665;15.565;23.128;7.768;6.764;7.832;11.296;7.564;18.163;6.830;17.764;6.901;16.398;19.330;12.264;4.167;7.833,30.000;30.000;30.000;30.000;29.970;30.000;30.000;30.000;30.000;30.000;30.000;30.000;30.000;30.000;30.000;30.000;30.000;30.000,Sidemark,grabbing peanut,,,POINT,110.537,side mark 13 _\Side_1305_19_five.mp4,210,NA,
Side_1305,2025-06-10 11:48:46.997,,213.135,Media file(s),player #1:side mark 13 _\Side_1305_10_seven.mp4;side mark 13 _\Side_1305_11_three.mp4;side mark 13 _\Side_1305_12_onehalf.mp4;side mark 13 _\Side_1305_13_one.mp4;side mark 13 _\Side_1305_14_onehalf.mp4;side mark 13 _\Side_1305_15_three.mp4;side mark 13 _\Side_1305_16_five.mp4;side mark 13 _\Side_1305_17_three.mp4;side mark 13 _\Side_1305_18_seven.mp4;side mark 13 _\Side_1305_19_five.mp4;side mark 13 _\Side_1305_20_one.mp4;side mark 13 _\Side_1305_3_seven.mp4;side mark 13 _\Side_1305_4_control.mp4;side mark 13 _\Side_1305_5_three.mp4;side mark 13 _\Side_1305_6_three.mp4;side mark 13 _\Side_1305_7_five.mp4;side mark 13 _\Side_1305_8_control.mp4;side mark 13 _\Side_1305_9_one.mp4,0.0,11.964;11.665;15.565;23.128;7.768;6.764;7.832;11.296;7.564;18.163;6.830;17.764;6.901;16.398;19.330;12.264;4.167;7.833,30.000;30.000;30.000;30.000;29.970;30.000;30.000;30.000;30.000;30.000;30.000;30.000;30.000;30.000;30.000;30.000;30.000;30.000,Sidemark,bending,,,STOP,110.637,side mark 13 _\Side_1305_19_five.mp4,213,NA,
Side_1305,2025-06-10 11:48:46.997,,213.135,Media file(s),player #1:side mark 13 _\Side_1305_10_seven.mp4;side mark 13 _\Side_1305_11_three.mp4;side mark 13 _\Side_1305_12_onehalf.mp4;side mark 13 _\Side_1305_13_one.mp4;side mark 13 _\Side_1305_14_onehalf.mp4;side mark 13 _\Side_1305_15_three.mp4;side mark 13 _\Side_1305_16_five.mp4;side mark 13 _\Side_1305_17_three.mp4;side mark 13 _\Side_1305_18_seven.mp4;side mark 13 _\Side_1305_19_five.mp4;side mark 13 _\Side_1305_20_one.mp4;side mark 13 _\Side_1305_3_seven.mp4;side mark 13 _\Side_1305_4_control.mp4;side mark 13 _\Side_1305_5_three.mp4;side mark 13 _\Side_1305_6_three.mp4;side mark 13 _\Side_1305_7_five.mp4;side mark 13 _\Side_1305_8_control.mp4;side mark 13 _\Side_1305_9_one.mp4,0.0,11.964;11.665;15.565;23.128;7.768;6.764;7.832;11.296;7.564;18.163;6.830;17.764;6.901;16.398;19.330;12.264;4.167;7.833,30.000;30.000;30.000;30.000;29.970;30.000;30.000;30.000;30.000;30.000;30.000;30.000;30.000;30.000;30.000;30.000;30.000;30.000,Sidemark,lifting,,,START,110.637,side mark 13 _\Side_1305_19_five.mp4,213,NA,
Side_1305,2025-06-10 11:48:46.997,,213.135,Media file(s),player #1:side mark 13 _\Side_1305_10_seven.mp4;side mark 13 _\Side_1305_11_three.mp4;side mark 13 _\Side_1305_12_onehalf.mp4;side mark 13 _\Side_1305_13_one.mp4;side mark 13 _\Side_1305_14_onehalf.mp4;side mark 13 _\Side_1305_15_three.mp4;side mark 13 _\Side_1305_16_five.mp4;side mark 13 _\Side_1305_17_three.mp4;side mark 13 _\Side_1305_18_seven.mp4;side mark 13 _\Side_1305_19_five.mp4;side mark 13 _\Side_1305_20_one.mp4;side mark 13 _\Side_1305_3_seven.mp4;side mark 13 _\Side_1305_4_control.mp4;side mark 13 _\Side_1305_5_three.mp4;side mark 13 _\Side_1305_6_three.mp4;side mark 13 _\Side_1305_7_five.mp4;side mark 13 _\Side_1305_8_control.mp4;side mark 13 _\Side_1305_9_one.mp4,0.0,11.964;11.665;15.565;23.128;7.768;6.764;7.832;11.296;7.564;18.163;6.830;17.764;6.901;16.398;19.330;12.264;4.167;7.833,30.000;30.000;30.000;30.000;29.970;30.000;30.000;30.000;30.000;30.000;30.000;30.000;30.000;30.000;30.000;30.000;30.000;30.000,Sidemark,lifting,,,STOP,110.804,side mark 13 _\Side_1305_19_five.mp4,218,NA,
Side_1305,2025-06-10 11:48:46.997,,213.135,Media file(s),player #1:side mark 13 _\Side_1305_10_seven.mp4;side mark 13 _\Side_1305_11_three.mp4;side mark 13 _\Side_1305_12_onehalf.mp4;side mark 13 _\Side_1305_13_one.mp4;side mark 13 _\Side_1305_14_onehalf.mp4;side mark 13 _\Side_1305_15_three.mp4;side mark 13 _\Side_1305_16_five.mp4;side mark 13 _\Side_1305_17_three.mp4;side mark 13 _\Side_1305_18_seven.mp4;side mark 13 _\Side_1305_19_five.mp4;side mark 13 _\Side_1305_20_one.mp4;side mark 13 _\Side_1305_3_seven.mp4;side mark 13 _\Side_1305_4_control.mp4;side mark 13 _\Side_1305_5_three.mp4;side mark 13 _\Side_1305_6_three.mp4;side mark 13 _\Side_1305_7_five.mp4;side mark 13 _\Side_1305_8_control.mp4;side mark 13 _\Side_1305_9_one.mp4,0.0,11.964;11.665;15.565;23.128;7.768;6.764;7.832;11.296;7.564;18.163;6.830;17.764;6.901;16.398;19.330;12.264;4.167;7.833,30.000;30.000;30.000;30.000;29.970;30.000;30.000;30.000;30.000;30.000;30.000;30.000;30.000;30.000;30.000;30.000;30.000;30.000,Sidemark,target,,,START,110.871,side mark 13 _\Side_1305_19_five.mp4,220,NA,
Side_1305,2025-06-10 11:48:46.997,,213.135,Media file(s),player #1:side mark 13 _\Side_1305_10_seven.mp4;side mark 13 _\Side_1305_11_three.mp4;side mark 13 _\Side_1305_12_onehalf.mp4;side mark 13 _\Side_1305_13_one.mp4;side mark 13 _\Side_1305_14_onehalf.mp4;side mark 13 _\Side_1305_15_three.mp4;side mark 13 _\Side_1305_16_five.mp4;side mark 13 _\Side_1305_17_three.mp4;side mark 13 _\Side_1305_18_seven.mp4;side mark 13 _\Side_1305_19_five.mp4;side mark 13 _\Side_1305_20_one.mp4;side mark 13 _\Side_1305_3_seven.mp4;side mark 13 _\Side_1305_4_control.mp4;side mark 13 _\Side_1305_5_three.mp4;side mark 13 _\Side_1305_6_three.mp4;side mark 13 _\Side_1305_7_five.mp4;side mark 13 _\Side_1305_8_control.mp4;side mark 13 _\Side_1305_9_one.mp4,0.0,11.964;11.665;15.565;23.128;7.768;6.764;7.832;11.296;7.564;18.163;6.830;17.764;6.901;16.398;19.330;12.264;4.167;7.833,30.000;30.000;30.000;30.000;29.970;30.000;30.000;30.000;30.000;30.000;30.000;30.000;30.000;30.000;30.000;30.000;30.000;30.000,Sidemark,target,,,STOP,120.802,side mark 13 _\Side_1305_19_five.mp4,518,NA,
Side_1305,2025-06-10 11:48:46.997,,213.135,Media file(s),player #1:side mark 13 _\Side_1305_10_seven.mp4;side mark 13 _\Side_1305_11_three.mp4;side mark 13 _\Side_1305_12_onehalf.mp4;side mark 13 _\Side_1305_13_one.mp4;side mark 13 _\Side_1305_14_onehalf.mp4;side mark 13 _\Side_1305_15_three.mp4;side mark 13 _\Side_1305_16_five.mp4;side mark 13 _\Side_1305_17_three.mp4;side mark 13 _\Side_1305_18_seven.mp4;side mark 13 _\Side_1305_19_five.mp4;side mark 13 _\Side_1305_20_one.mp4;side mark 13 _\Side_1305_3_seven.mp4;side mark 13 _\Side_1305_4_control.mp4;side mark 13 _\Side_1305_5_three.mp4;side mark 13 _\Side_1305_6_three.mp4;side mark 13 _\Side_1305_7_five.mp4;side mark 13 _\Side_1305_8_control.mp4;side mark 13 _\Side_1305_9_one.mp4,0.0,11.964;11.665;15.565;23.128;7.768;6.764;7.832;11.296;7.564;18.163;6.830;17.764;6.901;16.398;19.330;12.264;4.167;7.833,30.000;30.000;30.000;30.000;29.970;30.000;30.000;30.000;30.000;30.000;30.000;30.000;30.000;30.000;30.000;30.000;30.000;30.000,Sidemark,bending,,,START,121.969,side mark 13 _\Side_1305_20_one.mp4,8,NA,
Side_1305,2025-06-10 11:48:46.997,,213.135,Media file(s),player #1:side mark 13 _\Side_1305_10_seven.mp4;side mark 13 _\Side_1305_11_three.mp4;side mark 13 _\Side_1305_12_onehalf.mp4;side mark 13 _\Side_1305_13_one.mp4;side mark 13 _\Side_1305_14_onehalf.mp4;side mark 13 _\Side_1305_15_three.mp4;side mark 13 _\Side_1305_16_five.mp4;side mark 13 _\Side_1305_17_three.mp4;side mark 13 _\Side_1305_18_seven.mp4;side mark 13 _\Side_1305_19_five.mp4;side mark 13 _\Side_1305_20_one.mp4;side mark 13 _\Side_1305_3_seven.mp4;side mark 13 _\Side_1305_4_control.mp4;side mark 13 _\Side_1305_5_three.mp4;side mark 13 _\Side_1305_6_three.mp4;side mark 13 _\Side_1305_7_five.mp4;side mark 13 _\Side_1305_8_control.mp4;side mark 13 _\Side_1305_9_one.mp4,0.0,11.964;11.665;15.565;23.128;7.768;6.764;7.832;11.296;7.564;18.163;6.830;17.764;6.901;16.398;19.330;12.264;4.167;7.833,30.000;30.000;30.000;30.000;29.970;30.000;30.000;30.000;30.000;30.000;30.000;30.000;30.000;30.000;30.000;30.000;30.000;30.000,Sidemark,bending,,,STOP,123.031,side mark 13 _\Side_1305_20_one.mp4,39,NA,
Side_1305,2025-06-10 11:48:46.997,,213.135,Media file(s),player #1:side mark 13 _\Side_1305_10_seven.mp4;side mark 13 _\Side_1305_11_three.mp4;side mark 13 _\Side_1305_12_onehalf.mp4;side mark 13 _\Side_1305_13_one.mp4;side mark 13 _\Side_1305_14_onehalf.mp4;side mark 13 _\Side_1305_15_three.mp4;side mark 13 _\Side_1305_16_five.mp4;side mark 13 _\Side_1305_17_three.mp4;side mark 13 _\Side_1305_18_seven.mp4;side mark 13 _\Side_1305_19_five.mp4;side mark 13 _\Side_1305_20_one.mp4;side mark 13 _\Side_1305_3_seven.mp4;side mark 13 _\Side_1305_4_control.mp4;side mark 13 _\Side_1305_5_three.mp4;side mark 13 _\Side_1305_6_three.mp4;side mark 13 _\Side_1305_7_five.mp4;side mark 13 _\Side_1305_8_control.mp4;side mark 13 _\Side_1305_9_one.mp4,0.0,11.964;11.665;15.565;23.128;7.768;6.764;7.832;11.296;7.564;18.163;6.830;17.764;6.901;16.398;19.330;12.264;4.167;7.833,30.000;30.000;30.000;30.000;29.970;30.000;30.000;30.000;30.000;30.000;30.000;30.000;30.000;30.000;30.000;30.000;30.000;30.000,Sidemark,grabbing peanut,,,POINT,123.065,side mark 13 _\Side_1305_20_one.mp4,40,NA,
Side_1305,2025-06-10 11:48:46.997,,213.135,Media file(s),player #1:side mark 13 _\Side_1305_10_seven.mp4;side mark 13 _\Side_1305_11_three.mp4;side mark 13 _\Side_1305_12_onehalf.mp4;side mark 13 _\Side_1305_13_one.mp4;side mark 13 _\Side_1305_14_onehalf.mp4;side mark 13 _\Side_1305_15_three.mp4;side mark 13 _\Side_1305_16_five.mp4;side mark 13 _\Side_1305_17_three.mp4;side mark 13 _\Side_1305_18_seven.mp4;side mark 13 _\Side_1305_19_five.mp4;side mark 13 _\Side_1305_20_one.mp4;side mark 13 _\Side_1305_3_seven.mp4;side mark 13 _\Side_1305_4_control.mp4;side mark 13 _\Side_1305_5_three.mp4;side mark 13 _\Side_1305_6_three.mp4;side mark 13 _\Side_1305_7_five.mp4;side mark 13 _\Side_1305_8_control.mp4;side mark 13 _\Side_1305_9_one.mp4,0.0,11.964;11.665;15.565;23.128;7.768;6.764;7.832;11.296;7.564;18.163;6.830;17.764;6.901;16.398;19.330;12.264;4.167;7.833,30.000;30.000;30.000;30.000;29.970;30.000;30.000;30.000;30.000;30.000;30.000;30.000;30.000;30.000;30.000;30.000;30.000;30.000,Sidemark,lifting,,,START,123.132,side mark 13 _\Side_1305_20_one.mp4,42,NA,
Side_1305,2025-06-10 11:48:46.997,,213.135,Media file(s),player #1:side mark 13 _\Side_1305_10_seven.mp4;side mark 13 _\Side_1305_11_three.mp4;side mark 13 _\Side_1305_12_onehalf.mp4;side mark 13 _\Side_1305_13_one.mp4;side mark 13 _\Side_1305_14_onehalf.mp4;side mark 13 _\Side_1305_15_three.mp4;side mark 13 _\Side_1305_16_five.mp4;side mark 13 _\Side_1305_17_three.mp4;side mark 13 _\Side_1305_18_seven.mp4;side mark 13 _\Side_1305_19_five.mp4;side mark 13 _\Side_1305_20_one.mp4;side mark 13 _\Side_1305_3_seven.mp4;side mark 13 _\Side_1305_4_control.mp4;side mark 13 _\Side_1305_5_three.mp4;side mark 13 _\Side_1305_6_three.mp4;side mark 13 _\Side_1305_7_five.mp4;side mark 13 _\Side_1305_8_control.mp4;side mark 13 _\Side_1305_9_one.mp4,0.0,11.964;11.665;15.565;23.128;7.768;6.764;7.832;11.296;7.564;18.163;6.830;17.764;6.901;16.398;19.330;12.264;4.167;7.833,30.000;30.000;30.000;30.000;29.970;30.000;30.000;30.000;30.000;30.000;30.000;30.000;30.000;30.000;30.000;30.000;30.000;30.000,Sidemark,lifting,,,STOP,123.399,side mark 13 _\Side_1305_20_one.mp4,50,NA,
Side_1305,2025-06-10 11:48:46.997,,213.135,Media file(s),player #1:side mark 13 _\Side_1305_10_seven.mp4;side mark 13 _\Side_1305_11_three.mp4;side mark 13 _\Side_1305_12_onehalf.mp4;side mark 13 _\Side_1305_13_one.mp4;side mark 13 _\Side_1305_14_onehalf.mp4;side mark 13 _\Side_1305_15_three.mp4;side mark 13 _\Side_1305_16_five.mp4;side mark 13 _\Side_1305_17_three.mp4;side mark 13 _\Side_1305_18_seven.mp4;side mark 13 _\Side_1305_19_five.mp4;side mark 13 _\Side_1305_20_one.mp4;side mark 13 _\Side_1305_3_seven.mp4;side mark 13 _\Side_1305_4_control.mp4;side mark 13 _\Side_1305_5_three.mp4;side mark 13 _\Side_1305_6_three.mp4;side mark 13 _\Side_1305_7_five.mp4;side mark 13 _\Side_1305_8_control.mp4;side mark 13 _\Side_1305_9_one.mp4,0.0,11.964;11.665;15.565;23.128;7.768;6.764;7.832;11.296;7.564;18.163;6.830;17.764;6.901;16.398;19.330;12.264;4.167;7.833,30.000;30.000;30.000;30.000;29.970;30.000;30.000;30.000;30.000;30.000;30.000;30.000;30.000;30.000;30.000;30.000;30.000;30.000,Sidemark,target,,,START,123.666,side mark 13 _\Side_1305_20_one.mp4,58,NA,
Side_1305,2025-06-10 11:48:46.997,,213.135,Media file(s),player #1:side mark 13 _\Side_1305_10_seven.mp4;side mark 13 _\Side_1305_11_three.mp4;side mark 13 _\Side_1305_12_onehalf.mp4;side mark 13 _\Side_1305_13_one.mp4;side mark 13 _\Side_1305_14_onehalf.mp4;side mark 13 _\Side_1305_15_three.mp4;side mark 13 _\Side_1305_16_five.mp4;side mark 13 _\Side_1305_17_three.mp4;side mark 13 _\Side_1305_18_seven.mp4;side mark 13 _\Side_1305_19_five.mp4;side mark 13 _\Side_1305_20_one.mp4;side mark 13 _\Side_1305_3_seven.mp4;side mark 13 _\Side_1305_4_control.mp4;side mark 13 _\Side_1305_5_three.mp4;side mark 13 _\Side_1305_6_three.mp4;side mark 13 _\Side_1305_7_five.mp4;side mark 13 _\Side_1305_8_control.mp4;side mark 13 _\Side_1305_9_one.mp4,0.0,11.964;11.665;15.565;23.128;7.768;6.764;7.832;11.296;7.564;18.163;6.830;17.764;6.901;16.398;19.330;12.264;4.167;7.833,30.000;30.000;30.000;30.000;29.970;30.000;30.000;30.000;30.000;30.000;30.000;30.000;30.000;30.000;30.000;30.000;30.000;30.000,Sidemark,target,,,STOP,128.499,side mark 13 _\Side_1305_20_one.mp4,201,NA,
Side_1305,2025-06-10 11:48:46.997,,213.135,Media file(s),player #1:side mark 13 _\Side_1305_10_seven.mp4;side mark 13 _\Side_1305_11_three.mp4;side mark 13 _\Side_1305_12_onehalf.mp4;side mark 13 _\Side_1305_13_one.mp4;side mark 13 _\Side_1305_14_onehalf.mp4;side mark 13 _\Side_1305_15_three.mp4;side mark 13 _\Side_1305_16_five.mp4;side mark 13 _\Side_1305_17_three.mp4;side mark 13 _\Side_1305_18_seven.mp4;side mark 13 _\Side_1305_19_five.mp4;side mark 13 _\Side_1305_20_one.mp4;side mark 13 _\Side_1305_3_seven.mp4;side mark 13 _\Side_1305_4_control.mp4;side mark 13 _\Side_1305_5_three.mp4;side mark 13 _\Side_1305_6_three.mp4;side mark 13 _\Side_1305_7_five.mp4;side mark 13 _\Side_1305_8_control.mp4;side mark 13 _\Side_1305_9_one.mp4,0.0,11.964;11.665;15.565;23.128;7.768;6.764;7.832;11.296;7.564;18.163;6.830;17.764;6.901;16.398;19.330;12.264;4.167;7.833,30.000;30.000;30.000;30.000;29.970;30.000;30.000;30.000;30.000;30.000;30.000;30.000;30.000;30.000;30.000;30.000;30.000;30.000,Sidemark,explore,,,START,128.532,side mark 13 _\Side_1305_20_one.mp4,0,NA,
Side_1305,2025-06-10 11:48:46.997,,213.135,Media file(s),player #1:side mark 13 _\Side_1305_10_seven.mp4;side mark 13 _\Side_1305_11_three.mp4;side mark 13 _\Side_1305_12_onehalf.mp4;side mark 13 _\Side_1305_13_one.mp4;side mark 13 _\Side_1305_14_onehalf.mp4;side mark 13 _\Side_1305_15_three.mp4;side mark 13 _\Side_1305_16_five.mp4;side mark 13 _\Side_1305_17_three.mp4;side mark 13 _\Side_1305_18_seven.mp4;side mark 13 _\Side_1305_19_five.mp4;side mark 13 _\Side_1305_20_one.mp4;side mark 13 _\Side_1305_3_seven.mp4;side mark 13 _\Side_1305_4_control.mp4;side mark 13 _\Side_1305_5_three.mp4;side mark 13 _\Side_1305_6_three.mp4;side mark 13 _\Side_1305_7_five.mp4;side mark 13 _\Side_1305_8_control.mp4;side mark 13 _\Side_1305_9_one.mp4,0.0,11.964;11.665;15.565;23.128;7.768;6.764;7.832;11.296;7.564;18.163;6.830;17.764;6.901;16.398;19.330;12.264;4.167;7.833,30.000;30.000;30.000;30.000;29.970;30.000;30.000;30.000;30.000;30.000;30.000;30.000;30.000;30.000;30.000;30.000;30.000;30.000,Sidemark,explore,,,STOP,129.099,side mark 13 _\Side_1305_3_seven.mp4,17,NA,
Side_1305,2025-06-10 11:48:46.997,,213.135,Media file(s),player #1:side mark 13 _\Side_1305_10_seven.mp4;side mark 13 _\Side_1305_11_three.mp4;side mark 13 _\Side_1305_12_onehalf.mp4;side mark 13 _\Side_1305_13_one.mp4;side mark 13 _\Side_1305_14_onehalf.mp4;side mark 13 _\Side_1305_15_three.mp4;side mark 13 _\Side_1305_16_five.mp4;side mark 13 _\Side_1305_17_three.mp4;side mark 13 _\Side_1305_18_seven.mp4;side mark 13 _\Side_1305_19_five.mp4;side mark 13 _\Side_1305_20_one.mp4;side mark 13 _\Side_1305_3_seven.mp4;side mark 13 _\Side_1305_4_control.mp4;side mark 13 _\Side_1305_5_three.mp4;side mark 13 _\Side_1305_6_three.mp4;side mark 13 _\Side_1305_7_five.mp4;side mark 13 _\Side_1305_8_control.mp4;side mark 13 _\Side_1305_9_one.mp4,0.0,11.964;11.665;15.565;23.128;7.768;6.764;7.832;11.296;7.564;18.163;6.830;17.764;6.901;16.398;19.330;12.264;4.167;7.833,30.000;30.000;30.000;30.000;29.970;30.000;30.000;30.000;30.000;30.000;30.000;30.000;30.000;30.000;30.000;30.000;30.000;30.000,Sidemark,bending,,,START,129.299,side mark 13 _\Side_1305_3_seven.mp4,23,NA,
Side_1305,2025-06-10 11:48:46.997,,213.135,Media file(s),player #1:side mark 13 _\Side_1305_10_seven.mp4;side mark 13 _\Side_1305_11_three.mp4;side mark 13 _\Side_1305_12_onehalf.mp4;side mark 13 _\Side_1305_13_one.mp4;side mark 13 _\Side_1305_14_onehalf.mp4;side mark 13 _\Side_1305_15_three.mp4;side mark 13 _\Side_1305_16_five.mp4;side mark 13 _\Side_1305_17_three.mp4;side mark 13 _\Side_1305_18_seven.mp4;side mark 13 _\Side_1305_19_five.mp4;side mark 13 _\Side_1305_20_one.mp4;side mark 13 _\Side_1305_3_seven.mp4;side mark 13 _\Side_1305_4_control.mp4;side mark 13 _\Side_1305_5_three.mp4;side mark 13 _\Side_1305_6_three.mp4;side mark 13 _\Side_1305_7_five.mp4;side mark 13 _\Side_1305_8_control.mp4;side mark 13 _\Side_1305_9_one.mp4,0.0,11.964;11.665;15.565;23.128;7.768;6.764;7.832;11.296;7.564;18.163;6.830;17.764;6.901;16.398;19.330;12.264;4.167;7.833,30.000;30.000;30.000;30.000;29.970;30.000;30.000;30.000;30.000;30.000;30.000;30.000;30.000;30.000;30.000;30.000;30.000;30.000,Sidemark,bending,,,STOP,129.698,side mark 13 _\Side_1305_3_seven.mp4,35,NA,
Side_1305,2025-06-10 11:48:46.997,,213.135,Media file(s),player #1:side mark 13 _\Side_1305_10_seven.mp4;side mark 13 _\Side_1305_11_three.mp4;side mark 13 _\Side_1305_12_onehalf.mp4;side mark 13 _\Side_1305_13_one.mp4;side mark 13 _\Side_1305_14_onehalf.mp4;side mark 13 _\Side_1305_15_three.mp4;side mark 13 _\Side_1305_16_five.mp4;side mark 13 _\Side_1305_17_three.mp4;side mark 13 _\Side_1305_18_seven.mp4;side mark 13 _\Side_1305_19_five.mp4;side mark 13 _\Side_1305_20_one.mp4;side mark 13 _\Side_1305_3_seven.mp4;side mark 13 _\Side_1305_4_control.mp4;side mark 13 _\Side_1305_5_three.mp4;side mark 13 _\Side_1305_6_three.mp4;side mark 13 _\Side_1305_7_five.mp4;side mark 13 _\Side_1305_8_control.mp4;side mark 13 _\Side_1305_9_one.mp4,0.0,11.964;11.665;15.565;23.128;7.768;6.764;7.832;11.296;7.564;18.163;6.830;17.764;6.901;16.398;19.330;12.264;4.167;7.833,30.000;30.000;30.000;30.000;29.970;30.000;30.000;30.000;30.000;30.000;30.000;30.000;30.000;30.000;30.000;30.000;30.000;30.000,Sidemark,grabbing peanut,,,POINT,129.698,side mark 13 _\Side_1305_3_seven.mp4,35,NA,
Side_1305,2025-06-10 11:48:46.997,,213.135,Media file(s),player #1:side mark 13 _\Side_1305_10_seven.mp4;side mark 13 _\Side_1305_11_three.mp4;side mark 13 _\Side_1305_12_onehalf.mp4;side mark 13 _\Side_1305_13_one.mp4;side mark 13 _\Side_1305_14_onehalf.mp4;side mark 13 _\Side_1305_15_three.mp4;side mark 13 _\Side_1305_16_five.mp4;side mark 13 _\Side_1305_17_three.mp4;side mark 13 _\Side_1305_18_seven.mp4;side mark 13 _\Side_1305_19_five.mp4;side mark 13 _\Side_1305_20_one.mp4;side mark 13 _\Side_1305_3_seven.mp4;side mark 13 _\Side_1305_4_control.mp4;side mark 13 _\Side_1305_5_three.mp4;side mark 13 _\Side_1305_6_three.mp4;side mark 13 _\Side_1305_7_five.mp4;side mark 13 _\Side_1305_8_control.mp4;side mark 13 _\Side_1305_9_one.mp4,0.0,11.964;11.665;15.565;23.128;7.768;6.764;7.832;11.296;7.564;18.163;6.830;17.764;6.901;16.398;19.330;12.264;4.167;7.833,30.000;30.000;30.000;30.000;29.970;30.000;30.000;30.000;30.000;30.000;30.000;30.000;30.000;30.000;30.000;30.000;30.000;30.000,Sidemark,lifting,,,START,129.732,side mark 13 _\Side_1305_3_seven.mp4,36,NA,
Side_1305,2025-06-10 11:48:46.997,,213.135,Media file(s),player #1:side mark 13 _\Side_1305_10_seven.mp4;side mark 13 _\Side_1305_11_three.mp4;side mark 13 _\Side_1305_12_onehalf.mp4;side mark 13 _\Side_1305_13_one.mp4;side mark 13 _\Side_1305_14_onehalf.mp4;side mark 13 _\Side_1305_15_three.mp4;side mark 13 _\Side_1305_16_five.mp4;side mark 13 _\Side_1305_17_three.mp4;side mark 13 _\Side_1305_18_seven.mp4;side mark 13 _\Side_1305_19_five.mp4;side mark 13 _\Side_1305_20_one.mp4;side mark 13 _\Side_1305_3_seven.mp4;side mark 13 _\Side_1305_4_control.mp4;side mark 13 _\Side_1305_5_three.mp4;side mark 13 _\Side_1305_6_three.mp4;side mark 13 _\Side_1305_7_five.mp4;side mark 13 _\Side_1305_8_control.mp4;side mark 13 _\Side_1305_9_one.mp4,0.0,11.964;11.665;15.565;23.128;7.768;6.764;7.832;11.296;7.564;18.163;6.830;17.764;6.901;16.398;19.330;12.264;4.167;7.833,30.000;30.000;30.000;30.000;29.970;30.000;30.000;30.000;30.000;30.000;30.000;30.000;30.000;30.000;30.000;30.000;30.000;30.000,Sidemark,lifting,,,STOP,129.998,side mark 13 _\Side_1305_3_seven.mp4,44,NA,
Side_1305,2025-06-10 11:48:46.997,,213.135,Media file(s),player #1:side mark 13 _\Side_1305_10_seven.mp4;side mark 13 _\Side_1305_11_three.mp4;side mark 13 _\Side_1305_12_onehalf.mp4;side mark 13 _\Side_1305_13_one.mp4;side mark 13 _\Side_1305_14_onehalf.mp4;side mark 13 _\Side_1305_15_three.mp4;side mark 13 _\Side_1305_16_five.mp4;side mark 13 _\Side_1305_17_three.mp4;side mark 13 _\Side_1305_18_seven.mp4;side mark 13 _\Side_1305_19_five.mp4;side mark 13 _\Side_1305_20_one.mp4;side mark 13 _\Side_1305_3_seven.mp4;side mark 13 _\Side_1305_4_control.mp4;side mark 13 _\Side_1305_5_three.mp4;side mark 13 _\Side_1305_6_three.mp4;side mark 13 _\Side_1305_7_five.mp4;side mark 13 _\Side_1305_8_control.mp4;side mark 13 _\Side_1305_9_one.mp4,0.0,11.964;11.665;15.565;23.128;7.768;6.764;7.832;11.296;7.564;18.163;6.830;17.764;6.901;16.398;19.330;12.264;4.167;7.833,30.000;30.000;30.000;30.000;29.970;30.000;30.000;30.000;30.000;30.000;30.000;30.000;30.000;30.000;30.000;30.000;30.000;30.000,Sidemark,target,,,START,131.062,side mark 13 _\Side_1305_3_seven.mp4,76,NA,
Side_1305,2025-06-10 11:48:46.997,,213.135,Media file(s),player #1:side mark 13 _\Side_1305_10_seven.mp4;side mark 13 _\Side_1305_11_three.mp4;side mark 13 _\Side_1305_12_onehalf.mp4;side mark 13 _\Side_1305_13_one.mp4;side mark 13 _\Side_1305_14_onehalf.mp4;side mark 13 _\Side_1305_15_three.mp4;side mark 13 _\Side_1305_16_five.mp4;side mark 13 _\Side_1305_17_three.mp4;side mark 13 _\Side_1305_18_seven.mp4;side mark 13 _\Side_1305_19_five.mp4;side mark 13 _\Side_1305_20_one.mp4;side mark 13 _\Side_1305_3_seven.mp4;side mark 13 _\Side_1305_4_control.mp4;side mark 13 _\Side_1305_5_three.mp4;side mark 13 _\Side_1305_6_three.mp4;side mark 13 _\Side_1305_7_five.mp4;side mark 13 _\Side_1305_8_control.mp4;side mark 13 _\Side_1305_9_one.mp4,0.0,11.964;11.665;15.565;23.128;7.768;6.764;7.832;11.296;7.564;18.163;6.830;17.764;6.901;16.398;19.330;12.264;4.167;7.833,30.000;30.000;30.000;30.000;29.970;30.000;30.000;30.000;30.000;30.000;30.000;30.000;30.000;30.000;30.000;30.000;30.000;30.000,Sidemark,target,,,STOP,140.530,side mark 13 _\Side_1305_3_seven.mp4,360,NA,
Side_1305,2025-06-10 11:48:46.997,,213.135,Media file(s),player #1:side mark 13 _\Side_1305_10_seven.mp4;side mark 13 _\Side_1305_11_three.mp4;side mark 13 _\Side_1305_12_onehalf.mp4;side mark 13 _\Side_1305_13_one.mp4;side mark 13 _\Side_1305_14_onehalf.mp4;side mark 13 _\Side_1305_15_three.mp4;side mark 13 _\Side_1305_16_five.mp4;side mark 13 _\Side_1305_17_three.mp4;side mark 13 _\Side_1305_18_seven.mp4;side mark 13 _\Side_1305_19_five.mp4;side mark 13 _\Side_1305_20_one.mp4;side mark 13 _\Side_1305_3_seven.mp4;side mark 13 _\Side_1305_4_control.mp4;side mark 13 _\Side_1305_5_three.mp4;side mark 13 _\Side_1305_6_three.mp4;side mark 13 _\Side_1305_7_five.mp4;side mark 13 _\Side_1305_8_control.mp4;side mark 13 _\Side_1305_9_one.mp4,0.0,11.964;11.665;15.565;23.128;7.768;6.764;7.832;11.296;7.564;18.163;6.830;17.764;6.901;16.398;19.330;12.264;4.167;7.833,30.000;30.000;30.000;30.000;29.970;30.000;30.000;30.000;30.000;30.000;30.000;30.000;30.000;30.000;30.000;30.000;30.000;30.000,Sidemark,assessing,,,START,141.430,side mark 13 _\Side_1305_3_seven.mp4,387,NA,
Side_1305,2025-06-10 11:48:46.997,,213.135,Media file(s),player #1:side mark 13 _\Side_1305_10_seven.mp4;side mark 13 _\Side_1305_11_three.mp4;side mark 13 _\Side_1305_12_onehalf.mp4;side mark 13 _\Side_1305_13_one.mp4;side mark 13 _\Side_1305_14_onehalf.mp4;side mark 13 _\Side_1305_15_three.mp4;side mark 13 _\Side_1305_16_five.mp4;side mark 13 _\Side_1305_17_three.mp4;side mark 13 _\Side_1305_18_seven.mp4;side mark 13 _\Side_1305_19_five.mp4;side mark 13 _\Side_1305_20_one.mp4;side mark 13 _\Side_1305_3_seven.mp4;side mark 13 _\Side_1305_4_control.mp4;side mark 13 _\Side_1305_5_three.mp4;side mark 13 _\Side_1305_6_three.mp4;side mark 13 _\Side_1305_7_five.mp4;side mark 13 _\Side_1305_8_control.mp4;side mark 13 _\Side_1305_9_one.mp4,0.0,11.964;11.665;15.565;23.128;7.768;6.764;7.832;11.296;7.564;18.163;6.830;17.764;6.901;16.398;19.330;12.264;4.167;7.833,30.000;30.000;30.000;30.000;29.970;30.000;30.000;30.000;30.000;30.000;30.000;30.000;30.000;30.000;30.000;30.000;30.000;30.000,Sidemark,assessing,,,STOP,143.530,side mark 13 _\Side_1305_3_seven.mp4,450,NA,
Side_1305,2025-06-10 11:48:46.997,,213.135,Media file(s),player #1:side mark 13 _\Side_1305_10_seven.mp4;side mark 13 _\Side_1305_11_three.mp4;side mark 13 _\Side_1305_12_onehalf.mp4;side mark 13 _\Side_1305_13_one.mp4;side mark 13 _\Side_1305_14_onehalf.mp4;side mark 13 _\Side_1305_15_three.mp4;side mark 13 _\Side_1305_16_five.mp4;side mark 13 _\Side_1305_17_three.mp4;side mark 13 _\Side_1305_18_seven.mp4;side mark 13 _\Side_1305_19_five.mp4;side mark 13 _\Side_1305_20_one.mp4;side mark 13 _\Side_1305_3_seven.mp4;side mark 13 _\Side_1305_4_control.mp4;side mark 13 _\Side_1305_5_three.mp4;side mark 13 _\Side_1305_6_three.mp4;side mark 13 _\Side_1305_7_five.mp4;side mark 13 _\Side_1305_8_control.mp4;side mark 13 _\Side_1305_9_one.mp4,0.0,11.964;11.665;15.565;23.128;7.768;6.764;7.832;11.296;7.564;18.163;6.830;17.764;6.901;16.398;19.330;12.264;4.167;7.833,30.000;30.000;30.000;30.000;29.970;30.000;30.000;30.000;30.000;30.000;30.000;30.000;30.000;30.000;30.000;30.000;30.000;30.000,Sidemark,peeling,,,START,143.863,side mark 13 _\Side_1305_3_seven.mp4,460,NA,
Side_1305,2025-06-10 11:48:46.997,,213.135,Media file(s),player #1:side mark 13 _\Side_1305_10_seven.mp4;side mark 13 _\Side_1305_11_three.mp4;side mark 13 _\Side_1305_12_onehalf.mp4;side mark 13 _\Side_1305_13_one.mp4;side mark 13 _\Side_1305_14_onehalf.mp4;side mark 13 _\Side_1305_15_three.mp4;side mark 13 _\Side_1305_16_five.mp4;side mark 13 _\Side_1305_17_three.mp4;side mark 13 _\Side_1305_18_seven.mp4;side mark 13 _\Side_1305_19_five.mp4;side mark 13 _\Side_1305_20_one.mp4;side mark 13 _\Side_1305_3_seven.mp4;side mark 13 _\Side_1305_4_control.mp4;side mark 13 _\Side_1305_5_three.mp4;side mark 13 _\Side_1305_6_three.mp4;side mark 13 _\Side_1305_7_five.mp4;side mark 13 _\Side_1305_8_control.mp4;side mark 13 _\Side_1305_9_one.mp4,0.0,11.964;11.665;15.565;23.128;7.768;6.764;7.832;11.296;7.564;18.163;6.830;17.764;6.901;16.398;19.330;12.264;4.167;7.833,30.000;30.000;30.000;30.000;29.970;30.000;30.000;30.000;30.000;30.000;30.000;30.000;30.000;30.000;30.000;30.000;30.000;30.000,Sidemark,jaw movement,,,POINT,144.497,side mark 13 _\Side_1305_3_seven.mp4,479,NA,
Side_1305,2025-06-10 11:48:46.997,,213.135,Media file(s),player #1:side mark 13 _\Side_1305_10_seven.mp4;side mark 13 _\Side_1305_11_three.mp4;side mark 13 _\Side_1305_12_onehalf.mp4;side mark 13 _\Side_1305_13_one.mp4;side mark 13 _\Side_1305_14_onehalf.mp4;side mark 13 _\Side_1305_15_three.mp4;side mark 13 _\Side_1305_16_five.mp4;side mark 13 _\Side_1305_17_three.mp4;side mark 13 _\Side_1305_18_seven.mp4;side mark 13 _\Side_1305_19_five.mp4;side mark 13 _\Side_1305_20_one.mp4;side mark 13 _\Side_1305_3_seven.mp4;side mark 13 _\Side_1305_4_control.mp4;side mark 13 _\Side_1305_5_three.mp4;side mark 13 _\Side_1305_6_three.mp4;side mark 13 _\Side_1305_7_five.mp4;side mark 13 _\Side_1305_8_control.mp4;side mark 13 _\Side_1305_9_one.mp4,0.0,11.964;11.665;15.565;23.128;7.768;6.764;7.832;11.296;7.564;18.163;6.830;17.764;6.901;16.398;19.330;12.264;4.167;7.833,30.000;30.000;30.000;30.000;29.970;30.000;30.000;30.000;30.000;30.000;30.000;30.000;30.000;30.000;30.000;30.000;30.000;30.000,Sidemark,jaw movement,,,POINT,144.763,side mark 13 _\Side_1305_3_seven.mp4,487,NA,
Side_1305,2025-06-10 11:48:46.997,,213.135,Media file(s),player #1:side mark 13 _\Side_1305_10_seven.mp4;side mark 13 _\Side_1305_11_three.mp4;side mark 13 _\Side_1305_12_onehalf.mp4;side mark 13 _\Side_1305_13_one.mp4;side mark 13 _\Side_1305_14_onehalf.mp4;side mark 13 _\Side_1305_15_three.mp4;side mark 13 _\Side_1305_16_five.mp4;side mark 13 _\Side_1305_17_three.mp4;side mark 13 _\Side_1305_18_seven.mp4;side mark 13 _\Side_1305_19_five.mp4;side mark 13 _\Side_1305_20_one.mp4;side mark 13 _\Side_1305_3_seven.mp4;side mark 13 _\Side_1305_4_control.mp4;side mark 13 _\Side_1305_5_three.mp4;side mark 13 _\Side_1305_6_three.mp4;side mark 13 _\Side_1305_7_five.mp4;side mark 13 _\Side_1305_8_control.mp4;side mark 13 _\Side_1305_9_one.mp4,0.0,11.964;11.665;15.565;23.128;7.768;6.764;7.832;11.296;7.564;18.163;6.830;17.764;6.901;16.398;19.330;12.264;4.167;7.833,30.000;30.000;30.000;30.000;29.970;30.000;30.000;30.000;30.000;30.000;30.000;30.000;30.000;30.000;30.000;30.000;30.000;30.000,Sidemark,jaw movement,,,POINT,145.030,side mark 13 _\Side_1305_3_seven.mp4,495,NA,
Side_1305,2025-06-10 11:48:46.997,,213.135,Media file(s),player #1:side mark 13 _\Side_1305_10_seven.mp4;side mark 13 _\Side_1305_11_three.mp4;side mark 13 _\Side_1305_12_onehalf.mp4;side mark 13 _\Side_1305_13_one.mp4;side mark 13 _\Side_1305_14_onehalf.mp4;side mark 13 _\Side_1305_15_three.mp4;side mark 13 _\Side_1305_16_five.mp4;side mark 13 _\Side_1305_17_three.mp4;side mark 13 _\Side_1305_18_seven.mp4;side mark 13 _\Side_1305_19_five.mp4;side mark 13 _\Side_1305_20_one.mp4;side mark 13 _\Side_1305_3_seven.mp4;side mark 13 _\Side_1305_4_control.mp4;side mark 13 _\Side_1305_5_three.mp4;side mark 13 _\Side_1305_6_three.mp4;side mark 13 _\Side_1305_7_five.mp4;side mark 13 _\Side_1305_8_control.mp4;side mark 13 _\Side_1305_9_one.mp4,0.0,11.964;11.665;15.565;23.128;7.768;6.764;7.832;11.296;7.564;18.163;6.830;17.764;6.901;16.398;19.330;12.264;4.167;7.833,30.000;30.000;30.000;30.000;29.970;30.000;30.000;30.000;30.000;30.000;30.000;30.000;30.000;30.000;30.000;30.000;30.000;30.000,Sidemark,peeling,,,STOP,145.996,side mark 13 _\Side_1305_3_seven.mp4,523,NA,
Side_1305,2025-06-10 11:48:46.997,,213.135,Media file(s),player #1:side mark 13 _\Side_1305_10_seven.mp4;side mark 13 _\Side_1305_11_three.mp4;side mark 13 _\Side_1305_12_onehalf.mp4;side mark 13 _\Side_1305_13_one.mp4;side mark 13 _\Side_1305_14_onehalf.mp4;side mark 13 _\Side_1305_15_three.mp4;side mark 13 _\Side_1305_16_five.mp4;side mark 13 _\Side_1305_17_three.mp4;side mark 13 _\Side_1305_18_seven.mp4;side mark 13 _\Side_1305_19_five.mp4;side mark 13 _\Side_1305_20_one.mp4;side mark 13 _\Side_1305_3_seven.mp4;side mark 13 _\Side_1305_4_control.mp4;side mark 13 _\Side_1305_5_three.mp4;side mark 13 _\Side_1305_6_three.mp4;side mark 13 _\Side_1305_7_five.mp4;side mark 13 _\Side_1305_8_control.mp4;side mark 13 _\Side_1305_9_one.mp4,0.0,11.964;11.665;15.565;23.128;7.768;6.764;7.832;11.296;7.564;18.163;6.830;17.764;6.901;16.398;19.330;12.264;4.167;7.833,30.000;30.000;30.000;30.000;29.970;30.000;30.000;30.000;30.000;30.000;30.000;30.000;30.000;30.000;30.000;30.000;30.000;30.000,Sidemark,assessing,,,START,149.129,side mark 13 _\Side_1305_4_control.mp4,85,NA,
Side_1305,2025-06-10 11:48:46.997,,213.135,Media file(s),player #1:side mark 13 _\Side_1305_10_seven.mp4;side mark 13 _\Side_1305_11_three.mp4;side mark 13 _\Side_1305_12_onehalf.mp4;side mark 13 _\Side_1305_13_one.mp4;side mark 13 _\Side_1305_14_onehalf.mp4;side mark 13 _\Side_1305_15_three.mp4;side mark 13 _\Side_1305_16_five.mp4;side mark 13 _\Side_1305_17_three.mp4;side mark 13 _\Side_1305_18_seven.mp4;side mark 13 _\Side_1305_19_five.mp4;side mark 13 _\Side_1305_20_one.mp4;side mark 13 _\Side_1305_3_seven.mp4;side mark 13 _\Side_1305_4_control.mp4;side mark 13 _\Side_1305_5_three.mp4;side mark 13 _\Side_1305_6_three.mp4;side mark 13 _\Side_1305_7_five.mp4;side mark 13 _\Side_1305_8_control.mp4;side mark 13 _\Side_1305_9_one.mp4,0.0,11.964;11.665;15.565;23.128;7.768;6.764;7.832;11.296;7.564;18.163;6.830;17.764;6.901;16.398;19.330;12.264;4.167;7.833,30.000;30.000;30.000;30.000;29.970;30.000;30.000;30.000;30.000;30.000;30.000;30.000;30.000;30.000;30.000;30.000;30.000;30.000,Sidemark,jaw movement,,,POINT,149.329,side mark 13 _\Side_1305_4_control.mp4,91,NA,
Side_1305,2025-06-10 11:48:46.997,,213.135,Media file(s),player #1:side mark 13 _\Side_1305_10_seven.mp4;side mark 13 _\Side_1305_11_three.mp4;side mark 13 _\Side_1305_12_onehalf.mp4;side mark 13 _\Side_1305_13_one.mp4;side mark 13 _\Side_1305_14_onehalf.mp4;side mark 13 _\Side_1305_15_three.mp4;side mark 13 _\Side_1305_16_five.mp4;side mark 13 _\Side_1305_17_three.mp4;side mark 13 _\Side_1305_18_seven.mp4;side mark 13 _\Side_1305_19_five.mp4;side mark 13 _\Side_1305_20_one.mp4;side mark 13 _\Side_1305_3_seven.mp4;side mark 13 _\Side_1305_4_control.mp4;side mark 13 _\Side_1305_5_three.mp4;side mark 13 _\Side_1305_6_three.mp4;side mark 13 _\Side_1305_7_five.mp4;side mark 13 _\Side_1305_8_control.mp4;side mark 13 _\Side_1305_9_one.mp4,0.0,11.964;11.665;15.565;23.128;7.768;6.764;7.832;11.296;7.564;18.163;6.830;17.764;6.901;16.398;19.330;12.264;4.167;7.833,30.000;30.000;30.000;30.000;29.970;30.000;30.000;30.000;30.000;30.000;30.000;30.000;30.000;30.000;30.000;30.000;30.000;30.000,Sidemark,licking,,,POINT,149.896,side mark 13 _\Side_1305_4_control.mp4,108,NA,
Side_1305,2025-06-10 11:48:46.997,,213.135,Media file(s),player #1:side mark 13 _\Side_1305_10_seven.mp4;side mark 13 _\Side_1305_11_three.mp4;side mark 13 _\Side_1305_12_onehalf.mp4;side mark 13 _\Side_1305_13_one.mp4;side mark 13 _\Side_1305_14_onehalf.mp4;side mark 13 _\Side_1305_15_three.mp4;side mark 13 _\Side_1305_16_five.mp4;side mark 13 _\Side_1305_17_three.mp4;side mark 13 _\Side_1305_18_seven.mp4;side mark 13 _\Side_1305_19_five.mp4;side mark 13 _\Side_1305_20_one.mp4;side mark 13 _\Side_1305_3_seven.mp4;side mark 13 _\Side_1305_4_control.mp4;side mark 13 _\Side_1305_5_three.mp4;side mark 13 _\Side_1305_6_three.mp4;side mark 13 _\Side_1305_7_five.mp4;side mark 13 _\Side_1305_8_control.mp4;side mark 13 _\Side_1305_9_one.mp4,0.0,11.964;11.665;15.565;23.128;7.768;6.764;7.832;11.296;7.564;18.163;6.830;17.764;6.901;16.398;19.330;12.264;4.167;7.833,30.000;30.000;30.000;30.000;29.970;30.000;30.000;30.000;30.000;30.000;30.000;30.000;30.000;30.000;30.000;30.000;30.000;30.000,Sidemark,licking,,,POINT,150.229,side mark 13 _\Side_1305_4_control.mp4,118,NA,
Side_1305,2025-06-10 11:48:46.997,,213.135,Media file(s),player #1:side mark 13 _\Side_1305_10_seven.mp4;side mark 13 _\Side_1305_11_three.mp4;side mark 13 _\Side_1305_12_onehalf.mp4;side mark 13 _\Side_1305_13_one.mp4;side mark 13 _\Side_1305_14_onehalf.mp4;side mark 13 _\Side_1305_15_three.mp4;side mark 13 _\Side_1305_16_five.mp4;side mark 13 _\Side_1305_17_three.mp4;side mark 13 _\Side_1305_18_seven.mp4;side mark 13 _\Side_1305_19_five.mp4;side mark 13 _\Side_1305_20_one.mp4;side mark 13 _\Side_1305_3_seven.mp4;side mark 13 _\Side_1305_4_control.mp4;side mark 13 _\Side_1305_5_three.mp4;side mark 13 _\Side_1305_6_three.mp4;side mark 13 _\Side_1305_7_five.mp4;side mark 13 _\Side_1305_8_control.mp4;side mark 13 _\Side_1305_9_one.mp4,0.0,11.964;11.665;15.565;23.128;7.768;6.764;7.832;11.296;7.564;18.163;6.830;17.764;6.901;16.398;19.330;12.264;4.167;7.833,30.000;30.000;30.000;30.000;29.970;30.000;30.000;30.000;30.000;30.000;30.000;30.000;30.000;30.000;30.000;30.000;30.000;30.000,Sidemark,rotation,,Vertical,START,150.329,side mark 13 _\Side_1305_4_control.mp4,121,NA,
Side_1305,2025-06-10 11:48:46.997,,213.135,Media file(s),player #1:side mark 13 _\Side_1305_10_seven.mp4;side mark 13 _\Side_1305_11_three.mp4;side mark 13 _\Side_1305_12_onehalf.mp4;side mark 13 _\Side_1305_13_one.mp4;side mark 13 _\Side_1305_14_onehalf.mp4;side mark 13 _\Side_1305_15_three.mp4;side mark 13 _\Side_1305_16_five.mp4;side mark 13 _\Side_1305_17_three.mp4;side mark 13 _\Side_1305_18_seven.mp4;side mark 13 _\Side_1305_19_five.mp4;side mark 13 _\Side_1305_20_one.mp4;side mark 13 _\Side_1305_3_seven.mp4;side mark 13 _\Side_1305_4_control.mp4;side mark 13 _\Side_1305_5_three.mp4;side mark 13 _\Side_1305_6_three.mp4;side mark 13 _\Side_1305_7_five.mp4;side mark 13 _\Side_1305_8_control.mp4;side mark 13 _\Side_1305_9_one.mp4,0.0,11.964;11.665;15.565;23.128;7.768;6.764;7.832;11.296;7.564;18.163;6.830;17.764;6.901;16.398;19.330;12.264;4.167;7.833,30.000;30.000;30.000;30.000;29.970;30.000;30.000;30.000;30.000;30.000;30.000;30.000;30.000;30.000;30.000;30.000;30.000;30.000,Sidemark,jaw movement,,,POINT,150.496,side mark 13 _\Side_1305_4_control.mp4,126,NA,
Side_1305,2025-06-10 11:48:46.997,,213.135,Media file(s),player #1:side mark 13 _\Side_1305_10_seven.mp4;side mark 13 _\Side_1305_11_three.mp4;side mark 13 _\Side_1305_12_onehalf.mp4;side mark 13 _\Side_1305_13_one.mp4;side mark 13 _\Side_1305_14_onehalf.mp4;side mark 13 _\Side_1305_15_three.mp4;side mark 13 _\Side_1305_16_five.mp4;side mark 13 _\Side_1305_17_three.mp4;side mark 13 _\Side_1305_18_seven.mp4;side mark 13 _\Side_1305_19_five.mp4;side mark 13 _\Side_1305_20_one.mp4;side mark 13 _\Side_1305_3_seven.mp4;side mark 13 _\Side_1305_4_control.mp4;side mark 13 _\Side_1305_5_three.mp4;side mark 13 _\Side_1305_6_three.mp4;side mark 13 _\Side_1305_7_five.mp4;side mark 13 _\Side_1305_8_control.mp4;side mark 13 _\Side_1305_9_one.mp4,0.0,11.964;11.665;15.565;23.128;7.768;6.764;7.832;11.296;7.564;18.163;6.830;17.764;6.901;16.398;19.330;12.264;4.167;7.833,30.000;30.000;30.000;30.000;29.970;30.000;30.000;30.000;30.000;30.000;30.000;30.000;30.000;30.000;30.000;30.000;30.000;30.000,Sidemark,jaw movement,,,POINT,150.796,side mark 13 _\Side_1305_4_control.mp4,135,NA,
Side_1305,2025-06-10 11:48:46.997,,213.135,Media file(s),player #1:side mark 13 _\Side_1305_10_seven.mp4;side mark 13 _\Side_1305_11_three.mp4;side mark 13 _\Side_1305_12_onehalf.mp4;side mark 13 _\Side_1305_13_one.mp4;side mark 13 _\Side_1305_14_onehalf.mp4;side mark 13 _\Side_1305_15_three.mp4;side mark 13 _\Side_1305_16_five.mp4;side mark 13 _\Side_1305_17_three.mp4;side mark 13 _\Side_1305_18_seven.mp4;side mark 13 _\Side_1305_19_five.mp4;side mark 13 _\Side_1305_20_one.mp4;side mark 13 _\Side_1305_3_seven.mp4;side mark 13 _\Side_1305_4_control.mp4;side mark 13 _\Side_1305_5_three.mp4;side mark 13 _\Side_1305_6_three.mp4;side mark 13 _\Side_1305_7_five.mp4;side mark 13 _\Side_1305_8_control.mp4;side mark 13 _\Side_1305_9_one.mp4,0.0,11.964;11.665;15.565;23.128;7.768;6.764;7.832;11.296;7.564;18.163;6.830;17.764;6.901;16.398;19.330;12.264;4.167;7.833,30.000;30.000;30.000;30.000;29.970;30.000;30.000;30.000;30.000;30.000;30.000;30.000;30.000;30.000;30.000;30.000;30.000;30.000,Sidemark,rotation,,Vertical,STOP,150.896,side mark 13 _\Side_1305_4_control.mp4,138,NA,
Side_1305,2025-06-10 11:48:46.997,,213.135,Media file(s),player #1:side mark 13 _\Side_1305_10_seven.mp4;side mark 13 _\Side_1305_11_three.mp4;side mark 13 _\Side_1305_12_onehalf.mp4;side mark 13 _\Side_1305_13_one.mp4;side mark 13 _\Side_1305_14_onehalf.mp4;side mark 13 _\Side_1305_15_three.mp4;side mark 13 _\Side_1305_16_five.mp4;side mark 13 _\Side_1305_17_three.mp4;side mark 13 _\Side_1305_18_seven.mp4;side mark 13 _\Side_1305_19_five.mp4;side mark 13 _\Side_1305_20_one.mp4;side mark 13 _\Side_1305_3_seven.mp4;side mark 13 _\Side_1305_4_control.mp4;side mark 13 _\Side_1305_5_three.mp4;side mark 13 _\Side_1305_6_three.mp4;side mark 13 _\Side_1305_7_five.mp4;side mark 13 _\Side_1305_8_control.mp4;side mark 13 _\Side_1305_9_one.mp4,0.0,11.964;11.665;15.565;23.128;7.768;6.764;7.832;11.296;7.564;18.163;6.830;17.764;6.901;16.398;19.330;12.264;4.167;7.833,30.000;30.000;30.000;30.000;29.970;30.000;30.000;30.000;30.000;30.000;30.000;30.000;30.000;30.000;30.000;30.000;30.000;30.000,Sidemark,assessing,,,STOP,150.929,side mark 13 _\Side_1305_4_control.mp4,139,NA,
Side_1305,2025-06-10 11:48:46.997,,213.135,Media file(s),player #1:side mark 13 _\Side_1305_10_seven.mp4;side mark 13 _\Side_1305_11_three.mp4;side mark 13 _\Side_1305_12_onehalf.mp4;side mark 13 _\Side_1305_13_one.mp4;side mark 13 _\Side_1305_14_onehalf.mp4;side mark 13 _\Side_1305_15_three.mp4;side mark 13 _\Side_1305_16_five.mp4;side mark 13 _\Side_1305_17_three.mp4;side mark 13 _\Side_1305_18_seven.mp4;side mark 13 _\Side_1305_19_five.mp4;side mark 13 _\Side_1305_20_one.mp4;side mark 13 _\Side_1305_3_seven.mp4;side mark 13 _\Side_1305_4_control.mp4;side mark 13 _\Side_1305_5_three.mp4;side mark 13 _\Side_1305_6_three.mp4;side mark 13 _\Side_1305_7_five.mp4;side mark 13 _\Side_1305_8_control.mp4;side mark 13 _\Side_1305_9_one.mp4,0.0,11.964;11.665;15.565;23.128;7.768;6.764;7.832;11.296;7.564;18.163;6.830;17.764;6.901;16.398;19.330;12.264;4.167;7.833,30.000;30.000;30.000;30.000;29.970;30.000;30.000;30.000;30.000;30.000;30.000;30.000;30.000;30.000;30.000;30.000;30.000;30.000,Sidemark,jaw movement,,,POINT,151.429,side mark 13 _\Side_1305_4_control.mp4,154,NA,
Side_1305,2025-06-10 11:48:46.997,,213.135,Media file(s),player #1:side mark 13 _\Side_1305_10_seven.mp4;side mark 13 _\Side_1305_11_three.mp4;side mark 13 _\Side_1305_12_onehalf.mp4;side mark 13 _\Side_1305_13_one.mp4;side mark 13 _\Side_1305_14_onehalf.mp4;side mark 13 _\Side_1305_15_three.mp4;side mark 13 _\Side_1305_16_five.mp4;side mark 13 _\Side_1305_17_three.mp4;side mark 13 _\Side_1305_18_seven.mp4;side mark 13 _\Side_1305_19_five.mp4;side mark 13 _\Side_1305_20_one.mp4;side mark 13 _\Side_1305_3_seven.mp4;side mark 13 _\Side_1305_4_control.mp4;side mark 13 _\Side_1305_5_three.mp4;side mark 13 _\Side_1305_6_three.mp4;side mark 13 _\Side_1305_7_five.mp4;side mark 13 _\Side_1305_8_control.mp4;side mark 13 _\Side_1305_9_one.mp4,0.0,11.964;11.665;15.565;23.128;7.768;6.764;7.832;11.296;7.564;18.163;6.830;17.764;6.901;16.398;19.330;12.264;4.167;7.833,30.000;30.000;30.000;30.000;29.970;30.000;30.000;30.000;30.000;30.000;30.000;30.000;30.000;30.000;30.000;30.000;30.000;30.000,Sidemark,peeling,,,START,151.429,side mark 13 _\Side_1305_4_control.mp4,154,NA,
Side_1305,2025-06-10 11:48:46.997,,213.135,Media file(s),player #1:side mark 13 _\Side_1305_10_seven.mp4;side mark 13 _\Side_1305_11_three.mp4;side mark 13 _\Side_1305_12_onehalf.mp4;side mark 13 _\Side_1305_13_one.mp4;side mark 13 _\Side_1305_14_onehalf.mp4;side mark 13 _\Side_1305_15_three.mp4;side mark 13 _\Side_1305_16_five.mp4;side mark 13 _\Side_1305_17_three.mp4;side mark 13 _\Side_1305_18_seven.mp4;side mark 13 _\Side_1305_19_five.mp4;side mark 13 _\Side_1305_20_one.mp4;side mark 13 _\Side_1305_3_seven.mp4;side mark 13 _\Side_1305_4_control.mp4;side mark 13 _\Side_1305_5_three.mp4;side mark 13 _\Side_1305_6_three.mp4;side mark 13 _\Side_1305_7_five.mp4;side mark 13 _\Side_1305_8_control.mp4;side mark 13 _\Side_1305_9_one.mp4,0.0,11.964;11.665;15.565;23.128;7.768;6.764;7.832;11.296;7.564;18.163;6.830;17.764;6.901;16.398;19.330;12.264;4.167;7.833,30.000;30.000;30.000;30.000;29.970;30.000;30.000;30.000;30.000;30.000;30.000;30.000;30.000;30.000;30.000;30.000;30.000;30.000,Sidemark,jaw movement,,,POINT,152.830,side mark 13 _\Side_1305_4_control.mp4,196,NA,
Side_1305,2025-06-10 11:48:46.997,,213.135,Media file(s),player #1:side mark 13 _\Side_1305_10_seven.mp4;side mark 13 _\Side_1305_11_three.mp4;side mark 13 _\Side_1305_12_onehalf.mp4;side mark 13 _\Side_1305_13_one.mp4;side mark 13 _\Side_1305_14_onehalf.mp4;side mark 13 _\Side_1305_15_three.mp4;side mark 13 _\Side_1305_16_five.mp4;side mark 13 _\Side_1305_17_three.mp4;side mark 13 _\Side_1305_18_seven.mp4;side mark 13 _\Side_1305_19_five.mp4;side mark 13 _\Side_1305_20_one.mp4;side mark 13 _\Side_1305_3_seven.mp4;side mark 13 _\Side_1305_4_control.mp4;side mark 13 _\Side_1305_5_three.mp4;side mark 13 _\Side_1305_6_three.mp4;side mark 13 _\Side_1305_7_five.mp4;side mark 13 _\Side_1305_8_control.mp4;side mark 13 _\Side_1305_9_one.mp4,0.0,11.964;11.665;15.565;23.128;7.768;6.764;7.832;11.296;7.564;18.163;6.830;17.764;6.901;16.398;19.330;12.264;4.167;7.833,30.000;30.000;30.000;30.000;29.970;30.000;30.000;30.000;30.000;30.000;30.000;30.000;30.000;30.000;30.000;30.000;30.000;30.000,Sidemark,jaw movement,,,POINT,152.997,side mark 13 _\Side_1305_4_control.mp4,201,NA,
Side_1305,2025-06-10 11:48:46.997,,213.135,Media file(s),player #1:side mark 13 _\Side_1305_10_seven.mp4;side mark 13 _\Side_1305_11_three.mp4;side mark 13 _\Side_1305_12_onehalf.mp4;side mark 13 _\Side_1305_13_one.mp4;side mark 13 _\Side_1305_14_onehalf.mp4;side mark 13 _\Side_1305_15_three.mp4;side mark 13 _\Side_1305_16_five.mp4;side mark 13 _\Side_1305_17_three.mp4;side mark 13 _\Side_1305_18_seven.mp4;side mark 13 _\Side_1305_19_five.mp4;side mark 13 _\Side_1305_20_one.mp4;side mark 13 _\Side_1305_3_seven.mp4;side mark 13 _\Side_1305_4_control.mp4;side mark 13 _\Side_1305_5_three.mp4;side mark 13 _\Side_1305_6_three.mp4;side mark 13 _\Side_1305_7_five.mp4;side mark 13 _\Side_1305_8_control.mp4;side mark 13 _\Side_1305_9_one.mp4,0.0,11.964;11.665;15.565;23.128;7.768;6.764;7.832;11.296;7.564;18.163;6.830;17.764;6.901;16.398;19.330;12.264;4.167;7.833,30.000;30.000;30.000;30.000;29.970;30.000;30.000;30.000;30.000;30.000;30.000;30.000;30.000;30.000;30.000;30.000;30.000;30.000,Sidemark,peeling,,,STOP,153.097,side mark 13 _\Side_1305_4_control.mp4,204,NA,
Side_1305,2025-06-10 11:48:46.997,,213.135,Media file(s),player #1:side mark 13 _\Side_1305_10_seven.mp4;side mark 13 _\Side_1305_11_three.mp4;side mark 13 _\Side_1305_12_onehalf.mp4;side mark 13 _\Side_1305_13_one.mp4;side mark 13 _\Side_1305_14_onehalf.mp4;side mark 13 _\Side_1305_15_three.mp4;side mark 13 _\Side_1305_16_five.mp4;side mark 13 _\Side_1305_17_three.mp4;side mark 13 _\Side_1305_18_seven.mp4;side mark 13 _\Side_1305_19_five.mp4;side mark 13 _\Side_1305_20_one.mp4;side mark 13 _\Side_1305_3_seven.mp4;side mark 13 _\Side_1305_4_control.mp4;side mark 13 _\Side_1305_5_three.mp4;side mark 13 _\Side_1305_6_three.mp4;side mark 13 _\Side_1305_7_five.mp4;side mark 13 _\Side_1305_8_control.mp4;side mark 13 _\Side_1305_9_one.mp4,0.0,11.964;11.665;15.565;23.128;7.768;6.764;7.832;11.296;7.564;18.163;6.830;17.764;6.901;16.398;19.330;12.264;4.167;7.833,30.000;30.000;30.000;30.000;29.970;30.000;30.000;30.000;30.000;30.000;30.000;30.000;30.000;30.000;30.000;30.000;30.000;30.000,Sidemark,explore,,,START,153.197,side mark 13 _\Side_1305_4_control.mp4,0,NA,
Side_1305,2025-06-10 11:48:46.997,,213.135,Media file(s),player #1:side mark 13 _\Side_1305_10_seven.mp4;side mark 13 _\Side_1305_11_three.mp4;side mark 13 _\Side_1305_12_onehalf.mp4;side mark 13 _\Side_1305_13_one.mp4;side mark 13 _\Side_1305_14_onehalf.mp4;side mark 13 _\Side_1305_15_three.mp4;side mark 13 _\Side_1305_16_five.mp4;side mark 13 _\Side_1305_17_three.mp4;side mark 13 _\Side_1305_18_seven.mp4;side mark 13 _\Side_1305_19_five.mp4;side mark 13 _\Side_1305_20_one.mp4;side mark 13 _\Side_1305_3_seven.mp4;side mark 13 _\Side_1305_4_control.mp4;side mark 13 _\Side_1305_5_three.mp4;side mark 13 _\Side_1305_6_three.mp4;side mark 13 _\Side_1305_7_five.mp4;side mark 13 _\Side_1305_8_control.mp4;side mark 13 _\Side_1305_9_one.mp4,0.0,11.964;11.665;15.565;23.128;7.768;6.764;7.832;11.296;7.564;18.163;6.830;17.764;6.901;16.398;19.330;12.264;4.167;7.833,30.000;30.000;30.000;30.000;29.970;30.000;30.000;30.000;30.000;30.000;30.000;30.000;30.000;30.000;30.000;30.000;30.000;30.000,Sidemark,explore,,,STOP,154.864,side mark 13 _\Side_1305_5_three.mp4,50,NA,
Side_1305,2025-06-10 11:48:46.997,,213.135,Media file(s),player #1:side mark 13 _\Side_1305_10_seven.mp4;side mark 13 _\Side_1305_11_three.mp4;side mark 13 _\Side_1305_12_onehalf.mp4;side mark 13 _\Side_1305_13_one.mp4;side mark 13 _\Side_1305_14_onehalf.mp4;side mark 13 _\Side_1305_15_three.mp4;side mark 13 _\Side_1305_16_five.mp4;side mark 13 _\Side_1305_17_three.mp4;side mark 13 _\Side_1305_18_seven.mp4;side mark 13 _\Side_1305_19_five.mp4;side mark 13 _\Side_1305_20_one.mp4;side mark 13 _\Side_1305_3_seven.mp4;side mark 13 _\Side_1305_4_control.mp4;side mark 13 _\Side_1305_5_three.mp4;side mark 13 _\Side_1305_6_three.mp4;side mark 13 _\Side_1305_7_five.mp4;side mark 13 _\Side_1305_8_control.mp4;side mark 13 _\Side_1305_9_one.mp4,0.0,11.964;11.665;15.565;23.128;7.768;6.764;7.832;11.296;7.564;18.163;6.830;17.764;6.901;16.398;19.330;12.264;4.167;7.833,30.000;30.000;30.000;30.000;29.970;30.000;30.000;30.000;30.000;30.000;30.000;30.000;30.000;30.000;30.000;30.000;30.000;30.000,Sidemark,bending,,,START,155.097,side mark 13 _\Side_1305_5_three.mp4,57,NA,
Side_1305,2025-06-10 11:48:46.997,,213.135,Media file(s),player #1:side mark 13 _\Side_1305_10_seven.mp4;side mark 13 _\Side_1305_11_three.mp4;side mark 13 _\Side_1305_12_onehalf.mp4;side mark 13 _\Side_1305_13_one.mp4;side mark 13 _\Side_1305_14_onehalf.mp4;side mark 13 _\Side_1305_15_three.mp4;side mark 13 _\Side_1305_16_five.mp4;side mark 13 _\Side_1305_17_three.mp4;side mark 13 _\Side_1305_18_seven.mp4;side mark 13 _\Side_1305_19_five.mp4;side mark 13 _\Side_1305_20_one.mp4;side mark 13 _\Side_1305_3_seven.mp4;side mark 13 _\Side_1305_4_control.mp4;side mark 13 _\Side_1305_5_three.mp4;side mark 13 _\Side_1305_6_three.mp4;side mark 13 _\Side_1305_7_five.mp4;side mark 13 _\Side_1305_8_control.mp4;side mark 13 _\Side_1305_9_one.mp4,0.0,11.964;11.665;15.565;23.128;7.768;6.764;7.832;11.296;7.564;18.163;6.830;17.764;6.901;16.398;19.330;12.264;4.167;7.833,30.000;30.000;30.000;30.000;29.970;30.000;30.000;30.000;30.000;30.000;30.000;30.000;30.000;30.000;30.000;30.000;30.000;30.000,Sidemark,bending,,,STOP,155.331,side mark 13 _\Side_1305_5_three.mp4,64,NA,
Side_1305,2025-06-10 11:48:46.997,,213.135,Media file(s),player #1:side mark 13 _\Side_1305_10_seven.mp4;side mark 13 _\Side_1305_11_three.mp4;side mark 13 _\Side_1305_12_onehalf.mp4;side mark 13 _\Side_1305_13_one.mp4;side mark 13 _\Side_1305_14_onehalf.mp4;side mark 13 _\Side_1305_15_three.mp4;side mark 13 _\Side_1305_16_five.mp4;side mark 13 _\Side_1305_17_three.mp4;side mark 13 _\Side_1305_18_seven.mp4;side mark 13 _\Side_1305_19_five.mp4;side mark 13 _\Side_1305_20_one.mp4;side mark 13 _\Side_1305_3_seven.mp4;side mark 13 _\Side_1305_4_control.mp4;side mark 13 _\Side_1305_5_three.mp4;side mark 13 _\Side_1305_6_three.mp4;side mark 13 _\Side_1305_7_five.mp4;side mark 13 _\Side_1305_8_control.mp4;side mark 13 _\Side_1305_9_one.mp4,0.0,11.964;11.665;15.565;23.128;7.768;6.764;7.832;11.296;7.564;18.163;6.830;17.764;6.901;16.398;19.330;12.264;4.167;7.833,30.000;30.000;30.000;30.000;29.970;30.000;30.000;30.000;30.000;30.000;30.000;30.000;30.000;30.000;30.000;30.000;30.000;30.000,Sidemark,grabbing peanut,,,POINT,155.331,side mark 13 _\Side_1305_5_three.mp4,64,NA,
Side_1305,2025-06-10 11:48:46.997,,213.135,Media file(s),player #1:side mark 13 _\Side_1305_10_seven.mp4;side mark 13 _\Side_1305_11_three.mp4;side mark 13 _\Side_1305_12_onehalf.mp4;side mark 13 _\Side_1305_13_one.mp4;side mark 13 _\Side_1305_14_onehalf.mp4;side mark 13 _\Side_1305_15_three.mp4;side mark 13 _\Side_1305_16_five.mp4;side mark 13 _\Side_1305_17_three.mp4;side mark 13 _\Side_1305_18_seven.mp4;side mark 13 _\Side_1305_19_five.mp4;side mark 13 _\Side_1305_20_one.mp4;side mark 13 _\Side_1305_3_seven.mp4;side mark 13 _\Side_1305_4_control.mp4;side mark 13 _\Side_1305_5_three.mp4;side mark 13 _\Side_1305_6_three.mp4;side mark 13 _\Side_1305_7_five.mp4;side mark 13 _\Side_1305_8_control.mp4;side mark 13 _\Side_1305_9_one.mp4,0.0,11.964;11.665;15.565;23.128;7.768;6.764;7.832;11.296;7.564;18.163;6.830;17.764;6.901;16.398;19.330;12.264;4.167;7.833,30.000;30.000;30.000;30.000;29.970;30.000;30.000;30.000;30.000;30.000;30.000;30.000;30.000;30.000;30.000;30.000;30.000;30.000,Sidemark,lifting,,,START,155.331,side mark 13 _\Side_1305_5_three.mp4,64,NA,
Side_1305,2025-06-10 11:48:46.997,,213.135,Media file(s),player #1:side mark 13 _\Side_1305_10_seven.mp4;side mark 13 _\Side_1305_11_three.mp4;side mark 13 _\Side_1305_12_onehalf.mp4;side mark 13 _\Side_1305_13_one.mp4;side mark 13 _\Side_1305_14_onehalf.mp4;side mark 13 _\Side_1305_15_three.mp4;side mark 13 _\Side_1305_16_five.mp4;side mark 13 _\Side_1305_17_three.mp4;side mark 13 _\Side_1305_18_seven.mp4;side mark 13 _\Side_1305_19_five.mp4;side mark 13 _\Side_1305_20_one.mp4;side mark 13 _\Side_1305_3_seven.mp4;side mark 13 _\Side_1305_4_control.mp4;side mark 13 _\Side_1305_5_three.mp4;side mark 13 _\Side_1305_6_three.mp4;side mark 13 _\Side_1305_7_five.mp4;side mark 13 _\Side_1305_8_control.mp4;side mark 13 _\Side_1305_9_one.mp4,0.0,11.964;11.665;15.565;23.128;7.768;6.764;7.832;11.296;7.564;18.163;6.830;17.764;6.901;16.398;19.330;12.264;4.167;7.833,30.000;30.000;30.000;30.000;29.970;30.000;30.000;30.000;30.000;30.000;30.000;30.000;30.000;30.000;30.000;30.000;30.000;30.000,Sidemark,lifting,,,STOP,155.597,side mark 13 _\Side_1305_5_three.mp4,72,NA,
Side_1305,2025-06-10 11:48:46.997,,213.135,Media file(s),player #1:side mark 13 _\Side_1305_10_seven.mp4;side mark 13 _\Side_1305_11_three.mp4;side mark 13 _\Side_1305_12_onehalf.mp4;side mark 13 _\Side_1305_13_one.mp4;side mark 13 _\Side_1305_14_onehalf.mp4;side mark 13 _\Side_1305_15_three.mp4;side mark 13 _\Side_1305_16_five.mp4;side mark 13 _\Side_1305_17_three.mp4;side mark 13 _\Side_1305_18_seven.mp4;side mark 13 _\Side_1305_19_five.mp4;side mark 13 _\Side_1305_20_one.mp4;side mark 13 _\Side_1305_3_seven.mp4;side mark 13 _\Side_1305_4_control.mp4;side mark 13 _\Side_1305_5_three.mp4;side mark 13 _\Side_1305_6_three.mp4;side mark 13 _\Side_1305_7_five.mp4;side mark 13 _\Side_1305_8_control.mp4;side mark 13 _\Side_1305_9_one.mp4,0.0,11.964;11.665;15.565;23.128;7.768;6.764;7.832;11.296;7.564;18.163;6.830;17.764;6.901;16.398;19.330;12.264;4.167;7.833,30.000;30.000;30.000;30.000;29.970;30.000;30.000;30.000;30.000;30.000;30.000;30.000;30.000;30.000;30.000;30.000;30.000;30.000,Sidemark,assessing,,,START,156.130,side mark 13 _\Side_1305_5_three.mp4,88,NA,
Side_1305,2025-06-10 11:48:46.997,,213.135,Media file(s),player #1:side mark 13 _\Side_1305_10_seven.mp4;side mark 13 _\Side_1305_11_three.mp4;side mark 13 _\Side_1305_12_onehalf.mp4;side mark 13 _\Side_1305_13_one.mp4;side mark 13 _\Side_1305_14_onehalf.mp4;side mark 13 _\Side_1305_15_three.mp4;side mark 13 _\Side_1305_16_five.mp4;side mark 13 _\Side_1305_17_three.mp4;side mark 13 _\Side_1305_18_seven.mp4;side mark 13 _\Side_1305_19_five.mp4;side mark 13 _\Side_1305_20_one.mp4;side mark 13 _\Side_1305_3_seven.mp4;side mark 13 _\Side_1305_4_control.mp4;side mark 13 _\Side_1305_5_three.mp4;side mark 13 _\Side_1305_6_three.mp4;side mark 13 _\Side_1305_7_five.mp4;side mark 13 _\Side_1305_8_control.mp4;side mark 13 _\Side_1305_9_one.mp4,0.0,11.964;11.665;15.565;23.128;7.768;6.764;7.832;11.296;7.564;18.163;6.830;17.764;6.901;16.398;19.330;12.264;4.167;7.833,30.000;30.000;30.000;30.000;29.970;30.000;30.000;30.000;30.000;30.000;30.000;30.000;30.000;30.000;30.000;30.000;30.000;30.000,Sidemark,rotation,,Horizontal,START,156.497,side mark 13 _\Side_1305_5_three.mp4,99,NA,
Side_1305,2025-06-10 11:48:46.997,,213.135,Media file(s),player #1:side mark 13 _\Side_1305_10_seven.mp4;side mark 13 _\Side_1305_11_three.mp4;side mark 13 _\Side_1305_12_onehalf.mp4;side mark 13 _\Side_1305_13_one.mp4;side mark 13 _\Side_1305_14_onehalf.mp4;side mark 13 _\Side_1305_15_three.mp4;side mark 13 _\Side_1305_16_five.mp4;side mark 13 _\Side_1305_17_three.mp4;side mark 13 _\Side_1305_18_seven.mp4;side mark 13 _\Side_1305_19_five.mp4;side mark 13 _\Side_1305_20_one.mp4;side mark 13 _\Side_1305_3_seven.mp4;side mark 13 _\Side_1305_4_control.mp4;side mark 13 _\Side_1305_5_three.mp4;side mark 13 _\Side_1305_6_three.mp4;side mark 13 _\Side_1305_7_five.mp4;side mark 13 _\Side_1305_8_control.mp4;side mark 13 _\Side_1305_9_one.mp4,0.0,11.964;11.665;15.565;23.128;7.768;6.764;7.832;11.296;7.564;18.163;6.830;17.764;6.901;16.398;19.330;12.264;4.167;7.833,30.000;30.000;30.000;30.000;29.970;30.000;30.000;30.000;30.000;30.000;30.000;30.000;30.000;30.000;30.000;30.000;30.000;30.000,Sidemark,jaw movement,,,POINT,156.863,side mark 13 _\Side_1305_5_three.mp4,110,NA,
Side_1305,2025-06-10 11:48:46.997,,213.135,Media file(s),player #1:side mark 13 _\Side_1305_10_seven.mp4;side mark 13 _\Side_1305_11_three.mp4;side mark 13 _\Side_1305_12_onehalf.mp4;side mark 13 _\Side_1305_13_one.mp4;side mark 13 _\Side_1305_14_onehalf.mp4;side mark 13 _\Side_1305_15_three.mp4;side mark 13 _\Side_1305_16_five.mp4;side mark 13 _\Side_1305_17_three.mp4;side mark 13 _\Side_1305_18_seven.mp4;side mark 13 _\Side_1305_19_five.mp4;side mark 13 _\Side_1305_20_one.mp4;side mark 13 _\Side_1305_3_seven.mp4;side mark 13 _\Side_1305_4_control.mp4;side mark 13 _\Side_1305_5_three.mp4;side mark 13 _\Side_1305_6_three.mp4;side mark 13 _\Side_1305_7_five.mp4;side mark 13 _\Side_1305_8_control.mp4;side mark 13 _\Side_1305_9_one.mp4,0.0,11.964;11.665;15.565;23.128;7.768;6.764;7.832;11.296;7.564;18.163;6.830;17.764;6.901;16.398;19.330;12.264;4.167;7.833,30.000;30.000;30.000;30.000;29.970;30.000;30.000;30.000;30.000;30.000;30.000;30.000;30.000;30.000;30.000;30.000;30.000;30.000,Sidemark,rotation,,Horizontal,STOP,157.063,side mark 13 _\Side_1305_5_three.mp4,116,NA,
Side_1305,2025-06-10 11:48:46.997,,213.135,Media file(s),player #1:side mark 13 _\Side_1305_10_seven.mp4;side mark 13 _\Side_1305_11_three.mp4;side mark 13 _\Side_1305_12_onehalf.mp4;side mark 13 _\Side_1305_13_one.mp4;side mark 13 _\Side_1305_14_onehalf.mp4;side mark 13 _\Side_1305_15_three.mp4;side mark 13 _\Side_1305_16_five.mp4;side mark 13 _\Side_1305_17_three.mp4;side mark 13 _\Side_1305_18_seven.mp4;side mark 13 _\Side_1305_19_five.mp4;side mark 13 _\Side_1305_20_one.mp4;side mark 13 _\Side_1305_3_seven.mp4;side mark 13 _\Side_1305_4_control.mp4;side mark 13 _\Side_1305_5_three.mp4;side mark 13 _\Side_1305_6_three.mp4;side mark 13 _\Side_1305_7_five.mp4;side mark 13 _\Side_1305_8_control.mp4;side mark 13 _\Side_1305_9_one.mp4,0.0,11.964;11.665;15.565;23.128;7.768;6.764;7.832;11.296;7.564;18.163;6.830;17.764;6.901;16.398;19.330;12.264;4.167;7.833,30.000;30.000;30.000;30.000;29.970;30.000;30.000;30.000;30.000;30.000;30.000;30.000;30.000;30.000;30.000;30.000;30.000;30.000,Sidemark,jaw movement,,,POINT,157.097,side mark 13 _\Side_1305_5_three.mp4,117,NA,
Side_1305,2025-06-10 11:48:46.997,,213.135,Media file(s),player #1:side mark 13 _\Side_1305_10_seven.mp4;side mark 13 _\Side_1305_11_three.mp4;side mark 13 _\Side_1305_12_onehalf.mp4;side mark 13 _\Side_1305_13_one.mp4;side mark 13 _\Side_1305_14_onehalf.mp4;side mark 13 _\Side_1305_15_three.mp4;side mark 13 _\Side_1305_16_five.mp4;side mark 13 _\Side_1305_17_three.mp4;side mark 13 _\Side_1305_18_seven.mp4;side mark 13 _\Side_1305_19_five.mp4;side mark 13 _\Side_1305_20_one.mp4;side mark 13 _\Side_1305_3_seven.mp4;side mark 13 _\Side_1305_4_control.mp4;side mark 13 _\Side_1305_5_three.mp4;side mark 13 _\Side_1305_6_three.mp4;side mark 13 _\Side_1305_7_five.mp4;side mark 13 _\Side_1305_8_control.mp4;side mark 13 _\Side_1305_9_one.mp4,0.0,11.964;11.665;15.565;23.128;7.768;6.764;7.832;11.296;7.564;18.163;6.830;17.764;6.901;16.398;19.330;12.264;4.167;7.833,30.000;30.000;30.000;30.000;29.970;30.000;30.000;30.000;30.000;30.000;30.000;30.000;30.000;30.000;30.000;30.000;30.000;30.000,Sidemark,jaw movement,,,POINT,157.430,side mark 13 _\Side_1305_5_three.mp4,127,NA,
Side_1305,2025-06-10 11:48:46.997,,213.135,Media file(s),player #1:side mark 13 _\Side_1305_10_seven.mp4;side mark 13 _\Side_1305_11_three.mp4;side mark 13 _\Side_1305_12_onehalf.mp4;side mark 13 _\Side_1305_13_one.mp4;side mark 13 _\Side_1305_14_onehalf.mp4;side mark 13 _\Side_1305_15_three.mp4;side mark 13 _\Side_1305_16_five.mp4;side mark 13 _\Side_1305_17_three.mp4;side mark 13 _\Side_1305_18_seven.mp4;side mark 13 _\Side_1305_19_five.mp4;side mark 13 _\Side_1305_20_one.mp4;side mark 13 _\Side_1305_3_seven.mp4;side mark 13 _\Side_1305_4_control.mp4;side mark 13 _\Side_1305_5_three.mp4;side mark 13 _\Side_1305_6_three.mp4;side mark 13 _\Side_1305_7_five.mp4;side mark 13 _\Side_1305_8_control.mp4;side mark 13 _\Side_1305_9_one.mp4,0.0,11.964;11.665;15.565;23.128;7.768;6.764;7.832;11.296;7.564;18.163;6.830;17.764;6.901;16.398;19.330;12.264;4.167;7.833,30.000;30.000;30.000;30.000;29.970;30.000;30.000;30.000;30.000;30.000;30.000;30.000;30.000;30.000;30.000;30.000;30.000;30.000,Sidemark,mouth,,,POINT,157.597,side mark 13 _\Side_1305_5_three.mp4,132,NA,
Side_1305,2025-06-10 11:48:46.997,,213.135,Media file(s),player #1:side mark 13 _\Side_1305_10_seven.mp4;side mark 13 _\Side_1305_11_three.mp4;side mark 13 _\Side_1305_12_onehalf.mp4;side mark 13 _\Side_1305_13_one.mp4;side mark 13 _\Side_1305_14_onehalf.mp4;side mark 13 _\Side_1305_15_three.mp4;side mark 13 _\Side_1305_16_five.mp4;side mark 13 _\Side_1305_17_three.mp4;side mark 13 _\Side_1305_18_seven.mp4;side mark 13 _\Side_1305_19_five.mp4;side mark 13 _\Side_1305_20_one.mp4;side mark 13 _\Side_1305_3_seven.mp4;side mark 13 _\Side_1305_4_control.mp4;side mark 13 _\Side_1305_5_three.mp4;side mark 13 _\Side_1305_6_three.mp4;side mark 13 _\Side_1305_7_five.mp4;side mark 13 _\Side_1305_8_control.mp4;side mark 13 _\Side_1305_9_one.mp4,0.0,11.964;11.665;15.565;23.128;7.768;6.764;7.832;11.296;7.564;18.163;6.830;17.764;6.901;16.398;19.330;12.264;4.167;7.833,30.000;30.000;30.000;30.000;29.970;30.000;30.000;30.000;30.000;30.000;30.000;30.000;30.000;30.000;30.000;30.000;30.000;30.000,Sidemark,assessing,,,STOP,157.630,side mark 13 _\Side_1305_5_three.mp4,133,NA,
Side_1305,2025-06-10 11:48:46.997,,213.135,Media file(s),player #1:side mark 13 _\Side_1305_10_seven.mp4;side mark 13 _\Side_1305_11_three.mp4;side mark 13 _\Side_1305_12_onehalf.mp4;side mark 13 _\Side_1305_13_one.mp4;side mark 13 _\Side_1305_14_onehalf.mp4;side mark 13 _\Side_1305_15_three.mp4;side mark 13 _\Side_1305_16_five.mp4;side mark 13 _\Side_1305_17_three.mp4;side mark 13 _\Side_1305_18_seven.mp4;side mark 13 _\Side_1305_19_five.mp4;side mark 13 _\Side_1305_20_one.mp4;side mark 13 _\Side_1305_3_seven.mp4;side mark 13 _\Side_1305_4_control.mp4;side mark 13 _\Side_1305_5_three.mp4;side mark 13 _\Side_1305_6_three.mp4;side mark 13 _\Side_1305_7_five.mp4;side mark 13 _\Side_1305_8_control.mp4;side mark 13 _\Side_1305_9_one.mp4,0.0,11.964;11.665;15.565;23.128;7.768;6.764;7.832;11.296;7.564;18.163;6.830;17.764;6.901;16.398;19.330;12.264;4.167;7.833,30.000;30.000;30.000;30.000;29.970;30.000;30.000;30.000;30.000;30.000;30.000;30.000;30.000;30.000;30.000;30.000;30.000;30.000,Sidemark,pause,,,START,157.897,side mark 13 _\Side_1305_5_three.mp4,141,NA,
Side_1305,2025-06-10 11:48:46.997,,213.135,Media file(s),player #1:side mark 13 _\Side_1305_10_seven.mp4;side mark 13 _\Side_1305_11_three.mp4;side mark 13 _\Side_1305_12_onehalf.mp4;side mark 13 _\Side_1305_13_one.mp4;side mark 13 _\Side_1305_14_onehalf.mp4;side mark 13 _\Side_1305_15_three.mp4;side mark 13 _\Side_1305_16_five.mp4;side mark 13 _\Side_1305_17_three.mp4;side mark 13 _\Side_1305_18_seven.mp4;side mark 13 _\Side_1305_19_five.mp4;side mark 13 _\Side_1305_20_one.mp4;side mark 13 _\Side_1305_3_seven.mp4;side mark 13 _\Side_1305_4_control.mp4;side mark 13 _\Side_1305_5_three.mp4;side mark 13 _\Side_1305_6_three.mp4;side mark 13 _\Side_1305_7_five.mp4;side mark 13 _\Side_1305_8_control.mp4;side mark 13 _\Side_1305_9_one.mp4,0.0,11.964;11.665;15.565;23.128;7.768;6.764;7.832;11.296;7.564;18.163;6.830;17.764;6.901;16.398;19.330;12.264;4.167;7.833,30.000;30.000;30.000;30.000;29.970;30.000;30.000;30.000;30.000;30.000;30.000;30.000;30.000;30.000;30.000;30.000;30.000;30.000,Sidemark,pause,,,STOP,161.730,side mark 13 _\Side_1305_5_three.mp4,256,NA,
Side_1305,2025-06-10 11:48:46.997,,213.135,Media file(s),player #1:side mark 13 _\Side_1305_10_seven.mp4;side mark 13 _\Side_1305_11_three.mp4;side mark 13 _\Side_1305_12_onehalf.mp4;side mark 13 _\Side_1305_13_one.mp4;side mark 13 _\Side_1305_14_onehalf.mp4;side mark 13 _\Side_1305_15_three.mp4;side mark 13 _\Side_1305_16_five.mp4;side mark 13 _\Side_1305_17_three.mp4;side mark 13 _\Side_1305_18_seven.mp4;side mark 13 _\Side_1305_19_five.mp4;side mark 13 _\Side_1305_20_one.mp4;side mark 13 _\Side_1305_3_seven.mp4;side mark 13 _\Side_1305_4_control.mp4;side mark 13 _\Side_1305_5_three.mp4;side mark 13 _\Side_1305_6_three.mp4;side mark 13 _\Side_1305_7_five.mp4;side mark 13 _\Side_1305_8_control.mp4;side mark 13 _\Side_1305_9_one.mp4,0.0,11.964;11.665;15.565;23.128;7.768;6.764;7.832;11.296;7.564;18.163;6.830;17.764;6.901;16.398;19.330;12.264;4.167;7.833,30.000;30.000;30.000;30.000;29.970;30.000;30.000;30.000;30.000;30.000;30.000;30.000;30.000;30.000;30.000;30.000;30.000;30.000,Sidemark,target,,,START,161.730,side mark 13 _\Side_1305_5_three.mp4,256,NA,
Side_1305,2025-06-10 11:48:46.997,,213.135,Media file(s),player #1:side mark 13 _\Side_1305_10_seven.mp4;side mark 13 _\Side_1305_11_three.mp4;side mark 13 _\Side_1305_12_onehalf.mp4;side mark 13 _\Side_1305_13_one.mp4;side mark 13 _\Side_1305_14_onehalf.mp4;side mark 13 _\Side_1305_15_three.mp4;side mark 13 _\Side_1305_16_five.mp4;side mark 13 _\Side_1305_17_three.mp4;side mark 13 _\Side_1305_18_seven.mp4;side mark 13 _\Side_1305_19_five.mp4;side mark 13 _\Side_1305_20_one.mp4;side mark 13 _\Side_1305_3_seven.mp4;side mark 13 _\Side_1305_4_control.mp4;side mark 13 _\Side_1305_5_three.mp4;side mark 13 _\Side_1305_6_three.mp4;side mark 13 _\Side_1305_7_five.mp4;side mark 13 _\Side_1305_8_control.mp4;side mark 13 _\Side_1305_9_one.mp4,0.0,11.964;11.665;15.565;23.128;7.768;6.764;7.832;11.296;7.564;18.163;6.830;17.764;6.901;16.398;19.330;12.264;4.167;7.833,30.000;30.000;30.000;30.000;29.970;30.000;30.000;30.000;30.000;30.000;30.000;30.000;30.000;30.000;30.000;30.000;30.000;30.000,Sidemark,pause,,,START,162.163,side mark 13 _\Side_1305_5_three.mp4,269,NA,
Side_1305,2025-06-10 11:48:46.997,,213.135,Media file(s),player #1:side mark 13 _\Side_1305_10_seven.mp4;side mark 13 _\Side_1305_11_three.mp4;side mark 13 _\Side_1305_12_onehalf.mp4;side mark 13 _\Side_1305_13_one.mp4;side mark 13 _\Side_1305_14_onehalf.mp4;side mark 13 _\Side_1305_15_three.mp4;side mark 13 _\Side_1305_16_five.mp4;side mark 13 _\Side_1305_17_three.mp4;side mark 13 _\Side_1305_18_seven.mp4;side mark 13 _\Side_1305_19_five.mp4;side mark 13 _\Side_1305_20_one.mp4;side mark 13 _\Side_1305_3_seven.mp4;side mark 13 _\Side_1305_4_control.mp4;side mark 13 _\Side_1305_5_three.mp4;side mark 13 _\Side_1305_6_three.mp4;side mark 13 _\Side_1305_7_five.mp4;side mark 13 _\Side_1305_8_control.mp4;side mark 13 _\Side_1305_9_one.mp4,0.0,11.964;11.665;15.565;23.128;7.768;6.764;7.832;11.296;7.564;18.163;6.830;17.764;6.901;16.398;19.330;12.264;4.167;7.833,30.000;30.000;30.000;30.000;29.970;30.000;30.000;30.000;30.000;30.000;30.000;30.000;30.000;30.000;30.000;30.000;30.000;30.000,Sidemark,pause,,,STOP,164.295,side mark 13 _\Side_1305_5_three.mp4,333,NA,
Side_1305,2025-06-10 11:48:46.997,,213.135,Media file(s),player #1:side mark 13 _\Side_1305_10_seven.mp4;side mark 13 _\Side_1305_11_three.mp4;side mark 13 _\Side_1305_12_onehalf.mp4;side mark 13 _\Side_1305_13_one.mp4;side mark 13 _\Side_1305_14_onehalf.mp4;side mark 13 _\Side_1305_15_three.mp4;side mark 13 _\Side_1305_16_five.mp4;side mark 13 _\Side_1305_17_three.mp4;side mark 13 _\Side_1305_18_seven.mp4;side mark 13 _\Side_1305_19_five.mp4;side mark 13 _\Side_1305_20_one.mp4;side mark 13 _\Side_1305_3_seven.mp4;side mark 13 _\Side_1305_4_control.mp4;side mark 13 _\Side_1305_5_three.mp4;side mark 13 _\Side_1305_6_three.mp4;side mark 13 _\Side_1305_7_five.mp4;side mark 13 _\Side_1305_8_control.mp4;side mark 13 _\Side_1305_9_one.mp4,0.0,11.964;11.665;15.565;23.128;7.768;6.764;7.832;11.296;7.564;18.163;6.830;17.764;6.901;16.398;19.330;12.264;4.167;7.833,30.000;30.000;30.000;30.000;29.970;30.000;30.000;30.000;30.000;30.000;30.000;30.000;30.000;30.000;30.000;30.000;30.000;30.000,Sidemark,target,,,STOP,168.062,side mark 13 _\Side_1305_5_three.mp4,446,NA,
Side_1305,2025-06-10 11:48:46.997,,213.135,Media file(s),player #1:side mark 13 _\Side_1305_10_seven.mp4;side mark 13 _\Side_1305_11_three.mp4;side mark 13 _\Side_1305_12_onehalf.mp4;side mark 13 _\Side_1305_13_one.mp4;side mark 13 _\Side_1305_14_onehalf.mp4;side mark 13 _\Side_1305_15_three.mp4;side mark 13 _\Side_1305_16_five.mp4;side mark 13 _\Side_1305_17_three.mp4;side mark 13 _\Side_1305_18_seven.mp4;side mark 13 _\Side_1305_19_five.mp4;side mark 13 _\Side_1305_20_one.mp4;side mark 13 _\Side_1305_3_seven.mp4;side mark 13 _\Side_1305_4_control.mp4;side mark 13 _\Side_1305_5_three.mp4;side mark 13 _\Side_1305_6_three.mp4;side mark 13 _\Side_1305_7_five.mp4;side mark 13 _\Side_1305_8_control.mp4;side mark 13 _\Side_1305_9_one.mp4,0.0,11.964;11.665;15.565;23.128;7.768;6.764;7.832;11.296;7.564;18.163;6.830;17.764;6.901;16.398;19.330;12.264;4.167;7.833,30.000;30.000;30.000;30.000;29.970;30.000;30.000;30.000;30.000;30.000;30.000;30.000;30.000;30.000;30.000;30.000;30.000;30.000,Sidemark,digging,,,START,168.195,side mark 13 _\Side_1305_5_three.mp4,450,NA,
Side_1305,2025-06-10 11:48:46.997,,213.135,Media file(s),player #1:side mark 13 _\Side_1305_10_seven.mp4;side mark 13 _\Side_1305_11_three.mp4;side mark 13 _\Side_1305_12_onehalf.mp4;side mark 13 _\Side_1305_13_one.mp4;side mark 13 _\Side_1305_14_onehalf.mp4;side mark 13 _\Side_1305_15_three.mp4;side mark 13 _\Side_1305_16_five.mp4;side mark 13 _\Side_1305_17_three.mp4;side mark 13 _\Side_1305_18_seven.mp4;side mark 13 _\Side_1305_19_five.mp4;side mark 13 _\Side_1305_20_one.mp4;side mark 13 _\Side_1305_3_seven.mp4;side mark 13 _\Side_1305_4_control.mp4;side mark 13 _\Side_1305_5_three.mp4;side mark 13 _\Side_1305_6_three.mp4;side mark 13 _\Side_1305_7_five.mp4;side mark 13 _\Side_1305_8_control.mp4;side mark 13 _\Side_1305_9_one.mp4,0.0,11.964;11.665;15.565;23.128;7.768;6.764;7.832;11.296;7.564;18.163;6.830;17.764;6.901;16.398;19.330;12.264;4.167;7.833,30.000;30.000;30.000;30.000;29.970;30.000;30.000;30.000;30.000;30.000;30.000;30.000;30.000;30.000;30.000;30.000;30.000;30.000,Sidemark,digging,,,STOP,169.495,side mark 13 _\Side_1305_5_three.mp4,489,NA,
Side_1305,2025-06-10 11:48:46.997,,213.135,Media file(s),player #1:side mark 13 _\Side_1305_10_seven.mp4;side mark 13 _\Side_1305_11_three.mp4;side mark 13 _\Side_1305_12_onehalf.mp4;side mark 13 _\Side_1305_13_one.mp4;side mark 13 _\Side_1305_14_onehalf.mp4;side mark 13 _\Side_1305_15_three.mp4;side mark 13 _\Side_1305_16_five.mp4;side mark 13 _\Side_1305_17_three.mp4;side mark 13 _\Side_1305_18_seven.mp4;side mark 13 _\Side_1305_19_five.mp4;side mark 13 _\Side_1305_20_one.mp4;side mark 13 _\Side_1305_3_seven.mp4;side mark 13 _\Side_1305_4_control.mp4;side mark 13 _\Side_1305_5_three.mp4;side mark 13 _\Side_1305_6_three.mp4;side mark 13 _\Side_1305_7_five.mp4;side mark 13 _\Side_1305_8_control.mp4;side mark 13 _\Side_1305_9_one.mp4,0.0,11.964;11.665;15.565;23.128;7.768;6.764;7.832;11.296;7.564;18.163;6.830;17.764;6.901;16.398;19.330;12.264;4.167;7.833,30.000;30.000;30.000;30.000;29.970;30.000;30.000;30.000;30.000;30.000;30.000;30.000;30.000;30.000;30.000;30.000;30.000;30.000,Sidemark,explore,,,START,169.594,side mark 13 _\Side_1305_5_three.mp4,0,NA,
Side_1305,2025-06-10 11:48:46.997,,213.135,Media file(s),player #1:side mark 13 _\Side_1305_10_seven.mp4;side mark 13 _\Side_1305_11_three.mp4;side mark 13 _\Side_1305_12_onehalf.mp4;side mark 13 _\Side_1305_13_one.mp4;side mark 13 _\Side_1305_14_onehalf.mp4;side mark 13 _\Side_1305_15_three.mp4;side mark 13 _\Side_1305_16_five.mp4;side mark 13 _\Side_1305_17_three.mp4;side mark 13 _\Side_1305_18_seven.mp4;side mark 13 _\Side_1305_19_five.mp4;side mark 13 _\Side_1305_20_one.mp4;side mark 13 _\Side_1305_3_seven.mp4;side mark 13 _\Side_1305_4_control.mp4;side mark 13 _\Side_1305_5_three.mp4;side mark 13 _\Side_1305_6_three.mp4;side mark 13 _\Side_1305_7_five.mp4;side mark 13 _\Side_1305_8_control.mp4;side mark 13 _\Side_1305_9_one.mp4,0.0,11.964;11.665;15.565;23.128;7.768;6.764;7.832;11.296;7.564;18.163;6.830;17.764;6.901;16.398;19.330;12.264;4.167;7.833,30.000;30.000;30.000;30.000;29.970;30.000;30.000;30.000;30.000;30.000;30.000;30.000;30.000;30.000;30.000;30.000;30.000;30.000,Sidemark,explore,,,STOP,175.227,side mark 13 _\Side_1305_6_three.mp4,169,NA,
Side_1305,2025-06-10 11:48:46.997,,213.135,Media file(s),player #1:side mark 13 _\Side_1305_10_seven.mp4;side mark 13 _\Side_1305_11_three.mp4;side mark 13 _\Side_1305_12_onehalf.mp4;side mark 13 _\Side_1305_13_one.mp4;side mark 13 _\Side_1305_14_onehalf.mp4;side mark 13 _\Side_1305_15_three.mp4;side mark 13 _\Side_1305_16_five.mp4;side mark 13 _\Side_1305_17_three.mp4;side mark 13 _\Side_1305_18_seven.mp4;side mark 13 _\Side_1305_19_five.mp4;side mark 13 _\Side_1305_20_one.mp4;side mark 13 _\Side_1305_3_seven.mp4;side mark 13 _\Side_1305_4_control.mp4;side mark 13 _\Side_1305_5_three.mp4;side mark 13 _\Side_1305_6_three.mp4;side mark 13 _\Side_1305_7_five.mp4;side mark 13 _\Side_1305_8_control.mp4;side mark 13 _\Side_1305_9_one.mp4,0.0,11.964;11.665;15.565;23.128;7.768;6.764;7.832;11.296;7.564;18.163;6.830;17.764;6.901;16.398;19.330;12.264;4.167;7.833,30.000;30.000;30.000;30.000;29.970;30.000;30.000;30.000;30.000;30.000;30.000;30.000;30.000;30.000;30.000;30.000;30.000;30.000,Sidemark,bending,,,START,175.494,side mark 13 _\Side_1305_6_three.mp4,177,NA,
Side_1305,2025-06-10 11:48:46.997,,213.135,Media file(s),player #1:side mark 13 _\Side_1305_10_seven.mp4;side mark 13 _\Side_1305_11_three.mp4;side mark 13 _\Side_1305_12_onehalf.mp4;side mark 13 _\Side_1305_13_one.mp4;side mark 13 _\Side_1305_14_onehalf.mp4;side mark 13 _\Side_1305_15_three.mp4;side mark 13 _\Side_1305_16_five.mp4;side mark 13 _\Side_1305_17_three.mp4;side mark 13 _\Side_1305_18_seven.mp4;side mark 13 _\Side_1305_19_five.mp4;side mark 13 _\Side_1305_20_one.mp4;side mark 13 _\Side_1305_3_seven.mp4;side mark 13 _\Side_1305_4_control.mp4;side mark 13 _\Side_1305_5_three.mp4;side mark 13 _\Side_1305_6_three.mp4;side mark 13 _\Side_1305_7_five.mp4;side mark 13 _\Side_1305_8_control.mp4;side mark 13 _\Side_1305_9_one.mp4,0.0,11.964;11.665;15.565;23.128;7.768;6.764;7.832;11.296;7.564;18.163;6.830;17.764;6.901;16.398;19.330;12.264;4.167;7.833,30.000;30.000;30.000;30.000;29.970;30.000;30.000;30.000;30.000;30.000;30.000;30.000;30.000;30.000;30.000;30.000;30.000;30.000,Sidemark,grabbing peanut,,,POINT,175.727,side mark 13 _\Side_1305_6_three.mp4,184,NA,
Side_1305,2025-06-10 11:48:46.997,,213.135,Media file(s),player #1:side mark 13 _\Side_1305_10_seven.mp4;side mark 13 _\Side_1305_11_three.mp4;side mark 13 _\Side_1305_12_onehalf.mp4;side mark 13 _\Side_1305_13_one.mp4;side mark 13 _\Side_1305_14_onehalf.mp4;side mark 13 _\Side_1305_15_three.mp4;side mark 13 _\Side_1305_16_five.mp4;side mark 13 _\Side_1305_17_three.mp4;side mark 13 _\Side_1305_18_seven.mp4;side mark 13 _\Side_1305_19_five.mp4;side mark 13 _\Side_1305_20_one.mp4;side mark 13 _\Side_1305_3_seven.mp4;side mark 13 _\Side_1305_4_control.mp4;side mark 13 _\Side_1305_5_three.mp4;side mark 13 _\Side_1305_6_three.mp4;side mark 13 _\Side_1305_7_five.mp4;side mark 13 _\Side_1305_8_control.mp4;side mark 13 _\Side_1305_9_one.mp4,0.0,11.964;11.665;15.565;23.128;7.768;6.764;7.832;11.296;7.564;18.163;6.830;17.764;6.901;16.398;19.330;12.264;4.167;7.833,30.000;30.000;30.000;30.000;29.970;30.000;30.000;30.000;30.000;30.000;30.000;30.000;30.000;30.000;30.000;30.000;30.000;30.000,Sidemark,bending,,,STOP,175.760,side mark 13 _\Side_1305_6_three.mp4,185,NA,
Side_1305,2025-06-10 11:48:46.997,,213.135,Media file(s),player #1:side mark 13 _\Side_1305_10_seven.mp4;side mark 13 _\Side_1305_11_three.mp4;side mark 13 _\Side_1305_12_onehalf.mp4;side mark 13 _\Side_1305_13_one.mp4;side mark 13 _\Side_1305_14_onehalf.mp4;side mark 13 _\Side_1305_15_three.mp4;side mark 13 _\Side_1305_16_five.mp4;side mark 13 _\Side_1305_17_three.mp4;side mark 13 _\Side_1305_18_seven.mp4;side mark 13 _\Side_1305_19_five.mp4;side mark 13 _\Side_1305_20_one.mp4;side mark 13 _\Side_1305_3_seven.mp4;side mark 13 _\Side_1305_4_control.mp4;side mark 13 _\Side_1305_5_three.mp4;side mark 13 _\Side_1305_6_three.mp4;side mark 13 _\Side_1305_7_five.mp4;side mark 13 _\Side_1305_8_control.mp4;side mark 13 _\Side_1305_9_one.mp4,0.0,11.964;11.665;15.565;23.128;7.768;6.764;7.832;11.296;7.564;18.163;6.830;17.764;6.901;16.398;19.330;12.264;4.167;7.833,30.000;30.000;30.000;30.000;29.970;30.000;30.000;30.000;30.000;30.000;30.000;30.000;30.000;30.000;30.000;30.000;30.000;30.000,Sidemark,lifting,,,START,175.793,side mark 13 _\Side_1305_6_three.mp4,186,NA,
Side_1305,2025-06-10 11:48:46.997,,213.135,Media file(s),player #1:side mark 13 _\Side_1305_10_seven.mp4;side mark 13 _\Side_1305_11_three.mp4;side mark 13 _\Side_1305_12_onehalf.mp4;side mark 13 _\Side_1305_13_one.mp4;side mark 13 _\Side_1305_14_onehalf.mp4;side mark 13 _\Side_1305_15_three.mp4;side mark 13 _\Side_1305_16_five.mp4;side mark 13 _\Side_1305_17_three.mp4;side mark 13 _\Side_1305_18_seven.mp4;side mark 13 _\Side_1305_19_five.mp4;side mark 13 _\Side_1305_20_one.mp4;side mark 13 _\Side_1305_3_seven.mp4;side mark 13 _\Side_1305_4_control.mp4;side mark 13 _\Side_1305_5_three.mp4;side mark 13 _\Side_1305_6_three.mp4;side mark 13 _\Side_1305_7_five.mp4;side mark 13 _\Side_1305_8_control.mp4;side mark 13 _\Side_1305_9_one.mp4,0.0,11.964;11.665;15.565;23.128;7.768;6.764;7.832;11.296;7.564;18.163;6.830;17.764;6.901;16.398;19.330;12.264;4.167;7.833,30.000;30.000;30.000;30.000;29.970;30.000;30.000;30.000;30.000;30.000;30.000;30.000;30.000;30.000;30.000;30.000;30.000;30.000,Sidemark,lifting,,,STOP,176.093,side mark 13 _\Side_1305_6_three.mp4,195,NA,
Side_1305,2025-06-10 11:48:46.997,,213.135,Media file(s),player #1:side mark 13 _\Side_1305_10_seven.mp4;side mark 13 _\Side_1305_11_three.mp4;side mark 13 _\Side_1305_12_onehalf.mp4;side mark 13 _\Side_1305_13_one.mp4;side mark 13 _\Side_1305_14_onehalf.mp4;side mark 13 _\Side_1305_15_three.mp4;side mark 13 _\Side_1305_16_five.mp4;side mark 13 _\Side_1305_17_three.mp4;side mark 13 _\Side_1305_18_seven.mp4;side mark 13 _\Side_1305_19_five.mp4;side mark 13 _\Side_1305_20_one.mp4;side mark 13 _\Side_1305_3_seven.mp4;side mark 13 _\Side_1305_4_control.mp4;side mark 13 _\Side_1305_5_three.mp4;side mark 13 _\Side_1305_6_three.mp4;side mark 13 _\Side_1305_7_five.mp4;side mark 13 _\Side_1305_8_control.mp4;side mark 13 _\Side_1305_9_one.mp4,0.0,11.964;11.665;15.565;23.128;7.768;6.764;7.832;11.296;7.564;18.163;6.830;17.764;6.901;16.398;19.330;12.264;4.167;7.833,30.000;30.000;30.000;30.000;29.970;30.000;30.000;30.000;30.000;30.000;30.000;30.000;30.000;30.000;30.000;30.000;30.000;30.000,Sidemark,bending,,,START,176.460,side mark 13 _\Side_1305_6_three.mp4,206,NA,
Side_1305,2025-06-10 11:48:46.997,,213.135,Media file(s),player #1:side mark 13 _\Side_1305_10_seven.mp4;side mark 13 _\Side_1305_11_three.mp4;side mark 13 _\Side_1305_12_onehalf.mp4;side mark 13 _\Side_1305_13_one.mp4;side mark 13 _\Side_1305_14_onehalf.mp4;side mark 13 _\Side_1305_15_three.mp4;side mark 13 _\Side_1305_16_five.mp4;side mark 13 _\Side_1305_17_three.mp4;side mark 13 _\Side_1305_18_seven.mp4;side mark 13 _\Side_1305_19_five.mp4;side mark 13 _\Side_1305_20_one.mp4;side mark 13 _\Side_1305_3_seven.mp4;side mark 13 _\Side_1305_4_control.mp4;side mark 13 _\Side_1305_5_three.mp4;side mark 13 _\Side_1305_6_three.mp4;side mark 13 _\Side_1305_7_five.mp4;side mark 13 _\Side_1305_8_control.mp4;side mark 13 _\Side_1305_9_one.mp4,0.0,11.964;11.665;15.565;23.128;7.768;6.764;7.832;11.296;7.564;18.163;6.830;17.764;6.901;16.398;19.330;12.264;4.167;7.833,30.000;30.000;30.000;30.000;29.970;30.000;30.000;30.000;30.000;30.000;30.000;30.000;30.000;30.000;30.000;30.000;30.000;30.000,Sidemark,bending,,,STOP,176.927,side mark 13 _\Side_1305_6_three.mp4,220,NA,
Side_1305,2025-06-10 11:48:46.997,,213.135,Media file(s),player #1:side mark 13 _\Side_1305_10_seven.mp4;side mark 13 _\Side_1305_11_three.mp4;side mark 13 _\Side_1305_12_onehalf.mp4;side mark 13 _\Side_1305_13_one.mp4;side mark 13 _\Side_1305_14_onehalf.mp4;side mark 13 _\Side_1305_15_three.mp4;side mark 13 _\Side_1305_16_five.mp4;side mark 13 _\Side_1305_17_three.mp4;side mark 13 _\Side_1305_18_seven.mp4;side mark 13 _\Side_1305_19_five.mp4;side mark 13 _\Side_1305_20_one.mp4;side mark 13 _\Side_1305_3_seven.mp4;side mark 13 _\Side_1305_4_control.mp4;side mark 13 _\Side_1305_5_three.mp4;side mark 13 _\Side_1305_6_three.mp4;side mark 13 _\Side_1305_7_five.mp4;side mark 13 _\Side_1305_8_control.mp4;side mark 13 _\Side_1305_9_one.mp4,0.0,11.964;11.665;15.565;23.128;7.768;6.764;7.832;11.296;7.564;18.163;6.830;17.764;6.901;16.398;19.330;12.264;4.167;7.833,30.000;30.000;30.000;30.000;29.970;30.000;30.000;30.000;30.000;30.000;30.000;30.000;30.000;30.000;30.000;30.000;30.000;30.000,Sidemark,lifting,,,START,176.993,side mark 13 _\Side_1305_6_three.mp4,222,NA,
Side_1305,2025-06-10 11:48:46.997,,213.135,Media file(s),player #1:side mark 13 _\Side_1305_10_seven.mp4;side mark 13 _\Side_1305_11_three.mp4;side mark 13 _\Side_1305_12_onehalf.mp4;side mark 13 _\Side_1305_13_one.mp4;side mark 13 _\Side_1305_14_onehalf.mp4;side mark 13 _\Side_1305_15_three.mp4;side mark 13 _\Side_1305_16_five.mp4;side mark 13 _\Side_1305_17_three.mp4;side mark 13 _\Side_1305_18_seven.mp4;side mark 13 _\Side_1305_19_five.mp4;side mark 13 _\Side_1305_20_one.mp4;side mark 13 _\Side_1305_3_seven.mp4;side mark 13 _\Side_1305_4_control.mp4;side mark 13 _\Side_1305_5_three.mp4;side mark 13 _\Side_1305_6_three.mp4;side mark 13 _\Side_1305_7_five.mp4;side mark 13 _\Side_1305_8_control.mp4;side mark 13 _\Side_1305_9_one.mp4,0.0,11.964;11.665;15.565;23.128;7.768;6.764;7.832;11.296;7.564;18.163;6.830;17.764;6.901;16.398;19.330;12.264;4.167;7.833,30.000;30.000;30.000;30.000;29.970;30.000;30.000;30.000;30.000;30.000;30.000;30.000;30.000;30.000;30.000;30.000;30.000;30.000,Sidemark,lifting,,,STOP,177.426,side mark 13 _\Side_1305_6_three.mp4,235,NA,
Side_1305,2025-06-10 11:48:46.997,,213.135,Media file(s),player #1:side mark 13 _\Side_1305_10_seven.mp4;side mark 13 _\Side_1305_11_three.mp4;side mark 13 _\Side_1305_12_onehalf.mp4;side mark 13 _\Side_1305_13_one.mp4;side mark 13 _\Side_1305_14_onehalf.mp4;side mark 13 _\Side_1305_15_three.mp4;side mark 13 _\Side_1305_16_five.mp4;side mark 13 _\Side_1305_17_three.mp4;side mark 13 _\Side_1305_18_seven.mp4;side mark 13 _\Side_1305_19_five.mp4;side mark 13 _\Side_1305_20_one.mp4;side mark 13 _\Side_1305_3_seven.mp4;side mark 13 _\Side_1305_4_control.mp4;side mark 13 _\Side_1305_5_three.mp4;side mark 13 _\Side_1305_6_three.mp4;side mark 13 _\Side_1305_7_five.mp4;side mark 13 _\Side_1305_8_control.mp4;side mark 13 _\Side_1305_9_one.mp4,0.0,11.964;11.665;15.565;23.128;7.768;6.764;7.832;11.296;7.564;18.163;6.830;17.764;6.901;16.398;19.330;12.264;4.167;7.833,30.000;30.000;30.000;30.000;29.970;30.000;30.000;30.000;30.000;30.000;30.000;30.000;30.000;30.000;30.000;30.000;30.000;30.000,Sidemark,pause,,,START,177.726,side mark 13 _\Side_1305_6_three.mp4,244,NA,
Side_1305,2025-06-10 11:48:46.997,,213.135,Media file(s),player #1:side mark 13 _\Side_1305_10_seven.mp4;side mark 13 _\Side_1305_11_three.mp4;side mark 13 _\Side_1305_12_onehalf.mp4;side mark 13 _\Side_1305_13_one.mp4;side mark 13 _\Side_1305_14_onehalf.mp4;side mark 13 _\Side_1305_15_three.mp4;side mark 13 _\Side_1305_16_five.mp4;side mark 13 _\Side_1305_17_three.mp4;side mark 13 _\Side_1305_18_seven.mp4;side mark 13 _\Side_1305_19_five.mp4;side mark 13 _\Side_1305_20_one.mp4;side mark 13 _\Side_1305_3_seven.mp4;side mark 13 _\Side_1305_4_control.mp4;side mark 13 _\Side_1305_5_three.mp4;side mark 13 _\Side_1305_6_three.mp4;side mark 13 _\Side_1305_7_five.mp4;side mark 13 _\Side_1305_8_control.mp4;side mark 13 _\Side_1305_9_one.mp4,0.0,11.964;11.665;15.565;23.128;7.768;6.764;7.832;11.296;7.564;18.163;6.830;17.764;6.901;16.398;19.330;12.264;4.167;7.833,30.000;30.000;30.000;30.000;29.970;30.000;30.000;30.000;30.000;30.000;30.000;30.000;30.000;30.000;30.000;30.000;30.000;30.000,Sidemark,pause,,,STOP,179.393,side mark 13 _\Side_1305_6_three.mp4,294,NA,
Side_1305,2025-06-10 11:48:46.997,,213.135,Media file(s),player #1:side mark 13 _\Side_1305_10_seven.mp4;side mark 13 _\Side_1305_11_three.mp4;side mark 13 _\Side_1305_12_onehalf.mp4;side mark 13 _\Side_1305_13_one.mp4;side mark 13 _\Side_1305_14_onehalf.mp4;side mark 13 _\Side_1305_15_three.mp4;side mark 13 _\Side_1305_16_five.mp4;side mark 13 _\Side_1305_17_three.mp4;side mark 13 _\Side_1305_18_seven.mp4;side mark 13 _\Side_1305_19_five.mp4;side mark 13 _\Side_1305_20_one.mp4;side mark 13 _\Side_1305_3_seven.mp4;side mark 13 _\Side_1305_4_control.mp4;side mark 13 _\Side_1305_5_three.mp4;side mark 13 _\Side_1305_6_three.mp4;side mark 13 _\Side_1305_7_five.mp4;side mark 13 _\Side_1305_8_control.mp4;side mark 13 _\Side_1305_9_one.mp4,0.0,11.964;11.665;15.565;23.128;7.768;6.764;7.832;11.296;7.564;18.163;6.830;17.764;6.901;16.398;19.330;12.264;4.167;7.833,30.000;30.000;30.000;30.000;29.970;30.000;30.000;30.000;30.000;30.000;30.000;30.000;30.000;30.000;30.000;30.000;30.000;30.000,Sidemark,target,,,START,179.559,side mark 13 _\Side_1305_6_three.mp4,299,NA,
Side_1305,2025-06-10 11:48:46.997,,213.135,Media file(s),player #1:side mark 13 _\Side_1305_10_seven.mp4;side mark 13 _\Side_1305_11_three.mp4;side mark 13 _\Side_1305_12_onehalf.mp4;side mark 13 _\Side_1305_13_one.mp4;side mark 13 _\Side_1305_14_onehalf.mp4;side mark 13 _\Side_1305_15_three.mp4;side mark 13 _\Side_1305_16_five.mp4;side mark 13 _\Side_1305_17_three.mp4;side mark 13 _\Side_1305_18_seven.mp4;side mark 13 _\Side_1305_19_five.mp4;side mark 13 _\Side_1305_20_one.mp4;side mark 13 _\Side_1305_3_seven.mp4;side mark 13 _\Side_1305_4_control.mp4;side mark 13 _\Side_1305_5_three.mp4;side mark 13 _\Side_1305_6_three.mp4;side mark 13 _\Side_1305_7_five.mp4;side mark 13 _\Side_1305_8_control.mp4;side mark 13 _\Side_1305_9_one.mp4,0.0,11.964;11.665;15.565;23.128;7.768;6.764;7.832;11.296;7.564;18.163;6.830;17.764;6.901;16.398;19.330;12.264;4.167;7.833,30.000;30.000;30.000;30.000;29.970;30.000;30.000;30.000;30.000;30.000;30.000;30.000;30.000;30.000;30.000;30.000;30.000;30.000,Sidemark,pause,,,START,184.025,side mark 13 _\Side_1305_6_three.mp4,433,NA,
Side_1305,2025-06-10 11:48:46.997,,213.135,Media file(s),player #1:side mark 13 _\Side_1305_10_seven.mp4;side mark 13 _\Side_1305_11_three.mp4;side mark 13 _\Side_1305_12_onehalf.mp4;side mark 13 _\Side_1305_13_one.mp4;side mark 13 _\Side_1305_14_onehalf.mp4;side mark 13 _\Side_1305_15_three.mp4;side mark 13 _\Side_1305_16_five.mp4;side mark 13 _\Side_1305_17_three.mp4;side mark 13 _\Side_1305_18_seven.mp4;side mark 13 _\Side_1305_19_five.mp4;side mark 13 _\Side_1305_20_one.mp4;side mark 13 _\Side_1305_3_seven.mp4;side mark 13 _\Side_1305_4_control.mp4;side mark 13 _\Side_1305_5_three.mp4;side mark 13 _\Side_1305_6_three.mp4;side mark 13 _\Side_1305_7_five.mp4;side mark 13 _\Side_1305_8_control.mp4;side mark 13 _\Side_1305_9_one.mp4,0.0,11.964;11.665;15.565;23.128;7.768;6.764;7.832;11.296;7.564;18.163;6.830;17.764;6.901;16.398;19.330;12.264;4.167;7.833,30.000;30.000;30.000;30.000;29.970;30.000;30.000;30.000;30.000;30.000;30.000;30.000;30.000;30.000;30.000;30.000;30.000;30.000,Sidemark,pause,,,STOP,184.392,side mark 13 _\Side_1305_6_three.mp4,444,NA,
Side_1305,2025-06-10 11:48:46.997,,213.135,Media file(s),player #1:side mark 13 _\Side_1305_10_seven.mp4;side mark 13 _\Side_1305_11_three.mp4;side mark 13 _\Side_1305_12_onehalf.mp4;side mark 13 _\Side_1305_13_one.mp4;side mark 13 _\Side_1305_14_onehalf.mp4;side mark 13 _\Side_1305_15_three.mp4;side mark 13 _\Side_1305_16_five.mp4;side mark 13 _\Side_1305_17_three.mp4;side mark 13 _\Side_1305_18_seven.mp4;side mark 13 _\Side_1305_19_five.mp4;side mark 13 _\Side_1305_20_one.mp4;side mark 13 _\Side_1305_3_seven.mp4;side mark 13 _\Side_1305_4_control.mp4;side mark 13 _\Side_1305_5_three.mp4;side mark 13 _\Side_1305_6_three.mp4;side mark 13 _\Side_1305_7_five.mp4;side mark 13 _\Side_1305_8_control.mp4;side mark 13 _\Side_1305_9_one.mp4,0.0,11.964;11.665;15.565;23.128;7.768;6.764;7.832;11.296;7.564;18.163;6.830;17.764;6.901;16.398;19.330;12.264;4.167;7.833,30.000;30.000;30.000;30.000;29.970;30.000;30.000;30.000;30.000;30.000;30.000;30.000;30.000;30.000;30.000;30.000;30.000;30.000,Sidemark,target,,,STOP,188.724,side mark 13 _\Side_1305_6_three.mp4,574,NA,
Side_1305,2025-06-10 11:48:46.997,,213.135,Media file(s),player #1:side mark 13 _\Side_1305_10_seven.mp4;side mark 13 _\Side_1305_11_three.mp4;side mark 13 _\Side_1305_12_onehalf.mp4;side mark 13 _\Side_1305_13_one.mp4;side mark 13 _\Side_1305_14_onehalf.mp4;side mark 13 _\Side_1305_15_three.mp4;side mark 13 _\Side_1305_16_five.mp4;side mark 13 _\Side_1305_17_three.mp4;side mark 13 _\Side_1305_18_seven.mp4;side mark 13 _\Side_1305_19_five.mp4;side mark 13 _\Side_1305_20_one.mp4;side mark 13 _\Side_1305_3_seven.mp4;side mark 13 _\Side_1305_4_control.mp4;side mark 13 _\Side_1305_5_three.mp4;side mark 13 _\Side_1305_6_three.mp4;side mark 13 _\Side_1305_7_five.mp4;side mark 13 _\Side_1305_8_control.mp4;side mark 13 _\Side_1305_9_one.mp4,0.0,11.964;11.665;15.565;23.128;7.768;6.764;7.832;11.296;7.564;18.163;6.830;17.764;6.901;16.398;19.330;12.264;4.167;7.833,30.000;30.000;30.000;30.000;29.970;30.000;30.000;30.000;30.000;30.000;30.000;30.000;30.000;30.000;30.000;30.000;30.000;30.000,Sidemark,explore,,,START,189.056,side mark 13 _\Side_1305_7_five.mp4,4,NA,
Side_1305,2025-06-10 11:48:46.997,,213.135,Media file(s),player #1:side mark 13 _\Side_1305_10_seven.mp4;side mark 13 _\Side_1305_11_three.mp4;side mark 13 _\Side_1305_12_onehalf.mp4;side mark 13 _\Side_1305_13_one.mp4;side mark 13 _\Side_1305_14_onehalf.mp4;side mark 13 _\Side_1305_15_three.mp4;side mark 13 _\Side_1305_16_five.mp4;side mark 13 _\Side_1305_17_three.mp4;side mark 13 _\Side_1305_18_seven.mp4;side mark 13 _\Side_1305_19_five.mp4;side mark 13 _\Side_1305_20_one.mp4;side mark 13 _\Side_1305_3_seven.mp4;side mark 13 _\Side_1305_4_control.mp4;side mark 13 _\Side_1305_5_three.mp4;side mark 13 _\Side_1305_6_three.mp4;side mark 13 _\Side_1305_7_five.mp4;side mark 13 _\Side_1305_8_control.mp4;side mark 13 _\Side_1305_9_one.mp4,0.0,11.964;11.665;15.565;23.128;7.768;6.764;7.832;11.296;7.564;18.163;6.830;17.764;6.901;16.398;19.330;12.264;4.167;7.833,30.000;30.000;30.000;30.000;29.970;30.000;30.000;30.000;30.000;30.000;30.000;30.000;30.000;30.000;30.000;30.000;30.000;30.000,Sidemark,explore,,,STOP,191.354,side mark 13 _\Side_1305_7_five.mp4,73,NA,
Side_1305,2025-06-10 11:48:46.997,,213.135,Media file(s),player #1:side mark 13 _\Side_1305_10_seven.mp4;side mark 13 _\Side_1305_11_three.mp4;side mark 13 _\Side_1305_12_onehalf.mp4;side mark 13 _\Side_1305_13_one.mp4;side mark 13 _\Side_1305_14_onehalf.mp4;side mark 13 _\Side_1305_15_three.mp4;side mark 13 _\Side_1305_16_five.mp4;side mark 13 _\Side_1305_17_three.mp4;side mark 13 _\Side_1305_18_seven.mp4;side mark 13 _\Side_1305_19_five.mp4;side mark 13 _\Side_1305_20_one.mp4;side mark 13 _\Side_1305_3_seven.mp4;side mark 13 _\Side_1305_4_control.mp4;side mark 13 _\Side_1305_5_three.mp4;side mark 13 _\Side_1305_6_three.mp4;side mark 13 _\Side_1305_7_five.mp4;side mark 13 _\Side_1305_8_control.mp4;side mark 13 _\Side_1305_9_one.mp4,0.0,11.964;11.665;15.565;23.128;7.768;6.764;7.832;11.296;7.564;18.163;6.830;17.764;6.901;16.398;19.330;12.264;4.167;7.833,30.000;30.000;30.000;30.000;29.970;30.000;30.000;30.000;30.000;30.000;30.000;30.000;30.000;30.000;30.000;30.000;30.000;30.000,Sidemark,bending,,,START,191.388,side mark 13 _\Side_1305_7_five.mp4,74,NA,
Side_1305,2025-06-10 11:48:46.997,,213.135,Media file(s),player #1:side mark 13 _\Side_1305_10_seven.mp4;side mark 13 _\Side_1305_11_three.mp4;side mark 13 _\Side_1305_12_onehalf.mp4;side mark 13 _\Side_1305_13_one.mp4;side mark 13 _\Side_1305_14_onehalf.mp4;side mark 13 _\Side_1305_15_three.mp4;side mark 13 _\Side_1305_16_five.mp4;side mark 13 _\Side_1305_17_three.mp4;side mark 13 _\Side_1305_18_seven.mp4;side mark 13 _\Side_1305_19_five.mp4;side mark 13 _\Side_1305_20_one.mp4;side mark 13 _\Side_1305_3_seven.mp4;side mark 13 _\Side_1305_4_control.mp4;side mark 13 _\Side_1305_5_three.mp4;side mark 13 _\Side_1305_6_three.mp4;side mark 13 _\Side_1305_7_five.mp4;side mark 13 _\Side_1305_8_control.mp4;side mark 13 _\Side_1305_9_one.mp4,0.0,11.964;11.665;15.565;23.128;7.768;6.764;7.832;11.296;7.564;18.163;6.830;17.764;6.901;16.398;19.330;12.264;4.167;7.833,30.000;30.000;30.000;30.000;29.970;30.000;30.000;30.000;30.000;30.000;30.000;30.000;30.000;30.000;30.000;30.000;30.000;30.000,Sidemark,grabbing peanut,,,POINT,192.054,side mark 13 _\Side_1305_7_five.mp4,94,NA,
Side_1305,2025-06-10 11:48:46.997,,213.135,Media file(s),player #1:side mark 13 _\Side_1305_10_seven.mp4;side mark 13 _\Side_1305_11_three.mp4;side mark 13 _\Side_1305_12_onehalf.mp4;side mark 13 _\Side_1305_13_one.mp4;side mark 13 _\Side_1305_14_onehalf.mp4;side mark 13 _\Side_1305_15_three.mp4;side mark 13 _\Side_1305_16_five.mp4;side mark 13 _\Side_1305_17_three.mp4;side mark 13 _\Side_1305_18_seven.mp4;side mark 13 _\Side_1305_19_five.mp4;side mark 13 _\Side_1305_20_one.mp4;side mark 13 _\Side_1305_3_seven.mp4;side mark 13 _\Side_1305_4_control.mp4;side mark 13 _\Side_1305_5_three.mp4;side mark 13 _\Side_1305_6_three.mp4;side mark 13 _\Side_1305_7_five.mp4;side mark 13 _\Side_1305_8_control.mp4;side mark 13 _\Side_1305_9_one.mp4,0.0,11.964;11.665;15.565;23.128;7.768;6.764;7.832;11.296;7.564;18.163;6.830;17.764;6.901;16.398;19.330;12.264;4.167;7.833,30.000;30.000;30.000;30.000;29.970;30.000;30.000;30.000;30.000;30.000;30.000;30.000;30.000;30.000;30.000;30.000;30.000;30.000,Sidemark,bending,,,STOP,192.088,side mark 13 _\Side_1305_7_five.mp4,95,NA,
Side_1305,2025-06-10 11:48:46.997,,213.135,Media file(s),player #1:side mark 13 _\Side_1305_10_seven.mp4;side mark 13 _\Side_1305_11_three.mp4;side mark 13 _\Side_1305_12_onehalf.mp4;side mark 13 _\Side_1305_13_one.mp4;side mark 13 _\Side_1305_14_onehalf.mp4;side mark 13 _\Side_1305_15_three.mp4;side mark 13 _\Side_1305_16_five.mp4;side mark 13 _\Side_1305_17_three.mp4;side mark 13 _\Side_1305_18_seven.mp4;side mark 13 _\Side_1305_19_five.mp4;side mark 13 _\Side_1305_20_one.mp4;side mark 13 _\Side_1305_3_seven.mp4;side mark 13 _\Side_1305_4_control.mp4;side mark 13 _\Side_1305_5_three.mp4;side mark 13 _\Side_1305_6_three.mp4;side mark 13 _\Side_1305_7_five.mp4;side mark 13 _\Side_1305_8_control.mp4;side mark 13 _\Side_1305_9_one.mp4,0.0,11.964;11.665;15.565;23.128;7.768;6.764;7.832;11.296;7.564;18.163;6.830;17.764;6.901;16.398;19.330;12.264;4.167;7.833,30.000;30.000;30.000;30.000;29.970;30.000;30.000;30.000;30.000;30.000;30.000;30.000;30.000;30.000;30.000;30.000;30.000;30.000,Sidemark,lifting,,,START,192.121,side mark 13 _\Side_1305_7_five.mp4,96,NA,
Side_1305,2025-06-10 11:48:46.997,,213.135,Media file(s),player #1:side mark 13 _\Side_1305_10_seven.mp4;side mark 13 _\Side_1305_11_three.mp4;side mark 13 _\Side_1305_12_onehalf.mp4;side mark 13 _\Side_1305_13_one.mp4;side mark 13 _\Side_1305_14_onehalf.mp4;side mark 13 _\Side_1305_15_three.mp4;side mark 13 _\Side_1305_16_five.mp4;side mark 13 _\Side_1305_17_three.mp4;side mark 13 _\Side_1305_18_seven.mp4;side mark 13 _\Side_1305_19_five.mp4;side mark 13 _\Side_1305_20_one.mp4;side mark 13 _\Side_1305_3_seven.mp4;side mark 13 _\Side_1305_4_control.mp4;side mark 13 _\Side_1305_5_three.mp4;side mark 13 _\Side_1305_6_three.mp4;side mark 13 _\Side_1305_7_five.mp4;side mark 13 _\Side_1305_8_control.mp4;side mark 13 _\Side_1305_9_one.mp4,0.0,11.964;11.665;15.565;23.128;7.768;6.764;7.832;11.296;7.564;18.163;6.830;17.764;6.901;16.398;19.330;12.264;4.167;7.833,30.000;30.000;30.000;30.000;29.970;30.000;30.000;30.000;30.000;30.000;30.000;30.000;30.000;30.000;30.000;30.000;30.000;30.000,Sidemark,lifting,,,STOP,192.321,side mark 13 _\Side_1305_7_five.mp4,102,NA,
Side_1305,2025-06-10 11:48:46.997,,213.135,Media file(s),player #1:side mark 13 _\Side_1305_10_seven.mp4;side mark 13 _\Side_1305_11_three.mp4;side mark 13 _\Side_1305_12_onehalf.mp4;side mark 13 _\Side_1305_13_one.mp4;side mark 13 _\Side_1305_14_onehalf.mp4;side mark 13 _\Side_1305_15_three.mp4;side mark 13 _\Side_1305_16_five.mp4;side mark 13 _\Side_1305_17_three.mp4;side mark 13 _\Side_1305_18_seven.mp4;side mark 13 _\Side_1305_19_five.mp4;side mark 13 _\Side_1305_20_one.mp4;side mark 13 _\Side_1305_3_seven.mp4;side mark 13 _\Side_1305_4_control.mp4;side mark 13 _\Side_1305_5_three.mp4;side mark 13 _\Side_1305_6_three.mp4;side mark 13 _\Side_1305_7_five.mp4;side mark 13 _\Side_1305_8_control.mp4;side mark 13 _\Side_1305_9_one.mp4,0.0,11.964;11.665;15.565;23.128;7.768;6.764;7.832;11.296;7.564;18.163;6.830;17.764;6.901;16.398;19.330;12.264;4.167;7.833,30.000;30.000;30.000;30.000;29.970;30.000;30.000;30.000;30.000;30.000;30.000;30.000;30.000;30.000;30.000;30.000;30.000;30.000,Sidemark,assessing,,,START,193.221,side mark 13 _\Side_1305_7_five.mp4,129,NA,
Side_1305,2025-06-10 11:48:46.997,,213.135,Media file(s),player #1:side mark 13 _\Side_1305_10_seven.mp4;side mark 13 _\Side_1305_11_three.mp4;side mark 13 _\Side_1305_12_onehalf.mp4;side mark 13 _\Side_1305_13_one.mp4;side mark 13 _\Side_1305_14_onehalf.mp4;side mark 13 _\Side_1305_15_three.mp4;side mark 13 _\Side_1305_16_five.mp4;side mark 13 _\Side_1305_17_three.mp4;side mark 13 _\Side_1305_18_seven.mp4;side mark 13 _\Side_1305_19_five.mp4;side mark 13 _\Side_1305_20_one.mp4;side mark 13 _\Side_1305_3_seven.mp4;side mark 13 _\Side_1305_4_control.mp4;side mark 13 _\Side_1305_5_three.mp4;side mark 13 _\Side_1305_6_three.mp4;side mark 13 _\Side_1305_7_five.mp4;side mark 13 _\Side_1305_8_control.mp4;side mark 13 _\Side_1305_9_one.mp4,0.0,11.964;11.665;15.565;23.128;7.768;6.764;7.832;11.296;7.564;18.163;6.830;17.764;6.901;16.398;19.330;12.264;4.167;7.833,30.000;30.000;30.000;30.000;29.970;30.000;30.000;30.000;30.000;30.000;30.000;30.000;30.000;30.000;30.000;30.000;30.000;30.000,Sidemark,jaw movement,,,POINT,193.321,side mark 13 _\Side_1305_7_five.mp4,132,NA,
Side_1305,2025-06-10 11:48:46.997,,213.135,Media file(s),player #1:side mark 13 _\Side_1305_10_seven.mp4;side mark 13 _\Side_1305_11_three.mp4;side mark 13 _\Side_1305_12_onehalf.mp4;side mark 13 _\Side_1305_13_one.mp4;side mark 13 _\Side_1305_14_onehalf.mp4;side mark 13 _\Side_1305_15_three.mp4;side mark 13 _\Side_1305_16_five.mp4;side mark 13 _\Side_1305_17_three.mp4;side mark 13 _\Side_1305_18_seven.mp4;side mark 13 _\Side_1305_19_five.mp4;side mark 13 _\Side_1305_20_one.mp4;side mark 13 _\Side_1305_3_seven.mp4;side mark 13 _\Side_1305_4_control.mp4;side mark 13 _\Side_1305_5_three.mp4;side mark 13 _\Side_1305_6_three.mp4;side mark 13 _\Side_1305_7_five.mp4;side mark 13 _\Side_1305_8_control.mp4;side mark 13 _\Side_1305_9_one.mp4,0.0,11.964;11.665;15.565;23.128;7.768;6.764;7.832;11.296;7.564;18.163;6.830;17.764;6.901;16.398;19.330;12.264;4.167;7.833,30.000;30.000;30.000;30.000;29.970;30.000;30.000;30.000;30.000;30.000;30.000;30.000;30.000;30.000;30.000;30.000;30.000;30.000,Sidemark,jaw movement,,,POINT,193.688,side mark 13 _\Side_1305_7_five.mp4,143,NA,
Side_1305,2025-06-10 11:48:46.997,,213.135,Media file(s),player #1:side mark 13 _\Side_1305_10_seven.mp4;side mark 13 _\Side_1305_11_three.mp4;side mark 13 _\Side_1305_12_onehalf.mp4;side mark 13 _\Side_1305_13_one.mp4;side mark 13 _\Side_1305_14_onehalf.mp4;side mark 13 _\Side_1305_15_three.mp4;side mark 13 _\Side_1305_16_five.mp4;side mark 13 _\Side_1305_17_three.mp4;side mark 13 _\Side_1305_18_seven.mp4;side mark 13 _\Side_1305_19_five.mp4;side mark 13 _\Side_1305_20_one.mp4;side mark 13 _\Side_1305_3_seven.mp4;side mark 13 _\Side_1305_4_control.mp4;side mark 13 _\Side_1305_5_three.mp4;side mark 13 _\Side_1305_6_three.mp4;side mark 13 _\Side_1305_7_five.mp4;side mark 13 _\Side_1305_8_control.mp4;side mark 13 _\Side_1305_9_one.mp4,0.0,11.964;11.665;15.565;23.128;7.768;6.764;7.832;11.296;7.564;18.163;6.830;17.764;6.901;16.398;19.330;12.264;4.167;7.833,30.000;30.000;30.000;30.000;29.970;30.000;30.000;30.000;30.000;30.000;30.000;30.000;30.000;30.000;30.000;30.000;30.000;30.000,Sidemark,mouth,,,POINT,194.088,side mark 13 _\Side_1305_7_five.mp4,155,NA,
Side_1305,2025-06-10 11:48:46.997,,213.135,Media file(s),player #1:side mark 13 _\Side_1305_10_seven.mp4;side mark 13 _\Side_1305_11_three.mp4;side mark 13 _\Side_1305_12_onehalf.mp4;side mark 13 _\Side_1305_13_one.mp4;side mark 13 _\Side_1305_14_onehalf.mp4;side mark 13 _\Side_1305_15_three.mp4;side mark 13 _\Side_1305_16_five.mp4;side mark 13 _\Side_1305_17_three.mp4;side mark 13 _\Side_1305_18_seven.mp4;side mark 13 _\Side_1305_19_five.mp4;side mark 13 _\Side_1305_20_one.mp4;side mark 13 _\Side_1305_3_seven.mp4;side mark 13 _\Side_1305_4_control.mp4;side mark 13 _\Side_1305_5_three.mp4;side mark 13 _\Side_1305_6_three.mp4;side mark 13 _\Side_1305_7_five.mp4;side mark 13 _\Side_1305_8_control.mp4;side mark 13 _\Side_1305_9_one.mp4,0.0,11.964;11.665;15.565;23.128;7.768;6.764;7.832;11.296;7.564;18.163;6.830;17.764;6.901;16.398;19.330;12.264;4.167;7.833,30.000;30.000;30.000;30.000;29.970;30.000;30.000;30.000;30.000;30.000;30.000;30.000;30.000;30.000;30.000;30.000;30.000;30.000,Sidemark,assessing,,,STOP,194.155,side mark 13 _\Side_1305_7_five.mp4,157,NA,
Side_1305,2025-06-10 11:48:46.997,,213.135,Media file(s),player #1:side mark 13 _\Side_1305_10_seven.mp4;side mark 13 _\Side_1305_11_three.mp4;side mark 13 _\Side_1305_12_onehalf.mp4;side mark 13 _\Side_1305_13_one.mp4;side mark 13 _\Side_1305_14_onehalf.mp4;side mark 13 _\Side_1305_15_three.mp4;side mark 13 _\Side_1305_16_five.mp4;side mark 13 _\Side_1305_17_three.mp4;side mark 13 _\Side_1305_18_seven.mp4;side mark 13 _\Side_1305_19_five.mp4;side mark 13 _\Side_1305_20_one.mp4;side mark 13 _\Side_1305_3_seven.mp4;side mark 13 _\Side_1305_4_control.mp4;side mark 13 _\Side_1305_5_three.mp4;side mark 13 _\Side_1305_6_three.mp4;side mark 13 _\Side_1305_7_five.mp4;side mark 13 _\Side_1305_8_control.mp4;side mark 13 _\Side_1305_9_one.mp4,0.0,11.964;11.665;15.565;23.128;7.768;6.764;7.832;11.296;7.564;18.163;6.830;17.764;6.901;16.398;19.330;12.264;4.167;7.833,30.000;30.000;30.000;30.000;29.970;30.000;30.000;30.000;30.000;30.000;30.000;30.000;30.000;30.000;30.000;30.000;30.000;30.000,Sidemark,target,,,START,194.588,side mark 13 _\Side_1305_7_five.mp4,170,NA,
Side_1305,2025-06-10 11:48:46.997,,213.135,Media file(s),player #1:side mark 13 _\Side_1305_10_seven.mp4;side mark 13 _\Side_1305_11_three.mp4;side mark 13 _\Side_1305_12_onehalf.mp4;side mark 13 _\Side_1305_13_one.mp4;side mark 13 _\Side_1305_14_onehalf.mp4;side mark 13 _\Side_1305_15_three.mp4;side mark 13 _\Side_1305_16_five.mp4;side mark 13 _\Side_1305_17_three.mp4;side mark 13 _\Side_1305_18_seven.mp4;side mark 13 _\Side_1305_19_five.mp4;side mark 13 _\Side_1305_20_one.mp4;side mark 13 _\Side_1305_3_seven.mp4;side mark 13 _\Side_1305_4_control.mp4;side mark 13 _\Side_1305_5_three.mp4;side mark 13 _\Side_1305_6_three.mp4;side mark 13 _\Side_1305_7_five.mp4;side mark 13 _\Side_1305_8_control.mp4;side mark 13 _\Side_1305_9_one.mp4,0.0,11.964;11.665;15.565;23.128;7.768;6.764;7.832;11.296;7.564;18.163;6.830;17.764;6.901;16.398;19.330;12.264;4.167;7.833,30.000;30.000;30.000;30.000;29.970;30.000;30.000;30.000;30.000;30.000;30.000;30.000;30.000;30.000;30.000;30.000;30.000;30.000,Sidemark,pause,,,START,196.821,side mark 13 _\Side_1305_7_five.mp4,237,NA,
Side_1305,2025-06-10 11:48:46.997,,213.135,Media file(s),player #1:side mark 13 _\Side_1305_10_seven.mp4;side mark 13 _\Side_1305_11_three.mp4;side mark 13 _\Side_1305_12_onehalf.mp4;side mark 13 _\Side_1305_13_one.mp4;side mark 13 _\Side_1305_14_onehalf.mp4;side mark 13 _\Side_1305_15_three.mp4;side mark 13 _\Side_1305_16_five.mp4;side mark 13 _\Side_1305_17_three.mp4;side mark 13 _\Side_1305_18_seven.mp4;side mark 13 _\Side_1305_19_five.mp4;side mark 13 _\Side_1305_20_one.mp4;side mark 13 _\Side_1305_3_seven.mp4;side mark 13 _\Side_1305_4_control.mp4;side mark 13 _\Side_1305_5_three.mp4;side mark 13 _\Side_1305_6_three.mp4;side mark 13 _\Side_1305_7_five.mp4;side mark 13 _\Side_1305_8_control.mp4;side mark 13 _\Side_1305_9_one.mp4,0.0,11.964;11.665;15.565;23.128;7.768;6.764;7.832;11.296;7.564;18.163;6.830;17.764;6.901;16.398;19.330;12.264;4.167;7.833,30.000;30.000;30.000;30.000;29.970;30.000;30.000;30.000;30.000;30.000;30.000;30.000;30.000;30.000;30.000;30.000;30.000;30.000,Sidemark,pause,,,STOP,198.455,side mark 13 _\Side_1305_7_five.mp4,286,NA,
Side_1305,2025-06-10 11:48:46.997,,213.135,Media file(s),player #1:side mark 13 _\Side_1305_10_seven.mp4;side mark 13 _\Side_1305_11_three.mp4;side mark 13 _\Side_1305_12_onehalf.mp4;side mark 13 _\Side_1305_13_one.mp4;side mark 13 _\Side_1305_14_onehalf.mp4;side mark 13 _\Side_1305_15_three.mp4;side mark 13 _\Side_1305_16_five.mp4;side mark 13 _\Side_1305_17_three.mp4;side mark 13 _\Side_1305_18_seven.mp4;side mark 13 _\Side_1305_19_five.mp4;side mark 13 _\Side_1305_20_one.mp4;side mark 13 _\Side_1305_3_seven.mp4;side mark 13 _\Side_1305_4_control.mp4;side mark 13 _\Side_1305_5_three.mp4;side mark 13 _\Side_1305_6_three.mp4;side mark 13 _\Side_1305_7_five.mp4;side mark 13 _\Side_1305_8_control.mp4;side mark 13 _\Side_1305_9_one.mp4,0.0,11.964;11.665;15.565;23.128;7.768;6.764;7.832;11.296;7.564;18.163;6.830;17.764;6.901;16.398;19.330;12.264;4.167;7.833,30.000;30.000;30.000;30.000;29.970;30.000;30.000;30.000;30.000;30.000;30.000;30.000;30.000;30.000;30.000;30.000;30.000;30.000,Sidemark,pause,,,START,199.487,side mark 13 _\Side_1305_7_five.mp4,317,NA,
Side_1305,2025-06-10 11:48:46.997,,213.135,Media file(s),player #1:side mark 13 _\Side_1305_10_seven.mp4;side mark 13 _\Side_1305_11_three.mp4;side mark 13 _\Side_1305_12_onehalf.mp4;side mark 13 _\Side_1305_13_one.mp4;side mark 13 _\Side_1305_14_onehalf.mp4;side mark 13 _\Side_1305_15_three.mp4;side mark 13 _\Side_1305_16_five.mp4;side mark 13 _\Side_1305_17_three.mp4;side mark 13 _\Side_1305_18_seven.mp4;side mark 13 _\Side_1305_19_five.mp4;side mark 13 _\Side_1305_20_one.mp4;side mark 13 _\Side_1305_3_seven.mp4;side mark 13 _\Side_1305_4_control.mp4;side mark 13 _\Side_1305_5_three.mp4;side mark 13 _\Side_1305_6_three.mp4;side mark 13 _\Side_1305_7_five.mp4;side mark 13 _\Side_1305_8_control.mp4;side mark 13 _\Side_1305_9_one.mp4,0.0,11.964;11.665;15.565;23.128;7.768;6.764;7.832;11.296;7.564;18.163;6.830;17.764;6.901;16.398;19.330;12.264;4.167;7.833,30.000;30.000;30.000;30.000;29.970;30.000;30.000;30.000;30.000;30.000;30.000;30.000;30.000;30.000;30.000;30.000;30.000;30.000,Sidemark,pause,,,STOP,199.787,side mark 13 _\Side_1305_7_five.mp4,326,NA,
Side_1305,2025-06-10 11:48:46.997,,213.135,Media file(s),player #1:side mark 13 _\Side_1305_10_seven.mp4;side mark 13 _\Side_1305_11_three.mp4;side mark 13 _\Side_1305_12_onehalf.mp4;side mark 13 _\Side_1305_13_one.mp4;side mark 13 _\Side_1305_14_onehalf.mp4;side mark 13 _\Side_1305_15_three.mp4;side mark 13 _\Side_1305_16_five.mp4;side mark 13 _\Side_1305_17_three.mp4;side mark 13 _\Side_1305_18_seven.mp4;side mark 13 _\Side_1305_19_five.mp4;side mark 13 _\Side_1305_20_one.mp4;side mark 13 _\Side_1305_3_seven.mp4;side mark 13 _\Side_1305_4_control.mp4;side mark 13 _\Side_1305_5_three.mp4;side mark 13 _\Side_1305_6_three.mp4;side mark 13 _\Side_1305_7_five.mp4;side mark 13 _\Side_1305_8_control.mp4;side mark 13 _\Side_1305_9_one.mp4,0.0,11.964;11.665;15.565;23.128;7.768;6.764;7.832;11.296;7.564;18.163;6.830;17.764;6.901;16.398;19.330;12.264;4.167;7.833,30.000;30.000;30.000;30.000;29.970;30.000;30.000;30.000;30.000;30.000;30.000;30.000;30.000;30.000;30.000;30.000;30.000;30.000,Sidemark,target,,,STOP,201.021,side mark 13 _\Side_1305_7_five.mp4,363,NA,
Side_1305,2025-06-10 11:48:46.997,,213.135,Media file(s),player #1:side mark 13 _\Side_1305_10_seven.mp4;side mark 13 _\Side_1305_11_three.mp4;side mark 13 _\Side_1305_12_onehalf.mp4;side mark 13 _\Side_1305_13_one.mp4;side mark 13 _\Side_1305_14_onehalf.mp4;side mark 13 _\Side_1305_15_three.mp4;side mark 13 _\Side_1305_16_five.mp4;side mark 13 _\Side_1305_17_three.mp4;side mark 13 _\Side_1305_18_seven.mp4;side mark 13 _\Side_1305_19_five.mp4;side mark 13 _\Side_1305_20_one.mp4;side mark 13 _\Side_1305_3_seven.mp4;side mark 13 _\Side_1305_4_control.mp4;side mark 13 _\Side_1305_5_three.mp4;side mark 13 _\Side_1305_6_three.mp4;side mark 13 _\Side_1305_7_five.mp4;side mark 13 _\Side_1305_8_control.mp4;side mark 13 _\Side_1305_9_one.mp4,0.0,11.964;11.665;15.565;23.128;7.768;6.764;7.832;11.296;7.564;18.163;6.830;17.764;6.901;16.398;19.330;12.264;4.167;7.833,30.000;30.000;30.000;30.000;29.970;30.000;30.000;30.000;30.000;30.000;30.000;30.000;30.000;30.000;30.000;30.000;30.000;30.000,Sidemark,bending,,,START,206.153,side mark 13 _\Side_1305_9_one.mp4,24,NA,
Side_1305,2025-06-10 11:48:46.997,,213.135,Media file(s),player #1:side mark 13 _\Side_1305_10_seven.mp4;side mark 13 _\Side_1305_11_three.mp4;side mark 13 _\Side_1305_12_onehalf.mp4;side mark 13 _\Side_1305_13_one.mp4;side mark 13 _\Side_1305_14_onehalf.mp4;side mark 13 _\Side_1305_15_three.mp4;side mark 13 _\Side_1305_16_five.mp4;side mark 13 _\Side_1305_17_three.mp4;side mark 13 _\Side_1305_18_seven.mp4;side mark 13 _\Side_1305_19_five.mp4;side mark 13 _\Side_1305_20_one.mp4;side mark 13 _\Side_1305_3_seven.mp4;side mark 13 _\Side_1305_4_control.mp4;side mark 13 _\Side_1305_5_three.mp4;side mark 13 _\Side_1305_6_three.mp4;side mark 13 _\Side_1305_7_five.mp4;side mark 13 _\Side_1305_8_control.mp4;side mark 13 _\Side_1305_9_one.mp4,0.0,11.964;11.665;15.565;23.128;7.768;6.764;7.832;11.296;7.564;18.163;6.830;17.764;6.901;16.398;19.330;12.264;4.167;7.833,30.000;30.000;30.000;30.000;29.970;30.000;30.000;30.000;30.000;30.000;30.000;30.000;30.000;30.000;30.000;30.000;30.000;30.000,Sidemark,grabbing peanut,,,POINT,206.487,side mark 13 _\Side_1305_9_one.mp4,34,NA,
Side_1305,2025-06-10 11:48:46.997,,213.135,Media file(s),player #1:side mark 13 _\Side_1305_10_seven.mp4;side mark 13 _\Side_1305_11_three.mp4;side mark 13 _\Side_1305_12_onehalf.mp4;side mark 13 _\Side_1305_13_one.mp4;side mark 13 _\Side_1305_14_onehalf.mp4;side mark 13 _\Side_1305_15_three.mp4;side mark 13 _\Side_1305_16_five.mp4;side mark 13 _\Side_1305_17_three.mp4;side mark 13 _\Side_1305_18_seven.mp4;side mark 13 _\Side_1305_19_five.mp4;side mark 13 _\Side_1305_20_one.mp4;side mark 13 _\Side_1305_3_seven.mp4;side mark 13 _\Side_1305_4_control.mp4;side mark 13 _\Side_1305_5_three.mp4;side mark 13 _\Side_1305_6_three.mp4;side mark 13 _\Side_1305_7_five.mp4;side mark 13 _\Side_1305_8_control.mp4;side mark 13 _\Side_1305_9_one.mp4,0.0,11.964;11.665;15.565;23.128;7.768;6.764;7.832;11.296;7.564;18.163;6.830;17.764;6.901;16.398;19.330;12.264;4.167;7.833,30.000;30.000;30.000;30.000;29.970;30.000;30.000;30.000;30.000;30.000;30.000;30.000;30.000;30.000;30.000;30.000;30.000;30.000,Sidemark,bending,,,STOP,206.753,side mark 13 _\Side_1305_9_one.mp4,42,NA,
Side_1305,2025-06-10 11:48:46.997,,213.135,Media file(s),player #1:side mark 13 _\Side_1305_10_seven.mp4;side mark 13 _\Side_1305_11_three.mp4;side mark 13 _\Side_1305_12_onehalf.mp4;side mark 13 _\Side_1305_13_one.mp4;side mark 13 _\Side_1305_14_onehalf.mp4;side mark 13 _\Side_1305_15_three.mp4;side mark 13 _\Side_1305_16_five.mp4;side mark 13 _\Side_1305_17_three.mp4;side mark 13 _\Side_1305_18_seven.mp4;side mark 13 _\Side_1305_19_five.mp4;side mark 13 _\Side_1305_20_one.mp4;side mark 13 _\Side_1305_3_seven.mp4;side mark 13 _\Side_1305_4_control.mp4;side mark 13 _\Side_1305_5_three.mp4;side mark 13 _\Side_1305_6_three.mp4;side mark 13 _\Side_1305_7_five.mp4;side mark 13 _\Side_1305_8_control.mp4;side mark 13 _\Side_1305_9_one.mp4,0.0,11.964;11.665;15.565;23.128;7.768;6.764;7.832;11.296;7.564;18.163;6.830;17.764;6.901;16.398;19.330;12.264;4.167;7.833,30.000;30.000;30.000;30.000;29.970;30.000;30.000;30.000;30.000;30.000;30.000;30.000;30.000;30.000;30.000;30.000;30.000;30.000,Sidemark,lifting,,,START,206.787,side mark 13 _\Side_1305_9_one.mp4,43,NA,
Side_1305,2025-06-10 11:48:46.997,,213.135,Media file(s),player #1:side mark 13 _\Side_1305_10_seven.mp4;side mark 13 _\Side_1305_11_three.mp4;side mark 13 _\Side_1305_12_onehalf.mp4;side mark 13 _\Side_1305_13_one.mp4;side mark 13 _\Side_1305_14_onehalf.mp4;side mark 13 _\Side_1305_15_three.mp4;side mark 13 _\Side_1305_16_five.mp4;side mark 13 _\Side_1305_17_three.mp4;side mark 13 _\Side_1305_18_seven.mp4;side mark 13 _\Side_1305_19_five.mp4;side mark 13 _\Side_1305_20_one.mp4;side mark 13 _\Side_1305_3_seven.mp4;side mark 13 _\Side_1305_4_control.mp4;side mark 13 _\Side_1305_5_three.mp4;side mark 13 _\Side_1305_6_three.mp4;side mark 13 _\Side_1305_7_five.mp4;side mark 13 _\Side_1305_8_control.mp4;side mark 13 _\Side_1305_9_one.mp4,0.0,11.964;11.665;15.565;23.128;7.768;6.764;7.832;11.296;7.564;18.163;6.830;17.764;6.901;16.398;19.330;12.264;4.167;7.833,30.000;30.000;30.000;30.000;29.970;30.000;30.000;30.000;30.000;30.000;30.000;30.000;30.000;30.000;30.000;30.000;30.000;30.000,Sidemark,lifting,,,STOP,206.954,side mark 13 _\Side_1305_9_one.mp4,48,NA,
Side_1305,2025-06-10 11:48:46.997,,213.135,Media file(s),player #1:side mark 13 _\Side_1305_10_seven.mp4;side mark 13 _\Side_1305_11_three.mp4;side mark 13 _\Side_1305_12_onehalf.mp4;side mark 13 _\Side_1305_13_one.mp4;side mark 13 _\Side_1305_14_onehalf.mp4;side mark 13 _\Side_1305_15_three.mp4;side mark 13 _\Side_1305_16_five.mp4;side mark 13 _\Side_1305_17_three.mp4;side mark 13 _\Side_1305_18_seven.mp4;side mark 13 _\Side_1305_19_five.mp4;side mark 13 _\Side_1305_20_one.mp4;side mark 13 _\Side_1305_3_seven.mp4;side mark 13 _\Side_1305_4_control.mp4;side mark 13 _\Side_1305_5_three.mp4;side mark 13 _\Side_1305_6_three.mp4;side mark 13 _\Side_1305_7_five.mp4;side mark 13 _\Side_1305_8_control.mp4;side mark 13 _\Side_1305_9_one.mp4,0.0,11.964;11.665;15.565;23.128;7.768;6.764;7.832;11.296;7.564;18.163;6.830;17.764;6.901;16.398;19.330;12.264;4.167;7.833,30.000;30.000;30.000;30.000;29.970;30.000;30.000;30.000;30.000;30.000;30.000;30.000;30.000;30.000;30.000;30.000;30.000;30.000,Sidemark,target,,,START,207.820,side mark 13 _\Side_1305_9_one.mp4,74,NA,
Side_1305,2025-06-10 11:48:46.997,,213.135,Media file(s),player #1:side mark 13 _\Side_1305_10_seven.mp4;side mark 13 _\Side_1305_11_three.mp4;side mark 13 _\Side_1305_12_onehalf.mp4;side mark 13 _\Side_1305_13_one.mp4;side mark 13 _\Side_1305_14_onehalf.mp4;side mark 13 _\Side_1305_15_three.mp4;side mark 13 _\Side_1305_16_five.mp4;side mark 13 _\Side_1305_17_three.mp4;side mark 13 _\Side_1305_18_seven.mp4;side mark 13 _\Side_1305_19_five.mp4;side mark 13 _\Side_1305_20_one.mp4;side mark 13 _\Side_1305_3_seven.mp4;side mark 13 _\Side_1305_4_control.mp4;side mark 13 _\Side_1305_5_three.mp4;side mark 13 _\Side_1305_6_three.mp4;side mark 13 _\Side_1305_7_five.mp4;side mark 13 _\Side_1305_8_control.mp4;side mark 13 _\Side_1305_9_one.mp4,0.0,11.964;11.665;15.565;23.128;7.768;6.764;7.832;11.296;7.564;18.163;6.830;17.764;6.901;16.398;19.330;12.264;4.167;7.833,30.000;30.000;30.000;30.000;29.970;30.000;30.000;30.000;30.000;30.000;30.000;30.000;30.000;30.000;30.000;30.000;30.000;30.000,Sidemark,target,,,STOP,210.453,side mark 13 _\Side_1305_9_one.mp4,153,NA,
Side_1305,2025-06-10 11:48:46.997,,213.135,Media file(s),player #1:side mark 13 _\Side_1305_10_seven.mp4;side mark 13 _\Side_1305_11_three.mp4;side mark 13 _\Side_1305_12_onehalf.mp4;side mark 13 _\Side_1305_13_one.mp4;side mark 13 _\Side_1305_14_onehalf.mp4;side mark 13 _\Side_1305_15_three.mp4;side mark 13 _\Side_1305_16_five.mp4;side mark 13 _\Side_1305_17_three.mp4;side mark 13 _\Side_1305_18_seven.mp4;side mark 13 _\Side_1305_19_five.mp4;side mark 13 _\Side_1305_20_one.mp4;side mark 13 _\Side_1305_3_seven.mp4;side mark 13 _\Side_1305_4_control.mp4;side mark 13 _\Side_1305_5_three.mp4;side mark 13 _\Side_1305_6_three.mp4;side mark 13 _\Side_1305_7_five.mp4;side mark 13 _\Side_1305_8_control.mp4;side mark 13 _\Side_1305_9_one.mp4,0.0,11.964;11.665;15.565;23.128;7.768;6.764;7.832;11.296;7.564;18.163;6.830;17.764;6.901;16.398;19.330;12.264;4.167;7.833,30.000;30.000;30.000;30.000;29.970;30.000;30.000;30.000;30.000;30.000;30.000;30.000;30.000;30.000;30.000;30.000;30.000;30.000,Sidemark,digging,,,START,210.686,side mark 13 _\Side_1305_9_one.mp4,160,NA,
Side_1305,2025-06-10 11:48:46.997,,213.135,Media file(s),player #1:side mark 13 _\Side_1305_10_seven.mp4;side mark 13 _\Side_1305_11_three.mp4;side mark 13 _\Side_1305_12_onehalf.mp4;side mark 13 _\Side_1305_13_one.mp4;side mark 13 _\Side_1305_14_onehalf.mp4;side mark 13 _\Side_1305_15_three.mp4;side mark 13 _\Side_1305_16_five.mp4;side mark 13 _\Side_1305_17_three.mp4;side mark 13 _\Side_1305_18_seven.mp4;side mark 13 _\Side_1305_19_five.mp4;side mark 13 _\Side_1305_20_one.mp4;side mark 13 _\Side_1305_3_seven.mp4;side mark 13 _\Side_1305_4_control.mp4;side mark 13 _\Side_1305_5_three.mp4;side mark 13 _\Side_1305_6_three.mp4;side mark 13 _\Side_1305_7_five.mp4;side mark 13 _\Side_1305_8_control.mp4;side mark 13 _\Side_1305_9_one.mp4,0.0,11.964;11.665;15.565;23.128;7.768;6.764;7.832;11.296;7.564;18.163;6.830;17.764;6.901;16.398;19.330;12.264;4.167;7.833,30.000;30.000;30.000;30.000;29.970;30.000;30.000;30.000;30.000;30.000;30.000;30.000;30.000;30.000;30.000;30.000;30.000;30.000,Sidemark,digging,,,STOP,213.168,side mark 13 _\Side_1305_9_one.mp4,234,NA,
