Observation id,Observation date,Description,Observation duration,Observation type,Source,Time offset (s),Media duration (s),FPS,Subject,Behavior,Behavioral category,Modifier #1,Behavior type,Time,Media file name,Image index,Image file path,Comment
whit_1405,2025-06-13 17:07:23.790,,187.239,Media file(s),player #1:C:\Users\esthe\Downloads\white line 14 _\Whit_1405_10_three.mp4;C:\Users\esthe\Downloads\white line 14 _\Whit_1405_11_onehalf.mp4;C:\Users\esthe\Downloads\white line 14 _\Whit_1405_12_two.mp4;C:\Users\esthe\Downloads\white line 14 _\Whit_1405_13_one.mp4;C:\Users\esthe\Downloads\white line 14 _\Whit_1405_14_one.mp4;C:\Users\esthe\Downloads\white line 14 _\Whit_1405_15_onehalf.mp4;C:\Users\esthe\Downloads\white line 14 _\Whit_1405_16_seven.mp4;C:\Users\esthe\Downloads\white line 14 _\Whit_1405_17_onehalf.mp4;C:\Users\esthe\Downloads\white line 14 _\Whit_1405_18_onehalf.mp4;C:\Users\esthe\Downloads\white line 14 _\Whit_1405_3_five.mp4;C:\Users\esthe\Downloads\white line 14 _\Whit_1405_4_control.mp4;C:\Users\esthe\Downloads\white line 14 _\Whit_1405_5_five.mp4;C:\Users\esthe\Downloads\white line 14 _\Whit_1405_6_seven.mp4;C:\Users\esthe\Downloads\white line 14 _\Whit_1405_7_one.mp4;C:\Users\esthe\Downloads\white line 14 _\Whit_1405_8_onehalf.mp4,0.0,11.970;18.573;4.934;13.001;10.534;8.124;25.795;6.863;16.327;16.565;11.462;7.933;12.699;6.966;16.101,30.000;30.000;30.000;30.000;30.000;24.000;24.000;30.000;30.000;30.000;30.000;30.000;30.000;30.000;30.000,Whiteline,bending,,,START,0.000,C:\Users\esthe\Downloads\white line 14 _\Whit_1405_10_three.mp4,0,NA,
whit_1405,2025-06-13 17:07:23.790,,187.239,Media file(s),player #1:C:\Users\esthe\Downloads\white line 14 _\Whit_1405_10_three.mp4;C:\Users\esthe\Downloads\white line 14 _\Whit_1405_11_onehalf.mp4;C:\Users\esthe\Downloads\white line 14 _\Whit_1405_12_two.mp4;C:\Users\esthe\Downloads\white line 14 _\Whit_1405_13_one.mp4;C:\Users\esthe\Downloads\white line 14 _\Whit_1405_14_one.mp4;C:\Users\esthe\Downloads\white line 14 _\Whit_1405_15_onehalf.mp4;C:\Users\esthe\Downloads\white line 14 _\Whit_1405_16_seven.mp4;C:\Users\esthe\Downloads\white line 14 _\Whit_1405_17_onehalf.mp4;C:\Users\esthe\Downloads\white line 14 _\Whit_1405_18_onehalf.mp4;C:\Users\esthe\Downloads\white line 14 _\Whit_1405_3_five.mp4;C:\Users\esthe\Downloads\white line 14 _\Whit_1405_4_control.mp4;C:\Users\esthe\Downloads\white line 14 _\Whit_1405_5_five.mp4;C:\Users\esthe\Downloads\white line 14 _\Whit_1405_6_seven.mp4;C:\Users\esthe\Downloads\white line 14 _\Whit_1405_7_one.mp4;C:\Users\esthe\Downloads\white line 14 _\Whit_1405_8_onehalf.mp4,0.0,11.970;18.573;4.934;13.001;10.534;8.124;25.795;6.863;16.327;16.565;11.462;7.933;12.699;6.966;16.101,30.000;30.000;30.000;30.000;30.000;24.000;24.000;30.000;30.000;30.000;30.000;30.000;30.000;30.000;30.000,Whiteline,bending,,,STOP,0.167,C:\Users\esthe\Downloads\white line 14 _\Whit_1405_10_three.mp4,5,NA,
whit_1405,2025-06-13 17:07:23.790,,187.239,Media file(s),player #1:C:\Users\esthe\Downloads\white line 14 _\Whit_1405_10_three.mp4;C:\Users\esthe\Downloads\white line 14 _\Whit_1405_11_onehalf.mp4;C:\Users\esthe\Downloads\white line 14 _\Whit_1405_12_two.mp4;C:\Users\esthe\Downloads\white line 14 _\Whit_1405_13_one.mp4;C:\Users\esthe\Downloads\white line 14 _\Whit_1405_14_one.mp4;C:\Users\esthe\Downloads\white line 14 _\Whit_1405_15_onehalf.mp4;C:\Users\esthe\Downloads\white line 14 _\Whit_1405_16_seven.mp4;C:\Users\esthe\Downloads\white line 14 _\Whit_1405_17_onehalf.mp4;C:\Users\esthe\Downloads\white line 14 _\Whit_1405_18_onehalf.mp4;C:\Users\esthe\Downloads\white line 14 _\Whit_1405_3_five.mp4;C:\Users\esthe\Downloads\white line 14 _\Whit_1405_4_control.mp4;C:\Users\esthe\Downloads\white line 14 _\Whit_1405_5_five.mp4;C:\Users\esthe\Downloads\white line 14 _\Whit_1405_6_seven.mp4;C:\Users\esthe\Downloads\white line 14 _\Whit_1405_7_one.mp4;C:\Users\esthe\Downloads\white line 14 _\Whit_1405_8_onehalf.mp4,0.0,11.970;18.573;4.934;13.001;10.534;8.124;25.795;6.863;16.327;16.565;11.462;7.933;12.699;6.966;16.101,30.000;30.000;30.000;30.000;30.000;24.000;24.000;30.000;30.000;30.000;30.000;30.000;30.000;30.000;30.000,Whiteline,grabbing peanut,,,POINT,0.167,C:\Users\esthe\Downloads\white line 14 _\Whit_1405_10_three.mp4,5,NA,
whit_1405,2025-06-13 17:07:23.790,,187.239,Media file(s),player #1:C:\Users\esthe\Downloads\white line 14 _\Whit_1405_10_three.mp4;C:\Users\esthe\Downloads\white line 14 _\Whit_1405_11_onehalf.mp4;C:\Users\esthe\Downloads\white line 14 _\Whit_1405_12_two.mp4;C:\Users\esthe\Downloads\white line 14 _\Whit_1405_13_one.mp4;C:\Users\esthe\Downloads\white line 14 _\Whit_1405_14_one.mp4;C:\Users\esthe\Downloads\white line 14 _\Whit_1405_15_onehalf.mp4;C:\Users\esthe\Downloads\white line 14 _\Whit_1405_16_seven.mp4;C:\Users\esthe\Downloads\white line 14 _\Whit_1405_17_onehalf.mp4;C:\Users\esthe\Downloads\white line 14 _\Whit_1405_18_onehalf.mp4;C:\Users\esthe\Downloads\white line 14 _\Whit_1405_3_five.mp4;C:\Users\esthe\Downloads\white line 14 _\Whit_1405_4_control.mp4;C:\Users\esthe\Downloads\white line 14 _\Whit_1405_5_five.mp4;C:\Users\esthe\Downloads\white line 14 _\Whit_1405_6_seven.mp4;C:\Users\esthe\Downloads\white line 14 _\Whit_1405_7_one.mp4;C:\Users\esthe\Downloads\white line 14 _\Whit_1405_8_onehalf.mp4,0.0,11.970;18.573;4.934;13.001;10.534;8.124;25.795;6.863;16.327;16.565;11.462;7.933;12.699;6.966;16.101,30.000;30.000;30.000;30.000;30.000;24.000;24.000;30.000;30.000;30.000;30.000;30.000;30.000;30.000;30.000,Whiteline,lifting,,,START,0.200,C:\Users\esthe\Downloads\white line 14 _\Whit_1405_10_three.mp4,6,NA,
whit_1405,2025-06-13 17:07:23.790,,187.239,Media file(s),player #1:C:\Users\esthe\Downloads\white line 14 _\Whit_1405_10_three.mp4;C:\Users\esthe\Downloads\white line 14 _\Whit_1405_11_onehalf.mp4;C:\Users\esthe\Downloads\white line 14 _\Whit_1405_12_two.mp4;C:\Users\esthe\Downloads\white line 14 _\Whit_1405_13_one.mp4;C:\Users\esthe\Downloads\white line 14 _\Whit_1405_14_one.mp4;C:\Users\esthe\Downloads\white line 14 _\Whit_1405_15_onehalf.mp4;C:\Users\esthe\Downloads\white line 14 _\Whit_1405_16_seven.mp4;C:\Users\esthe\Downloads\white line 14 _\Whit_1405_17_onehalf.mp4;C:\Users\esthe\Downloads\white line 14 _\Whit_1405_18_onehalf.mp4;C:\Users\esthe\Downloads\white line 14 _\Whit_1405_3_five.mp4;C:\Users\esthe\Downloads\white line 14 _\Whit_1405_4_control.mp4;C:\Users\esthe\Downloads\white line 14 _\Whit_1405_5_five.mp4;C:\Users\esthe\Downloads\white line 14 _\Whit_1405_6_seven.mp4;C:\Users\esthe\Downloads\white line 14 _\Whit_1405_7_one.mp4;C:\Users\esthe\Downloads\white line 14 _\Whit_1405_8_onehalf.mp4,0.0,11.970;18.573;4.934;13.001;10.534;8.124;25.795;6.863;16.327;16.565;11.462;7.933;12.699;6.966;16.101,30.000;30.000;30.000;30.000;30.000;24.000;24.000;30.000;30.000;30.000;30.000;30.000;30.000;30.000;30.000,Whiteline,lifting,,,STOP,0.467,C:\Users\esthe\Downloads\white line 14 _\Whit_1405_10_three.mp4,14,NA,
whit_1405,2025-06-13 17:07:23.790,,187.239,Media file(s),player #1:C:\Users\esthe\Downloads\white line 14 _\Whit_1405_10_three.mp4;C:\Users\esthe\Downloads\white line 14 _\Whit_1405_11_onehalf.mp4;C:\Users\esthe\Downloads\white line 14 _\Whit_1405_12_two.mp4;C:\Users\esthe\Downloads\white line 14 _\Whit_1405_13_one.mp4;C:\Users\esthe\Downloads\white line 14 _\Whit_1405_14_one.mp4;C:\Users\esthe\Downloads\white line 14 _\Whit_1405_15_onehalf.mp4;C:\Users\esthe\Downloads\white line 14 _\Whit_1405_16_seven.mp4;C:\Users\esthe\Downloads\white line 14 _\Whit_1405_17_onehalf.mp4;C:\Users\esthe\Downloads\white line 14 _\Whit_1405_18_onehalf.mp4;C:\Users\esthe\Downloads\white line 14 _\Whit_1405_3_five.mp4;C:\Users\esthe\Downloads\white line 14 _\Whit_1405_4_control.mp4;C:\Users\esthe\Downloads\white line 14 _\Whit_1405_5_five.mp4;C:\Users\esthe\Downloads\white line 14 _\Whit_1405_6_seven.mp4;C:\Users\esthe\Downloads\white line 14 _\Whit_1405_7_one.mp4;C:\Users\esthe\Downloads\white line 14 _\Whit_1405_8_onehalf.mp4,0.0,11.970;18.573;4.934;13.001;10.534;8.124;25.795;6.863;16.327;16.565;11.462;7.933;12.699;6.966;16.101,30.000;30.000;30.000;30.000;30.000;24.000;24.000;30.000;30.000;30.000;30.000;30.000;30.000;30.000;30.000,Whiteline,assessing,,,START,1.600,C:\Users\esthe\Downloads\white line 14 _\Whit_1405_10_three.mp4,47,NA,
whit_1405,2025-06-13 17:07:23.790,,187.239,Media file(s),player #1:C:\Users\esthe\Downloads\white line 14 _\Whit_1405_10_three.mp4;C:\Users\esthe\Downloads\white line 14 _\Whit_1405_11_onehalf.mp4;C:\Users\esthe\Downloads\white line 14 _\Whit_1405_12_two.mp4;C:\Users\esthe\Downloads\white line 14 _\Whit_1405_13_one.mp4;C:\Users\esthe\Downloads\white line 14 _\Whit_1405_14_one.mp4;C:\Users\esthe\Downloads\white line 14 _\Whit_1405_15_onehalf.mp4;C:\Users\esthe\Downloads\white line 14 _\Whit_1405_16_seven.mp4;C:\Users\esthe\Downloads\white line 14 _\Whit_1405_17_onehalf.mp4;C:\Users\esthe\Downloads\white line 14 _\Whit_1405_18_onehalf.mp4;C:\Users\esthe\Downloads\white line 14 _\Whit_1405_3_five.mp4;C:\Users\esthe\Downloads\white line 14 _\Whit_1405_4_control.mp4;C:\Users\esthe\Downloads\white line 14 _\Whit_1405_5_five.mp4;C:\Users\esthe\Downloads\white line 14 _\Whit_1405_6_seven.mp4;C:\Users\esthe\Downloads\white line 14 _\Whit_1405_7_one.mp4;C:\Users\esthe\Downloads\white line 14 _\Whit_1405_8_onehalf.mp4,0.0,11.970;18.573;4.934;13.001;10.534;8.124;25.795;6.863;16.327;16.565;11.462;7.933;12.699;6.966;16.101,30.000;30.000;30.000;30.000;30.000;24.000;24.000;30.000;30.000;30.000;30.000;30.000;30.000;30.000;30.000,Whiteline,jaw movement,,,POINT,1.766,C:\Users\esthe\Downloads\white line 14 _\Whit_1405_10_three.mp4,52,NA,
whit_1405,2025-06-13 17:07:23.790,,187.239,Media file(s),player #1:C:\Users\esthe\Downloads\white line 14 _\Whit_1405_10_three.mp4;C:\Users\esthe\Downloads\white line 14 _\Whit_1405_11_onehalf.mp4;C:\Users\esthe\Downloads\white line 14 _\Whit_1405_12_two.mp4;C:\Users\esthe\Downloads\white line 14 _\Whit_1405_13_one.mp4;C:\Users\esthe\Downloads\white line 14 _\Whit_1405_14_one.mp4;C:\Users\esthe\Downloads\white line 14 _\Whit_1405_15_onehalf.mp4;C:\Users\esthe\Downloads\white line 14 _\Whit_1405_16_seven.mp4;C:\Users\esthe\Downloads\white line 14 _\Whit_1405_17_onehalf.mp4;C:\Users\esthe\Downloads\white line 14 _\Whit_1405_18_onehalf.mp4;C:\Users\esthe\Downloads\white line 14 _\Whit_1405_3_five.mp4;C:\Users\esthe\Downloads\white line 14 _\Whit_1405_4_control.mp4;C:\Users\esthe\Downloads\white line 14 _\Whit_1405_5_five.mp4;C:\Users\esthe\Downloads\white line 14 _\Whit_1405_6_seven.mp4;C:\Users\esthe\Downloads\white line 14 _\Whit_1405_7_one.mp4;C:\Users\esthe\Downloads\white line 14 _\Whit_1405_8_onehalf.mp4,0.0,11.970;18.573;4.934;13.001;10.534;8.124;25.795;6.863;16.327;16.565;11.462;7.933;12.699;6.966;16.101,30.000;30.000;30.000;30.000;30.000;24.000;24.000;30.000;30.000;30.000;30.000;30.000;30.000;30.000;30.000,Whiteline,translational jaw movement,,,POINT,1.933,C:\Users\esthe\Downloads\white line 14 _\Whit_1405_10_three.mp4,57,NA,
whit_1405,2025-06-13 17:07:23.790,,187.239,Media file(s),player #1:C:\Users\esthe\Downloads\white line 14 _\Whit_1405_10_three.mp4;C:\Users\esthe\Downloads\white line 14 _\Whit_1405_11_onehalf.mp4;C:\Users\esthe\Downloads\white line 14 _\Whit_1405_12_two.mp4;C:\Users\esthe\Downloads\white line 14 _\Whit_1405_13_one.mp4;C:\Users\esthe\Downloads\white line 14 _\Whit_1405_14_one.mp4;C:\Users\esthe\Downloads\white line 14 _\Whit_1405_15_onehalf.mp4;C:\Users\esthe\Downloads\white line 14 _\Whit_1405_16_seven.mp4;C:\Users\esthe\Downloads\white line 14 _\Whit_1405_17_onehalf.mp4;C:\Users\esthe\Downloads\white line 14 _\Whit_1405_18_onehalf.mp4;C:\Users\esthe\Downloads\white line 14 _\Whit_1405_3_five.mp4;C:\Users\esthe\Downloads\white line 14 _\Whit_1405_4_control.mp4;C:\Users\esthe\Downloads\white line 14 _\Whit_1405_5_five.mp4;C:\Users\esthe\Downloads\white line 14 _\Whit_1405_6_seven.mp4;C:\Users\esthe\Downloads\white line 14 _\Whit_1405_7_one.mp4;C:\Users\esthe\Downloads\white line 14 _\Whit_1405_8_onehalf.mp4,0.0,11.970;18.573;4.934;13.001;10.534;8.124;25.795;6.863;16.327;16.565;11.462;7.933;12.699;6.966;16.101,30.000;30.000;30.000;30.000;30.000;24.000;24.000;30.000;30.000;30.000;30.000;30.000;30.000;30.000;30.000,Whiteline,jaw movement,,,POINT,2.433,C:\Users\esthe\Downloads\white line 14 _\Whit_1405_10_three.mp4,72,NA,
whit_1405,2025-06-13 17:07:23.790,,187.239,Media file(s),player #1:C:\Users\esthe\Downloads\white line 14 _\Whit_1405_10_three.mp4;C:\Users\esthe\Downloads\white line 14 _\Whit_1405_11_onehalf.mp4;C:\Users\esthe\Downloads\white line 14 _\Whit_1405_12_two.mp4;C:\Users\esthe\Downloads\white line 14 _\Whit_1405_13_one.mp4;C:\Users\esthe\Downloads\white line 14 _\Whit_1405_14_one.mp4;C:\Users\esthe\Downloads\white line 14 _\Whit_1405_15_onehalf.mp4;C:\Users\esthe\Downloads\white line 14 _\Whit_1405_16_seven.mp4;C:\Users\esthe\Downloads\white line 14 _\Whit_1405_17_onehalf.mp4;C:\Users\esthe\Downloads\white line 14 _\Whit_1405_18_onehalf.mp4;C:\Users\esthe\Downloads\white line 14 _\Whit_1405_3_five.mp4;C:\Users\esthe\Downloads\white line 14 _\Whit_1405_4_control.mp4;C:\Users\esthe\Downloads\white line 14 _\Whit_1405_5_five.mp4;C:\Users\esthe\Downloads\white line 14 _\Whit_1405_6_seven.mp4;C:\Users\esthe\Downloads\white line 14 _\Whit_1405_7_one.mp4;C:\Users\esthe\Downloads\white line 14 _\Whit_1405_8_onehalf.mp4,0.0,11.970;18.573;4.934;13.001;10.534;8.124;25.795;6.863;16.327;16.565;11.462;7.933;12.699;6.966;16.101,30.000;30.000;30.000;30.000;30.000;24.000;24.000;30.000;30.000;30.000;30.000;30.000;30.000;30.000;30.000,Whiteline,assessing,,,STOP,2.833,C:\Users\esthe\Downloads\white line 14 _\Whit_1405_10_three.mp4,84,NA,
whit_1405,2025-06-13 17:07:23.790,,187.239,Media file(s),player #1:C:\Users\esthe\Downloads\white line 14 _\Whit_1405_10_three.mp4;C:\Users\esthe\Downloads\white line 14 _\Whit_1405_11_onehalf.mp4;C:\Users\esthe\Downloads\white line 14 _\Whit_1405_12_two.mp4;C:\Users\esthe\Downloads\white line 14 _\Whit_1405_13_one.mp4;C:\Users\esthe\Downloads\white line 14 _\Whit_1405_14_one.mp4;C:\Users\esthe\Downloads\white line 14 _\Whit_1405_15_onehalf.mp4;C:\Users\esthe\Downloads\white line 14 _\Whit_1405_16_seven.mp4;C:\Users\esthe\Downloads\white line 14 _\Whit_1405_17_onehalf.mp4;C:\Users\esthe\Downloads\white line 14 _\Whit_1405_18_onehalf.mp4;C:\Users\esthe\Downloads\white line 14 _\Whit_1405_3_five.mp4;C:\Users\esthe\Downloads\white line 14 _\Whit_1405_4_control.mp4;C:\Users\esthe\Downloads\white line 14 _\Whit_1405_5_five.mp4;C:\Users\esthe\Downloads\white line 14 _\Whit_1405_6_seven.mp4;C:\Users\esthe\Downloads\white line 14 _\Whit_1405_7_one.mp4;C:\Users\esthe\Downloads\white line 14 _\Whit_1405_8_onehalf.mp4,0.0,11.970;18.573;4.934;13.001;10.534;8.124;25.795;6.863;16.327;16.565;11.462;7.933;12.699;6.966;16.101,30.000;30.000;30.000;30.000;30.000;24.000;24.000;30.000;30.000;30.000;30.000;30.000;30.000;30.000;30.000,Whiteline,mouth,,,POINT,2.833,C:\Users\esthe\Downloads\white line 14 _\Whit_1405_10_three.mp4,84,NA,
whit_1405,2025-06-13 17:07:23.790,,187.239,Media file(s),player #1:C:\Users\esthe\Downloads\white line 14 _\Whit_1405_10_three.mp4;C:\Users\esthe\Downloads\white line 14 _\Whit_1405_11_onehalf.mp4;C:\Users\esthe\Downloads\white line 14 _\Whit_1405_12_two.mp4;C:\Users\esthe\Downloads\white line 14 _\Whit_1405_13_one.mp4;C:\Users\esthe\Downloads\white line 14 _\Whit_1405_14_one.mp4;C:\Users\esthe\Downloads\white line 14 _\Whit_1405_15_onehalf.mp4;C:\Users\esthe\Downloads\white line 14 _\Whit_1405_16_seven.mp4;C:\Users\esthe\Downloads\white line 14 _\Whit_1405_17_onehalf.mp4;C:\Users\esthe\Downloads\white line 14 _\Whit_1405_18_onehalf.mp4;C:\Users\esthe\Downloads\white line 14 _\Whit_1405_3_five.mp4;C:\Users\esthe\Downloads\white line 14 _\Whit_1405_4_control.mp4;C:\Users\esthe\Downloads\white line 14 _\Whit_1405_5_five.mp4;C:\Users\esthe\Downloads\white line 14 _\Whit_1405_6_seven.mp4;C:\Users\esthe\Downloads\white line 14 _\Whit_1405_7_one.mp4;C:\Users\esthe\Downloads\white line 14 _\Whit_1405_8_onehalf.mp4,0.0,11.970;18.573;4.934;13.001;10.534;8.124;25.795;6.863;16.327;16.565;11.462;7.933;12.699;6.966;16.101,30.000;30.000;30.000;30.000;30.000;24.000;24.000;30.000;30.000;30.000;30.000;30.000;30.000;30.000;30.000,Whiteline,pause,,,START,3.000,C:\Users\esthe\Downloads\white line 14 _\Whit_1405_10_three.mp4,88,NA,
whit_1405,2025-06-13 17:07:23.790,,187.239,Media file(s),player #1:C:\Users\esthe\Downloads\white line 14 _\Whit_1405_10_three.mp4;C:\Users\esthe\Downloads\white line 14 _\Whit_1405_11_onehalf.mp4;C:\Users\esthe\Downloads\white line 14 _\Whit_1405_12_two.mp4;C:\Users\esthe\Downloads\white line 14 _\Whit_1405_13_one.mp4;C:\Users\esthe\Downloads\white line 14 _\Whit_1405_14_one.mp4;C:\Users\esthe\Downloads\white line 14 _\Whit_1405_15_onehalf.mp4;C:\Users\esthe\Downloads\white line 14 _\Whit_1405_16_seven.mp4;C:\Users\esthe\Downloads\white line 14 _\Whit_1405_17_onehalf.mp4;C:\Users\esthe\Downloads\white line 14 _\Whit_1405_18_onehalf.mp4;C:\Users\esthe\Downloads\white line 14 _\Whit_1405_3_five.mp4;C:\Users\esthe\Downloads\white line 14 _\Whit_1405_4_control.mp4;C:\Users\esthe\Downloads\white line 14 _\Whit_1405_5_five.mp4;C:\Users\esthe\Downloads\white line 14 _\Whit_1405_6_seven.mp4;C:\Users\esthe\Downloads\white line 14 _\Whit_1405_7_one.mp4;C:\Users\esthe\Downloads\white line 14 _\Whit_1405_8_onehalf.mp4,0.0,11.970;18.573;4.934;13.001;10.534;8.124;25.795;6.863;16.327;16.565;11.462;7.933;12.699;6.966;16.101,30.000;30.000;30.000;30.000;30.000;24.000;24.000;30.000;30.000;30.000;30.000;30.000;30.000;30.000;30.000,Whiteline,pause,,,STOP,6.801,C:\Users\esthe\Downloads\white line 14 _\Whit_1405_10_three.mp4,200,NA,
whit_1405,2025-06-13 17:07:23.790,,187.239,Media file(s),player #1:C:\Users\esthe\Downloads\white line 14 _\Whit_1405_10_three.mp4;C:\Users\esthe\Downloads\white line 14 _\Whit_1405_11_onehalf.mp4;C:\Users\esthe\Downloads\white line 14 _\Whit_1405_12_two.mp4;C:\Users\esthe\Downloads\white line 14 _\Whit_1405_13_one.mp4;C:\Users\esthe\Downloads\white line 14 _\Whit_1405_14_one.mp4;C:\Users\esthe\Downloads\white line 14 _\Whit_1405_15_onehalf.mp4;C:\Users\esthe\Downloads\white line 14 _\Whit_1405_16_seven.mp4;C:\Users\esthe\Downloads\white line 14 _\Whit_1405_17_onehalf.mp4;C:\Users\esthe\Downloads\white line 14 _\Whit_1405_18_onehalf.mp4;C:\Users\esthe\Downloads\white line 14 _\Whit_1405_3_five.mp4;C:\Users\esthe\Downloads\white line 14 _\Whit_1405_4_control.mp4;C:\Users\esthe\Downloads\white line 14 _\Whit_1405_5_five.mp4;C:\Users\esthe\Downloads\white line 14 _\Whit_1405_6_seven.mp4;C:\Users\esthe\Downloads\white line 14 _\Whit_1405_7_one.mp4;C:\Users\esthe\Downloads\white line 14 _\Whit_1405_8_onehalf.mp4,0.0,11.970;18.573;4.934;13.001;10.534;8.124;25.795;6.863;16.327;16.565;11.462;7.933;12.699;6.966;16.101,30.000;30.000;30.000;30.000;30.000;24.000;24.000;30.000;30.000;30.000;30.000;30.000;30.000;30.000;30.000,Whiteline,assessing,,,START,6.901,C:\Users\esthe\Downloads\white line 14 _\Whit_1405_10_three.mp4,203,NA,
whit_1405,2025-06-13 17:07:23.790,,187.239,Media file(s),player #1:C:\Users\esthe\Downloads\white line 14 _\Whit_1405_10_three.mp4;C:\Users\esthe\Downloads\white line 14 _\Whit_1405_11_onehalf.mp4;C:\Users\esthe\Downloads\white line 14 _\Whit_1405_12_two.mp4;C:\Users\esthe\Downloads\white line 14 _\Whit_1405_13_one.mp4;C:\Users\esthe\Downloads\white line 14 _\Whit_1405_14_one.mp4;C:\Users\esthe\Downloads\white line 14 _\Whit_1405_15_onehalf.mp4;C:\Users\esthe\Downloads\white line 14 _\Whit_1405_16_seven.mp4;C:\Users\esthe\Downloads\white line 14 _\Whit_1405_17_onehalf.mp4;C:\Users\esthe\Downloads\white line 14 _\Whit_1405_18_onehalf.mp4;C:\Users\esthe\Downloads\white line 14 _\Whit_1405_3_five.mp4;C:\Users\esthe\Downloads\white line 14 _\Whit_1405_4_control.mp4;C:\Users\esthe\Downloads\white line 14 _\Whit_1405_5_five.mp4;C:\Users\esthe\Downloads\white line 14 _\Whit_1405_6_seven.mp4;C:\Users\esthe\Downloads\white line 14 _\Whit_1405_7_one.mp4;C:\Users\esthe\Downloads\white line 14 _\Whit_1405_8_onehalf.mp4,0.0,11.970;18.573;4.934;13.001;10.534;8.124;25.795;6.863;16.327;16.565;11.462;7.933;12.699;6.966;16.101,30.000;30.000;30.000;30.000;30.000;24.000;24.000;30.000;30.000;30.000;30.000;30.000;30.000;30.000;30.000,Whiteline,jaw movement,,,POINT,7.001,C:\Users\esthe\Downloads\white line 14 _\Whit_1405_10_three.mp4,206,NA,
whit_1405,2025-06-13 17:07:23.790,,187.239,Media file(s),player #1:C:\Users\esthe\Downloads\white line 14 _\Whit_1405_10_three.mp4;C:\Users\esthe\Downloads\white line 14 _\Whit_1405_11_onehalf.mp4;C:\Users\esthe\Downloads\white line 14 _\Whit_1405_12_two.mp4;C:\Users\esthe\Downloads\white line 14 _\Whit_1405_13_one.mp4;C:\Users\esthe\Downloads\white line 14 _\Whit_1405_14_one.mp4;C:\Users\esthe\Downloads\white line 14 _\Whit_1405_15_onehalf.mp4;C:\Users\esthe\Downloads\white line 14 _\Whit_1405_16_seven.mp4;C:\Users\esthe\Downloads\white line 14 _\Whit_1405_17_onehalf.mp4;C:\Users\esthe\Downloads\white line 14 _\Whit_1405_18_onehalf.mp4;C:\Users\esthe\Downloads\white line 14 _\Whit_1405_3_five.mp4;C:\Users\esthe\Downloads\white line 14 _\Whit_1405_4_control.mp4;C:\Users\esthe\Downloads\white line 14 _\Whit_1405_5_five.mp4;C:\Users\esthe\Downloads\white line 14 _\Whit_1405_6_seven.mp4;C:\Users\esthe\Downloads\white line 14 _\Whit_1405_7_one.mp4;C:\Users\esthe\Downloads\white line 14 _\Whit_1405_8_onehalf.mp4,0.0,11.970;18.573;4.934;13.001;10.534;8.124;25.795;6.863;16.327;16.565;11.462;7.933;12.699;6.966;16.101,30.000;30.000;30.000;30.000;30.000;24.000;24.000;30.000;30.000;30.000;30.000;30.000;30.000;30.000;30.000,Whiteline,rotation,,Horizontal,START,7.135,C:\Users\esthe\Downloads\white line 14 _\Whit_1405_10_three.mp4,210,NA,
whit_1405,2025-06-13 17:07:23.790,,187.239,Media file(s),player #1:C:\Users\esthe\Downloads\white line 14 _\Whit_1405_10_three.mp4;C:\Users\esthe\Downloads\white line 14 _\Whit_1405_11_onehalf.mp4;C:\Users\esthe\Downloads\white line 14 _\Whit_1405_12_two.mp4;C:\Users\esthe\Downloads\white line 14 _\Whit_1405_13_one.mp4;C:\Users\esthe\Downloads\white line 14 _\Whit_1405_14_one.mp4;C:\Users\esthe\Downloads\white line 14 _\Whit_1405_15_onehalf.mp4;C:\Users\esthe\Downloads\white line 14 _\Whit_1405_16_seven.mp4;C:\Users\esthe\Downloads\white line 14 _\Whit_1405_17_onehalf.mp4;C:\Users\esthe\Downloads\white line 14 _\Whit_1405_18_onehalf.mp4;C:\Users\esthe\Downloads\white line 14 _\Whit_1405_3_five.mp4;C:\Users\esthe\Downloads\white line 14 _\Whit_1405_4_control.mp4;C:\Users\esthe\Downloads\white line 14 _\Whit_1405_5_five.mp4;C:\Users\esthe\Downloads\white line 14 _\Whit_1405_6_seven.mp4;C:\Users\esthe\Downloads\white line 14 _\Whit_1405_7_one.mp4;C:\Users\esthe\Downloads\white line 14 _\Whit_1405_8_onehalf.mp4,0.0,11.970;18.573;4.934;13.001;10.534;8.124;25.795;6.863;16.327;16.565;11.462;7.933;12.699;6.966;16.101,30.000;30.000;30.000;30.000;30.000;24.000;24.000;30.000;30.000;30.000;30.000;30.000;30.000;30.000;30.000,Whiteline,sniffing,,,POINT,7.501,C:\Users\esthe\Downloads\white line 14 _\Whit_1405_10_three.mp4,221,NA,
whit_1405,2025-06-13 17:07:23.790,,187.239,Media file(s),player #1:C:\Users\esthe\Downloads\white line 14 _\Whit_1405_10_three.mp4;C:\Users\esthe\Downloads\white line 14 _\Whit_1405_11_onehalf.mp4;C:\Users\esthe\Downloads\white line 14 _\Whit_1405_12_two.mp4;C:\Users\esthe\Downloads\white line 14 _\Whit_1405_13_one.mp4;C:\Users\esthe\Downloads\white line 14 _\Whit_1405_14_one.mp4;C:\Users\esthe\Downloads\white line 14 _\Whit_1405_15_onehalf.mp4;C:\Users\esthe\Downloads\white line 14 _\Whit_1405_16_seven.mp4;C:\Users\esthe\Downloads\white line 14 _\Whit_1405_17_onehalf.mp4;C:\Users\esthe\Downloads\white line 14 _\Whit_1405_18_onehalf.mp4;C:\Users\esthe\Downloads\white line 14 _\Whit_1405_3_five.mp4;C:\Users\esthe\Downloads\white line 14 _\Whit_1405_4_control.mp4;C:\Users\esthe\Downloads\white line 14 _\Whit_1405_5_five.mp4;C:\Users\esthe\Downloads\white line 14 _\Whit_1405_6_seven.mp4;C:\Users\esthe\Downloads\white line 14 _\Whit_1405_7_one.mp4;C:\Users\esthe\Downloads\white line 14 _\Whit_1405_8_onehalf.mp4,0.0,11.970;18.573;4.934;13.001;10.534;8.124;25.795;6.863;16.327;16.565;11.462;7.933;12.699;6.966;16.101,30.000;30.000;30.000;30.000;30.000;24.000;24.000;30.000;30.000;30.000;30.000;30.000;30.000;30.000;30.000,Whiteline,licking,,,POINT,7.902,C:\Users\esthe\Downloads\white line 14 _\Whit_1405_10_three.mp4,233,NA,
whit_1405,2025-06-13 17:07:23.790,,187.239,Media file(s),player #1:C:\Users\esthe\Downloads\white line 14 _\Whit_1405_10_three.mp4;C:\Users\esthe\Downloads\white line 14 _\Whit_1405_11_onehalf.mp4;C:\Users\esthe\Downloads\white line 14 _\Whit_1405_12_two.mp4;C:\Users\esthe\Downloads\white line 14 _\Whit_1405_13_one.mp4;C:\Users\esthe\Downloads\white line 14 _\Whit_1405_14_one.mp4;C:\Users\esthe\Downloads\white line 14 _\Whit_1405_15_onehalf.mp4;C:\Users\esthe\Downloads\white line 14 _\Whit_1405_16_seven.mp4;C:\Users\esthe\Downloads\white line 14 _\Whit_1405_17_onehalf.mp4;C:\Users\esthe\Downloads\white line 14 _\Whit_1405_18_onehalf.mp4;C:\Users\esthe\Downloads\white line 14 _\Whit_1405_3_five.mp4;C:\Users\esthe\Downloads\white line 14 _\Whit_1405_4_control.mp4;C:\Users\esthe\Downloads\white line 14 _\Whit_1405_5_five.mp4;C:\Users\esthe\Downloads\white line 14 _\Whit_1405_6_seven.mp4;C:\Users\esthe\Downloads\white line 14 _\Whit_1405_7_one.mp4;C:\Users\esthe\Downloads\white line 14 _\Whit_1405_8_onehalf.mp4,0.0,11.970;18.573;4.934;13.001;10.534;8.124;25.795;6.863;16.327;16.565;11.462;7.933;12.699;6.966;16.101,30.000;30.000;30.000;30.000;30.000;24.000;24.000;30.000;30.000;30.000;30.000;30.000;30.000;30.000;30.000,Whiteline,ear clapping,,,POINT,8.435,C:\Users\esthe\Downloads\white line 14 _\Whit_1405_10_three.mp4,249,NA,
whit_1405,2025-06-13 17:07:23.790,,187.239,Media file(s),player #1:C:\Users\esthe\Downloads\white line 14 _\Whit_1405_10_three.mp4;C:\Users\esthe\Downloads\white line 14 _\Whit_1405_11_onehalf.mp4;C:\Users\esthe\Downloads\white line 14 _\Whit_1405_12_two.mp4;C:\Users\esthe\Downloads\white line 14 _\Whit_1405_13_one.mp4;C:\Users\esthe\Downloads\white line 14 _\Whit_1405_14_one.mp4;C:\Users\esthe\Downloads\white line 14 _\Whit_1405_15_onehalf.mp4;C:\Users\esthe\Downloads\white line 14 _\Whit_1405_16_seven.mp4;C:\Users\esthe\Downloads\white line 14 _\Whit_1405_17_onehalf.mp4;C:\Users\esthe\Downloads\white line 14 _\Whit_1405_18_onehalf.mp4;C:\Users\esthe\Downloads\white line 14 _\Whit_1405_3_five.mp4;C:\Users\esthe\Downloads\white line 14 _\Whit_1405_4_control.mp4;C:\Users\esthe\Downloads\white line 14 _\Whit_1405_5_five.mp4;C:\Users\esthe\Downloads\white line 14 _\Whit_1405_6_seven.mp4;C:\Users\esthe\Downloads\white line 14 _\Whit_1405_7_one.mp4;C:\Users\esthe\Downloads\white line 14 _\Whit_1405_8_onehalf.mp4,0.0,11.970;18.573;4.934;13.001;10.534;8.124;25.795;6.863;16.327;16.565;11.462;7.933;12.699;6.966;16.101,30.000;30.000;30.000;30.000;30.000;24.000;24.000;30.000;30.000;30.000;30.000;30.000;30.000;30.000;30.000,Whiteline,licking,,,POINT,8.635,C:\Users\esthe\Downloads\white line 14 _\Whit_1405_10_three.mp4,255,NA,
whit_1405,2025-06-13 17:07:23.790,,187.239,Media file(s),player #1:C:\Users\esthe\Downloads\white line 14 _\Whit_1405_10_three.mp4;C:\Users\esthe\Downloads\white line 14 _\Whit_1405_11_onehalf.mp4;C:\Users\esthe\Downloads\white line 14 _\Whit_1405_12_two.mp4;C:\Users\esthe\Downloads\white line 14 _\Whit_1405_13_one.mp4;C:\Users\esthe\Downloads\white line 14 _\Whit_1405_14_one.mp4;C:\Users\esthe\Downloads\white line 14 _\Whit_1405_15_onehalf.mp4;C:\Users\esthe\Downloads\white line 14 _\Whit_1405_16_seven.mp4;C:\Users\esthe\Downloads\white line 14 _\Whit_1405_17_onehalf.mp4;C:\Users\esthe\Downloads\white line 14 _\Whit_1405_18_onehalf.mp4;C:\Users\esthe\Downloads\white line 14 _\Whit_1405_3_five.mp4;C:\Users\esthe\Downloads\white line 14 _\Whit_1405_4_control.mp4;C:\Users\esthe\Downloads\white line 14 _\Whit_1405_5_five.mp4;C:\Users\esthe\Downloads\white line 14 _\Whit_1405_6_seven.mp4;C:\Users\esthe\Downloads\white line 14 _\Whit_1405_7_one.mp4;C:\Users\esthe\Downloads\white line 14 _\Whit_1405_8_onehalf.mp4,0.0,11.970;18.573;4.934;13.001;10.534;8.124;25.795;6.863;16.327;16.565;11.462;7.933;12.699;6.966;16.101,30.000;30.000;30.000;30.000;30.000;24.000;24.000;30.000;30.000;30.000;30.000;30.000;30.000;30.000;30.000,Whiteline,ear clapping,,,POINT,9.069,C:\Users\esthe\Downloads\white line 14 _\Whit_1405_10_three.mp4,267,NA,
whit_1405,2025-06-13 17:07:23.790,,187.239,Media file(s),player #1:C:\Users\esthe\Downloads\white line 14 _\Whit_1405_10_three.mp4;C:\Users\esthe\Downloads\white line 14 _\Whit_1405_11_onehalf.mp4;C:\Users\esthe\Downloads\white line 14 _\Whit_1405_12_two.mp4;C:\Users\esthe\Downloads\white line 14 _\Whit_1405_13_one.mp4;C:\Users\esthe\Downloads\white line 14 _\Whit_1405_14_one.mp4;C:\Users\esthe\Downloads\white line 14 _\Whit_1405_15_onehalf.mp4;C:\Users\esthe\Downloads\white line 14 _\Whit_1405_16_seven.mp4;C:\Users\esthe\Downloads\white line 14 _\Whit_1405_17_onehalf.mp4;C:\Users\esthe\Downloads\white line 14 _\Whit_1405_18_onehalf.mp4;C:\Users\esthe\Downloads\white line 14 _\Whit_1405_3_five.mp4;C:\Users\esthe\Downloads\white line 14 _\Whit_1405_4_control.mp4;C:\Users\esthe\Downloads\white line 14 _\Whit_1405_5_five.mp4;C:\Users\esthe\Downloads\white line 14 _\Whit_1405_6_seven.mp4;C:\Users\esthe\Downloads\white line 14 _\Whit_1405_7_one.mp4;C:\Users\esthe\Downloads\white line 14 _\Whit_1405_8_onehalf.mp4,0.0,11.970;18.573;4.934;13.001;10.534;8.124;25.795;6.863;16.327;16.565;11.462;7.933;12.699;6.966;16.101,30.000;30.000;30.000;30.000;30.000;24.000;24.000;30.000;30.000;30.000;30.000;30.000;30.000;30.000;30.000,Whiteline,licking,,,POINT,9.069,C:\Users\esthe\Downloads\white line 14 _\Whit_1405_10_three.mp4,267,NA,
whit_1405,2025-06-13 17:07:23.790,,187.239,Media file(s),player #1:C:\Users\esthe\Downloads\white line 14 _\Whit_1405_10_three.mp4;C:\Users\esthe\Downloads\white line 14 _\Whit_1405_11_onehalf.mp4;C:\Users\esthe\Downloads\white line 14 _\Whit_1405_12_two.mp4;C:\Users\esthe\Downloads\white line 14 _\Whit_1405_13_one.mp4;C:\Users\esthe\Downloads\white line 14 _\Whit_1405_14_one.mp4;C:\Users\esthe\Downloads\white line 14 _\Whit_1405_15_onehalf.mp4;C:\Users\esthe\Downloads\white line 14 _\Whit_1405_16_seven.mp4;C:\Users\esthe\Downloads\white line 14 _\Whit_1405_17_onehalf.mp4;C:\Users\esthe\Downloads\white line 14 _\Whit_1405_18_onehalf.mp4;C:\Users\esthe\Downloads\white line 14 _\Whit_1405_3_five.mp4;C:\Users\esthe\Downloads\white line 14 _\Whit_1405_4_control.mp4;C:\Users\esthe\Downloads\white line 14 _\Whit_1405_5_five.mp4;C:\Users\esthe\Downloads\white line 14 _\Whit_1405_6_seven.mp4;C:\Users\esthe\Downloads\white line 14 _\Whit_1405_7_one.mp4;C:\Users\esthe\Downloads\white line 14 _\Whit_1405_8_onehalf.mp4,0.0,11.970;18.573;4.934;13.001;10.534;8.124;25.795;6.863;16.327;16.565;11.462;7.933;12.699;6.966;16.101,30.000;30.000;30.000;30.000;30.000;24.000;24.000;30.000;30.000;30.000;30.000;30.000;30.000;30.000;30.000,Whiteline,rotation,,Horizontal,STOP,9.069,C:\Users\esthe\Downloads\white line 14 _\Whit_1405_10_three.mp4,267,NA,
whit_1405,2025-06-13 17:07:23.790,,187.239,Media file(s),player #1:C:\Users\esthe\Downloads\white line 14 _\Whit_1405_10_three.mp4;C:\Users\esthe\Downloads\white line 14 _\Whit_1405_11_onehalf.mp4;C:\Users\esthe\Downloads\white line 14 _\Whit_1405_12_two.mp4;C:\Users\esthe\Downloads\white line 14 _\Whit_1405_13_one.mp4;C:\Users\esthe\Downloads\white line 14 _\Whit_1405_14_one.mp4;C:\Users\esthe\Downloads\white line 14 _\Whit_1405_15_onehalf.mp4;C:\Users\esthe\Downloads\white line 14 _\Whit_1405_16_seven.mp4;C:\Users\esthe\Downloads\white line 14 _\Whit_1405_17_onehalf.mp4;C:\Users\esthe\Downloads\white line 14 _\Whit_1405_18_onehalf.mp4;C:\Users\esthe\Downloads\white line 14 _\Whit_1405_3_five.mp4;C:\Users\esthe\Downloads\white line 14 _\Whit_1405_4_control.mp4;C:\Users\esthe\Downloads\white line 14 _\Whit_1405_5_five.mp4;C:\Users\esthe\Downloads\white line 14 _\Whit_1405_6_seven.mp4;C:\Users\esthe\Downloads\white line 14 _\Whit_1405_7_one.mp4;C:\Users\esthe\Downloads\white line 14 _\Whit_1405_8_onehalf.mp4,0.0,11.970;18.573;4.934;13.001;10.534;8.124;25.795;6.863;16.327;16.565;11.462;7.933;12.699;6.966;16.101,30.000;30.000;30.000;30.000;30.000;24.000;24.000;30.000;30.000;30.000;30.000;30.000;30.000;30.000;30.000,Whiteline,assessing,,,STOP,9.169,C:\Users\esthe\Downloads\white line 14 _\Whit_1405_10_three.mp4,270,NA,
whit_1405,2025-06-13 17:07:23.790,,187.239,Media file(s),player #1:C:\Users\esthe\Downloads\white line 14 _\Whit_1405_10_three.mp4;C:\Users\esthe\Downloads\white line 14 _\Whit_1405_11_onehalf.mp4;C:\Users\esthe\Downloads\white line 14 _\Whit_1405_12_two.mp4;C:\Users\esthe\Downloads\white line 14 _\Whit_1405_13_one.mp4;C:\Users\esthe\Downloads\white line 14 _\Whit_1405_14_one.mp4;C:\Users\esthe\Downloads\white line 14 _\Whit_1405_15_onehalf.mp4;C:\Users\esthe\Downloads\white line 14 _\Whit_1405_16_seven.mp4;C:\Users\esthe\Downloads\white line 14 _\Whit_1405_17_onehalf.mp4;C:\Users\esthe\Downloads\white line 14 _\Whit_1405_18_onehalf.mp4;C:\Users\esthe\Downloads\white line 14 _\Whit_1405_3_five.mp4;C:\Users\esthe\Downloads\white line 14 _\Whit_1405_4_control.mp4;C:\Users\esthe\Downloads\white line 14 _\Whit_1405_5_five.mp4;C:\Users\esthe\Downloads\white line 14 _\Whit_1405_6_seven.mp4;C:\Users\esthe\Downloads\white line 14 _\Whit_1405_7_one.mp4;C:\Users\esthe\Downloads\white line 14 _\Whit_1405_8_onehalf.mp4,0.0,11.970;18.573;4.934;13.001;10.534;8.124;25.795;6.863;16.327;16.565;11.462;7.933;12.699;6.966;16.101,30.000;30.000;30.000;30.000;30.000;24.000;24.000;30.000;30.000;30.000;30.000;30.000;30.000;30.000;30.000,Whiteline,jaw movement,,,POINT,9.202,C:\Users\esthe\Downloads\white line 14 _\Whit_1405_10_three.mp4,271,NA,
whit_1405,2025-06-13 17:07:23.790,,187.239,Media file(s),player #1:C:\Users\esthe\Downloads\white line 14 _\Whit_1405_10_three.mp4;C:\Users\esthe\Downloads\white line 14 _\Whit_1405_11_onehalf.mp4;C:\Users\esthe\Downloads\white line 14 _\Whit_1405_12_two.mp4;C:\Users\esthe\Downloads\white line 14 _\Whit_1405_13_one.mp4;C:\Users\esthe\Downloads\white line 14 _\Whit_1405_14_one.mp4;C:\Users\esthe\Downloads\white line 14 _\Whit_1405_15_onehalf.mp4;C:\Users\esthe\Downloads\white line 14 _\Whit_1405_16_seven.mp4;C:\Users\esthe\Downloads\white line 14 _\Whit_1405_17_onehalf.mp4;C:\Users\esthe\Downloads\white line 14 _\Whit_1405_18_onehalf.mp4;C:\Users\esthe\Downloads\white line 14 _\Whit_1405_3_five.mp4;C:\Users\esthe\Downloads\white line 14 _\Whit_1405_4_control.mp4;C:\Users\esthe\Downloads\white line 14 _\Whit_1405_5_five.mp4;C:\Users\esthe\Downloads\white line 14 _\Whit_1405_6_seven.mp4;C:\Users\esthe\Downloads\white line 14 _\Whit_1405_7_one.mp4;C:\Users\esthe\Downloads\white line 14 _\Whit_1405_8_onehalf.mp4,0.0,11.970;18.573;4.934;13.001;10.534;8.124;25.795;6.863;16.327;16.565;11.462;7.933;12.699;6.966;16.101,30.000;30.000;30.000;30.000;30.000;24.000;24.000;30.000;30.000;30.000;30.000;30.000;30.000;30.000;30.000,Whiteline,peeling,,,START,9.202,C:\Users\esthe\Downloads\white line 14 _\Whit_1405_10_three.mp4,271,NA,
whit_1405,2025-06-13 17:07:23.790,,187.239,Media file(s),player #1:C:\Users\esthe\Downloads\white line 14 _\Whit_1405_10_three.mp4;C:\Users\esthe\Downloads\white line 14 _\Whit_1405_11_onehalf.mp4;C:\Users\esthe\Downloads\white line 14 _\Whit_1405_12_two.mp4;C:\Users\esthe\Downloads\white line 14 _\Whit_1405_13_one.mp4;C:\Users\esthe\Downloads\white line 14 _\Whit_1405_14_one.mp4;C:\Users\esthe\Downloads\white line 14 _\Whit_1405_15_onehalf.mp4;C:\Users\esthe\Downloads\white line 14 _\Whit_1405_16_seven.mp4;C:\Users\esthe\Downloads\white line 14 _\Whit_1405_17_onehalf.mp4;C:\Users\esthe\Downloads\white line 14 _\Whit_1405_18_onehalf.mp4;C:\Users\esthe\Downloads\white line 14 _\Whit_1405_3_five.mp4;C:\Users\esthe\Downloads\white line 14 _\Whit_1405_4_control.mp4;C:\Users\esthe\Downloads\white line 14 _\Whit_1405_5_five.mp4;C:\Users\esthe\Downloads\white line 14 _\Whit_1405_6_seven.mp4;C:\Users\esthe\Downloads\white line 14 _\Whit_1405_7_one.mp4;C:\Users\esthe\Downloads\white line 14 _\Whit_1405_8_onehalf.mp4,0.0,11.970;18.573;4.934;13.001;10.534;8.124;25.795;6.863;16.327;16.565;11.462;7.933;12.699;6.966;16.101,30.000;30.000;30.000;30.000;30.000;24.000;24.000;30.000;30.000;30.000;30.000;30.000;30.000;30.000;30.000,Whiteline,jaw movement,,,POINT,9.836,C:\Users\esthe\Downloads\white line 14 _\Whit_1405_10_three.mp4,290,NA,
whit_1405,2025-06-13 17:07:23.790,,187.239,Media file(s),player #1:C:\Users\esthe\Downloads\white line 14 _\Whit_1405_10_three.mp4;C:\Users\esthe\Downloads\white line 14 _\Whit_1405_11_onehalf.mp4;C:\Users\esthe\Downloads\white line 14 _\Whit_1405_12_two.mp4;C:\Users\esthe\Downloads\white line 14 _\Whit_1405_13_one.mp4;C:\Users\esthe\Downloads\white line 14 _\Whit_1405_14_one.mp4;C:\Users\esthe\Downloads\white line 14 _\Whit_1405_15_onehalf.mp4;C:\Users\esthe\Downloads\white line 14 _\Whit_1405_16_seven.mp4;C:\Users\esthe\Downloads\white line 14 _\Whit_1405_17_onehalf.mp4;C:\Users\esthe\Downloads\white line 14 _\Whit_1405_18_onehalf.mp4;C:\Users\esthe\Downloads\white line 14 _\Whit_1405_3_five.mp4;C:\Users\esthe\Downloads\white line 14 _\Whit_1405_4_control.mp4;C:\Users\esthe\Downloads\white line 14 _\Whit_1405_5_five.mp4;C:\Users\esthe\Downloads\white line 14 _\Whit_1405_6_seven.mp4;C:\Users\esthe\Downloads\white line 14 _\Whit_1405_7_one.mp4;C:\Users\esthe\Downloads\white line 14 _\Whit_1405_8_onehalf.mp4,0.0,11.970;18.573;4.934;13.001;10.534;8.124;25.795;6.863;16.327;16.565;11.462;7.933;12.699;6.966;16.101,30.000;30.000;30.000;30.000;30.000;24.000;24.000;30.000;30.000;30.000;30.000;30.000;30.000;30.000;30.000,Whiteline,jaw movement,,,POINT,10.102,C:\Users\esthe\Downloads\white line 14 _\Whit_1405_10_three.mp4,298,NA,
whit_1405,2025-06-13 17:07:23.790,,187.239,Media file(s),player #1:C:\Users\esthe\Downloads\white line 14 _\Whit_1405_10_three.mp4;C:\Users\esthe\Downloads\white line 14 _\Whit_1405_11_onehalf.mp4;C:\Users\esthe\Downloads\white line 14 _\Whit_1405_12_two.mp4;C:\Users\esthe\Downloads\white line 14 _\Whit_1405_13_one.mp4;C:\Users\esthe\Downloads\white line 14 _\Whit_1405_14_one.mp4;C:\Users\esthe\Downloads\white line 14 _\Whit_1405_15_onehalf.mp4;C:\Users\esthe\Downloads\white line 14 _\Whit_1405_16_seven.mp4;C:\Users\esthe\Downloads\white line 14 _\Whit_1405_17_onehalf.mp4;C:\Users\esthe\Downloads\white line 14 _\Whit_1405_18_onehalf.mp4;C:\Users\esthe\Downloads\white line 14 _\Whit_1405_3_five.mp4;C:\Users\esthe\Downloads\white line 14 _\Whit_1405_4_control.mp4;C:\Users\esthe\Downloads\white line 14 _\Whit_1405_5_five.mp4;C:\Users\esthe\Downloads\white line 14 _\Whit_1405_6_seven.mp4;C:\Users\esthe\Downloads\white line 14 _\Whit_1405_7_one.mp4;C:\Users\esthe\Downloads\white line 14 _\Whit_1405_8_onehalf.mp4,0.0,11.970;18.573;4.934;13.001;10.534;8.124;25.795;6.863;16.327;16.565;11.462;7.933;12.699;6.966;16.101,30.000;30.000;30.000;30.000;30.000;24.000;24.000;30.000;30.000;30.000;30.000;30.000;30.000;30.000;30.000,Whiteline,jaw movement,,,POINT,10.402,C:\Users\esthe\Downloads\white line 14 _\Whit_1405_10_three.mp4,307,NA,
whit_1405,2025-06-13 17:07:23.790,,187.239,Media file(s),player #1:C:\Users\esthe\Downloads\white line 14 _\Whit_1405_10_three.mp4;C:\Users\esthe\Downloads\white line 14 _\Whit_1405_11_onehalf.mp4;C:\Users\esthe\Downloads\white line 14 _\Whit_1405_12_two.mp4;C:\Users\esthe\Downloads\white line 14 _\Whit_1405_13_one.mp4;C:\Users\esthe\Downloads\white line 14 _\Whit_1405_14_one.mp4;C:\Users\esthe\Downloads\white line 14 _\Whit_1405_15_onehalf.mp4;C:\Users\esthe\Downloads\white line 14 _\Whit_1405_16_seven.mp4;C:\Users\esthe\Downloads\white line 14 _\Whit_1405_17_onehalf.mp4;C:\Users\esthe\Downloads\white line 14 _\Whit_1405_18_onehalf.mp4;C:\Users\esthe\Downloads\white line 14 _\Whit_1405_3_five.mp4;C:\Users\esthe\Downloads\white line 14 _\Whit_1405_4_control.mp4;C:\Users\esthe\Downloads\white line 14 _\Whit_1405_5_five.mp4;C:\Users\esthe\Downloads\white line 14 _\Whit_1405_6_seven.mp4;C:\Users\esthe\Downloads\white line 14 _\Whit_1405_7_one.mp4;C:\Users\esthe\Downloads\white line 14 _\Whit_1405_8_onehalf.mp4,0.0,11.970;18.573;4.934;13.001;10.534;8.124;25.795;6.863;16.327;16.565;11.462;7.933;12.699;6.966;16.101,30.000;30.000;30.000;30.000;30.000;24.000;24.000;30.000;30.000;30.000;30.000;30.000;30.000;30.000;30.000,Whiteline,peeling,,,STOP,11.870,C:\Users\esthe\Downloads\white line 14 _\Whit_1405_10_three.mp4,350,NA,
whit_1405,2025-06-13 17:07:23.790,,187.239,Media file(s),player #1:C:\Users\esthe\Downloads\white line 14 _\Whit_1405_10_three.mp4;C:\Users\esthe\Downloads\white line 14 _\Whit_1405_11_onehalf.mp4;C:\Users\esthe\Downloads\white line 14 _\Whit_1405_12_two.mp4;C:\Users\esthe\Downloads\white line 14 _\Whit_1405_13_one.mp4;C:\Users\esthe\Downloads\white line 14 _\Whit_1405_14_one.mp4;C:\Users\esthe\Downloads\white line 14 _\Whit_1405_15_onehalf.mp4;C:\Users\esthe\Downloads\white line 14 _\Whit_1405_16_seven.mp4;C:\Users\esthe\Downloads\white line 14 _\Whit_1405_17_onehalf.mp4;C:\Users\esthe\Downloads\white line 14 _\Whit_1405_18_onehalf.mp4;C:\Users\esthe\Downloads\white line 14 _\Whit_1405_3_five.mp4;C:\Users\esthe\Downloads\white line 14 _\Whit_1405_4_control.mp4;C:\Users\esthe\Downloads\white line 14 _\Whit_1405_5_five.mp4;C:\Users\esthe\Downloads\white line 14 _\Whit_1405_6_seven.mp4;C:\Users\esthe\Downloads\white line 14 _\Whit_1405_7_one.mp4;C:\Users\esthe\Downloads\white line 14 _\Whit_1405_8_onehalf.mp4,0.0,11.970;18.573;4.934;13.001;10.534;8.124;25.795;6.863;16.327;16.565;11.462;7.933;12.699;6.966;16.101,30.000;30.000;30.000;30.000;30.000;24.000;24.000;30.000;30.000;30.000;30.000;30.000;30.000;30.000;30.000,Whiteline,assessing,,,START,14.070,C:\Users\esthe\Downloads\white line 14 _\Whit_1405_11_onehalf.mp4,63,NA,
whit_1405,2025-06-13 17:07:23.790,,187.239,Media file(s),player #1:C:\Users\esthe\Downloads\white line 14 _\Whit_1405_10_three.mp4;C:\Users\esthe\Downloads\white line 14 _\Whit_1405_11_onehalf.mp4;C:\Users\esthe\Downloads\white line 14 _\Whit_1405_12_two.mp4;C:\Users\esthe\Downloads\white line 14 _\Whit_1405_13_one.mp4;C:\Users\esthe\Downloads\white line 14 _\Whit_1405_14_one.mp4;C:\Users\esthe\Downloads\white line 14 _\Whit_1405_15_onehalf.mp4;C:\Users\esthe\Downloads\white line 14 _\Whit_1405_16_seven.mp4;C:\Users\esthe\Downloads\white line 14 _\Whit_1405_17_onehalf.mp4;C:\Users\esthe\Downloads\white line 14 _\Whit_1405_18_onehalf.mp4;C:\Users\esthe\Downloads\white line 14 _\Whit_1405_3_five.mp4;C:\Users\esthe\Downloads\white line 14 _\Whit_1405_4_control.mp4;C:\Users\esthe\Downloads\white line 14 _\Whit_1405_5_five.mp4;C:\Users\esthe\Downloads\white line 14 _\Whit_1405_6_seven.mp4;C:\Users\esthe\Downloads\white line 14 _\Whit_1405_7_one.mp4;C:\Users\esthe\Downloads\white line 14 _\Whit_1405_8_onehalf.mp4,0.0,11.970;18.573;4.934;13.001;10.534;8.124;25.795;6.863;16.327;16.565;11.462;7.933;12.699;6.966;16.101,30.000;30.000;30.000;30.000;30.000;24.000;24.000;30.000;30.000;30.000;30.000;30.000;30.000;30.000;30.000,Whiteline,jaw movement,,,POINT,14.070,C:\Users\esthe\Downloads\white line 14 _\Whit_1405_11_onehalf.mp4,63,NA,
whit_1405,2025-06-13 17:07:23.790,,187.239,Media file(s),player #1:C:\Users\esthe\Downloads\white line 14 _\Whit_1405_10_three.mp4;C:\Users\esthe\Downloads\white line 14 _\Whit_1405_11_onehalf.mp4;C:\Users\esthe\Downloads\white line 14 _\Whit_1405_12_two.mp4;C:\Users\esthe\Downloads\white line 14 _\Whit_1405_13_one.mp4;C:\Users\esthe\Downloads\white line 14 _\Whit_1405_14_one.mp4;C:\Users\esthe\Downloads\white line 14 _\Whit_1405_15_onehalf.mp4;C:\Users\esthe\Downloads\white line 14 _\Whit_1405_16_seven.mp4;C:\Users\esthe\Downloads\white line 14 _\Whit_1405_17_onehalf.mp4;C:\Users\esthe\Downloads\white line 14 _\Whit_1405_18_onehalf.mp4;C:\Users\esthe\Downloads\white line 14 _\Whit_1405_3_five.mp4;C:\Users\esthe\Downloads\white line 14 _\Whit_1405_4_control.mp4;C:\Users\esthe\Downloads\white line 14 _\Whit_1405_5_five.mp4;C:\Users\esthe\Downloads\white line 14 _\Whit_1405_6_seven.mp4;C:\Users\esthe\Downloads\white line 14 _\Whit_1405_7_one.mp4;C:\Users\esthe\Downloads\white line 14 _\Whit_1405_8_onehalf.mp4,0.0,11.970;18.573;4.934;13.001;10.534;8.124;25.795;6.863;16.327;16.565;11.462;7.933;12.699;6.966;16.101,30.000;30.000;30.000;30.000;30.000;24.000;24.000;30.000;30.000;30.000;30.000;30.000;30.000;30.000;30.000,Whiteline,assessing,,,STOP,14.236,C:\Users\esthe\Downloads\white line 14 _\Whit_1405_11_onehalf.mp4,68,NA,
whit_1405,2025-06-13 17:07:23.790,,187.239,Media file(s),player #1:C:\Users\esthe\Downloads\white line 14 _\Whit_1405_10_three.mp4;C:\Users\esthe\Downloads\white line 14 _\Whit_1405_11_onehalf.mp4;C:\Users\esthe\Downloads\white line 14 _\Whit_1405_12_two.mp4;C:\Users\esthe\Downloads\white line 14 _\Whit_1405_13_one.mp4;C:\Users\esthe\Downloads\white line 14 _\Whit_1405_14_one.mp4;C:\Users\esthe\Downloads\white line 14 _\Whit_1405_15_onehalf.mp4;C:\Users\esthe\Downloads\white line 14 _\Whit_1405_16_seven.mp4;C:\Users\esthe\Downloads\white line 14 _\Whit_1405_17_onehalf.mp4;C:\Users\esthe\Downloads\white line 14 _\Whit_1405_18_onehalf.mp4;C:\Users\esthe\Downloads\white line 14 _\Whit_1405_3_five.mp4;C:\Users\esthe\Downloads\white line 14 _\Whit_1405_4_control.mp4;C:\Users\esthe\Downloads\white line 14 _\Whit_1405_5_five.mp4;C:\Users\esthe\Downloads\white line 14 _\Whit_1405_6_seven.mp4;C:\Users\esthe\Downloads\white line 14 _\Whit_1405_7_one.mp4;C:\Users\esthe\Downloads\white line 14 _\Whit_1405_8_onehalf.mp4,0.0,11.970;18.573;4.934;13.001;10.534;8.124;25.795;6.863;16.327;16.565;11.462;7.933;12.699;6.966;16.101,30.000;30.000;30.000;30.000;30.000;24.000;24.000;30.000;30.000;30.000;30.000;30.000;30.000;30.000;30.000,Whiteline,target,,,START,14.303,C:\Users\esthe\Downloads\white line 14 _\Whit_1405_11_onehalf.mp4,70,NA,
whit_1405,2025-06-13 17:07:23.790,,187.239,Media file(s),player #1:C:\Users\esthe\Downloads\white line 14 _\Whit_1405_10_three.mp4;C:\Users\esthe\Downloads\white line 14 _\Whit_1405_11_onehalf.mp4;C:\Users\esthe\Downloads\white line 14 _\Whit_1405_12_two.mp4;C:\Users\esthe\Downloads\white line 14 _\Whit_1405_13_one.mp4;C:\Users\esthe\Downloads\white line 14 _\Whit_1405_14_one.mp4;C:\Users\esthe\Downloads\white line 14 _\Whit_1405_15_onehalf.mp4;C:\Users\esthe\Downloads\white line 14 _\Whit_1405_16_seven.mp4;C:\Users\esthe\Downloads\white line 14 _\Whit_1405_17_onehalf.mp4;C:\Users\esthe\Downloads\white line 14 _\Whit_1405_18_onehalf.mp4;C:\Users\esthe\Downloads\white line 14 _\Whit_1405_3_five.mp4;C:\Users\esthe\Downloads\white line 14 _\Whit_1405_4_control.mp4;C:\Users\esthe\Downloads\white line 14 _\Whit_1405_5_five.mp4;C:\Users\esthe\Downloads\white line 14 _\Whit_1405_6_seven.mp4;C:\Users\esthe\Downloads\white line 14 _\Whit_1405_7_one.mp4;C:\Users\esthe\Downloads\white line 14 _\Whit_1405_8_onehalf.mp4,0.0,11.970;18.573;4.934;13.001;10.534;8.124;25.795;6.863;16.327;16.565;11.462;7.933;12.699;6.966;16.101,30.000;30.000;30.000;30.000;30.000;24.000;24.000;30.000;30.000;30.000;30.000;30.000;30.000;30.000;30.000,Whiteline,target,,,STOP,21.105,C:\Users\esthe\Downloads\white line 14 _\Whit_1405_11_onehalf.mp4,273,NA,
whit_1405,2025-06-13 17:07:23.790,,187.239,Media file(s),player #1:C:\Users\esthe\Downloads\white line 14 _\Whit_1405_10_three.mp4;C:\Users\esthe\Downloads\white line 14 _\Whit_1405_11_onehalf.mp4;C:\Users\esthe\Downloads\white line 14 _\Whit_1405_12_two.mp4;C:\Users\esthe\Downloads\white line 14 _\Whit_1405_13_one.mp4;C:\Users\esthe\Downloads\white line 14 _\Whit_1405_14_one.mp4;C:\Users\esthe\Downloads\white line 14 _\Whit_1405_15_onehalf.mp4;C:\Users\esthe\Downloads\white line 14 _\Whit_1405_16_seven.mp4;C:\Users\esthe\Downloads\white line 14 _\Whit_1405_17_onehalf.mp4;C:\Users\esthe\Downloads\white line 14 _\Whit_1405_18_onehalf.mp4;C:\Users\esthe\Downloads\white line 14 _\Whit_1405_3_five.mp4;C:\Users\esthe\Downloads\white line 14 _\Whit_1405_4_control.mp4;C:\Users\esthe\Downloads\white line 14 _\Whit_1405_5_five.mp4;C:\Users\esthe\Downloads\white line 14 _\Whit_1405_6_seven.mp4;C:\Users\esthe\Downloads\white line 14 _\Whit_1405_7_one.mp4;C:\Users\esthe\Downloads\white line 14 _\Whit_1405_8_onehalf.mp4,0.0,11.970;18.573;4.934;13.001;10.534;8.124;25.795;6.863;16.327;16.565;11.462;7.933;12.699;6.966;16.101,30.000;30.000;30.000;30.000;30.000;24.000;24.000;30.000;30.000;30.000;30.000;30.000;30.000;30.000;30.000,Whiteline,assessing,,,START,21.806,C:\Users\esthe\Downloads\white line 14 _\Whit_1405_11_onehalf.mp4,294,NA,
whit_1405,2025-06-13 17:07:23.790,,187.239,Media file(s),player #1:C:\Users\esthe\Downloads\white line 14 _\Whit_1405_10_three.mp4;C:\Users\esthe\Downloads\white line 14 _\Whit_1405_11_onehalf.mp4;C:\Users\esthe\Downloads\white line 14 _\Whit_1405_12_two.mp4;C:\Users\esthe\Downloads\white line 14 _\Whit_1405_13_one.mp4;C:\Users\esthe\Downloads\white line 14 _\Whit_1405_14_one.mp4;C:\Users\esthe\Downloads\white line 14 _\Whit_1405_15_onehalf.mp4;C:\Users\esthe\Downloads\white line 14 _\Whit_1405_16_seven.mp4;C:\Users\esthe\Downloads\white line 14 _\Whit_1405_17_onehalf.mp4;C:\Users\esthe\Downloads\white line 14 _\Whit_1405_18_onehalf.mp4;C:\Users\esthe\Downloads\white line 14 _\Whit_1405_3_five.mp4;C:\Users\esthe\Downloads\white line 14 _\Whit_1405_4_control.mp4;C:\Users\esthe\Downloads\white line 14 _\Whit_1405_5_five.mp4;C:\Users\esthe\Downloads\white line 14 _\Whit_1405_6_seven.mp4;C:\Users\esthe\Downloads\white line 14 _\Whit_1405_7_one.mp4;C:\Users\esthe\Downloads\white line 14 _\Whit_1405_8_onehalf.mp4,0.0,11.970;18.573;4.934;13.001;10.534;8.124;25.795;6.863;16.327;16.565;11.462;7.933;12.699;6.966;16.101,30.000;30.000;30.000;30.000;30.000;24.000;24.000;30.000;30.000;30.000;30.000;30.000;30.000;30.000;30.000,Whiteline,jaw movement,,,POINT,22.006,C:\Users\esthe\Downloads\white line 14 _\Whit_1405_11_onehalf.mp4,300,NA,
whit_1405,2025-06-13 17:07:23.790,,187.239,Media file(s),player #1:C:\Users\esthe\Downloads\white line 14 _\Whit_1405_10_three.mp4;C:\Users\esthe\Downloads\white line 14 _\Whit_1405_11_onehalf.mp4;C:\Users\esthe\Downloads\white line 14 _\Whit_1405_12_two.mp4;C:\Users\esthe\Downloads\white line 14 _\Whit_1405_13_one.mp4;C:\Users\esthe\Downloads\white line 14 _\Whit_1405_14_one.mp4;C:\Users\esthe\Downloads\white line 14 _\Whit_1405_15_onehalf.mp4;C:\Users\esthe\Downloads\white line 14 _\Whit_1405_16_seven.mp4;C:\Users\esthe\Downloads\white line 14 _\Whit_1405_17_onehalf.mp4;C:\Users\esthe\Downloads\white line 14 _\Whit_1405_18_onehalf.mp4;C:\Users\esthe\Downloads\white line 14 _\Whit_1405_3_five.mp4;C:\Users\esthe\Downloads\white line 14 _\Whit_1405_4_control.mp4;C:\Users\esthe\Downloads\white line 14 _\Whit_1405_5_five.mp4;C:\Users\esthe\Downloads\white line 14 _\Whit_1405_6_seven.mp4;C:\Users\esthe\Downloads\white line 14 _\Whit_1405_7_one.mp4;C:\Users\esthe\Downloads\white line 14 _\Whit_1405_8_onehalf.mp4,0.0,11.970;18.573;4.934;13.001;10.534;8.124;25.795;6.863;16.327;16.565;11.462;7.933;12.699;6.966;16.101,30.000;30.000;30.000;30.000;30.000;24.000;24.000;30.000;30.000;30.000;30.000;30.000;30.000;30.000;30.000,Whiteline,teeth-hole contact,,,POINT,22.206,C:\Users\esthe\Downloads\white line 14 _\Whit_1405_11_onehalf.mp4,306,NA,
whit_1405,2025-06-13 17:07:23.790,,187.239,Media file(s),player #1:C:\Users\esthe\Downloads\white line 14 _\Whit_1405_10_three.mp4;C:\Users\esthe\Downloads\white line 14 _\Whit_1405_11_onehalf.mp4;C:\Users\esthe\Downloads\white line 14 _\Whit_1405_12_two.mp4;C:\Users\esthe\Downloads\white line 14 _\Whit_1405_13_one.mp4;C:\Users\esthe\Downloads\white line 14 _\Whit_1405_14_one.mp4;C:\Users\esthe\Downloads\white line 14 _\Whit_1405_15_onehalf.mp4;C:\Users\esthe\Downloads\white line 14 _\Whit_1405_16_seven.mp4;C:\Users\esthe\Downloads\white line 14 _\Whit_1405_17_onehalf.mp4;C:\Users\esthe\Downloads\white line 14 _\Whit_1405_18_onehalf.mp4;C:\Users\esthe\Downloads\white line 14 _\Whit_1405_3_five.mp4;C:\Users\esthe\Downloads\white line 14 _\Whit_1405_4_control.mp4;C:\Users\esthe\Downloads\white line 14 _\Whit_1405_5_five.mp4;C:\Users\esthe\Downloads\white line 14 _\Whit_1405_6_seven.mp4;C:\Users\esthe\Downloads\white line 14 _\Whit_1405_7_one.mp4;C:\Users\esthe\Downloads\white line 14 _\Whit_1405_8_onehalf.mp4,0.0,11.970;18.573;4.934;13.001;10.534;8.124;25.795;6.863;16.327;16.565;11.462;7.933;12.699;6.966;16.101,30.000;30.000;30.000;30.000;30.000;24.000;24.000;30.000;30.000;30.000;30.000;30.000;30.000;30.000;30.000,Whiteline,assessing,,,STOP,22.272,C:\Users\esthe\Downloads\white line 14 _\Whit_1405_11_onehalf.mp4,308,NA,
whit_1405,2025-06-13 17:07:23.790,,187.239,Media file(s),player #1:C:\Users\esthe\Downloads\white line 14 _\Whit_1405_10_three.mp4;C:\Users\esthe\Downloads\white line 14 _\Whit_1405_11_onehalf.mp4;C:\Users\esthe\Downloads\white line 14 _\Whit_1405_12_two.mp4;C:\Users\esthe\Downloads\white line 14 _\Whit_1405_13_one.mp4;C:\Users\esthe\Downloads\white line 14 _\Whit_1405_14_one.mp4;C:\Users\esthe\Downloads\white line 14 _\Whit_1405_15_onehalf.mp4;C:\Users\esthe\Downloads\white line 14 _\Whit_1405_16_seven.mp4;C:\Users\esthe\Downloads\white line 14 _\Whit_1405_17_onehalf.mp4;C:\Users\esthe\Downloads\white line 14 _\Whit_1405_18_onehalf.mp4;C:\Users\esthe\Downloads\white line 14 _\Whit_1405_3_five.mp4;C:\Users\esthe\Downloads\white line 14 _\Whit_1405_4_control.mp4;C:\Users\esthe\Downloads\white line 14 _\Whit_1405_5_five.mp4;C:\Users\esthe\Downloads\white line 14 _\Whit_1405_6_seven.mp4;C:\Users\esthe\Downloads\white line 14 _\Whit_1405_7_one.mp4;C:\Users\esthe\Downloads\white line 14 _\Whit_1405_8_onehalf.mp4,0.0,11.970;18.573;4.934;13.001;10.534;8.124;25.795;6.863;16.327;16.565;11.462;7.933;12.699;6.966;16.101,30.000;30.000;30.000;30.000;30.000;24.000;24.000;30.000;30.000;30.000;30.000;30.000;30.000;30.000;30.000,Whiteline,chewing,,,START,22.539,C:\Users\esthe\Downloads\white line 14 _\Whit_1405_11_onehalf.mp4,316,NA,
whit_1405,2025-06-13 17:07:23.790,,187.239,Media file(s),player #1:C:\Users\esthe\Downloads\white line 14 _\Whit_1405_10_three.mp4;C:\Users\esthe\Downloads\white line 14 _\Whit_1405_11_onehalf.mp4;C:\Users\esthe\Downloads\white line 14 _\Whit_1405_12_two.mp4;C:\Users\esthe\Downloads\white line 14 _\Whit_1405_13_one.mp4;C:\Users\esthe\Downloads\white line 14 _\Whit_1405_14_one.mp4;C:\Users\esthe\Downloads\white line 14 _\Whit_1405_15_onehalf.mp4;C:\Users\esthe\Downloads\white line 14 _\Whit_1405_16_seven.mp4;C:\Users\esthe\Downloads\white line 14 _\Whit_1405_17_onehalf.mp4;C:\Users\esthe\Downloads\white line 14 _\Whit_1405_18_onehalf.mp4;C:\Users\esthe\Downloads\white line 14 _\Whit_1405_3_five.mp4;C:\Users\esthe\Downloads\white line 14 _\Whit_1405_4_control.mp4;C:\Users\esthe\Downloads\white line 14 _\Whit_1405_5_five.mp4;C:\Users\esthe\Downloads\white line 14 _\Whit_1405_6_seven.mp4;C:\Users\esthe\Downloads\white line 14 _\Whit_1405_7_one.mp4;C:\Users\esthe\Downloads\white line 14 _\Whit_1405_8_onehalf.mp4,0.0,11.970;18.573;4.934;13.001;10.534;8.124;25.795;6.863;16.327;16.565;11.462;7.933;12.699;6.966;16.101,30.000;30.000;30.000;30.000;30.000;24.000;24.000;30.000;30.000;30.000;30.000;30.000;30.000;30.000;30.000,Whiteline,chewing,,,STOP,27.641,C:\Users\esthe\Downloads\white line 14 _\Whit_1405_11_onehalf.mp4,469,NA,
whit_1405,2025-06-13 17:07:23.790,,187.239,Media file(s),player #1:C:\Users\esthe\Downloads\white line 14 _\Whit_1405_10_three.mp4;C:\Users\esthe\Downloads\white line 14 _\Whit_1405_11_onehalf.mp4;C:\Users\esthe\Downloads\white line 14 _\Whit_1405_12_two.mp4;C:\Users\esthe\Downloads\white line 14 _\Whit_1405_13_one.mp4;C:\Users\esthe\Downloads\white line 14 _\Whit_1405_14_one.mp4;C:\Users\esthe\Downloads\white line 14 _\Whit_1405_15_onehalf.mp4;C:\Users\esthe\Downloads\white line 14 _\Whit_1405_16_seven.mp4;C:\Users\esthe\Downloads\white line 14 _\Whit_1405_17_onehalf.mp4;C:\Users\esthe\Downloads\white line 14 _\Whit_1405_18_onehalf.mp4;C:\Users\esthe\Downloads\white line 14 _\Whit_1405_3_five.mp4;C:\Users\esthe\Downloads\white line 14 _\Whit_1405_4_control.mp4;C:\Users\esthe\Downloads\white line 14 _\Whit_1405_5_five.mp4;C:\Users\esthe\Downloads\white line 14 _\Whit_1405_6_seven.mp4;C:\Users\esthe\Downloads\white line 14 _\Whit_1405_7_one.mp4;C:\Users\esthe\Downloads\white line 14 _\Whit_1405_8_onehalf.mp4,0.0,11.970;18.573;4.934;13.001;10.534;8.124;25.795;6.863;16.327;16.565;11.462;7.933;12.699;6.966;16.101,30.000;30.000;30.000;30.000;30.000;24.000;24.000;30.000;30.000;30.000;30.000;30.000;30.000;30.000;30.000,Whiteline,peeling,,,START,27.808,C:\Users\esthe\Downloads\white line 14 _\Whit_1405_11_onehalf.mp4,474,NA,
whit_1405,2025-06-13 17:07:23.790,,187.239,Media file(s),player #1:C:\Users\esthe\Downloads\white line 14 _\Whit_1405_10_three.mp4;C:\Users\esthe\Downloads\white line 14 _\Whit_1405_11_onehalf.mp4;C:\Users\esthe\Downloads\white line 14 _\Whit_1405_12_two.mp4;C:\Users\esthe\Downloads\white line 14 _\Whit_1405_13_one.mp4;C:\Users\esthe\Downloads\white line 14 _\Whit_1405_14_one.mp4;C:\Users\esthe\Downloads\white line 14 _\Whit_1405_15_onehalf.mp4;C:\Users\esthe\Downloads\white line 14 _\Whit_1405_16_seven.mp4;C:\Users\esthe\Downloads\white line 14 _\Whit_1405_17_onehalf.mp4;C:\Users\esthe\Downloads\white line 14 _\Whit_1405_18_onehalf.mp4;C:\Users\esthe\Downloads\white line 14 _\Whit_1405_3_five.mp4;C:\Users\esthe\Downloads\white line 14 _\Whit_1405_4_control.mp4;C:\Users\esthe\Downloads\white line 14 _\Whit_1405_5_five.mp4;C:\Users\esthe\Downloads\white line 14 _\Whit_1405_6_seven.mp4;C:\Users\esthe\Downloads\white line 14 _\Whit_1405_7_one.mp4;C:\Users\esthe\Downloads\white line 14 _\Whit_1405_8_onehalf.mp4,0.0,11.970;18.573;4.934;13.001;10.534;8.124;25.795;6.863;16.327;16.565;11.462;7.933;12.699;6.966;16.101,30.000;30.000;30.000;30.000;30.000;24.000;24.000;30.000;30.000;30.000;30.000;30.000;30.000;30.000;30.000,Whiteline,peeling,,,STOP,29.108,C:\Users\esthe\Downloads\white line 14 _\Whit_1405_11_onehalf.mp4,513,NA,
whit_1405,2025-06-13 17:07:23.790,,187.239,Media file(s),player #1:C:\Users\esthe\Downloads\white line 14 _\Whit_1405_10_three.mp4;C:\Users\esthe\Downloads\white line 14 _\Whit_1405_11_onehalf.mp4;C:\Users\esthe\Downloads\white line 14 _\Whit_1405_12_two.mp4;C:\Users\esthe\Downloads\white line 14 _\Whit_1405_13_one.mp4;C:\Users\esthe\Downloads\white line 14 _\Whit_1405_14_one.mp4;C:\Users\esthe\Downloads\white line 14 _\Whit_1405_15_onehalf.mp4;C:\Users\esthe\Downloads\white line 14 _\Whit_1405_16_seven.mp4;C:\Users\esthe\Downloads\white line 14 _\Whit_1405_17_onehalf.mp4;C:\Users\esthe\Downloads\white line 14 _\Whit_1405_18_onehalf.mp4;C:\Users\esthe\Downloads\white line 14 _\Whit_1405_3_five.mp4;C:\Users\esthe\Downloads\white line 14 _\Whit_1405_4_control.mp4;C:\Users\esthe\Downloads\white line 14 _\Whit_1405_5_five.mp4;C:\Users\esthe\Downloads\white line 14 _\Whit_1405_6_seven.mp4;C:\Users\esthe\Downloads\white line 14 _\Whit_1405_7_one.mp4;C:\Users\esthe\Downloads\white line 14 _\Whit_1405_8_onehalf.mp4,0.0,11.970;18.573;4.934;13.001;10.534;8.124;25.795;6.863;16.327;16.565;11.462;7.933;12.699;6.966;16.101,30.000;30.000;30.000;30.000;30.000;24.000;24.000;30.000;30.000;30.000;30.000;30.000;30.000;30.000;30.000,Whiteline,eating,,,START,29.441,C:\Users\esthe\Downloads\white line 14 _\Whit_1405_11_onehalf.mp4,523,NA,
whit_1405,2025-06-13 17:07:23.790,,187.239,Media file(s),player #1:C:\Users\esthe\Downloads\white line 14 _\Whit_1405_10_three.mp4;C:\Users\esthe\Downloads\white line 14 _\Whit_1405_11_onehalf.mp4;C:\Users\esthe\Downloads\white line 14 _\Whit_1405_12_two.mp4;C:\Users\esthe\Downloads\white line 14 _\Whit_1405_13_one.mp4;C:\Users\esthe\Downloads\white line 14 _\Whit_1405_14_one.mp4;C:\Users\esthe\Downloads\white line 14 _\Whit_1405_15_onehalf.mp4;C:\Users\esthe\Downloads\white line 14 _\Whit_1405_16_seven.mp4;C:\Users\esthe\Downloads\white line 14 _\Whit_1405_17_onehalf.mp4;C:\Users\esthe\Downloads\white line 14 _\Whit_1405_18_onehalf.mp4;C:\Users\esthe\Downloads\white line 14 _\Whit_1405_3_five.mp4;C:\Users\esthe\Downloads\white line 14 _\Whit_1405_4_control.mp4;C:\Users\esthe\Downloads\white line 14 _\Whit_1405_5_five.mp4;C:\Users\esthe\Downloads\white line 14 _\Whit_1405_6_seven.mp4;C:\Users\esthe\Downloads\white line 14 _\Whit_1405_7_one.mp4;C:\Users\esthe\Downloads\white line 14 _\Whit_1405_8_onehalf.mp4,0.0,11.970;18.573;4.934;13.001;10.534;8.124;25.795;6.863;16.327;16.565;11.462;7.933;12.699;6.966;16.101,30.000;30.000;30.000;30.000;30.000;24.000;24.000;30.000;30.000;30.000;30.000;30.000;30.000;30.000;30.000,Whiteline,eating,,,STOP,30.442,C:\Users\esthe\Downloads\white line 14 _\Whit_1405_11_onehalf.mp4,553,NA,
whit_1405,2025-06-13 17:07:23.790,,187.239,Media file(s),player #1:C:\Users\esthe\Downloads\white line 14 _\Whit_1405_10_three.mp4;C:\Users\esthe\Downloads\white line 14 _\Whit_1405_11_onehalf.mp4;C:\Users\esthe\Downloads\white line 14 _\Whit_1405_12_two.mp4;C:\Users\esthe\Downloads\white line 14 _\Whit_1405_13_one.mp4;C:\Users\esthe\Downloads\white line 14 _\Whit_1405_14_one.mp4;C:\Users\esthe\Downloads\white line 14 _\Whit_1405_15_onehalf.mp4;C:\Users\esthe\Downloads\white line 14 _\Whit_1405_16_seven.mp4;C:\Users\esthe\Downloads\white line 14 _\Whit_1405_17_onehalf.mp4;C:\Users\esthe\Downloads\white line 14 _\Whit_1405_18_onehalf.mp4;C:\Users\esthe\Downloads\white line 14 _\Whit_1405_3_five.mp4;C:\Users\esthe\Downloads\white line 14 _\Whit_1405_4_control.mp4;C:\Users\esthe\Downloads\white line 14 _\Whit_1405_5_five.mp4;C:\Users\esthe\Downloads\white line 14 _\Whit_1405_6_seven.mp4;C:\Users\esthe\Downloads\white line 14 _\Whit_1405_7_one.mp4;C:\Users\esthe\Downloads\white line 14 _\Whit_1405_8_onehalf.mp4,0.0,11.970;18.573;4.934;13.001;10.534;8.124;25.795;6.863;16.327;16.565;11.462;7.933;12.699;6.966;16.101,30.000;30.000;30.000;30.000;30.000;24.000;24.000;30.000;30.000;30.000;30.000;30.000;30.000;30.000;30.000,Whiteline,bending,,,START,31.908,C:\Users\esthe\Downloads\white line 14 _\Whit_1405_12_two.mp4,41,NA,
whit_1405,2025-06-13 17:07:23.790,,187.239,Media file(s),player #1:C:\Users\esthe\Downloads\white line 14 _\Whit_1405_10_three.mp4;C:\Users\esthe\Downloads\white line 14 _\Whit_1405_11_onehalf.mp4;C:\Users\esthe\Downloads\white line 14 _\Whit_1405_12_two.mp4;C:\Users\esthe\Downloads\white line 14 _\Whit_1405_13_one.mp4;C:\Users\esthe\Downloads\white line 14 _\Whit_1405_14_one.mp4;C:\Users\esthe\Downloads\white line 14 _\Whit_1405_15_onehalf.mp4;C:\Users\esthe\Downloads\white line 14 _\Whit_1405_16_seven.mp4;C:\Users\esthe\Downloads\white line 14 _\Whit_1405_17_onehalf.mp4;C:\Users\esthe\Downloads\white line 14 _\Whit_1405_18_onehalf.mp4;C:\Users\esthe\Downloads\white line 14 _\Whit_1405_3_five.mp4;C:\Users\esthe\Downloads\white line 14 _\Whit_1405_4_control.mp4;C:\Users\esthe\Downloads\white line 14 _\Whit_1405_5_five.mp4;C:\Users\esthe\Downloads\white line 14 _\Whit_1405_6_seven.mp4;C:\Users\esthe\Downloads\white line 14 _\Whit_1405_7_one.mp4;C:\Users\esthe\Downloads\white line 14 _\Whit_1405_8_onehalf.mp4,0.0,11.970;18.573;4.934;13.001;10.534;8.124;25.795;6.863;16.327;16.565;11.462;7.933;12.699;6.966;16.101,30.000;30.000;30.000;30.000;30.000;24.000;24.000;30.000;30.000;30.000;30.000;30.000;30.000;30.000;30.000,Whiteline,bending,,,STOP,32.041,C:\Users\esthe\Downloads\white line 14 _\Whit_1405_12_two.mp4,45,NA,
whit_1405,2025-06-13 17:07:23.790,,187.239,Media file(s),player #1:C:\Users\esthe\Downloads\white line 14 _\Whit_1405_10_three.mp4;C:\Users\esthe\Downloads\white line 14 _\Whit_1405_11_onehalf.mp4;C:\Users\esthe\Downloads\white line 14 _\Whit_1405_12_two.mp4;C:\Users\esthe\Downloads\white line 14 _\Whit_1405_13_one.mp4;C:\Users\esthe\Downloads\white line 14 _\Whit_1405_14_one.mp4;C:\Users\esthe\Downloads\white line 14 _\Whit_1405_15_onehalf.mp4;C:\Users\esthe\Downloads\white line 14 _\Whit_1405_16_seven.mp4;C:\Users\esthe\Downloads\white line 14 _\Whit_1405_17_onehalf.mp4;C:\Users\esthe\Downloads\white line 14 _\Whit_1405_18_onehalf.mp4;C:\Users\esthe\Downloads\white line 14 _\Whit_1405_3_five.mp4;C:\Users\esthe\Downloads\white line 14 _\Whit_1405_4_control.mp4;C:\Users\esthe\Downloads\white line 14 _\Whit_1405_5_five.mp4;C:\Users\esthe\Downloads\white line 14 _\Whit_1405_6_seven.mp4;C:\Users\esthe\Downloads\white line 14 _\Whit_1405_7_one.mp4;C:\Users\esthe\Downloads\white line 14 _\Whit_1405_8_onehalf.mp4,0.0,11.970;18.573;4.934;13.001;10.534;8.124;25.795;6.863;16.327;16.565;11.462;7.933;12.699;6.966;16.101,30.000;30.000;30.000;30.000;30.000;24.000;24.000;30.000;30.000;30.000;30.000;30.000;30.000;30.000;30.000,Whiteline,grabbing peanut,,,POINT,32.041,C:\Users\esthe\Downloads\white line 14 _\Whit_1405_12_two.mp4,45,NA,
whit_1405,2025-06-13 17:07:23.790,,187.239,Media file(s),player #1:C:\Users\esthe\Downloads\white line 14 _\Whit_1405_10_three.mp4;C:\Users\esthe\Downloads\white line 14 _\Whit_1405_11_onehalf.mp4;C:\Users\esthe\Downloads\white line 14 _\Whit_1405_12_two.mp4;C:\Users\esthe\Downloads\white line 14 _\Whit_1405_13_one.mp4;C:\Users\esthe\Downloads\white line 14 _\Whit_1405_14_one.mp4;C:\Users\esthe\Downloads\white line 14 _\Whit_1405_15_onehalf.mp4;C:\Users\esthe\Downloads\white line 14 _\Whit_1405_16_seven.mp4;C:\Users\esthe\Downloads\white line 14 _\Whit_1405_17_onehalf.mp4;C:\Users\esthe\Downloads\white line 14 _\Whit_1405_18_onehalf.mp4;C:\Users\esthe\Downloads\white line 14 _\Whit_1405_3_five.mp4;C:\Users\esthe\Downloads\white line 14 _\Whit_1405_4_control.mp4;C:\Users\esthe\Downloads\white line 14 _\Whit_1405_5_five.mp4;C:\Users\esthe\Downloads\white line 14 _\Whit_1405_6_seven.mp4;C:\Users\esthe\Downloads\white line 14 _\Whit_1405_7_one.mp4;C:\Users\esthe\Downloads\white line 14 _\Whit_1405_8_onehalf.mp4,0.0,11.970;18.573;4.934;13.001;10.534;8.124;25.795;6.863;16.327;16.565;11.462;7.933;12.699;6.966;16.101,30.000;30.000;30.000;30.000;30.000;24.000;24.000;30.000;30.000;30.000;30.000;30.000;30.000;30.000;30.000,Whiteline,lifting,,,START,32.075,C:\Users\esthe\Downloads\white line 14 _\Whit_1405_12_two.mp4,46,NA,
whit_1405,2025-06-13 17:07:23.790,,187.239,Media file(s),player #1:C:\Users\esthe\Downloads\white line 14 _\Whit_1405_10_three.mp4;C:\Users\esthe\Downloads\white line 14 _\Whit_1405_11_onehalf.mp4;C:\Users\esthe\Downloads\white line 14 _\Whit_1405_12_two.mp4;C:\Users\esthe\Downloads\white line 14 _\Whit_1405_13_one.mp4;C:\Users\esthe\Downloads\white line 14 _\Whit_1405_14_one.mp4;C:\Users\esthe\Downloads\white line 14 _\Whit_1405_15_onehalf.mp4;C:\Users\esthe\Downloads\white line 14 _\Whit_1405_16_seven.mp4;C:\Users\esthe\Downloads\white line 14 _\Whit_1405_17_onehalf.mp4;C:\Users\esthe\Downloads\white line 14 _\Whit_1405_18_onehalf.mp4;C:\Users\esthe\Downloads\white line 14 _\Whit_1405_3_five.mp4;C:\Users\esthe\Downloads\white line 14 _\Whit_1405_4_control.mp4;C:\Users\esthe\Downloads\white line 14 _\Whit_1405_5_five.mp4;C:\Users\esthe\Downloads\white line 14 _\Whit_1405_6_seven.mp4;C:\Users\esthe\Downloads\white line 14 _\Whit_1405_7_one.mp4;C:\Users\esthe\Downloads\white line 14 _\Whit_1405_8_onehalf.mp4,0.0,11.970;18.573;4.934;13.001;10.534;8.124;25.795;6.863;16.327;16.565;11.462;7.933;12.699;6.966;16.101,30.000;30.000;30.000;30.000;30.000;24.000;24.000;30.000;30.000;30.000;30.000;30.000;30.000;30.000;30.000,Whiteline,lifting,,,STOP,32.408,C:\Users\esthe\Downloads\white line 14 _\Whit_1405_12_two.mp4,56,NA,
whit_1405,2025-06-13 17:07:23.790,,187.239,Media file(s),player #1:C:\Users\esthe\Downloads\white line 14 _\Whit_1405_10_three.mp4;C:\Users\esthe\Downloads\white line 14 _\Whit_1405_11_onehalf.mp4;C:\Users\esthe\Downloads\white line 14 _\Whit_1405_12_two.mp4;C:\Users\esthe\Downloads\white line 14 _\Whit_1405_13_one.mp4;C:\Users\esthe\Downloads\white line 14 _\Whit_1405_14_one.mp4;C:\Users\esthe\Downloads\white line 14 _\Whit_1405_15_onehalf.mp4;C:\Users\esthe\Downloads\white line 14 _\Whit_1405_16_seven.mp4;C:\Users\esthe\Downloads\white line 14 _\Whit_1405_17_onehalf.mp4;C:\Users\esthe\Downloads\white line 14 _\Whit_1405_18_onehalf.mp4;C:\Users\esthe\Downloads\white line 14 _\Whit_1405_3_five.mp4;C:\Users\esthe\Downloads\white line 14 _\Whit_1405_4_control.mp4;C:\Users\esthe\Downloads\white line 14 _\Whit_1405_5_five.mp4;C:\Users\esthe\Downloads\white line 14 _\Whit_1405_6_seven.mp4;C:\Users\esthe\Downloads\white line 14 _\Whit_1405_7_one.mp4;C:\Users\esthe\Downloads\white line 14 _\Whit_1405_8_onehalf.mp4,0.0,11.970;18.573;4.934;13.001;10.534;8.124;25.795;6.863;16.327;16.565;11.462;7.933;12.699;6.966;16.101,30.000;30.000;30.000;30.000;30.000;24.000;24.000;30.000;30.000;30.000;30.000;30.000;30.000;30.000;30.000,Whiteline,assessing,,,START,32.508,C:\Users\esthe\Downloads\white line 14 _\Whit_1405_12_two.mp4,59,NA,
whit_1405,2025-06-13 17:07:23.790,,187.239,Media file(s),player #1:C:\Users\esthe\Downloads\white line 14 _\Whit_1405_10_three.mp4;C:\Users\esthe\Downloads\white line 14 _\Whit_1405_11_onehalf.mp4;C:\Users\esthe\Downloads\white line 14 _\Whit_1405_12_two.mp4;C:\Users\esthe\Downloads\white line 14 _\Whit_1405_13_one.mp4;C:\Users\esthe\Downloads\white line 14 _\Whit_1405_14_one.mp4;C:\Users\esthe\Downloads\white line 14 _\Whit_1405_15_onehalf.mp4;C:\Users\esthe\Downloads\white line 14 _\Whit_1405_16_seven.mp4;C:\Users\esthe\Downloads\white line 14 _\Whit_1405_17_onehalf.mp4;C:\Users\esthe\Downloads\white line 14 _\Whit_1405_18_onehalf.mp4;C:\Users\esthe\Downloads\white line 14 _\Whit_1405_3_five.mp4;C:\Users\esthe\Downloads\white line 14 _\Whit_1405_4_control.mp4;C:\Users\esthe\Downloads\white line 14 _\Whit_1405_5_five.mp4;C:\Users\esthe\Downloads\white line 14 _\Whit_1405_6_seven.mp4;C:\Users\esthe\Downloads\white line 14 _\Whit_1405_7_one.mp4;C:\Users\esthe\Downloads\white line 14 _\Whit_1405_8_onehalf.mp4,0.0,11.970;18.573;4.934;13.001;10.534;8.124;25.795;6.863;16.327;16.565;11.462;7.933;12.699;6.966;16.101,30.000;30.000;30.000;30.000;30.000;24.000;24.000;30.000;30.000;30.000;30.000;30.000;30.000;30.000;30.000,Whiteline,jaw movement,,,POINT,32.641,C:\Users\esthe\Downloads\white line 14 _\Whit_1405_12_two.mp4,63,NA,
whit_1405,2025-06-13 17:07:23.790,,187.239,Media file(s),player #1:C:\Users\esthe\Downloads\white line 14 _\Whit_1405_10_three.mp4;C:\Users\esthe\Downloads\white line 14 _\Whit_1405_11_onehalf.mp4;C:\Users\esthe\Downloads\white line 14 _\Whit_1405_12_two.mp4;C:\Users\esthe\Downloads\white line 14 _\Whit_1405_13_one.mp4;C:\Users\esthe\Downloads\white line 14 _\Whit_1405_14_one.mp4;C:\Users\esthe\Downloads\white line 14 _\Whit_1405_15_onehalf.mp4;C:\Users\esthe\Downloads\white line 14 _\Whit_1405_16_seven.mp4;C:\Users\esthe\Downloads\white line 14 _\Whit_1405_17_onehalf.mp4;C:\Users\esthe\Downloads\white line 14 _\Whit_1405_18_onehalf.mp4;C:\Users\esthe\Downloads\white line 14 _\Whit_1405_3_five.mp4;C:\Users\esthe\Downloads\white line 14 _\Whit_1405_4_control.mp4;C:\Users\esthe\Downloads\white line 14 _\Whit_1405_5_five.mp4;C:\Users\esthe\Downloads\white line 14 _\Whit_1405_6_seven.mp4;C:\Users\esthe\Downloads\white line 14 _\Whit_1405_7_one.mp4;C:\Users\esthe\Downloads\white line 14 _\Whit_1405_8_onehalf.mp4,0.0,11.970;18.573;4.934;13.001;10.534;8.124;25.795;6.863;16.327;16.565;11.462;7.933;12.699;6.966;16.101,30.000;30.000;30.000;30.000;30.000;24.000;24.000;30.000;30.000;30.000;30.000;30.000;30.000;30.000;30.000,Whiteline,teeth-hole contact,,,POINT,32.841,C:\Users\esthe\Downloads\white line 14 _\Whit_1405_12_two.mp4,69,NA,
whit_1405,2025-06-13 17:07:23.790,,187.239,Media file(s),player #1:C:\Users\esthe\Downloads\white line 14 _\Whit_1405_10_three.mp4;C:\Users\esthe\Downloads\white line 14 _\Whit_1405_11_onehalf.mp4;C:\Users\esthe\Downloads\white line 14 _\Whit_1405_12_two.mp4;C:\Users\esthe\Downloads\white line 14 _\Whit_1405_13_one.mp4;C:\Users\esthe\Downloads\white line 14 _\Whit_1405_14_one.mp4;C:\Users\esthe\Downloads\white line 14 _\Whit_1405_15_onehalf.mp4;C:\Users\esthe\Downloads\white line 14 _\Whit_1405_16_seven.mp4;C:\Users\esthe\Downloads\white line 14 _\Whit_1405_17_onehalf.mp4;C:\Users\esthe\Downloads\white line 14 _\Whit_1405_18_onehalf.mp4;C:\Users\esthe\Downloads\white line 14 _\Whit_1405_3_five.mp4;C:\Users\esthe\Downloads\white line 14 _\Whit_1405_4_control.mp4;C:\Users\esthe\Downloads\white line 14 _\Whit_1405_5_five.mp4;C:\Users\esthe\Downloads\white line 14 _\Whit_1405_6_seven.mp4;C:\Users\esthe\Downloads\white line 14 _\Whit_1405_7_one.mp4;C:\Users\esthe\Downloads\white line 14 _\Whit_1405_8_onehalf.mp4,0.0,11.970;18.573;4.934;13.001;10.534;8.124;25.795;6.863;16.327;16.565;11.462;7.933;12.699;6.966;16.101,30.000;30.000;30.000;30.000;30.000;24.000;24.000;30.000;30.000;30.000;30.000;30.000;30.000;30.000;30.000,Whiteline,jaw movement,,,POINT,32.875,C:\Users\esthe\Downloads\white line 14 _\Whit_1405_12_two.mp4,70,NA,
whit_1405,2025-06-13 17:07:23.790,,187.239,Media file(s),player #1:C:\Users\esthe\Downloads\white line 14 _\Whit_1405_10_three.mp4;C:\Users\esthe\Downloads\white line 14 _\Whit_1405_11_onehalf.mp4;C:\Users\esthe\Downloads\white line 14 _\Whit_1405_12_two.mp4;C:\Users\esthe\Downloads\white line 14 _\Whit_1405_13_one.mp4;C:\Users\esthe\Downloads\white line 14 _\Whit_1405_14_one.mp4;C:\Users\esthe\Downloads\white line 14 _\Whit_1405_15_onehalf.mp4;C:\Users\esthe\Downloads\white line 14 _\Whit_1405_16_seven.mp4;C:\Users\esthe\Downloads\white line 14 _\Whit_1405_17_onehalf.mp4;C:\Users\esthe\Downloads\white line 14 _\Whit_1405_18_onehalf.mp4;C:\Users\esthe\Downloads\white line 14 _\Whit_1405_3_five.mp4;C:\Users\esthe\Downloads\white line 14 _\Whit_1405_4_control.mp4;C:\Users\esthe\Downloads\white line 14 _\Whit_1405_5_five.mp4;C:\Users\esthe\Downloads\white line 14 _\Whit_1405_6_seven.mp4;C:\Users\esthe\Downloads\white line 14 _\Whit_1405_7_one.mp4;C:\Users\esthe\Downloads\white line 14 _\Whit_1405_8_onehalf.mp4,0.0,11.970;18.573;4.934;13.001;10.534;8.124;25.795;6.863;16.327;16.565;11.462;7.933;12.699;6.966;16.101,30.000;30.000;30.000;30.000;30.000;24.000;24.000;30.000;30.000;30.000;30.000;30.000;30.000;30.000;30.000,Whiteline,jaw movement,,,POINT,33.275,C:\Users\esthe\Downloads\white line 14 _\Whit_1405_12_two.mp4,82,NA,
whit_1405,2025-06-13 17:07:23.790,,187.239,Media file(s),player #1:C:\Users\esthe\Downloads\white line 14 _\Whit_1405_10_three.mp4;C:\Users\esthe\Downloads\white line 14 _\Whit_1405_11_onehalf.mp4;C:\Users\esthe\Downloads\white line 14 _\Whit_1405_12_two.mp4;C:\Users\esthe\Downloads\white line 14 _\Whit_1405_13_one.mp4;C:\Users\esthe\Downloads\white line 14 _\Whit_1405_14_one.mp4;C:\Users\esthe\Downloads\white line 14 _\Whit_1405_15_onehalf.mp4;C:\Users\esthe\Downloads\white line 14 _\Whit_1405_16_seven.mp4;C:\Users\esthe\Downloads\white line 14 _\Whit_1405_17_onehalf.mp4;C:\Users\esthe\Downloads\white line 14 _\Whit_1405_18_onehalf.mp4;C:\Users\esthe\Downloads\white line 14 _\Whit_1405_3_five.mp4;C:\Users\esthe\Downloads\white line 14 _\Whit_1405_4_control.mp4;C:\Users\esthe\Downloads\white line 14 _\Whit_1405_5_five.mp4;C:\Users\esthe\Downloads\white line 14 _\Whit_1405_6_seven.mp4;C:\Users\esthe\Downloads\white line 14 _\Whit_1405_7_one.mp4;C:\Users\esthe\Downloads\white line 14 _\Whit_1405_8_onehalf.mp4,0.0,11.970;18.573;4.934;13.001;10.534;8.124;25.795;6.863;16.327;16.565;11.462;7.933;12.699;6.966;16.101,30.000;30.000;30.000;30.000;30.000;24.000;24.000;30.000;30.000;30.000;30.000;30.000;30.000;30.000;30.000,Whiteline,translational jaw movement,,,POINT,33.608,C:\Users\esthe\Downloads\white line 14 _\Whit_1405_12_two.mp4,92,NA,
whit_1405,2025-06-13 17:07:23.790,,187.239,Media file(s),player #1:C:\Users\esthe\Downloads\white line 14 _\Whit_1405_10_three.mp4;C:\Users\esthe\Downloads\white line 14 _\Whit_1405_11_onehalf.mp4;C:\Users\esthe\Downloads\white line 14 _\Whit_1405_12_two.mp4;C:\Users\esthe\Downloads\white line 14 _\Whit_1405_13_one.mp4;C:\Users\esthe\Downloads\white line 14 _\Whit_1405_14_one.mp4;C:\Users\esthe\Downloads\white line 14 _\Whit_1405_15_onehalf.mp4;C:\Users\esthe\Downloads\white line 14 _\Whit_1405_16_seven.mp4;C:\Users\esthe\Downloads\white line 14 _\Whit_1405_17_onehalf.mp4;C:\Users\esthe\Downloads\white line 14 _\Whit_1405_18_onehalf.mp4;C:\Users\esthe\Downloads\white line 14 _\Whit_1405_3_five.mp4;C:\Users\esthe\Downloads\white line 14 _\Whit_1405_4_control.mp4;C:\Users\esthe\Downloads\white line 14 _\Whit_1405_5_five.mp4;C:\Users\esthe\Downloads\white line 14 _\Whit_1405_6_seven.mp4;C:\Users\esthe\Downloads\white line 14 _\Whit_1405_7_one.mp4;C:\Users\esthe\Downloads\white line 14 _\Whit_1405_8_onehalf.mp4,0.0,11.970;18.573;4.934;13.001;10.534;8.124;25.795;6.863;16.327;16.565;11.462;7.933;12.699;6.966;16.101,30.000;30.000;30.000;30.000;30.000;24.000;24.000;30.000;30.000;30.000;30.000;30.000;30.000;30.000;30.000,Whiteline,teeth-hole contact,,,POINT,33.841,C:\Users\esthe\Downloads\white line 14 _\Whit_1405_12_two.mp4,99,NA,
whit_1405,2025-06-13 17:07:23.790,,187.239,Media file(s),player #1:C:\Users\esthe\Downloads\white line 14 _\Whit_1405_10_three.mp4;C:\Users\esthe\Downloads\white line 14 _\Whit_1405_11_onehalf.mp4;C:\Users\esthe\Downloads\white line 14 _\Whit_1405_12_two.mp4;C:\Users\esthe\Downloads\white line 14 _\Whit_1405_13_one.mp4;C:\Users\esthe\Downloads\white line 14 _\Whit_1405_14_one.mp4;C:\Users\esthe\Downloads\white line 14 _\Whit_1405_15_onehalf.mp4;C:\Users\esthe\Downloads\white line 14 _\Whit_1405_16_seven.mp4;C:\Users\esthe\Downloads\white line 14 _\Whit_1405_17_onehalf.mp4;C:\Users\esthe\Downloads\white line 14 _\Whit_1405_18_onehalf.mp4;C:\Users\esthe\Downloads\white line 14 _\Whit_1405_3_five.mp4;C:\Users\esthe\Downloads\white line 14 _\Whit_1405_4_control.mp4;C:\Users\esthe\Downloads\white line 14 _\Whit_1405_5_five.mp4;C:\Users\esthe\Downloads\white line 14 _\Whit_1405_6_seven.mp4;C:\Users\esthe\Downloads\white line 14 _\Whit_1405_7_one.mp4;C:\Users\esthe\Downloads\white line 14 _\Whit_1405_8_onehalf.mp4,0.0,11.970;18.573;4.934;13.001;10.534;8.124;25.795;6.863;16.327;16.565;11.462;7.933;12.699;6.966;16.101,30.000;30.000;30.000;30.000;30.000;24.000;24.000;30.000;30.000;30.000;30.000;30.000;30.000;30.000;30.000,Whiteline,assessing,,,STOP,33.908,C:\Users\esthe\Downloads\white line 14 _\Whit_1405_12_two.mp4,101,NA,
whit_1405,2025-06-13 17:07:23.790,,187.239,Media file(s),player #1:C:\Users\esthe\Downloads\white line 14 _\Whit_1405_10_three.mp4;C:\Users\esthe\Downloads\white line 14 _\Whit_1405_11_onehalf.mp4;C:\Users\esthe\Downloads\white line 14 _\Whit_1405_12_two.mp4;C:\Users\esthe\Downloads\white line 14 _\Whit_1405_13_one.mp4;C:\Users\esthe\Downloads\white line 14 _\Whit_1405_14_one.mp4;C:\Users\esthe\Downloads\white line 14 _\Whit_1405_15_onehalf.mp4;C:\Users\esthe\Downloads\white line 14 _\Whit_1405_16_seven.mp4;C:\Users\esthe\Downloads\white line 14 _\Whit_1405_17_onehalf.mp4;C:\Users\esthe\Downloads\white line 14 _\Whit_1405_18_onehalf.mp4;C:\Users\esthe\Downloads\white line 14 _\Whit_1405_3_five.mp4;C:\Users\esthe\Downloads\white line 14 _\Whit_1405_4_control.mp4;C:\Users\esthe\Downloads\white line 14 _\Whit_1405_5_five.mp4;C:\Users\esthe\Downloads\white line 14 _\Whit_1405_6_seven.mp4;C:\Users\esthe\Downloads\white line 14 _\Whit_1405_7_one.mp4;C:\Users\esthe\Downloads\white line 14 _\Whit_1405_8_onehalf.mp4,0.0,11.970;18.573;4.934;13.001;10.534;8.124;25.795;6.863;16.327;16.565;11.462;7.933;12.699;6.966;16.101,30.000;30.000;30.000;30.000;30.000;24.000;24.000;30.000;30.000;30.000;30.000;30.000;30.000;30.000;30.000,Whiteline,jaw movement,,,POINT,34.041,C:\Users\esthe\Downloads\white line 14 _\Whit_1405_12_two.mp4,105,NA,
whit_1405,2025-06-13 17:07:23.790,,187.239,Media file(s),player #1:C:\Users\esthe\Downloads\white line 14 _\Whit_1405_10_three.mp4;C:\Users\esthe\Downloads\white line 14 _\Whit_1405_11_onehalf.mp4;C:\Users\esthe\Downloads\white line 14 _\Whit_1405_12_two.mp4;C:\Users\esthe\Downloads\white line 14 _\Whit_1405_13_one.mp4;C:\Users\esthe\Downloads\white line 14 _\Whit_1405_14_one.mp4;C:\Users\esthe\Downloads\white line 14 _\Whit_1405_15_onehalf.mp4;C:\Users\esthe\Downloads\white line 14 _\Whit_1405_16_seven.mp4;C:\Users\esthe\Downloads\white line 14 _\Whit_1405_17_onehalf.mp4;C:\Users\esthe\Downloads\white line 14 _\Whit_1405_18_onehalf.mp4;C:\Users\esthe\Downloads\white line 14 _\Whit_1405_3_five.mp4;C:\Users\esthe\Downloads\white line 14 _\Whit_1405_4_control.mp4;C:\Users\esthe\Downloads\white line 14 _\Whit_1405_5_five.mp4;C:\Users\esthe\Downloads\white line 14 _\Whit_1405_6_seven.mp4;C:\Users\esthe\Downloads\white line 14 _\Whit_1405_7_one.mp4;C:\Users\esthe\Downloads\white line 14 _\Whit_1405_8_onehalf.mp4,0.0,11.970;18.573;4.934;13.001;10.534;8.124;25.795;6.863;16.327;16.565;11.462;7.933;12.699;6.966;16.101,30.000;30.000;30.000;30.000;30.000;24.000;24.000;30.000;30.000;30.000;30.000;30.000;30.000;30.000;30.000,Whiteline,peeling,,,START,34.041,C:\Users\esthe\Downloads\white line 14 _\Whit_1405_12_two.mp4,105,NA,
whit_1405,2025-06-13 17:07:23.790,,187.239,Media file(s),player #1:C:\Users\esthe\Downloads\white line 14 _\Whit_1405_10_three.mp4;C:\Users\esthe\Downloads\white line 14 _\Whit_1405_11_onehalf.mp4;C:\Users\esthe\Downloads\white line 14 _\Whit_1405_12_two.mp4;C:\Users\esthe\Downloads\white line 14 _\Whit_1405_13_one.mp4;C:\Users\esthe\Downloads\white line 14 _\Whit_1405_14_one.mp4;C:\Users\esthe\Downloads\white line 14 _\Whit_1405_15_onehalf.mp4;C:\Users\esthe\Downloads\white line 14 _\Whit_1405_16_seven.mp4;C:\Users\esthe\Downloads\white line 14 _\Whit_1405_17_onehalf.mp4;C:\Users\esthe\Downloads\white line 14 _\Whit_1405_18_onehalf.mp4;C:\Users\esthe\Downloads\white line 14 _\Whit_1405_3_five.mp4;C:\Users\esthe\Downloads\white line 14 _\Whit_1405_4_control.mp4;C:\Users\esthe\Downloads\white line 14 _\Whit_1405_5_five.mp4;C:\Users\esthe\Downloads\white line 14 _\Whit_1405_6_seven.mp4;C:\Users\esthe\Downloads\white line 14 _\Whit_1405_7_one.mp4;C:\Users\esthe\Downloads\white line 14 _\Whit_1405_8_onehalf.mp4,0.0,11.970;18.573;4.934;13.001;10.534;8.124;25.795;6.863;16.327;16.565;11.462;7.933;12.699;6.966;16.101,30.000;30.000;30.000;30.000;30.000;24.000;24.000;30.000;30.000;30.000;30.000;30.000;30.000;30.000;30.000,Whiteline,jaw movement,,,POINT,34.242,C:\Users\esthe\Downloads\white line 14 _\Whit_1405_12_two.mp4,111,NA,
whit_1405,2025-06-13 17:07:23.790,,187.239,Media file(s),player #1:C:\Users\esthe\Downloads\white line 14 _\Whit_1405_10_three.mp4;C:\Users\esthe\Downloads\white line 14 _\Whit_1405_11_onehalf.mp4;C:\Users\esthe\Downloads\white line 14 _\Whit_1405_12_two.mp4;C:\Users\esthe\Downloads\white line 14 _\Whit_1405_13_one.mp4;C:\Users\esthe\Downloads\white line 14 _\Whit_1405_14_one.mp4;C:\Users\esthe\Downloads\white line 14 _\Whit_1405_15_onehalf.mp4;C:\Users\esthe\Downloads\white line 14 _\Whit_1405_16_seven.mp4;C:\Users\esthe\Downloads\white line 14 _\Whit_1405_17_onehalf.mp4;C:\Users\esthe\Downloads\white line 14 _\Whit_1405_18_onehalf.mp4;C:\Users\esthe\Downloads\white line 14 _\Whit_1405_3_five.mp4;C:\Users\esthe\Downloads\white line 14 _\Whit_1405_4_control.mp4;C:\Users\esthe\Downloads\white line 14 _\Whit_1405_5_five.mp4;C:\Users\esthe\Downloads\white line 14 _\Whit_1405_6_seven.mp4;C:\Users\esthe\Downloads\white line 14 _\Whit_1405_7_one.mp4;C:\Users\esthe\Downloads\white line 14 _\Whit_1405_8_onehalf.mp4,0.0,11.970;18.573;4.934;13.001;10.534;8.124;25.795;6.863;16.327;16.565;11.462;7.933;12.699;6.966;16.101,30.000;30.000;30.000;30.000;30.000;24.000;24.000;30.000;30.000;30.000;30.000;30.000;30.000;30.000;30.000,Whiteline,jaw movement,,,POINT,34.442,C:\Users\esthe\Downloads\white line 14 _\Whit_1405_12_two.mp4,117,NA,
whit_1405,2025-06-13 17:07:23.790,,187.239,Media file(s),player #1:C:\Users\esthe\Downloads\white line 14 _\Whit_1405_10_three.mp4;C:\Users\esthe\Downloads\white line 14 _\Whit_1405_11_onehalf.mp4;C:\Users\esthe\Downloads\white line 14 _\Whit_1405_12_two.mp4;C:\Users\esthe\Downloads\white line 14 _\Whit_1405_13_one.mp4;C:\Users\esthe\Downloads\white line 14 _\Whit_1405_14_one.mp4;C:\Users\esthe\Downloads\white line 14 _\Whit_1405_15_onehalf.mp4;C:\Users\esthe\Downloads\white line 14 _\Whit_1405_16_seven.mp4;C:\Users\esthe\Downloads\white line 14 _\Whit_1405_17_onehalf.mp4;C:\Users\esthe\Downloads\white line 14 _\Whit_1405_18_onehalf.mp4;C:\Users\esthe\Downloads\white line 14 _\Whit_1405_3_five.mp4;C:\Users\esthe\Downloads\white line 14 _\Whit_1405_4_control.mp4;C:\Users\esthe\Downloads\white line 14 _\Whit_1405_5_five.mp4;C:\Users\esthe\Downloads\white line 14 _\Whit_1405_6_seven.mp4;C:\Users\esthe\Downloads\white line 14 _\Whit_1405_7_one.mp4;C:\Users\esthe\Downloads\white line 14 _\Whit_1405_8_onehalf.mp4,0.0,11.970;18.573;4.934;13.001;10.534;8.124;25.795;6.863;16.327;16.565;11.462;7.933;12.699;6.966;16.101,30.000;30.000;30.000;30.000;30.000;24.000;24.000;30.000;30.000;30.000;30.000;30.000;30.000;30.000;30.000,Whiteline,jaw movement,,,POINT,34.675,C:\Users\esthe\Downloads\white line 14 _\Whit_1405_12_two.mp4,124,NA,
whit_1405,2025-06-13 17:07:23.790,,187.239,Media file(s),player #1:C:\Users\esthe\Downloads\white line 14 _\Whit_1405_10_three.mp4;C:\Users\esthe\Downloads\white line 14 _\Whit_1405_11_onehalf.mp4;C:\Users\esthe\Downloads\white line 14 _\Whit_1405_12_two.mp4;C:\Users\esthe\Downloads\white line 14 _\Whit_1405_13_one.mp4;C:\Users\esthe\Downloads\white line 14 _\Whit_1405_14_one.mp4;C:\Users\esthe\Downloads\white line 14 _\Whit_1405_15_onehalf.mp4;C:\Users\esthe\Downloads\white line 14 _\Whit_1405_16_seven.mp4;C:\Users\esthe\Downloads\white line 14 _\Whit_1405_17_onehalf.mp4;C:\Users\esthe\Downloads\white line 14 _\Whit_1405_18_onehalf.mp4;C:\Users\esthe\Downloads\white line 14 _\Whit_1405_3_five.mp4;C:\Users\esthe\Downloads\white line 14 _\Whit_1405_4_control.mp4;C:\Users\esthe\Downloads\white line 14 _\Whit_1405_5_five.mp4;C:\Users\esthe\Downloads\white line 14 _\Whit_1405_6_seven.mp4;C:\Users\esthe\Downloads\white line 14 _\Whit_1405_7_one.mp4;C:\Users\esthe\Downloads\white line 14 _\Whit_1405_8_onehalf.mp4,0.0,11.970;18.573;4.934;13.001;10.534;8.124;25.795;6.863;16.327;16.565;11.462;7.933;12.699;6.966;16.101,30.000;30.000;30.000;30.000;30.000;24.000;24.000;30.000;30.000;30.000;30.000;30.000;30.000;30.000;30.000,Whiteline,jaw movement,,,POINT,34.875,C:\Users\esthe\Downloads\white line 14 _\Whit_1405_12_two.mp4,130,NA,
whit_1405,2025-06-13 17:07:23.790,,187.239,Media file(s),player #1:C:\Users\esthe\Downloads\white line 14 _\Whit_1405_10_three.mp4;C:\Users\esthe\Downloads\white line 14 _\Whit_1405_11_onehalf.mp4;C:\Users\esthe\Downloads\white line 14 _\Whit_1405_12_two.mp4;C:\Users\esthe\Downloads\white line 14 _\Whit_1405_13_one.mp4;C:\Users\esthe\Downloads\white line 14 _\Whit_1405_14_one.mp4;C:\Users\esthe\Downloads\white line 14 _\Whit_1405_15_onehalf.mp4;C:\Users\esthe\Downloads\white line 14 _\Whit_1405_16_seven.mp4;C:\Users\esthe\Downloads\white line 14 _\Whit_1405_17_onehalf.mp4;C:\Users\esthe\Downloads\white line 14 _\Whit_1405_18_onehalf.mp4;C:\Users\esthe\Downloads\white line 14 _\Whit_1405_3_five.mp4;C:\Users\esthe\Downloads\white line 14 _\Whit_1405_4_control.mp4;C:\Users\esthe\Downloads\white line 14 _\Whit_1405_5_five.mp4;C:\Users\esthe\Downloads\white line 14 _\Whit_1405_6_seven.mp4;C:\Users\esthe\Downloads\white line 14 _\Whit_1405_7_one.mp4;C:\Users\esthe\Downloads\white line 14 _\Whit_1405_8_onehalf.mp4,0.0,11.970;18.573;4.934;13.001;10.534;8.124;25.795;6.863;16.327;16.565;11.462;7.933;12.699;6.966;16.101,30.000;30.000;30.000;30.000;30.000;24.000;24.000;30.000;30.000;30.000;30.000;30.000;30.000;30.000;30.000,Whiteline,jaw movement,,,POINT,35.142,C:\Users\esthe\Downloads\white line 14 _\Whit_1405_12_two.mp4,138,NA,
whit_1405,2025-06-13 17:07:23.790,,187.239,Media file(s),player #1:C:\Users\esthe\Downloads\white line 14 _\Whit_1405_10_three.mp4;C:\Users\esthe\Downloads\white line 14 _\Whit_1405_11_onehalf.mp4;C:\Users\esthe\Downloads\white line 14 _\Whit_1405_12_two.mp4;C:\Users\esthe\Downloads\white line 14 _\Whit_1405_13_one.mp4;C:\Users\esthe\Downloads\white line 14 _\Whit_1405_14_one.mp4;C:\Users\esthe\Downloads\white line 14 _\Whit_1405_15_onehalf.mp4;C:\Users\esthe\Downloads\white line 14 _\Whit_1405_16_seven.mp4;C:\Users\esthe\Downloads\white line 14 _\Whit_1405_17_onehalf.mp4;C:\Users\esthe\Downloads\white line 14 _\Whit_1405_18_onehalf.mp4;C:\Users\esthe\Downloads\white line 14 _\Whit_1405_3_five.mp4;C:\Users\esthe\Downloads\white line 14 _\Whit_1405_4_control.mp4;C:\Users\esthe\Downloads\white line 14 _\Whit_1405_5_five.mp4;C:\Users\esthe\Downloads\white line 14 _\Whit_1405_6_seven.mp4;C:\Users\esthe\Downloads\white line 14 _\Whit_1405_7_one.mp4;C:\Users\esthe\Downloads\white line 14 _\Whit_1405_8_onehalf.mp4,0.0,11.970;18.573;4.934;13.001;10.534;8.124;25.795;6.863;16.327;16.565;11.462;7.933;12.699;6.966;16.101,30.000;30.000;30.000;30.000;30.000;24.000;24.000;30.000;30.000;30.000;30.000;30.000;30.000;30.000;30.000,Whiteline,peeling,,,STOP,35.308,C:\Users\esthe\Downloads\white line 14 _\Whit_1405_12_two.mp4,143,NA,
whit_1405,2025-06-13 17:07:23.790,,187.239,Media file(s),player #1:C:\Users\esthe\Downloads\white line 14 _\Whit_1405_10_three.mp4;C:\Users\esthe\Downloads\white line 14 _\Whit_1405_11_onehalf.mp4;C:\Users\esthe\Downloads\white line 14 _\Whit_1405_12_two.mp4;C:\Users\esthe\Downloads\white line 14 _\Whit_1405_13_one.mp4;C:\Users\esthe\Downloads\white line 14 _\Whit_1405_14_one.mp4;C:\Users\esthe\Downloads\white line 14 _\Whit_1405_15_onehalf.mp4;C:\Users\esthe\Downloads\white line 14 _\Whit_1405_16_seven.mp4;C:\Users\esthe\Downloads\white line 14 _\Whit_1405_17_onehalf.mp4;C:\Users\esthe\Downloads\white line 14 _\Whit_1405_18_onehalf.mp4;C:\Users\esthe\Downloads\white line 14 _\Whit_1405_3_five.mp4;C:\Users\esthe\Downloads\white line 14 _\Whit_1405_4_control.mp4;C:\Users\esthe\Downloads\white line 14 _\Whit_1405_5_five.mp4;C:\Users\esthe\Downloads\white line 14 _\Whit_1405_6_seven.mp4;C:\Users\esthe\Downloads\white line 14 _\Whit_1405_7_one.mp4;C:\Users\esthe\Downloads\white line 14 _\Whit_1405_8_onehalf.mp4,0.0,11.970;18.573;4.934;13.001;10.534;8.124;25.795;6.863;16.327;16.565;11.462;7.933;12.699;6.966;16.101,30.000;30.000;30.000;30.000;30.000;24.000;24.000;30.000;30.000;30.000;30.000;30.000;30.000;30.000;30.000,Whiteline,explore,,,START,35.642,C:\Users\esthe\Downloads\white line 14 _\Whit_1405_13_one.mp4,5,NA,
whit_1405,2025-06-13 17:07:23.790,,187.239,Media file(s),player #1:C:\Users\esthe\Downloads\white line 14 _\Whit_1405_10_three.mp4;C:\Users\esthe\Downloads\white line 14 _\Whit_1405_11_onehalf.mp4;C:\Users\esthe\Downloads\white line 14 _\Whit_1405_12_two.mp4;C:\Users\esthe\Downloads\white line 14 _\Whit_1405_13_one.mp4;C:\Users\esthe\Downloads\white line 14 _\Whit_1405_14_one.mp4;C:\Users\esthe\Downloads\white line 14 _\Whit_1405_15_onehalf.mp4;C:\Users\esthe\Downloads\white line 14 _\Whit_1405_16_seven.mp4;C:\Users\esthe\Downloads\white line 14 _\Whit_1405_17_onehalf.mp4;C:\Users\esthe\Downloads\white line 14 _\Whit_1405_18_onehalf.mp4;C:\Users\esthe\Downloads\white line 14 _\Whit_1405_3_five.mp4;C:\Users\esthe\Downloads\white line 14 _\Whit_1405_4_control.mp4;C:\Users\esthe\Downloads\white line 14 _\Whit_1405_5_five.mp4;C:\Users\esthe\Downloads\white line 14 _\Whit_1405_6_seven.mp4;C:\Users\esthe\Downloads\white line 14 _\Whit_1405_7_one.mp4;C:\Users\esthe\Downloads\white line 14 _\Whit_1405_8_onehalf.mp4,0.0,11.970;18.573;4.934;13.001;10.534;8.124;25.795;6.863;16.327;16.565;11.462;7.933;12.699;6.966;16.101,30.000;30.000;30.000;30.000;30.000;24.000;24.000;30.000;30.000;30.000;30.000;30.000;30.000;30.000;30.000,Whiteline,explore,,,STOP,38.642,C:\Users\esthe\Downloads\white line 14 _\Whit_1405_13_one.mp4,95,NA,
whit_1405,2025-06-13 17:07:23.790,,187.239,Media file(s),player #1:C:\Users\esthe\Downloads\white line 14 _\Whit_1405_10_three.mp4;C:\Users\esthe\Downloads\white line 14 _\Whit_1405_11_onehalf.mp4;C:\Users\esthe\Downloads\white line 14 _\Whit_1405_12_two.mp4;C:\Users\esthe\Downloads\white line 14 _\Whit_1405_13_one.mp4;C:\Users\esthe\Downloads\white line 14 _\Whit_1405_14_one.mp4;C:\Users\esthe\Downloads\white line 14 _\Whit_1405_15_onehalf.mp4;C:\Users\esthe\Downloads\white line 14 _\Whit_1405_16_seven.mp4;C:\Users\esthe\Downloads\white line 14 _\Whit_1405_17_onehalf.mp4;C:\Users\esthe\Downloads\white line 14 _\Whit_1405_18_onehalf.mp4;C:\Users\esthe\Downloads\white line 14 _\Whit_1405_3_five.mp4;C:\Users\esthe\Downloads\white line 14 _\Whit_1405_4_control.mp4;C:\Users\esthe\Downloads\white line 14 _\Whit_1405_5_five.mp4;C:\Users\esthe\Downloads\white line 14 _\Whit_1405_6_seven.mp4;C:\Users\esthe\Downloads\white line 14 _\Whit_1405_7_one.mp4;C:\Users\esthe\Downloads\white line 14 _\Whit_1405_8_onehalf.mp4,0.0,11.970;18.573;4.934;13.001;10.534;8.124;25.795;6.863;16.327;16.565;11.462;7.933;12.699;6.966;16.101,30.000;30.000;30.000;30.000;30.000;24.000;24.000;30.000;30.000;30.000;30.000;30.000;30.000;30.000;30.000,Whiteline,bending,,,START,38.875,C:\Users\esthe\Downloads\white line 14 _\Whit_1405_13_one.mp4,102,NA,
whit_1405,2025-06-13 17:07:23.790,,187.239,Media file(s),player #1:C:\Users\esthe\Downloads\white line 14 _\Whit_1405_10_three.mp4;C:\Users\esthe\Downloads\white line 14 _\Whit_1405_11_onehalf.mp4;C:\Users\esthe\Downloads\white line 14 _\Whit_1405_12_two.mp4;C:\Users\esthe\Downloads\white line 14 _\Whit_1405_13_one.mp4;C:\Users\esthe\Downloads\white line 14 _\Whit_1405_14_one.mp4;C:\Users\esthe\Downloads\white line 14 _\Whit_1405_15_onehalf.mp4;C:\Users\esthe\Downloads\white line 14 _\Whit_1405_16_seven.mp4;C:\Users\esthe\Downloads\white line 14 _\Whit_1405_17_onehalf.mp4;C:\Users\esthe\Downloads\white line 14 _\Whit_1405_18_onehalf.mp4;C:\Users\esthe\Downloads\white line 14 _\Whit_1405_3_five.mp4;C:\Users\esthe\Downloads\white line 14 _\Whit_1405_4_control.mp4;C:\Users\esthe\Downloads\white line 14 _\Whit_1405_5_five.mp4;C:\Users\esthe\Downloads\white line 14 _\Whit_1405_6_seven.mp4;C:\Users\esthe\Downloads\white line 14 _\Whit_1405_7_one.mp4;C:\Users\esthe\Downloads\white line 14 _\Whit_1405_8_onehalf.mp4,0.0,11.970;18.573;4.934;13.001;10.534;8.124;25.795;6.863;16.327;16.565;11.462;7.933;12.699;6.966;16.101,30.000;30.000;30.000;30.000;30.000;24.000;24.000;30.000;30.000;30.000;30.000;30.000;30.000;30.000;30.000,Whiteline,bending,,,STOP,39.175,C:\Users\esthe\Downloads\white line 14 _\Whit_1405_13_one.mp4,111,NA,
whit_1405,2025-06-13 17:07:23.790,,187.239,Media file(s),player #1:C:\Users\esthe\Downloads\white line 14 _\Whit_1405_10_three.mp4;C:\Users\esthe\Downloads\white line 14 _\Whit_1405_11_onehalf.mp4;C:\Users\esthe\Downloads\white line 14 _\Whit_1405_12_two.mp4;C:\Users\esthe\Downloads\white line 14 _\Whit_1405_13_one.mp4;C:\Users\esthe\Downloads\white line 14 _\Whit_1405_14_one.mp4;C:\Users\esthe\Downloads\white line 14 _\Whit_1405_15_onehalf.mp4;C:\Users\esthe\Downloads\white line 14 _\Whit_1405_16_seven.mp4;C:\Users\esthe\Downloads\white line 14 _\Whit_1405_17_onehalf.mp4;C:\Users\esthe\Downloads\white line 14 _\Whit_1405_18_onehalf.mp4;C:\Users\esthe\Downloads\white line 14 _\Whit_1405_3_five.mp4;C:\Users\esthe\Downloads\white line 14 _\Whit_1405_4_control.mp4;C:\Users\esthe\Downloads\white line 14 _\Whit_1405_5_five.mp4;C:\Users\esthe\Downloads\white line 14 _\Whit_1405_6_seven.mp4;C:\Users\esthe\Downloads\white line 14 _\Whit_1405_7_one.mp4;C:\Users\esthe\Downloads\white line 14 _\Whit_1405_8_onehalf.mp4,0.0,11.970;18.573;4.934;13.001;10.534;8.124;25.795;6.863;16.327;16.565;11.462;7.933;12.699;6.966;16.101,30.000;30.000;30.000;30.000;30.000;24.000;24.000;30.000;30.000;30.000;30.000;30.000;30.000;30.000;30.000,Whiteline,grabbing peanut,,,POINT,39.175,C:\Users\esthe\Downloads\white line 14 _\Whit_1405_13_one.mp4,111,NA,
whit_1405,2025-06-13 17:07:23.790,,187.239,Media file(s),player #1:C:\Users\esthe\Downloads\white line 14 _\Whit_1405_10_three.mp4;C:\Users\esthe\Downloads\white line 14 _\Whit_1405_11_onehalf.mp4;C:\Users\esthe\Downloads\white line 14 _\Whit_1405_12_two.mp4;C:\Users\esthe\Downloads\white line 14 _\Whit_1405_13_one.mp4;C:\Users\esthe\Downloads\white line 14 _\Whit_1405_14_one.mp4;C:\Users\esthe\Downloads\white line 14 _\Whit_1405_15_onehalf.mp4;C:\Users\esthe\Downloads\white line 14 _\Whit_1405_16_seven.mp4;C:\Users\esthe\Downloads\white line 14 _\Whit_1405_17_onehalf.mp4;C:\Users\esthe\Downloads\white line 14 _\Whit_1405_18_onehalf.mp4;C:\Users\esthe\Downloads\white line 14 _\Whit_1405_3_five.mp4;C:\Users\esthe\Downloads\white line 14 _\Whit_1405_4_control.mp4;C:\Users\esthe\Downloads\white line 14 _\Whit_1405_5_five.mp4;C:\Users\esthe\Downloads\white line 14 _\Whit_1405_6_seven.mp4;C:\Users\esthe\Downloads\white line 14 _\Whit_1405_7_one.mp4;C:\Users\esthe\Downloads\white line 14 _\Whit_1405_8_onehalf.mp4,0.0,11.970;18.573;4.934;13.001;10.534;8.124;25.795;6.863;16.327;16.565;11.462;7.933;12.699;6.966;16.101,30.000;30.000;30.000;30.000;30.000;24.000;24.000;30.000;30.000;30.000;30.000;30.000;30.000;30.000;30.000,Whiteline,lifting,,,START,39.209,C:\Users\esthe\Downloads\white line 14 _\Whit_1405_13_one.mp4,112,NA,
whit_1405,2025-06-13 17:07:23.790,,187.239,Media file(s),player #1:C:\Users\esthe\Downloads\white line 14 _\Whit_1405_10_three.mp4;C:\Users\esthe\Downloads\white line 14 _\Whit_1405_11_onehalf.mp4;C:\Users\esthe\Downloads\white line 14 _\Whit_1405_12_two.mp4;C:\Users\esthe\Downloads\white line 14 _\Whit_1405_13_one.mp4;C:\Users\esthe\Downloads\white line 14 _\Whit_1405_14_one.mp4;C:\Users\esthe\Downloads\white line 14 _\Whit_1405_15_onehalf.mp4;C:\Users\esthe\Downloads\white line 14 _\Whit_1405_16_seven.mp4;C:\Users\esthe\Downloads\white line 14 _\Whit_1405_17_onehalf.mp4;C:\Users\esthe\Downloads\white line 14 _\Whit_1405_18_onehalf.mp4;C:\Users\esthe\Downloads\white line 14 _\Whit_1405_3_five.mp4;C:\Users\esthe\Downloads\white line 14 _\Whit_1405_4_control.mp4;C:\Users\esthe\Downloads\white line 14 _\Whit_1405_5_five.mp4;C:\Users\esthe\Downloads\white line 14 _\Whit_1405_6_seven.mp4;C:\Users\esthe\Downloads\white line 14 _\Whit_1405_7_one.mp4;C:\Users\esthe\Downloads\white line 14 _\Whit_1405_8_onehalf.mp4,0.0,11.970;18.573;4.934;13.001;10.534;8.124;25.795;6.863;16.327;16.565;11.462;7.933;12.699;6.966;16.101,30.000;30.000;30.000;30.000;30.000;24.000;24.000;30.000;30.000;30.000;30.000;30.000;30.000;30.000;30.000,Whiteline,lifting,,,STOP,39.775,C:\Users\esthe\Downloads\white line 14 _\Whit_1405_13_one.mp4,129,NA,
whit_1405,2025-06-13 17:07:23.790,,187.239,Media file(s),player #1:C:\Users\esthe\Downloads\white line 14 _\Whit_1405_10_three.mp4;C:\Users\esthe\Downloads\white line 14 _\Whit_1405_11_onehalf.mp4;C:\Users\esthe\Downloads\white line 14 _\Whit_1405_12_two.mp4;C:\Users\esthe\Downloads\white line 14 _\Whit_1405_13_one.mp4;C:\Users\esthe\Downloads\white line 14 _\Whit_1405_14_one.mp4;C:\Users\esthe\Downloads\white line 14 _\Whit_1405_15_onehalf.mp4;C:\Users\esthe\Downloads\white line 14 _\Whit_1405_16_seven.mp4;C:\Users\esthe\Downloads\white line 14 _\Whit_1405_17_onehalf.mp4;C:\Users\esthe\Downloads\white line 14 _\Whit_1405_18_onehalf.mp4;C:\Users\esthe\Downloads\white line 14 _\Whit_1405_3_five.mp4;C:\Users\esthe\Downloads\white line 14 _\Whit_1405_4_control.mp4;C:\Users\esthe\Downloads\white line 14 _\Whit_1405_5_five.mp4;C:\Users\esthe\Downloads\white line 14 _\Whit_1405_6_seven.mp4;C:\Users\esthe\Downloads\white line 14 _\Whit_1405_7_one.mp4;C:\Users\esthe\Downloads\white line 14 _\Whit_1405_8_onehalf.mp4,0.0,11.970;18.573;4.934;13.001;10.534;8.124;25.795;6.863;16.327;16.565;11.462;7.933;12.699;6.966;16.101,30.000;30.000;30.000;30.000;30.000;24.000;24.000;30.000;30.000;30.000;30.000;30.000;30.000;30.000;30.000,Whiteline,target,,,START,39.875,C:\Users\esthe\Downloads\white line 14 _\Whit_1405_13_one.mp4,132,NA,
whit_1405,2025-06-13 17:07:23.790,,187.239,Media file(s),player #1:C:\Users\esthe\Downloads\white line 14 _\Whit_1405_10_three.mp4;C:\Users\esthe\Downloads\white line 14 _\Whit_1405_11_onehalf.mp4;C:\Users\esthe\Downloads\white line 14 _\Whit_1405_12_two.mp4;C:\Users\esthe\Downloads\white line 14 _\Whit_1405_13_one.mp4;C:\Users\esthe\Downloads\white line 14 _\Whit_1405_14_one.mp4;C:\Users\esthe\Downloads\white line 14 _\Whit_1405_15_onehalf.mp4;C:\Users\esthe\Downloads\white line 14 _\Whit_1405_16_seven.mp4;C:\Users\esthe\Downloads\white line 14 _\Whit_1405_17_onehalf.mp4;C:\Users\esthe\Downloads\white line 14 _\Whit_1405_18_onehalf.mp4;C:\Users\esthe\Downloads\white line 14 _\Whit_1405_3_five.mp4;C:\Users\esthe\Downloads\white line 14 _\Whit_1405_4_control.mp4;C:\Users\esthe\Downloads\white line 14 _\Whit_1405_5_five.mp4;C:\Users\esthe\Downloads\white line 14 _\Whit_1405_6_seven.mp4;C:\Users\esthe\Downloads\white line 14 _\Whit_1405_7_one.mp4;C:\Users\esthe\Downloads\white line 14 _\Whit_1405_8_onehalf.mp4,0.0,11.970;18.573;4.934;13.001;10.534;8.124;25.795;6.863;16.327;16.565;11.462;7.933;12.699;6.966;16.101,30.000;30.000;30.000;30.000;30.000;24.000;24.000;30.000;30.000;30.000;30.000;30.000;30.000;30.000;30.000,Whiteline,target,,,STOP,44.876,C:\Users\esthe\Downloads\white line 14 _\Whit_1405_13_one.mp4,283,NA,
whit_1405,2025-06-13 17:07:23.790,,187.239,Media file(s),player #1:C:\Users\esthe\Downloads\white line 14 _\Whit_1405_10_three.mp4;C:\Users\esthe\Downloads\white line 14 _\Whit_1405_11_onehalf.mp4;C:\Users\esthe\Downloads\white line 14 _\Whit_1405_12_two.mp4;C:\Users\esthe\Downloads\white line 14 _\Whit_1405_13_one.mp4;C:\Users\esthe\Downloads\white line 14 _\Whit_1405_14_one.mp4;C:\Users\esthe\Downloads\white line 14 _\Whit_1405_15_onehalf.mp4;C:\Users\esthe\Downloads\white line 14 _\Whit_1405_16_seven.mp4;C:\Users\esthe\Downloads\white line 14 _\Whit_1405_17_onehalf.mp4;C:\Users\esthe\Downloads\white line 14 _\Whit_1405_18_onehalf.mp4;C:\Users\esthe\Downloads\white line 14 _\Whit_1405_3_five.mp4;C:\Users\esthe\Downloads\white line 14 _\Whit_1405_4_control.mp4;C:\Users\esthe\Downloads\white line 14 _\Whit_1405_5_five.mp4;C:\Users\esthe\Downloads\white line 14 _\Whit_1405_6_seven.mp4;C:\Users\esthe\Downloads\white line 14 _\Whit_1405_7_one.mp4;C:\Users\esthe\Downloads\white line 14 _\Whit_1405_8_onehalf.mp4,0.0,11.970;18.573;4.934;13.001;10.534;8.124;25.795;6.863;16.327;16.565;11.462;7.933;12.699;6.966;16.101,30.000;30.000;30.000;30.000;30.000;24.000;24.000;30.000;30.000;30.000;30.000;30.000;30.000;30.000;30.000,Whiteline,bending,,,START,49.208,C:\Users\esthe\Downloads\white line 14 _\Whit_1405_14_one.mp4,22,NA,
whit_1405,2025-06-13 17:07:23.790,,187.239,Media file(s),player #1:C:\Users\esthe\Downloads\white line 14 _\Whit_1405_10_three.mp4;C:\Users\esthe\Downloads\white line 14 _\Whit_1405_11_onehalf.mp4;C:\Users\esthe\Downloads\white line 14 _\Whit_1405_12_two.mp4;C:\Users\esthe\Downloads\white line 14 _\Whit_1405_13_one.mp4;C:\Users\esthe\Downloads\white line 14 _\Whit_1405_14_one.mp4;C:\Users\esthe\Downloads\white line 14 _\Whit_1405_15_onehalf.mp4;C:\Users\esthe\Downloads\white line 14 _\Whit_1405_16_seven.mp4;C:\Users\esthe\Downloads\white line 14 _\Whit_1405_17_onehalf.mp4;C:\Users\esthe\Downloads\white line 14 _\Whit_1405_18_onehalf.mp4;C:\Users\esthe\Downloads\white line 14 _\Whit_1405_3_five.mp4;C:\Users\esthe\Downloads\white line 14 _\Whit_1405_4_control.mp4;C:\Users\esthe\Downloads\white line 14 _\Whit_1405_5_five.mp4;C:\Users\esthe\Downloads\white line 14 _\Whit_1405_6_seven.mp4;C:\Users\esthe\Downloads\white line 14 _\Whit_1405_7_one.mp4;C:\Users\esthe\Downloads\white line 14 _\Whit_1405_8_onehalf.mp4,0.0,11.970;18.573;4.934;13.001;10.534;8.124;25.795;6.863;16.327;16.565;11.462;7.933;12.699;6.966;16.101,30.000;30.000;30.000;30.000;30.000;24.000;24.000;30.000;30.000;30.000;30.000;30.000;30.000;30.000;30.000,Whiteline,bending,,,STOP,49.542,C:\Users\esthe\Downloads\white line 14 _\Whit_1405_14_one.mp4,32,NA,
whit_1405,2025-06-13 17:07:23.790,,187.239,Media file(s),player #1:C:\Users\esthe\Downloads\white line 14 _\Whit_1405_10_three.mp4;C:\Users\esthe\Downloads\white line 14 _\Whit_1405_11_onehalf.mp4;C:\Users\esthe\Downloads\white line 14 _\Whit_1405_12_two.mp4;C:\Users\esthe\Downloads\white line 14 _\Whit_1405_13_one.mp4;C:\Users\esthe\Downloads\white line 14 _\Whit_1405_14_one.mp4;C:\Users\esthe\Downloads\white line 14 _\Whit_1405_15_onehalf.mp4;C:\Users\esthe\Downloads\white line 14 _\Whit_1405_16_seven.mp4;C:\Users\esthe\Downloads\white line 14 _\Whit_1405_17_onehalf.mp4;C:\Users\esthe\Downloads\white line 14 _\Whit_1405_18_onehalf.mp4;C:\Users\esthe\Downloads\white line 14 _\Whit_1405_3_five.mp4;C:\Users\esthe\Downloads\white line 14 _\Whit_1405_4_control.mp4;C:\Users\esthe\Downloads\white line 14 _\Whit_1405_5_five.mp4;C:\Users\esthe\Downloads\white line 14 _\Whit_1405_6_seven.mp4;C:\Users\esthe\Downloads\white line 14 _\Whit_1405_7_one.mp4;C:\Users\esthe\Downloads\white line 14 _\Whit_1405_8_onehalf.mp4,0.0,11.970;18.573;4.934;13.001;10.534;8.124;25.795;6.863;16.327;16.565;11.462;7.933;12.699;6.966;16.101,30.000;30.000;30.000;30.000;30.000;24.000;24.000;30.000;30.000;30.000;30.000;30.000;30.000;30.000;30.000,Whiteline,grabbing peanut,,,POINT,49.542,C:\Users\esthe\Downloads\white line 14 _\Whit_1405_14_one.mp4,32,NA,
whit_1405,2025-06-13 17:07:23.790,,187.239,Media file(s),player #1:C:\Users\esthe\Downloads\white line 14 _\Whit_1405_10_three.mp4;C:\Users\esthe\Downloads\white line 14 _\Whit_1405_11_onehalf.mp4;C:\Users\esthe\Downloads\white line 14 _\Whit_1405_12_two.mp4;C:\Users\esthe\Downloads\white line 14 _\Whit_1405_13_one.mp4;C:\Users\esthe\Downloads\white line 14 _\Whit_1405_14_one.mp4;C:\Users\esthe\Downloads\white line 14 _\Whit_1405_15_onehalf.mp4;C:\Users\esthe\Downloads\white line 14 _\Whit_1405_16_seven.mp4;C:\Users\esthe\Downloads\white line 14 _\Whit_1405_17_onehalf.mp4;C:\Users\esthe\Downloads\white line 14 _\Whit_1405_18_onehalf.mp4;C:\Users\esthe\Downloads\white line 14 _\Whit_1405_3_five.mp4;C:\Users\esthe\Downloads\white line 14 _\Whit_1405_4_control.mp4;C:\Users\esthe\Downloads\white line 14 _\Whit_1405_5_five.mp4;C:\Users\esthe\Downloads\white line 14 _\Whit_1405_6_seven.mp4;C:\Users\esthe\Downloads\white line 14 _\Whit_1405_7_one.mp4;C:\Users\esthe\Downloads\white line 14 _\Whit_1405_8_onehalf.mp4,0.0,11.970;18.573;4.934;13.001;10.534;8.124;25.795;6.863;16.327;16.565;11.462;7.933;12.699;6.966;16.101,30.000;30.000;30.000;30.000;30.000;24.000;24.000;30.000;30.000;30.000;30.000;30.000;30.000;30.000;30.000,Whiteline,lifting,,,START,49.575,C:\Users\esthe\Downloads\white line 14 _\Whit_1405_14_one.mp4,33,NA,
whit_1405,2025-06-13 17:07:23.790,,187.239,Media file(s),player #1:C:\Users\esthe\Downloads\white line 14 _\Whit_1405_10_three.mp4;C:\Users\esthe\Downloads\white line 14 _\Whit_1405_11_onehalf.mp4;C:\Users\esthe\Downloads\white line 14 _\Whit_1405_12_two.mp4;C:\Users\esthe\Downloads\white line 14 _\Whit_1405_13_one.mp4;C:\Users\esthe\Downloads\white line 14 _\Whit_1405_14_one.mp4;C:\Users\esthe\Downloads\white line 14 _\Whit_1405_15_onehalf.mp4;C:\Users\esthe\Downloads\white line 14 _\Whit_1405_16_seven.mp4;C:\Users\esthe\Downloads\white line 14 _\Whit_1405_17_onehalf.mp4;C:\Users\esthe\Downloads\white line 14 _\Whit_1405_18_onehalf.mp4;C:\Users\esthe\Downloads\white line 14 _\Whit_1405_3_five.mp4;C:\Users\esthe\Downloads\white line 14 _\Whit_1405_4_control.mp4;C:\Users\esthe\Downloads\white line 14 _\Whit_1405_5_five.mp4;C:\Users\esthe\Downloads\white line 14 _\Whit_1405_6_seven.mp4;C:\Users\esthe\Downloads\white line 14 _\Whit_1405_7_one.mp4;C:\Users\esthe\Downloads\white line 14 _\Whit_1405_8_onehalf.mp4,0.0,11.970;18.573;4.934;13.001;10.534;8.124;25.795;6.863;16.327;16.565;11.462;7.933;12.699;6.966;16.101,30.000;30.000;30.000;30.000;30.000;24.000;24.000;30.000;30.000;30.000;30.000;30.000;30.000;30.000;30.000,Whiteline,lifting,,,STOP,49.775,C:\Users\esthe\Downloads\white line 14 _\Whit_1405_14_one.mp4,39,NA,
whit_1405,2025-06-13 17:07:23.790,,187.239,Media file(s),player #1:C:\Users\esthe\Downloads\white line 14 _\Whit_1405_10_three.mp4;C:\Users\esthe\Downloads\white line 14 _\Whit_1405_11_onehalf.mp4;C:\Users\esthe\Downloads\white line 14 _\Whit_1405_12_two.mp4;C:\Users\esthe\Downloads\white line 14 _\Whit_1405_13_one.mp4;C:\Users\esthe\Downloads\white line 14 _\Whit_1405_14_one.mp4;C:\Users\esthe\Downloads\white line 14 _\Whit_1405_15_onehalf.mp4;C:\Users\esthe\Downloads\white line 14 _\Whit_1405_16_seven.mp4;C:\Users\esthe\Downloads\white line 14 _\Whit_1405_17_onehalf.mp4;C:\Users\esthe\Downloads\white line 14 _\Whit_1405_18_onehalf.mp4;C:\Users\esthe\Downloads\white line 14 _\Whit_1405_3_five.mp4;C:\Users\esthe\Downloads\white line 14 _\Whit_1405_4_control.mp4;C:\Users\esthe\Downloads\white line 14 _\Whit_1405_5_five.mp4;C:\Users\esthe\Downloads\white line 14 _\Whit_1405_6_seven.mp4;C:\Users\esthe\Downloads\white line 14 _\Whit_1405_7_one.mp4;C:\Users\esthe\Downloads\white line 14 _\Whit_1405_8_onehalf.mp4,0.0,11.970;18.573;4.934;13.001;10.534;8.124;25.795;6.863;16.327;16.565;11.462;7.933;12.699;6.966;16.101,30.000;30.000;30.000;30.000;30.000;24.000;24.000;30.000;30.000;30.000;30.000;30.000;30.000;30.000;30.000,Whiteline,target,,,START,50.042,C:\Users\esthe\Downloads\white line 14 _\Whit_1405_14_one.mp4,47,NA,
whit_1405,2025-06-13 17:07:23.790,,187.239,Media file(s),player #1:C:\Users\esthe\Downloads\white line 14 _\Whit_1405_10_three.mp4;C:\Users\esthe\Downloads\white line 14 _\Whit_1405_11_onehalf.mp4;C:\Users\esthe\Downloads\white line 14 _\Whit_1405_12_two.mp4;C:\Users\esthe\Downloads\white line 14 _\Whit_1405_13_one.mp4;C:\Users\esthe\Downloads\white line 14 _\Whit_1405_14_one.mp4;C:\Users\esthe\Downloads\white line 14 _\Whit_1405_15_onehalf.mp4;C:\Users\esthe\Downloads\white line 14 _\Whit_1405_16_seven.mp4;C:\Users\esthe\Downloads\white line 14 _\Whit_1405_17_onehalf.mp4;C:\Users\esthe\Downloads\white line 14 _\Whit_1405_18_onehalf.mp4;C:\Users\esthe\Downloads\white line 14 _\Whit_1405_3_five.mp4;C:\Users\esthe\Downloads\white line 14 _\Whit_1405_4_control.mp4;C:\Users\esthe\Downloads\white line 14 _\Whit_1405_5_five.mp4;C:\Users\esthe\Downloads\white line 14 _\Whit_1405_6_seven.mp4;C:\Users\esthe\Downloads\white line 14 _\Whit_1405_7_one.mp4;C:\Users\esthe\Downloads\white line 14 _\Whit_1405_8_onehalf.mp4,0.0,11.970;18.573;4.934;13.001;10.534;8.124;25.795;6.863;16.327;16.565;11.462;7.933;12.699;6.966;16.101,30.000;30.000;30.000;30.000;30.000;24.000;24.000;30.000;30.000;30.000;30.000;30.000;30.000;30.000;30.000,Whiteline,pause,,,START,50.775,C:\Users\esthe\Downloads\white line 14 _\Whit_1405_14_one.mp4,69,NA,
whit_1405,2025-06-13 17:07:23.790,,187.239,Media file(s),player #1:C:\Users\esthe\Downloads\white line 14 _\Whit_1405_10_three.mp4;C:\Users\esthe\Downloads\white line 14 _\Whit_1405_11_onehalf.mp4;C:\Users\esthe\Downloads\white line 14 _\Whit_1405_12_two.mp4;C:\Users\esthe\Downloads\white line 14 _\Whit_1405_13_one.mp4;C:\Users\esthe\Downloads\white line 14 _\Whit_1405_14_one.mp4;C:\Users\esthe\Downloads\white line 14 _\Whit_1405_15_onehalf.mp4;C:\Users\esthe\Downloads\white line 14 _\Whit_1405_16_seven.mp4;C:\Users\esthe\Downloads\white line 14 _\Whit_1405_17_onehalf.mp4;C:\Users\esthe\Downloads\white line 14 _\Whit_1405_18_onehalf.mp4;C:\Users\esthe\Downloads\white line 14 _\Whit_1405_3_five.mp4;C:\Users\esthe\Downloads\white line 14 _\Whit_1405_4_control.mp4;C:\Users\esthe\Downloads\white line 14 _\Whit_1405_5_five.mp4;C:\Users\esthe\Downloads\white line 14 _\Whit_1405_6_seven.mp4;C:\Users\esthe\Downloads\white line 14 _\Whit_1405_7_one.mp4;C:\Users\esthe\Downloads\white line 14 _\Whit_1405_8_onehalf.mp4,0.0,11.970;18.573;4.934;13.001;10.534;8.124;25.795;6.863;16.327;16.565;11.462;7.933;12.699;6.966;16.101,30.000;30.000;30.000;30.000;30.000;24.000;24.000;30.000;30.000;30.000;30.000;30.000;30.000;30.000;30.000,Whiteline,pause,,,STOP,51.209,C:\Users\esthe\Downloads\white line 14 _\Whit_1405_14_one.mp4,81,NA,
whit_1405,2025-06-13 17:07:23.790,,187.239,Media file(s),player #1:C:\Users\esthe\Downloads\white line 14 _\Whit_1405_10_three.mp4;C:\Users\esthe\Downloads\white line 14 _\Whit_1405_11_onehalf.mp4;C:\Users\esthe\Downloads\white line 14 _\Whit_1405_12_two.mp4;C:\Users\esthe\Downloads\white line 14 _\Whit_1405_13_one.mp4;C:\Users\esthe\Downloads\white line 14 _\Whit_1405_14_one.mp4;C:\Users\esthe\Downloads\white line 14 _\Whit_1405_15_onehalf.mp4;C:\Users\esthe\Downloads\white line 14 _\Whit_1405_16_seven.mp4;C:\Users\esthe\Downloads\white line 14 _\Whit_1405_17_onehalf.mp4;C:\Users\esthe\Downloads\white line 14 _\Whit_1405_18_onehalf.mp4;C:\Users\esthe\Downloads\white line 14 _\Whit_1405_3_five.mp4;C:\Users\esthe\Downloads\white line 14 _\Whit_1405_4_control.mp4;C:\Users\esthe\Downloads\white line 14 _\Whit_1405_5_five.mp4;C:\Users\esthe\Downloads\white line 14 _\Whit_1405_6_seven.mp4;C:\Users\esthe\Downloads\white line 14 _\Whit_1405_7_one.mp4;C:\Users\esthe\Downloads\white line 14 _\Whit_1405_8_onehalf.mp4,0.0,11.970;18.573;4.934;13.001;10.534;8.124;25.795;6.863;16.327;16.565;11.462;7.933;12.699;6.966;16.101,30.000;30.000;30.000;30.000;30.000;24.000;24.000;30.000;30.000;30.000;30.000;30.000;30.000;30.000;30.000,Whiteline,pause,,,START,51.642,C:\Users\esthe\Downloads\white line 14 _\Whit_1405_14_one.mp4,94,NA,
whit_1405,2025-06-13 17:07:23.790,,187.239,Media file(s),player #1:C:\Users\esthe\Downloads\white line 14 _\Whit_1405_10_three.mp4;C:\Users\esthe\Downloads\white line 14 _\Whit_1405_11_onehalf.mp4;C:\Users\esthe\Downloads\white line 14 _\Whit_1405_12_two.mp4;C:\Users\esthe\Downloads\white line 14 _\Whit_1405_13_one.mp4;C:\Users\esthe\Downloads\white line 14 _\Whit_1405_14_one.mp4;C:\Users\esthe\Downloads\white line 14 _\Whit_1405_15_onehalf.mp4;C:\Users\esthe\Downloads\white line 14 _\Whit_1405_16_seven.mp4;C:\Users\esthe\Downloads\white line 14 _\Whit_1405_17_onehalf.mp4;C:\Users\esthe\Downloads\white line 14 _\Whit_1405_18_onehalf.mp4;C:\Users\esthe\Downloads\white line 14 _\Whit_1405_3_five.mp4;C:\Users\esthe\Downloads\white line 14 _\Whit_1405_4_control.mp4;C:\Users\esthe\Downloads\white line 14 _\Whit_1405_5_five.mp4;C:\Users\esthe\Downloads\white line 14 _\Whit_1405_6_seven.mp4;C:\Users\esthe\Downloads\white line 14 _\Whit_1405_7_one.mp4;C:\Users\esthe\Downloads\white line 14 _\Whit_1405_8_onehalf.mp4,0.0,11.970;18.573;4.934;13.001;10.534;8.124;25.795;6.863;16.327;16.565;11.462;7.933;12.699;6.966;16.101,30.000;30.000;30.000;30.000;30.000;24.000;24.000;30.000;30.000;30.000;30.000;30.000;30.000;30.000;30.000,Whiteline,pause,,,STOP,52.175,C:\Users\esthe\Downloads\white line 14 _\Whit_1405_14_one.mp4,110,NA,
whit_1405,2025-06-13 17:07:23.790,,187.239,Media file(s),player #1:C:\Users\esthe\Downloads\white line 14 _\Whit_1405_10_three.mp4;C:\Users\esthe\Downloads\white line 14 _\Whit_1405_11_onehalf.mp4;C:\Users\esthe\Downloads\white line 14 _\Whit_1405_12_two.mp4;C:\Users\esthe\Downloads\white line 14 _\Whit_1405_13_one.mp4;C:\Users\esthe\Downloads\white line 14 _\Whit_1405_14_one.mp4;C:\Users\esthe\Downloads\white line 14 _\Whit_1405_15_onehalf.mp4;C:\Users\esthe\Downloads\white line 14 _\Whit_1405_16_seven.mp4;C:\Users\esthe\Downloads\white line 14 _\Whit_1405_17_onehalf.mp4;C:\Users\esthe\Downloads\white line 14 _\Whit_1405_18_onehalf.mp4;C:\Users\esthe\Downloads\white line 14 _\Whit_1405_3_five.mp4;C:\Users\esthe\Downloads\white line 14 _\Whit_1405_4_control.mp4;C:\Users\esthe\Downloads\white line 14 _\Whit_1405_5_five.mp4;C:\Users\esthe\Downloads\white line 14 _\Whit_1405_6_seven.mp4;C:\Users\esthe\Downloads\white line 14 _\Whit_1405_7_one.mp4;C:\Users\esthe\Downloads\white line 14 _\Whit_1405_8_onehalf.mp4,0.0,11.970;18.573;4.934;13.001;10.534;8.124;25.795;6.863;16.327;16.565;11.462;7.933;12.699;6.966;16.101,30.000;30.000;30.000;30.000;30.000;24.000;24.000;30.000;30.000;30.000;30.000;30.000;30.000;30.000;30.000,Whiteline,pause,,,START,52.776,C:\Users\esthe\Downloads\white line 14 _\Whit_1405_14_one.mp4,128,NA,
whit_1405,2025-06-13 17:07:23.790,,187.239,Media file(s),player #1:C:\Users\esthe\Downloads\white line 14 _\Whit_1405_10_three.mp4;C:\Users\esthe\Downloads\white line 14 _\Whit_1405_11_onehalf.mp4;C:\Users\esthe\Downloads\white line 14 _\Whit_1405_12_two.mp4;C:\Users\esthe\Downloads\white line 14 _\Whit_1405_13_one.mp4;C:\Users\esthe\Downloads\white line 14 _\Whit_1405_14_one.mp4;C:\Users\esthe\Downloads\white line 14 _\Whit_1405_15_onehalf.mp4;C:\Users\esthe\Downloads\white line 14 _\Whit_1405_16_seven.mp4;C:\Users\esthe\Downloads\white line 14 _\Whit_1405_17_onehalf.mp4;C:\Users\esthe\Downloads\white line 14 _\Whit_1405_18_onehalf.mp4;C:\Users\esthe\Downloads\white line 14 _\Whit_1405_3_five.mp4;C:\Users\esthe\Downloads\white line 14 _\Whit_1405_4_control.mp4;C:\Users\esthe\Downloads\white line 14 _\Whit_1405_5_five.mp4;C:\Users\esthe\Downloads\white line 14 _\Whit_1405_6_seven.mp4;C:\Users\esthe\Downloads\white line 14 _\Whit_1405_7_one.mp4;C:\Users\esthe\Downloads\white line 14 _\Whit_1405_8_onehalf.mp4,0.0,11.970;18.573;4.934;13.001;10.534;8.124;25.795;6.863;16.327;16.565;11.462;7.933;12.699;6.966;16.101,30.000;30.000;30.000;30.000;30.000;24.000;24.000;30.000;30.000;30.000;30.000;30.000;30.000;30.000;30.000,Whiteline,pause,,,STOP,53.408,C:\Users\esthe\Downloads\white line 14 _\Whit_1405_14_one.mp4,147,NA,
whit_1405,2025-06-13 17:07:23.790,,187.239,Media file(s),player #1:C:\Users\esthe\Downloads\white line 14 _\Whit_1405_10_three.mp4;C:\Users\esthe\Downloads\white line 14 _\Whit_1405_11_onehalf.mp4;C:\Users\esthe\Downloads\white line 14 _\Whit_1405_12_two.mp4;C:\Users\esthe\Downloads\white line 14 _\Whit_1405_13_one.mp4;C:\Users\esthe\Downloads\white line 14 _\Whit_1405_14_one.mp4;C:\Users\esthe\Downloads\white line 14 _\Whit_1405_15_onehalf.mp4;C:\Users\esthe\Downloads\white line 14 _\Whit_1405_16_seven.mp4;C:\Users\esthe\Downloads\white line 14 _\Whit_1405_17_onehalf.mp4;C:\Users\esthe\Downloads\white line 14 _\Whit_1405_18_onehalf.mp4;C:\Users\esthe\Downloads\white line 14 _\Whit_1405_3_five.mp4;C:\Users\esthe\Downloads\white line 14 _\Whit_1405_4_control.mp4;C:\Users\esthe\Downloads\white line 14 _\Whit_1405_5_five.mp4;C:\Users\esthe\Downloads\white line 14 _\Whit_1405_6_seven.mp4;C:\Users\esthe\Downloads\white line 14 _\Whit_1405_7_one.mp4;C:\Users\esthe\Downloads\white line 14 _\Whit_1405_8_onehalf.mp4,0.0,11.970;18.573;4.934;13.001;10.534;8.124;25.795;6.863;16.327;16.565;11.462;7.933;12.699;6.966;16.101,30.000;30.000;30.000;30.000;30.000;24.000;24.000;30.000;30.000;30.000;30.000;30.000;30.000;30.000;30.000,Whiteline,target,,,STOP,58.943,C:\Users\esthe\Downloads\white line 14 _\Whit_1405_14_one.mp4,312,NA,
whit_1405,2025-06-13 17:07:23.790,,187.239,Media file(s),player #1:C:\Users\esthe\Downloads\white line 14 _\Whit_1405_10_three.mp4;C:\Users\esthe\Downloads\white line 14 _\Whit_1405_11_onehalf.mp4;C:\Users\esthe\Downloads\white line 14 _\Whit_1405_12_two.mp4;C:\Users\esthe\Downloads\white line 14 _\Whit_1405_13_one.mp4;C:\Users\esthe\Downloads\white line 14 _\Whit_1405_14_one.mp4;C:\Users\esthe\Downloads\white line 14 _\Whit_1405_15_onehalf.mp4;C:\Users\esthe\Downloads\white line 14 _\Whit_1405_16_seven.mp4;C:\Users\esthe\Downloads\white line 14 _\Whit_1405_17_onehalf.mp4;C:\Users\esthe\Downloads\white line 14 _\Whit_1405_18_onehalf.mp4;C:\Users\esthe\Downloads\white line 14 _\Whit_1405_3_five.mp4;C:\Users\esthe\Downloads\white line 14 _\Whit_1405_4_control.mp4;C:\Users\esthe\Downloads\white line 14 _\Whit_1405_5_five.mp4;C:\Users\esthe\Downloads\white line 14 _\Whit_1405_6_seven.mp4;C:\Users\esthe\Downloads\white line 14 _\Whit_1405_7_one.mp4;C:\Users\esthe\Downloads\white line 14 _\Whit_1405_8_onehalf.mp4,0.0,11.970;18.573;4.934;13.001;10.534;8.124;25.795;6.863;16.327;16.565;11.462;7.933;12.699;6.966;16.101,30.000;30.000;30.000;30.000;30.000;24.000;24.000;30.000;30.000;30.000;30.000;30.000;30.000;30.000;30.000,Whiteline,bending,,,START,59.009,C:\Users\esthe\Downloads\white line 14 _\Whit_1405_14_one.mp4,0,NA,
whit_1405,2025-06-13 17:07:23.790,,187.239,Media file(s),player #1:C:\Users\esthe\Downloads\white line 14 _\Whit_1405_10_three.mp4;C:\Users\esthe\Downloads\white line 14 _\Whit_1405_11_onehalf.mp4;C:\Users\esthe\Downloads\white line 14 _\Whit_1405_12_two.mp4;C:\Users\esthe\Downloads\white line 14 _\Whit_1405_13_one.mp4;C:\Users\esthe\Downloads\white line 14 _\Whit_1405_14_one.mp4;C:\Users\esthe\Downloads\white line 14 _\Whit_1405_15_onehalf.mp4;C:\Users\esthe\Downloads\white line 14 _\Whit_1405_16_seven.mp4;C:\Users\esthe\Downloads\white line 14 _\Whit_1405_17_onehalf.mp4;C:\Users\esthe\Downloads\white line 14 _\Whit_1405_18_onehalf.mp4;C:\Users\esthe\Downloads\white line 14 _\Whit_1405_3_five.mp4;C:\Users\esthe\Downloads\white line 14 _\Whit_1405_4_control.mp4;C:\Users\esthe\Downloads\white line 14 _\Whit_1405_5_five.mp4;C:\Users\esthe\Downloads\white line 14 _\Whit_1405_6_seven.mp4;C:\Users\esthe\Downloads\white line 14 _\Whit_1405_7_one.mp4;C:\Users\esthe\Downloads\white line 14 _\Whit_1405_8_onehalf.mp4,0.0,11.970;18.573;4.934;13.001;10.534;8.124;25.795;6.863;16.327;16.565;11.462;7.933;12.699;6.966;16.101,30.000;30.000;30.000;30.000;30.000;24.000;24.000;30.000;30.000;30.000;30.000;30.000;30.000;30.000;30.000,Whiteline,bending,,,STOP,59.217,C:\Users\esthe\Downloads\white line 14 _\Whit_1405_15_onehalf.mp4,5,NA,
whit_1405,2025-06-13 17:07:23.790,,187.239,Media file(s),player #1:C:\Users\esthe\Downloads\white line 14 _\Whit_1405_10_three.mp4;C:\Users\esthe\Downloads\white line 14 _\Whit_1405_11_onehalf.mp4;C:\Users\esthe\Downloads\white line 14 _\Whit_1405_12_two.mp4;C:\Users\esthe\Downloads\white line 14 _\Whit_1405_13_one.mp4;C:\Users\esthe\Downloads\white line 14 _\Whit_1405_14_one.mp4;C:\Users\esthe\Downloads\white line 14 _\Whit_1405_15_onehalf.mp4;C:\Users\esthe\Downloads\white line 14 _\Whit_1405_16_seven.mp4;C:\Users\esthe\Downloads\white line 14 _\Whit_1405_17_onehalf.mp4;C:\Users\esthe\Downloads\white line 14 _\Whit_1405_18_onehalf.mp4;C:\Users\esthe\Downloads\white line 14 _\Whit_1405_3_five.mp4;C:\Users\esthe\Downloads\white line 14 _\Whit_1405_4_control.mp4;C:\Users\esthe\Downloads\white line 14 _\Whit_1405_5_five.mp4;C:\Users\esthe\Downloads\white line 14 _\Whit_1405_6_seven.mp4;C:\Users\esthe\Downloads\white line 14 _\Whit_1405_7_one.mp4;C:\Users\esthe\Downloads\white line 14 _\Whit_1405_8_onehalf.mp4,0.0,11.970;18.573;4.934;13.001;10.534;8.124;25.795;6.863;16.327;16.565;11.462;7.933;12.699;6.966;16.101,30.000;30.000;30.000;30.000;30.000;24.000;24.000;30.000;30.000;30.000;30.000;30.000;30.000;30.000;30.000,Whiteline,grabbing peanut,,,POINT,59.217,C:\Users\esthe\Downloads\white line 14 _\Whit_1405_15_onehalf.mp4,5,NA,
whit_1405,2025-06-13 17:07:23.790,,187.239,Media file(s),player #1:C:\Users\esthe\Downloads\white line 14 _\Whit_1405_10_three.mp4;C:\Users\esthe\Downloads\white line 14 _\Whit_1405_11_onehalf.mp4;C:\Users\esthe\Downloads\white line 14 _\Whit_1405_12_two.mp4;C:\Users\esthe\Downloads\white line 14 _\Whit_1405_13_one.mp4;C:\Users\esthe\Downloads\white line 14 _\Whit_1405_14_one.mp4;C:\Users\esthe\Downloads\white line 14 _\Whit_1405_15_onehalf.mp4;C:\Users\esthe\Downloads\white line 14 _\Whit_1405_16_seven.mp4;C:\Users\esthe\Downloads\white line 14 _\Whit_1405_17_onehalf.mp4;C:\Users\esthe\Downloads\white line 14 _\Whit_1405_18_onehalf.mp4;C:\Users\esthe\Downloads\white line 14 _\Whit_1405_3_five.mp4;C:\Users\esthe\Downloads\white line 14 _\Whit_1405_4_control.mp4;C:\Users\esthe\Downloads\white line 14 _\Whit_1405_5_five.mp4;C:\Users\esthe\Downloads\white line 14 _\Whit_1405_6_seven.mp4;C:\Users\esthe\Downloads\white line 14 _\Whit_1405_7_one.mp4;C:\Users\esthe\Downloads\white line 14 _\Whit_1405_8_onehalf.mp4,0.0,11.970;18.573;4.934;13.001;10.534;8.124;25.795;6.863;16.327;16.565;11.462;7.933;12.699;6.966;16.101,30.000;30.000;30.000;30.000;30.000;24.000;24.000;30.000;30.000;30.000;30.000;30.000;30.000;30.000;30.000,Whiteline,lifting,,,START,59.259,C:\Users\esthe\Downloads\white line 14 _\Whit_1405_15_onehalf.mp4,6,NA,
whit_1405,2025-06-13 17:07:23.790,,187.239,Media file(s),player #1:C:\Users\esthe\Downloads\white line 14 _\Whit_1405_10_three.mp4;C:\Users\esthe\Downloads\white line 14 _\Whit_1405_11_onehalf.mp4;C:\Users\esthe\Downloads\white line 14 _\Whit_1405_12_two.mp4;C:\Users\esthe\Downloads\white line 14 _\Whit_1405_13_one.mp4;C:\Users\esthe\Downloads\white line 14 _\Whit_1405_14_one.mp4;C:\Users\esthe\Downloads\white line 14 _\Whit_1405_15_onehalf.mp4;C:\Users\esthe\Downloads\white line 14 _\Whit_1405_16_seven.mp4;C:\Users\esthe\Downloads\white line 14 _\Whit_1405_17_onehalf.mp4;C:\Users\esthe\Downloads\white line 14 _\Whit_1405_18_onehalf.mp4;C:\Users\esthe\Downloads\white line 14 _\Whit_1405_3_five.mp4;C:\Users\esthe\Downloads\white line 14 _\Whit_1405_4_control.mp4;C:\Users\esthe\Downloads\white line 14 _\Whit_1405_5_five.mp4;C:\Users\esthe\Downloads\white line 14 _\Whit_1405_6_seven.mp4;C:\Users\esthe\Downloads\white line 14 _\Whit_1405_7_one.mp4;C:\Users\esthe\Downloads\white line 14 _\Whit_1405_8_onehalf.mp4,0.0,11.970;18.573;4.934;13.001;10.534;8.124;25.795;6.863;16.327;16.565;11.462;7.933;12.699;6.966;16.101,30.000;30.000;30.000;30.000;30.000;24.000;24.000;30.000;30.000;30.000;30.000;30.000;30.000;30.000;30.000,Whiteline,lifting,,,STOP,60.301,C:\Users\esthe\Downloads\white line 14 _\Whit_1405_15_onehalf.mp4,31,NA,
whit_1405,2025-06-13 17:07:23.790,,187.239,Media file(s),player #1:C:\Users\esthe\Downloads\white line 14 _\Whit_1405_10_three.mp4;C:\Users\esthe\Downloads\white line 14 _\Whit_1405_11_onehalf.mp4;C:\Users\esthe\Downloads\white line 14 _\Whit_1405_12_two.mp4;C:\Users\esthe\Downloads\white line 14 _\Whit_1405_13_one.mp4;C:\Users\esthe\Downloads\white line 14 _\Whit_1405_14_one.mp4;C:\Users\esthe\Downloads\white line 14 _\Whit_1405_15_onehalf.mp4;C:\Users\esthe\Downloads\white line 14 _\Whit_1405_16_seven.mp4;C:\Users\esthe\Downloads\white line 14 _\Whit_1405_17_onehalf.mp4;C:\Users\esthe\Downloads\white line 14 _\Whit_1405_18_onehalf.mp4;C:\Users\esthe\Downloads\white line 14 _\Whit_1405_3_five.mp4;C:\Users\esthe\Downloads\white line 14 _\Whit_1405_4_control.mp4;C:\Users\esthe\Downloads\white line 14 _\Whit_1405_5_five.mp4;C:\Users\esthe\Downloads\white line 14 _\Whit_1405_6_seven.mp4;C:\Users\esthe\Downloads\white line 14 _\Whit_1405_7_one.mp4;C:\Users\esthe\Downloads\white line 14 _\Whit_1405_8_onehalf.mp4,0.0,11.970;18.573;4.934;13.001;10.534;8.124;25.795;6.863;16.327;16.565;11.462;7.933;12.699;6.966;16.101,30.000;30.000;30.000;30.000;30.000;24.000;24.000;30.000;30.000;30.000;30.000;30.000;30.000;30.000;30.000,Whiteline,target,,,START,60.593,C:\Users\esthe\Downloads\white line 14 _\Whit_1405_15_onehalf.mp4,38,NA,
whit_1405,2025-06-13 17:07:23.790,,187.239,Media file(s),player #1:C:\Users\esthe\Downloads\white line 14 _\Whit_1405_10_three.mp4;C:\Users\esthe\Downloads\white line 14 _\Whit_1405_11_onehalf.mp4;C:\Users\esthe\Downloads\white line 14 _\Whit_1405_12_two.mp4;C:\Users\esthe\Downloads\white line 14 _\Whit_1405_13_one.mp4;C:\Users\esthe\Downloads\white line 14 _\Whit_1405_14_one.mp4;C:\Users\esthe\Downloads\white line 14 _\Whit_1405_15_onehalf.mp4;C:\Users\esthe\Downloads\white line 14 _\Whit_1405_16_seven.mp4;C:\Users\esthe\Downloads\white line 14 _\Whit_1405_17_onehalf.mp4;C:\Users\esthe\Downloads\white line 14 _\Whit_1405_18_onehalf.mp4;C:\Users\esthe\Downloads\white line 14 _\Whit_1405_3_five.mp4;C:\Users\esthe\Downloads\white line 14 _\Whit_1405_4_control.mp4;C:\Users\esthe\Downloads\white line 14 _\Whit_1405_5_five.mp4;C:\Users\esthe\Downloads\white line 14 _\Whit_1405_6_seven.mp4;C:\Users\esthe\Downloads\white line 14 _\Whit_1405_7_one.mp4;C:\Users\esthe\Downloads\white line 14 _\Whit_1405_8_onehalf.mp4,0.0,11.970;18.573;4.934;13.001;10.534;8.124;25.795;6.863;16.327;16.565;11.462;7.933;12.699;6.966;16.101,30.000;30.000;30.000;30.000;30.000;24.000;24.000;30.000;30.000;30.000;30.000;30.000;30.000;30.000;30.000,Whiteline,target,,,STOP,66.924,C:\Users\esthe\Downloads\white line 14 _\Whit_1405_15_onehalf.mp4,190,NA,
whit_1405,2025-06-13 17:07:23.790,,187.239,Media file(s),player #1:C:\Users\esthe\Downloads\white line 14 _\Whit_1405_10_three.mp4;C:\Users\esthe\Downloads\white line 14 _\Whit_1405_11_onehalf.mp4;C:\Users\esthe\Downloads\white line 14 _\Whit_1405_12_two.mp4;C:\Users\esthe\Downloads\white line 14 _\Whit_1405_13_one.mp4;C:\Users\esthe\Downloads\white line 14 _\Whit_1405_14_one.mp4;C:\Users\esthe\Downloads\white line 14 _\Whit_1405_15_onehalf.mp4;C:\Users\esthe\Downloads\white line 14 _\Whit_1405_16_seven.mp4;C:\Users\esthe\Downloads\white line 14 _\Whit_1405_17_onehalf.mp4;C:\Users\esthe\Downloads\white line 14 _\Whit_1405_18_onehalf.mp4;C:\Users\esthe\Downloads\white line 14 _\Whit_1405_3_five.mp4;C:\Users\esthe\Downloads\white line 14 _\Whit_1405_4_control.mp4;C:\Users\esthe\Downloads\white line 14 _\Whit_1405_5_five.mp4;C:\Users\esthe\Downloads\white line 14 _\Whit_1405_6_seven.mp4;C:\Users\esthe\Downloads\white line 14 _\Whit_1405_7_one.mp4;C:\Users\esthe\Downloads\white line 14 _\Whit_1405_8_onehalf.mp4,0.0,11.970;18.573;4.934;13.001;10.534;8.124;25.795;6.863;16.327;16.565;11.462;7.933;12.699;6.966;16.101,30.000;30.000;30.000;30.000;30.000;24.000;24.000;30.000;30.000;30.000;30.000;30.000;30.000;30.000;30.000,Whiteline,bending,,,START,68.757,C:\Users\esthe\Downloads\white line 14 _\Whit_1405_16_seven.mp4,39,NA,
whit_1405,2025-06-13 17:07:23.790,,187.239,Media file(s),player #1:C:\Users\esthe\Downloads\white line 14 _\Whit_1405_10_three.mp4;C:\Users\esthe\Downloads\white line 14 _\Whit_1405_11_onehalf.mp4;C:\Users\esthe\Downloads\white line 14 _\Whit_1405_12_two.mp4;C:\Users\esthe\Downloads\white line 14 _\Whit_1405_13_one.mp4;C:\Users\esthe\Downloads\white line 14 _\Whit_1405_14_one.mp4;C:\Users\esthe\Downloads\white line 14 _\Whit_1405_15_onehalf.mp4;C:\Users\esthe\Downloads\white line 14 _\Whit_1405_16_seven.mp4;C:\Users\esthe\Downloads\white line 14 _\Whit_1405_17_onehalf.mp4;C:\Users\esthe\Downloads\white line 14 _\Whit_1405_18_onehalf.mp4;C:\Users\esthe\Downloads\white line 14 _\Whit_1405_3_five.mp4;C:\Users\esthe\Downloads\white line 14 _\Whit_1405_4_control.mp4;C:\Users\esthe\Downloads\white line 14 _\Whit_1405_5_five.mp4;C:\Users\esthe\Downloads\white line 14 _\Whit_1405_6_seven.mp4;C:\Users\esthe\Downloads\white line 14 _\Whit_1405_7_one.mp4;C:\Users\esthe\Downloads\white line 14 _\Whit_1405_8_onehalf.mp4,0.0,11.970;18.573;4.934;13.001;10.534;8.124;25.795;6.863;16.327;16.565;11.462;7.933;12.699;6.966;16.101,30.000;30.000;30.000;30.000;30.000;24.000;24.000;30.000;30.000;30.000;30.000;30.000;30.000;30.000;30.000,Whiteline,bending,,,STOP,69.549,C:\Users\esthe\Downloads\white line 14 _\Whit_1405_16_seven.mp4,58,NA,
whit_1405,2025-06-13 17:07:23.790,,187.239,Media file(s),player #1:C:\Users\esthe\Downloads\white line 14 _\Whit_1405_10_three.mp4;C:\Users\esthe\Downloads\white line 14 _\Whit_1405_11_onehalf.mp4;C:\Users\esthe\Downloads\white line 14 _\Whit_1405_12_two.mp4;C:\Users\esthe\Downloads\white line 14 _\Whit_1405_13_one.mp4;C:\Users\esthe\Downloads\white line 14 _\Whit_1405_14_one.mp4;C:\Users\esthe\Downloads\white line 14 _\Whit_1405_15_onehalf.mp4;C:\Users\esthe\Downloads\white line 14 _\Whit_1405_16_seven.mp4;C:\Users\esthe\Downloads\white line 14 _\Whit_1405_17_onehalf.mp4;C:\Users\esthe\Downloads\white line 14 _\Whit_1405_18_onehalf.mp4;C:\Users\esthe\Downloads\white line 14 _\Whit_1405_3_five.mp4;C:\Users\esthe\Downloads\white line 14 _\Whit_1405_4_control.mp4;C:\Users\esthe\Downloads\white line 14 _\Whit_1405_5_five.mp4;C:\Users\esthe\Downloads\white line 14 _\Whit_1405_6_seven.mp4;C:\Users\esthe\Downloads\white line 14 _\Whit_1405_7_one.mp4;C:\Users\esthe\Downloads\white line 14 _\Whit_1405_8_onehalf.mp4,0.0,11.970;18.573;4.934;13.001;10.534;8.124;25.795;6.863;16.327;16.565;11.462;7.933;12.699;6.966;16.101,30.000;30.000;30.000;30.000;30.000;24.000;24.000;30.000;30.000;30.000;30.000;30.000;30.000;30.000;30.000,Whiteline,grabbing peanut,,,POINT,69.549,C:\Users\esthe\Downloads\white line 14 _\Whit_1405_16_seven.mp4,58,NA,
whit_1405,2025-06-13 17:07:23.790,,187.239,Media file(s),player #1:C:\Users\esthe\Downloads\white line 14 _\Whit_1405_10_three.mp4;C:\Users\esthe\Downloads\white line 14 _\Whit_1405_11_onehalf.mp4;C:\Users\esthe\Downloads\white line 14 _\Whit_1405_12_two.mp4;C:\Users\esthe\Downloads\white line 14 _\Whit_1405_13_one.mp4;C:\Users\esthe\Downloads\white line 14 _\Whit_1405_14_one.mp4;C:\Users\esthe\Downloads\white line 14 _\Whit_1405_15_onehalf.mp4;C:\Users\esthe\Downloads\white line 14 _\Whit_1405_16_seven.mp4;C:\Users\esthe\Downloads\white line 14 _\Whit_1405_17_onehalf.mp4;C:\Users\esthe\Downloads\white line 14 _\Whit_1405_18_onehalf.mp4;C:\Users\esthe\Downloads\white line 14 _\Whit_1405_3_five.mp4;C:\Users\esthe\Downloads\white line 14 _\Whit_1405_4_control.mp4;C:\Users\esthe\Downloads\white line 14 _\Whit_1405_5_five.mp4;C:\Users\esthe\Downloads\white line 14 _\Whit_1405_6_seven.mp4;C:\Users\esthe\Downloads\white line 14 _\Whit_1405_7_one.mp4;C:\Users\esthe\Downloads\white line 14 _\Whit_1405_8_onehalf.mp4,0.0,11.970;18.573;4.934;13.001;10.534;8.124;25.795;6.863;16.327;16.565;11.462;7.933;12.699;6.966;16.101,30.000;30.000;30.000;30.000;30.000;24.000;24.000;30.000;30.000;30.000;30.000;30.000;30.000;30.000;30.000,Whiteline,lifting,,,START,69.591,C:\Users\esthe\Downloads\white line 14 _\Whit_1405_16_seven.mp4,59,NA,
whit_1405,2025-06-13 17:07:23.790,,187.239,Media file(s),player #1:C:\Users\esthe\Downloads\white line 14 _\Whit_1405_10_three.mp4;C:\Users\esthe\Downloads\white line 14 _\Whit_1405_11_onehalf.mp4;C:\Users\esthe\Downloads\white line 14 _\Whit_1405_12_two.mp4;C:\Users\esthe\Downloads\white line 14 _\Whit_1405_13_one.mp4;C:\Users\esthe\Downloads\white line 14 _\Whit_1405_14_one.mp4;C:\Users\esthe\Downloads\white line 14 _\Whit_1405_15_onehalf.mp4;C:\Users\esthe\Downloads\white line 14 _\Whit_1405_16_seven.mp4;C:\Users\esthe\Downloads\white line 14 _\Whit_1405_17_onehalf.mp4;C:\Users\esthe\Downloads\white line 14 _\Whit_1405_18_onehalf.mp4;C:\Users\esthe\Downloads\white line 14 _\Whit_1405_3_five.mp4;C:\Users\esthe\Downloads\white line 14 _\Whit_1405_4_control.mp4;C:\Users\esthe\Downloads\white line 14 _\Whit_1405_5_five.mp4;C:\Users\esthe\Downloads\white line 14 _\Whit_1405_6_seven.mp4;C:\Users\esthe\Downloads\white line 14 _\Whit_1405_7_one.mp4;C:\Users\esthe\Downloads\white line 14 _\Whit_1405_8_onehalf.mp4,0.0,11.970;18.573;4.934;13.001;10.534;8.124;25.795;6.863;16.327;16.565;11.462;7.933;12.699;6.966;16.101,30.000;30.000;30.000;30.000;30.000;24.000;24.000;30.000;30.000;30.000;30.000;30.000;30.000;30.000;30.000,Whiteline,lifting,,,STOP,69.966,C:\Users\esthe\Downloads\white line 14 _\Whit_1405_16_seven.mp4,68,NA,
whit_1405,2025-06-13 17:07:23.790,,187.239,Media file(s),player #1:C:\Users\esthe\Downloads\white line 14 _\Whit_1405_10_three.mp4;C:\Users\esthe\Downloads\white line 14 _\Whit_1405_11_onehalf.mp4;C:\Users\esthe\Downloads\white line 14 _\Whit_1405_12_two.mp4;C:\Users\esthe\Downloads\white line 14 _\Whit_1405_13_one.mp4;C:\Users\esthe\Downloads\white line 14 _\Whit_1405_14_one.mp4;C:\Users\esthe\Downloads\white line 14 _\Whit_1405_15_onehalf.mp4;C:\Users\esthe\Downloads\white line 14 _\Whit_1405_16_seven.mp4;C:\Users\esthe\Downloads\white line 14 _\Whit_1405_17_onehalf.mp4;C:\Users\esthe\Downloads\white line 14 _\Whit_1405_18_onehalf.mp4;C:\Users\esthe\Downloads\white line 14 _\Whit_1405_3_five.mp4;C:\Users\esthe\Downloads\white line 14 _\Whit_1405_4_control.mp4;C:\Users\esthe\Downloads\white line 14 _\Whit_1405_5_five.mp4;C:\Users\esthe\Downloads\white line 14 _\Whit_1405_6_seven.mp4;C:\Users\esthe\Downloads\white line 14 _\Whit_1405_7_one.mp4;C:\Users\esthe\Downloads\white line 14 _\Whit_1405_8_onehalf.mp4,0.0,11.970;18.573;4.934;13.001;10.534;8.124;25.795;6.863;16.327;16.565;11.462;7.933;12.699;6.966;16.101,30.000;30.000;30.000;30.000;30.000;24.000;24.000;30.000;30.000;30.000;30.000;30.000;30.000;30.000;30.000,Whiteline,target,,,START,70.424,C:\Users\esthe\Downloads\white line 14 _\Whit_1405_16_seven.mp4,79,NA,
whit_1405,2025-06-13 17:07:23.790,,187.239,Media file(s),player #1:C:\Users\esthe\Downloads\white line 14 _\Whit_1405_10_three.mp4;C:\Users\esthe\Downloads\white line 14 _\Whit_1405_11_onehalf.mp4;C:\Users\esthe\Downloads\white line 14 _\Whit_1405_12_two.mp4;C:\Users\esthe\Downloads\white line 14 _\Whit_1405_13_one.mp4;C:\Users\esthe\Downloads\white line 14 _\Whit_1405_14_one.mp4;C:\Users\esthe\Downloads\white line 14 _\Whit_1405_15_onehalf.mp4;C:\Users\esthe\Downloads\white line 14 _\Whit_1405_16_seven.mp4;C:\Users\esthe\Downloads\white line 14 _\Whit_1405_17_onehalf.mp4;C:\Users\esthe\Downloads\white line 14 _\Whit_1405_18_onehalf.mp4;C:\Users\esthe\Downloads\white line 14 _\Whit_1405_3_five.mp4;C:\Users\esthe\Downloads\white line 14 _\Whit_1405_4_control.mp4;C:\Users\esthe\Downloads\white line 14 _\Whit_1405_5_five.mp4;C:\Users\esthe\Downloads\white line 14 _\Whit_1405_6_seven.mp4;C:\Users\esthe\Downloads\white line 14 _\Whit_1405_7_one.mp4;C:\Users\esthe\Downloads\white line 14 _\Whit_1405_8_onehalf.mp4,0.0,11.970;18.573;4.934;13.001;10.534;8.124;25.795;6.863;16.327;16.565;11.462;7.933;12.699;6.966;16.101,30.000;30.000;30.000;30.000;30.000;24.000;24.000;30.000;30.000;30.000;30.000;30.000;30.000;30.000;30.000,Whiteline,pause,,,START,76.926,C:\Users\esthe\Downloads\white line 14 _\Whit_1405_16_seven.mp4,235,NA,
whit_1405,2025-06-13 17:07:23.790,,187.239,Media file(s),player #1:C:\Users\esthe\Downloads\white line 14 _\Whit_1405_10_three.mp4;C:\Users\esthe\Downloads\white line 14 _\Whit_1405_11_onehalf.mp4;C:\Users\esthe\Downloads\white line 14 _\Whit_1405_12_two.mp4;C:\Users\esthe\Downloads\white line 14 _\Whit_1405_13_one.mp4;C:\Users\esthe\Downloads\white line 14 _\Whit_1405_14_one.mp4;C:\Users\esthe\Downloads\white line 14 _\Whit_1405_15_onehalf.mp4;C:\Users\esthe\Downloads\white line 14 _\Whit_1405_16_seven.mp4;C:\Users\esthe\Downloads\white line 14 _\Whit_1405_17_onehalf.mp4;C:\Users\esthe\Downloads\white line 14 _\Whit_1405_18_onehalf.mp4;C:\Users\esthe\Downloads\white line 14 _\Whit_1405_3_five.mp4;C:\Users\esthe\Downloads\white line 14 _\Whit_1405_4_control.mp4;C:\Users\esthe\Downloads\white line 14 _\Whit_1405_5_five.mp4;C:\Users\esthe\Downloads\white line 14 _\Whit_1405_6_seven.mp4;C:\Users\esthe\Downloads\white line 14 _\Whit_1405_7_one.mp4;C:\Users\esthe\Downloads\white line 14 _\Whit_1405_8_onehalf.mp4,0.0,11.970;18.573;4.934;13.001;10.534;8.124;25.795;6.863;16.327;16.565;11.462;7.933;12.699;6.966;16.101,30.000;30.000;30.000;30.000;30.000;24.000;24.000;30.000;30.000;30.000;30.000;30.000;30.000;30.000;30.000,Whiteline,pause,,,STOP,77.717,C:\Users\esthe\Downloads\white line 14 _\Whit_1405_16_seven.mp4,254,NA,
whit_1405,2025-06-13 17:07:23.790,,187.239,Media file(s),player #1:C:\Users\esthe\Downloads\white line 14 _\Whit_1405_10_three.mp4;C:\Users\esthe\Downloads\white line 14 _\Whit_1405_11_onehalf.mp4;C:\Users\esthe\Downloads\white line 14 _\Whit_1405_12_two.mp4;C:\Users\esthe\Downloads\white line 14 _\Whit_1405_13_one.mp4;C:\Users\esthe\Downloads\white line 14 _\Whit_1405_14_one.mp4;C:\Users\esthe\Downloads\white line 14 _\Whit_1405_15_onehalf.mp4;C:\Users\esthe\Downloads\white line 14 _\Whit_1405_16_seven.mp4;C:\Users\esthe\Downloads\white line 14 _\Whit_1405_17_onehalf.mp4;C:\Users\esthe\Downloads\white line 14 _\Whit_1405_18_onehalf.mp4;C:\Users\esthe\Downloads\white line 14 _\Whit_1405_3_five.mp4;C:\Users\esthe\Downloads\white line 14 _\Whit_1405_4_control.mp4;C:\Users\esthe\Downloads\white line 14 _\Whit_1405_5_five.mp4;C:\Users\esthe\Downloads\white line 14 _\Whit_1405_6_seven.mp4;C:\Users\esthe\Downloads\white line 14 _\Whit_1405_7_one.mp4;C:\Users\esthe\Downloads\white line 14 _\Whit_1405_8_onehalf.mp4,0.0,11.970;18.573;4.934;13.001;10.534;8.124;25.795;6.863;16.327;16.565;11.462;7.933;12.699;6.966;16.101,30.000;30.000;30.000;30.000;30.000;24.000;24.000;30.000;30.000;30.000;30.000;30.000;30.000;30.000;30.000,Whiteline,pause,,,START,80.092,C:\Users\esthe\Downloads\white line 14 _\Whit_1405_16_seven.mp4,311,NA,
whit_1405,2025-06-13 17:07:23.790,,187.239,Media file(s),player #1:C:\Users\esthe\Downloads\white line 14 _\Whit_1405_10_three.mp4;C:\Users\esthe\Downloads\white line 14 _\Whit_1405_11_onehalf.mp4;C:\Users\esthe\Downloads\white line 14 _\Whit_1405_12_two.mp4;C:\Users\esthe\Downloads\white line 14 _\Whit_1405_13_one.mp4;C:\Users\esthe\Downloads\white line 14 _\Whit_1405_14_one.mp4;C:\Users\esthe\Downloads\white line 14 _\Whit_1405_15_onehalf.mp4;C:\Users\esthe\Downloads\white line 14 _\Whit_1405_16_seven.mp4;C:\Users\esthe\Downloads\white line 14 _\Whit_1405_17_onehalf.mp4;C:\Users\esthe\Downloads\white line 14 _\Whit_1405_18_onehalf.mp4;C:\Users\esthe\Downloads\white line 14 _\Whit_1405_3_five.mp4;C:\Users\esthe\Downloads\white line 14 _\Whit_1405_4_control.mp4;C:\Users\esthe\Downloads\white line 14 _\Whit_1405_5_five.mp4;C:\Users\esthe\Downloads\white line 14 _\Whit_1405_6_seven.mp4;C:\Users\esthe\Downloads\white line 14 _\Whit_1405_7_one.mp4;C:\Users\esthe\Downloads\white line 14 _\Whit_1405_8_onehalf.mp4,0.0,11.970;18.573;4.934;13.001;10.534;8.124;25.795;6.863;16.327;16.565;11.462;7.933;12.699;6.966;16.101,30.000;30.000;30.000;30.000;30.000;24.000;24.000;30.000;30.000;30.000;30.000;30.000;30.000;30.000;30.000,Whiteline,pause,,,STOP,81.009,C:\Users\esthe\Downloads\white line 14 _\Whit_1405_16_seven.mp4,333,NA,
whit_1405,2025-06-13 17:07:23.790,,187.239,Media file(s),player #1:C:\Users\esthe\Downloads\white line 14 _\Whit_1405_10_three.mp4;C:\Users\esthe\Downloads\white line 14 _\Whit_1405_11_onehalf.mp4;C:\Users\esthe\Downloads\white line 14 _\Whit_1405_12_two.mp4;C:\Users\esthe\Downloads\white line 14 _\Whit_1405_13_one.mp4;C:\Users\esthe\Downloads\white line 14 _\Whit_1405_14_one.mp4;C:\Users\esthe\Downloads\white line 14 _\Whit_1405_15_onehalf.mp4;C:\Users\esthe\Downloads\white line 14 _\Whit_1405_16_seven.mp4;C:\Users\esthe\Downloads\white line 14 _\Whit_1405_17_onehalf.mp4;C:\Users\esthe\Downloads\white line 14 _\Whit_1405_18_onehalf.mp4;C:\Users\esthe\Downloads\white line 14 _\Whit_1405_3_five.mp4;C:\Users\esthe\Downloads\white line 14 _\Whit_1405_4_control.mp4;C:\Users\esthe\Downloads\white line 14 _\Whit_1405_5_five.mp4;C:\Users\esthe\Downloads\white line 14 _\Whit_1405_6_seven.mp4;C:\Users\esthe\Downloads\white line 14 _\Whit_1405_7_one.mp4;C:\Users\esthe\Downloads\white line 14 _\Whit_1405_8_onehalf.mp4,0.0,11.970;18.573;4.934;13.001;10.534;8.124;25.795;6.863;16.327;16.565;11.462;7.933;12.699;6.966;16.101,30.000;30.000;30.000;30.000;30.000;24.000;24.000;30.000;30.000;30.000;30.000;30.000;30.000;30.000;30.000,Whiteline,pause,,,START,84.926,C:\Users\esthe\Downloads\white line 14 _\Whit_1405_16_seven.mp4,427,NA,
whit_1405,2025-06-13 17:07:23.790,,187.239,Media file(s),player #1:C:\Users\esthe\Downloads\white line 14 _\Whit_1405_10_three.mp4;C:\Users\esthe\Downloads\white line 14 _\Whit_1405_11_onehalf.mp4;C:\Users\esthe\Downloads\white line 14 _\Whit_1405_12_two.mp4;C:\Users\esthe\Downloads\white line 14 _\Whit_1405_13_one.mp4;C:\Users\esthe\Downloads\white line 14 _\Whit_1405_14_one.mp4;C:\Users\esthe\Downloads\white line 14 _\Whit_1405_15_onehalf.mp4;C:\Users\esthe\Downloads\white line 14 _\Whit_1405_16_seven.mp4;C:\Users\esthe\Downloads\white line 14 _\Whit_1405_17_onehalf.mp4;C:\Users\esthe\Downloads\white line 14 _\Whit_1405_18_onehalf.mp4;C:\Users\esthe\Downloads\white line 14 _\Whit_1405_3_five.mp4;C:\Users\esthe\Downloads\white line 14 _\Whit_1405_4_control.mp4;C:\Users\esthe\Downloads\white line 14 _\Whit_1405_5_five.mp4;C:\Users\esthe\Downloads\white line 14 _\Whit_1405_6_seven.mp4;C:\Users\esthe\Downloads\white line 14 _\Whit_1405_7_one.mp4;C:\Users\esthe\Downloads\white line 14 _\Whit_1405_8_onehalf.mp4,0.0,11.970;18.573;4.934;13.001;10.534;8.124;25.795;6.863;16.327;16.565;11.462;7.933;12.699;6.966;16.101,30.000;30.000;30.000;30.000;30.000;24.000;24.000;30.000;30.000;30.000;30.000;30.000;30.000;30.000;30.000,Whiteline,pause,,,STOP,86.510,C:\Users\esthe\Downloads\white line 14 _\Whit_1405_16_seven.mp4,465,NA,
whit_1405,2025-06-13 17:07:23.790,,187.239,Media file(s),player #1:C:\Users\esthe\Downloads\white line 14 _\Whit_1405_10_three.mp4;C:\Users\esthe\Downloads\white line 14 _\Whit_1405_11_onehalf.mp4;C:\Users\esthe\Downloads\white line 14 _\Whit_1405_12_two.mp4;C:\Users\esthe\Downloads\white line 14 _\Whit_1405_13_one.mp4;C:\Users\esthe\Downloads\white line 14 _\Whit_1405_14_one.mp4;C:\Users\esthe\Downloads\white line 14 _\Whit_1405_15_onehalf.mp4;C:\Users\esthe\Downloads\white line 14 _\Whit_1405_16_seven.mp4;C:\Users\esthe\Downloads\white line 14 _\Whit_1405_17_onehalf.mp4;C:\Users\esthe\Downloads\white line 14 _\Whit_1405_18_onehalf.mp4;C:\Users\esthe\Downloads\white line 14 _\Whit_1405_3_five.mp4;C:\Users\esthe\Downloads\white line 14 _\Whit_1405_4_control.mp4;C:\Users\esthe\Downloads\white line 14 _\Whit_1405_5_five.mp4;C:\Users\esthe\Downloads\white line 14 _\Whit_1405_6_seven.mp4;C:\Users\esthe\Downloads\white line 14 _\Whit_1405_7_one.mp4;C:\Users\esthe\Downloads\white line 14 _\Whit_1405_8_onehalf.mp4,0.0,11.970;18.573;4.934;13.001;10.534;8.124;25.795;6.863;16.327;16.565;11.462;7.933;12.699;6.966;16.101,30.000;30.000;30.000;30.000;30.000;24.000;24.000;30.000;30.000;30.000;30.000;30.000;30.000;30.000;30.000,Whiteline,pause,,,START,87.968,C:\Users\esthe\Downloads\white line 14 _\Whit_1405_16_seven.mp4,500,NA,
whit_1405,2025-06-13 17:07:23.790,,187.239,Media file(s),player #1:C:\Users\esthe\Downloads\white line 14 _\Whit_1405_10_three.mp4;C:\Users\esthe\Downloads\white line 14 _\Whit_1405_11_onehalf.mp4;C:\Users\esthe\Downloads\white line 14 _\Whit_1405_12_two.mp4;C:\Users\esthe\Downloads\white line 14 _\Whit_1405_13_one.mp4;C:\Users\esthe\Downloads\white line 14 _\Whit_1405_14_one.mp4;C:\Users\esthe\Downloads\white line 14 _\Whit_1405_15_onehalf.mp4;C:\Users\esthe\Downloads\white line 14 _\Whit_1405_16_seven.mp4;C:\Users\esthe\Downloads\white line 14 _\Whit_1405_17_onehalf.mp4;C:\Users\esthe\Downloads\white line 14 _\Whit_1405_18_onehalf.mp4;C:\Users\esthe\Downloads\white line 14 _\Whit_1405_3_five.mp4;C:\Users\esthe\Downloads\white line 14 _\Whit_1405_4_control.mp4;C:\Users\esthe\Downloads\white line 14 _\Whit_1405_5_five.mp4;C:\Users\esthe\Downloads\white line 14 _\Whit_1405_6_seven.mp4;C:\Users\esthe\Downloads\white line 14 _\Whit_1405_7_one.mp4;C:\Users\esthe\Downloads\white line 14 _\Whit_1405_8_onehalf.mp4,0.0,11.970;18.573;4.934;13.001;10.534;8.124;25.795;6.863;16.327;16.565;11.462;7.933;12.699;6.966;16.101,30.000;30.000;30.000;30.000;30.000;24.000;24.000;30.000;30.000;30.000;30.000;30.000;30.000;30.000;30.000,Whiteline,pause,,,STOP,89.385,C:\Users\esthe\Downloads\white line 14 _\Whit_1405_16_seven.mp4,534,NA,
whit_1405,2025-06-13 17:07:23.790,,187.239,Media file(s),player #1:C:\Users\esthe\Downloads\white line 14 _\Whit_1405_10_three.mp4;C:\Users\esthe\Downloads\white line 14 _\Whit_1405_11_onehalf.mp4;C:\Users\esthe\Downloads\white line 14 _\Whit_1405_12_two.mp4;C:\Users\esthe\Downloads\white line 14 _\Whit_1405_13_one.mp4;C:\Users\esthe\Downloads\white line 14 _\Whit_1405_14_one.mp4;C:\Users\esthe\Downloads\white line 14 _\Whit_1405_15_onehalf.mp4;C:\Users\esthe\Downloads\white line 14 _\Whit_1405_16_seven.mp4;C:\Users\esthe\Downloads\white line 14 _\Whit_1405_17_onehalf.mp4;C:\Users\esthe\Downloads\white line 14 _\Whit_1405_18_onehalf.mp4;C:\Users\esthe\Downloads\white line 14 _\Whit_1405_3_five.mp4;C:\Users\esthe\Downloads\white line 14 _\Whit_1405_4_control.mp4;C:\Users\esthe\Downloads\white line 14 _\Whit_1405_5_five.mp4;C:\Users\esthe\Downloads\white line 14 _\Whit_1405_6_seven.mp4;C:\Users\esthe\Downloads\white line 14 _\Whit_1405_7_one.mp4;C:\Users\esthe\Downloads\white line 14 _\Whit_1405_8_onehalf.mp4,0.0,11.970;18.573;4.934;13.001;10.534;8.124;25.795;6.863;16.327;16.565;11.462;7.933;12.699;6.966;16.101,30.000;30.000;30.000;30.000;30.000;24.000;24.000;30.000;30.000;30.000;30.000;30.000;30.000;30.000;30.000,Whiteline,digging,,,START,90.719,C:\Users\esthe\Downloads\white line 14 _\Whit_1405_16_seven.mp4,566,NA,
whit_1405,2025-06-13 17:07:23.790,,187.239,Media file(s),player #1:C:\Users\esthe\Downloads\white line 14 _\Whit_1405_10_three.mp4;C:\Users\esthe\Downloads\white line 14 _\Whit_1405_11_onehalf.mp4;C:\Users\esthe\Downloads\white line 14 _\Whit_1405_12_two.mp4;C:\Users\esthe\Downloads\white line 14 _\Whit_1405_13_one.mp4;C:\Users\esthe\Downloads\white line 14 _\Whit_1405_14_one.mp4;C:\Users\esthe\Downloads\white line 14 _\Whit_1405_15_onehalf.mp4;C:\Users\esthe\Downloads\white line 14 _\Whit_1405_16_seven.mp4;C:\Users\esthe\Downloads\white line 14 _\Whit_1405_17_onehalf.mp4;C:\Users\esthe\Downloads\white line 14 _\Whit_1405_18_onehalf.mp4;C:\Users\esthe\Downloads\white line 14 _\Whit_1405_3_five.mp4;C:\Users\esthe\Downloads\white line 14 _\Whit_1405_4_control.mp4;C:\Users\esthe\Downloads\white line 14 _\Whit_1405_5_five.mp4;C:\Users\esthe\Downloads\white line 14 _\Whit_1405_6_seven.mp4;C:\Users\esthe\Downloads\white line 14 _\Whit_1405_7_one.mp4;C:\Users\esthe\Downloads\white line 14 _\Whit_1405_8_onehalf.mp4,0.0,11.970;18.573;4.934;13.001;10.534;8.124;25.795;6.863;16.327;16.565;11.462;7.933;12.699;6.966;16.101,30.000;30.000;30.000;30.000;30.000;24.000;24.000;30.000;30.000;30.000;30.000;30.000;30.000;30.000;30.000,Whiteline,digging,,,STOP,91.094,C:\Users\esthe\Downloads\white line 14 _\Whit_1405_16_seven.mp4,575,NA,
whit_1405,2025-06-13 17:07:23.790,,187.239,Media file(s),player #1:C:\Users\esthe\Downloads\white line 14 _\Whit_1405_10_three.mp4;C:\Users\esthe\Downloads\white line 14 _\Whit_1405_11_onehalf.mp4;C:\Users\esthe\Downloads\white line 14 _\Whit_1405_12_two.mp4;C:\Users\esthe\Downloads\white line 14 _\Whit_1405_13_one.mp4;C:\Users\esthe\Downloads\white line 14 _\Whit_1405_14_one.mp4;C:\Users\esthe\Downloads\white line 14 _\Whit_1405_15_onehalf.mp4;C:\Users\esthe\Downloads\white line 14 _\Whit_1405_16_seven.mp4;C:\Users\esthe\Downloads\white line 14 _\Whit_1405_17_onehalf.mp4;C:\Users\esthe\Downloads\white line 14 _\Whit_1405_18_onehalf.mp4;C:\Users\esthe\Downloads\white line 14 _\Whit_1405_3_five.mp4;C:\Users\esthe\Downloads\white line 14 _\Whit_1405_4_control.mp4;C:\Users\esthe\Downloads\white line 14 _\Whit_1405_5_five.mp4;C:\Users\esthe\Downloads\white line 14 _\Whit_1405_6_seven.mp4;C:\Users\esthe\Downloads\white line 14 _\Whit_1405_7_one.mp4;C:\Users\esthe\Downloads\white line 14 _\Whit_1405_8_onehalf.mp4,0.0,11.970;18.573;4.934;13.001;10.534;8.124;25.795;6.863;16.327;16.565;11.462;7.933;12.699;6.966;16.101,30.000;30.000;30.000;30.000;30.000;24.000;24.000;30.000;30.000;30.000;30.000;30.000;30.000;30.000;30.000,Whiteline,target,,,STOP,92.761,C:\Users\esthe\Downloads\white line 14 _\Whit_1405_16_seven.mp4,615,NA,
whit_1405,2025-06-13 17:07:23.790,,187.239,Media file(s),player #1:C:\Users\esthe\Downloads\white line 14 _\Whit_1405_10_three.mp4;C:\Users\esthe\Downloads\white line 14 _\Whit_1405_11_onehalf.mp4;C:\Users\esthe\Downloads\white line 14 _\Whit_1405_12_two.mp4;C:\Users\esthe\Downloads\white line 14 _\Whit_1405_13_one.mp4;C:\Users\esthe\Downloads\white line 14 _\Whit_1405_14_one.mp4;C:\Users\esthe\Downloads\white line 14 _\Whit_1405_15_onehalf.mp4;C:\Users\esthe\Downloads\white line 14 _\Whit_1405_16_seven.mp4;C:\Users\esthe\Downloads\white line 14 _\Whit_1405_17_onehalf.mp4;C:\Users\esthe\Downloads\white line 14 _\Whit_1405_18_onehalf.mp4;C:\Users\esthe\Downloads\white line 14 _\Whit_1405_3_five.mp4;C:\Users\esthe\Downloads\white line 14 _\Whit_1405_4_control.mp4;C:\Users\esthe\Downloads\white line 14 _\Whit_1405_5_five.mp4;C:\Users\esthe\Downloads\white line 14 _\Whit_1405_6_seven.mp4;C:\Users\esthe\Downloads\white line 14 _\Whit_1405_7_one.mp4;C:\Users\esthe\Downloads\white line 14 _\Whit_1405_8_onehalf.mp4,0.0,11.970;18.573;4.934;13.001;10.534;8.124;25.795;6.863;16.327;16.565;11.462;7.933;12.699;6.966;16.101,30.000;30.000;30.000;30.000;30.000;24.000;24.000;30.000;30.000;30.000;30.000;30.000;30.000;30.000;30.000,Whiteline,bending,,,START,92.927,C:\Users\esthe\Downloads\white line 14 _\Whit_1405_16_seven.mp4,0,NA,
whit_1405,2025-06-13 17:07:23.790,,187.239,Media file(s),player #1:C:\Users\esthe\Downloads\white line 14 _\Whit_1405_10_three.mp4;C:\Users\esthe\Downloads\white line 14 _\Whit_1405_11_onehalf.mp4;C:\Users\esthe\Downloads\white line 14 _\Whit_1405_12_two.mp4;C:\Users\esthe\Downloads\white line 14 _\Whit_1405_13_one.mp4;C:\Users\esthe\Downloads\white line 14 _\Whit_1405_14_one.mp4;C:\Users\esthe\Downloads\white line 14 _\Whit_1405_15_onehalf.mp4;C:\Users\esthe\Downloads\white line 14 _\Whit_1405_16_seven.mp4;C:\Users\esthe\Downloads\white line 14 _\Whit_1405_17_onehalf.mp4;C:\Users\esthe\Downloads\white line 14 _\Whit_1405_18_onehalf.mp4;C:\Users\esthe\Downloads\white line 14 _\Whit_1405_3_five.mp4;C:\Users\esthe\Downloads\white line 14 _\Whit_1405_4_control.mp4;C:\Users\esthe\Downloads\white line 14 _\Whit_1405_5_five.mp4;C:\Users\esthe\Downloads\white line 14 _\Whit_1405_6_seven.mp4;C:\Users\esthe\Downloads\white line 14 _\Whit_1405_7_one.mp4;C:\Users\esthe\Downloads\white line 14 _\Whit_1405_8_onehalf.mp4,0.0,11.970;18.573;4.934;13.001;10.534;8.124;25.795;6.863;16.327;16.565;11.462;7.933;12.699;6.966;16.101,30.000;30.000;30.000;30.000;30.000;24.000;24.000;30.000;30.000;30.000;30.000;30.000;30.000;30.000;30.000,Whiteline,bending,,,STOP,93.260,C:\Users\esthe\Downloads\white line 14 _\Whit_1405_17_onehalf.mp4,10,NA,
whit_1405,2025-06-13 17:07:23.790,,187.239,Media file(s),player #1:C:\Users\esthe\Downloads\white line 14 _\Whit_1405_10_three.mp4;C:\Users\esthe\Downloads\white line 14 _\Whit_1405_11_onehalf.mp4;C:\Users\esthe\Downloads\white line 14 _\Whit_1405_12_two.mp4;C:\Users\esthe\Downloads\white line 14 _\Whit_1405_13_one.mp4;C:\Users\esthe\Downloads\white line 14 _\Whit_1405_14_one.mp4;C:\Users\esthe\Downloads\white line 14 _\Whit_1405_15_onehalf.mp4;C:\Users\esthe\Downloads\white line 14 _\Whit_1405_16_seven.mp4;C:\Users\esthe\Downloads\white line 14 _\Whit_1405_17_onehalf.mp4;C:\Users\esthe\Downloads\white line 14 _\Whit_1405_18_onehalf.mp4;C:\Users\esthe\Downloads\white line 14 _\Whit_1405_3_five.mp4;C:\Users\esthe\Downloads\white line 14 _\Whit_1405_4_control.mp4;C:\Users\esthe\Downloads\white line 14 _\Whit_1405_5_five.mp4;C:\Users\esthe\Downloads\white line 14 _\Whit_1405_6_seven.mp4;C:\Users\esthe\Downloads\white line 14 _\Whit_1405_7_one.mp4;C:\Users\esthe\Downloads\white line 14 _\Whit_1405_8_onehalf.mp4,0.0,11.970;18.573;4.934;13.001;10.534;8.124;25.795;6.863;16.327;16.565;11.462;7.933;12.699;6.966;16.101,30.000;30.000;30.000;30.000;30.000;24.000;24.000;30.000;30.000;30.000;30.000;30.000;30.000;30.000;30.000,Whiteline,grabbing peanut,,,POINT,93.260,C:\Users\esthe\Downloads\white line 14 _\Whit_1405_17_onehalf.mp4,10,NA,
whit_1405,2025-06-13 17:07:23.790,,187.239,Media file(s),player #1:C:\Users\esthe\Downloads\white line 14 _\Whit_1405_10_three.mp4;C:\Users\esthe\Downloads\white line 14 _\Whit_1405_11_onehalf.mp4;C:\Users\esthe\Downloads\white line 14 _\Whit_1405_12_two.mp4;C:\Users\esthe\Downloads\white line 14 _\Whit_1405_13_one.mp4;C:\Users\esthe\Downloads\white line 14 _\Whit_1405_14_one.mp4;C:\Users\esthe\Downloads\white line 14 _\Whit_1405_15_onehalf.mp4;C:\Users\esthe\Downloads\white line 14 _\Whit_1405_16_seven.mp4;C:\Users\esthe\Downloads\white line 14 _\Whit_1405_17_onehalf.mp4;C:\Users\esthe\Downloads\white line 14 _\Whit_1405_18_onehalf.mp4;C:\Users\esthe\Downloads\white line 14 _\Whit_1405_3_five.mp4;C:\Users\esthe\Downloads\white line 14 _\Whit_1405_4_control.mp4;C:\Users\esthe\Downloads\white line 14 _\Whit_1405_5_five.mp4;C:\Users\esthe\Downloads\white line 14 _\Whit_1405_6_seven.mp4;C:\Users\esthe\Downloads\white line 14 _\Whit_1405_7_one.mp4;C:\Users\esthe\Downloads\white line 14 _\Whit_1405_8_onehalf.mp4,0.0,11.970;18.573;4.934;13.001;10.534;8.124;25.795;6.863;16.327;16.565;11.462;7.933;12.699;6.966;16.101,30.000;30.000;30.000;30.000;30.000;24.000;24.000;30.000;30.000;30.000;30.000;30.000;30.000;30.000;30.000,Whiteline,lifting,,,START,93.294,C:\Users\esthe\Downloads\white line 14 _\Whit_1405_17_onehalf.mp4,11,NA,
whit_1405,2025-06-13 17:07:23.790,,187.239,Media file(s),player #1:C:\Users\esthe\Downloads\white line 14 _\Whit_1405_10_three.mp4;C:\Users\esthe\Downloads\white line 14 _\Whit_1405_11_onehalf.mp4;C:\Users\esthe\Downloads\white line 14 _\Whit_1405_12_two.mp4;C:\Users\esthe\Downloads\white line 14 _\Whit_1405_13_one.mp4;C:\Users\esthe\Downloads\white line 14 _\Whit_1405_14_one.mp4;C:\Users\esthe\Downloads\white line 14 _\Whit_1405_15_onehalf.mp4;C:\Users\esthe\Downloads\white line 14 _\Whit_1405_16_seven.mp4;C:\Users\esthe\Downloads\white line 14 _\Whit_1405_17_onehalf.mp4;C:\Users\esthe\Downloads\white line 14 _\Whit_1405_18_onehalf.mp4;C:\Users\esthe\Downloads\white line 14 _\Whit_1405_3_five.mp4;C:\Users\esthe\Downloads\white line 14 _\Whit_1405_4_control.mp4;C:\Users\esthe\Downloads\white line 14 _\Whit_1405_5_five.mp4;C:\Users\esthe\Downloads\white line 14 _\Whit_1405_6_seven.mp4;C:\Users\esthe\Downloads\white line 14 _\Whit_1405_7_one.mp4;C:\Users\esthe\Downloads\white line 14 _\Whit_1405_8_onehalf.mp4,0.0,11.970;18.573;4.934;13.001;10.534;8.124;25.795;6.863;16.327;16.565;11.462;7.933;12.699;6.966;16.101,30.000;30.000;30.000;30.000;30.000;24.000;24.000;30.000;30.000;30.000;30.000;30.000;30.000;30.000;30.000,Whiteline,lifting,,,STOP,93.660,C:\Users\esthe\Downloads\white line 14 _\Whit_1405_17_onehalf.mp4,22,NA,
whit_1405,2025-06-13 17:07:23.790,,187.239,Media file(s),player #1:C:\Users\esthe\Downloads\white line 14 _\Whit_1405_10_three.mp4;C:\Users\esthe\Downloads\white line 14 _\Whit_1405_11_onehalf.mp4;C:\Users\esthe\Downloads\white line 14 _\Whit_1405_12_two.mp4;C:\Users\esthe\Downloads\white line 14 _\Whit_1405_13_one.mp4;C:\Users\esthe\Downloads\white line 14 _\Whit_1405_14_one.mp4;C:\Users\esthe\Downloads\white line 14 _\Whit_1405_15_onehalf.mp4;C:\Users\esthe\Downloads\white line 14 _\Whit_1405_16_seven.mp4;C:\Users\esthe\Downloads\white line 14 _\Whit_1405_17_onehalf.mp4;C:\Users\esthe\Downloads\white line 14 _\Whit_1405_18_onehalf.mp4;C:\Users\esthe\Downloads\white line 14 _\Whit_1405_3_five.mp4;C:\Users\esthe\Downloads\white line 14 _\Whit_1405_4_control.mp4;C:\Users\esthe\Downloads\white line 14 _\Whit_1405_5_five.mp4;C:\Users\esthe\Downloads\white line 14 _\Whit_1405_6_seven.mp4;C:\Users\esthe\Downloads\white line 14 _\Whit_1405_7_one.mp4;C:\Users\esthe\Downloads\white line 14 _\Whit_1405_8_onehalf.mp4,0.0,11.970;18.573;4.934;13.001;10.534;8.124;25.795;6.863;16.327;16.565;11.462;7.933;12.699;6.966;16.101,30.000;30.000;30.000;30.000;30.000;24.000;24.000;30.000;30.000;30.000;30.000;30.000;30.000;30.000;30.000,Whiteline,assessing,,,START,93.960,C:\Users\esthe\Downloads\white line 14 _\Whit_1405_17_onehalf.mp4,31,NA,
whit_1405,2025-06-13 17:07:23.790,,187.239,Media file(s),player #1:C:\Users\esthe\Downloads\white line 14 _\Whit_1405_10_three.mp4;C:\Users\esthe\Downloads\white line 14 _\Whit_1405_11_onehalf.mp4;C:\Users\esthe\Downloads\white line 14 _\Whit_1405_12_two.mp4;C:\Users\esthe\Downloads\white line 14 _\Whit_1405_13_one.mp4;C:\Users\esthe\Downloads\white line 14 _\Whit_1405_14_one.mp4;C:\Users\esthe\Downloads\white line 14 _\Whit_1405_15_onehalf.mp4;C:\Users\esthe\Downloads\white line 14 _\Whit_1405_16_seven.mp4;C:\Users\esthe\Downloads\white line 14 _\Whit_1405_17_onehalf.mp4;C:\Users\esthe\Downloads\white line 14 _\Whit_1405_18_onehalf.mp4;C:\Users\esthe\Downloads\white line 14 _\Whit_1405_3_five.mp4;C:\Users\esthe\Downloads\white line 14 _\Whit_1405_4_control.mp4;C:\Users\esthe\Downloads\white line 14 _\Whit_1405_5_five.mp4;C:\Users\esthe\Downloads\white line 14 _\Whit_1405_6_seven.mp4;C:\Users\esthe\Downloads\white line 14 _\Whit_1405_7_one.mp4;C:\Users\esthe\Downloads\white line 14 _\Whit_1405_8_onehalf.mp4,0.0,11.970;18.573;4.934;13.001;10.534;8.124;25.795;6.863;16.327;16.565;11.462;7.933;12.699;6.966;16.101,30.000;30.000;30.000;30.000;30.000;24.000;24.000;30.000;30.000;30.000;30.000;30.000;30.000;30.000;30.000,Whiteline,jaw movement,,,POINT,93.960,C:\Users\esthe\Downloads\white line 14 _\Whit_1405_17_onehalf.mp4,31,NA,
whit_1405,2025-06-13 17:07:23.790,,187.239,Media file(s),player #1:C:\Users\esthe\Downloads\white line 14 _\Whit_1405_10_three.mp4;C:\Users\esthe\Downloads\white line 14 _\Whit_1405_11_onehalf.mp4;C:\Users\esthe\Downloads\white line 14 _\Whit_1405_12_two.mp4;C:\Users\esthe\Downloads\white line 14 _\Whit_1405_13_one.mp4;C:\Users\esthe\Downloads\white line 14 _\Whit_1405_14_one.mp4;C:\Users\esthe\Downloads\white line 14 _\Whit_1405_15_onehalf.mp4;C:\Users\esthe\Downloads\white line 14 _\Whit_1405_16_seven.mp4;C:\Users\esthe\Downloads\white line 14 _\Whit_1405_17_onehalf.mp4;C:\Users\esthe\Downloads\white line 14 _\Whit_1405_18_onehalf.mp4;C:\Users\esthe\Downloads\white line 14 _\Whit_1405_3_five.mp4;C:\Users\esthe\Downloads\white line 14 _\Whit_1405_4_control.mp4;C:\Users\esthe\Downloads\white line 14 _\Whit_1405_5_five.mp4;C:\Users\esthe\Downloads\white line 14 _\Whit_1405_6_seven.mp4;C:\Users\esthe\Downloads\white line 14 _\Whit_1405_7_one.mp4;C:\Users\esthe\Downloads\white line 14 _\Whit_1405_8_onehalf.mp4,0.0,11.970;18.573;4.934;13.001;10.534;8.124;25.795;6.863;16.327;16.565;11.462;7.933;12.699;6.966;16.101,30.000;30.000;30.000;30.000;30.000;24.000;24.000;30.000;30.000;30.000;30.000;30.000;30.000;30.000;30.000,Whiteline,jaw movement,,,POINT,94.255,C:\Users\esthe\Downloads\white line 14 _\Whit_1405_17_onehalf.mp4,40,NA,
whit_1405,2025-06-13 17:07:23.790,,187.239,Media file(s),player #1:C:\Users\esthe\Downloads\white line 14 _\Whit_1405_10_three.mp4;C:\Users\esthe\Downloads\white line 14 _\Whit_1405_11_onehalf.mp4;C:\Users\esthe\Downloads\white line 14 _\Whit_1405_12_two.mp4;C:\Users\esthe\Downloads\white line 14 _\Whit_1405_13_one.mp4;C:\Users\esthe\Downloads\white line 14 _\Whit_1405_14_one.mp4;C:\Users\esthe\Downloads\white line 14 _\Whit_1405_15_onehalf.mp4;C:\Users\esthe\Downloads\white line 14 _\Whit_1405_16_seven.mp4;C:\Users\esthe\Downloads\white line 14 _\Whit_1405_17_onehalf.mp4;C:\Users\esthe\Downloads\white line 14 _\Whit_1405_18_onehalf.mp4;C:\Users\esthe\Downloads\white line 14 _\Whit_1405_3_five.mp4;C:\Users\esthe\Downloads\white line 14 _\Whit_1405_4_control.mp4;C:\Users\esthe\Downloads\white line 14 _\Whit_1405_5_five.mp4;C:\Users\esthe\Downloads\white line 14 _\Whit_1405_6_seven.mp4;C:\Users\esthe\Downloads\white line 14 _\Whit_1405_7_one.mp4;C:\Users\esthe\Downloads\white line 14 _\Whit_1405_8_onehalf.mp4,0.0,11.970;18.573;4.934;13.001;10.534;8.124;25.795;6.863;16.327;16.565;11.462;7.933;12.699;6.966;16.101,30.000;30.000;30.000;30.000;30.000;24.000;24.000;30.000;30.000;30.000;30.000;30.000;30.000;30.000;30.000,Whiteline,translational jaw movement,,,POINT,94.557,C:\Users\esthe\Downloads\white line 14 _\Whit_1405_17_onehalf.mp4,49,NA,
whit_1405,2025-06-13 17:07:23.790,,187.239,Media file(s),player #1:C:\Users\esthe\Downloads\white line 14 _\Whit_1405_10_three.mp4;C:\Users\esthe\Downloads\white line 14 _\Whit_1405_11_onehalf.mp4;C:\Users\esthe\Downloads\white line 14 _\Whit_1405_12_two.mp4;C:\Users\esthe\Downloads\white line 14 _\Whit_1405_13_one.mp4;C:\Users\esthe\Downloads\white line 14 _\Whit_1405_14_one.mp4;C:\Users\esthe\Downloads\white line 14 _\Whit_1405_15_onehalf.mp4;C:\Users\esthe\Downloads\white line 14 _\Whit_1405_16_seven.mp4;C:\Users\esthe\Downloads\white line 14 _\Whit_1405_17_onehalf.mp4;C:\Users\esthe\Downloads\white line 14 _\Whit_1405_18_onehalf.mp4;C:\Users\esthe\Downloads\white line 14 _\Whit_1405_3_five.mp4;C:\Users\esthe\Downloads\white line 14 _\Whit_1405_4_control.mp4;C:\Users\esthe\Downloads\white line 14 _\Whit_1405_5_five.mp4;C:\Users\esthe\Downloads\white line 14 _\Whit_1405_6_seven.mp4;C:\Users\esthe\Downloads\white line 14 _\Whit_1405_7_one.mp4;C:\Users\esthe\Downloads\white line 14 _\Whit_1405_8_onehalf.mp4,0.0,11.970;18.573;4.934;13.001;10.534;8.124;25.795;6.863;16.327;16.565;11.462;7.933;12.699;6.966;16.101,30.000;30.000;30.000;30.000;30.000;24.000;24.000;30.000;30.000;30.000;30.000;30.000;30.000;30.000;30.000,Whiteline,translational jaw movement,,,POINT,94.824,C:\Users\esthe\Downloads\white line 14 _\Whit_1405_17_onehalf.mp4,57,NA,
whit_1405,2025-06-13 17:07:23.790,,187.239,Media file(s),player #1:C:\Users\esthe\Downloads\white line 14 _\Whit_1405_10_three.mp4;C:\Users\esthe\Downloads\white line 14 _\Whit_1405_11_onehalf.mp4;C:\Users\esthe\Downloads\white line 14 _\Whit_1405_12_two.mp4;C:\Users\esthe\Downloads\white line 14 _\Whit_1405_13_one.mp4;C:\Users\esthe\Downloads\white line 14 _\Whit_1405_14_one.mp4;C:\Users\esthe\Downloads\white line 14 _\Whit_1405_15_onehalf.mp4;C:\Users\esthe\Downloads\white line 14 _\Whit_1405_16_seven.mp4;C:\Users\esthe\Downloads\white line 14 _\Whit_1405_17_onehalf.mp4;C:\Users\esthe\Downloads\white line 14 _\Whit_1405_18_onehalf.mp4;C:\Users\esthe\Downloads\white line 14 _\Whit_1405_3_five.mp4;C:\Users\esthe\Downloads\white line 14 _\Whit_1405_4_control.mp4;C:\Users\esthe\Downloads\white line 14 _\Whit_1405_5_five.mp4;C:\Users\esthe\Downloads\white line 14 _\Whit_1405_6_seven.mp4;C:\Users\esthe\Downloads\white line 14 _\Whit_1405_7_one.mp4;C:\Users\esthe\Downloads\white line 14 _\Whit_1405_8_onehalf.mp4,0.0,11.970;18.573;4.934;13.001;10.534;8.124;25.795;6.863;16.327;16.565;11.462;7.933;12.699;6.966;16.101,30.000;30.000;30.000;30.000;30.000;24.000;24.000;30.000;30.000;30.000;30.000;30.000;30.000;30.000;30.000,Whiteline,sniffing,,,POINT,94.991,C:\Users\esthe\Downloads\white line 14 _\Whit_1405_17_onehalf.mp4,62,NA,
whit_1405,2025-06-13 17:07:23.790,,187.239,Media file(s),player #1:C:\Users\esthe\Downloads\white line 14 _\Whit_1405_10_three.mp4;C:\Users\esthe\Downloads\white line 14 _\Whit_1405_11_onehalf.mp4;C:\Users\esthe\Downloads\white line 14 _\Whit_1405_12_two.mp4;C:\Users\esthe\Downloads\white line 14 _\Whit_1405_13_one.mp4;C:\Users\esthe\Downloads\white line 14 _\Whit_1405_14_one.mp4;C:\Users\esthe\Downloads\white line 14 _\Whit_1405_15_onehalf.mp4;C:\Users\esthe\Downloads\white line 14 _\Whit_1405_16_seven.mp4;C:\Users\esthe\Downloads\white line 14 _\Whit_1405_17_onehalf.mp4;C:\Users\esthe\Downloads\white line 14 _\Whit_1405_18_onehalf.mp4;C:\Users\esthe\Downloads\white line 14 _\Whit_1405_3_five.mp4;C:\Users\esthe\Downloads\white line 14 _\Whit_1405_4_control.mp4;C:\Users\esthe\Downloads\white line 14 _\Whit_1405_5_five.mp4;C:\Users\esthe\Downloads\white line 14 _\Whit_1405_6_seven.mp4;C:\Users\esthe\Downloads\white line 14 _\Whit_1405_7_one.mp4;C:\Users\esthe\Downloads\white line 14 _\Whit_1405_8_onehalf.mp4,0.0,11.970;18.573;4.934;13.001;10.534;8.124;25.795;6.863;16.327;16.565;11.462;7.933;12.699;6.966;16.101,30.000;30.000;30.000;30.000;30.000;24.000;24.000;30.000;30.000;30.000;30.000;30.000;30.000;30.000;30.000,Whiteline,jaw movement,,,POINT,95.291,C:\Users\esthe\Downloads\white line 14 _\Whit_1405_17_onehalf.mp4,71,NA,
whit_1405,2025-06-13 17:07:23.790,,187.239,Media file(s),player #1:C:\Users\esthe\Downloads\white line 14 _\Whit_1405_10_three.mp4;C:\Users\esthe\Downloads\white line 14 _\Whit_1405_11_onehalf.mp4;C:\Users\esthe\Downloads\white line 14 _\Whit_1405_12_two.mp4;C:\Users\esthe\Downloads\white line 14 _\Whit_1405_13_one.mp4;C:\Users\esthe\Downloads\white line 14 _\Whit_1405_14_one.mp4;C:\Users\esthe\Downloads\white line 14 _\Whit_1405_15_onehalf.mp4;C:\Users\esthe\Downloads\white line 14 _\Whit_1405_16_seven.mp4;C:\Users\esthe\Downloads\white line 14 _\Whit_1405_17_onehalf.mp4;C:\Users\esthe\Downloads\white line 14 _\Whit_1405_18_onehalf.mp4;C:\Users\esthe\Downloads\white line 14 _\Whit_1405_3_five.mp4;C:\Users\esthe\Downloads\white line 14 _\Whit_1405_4_control.mp4;C:\Users\esthe\Downloads\white line 14 _\Whit_1405_5_five.mp4;C:\Users\esthe\Downloads\white line 14 _\Whit_1405_6_seven.mp4;C:\Users\esthe\Downloads\white line 14 _\Whit_1405_7_one.mp4;C:\Users\esthe\Downloads\white line 14 _\Whit_1405_8_onehalf.mp4,0.0,11.970;18.573;4.934;13.001;10.534;8.124;25.795;6.863;16.327;16.565;11.462;7.933;12.699;6.966;16.101,30.000;30.000;30.000;30.000;30.000;24.000;24.000;30.000;30.000;30.000;30.000;30.000;30.000;30.000;30.000,Whiteline,mouth,,,POINT,95.591,C:\Users\esthe\Downloads\white line 14 _\Whit_1405_17_onehalf.mp4,80,NA,
whit_1405,2025-06-13 17:07:23.790,,187.239,Media file(s),player #1:C:\Users\esthe\Downloads\white line 14 _\Whit_1405_10_three.mp4;C:\Users\esthe\Downloads\white line 14 _\Whit_1405_11_onehalf.mp4;C:\Users\esthe\Downloads\white line 14 _\Whit_1405_12_two.mp4;C:\Users\esthe\Downloads\white line 14 _\Whit_1405_13_one.mp4;C:\Users\esthe\Downloads\white line 14 _\Whit_1405_14_one.mp4;C:\Users\esthe\Downloads\white line 14 _\Whit_1405_15_onehalf.mp4;C:\Users\esthe\Downloads\white line 14 _\Whit_1405_16_seven.mp4;C:\Users\esthe\Downloads\white line 14 _\Whit_1405_17_onehalf.mp4;C:\Users\esthe\Downloads\white line 14 _\Whit_1405_18_onehalf.mp4;C:\Users\esthe\Downloads\white line 14 _\Whit_1405_3_five.mp4;C:\Users\esthe\Downloads\white line 14 _\Whit_1405_4_control.mp4;C:\Users\esthe\Downloads\white line 14 _\Whit_1405_5_five.mp4;C:\Users\esthe\Downloads\white line 14 _\Whit_1405_6_seven.mp4;C:\Users\esthe\Downloads\white line 14 _\Whit_1405_7_one.mp4;C:\Users\esthe\Downloads\white line 14 _\Whit_1405_8_onehalf.mp4,0.0,11.970;18.573;4.934;13.001;10.534;8.124;25.795;6.863;16.327;16.565;11.462;7.933;12.699;6.966;16.101,30.000;30.000;30.000;30.000;30.000;24.000;24.000;30.000;30.000;30.000;30.000;30.000;30.000;30.000;30.000,Whiteline,assessing,,,STOP,95.691,C:\Users\esthe\Downloads\white line 14 _\Whit_1405_17_onehalf.mp4,83,NA,
whit_1405,2025-06-13 17:07:23.790,,187.239,Media file(s),player #1:C:\Users\esthe\Downloads\white line 14 _\Whit_1405_10_three.mp4;C:\Users\esthe\Downloads\white line 14 _\Whit_1405_11_onehalf.mp4;C:\Users\esthe\Downloads\white line 14 _\Whit_1405_12_two.mp4;C:\Users\esthe\Downloads\white line 14 _\Whit_1405_13_one.mp4;C:\Users\esthe\Downloads\white line 14 _\Whit_1405_14_one.mp4;C:\Users\esthe\Downloads\white line 14 _\Whit_1405_15_onehalf.mp4;C:\Users\esthe\Downloads\white line 14 _\Whit_1405_16_seven.mp4;C:\Users\esthe\Downloads\white line 14 _\Whit_1405_17_onehalf.mp4;C:\Users\esthe\Downloads\white line 14 _\Whit_1405_18_onehalf.mp4;C:\Users\esthe\Downloads\white line 14 _\Whit_1405_3_five.mp4;C:\Users\esthe\Downloads\white line 14 _\Whit_1405_4_control.mp4;C:\Users\esthe\Downloads\white line 14 _\Whit_1405_5_five.mp4;C:\Users\esthe\Downloads\white line 14 _\Whit_1405_6_seven.mp4;C:\Users\esthe\Downloads\white line 14 _\Whit_1405_7_one.mp4;C:\Users\esthe\Downloads\white line 14 _\Whit_1405_8_onehalf.mp4,0.0,11.970;18.573;4.934;13.001;10.534;8.124;25.795;6.863;16.327;16.565;11.462;7.933;12.699;6.966;16.101,30.000;30.000;30.000;30.000;30.000;24.000;24.000;30.000;30.000;30.000;30.000;30.000;30.000;30.000;30.000,Whiteline,target,,,START,95.791,C:\Users\esthe\Downloads\white line 14 _\Whit_1405_17_onehalf.mp4,86,NA,
whit_1405,2025-06-13 17:07:23.790,,187.239,Media file(s),player #1:C:\Users\esthe\Downloads\white line 14 _\Whit_1405_10_three.mp4;C:\Users\esthe\Downloads\white line 14 _\Whit_1405_11_onehalf.mp4;C:\Users\esthe\Downloads\white line 14 _\Whit_1405_12_two.mp4;C:\Users\esthe\Downloads\white line 14 _\Whit_1405_13_one.mp4;C:\Users\esthe\Downloads\white line 14 _\Whit_1405_14_one.mp4;C:\Users\esthe\Downloads\white line 14 _\Whit_1405_15_onehalf.mp4;C:\Users\esthe\Downloads\white line 14 _\Whit_1405_16_seven.mp4;C:\Users\esthe\Downloads\white line 14 _\Whit_1405_17_onehalf.mp4;C:\Users\esthe\Downloads\white line 14 _\Whit_1405_18_onehalf.mp4;C:\Users\esthe\Downloads\white line 14 _\Whit_1405_3_five.mp4;C:\Users\esthe\Downloads\white line 14 _\Whit_1405_4_control.mp4;C:\Users\esthe\Downloads\white line 14 _\Whit_1405_5_five.mp4;C:\Users\esthe\Downloads\white line 14 _\Whit_1405_6_seven.mp4;C:\Users\esthe\Downloads\white line 14 _\Whit_1405_7_one.mp4;C:\Users\esthe\Downloads\white line 14 _\Whit_1405_8_onehalf.mp4,0.0,11.970;18.573;4.934;13.001;10.534;8.124;25.795;6.863;16.327;16.565;11.462;7.933;12.699;6.966;16.101,30.000;30.000;30.000;30.000;30.000;24.000;24.000;30.000;30.000;30.000;30.000;30.000;30.000;30.000;30.000,Whiteline,target,,,STOP,99.723,C:\Users\esthe\Downloads\white line 14 _\Whit_1405_17_onehalf.mp4,203,NA,
whit_1405,2025-06-13 17:07:23.790,,187.239,Media file(s),player #1:C:\Users\esthe\Downloads\white line 14 _\Whit_1405_10_three.mp4;C:\Users\esthe\Downloads\white line 14 _\Whit_1405_11_onehalf.mp4;C:\Users\esthe\Downloads\white line 14 _\Whit_1405_12_two.mp4;C:\Users\esthe\Downloads\white line 14 _\Whit_1405_13_one.mp4;C:\Users\esthe\Downloads\white line 14 _\Whit_1405_14_one.mp4;C:\Users\esthe\Downloads\white line 14 _\Whit_1405_15_onehalf.mp4;C:\Users\esthe\Downloads\white line 14 _\Whit_1405_16_seven.mp4;C:\Users\esthe\Downloads\white line 14 _\Whit_1405_17_onehalf.mp4;C:\Users\esthe\Downloads\white line 14 _\Whit_1405_18_onehalf.mp4;C:\Users\esthe\Downloads\white line 14 _\Whit_1405_3_five.mp4;C:\Users\esthe\Downloads\white line 14 _\Whit_1405_4_control.mp4;C:\Users\esthe\Downloads\white line 14 _\Whit_1405_5_five.mp4;C:\Users\esthe\Downloads\white line 14 _\Whit_1405_6_seven.mp4;C:\Users\esthe\Downloads\white line 14 _\Whit_1405_7_one.mp4;C:\Users\esthe\Downloads\white line 14 _\Whit_1405_8_onehalf.mp4,0.0,11.970;18.573;4.934;13.001;10.534;8.124;25.795;6.863;16.327;16.565;11.462;7.933;12.699;6.966;16.101,30.000;30.000;30.000;30.000;30.000;24.000;24.000;30.000;30.000;30.000;30.000;30.000;30.000;30.000;30.000,Whiteline,target,,,START,100.916,C:\Users\esthe\Downloads\white line 14 _\Whit_1405_18_onehalf.mp4,34,NA,
whit_1405,2025-06-13 17:07:23.790,,187.239,Media file(s),player #1:C:\Users\esthe\Downloads\white line 14 _\Whit_1405_10_three.mp4;C:\Users\esthe\Downloads\white line 14 _\Whit_1405_11_onehalf.mp4;C:\Users\esthe\Downloads\white line 14 _\Whit_1405_12_two.mp4;C:\Users\esthe\Downloads\white line 14 _\Whit_1405_13_one.mp4;C:\Users\esthe\Downloads\white line 14 _\Whit_1405_14_one.mp4;C:\Users\esthe\Downloads\white line 14 _\Whit_1405_15_onehalf.mp4;C:\Users\esthe\Downloads\white line 14 _\Whit_1405_16_seven.mp4;C:\Users\esthe\Downloads\white line 14 _\Whit_1405_17_onehalf.mp4;C:\Users\esthe\Downloads\white line 14 _\Whit_1405_18_onehalf.mp4;C:\Users\esthe\Downloads\white line 14 _\Whit_1405_3_five.mp4;C:\Users\esthe\Downloads\white line 14 _\Whit_1405_4_control.mp4;C:\Users\esthe\Downloads\white line 14 _\Whit_1405_5_five.mp4;C:\Users\esthe\Downloads\white line 14 _\Whit_1405_6_seven.mp4;C:\Users\esthe\Downloads\white line 14 _\Whit_1405_7_one.mp4;C:\Users\esthe\Downloads\white line 14 _\Whit_1405_8_onehalf.mp4,0.0,11.970;18.573;4.934;13.001;10.534;8.124;25.795;6.863;16.327;16.565;11.462;7.933;12.699;6.966;16.101,30.000;30.000;30.000;30.000;30.000;24.000;24.000;30.000;30.000;30.000;30.000;30.000;30.000;30.000;30.000,Whiteline,target,,,STOP,103.319,C:\Users\esthe\Downloads\white line 14 _\Whit_1405_18_onehalf.mp4,106,NA,
whit_1405,2025-06-13 17:07:23.790,,187.239,Media file(s),player #1:C:\Users\esthe\Downloads\white line 14 _\Whit_1405_10_three.mp4;C:\Users\esthe\Downloads\white line 14 _\Whit_1405_11_onehalf.mp4;C:\Users\esthe\Downloads\white line 14 _\Whit_1405_12_two.mp4;C:\Users\esthe\Downloads\white line 14 _\Whit_1405_13_one.mp4;C:\Users\esthe\Downloads\white line 14 _\Whit_1405_14_one.mp4;C:\Users\esthe\Downloads\white line 14 _\Whit_1405_15_onehalf.mp4;C:\Users\esthe\Downloads\white line 14 _\Whit_1405_16_seven.mp4;C:\Users\esthe\Downloads\white line 14 _\Whit_1405_17_onehalf.mp4;C:\Users\esthe\Downloads\white line 14 _\Whit_1405_18_onehalf.mp4;C:\Users\esthe\Downloads\white line 14 _\Whit_1405_3_five.mp4;C:\Users\esthe\Downloads\white line 14 _\Whit_1405_4_control.mp4;C:\Users\esthe\Downloads\white line 14 _\Whit_1405_5_five.mp4;C:\Users\esthe\Downloads\white line 14 _\Whit_1405_6_seven.mp4;C:\Users\esthe\Downloads\white line 14 _\Whit_1405_7_one.mp4;C:\Users\esthe\Downloads\white line 14 _\Whit_1405_8_onehalf.mp4,0.0,11.970;18.573;4.934;13.001;10.534;8.124;25.795;6.863;16.327;16.565;11.462;7.933;12.699;6.966;16.101,30.000;30.000;30.000;30.000;30.000;24.000;24.000;30.000;30.000;30.000;30.000;30.000;30.000;30.000;30.000,Whiteline,bending,,,START,103.686,C:\Users\esthe\Downloads\white line 14 _\Whit_1405_18_onehalf.mp4,117,NA,
whit_1405,2025-06-13 17:07:23.790,,187.239,Media file(s),player #1:C:\Users\esthe\Downloads\white line 14 _\Whit_1405_10_three.mp4;C:\Users\esthe\Downloads\white line 14 _\Whit_1405_11_onehalf.mp4;C:\Users\esthe\Downloads\white line 14 _\Whit_1405_12_two.mp4;C:\Users\esthe\Downloads\white line 14 _\Whit_1405_13_one.mp4;C:\Users\esthe\Downloads\white line 14 _\Whit_1405_14_one.mp4;C:\Users\esthe\Downloads\white line 14 _\Whit_1405_15_onehalf.mp4;C:\Users\esthe\Downloads\white line 14 _\Whit_1405_16_seven.mp4;C:\Users\esthe\Downloads\white line 14 _\Whit_1405_17_onehalf.mp4;C:\Users\esthe\Downloads\white line 14 _\Whit_1405_18_onehalf.mp4;C:\Users\esthe\Downloads\white line 14 _\Whit_1405_3_five.mp4;C:\Users\esthe\Downloads\white line 14 _\Whit_1405_4_control.mp4;C:\Users\esthe\Downloads\white line 14 _\Whit_1405_5_five.mp4;C:\Users\esthe\Downloads\white line 14 _\Whit_1405_6_seven.mp4;C:\Users\esthe\Downloads\white line 14 _\Whit_1405_7_one.mp4;C:\Users\esthe\Downloads\white line 14 _\Whit_1405_8_onehalf.mp4,0.0,11.970;18.573;4.934;13.001;10.534;8.124;25.795;6.863;16.327;16.565;11.462;7.933;12.699;6.966;16.101,30.000;30.000;30.000;30.000;30.000;24.000;24.000;30.000;30.000;30.000;30.000;30.000;30.000;30.000;30.000,Whiteline,grabbing peanut,,,POINT,104.052,C:\Users\esthe\Downloads\white line 14 _\Whit_1405_18_onehalf.mp4,128,NA,
whit_1405,2025-06-13 17:07:23.790,,187.239,Media file(s),player #1:C:\Users\esthe\Downloads\white line 14 _\Whit_1405_10_three.mp4;C:\Users\esthe\Downloads\white line 14 _\Whit_1405_11_onehalf.mp4;C:\Users\esthe\Downloads\white line 14 _\Whit_1405_12_two.mp4;C:\Users\esthe\Downloads\white line 14 _\Whit_1405_13_one.mp4;C:\Users\esthe\Downloads\white line 14 _\Whit_1405_14_one.mp4;C:\Users\esthe\Downloads\white line 14 _\Whit_1405_15_onehalf.mp4;C:\Users\esthe\Downloads\white line 14 _\Whit_1405_16_seven.mp4;C:\Users\esthe\Downloads\white line 14 _\Whit_1405_17_onehalf.mp4;C:\Users\esthe\Downloads\white line 14 _\Whit_1405_18_onehalf.mp4;C:\Users\esthe\Downloads\white line 14 _\Whit_1405_3_five.mp4;C:\Users\esthe\Downloads\white line 14 _\Whit_1405_4_control.mp4;C:\Users\esthe\Downloads\white line 14 _\Whit_1405_5_five.mp4;C:\Users\esthe\Downloads\white line 14 _\Whit_1405_6_seven.mp4;C:\Users\esthe\Downloads\white line 14 _\Whit_1405_7_one.mp4;C:\Users\esthe\Downloads\white line 14 _\Whit_1405_8_onehalf.mp4,0.0,11.970;18.573;4.934;13.001;10.534;8.124;25.795;6.863;16.327;16.565;11.462;7.933;12.699;6.966;16.101,30.000;30.000;30.000;30.000;30.000;24.000;24.000;30.000;30.000;30.000;30.000;30.000;30.000;30.000;30.000,Whiteline,bending,,,STOP,104.086,C:\Users\esthe\Downloads\white line 14 _\Whit_1405_18_onehalf.mp4,129,NA,
whit_1405,2025-06-13 17:07:23.790,,187.239,Media file(s),player #1:C:\Users\esthe\Downloads\white line 14 _\Whit_1405_10_three.mp4;C:\Users\esthe\Downloads\white line 14 _\Whit_1405_11_onehalf.mp4;C:\Users\esthe\Downloads\white line 14 _\Whit_1405_12_two.mp4;C:\Users\esthe\Downloads\white line 14 _\Whit_1405_13_one.mp4;C:\Users\esthe\Downloads\white line 14 _\Whit_1405_14_one.mp4;C:\Users\esthe\Downloads\white line 14 _\Whit_1405_15_onehalf.mp4;C:\Users\esthe\Downloads\white line 14 _\Whit_1405_16_seven.mp4;C:\Users\esthe\Downloads\white line 14 _\Whit_1405_17_onehalf.mp4;C:\Users\esthe\Downloads\white line 14 _\Whit_1405_18_onehalf.mp4;C:\Users\esthe\Downloads\white line 14 _\Whit_1405_3_five.mp4;C:\Users\esthe\Downloads\white line 14 _\Whit_1405_4_control.mp4;C:\Users\esthe\Downloads\white line 14 _\Whit_1405_5_five.mp4;C:\Users\esthe\Downloads\white line 14 _\Whit_1405_6_seven.mp4;C:\Users\esthe\Downloads\white line 14 _\Whit_1405_7_one.mp4;C:\Users\esthe\Downloads\white line 14 _\Whit_1405_8_onehalf.mp4,0.0,11.970;18.573;4.934;13.001;10.534;8.124;25.795;6.863;16.327;16.565;11.462;7.933;12.699;6.966;16.101,30.000;30.000;30.000;30.000;30.000;24.000;24.000;30.000;30.000;30.000;30.000;30.000;30.000;30.000;30.000,Whiteline,lifting,,,START,104.119,C:\Users\esthe\Downloads\white line 14 _\Whit_1405_18_onehalf.mp4,130,NA,
whit_1405,2025-06-13 17:07:23.790,,187.239,Media file(s),player #1:C:\Users\esthe\Downloads\white line 14 _\Whit_1405_10_three.mp4;C:\Users\esthe\Downloads\white line 14 _\Whit_1405_11_onehalf.mp4;C:\Users\esthe\Downloads\white line 14 _\Whit_1405_12_two.mp4;C:\Users\esthe\Downloads\white line 14 _\Whit_1405_13_one.mp4;C:\Users\esthe\Downloads\white line 14 _\Whit_1405_14_one.mp4;C:\Users\esthe\Downloads\white line 14 _\Whit_1405_15_onehalf.mp4;C:\Users\esthe\Downloads\white line 14 _\Whit_1405_16_seven.mp4;C:\Users\esthe\Downloads\white line 14 _\Whit_1405_17_onehalf.mp4;C:\Users\esthe\Downloads\white line 14 _\Whit_1405_18_onehalf.mp4;C:\Users\esthe\Downloads\white line 14 _\Whit_1405_3_five.mp4;C:\Users\esthe\Downloads\white line 14 _\Whit_1405_4_control.mp4;C:\Users\esthe\Downloads\white line 14 _\Whit_1405_5_five.mp4;C:\Users\esthe\Downloads\white line 14 _\Whit_1405_6_seven.mp4;C:\Users\esthe\Downloads\white line 14 _\Whit_1405_7_one.mp4;C:\Users\esthe\Downloads\white line 14 _\Whit_1405_8_onehalf.mp4,0.0,11.970;18.573;4.934;13.001;10.534;8.124;25.795;6.863;16.327;16.565;11.462;7.933;12.699;6.966;16.101,30.000;30.000;30.000;30.000;30.000;24.000;24.000;30.000;30.000;30.000;30.000;30.000;30.000;30.000;30.000,Whiteline,lifting,,,STOP,104.319,C:\Users\esthe\Downloads\white line 14 _\Whit_1405_18_onehalf.mp4,136,NA,
whit_1405,2025-06-13 17:07:23.790,,187.239,Media file(s),player #1:C:\Users\esthe\Downloads\white line 14 _\Whit_1405_10_three.mp4;C:\Users\esthe\Downloads\white line 14 _\Whit_1405_11_onehalf.mp4;C:\Users\esthe\Downloads\white line 14 _\Whit_1405_12_two.mp4;C:\Users\esthe\Downloads\white line 14 _\Whit_1405_13_one.mp4;C:\Users\esthe\Downloads\white line 14 _\Whit_1405_14_one.mp4;C:\Users\esthe\Downloads\white line 14 _\Whit_1405_15_onehalf.mp4;C:\Users\esthe\Downloads\white line 14 _\Whit_1405_16_seven.mp4;C:\Users\esthe\Downloads\white line 14 _\Whit_1405_17_onehalf.mp4;C:\Users\esthe\Downloads\white line 14 _\Whit_1405_18_onehalf.mp4;C:\Users\esthe\Downloads\white line 14 _\Whit_1405_3_five.mp4;C:\Users\esthe\Downloads\white line 14 _\Whit_1405_4_control.mp4;C:\Users\esthe\Downloads\white line 14 _\Whit_1405_5_five.mp4;C:\Users\esthe\Downloads\white line 14 _\Whit_1405_6_seven.mp4;C:\Users\esthe\Downloads\white line 14 _\Whit_1405_7_one.mp4;C:\Users\esthe\Downloads\white line 14 _\Whit_1405_8_onehalf.mp4,0.0,11.970;18.573;4.934;13.001;10.534;8.124;25.795;6.863;16.327;16.565;11.462;7.933;12.699;6.966;16.101,30.000;30.000;30.000;30.000;30.000;24.000;24.000;30.000;30.000;30.000;30.000;30.000;30.000;30.000;30.000,Whiteline,target,,,START,105.119,C:\Users\esthe\Downloads\white line 14 _\Whit_1405_18_onehalf.mp4,160,NA,
whit_1405,2025-06-13 17:07:23.790,,187.239,Media file(s),player #1:C:\Users\esthe\Downloads\white line 14 _\Whit_1405_10_three.mp4;C:\Users\esthe\Downloads\white line 14 _\Whit_1405_11_onehalf.mp4;C:\Users\esthe\Downloads\white line 14 _\Whit_1405_12_two.mp4;C:\Users\esthe\Downloads\white line 14 _\Whit_1405_13_one.mp4;C:\Users\esthe\Downloads\white line 14 _\Whit_1405_14_one.mp4;C:\Users\esthe\Downloads\white line 14 _\Whit_1405_15_onehalf.mp4;C:\Users\esthe\Downloads\white line 14 _\Whit_1405_16_seven.mp4;C:\Users\esthe\Downloads\white line 14 _\Whit_1405_17_onehalf.mp4;C:\Users\esthe\Downloads\white line 14 _\Whit_1405_18_onehalf.mp4;C:\Users\esthe\Downloads\white line 14 _\Whit_1405_3_five.mp4;C:\Users\esthe\Downloads\white line 14 _\Whit_1405_4_control.mp4;C:\Users\esthe\Downloads\white line 14 _\Whit_1405_5_five.mp4;C:\Users\esthe\Downloads\white line 14 _\Whit_1405_6_seven.mp4;C:\Users\esthe\Downloads\white line 14 _\Whit_1405_7_one.mp4;C:\Users\esthe\Downloads\white line 14 _\Whit_1405_8_onehalf.mp4,0.0,11.970;18.573;4.934;13.001;10.534;8.124;25.795;6.863;16.327;16.565;11.462;7.933;12.699;6.966;16.101,30.000;30.000;30.000;30.000;30.000;24.000;24.000;30.000;30.000;30.000;30.000;30.000;30.000;30.000;30.000,Whiteline,pause,,,START,105.719,C:\Users\esthe\Downloads\white line 14 _\Whit_1405_18_onehalf.mp4,178,NA,
whit_1405,2025-06-13 17:07:23.790,,187.239,Media file(s),player #1:C:\Users\esthe\Downloads\white line 14 _\Whit_1405_10_three.mp4;C:\Users\esthe\Downloads\white line 14 _\Whit_1405_11_onehalf.mp4;C:\Users\esthe\Downloads\white line 14 _\Whit_1405_12_two.mp4;C:\Users\esthe\Downloads\white line 14 _\Whit_1405_13_one.mp4;C:\Users\esthe\Downloads\white line 14 _\Whit_1405_14_one.mp4;C:\Users\esthe\Downloads\white line 14 _\Whit_1405_15_onehalf.mp4;C:\Users\esthe\Downloads\white line 14 _\Whit_1405_16_seven.mp4;C:\Users\esthe\Downloads\white line 14 _\Whit_1405_17_onehalf.mp4;C:\Users\esthe\Downloads\white line 14 _\Whit_1405_18_onehalf.mp4;C:\Users\esthe\Downloads\white line 14 _\Whit_1405_3_five.mp4;C:\Users\esthe\Downloads\white line 14 _\Whit_1405_4_control.mp4;C:\Users\esthe\Downloads\white line 14 _\Whit_1405_5_five.mp4;C:\Users\esthe\Downloads\white line 14 _\Whit_1405_6_seven.mp4;C:\Users\esthe\Downloads\white line 14 _\Whit_1405_7_one.mp4;C:\Users\esthe\Downloads\white line 14 _\Whit_1405_8_onehalf.mp4,0.0,11.970;18.573;4.934;13.001;10.534;8.124;25.795;6.863;16.327;16.565;11.462;7.933;12.699;6.966;16.101,30.000;30.000;30.000;30.000;30.000;24.000;24.000;30.000;30.000;30.000;30.000;30.000;30.000;30.000;30.000,Whiteline,pause,,,STOP,106.452,C:\Users\esthe\Downloads\white line 14 _\Whit_1405_18_onehalf.mp4,200,NA,
whit_1405,2025-06-13 17:07:23.790,,187.239,Media file(s),player #1:C:\Users\esthe\Downloads\white line 14 _\Whit_1405_10_three.mp4;C:\Users\esthe\Downloads\white line 14 _\Whit_1405_11_onehalf.mp4;C:\Users\esthe\Downloads\white line 14 _\Whit_1405_12_two.mp4;C:\Users\esthe\Downloads\white line 14 _\Whit_1405_13_one.mp4;C:\Users\esthe\Downloads\white line 14 _\Whit_1405_14_one.mp4;C:\Users\esthe\Downloads\white line 14 _\Whit_1405_15_onehalf.mp4;C:\Users\esthe\Downloads\white line 14 _\Whit_1405_16_seven.mp4;C:\Users\esthe\Downloads\white line 14 _\Whit_1405_17_onehalf.mp4;C:\Users\esthe\Downloads\white line 14 _\Whit_1405_18_onehalf.mp4;C:\Users\esthe\Downloads\white line 14 _\Whit_1405_3_five.mp4;C:\Users\esthe\Downloads\white line 14 _\Whit_1405_4_control.mp4;C:\Users\esthe\Downloads\white line 14 _\Whit_1405_5_five.mp4;C:\Users\esthe\Downloads\white line 14 _\Whit_1405_6_seven.mp4;C:\Users\esthe\Downloads\white line 14 _\Whit_1405_7_one.mp4;C:\Users\esthe\Downloads\white line 14 _\Whit_1405_8_onehalf.mp4,0.0,11.970;18.573;4.934;13.001;10.534;8.124;25.795;6.863;16.327;16.565;11.462;7.933;12.699;6.966;16.101,30.000;30.000;30.000;30.000;30.000;24.000;24.000;30.000;30.000;30.000;30.000;30.000;30.000;30.000;30.000,Whiteline,pause,,,START,109.851,C:\Users\esthe\Downloads\white line 14 _\Whit_1405_18_onehalf.mp4,301,NA,
whit_1405,2025-06-13 17:07:23.790,,187.239,Media file(s),player #1:C:\Users\esthe\Downloads\white line 14 _\Whit_1405_10_three.mp4;C:\Users\esthe\Downloads\white line 14 _\Whit_1405_11_onehalf.mp4;C:\Users\esthe\Downloads\white line 14 _\Whit_1405_12_two.mp4;C:\Users\esthe\Downloads\white line 14 _\Whit_1405_13_one.mp4;C:\Users\esthe\Downloads\white line 14 _\Whit_1405_14_one.mp4;C:\Users\esthe\Downloads\white line 14 _\Whit_1405_15_onehalf.mp4;C:\Users\esthe\Downloads\white line 14 _\Whit_1405_16_seven.mp4;C:\Users\esthe\Downloads\white line 14 _\Whit_1405_17_onehalf.mp4;C:\Users\esthe\Downloads\white line 14 _\Whit_1405_18_onehalf.mp4;C:\Users\esthe\Downloads\white line 14 _\Whit_1405_3_five.mp4;C:\Users\esthe\Downloads\white line 14 _\Whit_1405_4_control.mp4;C:\Users\esthe\Downloads\white line 14 _\Whit_1405_5_five.mp4;C:\Users\esthe\Downloads\white line 14 _\Whit_1405_6_seven.mp4;C:\Users\esthe\Downloads\white line 14 _\Whit_1405_7_one.mp4;C:\Users\esthe\Downloads\white line 14 _\Whit_1405_8_onehalf.mp4,0.0,11.970;18.573;4.934;13.001;10.534;8.124;25.795;6.863;16.327;16.565;11.462;7.933;12.699;6.966;16.101,30.000;30.000;30.000;30.000;30.000;24.000;24.000;30.000;30.000;30.000;30.000;30.000;30.000;30.000;30.000,Whiteline,assessing,,,START,110.617,C:\Users\esthe\Downloads\white line 14 _\Whit_1405_18_onehalf.mp4,324,NA,
whit_1405,2025-06-13 17:07:23.790,,187.239,Media file(s),player #1:C:\Users\esthe\Downloads\white line 14 _\Whit_1405_10_three.mp4;C:\Users\esthe\Downloads\white line 14 _\Whit_1405_11_onehalf.mp4;C:\Users\esthe\Downloads\white line 14 _\Whit_1405_12_two.mp4;C:\Users\esthe\Downloads\white line 14 _\Whit_1405_13_one.mp4;C:\Users\esthe\Downloads\white line 14 _\Whit_1405_14_one.mp4;C:\Users\esthe\Downloads\white line 14 _\Whit_1405_15_onehalf.mp4;C:\Users\esthe\Downloads\white line 14 _\Whit_1405_16_seven.mp4;C:\Users\esthe\Downloads\white line 14 _\Whit_1405_17_onehalf.mp4;C:\Users\esthe\Downloads\white line 14 _\Whit_1405_18_onehalf.mp4;C:\Users\esthe\Downloads\white line 14 _\Whit_1405_3_five.mp4;C:\Users\esthe\Downloads\white line 14 _\Whit_1405_4_control.mp4;C:\Users\esthe\Downloads\white line 14 _\Whit_1405_5_five.mp4;C:\Users\esthe\Downloads\white line 14 _\Whit_1405_6_seven.mp4;C:\Users\esthe\Downloads\white line 14 _\Whit_1405_7_one.mp4;C:\Users\esthe\Downloads\white line 14 _\Whit_1405_8_onehalf.mp4,0.0,11.970;18.573;4.934;13.001;10.534;8.124;25.795;6.863;16.327;16.565;11.462;7.933;12.699;6.966;16.101,30.000;30.000;30.000;30.000;30.000;24.000;24.000;30.000;30.000;30.000;30.000;30.000;30.000;30.000;30.000,Whiteline,pause,,,STOP,110.617,C:\Users\esthe\Downloads\white line 14 _\Whit_1405_18_onehalf.mp4,324,NA,
whit_1405,2025-06-13 17:07:23.790,,187.239,Media file(s),player #1:C:\Users\esthe\Downloads\white line 14 _\Whit_1405_10_three.mp4;C:\Users\esthe\Downloads\white line 14 _\Whit_1405_11_onehalf.mp4;C:\Users\esthe\Downloads\white line 14 _\Whit_1405_12_two.mp4;C:\Users\esthe\Downloads\white line 14 _\Whit_1405_13_one.mp4;C:\Users\esthe\Downloads\white line 14 _\Whit_1405_14_one.mp4;C:\Users\esthe\Downloads\white line 14 _\Whit_1405_15_onehalf.mp4;C:\Users\esthe\Downloads\white line 14 _\Whit_1405_16_seven.mp4;C:\Users\esthe\Downloads\white line 14 _\Whit_1405_17_onehalf.mp4;C:\Users\esthe\Downloads\white line 14 _\Whit_1405_18_onehalf.mp4;C:\Users\esthe\Downloads\white line 14 _\Whit_1405_3_five.mp4;C:\Users\esthe\Downloads\white line 14 _\Whit_1405_4_control.mp4;C:\Users\esthe\Downloads\white line 14 _\Whit_1405_5_five.mp4;C:\Users\esthe\Downloads\white line 14 _\Whit_1405_6_seven.mp4;C:\Users\esthe\Downloads\white line 14 _\Whit_1405_7_one.mp4;C:\Users\esthe\Downloads\white line 14 _\Whit_1405_8_onehalf.mp4,0.0,11.970;18.573;4.934;13.001;10.534;8.124;25.795;6.863;16.327;16.565;11.462;7.933;12.699;6.966;16.101,30.000;30.000;30.000;30.000;30.000;24.000;24.000;30.000;30.000;30.000;30.000;30.000;30.000;30.000;30.000,Whiteline,target,,,STOP,110.617,C:\Users\esthe\Downloads\white line 14 _\Whit_1405_18_onehalf.mp4,324,NA,
whit_1405,2025-06-13 17:07:23.790,,187.239,Media file(s),player #1:C:\Users\esthe\Downloads\white line 14 _\Whit_1405_10_three.mp4;C:\Users\esthe\Downloads\white line 14 _\Whit_1405_11_onehalf.mp4;C:\Users\esthe\Downloads\white line 14 _\Whit_1405_12_two.mp4;C:\Users\esthe\Downloads\white line 14 _\Whit_1405_13_one.mp4;C:\Users\esthe\Downloads\white line 14 _\Whit_1405_14_one.mp4;C:\Users\esthe\Downloads\white line 14 _\Whit_1405_15_onehalf.mp4;C:\Users\esthe\Downloads\white line 14 _\Whit_1405_16_seven.mp4;C:\Users\esthe\Downloads\white line 14 _\Whit_1405_17_onehalf.mp4;C:\Users\esthe\Downloads\white line 14 _\Whit_1405_18_onehalf.mp4;C:\Users\esthe\Downloads\white line 14 _\Whit_1405_3_five.mp4;C:\Users\esthe\Downloads\white line 14 _\Whit_1405_4_control.mp4;C:\Users\esthe\Downloads\white line 14 _\Whit_1405_5_five.mp4;C:\Users\esthe\Downloads\white line 14 _\Whit_1405_6_seven.mp4;C:\Users\esthe\Downloads\white line 14 _\Whit_1405_7_one.mp4;C:\Users\esthe\Downloads\white line 14 _\Whit_1405_8_onehalf.mp4,0.0,11.970;18.573;4.934;13.001;10.534;8.124;25.795;6.863;16.327;16.565;11.462;7.933;12.699;6.966;16.101,30.000;30.000;30.000;30.000;30.000;24.000;24.000;30.000;30.000;30.000;30.000;30.000;30.000;30.000;30.000,Whiteline,jaw movement,,,POINT,110.717,C:\Users\esthe\Downloads\white line 14 _\Whit_1405_18_onehalf.mp4,327,NA,
whit_1405,2025-06-13 17:07:23.790,,187.239,Media file(s),player #1:C:\Users\esthe\Downloads\white line 14 _\Whit_1405_10_three.mp4;C:\Users\esthe\Downloads\white line 14 _\Whit_1405_11_onehalf.mp4;C:\Users\esthe\Downloads\white line 14 _\Whit_1405_12_two.mp4;C:\Users\esthe\Downloads\white line 14 _\Whit_1405_13_one.mp4;C:\Users\esthe\Downloads\white line 14 _\Whit_1405_14_one.mp4;C:\Users\esthe\Downloads\white line 14 _\Whit_1405_15_onehalf.mp4;C:\Users\esthe\Downloads\white line 14 _\Whit_1405_16_seven.mp4;C:\Users\esthe\Downloads\white line 14 _\Whit_1405_17_onehalf.mp4;C:\Users\esthe\Downloads\white line 14 _\Whit_1405_18_onehalf.mp4;C:\Users\esthe\Downloads\white line 14 _\Whit_1405_3_five.mp4;C:\Users\esthe\Downloads\white line 14 _\Whit_1405_4_control.mp4;C:\Users\esthe\Downloads\white line 14 _\Whit_1405_5_five.mp4;C:\Users\esthe\Downloads\white line 14 _\Whit_1405_6_seven.mp4;C:\Users\esthe\Downloads\white line 14 _\Whit_1405_7_one.mp4;C:\Users\esthe\Downloads\white line 14 _\Whit_1405_8_onehalf.mp4,0.0,11.970;18.573;4.934;13.001;10.534;8.124;25.795;6.863;16.327;16.565;11.462;7.933;12.699;6.966;16.101,30.000;30.000;30.000;30.000;30.000;24.000;24.000;30.000;30.000;30.000;30.000;30.000;30.000;30.000;30.000,Whiteline,ear clapping,,,POINT,110.983,C:\Users\esthe\Downloads\white line 14 _\Whit_1405_18_onehalf.mp4,335,NA,
whit_1405,2025-06-13 17:07:23.790,,187.239,Media file(s),player #1:C:\Users\esthe\Downloads\white line 14 _\Whit_1405_10_three.mp4;C:\Users\esthe\Downloads\white line 14 _\Whit_1405_11_onehalf.mp4;C:\Users\esthe\Downloads\white line 14 _\Whit_1405_12_two.mp4;C:\Users\esthe\Downloads\white line 14 _\Whit_1405_13_one.mp4;C:\Users\esthe\Downloads\white line 14 _\Whit_1405_14_one.mp4;C:\Users\esthe\Downloads\white line 14 _\Whit_1405_15_onehalf.mp4;C:\Users\esthe\Downloads\white line 14 _\Whit_1405_16_seven.mp4;C:\Users\esthe\Downloads\white line 14 _\Whit_1405_17_onehalf.mp4;C:\Users\esthe\Downloads\white line 14 _\Whit_1405_18_onehalf.mp4;C:\Users\esthe\Downloads\white line 14 _\Whit_1405_3_five.mp4;C:\Users\esthe\Downloads\white line 14 _\Whit_1405_4_control.mp4;C:\Users\esthe\Downloads\white line 14 _\Whit_1405_5_five.mp4;C:\Users\esthe\Downloads\white line 14 _\Whit_1405_6_seven.mp4;C:\Users\esthe\Downloads\white line 14 _\Whit_1405_7_one.mp4;C:\Users\esthe\Downloads\white line 14 _\Whit_1405_8_onehalf.mp4,0.0,11.970;18.573;4.934;13.001;10.534;8.124;25.795;6.863;16.327;16.565;11.462;7.933;12.699;6.966;16.101,30.000;30.000;30.000;30.000;30.000;24.000;24.000;30.000;30.000;30.000;30.000;30.000;30.000;30.000;30.000,Whiteline,teeth-hole contact,,,POINT,111.150,C:\Users\esthe\Downloads\white line 14 _\Whit_1405_18_onehalf.mp4,340,NA,
whit_1405,2025-06-13 17:07:23.790,,187.239,Media file(s),player #1:C:\Users\esthe\Downloads\white line 14 _\Whit_1405_10_three.mp4;C:\Users\esthe\Downloads\white line 14 _\Whit_1405_11_onehalf.mp4;C:\Users\esthe\Downloads\white line 14 _\Whit_1405_12_two.mp4;C:\Users\esthe\Downloads\white line 14 _\Whit_1405_13_one.mp4;C:\Users\esthe\Downloads\white line 14 _\Whit_1405_14_one.mp4;C:\Users\esthe\Downloads\white line 14 _\Whit_1405_15_onehalf.mp4;C:\Users\esthe\Downloads\white line 14 _\Whit_1405_16_seven.mp4;C:\Users\esthe\Downloads\white line 14 _\Whit_1405_17_onehalf.mp4;C:\Users\esthe\Downloads\white line 14 _\Whit_1405_18_onehalf.mp4;C:\Users\esthe\Downloads\white line 14 _\Whit_1405_3_five.mp4;C:\Users\esthe\Downloads\white line 14 _\Whit_1405_4_control.mp4;C:\Users\esthe\Downloads\white line 14 _\Whit_1405_5_five.mp4;C:\Users\esthe\Downloads\white line 14 _\Whit_1405_6_seven.mp4;C:\Users\esthe\Downloads\white line 14 _\Whit_1405_7_one.mp4;C:\Users\esthe\Downloads\white line 14 _\Whit_1405_8_onehalf.mp4,0.0,11.970;18.573;4.934;13.001;10.534;8.124;25.795;6.863;16.327;16.565;11.462;7.933;12.699;6.966;16.101,30.000;30.000;30.000;30.000;30.000;24.000;24.000;30.000;30.000;30.000;30.000;30.000;30.000;30.000;30.000,Whiteline,jaw movement,,,POINT,111.483,C:\Users\esthe\Downloads\white line 14 _\Whit_1405_18_onehalf.mp4,350,NA,
whit_1405,2025-06-13 17:07:23.790,,187.239,Media file(s),player #1:C:\Users\esthe\Downloads\white line 14 _\Whit_1405_10_three.mp4;C:\Users\esthe\Downloads\white line 14 _\Whit_1405_11_onehalf.mp4;C:\Users\esthe\Downloads\white line 14 _\Whit_1405_12_two.mp4;C:\Users\esthe\Downloads\white line 14 _\Whit_1405_13_one.mp4;C:\Users\esthe\Downloads\white line 14 _\Whit_1405_14_one.mp4;C:\Users\esthe\Downloads\white line 14 _\Whit_1405_15_onehalf.mp4;C:\Users\esthe\Downloads\white line 14 _\Whit_1405_16_seven.mp4;C:\Users\esthe\Downloads\white line 14 _\Whit_1405_17_onehalf.mp4;C:\Users\esthe\Downloads\white line 14 _\Whit_1405_18_onehalf.mp4;C:\Users\esthe\Downloads\white line 14 _\Whit_1405_3_five.mp4;C:\Users\esthe\Downloads\white line 14 _\Whit_1405_4_control.mp4;C:\Users\esthe\Downloads\white line 14 _\Whit_1405_5_five.mp4;C:\Users\esthe\Downloads\white line 14 _\Whit_1405_6_seven.mp4;C:\Users\esthe\Downloads\white line 14 _\Whit_1405_7_one.mp4;C:\Users\esthe\Downloads\white line 14 _\Whit_1405_8_onehalf.mp4,0.0,11.970;18.573;4.934;13.001;10.534;8.124;25.795;6.863;16.327;16.565;11.462;7.933;12.699;6.966;16.101,30.000;30.000;30.000;30.000;30.000;24.000;24.000;30.000;30.000;30.000;30.000;30.000;30.000;30.000;30.000,Whiteline,ear clapping,,,POINT,111.582,C:\Users\esthe\Downloads\white line 14 _\Whit_1405_18_onehalf.mp4,353,NA,
whit_1405,2025-06-13 17:07:23.790,,187.239,Media file(s),player #1:C:\Users\esthe\Downloads\white line 14 _\Whit_1405_10_three.mp4;C:\Users\esthe\Downloads\white line 14 _\Whit_1405_11_onehalf.mp4;C:\Users\esthe\Downloads\white line 14 _\Whit_1405_12_two.mp4;C:\Users\esthe\Downloads\white line 14 _\Whit_1405_13_one.mp4;C:\Users\esthe\Downloads\white line 14 _\Whit_1405_14_one.mp4;C:\Users\esthe\Downloads\white line 14 _\Whit_1405_15_onehalf.mp4;C:\Users\esthe\Downloads\white line 14 _\Whit_1405_16_seven.mp4;C:\Users\esthe\Downloads\white line 14 _\Whit_1405_17_onehalf.mp4;C:\Users\esthe\Downloads\white line 14 _\Whit_1405_18_onehalf.mp4;C:\Users\esthe\Downloads\white line 14 _\Whit_1405_3_five.mp4;C:\Users\esthe\Downloads\white line 14 _\Whit_1405_4_control.mp4;C:\Users\esthe\Downloads\white line 14 _\Whit_1405_5_five.mp4;C:\Users\esthe\Downloads\white line 14 _\Whit_1405_6_seven.mp4;C:\Users\esthe\Downloads\white line 14 _\Whit_1405_7_one.mp4;C:\Users\esthe\Downloads\white line 14 _\Whit_1405_8_onehalf.mp4,0.0,11.970;18.573;4.934;13.001;10.534;8.124;25.795;6.863;16.327;16.565;11.462;7.933;12.699;6.966;16.101,30.000;30.000;30.000;30.000;30.000;24.000;24.000;30.000;30.000;30.000;30.000;30.000;30.000;30.000;30.000,Whiteline,jaw movement,,,POINT,111.616,C:\Users\esthe\Downloads\white line 14 _\Whit_1405_18_onehalf.mp4,354,NA,
whit_1405,2025-06-13 17:07:23.790,,187.239,Media file(s),player #1:C:\Users\esthe\Downloads\white line 14 _\Whit_1405_10_three.mp4;C:\Users\esthe\Downloads\white line 14 _\Whit_1405_11_onehalf.mp4;C:\Users\esthe\Downloads\white line 14 _\Whit_1405_12_two.mp4;C:\Users\esthe\Downloads\white line 14 _\Whit_1405_13_one.mp4;C:\Users\esthe\Downloads\white line 14 _\Whit_1405_14_one.mp4;C:\Users\esthe\Downloads\white line 14 _\Whit_1405_15_onehalf.mp4;C:\Users\esthe\Downloads\white line 14 _\Whit_1405_16_seven.mp4;C:\Users\esthe\Downloads\white line 14 _\Whit_1405_17_onehalf.mp4;C:\Users\esthe\Downloads\white line 14 _\Whit_1405_18_onehalf.mp4;C:\Users\esthe\Downloads\white line 14 _\Whit_1405_3_five.mp4;C:\Users\esthe\Downloads\white line 14 _\Whit_1405_4_control.mp4;C:\Users\esthe\Downloads\white line 14 _\Whit_1405_5_five.mp4;C:\Users\esthe\Downloads\white line 14 _\Whit_1405_6_seven.mp4;C:\Users\esthe\Downloads\white line 14 _\Whit_1405_7_one.mp4;C:\Users\esthe\Downloads\white line 14 _\Whit_1405_8_onehalf.mp4,0.0,11.970;18.573;4.934;13.001;10.534;8.124;25.795;6.863;16.327;16.565;11.462;7.933;12.699;6.966;16.101,30.000;30.000;30.000;30.000;30.000;24.000;24.000;30.000;30.000;30.000;30.000;30.000;30.000;30.000;30.000,Whiteline,jaw movement,,,POINT,111.682,C:\Users\esthe\Downloads\white line 14 _\Whit_1405_18_onehalf.mp4,357,NA,
whit_1405,2025-06-13 17:07:23.790,,187.239,Media file(s),player #1:C:\Users\esthe\Downloads\white line 14 _\Whit_1405_10_three.mp4;C:\Users\esthe\Downloads\white line 14 _\Whit_1405_11_onehalf.mp4;C:\Users\esthe\Downloads\white line 14 _\Whit_1405_12_two.mp4;C:\Users\esthe\Downloads\white line 14 _\Whit_1405_13_one.mp4;C:\Users\esthe\Downloads\white line 14 _\Whit_1405_14_one.mp4;C:\Users\esthe\Downloads\white line 14 _\Whit_1405_15_onehalf.mp4;C:\Users\esthe\Downloads\white line 14 _\Whit_1405_16_seven.mp4;C:\Users\esthe\Downloads\white line 14 _\Whit_1405_17_onehalf.mp4;C:\Users\esthe\Downloads\white line 14 _\Whit_1405_18_onehalf.mp4;C:\Users\esthe\Downloads\white line 14 _\Whit_1405_3_five.mp4;C:\Users\esthe\Downloads\white line 14 _\Whit_1405_4_control.mp4;C:\Users\esthe\Downloads\white line 14 _\Whit_1405_5_five.mp4;C:\Users\esthe\Downloads\white line 14 _\Whit_1405_6_seven.mp4;C:\Users\esthe\Downloads\white line 14 _\Whit_1405_7_one.mp4;C:\Users\esthe\Downloads\white line 14 _\Whit_1405_8_onehalf.mp4,0.0,11.970;18.573;4.934;13.001;10.534;8.124;25.795;6.863;16.327;16.565;11.462;7.933;12.699;6.966;16.101,30.000;30.000;30.000;30.000;30.000;24.000;24.000;30.000;30.000;30.000;30.000;30.000;30.000;30.000;30.000,Whiteline,assessing,,,STOP,111.949,C:\Users\esthe\Downloads\white line 14 _\Whit_1405_18_onehalf.mp4,364,NA,
whit_1405,2025-06-13 17:07:23.790,,187.239,Media file(s),player #1:C:\Users\esthe\Downloads\white line 14 _\Whit_1405_10_three.mp4;C:\Users\esthe\Downloads\white line 14 _\Whit_1405_11_onehalf.mp4;C:\Users\esthe\Downloads\white line 14 _\Whit_1405_12_two.mp4;C:\Users\esthe\Downloads\white line 14 _\Whit_1405_13_one.mp4;C:\Users\esthe\Downloads\white line 14 _\Whit_1405_14_one.mp4;C:\Users\esthe\Downloads\white line 14 _\Whit_1405_15_onehalf.mp4;C:\Users\esthe\Downloads\white line 14 _\Whit_1405_16_seven.mp4;C:\Users\esthe\Downloads\white line 14 _\Whit_1405_17_onehalf.mp4;C:\Users\esthe\Downloads\white line 14 _\Whit_1405_18_onehalf.mp4;C:\Users\esthe\Downloads\white line 14 _\Whit_1405_3_five.mp4;C:\Users\esthe\Downloads\white line 14 _\Whit_1405_4_control.mp4;C:\Users\esthe\Downloads\white line 14 _\Whit_1405_5_five.mp4;C:\Users\esthe\Downloads\white line 14 _\Whit_1405_6_seven.mp4;C:\Users\esthe\Downloads\white line 14 _\Whit_1405_7_one.mp4;C:\Users\esthe\Downloads\white line 14 _\Whit_1405_8_onehalf.mp4,0.0,11.970;18.573;4.934;13.001;10.534;8.124;25.795;6.863;16.327;16.565;11.462;7.933;12.699;6.966;16.101,30.000;30.000;30.000;30.000;30.000;24.000;24.000;30.000;30.000;30.000;30.000;30.000;30.000;30.000;30.000,Whiteline,peeling,,,START,112.049,C:\Users\esthe\Downloads\white line 14 _\Whit_1405_18_onehalf.mp4,367,NA,
whit_1405,2025-06-13 17:07:23.790,,187.239,Media file(s),player #1:C:\Users\esthe\Downloads\white line 14 _\Whit_1405_10_three.mp4;C:\Users\esthe\Downloads\white line 14 _\Whit_1405_11_onehalf.mp4;C:\Users\esthe\Downloads\white line 14 _\Whit_1405_12_two.mp4;C:\Users\esthe\Downloads\white line 14 _\Whit_1405_13_one.mp4;C:\Users\esthe\Downloads\white line 14 _\Whit_1405_14_one.mp4;C:\Users\esthe\Downloads\white line 14 _\Whit_1405_15_onehalf.mp4;C:\Users\esthe\Downloads\white line 14 _\Whit_1405_16_seven.mp4;C:\Users\esthe\Downloads\white line 14 _\Whit_1405_17_onehalf.mp4;C:\Users\esthe\Downloads\white line 14 _\Whit_1405_18_onehalf.mp4;C:\Users\esthe\Downloads\white line 14 _\Whit_1405_3_five.mp4;C:\Users\esthe\Downloads\white line 14 _\Whit_1405_4_control.mp4;C:\Users\esthe\Downloads\white line 14 _\Whit_1405_5_five.mp4;C:\Users\esthe\Downloads\white line 14 _\Whit_1405_6_seven.mp4;C:\Users\esthe\Downloads\white line 14 _\Whit_1405_7_one.mp4;C:\Users\esthe\Downloads\white line 14 _\Whit_1405_8_onehalf.mp4,0.0,11.970;18.573;4.934;13.001;10.534;8.124;25.795;6.863;16.327;16.565;11.462;7.933;12.699;6.966;16.101,30.000;30.000;30.000;30.000;30.000;24.000;24.000;30.000;30.000;30.000;30.000;30.000;30.000;30.000;30.000,Whiteline,jaw movement,,,POINT,112.182,C:\Users\esthe\Downloads\white line 14 _\Whit_1405_18_onehalf.mp4,371,NA,
whit_1405,2025-06-13 17:07:23.790,,187.239,Media file(s),player #1:C:\Users\esthe\Downloads\white line 14 _\Whit_1405_10_three.mp4;C:\Users\esthe\Downloads\white line 14 _\Whit_1405_11_onehalf.mp4;C:\Users\esthe\Downloads\white line 14 _\Whit_1405_12_two.mp4;C:\Users\esthe\Downloads\white line 14 _\Whit_1405_13_one.mp4;C:\Users\esthe\Downloads\white line 14 _\Whit_1405_14_one.mp4;C:\Users\esthe\Downloads\white line 14 _\Whit_1405_15_onehalf.mp4;C:\Users\esthe\Downloads\white line 14 _\Whit_1405_16_seven.mp4;C:\Users\esthe\Downloads\white line 14 _\Whit_1405_17_onehalf.mp4;C:\Users\esthe\Downloads\white line 14 _\Whit_1405_18_onehalf.mp4;C:\Users\esthe\Downloads\white line 14 _\Whit_1405_3_five.mp4;C:\Users\esthe\Downloads\white line 14 _\Whit_1405_4_control.mp4;C:\Users\esthe\Downloads\white line 14 _\Whit_1405_5_five.mp4;C:\Users\esthe\Downloads\white line 14 _\Whit_1405_6_seven.mp4;C:\Users\esthe\Downloads\white line 14 _\Whit_1405_7_one.mp4;C:\Users\esthe\Downloads\white line 14 _\Whit_1405_8_onehalf.mp4,0.0,11.970;18.573;4.934;13.001;10.534;8.124;25.795;6.863;16.327;16.565;11.462;7.933;12.699;6.966;16.101,30.000;30.000;30.000;30.000;30.000;24.000;24.000;30.000;30.000;30.000;30.000;30.000;30.000;30.000;30.000,Whiteline,ear clapping,,,POINT,112.582,C:\Users\esthe\Downloads\white line 14 _\Whit_1405_18_onehalf.mp4,383,NA,
whit_1405,2025-06-13 17:07:23.790,,187.239,Media file(s),player #1:C:\Users\esthe\Downloads\white line 14 _\Whit_1405_10_three.mp4;C:\Users\esthe\Downloads\white line 14 _\Whit_1405_11_onehalf.mp4;C:\Users\esthe\Downloads\white line 14 _\Whit_1405_12_two.mp4;C:\Users\esthe\Downloads\white line 14 _\Whit_1405_13_one.mp4;C:\Users\esthe\Downloads\white line 14 _\Whit_1405_14_one.mp4;C:\Users\esthe\Downloads\white line 14 _\Whit_1405_15_onehalf.mp4;C:\Users\esthe\Downloads\white line 14 _\Whit_1405_16_seven.mp4;C:\Users\esthe\Downloads\white line 14 _\Whit_1405_17_onehalf.mp4;C:\Users\esthe\Downloads\white line 14 _\Whit_1405_18_onehalf.mp4;C:\Users\esthe\Downloads\white line 14 _\Whit_1405_3_five.mp4;C:\Users\esthe\Downloads\white line 14 _\Whit_1405_4_control.mp4;C:\Users\esthe\Downloads\white line 14 _\Whit_1405_5_five.mp4;C:\Users\esthe\Downloads\white line 14 _\Whit_1405_6_seven.mp4;C:\Users\esthe\Downloads\white line 14 _\Whit_1405_7_one.mp4;C:\Users\esthe\Downloads\white line 14 _\Whit_1405_8_onehalf.mp4,0.0,11.970;18.573;4.934;13.001;10.534;8.124;25.795;6.863;16.327;16.565;11.462;7.933;12.699;6.966;16.101,30.000;30.000;30.000;30.000;30.000;24.000;24.000;30.000;30.000;30.000;30.000;30.000;30.000;30.000;30.000,Whiteline,peeling,,,STOP,113.949,C:\Users\esthe\Downloads\white line 14 _\Whit_1405_18_onehalf.mp4,424,NA,
whit_1405,2025-06-13 17:07:23.790,,187.239,Media file(s),player #1:C:\Users\esthe\Downloads\white line 14 _\Whit_1405_10_three.mp4;C:\Users\esthe\Downloads\white line 14 _\Whit_1405_11_onehalf.mp4;C:\Users\esthe\Downloads\white line 14 _\Whit_1405_12_two.mp4;C:\Users\esthe\Downloads\white line 14 _\Whit_1405_13_one.mp4;C:\Users\esthe\Downloads\white line 14 _\Whit_1405_14_one.mp4;C:\Users\esthe\Downloads\white line 14 _\Whit_1405_15_onehalf.mp4;C:\Users\esthe\Downloads\white line 14 _\Whit_1405_16_seven.mp4;C:\Users\esthe\Downloads\white line 14 _\Whit_1405_17_onehalf.mp4;C:\Users\esthe\Downloads\white line 14 _\Whit_1405_18_onehalf.mp4;C:\Users\esthe\Downloads\white line 14 _\Whit_1405_3_five.mp4;C:\Users\esthe\Downloads\white line 14 _\Whit_1405_4_control.mp4;C:\Users\esthe\Downloads\white line 14 _\Whit_1405_5_five.mp4;C:\Users\esthe\Downloads\white line 14 _\Whit_1405_6_seven.mp4;C:\Users\esthe\Downloads\white line 14 _\Whit_1405_7_one.mp4;C:\Users\esthe\Downloads\white line 14 _\Whit_1405_8_onehalf.mp4,0.0,11.970;18.573;4.934;13.001;10.534;8.124;25.795;6.863;16.327;16.565;11.462;7.933;12.699;6.966;16.101,30.000;30.000;30.000;30.000;30.000;24.000;24.000;30.000;30.000;30.000;30.000;30.000;30.000;30.000;30.000,Whiteline,eating,,,START,114.183,C:\Users\esthe\Downloads\white line 14 _\Whit_1405_18_onehalf.mp4,431,NA,
whit_1405,2025-06-13 17:07:23.790,,187.239,Media file(s),player #1:C:\Users\esthe\Downloads\white line 14 _\Whit_1405_10_three.mp4;C:\Users\esthe\Downloads\white line 14 _\Whit_1405_11_onehalf.mp4;C:\Users\esthe\Downloads\white line 14 _\Whit_1405_12_two.mp4;C:\Users\esthe\Downloads\white line 14 _\Whit_1405_13_one.mp4;C:\Users\esthe\Downloads\white line 14 _\Whit_1405_14_one.mp4;C:\Users\esthe\Downloads\white line 14 _\Whit_1405_15_onehalf.mp4;C:\Users\esthe\Downloads\white line 14 _\Whit_1405_16_seven.mp4;C:\Users\esthe\Downloads\white line 14 _\Whit_1405_17_onehalf.mp4;C:\Users\esthe\Downloads\white line 14 _\Whit_1405_18_onehalf.mp4;C:\Users\esthe\Downloads\white line 14 _\Whit_1405_3_five.mp4;C:\Users\esthe\Downloads\white line 14 _\Whit_1405_4_control.mp4;C:\Users\esthe\Downloads\white line 14 _\Whit_1405_5_five.mp4;C:\Users\esthe\Downloads\white line 14 _\Whit_1405_6_seven.mp4;C:\Users\esthe\Downloads\white line 14 _\Whit_1405_7_one.mp4;C:\Users\esthe\Downloads\white line 14 _\Whit_1405_8_onehalf.mp4,0.0,11.970;18.573;4.934;13.001;10.534;8.124;25.795;6.863;16.327;16.565;11.462;7.933;12.699;6.966;16.101,30.000;30.000;30.000;30.000;30.000;24.000;24.000;30.000;30.000;30.000;30.000;30.000;30.000;30.000;30.000,Whiteline,ear clapping,,,POINT,114.316,C:\Users\esthe\Downloads\white line 14 _\Whit_1405_18_onehalf.mp4,435,NA,
whit_1405,2025-06-13 17:07:23.790,,187.239,Media file(s),player #1:C:\Users\esthe\Downloads\white line 14 _\Whit_1405_10_three.mp4;C:\Users\esthe\Downloads\white line 14 _\Whit_1405_11_onehalf.mp4;C:\Users\esthe\Downloads\white line 14 _\Whit_1405_12_two.mp4;C:\Users\esthe\Downloads\white line 14 _\Whit_1405_13_one.mp4;C:\Users\esthe\Downloads\white line 14 _\Whit_1405_14_one.mp4;C:\Users\esthe\Downloads\white line 14 _\Whit_1405_15_onehalf.mp4;C:\Users\esthe\Downloads\white line 14 _\Whit_1405_16_seven.mp4;C:\Users\esthe\Downloads\white line 14 _\Whit_1405_17_onehalf.mp4;C:\Users\esthe\Downloads\white line 14 _\Whit_1405_18_onehalf.mp4;C:\Users\esthe\Downloads\white line 14 _\Whit_1405_3_five.mp4;C:\Users\esthe\Downloads\white line 14 _\Whit_1405_4_control.mp4;C:\Users\esthe\Downloads\white line 14 _\Whit_1405_5_five.mp4;C:\Users\esthe\Downloads\white line 14 _\Whit_1405_6_seven.mp4;C:\Users\esthe\Downloads\white line 14 _\Whit_1405_7_one.mp4;C:\Users\esthe\Downloads\white line 14 _\Whit_1405_8_onehalf.mp4,0.0,11.970;18.573;4.934;13.001;10.534;8.124;25.795;6.863;16.327;16.565;11.462;7.933;12.699;6.966;16.101,30.000;30.000;30.000;30.000;30.000;24.000;24.000;30.000;30.000;30.000;30.000;30.000;30.000;30.000;30.000,Whiteline,ear clapping,,,POINT,114.883,C:\Users\esthe\Downloads\white line 14 _\Whit_1405_18_onehalf.mp4,452,NA,
whit_1405,2025-06-13 17:07:23.790,,187.239,Media file(s),player #1:C:\Users\esthe\Downloads\white line 14 _\Whit_1405_10_three.mp4;C:\Users\esthe\Downloads\white line 14 _\Whit_1405_11_onehalf.mp4;C:\Users\esthe\Downloads\white line 14 _\Whit_1405_12_two.mp4;C:\Users\esthe\Downloads\white line 14 _\Whit_1405_13_one.mp4;C:\Users\esthe\Downloads\white line 14 _\Whit_1405_14_one.mp4;C:\Users\esthe\Downloads\white line 14 _\Whit_1405_15_onehalf.mp4;C:\Users\esthe\Downloads\white line 14 _\Whit_1405_16_seven.mp4;C:\Users\esthe\Downloads\white line 14 _\Whit_1405_17_onehalf.mp4;C:\Users\esthe\Downloads\white line 14 _\Whit_1405_18_onehalf.mp4;C:\Users\esthe\Downloads\white line 14 _\Whit_1405_3_five.mp4;C:\Users\esthe\Downloads\white line 14 _\Whit_1405_4_control.mp4;C:\Users\esthe\Downloads\white line 14 _\Whit_1405_5_five.mp4;C:\Users\esthe\Downloads\white line 14 _\Whit_1405_6_seven.mp4;C:\Users\esthe\Downloads\white line 14 _\Whit_1405_7_one.mp4;C:\Users\esthe\Downloads\white line 14 _\Whit_1405_8_onehalf.mp4,0.0,11.970;18.573;4.934;13.001;10.534;8.124;25.795;6.863;16.327;16.565;11.462;7.933;12.699;6.966;16.101,30.000;30.000;30.000;30.000;30.000;24.000;24.000;30.000;30.000;30.000;30.000;30.000;30.000;30.000;30.000,Whiteline,eating,,,STOP,116.049,C:\Users\esthe\Downloads\white line 14 _\Whit_1405_18_onehalf.mp4,487,NA,
whit_1405,2025-06-13 17:07:23.790,,187.239,Media file(s),player #1:C:\Users\esthe\Downloads\white line 14 _\Whit_1405_10_three.mp4;C:\Users\esthe\Downloads\white line 14 _\Whit_1405_11_onehalf.mp4;C:\Users\esthe\Downloads\white line 14 _\Whit_1405_12_two.mp4;C:\Users\esthe\Downloads\white line 14 _\Whit_1405_13_one.mp4;C:\Users\esthe\Downloads\white line 14 _\Whit_1405_14_one.mp4;C:\Users\esthe\Downloads\white line 14 _\Whit_1405_15_onehalf.mp4;C:\Users\esthe\Downloads\white line 14 _\Whit_1405_16_seven.mp4;C:\Users\esthe\Downloads\white line 14 _\Whit_1405_17_onehalf.mp4;C:\Users\esthe\Downloads\white line 14 _\Whit_1405_18_onehalf.mp4;C:\Users\esthe\Downloads\white line 14 _\Whit_1405_3_five.mp4;C:\Users\esthe\Downloads\white line 14 _\Whit_1405_4_control.mp4;C:\Users\esthe\Downloads\white line 14 _\Whit_1405_5_five.mp4;C:\Users\esthe\Downloads\white line 14 _\Whit_1405_6_seven.mp4;C:\Users\esthe\Downloads\white line 14 _\Whit_1405_7_one.mp4;C:\Users\esthe\Downloads\white line 14 _\Whit_1405_8_onehalf.mp4,0.0,11.970;18.573;4.934;13.001;10.534;8.124;25.795;6.863;16.327;16.565;11.462;7.933;12.699;6.966;16.101,30.000;30.000;30.000;30.000;30.000;24.000;24.000;30.000;30.000;30.000;30.000;30.000;30.000;30.000;30.000,Whiteline,bending,,,START,118.881,C:\Users\esthe\Downloads\white line 14 _\Whit_1405_3_five.mp4,83,NA,
whit_1405,2025-06-13 17:07:23.790,,187.239,Media file(s),player #1:C:\Users\esthe\Downloads\white line 14 _\Whit_1405_10_three.mp4;C:\Users\esthe\Downloads\white line 14 _\Whit_1405_11_onehalf.mp4;C:\Users\esthe\Downloads\white line 14 _\Whit_1405_12_two.mp4;C:\Users\esthe\Downloads\white line 14 _\Whit_1405_13_one.mp4;C:\Users\esthe\Downloads\white line 14 _\Whit_1405_14_one.mp4;C:\Users\esthe\Downloads\white line 14 _\Whit_1405_15_onehalf.mp4;C:\Users\esthe\Downloads\white line 14 _\Whit_1405_16_seven.mp4;C:\Users\esthe\Downloads\white line 14 _\Whit_1405_17_onehalf.mp4;C:\Users\esthe\Downloads\white line 14 _\Whit_1405_18_onehalf.mp4;C:\Users\esthe\Downloads\white line 14 _\Whit_1405_3_five.mp4;C:\Users\esthe\Downloads\white line 14 _\Whit_1405_4_control.mp4;C:\Users\esthe\Downloads\white line 14 _\Whit_1405_5_five.mp4;C:\Users\esthe\Downloads\white line 14 _\Whit_1405_6_seven.mp4;C:\Users\esthe\Downloads\white line 14 _\Whit_1405_7_one.mp4;C:\Users\esthe\Downloads\white line 14 _\Whit_1405_8_onehalf.mp4,0.0,11.970;18.573;4.934;13.001;10.534;8.124;25.795;6.863;16.327;16.565;11.462;7.933;12.699;6.966;16.101,30.000;30.000;30.000;30.000;30.000;24.000;24.000;30.000;30.000;30.000;30.000;30.000;30.000;30.000;30.000,Whiteline,bending,,,STOP,119.215,C:\Users\esthe\Downloads\white line 14 _\Whit_1405_3_five.mp4,93,NA,
whit_1405,2025-06-13 17:07:23.790,,187.239,Media file(s),player #1:C:\Users\esthe\Downloads\white line 14 _\Whit_1405_10_three.mp4;C:\Users\esthe\Downloads\white line 14 _\Whit_1405_11_onehalf.mp4;C:\Users\esthe\Downloads\white line 14 _\Whit_1405_12_two.mp4;C:\Users\esthe\Downloads\white line 14 _\Whit_1405_13_one.mp4;C:\Users\esthe\Downloads\white line 14 _\Whit_1405_14_one.mp4;C:\Users\esthe\Downloads\white line 14 _\Whit_1405_15_onehalf.mp4;C:\Users\esthe\Downloads\white line 14 _\Whit_1405_16_seven.mp4;C:\Users\esthe\Downloads\white line 14 _\Whit_1405_17_onehalf.mp4;C:\Users\esthe\Downloads\white line 14 _\Whit_1405_18_onehalf.mp4;C:\Users\esthe\Downloads\white line 14 _\Whit_1405_3_five.mp4;C:\Users\esthe\Downloads\white line 14 _\Whit_1405_4_control.mp4;C:\Users\esthe\Downloads\white line 14 _\Whit_1405_5_five.mp4;C:\Users\esthe\Downloads\white line 14 _\Whit_1405_6_seven.mp4;C:\Users\esthe\Downloads\white line 14 _\Whit_1405_7_one.mp4;C:\Users\esthe\Downloads\white line 14 _\Whit_1405_8_onehalf.mp4,0.0,11.970;18.573;4.934;13.001;10.534;8.124;25.795;6.863;16.327;16.565;11.462;7.933;12.699;6.966;16.101,30.000;30.000;30.000;30.000;30.000;24.000;24.000;30.000;30.000;30.000;30.000;30.000;30.000;30.000;30.000,Whiteline,grabbing peanut,,,POINT,119.215,C:\Users\esthe\Downloads\white line 14 _\Whit_1405_3_five.mp4,93,NA,
whit_1405,2025-06-13 17:07:23.790,,187.239,Media file(s),player #1:C:\Users\esthe\Downloads\white line 14 _\Whit_1405_10_three.mp4;C:\Users\esthe\Downloads\white line 14 _\Whit_1405_11_onehalf.mp4;C:\Users\esthe\Downloads\white line 14 _\Whit_1405_12_two.mp4;C:\Users\esthe\Downloads\white line 14 _\Whit_1405_13_one.mp4;C:\Users\esthe\Downloads\white line 14 _\Whit_1405_14_one.mp4;C:\Users\esthe\Downloads\white line 14 _\Whit_1405_15_onehalf.mp4;C:\Users\esthe\Downloads\white line 14 _\Whit_1405_16_seven.mp4;C:\Users\esthe\Downloads\white line 14 _\Whit_1405_17_onehalf.mp4;C:\Users\esthe\Downloads\white line 14 _\Whit_1405_18_onehalf.mp4;C:\Users\esthe\Downloads\white line 14 _\Whit_1405_3_five.mp4;C:\Users\esthe\Downloads\white line 14 _\Whit_1405_4_control.mp4;C:\Users\esthe\Downloads\white line 14 _\Whit_1405_5_five.mp4;C:\Users\esthe\Downloads\white line 14 _\Whit_1405_6_seven.mp4;C:\Users\esthe\Downloads\white line 14 _\Whit_1405_7_one.mp4;C:\Users\esthe\Downloads\white line 14 _\Whit_1405_8_onehalf.mp4,0.0,11.970;18.573;4.934;13.001;10.534;8.124;25.795;6.863;16.327;16.565;11.462;7.933;12.699;6.966;16.101,30.000;30.000;30.000;30.000;30.000;24.000;24.000;30.000;30.000;30.000;30.000;30.000;30.000;30.000;30.000,Whiteline,lifting,,,START,119.248,C:\Users\esthe\Downloads\white line 14 _\Whit_1405_3_five.mp4,94,NA,
whit_1405,2025-06-13 17:07:23.790,,187.239,Media file(s),player #1:C:\Users\esthe\Downloads\white line 14 _\Whit_1405_10_three.mp4;C:\Users\esthe\Downloads\white line 14 _\Whit_1405_11_onehalf.mp4;C:\Users\esthe\Downloads\white line 14 _\Whit_1405_12_two.mp4;C:\Users\esthe\Downloads\white line 14 _\Whit_1405_13_one.mp4;C:\Users\esthe\Downloads\white line 14 _\Whit_1405_14_one.mp4;C:\Users\esthe\Downloads\white line 14 _\Whit_1405_15_onehalf.mp4;C:\Users\esthe\Downloads\white line 14 _\Whit_1405_16_seven.mp4;C:\Users\esthe\Downloads\white line 14 _\Whit_1405_17_onehalf.mp4;C:\Users\esthe\Downloads\white line 14 _\Whit_1405_18_onehalf.mp4;C:\Users\esthe\Downloads\white line 14 _\Whit_1405_3_five.mp4;C:\Users\esthe\Downloads\white line 14 _\Whit_1405_4_control.mp4;C:\Users\esthe\Downloads\white line 14 _\Whit_1405_5_five.mp4;C:\Users\esthe\Downloads\white line 14 _\Whit_1405_6_seven.mp4;C:\Users\esthe\Downloads\white line 14 _\Whit_1405_7_one.mp4;C:\Users\esthe\Downloads\white line 14 _\Whit_1405_8_onehalf.mp4,0.0,11.970;18.573;4.934;13.001;10.534;8.124;25.795;6.863;16.327;16.565;11.462;7.933;12.699;6.966;16.101,30.000;30.000;30.000;30.000;30.000;24.000;24.000;30.000;30.000;30.000;30.000;30.000;30.000;30.000;30.000,Whiteline,lifting,,,STOP,119.481,C:\Users\esthe\Downloads\white line 14 _\Whit_1405_3_five.mp4,101,NA,
whit_1405,2025-06-13 17:07:23.790,,187.239,Media file(s),player #1:C:\Users\esthe\Downloads\white line 14 _\Whit_1405_10_three.mp4;C:\Users\esthe\Downloads\white line 14 _\Whit_1405_11_onehalf.mp4;C:\Users\esthe\Downloads\white line 14 _\Whit_1405_12_two.mp4;C:\Users\esthe\Downloads\white line 14 _\Whit_1405_13_one.mp4;C:\Users\esthe\Downloads\white line 14 _\Whit_1405_14_one.mp4;C:\Users\esthe\Downloads\white line 14 _\Whit_1405_15_onehalf.mp4;C:\Users\esthe\Downloads\white line 14 _\Whit_1405_16_seven.mp4;C:\Users\esthe\Downloads\white line 14 _\Whit_1405_17_onehalf.mp4;C:\Users\esthe\Downloads\white line 14 _\Whit_1405_18_onehalf.mp4;C:\Users\esthe\Downloads\white line 14 _\Whit_1405_3_five.mp4;C:\Users\esthe\Downloads\white line 14 _\Whit_1405_4_control.mp4;C:\Users\esthe\Downloads\white line 14 _\Whit_1405_5_five.mp4;C:\Users\esthe\Downloads\white line 14 _\Whit_1405_6_seven.mp4;C:\Users\esthe\Downloads\white line 14 _\Whit_1405_7_one.mp4;C:\Users\esthe\Downloads\white line 14 _\Whit_1405_8_onehalf.mp4,0.0,11.970;18.573;4.934;13.001;10.534;8.124;25.795;6.863;16.327;16.565;11.462;7.933;12.699;6.966;16.101,30.000;30.000;30.000;30.000;30.000;24.000;24.000;30.000;30.000;30.000;30.000;30.000;30.000;30.000;30.000,Whiteline,assessing,,,START,120.446,C:\Users\esthe\Downloads\white line 14 _\Whit_1405_3_five.mp4,130,NA,
whit_1405,2025-06-13 17:07:23.790,,187.239,Media file(s),player #1:C:\Users\esthe\Downloads\white line 14 _\Whit_1405_10_three.mp4;C:\Users\esthe\Downloads\white line 14 _\Whit_1405_11_onehalf.mp4;C:\Users\esthe\Downloads\white line 14 _\Whit_1405_12_two.mp4;C:\Users\esthe\Downloads\white line 14 _\Whit_1405_13_one.mp4;C:\Users\esthe\Downloads\white line 14 _\Whit_1405_14_one.mp4;C:\Users\esthe\Downloads\white line 14 _\Whit_1405_15_onehalf.mp4;C:\Users\esthe\Downloads\white line 14 _\Whit_1405_16_seven.mp4;C:\Users\esthe\Downloads\white line 14 _\Whit_1405_17_onehalf.mp4;C:\Users\esthe\Downloads\white line 14 _\Whit_1405_18_onehalf.mp4;C:\Users\esthe\Downloads\white line 14 _\Whit_1405_3_five.mp4;C:\Users\esthe\Downloads\white line 14 _\Whit_1405_4_control.mp4;C:\Users\esthe\Downloads\white line 14 _\Whit_1405_5_five.mp4;C:\Users\esthe\Downloads\white line 14 _\Whit_1405_6_seven.mp4;C:\Users\esthe\Downloads\white line 14 _\Whit_1405_7_one.mp4;C:\Users\esthe\Downloads\white line 14 _\Whit_1405_8_onehalf.mp4,0.0,11.970;18.573;4.934;13.001;10.534;8.124;25.795;6.863;16.327;16.565;11.462;7.933;12.699;6.966;16.101,30.000;30.000;30.000;30.000;30.000;24.000;24.000;30.000;30.000;30.000;30.000;30.000;30.000;30.000;30.000,Whiteline,jaw movement,,,POINT,120.546,C:\Users\esthe\Downloads\white line 14 _\Whit_1405_3_five.mp4,133,NA,
whit_1405,2025-06-13 17:07:23.790,,187.239,Media file(s),player #1:C:\Users\esthe\Downloads\white line 14 _\Whit_1405_10_three.mp4;C:\Users\esthe\Downloads\white line 14 _\Whit_1405_11_onehalf.mp4;C:\Users\esthe\Downloads\white line 14 _\Whit_1405_12_two.mp4;C:\Users\esthe\Downloads\white line 14 _\Whit_1405_13_one.mp4;C:\Users\esthe\Downloads\white line 14 _\Whit_1405_14_one.mp4;C:\Users\esthe\Downloads\white line 14 _\Whit_1405_15_onehalf.mp4;C:\Users\esthe\Downloads\white line 14 _\Whit_1405_16_seven.mp4;C:\Users\esthe\Downloads\white line 14 _\Whit_1405_17_onehalf.mp4;C:\Users\esthe\Downloads\white line 14 _\Whit_1405_18_onehalf.mp4;C:\Users\esthe\Downloads\white line 14 _\Whit_1405_3_five.mp4;C:\Users\esthe\Downloads\white line 14 _\Whit_1405_4_control.mp4;C:\Users\esthe\Downloads\white line 14 _\Whit_1405_5_five.mp4;C:\Users\esthe\Downloads\white line 14 _\Whit_1405_6_seven.mp4;C:\Users\esthe\Downloads\white line 14 _\Whit_1405_7_one.mp4;C:\Users\esthe\Downloads\white line 14 _\Whit_1405_8_onehalf.mp4,0.0,11.970;18.573;4.934;13.001;10.534;8.124;25.795;6.863;16.327;16.565;11.462;7.933;12.699;6.966;16.101,30.000;30.000;30.000;30.000;30.000;24.000;24.000;30.000;30.000;30.000;30.000;30.000;30.000;30.000;30.000,Whiteline,sniffing,,,POINT,120.813,C:\Users\esthe\Downloads\white line 14 _\Whit_1405_3_five.mp4,141,NA,
whit_1405,2025-06-13 17:07:23.790,,187.239,Media file(s),player #1:C:\Users\esthe\Downloads\white line 14 _\Whit_1405_10_three.mp4;C:\Users\esthe\Downloads\white line 14 _\Whit_1405_11_onehalf.mp4;C:\Users\esthe\Downloads\white line 14 _\Whit_1405_12_two.mp4;C:\Users\esthe\Downloads\white line 14 _\Whit_1405_13_one.mp4;C:\Users\esthe\Downloads\white line 14 _\Whit_1405_14_one.mp4;C:\Users\esthe\Downloads\white line 14 _\Whit_1405_15_onehalf.mp4;C:\Users\esthe\Downloads\white line 14 _\Whit_1405_16_seven.mp4;C:\Users\esthe\Downloads\white line 14 _\Whit_1405_17_onehalf.mp4;C:\Users\esthe\Downloads\white line 14 _\Whit_1405_18_onehalf.mp4;C:\Users\esthe\Downloads\white line 14 _\Whit_1405_3_five.mp4;C:\Users\esthe\Downloads\white line 14 _\Whit_1405_4_control.mp4;C:\Users\esthe\Downloads\white line 14 _\Whit_1405_5_five.mp4;C:\Users\esthe\Downloads\white line 14 _\Whit_1405_6_seven.mp4;C:\Users\esthe\Downloads\white line 14 _\Whit_1405_7_one.mp4;C:\Users\esthe\Downloads\white line 14 _\Whit_1405_8_onehalf.mp4,0.0,11.970;18.573;4.934;13.001;10.534;8.124;25.795;6.863;16.327;16.565;11.462;7.933;12.699;6.966;16.101,30.000;30.000;30.000;30.000;30.000;24.000;24.000;30.000;30.000;30.000;30.000;30.000;30.000;30.000;30.000,Whiteline,jaw movement,,,POINT,120.979,C:\Users\esthe\Downloads\white line 14 _\Whit_1405_3_five.mp4,146,NA,
whit_1405,2025-06-13 17:07:23.790,,187.239,Media file(s),player #1:C:\Users\esthe\Downloads\white line 14 _\Whit_1405_10_three.mp4;C:\Users\esthe\Downloads\white line 14 _\Whit_1405_11_onehalf.mp4;C:\Users\esthe\Downloads\white line 14 _\Whit_1405_12_two.mp4;C:\Users\esthe\Downloads\white line 14 _\Whit_1405_13_one.mp4;C:\Users\esthe\Downloads\white line 14 _\Whit_1405_14_one.mp4;C:\Users\esthe\Downloads\white line 14 _\Whit_1405_15_onehalf.mp4;C:\Users\esthe\Downloads\white line 14 _\Whit_1405_16_seven.mp4;C:\Users\esthe\Downloads\white line 14 _\Whit_1405_17_onehalf.mp4;C:\Users\esthe\Downloads\white line 14 _\Whit_1405_18_onehalf.mp4;C:\Users\esthe\Downloads\white line 14 _\Whit_1405_3_five.mp4;C:\Users\esthe\Downloads\white line 14 _\Whit_1405_4_control.mp4;C:\Users\esthe\Downloads\white line 14 _\Whit_1405_5_five.mp4;C:\Users\esthe\Downloads\white line 14 _\Whit_1405_6_seven.mp4;C:\Users\esthe\Downloads\white line 14 _\Whit_1405_7_one.mp4;C:\Users\esthe\Downloads\white line 14 _\Whit_1405_8_onehalf.mp4,0.0,11.970;18.573;4.934;13.001;10.534;8.124;25.795;6.863;16.327;16.565;11.462;7.933;12.699;6.966;16.101,30.000;30.000;30.000;30.000;30.000;24.000;24.000;30.000;30.000;30.000;30.000;30.000;30.000;30.000;30.000,Whiteline,mouth,,,POINT,121.379,C:\Users\esthe\Downloads\white line 14 _\Whit_1405_3_five.mp4,158,NA,
whit_1405,2025-06-13 17:07:23.790,,187.239,Media file(s),player #1:C:\Users\esthe\Downloads\white line 14 _\Whit_1405_10_three.mp4;C:\Users\esthe\Downloads\white line 14 _\Whit_1405_11_onehalf.mp4;C:\Users\esthe\Downloads\white line 14 _\Whit_1405_12_two.mp4;C:\Users\esthe\Downloads\white line 14 _\Whit_1405_13_one.mp4;C:\Users\esthe\Downloads\white line 14 _\Whit_1405_14_one.mp4;C:\Users\esthe\Downloads\white line 14 _\Whit_1405_15_onehalf.mp4;C:\Users\esthe\Downloads\white line 14 _\Whit_1405_16_seven.mp4;C:\Users\esthe\Downloads\white line 14 _\Whit_1405_17_onehalf.mp4;C:\Users\esthe\Downloads\white line 14 _\Whit_1405_18_onehalf.mp4;C:\Users\esthe\Downloads\white line 14 _\Whit_1405_3_five.mp4;C:\Users\esthe\Downloads\white line 14 _\Whit_1405_4_control.mp4;C:\Users\esthe\Downloads\white line 14 _\Whit_1405_5_five.mp4;C:\Users\esthe\Downloads\white line 14 _\Whit_1405_6_seven.mp4;C:\Users\esthe\Downloads\white line 14 _\Whit_1405_7_one.mp4;C:\Users\esthe\Downloads\white line 14 _\Whit_1405_8_onehalf.mp4,0.0,11.970;18.573;4.934;13.001;10.534;8.124;25.795;6.863;16.327;16.565;11.462;7.933;12.699;6.966;16.101,30.000;30.000;30.000;30.000;30.000;24.000;24.000;30.000;30.000;30.000;30.000;30.000;30.000;30.000;30.000,Whiteline,assessing,,,STOP,121.446,C:\Users\esthe\Downloads\white line 14 _\Whit_1405_3_five.mp4,160,NA,
whit_1405,2025-06-13 17:07:23.790,,187.239,Media file(s),player #1:C:\Users\esthe\Downloads\white line 14 _\Whit_1405_10_three.mp4;C:\Users\esthe\Downloads\white line 14 _\Whit_1405_11_onehalf.mp4;C:\Users\esthe\Downloads\white line 14 _\Whit_1405_12_two.mp4;C:\Users\esthe\Downloads\white line 14 _\Whit_1405_13_one.mp4;C:\Users\esthe\Downloads\white line 14 _\Whit_1405_14_one.mp4;C:\Users\esthe\Downloads\white line 14 _\Whit_1405_15_onehalf.mp4;C:\Users\esthe\Downloads\white line 14 _\Whit_1405_16_seven.mp4;C:\Users\esthe\Downloads\white line 14 _\Whit_1405_17_onehalf.mp4;C:\Users\esthe\Downloads\white line 14 _\Whit_1405_18_onehalf.mp4;C:\Users\esthe\Downloads\white line 14 _\Whit_1405_3_five.mp4;C:\Users\esthe\Downloads\white line 14 _\Whit_1405_4_control.mp4;C:\Users\esthe\Downloads\white line 14 _\Whit_1405_5_five.mp4;C:\Users\esthe\Downloads\white line 14 _\Whit_1405_6_seven.mp4;C:\Users\esthe\Downloads\white line 14 _\Whit_1405_7_one.mp4;C:\Users\esthe\Downloads\white line 14 _\Whit_1405_8_onehalf.mp4,0.0,11.970;18.573;4.934;13.001;10.534;8.124;25.795;6.863;16.327;16.565;11.462;7.933;12.699;6.966;16.101,30.000;30.000;30.000;30.000;30.000;24.000;24.000;30.000;30.000;30.000;30.000;30.000;30.000;30.000;30.000,Whiteline,target,,,START,121.579,C:\Users\esthe\Downloads\white line 14 _\Whit_1405_3_five.mp4,164,NA,
whit_1405,2025-06-13 17:07:23.790,,187.239,Media file(s),player #1:C:\Users\esthe\Downloads\white line 14 _\Whit_1405_10_three.mp4;C:\Users\esthe\Downloads\white line 14 _\Whit_1405_11_onehalf.mp4;C:\Users\esthe\Downloads\white line 14 _\Whit_1405_12_two.mp4;C:\Users\esthe\Downloads\white line 14 _\Whit_1405_13_one.mp4;C:\Users\esthe\Downloads\white line 14 _\Whit_1405_14_one.mp4;C:\Users\esthe\Downloads\white line 14 _\Whit_1405_15_onehalf.mp4;C:\Users\esthe\Downloads\white line 14 _\Whit_1405_16_seven.mp4;C:\Users\esthe\Downloads\white line 14 _\Whit_1405_17_onehalf.mp4;C:\Users\esthe\Downloads\white line 14 _\Whit_1405_18_onehalf.mp4;C:\Users\esthe\Downloads\white line 14 _\Whit_1405_3_five.mp4;C:\Users\esthe\Downloads\white line 14 _\Whit_1405_4_control.mp4;C:\Users\esthe\Downloads\white line 14 _\Whit_1405_5_five.mp4;C:\Users\esthe\Downloads\white line 14 _\Whit_1405_6_seven.mp4;C:\Users\esthe\Downloads\white line 14 _\Whit_1405_7_one.mp4;C:\Users\esthe\Downloads\white line 14 _\Whit_1405_8_onehalf.mp4,0.0,11.970;18.573;4.934;13.001;10.534;8.124;25.795;6.863;16.327;16.565;11.462;7.933;12.699;6.966;16.101,30.000;30.000;30.000;30.000;30.000;24.000;24.000;30.000;30.000;30.000;30.000;30.000;30.000;30.000;30.000,Whiteline,pause,,,START,122.846,C:\Users\esthe\Downloads\white line 14 _\Whit_1405_3_five.mp4,202,NA,
whit_1405,2025-06-13 17:07:23.790,,187.239,Media file(s),player #1:C:\Users\esthe\Downloads\white line 14 _\Whit_1405_10_three.mp4;C:\Users\esthe\Downloads\white line 14 _\Whit_1405_11_onehalf.mp4;C:\Users\esthe\Downloads\white line 14 _\Whit_1405_12_two.mp4;C:\Users\esthe\Downloads\white line 14 _\Whit_1405_13_one.mp4;C:\Users\esthe\Downloads\white line 14 _\Whit_1405_14_one.mp4;C:\Users\esthe\Downloads\white line 14 _\Whit_1405_15_onehalf.mp4;C:\Users\esthe\Downloads\white line 14 _\Whit_1405_16_seven.mp4;C:\Users\esthe\Downloads\white line 14 _\Whit_1405_17_onehalf.mp4;C:\Users\esthe\Downloads\white line 14 _\Whit_1405_18_onehalf.mp4;C:\Users\esthe\Downloads\white line 14 _\Whit_1405_3_five.mp4;C:\Users\esthe\Downloads\white line 14 _\Whit_1405_4_control.mp4;C:\Users\esthe\Downloads\white line 14 _\Whit_1405_5_five.mp4;C:\Users\esthe\Downloads\white line 14 _\Whit_1405_6_seven.mp4;C:\Users\esthe\Downloads\white line 14 _\Whit_1405_7_one.mp4;C:\Users\esthe\Downloads\white line 14 _\Whit_1405_8_onehalf.mp4,0.0,11.970;18.573;4.934;13.001;10.534;8.124;25.795;6.863;16.327;16.565;11.462;7.933;12.699;6.966;16.101,30.000;30.000;30.000;30.000;30.000;24.000;24.000;30.000;30.000;30.000;30.000;30.000;30.000;30.000;30.000,Whiteline,pause,,,STOP,124.013,C:\Users\esthe\Downloads\white line 14 _\Whit_1405_3_five.mp4,237,NA,
whit_1405,2025-06-13 17:07:23.790,,187.239,Media file(s),player #1:C:\Users\esthe\Downloads\white line 14 _\Whit_1405_10_three.mp4;C:\Users\esthe\Downloads\white line 14 _\Whit_1405_11_onehalf.mp4;C:\Users\esthe\Downloads\white line 14 _\Whit_1405_12_two.mp4;C:\Users\esthe\Downloads\white line 14 _\Whit_1405_13_one.mp4;C:\Users\esthe\Downloads\white line 14 _\Whit_1405_14_one.mp4;C:\Users\esthe\Downloads\white line 14 _\Whit_1405_15_onehalf.mp4;C:\Users\esthe\Downloads\white line 14 _\Whit_1405_16_seven.mp4;C:\Users\esthe\Downloads\white line 14 _\Whit_1405_17_onehalf.mp4;C:\Users\esthe\Downloads\white line 14 _\Whit_1405_18_onehalf.mp4;C:\Users\esthe\Downloads\white line 14 _\Whit_1405_3_five.mp4;C:\Users\esthe\Downloads\white line 14 _\Whit_1405_4_control.mp4;C:\Users\esthe\Downloads\white line 14 _\Whit_1405_5_five.mp4;C:\Users\esthe\Downloads\white line 14 _\Whit_1405_6_seven.mp4;C:\Users\esthe\Downloads\white line 14 _\Whit_1405_7_one.mp4;C:\Users\esthe\Downloads\white line 14 _\Whit_1405_8_onehalf.mp4,0.0,11.970;18.573;4.934;13.001;10.534;8.124;25.795;6.863;16.327;16.565;11.462;7.933;12.699;6.966;16.101,30.000;30.000;30.000;30.000;30.000;24.000;24.000;30.000;30.000;30.000;30.000;30.000;30.000;30.000;30.000,Whiteline,pause,,,START,125.213,C:\Users\esthe\Downloads\white line 14 _\Whit_1405_3_five.mp4,273,NA,
whit_1405,2025-06-13 17:07:23.790,,187.239,Media file(s),player #1:C:\Users\esthe\Downloads\white line 14 _\Whit_1405_10_three.mp4;C:\Users\esthe\Downloads\white line 14 _\Whit_1405_11_onehalf.mp4;C:\Users\esthe\Downloads\white line 14 _\Whit_1405_12_two.mp4;C:\Users\esthe\Downloads\white line 14 _\Whit_1405_13_one.mp4;C:\Users\esthe\Downloads\white line 14 _\Whit_1405_14_one.mp4;C:\Users\esthe\Downloads\white line 14 _\Whit_1405_15_onehalf.mp4;C:\Users\esthe\Downloads\white line 14 _\Whit_1405_16_seven.mp4;C:\Users\esthe\Downloads\white line 14 _\Whit_1405_17_onehalf.mp4;C:\Users\esthe\Downloads\white line 14 _\Whit_1405_18_onehalf.mp4;C:\Users\esthe\Downloads\white line 14 _\Whit_1405_3_five.mp4;C:\Users\esthe\Downloads\white line 14 _\Whit_1405_4_control.mp4;C:\Users\esthe\Downloads\white line 14 _\Whit_1405_5_five.mp4;C:\Users\esthe\Downloads\white line 14 _\Whit_1405_6_seven.mp4;C:\Users\esthe\Downloads\white line 14 _\Whit_1405_7_one.mp4;C:\Users\esthe\Downloads\white line 14 _\Whit_1405_8_onehalf.mp4,0.0,11.970;18.573;4.934;13.001;10.534;8.124;25.795;6.863;16.327;16.565;11.462;7.933;12.699;6.966;16.101,30.000;30.000;30.000;30.000;30.000;24.000;24.000;30.000;30.000;30.000;30.000;30.000;30.000;30.000;30.000,Whiteline,pause,,,STOP,126.246,C:\Users\esthe\Downloads\white line 14 _\Whit_1405_3_five.mp4,305,NA,
whit_1405,2025-06-13 17:07:23.790,,187.239,Media file(s),player #1:C:\Users\esthe\Downloads\white line 14 _\Whit_1405_10_three.mp4;C:\Users\esthe\Downloads\white line 14 _\Whit_1405_11_onehalf.mp4;C:\Users\esthe\Downloads\white line 14 _\Whit_1405_12_two.mp4;C:\Users\esthe\Downloads\white line 14 _\Whit_1405_13_one.mp4;C:\Users\esthe\Downloads\white line 14 _\Whit_1405_14_one.mp4;C:\Users\esthe\Downloads\white line 14 _\Whit_1405_15_onehalf.mp4;C:\Users\esthe\Downloads\white line 14 _\Whit_1405_16_seven.mp4;C:\Users\esthe\Downloads\white line 14 _\Whit_1405_17_onehalf.mp4;C:\Users\esthe\Downloads\white line 14 _\Whit_1405_18_onehalf.mp4;C:\Users\esthe\Downloads\white line 14 _\Whit_1405_3_five.mp4;C:\Users\esthe\Downloads\white line 14 _\Whit_1405_4_control.mp4;C:\Users\esthe\Downloads\white line 14 _\Whit_1405_5_five.mp4;C:\Users\esthe\Downloads\white line 14 _\Whit_1405_6_seven.mp4;C:\Users\esthe\Downloads\white line 14 _\Whit_1405_7_one.mp4;C:\Users\esthe\Downloads\white line 14 _\Whit_1405_8_onehalf.mp4,0.0,11.970;18.573;4.934;13.001;10.534;8.124;25.795;6.863;16.327;16.565;11.462;7.933;12.699;6.966;16.101,30.000;30.000;30.000;30.000;30.000;24.000;24.000;30.000;30.000;30.000;30.000;30.000;30.000;30.000;30.000,Whiteline,pause,,,START,126.980,C:\Users\esthe\Downloads\white line 14 _\Whit_1405_3_five.mp4,326,NA,
whit_1405,2025-06-13 17:07:23.790,,187.239,Media file(s),player #1:C:\Users\esthe\Downloads\white line 14 _\Whit_1405_10_three.mp4;C:\Users\esthe\Downloads\white line 14 _\Whit_1405_11_onehalf.mp4;C:\Users\esthe\Downloads\white line 14 _\Whit_1405_12_two.mp4;C:\Users\esthe\Downloads\white line 14 _\Whit_1405_13_one.mp4;C:\Users\esthe\Downloads\white line 14 _\Whit_1405_14_one.mp4;C:\Users\esthe\Downloads\white line 14 _\Whit_1405_15_onehalf.mp4;C:\Users\esthe\Downloads\white line 14 _\Whit_1405_16_seven.mp4;C:\Users\esthe\Downloads\white line 14 _\Whit_1405_17_onehalf.mp4;C:\Users\esthe\Downloads\white line 14 _\Whit_1405_18_onehalf.mp4;C:\Users\esthe\Downloads\white line 14 _\Whit_1405_3_five.mp4;C:\Users\esthe\Downloads\white line 14 _\Whit_1405_4_control.mp4;C:\Users\esthe\Downloads\white line 14 _\Whit_1405_5_five.mp4;C:\Users\esthe\Downloads\white line 14 _\Whit_1405_6_seven.mp4;C:\Users\esthe\Downloads\white line 14 _\Whit_1405_7_one.mp4;C:\Users\esthe\Downloads\white line 14 _\Whit_1405_8_onehalf.mp4,0.0,11.970;18.573;4.934;13.001;10.534;8.124;25.795;6.863;16.327;16.565;11.462;7.933;12.699;6.966;16.101,30.000;30.000;30.000;30.000;30.000;24.000;24.000;30.000;30.000;30.000;30.000;30.000;30.000;30.000;30.000,Whiteline,pause,,,STOP,129.180,C:\Users\esthe\Downloads\white line 14 _\Whit_1405_3_five.mp4,392,NA,
whit_1405,2025-06-13 17:07:23.790,,187.239,Media file(s),player #1:C:\Users\esthe\Downloads\white line 14 _\Whit_1405_10_three.mp4;C:\Users\esthe\Downloads\white line 14 _\Whit_1405_11_onehalf.mp4;C:\Users\esthe\Downloads\white line 14 _\Whit_1405_12_two.mp4;C:\Users\esthe\Downloads\white line 14 _\Whit_1405_13_one.mp4;C:\Users\esthe\Downloads\white line 14 _\Whit_1405_14_one.mp4;C:\Users\esthe\Downloads\white line 14 _\Whit_1405_15_onehalf.mp4;C:\Users\esthe\Downloads\white line 14 _\Whit_1405_16_seven.mp4;C:\Users\esthe\Downloads\white line 14 _\Whit_1405_17_onehalf.mp4;C:\Users\esthe\Downloads\white line 14 _\Whit_1405_18_onehalf.mp4;C:\Users\esthe\Downloads\white line 14 _\Whit_1405_3_five.mp4;C:\Users\esthe\Downloads\white line 14 _\Whit_1405_4_control.mp4;C:\Users\esthe\Downloads\white line 14 _\Whit_1405_5_five.mp4;C:\Users\esthe\Downloads\white line 14 _\Whit_1405_6_seven.mp4;C:\Users\esthe\Downloads\white line 14 _\Whit_1405_7_one.mp4;C:\Users\esthe\Downloads\white line 14 _\Whit_1405_8_onehalf.mp4,0.0,11.970;18.573;4.934;13.001;10.534;8.124;25.795;6.863;16.327;16.565;11.462;7.933;12.699;6.966;16.101,30.000;30.000;30.000;30.000;30.000;24.000;24.000;30.000;30.000;30.000;30.000;30.000;30.000;30.000;30.000,Whiteline,target,,,STOP,129.380,C:\Users\esthe\Downloads\white line 14 _\Whit_1405_3_five.mp4,398,NA,
whit_1405,2025-06-13 17:07:23.790,,187.239,Media file(s),player #1:C:\Users\esthe\Downloads\white line 14 _\Whit_1405_10_three.mp4;C:\Users\esthe\Downloads\white line 14 _\Whit_1405_11_onehalf.mp4;C:\Users\esthe\Downloads\white line 14 _\Whit_1405_12_two.mp4;C:\Users\esthe\Downloads\white line 14 _\Whit_1405_13_one.mp4;C:\Users\esthe\Downloads\white line 14 _\Whit_1405_14_one.mp4;C:\Users\esthe\Downloads\white line 14 _\Whit_1405_15_onehalf.mp4;C:\Users\esthe\Downloads\white line 14 _\Whit_1405_16_seven.mp4;C:\Users\esthe\Downloads\white line 14 _\Whit_1405_17_onehalf.mp4;C:\Users\esthe\Downloads\white line 14 _\Whit_1405_18_onehalf.mp4;C:\Users\esthe\Downloads\white line 14 _\Whit_1405_3_five.mp4;C:\Users\esthe\Downloads\white line 14 _\Whit_1405_4_control.mp4;C:\Users\esthe\Downloads\white line 14 _\Whit_1405_5_five.mp4;C:\Users\esthe\Downloads\white line 14 _\Whit_1405_6_seven.mp4;C:\Users\esthe\Downloads\white line 14 _\Whit_1405_7_one.mp4;C:\Users\esthe\Downloads\white line 14 _\Whit_1405_8_onehalf.mp4,0.0,11.970;18.573;4.934;13.001;10.534;8.124;25.795;6.863;16.327;16.565;11.462;7.933;12.699;6.966;16.101,30.000;30.000;30.000;30.000;30.000;24.000;24.000;30.000;30.000;30.000;30.000;30.000;30.000;30.000;30.000,Whiteline,assessing,,,START,129.614,C:\Users\esthe\Downloads\white line 14 _\Whit_1405_3_five.mp4,405,NA,
whit_1405,2025-06-13 17:07:23.790,,187.239,Media file(s),player #1:C:\Users\esthe\Downloads\white line 14 _\Whit_1405_10_three.mp4;C:\Users\esthe\Downloads\white line 14 _\Whit_1405_11_onehalf.mp4;C:\Users\esthe\Downloads\white line 14 _\Whit_1405_12_two.mp4;C:\Users\esthe\Downloads\white line 14 _\Whit_1405_13_one.mp4;C:\Users\esthe\Downloads\white line 14 _\Whit_1405_14_one.mp4;C:\Users\esthe\Downloads\white line 14 _\Whit_1405_15_onehalf.mp4;C:\Users\esthe\Downloads\white line 14 _\Whit_1405_16_seven.mp4;C:\Users\esthe\Downloads\white line 14 _\Whit_1405_17_onehalf.mp4;C:\Users\esthe\Downloads\white line 14 _\Whit_1405_18_onehalf.mp4;C:\Users\esthe\Downloads\white line 14 _\Whit_1405_3_five.mp4;C:\Users\esthe\Downloads\white line 14 _\Whit_1405_4_control.mp4;C:\Users\esthe\Downloads\white line 14 _\Whit_1405_5_five.mp4;C:\Users\esthe\Downloads\white line 14 _\Whit_1405_6_seven.mp4;C:\Users\esthe\Downloads\white line 14 _\Whit_1405_7_one.mp4;C:\Users\esthe\Downloads\white line 14 _\Whit_1405_8_onehalf.mp4,0.0,11.970;18.573;4.934;13.001;10.534;8.124;25.795;6.863;16.327;16.565;11.462;7.933;12.699;6.966;16.101,30.000;30.000;30.000;30.000;30.000;24.000;24.000;30.000;30.000;30.000;30.000;30.000;30.000;30.000;30.000,Whiteline,assessing,,,STOP,130.880,C:\Users\esthe\Downloads\white line 14 _\Whit_1405_3_five.mp4,443,NA,
whit_1405,2025-06-13 17:07:23.790,,187.239,Media file(s),player #1:C:\Users\esthe\Downloads\white line 14 _\Whit_1405_10_three.mp4;C:\Users\esthe\Downloads\white line 14 _\Whit_1405_11_onehalf.mp4;C:\Users\esthe\Downloads\white line 14 _\Whit_1405_12_two.mp4;C:\Users\esthe\Downloads\white line 14 _\Whit_1405_13_one.mp4;C:\Users\esthe\Downloads\white line 14 _\Whit_1405_14_one.mp4;C:\Users\esthe\Downloads\white line 14 _\Whit_1405_15_onehalf.mp4;C:\Users\esthe\Downloads\white line 14 _\Whit_1405_16_seven.mp4;C:\Users\esthe\Downloads\white line 14 _\Whit_1405_17_onehalf.mp4;C:\Users\esthe\Downloads\white line 14 _\Whit_1405_18_onehalf.mp4;C:\Users\esthe\Downloads\white line 14 _\Whit_1405_3_five.mp4;C:\Users\esthe\Downloads\white line 14 _\Whit_1405_4_control.mp4;C:\Users\esthe\Downloads\white line 14 _\Whit_1405_5_five.mp4;C:\Users\esthe\Downloads\white line 14 _\Whit_1405_6_seven.mp4;C:\Users\esthe\Downloads\white line 14 _\Whit_1405_7_one.mp4;C:\Users\esthe\Downloads\white line 14 _\Whit_1405_8_onehalf.mp4,0.0,11.970;18.573;4.934;13.001;10.534;8.124;25.795;6.863;16.327;16.565;11.462;7.933;12.699;6.966;16.101,30.000;30.000;30.000;30.000;30.000;24.000;24.000;30.000;30.000;30.000;30.000;30.000;30.000;30.000;30.000,Whiteline,peeling,,,START,130.914,C:\Users\esthe\Downloads\white line 14 _\Whit_1405_3_five.mp4,444,NA,
whit_1405,2025-06-13 17:07:23.790,,187.239,Media file(s),player #1:C:\Users\esthe\Downloads\white line 14 _\Whit_1405_10_three.mp4;C:\Users\esthe\Downloads\white line 14 _\Whit_1405_11_onehalf.mp4;C:\Users\esthe\Downloads\white line 14 _\Whit_1405_12_two.mp4;C:\Users\esthe\Downloads\white line 14 _\Whit_1405_13_one.mp4;C:\Users\esthe\Downloads\white line 14 _\Whit_1405_14_one.mp4;C:\Users\esthe\Downloads\white line 14 _\Whit_1405_15_onehalf.mp4;C:\Users\esthe\Downloads\white line 14 _\Whit_1405_16_seven.mp4;C:\Users\esthe\Downloads\white line 14 _\Whit_1405_17_onehalf.mp4;C:\Users\esthe\Downloads\white line 14 _\Whit_1405_18_onehalf.mp4;C:\Users\esthe\Downloads\white line 14 _\Whit_1405_3_five.mp4;C:\Users\esthe\Downloads\white line 14 _\Whit_1405_4_control.mp4;C:\Users\esthe\Downloads\white line 14 _\Whit_1405_5_five.mp4;C:\Users\esthe\Downloads\white line 14 _\Whit_1405_6_seven.mp4;C:\Users\esthe\Downloads\white line 14 _\Whit_1405_7_one.mp4;C:\Users\esthe\Downloads\white line 14 _\Whit_1405_8_onehalf.mp4,0.0,11.970;18.573;4.934;13.001;10.534;8.124;25.795;6.863;16.327;16.565;11.462;7.933;12.699;6.966;16.101,30.000;30.000;30.000;30.000;30.000;24.000;24.000;30.000;30.000;30.000;30.000;30.000;30.000;30.000;30.000,Whiteline,peeling,,,STOP,132.513,C:\Users\esthe\Downloads\white line 14 _\Whit_1405_3_five.mp4,492,NA,
whit_1405,2025-06-13 17:07:23.790,,187.239,Media file(s),player #1:C:\Users\esthe\Downloads\white line 14 _\Whit_1405_10_three.mp4;C:\Users\esthe\Downloads\white line 14 _\Whit_1405_11_onehalf.mp4;C:\Users\esthe\Downloads\white line 14 _\Whit_1405_12_two.mp4;C:\Users\esthe\Downloads\white line 14 _\Whit_1405_13_one.mp4;C:\Users\esthe\Downloads\white line 14 _\Whit_1405_14_one.mp4;C:\Users\esthe\Downloads\white line 14 _\Whit_1405_15_onehalf.mp4;C:\Users\esthe\Downloads\white line 14 _\Whit_1405_16_seven.mp4;C:\Users\esthe\Downloads\white line 14 _\Whit_1405_17_onehalf.mp4;C:\Users\esthe\Downloads\white line 14 _\Whit_1405_18_onehalf.mp4;C:\Users\esthe\Downloads\white line 14 _\Whit_1405_3_five.mp4;C:\Users\esthe\Downloads\white line 14 _\Whit_1405_4_control.mp4;C:\Users\esthe\Downloads\white line 14 _\Whit_1405_5_five.mp4;C:\Users\esthe\Downloads\white line 14 _\Whit_1405_6_seven.mp4;C:\Users\esthe\Downloads\white line 14 _\Whit_1405_7_one.mp4;C:\Users\esthe\Downloads\white line 14 _\Whit_1405_8_onehalf.mp4,0.0,11.970;18.573;4.934;13.001;10.534;8.124;25.795;6.863;16.327;16.565;11.462;7.933;12.699;6.966;16.101,30.000;30.000;30.000;30.000;30.000;24.000;24.000;30.000;30.000;30.000;30.000;30.000;30.000;30.000;30.000,Whiteline,lifting,,,START,132.680,C:\Users\esthe\Downloads\white line 14 _\Whit_1405_3_five.mp4,0,NA,
whit_1405,2025-06-13 17:07:23.790,,187.239,Media file(s),player #1:C:\Users\esthe\Downloads\white line 14 _\Whit_1405_10_three.mp4;C:\Users\esthe\Downloads\white line 14 _\Whit_1405_11_onehalf.mp4;C:\Users\esthe\Downloads\white line 14 _\Whit_1405_12_two.mp4;C:\Users\esthe\Downloads\white line 14 _\Whit_1405_13_one.mp4;C:\Users\esthe\Downloads\white line 14 _\Whit_1405_14_one.mp4;C:\Users\esthe\Downloads\white line 14 _\Whit_1405_15_onehalf.mp4;C:\Users\esthe\Downloads\white line 14 _\Whit_1405_16_seven.mp4;C:\Users\esthe\Downloads\white line 14 _\Whit_1405_17_onehalf.mp4;C:\Users\esthe\Downloads\white line 14 _\Whit_1405_18_onehalf.mp4;C:\Users\esthe\Downloads\white line 14 _\Whit_1405_3_five.mp4;C:\Users\esthe\Downloads\white line 14 _\Whit_1405_4_control.mp4;C:\Users\esthe\Downloads\white line 14 _\Whit_1405_5_five.mp4;C:\Users\esthe\Downloads\white line 14 _\Whit_1405_6_seven.mp4;C:\Users\esthe\Downloads\white line 14 _\Whit_1405_7_one.mp4;C:\Users\esthe\Downloads\white line 14 _\Whit_1405_8_onehalf.mp4,0.0,11.970;18.573;4.934;13.001;10.534;8.124;25.795;6.863;16.327;16.565;11.462;7.933;12.699;6.966;16.101,30.000;30.000;30.000;30.000;30.000;24.000;24.000;30.000;30.000;30.000;30.000;30.000;30.000;30.000;30.000,Whiteline,lifting,,,STOP,132.847,C:\Users\esthe\Downloads\white line 14 _\Whit_1405_4_control.mp4,5,NA,
whit_1405,2025-06-13 17:07:23.790,,187.239,Media file(s),player #1:C:\Users\esthe\Downloads\white line 14 _\Whit_1405_10_three.mp4;C:\Users\esthe\Downloads\white line 14 _\Whit_1405_11_onehalf.mp4;C:\Users\esthe\Downloads\white line 14 _\Whit_1405_12_two.mp4;C:\Users\esthe\Downloads\white line 14 _\Whit_1405_13_one.mp4;C:\Users\esthe\Downloads\white line 14 _\Whit_1405_14_one.mp4;C:\Users\esthe\Downloads\white line 14 _\Whit_1405_15_onehalf.mp4;C:\Users\esthe\Downloads\white line 14 _\Whit_1405_16_seven.mp4;C:\Users\esthe\Downloads\white line 14 _\Whit_1405_17_onehalf.mp4;C:\Users\esthe\Downloads\white line 14 _\Whit_1405_18_onehalf.mp4;C:\Users\esthe\Downloads\white line 14 _\Whit_1405_3_five.mp4;C:\Users\esthe\Downloads\white line 14 _\Whit_1405_4_control.mp4;C:\Users\esthe\Downloads\white line 14 _\Whit_1405_5_five.mp4;C:\Users\esthe\Downloads\white line 14 _\Whit_1405_6_seven.mp4;C:\Users\esthe\Downloads\white line 14 _\Whit_1405_7_one.mp4;C:\Users\esthe\Downloads\white line 14 _\Whit_1405_8_onehalf.mp4,0.0,11.970;18.573;4.934;13.001;10.534;8.124;25.795;6.863;16.327;16.565;11.462;7.933;12.699;6.966;16.101,30.000;30.000;30.000;30.000;30.000;24.000;24.000;30.000;30.000;30.000;30.000;30.000;30.000;30.000;30.000,Whiteline,target,,,START,135.808,C:\Users\esthe\Downloads\white line 14 _\Whit_1405_4_control.mp4,94,NA,
whit_1405,2025-06-13 17:07:23.790,,187.239,Media file(s),player #1:C:\Users\esthe\Downloads\white line 14 _\Whit_1405_10_three.mp4;C:\Users\esthe\Downloads\white line 14 _\Whit_1405_11_onehalf.mp4;C:\Users\esthe\Downloads\white line 14 _\Whit_1405_12_two.mp4;C:\Users\esthe\Downloads\white line 14 _\Whit_1405_13_one.mp4;C:\Users\esthe\Downloads\white line 14 _\Whit_1405_14_one.mp4;C:\Users\esthe\Downloads\white line 14 _\Whit_1405_15_onehalf.mp4;C:\Users\esthe\Downloads\white line 14 _\Whit_1405_16_seven.mp4;C:\Users\esthe\Downloads\white line 14 _\Whit_1405_17_onehalf.mp4;C:\Users\esthe\Downloads\white line 14 _\Whit_1405_18_onehalf.mp4;C:\Users\esthe\Downloads\white line 14 _\Whit_1405_3_five.mp4;C:\Users\esthe\Downloads\white line 14 _\Whit_1405_4_control.mp4;C:\Users\esthe\Downloads\white line 14 _\Whit_1405_5_five.mp4;C:\Users\esthe\Downloads\white line 14 _\Whit_1405_6_seven.mp4;C:\Users\esthe\Downloads\white line 14 _\Whit_1405_7_one.mp4;C:\Users\esthe\Downloads\white line 14 _\Whit_1405_8_onehalf.mp4,0.0,11.970;18.573;4.934;13.001;10.534;8.124;25.795;6.863;16.327;16.565;11.462;7.933;12.699;6.966;16.101,30.000;30.000;30.000;30.000;30.000;24.000;24.000;30.000;30.000;30.000;30.000;30.000;30.000;30.000;30.000,Whiteline,pause,,,START,137.242,C:\Users\esthe\Downloads\white line 14 _\Whit_1405_4_control.mp4,137,NA,
whit_1405,2025-06-13 17:07:23.790,,187.239,Media file(s),player #1:C:\Users\esthe\Downloads\white line 14 _\Whit_1405_10_three.mp4;C:\Users\esthe\Downloads\white line 14 _\Whit_1405_11_onehalf.mp4;C:\Users\esthe\Downloads\white line 14 _\Whit_1405_12_two.mp4;C:\Users\esthe\Downloads\white line 14 _\Whit_1405_13_one.mp4;C:\Users\esthe\Downloads\white line 14 _\Whit_1405_14_one.mp4;C:\Users\esthe\Downloads\white line 14 _\Whit_1405_15_onehalf.mp4;C:\Users\esthe\Downloads\white line 14 _\Whit_1405_16_seven.mp4;C:\Users\esthe\Downloads\white line 14 _\Whit_1405_17_onehalf.mp4;C:\Users\esthe\Downloads\white line 14 _\Whit_1405_18_onehalf.mp4;C:\Users\esthe\Downloads\white line 14 _\Whit_1405_3_five.mp4;C:\Users\esthe\Downloads\white line 14 _\Whit_1405_4_control.mp4;C:\Users\esthe\Downloads\white line 14 _\Whit_1405_5_five.mp4;C:\Users\esthe\Downloads\white line 14 _\Whit_1405_6_seven.mp4;C:\Users\esthe\Downloads\white line 14 _\Whit_1405_7_one.mp4;C:\Users\esthe\Downloads\white line 14 _\Whit_1405_8_onehalf.mp4,0.0,11.970;18.573;4.934;13.001;10.534;8.124;25.795;6.863;16.327;16.565;11.462;7.933;12.699;6.966;16.101,30.000;30.000;30.000;30.000;30.000;24.000;24.000;30.000;30.000;30.000;30.000;30.000;30.000;30.000;30.000,Whiteline,pause,,,STOP,137.575,C:\Users\esthe\Downloads\white line 14 _\Whit_1405_4_control.mp4,147,NA,
whit_1405,2025-06-13 17:07:23.790,,187.239,Media file(s),player #1:C:\Users\esthe\Downloads\white line 14 _\Whit_1405_10_three.mp4;C:\Users\esthe\Downloads\white line 14 _\Whit_1405_11_onehalf.mp4;C:\Users\esthe\Downloads\white line 14 _\Whit_1405_12_two.mp4;C:\Users\esthe\Downloads\white line 14 _\Whit_1405_13_one.mp4;C:\Users\esthe\Downloads\white line 14 _\Whit_1405_14_one.mp4;C:\Users\esthe\Downloads\white line 14 _\Whit_1405_15_onehalf.mp4;C:\Users\esthe\Downloads\white line 14 _\Whit_1405_16_seven.mp4;C:\Users\esthe\Downloads\white line 14 _\Whit_1405_17_onehalf.mp4;C:\Users\esthe\Downloads\white line 14 _\Whit_1405_18_onehalf.mp4;C:\Users\esthe\Downloads\white line 14 _\Whit_1405_3_five.mp4;C:\Users\esthe\Downloads\white line 14 _\Whit_1405_4_control.mp4;C:\Users\esthe\Downloads\white line 14 _\Whit_1405_5_five.mp4;C:\Users\esthe\Downloads\white line 14 _\Whit_1405_6_seven.mp4;C:\Users\esthe\Downloads\white line 14 _\Whit_1405_7_one.mp4;C:\Users\esthe\Downloads\white line 14 _\Whit_1405_8_onehalf.mp4,0.0,11.970;18.573;4.934;13.001;10.534;8.124;25.795;6.863;16.327;16.565;11.462;7.933;12.699;6.966;16.101,30.000;30.000;30.000;30.000;30.000;24.000;24.000;30.000;30.000;30.000;30.000;30.000;30.000;30.000;30.000,Whiteline,pause,,,START,139.909,C:\Users\esthe\Downloads\white line 14 _\Whit_1405_4_control.mp4,216,NA,
whit_1405,2025-06-13 17:07:23.790,,187.239,Media file(s),player #1:C:\Users\esthe\Downloads\white line 14 _\Whit_1405_10_three.mp4;C:\Users\esthe\Downloads\white line 14 _\Whit_1405_11_onehalf.mp4;C:\Users\esthe\Downloads\white line 14 _\Whit_1405_12_two.mp4;C:\Users\esthe\Downloads\white line 14 _\Whit_1405_13_one.mp4;C:\Users\esthe\Downloads\white line 14 _\Whit_1405_14_one.mp4;C:\Users\esthe\Downloads\white line 14 _\Whit_1405_15_onehalf.mp4;C:\Users\esthe\Downloads\white line 14 _\Whit_1405_16_seven.mp4;C:\Users\esthe\Downloads\white line 14 _\Whit_1405_17_onehalf.mp4;C:\Users\esthe\Downloads\white line 14 _\Whit_1405_18_onehalf.mp4;C:\Users\esthe\Downloads\white line 14 _\Whit_1405_3_five.mp4;C:\Users\esthe\Downloads\white line 14 _\Whit_1405_4_control.mp4;C:\Users\esthe\Downloads\white line 14 _\Whit_1405_5_five.mp4;C:\Users\esthe\Downloads\white line 14 _\Whit_1405_6_seven.mp4;C:\Users\esthe\Downloads\white line 14 _\Whit_1405_7_one.mp4;C:\Users\esthe\Downloads\white line 14 _\Whit_1405_8_onehalf.mp4,0.0,11.970;18.573;4.934;13.001;10.534;8.124;25.795;6.863;16.327;16.565;11.462;7.933;12.699;6.966;16.101,30.000;30.000;30.000;30.000;30.000;24.000;24.000;30.000;30.000;30.000;30.000;30.000;30.000;30.000;30.000,Whiteline,pause,,,STOP,140.509,C:\Users\esthe\Downloads\white line 14 _\Whit_1405_4_control.mp4,234,NA,
whit_1405,2025-06-13 17:07:23.790,,187.239,Media file(s),player #1:C:\Users\esthe\Downloads\white line 14 _\Whit_1405_10_three.mp4;C:\Users\esthe\Downloads\white line 14 _\Whit_1405_11_onehalf.mp4;C:\Users\esthe\Downloads\white line 14 _\Whit_1405_12_two.mp4;C:\Users\esthe\Downloads\white line 14 _\Whit_1405_13_one.mp4;C:\Users\esthe\Downloads\white line 14 _\Whit_1405_14_one.mp4;C:\Users\esthe\Downloads\white line 14 _\Whit_1405_15_onehalf.mp4;C:\Users\esthe\Downloads\white line 14 _\Whit_1405_16_seven.mp4;C:\Users\esthe\Downloads\white line 14 _\Whit_1405_17_onehalf.mp4;C:\Users\esthe\Downloads\white line 14 _\Whit_1405_18_onehalf.mp4;C:\Users\esthe\Downloads\white line 14 _\Whit_1405_3_five.mp4;C:\Users\esthe\Downloads\white line 14 _\Whit_1405_4_control.mp4;C:\Users\esthe\Downloads\white line 14 _\Whit_1405_5_five.mp4;C:\Users\esthe\Downloads\white line 14 _\Whit_1405_6_seven.mp4;C:\Users\esthe\Downloads\white line 14 _\Whit_1405_7_one.mp4;C:\Users\esthe\Downloads\white line 14 _\Whit_1405_8_onehalf.mp4,0.0,11.970;18.573;4.934;13.001;10.534;8.124;25.795;6.863;16.327;16.565;11.462;7.933;12.699;6.966;16.101,30.000;30.000;30.000;30.000;30.000;24.000;24.000;30.000;30.000;30.000;30.000;30.000;30.000;30.000;30.000,Whiteline,target,,,STOP,142.809,C:\Users\esthe\Downloads\white line 14 _\Whit_1405_4_control.mp4,303,NA,
whit_1405,2025-06-13 17:07:23.790,,187.239,Media file(s),player #1:C:\Users\esthe\Downloads\white line 14 _\Whit_1405_10_three.mp4;C:\Users\esthe\Downloads\white line 14 _\Whit_1405_11_onehalf.mp4;C:\Users\esthe\Downloads\white line 14 _\Whit_1405_12_two.mp4;C:\Users\esthe\Downloads\white line 14 _\Whit_1405_13_one.mp4;C:\Users\esthe\Downloads\white line 14 _\Whit_1405_14_one.mp4;C:\Users\esthe\Downloads\white line 14 _\Whit_1405_15_onehalf.mp4;C:\Users\esthe\Downloads\white line 14 _\Whit_1405_16_seven.mp4;C:\Users\esthe\Downloads\white line 14 _\Whit_1405_17_onehalf.mp4;C:\Users\esthe\Downloads\white line 14 _\Whit_1405_18_onehalf.mp4;C:\Users\esthe\Downloads\white line 14 _\Whit_1405_3_five.mp4;C:\Users\esthe\Downloads\white line 14 _\Whit_1405_4_control.mp4;C:\Users\esthe\Downloads\white line 14 _\Whit_1405_5_five.mp4;C:\Users\esthe\Downloads\white line 14 _\Whit_1405_6_seven.mp4;C:\Users\esthe\Downloads\white line 14 _\Whit_1405_7_one.mp4;C:\Users\esthe\Downloads\white line 14 _\Whit_1405_8_onehalf.mp4,0.0,11.970;18.573;4.934;13.001;10.534;8.124;25.795;6.863;16.327;16.565;11.462;7.933;12.699;6.966;16.101,30.000;30.000;30.000;30.000;30.000;24.000;24.000;30.000;30.000;30.000;30.000;30.000;30.000;30.000;30.000,Whiteline,digging,,,START,142.976,C:\Users\esthe\Downloads\white line 14 _\Whit_1405_4_control.mp4,308,NA,
whit_1405,2025-06-13 17:07:23.790,,187.239,Media file(s),player #1:C:\Users\esthe\Downloads\white line 14 _\Whit_1405_10_three.mp4;C:\Users\esthe\Downloads\white line 14 _\Whit_1405_11_onehalf.mp4;C:\Users\esthe\Downloads\white line 14 _\Whit_1405_12_two.mp4;C:\Users\esthe\Downloads\white line 14 _\Whit_1405_13_one.mp4;C:\Users\esthe\Downloads\white line 14 _\Whit_1405_14_one.mp4;C:\Users\esthe\Downloads\white line 14 _\Whit_1405_15_onehalf.mp4;C:\Users\esthe\Downloads\white line 14 _\Whit_1405_16_seven.mp4;C:\Users\esthe\Downloads\white line 14 _\Whit_1405_17_onehalf.mp4;C:\Users\esthe\Downloads\white line 14 _\Whit_1405_18_onehalf.mp4;C:\Users\esthe\Downloads\white line 14 _\Whit_1405_3_five.mp4;C:\Users\esthe\Downloads\white line 14 _\Whit_1405_4_control.mp4;C:\Users\esthe\Downloads\white line 14 _\Whit_1405_5_five.mp4;C:\Users\esthe\Downloads\white line 14 _\Whit_1405_6_seven.mp4;C:\Users\esthe\Downloads\white line 14 _\Whit_1405_7_one.mp4;C:\Users\esthe\Downloads\white line 14 _\Whit_1405_8_onehalf.mp4,0.0,11.970;18.573;4.934;13.001;10.534;8.124;25.795;6.863;16.327;16.565;11.462;7.933;12.699;6.966;16.101,30.000;30.000;30.000;30.000;30.000;24.000;24.000;30.000;30.000;30.000;30.000;30.000;30.000;30.000;30.000,Whiteline,digging,,,STOP,144.076,C:\Users\esthe\Downloads\white line 14 _\Whit_1405_4_control.mp4,341,NA,
whit_1405,2025-06-13 17:07:23.790,,187.239,Media file(s),player #1:C:\Users\esthe\Downloads\white line 14 _\Whit_1405_10_three.mp4;C:\Users\esthe\Downloads\white line 14 _\Whit_1405_11_onehalf.mp4;C:\Users\esthe\Downloads\white line 14 _\Whit_1405_12_two.mp4;C:\Users\esthe\Downloads\white line 14 _\Whit_1405_13_one.mp4;C:\Users\esthe\Downloads\white line 14 _\Whit_1405_14_one.mp4;C:\Users\esthe\Downloads\white line 14 _\Whit_1405_15_onehalf.mp4;C:\Users\esthe\Downloads\white line 14 _\Whit_1405_16_seven.mp4;C:\Users\esthe\Downloads\white line 14 _\Whit_1405_17_onehalf.mp4;C:\Users\esthe\Downloads\white line 14 _\Whit_1405_18_onehalf.mp4;C:\Users\esthe\Downloads\white line 14 _\Whit_1405_3_five.mp4;C:\Users\esthe\Downloads\white line 14 _\Whit_1405_4_control.mp4;C:\Users\esthe\Downloads\white line 14 _\Whit_1405_5_five.mp4;C:\Users\esthe\Downloads\white line 14 _\Whit_1405_6_seven.mp4;C:\Users\esthe\Downloads\white line 14 _\Whit_1405_7_one.mp4;C:\Users\esthe\Downloads\white line 14 _\Whit_1405_8_onehalf.mp4,0.0,11.970;18.573;4.934;13.001;10.534;8.124;25.795;6.863;16.327;16.565;11.462;7.933;12.699;6.966;16.101,30.000;30.000;30.000;30.000;30.000;24.000;24.000;30.000;30.000;30.000;30.000;30.000;30.000;30.000;30.000,Whiteline,target,,,START,144.142,C:\Users\esthe\Downloads\white line 14 _\Whit_1405_4_control.mp4,0,NA,
whit_1405,2025-06-13 17:07:23.790,,187.239,Media file(s),player #1:C:\Users\esthe\Downloads\white line 14 _\Whit_1405_10_three.mp4;C:\Users\esthe\Downloads\white line 14 _\Whit_1405_11_onehalf.mp4;C:\Users\esthe\Downloads\white line 14 _\Whit_1405_12_two.mp4;C:\Users\esthe\Downloads\white line 14 _\Whit_1405_13_one.mp4;C:\Users\esthe\Downloads\white line 14 _\Whit_1405_14_one.mp4;C:\Users\esthe\Downloads\white line 14 _\Whit_1405_15_onehalf.mp4;C:\Users\esthe\Downloads\white line 14 _\Whit_1405_16_seven.mp4;C:\Users\esthe\Downloads\white line 14 _\Whit_1405_17_onehalf.mp4;C:\Users\esthe\Downloads\white line 14 _\Whit_1405_18_onehalf.mp4;C:\Users\esthe\Downloads\white line 14 _\Whit_1405_3_five.mp4;C:\Users\esthe\Downloads\white line 14 _\Whit_1405_4_control.mp4;C:\Users\esthe\Downloads\white line 14 _\Whit_1405_5_five.mp4;C:\Users\esthe\Downloads\white line 14 _\Whit_1405_6_seven.mp4;C:\Users\esthe\Downloads\white line 14 _\Whit_1405_7_one.mp4;C:\Users\esthe\Downloads\white line 14 _\Whit_1405_8_onehalf.mp4,0.0,11.970;18.573;4.934;13.001;10.534;8.124;25.795;6.863;16.327;16.565;11.462;7.933;12.699;6.966;16.101,30.000;30.000;30.000;30.000;30.000;24.000;24.000;30.000;30.000;30.000;30.000;30.000;30.000;30.000;30.000,Whiteline,target,,,STOP,145.409,C:\Users\esthe\Downloads\white line 14 _\Whit_1405_5_five.mp4,38,NA,
whit_1405,2025-06-13 17:07:23.790,,187.239,Media file(s),player #1:C:\Users\esthe\Downloads\white line 14 _\Whit_1405_10_three.mp4;C:\Users\esthe\Downloads\white line 14 _\Whit_1405_11_onehalf.mp4;C:\Users\esthe\Downloads\white line 14 _\Whit_1405_12_two.mp4;C:\Users\esthe\Downloads\white line 14 _\Whit_1405_13_one.mp4;C:\Users\esthe\Downloads\white line 14 _\Whit_1405_14_one.mp4;C:\Users\esthe\Downloads\white line 14 _\Whit_1405_15_onehalf.mp4;C:\Users\esthe\Downloads\white line 14 _\Whit_1405_16_seven.mp4;C:\Users\esthe\Downloads\white line 14 _\Whit_1405_17_onehalf.mp4;C:\Users\esthe\Downloads\white line 14 _\Whit_1405_18_onehalf.mp4;C:\Users\esthe\Downloads\white line 14 _\Whit_1405_3_five.mp4;C:\Users\esthe\Downloads\white line 14 _\Whit_1405_4_control.mp4;C:\Users\esthe\Downloads\white line 14 _\Whit_1405_5_five.mp4;C:\Users\esthe\Downloads\white line 14 _\Whit_1405_6_seven.mp4;C:\Users\esthe\Downloads\white line 14 _\Whit_1405_7_one.mp4;C:\Users\esthe\Downloads\white line 14 _\Whit_1405_8_onehalf.mp4,0.0,11.970;18.573;4.934;13.001;10.534;8.124;25.795;6.863;16.327;16.565;11.462;7.933;12.699;6.966;16.101,30.000;30.000;30.000;30.000;30.000;24.000;24.000;30.000;30.000;30.000;30.000;30.000;30.000;30.000;30.000,Whiteline,bending,,,START,145.475,C:\Users\esthe\Downloads\white line 14 _\Whit_1405_5_five.mp4,40,NA,
whit_1405,2025-06-13 17:07:23.790,,187.239,Media file(s),player #1:C:\Users\esthe\Downloads\white line 14 _\Whit_1405_10_three.mp4;C:\Users\esthe\Downloads\white line 14 _\Whit_1405_11_onehalf.mp4;C:\Users\esthe\Downloads\white line 14 _\Whit_1405_12_two.mp4;C:\Users\esthe\Downloads\white line 14 _\Whit_1405_13_one.mp4;C:\Users\esthe\Downloads\white line 14 _\Whit_1405_14_one.mp4;C:\Users\esthe\Downloads\white line 14 _\Whit_1405_15_onehalf.mp4;C:\Users\esthe\Downloads\white line 14 _\Whit_1405_16_seven.mp4;C:\Users\esthe\Downloads\white line 14 _\Whit_1405_17_onehalf.mp4;C:\Users\esthe\Downloads\white line 14 _\Whit_1405_18_onehalf.mp4;C:\Users\esthe\Downloads\white line 14 _\Whit_1405_3_five.mp4;C:\Users\esthe\Downloads\white line 14 _\Whit_1405_4_control.mp4;C:\Users\esthe\Downloads\white line 14 _\Whit_1405_5_five.mp4;C:\Users\esthe\Downloads\white line 14 _\Whit_1405_6_seven.mp4;C:\Users\esthe\Downloads\white line 14 _\Whit_1405_7_one.mp4;C:\Users\esthe\Downloads\white line 14 _\Whit_1405_8_onehalf.mp4,0.0,11.970;18.573;4.934;13.001;10.534;8.124;25.795;6.863;16.327;16.565;11.462;7.933;12.699;6.966;16.101,30.000;30.000;30.000;30.000;30.000;24.000;24.000;30.000;30.000;30.000;30.000;30.000;30.000;30.000;30.000,Whiteline,grabbing peanut,,,POINT,145.942,C:\Users\esthe\Downloads\white line 14 _\Whit_1405_5_five.mp4,54,NA,
whit_1405,2025-06-13 17:07:23.790,,187.239,Media file(s),player #1:C:\Users\esthe\Downloads\white line 14 _\Whit_1405_10_three.mp4;C:\Users\esthe\Downloads\white line 14 _\Whit_1405_11_onehalf.mp4;C:\Users\esthe\Downloads\white line 14 _\Whit_1405_12_two.mp4;C:\Users\esthe\Downloads\white line 14 _\Whit_1405_13_one.mp4;C:\Users\esthe\Downloads\white line 14 _\Whit_1405_14_one.mp4;C:\Users\esthe\Downloads\white line 14 _\Whit_1405_15_onehalf.mp4;C:\Users\esthe\Downloads\white line 14 _\Whit_1405_16_seven.mp4;C:\Users\esthe\Downloads\white line 14 _\Whit_1405_17_onehalf.mp4;C:\Users\esthe\Downloads\white line 14 _\Whit_1405_18_onehalf.mp4;C:\Users\esthe\Downloads\white line 14 _\Whit_1405_3_five.mp4;C:\Users\esthe\Downloads\white line 14 _\Whit_1405_4_control.mp4;C:\Users\esthe\Downloads\white line 14 _\Whit_1405_5_five.mp4;C:\Users\esthe\Downloads\white line 14 _\Whit_1405_6_seven.mp4;C:\Users\esthe\Downloads\white line 14 _\Whit_1405_7_one.mp4;C:\Users\esthe\Downloads\white line 14 _\Whit_1405_8_onehalf.mp4,0.0,11.970;18.573;4.934;13.001;10.534;8.124;25.795;6.863;16.327;16.565;11.462;7.933;12.699;6.966;16.101,30.000;30.000;30.000;30.000;30.000;24.000;24.000;30.000;30.000;30.000;30.000;30.000;30.000;30.000;30.000,Whiteline,bending,,,STOP,145.975,C:\Users\esthe\Downloads\white line 14 _\Whit_1405_5_five.mp4,55,NA,
whit_1405,2025-06-13 17:07:23.790,,187.239,Media file(s),player #1:C:\Users\esthe\Downloads\white line 14 _\Whit_1405_10_three.mp4;C:\Users\esthe\Downloads\white line 14 _\Whit_1405_11_onehalf.mp4;C:\Users\esthe\Downloads\white line 14 _\Whit_1405_12_two.mp4;C:\Users\esthe\Downloads\white line 14 _\Whit_1405_13_one.mp4;C:\Users\esthe\Downloads\white line 14 _\Whit_1405_14_one.mp4;C:\Users\esthe\Downloads\white line 14 _\Whit_1405_15_onehalf.mp4;C:\Users\esthe\Downloads\white line 14 _\Whit_1405_16_seven.mp4;C:\Users\esthe\Downloads\white line 14 _\Whit_1405_17_onehalf.mp4;C:\Users\esthe\Downloads\white line 14 _\Whit_1405_18_onehalf.mp4;C:\Users\esthe\Downloads\white line 14 _\Whit_1405_3_five.mp4;C:\Users\esthe\Downloads\white line 14 _\Whit_1405_4_control.mp4;C:\Users\esthe\Downloads\white line 14 _\Whit_1405_5_five.mp4;C:\Users\esthe\Downloads\white line 14 _\Whit_1405_6_seven.mp4;C:\Users\esthe\Downloads\white line 14 _\Whit_1405_7_one.mp4;C:\Users\esthe\Downloads\white line 14 _\Whit_1405_8_onehalf.mp4,0.0,11.970;18.573;4.934;13.001;10.534;8.124;25.795;6.863;16.327;16.565;11.462;7.933;12.699;6.966;16.101,30.000;30.000;30.000;30.000;30.000;24.000;24.000;30.000;30.000;30.000;30.000;30.000;30.000;30.000;30.000,Whiteline,lifting,,,START,146.009,C:\Users\esthe\Downloads\white line 14 _\Whit_1405_5_five.mp4,56,NA,
whit_1405,2025-06-13 17:07:23.790,,187.239,Media file(s),player #1:C:\Users\esthe\Downloads\white line 14 _\Whit_1405_10_three.mp4;C:\Users\esthe\Downloads\white line 14 _\Whit_1405_11_onehalf.mp4;C:\Users\esthe\Downloads\white line 14 _\Whit_1405_12_two.mp4;C:\Users\esthe\Downloads\white line 14 _\Whit_1405_13_one.mp4;C:\Users\esthe\Downloads\white line 14 _\Whit_1405_14_one.mp4;C:\Users\esthe\Downloads\white line 14 _\Whit_1405_15_onehalf.mp4;C:\Users\esthe\Downloads\white line 14 _\Whit_1405_16_seven.mp4;C:\Users\esthe\Downloads\white line 14 _\Whit_1405_17_onehalf.mp4;C:\Users\esthe\Downloads\white line 14 _\Whit_1405_18_onehalf.mp4;C:\Users\esthe\Downloads\white line 14 _\Whit_1405_3_five.mp4;C:\Users\esthe\Downloads\white line 14 _\Whit_1405_4_control.mp4;C:\Users\esthe\Downloads\white line 14 _\Whit_1405_5_five.mp4;C:\Users\esthe\Downloads\white line 14 _\Whit_1405_6_seven.mp4;C:\Users\esthe\Downloads\white line 14 _\Whit_1405_7_one.mp4;C:\Users\esthe\Downloads\white line 14 _\Whit_1405_8_onehalf.mp4,0.0,11.970;18.573;4.934;13.001;10.534;8.124;25.795;6.863;16.327;16.565;11.462;7.933;12.699;6.966;16.101,30.000;30.000;30.000;30.000;30.000;24.000;24.000;30.000;30.000;30.000;30.000;30.000;30.000;30.000;30.000,Whiteline,lifting,,,STOP,147.042,C:\Users\esthe\Downloads\white line 14 _\Whit_1405_5_five.mp4,87,NA,
whit_1405,2025-06-13 17:07:23.790,,187.239,Media file(s),player #1:C:\Users\esthe\Downloads\white line 14 _\Whit_1405_10_three.mp4;C:\Users\esthe\Downloads\white line 14 _\Whit_1405_11_onehalf.mp4;C:\Users\esthe\Downloads\white line 14 _\Whit_1405_12_two.mp4;C:\Users\esthe\Downloads\white line 14 _\Whit_1405_13_one.mp4;C:\Users\esthe\Downloads\white line 14 _\Whit_1405_14_one.mp4;C:\Users\esthe\Downloads\white line 14 _\Whit_1405_15_onehalf.mp4;C:\Users\esthe\Downloads\white line 14 _\Whit_1405_16_seven.mp4;C:\Users\esthe\Downloads\white line 14 _\Whit_1405_17_onehalf.mp4;C:\Users\esthe\Downloads\white line 14 _\Whit_1405_18_onehalf.mp4;C:\Users\esthe\Downloads\white line 14 _\Whit_1405_3_five.mp4;C:\Users\esthe\Downloads\white line 14 _\Whit_1405_4_control.mp4;C:\Users\esthe\Downloads\white line 14 _\Whit_1405_5_five.mp4;C:\Users\esthe\Downloads\white line 14 _\Whit_1405_6_seven.mp4;C:\Users\esthe\Downloads\white line 14 _\Whit_1405_7_one.mp4;C:\Users\esthe\Downloads\white line 14 _\Whit_1405_8_onehalf.mp4,0.0,11.970;18.573;4.934;13.001;10.534;8.124;25.795;6.863;16.327;16.565;11.462;7.933;12.699;6.966;16.101,30.000;30.000;30.000;30.000;30.000;24.000;24.000;30.000;30.000;30.000;30.000;30.000;30.000;30.000;30.000,Whiteline,assessing,,,START,147.242,C:\Users\esthe\Downloads\white line 14 _\Whit_1405_5_five.mp4,93,NA,
whit_1405,2025-06-13 17:07:23.790,,187.239,Media file(s),player #1:C:\Users\esthe\Downloads\white line 14 _\Whit_1405_10_three.mp4;C:\Users\esthe\Downloads\white line 14 _\Whit_1405_11_onehalf.mp4;C:\Users\esthe\Downloads\white line 14 _\Whit_1405_12_two.mp4;C:\Users\esthe\Downloads\white line 14 _\Whit_1405_13_one.mp4;C:\Users\esthe\Downloads\white line 14 _\Whit_1405_14_one.mp4;C:\Users\esthe\Downloads\white line 14 _\Whit_1405_15_onehalf.mp4;C:\Users\esthe\Downloads\white line 14 _\Whit_1405_16_seven.mp4;C:\Users\esthe\Downloads\white line 14 _\Whit_1405_17_onehalf.mp4;C:\Users\esthe\Downloads\white line 14 _\Whit_1405_18_onehalf.mp4;C:\Users\esthe\Downloads\white line 14 _\Whit_1405_3_five.mp4;C:\Users\esthe\Downloads\white line 14 _\Whit_1405_4_control.mp4;C:\Users\esthe\Downloads\white line 14 _\Whit_1405_5_five.mp4;C:\Users\esthe\Downloads\white line 14 _\Whit_1405_6_seven.mp4;C:\Users\esthe\Downloads\white line 14 _\Whit_1405_7_one.mp4;C:\Users\esthe\Downloads\white line 14 _\Whit_1405_8_onehalf.mp4,0.0,11.970;18.573;4.934;13.001;10.534;8.124;25.795;6.863;16.327;16.565;11.462;7.933;12.699;6.966;16.101,30.000;30.000;30.000;30.000;30.000;24.000;24.000;30.000;30.000;30.000;30.000;30.000;30.000;30.000;30.000,Whiteline,jaw movement,,,POINT,147.342,C:\Users\esthe\Downloads\white line 14 _\Whit_1405_5_five.mp4,96,NA,
whit_1405,2025-06-13 17:07:23.790,,187.239,Media file(s),player #1:C:\Users\esthe\Downloads\white line 14 _\Whit_1405_10_three.mp4;C:\Users\esthe\Downloads\white line 14 _\Whit_1405_11_onehalf.mp4;C:\Users\esthe\Downloads\white line 14 _\Whit_1405_12_two.mp4;C:\Users\esthe\Downloads\white line 14 _\Whit_1405_13_one.mp4;C:\Users\esthe\Downloads\white line 14 _\Whit_1405_14_one.mp4;C:\Users\esthe\Downloads\white line 14 _\Whit_1405_15_onehalf.mp4;C:\Users\esthe\Downloads\white line 14 _\Whit_1405_16_seven.mp4;C:\Users\esthe\Downloads\white line 14 _\Whit_1405_17_onehalf.mp4;C:\Users\esthe\Downloads\white line 14 _\Whit_1405_18_onehalf.mp4;C:\Users\esthe\Downloads\white line 14 _\Whit_1405_3_five.mp4;C:\Users\esthe\Downloads\white line 14 _\Whit_1405_4_control.mp4;C:\Users\esthe\Downloads\white line 14 _\Whit_1405_5_five.mp4;C:\Users\esthe\Downloads\white line 14 _\Whit_1405_6_seven.mp4;C:\Users\esthe\Downloads\white line 14 _\Whit_1405_7_one.mp4;C:\Users\esthe\Downloads\white line 14 _\Whit_1405_8_onehalf.mp4,0.0,11.970;18.573;4.934;13.001;10.534;8.124;25.795;6.863;16.327;16.565;11.462;7.933;12.699;6.966;16.101,30.000;30.000;30.000;30.000;30.000;24.000;24.000;30.000;30.000;30.000;30.000;30.000;30.000;30.000;30.000,Whiteline,rotation,,Vertical,START,147.709,C:\Users\esthe\Downloads\white line 14 _\Whit_1405_5_five.mp4,107,NA,
whit_1405,2025-06-13 17:07:23.790,,187.239,Media file(s),player #1:C:\Users\esthe\Downloads\white line 14 _\Whit_1405_10_three.mp4;C:\Users\esthe\Downloads\white line 14 _\Whit_1405_11_onehalf.mp4;C:\Users\esthe\Downloads\white line 14 _\Whit_1405_12_two.mp4;C:\Users\esthe\Downloads\white line 14 _\Whit_1405_13_one.mp4;C:\Users\esthe\Downloads\white line 14 _\Whit_1405_14_one.mp4;C:\Users\esthe\Downloads\white line 14 _\Whit_1405_15_onehalf.mp4;C:\Users\esthe\Downloads\white line 14 _\Whit_1405_16_seven.mp4;C:\Users\esthe\Downloads\white line 14 _\Whit_1405_17_onehalf.mp4;C:\Users\esthe\Downloads\white line 14 _\Whit_1405_18_onehalf.mp4;C:\Users\esthe\Downloads\white line 14 _\Whit_1405_3_five.mp4;C:\Users\esthe\Downloads\white line 14 _\Whit_1405_4_control.mp4;C:\Users\esthe\Downloads\white line 14 _\Whit_1405_5_five.mp4;C:\Users\esthe\Downloads\white line 14 _\Whit_1405_6_seven.mp4;C:\Users\esthe\Downloads\white line 14 _\Whit_1405_7_one.mp4;C:\Users\esthe\Downloads\white line 14 _\Whit_1405_8_onehalf.mp4,0.0,11.970;18.573;4.934;13.001;10.534;8.124;25.795;6.863;16.327;16.565;11.462;7.933;12.699;6.966;16.101,30.000;30.000;30.000;30.000;30.000;24.000;24.000;30.000;30.000;30.000;30.000;30.000;30.000;30.000;30.000,Whiteline,licking,,,POINT,147.876,C:\Users\esthe\Downloads\white line 14 _\Whit_1405_5_five.mp4,112,NA,
whit_1405,2025-06-13 17:07:23.790,,187.239,Media file(s),player #1:C:\Users\esthe\Downloads\white line 14 _\Whit_1405_10_three.mp4;C:\Users\esthe\Downloads\white line 14 _\Whit_1405_11_onehalf.mp4;C:\Users\esthe\Downloads\white line 14 _\Whit_1405_12_two.mp4;C:\Users\esthe\Downloads\white line 14 _\Whit_1405_13_one.mp4;C:\Users\esthe\Downloads\white line 14 _\Whit_1405_14_one.mp4;C:\Users\esthe\Downloads\white line 14 _\Whit_1405_15_onehalf.mp4;C:\Users\esthe\Downloads\white line 14 _\Whit_1405_16_seven.mp4;C:\Users\esthe\Downloads\white line 14 _\Whit_1405_17_onehalf.mp4;C:\Users\esthe\Downloads\white line 14 _\Whit_1405_18_onehalf.mp4;C:\Users\esthe\Downloads\white line 14 _\Whit_1405_3_five.mp4;C:\Users\esthe\Downloads\white line 14 _\Whit_1405_4_control.mp4;C:\Users\esthe\Downloads\white line 14 _\Whit_1405_5_five.mp4;C:\Users\esthe\Downloads\white line 14 _\Whit_1405_6_seven.mp4;C:\Users\esthe\Downloads\white line 14 _\Whit_1405_7_one.mp4;C:\Users\esthe\Downloads\white line 14 _\Whit_1405_8_onehalf.mp4,0.0,11.970;18.573;4.934;13.001;10.534;8.124;25.795;6.863;16.327;16.565;11.462;7.933;12.699;6.966;16.101,30.000;30.000;30.000;30.000;30.000;24.000;24.000;30.000;30.000;30.000;30.000;30.000;30.000;30.000;30.000,Whiteline,jaw movement,,,POINT,148.376,C:\Users\esthe\Downloads\white line 14 _\Whit_1405_5_five.mp4,127,NA,
whit_1405,2025-06-13 17:07:23.790,,187.239,Media file(s),player #1:C:\Users\esthe\Downloads\white line 14 _\Whit_1405_10_three.mp4;C:\Users\esthe\Downloads\white line 14 _\Whit_1405_11_onehalf.mp4;C:\Users\esthe\Downloads\white line 14 _\Whit_1405_12_two.mp4;C:\Users\esthe\Downloads\white line 14 _\Whit_1405_13_one.mp4;C:\Users\esthe\Downloads\white line 14 _\Whit_1405_14_one.mp4;C:\Users\esthe\Downloads\white line 14 _\Whit_1405_15_onehalf.mp4;C:\Users\esthe\Downloads\white line 14 _\Whit_1405_16_seven.mp4;C:\Users\esthe\Downloads\white line 14 _\Whit_1405_17_onehalf.mp4;C:\Users\esthe\Downloads\white line 14 _\Whit_1405_18_onehalf.mp4;C:\Users\esthe\Downloads\white line 14 _\Whit_1405_3_five.mp4;C:\Users\esthe\Downloads\white line 14 _\Whit_1405_4_control.mp4;C:\Users\esthe\Downloads\white line 14 _\Whit_1405_5_five.mp4;C:\Users\esthe\Downloads\white line 14 _\Whit_1405_6_seven.mp4;C:\Users\esthe\Downloads\white line 14 _\Whit_1405_7_one.mp4;C:\Users\esthe\Downloads\white line 14 _\Whit_1405_8_onehalf.mp4,0.0,11.970;18.573;4.934;13.001;10.534;8.124;25.795;6.863;16.327;16.565;11.462;7.933;12.699;6.966;16.101,30.000;30.000;30.000;30.000;30.000;24.000;24.000;30.000;30.000;30.000;30.000;30.000;30.000;30.000;30.000,Whiteline,jaw movement,,,POINT,148.742,C:\Users\esthe\Downloads\white line 14 _\Whit_1405_5_five.mp4,138,NA,
whit_1405,2025-06-13 17:07:23.790,,187.239,Media file(s),player #1:C:\Users\esthe\Downloads\white line 14 _\Whit_1405_10_three.mp4;C:\Users\esthe\Downloads\white line 14 _\Whit_1405_11_onehalf.mp4;C:\Users\esthe\Downloads\white line 14 _\Whit_1405_12_two.mp4;C:\Users\esthe\Downloads\white line 14 _\Whit_1405_13_one.mp4;C:\Users\esthe\Downloads\white line 14 _\Whit_1405_14_one.mp4;C:\Users\esthe\Downloads\white line 14 _\Whit_1405_15_onehalf.mp4;C:\Users\esthe\Downloads\white line 14 _\Whit_1405_16_seven.mp4;C:\Users\esthe\Downloads\white line 14 _\Whit_1405_17_onehalf.mp4;C:\Users\esthe\Downloads\white line 14 _\Whit_1405_18_onehalf.mp4;C:\Users\esthe\Downloads\white line 14 _\Whit_1405_3_five.mp4;C:\Users\esthe\Downloads\white line 14 _\Whit_1405_4_control.mp4;C:\Users\esthe\Downloads\white line 14 _\Whit_1405_5_five.mp4;C:\Users\esthe\Downloads\white line 14 _\Whit_1405_6_seven.mp4;C:\Users\esthe\Downloads\white line 14 _\Whit_1405_7_one.mp4;C:\Users\esthe\Downloads\white line 14 _\Whit_1405_8_onehalf.mp4,0.0,11.970;18.573;4.934;13.001;10.534;8.124;25.795;6.863;16.327;16.565;11.462;7.933;12.699;6.966;16.101,30.000;30.000;30.000;30.000;30.000;24.000;24.000;30.000;30.000;30.000;30.000;30.000;30.000;30.000;30.000,Whiteline,rotation,,Vertical,STOP,148.809,C:\Users\esthe\Downloads\white line 14 _\Whit_1405_5_five.mp4,140,NA,
whit_1405,2025-06-13 17:07:23.790,,187.239,Media file(s),player #1:C:\Users\esthe\Downloads\white line 14 _\Whit_1405_10_three.mp4;C:\Users\esthe\Downloads\white line 14 _\Whit_1405_11_onehalf.mp4;C:\Users\esthe\Downloads\white line 14 _\Whit_1405_12_two.mp4;C:\Users\esthe\Downloads\white line 14 _\Whit_1405_13_one.mp4;C:\Users\esthe\Downloads\white line 14 _\Whit_1405_14_one.mp4;C:\Users\esthe\Downloads\white line 14 _\Whit_1405_15_onehalf.mp4;C:\Users\esthe\Downloads\white line 14 _\Whit_1405_16_seven.mp4;C:\Users\esthe\Downloads\white line 14 _\Whit_1405_17_onehalf.mp4;C:\Users\esthe\Downloads\white line 14 _\Whit_1405_18_onehalf.mp4;C:\Users\esthe\Downloads\white line 14 _\Whit_1405_3_five.mp4;C:\Users\esthe\Downloads\white line 14 _\Whit_1405_4_control.mp4;C:\Users\esthe\Downloads\white line 14 _\Whit_1405_5_five.mp4;C:\Users\esthe\Downloads\white line 14 _\Whit_1405_6_seven.mp4;C:\Users\esthe\Downloads\white line 14 _\Whit_1405_7_one.mp4;C:\Users\esthe\Downloads\white line 14 _\Whit_1405_8_onehalf.mp4,0.0,11.970;18.573;4.934;13.001;10.534;8.124;25.795;6.863;16.327;16.565;11.462;7.933;12.699;6.966;16.101,30.000;30.000;30.000;30.000;30.000;24.000;24.000;30.000;30.000;30.000;30.000;30.000;30.000;30.000;30.000,Whiteline,mouth,,,POINT,148.842,C:\Users\esthe\Downloads\white line 14 _\Whit_1405_5_five.mp4,141,NA,
whit_1405,2025-06-13 17:07:23.790,,187.239,Media file(s),player #1:C:\Users\esthe\Downloads\white line 14 _\Whit_1405_10_three.mp4;C:\Users\esthe\Downloads\white line 14 _\Whit_1405_11_onehalf.mp4;C:\Users\esthe\Downloads\white line 14 _\Whit_1405_12_two.mp4;C:\Users\esthe\Downloads\white line 14 _\Whit_1405_13_one.mp4;C:\Users\esthe\Downloads\white line 14 _\Whit_1405_14_one.mp4;C:\Users\esthe\Downloads\white line 14 _\Whit_1405_15_onehalf.mp4;C:\Users\esthe\Downloads\white line 14 _\Whit_1405_16_seven.mp4;C:\Users\esthe\Downloads\white line 14 _\Whit_1405_17_onehalf.mp4;C:\Users\esthe\Downloads\white line 14 _\Whit_1405_18_onehalf.mp4;C:\Users\esthe\Downloads\white line 14 _\Whit_1405_3_five.mp4;C:\Users\esthe\Downloads\white line 14 _\Whit_1405_4_control.mp4;C:\Users\esthe\Downloads\white line 14 _\Whit_1405_5_five.mp4;C:\Users\esthe\Downloads\white line 14 _\Whit_1405_6_seven.mp4;C:\Users\esthe\Downloads\white line 14 _\Whit_1405_7_one.mp4;C:\Users\esthe\Downloads\white line 14 _\Whit_1405_8_onehalf.mp4,0.0,11.970;18.573;4.934;13.001;10.534;8.124;25.795;6.863;16.327;16.565;11.462;7.933;12.699;6.966;16.101,30.000;30.000;30.000;30.000;30.000;24.000;24.000;30.000;30.000;30.000;30.000;30.000;30.000;30.000;30.000,Whiteline,assessing,,,STOP,148.942,C:\Users\esthe\Downloads\white line 14 _\Whit_1405_5_five.mp4,144,NA,
whit_1405,2025-06-13 17:07:23.790,,187.239,Media file(s),player #1:C:\Users\esthe\Downloads\white line 14 _\Whit_1405_10_three.mp4;C:\Users\esthe\Downloads\white line 14 _\Whit_1405_11_onehalf.mp4;C:\Users\esthe\Downloads\white line 14 _\Whit_1405_12_two.mp4;C:\Users\esthe\Downloads\white line 14 _\Whit_1405_13_one.mp4;C:\Users\esthe\Downloads\white line 14 _\Whit_1405_14_one.mp4;C:\Users\esthe\Downloads\white line 14 _\Whit_1405_15_onehalf.mp4;C:\Users\esthe\Downloads\white line 14 _\Whit_1405_16_seven.mp4;C:\Users\esthe\Downloads\white line 14 _\Whit_1405_17_onehalf.mp4;C:\Users\esthe\Downloads\white line 14 _\Whit_1405_18_onehalf.mp4;C:\Users\esthe\Downloads\white line 14 _\Whit_1405_3_five.mp4;C:\Users\esthe\Downloads\white line 14 _\Whit_1405_4_control.mp4;C:\Users\esthe\Downloads\white line 14 _\Whit_1405_5_five.mp4;C:\Users\esthe\Downloads\white line 14 _\Whit_1405_6_seven.mp4;C:\Users\esthe\Downloads\white line 14 _\Whit_1405_7_one.mp4;C:\Users\esthe\Downloads\white line 14 _\Whit_1405_8_onehalf.mp4,0.0,11.970;18.573;4.934;13.001;10.534;8.124;25.795;6.863;16.327;16.565;11.462;7.933;12.699;6.966;16.101,30.000;30.000;30.000;30.000;30.000;24.000;24.000;30.000;30.000;30.000;30.000;30.000;30.000;30.000;30.000,Whiteline,target,,,START,149.109,C:\Users\esthe\Downloads\white line 14 _\Whit_1405_5_five.mp4,149,NA,
whit_1405,2025-06-13 17:07:23.790,,187.239,Media file(s),player #1:C:\Users\esthe\Downloads\white line 14 _\Whit_1405_10_three.mp4;C:\Users\esthe\Downloads\white line 14 _\Whit_1405_11_onehalf.mp4;C:\Users\esthe\Downloads\white line 14 _\Whit_1405_12_two.mp4;C:\Users\esthe\Downloads\white line 14 _\Whit_1405_13_one.mp4;C:\Users\esthe\Downloads\white line 14 _\Whit_1405_14_one.mp4;C:\Users\esthe\Downloads\white line 14 _\Whit_1405_15_onehalf.mp4;C:\Users\esthe\Downloads\white line 14 _\Whit_1405_16_seven.mp4;C:\Users\esthe\Downloads\white line 14 _\Whit_1405_17_onehalf.mp4;C:\Users\esthe\Downloads\white line 14 _\Whit_1405_18_onehalf.mp4;C:\Users\esthe\Downloads\white line 14 _\Whit_1405_3_five.mp4;C:\Users\esthe\Downloads\white line 14 _\Whit_1405_4_control.mp4;C:\Users\esthe\Downloads\white line 14 _\Whit_1405_5_five.mp4;C:\Users\esthe\Downloads\white line 14 _\Whit_1405_6_seven.mp4;C:\Users\esthe\Downloads\white line 14 _\Whit_1405_7_one.mp4;C:\Users\esthe\Downloads\white line 14 _\Whit_1405_8_onehalf.mp4,0.0,11.970;18.573;4.934;13.001;10.534;8.124;25.795;6.863;16.327;16.565;11.462;7.933;12.699;6.966;16.101,30.000;30.000;30.000;30.000;30.000;24.000;24.000;30.000;30.000;30.000;30.000;30.000;30.000;30.000;30.000,Whiteline,pause,,,START,150.109,C:\Users\esthe\Downloads\white line 14 _\Whit_1405_5_five.mp4,179,NA,
whit_1405,2025-06-13 17:07:23.790,,187.239,Media file(s),player #1:C:\Users\esthe\Downloads\white line 14 _\Whit_1405_10_three.mp4;C:\Users\esthe\Downloads\white line 14 _\Whit_1405_11_onehalf.mp4;C:\Users\esthe\Downloads\white line 14 _\Whit_1405_12_two.mp4;C:\Users\esthe\Downloads\white line 14 _\Whit_1405_13_one.mp4;C:\Users\esthe\Downloads\white line 14 _\Whit_1405_14_one.mp4;C:\Users\esthe\Downloads\white line 14 _\Whit_1405_15_onehalf.mp4;C:\Users\esthe\Downloads\white line 14 _\Whit_1405_16_seven.mp4;C:\Users\esthe\Downloads\white line 14 _\Whit_1405_17_onehalf.mp4;C:\Users\esthe\Downloads\white line 14 _\Whit_1405_18_onehalf.mp4;C:\Users\esthe\Downloads\white line 14 _\Whit_1405_3_five.mp4;C:\Users\esthe\Downloads\white line 14 _\Whit_1405_4_control.mp4;C:\Users\esthe\Downloads\white line 14 _\Whit_1405_5_five.mp4;C:\Users\esthe\Downloads\white line 14 _\Whit_1405_6_seven.mp4;C:\Users\esthe\Downloads\white line 14 _\Whit_1405_7_one.mp4;C:\Users\esthe\Downloads\white line 14 _\Whit_1405_8_onehalf.mp4,0.0,11.970;18.573;4.934;13.001;10.534;8.124;25.795;6.863;16.327;16.565;11.462;7.933;12.699;6.966;16.101,30.000;30.000;30.000;30.000;30.000;24.000;24.000;30.000;30.000;30.000;30.000;30.000;30.000;30.000;30.000,Whiteline,pause,,,STOP,150.575,C:\Users\esthe\Downloads\white line 14 _\Whit_1405_5_five.mp4,193,NA,
whit_1405,2025-06-13 17:07:23.790,,187.239,Media file(s),player #1:C:\Users\esthe\Downloads\white line 14 _\Whit_1405_10_three.mp4;C:\Users\esthe\Downloads\white line 14 _\Whit_1405_11_onehalf.mp4;C:\Users\esthe\Downloads\white line 14 _\Whit_1405_12_two.mp4;C:\Users\esthe\Downloads\white line 14 _\Whit_1405_13_one.mp4;C:\Users\esthe\Downloads\white line 14 _\Whit_1405_14_one.mp4;C:\Users\esthe\Downloads\white line 14 _\Whit_1405_15_onehalf.mp4;C:\Users\esthe\Downloads\white line 14 _\Whit_1405_16_seven.mp4;C:\Users\esthe\Downloads\white line 14 _\Whit_1405_17_onehalf.mp4;C:\Users\esthe\Downloads\white line 14 _\Whit_1405_18_onehalf.mp4;C:\Users\esthe\Downloads\white line 14 _\Whit_1405_3_five.mp4;C:\Users\esthe\Downloads\white line 14 _\Whit_1405_4_control.mp4;C:\Users\esthe\Downloads\white line 14 _\Whit_1405_5_five.mp4;C:\Users\esthe\Downloads\white line 14 _\Whit_1405_6_seven.mp4;C:\Users\esthe\Downloads\white line 14 _\Whit_1405_7_one.mp4;C:\Users\esthe\Downloads\white line 14 _\Whit_1405_8_onehalf.mp4,0.0,11.970;18.573;4.934;13.001;10.534;8.124;25.795;6.863;16.327;16.565;11.462;7.933;12.699;6.966;16.101,30.000;30.000;30.000;30.000;30.000;24.000;24.000;30.000;30.000;30.000;30.000;30.000;30.000;30.000;30.000,Whiteline,target,,,STOP,152.008,C:\Users\esthe\Downloads\white line 14 _\Whit_1405_5_five.mp4,236,NA,
whit_1405,2025-06-13 17:07:23.790,,187.239,Media file(s),player #1:C:\Users\esthe\Downloads\white line 14 _\Whit_1405_10_three.mp4;C:\Users\esthe\Downloads\white line 14 _\Whit_1405_11_onehalf.mp4;C:\Users\esthe\Downloads\white line 14 _\Whit_1405_12_two.mp4;C:\Users\esthe\Downloads\white line 14 _\Whit_1405_13_one.mp4;C:\Users\esthe\Downloads\white line 14 _\Whit_1405_14_one.mp4;C:\Users\esthe\Downloads\white line 14 _\Whit_1405_15_onehalf.mp4;C:\Users\esthe\Downloads\white line 14 _\Whit_1405_16_seven.mp4;C:\Users\esthe\Downloads\white line 14 _\Whit_1405_17_onehalf.mp4;C:\Users\esthe\Downloads\white line 14 _\Whit_1405_18_onehalf.mp4;C:\Users\esthe\Downloads\white line 14 _\Whit_1405_3_five.mp4;C:\Users\esthe\Downloads\white line 14 _\Whit_1405_4_control.mp4;C:\Users\esthe\Downloads\white line 14 _\Whit_1405_5_five.mp4;C:\Users\esthe\Downloads\white line 14 _\Whit_1405_6_seven.mp4;C:\Users\esthe\Downloads\white line 14 _\Whit_1405_7_one.mp4;C:\Users\esthe\Downloads\white line 14 _\Whit_1405_8_onehalf.mp4,0.0,11.970;18.573;4.934;13.001;10.534;8.124;25.795;6.863;16.327;16.565;11.462;7.933;12.699;6.966;16.101,30.000;30.000;30.000;30.000;30.000;24.000;24.000;30.000;30.000;30.000;30.000;30.000;30.000;30.000;30.000,Whiteline,explore,,,START,152.142,C:\Users\esthe\Downloads\white line 14 _\Whit_1405_6_seven.mp4,2,NA,
whit_1405,2025-06-13 17:07:23.790,,187.239,Media file(s),player #1:C:\Users\esthe\Downloads\white line 14 _\Whit_1405_10_three.mp4;C:\Users\esthe\Downloads\white line 14 _\Whit_1405_11_onehalf.mp4;C:\Users\esthe\Downloads\white line 14 _\Whit_1405_12_two.mp4;C:\Users\esthe\Downloads\white line 14 _\Whit_1405_13_one.mp4;C:\Users\esthe\Downloads\white line 14 _\Whit_1405_14_one.mp4;C:\Users\esthe\Downloads\white line 14 _\Whit_1405_15_onehalf.mp4;C:\Users\esthe\Downloads\white line 14 _\Whit_1405_16_seven.mp4;C:\Users\esthe\Downloads\white line 14 _\Whit_1405_17_onehalf.mp4;C:\Users\esthe\Downloads\white line 14 _\Whit_1405_18_onehalf.mp4;C:\Users\esthe\Downloads\white line 14 _\Whit_1405_3_five.mp4;C:\Users\esthe\Downloads\white line 14 _\Whit_1405_4_control.mp4;C:\Users\esthe\Downloads\white line 14 _\Whit_1405_5_five.mp4;C:\Users\esthe\Downloads\white line 14 _\Whit_1405_6_seven.mp4;C:\Users\esthe\Downloads\white line 14 _\Whit_1405_7_one.mp4;C:\Users\esthe\Downloads\white line 14 _\Whit_1405_8_onehalf.mp4,0.0,11.970;18.573;4.934;13.001;10.534;8.124;25.795;6.863;16.327;16.565;11.462;7.933;12.699;6.966;16.101,30.000;30.000;30.000;30.000;30.000;24.000;24.000;30.000;30.000;30.000;30.000;30.000;30.000;30.000;30.000,Whiteline,explore,,,STOP,153.673,C:\Users\esthe\Downloads\white line 14 _\Whit_1405_6_seven.mp4,48,NA,
whit_1405,2025-06-13 17:07:23.790,,187.239,Media file(s),player #1:C:\Users\esthe\Downloads\white line 14 _\Whit_1405_10_three.mp4;C:\Users\esthe\Downloads\white line 14 _\Whit_1405_11_onehalf.mp4;C:\Users\esthe\Downloads\white line 14 _\Whit_1405_12_two.mp4;C:\Users\esthe\Downloads\white line 14 _\Whit_1405_13_one.mp4;C:\Users\esthe\Downloads\white line 14 _\Whit_1405_14_one.mp4;C:\Users\esthe\Downloads\white line 14 _\Whit_1405_15_onehalf.mp4;C:\Users\esthe\Downloads\white line 14 _\Whit_1405_16_seven.mp4;C:\Users\esthe\Downloads\white line 14 _\Whit_1405_17_onehalf.mp4;C:\Users\esthe\Downloads\white line 14 _\Whit_1405_18_onehalf.mp4;C:\Users\esthe\Downloads\white line 14 _\Whit_1405_3_five.mp4;C:\Users\esthe\Downloads\white line 14 _\Whit_1405_4_control.mp4;C:\Users\esthe\Downloads\white line 14 _\Whit_1405_5_five.mp4;C:\Users\esthe\Downloads\white line 14 _\Whit_1405_6_seven.mp4;C:\Users\esthe\Downloads\white line 14 _\Whit_1405_7_one.mp4;C:\Users\esthe\Downloads\white line 14 _\Whit_1405_8_onehalf.mp4,0.0,11.970;18.573;4.934;13.001;10.534;8.124;25.795;6.863;16.327;16.565;11.462;7.933;12.699;6.966;16.101,30.000;30.000;30.000;30.000;30.000;24.000;24.000;30.000;30.000;30.000;30.000;30.000;30.000;30.000;30.000,Whiteline,bending,,,START,154.206,C:\Users\esthe\Downloads\white line 14 _\Whit_1405_6_seven.mp4,64,NA,
whit_1405,2025-06-13 17:07:23.790,,187.239,Media file(s),player #1:C:\Users\esthe\Downloads\white line 14 _\Whit_1405_10_three.mp4;C:\Users\esthe\Downloads\white line 14 _\Whit_1405_11_onehalf.mp4;C:\Users\esthe\Downloads\white line 14 _\Whit_1405_12_two.mp4;C:\Users\esthe\Downloads\white line 14 _\Whit_1405_13_one.mp4;C:\Users\esthe\Downloads\white line 14 _\Whit_1405_14_one.mp4;C:\Users\esthe\Downloads\white line 14 _\Whit_1405_15_onehalf.mp4;C:\Users\esthe\Downloads\white line 14 _\Whit_1405_16_seven.mp4;C:\Users\esthe\Downloads\white line 14 _\Whit_1405_17_onehalf.mp4;C:\Users\esthe\Downloads\white line 14 _\Whit_1405_18_onehalf.mp4;C:\Users\esthe\Downloads\white line 14 _\Whit_1405_3_five.mp4;C:\Users\esthe\Downloads\white line 14 _\Whit_1405_4_control.mp4;C:\Users\esthe\Downloads\white line 14 _\Whit_1405_5_five.mp4;C:\Users\esthe\Downloads\white line 14 _\Whit_1405_6_seven.mp4;C:\Users\esthe\Downloads\white line 14 _\Whit_1405_7_one.mp4;C:\Users\esthe\Downloads\white line 14 _\Whit_1405_8_onehalf.mp4,0.0,11.970;18.573;4.934;13.001;10.534;8.124;25.795;6.863;16.327;16.565;11.462;7.933;12.699;6.966;16.101,30.000;30.000;30.000;30.000;30.000;24.000;24.000;30.000;30.000;30.000;30.000;30.000;30.000;30.000;30.000,Whiteline,grabbing peanut,,,POINT,154.673,C:\Users\esthe\Downloads\white line 14 _\Whit_1405_6_seven.mp4,78,NA,
whit_1405,2025-06-13 17:07:23.790,,187.239,Media file(s),player #1:C:\Users\esthe\Downloads\white line 14 _\Whit_1405_10_three.mp4;C:\Users\esthe\Downloads\white line 14 _\Whit_1405_11_onehalf.mp4;C:\Users\esthe\Downloads\white line 14 _\Whit_1405_12_two.mp4;C:\Users\esthe\Downloads\white line 14 _\Whit_1405_13_one.mp4;C:\Users\esthe\Downloads\white line 14 _\Whit_1405_14_one.mp4;C:\Users\esthe\Downloads\white line 14 _\Whit_1405_15_onehalf.mp4;C:\Users\esthe\Downloads\white line 14 _\Whit_1405_16_seven.mp4;C:\Users\esthe\Downloads\white line 14 _\Whit_1405_17_onehalf.mp4;C:\Users\esthe\Downloads\white line 14 _\Whit_1405_18_onehalf.mp4;C:\Users\esthe\Downloads\white line 14 _\Whit_1405_3_five.mp4;C:\Users\esthe\Downloads\white line 14 _\Whit_1405_4_control.mp4;C:\Users\esthe\Downloads\white line 14 _\Whit_1405_5_five.mp4;C:\Users\esthe\Downloads\white line 14 _\Whit_1405_6_seven.mp4;C:\Users\esthe\Downloads\white line 14 _\Whit_1405_7_one.mp4;C:\Users\esthe\Downloads\white line 14 _\Whit_1405_8_onehalf.mp4,0.0,11.970;18.573;4.934;13.001;10.534;8.124;25.795;6.863;16.327;16.565;11.462;7.933;12.699;6.966;16.101,30.000;30.000;30.000;30.000;30.000;24.000;24.000;30.000;30.000;30.000;30.000;30.000;30.000;30.000;30.000,Whiteline,bending,,,STOP,154.706,C:\Users\esthe\Downloads\white line 14 _\Whit_1405_6_seven.mp4,79,NA,
whit_1405,2025-06-13 17:07:23.790,,187.239,Media file(s),player #1:C:\Users\esthe\Downloads\white line 14 _\Whit_1405_10_three.mp4;C:\Users\esthe\Downloads\white line 14 _\Whit_1405_11_onehalf.mp4;C:\Users\esthe\Downloads\white line 14 _\Whit_1405_12_two.mp4;C:\Users\esthe\Downloads\white line 14 _\Whit_1405_13_one.mp4;C:\Users\esthe\Downloads\white line 14 _\Whit_1405_14_one.mp4;C:\Users\esthe\Downloads\white line 14 _\Whit_1405_15_onehalf.mp4;C:\Users\esthe\Downloads\white line 14 _\Whit_1405_16_seven.mp4;C:\Users\esthe\Downloads\white line 14 _\Whit_1405_17_onehalf.mp4;C:\Users\esthe\Downloads\white line 14 _\Whit_1405_18_onehalf.mp4;C:\Users\esthe\Downloads\white line 14 _\Whit_1405_3_five.mp4;C:\Users\esthe\Downloads\white line 14 _\Whit_1405_4_control.mp4;C:\Users\esthe\Downloads\white line 14 _\Whit_1405_5_five.mp4;C:\Users\esthe\Downloads\white line 14 _\Whit_1405_6_seven.mp4;C:\Users\esthe\Downloads\white line 14 _\Whit_1405_7_one.mp4;C:\Users\esthe\Downloads\white line 14 _\Whit_1405_8_onehalf.mp4,0.0,11.970;18.573;4.934;13.001;10.534;8.124;25.795;6.863;16.327;16.565;11.462;7.933;12.699;6.966;16.101,30.000;30.000;30.000;30.000;30.000;24.000;24.000;30.000;30.000;30.000;30.000;30.000;30.000;30.000;30.000,Whiteline,lifting,,,START,154.740,C:\Users\esthe\Downloads\white line 14 _\Whit_1405_6_seven.mp4,80,NA,
whit_1405,2025-06-13 17:07:23.790,,187.239,Media file(s),player #1:C:\Users\esthe\Downloads\white line 14 _\Whit_1405_10_three.mp4;C:\Users\esthe\Downloads\white line 14 _\Whit_1405_11_onehalf.mp4;C:\Users\esthe\Downloads\white line 14 _\Whit_1405_12_two.mp4;C:\Users\esthe\Downloads\white line 14 _\Whit_1405_13_one.mp4;C:\Users\esthe\Downloads\white line 14 _\Whit_1405_14_one.mp4;C:\Users\esthe\Downloads\white line 14 _\Whit_1405_15_onehalf.mp4;C:\Users\esthe\Downloads\white line 14 _\Whit_1405_16_seven.mp4;C:\Users\esthe\Downloads\white line 14 _\Whit_1405_17_onehalf.mp4;C:\Users\esthe\Downloads\white line 14 _\Whit_1405_18_onehalf.mp4;C:\Users\esthe\Downloads\white line 14 _\Whit_1405_3_five.mp4;C:\Users\esthe\Downloads\white line 14 _\Whit_1405_4_control.mp4;C:\Users\esthe\Downloads\white line 14 _\Whit_1405_5_five.mp4;C:\Users\esthe\Downloads\white line 14 _\Whit_1405_6_seven.mp4;C:\Users\esthe\Downloads\white line 14 _\Whit_1405_7_one.mp4;C:\Users\esthe\Downloads\white line 14 _\Whit_1405_8_onehalf.mp4,0.0,11.970;18.573;4.934;13.001;10.534;8.124;25.795;6.863;16.327;16.565;11.462;7.933;12.699;6.966;16.101,30.000;30.000;30.000;30.000;30.000;24.000;24.000;30.000;30.000;30.000;30.000;30.000;30.000;30.000;30.000,Whiteline,lifting,,,STOP,155.006,C:\Users\esthe\Downloads\white line 14 _\Whit_1405_6_seven.mp4,88,NA,
whit_1405,2025-06-13 17:07:23.790,,187.239,Media file(s),player #1:C:\Users\esthe\Downloads\white line 14 _\Whit_1405_10_three.mp4;C:\Users\esthe\Downloads\white line 14 _\Whit_1405_11_onehalf.mp4;C:\Users\esthe\Downloads\white line 14 _\Whit_1405_12_two.mp4;C:\Users\esthe\Downloads\white line 14 _\Whit_1405_13_one.mp4;C:\Users\esthe\Downloads\white line 14 _\Whit_1405_14_one.mp4;C:\Users\esthe\Downloads\white line 14 _\Whit_1405_15_onehalf.mp4;C:\Users\esthe\Downloads\white line 14 _\Whit_1405_16_seven.mp4;C:\Users\esthe\Downloads\white line 14 _\Whit_1405_17_onehalf.mp4;C:\Users\esthe\Downloads\white line 14 _\Whit_1405_18_onehalf.mp4;C:\Users\esthe\Downloads\white line 14 _\Whit_1405_3_five.mp4;C:\Users\esthe\Downloads\white line 14 _\Whit_1405_4_control.mp4;C:\Users\esthe\Downloads\white line 14 _\Whit_1405_5_five.mp4;C:\Users\esthe\Downloads\white line 14 _\Whit_1405_6_seven.mp4;C:\Users\esthe\Downloads\white line 14 _\Whit_1405_7_one.mp4;C:\Users\esthe\Downloads\white line 14 _\Whit_1405_8_onehalf.mp4,0.0,11.970;18.573;4.934;13.001;10.534;8.124;25.795;6.863;16.327;16.565;11.462;7.933;12.699;6.966;16.101,30.000;30.000;30.000;30.000;30.000;24.000;24.000;30.000;30.000;30.000;30.000;30.000;30.000;30.000;30.000,Whiteline,target,,,START,155.340,C:\Users\esthe\Downloads\white line 14 _\Whit_1405_6_seven.mp4,98,NA,
whit_1405,2025-06-13 17:07:23.790,,187.239,Media file(s),player #1:C:\Users\esthe\Downloads\white line 14 _\Whit_1405_10_three.mp4;C:\Users\esthe\Downloads\white line 14 _\Whit_1405_11_onehalf.mp4;C:\Users\esthe\Downloads\white line 14 _\Whit_1405_12_two.mp4;C:\Users\esthe\Downloads\white line 14 _\Whit_1405_13_one.mp4;C:\Users\esthe\Downloads\white line 14 _\Whit_1405_14_one.mp4;C:\Users\esthe\Downloads\white line 14 _\Whit_1405_15_onehalf.mp4;C:\Users\esthe\Downloads\white line 14 _\Whit_1405_16_seven.mp4;C:\Users\esthe\Downloads\white line 14 _\Whit_1405_17_onehalf.mp4;C:\Users\esthe\Downloads\white line 14 _\Whit_1405_18_onehalf.mp4;C:\Users\esthe\Downloads\white line 14 _\Whit_1405_3_five.mp4;C:\Users\esthe\Downloads\white line 14 _\Whit_1405_4_control.mp4;C:\Users\esthe\Downloads\white line 14 _\Whit_1405_5_five.mp4;C:\Users\esthe\Downloads\white line 14 _\Whit_1405_6_seven.mp4;C:\Users\esthe\Downloads\white line 14 _\Whit_1405_7_one.mp4;C:\Users\esthe\Downloads\white line 14 _\Whit_1405_8_onehalf.mp4,0.0,11.970;18.573;4.934;13.001;10.534;8.124;25.795;6.863;16.327;16.565;11.462;7.933;12.699;6.966;16.101,30.000;30.000;30.000;30.000;30.000;24.000;24.000;30.000;30.000;30.000;30.000;30.000;30.000;30.000;30.000,Whiteline,pause,,,START,157.173,C:\Users\esthe\Downloads\white line 14 _\Whit_1405_6_seven.mp4,153,NA,
whit_1405,2025-06-13 17:07:23.790,,187.239,Media file(s),player #1:C:\Users\esthe\Downloads\white line 14 _\Whit_1405_10_three.mp4;C:\Users\esthe\Downloads\white line 14 _\Whit_1405_11_onehalf.mp4;C:\Users\esthe\Downloads\white line 14 _\Whit_1405_12_two.mp4;C:\Users\esthe\Downloads\white line 14 _\Whit_1405_13_one.mp4;C:\Users\esthe\Downloads\white line 14 _\Whit_1405_14_one.mp4;C:\Users\esthe\Downloads\white line 14 _\Whit_1405_15_onehalf.mp4;C:\Users\esthe\Downloads\white line 14 _\Whit_1405_16_seven.mp4;C:\Users\esthe\Downloads\white line 14 _\Whit_1405_17_onehalf.mp4;C:\Users\esthe\Downloads\white line 14 _\Whit_1405_18_onehalf.mp4;C:\Users\esthe\Downloads\white line 14 _\Whit_1405_3_five.mp4;C:\Users\esthe\Downloads\white line 14 _\Whit_1405_4_control.mp4;C:\Users\esthe\Downloads\white line 14 _\Whit_1405_5_five.mp4;C:\Users\esthe\Downloads\white line 14 _\Whit_1405_6_seven.mp4;C:\Users\esthe\Downloads\white line 14 _\Whit_1405_7_one.mp4;C:\Users\esthe\Downloads\white line 14 _\Whit_1405_8_onehalf.mp4,0.0,11.970;18.573;4.934;13.001;10.534;8.124;25.795;6.863;16.327;16.565;11.462;7.933;12.699;6.966;16.101,30.000;30.000;30.000;30.000;30.000;24.000;24.000;30.000;30.000;30.000;30.000;30.000;30.000;30.000;30.000,Whiteline,pause,,,STOP,158.040,C:\Users\esthe\Downloads\white line 14 _\Whit_1405_6_seven.mp4,179,NA,
whit_1405,2025-06-13 17:07:23.790,,187.239,Media file(s),player #1:C:\Users\esthe\Downloads\white line 14 _\Whit_1405_10_three.mp4;C:\Users\esthe\Downloads\white line 14 _\Whit_1405_11_onehalf.mp4;C:\Users\esthe\Downloads\white line 14 _\Whit_1405_12_two.mp4;C:\Users\esthe\Downloads\white line 14 _\Whit_1405_13_one.mp4;C:\Users\esthe\Downloads\white line 14 _\Whit_1405_14_one.mp4;C:\Users\esthe\Downloads\white line 14 _\Whit_1405_15_onehalf.mp4;C:\Users\esthe\Downloads\white line 14 _\Whit_1405_16_seven.mp4;C:\Users\esthe\Downloads\white line 14 _\Whit_1405_17_onehalf.mp4;C:\Users\esthe\Downloads\white line 14 _\Whit_1405_18_onehalf.mp4;C:\Users\esthe\Downloads\white line 14 _\Whit_1405_3_five.mp4;C:\Users\esthe\Downloads\white line 14 _\Whit_1405_4_control.mp4;C:\Users\esthe\Downloads\white line 14 _\Whit_1405_5_five.mp4;C:\Users\esthe\Downloads\white line 14 _\Whit_1405_6_seven.mp4;C:\Users\esthe\Downloads\white line 14 _\Whit_1405_7_one.mp4;C:\Users\esthe\Downloads\white line 14 _\Whit_1405_8_onehalf.mp4,0.0,11.970;18.573;4.934;13.001;10.534;8.124;25.795;6.863;16.327;16.565;11.462;7.933;12.699;6.966;16.101,30.000;30.000;30.000;30.000;30.000;24.000;24.000;30.000;30.000;30.000;30.000;30.000;30.000;30.000;30.000,Whiteline,target,,,STOP,163.207,C:\Users\esthe\Downloads\white line 14 _\Whit_1405_6_seven.mp4,334,NA,
whit_1405,2025-06-13 17:07:23.790,,187.239,Media file(s),player #1:C:\Users\esthe\Downloads\white line 14 _\Whit_1405_10_three.mp4;C:\Users\esthe\Downloads\white line 14 _\Whit_1405_11_onehalf.mp4;C:\Users\esthe\Downloads\white line 14 _\Whit_1405_12_two.mp4;C:\Users\esthe\Downloads\white line 14 _\Whit_1405_13_one.mp4;C:\Users\esthe\Downloads\white line 14 _\Whit_1405_14_one.mp4;C:\Users\esthe\Downloads\white line 14 _\Whit_1405_15_onehalf.mp4;C:\Users\esthe\Downloads\white line 14 _\Whit_1405_16_seven.mp4;C:\Users\esthe\Downloads\white line 14 _\Whit_1405_17_onehalf.mp4;C:\Users\esthe\Downloads\white line 14 _\Whit_1405_18_onehalf.mp4;C:\Users\esthe\Downloads\white line 14 _\Whit_1405_3_five.mp4;C:\Users\esthe\Downloads\white line 14 _\Whit_1405_4_control.mp4;C:\Users\esthe\Downloads\white line 14 _\Whit_1405_5_five.mp4;C:\Users\esthe\Downloads\white line 14 _\Whit_1405_6_seven.mp4;C:\Users\esthe\Downloads\white line 14 _\Whit_1405_7_one.mp4;C:\Users\esthe\Downloads\white line 14 _\Whit_1405_8_onehalf.mp4,0.0,11.970;18.573;4.934;13.001;10.534;8.124;25.795;6.863;16.327;16.565;11.462;7.933;12.699;6.966;16.101,30.000;30.000;30.000;30.000;30.000;24.000;24.000;30.000;30.000;30.000;30.000;30.000;30.000;30.000;30.000,Whiteline,digging,,,START,163.507,C:\Users\esthe\Downloads\white line 14 _\Whit_1405_6_seven.mp4,343,NA,
whit_1405,2025-06-13 17:07:23.790,,187.239,Media file(s),player #1:C:\Users\esthe\Downloads\white line 14 _\Whit_1405_10_three.mp4;C:\Users\esthe\Downloads\white line 14 _\Whit_1405_11_onehalf.mp4;C:\Users\esthe\Downloads\white line 14 _\Whit_1405_12_two.mp4;C:\Users\esthe\Downloads\white line 14 _\Whit_1405_13_one.mp4;C:\Users\esthe\Downloads\white line 14 _\Whit_1405_14_one.mp4;C:\Users\esthe\Downloads\white line 14 _\Whit_1405_15_onehalf.mp4;C:\Users\esthe\Downloads\white line 14 _\Whit_1405_16_seven.mp4;C:\Users\esthe\Downloads\white line 14 _\Whit_1405_17_onehalf.mp4;C:\Users\esthe\Downloads\white line 14 _\Whit_1405_18_onehalf.mp4;C:\Users\esthe\Downloads\white line 14 _\Whit_1405_3_five.mp4;C:\Users\esthe\Downloads\white line 14 _\Whit_1405_4_control.mp4;C:\Users\esthe\Downloads\white line 14 _\Whit_1405_5_five.mp4;C:\Users\esthe\Downloads\white line 14 _\Whit_1405_6_seven.mp4;C:\Users\esthe\Downloads\white line 14 _\Whit_1405_7_one.mp4;C:\Users\esthe\Downloads\white line 14 _\Whit_1405_8_onehalf.mp4,0.0,11.970;18.573;4.934;13.001;10.534;8.124;25.795;6.863;16.327;16.565;11.462;7.933;12.699;6.966;16.101,30.000;30.000;30.000;30.000;30.000;24.000;24.000;30.000;30.000;30.000;30.000;30.000;30.000;30.000;30.000,Whiteline,digging,,,STOP,164.340,C:\Users\esthe\Downloads\white line 14 _\Whit_1405_6_seven.mp4,368,NA,
whit_1405,2025-06-13 17:07:23.790,,187.239,Media file(s),player #1:C:\Users\esthe\Downloads\white line 14 _\Whit_1405_10_three.mp4;C:\Users\esthe\Downloads\white line 14 _\Whit_1405_11_onehalf.mp4;C:\Users\esthe\Downloads\white line 14 _\Whit_1405_12_two.mp4;C:\Users\esthe\Downloads\white line 14 _\Whit_1405_13_one.mp4;C:\Users\esthe\Downloads\white line 14 _\Whit_1405_14_one.mp4;C:\Users\esthe\Downloads\white line 14 _\Whit_1405_15_onehalf.mp4;C:\Users\esthe\Downloads\white line 14 _\Whit_1405_16_seven.mp4;C:\Users\esthe\Downloads\white line 14 _\Whit_1405_17_onehalf.mp4;C:\Users\esthe\Downloads\white line 14 _\Whit_1405_18_onehalf.mp4;C:\Users\esthe\Downloads\white line 14 _\Whit_1405_3_five.mp4;C:\Users\esthe\Downloads\white line 14 _\Whit_1405_4_control.mp4;C:\Users\esthe\Downloads\white line 14 _\Whit_1405_5_five.mp4;C:\Users\esthe\Downloads\white line 14 _\Whit_1405_6_seven.mp4;C:\Users\esthe\Downloads\white line 14 _\Whit_1405_7_one.mp4;C:\Users\esthe\Downloads\white line 14 _\Whit_1405_8_onehalf.mp4,0.0,11.970;18.573;4.934;13.001;10.534;8.124;25.795;6.863;16.327;16.565;11.462;7.933;12.699;6.966;16.101,30.000;30.000;30.000;30.000;30.000;24.000;24.000;30.000;30.000;30.000;30.000;30.000;30.000;30.000;30.000,Whiteline,target,,,START,164.340,C:\Users\esthe\Downloads\white line 14 _\Whit_1405_6_seven.mp4,368,NA,
whit_1405,2025-06-13 17:07:23.790,,187.239,Media file(s),player #1:C:\Users\esthe\Downloads\white line 14 _\Whit_1405_10_three.mp4;C:\Users\esthe\Downloads\white line 14 _\Whit_1405_11_onehalf.mp4;C:\Users\esthe\Downloads\white line 14 _\Whit_1405_12_two.mp4;C:\Users\esthe\Downloads\white line 14 _\Whit_1405_13_one.mp4;C:\Users\esthe\Downloads\white line 14 _\Whit_1405_14_one.mp4;C:\Users\esthe\Downloads\white line 14 _\Whit_1405_15_onehalf.mp4;C:\Users\esthe\Downloads\white line 14 _\Whit_1405_16_seven.mp4;C:\Users\esthe\Downloads\white line 14 _\Whit_1405_17_onehalf.mp4;C:\Users\esthe\Downloads\white line 14 _\Whit_1405_18_onehalf.mp4;C:\Users\esthe\Downloads\white line 14 _\Whit_1405_3_five.mp4;C:\Users\esthe\Downloads\white line 14 _\Whit_1405_4_control.mp4;C:\Users\esthe\Downloads\white line 14 _\Whit_1405_5_five.mp4;C:\Users\esthe\Downloads\white line 14 _\Whit_1405_6_seven.mp4;C:\Users\esthe\Downloads\white line 14 _\Whit_1405_7_one.mp4;C:\Users\esthe\Downloads\white line 14 _\Whit_1405_8_onehalf.mp4,0.0,11.970;18.573;4.934;13.001;10.534;8.124;25.795;6.863;16.327;16.565;11.462;7.933;12.699;6.966;16.101,30.000;30.000;30.000;30.000;30.000;24.000;24.000;30.000;30.000;30.000;30.000;30.000;30.000;30.000;30.000,Whiteline,target,,,STOP,164.707,C:\Users\esthe\Downloads\white line 14 _\Whit_1405_6_seven.mp4,379,NA,
whit_1405,2025-06-13 17:07:23.790,,187.239,Media file(s),player #1:C:\Users\esthe\Downloads\white line 14 _\Whit_1405_10_three.mp4;C:\Users\esthe\Downloads\white line 14 _\Whit_1405_11_onehalf.mp4;C:\Users\esthe\Downloads\white line 14 _\Whit_1405_12_two.mp4;C:\Users\esthe\Downloads\white line 14 _\Whit_1405_13_one.mp4;C:\Users\esthe\Downloads\white line 14 _\Whit_1405_14_one.mp4;C:\Users\esthe\Downloads\white line 14 _\Whit_1405_15_onehalf.mp4;C:\Users\esthe\Downloads\white line 14 _\Whit_1405_16_seven.mp4;C:\Users\esthe\Downloads\white line 14 _\Whit_1405_17_onehalf.mp4;C:\Users\esthe\Downloads\white line 14 _\Whit_1405_18_onehalf.mp4;C:\Users\esthe\Downloads\white line 14 _\Whit_1405_3_five.mp4;C:\Users\esthe\Downloads\white line 14 _\Whit_1405_4_control.mp4;C:\Users\esthe\Downloads\white line 14 _\Whit_1405_5_five.mp4;C:\Users\esthe\Downloads\white line 14 _\Whit_1405_6_seven.mp4;C:\Users\esthe\Downloads\white line 14 _\Whit_1405_7_one.mp4;C:\Users\esthe\Downloads\white line 14 _\Whit_1405_8_onehalf.mp4,0.0,11.970;18.573;4.934;13.001;10.534;8.124;25.795;6.863;16.327;16.565;11.462;7.933;12.699;6.966;16.101,30.000;30.000;30.000;30.000;30.000;24.000;24.000;30.000;30.000;30.000;30.000;30.000;30.000;30.000;30.000,Whiteline,assessing,,,START,165.073,C:\Users\esthe\Downloads\white line 14 _\Whit_1405_7_one.mp4,9,NA,
whit_1405,2025-06-13 17:07:23.790,,187.239,Media file(s),player #1:C:\Users\esthe\Downloads\white line 14 _\Whit_1405_10_three.mp4;C:\Users\esthe\Downloads\white line 14 _\Whit_1405_11_onehalf.mp4;C:\Users\esthe\Downloads\white line 14 _\Whit_1405_12_two.mp4;C:\Users\esthe\Downloads\white line 14 _\Whit_1405_13_one.mp4;C:\Users\esthe\Downloads\white line 14 _\Whit_1405_14_one.mp4;C:\Users\esthe\Downloads\white line 14 _\Whit_1405_15_onehalf.mp4;C:\Users\esthe\Downloads\white line 14 _\Whit_1405_16_seven.mp4;C:\Users\esthe\Downloads\white line 14 _\Whit_1405_17_onehalf.mp4;C:\Users\esthe\Downloads\white line 14 _\Whit_1405_18_onehalf.mp4;C:\Users\esthe\Downloads\white line 14 _\Whit_1405_3_five.mp4;C:\Users\esthe\Downloads\white line 14 _\Whit_1405_4_control.mp4;C:\Users\esthe\Downloads\white line 14 _\Whit_1405_5_five.mp4;C:\Users\esthe\Downloads\white line 14 _\Whit_1405_6_seven.mp4;C:\Users\esthe\Downloads\white line 14 _\Whit_1405_7_one.mp4;C:\Users\esthe\Downloads\white line 14 _\Whit_1405_8_onehalf.mp4,0.0,11.970;18.573;4.934;13.001;10.534;8.124;25.795;6.863;16.327;16.565;11.462;7.933;12.699;6.966;16.101,30.000;30.000;30.000;30.000;30.000;24.000;24.000;30.000;30.000;30.000;30.000;30.000;30.000;30.000;30.000,Whiteline,jaw movement,,,POINT,165.140,C:\Users\esthe\Downloads\white line 14 _\Whit_1405_7_one.mp4,11,NA,
whit_1405,2025-06-13 17:07:23.790,,187.239,Media file(s),player #1:C:\Users\esthe\Downloads\white line 14 _\Whit_1405_10_three.mp4;C:\Users\esthe\Downloads\white line 14 _\Whit_1405_11_onehalf.mp4;C:\Users\esthe\Downloads\white line 14 _\Whit_1405_12_two.mp4;C:\Users\esthe\Downloads\white line 14 _\Whit_1405_13_one.mp4;C:\Users\esthe\Downloads\white line 14 _\Whit_1405_14_one.mp4;C:\Users\esthe\Downloads\white line 14 _\Whit_1405_15_onehalf.mp4;C:\Users\esthe\Downloads\white line 14 _\Whit_1405_16_seven.mp4;C:\Users\esthe\Downloads\white line 14 _\Whit_1405_17_onehalf.mp4;C:\Users\esthe\Downloads\white line 14 _\Whit_1405_18_onehalf.mp4;C:\Users\esthe\Downloads\white line 14 _\Whit_1405_3_five.mp4;C:\Users\esthe\Downloads\white line 14 _\Whit_1405_4_control.mp4;C:\Users\esthe\Downloads\white line 14 _\Whit_1405_5_five.mp4;C:\Users\esthe\Downloads\white line 14 _\Whit_1405_6_seven.mp4;C:\Users\esthe\Downloads\white line 14 _\Whit_1405_7_one.mp4;C:\Users\esthe\Downloads\white line 14 _\Whit_1405_8_onehalf.mp4,0.0,11.970;18.573;4.934;13.001;10.534;8.124;25.795;6.863;16.327;16.565;11.462;7.933;12.699;6.966;16.101,30.000;30.000;30.000;30.000;30.000;24.000;24.000;30.000;30.000;30.000;30.000;30.000;30.000;30.000;30.000,Whiteline,rotation,,Horizontal,START,165.240,C:\Users\esthe\Downloads\white line 14 _\Whit_1405_7_one.mp4,14,NA,
whit_1405,2025-06-13 17:07:23.790,,187.239,Media file(s),player #1:C:\Users\esthe\Downloads\white line 14 _\Whit_1405_10_three.mp4;C:\Users\esthe\Downloads\white line 14 _\Whit_1405_11_onehalf.mp4;C:\Users\esthe\Downloads\white line 14 _\Whit_1405_12_two.mp4;C:\Users\esthe\Downloads\white line 14 _\Whit_1405_13_one.mp4;C:\Users\esthe\Downloads\white line 14 _\Whit_1405_14_one.mp4;C:\Users\esthe\Downloads\white line 14 _\Whit_1405_15_onehalf.mp4;C:\Users\esthe\Downloads\white line 14 _\Whit_1405_16_seven.mp4;C:\Users\esthe\Downloads\white line 14 _\Whit_1405_17_onehalf.mp4;C:\Users\esthe\Downloads\white line 14 _\Whit_1405_18_onehalf.mp4;C:\Users\esthe\Downloads\white line 14 _\Whit_1405_3_five.mp4;C:\Users\esthe\Downloads\white line 14 _\Whit_1405_4_control.mp4;C:\Users\esthe\Downloads\white line 14 _\Whit_1405_5_five.mp4;C:\Users\esthe\Downloads\white line 14 _\Whit_1405_6_seven.mp4;C:\Users\esthe\Downloads\white line 14 _\Whit_1405_7_one.mp4;C:\Users\esthe\Downloads\white line 14 _\Whit_1405_8_onehalf.mp4,0.0,11.970;18.573;4.934;13.001;10.534;8.124;25.795;6.863;16.327;16.565;11.462;7.933;12.699;6.966;16.101,30.000;30.000;30.000;30.000;30.000;24.000;24.000;30.000;30.000;30.000;30.000;30.000;30.000;30.000;30.000,Whiteline,jaw movement,,,POINT,165.540,C:\Users\esthe\Downloads\white line 14 _\Whit_1405_7_one.mp4,23,NA,
whit_1405,2025-06-13 17:07:23.790,,187.239,Media file(s),player #1:C:\Users\esthe\Downloads\white line 14 _\Whit_1405_10_three.mp4;C:\Users\esthe\Downloads\white line 14 _\Whit_1405_11_onehalf.mp4;C:\Users\esthe\Downloads\white line 14 _\Whit_1405_12_two.mp4;C:\Users\esthe\Downloads\white line 14 _\Whit_1405_13_one.mp4;C:\Users\esthe\Downloads\white line 14 _\Whit_1405_14_one.mp4;C:\Users\esthe\Downloads\white line 14 _\Whit_1405_15_onehalf.mp4;C:\Users\esthe\Downloads\white line 14 _\Whit_1405_16_seven.mp4;C:\Users\esthe\Downloads\white line 14 _\Whit_1405_17_onehalf.mp4;C:\Users\esthe\Downloads\white line 14 _\Whit_1405_18_onehalf.mp4;C:\Users\esthe\Downloads\white line 14 _\Whit_1405_3_five.mp4;C:\Users\esthe\Downloads\white line 14 _\Whit_1405_4_control.mp4;C:\Users\esthe\Downloads\white line 14 _\Whit_1405_5_five.mp4;C:\Users\esthe\Downloads\white line 14 _\Whit_1405_6_seven.mp4;C:\Users\esthe\Downloads\white line 14 _\Whit_1405_7_one.mp4;C:\Users\esthe\Downloads\white line 14 _\Whit_1405_8_onehalf.mp4,0.0,11.970;18.573;4.934;13.001;10.534;8.124;25.795;6.863;16.327;16.565;11.462;7.933;12.699;6.966;16.101,30.000;30.000;30.000;30.000;30.000;24.000;24.000;30.000;30.000;30.000;30.000;30.000;30.000;30.000;30.000,Whiteline,translational jaw movement,,,POINT,166.339,C:\Users\esthe\Downloads\white line 14 _\Whit_1405_7_one.mp4,47,NA,
whit_1405,2025-06-13 17:07:23.790,,187.239,Media file(s),player #1:C:\Users\esthe\Downloads\white line 14 _\Whit_1405_10_three.mp4;C:\Users\esthe\Downloads\white line 14 _\Whit_1405_11_onehalf.mp4;C:\Users\esthe\Downloads\white line 14 _\Whit_1405_12_two.mp4;C:\Users\esthe\Downloads\white line 14 _\Whit_1405_13_one.mp4;C:\Users\esthe\Downloads\white line 14 _\Whit_1405_14_one.mp4;C:\Users\esthe\Downloads\white line 14 _\Whit_1405_15_onehalf.mp4;C:\Users\esthe\Downloads\white line 14 _\Whit_1405_16_seven.mp4;C:\Users\esthe\Downloads\white line 14 _\Whit_1405_17_onehalf.mp4;C:\Users\esthe\Downloads\white line 14 _\Whit_1405_18_onehalf.mp4;C:\Users\esthe\Downloads\white line 14 _\Whit_1405_3_five.mp4;C:\Users\esthe\Downloads\white line 14 _\Whit_1405_4_control.mp4;C:\Users\esthe\Downloads\white line 14 _\Whit_1405_5_five.mp4;C:\Users\esthe\Downloads\white line 14 _\Whit_1405_6_seven.mp4;C:\Users\esthe\Downloads\white line 14 _\Whit_1405_7_one.mp4;C:\Users\esthe\Downloads\white line 14 _\Whit_1405_8_onehalf.mp4,0.0,11.970;18.573;4.934;13.001;10.534;8.124;25.795;6.863;16.327;16.565;11.462;7.933;12.699;6.966;16.101,30.000;30.000;30.000;30.000;30.000;24.000;24.000;30.000;30.000;30.000;30.000;30.000;30.000;30.000;30.000,Whiteline,sniffing,,,POINT,166.873,C:\Users\esthe\Downloads\white line 14 _\Whit_1405_7_one.mp4,63,NA,
whit_1405,2025-06-13 17:07:23.790,,187.239,Media file(s),player #1:C:\Users\esthe\Downloads\white line 14 _\Whit_1405_10_three.mp4;C:\Users\esthe\Downloads\white line 14 _\Whit_1405_11_onehalf.mp4;C:\Users\esthe\Downloads\white line 14 _\Whit_1405_12_two.mp4;C:\Users\esthe\Downloads\white line 14 _\Whit_1405_13_one.mp4;C:\Users\esthe\Downloads\white line 14 _\Whit_1405_14_one.mp4;C:\Users\esthe\Downloads\white line 14 _\Whit_1405_15_onehalf.mp4;C:\Users\esthe\Downloads\white line 14 _\Whit_1405_16_seven.mp4;C:\Users\esthe\Downloads\white line 14 _\Whit_1405_17_onehalf.mp4;C:\Users\esthe\Downloads\white line 14 _\Whit_1405_18_onehalf.mp4;C:\Users\esthe\Downloads\white line 14 _\Whit_1405_3_five.mp4;C:\Users\esthe\Downloads\white line 14 _\Whit_1405_4_control.mp4;C:\Users\esthe\Downloads\white line 14 _\Whit_1405_5_five.mp4;C:\Users\esthe\Downloads\white line 14 _\Whit_1405_6_seven.mp4;C:\Users\esthe\Downloads\white line 14 _\Whit_1405_7_one.mp4;C:\Users\esthe\Downloads\white line 14 _\Whit_1405_8_onehalf.mp4,0.0,11.970;18.573;4.934;13.001;10.534;8.124;25.795;6.863;16.327;16.565;11.462;7.933;12.699;6.966;16.101,30.000;30.000;30.000;30.000;30.000;24.000;24.000;30.000;30.000;30.000;30.000;30.000;30.000;30.000;30.000,Whiteline,jaw movement,,,POINT,167.239,C:\Users\esthe\Downloads\white line 14 _\Whit_1405_7_one.mp4,74,NA,
whit_1405,2025-06-13 17:07:23.790,,187.239,Media file(s),player #1:C:\Users\esthe\Downloads\white line 14 _\Whit_1405_10_three.mp4;C:\Users\esthe\Downloads\white line 14 _\Whit_1405_11_onehalf.mp4;C:\Users\esthe\Downloads\white line 14 _\Whit_1405_12_two.mp4;C:\Users\esthe\Downloads\white line 14 _\Whit_1405_13_one.mp4;C:\Users\esthe\Downloads\white line 14 _\Whit_1405_14_one.mp4;C:\Users\esthe\Downloads\white line 14 _\Whit_1405_15_onehalf.mp4;C:\Users\esthe\Downloads\white line 14 _\Whit_1405_16_seven.mp4;C:\Users\esthe\Downloads\white line 14 _\Whit_1405_17_onehalf.mp4;C:\Users\esthe\Downloads\white line 14 _\Whit_1405_18_onehalf.mp4;C:\Users\esthe\Downloads\white line 14 _\Whit_1405_3_five.mp4;C:\Users\esthe\Downloads\white line 14 _\Whit_1405_4_control.mp4;C:\Users\esthe\Downloads\white line 14 _\Whit_1405_5_five.mp4;C:\Users\esthe\Downloads\white line 14 _\Whit_1405_6_seven.mp4;C:\Users\esthe\Downloads\white line 14 _\Whit_1405_7_one.mp4;C:\Users\esthe\Downloads\white line 14 _\Whit_1405_8_onehalf.mp4,0.0,11.970;18.573;4.934;13.001;10.534;8.124;25.795;6.863;16.327;16.565;11.462;7.933;12.699;6.966;16.101,30.000;30.000;30.000;30.000;30.000;24.000;24.000;30.000;30.000;30.000;30.000;30.000;30.000;30.000;30.000,Whiteline,jaw movement,,,POINT,167.506,C:\Users\esthe\Downloads\white line 14 _\Whit_1405_7_one.mp4,82,NA,
whit_1405,2025-06-13 17:07:23.790,,187.239,Media file(s),player #1:C:\Users\esthe\Downloads\white line 14 _\Whit_1405_10_three.mp4;C:\Users\esthe\Downloads\white line 14 _\Whit_1405_11_onehalf.mp4;C:\Users\esthe\Downloads\white line 14 _\Whit_1405_12_two.mp4;C:\Users\esthe\Downloads\white line 14 _\Whit_1405_13_one.mp4;C:\Users\esthe\Downloads\white line 14 _\Whit_1405_14_one.mp4;C:\Users\esthe\Downloads\white line 14 _\Whit_1405_15_onehalf.mp4;C:\Users\esthe\Downloads\white line 14 _\Whit_1405_16_seven.mp4;C:\Users\esthe\Downloads\white line 14 _\Whit_1405_17_onehalf.mp4;C:\Users\esthe\Downloads\white line 14 _\Whit_1405_18_onehalf.mp4;C:\Users\esthe\Downloads\white line 14 _\Whit_1405_3_five.mp4;C:\Users\esthe\Downloads\white line 14 _\Whit_1405_4_control.mp4;C:\Users\esthe\Downloads\white line 14 _\Whit_1405_5_five.mp4;C:\Users\esthe\Downloads\white line 14 _\Whit_1405_6_seven.mp4;C:\Users\esthe\Downloads\white line 14 _\Whit_1405_7_one.mp4;C:\Users\esthe\Downloads\white line 14 _\Whit_1405_8_onehalf.mp4,0.0,11.970;18.573;4.934;13.001;10.534;8.124;25.795;6.863;16.327;16.565;11.462;7.933;12.699;6.966;16.101,30.000;30.000;30.000;30.000;30.000;24.000;24.000;30.000;30.000;30.000;30.000;30.000;30.000;30.000;30.000,Whiteline,sniffing,,,POINT,167.739,C:\Users\esthe\Downloads\white line 14 _\Whit_1405_7_one.mp4,89,NA,
whit_1405,2025-06-13 17:07:23.790,,187.239,Media file(s),player #1:C:\Users\esthe\Downloads\white line 14 _\Whit_1405_10_three.mp4;C:\Users\esthe\Downloads\white line 14 _\Whit_1405_11_onehalf.mp4;C:\Users\esthe\Downloads\white line 14 _\Whit_1405_12_two.mp4;C:\Users\esthe\Downloads\white line 14 _\Whit_1405_13_one.mp4;C:\Users\esthe\Downloads\white line 14 _\Whit_1405_14_one.mp4;C:\Users\esthe\Downloads\white line 14 _\Whit_1405_15_onehalf.mp4;C:\Users\esthe\Downloads\white line 14 _\Whit_1405_16_seven.mp4;C:\Users\esthe\Downloads\white line 14 _\Whit_1405_17_onehalf.mp4;C:\Users\esthe\Downloads\white line 14 _\Whit_1405_18_onehalf.mp4;C:\Users\esthe\Downloads\white line 14 _\Whit_1405_3_five.mp4;C:\Users\esthe\Downloads\white line 14 _\Whit_1405_4_control.mp4;C:\Users\esthe\Downloads\white line 14 _\Whit_1405_5_five.mp4;C:\Users\esthe\Downloads\white line 14 _\Whit_1405_6_seven.mp4;C:\Users\esthe\Downloads\white line 14 _\Whit_1405_7_one.mp4;C:\Users\esthe\Downloads\white line 14 _\Whit_1405_8_onehalf.mp4,0.0,11.970;18.573;4.934;13.001;10.534;8.124;25.795;6.863;16.327;16.565;11.462;7.933;12.699;6.966;16.101,30.000;30.000;30.000;30.000;30.000;24.000;24.000;30.000;30.000;30.000;30.000;30.000;30.000;30.000;30.000,Whiteline,jaw movement,,,POINT,168.139,C:\Users\esthe\Downloads\white line 14 _\Whit_1405_7_one.mp4,101,NA,
whit_1405,2025-06-13 17:07:23.790,,187.239,Media file(s),player #1:C:\Users\esthe\Downloads\white line 14 _\Whit_1405_10_three.mp4;C:\Users\esthe\Downloads\white line 14 _\Whit_1405_11_onehalf.mp4;C:\Users\esthe\Downloads\white line 14 _\Whit_1405_12_two.mp4;C:\Users\esthe\Downloads\white line 14 _\Whit_1405_13_one.mp4;C:\Users\esthe\Downloads\white line 14 _\Whit_1405_14_one.mp4;C:\Users\esthe\Downloads\white line 14 _\Whit_1405_15_onehalf.mp4;C:\Users\esthe\Downloads\white line 14 _\Whit_1405_16_seven.mp4;C:\Users\esthe\Downloads\white line 14 _\Whit_1405_17_onehalf.mp4;C:\Users\esthe\Downloads\white line 14 _\Whit_1405_18_onehalf.mp4;C:\Users\esthe\Downloads\white line 14 _\Whit_1405_3_five.mp4;C:\Users\esthe\Downloads\white line 14 _\Whit_1405_4_control.mp4;C:\Users\esthe\Downloads\white line 14 _\Whit_1405_5_five.mp4;C:\Users\esthe\Downloads\white line 14 _\Whit_1405_6_seven.mp4;C:\Users\esthe\Downloads\white line 14 _\Whit_1405_7_one.mp4;C:\Users\esthe\Downloads\white line 14 _\Whit_1405_8_onehalf.mp4,0.0,11.970;18.573;4.934;13.001;10.534;8.124;25.795;6.863;16.327;16.565;11.462;7.933;12.699;6.966;16.101,30.000;30.000;30.000;30.000;30.000;24.000;24.000;30.000;30.000;30.000;30.000;30.000;30.000;30.000;30.000,Whiteline,jaw movement,,,POINT,168.506,C:\Users\esthe\Downloads\white line 14 _\Whit_1405_7_one.mp4,112,NA,
whit_1405,2025-06-13 17:07:23.790,,187.239,Media file(s),player #1:C:\Users\esthe\Downloads\white line 14 _\Whit_1405_10_three.mp4;C:\Users\esthe\Downloads\white line 14 _\Whit_1405_11_onehalf.mp4;C:\Users\esthe\Downloads\white line 14 _\Whit_1405_12_two.mp4;C:\Users\esthe\Downloads\white line 14 _\Whit_1405_13_one.mp4;C:\Users\esthe\Downloads\white line 14 _\Whit_1405_14_one.mp4;C:\Users\esthe\Downloads\white line 14 _\Whit_1405_15_onehalf.mp4;C:\Users\esthe\Downloads\white line 14 _\Whit_1405_16_seven.mp4;C:\Users\esthe\Downloads\white line 14 _\Whit_1405_17_onehalf.mp4;C:\Users\esthe\Downloads\white line 14 _\Whit_1405_18_onehalf.mp4;C:\Users\esthe\Downloads\white line 14 _\Whit_1405_3_five.mp4;C:\Users\esthe\Downloads\white line 14 _\Whit_1405_4_control.mp4;C:\Users\esthe\Downloads\white line 14 _\Whit_1405_5_five.mp4;C:\Users\esthe\Downloads\white line 14 _\Whit_1405_6_seven.mp4;C:\Users\esthe\Downloads\white line 14 _\Whit_1405_7_one.mp4;C:\Users\esthe\Downloads\white line 14 _\Whit_1405_8_onehalf.mp4,0.0,11.970;18.573;4.934;13.001;10.534;8.124;25.795;6.863;16.327;16.565;11.462;7.933;12.699;6.966;16.101,30.000;30.000;30.000;30.000;30.000;24.000;24.000;30.000;30.000;30.000;30.000;30.000;30.000;30.000;30.000,Whiteline,rotation,,Horizontal,STOP,168.572,C:\Users\esthe\Downloads\white line 14 _\Whit_1405_7_one.mp4,114,NA,
whit_1405,2025-06-13 17:07:23.790,,187.239,Media file(s),player #1:C:\Users\esthe\Downloads\white line 14 _\Whit_1405_10_three.mp4;C:\Users\esthe\Downloads\white line 14 _\Whit_1405_11_onehalf.mp4;C:\Users\esthe\Downloads\white line 14 _\Whit_1405_12_two.mp4;C:\Users\esthe\Downloads\white line 14 _\Whit_1405_13_one.mp4;C:\Users\esthe\Downloads\white line 14 _\Whit_1405_14_one.mp4;C:\Users\esthe\Downloads\white line 14 _\Whit_1405_15_onehalf.mp4;C:\Users\esthe\Downloads\white line 14 _\Whit_1405_16_seven.mp4;C:\Users\esthe\Downloads\white line 14 _\Whit_1405_17_onehalf.mp4;C:\Users\esthe\Downloads\white line 14 _\Whit_1405_18_onehalf.mp4;C:\Users\esthe\Downloads\white line 14 _\Whit_1405_3_five.mp4;C:\Users\esthe\Downloads\white line 14 _\Whit_1405_4_control.mp4;C:\Users\esthe\Downloads\white line 14 _\Whit_1405_5_five.mp4;C:\Users\esthe\Downloads\white line 14 _\Whit_1405_6_seven.mp4;C:\Users\esthe\Downloads\white line 14 _\Whit_1405_7_one.mp4;C:\Users\esthe\Downloads\white line 14 _\Whit_1405_8_onehalf.mp4,0.0,11.970;18.573;4.934;13.001;10.534;8.124;25.795;6.863;16.327;16.565;11.462;7.933;12.699;6.966;16.101,30.000;30.000;30.000;30.000;30.000;24.000;24.000;30.000;30.000;30.000;30.000;30.000;30.000;30.000;30.000,Whiteline,translational jaw movement,,,POINT,168.639,C:\Users\esthe\Downloads\white line 14 _\Whit_1405_7_one.mp4,116,NA,
whit_1405,2025-06-13 17:07:23.790,,187.239,Media file(s),player #1:C:\Users\esthe\Downloads\white line 14 _\Whit_1405_10_three.mp4;C:\Users\esthe\Downloads\white line 14 _\Whit_1405_11_onehalf.mp4;C:\Users\esthe\Downloads\white line 14 _\Whit_1405_12_two.mp4;C:\Users\esthe\Downloads\white line 14 _\Whit_1405_13_one.mp4;C:\Users\esthe\Downloads\white line 14 _\Whit_1405_14_one.mp4;C:\Users\esthe\Downloads\white line 14 _\Whit_1405_15_onehalf.mp4;C:\Users\esthe\Downloads\white line 14 _\Whit_1405_16_seven.mp4;C:\Users\esthe\Downloads\white line 14 _\Whit_1405_17_onehalf.mp4;C:\Users\esthe\Downloads\white line 14 _\Whit_1405_18_onehalf.mp4;C:\Users\esthe\Downloads\white line 14 _\Whit_1405_3_five.mp4;C:\Users\esthe\Downloads\white line 14 _\Whit_1405_4_control.mp4;C:\Users\esthe\Downloads\white line 14 _\Whit_1405_5_five.mp4;C:\Users\esthe\Downloads\white line 14 _\Whit_1405_6_seven.mp4;C:\Users\esthe\Downloads\white line 14 _\Whit_1405_7_one.mp4;C:\Users\esthe\Downloads\white line 14 _\Whit_1405_8_onehalf.mp4,0.0,11.970;18.573;4.934;13.001;10.534;8.124;25.795;6.863;16.327;16.565;11.462;7.933;12.699;6.966;16.101,30.000;30.000;30.000;30.000;30.000;24.000;24.000;30.000;30.000;30.000;30.000;30.000;30.000;30.000;30.000,Whiteline,rotation,,Vertical,START,168.673,C:\Users\esthe\Downloads\white line 14 _\Whit_1405_7_one.mp4,117,NA,
whit_1405,2025-06-13 17:07:23.790,,187.239,Media file(s),player #1:C:\Users\esthe\Downloads\white line 14 _\Whit_1405_10_three.mp4;C:\Users\esthe\Downloads\white line 14 _\Whit_1405_11_onehalf.mp4;C:\Users\esthe\Downloads\white line 14 _\Whit_1405_12_two.mp4;C:\Users\esthe\Downloads\white line 14 _\Whit_1405_13_one.mp4;C:\Users\esthe\Downloads\white line 14 _\Whit_1405_14_one.mp4;C:\Users\esthe\Downloads\white line 14 _\Whit_1405_15_onehalf.mp4;C:\Users\esthe\Downloads\white line 14 _\Whit_1405_16_seven.mp4;C:\Users\esthe\Downloads\white line 14 _\Whit_1405_17_onehalf.mp4;C:\Users\esthe\Downloads\white line 14 _\Whit_1405_18_onehalf.mp4;C:\Users\esthe\Downloads\white line 14 _\Whit_1405_3_five.mp4;C:\Users\esthe\Downloads\white line 14 _\Whit_1405_4_control.mp4;C:\Users\esthe\Downloads\white line 14 _\Whit_1405_5_five.mp4;C:\Users\esthe\Downloads\white line 14 _\Whit_1405_6_seven.mp4;C:\Users\esthe\Downloads\white line 14 _\Whit_1405_7_one.mp4;C:\Users\esthe\Downloads\white line 14 _\Whit_1405_8_onehalf.mp4,0.0,11.970;18.573;4.934;13.001;10.534;8.124;25.795;6.863;16.327;16.565;11.462;7.933;12.699;6.966;16.101,30.000;30.000;30.000;30.000;30.000;24.000;24.000;30.000;30.000;30.000;30.000;30.000;30.000;30.000;30.000,Whiteline,sniffing,,,POINT,168.806,C:\Users\esthe\Downloads\white line 14 _\Whit_1405_7_one.mp4,121,NA,
whit_1405,2025-06-13 17:07:23.790,,187.239,Media file(s),player #1:C:\Users\esthe\Downloads\white line 14 _\Whit_1405_10_three.mp4;C:\Users\esthe\Downloads\white line 14 _\Whit_1405_11_onehalf.mp4;C:\Users\esthe\Downloads\white line 14 _\Whit_1405_12_two.mp4;C:\Users\esthe\Downloads\white line 14 _\Whit_1405_13_one.mp4;C:\Users\esthe\Downloads\white line 14 _\Whit_1405_14_one.mp4;C:\Users\esthe\Downloads\white line 14 _\Whit_1405_15_onehalf.mp4;C:\Users\esthe\Downloads\white line 14 _\Whit_1405_16_seven.mp4;C:\Users\esthe\Downloads\white line 14 _\Whit_1405_17_onehalf.mp4;C:\Users\esthe\Downloads\white line 14 _\Whit_1405_18_onehalf.mp4;C:\Users\esthe\Downloads\white line 14 _\Whit_1405_3_five.mp4;C:\Users\esthe\Downloads\white line 14 _\Whit_1405_4_control.mp4;C:\Users\esthe\Downloads\white line 14 _\Whit_1405_5_five.mp4;C:\Users\esthe\Downloads\white line 14 _\Whit_1405_6_seven.mp4;C:\Users\esthe\Downloads\white line 14 _\Whit_1405_7_one.mp4;C:\Users\esthe\Downloads\white line 14 _\Whit_1405_8_onehalf.mp4,0.0,11.970;18.573;4.934;13.001;10.534;8.124;25.795;6.863;16.327;16.565;11.462;7.933;12.699;6.966;16.101,30.000;30.000;30.000;30.000;30.000;24.000;24.000;30.000;30.000;30.000;30.000;30.000;30.000;30.000;30.000,Whiteline,jaw movement,,,POINT,169.006,C:\Users\esthe\Downloads\white line 14 _\Whit_1405_7_one.mp4,127,NA,
whit_1405,2025-06-13 17:07:23.790,,187.239,Media file(s),player #1:C:\Users\esthe\Downloads\white line 14 _\Whit_1405_10_three.mp4;C:\Users\esthe\Downloads\white line 14 _\Whit_1405_11_onehalf.mp4;C:\Users\esthe\Downloads\white line 14 _\Whit_1405_12_two.mp4;C:\Users\esthe\Downloads\white line 14 _\Whit_1405_13_one.mp4;C:\Users\esthe\Downloads\white line 14 _\Whit_1405_14_one.mp4;C:\Users\esthe\Downloads\white line 14 _\Whit_1405_15_onehalf.mp4;C:\Users\esthe\Downloads\white line 14 _\Whit_1405_16_seven.mp4;C:\Users\esthe\Downloads\white line 14 _\Whit_1405_17_onehalf.mp4;C:\Users\esthe\Downloads\white line 14 _\Whit_1405_18_onehalf.mp4;C:\Users\esthe\Downloads\white line 14 _\Whit_1405_3_five.mp4;C:\Users\esthe\Downloads\white line 14 _\Whit_1405_4_control.mp4;C:\Users\esthe\Downloads\white line 14 _\Whit_1405_5_five.mp4;C:\Users\esthe\Downloads\white line 14 _\Whit_1405_6_seven.mp4;C:\Users\esthe\Downloads\white line 14 _\Whit_1405_7_one.mp4;C:\Users\esthe\Downloads\white line 14 _\Whit_1405_8_onehalf.mp4,0.0,11.970;18.573;4.934;13.001;10.534;8.124;25.795;6.863;16.327;16.565;11.462;7.933;12.699;6.966;16.101,30.000;30.000;30.000;30.000;30.000;24.000;24.000;30.000;30.000;30.000;30.000;30.000;30.000;30.000;30.000,Whiteline,jaw movement,,,POINT,169.172,C:\Users\esthe\Downloads\white line 14 _\Whit_1405_7_one.mp4,132,NA,
whit_1405,2025-06-13 17:07:23.790,,187.239,Media file(s),player #1:C:\Users\esthe\Downloads\white line 14 _\Whit_1405_10_three.mp4;C:\Users\esthe\Downloads\white line 14 _\Whit_1405_11_onehalf.mp4;C:\Users\esthe\Downloads\white line 14 _\Whit_1405_12_two.mp4;C:\Users\esthe\Downloads\white line 14 _\Whit_1405_13_one.mp4;C:\Users\esthe\Downloads\white line 14 _\Whit_1405_14_one.mp4;C:\Users\esthe\Downloads\white line 14 _\Whit_1405_15_onehalf.mp4;C:\Users\esthe\Downloads\white line 14 _\Whit_1405_16_seven.mp4;C:\Users\esthe\Downloads\white line 14 _\Whit_1405_17_onehalf.mp4;C:\Users\esthe\Downloads\white line 14 _\Whit_1405_18_onehalf.mp4;C:\Users\esthe\Downloads\white line 14 _\Whit_1405_3_five.mp4;C:\Users\esthe\Downloads\white line 14 _\Whit_1405_4_control.mp4;C:\Users\esthe\Downloads\white line 14 _\Whit_1405_5_five.mp4;C:\Users\esthe\Downloads\white line 14 _\Whit_1405_6_seven.mp4;C:\Users\esthe\Downloads\white line 14 _\Whit_1405_7_one.mp4;C:\Users\esthe\Downloads\white line 14 _\Whit_1405_8_onehalf.mp4,0.0,11.970;18.573;4.934;13.001;10.534;8.124;25.795;6.863;16.327;16.565;11.462;7.933;12.699;6.966;16.101,30.000;30.000;30.000;30.000;30.000;24.000;24.000;30.000;30.000;30.000;30.000;30.000;30.000;30.000;30.000,Whiteline,sniffing,,,POINT,169.339,C:\Users\esthe\Downloads\white line 14 _\Whit_1405_7_one.mp4,137,NA,
whit_1405,2025-06-13 17:07:23.790,,187.239,Media file(s),player #1:C:\Users\esthe\Downloads\white line 14 _\Whit_1405_10_three.mp4;C:\Users\esthe\Downloads\white line 14 _\Whit_1405_11_onehalf.mp4;C:\Users\esthe\Downloads\white line 14 _\Whit_1405_12_two.mp4;C:\Users\esthe\Downloads\white line 14 _\Whit_1405_13_one.mp4;C:\Users\esthe\Downloads\white line 14 _\Whit_1405_14_one.mp4;C:\Users\esthe\Downloads\white line 14 _\Whit_1405_15_onehalf.mp4;C:\Users\esthe\Downloads\white line 14 _\Whit_1405_16_seven.mp4;C:\Users\esthe\Downloads\white line 14 _\Whit_1405_17_onehalf.mp4;C:\Users\esthe\Downloads\white line 14 _\Whit_1405_18_onehalf.mp4;C:\Users\esthe\Downloads\white line 14 _\Whit_1405_3_five.mp4;C:\Users\esthe\Downloads\white line 14 _\Whit_1405_4_control.mp4;C:\Users\esthe\Downloads\white line 14 _\Whit_1405_5_five.mp4;C:\Users\esthe\Downloads\white line 14 _\Whit_1405_6_seven.mp4;C:\Users\esthe\Downloads\white line 14 _\Whit_1405_7_one.mp4;C:\Users\esthe\Downloads\white line 14 _\Whit_1405_8_onehalf.mp4,0.0,11.970;18.573;4.934;13.001;10.534;8.124;25.795;6.863;16.327;16.565;11.462;7.933;12.699;6.966;16.101,30.000;30.000;30.000;30.000;30.000;24.000;24.000;30.000;30.000;30.000;30.000;30.000;30.000;30.000;30.000,Whiteline,licking,,,POINT,169.439,C:\Users\esthe\Downloads\white line 14 _\Whit_1405_7_one.mp4,140,NA,
whit_1405,2025-06-13 17:07:23.790,,187.239,Media file(s),player #1:C:\Users\esthe\Downloads\white line 14 _\Whit_1405_10_three.mp4;C:\Users\esthe\Downloads\white line 14 _\Whit_1405_11_onehalf.mp4;C:\Users\esthe\Downloads\white line 14 _\Whit_1405_12_two.mp4;C:\Users\esthe\Downloads\white line 14 _\Whit_1405_13_one.mp4;C:\Users\esthe\Downloads\white line 14 _\Whit_1405_14_one.mp4;C:\Users\esthe\Downloads\white line 14 _\Whit_1405_15_onehalf.mp4;C:\Users\esthe\Downloads\white line 14 _\Whit_1405_16_seven.mp4;C:\Users\esthe\Downloads\white line 14 _\Whit_1405_17_onehalf.mp4;C:\Users\esthe\Downloads\white line 14 _\Whit_1405_18_onehalf.mp4;C:\Users\esthe\Downloads\white line 14 _\Whit_1405_3_five.mp4;C:\Users\esthe\Downloads\white line 14 _\Whit_1405_4_control.mp4;C:\Users\esthe\Downloads\white line 14 _\Whit_1405_5_five.mp4;C:\Users\esthe\Downloads\white line 14 _\Whit_1405_6_seven.mp4;C:\Users\esthe\Downloads\white line 14 _\Whit_1405_7_one.mp4;C:\Users\esthe\Downloads\white line 14 _\Whit_1405_8_onehalf.mp4,0.0,11.970;18.573;4.934;13.001;10.534;8.124;25.795;6.863;16.327;16.565;11.462;7.933;12.699;6.966;16.101,30.000;30.000;30.000;30.000;30.000;24.000;24.000;30.000;30.000;30.000;30.000;30.000;30.000;30.000;30.000,Whiteline,teeth-hole contact,,,POINT,169.772,C:\Users\esthe\Downloads\white line 14 _\Whit_1405_7_one.mp4,150,NA,
whit_1405,2025-06-13 17:07:23.790,,187.239,Media file(s),player #1:C:\Users\esthe\Downloads\white line 14 _\Whit_1405_10_three.mp4;C:\Users\esthe\Downloads\white line 14 _\Whit_1405_11_onehalf.mp4;C:\Users\esthe\Downloads\white line 14 _\Whit_1405_12_two.mp4;C:\Users\esthe\Downloads\white line 14 _\Whit_1405_13_one.mp4;C:\Users\esthe\Downloads\white line 14 _\Whit_1405_14_one.mp4;C:\Users\esthe\Downloads\white line 14 _\Whit_1405_15_onehalf.mp4;C:\Users\esthe\Downloads\white line 14 _\Whit_1405_16_seven.mp4;C:\Users\esthe\Downloads\white line 14 _\Whit_1405_17_onehalf.mp4;C:\Users\esthe\Downloads\white line 14 _\Whit_1405_18_onehalf.mp4;C:\Users\esthe\Downloads\white line 14 _\Whit_1405_3_five.mp4;C:\Users\esthe\Downloads\white line 14 _\Whit_1405_4_control.mp4;C:\Users\esthe\Downloads\white line 14 _\Whit_1405_5_five.mp4;C:\Users\esthe\Downloads\white line 14 _\Whit_1405_6_seven.mp4;C:\Users\esthe\Downloads\white line 14 _\Whit_1405_7_one.mp4;C:\Users\esthe\Downloads\white line 14 _\Whit_1405_8_onehalf.mp4,0.0,11.970;18.573;4.934;13.001;10.534;8.124;25.795;6.863;16.327;16.565;11.462;7.933;12.699;6.966;16.101,30.000;30.000;30.000;30.000;30.000;24.000;24.000;30.000;30.000;30.000;30.000;30.000;30.000;30.000;30.000,Whiteline,rotation,,Vertical,STOP,169.972,C:\Users\esthe\Downloads\white line 14 _\Whit_1405_7_one.mp4,156,NA,
whit_1405,2025-06-13 17:07:23.790,,187.239,Media file(s),player #1:C:\Users\esthe\Downloads\white line 14 _\Whit_1405_10_three.mp4;C:\Users\esthe\Downloads\white line 14 _\Whit_1405_11_onehalf.mp4;C:\Users\esthe\Downloads\white line 14 _\Whit_1405_12_two.mp4;C:\Users\esthe\Downloads\white line 14 _\Whit_1405_13_one.mp4;C:\Users\esthe\Downloads\white line 14 _\Whit_1405_14_one.mp4;C:\Users\esthe\Downloads\white line 14 _\Whit_1405_15_onehalf.mp4;C:\Users\esthe\Downloads\white line 14 _\Whit_1405_16_seven.mp4;C:\Users\esthe\Downloads\white line 14 _\Whit_1405_17_onehalf.mp4;C:\Users\esthe\Downloads\white line 14 _\Whit_1405_18_onehalf.mp4;C:\Users\esthe\Downloads\white line 14 _\Whit_1405_3_five.mp4;C:\Users\esthe\Downloads\white line 14 _\Whit_1405_4_control.mp4;C:\Users\esthe\Downloads\white line 14 _\Whit_1405_5_five.mp4;C:\Users\esthe\Downloads\white line 14 _\Whit_1405_6_seven.mp4;C:\Users\esthe\Downloads\white line 14 _\Whit_1405_7_one.mp4;C:\Users\esthe\Downloads\white line 14 _\Whit_1405_8_onehalf.mp4,0.0,11.970;18.573;4.934;13.001;10.534;8.124;25.795;6.863;16.327;16.565;11.462;7.933;12.699;6.966;16.101,30.000;30.000;30.000;30.000;30.000;24.000;24.000;30.000;30.000;30.000;30.000;30.000;30.000;30.000;30.000,Whiteline,jaw movement,,,POINT,170.072,C:\Users\esthe\Downloads\white line 14 _\Whit_1405_7_one.mp4,159,NA,
whit_1405,2025-06-13 17:07:23.790,,187.239,Media file(s),player #1:C:\Users\esthe\Downloads\white line 14 _\Whit_1405_10_three.mp4;C:\Users\esthe\Downloads\white line 14 _\Whit_1405_11_onehalf.mp4;C:\Users\esthe\Downloads\white line 14 _\Whit_1405_12_two.mp4;C:\Users\esthe\Downloads\white line 14 _\Whit_1405_13_one.mp4;C:\Users\esthe\Downloads\white line 14 _\Whit_1405_14_one.mp4;C:\Users\esthe\Downloads\white line 14 _\Whit_1405_15_onehalf.mp4;C:\Users\esthe\Downloads\white line 14 _\Whit_1405_16_seven.mp4;C:\Users\esthe\Downloads\white line 14 _\Whit_1405_17_onehalf.mp4;C:\Users\esthe\Downloads\white line 14 _\Whit_1405_18_onehalf.mp4;C:\Users\esthe\Downloads\white line 14 _\Whit_1405_3_five.mp4;C:\Users\esthe\Downloads\white line 14 _\Whit_1405_4_control.mp4;C:\Users\esthe\Downloads\white line 14 _\Whit_1405_5_five.mp4;C:\Users\esthe\Downloads\white line 14 _\Whit_1405_6_seven.mp4;C:\Users\esthe\Downloads\white line 14 _\Whit_1405_7_one.mp4;C:\Users\esthe\Downloads\white line 14 _\Whit_1405_8_onehalf.mp4,0.0,11.970;18.573;4.934;13.001;10.534;8.124;25.795;6.863;16.327;16.565;11.462;7.933;12.699;6.966;16.101,30.000;30.000;30.000;30.000;30.000;24.000;24.000;30.000;30.000;30.000;30.000;30.000;30.000;30.000;30.000,Whiteline,assessing,,,STOP,170.239,C:\Users\esthe\Downloads\white line 14 _\Whit_1405_7_one.mp4,164,NA,
whit_1405,2025-06-13 17:07:23.790,,187.239,Media file(s),player #1:C:\Users\esthe\Downloads\white line 14 _\Whit_1405_10_three.mp4;C:\Users\esthe\Downloads\white line 14 _\Whit_1405_11_onehalf.mp4;C:\Users\esthe\Downloads\white line 14 _\Whit_1405_12_two.mp4;C:\Users\esthe\Downloads\white line 14 _\Whit_1405_13_one.mp4;C:\Users\esthe\Downloads\white line 14 _\Whit_1405_14_one.mp4;C:\Users\esthe\Downloads\white line 14 _\Whit_1405_15_onehalf.mp4;C:\Users\esthe\Downloads\white line 14 _\Whit_1405_16_seven.mp4;C:\Users\esthe\Downloads\white line 14 _\Whit_1405_17_onehalf.mp4;C:\Users\esthe\Downloads\white line 14 _\Whit_1405_18_onehalf.mp4;C:\Users\esthe\Downloads\white line 14 _\Whit_1405_3_five.mp4;C:\Users\esthe\Downloads\white line 14 _\Whit_1405_4_control.mp4;C:\Users\esthe\Downloads\white line 14 _\Whit_1405_5_five.mp4;C:\Users\esthe\Downloads\white line 14 _\Whit_1405_6_seven.mp4;C:\Users\esthe\Downloads\white line 14 _\Whit_1405_7_one.mp4;C:\Users\esthe\Downloads\white line 14 _\Whit_1405_8_onehalf.mp4,0.0,11.970;18.573;4.934;13.001;10.534;8.124;25.795;6.863;16.327;16.565;11.462;7.933;12.699;6.966;16.101,30.000;30.000;30.000;30.000;30.000;24.000;24.000;30.000;30.000;30.000;30.000;30.000;30.000;30.000;30.000,Whiteline,peeling,,,START,170.239,C:\Users\esthe\Downloads\white line 14 _\Whit_1405_7_one.mp4,164,NA,
whit_1405,2025-06-13 17:07:23.790,,187.239,Media file(s),player #1:C:\Users\esthe\Downloads\white line 14 _\Whit_1405_10_three.mp4;C:\Users\esthe\Downloads\white line 14 _\Whit_1405_11_onehalf.mp4;C:\Users\esthe\Downloads\white line 14 _\Whit_1405_12_two.mp4;C:\Users\esthe\Downloads\white line 14 _\Whit_1405_13_one.mp4;C:\Users\esthe\Downloads\white line 14 _\Whit_1405_14_one.mp4;C:\Users\esthe\Downloads\white line 14 _\Whit_1405_15_onehalf.mp4;C:\Users\esthe\Downloads\white line 14 _\Whit_1405_16_seven.mp4;C:\Users\esthe\Downloads\white line 14 _\Whit_1405_17_onehalf.mp4;C:\Users\esthe\Downloads\white line 14 _\Whit_1405_18_onehalf.mp4;C:\Users\esthe\Downloads\white line 14 _\Whit_1405_3_five.mp4;C:\Users\esthe\Downloads\white line 14 _\Whit_1405_4_control.mp4;C:\Users\esthe\Downloads\white line 14 _\Whit_1405_5_five.mp4;C:\Users\esthe\Downloads\white line 14 _\Whit_1405_6_seven.mp4;C:\Users\esthe\Downloads\white line 14 _\Whit_1405_7_one.mp4;C:\Users\esthe\Downloads\white line 14 _\Whit_1405_8_onehalf.mp4,0.0,11.970;18.573;4.934;13.001;10.534;8.124;25.795;6.863;16.327;16.565;11.462;7.933;12.699;6.966;16.101,30.000;30.000;30.000;30.000;30.000;24.000;24.000;30.000;30.000;30.000;30.000;30.000;30.000;30.000;30.000,Whiteline,peeling,,,STOP,171.672,C:\Users\esthe\Downloads\white line 14 _\Whit_1405_7_one.mp4,207,NA,
whit_1405,2025-06-13 17:07:23.790,,187.239,Media file(s),player #1:C:\Users\esthe\Downloads\white line 14 _\Whit_1405_10_three.mp4;C:\Users\esthe\Downloads\white line 14 _\Whit_1405_11_onehalf.mp4;C:\Users\esthe\Downloads\white line 14 _\Whit_1405_12_two.mp4;C:\Users\esthe\Downloads\white line 14 _\Whit_1405_13_one.mp4;C:\Users\esthe\Downloads\white line 14 _\Whit_1405_14_one.mp4;C:\Users\esthe\Downloads\white line 14 _\Whit_1405_15_onehalf.mp4;C:\Users\esthe\Downloads\white line 14 _\Whit_1405_16_seven.mp4;C:\Users\esthe\Downloads\white line 14 _\Whit_1405_17_onehalf.mp4;C:\Users\esthe\Downloads\white line 14 _\Whit_1405_18_onehalf.mp4;C:\Users\esthe\Downloads\white line 14 _\Whit_1405_3_five.mp4;C:\Users\esthe\Downloads\white line 14 _\Whit_1405_4_control.mp4;C:\Users\esthe\Downloads\white line 14 _\Whit_1405_5_five.mp4;C:\Users\esthe\Downloads\white line 14 _\Whit_1405_6_seven.mp4;C:\Users\esthe\Downloads\white line 14 _\Whit_1405_7_one.mp4;C:\Users\esthe\Downloads\white line 14 _\Whit_1405_8_onehalf.mp4,0.0,11.970;18.573;4.934;13.001;10.534;8.124;25.795;6.863;16.327;16.565;11.462;7.933;12.699;6.966;16.101,30.000;30.000;30.000;30.000;30.000;24.000;24.000;30.000;30.000;30.000;30.000;30.000;30.000;30.000;30.000,Whiteline,bending,,,START,171.738,C:\Users\esthe\Downloads\white line 14 _\Whit_1405_7_one.mp4,0,NA,
whit_1405,2025-06-13 17:07:23.790,,187.239,Media file(s),player #1:C:\Users\esthe\Downloads\white line 14 _\Whit_1405_10_three.mp4;C:\Users\esthe\Downloads\white line 14 _\Whit_1405_11_onehalf.mp4;C:\Users\esthe\Downloads\white line 14 _\Whit_1405_12_two.mp4;C:\Users\esthe\Downloads\white line 14 _\Whit_1405_13_one.mp4;C:\Users\esthe\Downloads\white line 14 _\Whit_1405_14_one.mp4;C:\Users\esthe\Downloads\white line 14 _\Whit_1405_15_onehalf.mp4;C:\Users\esthe\Downloads\white line 14 _\Whit_1405_16_seven.mp4;C:\Users\esthe\Downloads\white line 14 _\Whit_1405_17_onehalf.mp4;C:\Users\esthe\Downloads\white line 14 _\Whit_1405_18_onehalf.mp4;C:\Users\esthe\Downloads\white line 14 _\Whit_1405_3_five.mp4;C:\Users\esthe\Downloads\white line 14 _\Whit_1405_4_control.mp4;C:\Users\esthe\Downloads\white line 14 _\Whit_1405_5_five.mp4;C:\Users\esthe\Downloads\white line 14 _\Whit_1405_6_seven.mp4;C:\Users\esthe\Downloads\white line 14 _\Whit_1405_7_one.mp4;C:\Users\esthe\Downloads\white line 14 _\Whit_1405_8_onehalf.mp4,0.0,11.970;18.573;4.934;13.001;10.534;8.124;25.795;6.863;16.327;16.565;11.462;7.933;12.699;6.966;16.101,30.000;30.000;30.000;30.000;30.000;24.000;24.000;30.000;30.000;30.000;30.000;30.000;30.000;30.000;30.000,Whiteline,bending,,,STOP,171.905,C:\Users\esthe\Downloads\white line 14 _\Whit_1405_8_onehalf.mp4,5,NA,
whit_1405,2025-06-13 17:07:23.790,,187.239,Media file(s),player #1:C:\Users\esthe\Downloads\white line 14 _\Whit_1405_10_three.mp4;C:\Users\esthe\Downloads\white line 14 _\Whit_1405_11_onehalf.mp4;C:\Users\esthe\Downloads\white line 14 _\Whit_1405_12_two.mp4;C:\Users\esthe\Downloads\white line 14 _\Whit_1405_13_one.mp4;C:\Users\esthe\Downloads\white line 14 _\Whit_1405_14_one.mp4;C:\Users\esthe\Downloads\white line 14 _\Whit_1405_15_onehalf.mp4;C:\Users\esthe\Downloads\white line 14 _\Whit_1405_16_seven.mp4;C:\Users\esthe\Downloads\white line 14 _\Whit_1405_17_onehalf.mp4;C:\Users\esthe\Downloads\white line 14 _\Whit_1405_18_onehalf.mp4;C:\Users\esthe\Downloads\white line 14 _\Whit_1405_3_five.mp4;C:\Users\esthe\Downloads\white line 14 _\Whit_1405_4_control.mp4;C:\Users\esthe\Downloads\white line 14 _\Whit_1405_5_five.mp4;C:\Users\esthe\Downloads\white line 14 _\Whit_1405_6_seven.mp4;C:\Users\esthe\Downloads\white line 14 _\Whit_1405_7_one.mp4;C:\Users\esthe\Downloads\white line 14 _\Whit_1405_8_onehalf.mp4,0.0,11.970;18.573;4.934;13.001;10.534;8.124;25.795;6.863;16.327;16.565;11.462;7.933;12.699;6.966;16.101,30.000;30.000;30.000;30.000;30.000;24.000;24.000;30.000;30.000;30.000;30.000;30.000;30.000;30.000;30.000,Whiteline,grabbing peanut,,,POINT,171.905,C:\Users\esthe\Downloads\white line 14 _\Whit_1405_8_onehalf.mp4,5,NA,
whit_1405,2025-06-13 17:07:23.790,,187.239,Media file(s),player #1:C:\Users\esthe\Downloads\white line 14 _\Whit_1405_10_three.mp4;C:\Users\esthe\Downloads\white line 14 _\Whit_1405_11_onehalf.mp4;C:\Users\esthe\Downloads\white line 14 _\Whit_1405_12_two.mp4;C:\Users\esthe\Downloads\white line 14 _\Whit_1405_13_one.mp4;C:\Users\esthe\Downloads\white line 14 _\Whit_1405_14_one.mp4;C:\Users\esthe\Downloads\white line 14 _\Whit_1405_15_onehalf.mp4;C:\Users\esthe\Downloads\white line 14 _\Whit_1405_16_seven.mp4;C:\Users\esthe\Downloads\white line 14 _\Whit_1405_17_onehalf.mp4;C:\Users\esthe\Downloads\white line 14 _\Whit_1405_18_onehalf.mp4;C:\Users\esthe\Downloads\white line 14 _\Whit_1405_3_five.mp4;C:\Users\esthe\Downloads\white line 14 _\Whit_1405_4_control.mp4;C:\Users\esthe\Downloads\white line 14 _\Whit_1405_5_five.mp4;C:\Users\esthe\Downloads\white line 14 _\Whit_1405_6_seven.mp4;C:\Users\esthe\Downloads\white line 14 _\Whit_1405_7_one.mp4;C:\Users\esthe\Downloads\white line 14 _\Whit_1405_8_onehalf.mp4,0.0,11.970;18.573;4.934;13.001;10.534;8.124;25.795;6.863;16.327;16.565;11.462;7.933;12.699;6.966;16.101,30.000;30.000;30.000;30.000;30.000;24.000;24.000;30.000;30.000;30.000;30.000;30.000;30.000;30.000;30.000,Whiteline,lifting,,,START,172.005,C:\Users\esthe\Downloads\white line 14 _\Whit_1405_8_onehalf.mp4,8,NA,
whit_1405,2025-06-13 17:07:23.790,,187.239,Media file(s),player #1:C:\Users\esthe\Downloads\white line 14 _\Whit_1405_10_three.mp4;C:\Users\esthe\Downloads\white line 14 _\Whit_1405_11_onehalf.mp4;C:\Users\esthe\Downloads\white line 14 _\Whit_1405_12_two.mp4;C:\Users\esthe\Downloads\white line 14 _\Whit_1405_13_one.mp4;C:\Users\esthe\Downloads\white line 14 _\Whit_1405_14_one.mp4;C:\Users\esthe\Downloads\white line 14 _\Whit_1405_15_onehalf.mp4;C:\Users\esthe\Downloads\white line 14 _\Whit_1405_16_seven.mp4;C:\Users\esthe\Downloads\white line 14 _\Whit_1405_17_onehalf.mp4;C:\Users\esthe\Downloads\white line 14 _\Whit_1405_18_onehalf.mp4;C:\Users\esthe\Downloads\white line 14 _\Whit_1405_3_five.mp4;C:\Users\esthe\Downloads\white line 14 _\Whit_1405_4_control.mp4;C:\Users\esthe\Downloads\white line 14 _\Whit_1405_5_five.mp4;C:\Users\esthe\Downloads\white line 14 _\Whit_1405_6_seven.mp4;C:\Users\esthe\Downloads\white line 14 _\Whit_1405_7_one.mp4;C:\Users\esthe\Downloads\white line 14 _\Whit_1405_8_onehalf.mp4,0.0,11.970;18.573;4.934;13.001;10.534;8.124;25.795;6.863;16.327;16.565;11.462;7.933;12.699;6.966;16.101,30.000;30.000;30.000;30.000;30.000;24.000;24.000;30.000;30.000;30.000;30.000;30.000;30.000;30.000;30.000,Whiteline,lifting,,,STOP,172.538,C:\Users\esthe\Downloads\white line 14 _\Whit_1405_8_onehalf.mp4,24,NA,
whit_1405,2025-06-13 17:07:23.790,,187.239,Media file(s),player #1:C:\Users\esthe\Downloads\white line 14 _\Whit_1405_10_three.mp4;C:\Users\esthe\Downloads\white line 14 _\Whit_1405_11_onehalf.mp4;C:\Users\esthe\Downloads\white line 14 _\Whit_1405_12_two.mp4;C:\Users\esthe\Downloads\white line 14 _\Whit_1405_13_one.mp4;C:\Users\esthe\Downloads\white line 14 _\Whit_1405_14_one.mp4;C:\Users\esthe\Downloads\white line 14 _\Whit_1405_15_onehalf.mp4;C:\Users\esthe\Downloads\white line 14 _\Whit_1405_16_seven.mp4;C:\Users\esthe\Downloads\white line 14 _\Whit_1405_17_onehalf.mp4;C:\Users\esthe\Downloads\white line 14 _\Whit_1405_18_onehalf.mp4;C:\Users\esthe\Downloads\white line 14 _\Whit_1405_3_five.mp4;C:\Users\esthe\Downloads\white line 14 _\Whit_1405_4_control.mp4;C:\Users\esthe\Downloads\white line 14 _\Whit_1405_5_five.mp4;C:\Users\esthe\Downloads\white line 14 _\Whit_1405_6_seven.mp4;C:\Users\esthe\Downloads\white line 14 _\Whit_1405_7_one.mp4;C:\Users\esthe\Downloads\white line 14 _\Whit_1405_8_onehalf.mp4,0.0,11.970;18.573;4.934;13.001;10.534;8.124;25.795;6.863;16.327;16.565;11.462;7.933;12.699;6.966;16.101,30.000;30.000;30.000;30.000;30.000;24.000;24.000;30.000;30.000;30.000;30.000;30.000;30.000;30.000;30.000,Whiteline,assessing,,,START,172.671,C:\Users\esthe\Downloads\white line 14 _\Whit_1405_8_onehalf.mp4,28,NA,
whit_1405,2025-06-13 17:07:23.790,,187.239,Media file(s),player #1:C:\Users\esthe\Downloads\white line 14 _\Whit_1405_10_three.mp4;C:\Users\esthe\Downloads\white line 14 _\Whit_1405_11_onehalf.mp4;C:\Users\esthe\Downloads\white line 14 _\Whit_1405_12_two.mp4;C:\Users\esthe\Downloads\white line 14 _\Whit_1405_13_one.mp4;C:\Users\esthe\Downloads\white line 14 _\Whit_1405_14_one.mp4;C:\Users\esthe\Downloads\white line 14 _\Whit_1405_15_onehalf.mp4;C:\Users\esthe\Downloads\white line 14 _\Whit_1405_16_seven.mp4;C:\Users\esthe\Downloads\white line 14 _\Whit_1405_17_onehalf.mp4;C:\Users\esthe\Downloads\white line 14 _\Whit_1405_18_onehalf.mp4;C:\Users\esthe\Downloads\white line 14 _\Whit_1405_3_five.mp4;C:\Users\esthe\Downloads\white line 14 _\Whit_1405_4_control.mp4;C:\Users\esthe\Downloads\white line 14 _\Whit_1405_5_five.mp4;C:\Users\esthe\Downloads\white line 14 _\Whit_1405_6_seven.mp4;C:\Users\esthe\Downloads\white line 14 _\Whit_1405_7_one.mp4;C:\Users\esthe\Downloads\white line 14 _\Whit_1405_8_onehalf.mp4,0.0,11.970;18.573;4.934;13.001;10.534;8.124;25.795;6.863;16.327;16.565;11.462;7.933;12.699;6.966;16.101,30.000;30.000;30.000;30.000;30.000;24.000;24.000;30.000;30.000;30.000;30.000;30.000;30.000;30.000;30.000,Whiteline,jaw movement,,,POINT,172.738,C:\Users\esthe\Downloads\white line 14 _\Whit_1405_8_onehalf.mp4,30,NA,
whit_1405,2025-06-13 17:07:23.790,,187.239,Media file(s),player #1:C:\Users\esthe\Downloads\white line 14 _\Whit_1405_10_three.mp4;C:\Users\esthe\Downloads\white line 14 _\Whit_1405_11_onehalf.mp4;C:\Users\esthe\Downloads\white line 14 _\Whit_1405_12_two.mp4;C:\Users\esthe\Downloads\white line 14 _\Whit_1405_13_one.mp4;C:\Users\esthe\Downloads\white line 14 _\Whit_1405_14_one.mp4;C:\Users\esthe\Downloads\white line 14 _\Whit_1405_15_onehalf.mp4;C:\Users\esthe\Downloads\white line 14 _\Whit_1405_16_seven.mp4;C:\Users\esthe\Downloads\white line 14 _\Whit_1405_17_onehalf.mp4;C:\Users\esthe\Downloads\white line 14 _\Whit_1405_18_onehalf.mp4;C:\Users\esthe\Downloads\white line 14 _\Whit_1405_3_five.mp4;C:\Users\esthe\Downloads\white line 14 _\Whit_1405_4_control.mp4;C:\Users\esthe\Downloads\white line 14 _\Whit_1405_5_five.mp4;C:\Users\esthe\Downloads\white line 14 _\Whit_1405_6_seven.mp4;C:\Users\esthe\Downloads\white line 14 _\Whit_1405_7_one.mp4;C:\Users\esthe\Downloads\white line 14 _\Whit_1405_8_onehalf.mp4,0.0,11.970;18.573;4.934;13.001;10.534;8.124;25.795;6.863;16.327;16.565;11.462;7.933;12.699;6.966;16.101,30.000;30.000;30.000;30.000;30.000;24.000;24.000;30.000;30.000;30.000;30.000;30.000;30.000;30.000;30.000,Whiteline,sniffing,,,POINT,173.071,C:\Users\esthe\Downloads\white line 14 _\Whit_1405_8_onehalf.mp4,40,NA,
whit_1405,2025-06-13 17:07:23.790,,187.239,Media file(s),player #1:C:\Users\esthe\Downloads\white line 14 _\Whit_1405_10_three.mp4;C:\Users\esthe\Downloads\white line 14 _\Whit_1405_11_onehalf.mp4;C:\Users\esthe\Downloads\white line 14 _\Whit_1405_12_two.mp4;C:\Users\esthe\Downloads\white line 14 _\Whit_1405_13_one.mp4;C:\Users\esthe\Downloads\white line 14 _\Whit_1405_14_one.mp4;C:\Users\esthe\Downloads\white line 14 _\Whit_1405_15_onehalf.mp4;C:\Users\esthe\Downloads\white line 14 _\Whit_1405_16_seven.mp4;C:\Users\esthe\Downloads\white line 14 _\Whit_1405_17_onehalf.mp4;C:\Users\esthe\Downloads\white line 14 _\Whit_1405_18_onehalf.mp4;C:\Users\esthe\Downloads\white line 14 _\Whit_1405_3_five.mp4;C:\Users\esthe\Downloads\white line 14 _\Whit_1405_4_control.mp4;C:\Users\esthe\Downloads\white line 14 _\Whit_1405_5_five.mp4;C:\Users\esthe\Downloads\white line 14 _\Whit_1405_6_seven.mp4;C:\Users\esthe\Downloads\white line 14 _\Whit_1405_7_one.mp4;C:\Users\esthe\Downloads\white line 14 _\Whit_1405_8_onehalf.mp4,0.0,11.970;18.573;4.934;13.001;10.534;8.124;25.795;6.863;16.327;16.565;11.462;7.933;12.699;6.966;16.101,30.000;30.000;30.000;30.000;30.000;24.000;24.000;30.000;30.000;30.000;30.000;30.000;30.000;30.000;30.000,Whiteline,rotation,,Horizontal,START,173.171,C:\Users\esthe\Downloads\white line 14 _\Whit_1405_8_onehalf.mp4,43,NA,
whit_1405,2025-06-13 17:07:23.790,,187.239,Media file(s),player #1:C:\Users\esthe\Downloads\white line 14 _\Whit_1405_10_three.mp4;C:\Users\esthe\Downloads\white line 14 _\Whit_1405_11_onehalf.mp4;C:\Users\esthe\Downloads\white line 14 _\Whit_1405_12_two.mp4;C:\Users\esthe\Downloads\white line 14 _\Whit_1405_13_one.mp4;C:\Users\esthe\Downloads\white line 14 _\Whit_1405_14_one.mp4;C:\Users\esthe\Downloads\white line 14 _\Whit_1405_15_onehalf.mp4;C:\Users\esthe\Downloads\white line 14 _\Whit_1405_16_seven.mp4;C:\Users\esthe\Downloads\white line 14 _\Whit_1405_17_onehalf.mp4;C:\Users\esthe\Downloads\white line 14 _\Whit_1405_18_onehalf.mp4;C:\Users\esthe\Downloads\white line 14 _\Whit_1405_3_five.mp4;C:\Users\esthe\Downloads\white line 14 _\Whit_1405_4_control.mp4;C:\Users\esthe\Downloads\white line 14 _\Whit_1405_5_five.mp4;C:\Users\esthe\Downloads\white line 14 _\Whit_1405_6_seven.mp4;C:\Users\esthe\Downloads\white line 14 _\Whit_1405_7_one.mp4;C:\Users\esthe\Downloads\white line 14 _\Whit_1405_8_onehalf.mp4,0.0,11.970;18.573;4.934;13.001;10.534;8.124;25.795;6.863;16.327;16.565;11.462;7.933;12.699;6.966;16.101,30.000;30.000;30.000;30.000;30.000;24.000;24.000;30.000;30.000;30.000;30.000;30.000;30.000;30.000;30.000,Whiteline,jaw movement,,,POINT,173.238,C:\Users\esthe\Downloads\white line 14 _\Whit_1405_8_onehalf.mp4,45,NA,
whit_1405,2025-06-13 17:07:23.790,,187.239,Media file(s),player #1:C:\Users\esthe\Downloads\white line 14 _\Whit_1405_10_three.mp4;C:\Users\esthe\Downloads\white line 14 _\Whit_1405_11_onehalf.mp4;C:\Users\esthe\Downloads\white line 14 _\Whit_1405_12_two.mp4;C:\Users\esthe\Downloads\white line 14 _\Whit_1405_13_one.mp4;C:\Users\esthe\Downloads\white line 14 _\Whit_1405_14_one.mp4;C:\Users\esthe\Downloads\white line 14 _\Whit_1405_15_onehalf.mp4;C:\Users\esthe\Downloads\white line 14 _\Whit_1405_16_seven.mp4;C:\Users\esthe\Downloads\white line 14 _\Whit_1405_17_onehalf.mp4;C:\Users\esthe\Downloads\white line 14 _\Whit_1405_18_onehalf.mp4;C:\Users\esthe\Downloads\white line 14 _\Whit_1405_3_five.mp4;C:\Users\esthe\Downloads\white line 14 _\Whit_1405_4_control.mp4;C:\Users\esthe\Downloads\white line 14 _\Whit_1405_5_five.mp4;C:\Users\esthe\Downloads\white line 14 _\Whit_1405_6_seven.mp4;C:\Users\esthe\Downloads\white line 14 _\Whit_1405_7_one.mp4;C:\Users\esthe\Downloads\white line 14 _\Whit_1405_8_onehalf.mp4,0.0,11.970;18.573;4.934;13.001;10.534;8.124;25.795;6.863;16.327;16.565;11.462;7.933;12.699;6.966;16.101,30.000;30.000;30.000;30.000;30.000;24.000;24.000;30.000;30.000;30.000;30.000;30.000;30.000;30.000;30.000,Whiteline,teeth-hole contact,,,POINT,173.638,C:\Users\esthe\Downloads\white line 14 _\Whit_1405_8_onehalf.mp4,57,NA,
whit_1405,2025-06-13 17:07:23.790,,187.239,Media file(s),player #1:C:\Users\esthe\Downloads\white line 14 _\Whit_1405_10_three.mp4;C:\Users\esthe\Downloads\white line 14 _\Whit_1405_11_onehalf.mp4;C:\Users\esthe\Downloads\white line 14 _\Whit_1405_12_two.mp4;C:\Users\esthe\Downloads\white line 14 _\Whit_1405_13_one.mp4;C:\Users\esthe\Downloads\white line 14 _\Whit_1405_14_one.mp4;C:\Users\esthe\Downloads\white line 14 _\Whit_1405_15_onehalf.mp4;C:\Users\esthe\Downloads\white line 14 _\Whit_1405_16_seven.mp4;C:\Users\esthe\Downloads\white line 14 _\Whit_1405_17_onehalf.mp4;C:\Users\esthe\Downloads\white line 14 _\Whit_1405_18_onehalf.mp4;C:\Users\esthe\Downloads\white line 14 _\Whit_1405_3_five.mp4;C:\Users\esthe\Downloads\white line 14 _\Whit_1405_4_control.mp4;C:\Users\esthe\Downloads\white line 14 _\Whit_1405_5_five.mp4;C:\Users\esthe\Downloads\white line 14 _\Whit_1405_6_seven.mp4;C:\Users\esthe\Downloads\white line 14 _\Whit_1405_7_one.mp4;C:\Users\esthe\Downloads\white line 14 _\Whit_1405_8_onehalf.mp4,0.0,11.970;18.573;4.934;13.001;10.534;8.124;25.795;6.863;16.327;16.565;11.462;7.933;12.699;6.966;16.101,30.000;30.000;30.000;30.000;30.000;24.000;24.000;30.000;30.000;30.000;30.000;30.000;30.000;30.000;30.000,Whiteline,translational jaw movement,,,POINT,173.738,C:\Users\esthe\Downloads\white line 14 _\Whit_1405_8_onehalf.mp4,60,NA,
whit_1405,2025-06-13 17:07:23.790,,187.239,Media file(s),player #1:C:\Users\esthe\Downloads\white line 14 _\Whit_1405_10_three.mp4;C:\Users\esthe\Downloads\white line 14 _\Whit_1405_11_onehalf.mp4;C:\Users\esthe\Downloads\white line 14 _\Whit_1405_12_two.mp4;C:\Users\esthe\Downloads\white line 14 _\Whit_1405_13_one.mp4;C:\Users\esthe\Downloads\white line 14 _\Whit_1405_14_one.mp4;C:\Users\esthe\Downloads\white line 14 _\Whit_1405_15_onehalf.mp4;C:\Users\esthe\Downloads\white line 14 _\Whit_1405_16_seven.mp4;C:\Users\esthe\Downloads\white line 14 _\Whit_1405_17_onehalf.mp4;C:\Users\esthe\Downloads\white line 14 _\Whit_1405_18_onehalf.mp4;C:\Users\esthe\Downloads\white line 14 _\Whit_1405_3_five.mp4;C:\Users\esthe\Downloads\white line 14 _\Whit_1405_4_control.mp4;C:\Users\esthe\Downloads\white line 14 _\Whit_1405_5_five.mp4;C:\Users\esthe\Downloads\white line 14 _\Whit_1405_6_seven.mp4;C:\Users\esthe\Downloads\white line 14 _\Whit_1405_7_one.mp4;C:\Users\esthe\Downloads\white line 14 _\Whit_1405_8_onehalf.mp4,0.0,11.970;18.573;4.934;13.001;10.534;8.124;25.795;6.863;16.327;16.565;11.462;7.933;12.699;6.966;16.101,30.000;30.000;30.000;30.000;30.000;24.000;24.000;30.000;30.000;30.000;30.000;30.000;30.000;30.000;30.000,Whiteline,assessing,,,STOP,174.005,C:\Users\esthe\Downloads\white line 14 _\Whit_1405_8_onehalf.mp4,68,NA,
whit_1405,2025-06-13 17:07:23.790,,187.239,Media file(s),player #1:C:\Users\esthe\Downloads\white line 14 _\Whit_1405_10_three.mp4;C:\Users\esthe\Downloads\white line 14 _\Whit_1405_11_onehalf.mp4;C:\Users\esthe\Downloads\white line 14 _\Whit_1405_12_two.mp4;C:\Users\esthe\Downloads\white line 14 _\Whit_1405_13_one.mp4;C:\Users\esthe\Downloads\white line 14 _\Whit_1405_14_one.mp4;C:\Users\esthe\Downloads\white line 14 _\Whit_1405_15_onehalf.mp4;C:\Users\esthe\Downloads\white line 14 _\Whit_1405_16_seven.mp4;C:\Users\esthe\Downloads\white line 14 _\Whit_1405_17_onehalf.mp4;C:\Users\esthe\Downloads\white line 14 _\Whit_1405_18_onehalf.mp4;C:\Users\esthe\Downloads\white line 14 _\Whit_1405_3_five.mp4;C:\Users\esthe\Downloads\white line 14 _\Whit_1405_4_control.mp4;C:\Users\esthe\Downloads\white line 14 _\Whit_1405_5_five.mp4;C:\Users\esthe\Downloads\white line 14 _\Whit_1405_6_seven.mp4;C:\Users\esthe\Downloads\white line 14 _\Whit_1405_7_one.mp4;C:\Users\esthe\Downloads\white line 14 _\Whit_1405_8_onehalf.mp4,0.0,11.970;18.573;4.934;13.001;10.534;8.124;25.795;6.863;16.327;16.565;11.462;7.933;12.699;6.966;16.101,30.000;30.000;30.000;30.000;30.000;24.000;24.000;30.000;30.000;30.000;30.000;30.000;30.000;30.000;30.000,Whiteline,rotation,,Horizontal,STOP,174.005,C:\Users\esthe\Downloads\white line 14 _\Whit_1405_8_onehalf.mp4,68,NA,
whit_1405,2025-06-13 17:07:23.790,,187.239,Media file(s),player #1:C:\Users\esthe\Downloads\white line 14 _\Whit_1405_10_three.mp4;C:\Users\esthe\Downloads\white line 14 _\Whit_1405_11_onehalf.mp4;C:\Users\esthe\Downloads\white line 14 _\Whit_1405_12_two.mp4;C:\Users\esthe\Downloads\white line 14 _\Whit_1405_13_one.mp4;C:\Users\esthe\Downloads\white line 14 _\Whit_1405_14_one.mp4;C:\Users\esthe\Downloads\white line 14 _\Whit_1405_15_onehalf.mp4;C:\Users\esthe\Downloads\white line 14 _\Whit_1405_16_seven.mp4;C:\Users\esthe\Downloads\white line 14 _\Whit_1405_17_onehalf.mp4;C:\Users\esthe\Downloads\white line 14 _\Whit_1405_18_onehalf.mp4;C:\Users\esthe\Downloads\white line 14 _\Whit_1405_3_five.mp4;C:\Users\esthe\Downloads\white line 14 _\Whit_1405_4_control.mp4;C:\Users\esthe\Downloads\white line 14 _\Whit_1405_5_five.mp4;C:\Users\esthe\Downloads\white line 14 _\Whit_1405_6_seven.mp4;C:\Users\esthe\Downloads\white line 14 _\Whit_1405_7_one.mp4;C:\Users\esthe\Downloads\white line 14 _\Whit_1405_8_onehalf.mp4,0.0,11.970;18.573;4.934;13.001;10.534;8.124;25.795;6.863;16.327;16.565;11.462;7.933;12.699;6.966;16.101,30.000;30.000;30.000;30.000;30.000;24.000;24.000;30.000;30.000;30.000;30.000;30.000;30.000;30.000;30.000,Whiteline,jaw movement,,,POINT,174.138,C:\Users\esthe\Downloads\white line 14 _\Whit_1405_8_onehalf.mp4,72,NA,
whit_1405,2025-06-13 17:07:23.790,,187.239,Media file(s),player #1:C:\Users\esthe\Downloads\white line 14 _\Whit_1405_10_three.mp4;C:\Users\esthe\Downloads\white line 14 _\Whit_1405_11_onehalf.mp4;C:\Users\esthe\Downloads\white line 14 _\Whit_1405_12_two.mp4;C:\Users\esthe\Downloads\white line 14 _\Whit_1405_13_one.mp4;C:\Users\esthe\Downloads\white line 14 _\Whit_1405_14_one.mp4;C:\Users\esthe\Downloads\white line 14 _\Whit_1405_15_onehalf.mp4;C:\Users\esthe\Downloads\white line 14 _\Whit_1405_16_seven.mp4;C:\Users\esthe\Downloads\white line 14 _\Whit_1405_17_onehalf.mp4;C:\Users\esthe\Downloads\white line 14 _\Whit_1405_18_onehalf.mp4;C:\Users\esthe\Downloads\white line 14 _\Whit_1405_3_five.mp4;C:\Users\esthe\Downloads\white line 14 _\Whit_1405_4_control.mp4;C:\Users\esthe\Downloads\white line 14 _\Whit_1405_5_five.mp4;C:\Users\esthe\Downloads\white line 14 _\Whit_1405_6_seven.mp4;C:\Users\esthe\Downloads\white line 14 _\Whit_1405_7_one.mp4;C:\Users\esthe\Downloads\white line 14 _\Whit_1405_8_onehalf.mp4,0.0,11.970;18.573;4.934;13.001;10.534;8.124;25.795;6.863;16.327;16.565;11.462;7.933;12.699;6.966;16.101,30.000;30.000;30.000;30.000;30.000;24.000;24.000;30.000;30.000;30.000;30.000;30.000;30.000;30.000;30.000,Whiteline,peeling,,,START,174.438,C:\Users\esthe\Downloads\white line 14 _\Whit_1405_8_onehalf.mp4,81,NA,
whit_1405,2025-06-13 17:07:23.790,,187.239,Media file(s),player #1:C:\Users\esthe\Downloads\white line 14 _\Whit_1405_10_three.mp4;C:\Users\esthe\Downloads\white line 14 _\Whit_1405_11_onehalf.mp4;C:\Users\esthe\Downloads\white line 14 _\Whit_1405_12_two.mp4;C:\Users\esthe\Downloads\white line 14 _\Whit_1405_13_one.mp4;C:\Users\esthe\Downloads\white line 14 _\Whit_1405_14_one.mp4;C:\Users\esthe\Downloads\white line 14 _\Whit_1405_15_onehalf.mp4;C:\Users\esthe\Downloads\white line 14 _\Whit_1405_16_seven.mp4;C:\Users\esthe\Downloads\white line 14 _\Whit_1405_17_onehalf.mp4;C:\Users\esthe\Downloads\white line 14 _\Whit_1405_18_onehalf.mp4;C:\Users\esthe\Downloads\white line 14 _\Whit_1405_3_five.mp4;C:\Users\esthe\Downloads\white line 14 _\Whit_1405_4_control.mp4;C:\Users\esthe\Downloads\white line 14 _\Whit_1405_5_five.mp4;C:\Users\esthe\Downloads\white line 14 _\Whit_1405_6_seven.mp4;C:\Users\esthe\Downloads\white line 14 _\Whit_1405_7_one.mp4;C:\Users\esthe\Downloads\white line 14 _\Whit_1405_8_onehalf.mp4,0.0,11.970;18.573;4.934;13.001;10.534;8.124;25.795;6.863;16.327;16.565;11.462;7.933;12.699;6.966;16.101,30.000;30.000;30.000;30.000;30.000;24.000;24.000;30.000;30.000;30.000;30.000;30.000;30.000;30.000;30.000,Whiteline,ear clapping,,,POINT,174.505,C:\Users\esthe\Downloads\white line 14 _\Whit_1405_8_onehalf.mp4,83,NA,
whit_1405,2025-06-13 17:07:23.790,,187.239,Media file(s),player #1:C:\Users\esthe\Downloads\white line 14 _\Whit_1405_10_three.mp4;C:\Users\esthe\Downloads\white line 14 _\Whit_1405_11_onehalf.mp4;C:\Users\esthe\Downloads\white line 14 _\Whit_1405_12_two.mp4;C:\Users\esthe\Downloads\white line 14 _\Whit_1405_13_one.mp4;C:\Users\esthe\Downloads\white line 14 _\Whit_1405_14_one.mp4;C:\Users\esthe\Downloads\white line 14 _\Whit_1405_15_onehalf.mp4;C:\Users\esthe\Downloads\white line 14 _\Whit_1405_16_seven.mp4;C:\Users\esthe\Downloads\white line 14 _\Whit_1405_17_onehalf.mp4;C:\Users\esthe\Downloads\white line 14 _\Whit_1405_18_onehalf.mp4;C:\Users\esthe\Downloads\white line 14 _\Whit_1405_3_five.mp4;C:\Users\esthe\Downloads\white line 14 _\Whit_1405_4_control.mp4;C:\Users\esthe\Downloads\white line 14 _\Whit_1405_5_five.mp4;C:\Users\esthe\Downloads\white line 14 _\Whit_1405_6_seven.mp4;C:\Users\esthe\Downloads\white line 14 _\Whit_1405_7_one.mp4;C:\Users\esthe\Downloads\white line 14 _\Whit_1405_8_onehalf.mp4,0.0,11.970;18.573;4.934;13.001;10.534;8.124;25.795;6.863;16.327;16.565;11.462;7.933;12.699;6.966;16.101,30.000;30.000;30.000;30.000;30.000;24.000;24.000;30.000;30.000;30.000;30.000;30.000;30.000;30.000;30.000,Whiteline,peeling,,,STOP,175.005,C:\Users\esthe\Downloads\white line 14 _\Whit_1405_8_onehalf.mp4,98,NA,
whit_1405,2025-06-13 17:07:23.790,,187.239,Media file(s),player #1:C:\Users\esthe\Downloads\white line 14 _\Whit_1405_10_three.mp4;C:\Users\esthe\Downloads\white line 14 _\Whit_1405_11_onehalf.mp4;C:\Users\esthe\Downloads\white line 14 _\Whit_1405_12_two.mp4;C:\Users\esthe\Downloads\white line 14 _\Whit_1405_13_one.mp4;C:\Users\esthe\Downloads\white line 14 _\Whit_1405_14_one.mp4;C:\Users\esthe\Downloads\white line 14 _\Whit_1405_15_onehalf.mp4;C:\Users\esthe\Downloads\white line 14 _\Whit_1405_16_seven.mp4;C:\Users\esthe\Downloads\white line 14 _\Whit_1405_17_onehalf.mp4;C:\Users\esthe\Downloads\white line 14 _\Whit_1405_18_onehalf.mp4;C:\Users\esthe\Downloads\white line 14 _\Whit_1405_3_five.mp4;C:\Users\esthe\Downloads\white line 14 _\Whit_1405_4_control.mp4;C:\Users\esthe\Downloads\white line 14 _\Whit_1405_5_five.mp4;C:\Users\esthe\Downloads\white line 14 _\Whit_1405_6_seven.mp4;C:\Users\esthe\Downloads\white line 14 _\Whit_1405_7_one.mp4;C:\Users\esthe\Downloads\white line 14 _\Whit_1405_8_onehalf.mp4,0.0,11.970;18.573;4.934;13.001;10.534;8.124;25.795;6.863;16.327;16.565;11.462;7.933;12.699;6.966;16.101,30.000;30.000;30.000;30.000;30.000;24.000;24.000;30.000;30.000;30.000;30.000;30.000;30.000;30.000;30.000,Whiteline,target,,,START,175.205,C:\Users\esthe\Downloads\white line 14 _\Whit_1405_8_onehalf.mp4,104,NA,
whit_1405,2025-06-13 17:07:23.790,,187.239,Media file(s),player #1:C:\Users\esthe\Downloads\white line 14 _\Whit_1405_10_three.mp4;C:\Users\esthe\Downloads\white line 14 _\Whit_1405_11_onehalf.mp4;C:\Users\esthe\Downloads\white line 14 _\Whit_1405_12_two.mp4;C:\Users\esthe\Downloads\white line 14 _\Whit_1405_13_one.mp4;C:\Users\esthe\Downloads\white line 14 _\Whit_1405_14_one.mp4;C:\Users\esthe\Downloads\white line 14 _\Whit_1405_15_onehalf.mp4;C:\Users\esthe\Downloads\white line 14 _\Whit_1405_16_seven.mp4;C:\Users\esthe\Downloads\white line 14 _\Whit_1405_17_onehalf.mp4;C:\Users\esthe\Downloads\white line 14 _\Whit_1405_18_onehalf.mp4;C:\Users\esthe\Downloads\white line 14 _\Whit_1405_3_five.mp4;C:\Users\esthe\Downloads\white line 14 _\Whit_1405_4_control.mp4;C:\Users\esthe\Downloads\white line 14 _\Whit_1405_5_five.mp4;C:\Users\esthe\Downloads\white line 14 _\Whit_1405_6_seven.mp4;C:\Users\esthe\Downloads\white line 14 _\Whit_1405_7_one.mp4;C:\Users\esthe\Downloads\white line 14 _\Whit_1405_8_onehalf.mp4,0.0,11.970;18.573;4.934;13.001;10.534;8.124;25.795;6.863;16.327;16.565;11.462;7.933;12.699;6.966;16.101,30.000;30.000;30.000;30.000;30.000;24.000;24.000;30.000;30.000;30.000;30.000;30.000;30.000;30.000;30.000,Whiteline,target,,,STOP,187.239,C:\Users\esthe\Downloads\white line 14 _\Whit_1405_8_onehalf.mp4,465,NA,
