Observation id,Observation date,Description,Observation duration,Observation type,Source,Time offset (s),Media duration (s),FPS,Subject,Behavior,Behavioral category,Modifier #1,Behavior type,Time,Media file name,Image index,Image file path,Comment
whit_1405(2),2025-06-27 14:55:43.116,,109.442,Media file(s),player #1:C:\Users\esthe\Downloads\white line 14 1 _\Whit_1405_10_one(2).mp4;C:\Users\esthe\Downloads\white line 14 1 _\Whit_1405_11_two(2).mp4;C:\Users\esthe\Downloads\white line 14 1 _\Whit_1405_12_three(2).mp4;C:\Users\esthe\Downloads\white line 14 1 _\Whit_1405_13_five(2).mp4;C:\Users\esthe\Downloads\white line 14 1 _\Whit_1405_2_five (2).mp4;C:\Users\esthe\Downloads\white line 14 1 _\Whit_1405_3_one (2).mp4;C:\Users\esthe\Downloads\white line 14 1 _\Whit_1405_4_control (2).mp4;C:\Users\esthe\Downloads\white line 14 1 _\Whit_1405_5_three(2).mp4;C:\Users\esthe\Downloads\white line 14 1 _\Whit_1405_6_one(2).mp4;C:\Users\esthe\Downloads\white line 14 1 _\Whit_1405_7_two(2).mp4;C:\Users\esthe\Downloads\white line 14 1 _\Whit_1405_8_onehalf(2).mp4;C:\Users\esthe\Downloads\white line 14 1 _\Whit_1405_9_five(2).mp4,0.0,6.365;3.661;7.299;10.332;7.866;6.166;16.964;6.932;4.266;7.799;4.766;27.063,30.000;30.000;30.000;30.000;30.000;30.000;30.000;30.000;30.000;30.000;30.000;30.000,Whiteline,bending,,,START,0.000,C:\Users\esthe\Downloads\white line 14 1 _\Whit_1405_10_one(2).mp4,0,NA,
whit_1405(2),2025-06-27 14:55:43.116,,109.442,Media file(s),player #1:C:\Users\esthe\Downloads\white line 14 1 _\Whit_1405_10_one(2).mp4;C:\Users\esthe\Downloads\white line 14 1 _\Whit_1405_11_two(2).mp4;C:\Users\esthe\Downloads\white line 14 1 _\Whit_1405_12_three(2).mp4;C:\Users\esthe\Downloads\white line 14 1 _\Whit_1405_13_five(2).mp4;C:\Users\esthe\Downloads\white line 14 1 _\Whit_1405_2_five (2).mp4;C:\Users\esthe\Downloads\white line 14 1 _\Whit_1405_3_one (2).mp4;C:\Users\esthe\Downloads\white line 14 1 _\Whit_1405_4_control (2).mp4;C:\Users\esthe\Downloads\white line 14 1 _\Whit_1405_5_three(2).mp4;C:\Users\esthe\Downloads\white line 14 1 _\Whit_1405_6_one(2).mp4;C:\Users\esthe\Downloads\white line 14 1 _\Whit_1405_7_two(2).mp4;C:\Users\esthe\Downloads\white line 14 1 _\Whit_1405_8_onehalf(2).mp4;C:\Users\esthe\Downloads\white line 14 1 _\Whit_1405_9_five(2).mp4,0.0,6.365;3.661;7.299;10.332;7.866;6.166;16.964;6.932;4.266;7.799;4.766;27.063,30.000;30.000;30.000;30.000;30.000;30.000;30.000;30.000;30.000;30.000;30.000;30.000,Whiteline,bending,,,STOP,0.400,C:\Users\esthe\Downloads\white line 14 1 _\Whit_1405_10_one(2).mp4,12,NA,
whit_1405(2),2025-06-27 14:55:43.116,,109.442,Media file(s),player #1:C:\Users\esthe\Downloads\white line 14 1 _\Whit_1405_10_one(2).mp4;C:\Users\esthe\Downloads\white line 14 1 _\Whit_1405_11_two(2).mp4;C:\Users\esthe\Downloads\white line 14 1 _\Whit_1405_12_three(2).mp4;C:\Users\esthe\Downloads\white line 14 1 _\Whit_1405_13_five(2).mp4;C:\Users\esthe\Downloads\white line 14 1 _\Whit_1405_2_five (2).mp4;C:\Users\esthe\Downloads\white line 14 1 _\Whit_1405_3_one (2).mp4;C:\Users\esthe\Downloads\white line 14 1 _\Whit_1405_4_control (2).mp4;C:\Users\esthe\Downloads\white line 14 1 _\Whit_1405_5_three(2).mp4;C:\Users\esthe\Downloads\white line 14 1 _\Whit_1405_6_one(2).mp4;C:\Users\esthe\Downloads\white line 14 1 _\Whit_1405_7_two(2).mp4;C:\Users\esthe\Downloads\white line 14 1 _\Whit_1405_8_onehalf(2).mp4;C:\Users\esthe\Downloads\white line 14 1 _\Whit_1405_9_five(2).mp4,0.0,6.365;3.661;7.299;10.332;7.866;6.166;16.964;6.932;4.266;7.799;4.766;27.063,30.000;30.000;30.000;30.000;30.000;30.000;30.000;30.000;30.000;30.000;30.000;30.000,Whiteline,grabbing peanut,,,POINT,0.400,C:\Users\esthe\Downloads\white line 14 1 _\Whit_1405_10_one(2).mp4,12,NA,
whit_1405(2),2025-06-27 14:55:43.116,,109.442,Media file(s),player #1:C:\Users\esthe\Downloads\white line 14 1 _\Whit_1405_10_one(2).mp4;C:\Users\esthe\Downloads\white line 14 1 _\Whit_1405_11_two(2).mp4;C:\Users\esthe\Downloads\white line 14 1 _\Whit_1405_12_three(2).mp4;C:\Users\esthe\Downloads\white line 14 1 _\Whit_1405_13_five(2).mp4;C:\Users\esthe\Downloads\white line 14 1 _\Whit_1405_2_five (2).mp4;C:\Users\esthe\Downloads\white line 14 1 _\Whit_1405_3_one (2).mp4;C:\Users\esthe\Downloads\white line 14 1 _\Whit_1405_4_control (2).mp4;C:\Users\esthe\Downloads\white line 14 1 _\Whit_1405_5_three(2).mp4;C:\Users\esthe\Downloads\white line 14 1 _\Whit_1405_6_one(2).mp4;C:\Users\esthe\Downloads\white line 14 1 _\Whit_1405_7_two(2).mp4;C:\Users\esthe\Downloads\white line 14 1 _\Whit_1405_8_onehalf(2).mp4;C:\Users\esthe\Downloads\white line 14 1 _\Whit_1405_9_five(2).mp4,0.0,6.365;3.661;7.299;10.332;7.866;6.166;16.964;6.932;4.266;7.799;4.766;27.063,30.000;30.000;30.000;30.000;30.000;30.000;30.000;30.000;30.000;30.000;30.000;30.000,Whiteline,lifting,,,START,0.433,C:\Users\esthe\Downloads\white line 14 1 _\Whit_1405_10_one(2).mp4,13,NA,
whit_1405(2),2025-06-27 14:55:43.116,,109.442,Media file(s),player #1:C:\Users\esthe\Downloads\white line 14 1 _\Whit_1405_10_one(2).mp4;C:\Users\esthe\Downloads\white line 14 1 _\Whit_1405_11_two(2).mp4;C:\Users\esthe\Downloads\white line 14 1 _\Whit_1405_12_three(2).mp4;C:\Users\esthe\Downloads\white line 14 1 _\Whit_1405_13_five(2).mp4;C:\Users\esthe\Downloads\white line 14 1 _\Whit_1405_2_five (2).mp4;C:\Users\esthe\Downloads\white line 14 1 _\Whit_1405_3_one (2).mp4;C:\Users\esthe\Downloads\white line 14 1 _\Whit_1405_4_control (2).mp4;C:\Users\esthe\Downloads\white line 14 1 _\Whit_1405_5_three(2).mp4;C:\Users\esthe\Downloads\white line 14 1 _\Whit_1405_6_one(2).mp4;C:\Users\esthe\Downloads\white line 14 1 _\Whit_1405_7_two(2).mp4;C:\Users\esthe\Downloads\white line 14 1 _\Whit_1405_8_onehalf(2).mp4;C:\Users\esthe\Downloads\white line 14 1 _\Whit_1405_9_five(2).mp4,0.0,6.365;3.661;7.299;10.332;7.866;6.166;16.964;6.932;4.266;7.799;4.766;27.063,30.000;30.000;30.000;30.000;30.000;30.000;30.000;30.000;30.000;30.000;30.000;30.000,Whiteline,lifting,,,STOP,1.498,C:\Users\esthe\Downloads\white line 14 1 _\Whit_1405_10_one(2).mp4,45,NA,
whit_1405(2),2025-06-27 14:55:43.116,,109.442,Media file(s),player #1:C:\Users\esthe\Downloads\white line 14 1 _\Whit_1405_10_one(2).mp4;C:\Users\esthe\Downloads\white line 14 1 _\Whit_1405_11_two(2).mp4;C:\Users\esthe\Downloads\white line 14 1 _\Whit_1405_12_three(2).mp4;C:\Users\esthe\Downloads\white line 14 1 _\Whit_1405_13_five(2).mp4;C:\Users\esthe\Downloads\white line 14 1 _\Whit_1405_2_five (2).mp4;C:\Users\esthe\Downloads\white line 14 1 _\Whit_1405_3_one (2).mp4;C:\Users\esthe\Downloads\white line 14 1 _\Whit_1405_4_control (2).mp4;C:\Users\esthe\Downloads\white line 14 1 _\Whit_1405_5_three(2).mp4;C:\Users\esthe\Downloads\white line 14 1 _\Whit_1405_6_one(2).mp4;C:\Users\esthe\Downloads\white line 14 1 _\Whit_1405_7_two(2).mp4;C:\Users\esthe\Downloads\white line 14 1 _\Whit_1405_8_onehalf(2).mp4;C:\Users\esthe\Downloads\white line 14 1 _\Whit_1405_9_five(2).mp4,0.0,6.365;3.661;7.299;10.332;7.866;6.166;16.964;6.932;4.266;7.799;4.766;27.063,30.000;30.000;30.000;30.000;30.000;30.000;30.000;30.000;30.000;30.000;30.000;30.000,Whiteline,assessing,,,START,1.664,C:\Users\esthe\Downloads\white line 14 1 _\Whit_1405_10_one(2).mp4,50,NA,
whit_1405(2),2025-06-27 14:55:43.116,,109.442,Media file(s),player #1:C:\Users\esthe\Downloads\white line 14 1 _\Whit_1405_10_one(2).mp4;C:\Users\esthe\Downloads\white line 14 1 _\Whit_1405_11_two(2).mp4;C:\Users\esthe\Downloads\white line 14 1 _\Whit_1405_12_three(2).mp4;C:\Users\esthe\Downloads\white line 14 1 _\Whit_1405_13_five(2).mp4;C:\Users\esthe\Downloads\white line 14 1 _\Whit_1405_2_five (2).mp4;C:\Users\esthe\Downloads\white line 14 1 _\Whit_1405_3_one (2).mp4;C:\Users\esthe\Downloads\white line 14 1 _\Whit_1405_4_control (2).mp4;C:\Users\esthe\Downloads\white line 14 1 _\Whit_1405_5_three(2).mp4;C:\Users\esthe\Downloads\white line 14 1 _\Whit_1405_6_one(2).mp4;C:\Users\esthe\Downloads\white line 14 1 _\Whit_1405_7_two(2).mp4;C:\Users\esthe\Downloads\white line 14 1 _\Whit_1405_8_onehalf(2).mp4;C:\Users\esthe\Downloads\white line 14 1 _\Whit_1405_9_five(2).mp4,0.0,6.365;3.661;7.299;10.332;7.866;6.166;16.964;6.932;4.266;7.799;4.766;27.063,30.000;30.000;30.000;30.000;30.000;30.000;30.000;30.000;30.000;30.000;30.000;30.000,Whiteline,jaw movement,,,POINT,1.698,C:\Users\esthe\Downloads\white line 14 1 _\Whit_1405_10_one(2).mp4,51,NA,
whit_1405(2),2025-06-27 14:55:43.116,,109.442,Media file(s),player #1:C:\Users\esthe\Downloads\white line 14 1 _\Whit_1405_10_one(2).mp4;C:\Users\esthe\Downloads\white line 14 1 _\Whit_1405_11_two(2).mp4;C:\Users\esthe\Downloads\white line 14 1 _\Whit_1405_12_three(2).mp4;C:\Users\esthe\Downloads\white line 14 1 _\Whit_1405_13_five(2).mp4;C:\Users\esthe\Downloads\white line 14 1 _\Whit_1405_2_five (2).mp4;C:\Users\esthe\Downloads\white line 14 1 _\Whit_1405_3_one (2).mp4;C:\Users\esthe\Downloads\white line 14 1 _\Whit_1405_4_control (2).mp4;C:\Users\esthe\Downloads\white line 14 1 _\Whit_1405_5_three(2).mp4;C:\Users\esthe\Downloads\white line 14 1 _\Whit_1405_6_one(2).mp4;C:\Users\esthe\Downloads\white line 14 1 _\Whit_1405_7_two(2).mp4;C:\Users\esthe\Downloads\white line 14 1 _\Whit_1405_8_onehalf(2).mp4;C:\Users\esthe\Downloads\white line 14 1 _\Whit_1405_9_five(2).mp4,0.0,6.365;3.661;7.299;10.332;7.866;6.166;16.964;6.932;4.266;7.799;4.766;27.063,30.000;30.000;30.000;30.000;30.000;30.000;30.000;30.000;30.000;30.000;30.000;30.000,Whiteline,rotation,,Vertical,START,1.698,C:\Users\esthe\Downloads\white line 14 1 _\Whit_1405_10_one(2).mp4,51,NA,
whit_1405(2),2025-06-27 14:55:43.116,,109.442,Media file(s),player #1:C:\Users\esthe\Downloads\white line 14 1 _\Whit_1405_10_one(2).mp4;C:\Users\esthe\Downloads\white line 14 1 _\Whit_1405_11_two(2).mp4;C:\Users\esthe\Downloads\white line 14 1 _\Whit_1405_12_three(2).mp4;C:\Users\esthe\Downloads\white line 14 1 _\Whit_1405_13_five(2).mp4;C:\Users\esthe\Downloads\white line 14 1 _\Whit_1405_2_five (2).mp4;C:\Users\esthe\Downloads\white line 14 1 _\Whit_1405_3_one (2).mp4;C:\Users\esthe\Downloads\white line 14 1 _\Whit_1405_4_control (2).mp4;C:\Users\esthe\Downloads\white line 14 1 _\Whit_1405_5_three(2).mp4;C:\Users\esthe\Downloads\white line 14 1 _\Whit_1405_6_one(2).mp4;C:\Users\esthe\Downloads\white line 14 1 _\Whit_1405_7_two(2).mp4;C:\Users\esthe\Downloads\white line 14 1 _\Whit_1405_8_onehalf(2).mp4;C:\Users\esthe\Downloads\white line 14 1 _\Whit_1405_9_five(2).mp4,0.0,6.365;3.661;7.299;10.332;7.866;6.166;16.964;6.932;4.266;7.799;4.766;27.063,30.000;30.000;30.000;30.000;30.000;30.000;30.000;30.000;30.000;30.000;30.000;30.000,Whiteline,jaw movement,,,POINT,2.098,C:\Users\esthe\Downloads\white line 14 1 _\Whit_1405_10_one(2).mp4,63,NA,
whit_1405(2),2025-06-27 14:55:43.116,,109.442,Media file(s),player #1:C:\Users\esthe\Downloads\white line 14 1 _\Whit_1405_10_one(2).mp4;C:\Users\esthe\Downloads\white line 14 1 _\Whit_1405_11_two(2).mp4;C:\Users\esthe\Downloads\white line 14 1 _\Whit_1405_12_three(2).mp4;C:\Users\esthe\Downloads\white line 14 1 _\Whit_1405_13_five(2).mp4;C:\Users\esthe\Downloads\white line 14 1 _\Whit_1405_2_five (2).mp4;C:\Users\esthe\Downloads\white line 14 1 _\Whit_1405_3_one (2).mp4;C:\Users\esthe\Downloads\white line 14 1 _\Whit_1405_4_control (2).mp4;C:\Users\esthe\Downloads\white line 14 1 _\Whit_1405_5_three(2).mp4;C:\Users\esthe\Downloads\white line 14 1 _\Whit_1405_6_one(2).mp4;C:\Users\esthe\Downloads\white line 14 1 _\Whit_1405_7_two(2).mp4;C:\Users\esthe\Downloads\white line 14 1 _\Whit_1405_8_onehalf(2).mp4;C:\Users\esthe\Downloads\white line 14 1 _\Whit_1405_9_five(2).mp4,0.0,6.365;3.661;7.299;10.332;7.866;6.166;16.964;6.932;4.266;7.799;4.766;27.063,30.000;30.000;30.000;30.000;30.000;30.000;30.000;30.000;30.000;30.000;30.000;30.000,Whiteline,rotation,,Vertical,STOP,2.098,C:\Users\esthe\Downloads\white line 14 1 _\Whit_1405_10_one(2).mp4,63,NA,
whit_1405(2),2025-06-27 14:55:43.116,,109.442,Media file(s),player #1:C:\Users\esthe\Downloads\white line 14 1 _\Whit_1405_10_one(2).mp4;C:\Users\esthe\Downloads\white line 14 1 _\Whit_1405_11_two(2).mp4;C:\Users\esthe\Downloads\white line 14 1 _\Whit_1405_12_three(2).mp4;C:\Users\esthe\Downloads\white line 14 1 _\Whit_1405_13_five(2).mp4;C:\Users\esthe\Downloads\white line 14 1 _\Whit_1405_2_five (2).mp4;C:\Users\esthe\Downloads\white line 14 1 _\Whit_1405_3_one (2).mp4;C:\Users\esthe\Downloads\white line 14 1 _\Whit_1405_4_control (2).mp4;C:\Users\esthe\Downloads\white line 14 1 _\Whit_1405_5_three(2).mp4;C:\Users\esthe\Downloads\white line 14 1 _\Whit_1405_6_one(2).mp4;C:\Users\esthe\Downloads\white line 14 1 _\Whit_1405_7_two(2).mp4;C:\Users\esthe\Downloads\white line 14 1 _\Whit_1405_8_onehalf(2).mp4;C:\Users\esthe\Downloads\white line 14 1 _\Whit_1405_9_five(2).mp4,0.0,6.365;3.661;7.299;10.332;7.866;6.166;16.964;6.932;4.266;7.799;4.766;27.063,30.000;30.000;30.000;30.000;30.000;30.000;30.000;30.000;30.000;30.000;30.000;30.000,Whiteline,rotation,,Vertical,START,2.131,C:\Users\esthe\Downloads\white line 14 1 _\Whit_1405_10_one(2).mp4,64,NA,
whit_1405(2),2025-06-27 14:55:43.116,,109.442,Media file(s),player #1:C:\Users\esthe\Downloads\white line 14 1 _\Whit_1405_10_one(2).mp4;C:\Users\esthe\Downloads\white line 14 1 _\Whit_1405_11_two(2).mp4;C:\Users\esthe\Downloads\white line 14 1 _\Whit_1405_12_three(2).mp4;C:\Users\esthe\Downloads\white line 14 1 _\Whit_1405_13_five(2).mp4;C:\Users\esthe\Downloads\white line 14 1 _\Whit_1405_2_five (2).mp4;C:\Users\esthe\Downloads\white line 14 1 _\Whit_1405_3_one (2).mp4;C:\Users\esthe\Downloads\white line 14 1 _\Whit_1405_4_control (2).mp4;C:\Users\esthe\Downloads\white line 14 1 _\Whit_1405_5_three(2).mp4;C:\Users\esthe\Downloads\white line 14 1 _\Whit_1405_6_one(2).mp4;C:\Users\esthe\Downloads\white line 14 1 _\Whit_1405_7_two(2).mp4;C:\Users\esthe\Downloads\white line 14 1 _\Whit_1405_8_onehalf(2).mp4;C:\Users\esthe\Downloads\white line 14 1 _\Whit_1405_9_five(2).mp4,0.0,6.365;3.661;7.299;10.332;7.866;6.166;16.964;6.932;4.266;7.799;4.766;27.063,30.000;30.000;30.000;30.000;30.000;30.000;30.000;30.000;30.000;30.000;30.000;30.000,Whiteline,jaw movement,,,POINT,2.265,C:\Users\esthe\Downloads\white line 14 1 _\Whit_1405_10_one(2).mp4,68,NA,
whit_1405(2),2025-06-27 14:55:43.116,,109.442,Media file(s),player #1:C:\Users\esthe\Downloads\white line 14 1 _\Whit_1405_10_one(2).mp4;C:\Users\esthe\Downloads\white line 14 1 _\Whit_1405_11_two(2).mp4;C:\Users\esthe\Downloads\white line 14 1 _\Whit_1405_12_three(2).mp4;C:\Users\esthe\Downloads\white line 14 1 _\Whit_1405_13_five(2).mp4;C:\Users\esthe\Downloads\white line 14 1 _\Whit_1405_2_five (2).mp4;C:\Users\esthe\Downloads\white line 14 1 _\Whit_1405_3_one (2).mp4;C:\Users\esthe\Downloads\white line 14 1 _\Whit_1405_4_control (2).mp4;C:\Users\esthe\Downloads\white line 14 1 _\Whit_1405_5_three(2).mp4;C:\Users\esthe\Downloads\white line 14 1 _\Whit_1405_6_one(2).mp4;C:\Users\esthe\Downloads\white line 14 1 _\Whit_1405_7_two(2).mp4;C:\Users\esthe\Downloads\white line 14 1 _\Whit_1405_8_onehalf(2).mp4;C:\Users\esthe\Downloads\white line 14 1 _\Whit_1405_9_five(2).mp4,0.0,6.365;3.661;7.299;10.332;7.866;6.166;16.964;6.932;4.266;7.799;4.766;27.063,30.000;30.000;30.000;30.000;30.000;30.000;30.000;30.000;30.000;30.000;30.000;30.000,Whiteline,rotation,,Vertical,STOP,2.265,C:\Users\esthe\Downloads\white line 14 1 _\Whit_1405_10_one(2).mp4,68,NA,
whit_1405(2),2025-06-27 14:55:43.116,,109.442,Media file(s),player #1:C:\Users\esthe\Downloads\white line 14 1 _\Whit_1405_10_one(2).mp4;C:\Users\esthe\Downloads\white line 14 1 _\Whit_1405_11_two(2).mp4;C:\Users\esthe\Downloads\white line 14 1 _\Whit_1405_12_three(2).mp4;C:\Users\esthe\Downloads\white line 14 1 _\Whit_1405_13_five(2).mp4;C:\Users\esthe\Downloads\white line 14 1 _\Whit_1405_2_five (2).mp4;C:\Users\esthe\Downloads\white line 14 1 _\Whit_1405_3_one (2).mp4;C:\Users\esthe\Downloads\white line 14 1 _\Whit_1405_4_control (2).mp4;C:\Users\esthe\Downloads\white line 14 1 _\Whit_1405_5_three(2).mp4;C:\Users\esthe\Downloads\white line 14 1 _\Whit_1405_6_one(2).mp4;C:\Users\esthe\Downloads\white line 14 1 _\Whit_1405_7_two(2).mp4;C:\Users\esthe\Downloads\white line 14 1 _\Whit_1405_8_onehalf(2).mp4;C:\Users\esthe\Downloads\white line 14 1 _\Whit_1405_9_five(2).mp4,0.0,6.365;3.661;7.299;10.332;7.866;6.166;16.964;6.932;4.266;7.799;4.766;27.063,30.000;30.000;30.000;30.000;30.000;30.000;30.000;30.000;30.000;30.000;30.000;30.000,Whiteline,translational movement,,,POINT,2.398,C:\Users\esthe\Downloads\white line 14 1 _\Whit_1405_10_one(2).mp4,72,NA,
whit_1405(2),2025-06-27 14:55:43.116,,109.442,Media file(s),player #1:C:\Users\esthe\Downloads\white line 14 1 _\Whit_1405_10_one(2).mp4;C:\Users\esthe\Downloads\white line 14 1 _\Whit_1405_11_two(2).mp4;C:\Users\esthe\Downloads\white line 14 1 _\Whit_1405_12_three(2).mp4;C:\Users\esthe\Downloads\white line 14 1 _\Whit_1405_13_five(2).mp4;C:\Users\esthe\Downloads\white line 14 1 _\Whit_1405_2_five (2).mp4;C:\Users\esthe\Downloads\white line 14 1 _\Whit_1405_3_one (2).mp4;C:\Users\esthe\Downloads\white line 14 1 _\Whit_1405_4_control (2).mp4;C:\Users\esthe\Downloads\white line 14 1 _\Whit_1405_5_three(2).mp4;C:\Users\esthe\Downloads\white line 14 1 _\Whit_1405_6_one(2).mp4;C:\Users\esthe\Downloads\white line 14 1 _\Whit_1405_7_two(2).mp4;C:\Users\esthe\Downloads\white line 14 1 _\Whit_1405_8_onehalf(2).mp4;C:\Users\esthe\Downloads\white line 14 1 _\Whit_1405_9_five(2).mp4,0.0,6.365;3.661;7.299;10.332;7.866;6.166;16.964;6.932;4.266;7.799;4.766;27.063,30.000;30.000;30.000;30.000;30.000;30.000;30.000;30.000;30.000;30.000;30.000;30.000,Whiteline,jaw movement,,,POINT,2.465,C:\Users\esthe\Downloads\white line 14 1 _\Whit_1405_10_one(2).mp4,74,NA,
whit_1405(2),2025-06-27 14:55:43.116,,109.442,Media file(s),player #1:C:\Users\esthe\Downloads\white line 14 1 _\Whit_1405_10_one(2).mp4;C:\Users\esthe\Downloads\white line 14 1 _\Whit_1405_11_two(2).mp4;C:\Users\esthe\Downloads\white line 14 1 _\Whit_1405_12_three(2).mp4;C:\Users\esthe\Downloads\white line 14 1 _\Whit_1405_13_five(2).mp4;C:\Users\esthe\Downloads\white line 14 1 _\Whit_1405_2_five (2).mp4;C:\Users\esthe\Downloads\white line 14 1 _\Whit_1405_3_one (2).mp4;C:\Users\esthe\Downloads\white line 14 1 _\Whit_1405_4_control (2).mp4;C:\Users\esthe\Downloads\white line 14 1 _\Whit_1405_5_three(2).mp4;C:\Users\esthe\Downloads\white line 14 1 _\Whit_1405_6_one(2).mp4;C:\Users\esthe\Downloads\white line 14 1 _\Whit_1405_7_two(2).mp4;C:\Users\esthe\Downloads\white line 14 1 _\Whit_1405_8_onehalf(2).mp4;C:\Users\esthe\Downloads\white line 14 1 _\Whit_1405_9_five(2).mp4,0.0,6.365;3.661;7.299;10.332;7.866;6.166;16.964;6.932;4.266;7.799;4.766;27.063,30.000;30.000;30.000;30.000;30.000;30.000;30.000;30.000;30.000;30.000;30.000;30.000,Whiteline,rotation,,Horizontal,START,2.465,C:\Users\esthe\Downloads\white line 14 1 _\Whit_1405_10_one(2).mp4,74,NA,
whit_1405(2),2025-06-27 14:55:43.116,,109.442,Media file(s),player #1:C:\Users\esthe\Downloads\white line 14 1 _\Whit_1405_10_one(2).mp4;C:\Users\esthe\Downloads\white line 14 1 _\Whit_1405_11_two(2).mp4;C:\Users\esthe\Downloads\white line 14 1 _\Whit_1405_12_three(2).mp4;C:\Users\esthe\Downloads\white line 14 1 _\Whit_1405_13_five(2).mp4;C:\Users\esthe\Downloads\white line 14 1 _\Whit_1405_2_five (2).mp4;C:\Users\esthe\Downloads\white line 14 1 _\Whit_1405_3_one (2).mp4;C:\Users\esthe\Downloads\white line 14 1 _\Whit_1405_4_control (2).mp4;C:\Users\esthe\Downloads\white line 14 1 _\Whit_1405_5_three(2).mp4;C:\Users\esthe\Downloads\white line 14 1 _\Whit_1405_6_one(2).mp4;C:\Users\esthe\Downloads\white line 14 1 _\Whit_1405_7_two(2).mp4;C:\Users\esthe\Downloads\white line 14 1 _\Whit_1405_8_onehalf(2).mp4;C:\Users\esthe\Downloads\white line 14 1 _\Whit_1405_9_five(2).mp4,0.0,6.365;3.661;7.299;10.332;7.866;6.166;16.964;6.932;4.266;7.799;4.766;27.063,30.000;30.000;30.000;30.000;30.000;30.000;30.000;30.000;30.000;30.000;30.000;30.000,Whiteline,jaw movement,,,POINT,2.765,C:\Users\esthe\Downloads\white line 14 1 _\Whit_1405_10_one(2).mp4,83,NA,
whit_1405(2),2025-06-27 14:55:43.116,,109.442,Media file(s),player #1:C:\Users\esthe\Downloads\white line 14 1 _\Whit_1405_10_one(2).mp4;C:\Users\esthe\Downloads\white line 14 1 _\Whit_1405_11_two(2).mp4;C:\Users\esthe\Downloads\white line 14 1 _\Whit_1405_12_three(2).mp4;C:\Users\esthe\Downloads\white line 14 1 _\Whit_1405_13_five(2).mp4;C:\Users\esthe\Downloads\white line 14 1 _\Whit_1405_2_five (2).mp4;C:\Users\esthe\Downloads\white line 14 1 _\Whit_1405_3_one (2).mp4;C:\Users\esthe\Downloads\white line 14 1 _\Whit_1405_4_control (2).mp4;C:\Users\esthe\Downloads\white line 14 1 _\Whit_1405_5_three(2).mp4;C:\Users\esthe\Downloads\white line 14 1 _\Whit_1405_6_one(2).mp4;C:\Users\esthe\Downloads\white line 14 1 _\Whit_1405_7_two(2).mp4;C:\Users\esthe\Downloads\white line 14 1 _\Whit_1405_8_onehalf(2).mp4;C:\Users\esthe\Downloads\white line 14 1 _\Whit_1405_9_five(2).mp4,0.0,6.365;3.661;7.299;10.332;7.866;6.166;16.964;6.932;4.266;7.799;4.766;27.063,30.000;30.000;30.000;30.000;30.000;30.000;30.000;30.000;30.000;30.000;30.000;30.000,Whiteline,rotation,,Horizontal,STOP,2.765,C:\Users\esthe\Downloads\white line 14 1 _\Whit_1405_10_one(2).mp4,83,NA,
whit_1405(2),2025-06-27 14:55:43.116,,109.442,Media file(s),player #1:C:\Users\esthe\Downloads\white line 14 1 _\Whit_1405_10_one(2).mp4;C:\Users\esthe\Downloads\white line 14 1 _\Whit_1405_11_two(2).mp4;C:\Users\esthe\Downloads\white line 14 1 _\Whit_1405_12_three(2).mp4;C:\Users\esthe\Downloads\white line 14 1 _\Whit_1405_13_five(2).mp4;C:\Users\esthe\Downloads\white line 14 1 _\Whit_1405_2_five (2).mp4;C:\Users\esthe\Downloads\white line 14 1 _\Whit_1405_3_one (2).mp4;C:\Users\esthe\Downloads\white line 14 1 _\Whit_1405_4_control (2).mp4;C:\Users\esthe\Downloads\white line 14 1 _\Whit_1405_5_three(2).mp4;C:\Users\esthe\Downloads\white line 14 1 _\Whit_1405_6_one(2).mp4;C:\Users\esthe\Downloads\white line 14 1 _\Whit_1405_7_two(2).mp4;C:\Users\esthe\Downloads\white line 14 1 _\Whit_1405_8_onehalf(2).mp4;C:\Users\esthe\Downloads\white line 14 1 _\Whit_1405_9_five(2).mp4,0.0,6.365;3.661;7.299;10.332;7.866;6.166;16.964;6.932;4.266;7.799;4.766;27.063,30.000;30.000;30.000;30.000;30.000;30.000;30.000;30.000;30.000;30.000;30.000;30.000,Whiteline,rotation,,Horizontal,START,2.831,C:\Users\esthe\Downloads\white line 14 1 _\Whit_1405_10_one(2).mp4,85,NA,
whit_1405(2),2025-06-27 14:55:43.116,,109.442,Media file(s),player #1:C:\Users\esthe\Downloads\white line 14 1 _\Whit_1405_10_one(2).mp4;C:\Users\esthe\Downloads\white line 14 1 _\Whit_1405_11_two(2).mp4;C:\Users\esthe\Downloads\white line 14 1 _\Whit_1405_12_three(2).mp4;C:\Users\esthe\Downloads\white line 14 1 _\Whit_1405_13_five(2).mp4;C:\Users\esthe\Downloads\white line 14 1 _\Whit_1405_2_five (2).mp4;C:\Users\esthe\Downloads\white line 14 1 _\Whit_1405_3_one (2).mp4;C:\Users\esthe\Downloads\white line 14 1 _\Whit_1405_4_control (2).mp4;C:\Users\esthe\Downloads\white line 14 1 _\Whit_1405_5_three(2).mp4;C:\Users\esthe\Downloads\white line 14 1 _\Whit_1405_6_one(2).mp4;C:\Users\esthe\Downloads\white line 14 1 _\Whit_1405_7_two(2).mp4;C:\Users\esthe\Downloads\white line 14 1 _\Whit_1405_8_onehalf(2).mp4;C:\Users\esthe\Downloads\white line 14 1 _\Whit_1405_9_five(2).mp4,0.0,6.365;3.661;7.299;10.332;7.866;6.166;16.964;6.932;4.266;7.799;4.766;27.063,30.000;30.000;30.000;30.000;30.000;30.000;30.000;30.000;30.000;30.000;30.000;30.000,Whiteline,rotation,,Horizontal,STOP,3.265,C:\Users\esthe\Downloads\white line 14 1 _\Whit_1405_10_one(2).mp4,98,NA,
whit_1405(2),2025-06-27 14:55:43.116,,109.442,Media file(s),player #1:C:\Users\esthe\Downloads\white line 14 1 _\Whit_1405_10_one(2).mp4;C:\Users\esthe\Downloads\white line 14 1 _\Whit_1405_11_two(2).mp4;C:\Users\esthe\Downloads\white line 14 1 _\Whit_1405_12_three(2).mp4;C:\Users\esthe\Downloads\white line 14 1 _\Whit_1405_13_five(2).mp4;C:\Users\esthe\Downloads\white line 14 1 _\Whit_1405_2_five (2).mp4;C:\Users\esthe\Downloads\white line 14 1 _\Whit_1405_3_one (2).mp4;C:\Users\esthe\Downloads\white line 14 1 _\Whit_1405_4_control (2).mp4;C:\Users\esthe\Downloads\white line 14 1 _\Whit_1405_5_three(2).mp4;C:\Users\esthe\Downloads\white line 14 1 _\Whit_1405_6_one(2).mp4;C:\Users\esthe\Downloads\white line 14 1 _\Whit_1405_7_two(2).mp4;C:\Users\esthe\Downloads\white line 14 1 _\Whit_1405_8_onehalf(2).mp4;C:\Users\esthe\Downloads\white line 14 1 _\Whit_1405_9_five(2).mp4,0.0,6.365;3.661;7.299;10.332;7.866;6.166;16.964;6.932;4.266;7.799;4.766;27.063,30.000;30.000;30.000;30.000;30.000;30.000;30.000;30.000;30.000;30.000;30.000;30.000,Whiteline,teeth-hole contact,,,POINT,3.298,C:\Users\esthe\Downloads\white line 14 1 _\Whit_1405_10_one(2).mp4,99,NA,
whit_1405(2),2025-06-27 14:55:43.116,,109.442,Media file(s),player #1:C:\Users\esthe\Downloads\white line 14 1 _\Whit_1405_10_one(2).mp4;C:\Users\esthe\Downloads\white line 14 1 _\Whit_1405_11_two(2).mp4;C:\Users\esthe\Downloads\white line 14 1 _\Whit_1405_12_three(2).mp4;C:\Users\esthe\Downloads\white line 14 1 _\Whit_1405_13_five(2).mp4;C:\Users\esthe\Downloads\white line 14 1 _\Whit_1405_2_five (2).mp4;C:\Users\esthe\Downloads\white line 14 1 _\Whit_1405_3_one (2).mp4;C:\Users\esthe\Downloads\white line 14 1 _\Whit_1405_4_control (2).mp4;C:\Users\esthe\Downloads\white line 14 1 _\Whit_1405_5_three(2).mp4;C:\Users\esthe\Downloads\white line 14 1 _\Whit_1405_6_one(2).mp4;C:\Users\esthe\Downloads\white line 14 1 _\Whit_1405_7_two(2).mp4;C:\Users\esthe\Downloads\white line 14 1 _\Whit_1405_8_onehalf(2).mp4;C:\Users\esthe\Downloads\white line 14 1 _\Whit_1405_9_five(2).mp4,0.0,6.365;3.661;7.299;10.332;7.866;6.166;16.964;6.932;4.266;7.799;4.766;27.063,30.000;30.000;30.000;30.000;30.000;30.000;30.000;30.000;30.000;30.000;30.000;30.000,Whiteline,teeth-hole contact,,,POINT,3.465,C:\Users\esthe\Downloads\white line 14 1 _\Whit_1405_10_one(2).mp4,104,NA,
whit_1405(2),2025-06-27 14:55:43.116,,109.442,Media file(s),player #1:C:\Users\esthe\Downloads\white line 14 1 _\Whit_1405_10_one(2).mp4;C:\Users\esthe\Downloads\white line 14 1 _\Whit_1405_11_two(2).mp4;C:\Users\esthe\Downloads\white line 14 1 _\Whit_1405_12_three(2).mp4;C:\Users\esthe\Downloads\white line 14 1 _\Whit_1405_13_five(2).mp4;C:\Users\esthe\Downloads\white line 14 1 _\Whit_1405_2_five (2).mp4;C:\Users\esthe\Downloads\white line 14 1 _\Whit_1405_3_one (2).mp4;C:\Users\esthe\Downloads\white line 14 1 _\Whit_1405_4_control (2).mp4;C:\Users\esthe\Downloads\white line 14 1 _\Whit_1405_5_three(2).mp4;C:\Users\esthe\Downloads\white line 14 1 _\Whit_1405_6_one(2).mp4;C:\Users\esthe\Downloads\white line 14 1 _\Whit_1405_7_two(2).mp4;C:\Users\esthe\Downloads\white line 14 1 _\Whit_1405_8_onehalf(2).mp4;C:\Users\esthe\Downloads\white line 14 1 _\Whit_1405_9_five(2).mp4,0.0,6.365;3.661;7.299;10.332;7.866;6.166;16.964;6.932;4.266;7.799;4.766;27.063,30.000;30.000;30.000;30.000;30.000;30.000;30.000;30.000;30.000;30.000;30.000;30.000,Whiteline,assessing,,,STOP,3.531,C:\Users\esthe\Downloads\white line 14 1 _\Whit_1405_10_one(2).mp4,106,NA,
whit_1405(2),2025-06-27 14:55:43.116,,109.442,Media file(s),player #1:C:\Users\esthe\Downloads\white line 14 1 _\Whit_1405_10_one(2).mp4;C:\Users\esthe\Downloads\white line 14 1 _\Whit_1405_11_two(2).mp4;C:\Users\esthe\Downloads\white line 14 1 _\Whit_1405_12_three(2).mp4;C:\Users\esthe\Downloads\white line 14 1 _\Whit_1405_13_five(2).mp4;C:\Users\esthe\Downloads\white line 14 1 _\Whit_1405_2_five (2).mp4;C:\Users\esthe\Downloads\white line 14 1 _\Whit_1405_3_one (2).mp4;C:\Users\esthe\Downloads\white line 14 1 _\Whit_1405_4_control (2).mp4;C:\Users\esthe\Downloads\white line 14 1 _\Whit_1405_5_three(2).mp4;C:\Users\esthe\Downloads\white line 14 1 _\Whit_1405_6_one(2).mp4;C:\Users\esthe\Downloads\white line 14 1 _\Whit_1405_7_two(2).mp4;C:\Users\esthe\Downloads\white line 14 1 _\Whit_1405_8_onehalf(2).mp4;C:\Users\esthe\Downloads\white line 14 1 _\Whit_1405_9_five(2).mp4,0.0,6.365;3.661;7.299;10.332;7.866;6.166;16.964;6.932;4.266;7.799;4.766;27.063,30.000;30.000;30.000;30.000;30.000;30.000;30.000;30.000;30.000;30.000;30.000;30.000,Whiteline,translational movement,,,POINT,3.531,C:\Users\esthe\Downloads\white line 14 1 _\Whit_1405_10_one(2).mp4,106,NA,
whit_1405(2),2025-06-27 14:55:43.116,,109.442,Media file(s),player #1:C:\Users\esthe\Downloads\white line 14 1 _\Whit_1405_10_one(2).mp4;C:\Users\esthe\Downloads\white line 14 1 _\Whit_1405_11_two(2).mp4;C:\Users\esthe\Downloads\white line 14 1 _\Whit_1405_12_three(2).mp4;C:\Users\esthe\Downloads\white line 14 1 _\Whit_1405_13_five(2).mp4;C:\Users\esthe\Downloads\white line 14 1 _\Whit_1405_2_five (2).mp4;C:\Users\esthe\Downloads\white line 14 1 _\Whit_1405_3_one (2).mp4;C:\Users\esthe\Downloads\white line 14 1 _\Whit_1405_4_control (2).mp4;C:\Users\esthe\Downloads\white line 14 1 _\Whit_1405_5_three(2).mp4;C:\Users\esthe\Downloads\white line 14 1 _\Whit_1405_6_one(2).mp4;C:\Users\esthe\Downloads\white line 14 1 _\Whit_1405_7_two(2).mp4;C:\Users\esthe\Downloads\white line 14 1 _\Whit_1405_8_onehalf(2).mp4;C:\Users\esthe\Downloads\white line 14 1 _\Whit_1405_9_five(2).mp4,0.0,6.365;3.661;7.299;10.332;7.866;6.166;16.964;6.932;4.266;7.799;4.766;27.063,30.000;30.000;30.000;30.000;30.000;30.000;30.000;30.000;30.000;30.000;30.000;30.000,Whiteline,peeling,,,START,3.665,C:\Users\esthe\Downloads\white line 14 1 _\Whit_1405_10_one(2).mp4,110,NA,
whit_1405(2),2025-06-27 14:55:43.116,,109.442,Media file(s),player #1:C:\Users\esthe\Downloads\white line 14 1 _\Whit_1405_10_one(2).mp4;C:\Users\esthe\Downloads\white line 14 1 _\Whit_1405_11_two(2).mp4;C:\Users\esthe\Downloads\white line 14 1 _\Whit_1405_12_three(2).mp4;C:\Users\esthe\Downloads\white line 14 1 _\Whit_1405_13_five(2).mp4;C:\Users\esthe\Downloads\white line 14 1 _\Whit_1405_2_five (2).mp4;C:\Users\esthe\Downloads\white line 14 1 _\Whit_1405_3_one (2).mp4;C:\Users\esthe\Downloads\white line 14 1 _\Whit_1405_4_control (2).mp4;C:\Users\esthe\Downloads\white line 14 1 _\Whit_1405_5_three(2).mp4;C:\Users\esthe\Downloads\white line 14 1 _\Whit_1405_6_one(2).mp4;C:\Users\esthe\Downloads\white line 14 1 _\Whit_1405_7_two(2).mp4;C:\Users\esthe\Downloads\white line 14 1 _\Whit_1405_8_onehalf(2).mp4;C:\Users\esthe\Downloads\white line 14 1 _\Whit_1405_9_five(2).mp4,0.0,6.365;3.661;7.299;10.332;7.866;6.166;16.964;6.932;4.266;7.799;4.766;27.063,30.000;30.000;30.000;30.000;30.000;30.000;30.000;30.000;30.000;30.000;30.000;30.000,Whiteline,jaw movement,,,POINT,3.832,C:\Users\esthe\Downloads\white line 14 1 _\Whit_1405_10_one(2).mp4,115,NA,
whit_1405(2),2025-06-27 14:55:43.116,,109.442,Media file(s),player #1:C:\Users\esthe\Downloads\white line 14 1 _\Whit_1405_10_one(2).mp4;C:\Users\esthe\Downloads\white line 14 1 _\Whit_1405_11_two(2).mp4;C:\Users\esthe\Downloads\white line 14 1 _\Whit_1405_12_three(2).mp4;C:\Users\esthe\Downloads\white line 14 1 _\Whit_1405_13_five(2).mp4;C:\Users\esthe\Downloads\white line 14 1 _\Whit_1405_2_five (2).mp4;C:\Users\esthe\Downloads\white line 14 1 _\Whit_1405_3_one (2).mp4;C:\Users\esthe\Downloads\white line 14 1 _\Whit_1405_4_control (2).mp4;C:\Users\esthe\Downloads\white line 14 1 _\Whit_1405_5_three(2).mp4;C:\Users\esthe\Downloads\white line 14 1 _\Whit_1405_6_one(2).mp4;C:\Users\esthe\Downloads\white line 14 1 _\Whit_1405_7_two(2).mp4;C:\Users\esthe\Downloads\white line 14 1 _\Whit_1405_8_onehalf(2).mp4;C:\Users\esthe\Downloads\white line 14 1 _\Whit_1405_9_five(2).mp4,0.0,6.365;3.661;7.299;10.332;7.866;6.166;16.964;6.932;4.266;7.799;4.766;27.063,30.000;30.000;30.000;30.000;30.000;30.000;30.000;30.000;30.000;30.000;30.000;30.000,Whiteline,jaw movement,,,POINT,4.132,C:\Users\esthe\Downloads\white line 14 1 _\Whit_1405_10_one(2).mp4,124,NA,
whit_1405(2),2025-06-27 14:55:43.116,,109.442,Media file(s),player #1:C:\Users\esthe\Downloads\white line 14 1 _\Whit_1405_10_one(2).mp4;C:\Users\esthe\Downloads\white line 14 1 _\Whit_1405_11_two(2).mp4;C:\Users\esthe\Downloads\white line 14 1 _\Whit_1405_12_three(2).mp4;C:\Users\esthe\Downloads\white line 14 1 _\Whit_1405_13_five(2).mp4;C:\Users\esthe\Downloads\white line 14 1 _\Whit_1405_2_five (2).mp4;C:\Users\esthe\Downloads\white line 14 1 _\Whit_1405_3_one (2).mp4;C:\Users\esthe\Downloads\white line 14 1 _\Whit_1405_4_control (2).mp4;C:\Users\esthe\Downloads\white line 14 1 _\Whit_1405_5_three(2).mp4;C:\Users\esthe\Downloads\white line 14 1 _\Whit_1405_6_one(2).mp4;C:\Users\esthe\Downloads\white line 14 1 _\Whit_1405_7_two(2).mp4;C:\Users\esthe\Downloads\white line 14 1 _\Whit_1405_8_onehalf(2).mp4;C:\Users\esthe\Downloads\white line 14 1 _\Whit_1405_9_five(2).mp4,0.0,6.365;3.661;7.299;10.332;7.866;6.166;16.964;6.932;4.266;7.799;4.766;27.063,30.000;30.000;30.000;30.000;30.000;30.000;30.000;30.000;30.000;30.000;30.000;30.000,Whiteline,jaw movement,,,POINT,4.431,C:\Users\esthe\Downloads\white line 14 1 _\Whit_1405_10_one(2).mp4,133,NA,
whit_1405(2),2025-06-27 14:55:43.116,,109.442,Media file(s),player #1:C:\Users\esthe\Downloads\white line 14 1 _\Whit_1405_10_one(2).mp4;C:\Users\esthe\Downloads\white line 14 1 _\Whit_1405_11_two(2).mp4;C:\Users\esthe\Downloads\white line 14 1 _\Whit_1405_12_three(2).mp4;C:\Users\esthe\Downloads\white line 14 1 _\Whit_1405_13_five(2).mp4;C:\Users\esthe\Downloads\white line 14 1 _\Whit_1405_2_five (2).mp4;C:\Users\esthe\Downloads\white line 14 1 _\Whit_1405_3_one (2).mp4;C:\Users\esthe\Downloads\white line 14 1 _\Whit_1405_4_control (2).mp4;C:\Users\esthe\Downloads\white line 14 1 _\Whit_1405_5_three(2).mp4;C:\Users\esthe\Downloads\white line 14 1 _\Whit_1405_6_one(2).mp4;C:\Users\esthe\Downloads\white line 14 1 _\Whit_1405_7_two(2).mp4;C:\Users\esthe\Downloads\white line 14 1 _\Whit_1405_8_onehalf(2).mp4;C:\Users\esthe\Downloads\white line 14 1 _\Whit_1405_9_five(2).mp4,0.0,6.365;3.661;7.299;10.332;7.866;6.166;16.964;6.932;4.266;7.799;4.766;27.063,30.000;30.000;30.000;30.000;30.000;30.000;30.000;30.000;30.000;30.000;30.000;30.000,Whiteline,jaw movement,,,POINT,5.832,C:\Users\esthe\Downloads\white line 14 1 _\Whit_1405_10_one(2).mp4,175,NA,
whit_1405(2),2025-06-27 14:55:43.116,,109.442,Media file(s),player #1:C:\Users\esthe\Downloads\white line 14 1 _\Whit_1405_10_one(2).mp4;C:\Users\esthe\Downloads\white line 14 1 _\Whit_1405_11_two(2).mp4;C:\Users\esthe\Downloads\white line 14 1 _\Whit_1405_12_three(2).mp4;C:\Users\esthe\Downloads\white line 14 1 _\Whit_1405_13_five(2).mp4;C:\Users\esthe\Downloads\white line 14 1 _\Whit_1405_2_five (2).mp4;C:\Users\esthe\Downloads\white line 14 1 _\Whit_1405_3_one (2).mp4;C:\Users\esthe\Downloads\white line 14 1 _\Whit_1405_4_control (2).mp4;C:\Users\esthe\Downloads\white line 14 1 _\Whit_1405_5_three(2).mp4;C:\Users\esthe\Downloads\white line 14 1 _\Whit_1405_6_one(2).mp4;C:\Users\esthe\Downloads\white line 14 1 _\Whit_1405_7_two(2).mp4;C:\Users\esthe\Downloads\white line 14 1 _\Whit_1405_8_onehalf(2).mp4;C:\Users\esthe\Downloads\white line 14 1 _\Whit_1405_9_five(2).mp4,0.0,6.365;3.661;7.299;10.332;7.866;6.166;16.964;6.932;4.266;7.799;4.766;27.063,30.000;30.000;30.000;30.000;30.000;30.000;30.000;30.000;30.000;30.000;30.000;30.000,Whiteline,jaw movement,,,POINT,6.099,C:\Users\esthe\Downloads\white line 14 1 _\Whit_1405_10_one(2).mp4,183,NA,
whit_1405(2),2025-06-27 14:55:43.116,,109.442,Media file(s),player #1:C:\Users\esthe\Downloads\white line 14 1 _\Whit_1405_10_one(2).mp4;C:\Users\esthe\Downloads\white line 14 1 _\Whit_1405_11_two(2).mp4;C:\Users\esthe\Downloads\white line 14 1 _\Whit_1405_12_three(2).mp4;C:\Users\esthe\Downloads\white line 14 1 _\Whit_1405_13_five(2).mp4;C:\Users\esthe\Downloads\white line 14 1 _\Whit_1405_2_five (2).mp4;C:\Users\esthe\Downloads\white line 14 1 _\Whit_1405_3_one (2).mp4;C:\Users\esthe\Downloads\white line 14 1 _\Whit_1405_4_control (2).mp4;C:\Users\esthe\Downloads\white line 14 1 _\Whit_1405_5_three(2).mp4;C:\Users\esthe\Downloads\white line 14 1 _\Whit_1405_6_one(2).mp4;C:\Users\esthe\Downloads\white line 14 1 _\Whit_1405_7_two(2).mp4;C:\Users\esthe\Downloads\white line 14 1 _\Whit_1405_8_onehalf(2).mp4;C:\Users\esthe\Downloads\white line 14 1 _\Whit_1405_9_five(2).mp4,0.0,6.365;3.661;7.299;10.332;7.866;6.166;16.964;6.932;4.266;7.799;4.766;27.063,30.000;30.000;30.000;30.000;30.000;30.000;30.000;30.000;30.000;30.000;30.000;30.000,Whiteline,peeling,,,STOP,6.199,C:\Users\esthe\Downloads\white line 14 1 _\Whit_1405_10_one(2).mp4,186,NA,
whit_1405(2),2025-06-27 14:55:43.116,,109.442,Media file(s),player #1:C:\Users\esthe\Downloads\white line 14 1 _\Whit_1405_10_one(2).mp4;C:\Users\esthe\Downloads\white line 14 1 _\Whit_1405_11_two(2).mp4;C:\Users\esthe\Downloads\white line 14 1 _\Whit_1405_12_three(2).mp4;C:\Users\esthe\Downloads\white line 14 1 _\Whit_1405_13_five(2).mp4;C:\Users\esthe\Downloads\white line 14 1 _\Whit_1405_2_five (2).mp4;C:\Users\esthe\Downloads\white line 14 1 _\Whit_1405_3_one (2).mp4;C:\Users\esthe\Downloads\white line 14 1 _\Whit_1405_4_control (2).mp4;C:\Users\esthe\Downloads\white line 14 1 _\Whit_1405_5_three(2).mp4;C:\Users\esthe\Downloads\white line 14 1 _\Whit_1405_6_one(2).mp4;C:\Users\esthe\Downloads\white line 14 1 _\Whit_1405_7_two(2).mp4;C:\Users\esthe\Downloads\white line 14 1 _\Whit_1405_8_onehalf(2).mp4;C:\Users\esthe\Downloads\white line 14 1 _\Whit_1405_9_five(2).mp4,0.0,6.365;3.661;7.299;10.332;7.866;6.166;16.964;6.932;4.266;7.799;4.766;27.063,30.000;30.000;30.000;30.000;30.000;30.000;30.000;30.000;30.000;30.000;30.000;30.000,Whiteline,eating,,,START,6.232,C:\Users\esthe\Downloads\white line 14 1 _\Whit_1405_10_one(2).mp4,187,NA,
whit_1405(2),2025-06-27 14:55:43.116,,109.442,Media file(s),player #1:C:\Users\esthe\Downloads\white line 14 1 _\Whit_1405_10_one(2).mp4;C:\Users\esthe\Downloads\white line 14 1 _\Whit_1405_11_two(2).mp4;C:\Users\esthe\Downloads\white line 14 1 _\Whit_1405_12_three(2).mp4;C:\Users\esthe\Downloads\white line 14 1 _\Whit_1405_13_five(2).mp4;C:\Users\esthe\Downloads\white line 14 1 _\Whit_1405_2_five (2).mp4;C:\Users\esthe\Downloads\white line 14 1 _\Whit_1405_3_one (2).mp4;C:\Users\esthe\Downloads\white line 14 1 _\Whit_1405_4_control (2).mp4;C:\Users\esthe\Downloads\white line 14 1 _\Whit_1405_5_three(2).mp4;C:\Users\esthe\Downloads\white line 14 1 _\Whit_1405_6_one(2).mp4;C:\Users\esthe\Downloads\white line 14 1 _\Whit_1405_7_two(2).mp4;C:\Users\esthe\Downloads\white line 14 1 _\Whit_1405_8_onehalf(2).mp4;C:\Users\esthe\Downloads\white line 14 1 _\Whit_1405_9_five(2).mp4,0.0,6.365;3.661;7.299;10.332;7.866;6.166;16.964;6.932;4.266;7.799;4.766;27.063,30.000;30.000;30.000;30.000;30.000;30.000;30.000;30.000;30.000;30.000;30.000;30.000,Whiteline,eating,,,STOP,6.299,C:\Users\esthe\Downloads\white line 14 1 _\Whit_1405_10_one(2).mp4,189,NA,
whit_1405(2),2025-06-27 14:55:43.116,,109.442,Media file(s),player #1:C:\Users\esthe\Downloads\white line 14 1 _\Whit_1405_10_one(2).mp4;C:\Users\esthe\Downloads\white line 14 1 _\Whit_1405_11_two(2).mp4;C:\Users\esthe\Downloads\white line 14 1 _\Whit_1405_12_three(2).mp4;C:\Users\esthe\Downloads\white line 14 1 _\Whit_1405_13_five(2).mp4;C:\Users\esthe\Downloads\white line 14 1 _\Whit_1405_2_five (2).mp4;C:\Users\esthe\Downloads\white line 14 1 _\Whit_1405_3_one (2).mp4;C:\Users\esthe\Downloads\white line 14 1 _\Whit_1405_4_control (2).mp4;C:\Users\esthe\Downloads\white line 14 1 _\Whit_1405_5_three(2).mp4;C:\Users\esthe\Downloads\white line 14 1 _\Whit_1405_6_one(2).mp4;C:\Users\esthe\Downloads\white line 14 1 _\Whit_1405_7_two(2).mp4;C:\Users\esthe\Downloads\white line 14 1 _\Whit_1405_8_onehalf(2).mp4;C:\Users\esthe\Downloads\white line 14 1 _\Whit_1405_9_five(2).mp4,0.0,6.365;3.661;7.299;10.332;7.866;6.166;16.964;6.932;4.266;7.799;4.766;27.063,30.000;30.000;30.000;30.000;30.000;30.000;30.000;30.000;30.000;30.000;30.000;30.000,Whiteline,lifting,,,START,6.365,C:\Users\esthe\Downloads\white line 14 1 _\Whit_1405_11_two(2).mp4,0,NA,
whit_1405(2),2025-06-27 14:55:43.116,,109.442,Media file(s),player #1:C:\Users\esthe\Downloads\white line 14 1 _\Whit_1405_10_one(2).mp4;C:\Users\esthe\Downloads\white line 14 1 _\Whit_1405_11_two(2).mp4;C:\Users\esthe\Downloads\white line 14 1 _\Whit_1405_12_three(2).mp4;C:\Users\esthe\Downloads\white line 14 1 _\Whit_1405_13_five(2).mp4;C:\Users\esthe\Downloads\white line 14 1 _\Whit_1405_2_five (2).mp4;C:\Users\esthe\Downloads\white line 14 1 _\Whit_1405_3_one (2).mp4;C:\Users\esthe\Downloads\white line 14 1 _\Whit_1405_4_control (2).mp4;C:\Users\esthe\Downloads\white line 14 1 _\Whit_1405_5_three(2).mp4;C:\Users\esthe\Downloads\white line 14 1 _\Whit_1405_6_one(2).mp4;C:\Users\esthe\Downloads\white line 14 1 _\Whit_1405_7_two(2).mp4;C:\Users\esthe\Downloads\white line 14 1 _\Whit_1405_8_onehalf(2).mp4;C:\Users\esthe\Downloads\white line 14 1 _\Whit_1405_9_five(2).mp4,0.0,6.365;3.661;7.299;10.332;7.866;6.166;16.964;6.932;4.266;7.799;4.766;27.063,30.000;30.000;30.000;30.000;30.000;30.000;30.000;30.000;30.000;30.000;30.000;30.000,Whiteline,lifting,,,STOP,6.565,C:\Users\esthe\Downloads\white line 14 1 _\Whit_1405_11_two(2).mp4,6,NA,
whit_1405(2),2025-06-27 14:55:43.116,,109.442,Media file(s),player #1:C:\Users\esthe\Downloads\white line 14 1 _\Whit_1405_10_one(2).mp4;C:\Users\esthe\Downloads\white line 14 1 _\Whit_1405_11_two(2).mp4;C:\Users\esthe\Downloads\white line 14 1 _\Whit_1405_12_three(2).mp4;C:\Users\esthe\Downloads\white line 14 1 _\Whit_1405_13_five(2).mp4;C:\Users\esthe\Downloads\white line 14 1 _\Whit_1405_2_five (2).mp4;C:\Users\esthe\Downloads\white line 14 1 _\Whit_1405_3_one (2).mp4;C:\Users\esthe\Downloads\white line 14 1 _\Whit_1405_4_control (2).mp4;C:\Users\esthe\Downloads\white line 14 1 _\Whit_1405_5_three(2).mp4;C:\Users\esthe\Downloads\white line 14 1 _\Whit_1405_6_one(2).mp4;C:\Users\esthe\Downloads\white line 14 1 _\Whit_1405_7_two(2).mp4;C:\Users\esthe\Downloads\white line 14 1 _\Whit_1405_8_onehalf(2).mp4;C:\Users\esthe\Downloads\white line 14 1 _\Whit_1405_9_five(2).mp4,0.0,6.365;3.661;7.299;10.332;7.866;6.166;16.964;6.932;4.266;7.799;4.766;27.063,30.000;30.000;30.000;30.000;30.000;30.000;30.000;30.000;30.000;30.000;30.000;30.000,Whiteline,assessing,,,START,6.732,C:\Users\esthe\Downloads\white line 14 1 _\Whit_1405_11_two(2).mp4,11,NA,
whit_1405(2),2025-06-27 14:55:43.116,,109.442,Media file(s),player #1:C:\Users\esthe\Downloads\white line 14 1 _\Whit_1405_10_one(2).mp4;C:\Users\esthe\Downloads\white line 14 1 _\Whit_1405_11_two(2).mp4;C:\Users\esthe\Downloads\white line 14 1 _\Whit_1405_12_three(2).mp4;C:\Users\esthe\Downloads\white line 14 1 _\Whit_1405_13_five(2).mp4;C:\Users\esthe\Downloads\white line 14 1 _\Whit_1405_2_five (2).mp4;C:\Users\esthe\Downloads\white line 14 1 _\Whit_1405_3_one (2).mp4;C:\Users\esthe\Downloads\white line 14 1 _\Whit_1405_4_control (2).mp4;C:\Users\esthe\Downloads\white line 14 1 _\Whit_1405_5_three(2).mp4;C:\Users\esthe\Downloads\white line 14 1 _\Whit_1405_6_one(2).mp4;C:\Users\esthe\Downloads\white line 14 1 _\Whit_1405_7_two(2).mp4;C:\Users\esthe\Downloads\white line 14 1 _\Whit_1405_8_onehalf(2).mp4;C:\Users\esthe\Downloads\white line 14 1 _\Whit_1405_9_five(2).mp4,0.0,6.365;3.661;7.299;10.332;7.866;6.166;16.964;6.932;4.266;7.799;4.766;27.063,30.000;30.000;30.000;30.000;30.000;30.000;30.000;30.000;30.000;30.000;30.000;30.000,Whiteline,jaw movement,,,POINT,6.832,C:\Users\esthe\Downloads\white line 14 1 _\Whit_1405_11_two(2).mp4,14,NA,
whit_1405(2),2025-06-27 14:55:43.116,,109.442,Media file(s),player #1:C:\Users\esthe\Downloads\white line 14 1 _\Whit_1405_10_one(2).mp4;C:\Users\esthe\Downloads\white line 14 1 _\Whit_1405_11_two(2).mp4;C:\Users\esthe\Downloads\white line 14 1 _\Whit_1405_12_three(2).mp4;C:\Users\esthe\Downloads\white line 14 1 _\Whit_1405_13_five(2).mp4;C:\Users\esthe\Downloads\white line 14 1 _\Whit_1405_2_five (2).mp4;C:\Users\esthe\Downloads\white line 14 1 _\Whit_1405_3_one (2).mp4;C:\Users\esthe\Downloads\white line 14 1 _\Whit_1405_4_control (2).mp4;C:\Users\esthe\Downloads\white line 14 1 _\Whit_1405_5_three(2).mp4;C:\Users\esthe\Downloads\white line 14 1 _\Whit_1405_6_one(2).mp4;C:\Users\esthe\Downloads\white line 14 1 _\Whit_1405_7_two(2).mp4;C:\Users\esthe\Downloads\white line 14 1 _\Whit_1405_8_onehalf(2).mp4;C:\Users\esthe\Downloads\white line 14 1 _\Whit_1405_9_five(2).mp4,0.0,6.365;3.661;7.299;10.332;7.866;6.166;16.964;6.932;4.266;7.799;4.766;27.063,30.000;30.000;30.000;30.000;30.000;30.000;30.000;30.000;30.000;30.000;30.000;30.000,Whiteline,teeth-hole contact,,,POINT,6.965,C:\Users\esthe\Downloads\white line 14 1 _\Whit_1405_11_two(2).mp4,18,NA,
whit_1405(2),2025-06-27 14:55:43.116,,109.442,Media file(s),player #1:C:\Users\esthe\Downloads\white line 14 1 _\Whit_1405_10_one(2).mp4;C:\Users\esthe\Downloads\white line 14 1 _\Whit_1405_11_two(2).mp4;C:\Users\esthe\Downloads\white line 14 1 _\Whit_1405_12_three(2).mp4;C:\Users\esthe\Downloads\white line 14 1 _\Whit_1405_13_five(2).mp4;C:\Users\esthe\Downloads\white line 14 1 _\Whit_1405_2_five (2).mp4;C:\Users\esthe\Downloads\white line 14 1 _\Whit_1405_3_one (2).mp4;C:\Users\esthe\Downloads\white line 14 1 _\Whit_1405_4_control (2).mp4;C:\Users\esthe\Downloads\white line 14 1 _\Whit_1405_5_three(2).mp4;C:\Users\esthe\Downloads\white line 14 1 _\Whit_1405_6_one(2).mp4;C:\Users\esthe\Downloads\white line 14 1 _\Whit_1405_7_two(2).mp4;C:\Users\esthe\Downloads\white line 14 1 _\Whit_1405_8_onehalf(2).mp4;C:\Users\esthe\Downloads\white line 14 1 _\Whit_1405_9_five(2).mp4,0.0,6.365;3.661;7.299;10.332;7.866;6.166;16.964;6.932;4.266;7.799;4.766;27.063,30.000;30.000;30.000;30.000;30.000;30.000;30.000;30.000;30.000;30.000;30.000;30.000,Whiteline,licking,,,POINT,7.326,C:\Users\esthe\Downloads\white line 14 1 _\Whit_1405_11_two(2).mp4,29,NA,
whit_1405(2),2025-06-27 14:55:43.116,,109.442,Media file(s),player #1:C:\Users\esthe\Downloads\white line 14 1 _\Whit_1405_10_one(2).mp4;C:\Users\esthe\Downloads\white line 14 1 _\Whit_1405_11_two(2).mp4;C:\Users\esthe\Downloads\white line 14 1 _\Whit_1405_12_three(2).mp4;C:\Users\esthe\Downloads\white line 14 1 _\Whit_1405_13_five(2).mp4;C:\Users\esthe\Downloads\white line 14 1 _\Whit_1405_2_five (2).mp4;C:\Users\esthe\Downloads\white line 14 1 _\Whit_1405_3_one (2).mp4;C:\Users\esthe\Downloads\white line 14 1 _\Whit_1405_4_control (2).mp4;C:\Users\esthe\Downloads\white line 14 1 _\Whit_1405_5_three(2).mp4;C:\Users\esthe\Downloads\white line 14 1 _\Whit_1405_6_one(2).mp4;C:\Users\esthe\Downloads\white line 14 1 _\Whit_1405_7_two(2).mp4;C:\Users\esthe\Downloads\white line 14 1 _\Whit_1405_8_onehalf(2).mp4;C:\Users\esthe\Downloads\white line 14 1 _\Whit_1405_9_five(2).mp4,0.0,6.365;3.661;7.299;10.332;7.866;6.166;16.964;6.932;4.266;7.799;4.766;27.063,30.000;30.000;30.000;30.000;30.000;30.000;30.000;30.000;30.000;30.000;30.000;30.000,Whiteline,assessing,,,STOP,7.393,C:\Users\esthe\Downloads\white line 14 1 _\Whit_1405_11_two(2).mp4,31,NA,
whit_1405(2),2025-06-27 14:55:43.116,,109.442,Media file(s),player #1:C:\Users\esthe\Downloads\white line 14 1 _\Whit_1405_10_one(2).mp4;C:\Users\esthe\Downloads\white line 14 1 _\Whit_1405_11_two(2).mp4;C:\Users\esthe\Downloads\white line 14 1 _\Whit_1405_12_three(2).mp4;C:\Users\esthe\Downloads\white line 14 1 _\Whit_1405_13_five(2).mp4;C:\Users\esthe\Downloads\white line 14 1 _\Whit_1405_2_five (2).mp4;C:\Users\esthe\Downloads\white line 14 1 _\Whit_1405_3_one (2).mp4;C:\Users\esthe\Downloads\white line 14 1 _\Whit_1405_4_control (2).mp4;C:\Users\esthe\Downloads\white line 14 1 _\Whit_1405_5_three(2).mp4;C:\Users\esthe\Downloads\white line 14 1 _\Whit_1405_6_one(2).mp4;C:\Users\esthe\Downloads\white line 14 1 _\Whit_1405_7_two(2).mp4;C:\Users\esthe\Downloads\white line 14 1 _\Whit_1405_8_onehalf(2).mp4;C:\Users\esthe\Downloads\white line 14 1 _\Whit_1405_9_five(2).mp4,0.0,6.365;3.661;7.299;10.332;7.866;6.166;16.964;6.932;4.266;7.799;4.766;27.063,30.000;30.000;30.000;30.000;30.000;30.000;30.000;30.000;30.000;30.000;30.000;30.000,Whiteline,jaw movement,,,POINT,7.426,C:\Users\esthe\Downloads\white line 14 1 _\Whit_1405_11_two(2).mp4,32,NA,
whit_1405(2),2025-06-27 14:55:43.116,,109.442,Media file(s),player #1:C:\Users\esthe\Downloads\white line 14 1 _\Whit_1405_10_one(2).mp4;C:\Users\esthe\Downloads\white line 14 1 _\Whit_1405_11_two(2).mp4;C:\Users\esthe\Downloads\white line 14 1 _\Whit_1405_12_three(2).mp4;C:\Users\esthe\Downloads\white line 14 1 _\Whit_1405_13_five(2).mp4;C:\Users\esthe\Downloads\white line 14 1 _\Whit_1405_2_five (2).mp4;C:\Users\esthe\Downloads\white line 14 1 _\Whit_1405_3_one (2).mp4;C:\Users\esthe\Downloads\white line 14 1 _\Whit_1405_4_control (2).mp4;C:\Users\esthe\Downloads\white line 14 1 _\Whit_1405_5_three(2).mp4;C:\Users\esthe\Downloads\white line 14 1 _\Whit_1405_6_one(2).mp4;C:\Users\esthe\Downloads\white line 14 1 _\Whit_1405_7_two(2).mp4;C:\Users\esthe\Downloads\white line 14 1 _\Whit_1405_8_onehalf(2).mp4;C:\Users\esthe\Downloads\white line 14 1 _\Whit_1405_9_five(2).mp4,0.0,6.365;3.661;7.299;10.332;7.866;6.166;16.964;6.932;4.266;7.799;4.766;27.063,30.000;30.000;30.000;30.000;30.000;30.000;30.000;30.000;30.000;30.000;30.000;30.000,Whiteline,peeling,,,START,7.426,C:\Users\esthe\Downloads\white line 14 1 _\Whit_1405_11_two(2).mp4,32,NA,
whit_1405(2),2025-06-27 14:55:43.116,,109.442,Media file(s),player #1:C:\Users\esthe\Downloads\white line 14 1 _\Whit_1405_10_one(2).mp4;C:\Users\esthe\Downloads\white line 14 1 _\Whit_1405_11_two(2).mp4;C:\Users\esthe\Downloads\white line 14 1 _\Whit_1405_12_three(2).mp4;C:\Users\esthe\Downloads\white line 14 1 _\Whit_1405_13_five(2).mp4;C:\Users\esthe\Downloads\white line 14 1 _\Whit_1405_2_five (2).mp4;C:\Users\esthe\Downloads\white line 14 1 _\Whit_1405_3_one (2).mp4;C:\Users\esthe\Downloads\white line 14 1 _\Whit_1405_4_control (2).mp4;C:\Users\esthe\Downloads\white line 14 1 _\Whit_1405_5_three(2).mp4;C:\Users\esthe\Downloads\white line 14 1 _\Whit_1405_6_one(2).mp4;C:\Users\esthe\Downloads\white line 14 1 _\Whit_1405_7_two(2).mp4;C:\Users\esthe\Downloads\white line 14 1 _\Whit_1405_8_onehalf(2).mp4;C:\Users\esthe\Downloads\white line 14 1 _\Whit_1405_9_five(2).mp4,0.0,6.365;3.661;7.299;10.332;7.866;6.166;16.964;6.932;4.266;7.799;4.766;27.063,30.000;30.000;30.000;30.000;30.000;30.000;30.000;30.000;30.000;30.000;30.000;30.000,Whiteline,jaw movement,,,POINT,7.893,C:\Users\esthe\Downloads\white line 14 1 _\Whit_1405_11_two(2).mp4,46,NA,
whit_1405(2),2025-06-27 14:55:43.116,,109.442,Media file(s),player #1:C:\Users\esthe\Downloads\white line 14 1 _\Whit_1405_10_one(2).mp4;C:\Users\esthe\Downloads\white line 14 1 _\Whit_1405_11_two(2).mp4;C:\Users\esthe\Downloads\white line 14 1 _\Whit_1405_12_three(2).mp4;C:\Users\esthe\Downloads\white line 14 1 _\Whit_1405_13_five(2).mp4;C:\Users\esthe\Downloads\white line 14 1 _\Whit_1405_2_five (2).mp4;C:\Users\esthe\Downloads\white line 14 1 _\Whit_1405_3_one (2).mp4;C:\Users\esthe\Downloads\white line 14 1 _\Whit_1405_4_control (2).mp4;C:\Users\esthe\Downloads\white line 14 1 _\Whit_1405_5_three(2).mp4;C:\Users\esthe\Downloads\white line 14 1 _\Whit_1405_6_one(2).mp4;C:\Users\esthe\Downloads\white line 14 1 _\Whit_1405_7_two(2).mp4;C:\Users\esthe\Downloads\white line 14 1 _\Whit_1405_8_onehalf(2).mp4;C:\Users\esthe\Downloads\white line 14 1 _\Whit_1405_9_five(2).mp4,0.0,6.365;3.661;7.299;10.332;7.866;6.166;16.964;6.932;4.266;7.799;4.766;27.063,30.000;30.000;30.000;30.000;30.000;30.000;30.000;30.000;30.000;30.000;30.000;30.000,Whiteline,ear clapping,,,POINT,8.093,C:\Users\esthe\Downloads\white line 14 1 _\Whit_1405_11_two(2).mp4,52,NA,
whit_1405(2),2025-06-27 14:55:43.116,,109.442,Media file(s),player #1:C:\Users\esthe\Downloads\white line 14 1 _\Whit_1405_10_one(2).mp4;C:\Users\esthe\Downloads\white line 14 1 _\Whit_1405_11_two(2).mp4;C:\Users\esthe\Downloads\white line 14 1 _\Whit_1405_12_three(2).mp4;C:\Users\esthe\Downloads\white line 14 1 _\Whit_1405_13_five(2).mp4;C:\Users\esthe\Downloads\white line 14 1 _\Whit_1405_2_five (2).mp4;C:\Users\esthe\Downloads\white line 14 1 _\Whit_1405_3_one (2).mp4;C:\Users\esthe\Downloads\white line 14 1 _\Whit_1405_4_control (2).mp4;C:\Users\esthe\Downloads\white line 14 1 _\Whit_1405_5_three(2).mp4;C:\Users\esthe\Downloads\white line 14 1 _\Whit_1405_6_one(2).mp4;C:\Users\esthe\Downloads\white line 14 1 _\Whit_1405_7_two(2).mp4;C:\Users\esthe\Downloads\white line 14 1 _\Whit_1405_8_onehalf(2).mp4;C:\Users\esthe\Downloads\white line 14 1 _\Whit_1405_9_five(2).mp4,0.0,6.365;3.661;7.299;10.332;7.866;6.166;16.964;6.932;4.266;7.799;4.766;27.063,30.000;30.000;30.000;30.000;30.000;30.000;30.000;30.000;30.000;30.000;30.000;30.000,Whiteline,ear clapping,,,POINT,8.160,C:\Users\esthe\Downloads\white line 14 1 _\Whit_1405_11_two(2).mp4,54,NA,
whit_1405(2),2025-06-27 14:55:43.116,,109.442,Media file(s),player #1:C:\Users\esthe\Downloads\white line 14 1 _\Whit_1405_10_one(2).mp4;C:\Users\esthe\Downloads\white line 14 1 _\Whit_1405_11_two(2).mp4;C:\Users\esthe\Downloads\white line 14 1 _\Whit_1405_12_three(2).mp4;C:\Users\esthe\Downloads\white line 14 1 _\Whit_1405_13_five(2).mp4;C:\Users\esthe\Downloads\white line 14 1 _\Whit_1405_2_five (2).mp4;C:\Users\esthe\Downloads\white line 14 1 _\Whit_1405_3_one (2).mp4;C:\Users\esthe\Downloads\white line 14 1 _\Whit_1405_4_control (2).mp4;C:\Users\esthe\Downloads\white line 14 1 _\Whit_1405_5_three(2).mp4;C:\Users\esthe\Downloads\white line 14 1 _\Whit_1405_6_one(2).mp4;C:\Users\esthe\Downloads\white line 14 1 _\Whit_1405_7_two(2).mp4;C:\Users\esthe\Downloads\white line 14 1 _\Whit_1405_8_onehalf(2).mp4;C:\Users\esthe\Downloads\white line 14 1 _\Whit_1405_9_five(2).mp4,0.0,6.365;3.661;7.299;10.332;7.866;6.166;16.964;6.932;4.266;7.799;4.766;27.063,30.000;30.000;30.000;30.000;30.000;30.000;30.000;30.000;30.000;30.000;30.000;30.000,Whiteline,jaw movement,,,POINT,8.160,C:\Users\esthe\Downloads\white line 14 1 _\Whit_1405_11_two(2).mp4,54,NA,
whit_1405(2),2025-06-27 14:55:43.116,,109.442,Media file(s),player #1:C:\Users\esthe\Downloads\white line 14 1 _\Whit_1405_10_one(2).mp4;C:\Users\esthe\Downloads\white line 14 1 _\Whit_1405_11_two(2).mp4;C:\Users\esthe\Downloads\white line 14 1 _\Whit_1405_12_three(2).mp4;C:\Users\esthe\Downloads\white line 14 1 _\Whit_1405_13_five(2).mp4;C:\Users\esthe\Downloads\white line 14 1 _\Whit_1405_2_five (2).mp4;C:\Users\esthe\Downloads\white line 14 1 _\Whit_1405_3_one (2).mp4;C:\Users\esthe\Downloads\white line 14 1 _\Whit_1405_4_control (2).mp4;C:\Users\esthe\Downloads\white line 14 1 _\Whit_1405_5_three(2).mp4;C:\Users\esthe\Downloads\white line 14 1 _\Whit_1405_6_one(2).mp4;C:\Users\esthe\Downloads\white line 14 1 _\Whit_1405_7_two(2).mp4;C:\Users\esthe\Downloads\white line 14 1 _\Whit_1405_8_onehalf(2).mp4;C:\Users\esthe\Downloads\white line 14 1 _\Whit_1405_9_five(2).mp4,0.0,6.365;3.661;7.299;10.332;7.866;6.166;16.964;6.932;4.266;7.799;4.766;27.063,30.000;30.000;30.000;30.000;30.000;30.000;30.000;30.000;30.000;30.000;30.000;30.000,Whiteline,ear clapping,,,POINT,8.293,C:\Users\esthe\Downloads\white line 14 1 _\Whit_1405_11_two(2).mp4,58,NA,
whit_1405(2),2025-06-27 14:55:43.116,,109.442,Media file(s),player #1:C:\Users\esthe\Downloads\white line 14 1 _\Whit_1405_10_one(2).mp4;C:\Users\esthe\Downloads\white line 14 1 _\Whit_1405_11_two(2).mp4;C:\Users\esthe\Downloads\white line 14 1 _\Whit_1405_12_three(2).mp4;C:\Users\esthe\Downloads\white line 14 1 _\Whit_1405_13_five(2).mp4;C:\Users\esthe\Downloads\white line 14 1 _\Whit_1405_2_five (2).mp4;C:\Users\esthe\Downloads\white line 14 1 _\Whit_1405_3_one (2).mp4;C:\Users\esthe\Downloads\white line 14 1 _\Whit_1405_4_control (2).mp4;C:\Users\esthe\Downloads\white line 14 1 _\Whit_1405_5_three(2).mp4;C:\Users\esthe\Downloads\white line 14 1 _\Whit_1405_6_one(2).mp4;C:\Users\esthe\Downloads\white line 14 1 _\Whit_1405_7_two(2).mp4;C:\Users\esthe\Downloads\white line 14 1 _\Whit_1405_8_onehalf(2).mp4;C:\Users\esthe\Downloads\white line 14 1 _\Whit_1405_9_five(2).mp4,0.0,6.365;3.661;7.299;10.332;7.866;6.166;16.964;6.932;4.266;7.799;4.766;27.063,30.000;30.000;30.000;30.000;30.000;30.000;30.000;30.000;30.000;30.000;30.000;30.000,Whiteline,jaw movement,,,POINT,8.460,C:\Users\esthe\Downloads\white line 14 1 _\Whit_1405_11_two(2).mp4,63,NA,
whit_1405(2),2025-06-27 14:55:43.116,,109.442,Media file(s),player #1:C:\Users\esthe\Downloads\white line 14 1 _\Whit_1405_10_one(2).mp4;C:\Users\esthe\Downloads\white line 14 1 _\Whit_1405_11_two(2).mp4;C:\Users\esthe\Downloads\white line 14 1 _\Whit_1405_12_three(2).mp4;C:\Users\esthe\Downloads\white line 14 1 _\Whit_1405_13_five(2).mp4;C:\Users\esthe\Downloads\white line 14 1 _\Whit_1405_2_five (2).mp4;C:\Users\esthe\Downloads\white line 14 1 _\Whit_1405_3_one (2).mp4;C:\Users\esthe\Downloads\white line 14 1 _\Whit_1405_4_control (2).mp4;C:\Users\esthe\Downloads\white line 14 1 _\Whit_1405_5_three(2).mp4;C:\Users\esthe\Downloads\white line 14 1 _\Whit_1405_6_one(2).mp4;C:\Users\esthe\Downloads\white line 14 1 _\Whit_1405_7_two(2).mp4;C:\Users\esthe\Downloads\white line 14 1 _\Whit_1405_8_onehalf(2).mp4;C:\Users\esthe\Downloads\white line 14 1 _\Whit_1405_9_five(2).mp4,0.0,6.365;3.661;7.299;10.332;7.866;6.166;16.964;6.932;4.266;7.799;4.766;27.063,30.000;30.000;30.000;30.000;30.000;30.000;30.000;30.000;30.000;30.000;30.000;30.000,Whiteline,peeling,,,STOP,8.593,C:\Users\esthe\Downloads\white line 14 1 _\Whit_1405_11_two(2).mp4,67,NA,
whit_1405(2),2025-06-27 14:55:43.116,,109.442,Media file(s),player #1:C:\Users\esthe\Downloads\white line 14 1 _\Whit_1405_10_one(2).mp4;C:\Users\esthe\Downloads\white line 14 1 _\Whit_1405_11_two(2).mp4;C:\Users\esthe\Downloads\white line 14 1 _\Whit_1405_12_three(2).mp4;C:\Users\esthe\Downloads\white line 14 1 _\Whit_1405_13_five(2).mp4;C:\Users\esthe\Downloads\white line 14 1 _\Whit_1405_2_five (2).mp4;C:\Users\esthe\Downloads\white line 14 1 _\Whit_1405_3_one (2).mp4;C:\Users\esthe\Downloads\white line 14 1 _\Whit_1405_4_control (2).mp4;C:\Users\esthe\Downloads\white line 14 1 _\Whit_1405_5_three(2).mp4;C:\Users\esthe\Downloads\white line 14 1 _\Whit_1405_6_one(2).mp4;C:\Users\esthe\Downloads\white line 14 1 _\Whit_1405_7_two(2).mp4;C:\Users\esthe\Downloads\white line 14 1 _\Whit_1405_8_onehalf(2).mp4;C:\Users\esthe\Downloads\white line 14 1 _\Whit_1405_9_five(2).mp4,0.0,6.365;3.661;7.299;10.332;7.866;6.166;16.964;6.932;4.266;7.799;4.766;27.063,30.000;30.000;30.000;30.000;30.000;30.000;30.000;30.000;30.000;30.000;30.000;30.000,Whiteline,eating,,,START,8.860,C:\Users\esthe\Downloads\white line 14 1 _\Whit_1405_11_two(2).mp4,75,NA,
whit_1405(2),2025-06-27 14:55:43.116,,109.442,Media file(s),player #1:C:\Users\esthe\Downloads\white line 14 1 _\Whit_1405_10_one(2).mp4;C:\Users\esthe\Downloads\white line 14 1 _\Whit_1405_11_two(2).mp4;C:\Users\esthe\Downloads\white line 14 1 _\Whit_1405_12_three(2).mp4;C:\Users\esthe\Downloads\white line 14 1 _\Whit_1405_13_five(2).mp4;C:\Users\esthe\Downloads\white line 14 1 _\Whit_1405_2_five (2).mp4;C:\Users\esthe\Downloads\white line 14 1 _\Whit_1405_3_one (2).mp4;C:\Users\esthe\Downloads\white line 14 1 _\Whit_1405_4_control (2).mp4;C:\Users\esthe\Downloads\white line 14 1 _\Whit_1405_5_three(2).mp4;C:\Users\esthe\Downloads\white line 14 1 _\Whit_1405_6_one(2).mp4;C:\Users\esthe\Downloads\white line 14 1 _\Whit_1405_7_two(2).mp4;C:\Users\esthe\Downloads\white line 14 1 _\Whit_1405_8_onehalf(2).mp4;C:\Users\esthe\Downloads\white line 14 1 _\Whit_1405_9_five(2).mp4,0.0,6.365;3.661;7.299;10.332;7.866;6.166;16.964;6.932;4.266;7.799;4.766;27.063,30.000;30.000;30.000;30.000;30.000;30.000;30.000;30.000;30.000;30.000;30.000;30.000,Whiteline,ear clapping,,,POINT,9.060,C:\Users\esthe\Downloads\white line 14 1 _\Whit_1405_11_two(2).mp4,81,NA,
whit_1405(2),2025-06-27 14:55:43.116,,109.442,Media file(s),player #1:C:\Users\esthe\Downloads\white line 14 1 _\Whit_1405_10_one(2).mp4;C:\Users\esthe\Downloads\white line 14 1 _\Whit_1405_11_two(2).mp4;C:\Users\esthe\Downloads\white line 14 1 _\Whit_1405_12_three(2).mp4;C:\Users\esthe\Downloads\white line 14 1 _\Whit_1405_13_five(2).mp4;C:\Users\esthe\Downloads\white line 14 1 _\Whit_1405_2_five (2).mp4;C:\Users\esthe\Downloads\white line 14 1 _\Whit_1405_3_one (2).mp4;C:\Users\esthe\Downloads\white line 14 1 _\Whit_1405_4_control (2).mp4;C:\Users\esthe\Downloads\white line 14 1 _\Whit_1405_5_three(2).mp4;C:\Users\esthe\Downloads\white line 14 1 _\Whit_1405_6_one(2).mp4;C:\Users\esthe\Downloads\white line 14 1 _\Whit_1405_7_two(2).mp4;C:\Users\esthe\Downloads\white line 14 1 _\Whit_1405_8_onehalf(2).mp4;C:\Users\esthe\Downloads\white line 14 1 _\Whit_1405_9_five(2).mp4,0.0,6.365;3.661;7.299;10.332;7.866;6.166;16.964;6.932;4.266;7.799;4.766;27.063,30.000;30.000;30.000;30.000;30.000;30.000;30.000;30.000;30.000;30.000;30.000;30.000,Whiteline,eating,,,STOP,9.793,C:\Users\esthe\Downloads\white line 14 1 _\Whit_1405_11_two(2).mp4,103,NA,
whit_1405(2),2025-06-27 14:55:43.116,,109.442,Media file(s),player #1:C:\Users\esthe\Downloads\white line 14 1 _\Whit_1405_10_one(2).mp4;C:\Users\esthe\Downloads\white line 14 1 _\Whit_1405_11_two(2).mp4;C:\Users\esthe\Downloads\white line 14 1 _\Whit_1405_12_three(2).mp4;C:\Users\esthe\Downloads\white line 14 1 _\Whit_1405_13_five(2).mp4;C:\Users\esthe\Downloads\white line 14 1 _\Whit_1405_2_five (2).mp4;C:\Users\esthe\Downloads\white line 14 1 _\Whit_1405_3_one (2).mp4;C:\Users\esthe\Downloads\white line 14 1 _\Whit_1405_4_control (2).mp4;C:\Users\esthe\Downloads\white line 14 1 _\Whit_1405_5_three(2).mp4;C:\Users\esthe\Downloads\white line 14 1 _\Whit_1405_6_one(2).mp4;C:\Users\esthe\Downloads\white line 14 1 _\Whit_1405_7_two(2).mp4;C:\Users\esthe\Downloads\white line 14 1 _\Whit_1405_8_onehalf(2).mp4;C:\Users\esthe\Downloads\white line 14 1 _\Whit_1405_9_five(2).mp4,0.0,6.365;3.661;7.299;10.332;7.866;6.166;16.964;6.932;4.266;7.799;4.766;27.063,30.000;30.000;30.000;30.000;30.000;30.000;30.000;30.000;30.000;30.000;30.000;30.000,Whiteline,bending,,,START,10.193,C:\Users\esthe\Downloads\white line 14 1 _\Whit_1405_12_three(2).mp4,5,NA,
whit_1405(2),2025-06-27 14:55:43.116,,109.442,Media file(s),player #1:C:\Users\esthe\Downloads\white line 14 1 _\Whit_1405_10_one(2).mp4;C:\Users\esthe\Downloads\white line 14 1 _\Whit_1405_11_two(2).mp4;C:\Users\esthe\Downloads\white line 14 1 _\Whit_1405_12_three(2).mp4;C:\Users\esthe\Downloads\white line 14 1 _\Whit_1405_13_five(2).mp4;C:\Users\esthe\Downloads\white line 14 1 _\Whit_1405_2_five (2).mp4;C:\Users\esthe\Downloads\white line 14 1 _\Whit_1405_3_one (2).mp4;C:\Users\esthe\Downloads\white line 14 1 _\Whit_1405_4_control (2).mp4;C:\Users\esthe\Downloads\white line 14 1 _\Whit_1405_5_three(2).mp4;C:\Users\esthe\Downloads\white line 14 1 _\Whit_1405_6_one(2).mp4;C:\Users\esthe\Downloads\white line 14 1 _\Whit_1405_7_two(2).mp4;C:\Users\esthe\Downloads\white line 14 1 _\Whit_1405_8_onehalf(2).mp4;C:\Users\esthe\Downloads\white line 14 1 _\Whit_1405_9_five(2).mp4,0.0,6.365;3.661;7.299;10.332;7.866;6.166;16.964;6.932;4.266;7.799;4.766;27.063,30.000;30.000;30.000;30.000;30.000;30.000;30.000;30.000;30.000;30.000;30.000;30.000,Whiteline,bending,,,STOP,11.224,C:\Users\esthe\Downloads\white line 14 1 _\Whit_1405_12_three(2).mp4,36,NA,
whit_1405(2),2025-06-27 14:55:43.116,,109.442,Media file(s),player #1:C:\Users\esthe\Downloads\white line 14 1 _\Whit_1405_10_one(2).mp4;C:\Users\esthe\Downloads\white line 14 1 _\Whit_1405_11_two(2).mp4;C:\Users\esthe\Downloads\white line 14 1 _\Whit_1405_12_three(2).mp4;C:\Users\esthe\Downloads\white line 14 1 _\Whit_1405_13_five(2).mp4;C:\Users\esthe\Downloads\white line 14 1 _\Whit_1405_2_five (2).mp4;C:\Users\esthe\Downloads\white line 14 1 _\Whit_1405_3_one (2).mp4;C:\Users\esthe\Downloads\white line 14 1 _\Whit_1405_4_control (2).mp4;C:\Users\esthe\Downloads\white line 14 1 _\Whit_1405_5_three(2).mp4;C:\Users\esthe\Downloads\white line 14 1 _\Whit_1405_6_one(2).mp4;C:\Users\esthe\Downloads\white line 14 1 _\Whit_1405_7_two(2).mp4;C:\Users\esthe\Downloads\white line 14 1 _\Whit_1405_8_onehalf(2).mp4;C:\Users\esthe\Downloads\white line 14 1 _\Whit_1405_9_five(2).mp4,0.0,6.365;3.661;7.299;10.332;7.866;6.166;16.964;6.932;4.266;7.799;4.766;27.063,30.000;30.000;30.000;30.000;30.000;30.000;30.000;30.000;30.000;30.000;30.000;30.000,Whiteline,grabbing peanut,,,POINT,11.224,C:\Users\esthe\Downloads\white line 14 1 _\Whit_1405_12_three(2).mp4,36,NA,
whit_1405(2),2025-06-27 14:55:43.116,,109.442,Media file(s),player #1:C:\Users\esthe\Downloads\white line 14 1 _\Whit_1405_10_one(2).mp4;C:\Users\esthe\Downloads\white line 14 1 _\Whit_1405_11_two(2).mp4;C:\Users\esthe\Downloads\white line 14 1 _\Whit_1405_12_three(2).mp4;C:\Users\esthe\Downloads\white line 14 1 _\Whit_1405_13_five(2).mp4;C:\Users\esthe\Downloads\white line 14 1 _\Whit_1405_2_five (2).mp4;C:\Users\esthe\Downloads\white line 14 1 _\Whit_1405_3_one (2).mp4;C:\Users\esthe\Downloads\white line 14 1 _\Whit_1405_4_control (2).mp4;C:\Users\esthe\Downloads\white line 14 1 _\Whit_1405_5_three(2).mp4;C:\Users\esthe\Downloads\white line 14 1 _\Whit_1405_6_one(2).mp4;C:\Users\esthe\Downloads\white line 14 1 _\Whit_1405_7_two(2).mp4;C:\Users\esthe\Downloads\white line 14 1 _\Whit_1405_8_onehalf(2).mp4;C:\Users\esthe\Downloads\white line 14 1 _\Whit_1405_9_five(2).mp4,0.0,6.365;3.661;7.299;10.332;7.866;6.166;16.964;6.932;4.266;7.799;4.766;27.063,30.000;30.000;30.000;30.000;30.000;30.000;30.000;30.000;30.000;30.000;30.000;30.000,Whiteline,lifting,,,START,11.257,C:\Users\esthe\Downloads\white line 14 1 _\Whit_1405_12_three(2).mp4,37,NA,
whit_1405(2),2025-06-27 14:55:43.116,,109.442,Media file(s),player #1:C:\Users\esthe\Downloads\white line 14 1 _\Whit_1405_10_one(2).mp4;C:\Users\esthe\Downloads\white line 14 1 _\Whit_1405_11_two(2).mp4;C:\Users\esthe\Downloads\white line 14 1 _\Whit_1405_12_three(2).mp4;C:\Users\esthe\Downloads\white line 14 1 _\Whit_1405_13_five(2).mp4;C:\Users\esthe\Downloads\white line 14 1 _\Whit_1405_2_five (2).mp4;C:\Users\esthe\Downloads\white line 14 1 _\Whit_1405_3_one (2).mp4;C:\Users\esthe\Downloads\white line 14 1 _\Whit_1405_4_control (2).mp4;C:\Users\esthe\Downloads\white line 14 1 _\Whit_1405_5_three(2).mp4;C:\Users\esthe\Downloads\white line 14 1 _\Whit_1405_6_one(2).mp4;C:\Users\esthe\Downloads\white line 14 1 _\Whit_1405_7_two(2).mp4;C:\Users\esthe\Downloads\white line 14 1 _\Whit_1405_8_onehalf(2).mp4;C:\Users\esthe\Downloads\white line 14 1 _\Whit_1405_9_five(2).mp4,0.0,6.365;3.661;7.299;10.332;7.866;6.166;16.964;6.932;4.266;7.799;4.766;27.063,30.000;30.000;30.000;30.000;30.000;30.000;30.000;30.000;30.000;30.000;30.000;30.000,Whiteline,lifting,,,STOP,11.457,C:\Users\esthe\Downloads\white line 14 1 _\Whit_1405_12_three(2).mp4,43,NA,
whit_1405(2),2025-06-27 14:55:43.116,,109.442,Media file(s),player #1:C:\Users\esthe\Downloads\white line 14 1 _\Whit_1405_10_one(2).mp4;C:\Users\esthe\Downloads\white line 14 1 _\Whit_1405_11_two(2).mp4;C:\Users\esthe\Downloads\white line 14 1 _\Whit_1405_12_three(2).mp4;C:\Users\esthe\Downloads\white line 14 1 _\Whit_1405_13_five(2).mp4;C:\Users\esthe\Downloads\white line 14 1 _\Whit_1405_2_five (2).mp4;C:\Users\esthe\Downloads\white line 14 1 _\Whit_1405_3_one (2).mp4;C:\Users\esthe\Downloads\white line 14 1 _\Whit_1405_4_control (2).mp4;C:\Users\esthe\Downloads\white line 14 1 _\Whit_1405_5_three(2).mp4;C:\Users\esthe\Downloads\white line 14 1 _\Whit_1405_6_one(2).mp4;C:\Users\esthe\Downloads\white line 14 1 _\Whit_1405_7_two(2).mp4;C:\Users\esthe\Downloads\white line 14 1 _\Whit_1405_8_onehalf(2).mp4;C:\Users\esthe\Downloads\white line 14 1 _\Whit_1405_9_five(2).mp4,0.0,6.365;3.661;7.299;10.332;7.866;6.166;16.964;6.932;4.266;7.799;4.766;27.063,30.000;30.000;30.000;30.000;30.000;30.000;30.000;30.000;30.000;30.000;30.000;30.000,Whiteline,pause,,,START,11.457,C:\Users\esthe\Downloads\white line 14 1 _\Whit_1405_12_three(2).mp4,43,NA,
whit_1405(2),2025-06-27 14:55:43.116,,109.442,Media file(s),player #1:C:\Users\esthe\Downloads\white line 14 1 _\Whit_1405_10_one(2).mp4;C:\Users\esthe\Downloads\white line 14 1 _\Whit_1405_11_two(2).mp4;C:\Users\esthe\Downloads\white line 14 1 _\Whit_1405_12_three(2).mp4;C:\Users\esthe\Downloads\white line 14 1 _\Whit_1405_13_five(2).mp4;C:\Users\esthe\Downloads\white line 14 1 _\Whit_1405_2_five (2).mp4;C:\Users\esthe\Downloads\white line 14 1 _\Whit_1405_3_one (2).mp4;C:\Users\esthe\Downloads\white line 14 1 _\Whit_1405_4_control (2).mp4;C:\Users\esthe\Downloads\white line 14 1 _\Whit_1405_5_three(2).mp4;C:\Users\esthe\Downloads\white line 14 1 _\Whit_1405_6_one(2).mp4;C:\Users\esthe\Downloads\white line 14 1 _\Whit_1405_7_two(2).mp4;C:\Users\esthe\Downloads\white line 14 1 _\Whit_1405_8_onehalf(2).mp4;C:\Users\esthe\Downloads\white line 14 1 _\Whit_1405_9_five(2).mp4,0.0,6.365;3.661;7.299;10.332;7.866;6.166;16.964;6.932;4.266;7.799;4.766;27.063,30.000;30.000;30.000;30.000;30.000;30.000;30.000;30.000;30.000;30.000;30.000;30.000,Whiteline,pause,,,STOP,13.724,C:\Users\esthe\Downloads\white line 14 1 _\Whit_1405_12_three(2).mp4,111,NA,
whit_1405(2),2025-06-27 14:55:43.116,,109.442,Media file(s),player #1:C:\Users\esthe\Downloads\white line 14 1 _\Whit_1405_10_one(2).mp4;C:\Users\esthe\Downloads\white line 14 1 _\Whit_1405_11_two(2).mp4;C:\Users\esthe\Downloads\white line 14 1 _\Whit_1405_12_three(2).mp4;C:\Users\esthe\Downloads\white line 14 1 _\Whit_1405_13_five(2).mp4;C:\Users\esthe\Downloads\white line 14 1 _\Whit_1405_2_five (2).mp4;C:\Users\esthe\Downloads\white line 14 1 _\Whit_1405_3_one (2).mp4;C:\Users\esthe\Downloads\white line 14 1 _\Whit_1405_4_control (2).mp4;C:\Users\esthe\Downloads\white line 14 1 _\Whit_1405_5_three(2).mp4;C:\Users\esthe\Downloads\white line 14 1 _\Whit_1405_6_one(2).mp4;C:\Users\esthe\Downloads\white line 14 1 _\Whit_1405_7_two(2).mp4;C:\Users\esthe\Downloads\white line 14 1 _\Whit_1405_8_onehalf(2).mp4;C:\Users\esthe\Downloads\white line 14 1 _\Whit_1405_9_five(2).mp4,0.0,6.365;3.661;7.299;10.332;7.866;6.166;16.964;6.932;4.266;7.799;4.766;27.063,30.000;30.000;30.000;30.000;30.000;30.000;30.000;30.000;30.000;30.000;30.000;30.000,Whiteline,assessing,,,START,14.124,C:\Users\esthe\Downloads\white line 14 1 _\Whit_1405_12_three(2).mp4,123,NA,
whit_1405(2),2025-06-27 14:55:43.116,,109.442,Media file(s),player #1:C:\Users\esthe\Downloads\white line 14 1 _\Whit_1405_10_one(2).mp4;C:\Users\esthe\Downloads\white line 14 1 _\Whit_1405_11_two(2).mp4;C:\Users\esthe\Downloads\white line 14 1 _\Whit_1405_12_three(2).mp4;C:\Users\esthe\Downloads\white line 14 1 _\Whit_1405_13_five(2).mp4;C:\Users\esthe\Downloads\white line 14 1 _\Whit_1405_2_five (2).mp4;C:\Users\esthe\Downloads\white line 14 1 _\Whit_1405_3_one (2).mp4;C:\Users\esthe\Downloads\white line 14 1 _\Whit_1405_4_control (2).mp4;C:\Users\esthe\Downloads\white line 14 1 _\Whit_1405_5_three(2).mp4;C:\Users\esthe\Downloads\white line 14 1 _\Whit_1405_6_one(2).mp4;C:\Users\esthe\Downloads\white line 14 1 _\Whit_1405_7_two(2).mp4;C:\Users\esthe\Downloads\white line 14 1 _\Whit_1405_8_onehalf(2).mp4;C:\Users\esthe\Downloads\white line 14 1 _\Whit_1405_9_five(2).mp4,0.0,6.365;3.661;7.299;10.332;7.866;6.166;16.964;6.932;4.266;7.799;4.766;27.063,30.000;30.000;30.000;30.000;30.000;30.000;30.000;30.000;30.000;30.000;30.000;30.000,Whiteline,jaw movement,,,POINT,14.324,C:\Users\esthe\Downloads\white line 14 1 _\Whit_1405_12_three(2).mp4,129,NA,
whit_1405(2),2025-06-27 14:55:43.116,,109.442,Media file(s),player #1:C:\Users\esthe\Downloads\white line 14 1 _\Whit_1405_10_one(2).mp4;C:\Users\esthe\Downloads\white line 14 1 _\Whit_1405_11_two(2).mp4;C:\Users\esthe\Downloads\white line 14 1 _\Whit_1405_12_three(2).mp4;C:\Users\esthe\Downloads\white line 14 1 _\Whit_1405_13_five(2).mp4;C:\Users\esthe\Downloads\white line 14 1 _\Whit_1405_2_five (2).mp4;C:\Users\esthe\Downloads\white line 14 1 _\Whit_1405_3_one (2).mp4;C:\Users\esthe\Downloads\white line 14 1 _\Whit_1405_4_control (2).mp4;C:\Users\esthe\Downloads\white line 14 1 _\Whit_1405_5_three(2).mp4;C:\Users\esthe\Downloads\white line 14 1 _\Whit_1405_6_one(2).mp4;C:\Users\esthe\Downloads\white line 14 1 _\Whit_1405_7_two(2).mp4;C:\Users\esthe\Downloads\white line 14 1 _\Whit_1405_8_onehalf(2).mp4;C:\Users\esthe\Downloads\white line 14 1 _\Whit_1405_9_five(2).mp4,0.0,6.365;3.661;7.299;10.332;7.866;6.166;16.964;6.932;4.266;7.799;4.766;27.063,30.000;30.000;30.000;30.000;30.000;30.000;30.000;30.000;30.000;30.000;30.000;30.000,Whiteline,jaw movement,,,POINT,14.591,C:\Users\esthe\Downloads\white line 14 1 _\Whit_1405_12_three(2).mp4,137,NA,
whit_1405(2),2025-06-27 14:55:43.116,,109.442,Media file(s),player #1:C:\Users\esthe\Downloads\white line 14 1 _\Whit_1405_10_one(2).mp4;C:\Users\esthe\Downloads\white line 14 1 _\Whit_1405_11_two(2).mp4;C:\Users\esthe\Downloads\white line 14 1 _\Whit_1405_12_three(2).mp4;C:\Users\esthe\Downloads\white line 14 1 _\Whit_1405_13_five(2).mp4;C:\Users\esthe\Downloads\white line 14 1 _\Whit_1405_2_five (2).mp4;C:\Users\esthe\Downloads\white line 14 1 _\Whit_1405_3_one (2).mp4;C:\Users\esthe\Downloads\white line 14 1 _\Whit_1405_4_control (2).mp4;C:\Users\esthe\Downloads\white line 14 1 _\Whit_1405_5_three(2).mp4;C:\Users\esthe\Downloads\white line 14 1 _\Whit_1405_6_one(2).mp4;C:\Users\esthe\Downloads\white line 14 1 _\Whit_1405_7_two(2).mp4;C:\Users\esthe\Downloads\white line 14 1 _\Whit_1405_8_onehalf(2).mp4;C:\Users\esthe\Downloads\white line 14 1 _\Whit_1405_9_five(2).mp4,0.0,6.365;3.661;7.299;10.332;7.866;6.166;16.964;6.932;4.266;7.799;4.766;27.063,30.000;30.000;30.000;30.000;30.000;30.000;30.000;30.000;30.000;30.000;30.000;30.000,Whiteline,sniffing,,,POINT,14.658,C:\Users\esthe\Downloads\white line 14 1 _\Whit_1405_12_three(2).mp4,139,NA,
whit_1405(2),2025-06-27 14:55:43.116,,109.442,Media file(s),player #1:C:\Users\esthe\Downloads\white line 14 1 _\Whit_1405_10_one(2).mp4;C:\Users\esthe\Downloads\white line 14 1 _\Whit_1405_11_two(2).mp4;C:\Users\esthe\Downloads\white line 14 1 _\Whit_1405_12_three(2).mp4;C:\Users\esthe\Downloads\white line 14 1 _\Whit_1405_13_five(2).mp4;C:\Users\esthe\Downloads\white line 14 1 _\Whit_1405_2_five (2).mp4;C:\Users\esthe\Downloads\white line 14 1 _\Whit_1405_3_one (2).mp4;C:\Users\esthe\Downloads\white line 14 1 _\Whit_1405_4_control (2).mp4;C:\Users\esthe\Downloads\white line 14 1 _\Whit_1405_5_three(2).mp4;C:\Users\esthe\Downloads\white line 14 1 _\Whit_1405_6_one(2).mp4;C:\Users\esthe\Downloads\white line 14 1 _\Whit_1405_7_two(2).mp4;C:\Users\esthe\Downloads\white line 14 1 _\Whit_1405_8_onehalf(2).mp4;C:\Users\esthe\Downloads\white line 14 1 _\Whit_1405_9_five(2).mp4,0.0,6.365;3.661;7.299;10.332;7.866;6.166;16.964;6.932;4.266;7.799;4.766;27.063,30.000;30.000;30.000;30.000;30.000;30.000;30.000;30.000;30.000;30.000;30.000;30.000,Whiteline,jaw movement,,,POINT,14.924,C:\Users\esthe\Downloads\white line 14 1 _\Whit_1405_12_three(2).mp4,147,NA,
whit_1405(2),2025-06-27 14:55:43.116,,109.442,Media file(s),player #1:C:\Users\esthe\Downloads\white line 14 1 _\Whit_1405_10_one(2).mp4;C:\Users\esthe\Downloads\white line 14 1 _\Whit_1405_11_two(2).mp4;C:\Users\esthe\Downloads\white line 14 1 _\Whit_1405_12_three(2).mp4;C:\Users\esthe\Downloads\white line 14 1 _\Whit_1405_13_five(2).mp4;C:\Users\esthe\Downloads\white line 14 1 _\Whit_1405_2_five (2).mp4;C:\Users\esthe\Downloads\white line 14 1 _\Whit_1405_3_one (2).mp4;C:\Users\esthe\Downloads\white line 14 1 _\Whit_1405_4_control (2).mp4;C:\Users\esthe\Downloads\white line 14 1 _\Whit_1405_5_three(2).mp4;C:\Users\esthe\Downloads\white line 14 1 _\Whit_1405_6_one(2).mp4;C:\Users\esthe\Downloads\white line 14 1 _\Whit_1405_7_two(2).mp4;C:\Users\esthe\Downloads\white line 14 1 _\Whit_1405_8_onehalf(2).mp4;C:\Users\esthe\Downloads\white line 14 1 _\Whit_1405_9_five(2).mp4,0.0,6.365;3.661;7.299;10.332;7.866;6.166;16.964;6.932;4.266;7.799;4.766;27.063,30.000;30.000;30.000;30.000;30.000;30.000;30.000;30.000;30.000;30.000;30.000;30.000,Whiteline,jaw movement,,,POINT,15.058,C:\Users\esthe\Downloads\white line 14 1 _\Whit_1405_12_three(2).mp4,151,NA,
whit_1405(2),2025-06-27 14:55:43.116,,109.442,Media file(s),player #1:C:\Users\esthe\Downloads\white line 14 1 _\Whit_1405_10_one(2).mp4;C:\Users\esthe\Downloads\white line 14 1 _\Whit_1405_11_two(2).mp4;C:\Users\esthe\Downloads\white line 14 1 _\Whit_1405_12_three(2).mp4;C:\Users\esthe\Downloads\white line 14 1 _\Whit_1405_13_five(2).mp4;C:\Users\esthe\Downloads\white line 14 1 _\Whit_1405_2_five (2).mp4;C:\Users\esthe\Downloads\white line 14 1 _\Whit_1405_3_one (2).mp4;C:\Users\esthe\Downloads\white line 14 1 _\Whit_1405_4_control (2).mp4;C:\Users\esthe\Downloads\white line 14 1 _\Whit_1405_5_three(2).mp4;C:\Users\esthe\Downloads\white line 14 1 _\Whit_1405_6_one(2).mp4;C:\Users\esthe\Downloads\white line 14 1 _\Whit_1405_7_two(2).mp4;C:\Users\esthe\Downloads\white line 14 1 _\Whit_1405_8_onehalf(2).mp4;C:\Users\esthe\Downloads\white line 14 1 _\Whit_1405_9_five(2).mp4,0.0,6.365;3.661;7.299;10.332;7.866;6.166;16.964;6.932;4.266;7.799;4.766;27.063,30.000;30.000;30.000;30.000;30.000;30.000;30.000;30.000;30.000;30.000;30.000;30.000,Whiteline,translational movement,,,POINT,15.124,C:\Users\esthe\Downloads\white line 14 1 _\Whit_1405_12_three(2).mp4,153,NA,
whit_1405(2),2025-06-27 14:55:43.116,,109.442,Media file(s),player #1:C:\Users\esthe\Downloads\white line 14 1 _\Whit_1405_10_one(2).mp4;C:\Users\esthe\Downloads\white line 14 1 _\Whit_1405_11_two(2).mp4;C:\Users\esthe\Downloads\white line 14 1 _\Whit_1405_12_three(2).mp4;C:\Users\esthe\Downloads\white line 14 1 _\Whit_1405_13_five(2).mp4;C:\Users\esthe\Downloads\white line 14 1 _\Whit_1405_2_five (2).mp4;C:\Users\esthe\Downloads\white line 14 1 _\Whit_1405_3_one (2).mp4;C:\Users\esthe\Downloads\white line 14 1 _\Whit_1405_4_control (2).mp4;C:\Users\esthe\Downloads\white line 14 1 _\Whit_1405_5_three(2).mp4;C:\Users\esthe\Downloads\white line 14 1 _\Whit_1405_6_one(2).mp4;C:\Users\esthe\Downloads\white line 14 1 _\Whit_1405_7_two(2).mp4;C:\Users\esthe\Downloads\white line 14 1 _\Whit_1405_8_onehalf(2).mp4;C:\Users\esthe\Downloads\white line 14 1 _\Whit_1405_9_five(2).mp4,0.0,6.365;3.661;7.299;10.332;7.866;6.166;16.964;6.932;4.266;7.799;4.766;27.063,30.000;30.000;30.000;30.000;30.000;30.000;30.000;30.000;30.000;30.000;30.000;30.000,Whiteline,peeling,,,START,15.258,C:\Users\esthe\Downloads\white line 14 1 _\Whit_1405_12_three(2).mp4,157,NA,
whit_1405(2),2025-06-27 14:55:43.116,,109.442,Media file(s),player #1:C:\Users\esthe\Downloads\white line 14 1 _\Whit_1405_10_one(2).mp4;C:\Users\esthe\Downloads\white line 14 1 _\Whit_1405_11_two(2).mp4;C:\Users\esthe\Downloads\white line 14 1 _\Whit_1405_12_three(2).mp4;C:\Users\esthe\Downloads\white line 14 1 _\Whit_1405_13_five(2).mp4;C:\Users\esthe\Downloads\white line 14 1 _\Whit_1405_2_five (2).mp4;C:\Users\esthe\Downloads\white line 14 1 _\Whit_1405_3_one (2).mp4;C:\Users\esthe\Downloads\white line 14 1 _\Whit_1405_4_control (2).mp4;C:\Users\esthe\Downloads\white line 14 1 _\Whit_1405_5_three(2).mp4;C:\Users\esthe\Downloads\white line 14 1 _\Whit_1405_6_one(2).mp4;C:\Users\esthe\Downloads\white line 14 1 _\Whit_1405_7_two(2).mp4;C:\Users\esthe\Downloads\white line 14 1 _\Whit_1405_8_onehalf(2).mp4;C:\Users\esthe\Downloads\white line 14 1 _\Whit_1405_9_five(2).mp4,0.0,6.365;3.661;7.299;10.332;7.866;6.166;16.964;6.932;4.266;7.799;4.766;27.063,30.000;30.000;30.000;30.000;30.000;30.000;30.000;30.000;30.000;30.000;30.000;30.000,Whiteline,jaw movement,,,POINT,15.591,C:\Users\esthe\Downloads\white line 14 1 _\Whit_1405_12_three(2).mp4,167,NA,
whit_1405(2),2025-06-27 14:55:43.116,,109.442,Media file(s),player #1:C:\Users\esthe\Downloads\white line 14 1 _\Whit_1405_10_one(2).mp4;C:\Users\esthe\Downloads\white line 14 1 _\Whit_1405_11_two(2).mp4;C:\Users\esthe\Downloads\white line 14 1 _\Whit_1405_12_three(2).mp4;C:\Users\esthe\Downloads\white line 14 1 _\Whit_1405_13_five(2).mp4;C:\Users\esthe\Downloads\white line 14 1 _\Whit_1405_2_five (2).mp4;C:\Users\esthe\Downloads\white line 14 1 _\Whit_1405_3_one (2).mp4;C:\Users\esthe\Downloads\white line 14 1 _\Whit_1405_4_control (2).mp4;C:\Users\esthe\Downloads\white line 14 1 _\Whit_1405_5_three(2).mp4;C:\Users\esthe\Downloads\white line 14 1 _\Whit_1405_6_one(2).mp4;C:\Users\esthe\Downloads\white line 14 1 _\Whit_1405_7_two(2).mp4;C:\Users\esthe\Downloads\white line 14 1 _\Whit_1405_8_onehalf(2).mp4;C:\Users\esthe\Downloads\white line 14 1 _\Whit_1405_9_five(2).mp4,0.0,6.365;3.661;7.299;10.332;7.866;6.166;16.964;6.932;4.266;7.799;4.766;27.063,30.000;30.000;30.000;30.000;30.000;30.000;30.000;30.000;30.000;30.000;30.000;30.000,Whiteline,jaw movement,,,POINT,16.191,C:\Users\esthe\Downloads\white line 14 1 _\Whit_1405_12_three(2).mp4,185,NA,
whit_1405(2),2025-06-27 14:55:43.116,,109.442,Media file(s),player #1:C:\Users\esthe\Downloads\white line 14 1 _\Whit_1405_10_one(2).mp4;C:\Users\esthe\Downloads\white line 14 1 _\Whit_1405_11_two(2).mp4;C:\Users\esthe\Downloads\white line 14 1 _\Whit_1405_12_three(2).mp4;C:\Users\esthe\Downloads\white line 14 1 _\Whit_1405_13_five(2).mp4;C:\Users\esthe\Downloads\white line 14 1 _\Whit_1405_2_five (2).mp4;C:\Users\esthe\Downloads\white line 14 1 _\Whit_1405_3_one (2).mp4;C:\Users\esthe\Downloads\white line 14 1 _\Whit_1405_4_control (2).mp4;C:\Users\esthe\Downloads\white line 14 1 _\Whit_1405_5_three(2).mp4;C:\Users\esthe\Downloads\white line 14 1 _\Whit_1405_6_one(2).mp4;C:\Users\esthe\Downloads\white line 14 1 _\Whit_1405_7_two(2).mp4;C:\Users\esthe\Downloads\white line 14 1 _\Whit_1405_8_onehalf(2).mp4;C:\Users\esthe\Downloads\white line 14 1 _\Whit_1405_9_five(2).mp4,0.0,6.365;3.661;7.299;10.332;7.866;6.166;16.964;6.932;4.266;7.799;4.766;27.063,30.000;30.000;30.000;30.000;30.000;30.000;30.000;30.000;30.000;30.000;30.000;30.000,Whiteline,jaw movement,,,POINT,16.725,C:\Users\esthe\Downloads\white line 14 1 _\Whit_1405_12_three(2).mp4,201,NA,
whit_1405(2),2025-06-27 14:55:43.116,,109.442,Media file(s),player #1:C:\Users\esthe\Downloads\white line 14 1 _\Whit_1405_10_one(2).mp4;C:\Users\esthe\Downloads\white line 14 1 _\Whit_1405_11_two(2).mp4;C:\Users\esthe\Downloads\white line 14 1 _\Whit_1405_12_three(2).mp4;C:\Users\esthe\Downloads\white line 14 1 _\Whit_1405_13_five(2).mp4;C:\Users\esthe\Downloads\white line 14 1 _\Whit_1405_2_five (2).mp4;C:\Users\esthe\Downloads\white line 14 1 _\Whit_1405_3_one (2).mp4;C:\Users\esthe\Downloads\white line 14 1 _\Whit_1405_4_control (2).mp4;C:\Users\esthe\Downloads\white line 14 1 _\Whit_1405_5_three(2).mp4;C:\Users\esthe\Downloads\white line 14 1 _\Whit_1405_6_one(2).mp4;C:\Users\esthe\Downloads\white line 14 1 _\Whit_1405_7_two(2).mp4;C:\Users\esthe\Downloads\white line 14 1 _\Whit_1405_8_onehalf(2).mp4;C:\Users\esthe\Downloads\white line 14 1 _\Whit_1405_9_five(2).mp4,0.0,6.365;3.661;7.299;10.332;7.866;6.166;16.964;6.932;4.266;7.799;4.766;27.063,30.000;30.000;30.000;30.000;30.000;30.000;30.000;30.000;30.000;30.000;30.000;30.000,Whiteline,peeling,,,STOP,16.825,C:\Users\esthe\Downloads\white line 14 1 _\Whit_1405_12_three(2).mp4,204,NA,
whit_1405(2),2025-06-27 14:55:43.116,,109.442,Media file(s),player #1:C:\Users\esthe\Downloads\white line 14 1 _\Whit_1405_10_one(2).mp4;C:\Users\esthe\Downloads\white line 14 1 _\Whit_1405_11_two(2).mp4;C:\Users\esthe\Downloads\white line 14 1 _\Whit_1405_12_three(2).mp4;C:\Users\esthe\Downloads\white line 14 1 _\Whit_1405_13_five(2).mp4;C:\Users\esthe\Downloads\white line 14 1 _\Whit_1405_2_five (2).mp4;C:\Users\esthe\Downloads\white line 14 1 _\Whit_1405_3_one (2).mp4;C:\Users\esthe\Downloads\white line 14 1 _\Whit_1405_4_control (2).mp4;C:\Users\esthe\Downloads\white line 14 1 _\Whit_1405_5_three(2).mp4;C:\Users\esthe\Downloads\white line 14 1 _\Whit_1405_6_one(2).mp4;C:\Users\esthe\Downloads\white line 14 1 _\Whit_1405_7_two(2).mp4;C:\Users\esthe\Downloads\white line 14 1 _\Whit_1405_8_onehalf(2).mp4;C:\Users\esthe\Downloads\white line 14 1 _\Whit_1405_9_five(2).mp4,0.0,6.365;3.661;7.299;10.332;7.866;6.166;16.964;6.932;4.266;7.799;4.766;27.063,30.000;30.000;30.000;30.000;30.000;30.000;30.000;30.000;30.000;30.000;30.000;30.000,Whiteline,eating,,,START,16.891,C:\Users\esthe\Downloads\white line 14 1 _\Whit_1405_12_three(2).mp4,206,NA,
whit_1405(2),2025-06-27 14:55:43.116,,109.442,Media file(s),player #1:C:\Users\esthe\Downloads\white line 14 1 _\Whit_1405_10_one(2).mp4;C:\Users\esthe\Downloads\white line 14 1 _\Whit_1405_11_two(2).mp4;C:\Users\esthe\Downloads\white line 14 1 _\Whit_1405_12_three(2).mp4;C:\Users\esthe\Downloads\white line 14 1 _\Whit_1405_13_five(2).mp4;C:\Users\esthe\Downloads\white line 14 1 _\Whit_1405_2_five (2).mp4;C:\Users\esthe\Downloads\white line 14 1 _\Whit_1405_3_one (2).mp4;C:\Users\esthe\Downloads\white line 14 1 _\Whit_1405_4_control (2).mp4;C:\Users\esthe\Downloads\white line 14 1 _\Whit_1405_5_three(2).mp4;C:\Users\esthe\Downloads\white line 14 1 _\Whit_1405_6_one(2).mp4;C:\Users\esthe\Downloads\white line 14 1 _\Whit_1405_7_two(2).mp4;C:\Users\esthe\Downloads\white line 14 1 _\Whit_1405_8_onehalf(2).mp4;C:\Users\esthe\Downloads\white line 14 1 _\Whit_1405_9_five(2).mp4,0.0,6.365;3.661;7.299;10.332;7.866;6.166;16.964;6.932;4.266;7.799;4.766;27.063,30.000;30.000;30.000;30.000;30.000;30.000;30.000;30.000;30.000;30.000;30.000;30.000,Whiteline,eating,,,STOP,17.258,C:\Users\esthe\Downloads\white line 14 1 _\Whit_1405_12_three(2).mp4,217,NA,
whit_1405(2),2025-06-27 14:55:43.116,,109.442,Media file(s),player #1:C:\Users\esthe\Downloads\white line 14 1 _\Whit_1405_10_one(2).mp4;C:\Users\esthe\Downloads\white line 14 1 _\Whit_1405_11_two(2).mp4;C:\Users\esthe\Downloads\white line 14 1 _\Whit_1405_12_three(2).mp4;C:\Users\esthe\Downloads\white line 14 1 _\Whit_1405_13_five(2).mp4;C:\Users\esthe\Downloads\white line 14 1 _\Whit_1405_2_five (2).mp4;C:\Users\esthe\Downloads\white line 14 1 _\Whit_1405_3_one (2).mp4;C:\Users\esthe\Downloads\white line 14 1 _\Whit_1405_4_control (2).mp4;C:\Users\esthe\Downloads\white line 14 1 _\Whit_1405_5_three(2).mp4;C:\Users\esthe\Downloads\white line 14 1 _\Whit_1405_6_one(2).mp4;C:\Users\esthe\Downloads\white line 14 1 _\Whit_1405_7_two(2).mp4;C:\Users\esthe\Downloads\white line 14 1 _\Whit_1405_8_onehalf(2).mp4;C:\Users\esthe\Downloads\white line 14 1 _\Whit_1405_9_five(2).mp4,0.0,6.365;3.661;7.299;10.332;7.866;6.166;16.964;6.932;4.266;7.799;4.766;27.063,30.000;30.000;30.000;30.000;30.000;30.000;30.000;30.000;30.000;30.000;30.000;30.000,Whiteline,assessing,,,STOP,19.790,C:\Users\esthe\Downloads\white line 14 1 _\Whit_1405_13_five(2).mp4,74,NA,
whit_1405(2),2025-06-27 14:55:43.116,,109.442,Media file(s),player #1:C:\Users\esthe\Downloads\white line 14 1 _\Whit_1405_10_one(2).mp4;C:\Users\esthe\Downloads\white line 14 1 _\Whit_1405_11_two(2).mp4;C:\Users\esthe\Downloads\white line 14 1 _\Whit_1405_12_three(2).mp4;C:\Users\esthe\Downloads\white line 14 1 _\Whit_1405_13_five(2).mp4;C:\Users\esthe\Downloads\white line 14 1 _\Whit_1405_2_five (2).mp4;C:\Users\esthe\Downloads\white line 14 1 _\Whit_1405_3_one (2).mp4;C:\Users\esthe\Downloads\white line 14 1 _\Whit_1405_4_control (2).mp4;C:\Users\esthe\Downloads\white line 14 1 _\Whit_1405_5_three(2).mp4;C:\Users\esthe\Downloads\white line 14 1 _\Whit_1405_6_one(2).mp4;C:\Users\esthe\Downloads\white line 14 1 _\Whit_1405_7_two(2).mp4;C:\Users\esthe\Downloads\white line 14 1 _\Whit_1405_8_onehalf(2).mp4;C:\Users\esthe\Downloads\white line 14 1 _\Whit_1405_9_five(2).mp4,0.0,6.365;3.661;7.299;10.332;7.866;6.166;16.964;6.932;4.266;7.799;4.766;27.063,30.000;30.000;30.000;30.000;30.000;30.000;30.000;30.000;30.000;30.000;30.000;30.000,Whiteline,jaw movement,,,POINT,19.890,C:\Users\esthe\Downloads\white line 14 1 _\Whit_1405_13_five(2).mp4,77,NA,
whit_1405(2),2025-06-27 14:55:43.116,,109.442,Media file(s),player #1:C:\Users\esthe\Downloads\white line 14 1 _\Whit_1405_10_one(2).mp4;C:\Users\esthe\Downloads\white line 14 1 _\Whit_1405_11_two(2).mp4;C:\Users\esthe\Downloads\white line 14 1 _\Whit_1405_12_three(2).mp4;C:\Users\esthe\Downloads\white line 14 1 _\Whit_1405_13_five(2).mp4;C:\Users\esthe\Downloads\white line 14 1 _\Whit_1405_2_five (2).mp4;C:\Users\esthe\Downloads\white line 14 1 _\Whit_1405_3_one (2).mp4;C:\Users\esthe\Downloads\white line 14 1 _\Whit_1405_4_control (2).mp4;C:\Users\esthe\Downloads\white line 14 1 _\Whit_1405_5_three(2).mp4;C:\Users\esthe\Downloads\white line 14 1 _\Whit_1405_6_one(2).mp4;C:\Users\esthe\Downloads\white line 14 1 _\Whit_1405_7_two(2).mp4;C:\Users\esthe\Downloads\white line 14 1 _\Whit_1405_8_onehalf(2).mp4;C:\Users\esthe\Downloads\white line 14 1 _\Whit_1405_9_five(2).mp4,0.0,6.365;3.661;7.299;10.332;7.866;6.166;16.964;6.932;4.266;7.799;4.766;27.063,30.000;30.000;30.000;30.000;30.000;30.000;30.000;30.000;30.000;30.000;30.000;30.000,Whiteline,sniffing,,,POINT,19.990,C:\Users\esthe\Downloads\white line 14 1 _\Whit_1405_13_five(2).mp4,80,NA,
whit_1405(2),2025-06-27 14:55:43.116,,109.442,Media file(s),player #1:C:\Users\esthe\Downloads\white line 14 1 _\Whit_1405_10_one(2).mp4;C:\Users\esthe\Downloads\white line 14 1 _\Whit_1405_11_two(2).mp4;C:\Users\esthe\Downloads\white line 14 1 _\Whit_1405_12_three(2).mp4;C:\Users\esthe\Downloads\white line 14 1 _\Whit_1405_13_five(2).mp4;C:\Users\esthe\Downloads\white line 14 1 _\Whit_1405_2_five (2).mp4;C:\Users\esthe\Downloads\white line 14 1 _\Whit_1405_3_one (2).mp4;C:\Users\esthe\Downloads\white line 14 1 _\Whit_1405_4_control (2).mp4;C:\Users\esthe\Downloads\white line 14 1 _\Whit_1405_5_three(2).mp4;C:\Users\esthe\Downloads\white line 14 1 _\Whit_1405_6_one(2).mp4;C:\Users\esthe\Downloads\white line 14 1 _\Whit_1405_7_two(2).mp4;C:\Users\esthe\Downloads\white line 14 1 _\Whit_1405_8_onehalf(2).mp4;C:\Users\esthe\Downloads\white line 14 1 _\Whit_1405_9_five(2).mp4,0.0,6.365;3.661;7.299;10.332;7.866;6.166;16.964;6.932;4.266;7.799;4.766;27.063,30.000;30.000;30.000;30.000;30.000;30.000;30.000;30.000;30.000;30.000;30.000;30.000,Whiteline,jaw movement,,,POINT,20.057,C:\Users\esthe\Downloads\white line 14 1 _\Whit_1405_13_five(2).mp4,82,NA,
whit_1405(2),2025-06-27 14:55:43.116,,109.442,Media file(s),player #1:C:\Users\esthe\Downloads\white line 14 1 _\Whit_1405_10_one(2).mp4;C:\Users\esthe\Downloads\white line 14 1 _\Whit_1405_11_two(2).mp4;C:\Users\esthe\Downloads\white line 14 1 _\Whit_1405_12_three(2).mp4;C:\Users\esthe\Downloads\white line 14 1 _\Whit_1405_13_five(2).mp4;C:\Users\esthe\Downloads\white line 14 1 _\Whit_1405_2_five (2).mp4;C:\Users\esthe\Downloads\white line 14 1 _\Whit_1405_3_one (2).mp4;C:\Users\esthe\Downloads\white line 14 1 _\Whit_1405_4_control (2).mp4;C:\Users\esthe\Downloads\white line 14 1 _\Whit_1405_5_three(2).mp4;C:\Users\esthe\Downloads\white line 14 1 _\Whit_1405_6_one(2).mp4;C:\Users\esthe\Downloads\white line 14 1 _\Whit_1405_7_two(2).mp4;C:\Users\esthe\Downloads\white line 14 1 _\Whit_1405_8_onehalf(2).mp4;C:\Users\esthe\Downloads\white line 14 1 _\Whit_1405_9_five(2).mp4,0.0,6.365;3.661;7.299;10.332;7.866;6.166;16.964;6.932;4.266;7.799;4.766;27.063,30.000;30.000;30.000;30.000;30.000;30.000;30.000;30.000;30.000;30.000;30.000;30.000,Whiteline,licking,,,POINT,20.090,C:\Users\esthe\Downloads\white line 14 1 _\Whit_1405_13_five(2).mp4,83,NA,
whit_1405(2),2025-06-27 14:55:43.116,,109.442,Media file(s),player #1:C:\Users\esthe\Downloads\white line 14 1 _\Whit_1405_10_one(2).mp4;C:\Users\esthe\Downloads\white line 14 1 _\Whit_1405_11_two(2).mp4;C:\Users\esthe\Downloads\white line 14 1 _\Whit_1405_12_three(2).mp4;C:\Users\esthe\Downloads\white line 14 1 _\Whit_1405_13_five(2).mp4;C:\Users\esthe\Downloads\white line 14 1 _\Whit_1405_2_five (2).mp4;C:\Users\esthe\Downloads\white line 14 1 _\Whit_1405_3_one (2).mp4;C:\Users\esthe\Downloads\white line 14 1 _\Whit_1405_4_control (2).mp4;C:\Users\esthe\Downloads\white line 14 1 _\Whit_1405_5_three(2).mp4;C:\Users\esthe\Downloads\white line 14 1 _\Whit_1405_6_one(2).mp4;C:\Users\esthe\Downloads\white line 14 1 _\Whit_1405_7_two(2).mp4;C:\Users\esthe\Downloads\white line 14 1 _\Whit_1405_8_onehalf(2).mp4;C:\Users\esthe\Downloads\white line 14 1 _\Whit_1405_9_five(2).mp4,0.0,6.365;3.661;7.299;10.332;7.866;6.166;16.964;6.932;4.266;7.799;4.766;27.063,30.000;30.000;30.000;30.000;30.000;30.000;30.000;30.000;30.000;30.000;30.000;30.000,Whiteline,sniffing,,,POINT,20.157,C:\Users\esthe\Downloads\white line 14 1 _\Whit_1405_13_five(2).mp4,85,NA,
whit_1405(2),2025-06-27 14:55:43.116,,109.442,Media file(s),player #1:C:\Users\esthe\Downloads\white line 14 1 _\Whit_1405_10_one(2).mp4;C:\Users\esthe\Downloads\white line 14 1 _\Whit_1405_11_two(2).mp4;C:\Users\esthe\Downloads\white line 14 1 _\Whit_1405_12_three(2).mp4;C:\Users\esthe\Downloads\white line 14 1 _\Whit_1405_13_five(2).mp4;C:\Users\esthe\Downloads\white line 14 1 _\Whit_1405_2_five (2).mp4;C:\Users\esthe\Downloads\white line 14 1 _\Whit_1405_3_one (2).mp4;C:\Users\esthe\Downloads\white line 14 1 _\Whit_1405_4_control (2).mp4;C:\Users\esthe\Downloads\white line 14 1 _\Whit_1405_5_three(2).mp4;C:\Users\esthe\Downloads\white line 14 1 _\Whit_1405_6_one(2).mp4;C:\Users\esthe\Downloads\white line 14 1 _\Whit_1405_7_two(2).mp4;C:\Users\esthe\Downloads\white line 14 1 _\Whit_1405_8_onehalf(2).mp4;C:\Users\esthe\Downloads\white line 14 1 _\Whit_1405_9_five(2).mp4,0.0,6.365;3.661;7.299;10.332;7.866;6.166;16.964;6.932;4.266;7.799;4.766;27.063,30.000;30.000;30.000;30.000;30.000;30.000;30.000;30.000;30.000;30.000;30.000;30.000,Whiteline,licking,,,POINT,20.257,C:\Users\esthe\Downloads\white line 14 1 _\Whit_1405_13_five(2).mp4,88,NA,
whit_1405(2),2025-06-27 14:55:43.116,,109.442,Media file(s),player #1:C:\Users\esthe\Downloads\white line 14 1 _\Whit_1405_10_one(2).mp4;C:\Users\esthe\Downloads\white line 14 1 _\Whit_1405_11_two(2).mp4;C:\Users\esthe\Downloads\white line 14 1 _\Whit_1405_12_three(2).mp4;C:\Users\esthe\Downloads\white line 14 1 _\Whit_1405_13_five(2).mp4;C:\Users\esthe\Downloads\white line 14 1 _\Whit_1405_2_five (2).mp4;C:\Users\esthe\Downloads\white line 14 1 _\Whit_1405_3_one (2).mp4;C:\Users\esthe\Downloads\white line 14 1 _\Whit_1405_4_control (2).mp4;C:\Users\esthe\Downloads\white line 14 1 _\Whit_1405_5_three(2).mp4;C:\Users\esthe\Downloads\white line 14 1 _\Whit_1405_6_one(2).mp4;C:\Users\esthe\Downloads\white line 14 1 _\Whit_1405_7_two(2).mp4;C:\Users\esthe\Downloads\white line 14 1 _\Whit_1405_8_onehalf(2).mp4;C:\Users\esthe\Downloads\white line 14 1 _\Whit_1405_9_five(2).mp4,0.0,6.365;3.661;7.299;10.332;7.866;6.166;16.964;6.932;4.266;7.799;4.766;27.063,30.000;30.000;30.000;30.000;30.000;30.000;30.000;30.000;30.000;30.000;30.000;30.000,Whiteline,rotation,,Vertical,START,20.257,C:\Users\esthe\Downloads\white line 14 1 _\Whit_1405_13_five(2).mp4,88,NA,
whit_1405(2),2025-06-27 14:55:43.116,,109.442,Media file(s),player #1:C:\Users\esthe\Downloads\white line 14 1 _\Whit_1405_10_one(2).mp4;C:\Users\esthe\Downloads\white line 14 1 _\Whit_1405_11_two(2).mp4;C:\Users\esthe\Downloads\white line 14 1 _\Whit_1405_12_three(2).mp4;C:\Users\esthe\Downloads\white line 14 1 _\Whit_1405_13_five(2).mp4;C:\Users\esthe\Downloads\white line 14 1 _\Whit_1405_2_five (2).mp4;C:\Users\esthe\Downloads\white line 14 1 _\Whit_1405_3_one (2).mp4;C:\Users\esthe\Downloads\white line 14 1 _\Whit_1405_4_control (2).mp4;C:\Users\esthe\Downloads\white line 14 1 _\Whit_1405_5_three(2).mp4;C:\Users\esthe\Downloads\white line 14 1 _\Whit_1405_6_one(2).mp4;C:\Users\esthe\Downloads\white line 14 1 _\Whit_1405_7_two(2).mp4;C:\Users\esthe\Downloads\white line 14 1 _\Whit_1405_8_onehalf(2).mp4;C:\Users\esthe\Downloads\white line 14 1 _\Whit_1405_9_five(2).mp4,0.0,6.365;3.661;7.299;10.332;7.866;6.166;16.964;6.932;4.266;7.799;4.766;27.063,30.000;30.000;30.000;30.000;30.000;30.000;30.000;30.000;30.000;30.000;30.000;30.000,Whiteline,jaw movement,,,POINT,20.390,C:\Users\esthe\Downloads\white line 14 1 _\Whit_1405_13_five(2).mp4,92,NA,
whit_1405(2),2025-06-27 14:55:43.116,,109.442,Media file(s),player #1:C:\Users\esthe\Downloads\white line 14 1 _\Whit_1405_10_one(2).mp4;C:\Users\esthe\Downloads\white line 14 1 _\Whit_1405_11_two(2).mp4;C:\Users\esthe\Downloads\white line 14 1 _\Whit_1405_12_three(2).mp4;C:\Users\esthe\Downloads\white line 14 1 _\Whit_1405_13_five(2).mp4;C:\Users\esthe\Downloads\white line 14 1 _\Whit_1405_2_five (2).mp4;C:\Users\esthe\Downloads\white line 14 1 _\Whit_1405_3_one (2).mp4;C:\Users\esthe\Downloads\white line 14 1 _\Whit_1405_4_control (2).mp4;C:\Users\esthe\Downloads\white line 14 1 _\Whit_1405_5_three(2).mp4;C:\Users\esthe\Downloads\white line 14 1 _\Whit_1405_6_one(2).mp4;C:\Users\esthe\Downloads\white line 14 1 _\Whit_1405_7_two(2).mp4;C:\Users\esthe\Downloads\white line 14 1 _\Whit_1405_8_onehalf(2).mp4;C:\Users\esthe\Downloads\white line 14 1 _\Whit_1405_9_five(2).mp4,0.0,6.365;3.661;7.299;10.332;7.866;6.166;16.964;6.932;4.266;7.799;4.766;27.063,30.000;30.000;30.000;30.000;30.000;30.000;30.000;30.000;30.000;30.000;30.000;30.000,Whiteline,rotation,,Vertical,STOP,20.390,C:\Users\esthe\Downloads\white line 14 1 _\Whit_1405_13_five(2).mp4,92,NA,
whit_1405(2),2025-06-27 14:55:43.116,,109.442,Media file(s),player #1:C:\Users\esthe\Downloads\white line 14 1 _\Whit_1405_10_one(2).mp4;C:\Users\esthe\Downloads\white line 14 1 _\Whit_1405_11_two(2).mp4;C:\Users\esthe\Downloads\white line 14 1 _\Whit_1405_12_three(2).mp4;C:\Users\esthe\Downloads\white line 14 1 _\Whit_1405_13_five(2).mp4;C:\Users\esthe\Downloads\white line 14 1 _\Whit_1405_2_five (2).mp4;C:\Users\esthe\Downloads\white line 14 1 _\Whit_1405_3_one (2).mp4;C:\Users\esthe\Downloads\white line 14 1 _\Whit_1405_4_control (2).mp4;C:\Users\esthe\Downloads\white line 14 1 _\Whit_1405_5_three(2).mp4;C:\Users\esthe\Downloads\white line 14 1 _\Whit_1405_6_one(2).mp4;C:\Users\esthe\Downloads\white line 14 1 _\Whit_1405_7_two(2).mp4;C:\Users\esthe\Downloads\white line 14 1 _\Whit_1405_8_onehalf(2).mp4;C:\Users\esthe\Downloads\white line 14 1 _\Whit_1405_9_five(2).mp4,0.0,6.365;3.661;7.299;10.332;7.866;6.166;16.964;6.932;4.266;7.799;4.766;27.063,30.000;30.000;30.000;30.000;30.000;30.000;30.000;30.000;30.000;30.000;30.000;30.000,Whiteline,rotation,,Vertical,START,20.524,C:\Users\esthe\Downloads\white line 14 1 _\Whit_1405_13_five(2).mp4,96,NA,
whit_1405(2),2025-06-27 14:55:43.116,,109.442,Media file(s),player #1:C:\Users\esthe\Downloads\white line 14 1 _\Whit_1405_10_one(2).mp4;C:\Users\esthe\Downloads\white line 14 1 _\Whit_1405_11_two(2).mp4;C:\Users\esthe\Downloads\white line 14 1 _\Whit_1405_12_three(2).mp4;C:\Users\esthe\Downloads\white line 14 1 _\Whit_1405_13_five(2).mp4;C:\Users\esthe\Downloads\white line 14 1 _\Whit_1405_2_five (2).mp4;C:\Users\esthe\Downloads\white line 14 1 _\Whit_1405_3_one (2).mp4;C:\Users\esthe\Downloads\white line 14 1 _\Whit_1405_4_control (2).mp4;C:\Users\esthe\Downloads\white line 14 1 _\Whit_1405_5_three(2).mp4;C:\Users\esthe\Downloads\white line 14 1 _\Whit_1405_6_one(2).mp4;C:\Users\esthe\Downloads\white line 14 1 _\Whit_1405_7_two(2).mp4;C:\Users\esthe\Downloads\white line 14 1 _\Whit_1405_8_onehalf(2).mp4;C:\Users\esthe\Downloads\white line 14 1 _\Whit_1405_9_five(2).mp4,0.0,6.365;3.661;7.299;10.332;7.866;6.166;16.964;6.932;4.266;7.799;4.766;27.063,30.000;30.000;30.000;30.000;30.000;30.000;30.000;30.000;30.000;30.000;30.000;30.000,Whiteline,jaw movement,,,POINT,20.723,C:\Users\esthe\Downloads\white line 14 1 _\Whit_1405_13_five(2).mp4,102,NA,
whit_1405(2),2025-06-27 14:55:43.116,,109.442,Media file(s),player #1:C:\Users\esthe\Downloads\white line 14 1 _\Whit_1405_10_one(2).mp4;C:\Users\esthe\Downloads\white line 14 1 _\Whit_1405_11_two(2).mp4;C:\Users\esthe\Downloads\white line 14 1 _\Whit_1405_12_three(2).mp4;C:\Users\esthe\Downloads\white line 14 1 _\Whit_1405_13_five(2).mp4;C:\Users\esthe\Downloads\white line 14 1 _\Whit_1405_2_five (2).mp4;C:\Users\esthe\Downloads\white line 14 1 _\Whit_1405_3_one (2).mp4;C:\Users\esthe\Downloads\white line 14 1 _\Whit_1405_4_control (2).mp4;C:\Users\esthe\Downloads\white line 14 1 _\Whit_1405_5_three(2).mp4;C:\Users\esthe\Downloads\white line 14 1 _\Whit_1405_6_one(2).mp4;C:\Users\esthe\Downloads\white line 14 1 _\Whit_1405_7_two(2).mp4;C:\Users\esthe\Downloads\white line 14 1 _\Whit_1405_8_onehalf(2).mp4;C:\Users\esthe\Downloads\white line 14 1 _\Whit_1405_9_five(2).mp4,0.0,6.365;3.661;7.299;10.332;7.866;6.166;16.964;6.932;4.266;7.799;4.766;27.063,30.000;30.000;30.000;30.000;30.000;30.000;30.000;30.000;30.000;30.000;30.000;30.000,Whiteline,rotation,,Vertical,STOP,20.723,C:\Users\esthe\Downloads\white line 14 1 _\Whit_1405_13_five(2).mp4,102,NA,
whit_1405(2),2025-06-27 14:55:43.116,,109.442,Media file(s),player #1:C:\Users\esthe\Downloads\white line 14 1 _\Whit_1405_10_one(2).mp4;C:\Users\esthe\Downloads\white line 14 1 _\Whit_1405_11_two(2).mp4;C:\Users\esthe\Downloads\white line 14 1 _\Whit_1405_12_three(2).mp4;C:\Users\esthe\Downloads\white line 14 1 _\Whit_1405_13_five(2).mp4;C:\Users\esthe\Downloads\white line 14 1 _\Whit_1405_2_five (2).mp4;C:\Users\esthe\Downloads\white line 14 1 _\Whit_1405_3_one (2).mp4;C:\Users\esthe\Downloads\white line 14 1 _\Whit_1405_4_control (2).mp4;C:\Users\esthe\Downloads\white line 14 1 _\Whit_1405_5_three(2).mp4;C:\Users\esthe\Downloads\white line 14 1 _\Whit_1405_6_one(2).mp4;C:\Users\esthe\Downloads\white line 14 1 _\Whit_1405_7_two(2).mp4;C:\Users\esthe\Downloads\white line 14 1 _\Whit_1405_8_onehalf(2).mp4;C:\Users\esthe\Downloads\white line 14 1 _\Whit_1405_9_five(2).mp4,0.0,6.365;3.661;7.299;10.332;7.866;6.166;16.964;6.932;4.266;7.799;4.766;27.063,30.000;30.000;30.000;30.000;30.000;30.000;30.000;30.000;30.000;30.000;30.000;30.000,Whiteline,jaw movement,,,POINT,20.924,C:\Users\esthe\Downloads\white line 14 1 _\Whit_1405_13_five(2).mp4,108,NA,
whit_1405(2),2025-06-27 14:55:43.116,,109.442,Media file(s),player #1:C:\Users\esthe\Downloads\white line 14 1 _\Whit_1405_10_one(2).mp4;C:\Users\esthe\Downloads\white line 14 1 _\Whit_1405_11_two(2).mp4;C:\Users\esthe\Downloads\white line 14 1 _\Whit_1405_12_three(2).mp4;C:\Users\esthe\Downloads\white line 14 1 _\Whit_1405_13_five(2).mp4;C:\Users\esthe\Downloads\white line 14 1 _\Whit_1405_2_five (2).mp4;C:\Users\esthe\Downloads\white line 14 1 _\Whit_1405_3_one (2).mp4;C:\Users\esthe\Downloads\white line 14 1 _\Whit_1405_4_control (2).mp4;C:\Users\esthe\Downloads\white line 14 1 _\Whit_1405_5_three(2).mp4;C:\Users\esthe\Downloads\white line 14 1 _\Whit_1405_6_one(2).mp4;C:\Users\esthe\Downloads\white line 14 1 _\Whit_1405_7_two(2).mp4;C:\Users\esthe\Downloads\white line 14 1 _\Whit_1405_8_onehalf(2).mp4;C:\Users\esthe\Downloads\white line 14 1 _\Whit_1405_9_five(2).mp4,0.0,6.365;3.661;7.299;10.332;7.866;6.166;16.964;6.932;4.266;7.799;4.766;27.063,30.000;30.000;30.000;30.000;30.000;30.000;30.000;30.000;30.000;30.000;30.000;30.000,Whiteline,rotation,,Vertical,START,20.924,C:\Users\esthe\Downloads\white line 14 1 _\Whit_1405_13_five(2).mp4,108,NA,
whit_1405(2),2025-06-27 14:55:43.116,,109.442,Media file(s),player #1:C:\Users\esthe\Downloads\white line 14 1 _\Whit_1405_10_one(2).mp4;C:\Users\esthe\Downloads\white line 14 1 _\Whit_1405_11_two(2).mp4;C:\Users\esthe\Downloads\white line 14 1 _\Whit_1405_12_three(2).mp4;C:\Users\esthe\Downloads\white line 14 1 _\Whit_1405_13_five(2).mp4;C:\Users\esthe\Downloads\white line 14 1 _\Whit_1405_2_five (2).mp4;C:\Users\esthe\Downloads\white line 14 1 _\Whit_1405_3_one (2).mp4;C:\Users\esthe\Downloads\white line 14 1 _\Whit_1405_4_control (2).mp4;C:\Users\esthe\Downloads\white line 14 1 _\Whit_1405_5_three(2).mp4;C:\Users\esthe\Downloads\white line 14 1 _\Whit_1405_6_one(2).mp4;C:\Users\esthe\Downloads\white line 14 1 _\Whit_1405_7_two(2).mp4;C:\Users\esthe\Downloads\white line 14 1 _\Whit_1405_8_onehalf(2).mp4;C:\Users\esthe\Downloads\white line 14 1 _\Whit_1405_9_five(2).mp4,0.0,6.365;3.661;7.299;10.332;7.866;6.166;16.964;6.932;4.266;7.799;4.766;27.063,30.000;30.000;30.000;30.000;30.000;30.000;30.000;30.000;30.000;30.000;30.000;30.000,Whiteline,jaw movement,,,POINT,21.090,C:\Users\esthe\Downloads\white line 14 1 _\Whit_1405_13_five(2).mp4,113,NA,
whit_1405(2),2025-06-27 14:55:43.116,,109.442,Media file(s),player #1:C:\Users\esthe\Downloads\white line 14 1 _\Whit_1405_10_one(2).mp4;C:\Users\esthe\Downloads\white line 14 1 _\Whit_1405_11_two(2).mp4;C:\Users\esthe\Downloads\white line 14 1 _\Whit_1405_12_three(2).mp4;C:\Users\esthe\Downloads\white line 14 1 _\Whit_1405_13_five(2).mp4;C:\Users\esthe\Downloads\white line 14 1 _\Whit_1405_2_five (2).mp4;C:\Users\esthe\Downloads\white line 14 1 _\Whit_1405_3_one (2).mp4;C:\Users\esthe\Downloads\white line 14 1 _\Whit_1405_4_control (2).mp4;C:\Users\esthe\Downloads\white line 14 1 _\Whit_1405_5_three(2).mp4;C:\Users\esthe\Downloads\white line 14 1 _\Whit_1405_6_one(2).mp4;C:\Users\esthe\Downloads\white line 14 1 _\Whit_1405_7_two(2).mp4;C:\Users\esthe\Downloads\white line 14 1 _\Whit_1405_8_onehalf(2).mp4;C:\Users\esthe\Downloads\white line 14 1 _\Whit_1405_9_five(2).mp4,0.0,6.365;3.661;7.299;10.332;7.866;6.166;16.964;6.932;4.266;7.799;4.766;27.063,30.000;30.000;30.000;30.000;30.000;30.000;30.000;30.000;30.000;30.000;30.000;30.000,Whiteline,rotation,,Vertical,STOP,21.090,C:\Users\esthe\Downloads\white line 14 1 _\Whit_1405_13_five(2).mp4,113,NA,
whit_1405(2),2025-06-27 14:55:43.116,,109.442,Media file(s),player #1:C:\Users\esthe\Downloads\white line 14 1 _\Whit_1405_10_one(2).mp4;C:\Users\esthe\Downloads\white line 14 1 _\Whit_1405_11_two(2).mp4;C:\Users\esthe\Downloads\white line 14 1 _\Whit_1405_12_three(2).mp4;C:\Users\esthe\Downloads\white line 14 1 _\Whit_1405_13_five(2).mp4;C:\Users\esthe\Downloads\white line 14 1 _\Whit_1405_2_five (2).mp4;C:\Users\esthe\Downloads\white line 14 1 _\Whit_1405_3_one (2).mp4;C:\Users\esthe\Downloads\white line 14 1 _\Whit_1405_4_control (2).mp4;C:\Users\esthe\Downloads\white line 14 1 _\Whit_1405_5_three(2).mp4;C:\Users\esthe\Downloads\white line 14 1 _\Whit_1405_6_one(2).mp4;C:\Users\esthe\Downloads\white line 14 1 _\Whit_1405_7_two(2).mp4;C:\Users\esthe\Downloads\white line 14 1 _\Whit_1405_8_onehalf(2).mp4;C:\Users\esthe\Downloads\white line 14 1 _\Whit_1405_9_five(2).mp4,0.0,6.365;3.661;7.299;10.332;7.866;6.166;16.964;6.932;4.266;7.799;4.766;27.063,30.000;30.000;30.000;30.000;30.000;30.000;30.000;30.000;30.000;30.000;30.000;30.000,Whiteline,sniffing,,,POINT,21.290,C:\Users\esthe\Downloads\white line 14 1 _\Whit_1405_13_five(2).mp4,119,NA,
whit_1405(2),2025-06-27 14:55:43.116,,109.442,Media file(s),player #1:C:\Users\esthe\Downloads\white line 14 1 _\Whit_1405_10_one(2).mp4;C:\Users\esthe\Downloads\white line 14 1 _\Whit_1405_11_two(2).mp4;C:\Users\esthe\Downloads\white line 14 1 _\Whit_1405_12_three(2).mp4;C:\Users\esthe\Downloads\white line 14 1 _\Whit_1405_13_five(2).mp4;C:\Users\esthe\Downloads\white line 14 1 _\Whit_1405_2_five (2).mp4;C:\Users\esthe\Downloads\white line 14 1 _\Whit_1405_3_one (2).mp4;C:\Users\esthe\Downloads\white line 14 1 _\Whit_1405_4_control (2).mp4;C:\Users\esthe\Downloads\white line 14 1 _\Whit_1405_5_three(2).mp4;C:\Users\esthe\Downloads\white line 14 1 _\Whit_1405_6_one(2).mp4;C:\Users\esthe\Downloads\white line 14 1 _\Whit_1405_7_two(2).mp4;C:\Users\esthe\Downloads\white line 14 1 _\Whit_1405_8_onehalf(2).mp4;C:\Users\esthe\Downloads\white line 14 1 _\Whit_1405_9_five(2).mp4,0.0,6.365;3.661;7.299;10.332;7.866;6.166;16.964;6.932;4.266;7.799;4.766;27.063,30.000;30.000;30.000;30.000;30.000;30.000;30.000;30.000;30.000;30.000;30.000;30.000,Whiteline,jaw movement,,,POINT,21.557,C:\Users\esthe\Downloads\white line 14 1 _\Whit_1405_13_five(2).mp4,127,NA,
whit_1405(2),2025-06-27 14:55:43.116,,109.442,Media file(s),player #1:C:\Users\esthe\Downloads\white line 14 1 _\Whit_1405_10_one(2).mp4;C:\Users\esthe\Downloads\white line 14 1 _\Whit_1405_11_two(2).mp4;C:\Users\esthe\Downloads\white line 14 1 _\Whit_1405_12_three(2).mp4;C:\Users\esthe\Downloads\white line 14 1 _\Whit_1405_13_five(2).mp4;C:\Users\esthe\Downloads\white line 14 1 _\Whit_1405_2_five (2).mp4;C:\Users\esthe\Downloads\white line 14 1 _\Whit_1405_3_one (2).mp4;C:\Users\esthe\Downloads\white line 14 1 _\Whit_1405_4_control (2).mp4;C:\Users\esthe\Downloads\white line 14 1 _\Whit_1405_5_three(2).mp4;C:\Users\esthe\Downloads\white line 14 1 _\Whit_1405_6_one(2).mp4;C:\Users\esthe\Downloads\white line 14 1 _\Whit_1405_7_two(2).mp4;C:\Users\esthe\Downloads\white line 14 1 _\Whit_1405_8_onehalf(2).mp4;C:\Users\esthe\Downloads\white line 14 1 _\Whit_1405_9_five(2).mp4,0.0,6.365;3.661;7.299;10.332;7.866;6.166;16.964;6.932;4.266;7.799;4.766;27.063,30.000;30.000;30.000;30.000;30.000;30.000;30.000;30.000;30.000;30.000;30.000;30.000,Whiteline,jaw movement,,,POINT,21.923,C:\Users\esthe\Downloads\white line 14 1 _\Whit_1405_13_five(2).mp4,138,NA,
whit_1405(2),2025-06-27 14:55:43.116,,109.442,Media file(s),player #1:C:\Users\esthe\Downloads\white line 14 1 _\Whit_1405_10_one(2).mp4;C:\Users\esthe\Downloads\white line 14 1 _\Whit_1405_11_two(2).mp4;C:\Users\esthe\Downloads\white line 14 1 _\Whit_1405_12_three(2).mp4;C:\Users\esthe\Downloads\white line 14 1 _\Whit_1405_13_five(2).mp4;C:\Users\esthe\Downloads\white line 14 1 _\Whit_1405_2_five (2).mp4;C:\Users\esthe\Downloads\white line 14 1 _\Whit_1405_3_one (2).mp4;C:\Users\esthe\Downloads\white line 14 1 _\Whit_1405_4_control (2).mp4;C:\Users\esthe\Downloads\white line 14 1 _\Whit_1405_5_three(2).mp4;C:\Users\esthe\Downloads\white line 14 1 _\Whit_1405_6_one(2).mp4;C:\Users\esthe\Downloads\white line 14 1 _\Whit_1405_7_two(2).mp4;C:\Users\esthe\Downloads\white line 14 1 _\Whit_1405_8_onehalf(2).mp4;C:\Users\esthe\Downloads\white line 14 1 _\Whit_1405_9_five(2).mp4,0.0,6.365;3.661;7.299;10.332;7.866;6.166;16.964;6.932;4.266;7.799;4.766;27.063,30.000;30.000;30.000;30.000;30.000;30.000;30.000;30.000;30.000;30.000;30.000;30.000,Whiteline,peeling,,,START,21.923,C:\Users\esthe\Downloads\white line 14 1 _\Whit_1405_13_five(2).mp4,138,NA,
whit_1405(2),2025-06-27 14:55:43.116,,109.442,Media file(s),player #1:C:\Users\esthe\Downloads\white line 14 1 _\Whit_1405_10_one(2).mp4;C:\Users\esthe\Downloads\white line 14 1 _\Whit_1405_11_two(2).mp4;C:\Users\esthe\Downloads\white line 14 1 _\Whit_1405_12_three(2).mp4;C:\Users\esthe\Downloads\white line 14 1 _\Whit_1405_13_five(2).mp4;C:\Users\esthe\Downloads\white line 14 1 _\Whit_1405_2_five (2).mp4;C:\Users\esthe\Downloads\white line 14 1 _\Whit_1405_3_one (2).mp4;C:\Users\esthe\Downloads\white line 14 1 _\Whit_1405_4_control (2).mp4;C:\Users\esthe\Downloads\white line 14 1 _\Whit_1405_5_three(2).mp4;C:\Users\esthe\Downloads\white line 14 1 _\Whit_1405_6_one(2).mp4;C:\Users\esthe\Downloads\white line 14 1 _\Whit_1405_7_two(2).mp4;C:\Users\esthe\Downloads\white line 14 1 _\Whit_1405_8_onehalf(2).mp4;C:\Users\esthe\Downloads\white line 14 1 _\Whit_1405_9_five(2).mp4,0.0,6.365;3.661;7.299;10.332;7.866;6.166;16.964;6.932;4.266;7.799;4.766;27.063,30.000;30.000;30.000;30.000;30.000;30.000;30.000;30.000;30.000;30.000;30.000;30.000,Whiteline,jaw movement,,,POINT,22.257,C:\Users\esthe\Downloads\white line 14 1 _\Whit_1405_13_five(2).mp4,148,NA,
whit_1405(2),2025-06-27 14:55:43.116,,109.442,Media file(s),player #1:C:\Users\esthe\Downloads\white line 14 1 _\Whit_1405_10_one(2).mp4;C:\Users\esthe\Downloads\white line 14 1 _\Whit_1405_11_two(2).mp4;C:\Users\esthe\Downloads\white line 14 1 _\Whit_1405_12_three(2).mp4;C:\Users\esthe\Downloads\white line 14 1 _\Whit_1405_13_five(2).mp4;C:\Users\esthe\Downloads\white line 14 1 _\Whit_1405_2_five (2).mp4;C:\Users\esthe\Downloads\white line 14 1 _\Whit_1405_3_one (2).mp4;C:\Users\esthe\Downloads\white line 14 1 _\Whit_1405_4_control (2).mp4;C:\Users\esthe\Downloads\white line 14 1 _\Whit_1405_5_three(2).mp4;C:\Users\esthe\Downloads\white line 14 1 _\Whit_1405_6_one(2).mp4;C:\Users\esthe\Downloads\white line 14 1 _\Whit_1405_7_two(2).mp4;C:\Users\esthe\Downloads\white line 14 1 _\Whit_1405_8_onehalf(2).mp4;C:\Users\esthe\Downloads\white line 14 1 _\Whit_1405_9_five(2).mp4,0.0,6.365;3.661;7.299;10.332;7.866;6.166;16.964;6.932;4.266;7.799;4.766;27.063,30.000;30.000;30.000;30.000;30.000;30.000;30.000;30.000;30.000;30.000;30.000;30.000,Whiteline,jaw movement,,,POINT,22.557,C:\Users\esthe\Downloads\white line 14 1 _\Whit_1405_13_five(2).mp4,158,NA,
whit_1405(2),2025-06-27 14:55:43.116,,109.442,Media file(s),player #1:C:\Users\esthe\Downloads\white line 14 1 _\Whit_1405_10_one(2).mp4;C:\Users\esthe\Downloads\white line 14 1 _\Whit_1405_11_two(2).mp4;C:\Users\esthe\Downloads\white line 14 1 _\Whit_1405_12_three(2).mp4;C:\Users\esthe\Downloads\white line 14 1 _\Whit_1405_13_five(2).mp4;C:\Users\esthe\Downloads\white line 14 1 _\Whit_1405_2_five (2).mp4;C:\Users\esthe\Downloads\white line 14 1 _\Whit_1405_3_one (2).mp4;C:\Users\esthe\Downloads\white line 14 1 _\Whit_1405_4_control (2).mp4;C:\Users\esthe\Downloads\white line 14 1 _\Whit_1405_5_three(2).mp4;C:\Users\esthe\Downloads\white line 14 1 _\Whit_1405_6_one(2).mp4;C:\Users\esthe\Downloads\white line 14 1 _\Whit_1405_7_two(2).mp4;C:\Users\esthe\Downloads\white line 14 1 _\Whit_1405_8_onehalf(2).mp4;C:\Users\esthe\Downloads\white line 14 1 _\Whit_1405_9_five(2).mp4,0.0,6.365;3.661;7.299;10.332;7.866;6.166;16.964;6.932;4.266;7.799;4.766;27.063,30.000;30.000;30.000;30.000;30.000;30.000;30.000;30.000;30.000;30.000;30.000;30.000,Whiteline,jaw movement,,,POINT,22.857,C:\Users\esthe\Downloads\white line 14 1 _\Whit_1405_13_five(2).mp4,166,NA,
whit_1405(2),2025-06-27 14:55:43.116,,109.442,Media file(s),player #1:C:\Users\esthe\Downloads\white line 14 1 _\Whit_1405_10_one(2).mp4;C:\Users\esthe\Downloads\white line 14 1 _\Whit_1405_11_two(2).mp4;C:\Users\esthe\Downloads\white line 14 1 _\Whit_1405_12_three(2).mp4;C:\Users\esthe\Downloads\white line 14 1 _\Whit_1405_13_five(2).mp4;C:\Users\esthe\Downloads\white line 14 1 _\Whit_1405_2_five (2).mp4;C:\Users\esthe\Downloads\white line 14 1 _\Whit_1405_3_one (2).mp4;C:\Users\esthe\Downloads\white line 14 1 _\Whit_1405_4_control (2).mp4;C:\Users\esthe\Downloads\white line 14 1 _\Whit_1405_5_three(2).mp4;C:\Users\esthe\Downloads\white line 14 1 _\Whit_1405_6_one(2).mp4;C:\Users\esthe\Downloads\white line 14 1 _\Whit_1405_7_two(2).mp4;C:\Users\esthe\Downloads\white line 14 1 _\Whit_1405_8_onehalf(2).mp4;C:\Users\esthe\Downloads\white line 14 1 _\Whit_1405_9_five(2).mp4,0.0,6.365;3.661;7.299;10.332;7.866;6.166;16.964;6.932;4.266;7.799;4.766;27.063,30.000;30.000;30.000;30.000;30.000;30.000;30.000;30.000;30.000;30.000;30.000;30.000,Whiteline,jaw movement,,,POINT,23.090,C:\Users\esthe\Downloads\white line 14 1 _\Whit_1405_13_five(2).mp4,173,NA,
whit_1405(2),2025-06-27 14:55:43.116,,109.442,Media file(s),player #1:C:\Users\esthe\Downloads\white line 14 1 _\Whit_1405_10_one(2).mp4;C:\Users\esthe\Downloads\white line 14 1 _\Whit_1405_11_two(2).mp4;C:\Users\esthe\Downloads\white line 14 1 _\Whit_1405_12_three(2).mp4;C:\Users\esthe\Downloads\white line 14 1 _\Whit_1405_13_five(2).mp4;C:\Users\esthe\Downloads\white line 14 1 _\Whit_1405_2_five (2).mp4;C:\Users\esthe\Downloads\white line 14 1 _\Whit_1405_3_one (2).mp4;C:\Users\esthe\Downloads\white line 14 1 _\Whit_1405_4_control (2).mp4;C:\Users\esthe\Downloads\white line 14 1 _\Whit_1405_5_three(2).mp4;C:\Users\esthe\Downloads\white line 14 1 _\Whit_1405_6_one(2).mp4;C:\Users\esthe\Downloads\white line 14 1 _\Whit_1405_7_two(2).mp4;C:\Users\esthe\Downloads\white line 14 1 _\Whit_1405_8_onehalf(2).mp4;C:\Users\esthe\Downloads\white line 14 1 _\Whit_1405_9_five(2).mp4,0.0,6.365;3.661;7.299;10.332;7.866;6.166;16.964;6.932;4.266;7.799;4.766;27.063,30.000;30.000;30.000;30.000;30.000;30.000;30.000;30.000;30.000;30.000;30.000;30.000,Whiteline,jaw movement,,,POINT,23.890,C:\Users\esthe\Downloads\white line 14 1 _\Whit_1405_13_five(2).mp4,197,NA,
whit_1405(2),2025-06-27 14:55:43.116,,109.442,Media file(s),player #1:C:\Users\esthe\Downloads\white line 14 1 _\Whit_1405_10_one(2).mp4;C:\Users\esthe\Downloads\white line 14 1 _\Whit_1405_11_two(2).mp4;C:\Users\esthe\Downloads\white line 14 1 _\Whit_1405_12_three(2).mp4;C:\Users\esthe\Downloads\white line 14 1 _\Whit_1405_13_five(2).mp4;C:\Users\esthe\Downloads\white line 14 1 _\Whit_1405_2_five (2).mp4;C:\Users\esthe\Downloads\white line 14 1 _\Whit_1405_3_one (2).mp4;C:\Users\esthe\Downloads\white line 14 1 _\Whit_1405_4_control (2).mp4;C:\Users\esthe\Downloads\white line 14 1 _\Whit_1405_5_three(2).mp4;C:\Users\esthe\Downloads\white line 14 1 _\Whit_1405_6_one(2).mp4;C:\Users\esthe\Downloads\white line 14 1 _\Whit_1405_7_two(2).mp4;C:\Users\esthe\Downloads\white line 14 1 _\Whit_1405_8_onehalf(2).mp4;C:\Users\esthe\Downloads\white line 14 1 _\Whit_1405_9_five(2).mp4,0.0,6.365;3.661;7.299;10.332;7.866;6.166;16.964;6.932;4.266;7.799;4.766;27.063,30.000;30.000;30.000;30.000;30.000;30.000;30.000;30.000;30.000;30.000;30.000;30.000,Whiteline,jaw movement,,,POINT,24.090,C:\Users\esthe\Downloads\white line 14 1 _\Whit_1405_13_five(2).mp4,203,NA,
whit_1405(2),2025-06-27 14:55:43.116,,109.442,Media file(s),player #1:C:\Users\esthe\Downloads\white line 14 1 _\Whit_1405_10_one(2).mp4;C:\Users\esthe\Downloads\white line 14 1 _\Whit_1405_11_two(2).mp4;C:\Users\esthe\Downloads\white line 14 1 _\Whit_1405_12_three(2).mp4;C:\Users\esthe\Downloads\white line 14 1 _\Whit_1405_13_five(2).mp4;C:\Users\esthe\Downloads\white line 14 1 _\Whit_1405_2_five (2).mp4;C:\Users\esthe\Downloads\white line 14 1 _\Whit_1405_3_one (2).mp4;C:\Users\esthe\Downloads\white line 14 1 _\Whit_1405_4_control (2).mp4;C:\Users\esthe\Downloads\white line 14 1 _\Whit_1405_5_three(2).mp4;C:\Users\esthe\Downloads\white line 14 1 _\Whit_1405_6_one(2).mp4;C:\Users\esthe\Downloads\white line 14 1 _\Whit_1405_7_two(2).mp4;C:\Users\esthe\Downloads\white line 14 1 _\Whit_1405_8_onehalf(2).mp4;C:\Users\esthe\Downloads\white line 14 1 _\Whit_1405_9_five(2).mp4,0.0,6.365;3.661;7.299;10.332;7.866;6.166;16.964;6.932;4.266;7.799;4.766;27.063,30.000;30.000;30.000;30.000;30.000;30.000;30.000;30.000;30.000;30.000;30.000;30.000,Whiteline,jaw movement,,,POINT,24.323,C:\Users\esthe\Downloads\white line 14 1 _\Whit_1405_13_five(2).mp4,210,NA,
whit_1405(2),2025-06-27 14:55:43.116,,109.442,Media file(s),player #1:C:\Users\esthe\Downloads\white line 14 1 _\Whit_1405_10_one(2).mp4;C:\Users\esthe\Downloads\white line 14 1 _\Whit_1405_11_two(2).mp4;C:\Users\esthe\Downloads\white line 14 1 _\Whit_1405_12_three(2).mp4;C:\Users\esthe\Downloads\white line 14 1 _\Whit_1405_13_five(2).mp4;C:\Users\esthe\Downloads\white line 14 1 _\Whit_1405_2_five (2).mp4;C:\Users\esthe\Downloads\white line 14 1 _\Whit_1405_3_one (2).mp4;C:\Users\esthe\Downloads\white line 14 1 _\Whit_1405_4_control (2).mp4;C:\Users\esthe\Downloads\white line 14 1 _\Whit_1405_5_three(2).mp4;C:\Users\esthe\Downloads\white line 14 1 _\Whit_1405_6_one(2).mp4;C:\Users\esthe\Downloads\white line 14 1 _\Whit_1405_7_two(2).mp4;C:\Users\esthe\Downloads\white line 14 1 _\Whit_1405_8_onehalf(2).mp4;C:\Users\esthe\Downloads\white line 14 1 _\Whit_1405_9_five(2).mp4,0.0,6.365;3.661;7.299;10.332;7.866;6.166;16.964;6.932;4.266;7.799;4.766;27.063,30.000;30.000;30.000;30.000;30.000;30.000;30.000;30.000;30.000;30.000;30.000;30.000,Whiteline,jaw movement,,,POINT,24.556,C:\Users\esthe\Downloads\white line 14 1 _\Whit_1405_13_five(2).mp4,217,NA,
whit_1405(2),2025-06-27 14:55:43.116,,109.442,Media file(s),player #1:C:\Users\esthe\Downloads\white line 14 1 _\Whit_1405_10_one(2).mp4;C:\Users\esthe\Downloads\white line 14 1 _\Whit_1405_11_two(2).mp4;C:\Users\esthe\Downloads\white line 14 1 _\Whit_1405_12_three(2).mp4;C:\Users\esthe\Downloads\white line 14 1 _\Whit_1405_13_five(2).mp4;C:\Users\esthe\Downloads\white line 14 1 _\Whit_1405_2_five (2).mp4;C:\Users\esthe\Downloads\white line 14 1 _\Whit_1405_3_one (2).mp4;C:\Users\esthe\Downloads\white line 14 1 _\Whit_1405_4_control (2).mp4;C:\Users\esthe\Downloads\white line 14 1 _\Whit_1405_5_three(2).mp4;C:\Users\esthe\Downloads\white line 14 1 _\Whit_1405_6_one(2).mp4;C:\Users\esthe\Downloads\white line 14 1 _\Whit_1405_7_two(2).mp4;C:\Users\esthe\Downloads\white line 14 1 _\Whit_1405_8_onehalf(2).mp4;C:\Users\esthe\Downloads\white line 14 1 _\Whit_1405_9_five(2).mp4,0.0,6.365;3.661;7.299;10.332;7.866;6.166;16.964;6.932;4.266;7.799;4.766;27.063,30.000;30.000;30.000;30.000;30.000;30.000;30.000;30.000;30.000;30.000;30.000;30.000,Whiteline,jaw movement,,,POINT,24.923,C:\Users\esthe\Downloads\white line 14 1 _\Whit_1405_13_five(2).mp4,228,NA,
whit_1405(2),2025-06-27 14:55:43.116,,109.442,Media file(s),player #1:C:\Users\esthe\Downloads\white line 14 1 _\Whit_1405_10_one(2).mp4;C:\Users\esthe\Downloads\white line 14 1 _\Whit_1405_11_two(2).mp4;C:\Users\esthe\Downloads\white line 14 1 _\Whit_1405_12_three(2).mp4;C:\Users\esthe\Downloads\white line 14 1 _\Whit_1405_13_five(2).mp4;C:\Users\esthe\Downloads\white line 14 1 _\Whit_1405_2_five (2).mp4;C:\Users\esthe\Downloads\white line 14 1 _\Whit_1405_3_one (2).mp4;C:\Users\esthe\Downloads\white line 14 1 _\Whit_1405_4_control (2).mp4;C:\Users\esthe\Downloads\white line 14 1 _\Whit_1405_5_three(2).mp4;C:\Users\esthe\Downloads\white line 14 1 _\Whit_1405_6_one(2).mp4;C:\Users\esthe\Downloads\white line 14 1 _\Whit_1405_7_two(2).mp4;C:\Users\esthe\Downloads\white line 14 1 _\Whit_1405_8_onehalf(2).mp4;C:\Users\esthe\Downloads\white line 14 1 _\Whit_1405_9_five(2).mp4,0.0,6.365;3.661;7.299;10.332;7.866;6.166;16.964;6.932;4.266;7.799;4.766;27.063,30.000;30.000;30.000;30.000;30.000;30.000;30.000;30.000;30.000;30.000;30.000;30.000,Whiteline,jaw movement,,,POINT,25.656,C:\Users\esthe\Downloads\white line 14 1 _\Whit_1405_13_five(2).mp4,250,NA,
whit_1405(2),2025-06-27 14:55:43.116,,109.442,Media file(s),player #1:C:\Users\esthe\Downloads\white line 14 1 _\Whit_1405_10_one(2).mp4;C:\Users\esthe\Downloads\white line 14 1 _\Whit_1405_11_two(2).mp4;C:\Users\esthe\Downloads\white line 14 1 _\Whit_1405_12_three(2).mp4;C:\Users\esthe\Downloads\white line 14 1 _\Whit_1405_13_five(2).mp4;C:\Users\esthe\Downloads\white line 14 1 _\Whit_1405_2_five (2).mp4;C:\Users\esthe\Downloads\white line 14 1 _\Whit_1405_3_one (2).mp4;C:\Users\esthe\Downloads\white line 14 1 _\Whit_1405_4_control (2).mp4;C:\Users\esthe\Downloads\white line 14 1 _\Whit_1405_5_three(2).mp4;C:\Users\esthe\Downloads\white line 14 1 _\Whit_1405_6_one(2).mp4;C:\Users\esthe\Downloads\white line 14 1 _\Whit_1405_7_two(2).mp4;C:\Users\esthe\Downloads\white line 14 1 _\Whit_1405_8_onehalf(2).mp4;C:\Users\esthe\Downloads\white line 14 1 _\Whit_1405_9_five(2).mp4,0.0,6.365;3.661;7.299;10.332;7.866;6.166;16.964;6.932;4.266;7.799;4.766;27.063,30.000;30.000;30.000;30.000;30.000;30.000;30.000;30.000;30.000;30.000;30.000;30.000,Whiteline,ear clapping,,,POINT,25.689,C:\Users\esthe\Downloads\white line 14 1 _\Whit_1405_13_five(2).mp4,251,NA,
whit_1405(2),2025-06-27 14:55:43.116,,109.442,Media file(s),player #1:C:\Users\esthe\Downloads\white line 14 1 _\Whit_1405_10_one(2).mp4;C:\Users\esthe\Downloads\white line 14 1 _\Whit_1405_11_two(2).mp4;C:\Users\esthe\Downloads\white line 14 1 _\Whit_1405_12_three(2).mp4;C:\Users\esthe\Downloads\white line 14 1 _\Whit_1405_13_five(2).mp4;C:\Users\esthe\Downloads\white line 14 1 _\Whit_1405_2_five (2).mp4;C:\Users\esthe\Downloads\white line 14 1 _\Whit_1405_3_one (2).mp4;C:\Users\esthe\Downloads\white line 14 1 _\Whit_1405_4_control (2).mp4;C:\Users\esthe\Downloads\white line 14 1 _\Whit_1405_5_three(2).mp4;C:\Users\esthe\Downloads\white line 14 1 _\Whit_1405_6_one(2).mp4;C:\Users\esthe\Downloads\white line 14 1 _\Whit_1405_7_two(2).mp4;C:\Users\esthe\Downloads\white line 14 1 _\Whit_1405_8_onehalf(2).mp4;C:\Users\esthe\Downloads\white line 14 1 _\Whit_1405_9_five(2).mp4,0.0,6.365;3.661;7.299;10.332;7.866;6.166;16.964;6.932;4.266;7.799;4.766;27.063,30.000;30.000;30.000;30.000;30.000;30.000;30.000;30.000;30.000;30.000;30.000;30.000,Whiteline,ear clapping,,,POINT,25.756,C:\Users\esthe\Downloads\white line 14 1 _\Whit_1405_13_five(2).mp4,253,NA,
whit_1405(2),2025-06-27 14:55:43.116,,109.442,Media file(s),player #1:C:\Users\esthe\Downloads\white line 14 1 _\Whit_1405_10_one(2).mp4;C:\Users\esthe\Downloads\white line 14 1 _\Whit_1405_11_two(2).mp4;C:\Users\esthe\Downloads\white line 14 1 _\Whit_1405_12_three(2).mp4;C:\Users\esthe\Downloads\white line 14 1 _\Whit_1405_13_five(2).mp4;C:\Users\esthe\Downloads\white line 14 1 _\Whit_1405_2_five (2).mp4;C:\Users\esthe\Downloads\white line 14 1 _\Whit_1405_3_one (2).mp4;C:\Users\esthe\Downloads\white line 14 1 _\Whit_1405_4_control (2).mp4;C:\Users\esthe\Downloads\white line 14 1 _\Whit_1405_5_three(2).mp4;C:\Users\esthe\Downloads\white line 14 1 _\Whit_1405_6_one(2).mp4;C:\Users\esthe\Downloads\white line 14 1 _\Whit_1405_7_two(2).mp4;C:\Users\esthe\Downloads\white line 14 1 _\Whit_1405_8_onehalf(2).mp4;C:\Users\esthe\Downloads\white line 14 1 _\Whit_1405_9_five(2).mp4,0.0,6.365;3.661;7.299;10.332;7.866;6.166;16.964;6.932;4.266;7.799;4.766;27.063,30.000;30.000;30.000;30.000;30.000;30.000;30.000;30.000;30.000;30.000;30.000;30.000,Whiteline,peeling,,,STOP,25.990,C:\Users\esthe\Downloads\white line 14 1 _\Whit_1405_13_five(2).mp4,260,NA,
whit_1405(2),2025-06-27 14:55:43.116,,109.442,Media file(s),player #1:C:\Users\esthe\Downloads\white line 14 1 _\Whit_1405_10_one(2).mp4;C:\Users\esthe\Downloads\white line 14 1 _\Whit_1405_11_two(2).mp4;C:\Users\esthe\Downloads\white line 14 1 _\Whit_1405_12_three(2).mp4;C:\Users\esthe\Downloads\white line 14 1 _\Whit_1405_13_five(2).mp4;C:\Users\esthe\Downloads\white line 14 1 _\Whit_1405_2_five (2).mp4;C:\Users\esthe\Downloads\white line 14 1 _\Whit_1405_3_one (2).mp4;C:\Users\esthe\Downloads\white line 14 1 _\Whit_1405_4_control (2).mp4;C:\Users\esthe\Downloads\white line 14 1 _\Whit_1405_5_three(2).mp4;C:\Users\esthe\Downloads\white line 14 1 _\Whit_1405_6_one(2).mp4;C:\Users\esthe\Downloads\white line 14 1 _\Whit_1405_7_two(2).mp4;C:\Users\esthe\Downloads\white line 14 1 _\Whit_1405_8_onehalf(2).mp4;C:\Users\esthe\Downloads\white line 14 1 _\Whit_1405_9_five(2).mp4,0.0,6.365;3.661;7.299;10.332;7.866;6.166;16.964;6.932;4.266;7.799;4.766;27.063,30.000;30.000;30.000;30.000;30.000;30.000;30.000;30.000;30.000;30.000;30.000;30.000,Whiteline,eating,,,START,26.056,C:\Users\esthe\Downloads\white line 14 1 _\Whit_1405_13_five(2).mp4,262,NA,
whit_1405(2),2025-06-27 14:55:43.116,,109.442,Media file(s),player #1:C:\Users\esthe\Downloads\white line 14 1 _\Whit_1405_10_one(2).mp4;C:\Users\esthe\Downloads\white line 14 1 _\Whit_1405_11_two(2).mp4;C:\Users\esthe\Downloads\white line 14 1 _\Whit_1405_12_three(2).mp4;C:\Users\esthe\Downloads\white line 14 1 _\Whit_1405_13_five(2).mp4;C:\Users\esthe\Downloads\white line 14 1 _\Whit_1405_2_five (2).mp4;C:\Users\esthe\Downloads\white line 14 1 _\Whit_1405_3_one (2).mp4;C:\Users\esthe\Downloads\white line 14 1 _\Whit_1405_4_control (2).mp4;C:\Users\esthe\Downloads\white line 14 1 _\Whit_1405_5_three(2).mp4;C:\Users\esthe\Downloads\white line 14 1 _\Whit_1405_6_one(2).mp4;C:\Users\esthe\Downloads\white line 14 1 _\Whit_1405_7_two(2).mp4;C:\Users\esthe\Downloads\white line 14 1 _\Whit_1405_8_onehalf(2).mp4;C:\Users\esthe\Downloads\white line 14 1 _\Whit_1405_9_five(2).mp4,0.0,6.365;3.661;7.299;10.332;7.866;6.166;16.964;6.932;4.266;7.799;4.766;27.063,30.000;30.000;30.000;30.000;30.000;30.000;30.000;30.000;30.000;30.000;30.000;30.000,Whiteline,eating,,,STOP,27.189,C:\Users\esthe\Downloads\white line 14 1 _\Whit_1405_13_five(2).mp4,296,NA,
whit_1405(2),2025-06-27 14:55:43.116,,109.442,Media file(s),player #1:C:\Users\esthe\Downloads\white line 14 1 _\Whit_1405_10_one(2).mp4;C:\Users\esthe\Downloads\white line 14 1 _\Whit_1405_11_two(2).mp4;C:\Users\esthe\Downloads\white line 14 1 _\Whit_1405_12_three(2).mp4;C:\Users\esthe\Downloads\white line 14 1 _\Whit_1405_13_five(2).mp4;C:\Users\esthe\Downloads\white line 14 1 _\Whit_1405_2_five (2).mp4;C:\Users\esthe\Downloads\white line 14 1 _\Whit_1405_3_one (2).mp4;C:\Users\esthe\Downloads\white line 14 1 _\Whit_1405_4_control (2).mp4;C:\Users\esthe\Downloads\white line 14 1 _\Whit_1405_5_three(2).mp4;C:\Users\esthe\Downloads\white line 14 1 _\Whit_1405_6_one(2).mp4;C:\Users\esthe\Downloads\white line 14 1 _\Whit_1405_7_two(2).mp4;C:\Users\esthe\Downloads\white line 14 1 _\Whit_1405_8_onehalf(2).mp4;C:\Users\esthe\Downloads\white line 14 1 _\Whit_1405_9_five(2).mp4,0.0,6.365;3.661;7.299;10.332;7.866;6.166;16.964;6.932;4.266;7.799;4.766;27.063,30.000;30.000;30.000;30.000;30.000;30.000;30.000;30.000;30.000;30.000;30.000;30.000,Whiteline,explore,,,START,27.755,C:\Users\esthe\Downloads\white line 14 1 _\Whit_1405_2_five (2).mp4,3,NA,
whit_1405(2),2025-06-27 14:55:43.116,,109.442,Media file(s),player #1:C:\Users\esthe\Downloads\white line 14 1 _\Whit_1405_10_one(2).mp4;C:\Users\esthe\Downloads\white line 14 1 _\Whit_1405_11_two(2).mp4;C:\Users\esthe\Downloads\white line 14 1 _\Whit_1405_12_three(2).mp4;C:\Users\esthe\Downloads\white line 14 1 _\Whit_1405_13_five(2).mp4;C:\Users\esthe\Downloads\white line 14 1 _\Whit_1405_2_five (2).mp4;C:\Users\esthe\Downloads\white line 14 1 _\Whit_1405_3_one (2).mp4;C:\Users\esthe\Downloads\white line 14 1 _\Whit_1405_4_control (2).mp4;C:\Users\esthe\Downloads\white line 14 1 _\Whit_1405_5_three(2).mp4;C:\Users\esthe\Downloads\white line 14 1 _\Whit_1405_6_one(2).mp4;C:\Users\esthe\Downloads\white line 14 1 _\Whit_1405_7_two(2).mp4;C:\Users\esthe\Downloads\white line 14 1 _\Whit_1405_8_onehalf(2).mp4;C:\Users\esthe\Downloads\white line 14 1 _\Whit_1405_9_five(2).mp4,0.0,6.365;3.661;7.299;10.332;7.866;6.166;16.964;6.932;4.266;7.799;4.766;27.063,30.000;30.000;30.000;30.000;30.000;30.000;30.000;30.000;30.000;30.000;30.000;30.000,Whiteline,bending,,,START,29.489,C:\Users\esthe\Downloads\white line 14 1 _\Whit_1405_2_five (2).mp4,55,NA,
whit_1405(2),2025-06-27 14:55:43.116,,109.442,Media file(s),player #1:C:\Users\esthe\Downloads\white line 14 1 _\Whit_1405_10_one(2).mp4;C:\Users\esthe\Downloads\white line 14 1 _\Whit_1405_11_two(2).mp4;C:\Users\esthe\Downloads\white line 14 1 _\Whit_1405_12_three(2).mp4;C:\Users\esthe\Downloads\white line 14 1 _\Whit_1405_13_five(2).mp4;C:\Users\esthe\Downloads\white line 14 1 _\Whit_1405_2_five (2).mp4;C:\Users\esthe\Downloads\white line 14 1 _\Whit_1405_3_one (2).mp4;C:\Users\esthe\Downloads\white line 14 1 _\Whit_1405_4_control (2).mp4;C:\Users\esthe\Downloads\white line 14 1 _\Whit_1405_5_three(2).mp4;C:\Users\esthe\Downloads\white line 14 1 _\Whit_1405_6_one(2).mp4;C:\Users\esthe\Downloads\white line 14 1 _\Whit_1405_7_two(2).mp4;C:\Users\esthe\Downloads\white line 14 1 _\Whit_1405_8_onehalf(2).mp4;C:\Users\esthe\Downloads\white line 14 1 _\Whit_1405_9_five(2).mp4,0.0,6.365;3.661;7.299;10.332;7.866;6.166;16.964;6.932;4.266;7.799;4.766;27.063,30.000;30.000;30.000;30.000;30.000;30.000;30.000;30.000;30.000;30.000;30.000;30.000,Whiteline,explore,,,STOP,29.489,C:\Users\esthe\Downloads\white line 14 1 _\Whit_1405_2_five (2).mp4,55,NA,
whit_1405(2),2025-06-27 14:55:43.116,,109.442,Media file(s),player #1:C:\Users\esthe\Downloads\white line 14 1 _\Whit_1405_10_one(2).mp4;C:\Users\esthe\Downloads\white line 14 1 _\Whit_1405_11_two(2).mp4;C:\Users\esthe\Downloads\white line 14 1 _\Whit_1405_12_three(2).mp4;C:\Users\esthe\Downloads\white line 14 1 _\Whit_1405_13_five(2).mp4;C:\Users\esthe\Downloads\white line 14 1 _\Whit_1405_2_five (2).mp4;C:\Users\esthe\Downloads\white line 14 1 _\Whit_1405_3_one (2).mp4;C:\Users\esthe\Downloads\white line 14 1 _\Whit_1405_4_control (2).mp4;C:\Users\esthe\Downloads\white line 14 1 _\Whit_1405_5_three(2).mp4;C:\Users\esthe\Downloads\white line 14 1 _\Whit_1405_6_one(2).mp4;C:\Users\esthe\Downloads\white line 14 1 _\Whit_1405_7_two(2).mp4;C:\Users\esthe\Downloads\white line 14 1 _\Whit_1405_8_onehalf(2).mp4;C:\Users\esthe\Downloads\white line 14 1 _\Whit_1405_9_five(2).mp4,0.0,6.365;3.661;7.299;10.332;7.866;6.166;16.964;6.932;4.266;7.799;4.766;27.063,30.000;30.000;30.000;30.000;30.000;30.000;30.000;30.000;30.000;30.000;30.000;30.000,Whiteline,bending,,,STOP,30.255,C:\Users\esthe\Downloads\white line 14 1 _\Whit_1405_2_five (2).mp4,78,NA,
whit_1405(2),2025-06-27 14:55:43.116,,109.442,Media file(s),player #1:C:\Users\esthe\Downloads\white line 14 1 _\Whit_1405_10_one(2).mp4;C:\Users\esthe\Downloads\white line 14 1 _\Whit_1405_11_two(2).mp4;C:\Users\esthe\Downloads\white line 14 1 _\Whit_1405_12_three(2).mp4;C:\Users\esthe\Downloads\white line 14 1 _\Whit_1405_13_five(2).mp4;C:\Users\esthe\Downloads\white line 14 1 _\Whit_1405_2_five (2).mp4;C:\Users\esthe\Downloads\white line 14 1 _\Whit_1405_3_one (2).mp4;C:\Users\esthe\Downloads\white line 14 1 _\Whit_1405_4_control (2).mp4;C:\Users\esthe\Downloads\white line 14 1 _\Whit_1405_5_three(2).mp4;C:\Users\esthe\Downloads\white line 14 1 _\Whit_1405_6_one(2).mp4;C:\Users\esthe\Downloads\white line 14 1 _\Whit_1405_7_two(2).mp4;C:\Users\esthe\Downloads\white line 14 1 _\Whit_1405_8_onehalf(2).mp4;C:\Users\esthe\Downloads\white line 14 1 _\Whit_1405_9_five(2).mp4,0.0,6.365;3.661;7.299;10.332;7.866;6.166;16.964;6.932;4.266;7.799;4.766;27.063,30.000;30.000;30.000;30.000;30.000;30.000;30.000;30.000;30.000;30.000;30.000;30.000,Whiteline,grabbing peanut,,,POINT,30.255,C:\Users\esthe\Downloads\white line 14 1 _\Whit_1405_2_five (2).mp4,78,NA,
whit_1405(2),2025-06-27 14:55:43.116,,109.442,Media file(s),player #1:C:\Users\esthe\Downloads\white line 14 1 _\Whit_1405_10_one(2).mp4;C:\Users\esthe\Downloads\white line 14 1 _\Whit_1405_11_two(2).mp4;C:\Users\esthe\Downloads\white line 14 1 _\Whit_1405_12_three(2).mp4;C:\Users\esthe\Downloads\white line 14 1 _\Whit_1405_13_five(2).mp4;C:\Users\esthe\Downloads\white line 14 1 _\Whit_1405_2_five (2).mp4;C:\Users\esthe\Downloads\white line 14 1 _\Whit_1405_3_one (2).mp4;C:\Users\esthe\Downloads\white line 14 1 _\Whit_1405_4_control (2).mp4;C:\Users\esthe\Downloads\white line 14 1 _\Whit_1405_5_three(2).mp4;C:\Users\esthe\Downloads\white line 14 1 _\Whit_1405_6_one(2).mp4;C:\Users\esthe\Downloads\white line 14 1 _\Whit_1405_7_two(2).mp4;C:\Users\esthe\Downloads\white line 14 1 _\Whit_1405_8_onehalf(2).mp4;C:\Users\esthe\Downloads\white line 14 1 _\Whit_1405_9_five(2).mp4,0.0,6.365;3.661;7.299;10.332;7.866;6.166;16.964;6.932;4.266;7.799;4.766;27.063,30.000;30.000;30.000;30.000;30.000;30.000;30.000;30.000;30.000;30.000;30.000;30.000,Whiteline,lifting,,,START,30.288,C:\Users\esthe\Downloads\white line 14 1 _\Whit_1405_2_five (2).mp4,79,NA,
whit_1405(2),2025-06-27 14:55:43.116,,109.442,Media file(s),player #1:C:\Users\esthe\Downloads\white line 14 1 _\Whit_1405_10_one(2).mp4;C:\Users\esthe\Downloads\white line 14 1 _\Whit_1405_11_two(2).mp4;C:\Users\esthe\Downloads\white line 14 1 _\Whit_1405_12_three(2).mp4;C:\Users\esthe\Downloads\white line 14 1 _\Whit_1405_13_five(2).mp4;C:\Users\esthe\Downloads\white line 14 1 _\Whit_1405_2_five (2).mp4;C:\Users\esthe\Downloads\white line 14 1 _\Whit_1405_3_one (2).mp4;C:\Users\esthe\Downloads\white line 14 1 _\Whit_1405_4_control (2).mp4;C:\Users\esthe\Downloads\white line 14 1 _\Whit_1405_5_three(2).mp4;C:\Users\esthe\Downloads\white line 14 1 _\Whit_1405_6_one(2).mp4;C:\Users\esthe\Downloads\white line 14 1 _\Whit_1405_7_two(2).mp4;C:\Users\esthe\Downloads\white line 14 1 _\Whit_1405_8_onehalf(2).mp4;C:\Users\esthe\Downloads\white line 14 1 _\Whit_1405_9_five(2).mp4,0.0,6.365;3.661;7.299;10.332;7.866;6.166;16.964;6.932;4.266;7.799;4.766;27.063,30.000;30.000;30.000;30.000;30.000;30.000;30.000;30.000;30.000;30.000;30.000;30.000,Whiteline,lifting,,,STOP,30.688,C:\Users\esthe\Downloads\white line 14 1 _\Whit_1405_2_five (2).mp4,91,NA,
whit_1405(2),2025-06-27 14:55:43.116,,109.442,Media file(s),player #1:C:\Users\esthe\Downloads\white line 14 1 _\Whit_1405_10_one(2).mp4;C:\Users\esthe\Downloads\white line 14 1 _\Whit_1405_11_two(2).mp4;C:\Users\esthe\Downloads\white line 14 1 _\Whit_1405_12_three(2).mp4;C:\Users\esthe\Downloads\white line 14 1 _\Whit_1405_13_five(2).mp4;C:\Users\esthe\Downloads\white line 14 1 _\Whit_1405_2_five (2).mp4;C:\Users\esthe\Downloads\white line 14 1 _\Whit_1405_3_one (2).mp4;C:\Users\esthe\Downloads\white line 14 1 _\Whit_1405_4_control (2).mp4;C:\Users\esthe\Downloads\white line 14 1 _\Whit_1405_5_three(2).mp4;C:\Users\esthe\Downloads\white line 14 1 _\Whit_1405_6_one(2).mp4;C:\Users\esthe\Downloads\white line 14 1 _\Whit_1405_7_two(2).mp4;C:\Users\esthe\Downloads\white line 14 1 _\Whit_1405_8_onehalf(2).mp4;C:\Users\esthe\Downloads\white line 14 1 _\Whit_1405_9_five(2).mp4,0.0,6.365;3.661;7.299;10.332;7.866;6.166;16.964;6.932;4.266;7.799;4.766;27.063,30.000;30.000;30.000;30.000;30.000;30.000;30.000;30.000;30.000;30.000;30.000;30.000,Whiteline,target,,,START,30.888,C:\Users\esthe\Downloads\white line 14 1 _\Whit_1405_2_five (2).mp4,97,NA,
whit_1405(2),2025-06-27 14:55:43.116,,109.442,Media file(s),player #1:C:\Users\esthe\Downloads\white line 14 1 _\Whit_1405_10_one(2).mp4;C:\Users\esthe\Downloads\white line 14 1 _\Whit_1405_11_two(2).mp4;C:\Users\esthe\Downloads\white line 14 1 _\Whit_1405_12_three(2).mp4;C:\Users\esthe\Downloads\white line 14 1 _\Whit_1405_13_five(2).mp4;C:\Users\esthe\Downloads\white line 14 1 _\Whit_1405_2_five (2).mp4;C:\Users\esthe\Downloads\white line 14 1 _\Whit_1405_3_one (2).mp4;C:\Users\esthe\Downloads\white line 14 1 _\Whit_1405_4_control (2).mp4;C:\Users\esthe\Downloads\white line 14 1 _\Whit_1405_5_three(2).mp4;C:\Users\esthe\Downloads\white line 14 1 _\Whit_1405_6_one(2).mp4;C:\Users\esthe\Downloads\white line 14 1 _\Whit_1405_7_two(2).mp4;C:\Users\esthe\Downloads\white line 14 1 _\Whit_1405_8_onehalf(2).mp4;C:\Users\esthe\Downloads\white line 14 1 _\Whit_1405_9_five(2).mp4,0.0,6.365;3.661;7.299;10.332;7.866;6.166;16.964;6.932;4.266;7.799;4.766;27.063,30.000;30.000;30.000;30.000;30.000;30.000;30.000;30.000;30.000;30.000;30.000;30.000,Whiteline,target,,,STOP,35.321,C:\Users\esthe\Downloads\white line 14 1 _\Whit_1405_2_five (2).mp4,230,NA,
whit_1405(2),2025-06-27 14:55:43.116,,109.442,Media file(s),player #1:C:\Users\esthe\Downloads\white line 14 1 _\Whit_1405_10_one(2).mp4;C:\Users\esthe\Downloads\white line 14 1 _\Whit_1405_11_two(2).mp4;C:\Users\esthe\Downloads\white line 14 1 _\Whit_1405_12_three(2).mp4;C:\Users\esthe\Downloads\white line 14 1 _\Whit_1405_13_five(2).mp4;C:\Users\esthe\Downloads\white line 14 1 _\Whit_1405_2_five (2).mp4;C:\Users\esthe\Downloads\white line 14 1 _\Whit_1405_3_one (2).mp4;C:\Users\esthe\Downloads\white line 14 1 _\Whit_1405_4_control (2).mp4;C:\Users\esthe\Downloads\white line 14 1 _\Whit_1405_5_three(2).mp4;C:\Users\esthe\Downloads\white line 14 1 _\Whit_1405_6_one(2).mp4;C:\Users\esthe\Downloads\white line 14 1 _\Whit_1405_7_two(2).mp4;C:\Users\esthe\Downloads\white line 14 1 _\Whit_1405_8_onehalf(2).mp4;C:\Users\esthe\Downloads\white line 14 1 _\Whit_1405_9_five(2).mp4,0.0,6.365;3.661;7.299;10.332;7.866;6.166;16.964;6.932;4.266;7.799;4.766;27.063,30.000;30.000;30.000;30.000;30.000;30.000;30.000;30.000;30.000;30.000;30.000;30.000,Whiteline,lifting,,,START,35.521,C:\Users\esthe\Downloads\white line 14 1 _\Whit_1405_2_five (2).mp4,0,NA,
whit_1405(2),2025-06-27 14:55:43.116,,109.442,Media file(s),player #1:C:\Users\esthe\Downloads\white line 14 1 _\Whit_1405_10_one(2).mp4;C:\Users\esthe\Downloads\white line 14 1 _\Whit_1405_11_two(2).mp4;C:\Users\esthe\Downloads\white line 14 1 _\Whit_1405_12_three(2).mp4;C:\Users\esthe\Downloads\white line 14 1 _\Whit_1405_13_five(2).mp4;C:\Users\esthe\Downloads\white line 14 1 _\Whit_1405_2_five (2).mp4;C:\Users\esthe\Downloads\white line 14 1 _\Whit_1405_3_one (2).mp4;C:\Users\esthe\Downloads\white line 14 1 _\Whit_1405_4_control (2).mp4;C:\Users\esthe\Downloads\white line 14 1 _\Whit_1405_5_three(2).mp4;C:\Users\esthe\Downloads\white line 14 1 _\Whit_1405_6_one(2).mp4;C:\Users\esthe\Downloads\white line 14 1 _\Whit_1405_7_two(2).mp4;C:\Users\esthe\Downloads\white line 14 1 _\Whit_1405_8_onehalf(2).mp4;C:\Users\esthe\Downloads\white line 14 1 _\Whit_1405_9_five(2).mp4,0.0,6.365;3.661;7.299;10.332;7.866;6.166;16.964;6.932;4.266;7.799;4.766;27.063,30.000;30.000;30.000;30.000;30.000;30.000;30.000;30.000;30.000;30.000;30.000;30.000,Whiteline,lifting,,,STOP,35.688,C:\Users\esthe\Downloads\white line 14 1 _\Whit_1405_3_one (2).mp4,5,NA,
whit_1405(2),2025-06-27 14:55:43.116,,109.442,Media file(s),player #1:C:\Users\esthe\Downloads\white line 14 1 _\Whit_1405_10_one(2).mp4;C:\Users\esthe\Downloads\white line 14 1 _\Whit_1405_11_two(2).mp4;C:\Users\esthe\Downloads\white line 14 1 _\Whit_1405_12_three(2).mp4;C:\Users\esthe\Downloads\white line 14 1 _\Whit_1405_13_five(2).mp4;C:\Users\esthe\Downloads\white line 14 1 _\Whit_1405_2_five (2).mp4;C:\Users\esthe\Downloads\white line 14 1 _\Whit_1405_3_one (2).mp4;C:\Users\esthe\Downloads\white line 14 1 _\Whit_1405_4_control (2).mp4;C:\Users\esthe\Downloads\white line 14 1 _\Whit_1405_5_three(2).mp4;C:\Users\esthe\Downloads\white line 14 1 _\Whit_1405_6_one(2).mp4;C:\Users\esthe\Downloads\white line 14 1 _\Whit_1405_7_two(2).mp4;C:\Users\esthe\Downloads\white line 14 1 _\Whit_1405_8_onehalf(2).mp4;C:\Users\esthe\Downloads\white line 14 1 _\Whit_1405_9_five(2).mp4,0.0,6.365;3.661;7.299;10.332;7.866;6.166;16.964;6.932;4.266;7.799;4.766;27.063,30.000;30.000;30.000;30.000;30.000;30.000;30.000;30.000;30.000;30.000;30.000;30.000,Whiteline,assessing,,,START,35.888,C:\Users\esthe\Downloads\white line 14 1 _\Whit_1405_3_one (2).mp4,11,NA,
whit_1405(2),2025-06-27 14:55:43.116,,109.442,Media file(s),player #1:C:\Users\esthe\Downloads\white line 14 1 _\Whit_1405_10_one(2).mp4;C:\Users\esthe\Downloads\white line 14 1 _\Whit_1405_11_two(2).mp4;C:\Users\esthe\Downloads\white line 14 1 _\Whit_1405_12_three(2).mp4;C:\Users\esthe\Downloads\white line 14 1 _\Whit_1405_13_five(2).mp4;C:\Users\esthe\Downloads\white line 14 1 _\Whit_1405_2_five (2).mp4;C:\Users\esthe\Downloads\white line 14 1 _\Whit_1405_3_one (2).mp4;C:\Users\esthe\Downloads\white line 14 1 _\Whit_1405_4_control (2).mp4;C:\Users\esthe\Downloads\white line 14 1 _\Whit_1405_5_three(2).mp4;C:\Users\esthe\Downloads\white line 14 1 _\Whit_1405_6_one(2).mp4;C:\Users\esthe\Downloads\white line 14 1 _\Whit_1405_7_two(2).mp4;C:\Users\esthe\Downloads\white line 14 1 _\Whit_1405_8_onehalf(2).mp4;C:\Users\esthe\Downloads\white line 14 1 _\Whit_1405_9_five(2).mp4,0.0,6.365;3.661;7.299;10.332;7.866;6.166;16.964;6.932;4.266;7.799;4.766;27.063,30.000;30.000;30.000;30.000;30.000;30.000;30.000;30.000;30.000;30.000;30.000;30.000,Whiteline,jaw movement,,,POINT,36.021,C:\Users\esthe\Downloads\white line 14 1 _\Whit_1405_3_one (2).mp4,15,NA,
whit_1405(2),2025-06-27 14:55:43.116,,109.442,Media file(s),player #1:C:\Users\esthe\Downloads\white line 14 1 _\Whit_1405_10_one(2).mp4;C:\Users\esthe\Downloads\white line 14 1 _\Whit_1405_11_two(2).mp4;C:\Users\esthe\Downloads\white line 14 1 _\Whit_1405_12_three(2).mp4;C:\Users\esthe\Downloads\white line 14 1 _\Whit_1405_13_five(2).mp4;C:\Users\esthe\Downloads\white line 14 1 _\Whit_1405_2_five (2).mp4;C:\Users\esthe\Downloads\white line 14 1 _\Whit_1405_3_one (2).mp4;C:\Users\esthe\Downloads\white line 14 1 _\Whit_1405_4_control (2).mp4;C:\Users\esthe\Downloads\white line 14 1 _\Whit_1405_5_three(2).mp4;C:\Users\esthe\Downloads\white line 14 1 _\Whit_1405_6_one(2).mp4;C:\Users\esthe\Downloads\white line 14 1 _\Whit_1405_7_two(2).mp4;C:\Users\esthe\Downloads\white line 14 1 _\Whit_1405_8_onehalf(2).mp4;C:\Users\esthe\Downloads\white line 14 1 _\Whit_1405_9_five(2).mp4,0.0,6.365;3.661;7.299;10.332;7.866;6.166;16.964;6.932;4.266;7.799;4.766;27.063,30.000;30.000;30.000;30.000;30.000;30.000;30.000;30.000;30.000;30.000;30.000;30.000,Whiteline,rotation,,Horizontal,START,36.054,C:\Users\esthe\Downloads\white line 14 1 _\Whit_1405_3_one (2).mp4,16,NA,
whit_1405(2),2025-06-27 14:55:43.116,,109.442,Media file(s),player #1:C:\Users\esthe\Downloads\white line 14 1 _\Whit_1405_10_one(2).mp4;C:\Users\esthe\Downloads\white line 14 1 _\Whit_1405_11_two(2).mp4;C:\Users\esthe\Downloads\white line 14 1 _\Whit_1405_12_three(2).mp4;C:\Users\esthe\Downloads\white line 14 1 _\Whit_1405_13_five(2).mp4;C:\Users\esthe\Downloads\white line 14 1 _\Whit_1405_2_five (2).mp4;C:\Users\esthe\Downloads\white line 14 1 _\Whit_1405_3_one (2).mp4;C:\Users\esthe\Downloads\white line 14 1 _\Whit_1405_4_control (2).mp4;C:\Users\esthe\Downloads\white line 14 1 _\Whit_1405_5_three(2).mp4;C:\Users\esthe\Downloads\white line 14 1 _\Whit_1405_6_one(2).mp4;C:\Users\esthe\Downloads\white line 14 1 _\Whit_1405_7_two(2).mp4;C:\Users\esthe\Downloads\white line 14 1 _\Whit_1405_8_onehalf(2).mp4;C:\Users\esthe\Downloads\white line 14 1 _\Whit_1405_9_five(2).mp4,0.0,6.365;3.661;7.299;10.332;7.866;6.166;16.964;6.932;4.266;7.799;4.766;27.063,30.000;30.000;30.000;30.000;30.000;30.000;30.000;30.000;30.000;30.000;30.000;30.000,Whiteline,translational movement,,,POINT,36.454,C:\Users\esthe\Downloads\white line 14 1 _\Whit_1405_3_one (2).mp4,28,NA,
whit_1405(2),2025-06-27 14:55:43.116,,109.442,Media file(s),player #1:C:\Users\esthe\Downloads\white line 14 1 _\Whit_1405_10_one(2).mp4;C:\Users\esthe\Downloads\white line 14 1 _\Whit_1405_11_two(2).mp4;C:\Users\esthe\Downloads\white line 14 1 _\Whit_1405_12_three(2).mp4;C:\Users\esthe\Downloads\white line 14 1 _\Whit_1405_13_five(2).mp4;C:\Users\esthe\Downloads\white line 14 1 _\Whit_1405_2_five (2).mp4;C:\Users\esthe\Downloads\white line 14 1 _\Whit_1405_3_one (2).mp4;C:\Users\esthe\Downloads\white line 14 1 _\Whit_1405_4_control (2).mp4;C:\Users\esthe\Downloads\white line 14 1 _\Whit_1405_5_three(2).mp4;C:\Users\esthe\Downloads\white line 14 1 _\Whit_1405_6_one(2).mp4;C:\Users\esthe\Downloads\white line 14 1 _\Whit_1405_7_two(2).mp4;C:\Users\esthe\Downloads\white line 14 1 _\Whit_1405_8_onehalf(2).mp4;C:\Users\esthe\Downloads\white line 14 1 _\Whit_1405_9_five(2).mp4,0.0,6.365;3.661;7.299;10.332;7.866;6.166;16.964;6.932;4.266;7.799;4.766;27.063,30.000;30.000;30.000;30.000;30.000;30.000;30.000;30.000;30.000;30.000;30.000;30.000,Whiteline,rotation,,Horizontal,STOP,36.521,C:\Users\esthe\Downloads\white line 14 1 _\Whit_1405_3_one (2).mp4,30,NA,
whit_1405(2),2025-06-27 14:55:43.116,,109.442,Media file(s),player #1:C:\Users\esthe\Downloads\white line 14 1 _\Whit_1405_10_one(2).mp4;C:\Users\esthe\Downloads\white line 14 1 _\Whit_1405_11_two(2).mp4;C:\Users\esthe\Downloads\white line 14 1 _\Whit_1405_12_three(2).mp4;C:\Users\esthe\Downloads\white line 14 1 _\Whit_1405_13_five(2).mp4;C:\Users\esthe\Downloads\white line 14 1 _\Whit_1405_2_five (2).mp4;C:\Users\esthe\Downloads\white line 14 1 _\Whit_1405_3_one (2).mp4;C:\Users\esthe\Downloads\white line 14 1 _\Whit_1405_4_control (2).mp4;C:\Users\esthe\Downloads\white line 14 1 _\Whit_1405_5_three(2).mp4;C:\Users\esthe\Downloads\white line 14 1 _\Whit_1405_6_one(2).mp4;C:\Users\esthe\Downloads\white line 14 1 _\Whit_1405_7_two(2).mp4;C:\Users\esthe\Downloads\white line 14 1 _\Whit_1405_8_onehalf(2).mp4;C:\Users\esthe\Downloads\white line 14 1 _\Whit_1405_9_five(2).mp4,0.0,6.365;3.661;7.299;10.332;7.866;6.166;16.964;6.932;4.266;7.799;4.766;27.063,30.000;30.000;30.000;30.000;30.000;30.000;30.000;30.000;30.000;30.000;30.000;30.000,Whiteline,teeth-hole contact,,,POINT,36.521,C:\Users\esthe\Downloads\white line 14 1 _\Whit_1405_3_one (2).mp4,30,NA,
whit_1405(2),2025-06-27 14:55:43.116,,109.442,Media file(s),player #1:C:\Users\esthe\Downloads\white line 14 1 _\Whit_1405_10_one(2).mp4;C:\Users\esthe\Downloads\white line 14 1 _\Whit_1405_11_two(2).mp4;C:\Users\esthe\Downloads\white line 14 1 _\Whit_1405_12_three(2).mp4;C:\Users\esthe\Downloads\white line 14 1 _\Whit_1405_13_five(2).mp4;C:\Users\esthe\Downloads\white line 14 1 _\Whit_1405_2_five (2).mp4;C:\Users\esthe\Downloads\white line 14 1 _\Whit_1405_3_one (2).mp4;C:\Users\esthe\Downloads\white line 14 1 _\Whit_1405_4_control (2).mp4;C:\Users\esthe\Downloads\white line 14 1 _\Whit_1405_5_three(2).mp4;C:\Users\esthe\Downloads\white line 14 1 _\Whit_1405_6_one(2).mp4;C:\Users\esthe\Downloads\white line 14 1 _\Whit_1405_7_two(2).mp4;C:\Users\esthe\Downloads\white line 14 1 _\Whit_1405_8_onehalf(2).mp4;C:\Users\esthe\Downloads\white line 14 1 _\Whit_1405_9_five(2).mp4,0.0,6.365;3.661;7.299;10.332;7.866;6.166;16.964;6.932;4.266;7.799;4.766;27.063,30.000;30.000;30.000;30.000;30.000;30.000;30.000;30.000;30.000;30.000;30.000;30.000,Whiteline,rotation,,Horizontal,START,36.621,C:\Users\esthe\Downloads\white line 14 1 _\Whit_1405_3_one (2).mp4,33,NA,
whit_1405(2),2025-06-27 14:55:43.116,,109.442,Media file(s),player #1:C:\Users\esthe\Downloads\white line 14 1 _\Whit_1405_10_one(2).mp4;C:\Users\esthe\Downloads\white line 14 1 _\Whit_1405_11_two(2).mp4;C:\Users\esthe\Downloads\white line 14 1 _\Whit_1405_12_three(2).mp4;C:\Users\esthe\Downloads\white line 14 1 _\Whit_1405_13_five(2).mp4;C:\Users\esthe\Downloads\white line 14 1 _\Whit_1405_2_five (2).mp4;C:\Users\esthe\Downloads\white line 14 1 _\Whit_1405_3_one (2).mp4;C:\Users\esthe\Downloads\white line 14 1 _\Whit_1405_4_control (2).mp4;C:\Users\esthe\Downloads\white line 14 1 _\Whit_1405_5_three(2).mp4;C:\Users\esthe\Downloads\white line 14 1 _\Whit_1405_6_one(2).mp4;C:\Users\esthe\Downloads\white line 14 1 _\Whit_1405_7_two(2).mp4;C:\Users\esthe\Downloads\white line 14 1 _\Whit_1405_8_onehalf(2).mp4;C:\Users\esthe\Downloads\white line 14 1 _\Whit_1405_9_five(2).mp4,0.0,6.365;3.661;7.299;10.332;7.866;6.166;16.964;6.932;4.266;7.799;4.766;27.063,30.000;30.000;30.000;30.000;30.000;30.000;30.000;30.000;30.000;30.000;30.000;30.000,Whiteline,translational movement,,,POINT,36.887,C:\Users\esthe\Downloads\white line 14 1 _\Whit_1405_3_one (2).mp4,41,NA,
whit_1405(2),2025-06-27 14:55:43.116,,109.442,Media file(s),player #1:C:\Users\esthe\Downloads\white line 14 1 _\Whit_1405_10_one(2).mp4;C:\Users\esthe\Downloads\white line 14 1 _\Whit_1405_11_two(2).mp4;C:\Users\esthe\Downloads\white line 14 1 _\Whit_1405_12_three(2).mp4;C:\Users\esthe\Downloads\white line 14 1 _\Whit_1405_13_five(2).mp4;C:\Users\esthe\Downloads\white line 14 1 _\Whit_1405_2_five (2).mp4;C:\Users\esthe\Downloads\white line 14 1 _\Whit_1405_3_one (2).mp4;C:\Users\esthe\Downloads\white line 14 1 _\Whit_1405_4_control (2).mp4;C:\Users\esthe\Downloads\white line 14 1 _\Whit_1405_5_three(2).mp4;C:\Users\esthe\Downloads\white line 14 1 _\Whit_1405_6_one(2).mp4;C:\Users\esthe\Downloads\white line 14 1 _\Whit_1405_7_two(2).mp4;C:\Users\esthe\Downloads\white line 14 1 _\Whit_1405_8_onehalf(2).mp4;C:\Users\esthe\Downloads\white line 14 1 _\Whit_1405_9_five(2).mp4,0.0,6.365;3.661;7.299;10.332;7.866;6.166;16.964;6.932;4.266;7.799;4.766;27.063,30.000;30.000;30.000;30.000;30.000;30.000;30.000;30.000;30.000;30.000;30.000;30.000,Whiteline,jaw movement,,,POINT,37.021,C:\Users\esthe\Downloads\white line 14 1 _\Whit_1405_3_one (2).mp4,45,NA,
whit_1405(2),2025-06-27 14:55:43.116,,109.442,Media file(s),player #1:C:\Users\esthe\Downloads\white line 14 1 _\Whit_1405_10_one(2).mp4;C:\Users\esthe\Downloads\white line 14 1 _\Whit_1405_11_two(2).mp4;C:\Users\esthe\Downloads\white line 14 1 _\Whit_1405_12_three(2).mp4;C:\Users\esthe\Downloads\white line 14 1 _\Whit_1405_13_five(2).mp4;C:\Users\esthe\Downloads\white line 14 1 _\Whit_1405_2_five (2).mp4;C:\Users\esthe\Downloads\white line 14 1 _\Whit_1405_3_one (2).mp4;C:\Users\esthe\Downloads\white line 14 1 _\Whit_1405_4_control (2).mp4;C:\Users\esthe\Downloads\white line 14 1 _\Whit_1405_5_three(2).mp4;C:\Users\esthe\Downloads\white line 14 1 _\Whit_1405_6_one(2).mp4;C:\Users\esthe\Downloads\white line 14 1 _\Whit_1405_7_two(2).mp4;C:\Users\esthe\Downloads\white line 14 1 _\Whit_1405_8_onehalf(2).mp4;C:\Users\esthe\Downloads\white line 14 1 _\Whit_1405_9_five(2).mp4,0.0,6.365;3.661;7.299;10.332;7.866;6.166;16.964;6.932;4.266;7.799;4.766;27.063,30.000;30.000;30.000;30.000;30.000;30.000;30.000;30.000;30.000;30.000;30.000;30.000,Whiteline,rotation,,Horizontal,STOP,37.021,C:\Users\esthe\Downloads\white line 14 1 _\Whit_1405_3_one (2).mp4,45,NA,
whit_1405(2),2025-06-27 14:55:43.116,,109.442,Media file(s),player #1:C:\Users\esthe\Downloads\white line 14 1 _\Whit_1405_10_one(2).mp4;C:\Users\esthe\Downloads\white line 14 1 _\Whit_1405_11_two(2).mp4;C:\Users\esthe\Downloads\white line 14 1 _\Whit_1405_12_three(2).mp4;C:\Users\esthe\Downloads\white line 14 1 _\Whit_1405_13_five(2).mp4;C:\Users\esthe\Downloads\white line 14 1 _\Whit_1405_2_five (2).mp4;C:\Users\esthe\Downloads\white line 14 1 _\Whit_1405_3_one (2).mp4;C:\Users\esthe\Downloads\white line 14 1 _\Whit_1405_4_control (2).mp4;C:\Users\esthe\Downloads\white line 14 1 _\Whit_1405_5_three(2).mp4;C:\Users\esthe\Downloads\white line 14 1 _\Whit_1405_6_one(2).mp4;C:\Users\esthe\Downloads\white line 14 1 _\Whit_1405_7_two(2).mp4;C:\Users\esthe\Downloads\white line 14 1 _\Whit_1405_8_onehalf(2).mp4;C:\Users\esthe\Downloads\white line 14 1 _\Whit_1405_9_five(2).mp4,0.0,6.365;3.661;7.299;10.332;7.866;6.166;16.964;6.932;4.266;7.799;4.766;27.063,30.000;30.000;30.000;30.000;30.000;30.000;30.000;30.000;30.000;30.000;30.000;30.000,Whiteline,assessing,,,STOP,37.054,C:\Users\esthe\Downloads\white line 14 1 _\Whit_1405_3_one (2).mp4,46,NA,
whit_1405(2),2025-06-27 14:55:43.116,,109.442,Media file(s),player #1:C:\Users\esthe\Downloads\white line 14 1 _\Whit_1405_10_one(2).mp4;C:\Users\esthe\Downloads\white line 14 1 _\Whit_1405_11_two(2).mp4;C:\Users\esthe\Downloads\white line 14 1 _\Whit_1405_12_three(2).mp4;C:\Users\esthe\Downloads\white line 14 1 _\Whit_1405_13_five(2).mp4;C:\Users\esthe\Downloads\white line 14 1 _\Whit_1405_2_five (2).mp4;C:\Users\esthe\Downloads\white line 14 1 _\Whit_1405_3_one (2).mp4;C:\Users\esthe\Downloads\white line 14 1 _\Whit_1405_4_control (2).mp4;C:\Users\esthe\Downloads\white line 14 1 _\Whit_1405_5_three(2).mp4;C:\Users\esthe\Downloads\white line 14 1 _\Whit_1405_6_one(2).mp4;C:\Users\esthe\Downloads\white line 14 1 _\Whit_1405_7_two(2).mp4;C:\Users\esthe\Downloads\white line 14 1 _\Whit_1405_8_onehalf(2).mp4;C:\Users\esthe\Downloads\white line 14 1 _\Whit_1405_9_five(2).mp4,0.0,6.365;3.661;7.299;10.332;7.866;6.166;16.964;6.932;4.266;7.799;4.766;27.063,30.000;30.000;30.000;30.000;30.000;30.000;30.000;30.000;30.000;30.000;30.000;30.000,Whiteline,jaw movement,,,POINT,37.121,C:\Users\esthe\Downloads\white line 14 1 _\Whit_1405_3_one (2).mp4,48,NA,
whit_1405(2),2025-06-27 14:55:43.116,,109.442,Media file(s),player #1:C:\Users\esthe\Downloads\white line 14 1 _\Whit_1405_10_one(2).mp4;C:\Users\esthe\Downloads\white line 14 1 _\Whit_1405_11_two(2).mp4;C:\Users\esthe\Downloads\white line 14 1 _\Whit_1405_12_three(2).mp4;C:\Users\esthe\Downloads\white line 14 1 _\Whit_1405_13_five(2).mp4;C:\Users\esthe\Downloads\white line 14 1 _\Whit_1405_2_five (2).mp4;C:\Users\esthe\Downloads\white line 14 1 _\Whit_1405_3_one (2).mp4;C:\Users\esthe\Downloads\white line 14 1 _\Whit_1405_4_control (2).mp4;C:\Users\esthe\Downloads\white line 14 1 _\Whit_1405_5_three(2).mp4;C:\Users\esthe\Downloads\white line 14 1 _\Whit_1405_6_one(2).mp4;C:\Users\esthe\Downloads\white line 14 1 _\Whit_1405_7_two(2).mp4;C:\Users\esthe\Downloads\white line 14 1 _\Whit_1405_8_onehalf(2).mp4;C:\Users\esthe\Downloads\white line 14 1 _\Whit_1405_9_five(2).mp4,0.0,6.365;3.661;7.299;10.332;7.866;6.166;16.964;6.932;4.266;7.799;4.766;27.063,30.000;30.000;30.000;30.000;30.000;30.000;30.000;30.000;30.000;30.000;30.000;30.000,Whiteline,peeling,,,START,37.121,C:\Users\esthe\Downloads\white line 14 1 _\Whit_1405_3_one (2).mp4,48,NA,
whit_1405(2),2025-06-27 14:55:43.116,,109.442,Media file(s),player #1:C:\Users\esthe\Downloads\white line 14 1 _\Whit_1405_10_one(2).mp4;C:\Users\esthe\Downloads\white line 14 1 _\Whit_1405_11_two(2).mp4;C:\Users\esthe\Downloads\white line 14 1 _\Whit_1405_12_three(2).mp4;C:\Users\esthe\Downloads\white line 14 1 _\Whit_1405_13_five(2).mp4;C:\Users\esthe\Downloads\white line 14 1 _\Whit_1405_2_five (2).mp4;C:\Users\esthe\Downloads\white line 14 1 _\Whit_1405_3_one (2).mp4;C:\Users\esthe\Downloads\white line 14 1 _\Whit_1405_4_control (2).mp4;C:\Users\esthe\Downloads\white line 14 1 _\Whit_1405_5_three(2).mp4;C:\Users\esthe\Downloads\white line 14 1 _\Whit_1405_6_one(2).mp4;C:\Users\esthe\Downloads\white line 14 1 _\Whit_1405_7_two(2).mp4;C:\Users\esthe\Downloads\white line 14 1 _\Whit_1405_8_onehalf(2).mp4;C:\Users\esthe\Downloads\white line 14 1 _\Whit_1405_9_five(2).mp4,0.0,6.365;3.661;7.299;10.332;7.866;6.166;16.964;6.932;4.266;7.799;4.766;27.063,30.000;30.000;30.000;30.000;30.000;30.000;30.000;30.000;30.000;30.000;30.000;30.000,Whiteline,jaw movement,,,POINT,37.387,C:\Users\esthe\Downloads\white line 14 1 _\Whit_1405_3_one (2).mp4,56,NA,
whit_1405(2),2025-06-27 14:55:43.116,,109.442,Media file(s),player #1:C:\Users\esthe\Downloads\white line 14 1 _\Whit_1405_10_one(2).mp4;C:\Users\esthe\Downloads\white line 14 1 _\Whit_1405_11_two(2).mp4;C:\Users\esthe\Downloads\white line 14 1 _\Whit_1405_12_three(2).mp4;C:\Users\esthe\Downloads\white line 14 1 _\Whit_1405_13_five(2).mp4;C:\Users\esthe\Downloads\white line 14 1 _\Whit_1405_2_five (2).mp4;C:\Users\esthe\Downloads\white line 14 1 _\Whit_1405_3_one (2).mp4;C:\Users\esthe\Downloads\white line 14 1 _\Whit_1405_4_control (2).mp4;C:\Users\esthe\Downloads\white line 14 1 _\Whit_1405_5_three(2).mp4;C:\Users\esthe\Downloads\white line 14 1 _\Whit_1405_6_one(2).mp4;C:\Users\esthe\Downloads\white line 14 1 _\Whit_1405_7_two(2).mp4;C:\Users\esthe\Downloads\white line 14 1 _\Whit_1405_8_onehalf(2).mp4;C:\Users\esthe\Downloads\white line 14 1 _\Whit_1405_9_five(2).mp4,0.0,6.365;3.661;7.299;10.332;7.866;6.166;16.964;6.932;4.266;7.799;4.766;27.063,30.000;30.000;30.000;30.000;30.000;30.000;30.000;30.000;30.000;30.000;30.000;30.000,Whiteline,jaw movement,,,POINT,37.587,C:\Users\esthe\Downloads\white line 14 1 _\Whit_1405_3_one (2).mp4,62,NA,
whit_1405(2),2025-06-27 14:55:43.116,,109.442,Media file(s),player #1:C:\Users\esthe\Downloads\white line 14 1 _\Whit_1405_10_one(2).mp4;C:\Users\esthe\Downloads\white line 14 1 _\Whit_1405_11_two(2).mp4;C:\Users\esthe\Downloads\white line 14 1 _\Whit_1405_12_three(2).mp4;C:\Users\esthe\Downloads\white line 14 1 _\Whit_1405_13_five(2).mp4;C:\Users\esthe\Downloads\white line 14 1 _\Whit_1405_2_five (2).mp4;C:\Users\esthe\Downloads\white line 14 1 _\Whit_1405_3_one (2).mp4;C:\Users\esthe\Downloads\white line 14 1 _\Whit_1405_4_control (2).mp4;C:\Users\esthe\Downloads\white line 14 1 _\Whit_1405_5_three(2).mp4;C:\Users\esthe\Downloads\white line 14 1 _\Whit_1405_6_one(2).mp4;C:\Users\esthe\Downloads\white line 14 1 _\Whit_1405_7_two(2).mp4;C:\Users\esthe\Downloads\white line 14 1 _\Whit_1405_8_onehalf(2).mp4;C:\Users\esthe\Downloads\white line 14 1 _\Whit_1405_9_five(2).mp4,0.0,6.365;3.661;7.299;10.332;7.866;6.166;16.964;6.932;4.266;7.799;4.766;27.063,30.000;30.000;30.000;30.000;30.000;30.000;30.000;30.000;30.000;30.000;30.000;30.000,Whiteline,jaw movement,,,POINT,37.921,C:\Users\esthe\Downloads\white line 14 1 _\Whit_1405_3_one (2).mp4,72,NA,
whit_1405(2),2025-06-27 14:55:43.116,,109.442,Media file(s),player #1:C:\Users\esthe\Downloads\white line 14 1 _\Whit_1405_10_one(2).mp4;C:\Users\esthe\Downloads\white line 14 1 _\Whit_1405_11_two(2).mp4;C:\Users\esthe\Downloads\white line 14 1 _\Whit_1405_12_three(2).mp4;C:\Users\esthe\Downloads\white line 14 1 _\Whit_1405_13_five(2).mp4;C:\Users\esthe\Downloads\white line 14 1 _\Whit_1405_2_five (2).mp4;C:\Users\esthe\Downloads\white line 14 1 _\Whit_1405_3_one (2).mp4;C:\Users\esthe\Downloads\white line 14 1 _\Whit_1405_4_control (2).mp4;C:\Users\esthe\Downloads\white line 14 1 _\Whit_1405_5_three(2).mp4;C:\Users\esthe\Downloads\white line 14 1 _\Whit_1405_6_one(2).mp4;C:\Users\esthe\Downloads\white line 14 1 _\Whit_1405_7_two(2).mp4;C:\Users\esthe\Downloads\white line 14 1 _\Whit_1405_8_onehalf(2).mp4;C:\Users\esthe\Downloads\white line 14 1 _\Whit_1405_9_five(2).mp4,0.0,6.365;3.661;7.299;10.332;7.866;6.166;16.964;6.932;4.266;7.799;4.766;27.063,30.000;30.000;30.000;30.000;30.000;30.000;30.000;30.000;30.000;30.000;30.000;30.000,Whiteline,jaw movement,,,POINT,38.221,C:\Users\esthe\Downloads\white line 14 1 _\Whit_1405_3_one (2).mp4,81,NA,
whit_1405(2),2025-06-27 14:55:43.116,,109.442,Media file(s),player #1:C:\Users\esthe\Downloads\white line 14 1 _\Whit_1405_10_one(2).mp4;C:\Users\esthe\Downloads\white line 14 1 _\Whit_1405_11_two(2).mp4;C:\Users\esthe\Downloads\white line 14 1 _\Whit_1405_12_three(2).mp4;C:\Users\esthe\Downloads\white line 14 1 _\Whit_1405_13_five(2).mp4;C:\Users\esthe\Downloads\white line 14 1 _\Whit_1405_2_five (2).mp4;C:\Users\esthe\Downloads\white line 14 1 _\Whit_1405_3_one (2).mp4;C:\Users\esthe\Downloads\white line 14 1 _\Whit_1405_4_control (2).mp4;C:\Users\esthe\Downloads\white line 14 1 _\Whit_1405_5_three(2).mp4;C:\Users\esthe\Downloads\white line 14 1 _\Whit_1405_6_one(2).mp4;C:\Users\esthe\Downloads\white line 14 1 _\Whit_1405_7_two(2).mp4;C:\Users\esthe\Downloads\white line 14 1 _\Whit_1405_8_onehalf(2).mp4;C:\Users\esthe\Downloads\white line 14 1 _\Whit_1405_9_five(2).mp4,0.0,6.365;3.661;7.299;10.332;7.866;6.166;16.964;6.932;4.266;7.799;4.766;27.063,30.000;30.000;30.000;30.000;30.000;30.000;30.000;30.000;30.000;30.000;30.000;30.000,Whiteline,jaw movement,,,POINT,38.454,C:\Users\esthe\Downloads\white line 14 1 _\Whit_1405_3_one (2).mp4,88,NA,
whit_1405(2),2025-06-27 14:55:43.116,,109.442,Media file(s),player #1:C:\Users\esthe\Downloads\white line 14 1 _\Whit_1405_10_one(2).mp4;C:\Users\esthe\Downloads\white line 14 1 _\Whit_1405_11_two(2).mp4;C:\Users\esthe\Downloads\white line 14 1 _\Whit_1405_12_three(2).mp4;C:\Users\esthe\Downloads\white line 14 1 _\Whit_1405_13_five(2).mp4;C:\Users\esthe\Downloads\white line 14 1 _\Whit_1405_2_five (2).mp4;C:\Users\esthe\Downloads\white line 14 1 _\Whit_1405_3_one (2).mp4;C:\Users\esthe\Downloads\white line 14 1 _\Whit_1405_4_control (2).mp4;C:\Users\esthe\Downloads\white line 14 1 _\Whit_1405_5_three(2).mp4;C:\Users\esthe\Downloads\white line 14 1 _\Whit_1405_6_one(2).mp4;C:\Users\esthe\Downloads\white line 14 1 _\Whit_1405_7_two(2).mp4;C:\Users\esthe\Downloads\white line 14 1 _\Whit_1405_8_onehalf(2).mp4;C:\Users\esthe\Downloads\white line 14 1 _\Whit_1405_9_five(2).mp4,0.0,6.365;3.661;7.299;10.332;7.866;6.166;16.964;6.932;4.266;7.799;4.766;27.063,30.000;30.000;30.000;30.000;30.000;30.000;30.000;30.000;30.000;30.000;30.000;30.000,Whiteline,jaw movement,,,POINT,38.687,C:\Users\esthe\Downloads\white line 14 1 _\Whit_1405_3_one (2).mp4,95,NA,
whit_1405(2),2025-06-27 14:55:43.116,,109.442,Media file(s),player #1:C:\Users\esthe\Downloads\white line 14 1 _\Whit_1405_10_one(2).mp4;C:\Users\esthe\Downloads\white line 14 1 _\Whit_1405_11_two(2).mp4;C:\Users\esthe\Downloads\white line 14 1 _\Whit_1405_12_three(2).mp4;C:\Users\esthe\Downloads\white line 14 1 _\Whit_1405_13_five(2).mp4;C:\Users\esthe\Downloads\white line 14 1 _\Whit_1405_2_five (2).mp4;C:\Users\esthe\Downloads\white line 14 1 _\Whit_1405_3_one (2).mp4;C:\Users\esthe\Downloads\white line 14 1 _\Whit_1405_4_control (2).mp4;C:\Users\esthe\Downloads\white line 14 1 _\Whit_1405_5_three(2).mp4;C:\Users\esthe\Downloads\white line 14 1 _\Whit_1405_6_one(2).mp4;C:\Users\esthe\Downloads\white line 14 1 _\Whit_1405_7_two(2).mp4;C:\Users\esthe\Downloads\white line 14 1 _\Whit_1405_8_onehalf(2).mp4;C:\Users\esthe\Downloads\white line 14 1 _\Whit_1405_9_five(2).mp4,0.0,6.365;3.661;7.299;10.332;7.866;6.166;16.964;6.932;4.266;7.799;4.766;27.063,30.000;30.000;30.000;30.000;30.000;30.000;30.000;30.000;30.000;30.000;30.000;30.000,Whiteline,jaw movement,,,POINT,38.887,C:\Users\esthe\Downloads\white line 14 1 _\Whit_1405_3_one (2).mp4,101,NA,
whit_1405(2),2025-06-27 14:55:43.116,,109.442,Media file(s),player #1:C:\Users\esthe\Downloads\white line 14 1 _\Whit_1405_10_one(2).mp4;C:\Users\esthe\Downloads\white line 14 1 _\Whit_1405_11_two(2).mp4;C:\Users\esthe\Downloads\white line 14 1 _\Whit_1405_12_three(2).mp4;C:\Users\esthe\Downloads\white line 14 1 _\Whit_1405_13_five(2).mp4;C:\Users\esthe\Downloads\white line 14 1 _\Whit_1405_2_five (2).mp4;C:\Users\esthe\Downloads\white line 14 1 _\Whit_1405_3_one (2).mp4;C:\Users\esthe\Downloads\white line 14 1 _\Whit_1405_4_control (2).mp4;C:\Users\esthe\Downloads\white line 14 1 _\Whit_1405_5_three(2).mp4;C:\Users\esthe\Downloads\white line 14 1 _\Whit_1405_6_one(2).mp4;C:\Users\esthe\Downloads\white line 14 1 _\Whit_1405_7_two(2).mp4;C:\Users\esthe\Downloads\white line 14 1 _\Whit_1405_8_onehalf(2).mp4;C:\Users\esthe\Downloads\white line 14 1 _\Whit_1405_9_five(2).mp4,0.0,6.365;3.661;7.299;10.332;7.866;6.166;16.964;6.932;4.266;7.799;4.766;27.063,30.000;30.000;30.000;30.000;30.000;30.000;30.000;30.000;30.000;30.000;30.000;30.000,Whiteline,jaw movement,,,POINT,39.087,C:\Users\esthe\Downloads\white line 14 1 _\Whit_1405_3_one (2).mp4,107,NA,
whit_1405(2),2025-06-27 14:55:43.116,,109.442,Media file(s),player #1:C:\Users\esthe\Downloads\white line 14 1 _\Whit_1405_10_one(2).mp4;C:\Users\esthe\Downloads\white line 14 1 _\Whit_1405_11_two(2).mp4;C:\Users\esthe\Downloads\white line 14 1 _\Whit_1405_12_three(2).mp4;C:\Users\esthe\Downloads\white line 14 1 _\Whit_1405_13_five(2).mp4;C:\Users\esthe\Downloads\white line 14 1 _\Whit_1405_2_five (2).mp4;C:\Users\esthe\Downloads\white line 14 1 _\Whit_1405_3_one (2).mp4;C:\Users\esthe\Downloads\white line 14 1 _\Whit_1405_4_control (2).mp4;C:\Users\esthe\Downloads\white line 14 1 _\Whit_1405_5_three(2).mp4;C:\Users\esthe\Downloads\white line 14 1 _\Whit_1405_6_one(2).mp4;C:\Users\esthe\Downloads\white line 14 1 _\Whit_1405_7_two(2).mp4;C:\Users\esthe\Downloads\white line 14 1 _\Whit_1405_8_onehalf(2).mp4;C:\Users\esthe\Downloads\white line 14 1 _\Whit_1405_9_five(2).mp4,0.0,6.365;3.661;7.299;10.332;7.866;6.166;16.964;6.932;4.266;7.799;4.766;27.063,30.000;30.000;30.000;30.000;30.000;30.000;30.000;30.000;30.000;30.000;30.000;30.000,Whiteline,jaw movement,,,POINT,39.320,C:\Users\esthe\Downloads\white line 14 1 _\Whit_1405_3_one (2).mp4,114,NA,
whit_1405(2),2025-06-27 14:55:43.116,,109.442,Media file(s),player #1:C:\Users\esthe\Downloads\white line 14 1 _\Whit_1405_10_one(2).mp4;C:\Users\esthe\Downloads\white line 14 1 _\Whit_1405_11_two(2).mp4;C:\Users\esthe\Downloads\white line 14 1 _\Whit_1405_12_three(2).mp4;C:\Users\esthe\Downloads\white line 14 1 _\Whit_1405_13_five(2).mp4;C:\Users\esthe\Downloads\white line 14 1 _\Whit_1405_2_five (2).mp4;C:\Users\esthe\Downloads\white line 14 1 _\Whit_1405_3_one (2).mp4;C:\Users\esthe\Downloads\white line 14 1 _\Whit_1405_4_control (2).mp4;C:\Users\esthe\Downloads\white line 14 1 _\Whit_1405_5_three(2).mp4;C:\Users\esthe\Downloads\white line 14 1 _\Whit_1405_6_one(2).mp4;C:\Users\esthe\Downloads\white line 14 1 _\Whit_1405_7_two(2).mp4;C:\Users\esthe\Downloads\white line 14 1 _\Whit_1405_8_onehalf(2).mp4;C:\Users\esthe\Downloads\white line 14 1 _\Whit_1405_9_five(2).mp4,0.0,6.365;3.661;7.299;10.332;7.866;6.166;16.964;6.932;4.266;7.799;4.766;27.063,30.000;30.000;30.000;30.000;30.000;30.000;30.000;30.000;30.000;30.000;30.000;30.000,Whiteline,jaw movement,,,POINT,39.520,C:\Users\esthe\Downloads\white line 14 1 _\Whit_1405_3_one (2).mp4,120,NA,
whit_1405(2),2025-06-27 14:55:43.116,,109.442,Media file(s),player #1:C:\Users\esthe\Downloads\white line 14 1 _\Whit_1405_10_one(2).mp4;C:\Users\esthe\Downloads\white line 14 1 _\Whit_1405_11_two(2).mp4;C:\Users\esthe\Downloads\white line 14 1 _\Whit_1405_12_three(2).mp4;C:\Users\esthe\Downloads\white line 14 1 _\Whit_1405_13_five(2).mp4;C:\Users\esthe\Downloads\white line 14 1 _\Whit_1405_2_five (2).mp4;C:\Users\esthe\Downloads\white line 14 1 _\Whit_1405_3_one (2).mp4;C:\Users\esthe\Downloads\white line 14 1 _\Whit_1405_4_control (2).mp4;C:\Users\esthe\Downloads\white line 14 1 _\Whit_1405_5_three(2).mp4;C:\Users\esthe\Downloads\white line 14 1 _\Whit_1405_6_one(2).mp4;C:\Users\esthe\Downloads\white line 14 1 _\Whit_1405_7_two(2).mp4;C:\Users\esthe\Downloads\white line 14 1 _\Whit_1405_8_onehalf(2).mp4;C:\Users\esthe\Downloads\white line 14 1 _\Whit_1405_9_five(2).mp4,0.0,6.365;3.661;7.299;10.332;7.866;6.166;16.964;6.932;4.266;7.799;4.766;27.063,30.000;30.000;30.000;30.000;30.000;30.000;30.000;30.000;30.000;30.000;30.000;30.000,Whiteline,jaw movement,,,POINT,39.720,C:\Users\esthe\Downloads\white line 14 1 _\Whit_1405_3_one (2).mp4,126,NA,
whit_1405(2),2025-06-27 14:55:43.116,,109.442,Media file(s),player #1:C:\Users\esthe\Downloads\white line 14 1 _\Whit_1405_10_one(2).mp4;C:\Users\esthe\Downloads\white line 14 1 _\Whit_1405_11_two(2).mp4;C:\Users\esthe\Downloads\white line 14 1 _\Whit_1405_12_three(2).mp4;C:\Users\esthe\Downloads\white line 14 1 _\Whit_1405_13_five(2).mp4;C:\Users\esthe\Downloads\white line 14 1 _\Whit_1405_2_five (2).mp4;C:\Users\esthe\Downloads\white line 14 1 _\Whit_1405_3_one (2).mp4;C:\Users\esthe\Downloads\white line 14 1 _\Whit_1405_4_control (2).mp4;C:\Users\esthe\Downloads\white line 14 1 _\Whit_1405_5_three(2).mp4;C:\Users\esthe\Downloads\white line 14 1 _\Whit_1405_6_one(2).mp4;C:\Users\esthe\Downloads\white line 14 1 _\Whit_1405_7_two(2).mp4;C:\Users\esthe\Downloads\white line 14 1 _\Whit_1405_8_onehalf(2).mp4;C:\Users\esthe\Downloads\white line 14 1 _\Whit_1405_9_five(2).mp4,0.0,6.365;3.661;7.299;10.332;7.866;6.166;16.964;6.932;4.266;7.799;4.766;27.063,30.000;30.000;30.000;30.000;30.000;30.000;30.000;30.000;30.000;30.000;30.000;30.000,Whiteline,jaw movement,,,POINT,40.020,C:\Users\esthe\Downloads\white line 14 1 _\Whit_1405_3_one (2).mp4,135,NA,
whit_1405(2),2025-06-27 14:55:43.116,,109.442,Media file(s),player #1:C:\Users\esthe\Downloads\white line 14 1 _\Whit_1405_10_one(2).mp4;C:\Users\esthe\Downloads\white line 14 1 _\Whit_1405_11_two(2).mp4;C:\Users\esthe\Downloads\white line 14 1 _\Whit_1405_12_three(2).mp4;C:\Users\esthe\Downloads\white line 14 1 _\Whit_1405_13_five(2).mp4;C:\Users\esthe\Downloads\white line 14 1 _\Whit_1405_2_five (2).mp4;C:\Users\esthe\Downloads\white line 14 1 _\Whit_1405_3_one (2).mp4;C:\Users\esthe\Downloads\white line 14 1 _\Whit_1405_4_control (2).mp4;C:\Users\esthe\Downloads\white line 14 1 _\Whit_1405_5_three(2).mp4;C:\Users\esthe\Downloads\white line 14 1 _\Whit_1405_6_one(2).mp4;C:\Users\esthe\Downloads\white line 14 1 _\Whit_1405_7_two(2).mp4;C:\Users\esthe\Downloads\white line 14 1 _\Whit_1405_8_onehalf(2).mp4;C:\Users\esthe\Downloads\white line 14 1 _\Whit_1405_9_five(2).mp4,0.0,6.365;3.661;7.299;10.332;7.866;6.166;16.964;6.932;4.266;7.799;4.766;27.063,30.000;30.000;30.000;30.000;30.000;30.000;30.000;30.000;30.000;30.000;30.000;30.000,Whiteline,jaw movement,,,POINT,40.187,C:\Users\esthe\Downloads\white line 14 1 _\Whit_1405_3_one (2).mp4,140,NA,
whit_1405(2),2025-06-27 14:55:43.116,,109.442,Media file(s),player #1:C:\Users\esthe\Downloads\white line 14 1 _\Whit_1405_10_one(2).mp4;C:\Users\esthe\Downloads\white line 14 1 _\Whit_1405_11_two(2).mp4;C:\Users\esthe\Downloads\white line 14 1 _\Whit_1405_12_three(2).mp4;C:\Users\esthe\Downloads\white line 14 1 _\Whit_1405_13_five(2).mp4;C:\Users\esthe\Downloads\white line 14 1 _\Whit_1405_2_five (2).mp4;C:\Users\esthe\Downloads\white line 14 1 _\Whit_1405_3_one (2).mp4;C:\Users\esthe\Downloads\white line 14 1 _\Whit_1405_4_control (2).mp4;C:\Users\esthe\Downloads\white line 14 1 _\Whit_1405_5_three(2).mp4;C:\Users\esthe\Downloads\white line 14 1 _\Whit_1405_6_one(2).mp4;C:\Users\esthe\Downloads\white line 14 1 _\Whit_1405_7_two(2).mp4;C:\Users\esthe\Downloads\white line 14 1 _\Whit_1405_8_onehalf(2).mp4;C:\Users\esthe\Downloads\white line 14 1 _\Whit_1405_9_five(2).mp4,0.0,6.365;3.661;7.299;10.332;7.866;6.166;16.964;6.932;4.266;7.799;4.766;27.063,30.000;30.000;30.000;30.000;30.000;30.000;30.000;30.000;30.000;30.000;30.000;30.000,Whiteline,jaw movement,,,POINT,40.420,C:\Users\esthe\Downloads\white line 14 1 _\Whit_1405_3_one (2).mp4,147,NA,
whit_1405(2),2025-06-27 14:55:43.116,,109.442,Media file(s),player #1:C:\Users\esthe\Downloads\white line 14 1 _\Whit_1405_10_one(2).mp4;C:\Users\esthe\Downloads\white line 14 1 _\Whit_1405_11_two(2).mp4;C:\Users\esthe\Downloads\white line 14 1 _\Whit_1405_12_three(2).mp4;C:\Users\esthe\Downloads\white line 14 1 _\Whit_1405_13_five(2).mp4;C:\Users\esthe\Downloads\white line 14 1 _\Whit_1405_2_five (2).mp4;C:\Users\esthe\Downloads\white line 14 1 _\Whit_1405_3_one (2).mp4;C:\Users\esthe\Downloads\white line 14 1 _\Whit_1405_4_control (2).mp4;C:\Users\esthe\Downloads\white line 14 1 _\Whit_1405_5_three(2).mp4;C:\Users\esthe\Downloads\white line 14 1 _\Whit_1405_6_one(2).mp4;C:\Users\esthe\Downloads\white line 14 1 _\Whit_1405_7_two(2).mp4;C:\Users\esthe\Downloads\white line 14 1 _\Whit_1405_8_onehalf(2).mp4;C:\Users\esthe\Downloads\white line 14 1 _\Whit_1405_9_five(2).mp4,0.0,6.365;3.661;7.299;10.332;7.866;6.166;16.964;6.932;4.266;7.799;4.766;27.063,30.000;30.000;30.000;30.000;30.000;30.000;30.000;30.000;30.000;30.000;30.000;30.000,Whiteline,jaw movement,,,POINT,40.787,C:\Users\esthe\Downloads\white line 14 1 _\Whit_1405_3_one (2).mp4,158,NA,
whit_1405(2),2025-06-27 14:55:43.116,,109.442,Media file(s),player #1:C:\Users\esthe\Downloads\white line 14 1 _\Whit_1405_10_one(2).mp4;C:\Users\esthe\Downloads\white line 14 1 _\Whit_1405_11_two(2).mp4;C:\Users\esthe\Downloads\white line 14 1 _\Whit_1405_12_three(2).mp4;C:\Users\esthe\Downloads\white line 14 1 _\Whit_1405_13_five(2).mp4;C:\Users\esthe\Downloads\white line 14 1 _\Whit_1405_2_five (2).mp4;C:\Users\esthe\Downloads\white line 14 1 _\Whit_1405_3_one (2).mp4;C:\Users\esthe\Downloads\white line 14 1 _\Whit_1405_4_control (2).mp4;C:\Users\esthe\Downloads\white line 14 1 _\Whit_1405_5_three(2).mp4;C:\Users\esthe\Downloads\white line 14 1 _\Whit_1405_6_one(2).mp4;C:\Users\esthe\Downloads\white line 14 1 _\Whit_1405_7_two(2).mp4;C:\Users\esthe\Downloads\white line 14 1 _\Whit_1405_8_onehalf(2).mp4;C:\Users\esthe\Downloads\white line 14 1 _\Whit_1405_9_five(2).mp4,0.0,6.365;3.661;7.299;10.332;7.866;6.166;16.964;6.932;4.266;7.799;4.766;27.063,30.000;30.000;30.000;30.000;30.000;30.000;30.000;30.000;30.000;30.000;30.000;30.000,Whiteline,peeling,,,STOP,41.420,C:\Users\esthe\Downloads\white line 14 1 _\Whit_1405_3_one (2).mp4,177,NA,
whit_1405(2),2025-06-27 14:55:43.116,,109.442,Media file(s),player #1:C:\Users\esthe\Downloads\white line 14 1 _\Whit_1405_10_one(2).mp4;C:\Users\esthe\Downloads\white line 14 1 _\Whit_1405_11_two(2).mp4;C:\Users\esthe\Downloads\white line 14 1 _\Whit_1405_12_three(2).mp4;C:\Users\esthe\Downloads\white line 14 1 _\Whit_1405_13_five(2).mp4;C:\Users\esthe\Downloads\white line 14 1 _\Whit_1405_2_five (2).mp4;C:\Users\esthe\Downloads\white line 14 1 _\Whit_1405_3_one (2).mp4;C:\Users\esthe\Downloads\white line 14 1 _\Whit_1405_4_control (2).mp4;C:\Users\esthe\Downloads\white line 14 1 _\Whit_1405_5_three(2).mp4;C:\Users\esthe\Downloads\white line 14 1 _\Whit_1405_6_one(2).mp4;C:\Users\esthe\Downloads\white line 14 1 _\Whit_1405_7_two(2).mp4;C:\Users\esthe\Downloads\white line 14 1 _\Whit_1405_8_onehalf(2).mp4;C:\Users\esthe\Downloads\white line 14 1 _\Whit_1405_9_five(2).mp4,0.0,6.365;3.661;7.299;10.332;7.866;6.166;16.964;6.932;4.266;7.799;4.766;27.063,30.000;30.000;30.000;30.000;30.000;30.000;30.000;30.000;30.000;30.000;30.000;30.000,Whiteline,eating,,,START,41.487,C:\Users\esthe\Downloads\white line 14 1 _\Whit_1405_3_one (2).mp4,179,NA,
whit_1405(2),2025-06-27 14:55:43.116,,109.442,Media file(s),player #1:C:\Users\esthe\Downloads\white line 14 1 _\Whit_1405_10_one(2).mp4;C:\Users\esthe\Downloads\white line 14 1 _\Whit_1405_11_two(2).mp4;C:\Users\esthe\Downloads\white line 14 1 _\Whit_1405_12_three(2).mp4;C:\Users\esthe\Downloads\white line 14 1 _\Whit_1405_13_five(2).mp4;C:\Users\esthe\Downloads\white line 14 1 _\Whit_1405_2_five (2).mp4;C:\Users\esthe\Downloads\white line 14 1 _\Whit_1405_3_one (2).mp4;C:\Users\esthe\Downloads\white line 14 1 _\Whit_1405_4_control (2).mp4;C:\Users\esthe\Downloads\white line 14 1 _\Whit_1405_5_three(2).mp4;C:\Users\esthe\Downloads\white line 14 1 _\Whit_1405_6_one(2).mp4;C:\Users\esthe\Downloads\white line 14 1 _\Whit_1405_7_two(2).mp4;C:\Users\esthe\Downloads\white line 14 1 _\Whit_1405_8_onehalf(2).mp4;C:\Users\esthe\Downloads\white line 14 1 _\Whit_1405_9_five(2).mp4,0.0,6.365;3.661;7.299;10.332;7.866;6.166;16.964;6.932;4.266;7.799;4.766;27.063,30.000;30.000;30.000;30.000;30.000;30.000;30.000;30.000;30.000;30.000;30.000;30.000,Whiteline,eating,,,STOP,41.620,C:\Users\esthe\Downloads\white line 14 1 _\Whit_1405_3_one (2).mp4,183,NA,
whit_1405(2),2025-06-27 14:55:43.116,,109.442,Media file(s),player #1:C:\Users\esthe\Downloads\white line 14 1 _\Whit_1405_10_one(2).mp4;C:\Users\esthe\Downloads\white line 14 1 _\Whit_1405_11_two(2).mp4;C:\Users\esthe\Downloads\white line 14 1 _\Whit_1405_12_three(2).mp4;C:\Users\esthe\Downloads\white line 14 1 _\Whit_1405_13_five(2).mp4;C:\Users\esthe\Downloads\white line 14 1 _\Whit_1405_2_five (2).mp4;C:\Users\esthe\Downloads\white line 14 1 _\Whit_1405_3_one (2).mp4;C:\Users\esthe\Downloads\white line 14 1 _\Whit_1405_4_control (2).mp4;C:\Users\esthe\Downloads\white line 14 1 _\Whit_1405_5_three(2).mp4;C:\Users\esthe\Downloads\white line 14 1 _\Whit_1405_6_one(2).mp4;C:\Users\esthe\Downloads\white line 14 1 _\Whit_1405_7_two(2).mp4;C:\Users\esthe\Downloads\white line 14 1 _\Whit_1405_8_onehalf(2).mp4;C:\Users\esthe\Downloads\white line 14 1 _\Whit_1405_9_five(2).mp4,0.0,6.365;3.661;7.299;10.332;7.866;6.166;16.964;6.932;4.266;7.799;4.766;27.063,30.000;30.000;30.000;30.000;30.000;30.000;30.000;30.000;30.000;30.000;30.000;30.000,Whiteline,assessing,,,START,59.916,C:\Users\esthe\Downloads\white line 14 1 _\Whit_1405_5_three(2).mp4,38,NA,
whit_1405(2),2025-06-27 14:55:43.116,,109.442,Media file(s),player #1:C:\Users\esthe\Downloads\white line 14 1 _\Whit_1405_10_one(2).mp4;C:\Users\esthe\Downloads\white line 14 1 _\Whit_1405_11_two(2).mp4;C:\Users\esthe\Downloads\white line 14 1 _\Whit_1405_12_three(2).mp4;C:\Users\esthe\Downloads\white line 14 1 _\Whit_1405_13_five(2).mp4;C:\Users\esthe\Downloads\white line 14 1 _\Whit_1405_2_five (2).mp4;C:\Users\esthe\Downloads\white line 14 1 _\Whit_1405_3_one (2).mp4;C:\Users\esthe\Downloads\white line 14 1 _\Whit_1405_4_control (2).mp4;C:\Users\esthe\Downloads\white line 14 1 _\Whit_1405_5_three(2).mp4;C:\Users\esthe\Downloads\white line 14 1 _\Whit_1405_6_one(2).mp4;C:\Users\esthe\Downloads\white line 14 1 _\Whit_1405_7_two(2).mp4;C:\Users\esthe\Downloads\white line 14 1 _\Whit_1405_8_onehalf(2).mp4;C:\Users\esthe\Downloads\white line 14 1 _\Whit_1405_9_five(2).mp4,0.0,6.365;3.661;7.299;10.332;7.866;6.166;16.964;6.932;4.266;7.799;4.766;27.063,30.000;30.000;30.000;30.000;30.000;30.000;30.000;30.000;30.000;30.000;30.000;30.000,Whiteline,jaw movement,,,POINT,60.050,C:\Users\esthe\Downloads\white line 14 1 _\Whit_1405_5_three(2).mp4,42,NA,
whit_1405(2),2025-06-27 14:55:43.116,,109.442,Media file(s),player #1:C:\Users\esthe\Downloads\white line 14 1 _\Whit_1405_10_one(2).mp4;C:\Users\esthe\Downloads\white line 14 1 _\Whit_1405_11_two(2).mp4;C:\Users\esthe\Downloads\white line 14 1 _\Whit_1405_12_three(2).mp4;C:\Users\esthe\Downloads\white line 14 1 _\Whit_1405_13_five(2).mp4;C:\Users\esthe\Downloads\white line 14 1 _\Whit_1405_2_five (2).mp4;C:\Users\esthe\Downloads\white line 14 1 _\Whit_1405_3_one (2).mp4;C:\Users\esthe\Downloads\white line 14 1 _\Whit_1405_4_control (2).mp4;C:\Users\esthe\Downloads\white line 14 1 _\Whit_1405_5_three(2).mp4;C:\Users\esthe\Downloads\white line 14 1 _\Whit_1405_6_one(2).mp4;C:\Users\esthe\Downloads\white line 14 1 _\Whit_1405_7_two(2).mp4;C:\Users\esthe\Downloads\white line 14 1 _\Whit_1405_8_onehalf(2).mp4;C:\Users\esthe\Downloads\white line 14 1 _\Whit_1405_9_five(2).mp4,0.0,6.365;3.661;7.299;10.332;7.866;6.166;16.964;6.932;4.266;7.799;4.766;27.063,30.000;30.000;30.000;30.000;30.000;30.000;30.000;30.000;30.000;30.000;30.000;30.000,Whiteline,sniffing,,,POINT,60.250,C:\Users\esthe\Downloads\white line 14 1 _\Whit_1405_5_three(2).mp4,48,NA,
whit_1405(2),2025-06-27 14:55:43.116,,109.442,Media file(s),player #1:C:\Users\esthe\Downloads\white line 14 1 _\Whit_1405_10_one(2).mp4;C:\Users\esthe\Downloads\white line 14 1 _\Whit_1405_11_two(2).mp4;C:\Users\esthe\Downloads\white line 14 1 _\Whit_1405_12_three(2).mp4;C:\Users\esthe\Downloads\white line 14 1 _\Whit_1405_13_five(2).mp4;C:\Users\esthe\Downloads\white line 14 1 _\Whit_1405_2_five (2).mp4;C:\Users\esthe\Downloads\white line 14 1 _\Whit_1405_3_one (2).mp4;C:\Users\esthe\Downloads\white line 14 1 _\Whit_1405_4_control (2).mp4;C:\Users\esthe\Downloads\white line 14 1 _\Whit_1405_5_three(2).mp4;C:\Users\esthe\Downloads\white line 14 1 _\Whit_1405_6_one(2).mp4;C:\Users\esthe\Downloads\white line 14 1 _\Whit_1405_7_two(2).mp4;C:\Users\esthe\Downloads\white line 14 1 _\Whit_1405_8_onehalf(2).mp4;C:\Users\esthe\Downloads\white line 14 1 _\Whit_1405_9_five(2).mp4,0.0,6.365;3.661;7.299;10.332;7.866;6.166;16.964;6.932;4.266;7.799;4.766;27.063,30.000;30.000;30.000;30.000;30.000;30.000;30.000;30.000;30.000;30.000;30.000;30.000,Whiteline,licking,,,POINT,60.350,C:\Users\esthe\Downloads\white line 14 1 _\Whit_1405_5_three(2).mp4,51,NA,
whit_1405(2),2025-06-27 14:55:43.116,,109.442,Media file(s),player #1:C:\Users\esthe\Downloads\white line 14 1 _\Whit_1405_10_one(2).mp4;C:\Users\esthe\Downloads\white line 14 1 _\Whit_1405_11_two(2).mp4;C:\Users\esthe\Downloads\white line 14 1 _\Whit_1405_12_three(2).mp4;C:\Users\esthe\Downloads\white line 14 1 _\Whit_1405_13_five(2).mp4;C:\Users\esthe\Downloads\white line 14 1 _\Whit_1405_2_five (2).mp4;C:\Users\esthe\Downloads\white line 14 1 _\Whit_1405_3_one (2).mp4;C:\Users\esthe\Downloads\white line 14 1 _\Whit_1405_4_control (2).mp4;C:\Users\esthe\Downloads\white line 14 1 _\Whit_1405_5_three(2).mp4;C:\Users\esthe\Downloads\white line 14 1 _\Whit_1405_6_one(2).mp4;C:\Users\esthe\Downloads\white line 14 1 _\Whit_1405_7_two(2).mp4;C:\Users\esthe\Downloads\white line 14 1 _\Whit_1405_8_onehalf(2).mp4;C:\Users\esthe\Downloads\white line 14 1 _\Whit_1405_9_five(2).mp4,0.0,6.365;3.661;7.299;10.332;7.866;6.166;16.964;6.932;4.266;7.799;4.766;27.063,30.000;30.000;30.000;30.000;30.000;30.000;30.000;30.000;30.000;30.000;30.000;30.000,Whiteline,licking,,,POINT,60.616,C:\Users\esthe\Downloads\white line 14 1 _\Whit_1405_5_three(2).mp4,59,NA,
whit_1405(2),2025-06-27 14:55:43.116,,109.442,Media file(s),player #1:C:\Users\esthe\Downloads\white line 14 1 _\Whit_1405_10_one(2).mp4;C:\Users\esthe\Downloads\white line 14 1 _\Whit_1405_11_two(2).mp4;C:\Users\esthe\Downloads\white line 14 1 _\Whit_1405_12_three(2).mp4;C:\Users\esthe\Downloads\white line 14 1 _\Whit_1405_13_five(2).mp4;C:\Users\esthe\Downloads\white line 14 1 _\Whit_1405_2_five (2).mp4;C:\Users\esthe\Downloads\white line 14 1 _\Whit_1405_3_one (2).mp4;C:\Users\esthe\Downloads\white line 14 1 _\Whit_1405_4_control (2).mp4;C:\Users\esthe\Downloads\white line 14 1 _\Whit_1405_5_three(2).mp4;C:\Users\esthe\Downloads\white line 14 1 _\Whit_1405_6_one(2).mp4;C:\Users\esthe\Downloads\white line 14 1 _\Whit_1405_7_two(2).mp4;C:\Users\esthe\Downloads\white line 14 1 _\Whit_1405_8_onehalf(2).mp4;C:\Users\esthe\Downloads\white line 14 1 _\Whit_1405_9_five(2).mp4,0.0,6.365;3.661;7.299;10.332;7.866;6.166;16.964;6.932;4.266;7.799;4.766;27.063,30.000;30.000;30.000;30.000;30.000;30.000;30.000;30.000;30.000;30.000;30.000;30.000,Whiteline,jaw movement,,,POINT,60.750,C:\Users\esthe\Downloads\white line 14 1 _\Whit_1405_5_three(2).mp4,63,NA,
whit_1405(2),2025-06-27 14:55:43.116,,109.442,Media file(s),player #1:C:\Users\esthe\Downloads\white line 14 1 _\Whit_1405_10_one(2).mp4;C:\Users\esthe\Downloads\white line 14 1 _\Whit_1405_11_two(2).mp4;C:\Users\esthe\Downloads\white line 14 1 _\Whit_1405_12_three(2).mp4;C:\Users\esthe\Downloads\white line 14 1 _\Whit_1405_13_five(2).mp4;C:\Users\esthe\Downloads\white line 14 1 _\Whit_1405_2_five (2).mp4;C:\Users\esthe\Downloads\white line 14 1 _\Whit_1405_3_one (2).mp4;C:\Users\esthe\Downloads\white line 14 1 _\Whit_1405_4_control (2).mp4;C:\Users\esthe\Downloads\white line 14 1 _\Whit_1405_5_three(2).mp4;C:\Users\esthe\Downloads\white line 14 1 _\Whit_1405_6_one(2).mp4;C:\Users\esthe\Downloads\white line 14 1 _\Whit_1405_7_two(2).mp4;C:\Users\esthe\Downloads\white line 14 1 _\Whit_1405_8_onehalf(2).mp4;C:\Users\esthe\Downloads\white line 14 1 _\Whit_1405_9_five(2).mp4,0.0,6.365;3.661;7.299;10.332;7.866;6.166;16.964;6.932;4.266;7.799;4.766;27.063,30.000;30.000;30.000;30.000;30.000;30.000;30.000;30.000;30.000;30.000;30.000;30.000,Whiteline,rotation,,Vertical,START,60.750,C:\Users\esthe\Downloads\white line 14 1 _\Whit_1405_5_three(2).mp4,63,NA,
whit_1405(2),2025-06-27 14:55:43.116,,109.442,Media file(s),player #1:C:\Users\esthe\Downloads\white line 14 1 _\Whit_1405_10_one(2).mp4;C:\Users\esthe\Downloads\white line 14 1 _\Whit_1405_11_two(2).mp4;C:\Users\esthe\Downloads\white line 14 1 _\Whit_1405_12_three(2).mp4;C:\Users\esthe\Downloads\white line 14 1 _\Whit_1405_13_five(2).mp4;C:\Users\esthe\Downloads\white line 14 1 _\Whit_1405_2_five (2).mp4;C:\Users\esthe\Downloads\white line 14 1 _\Whit_1405_3_one (2).mp4;C:\Users\esthe\Downloads\white line 14 1 _\Whit_1405_4_control (2).mp4;C:\Users\esthe\Downloads\white line 14 1 _\Whit_1405_5_three(2).mp4;C:\Users\esthe\Downloads\white line 14 1 _\Whit_1405_6_one(2).mp4;C:\Users\esthe\Downloads\white line 14 1 _\Whit_1405_7_two(2).mp4;C:\Users\esthe\Downloads\white line 14 1 _\Whit_1405_8_onehalf(2).mp4;C:\Users\esthe\Downloads\white line 14 1 _\Whit_1405_9_five(2).mp4,0.0,6.365;3.661;7.299;10.332;7.866;6.166;16.964;6.932;4.266;7.799;4.766;27.063,30.000;30.000;30.000;30.000;30.000;30.000;30.000;30.000;30.000;30.000;30.000;30.000,Whiteline,jaw movement,,,POINT,60.950,C:\Users\esthe\Downloads\white line 14 1 _\Whit_1405_5_three(2).mp4,69,NA,
whit_1405(2),2025-06-27 14:55:43.116,,109.442,Media file(s),player #1:C:\Users\esthe\Downloads\white line 14 1 _\Whit_1405_10_one(2).mp4;C:\Users\esthe\Downloads\white line 14 1 _\Whit_1405_11_two(2).mp4;C:\Users\esthe\Downloads\white line 14 1 _\Whit_1405_12_three(2).mp4;C:\Users\esthe\Downloads\white line 14 1 _\Whit_1405_13_five(2).mp4;C:\Users\esthe\Downloads\white line 14 1 _\Whit_1405_2_five (2).mp4;C:\Users\esthe\Downloads\white line 14 1 _\Whit_1405_3_one (2).mp4;C:\Users\esthe\Downloads\white line 14 1 _\Whit_1405_4_control (2).mp4;C:\Users\esthe\Downloads\white line 14 1 _\Whit_1405_5_three(2).mp4;C:\Users\esthe\Downloads\white line 14 1 _\Whit_1405_6_one(2).mp4;C:\Users\esthe\Downloads\white line 14 1 _\Whit_1405_7_two(2).mp4;C:\Users\esthe\Downloads\white line 14 1 _\Whit_1405_8_onehalf(2).mp4;C:\Users\esthe\Downloads\white line 14 1 _\Whit_1405_9_five(2).mp4,0.0,6.365;3.661;7.299;10.332;7.866;6.166;16.964;6.932;4.266;7.799;4.766;27.063,30.000;30.000;30.000;30.000;30.000;30.000;30.000;30.000;30.000;30.000;30.000;30.000,Whiteline,rotation,,Vertical,STOP,60.950,C:\Users\esthe\Downloads\white line 14 1 _\Whit_1405_5_three(2).mp4,69,NA,
whit_1405(2),2025-06-27 14:55:43.116,,109.442,Media file(s),player #1:C:\Users\esthe\Downloads\white line 14 1 _\Whit_1405_10_one(2).mp4;C:\Users\esthe\Downloads\white line 14 1 _\Whit_1405_11_two(2).mp4;C:\Users\esthe\Downloads\white line 14 1 _\Whit_1405_12_three(2).mp4;C:\Users\esthe\Downloads\white line 14 1 _\Whit_1405_13_five(2).mp4;C:\Users\esthe\Downloads\white line 14 1 _\Whit_1405_2_five (2).mp4;C:\Users\esthe\Downloads\white line 14 1 _\Whit_1405_3_one (2).mp4;C:\Users\esthe\Downloads\white line 14 1 _\Whit_1405_4_control (2).mp4;C:\Users\esthe\Downloads\white line 14 1 _\Whit_1405_5_three(2).mp4;C:\Users\esthe\Downloads\white line 14 1 _\Whit_1405_6_one(2).mp4;C:\Users\esthe\Downloads\white line 14 1 _\Whit_1405_7_two(2).mp4;C:\Users\esthe\Downloads\white line 14 1 _\Whit_1405_8_onehalf(2).mp4;C:\Users\esthe\Downloads\white line 14 1 _\Whit_1405_9_five(2).mp4,0.0,6.365;3.661;7.299;10.332;7.866;6.166;16.964;6.932;4.266;7.799;4.766;27.063,30.000;30.000;30.000;30.000;30.000;30.000;30.000;30.000;30.000;30.000;30.000;30.000,Whiteline,licking,,,POINT,61.050,C:\Users\esthe\Downloads\white line 14 1 _\Whit_1405_5_three(2).mp4,72,NA,
whit_1405(2),2025-06-27 14:55:43.116,,109.442,Media file(s),player #1:C:\Users\esthe\Downloads\white line 14 1 _\Whit_1405_10_one(2).mp4;C:\Users\esthe\Downloads\white line 14 1 _\Whit_1405_11_two(2).mp4;C:\Users\esthe\Downloads\white line 14 1 _\Whit_1405_12_three(2).mp4;C:\Users\esthe\Downloads\white line 14 1 _\Whit_1405_13_five(2).mp4;C:\Users\esthe\Downloads\white line 14 1 _\Whit_1405_2_five (2).mp4;C:\Users\esthe\Downloads\white line 14 1 _\Whit_1405_3_one (2).mp4;C:\Users\esthe\Downloads\white line 14 1 _\Whit_1405_4_control (2).mp4;C:\Users\esthe\Downloads\white line 14 1 _\Whit_1405_5_three(2).mp4;C:\Users\esthe\Downloads\white line 14 1 _\Whit_1405_6_one(2).mp4;C:\Users\esthe\Downloads\white line 14 1 _\Whit_1405_7_two(2).mp4;C:\Users\esthe\Downloads\white line 14 1 _\Whit_1405_8_onehalf(2).mp4;C:\Users\esthe\Downloads\white line 14 1 _\Whit_1405_9_five(2).mp4,0.0,6.365;3.661;7.299;10.332;7.866;6.166;16.964;6.932;4.266;7.799;4.766;27.063,30.000;30.000;30.000;30.000;30.000;30.000;30.000;30.000;30.000;30.000;30.000;30.000,Whiteline,chewing,,,START,61.083,C:\Users\esthe\Downloads\white line 14 1 _\Whit_1405_5_three(2).mp4,73,NA,
whit_1405(2),2025-06-27 14:55:43.116,,109.442,Media file(s),player #1:C:\Users\esthe\Downloads\white line 14 1 _\Whit_1405_10_one(2).mp4;C:\Users\esthe\Downloads\white line 14 1 _\Whit_1405_11_two(2).mp4;C:\Users\esthe\Downloads\white line 14 1 _\Whit_1405_12_three(2).mp4;C:\Users\esthe\Downloads\white line 14 1 _\Whit_1405_13_five(2).mp4;C:\Users\esthe\Downloads\white line 14 1 _\Whit_1405_2_five (2).mp4;C:\Users\esthe\Downloads\white line 14 1 _\Whit_1405_3_one (2).mp4;C:\Users\esthe\Downloads\white line 14 1 _\Whit_1405_4_control (2).mp4;C:\Users\esthe\Downloads\white line 14 1 _\Whit_1405_5_three(2).mp4;C:\Users\esthe\Downloads\white line 14 1 _\Whit_1405_6_one(2).mp4;C:\Users\esthe\Downloads\white line 14 1 _\Whit_1405_7_two(2).mp4;C:\Users\esthe\Downloads\white line 14 1 _\Whit_1405_8_onehalf(2).mp4;C:\Users\esthe\Downloads\white line 14 1 _\Whit_1405_9_five(2).mp4,0.0,6.365;3.661;7.299;10.332;7.866;6.166;16.964;6.932;4.266;7.799;4.766;27.063,30.000;30.000;30.000;30.000;30.000;30.000;30.000;30.000;30.000;30.000;30.000;30.000,Whiteline,chewing,,,STOP,62.816,C:\Users\esthe\Downloads\white line 14 1 _\Whit_1405_5_three(2).mp4,125,NA,
whit_1405(2),2025-06-27 14:55:43.116,,109.442,Media file(s),player #1:C:\Users\esthe\Downloads\white line 14 1 _\Whit_1405_10_one(2).mp4;C:\Users\esthe\Downloads\white line 14 1 _\Whit_1405_11_two(2).mp4;C:\Users\esthe\Downloads\white line 14 1 _\Whit_1405_12_three(2).mp4;C:\Users\esthe\Downloads\white line 14 1 _\Whit_1405_13_five(2).mp4;C:\Users\esthe\Downloads\white line 14 1 _\Whit_1405_2_five (2).mp4;C:\Users\esthe\Downloads\white line 14 1 _\Whit_1405_3_one (2).mp4;C:\Users\esthe\Downloads\white line 14 1 _\Whit_1405_4_control (2).mp4;C:\Users\esthe\Downloads\white line 14 1 _\Whit_1405_5_three(2).mp4;C:\Users\esthe\Downloads\white line 14 1 _\Whit_1405_6_one(2).mp4;C:\Users\esthe\Downloads\white line 14 1 _\Whit_1405_7_two(2).mp4;C:\Users\esthe\Downloads\white line 14 1 _\Whit_1405_8_onehalf(2).mp4;C:\Users\esthe\Downloads\white line 14 1 _\Whit_1405_9_five(2).mp4,0.0,6.365;3.661;7.299;10.332;7.866;6.166;16.964;6.932;4.266;7.799;4.766;27.063,30.000;30.000;30.000;30.000;30.000;30.000;30.000;30.000;30.000;30.000;30.000;30.000,Whiteline,translational movement,,,POINT,62.816,C:\Users\esthe\Downloads\white line 14 1 _\Whit_1405_5_three(2).mp4,125,NA,
whit_1405(2),2025-06-27 14:55:43.116,,109.442,Media file(s),player #1:C:\Users\esthe\Downloads\white line 14 1 _\Whit_1405_10_one(2).mp4;C:\Users\esthe\Downloads\white line 14 1 _\Whit_1405_11_two(2).mp4;C:\Users\esthe\Downloads\white line 14 1 _\Whit_1405_12_three(2).mp4;C:\Users\esthe\Downloads\white line 14 1 _\Whit_1405_13_five(2).mp4;C:\Users\esthe\Downloads\white line 14 1 _\Whit_1405_2_five (2).mp4;C:\Users\esthe\Downloads\white line 14 1 _\Whit_1405_3_one (2).mp4;C:\Users\esthe\Downloads\white line 14 1 _\Whit_1405_4_control (2).mp4;C:\Users\esthe\Downloads\white line 14 1 _\Whit_1405_5_three(2).mp4;C:\Users\esthe\Downloads\white line 14 1 _\Whit_1405_6_one(2).mp4;C:\Users\esthe\Downloads\white line 14 1 _\Whit_1405_7_two(2).mp4;C:\Users\esthe\Downloads\white line 14 1 _\Whit_1405_8_onehalf(2).mp4;C:\Users\esthe\Downloads\white line 14 1 _\Whit_1405_9_five(2).mp4,0.0,6.365;3.661;7.299;10.332;7.866;6.166;16.964;6.932;4.266;7.799;4.766;27.063,30.000;30.000;30.000;30.000;30.000;30.000;30.000;30.000;30.000;30.000;30.000;30.000,Whiteline,licking,,,POINT,63.283,C:\Users\esthe\Downloads\white line 14 1 _\Whit_1405_5_three(2).mp4,139,NA,
whit_1405(2),2025-06-27 14:55:43.116,,109.442,Media file(s),player #1:C:\Users\esthe\Downloads\white line 14 1 _\Whit_1405_10_one(2).mp4;C:\Users\esthe\Downloads\white line 14 1 _\Whit_1405_11_two(2).mp4;C:\Users\esthe\Downloads\white line 14 1 _\Whit_1405_12_three(2).mp4;C:\Users\esthe\Downloads\white line 14 1 _\Whit_1405_13_five(2).mp4;C:\Users\esthe\Downloads\white line 14 1 _\Whit_1405_2_five (2).mp4;C:\Users\esthe\Downloads\white line 14 1 _\Whit_1405_3_one (2).mp4;C:\Users\esthe\Downloads\white line 14 1 _\Whit_1405_4_control (2).mp4;C:\Users\esthe\Downloads\white line 14 1 _\Whit_1405_5_three(2).mp4;C:\Users\esthe\Downloads\white line 14 1 _\Whit_1405_6_one(2).mp4;C:\Users\esthe\Downloads\white line 14 1 _\Whit_1405_7_two(2).mp4;C:\Users\esthe\Downloads\white line 14 1 _\Whit_1405_8_onehalf(2).mp4;C:\Users\esthe\Downloads\white line 14 1 _\Whit_1405_9_five(2).mp4,0.0,6.365;3.661;7.299;10.332;7.866;6.166;16.964;6.932;4.266;7.799;4.766;27.063,30.000;30.000;30.000;30.000;30.000;30.000;30.000;30.000;30.000;30.000;30.000;30.000,Whiteline,assessing,,,STOP,63.483,C:\Users\esthe\Downloads\white line 14 1 _\Whit_1405_5_three(2).mp4,145,NA,
whit_1405(2),2025-06-27 14:55:43.116,,109.442,Media file(s),player #1:C:\Users\esthe\Downloads\white line 14 1 _\Whit_1405_10_one(2).mp4;C:\Users\esthe\Downloads\white line 14 1 _\Whit_1405_11_two(2).mp4;C:\Users\esthe\Downloads\white line 14 1 _\Whit_1405_12_three(2).mp4;C:\Users\esthe\Downloads\white line 14 1 _\Whit_1405_13_five(2).mp4;C:\Users\esthe\Downloads\white line 14 1 _\Whit_1405_2_five (2).mp4;C:\Users\esthe\Downloads\white line 14 1 _\Whit_1405_3_one (2).mp4;C:\Users\esthe\Downloads\white line 14 1 _\Whit_1405_4_control (2).mp4;C:\Users\esthe\Downloads\white line 14 1 _\Whit_1405_5_three(2).mp4;C:\Users\esthe\Downloads\white line 14 1 _\Whit_1405_6_one(2).mp4;C:\Users\esthe\Downloads\white line 14 1 _\Whit_1405_7_two(2).mp4;C:\Users\esthe\Downloads\white line 14 1 _\Whit_1405_8_onehalf(2).mp4;C:\Users\esthe\Downloads\white line 14 1 _\Whit_1405_9_five(2).mp4,0.0,6.365;3.661;7.299;10.332;7.866;6.166;16.964;6.932;4.266;7.799;4.766;27.063,30.000;30.000;30.000;30.000;30.000;30.000;30.000;30.000;30.000;30.000;30.000;30.000,Whiteline,translational movement,,,POINT,63.516,C:\Users\esthe\Downloads\white line 14 1 _\Whit_1405_5_three(2).mp4,146,NA,
whit_1405(2),2025-06-27 14:55:43.116,,109.442,Media file(s),player #1:C:\Users\esthe\Downloads\white line 14 1 _\Whit_1405_10_one(2).mp4;C:\Users\esthe\Downloads\white line 14 1 _\Whit_1405_11_two(2).mp4;C:\Users\esthe\Downloads\white line 14 1 _\Whit_1405_12_three(2).mp4;C:\Users\esthe\Downloads\white line 14 1 _\Whit_1405_13_five(2).mp4;C:\Users\esthe\Downloads\white line 14 1 _\Whit_1405_2_five (2).mp4;C:\Users\esthe\Downloads\white line 14 1 _\Whit_1405_3_one (2).mp4;C:\Users\esthe\Downloads\white line 14 1 _\Whit_1405_4_control (2).mp4;C:\Users\esthe\Downloads\white line 14 1 _\Whit_1405_5_three(2).mp4;C:\Users\esthe\Downloads\white line 14 1 _\Whit_1405_6_one(2).mp4;C:\Users\esthe\Downloads\white line 14 1 _\Whit_1405_7_two(2).mp4;C:\Users\esthe\Downloads\white line 14 1 _\Whit_1405_8_onehalf(2).mp4;C:\Users\esthe\Downloads\white line 14 1 _\Whit_1405_9_five(2).mp4,0.0,6.365;3.661;7.299;10.332;7.866;6.166;16.964;6.932;4.266;7.799;4.766;27.063,30.000;30.000;30.000;30.000;30.000;30.000;30.000;30.000;30.000;30.000;30.000;30.000,Whiteline,jaw movement,,,POINT,63.583,C:\Users\esthe\Downloads\white line 14 1 _\Whit_1405_5_three(2).mp4,148,NA,
whit_1405(2),2025-06-27 14:55:43.116,,109.442,Media file(s),player #1:C:\Users\esthe\Downloads\white line 14 1 _\Whit_1405_10_one(2).mp4;C:\Users\esthe\Downloads\white line 14 1 _\Whit_1405_11_two(2).mp4;C:\Users\esthe\Downloads\white line 14 1 _\Whit_1405_12_three(2).mp4;C:\Users\esthe\Downloads\white line 14 1 _\Whit_1405_13_five(2).mp4;C:\Users\esthe\Downloads\white line 14 1 _\Whit_1405_2_five (2).mp4;C:\Users\esthe\Downloads\white line 14 1 _\Whit_1405_3_one (2).mp4;C:\Users\esthe\Downloads\white line 14 1 _\Whit_1405_4_control (2).mp4;C:\Users\esthe\Downloads\white line 14 1 _\Whit_1405_5_three(2).mp4;C:\Users\esthe\Downloads\white line 14 1 _\Whit_1405_6_one(2).mp4;C:\Users\esthe\Downloads\white line 14 1 _\Whit_1405_7_two(2).mp4;C:\Users\esthe\Downloads\white line 14 1 _\Whit_1405_8_onehalf(2).mp4;C:\Users\esthe\Downloads\white line 14 1 _\Whit_1405_9_five(2).mp4,0.0,6.365;3.661;7.299;10.332;7.866;6.166;16.964;6.932;4.266;7.799;4.766;27.063,30.000;30.000;30.000;30.000;30.000;30.000;30.000;30.000;30.000;30.000;30.000;30.000,Whiteline,peeling,,,START,63.583,C:\Users\esthe\Downloads\white line 14 1 _\Whit_1405_5_three(2).mp4,148,NA,
whit_1405(2),2025-06-27 14:55:43.116,,109.442,Media file(s),player #1:C:\Users\esthe\Downloads\white line 14 1 _\Whit_1405_10_one(2).mp4;C:\Users\esthe\Downloads\white line 14 1 _\Whit_1405_11_two(2).mp4;C:\Users\esthe\Downloads\white line 14 1 _\Whit_1405_12_three(2).mp4;C:\Users\esthe\Downloads\white line 14 1 _\Whit_1405_13_five(2).mp4;C:\Users\esthe\Downloads\white line 14 1 _\Whit_1405_2_five (2).mp4;C:\Users\esthe\Downloads\white line 14 1 _\Whit_1405_3_one (2).mp4;C:\Users\esthe\Downloads\white line 14 1 _\Whit_1405_4_control (2).mp4;C:\Users\esthe\Downloads\white line 14 1 _\Whit_1405_5_three(2).mp4;C:\Users\esthe\Downloads\white line 14 1 _\Whit_1405_6_one(2).mp4;C:\Users\esthe\Downloads\white line 14 1 _\Whit_1405_7_two(2).mp4;C:\Users\esthe\Downloads\white line 14 1 _\Whit_1405_8_onehalf(2).mp4;C:\Users\esthe\Downloads\white line 14 1 _\Whit_1405_9_five(2).mp4,0.0,6.365;3.661;7.299;10.332;7.866;6.166;16.964;6.932;4.266;7.799;4.766;27.063,30.000;30.000;30.000;30.000;30.000;30.000;30.000;30.000;30.000;30.000;30.000;30.000,Whiteline,jaw movement,,,POINT,63.849,C:\Users\esthe\Downloads\white line 14 1 _\Whit_1405_5_three(2).mp4,156,NA,
whit_1405(2),2025-06-27 14:55:43.116,,109.442,Media file(s),player #1:C:\Users\esthe\Downloads\white line 14 1 _\Whit_1405_10_one(2).mp4;C:\Users\esthe\Downloads\white line 14 1 _\Whit_1405_11_two(2).mp4;C:\Users\esthe\Downloads\white line 14 1 _\Whit_1405_12_three(2).mp4;C:\Users\esthe\Downloads\white line 14 1 _\Whit_1405_13_five(2).mp4;C:\Users\esthe\Downloads\white line 14 1 _\Whit_1405_2_five (2).mp4;C:\Users\esthe\Downloads\white line 14 1 _\Whit_1405_3_one (2).mp4;C:\Users\esthe\Downloads\white line 14 1 _\Whit_1405_4_control (2).mp4;C:\Users\esthe\Downloads\white line 14 1 _\Whit_1405_5_three(2).mp4;C:\Users\esthe\Downloads\white line 14 1 _\Whit_1405_6_one(2).mp4;C:\Users\esthe\Downloads\white line 14 1 _\Whit_1405_7_two(2).mp4;C:\Users\esthe\Downloads\white line 14 1 _\Whit_1405_8_onehalf(2).mp4;C:\Users\esthe\Downloads\white line 14 1 _\Whit_1405_9_five(2).mp4,0.0,6.365;3.661;7.299;10.332;7.866;6.166;16.964;6.932;4.266;7.799;4.766;27.063,30.000;30.000;30.000;30.000;30.000;30.000;30.000;30.000;30.000;30.000;30.000;30.000,Whiteline,jaw movement,,,POINT,64.083,C:\Users\esthe\Downloads\white line 14 1 _\Whit_1405_5_three(2).mp4,163,NA,
whit_1405(2),2025-06-27 14:55:43.116,,109.442,Media file(s),player #1:C:\Users\esthe\Downloads\white line 14 1 _\Whit_1405_10_one(2).mp4;C:\Users\esthe\Downloads\white line 14 1 _\Whit_1405_11_two(2).mp4;C:\Users\esthe\Downloads\white line 14 1 _\Whit_1405_12_three(2).mp4;C:\Users\esthe\Downloads\white line 14 1 _\Whit_1405_13_five(2).mp4;C:\Users\esthe\Downloads\white line 14 1 _\Whit_1405_2_five (2).mp4;C:\Users\esthe\Downloads\white line 14 1 _\Whit_1405_3_one (2).mp4;C:\Users\esthe\Downloads\white line 14 1 _\Whit_1405_4_control (2).mp4;C:\Users\esthe\Downloads\white line 14 1 _\Whit_1405_5_three(2).mp4;C:\Users\esthe\Downloads\white line 14 1 _\Whit_1405_6_one(2).mp4;C:\Users\esthe\Downloads\white line 14 1 _\Whit_1405_7_two(2).mp4;C:\Users\esthe\Downloads\white line 14 1 _\Whit_1405_8_onehalf(2).mp4;C:\Users\esthe\Downloads\white line 14 1 _\Whit_1405_9_five(2).mp4,0.0,6.365;3.661;7.299;10.332;7.866;6.166;16.964;6.932;4.266;7.799;4.766;27.063,30.000;30.000;30.000;30.000;30.000;30.000;30.000;30.000;30.000;30.000;30.000;30.000,Whiteline,jaw movement,,,POINT,64.283,C:\Users\esthe\Downloads\white line 14 1 _\Whit_1405_5_three(2).mp4,169,NA,
whit_1405(2),2025-06-27 14:55:43.116,,109.442,Media file(s),player #1:C:\Users\esthe\Downloads\white line 14 1 _\Whit_1405_10_one(2).mp4;C:\Users\esthe\Downloads\white line 14 1 _\Whit_1405_11_two(2).mp4;C:\Users\esthe\Downloads\white line 14 1 _\Whit_1405_12_three(2).mp4;C:\Users\esthe\Downloads\white line 14 1 _\Whit_1405_13_five(2).mp4;C:\Users\esthe\Downloads\white line 14 1 _\Whit_1405_2_five (2).mp4;C:\Users\esthe\Downloads\white line 14 1 _\Whit_1405_3_one (2).mp4;C:\Users\esthe\Downloads\white line 14 1 _\Whit_1405_4_control (2).mp4;C:\Users\esthe\Downloads\white line 14 1 _\Whit_1405_5_three(2).mp4;C:\Users\esthe\Downloads\white line 14 1 _\Whit_1405_6_one(2).mp4;C:\Users\esthe\Downloads\white line 14 1 _\Whit_1405_7_two(2).mp4;C:\Users\esthe\Downloads\white line 14 1 _\Whit_1405_8_onehalf(2).mp4;C:\Users\esthe\Downloads\white line 14 1 _\Whit_1405_9_five(2).mp4,0.0,6.365;3.661;7.299;10.332;7.866;6.166;16.964;6.932;4.266;7.799;4.766;27.063,30.000;30.000;30.000;30.000;30.000;30.000;30.000;30.000;30.000;30.000;30.000;30.000,Whiteline,jaw movement,,,POINT,64.716,C:\Users\esthe\Downloads\white line 14 1 _\Whit_1405_5_three(2).mp4,182,NA,
whit_1405(2),2025-06-27 14:55:43.116,,109.442,Media file(s),player #1:C:\Users\esthe\Downloads\white line 14 1 _\Whit_1405_10_one(2).mp4;C:\Users\esthe\Downloads\white line 14 1 _\Whit_1405_11_two(2).mp4;C:\Users\esthe\Downloads\white line 14 1 _\Whit_1405_12_three(2).mp4;C:\Users\esthe\Downloads\white line 14 1 _\Whit_1405_13_five(2).mp4;C:\Users\esthe\Downloads\white line 14 1 _\Whit_1405_2_five (2).mp4;C:\Users\esthe\Downloads\white line 14 1 _\Whit_1405_3_one (2).mp4;C:\Users\esthe\Downloads\white line 14 1 _\Whit_1405_4_control (2).mp4;C:\Users\esthe\Downloads\white line 14 1 _\Whit_1405_5_three(2).mp4;C:\Users\esthe\Downloads\white line 14 1 _\Whit_1405_6_one(2).mp4;C:\Users\esthe\Downloads\white line 14 1 _\Whit_1405_7_two(2).mp4;C:\Users\esthe\Downloads\white line 14 1 _\Whit_1405_8_onehalf(2).mp4;C:\Users\esthe\Downloads\white line 14 1 _\Whit_1405_9_five(2).mp4,0.0,6.365;3.661;7.299;10.332;7.866;6.166;16.964;6.932;4.266;7.799;4.766;27.063,30.000;30.000;30.000;30.000;30.000;30.000;30.000;30.000;30.000;30.000;30.000;30.000,Whiteline,jaw movement,,,POINT,65.016,C:\Users\esthe\Downloads\white line 14 1 _\Whit_1405_5_three(2).mp4,191,NA,
whit_1405(2),2025-06-27 14:55:43.116,,109.442,Media file(s),player #1:C:\Users\esthe\Downloads\white line 14 1 _\Whit_1405_10_one(2).mp4;C:\Users\esthe\Downloads\white line 14 1 _\Whit_1405_11_two(2).mp4;C:\Users\esthe\Downloads\white line 14 1 _\Whit_1405_12_three(2).mp4;C:\Users\esthe\Downloads\white line 14 1 _\Whit_1405_13_five(2).mp4;C:\Users\esthe\Downloads\white line 14 1 _\Whit_1405_2_five (2).mp4;C:\Users\esthe\Downloads\white line 14 1 _\Whit_1405_3_one (2).mp4;C:\Users\esthe\Downloads\white line 14 1 _\Whit_1405_4_control (2).mp4;C:\Users\esthe\Downloads\white line 14 1 _\Whit_1405_5_three(2).mp4;C:\Users\esthe\Downloads\white line 14 1 _\Whit_1405_6_one(2).mp4;C:\Users\esthe\Downloads\white line 14 1 _\Whit_1405_7_two(2).mp4;C:\Users\esthe\Downloads\white line 14 1 _\Whit_1405_8_onehalf(2).mp4;C:\Users\esthe\Downloads\white line 14 1 _\Whit_1405_9_five(2).mp4,0.0,6.365;3.661;7.299;10.332;7.866;6.166;16.964;6.932;4.266;7.799;4.766;27.063,30.000;30.000;30.000;30.000;30.000;30.000;30.000;30.000;30.000;30.000;30.000;30.000,Whiteline,jaw movement,,,POINT,65.149,C:\Users\esthe\Downloads\white line 14 1 _\Whit_1405_5_three(2).mp4,195,NA,
whit_1405(2),2025-06-27 14:55:43.116,,109.442,Media file(s),player #1:C:\Users\esthe\Downloads\white line 14 1 _\Whit_1405_10_one(2).mp4;C:\Users\esthe\Downloads\white line 14 1 _\Whit_1405_11_two(2).mp4;C:\Users\esthe\Downloads\white line 14 1 _\Whit_1405_12_three(2).mp4;C:\Users\esthe\Downloads\white line 14 1 _\Whit_1405_13_five(2).mp4;C:\Users\esthe\Downloads\white line 14 1 _\Whit_1405_2_five (2).mp4;C:\Users\esthe\Downloads\white line 14 1 _\Whit_1405_3_one (2).mp4;C:\Users\esthe\Downloads\white line 14 1 _\Whit_1405_4_control (2).mp4;C:\Users\esthe\Downloads\white line 14 1 _\Whit_1405_5_three(2).mp4;C:\Users\esthe\Downloads\white line 14 1 _\Whit_1405_6_one(2).mp4;C:\Users\esthe\Downloads\white line 14 1 _\Whit_1405_7_two(2).mp4;C:\Users\esthe\Downloads\white line 14 1 _\Whit_1405_8_onehalf(2).mp4;C:\Users\esthe\Downloads\white line 14 1 _\Whit_1405_9_five(2).mp4,0.0,6.365;3.661;7.299;10.332;7.866;6.166;16.964;6.932;4.266;7.799;4.766;27.063,30.000;30.000;30.000;30.000;30.000;30.000;30.000;30.000;30.000;30.000;30.000;30.000,Whiteline,jaw movement,,,POINT,65.283,C:\Users\esthe\Downloads\white line 14 1 _\Whit_1405_5_three(2).mp4,199,NA,
whit_1405(2),2025-06-27 14:55:43.116,,109.442,Media file(s),player #1:C:\Users\esthe\Downloads\white line 14 1 _\Whit_1405_10_one(2).mp4;C:\Users\esthe\Downloads\white line 14 1 _\Whit_1405_11_two(2).mp4;C:\Users\esthe\Downloads\white line 14 1 _\Whit_1405_12_three(2).mp4;C:\Users\esthe\Downloads\white line 14 1 _\Whit_1405_13_five(2).mp4;C:\Users\esthe\Downloads\white line 14 1 _\Whit_1405_2_five (2).mp4;C:\Users\esthe\Downloads\white line 14 1 _\Whit_1405_3_one (2).mp4;C:\Users\esthe\Downloads\white line 14 1 _\Whit_1405_4_control (2).mp4;C:\Users\esthe\Downloads\white line 14 1 _\Whit_1405_5_three(2).mp4;C:\Users\esthe\Downloads\white line 14 1 _\Whit_1405_6_one(2).mp4;C:\Users\esthe\Downloads\white line 14 1 _\Whit_1405_7_two(2).mp4;C:\Users\esthe\Downloads\white line 14 1 _\Whit_1405_8_onehalf(2).mp4;C:\Users\esthe\Downloads\white line 14 1 _\Whit_1405_9_five(2).mp4,0.0,6.365;3.661;7.299;10.332;7.866;6.166;16.964;6.932;4.266;7.799;4.766;27.063,30.000;30.000;30.000;30.000;30.000;30.000;30.000;30.000;30.000;30.000;30.000;30.000,Whiteline,peeling,,,STOP,65.283,C:\Users\esthe\Downloads\white line 14 1 _\Whit_1405_5_three(2).mp4,199,NA,
whit_1405(2),2025-06-27 14:55:43.116,,109.442,Media file(s),player #1:C:\Users\esthe\Downloads\white line 14 1 _\Whit_1405_10_one(2).mp4;C:\Users\esthe\Downloads\white line 14 1 _\Whit_1405_11_two(2).mp4;C:\Users\esthe\Downloads\white line 14 1 _\Whit_1405_12_three(2).mp4;C:\Users\esthe\Downloads\white line 14 1 _\Whit_1405_13_five(2).mp4;C:\Users\esthe\Downloads\white line 14 1 _\Whit_1405_2_five (2).mp4;C:\Users\esthe\Downloads\white line 14 1 _\Whit_1405_3_one (2).mp4;C:\Users\esthe\Downloads\white line 14 1 _\Whit_1405_4_control (2).mp4;C:\Users\esthe\Downloads\white line 14 1 _\Whit_1405_5_three(2).mp4;C:\Users\esthe\Downloads\white line 14 1 _\Whit_1405_6_one(2).mp4;C:\Users\esthe\Downloads\white line 14 1 _\Whit_1405_7_two(2).mp4;C:\Users\esthe\Downloads\white line 14 1 _\Whit_1405_8_onehalf(2).mp4;C:\Users\esthe\Downloads\white line 14 1 _\Whit_1405_9_five(2).mp4,0.0,6.365;3.661;7.299;10.332;7.866;6.166;16.964;6.932;4.266;7.799;4.766;27.063,30.000;30.000;30.000;30.000;30.000;30.000;30.000;30.000;30.000;30.000;30.000;30.000,Whiteline,eating,,,START,65.316,C:\Users\esthe\Downloads\white line 14 1 _\Whit_1405_5_three(2).mp4,200,NA,
whit_1405(2),2025-06-27 14:55:43.116,,109.442,Media file(s),player #1:C:\Users\esthe\Downloads\white line 14 1 _\Whit_1405_10_one(2).mp4;C:\Users\esthe\Downloads\white line 14 1 _\Whit_1405_11_two(2).mp4;C:\Users\esthe\Downloads\white line 14 1 _\Whit_1405_12_three(2).mp4;C:\Users\esthe\Downloads\white line 14 1 _\Whit_1405_13_five(2).mp4;C:\Users\esthe\Downloads\white line 14 1 _\Whit_1405_2_five (2).mp4;C:\Users\esthe\Downloads\white line 14 1 _\Whit_1405_3_one (2).mp4;C:\Users\esthe\Downloads\white line 14 1 _\Whit_1405_4_control (2).mp4;C:\Users\esthe\Downloads\white line 14 1 _\Whit_1405_5_three(2).mp4;C:\Users\esthe\Downloads\white line 14 1 _\Whit_1405_6_one(2).mp4;C:\Users\esthe\Downloads\white line 14 1 _\Whit_1405_7_two(2).mp4;C:\Users\esthe\Downloads\white line 14 1 _\Whit_1405_8_onehalf(2).mp4;C:\Users\esthe\Downloads\white line 14 1 _\Whit_1405_9_five(2).mp4,0.0,6.365;3.661;7.299;10.332;7.866;6.166;16.964;6.932;4.266;7.799;4.766;27.063,30.000;30.000;30.000;30.000;30.000;30.000;30.000;30.000;30.000;30.000;30.000;30.000,Whiteline,eating,,,STOP,65.482,C:\Users\esthe\Downloads\white line 14 1 _\Whit_1405_5_three(2).mp4,205,NA,
whit_1405(2),2025-06-27 14:55:43.116,,109.442,Media file(s),player #1:C:\Users\esthe\Downloads\white line 14 1 _\Whit_1405_10_one(2).mp4;C:\Users\esthe\Downloads\white line 14 1 _\Whit_1405_11_two(2).mp4;C:\Users\esthe\Downloads\white line 14 1 _\Whit_1405_12_three(2).mp4;C:\Users\esthe\Downloads\white line 14 1 _\Whit_1405_13_five(2).mp4;C:\Users\esthe\Downloads\white line 14 1 _\Whit_1405_2_five (2).mp4;C:\Users\esthe\Downloads\white line 14 1 _\Whit_1405_3_one (2).mp4;C:\Users\esthe\Downloads\white line 14 1 _\Whit_1405_4_control (2).mp4;C:\Users\esthe\Downloads\white line 14 1 _\Whit_1405_5_three(2).mp4;C:\Users\esthe\Downloads\white line 14 1 _\Whit_1405_6_one(2).mp4;C:\Users\esthe\Downloads\white line 14 1 _\Whit_1405_7_two(2).mp4;C:\Users\esthe\Downloads\white line 14 1 _\Whit_1405_8_onehalf(2).mp4;C:\Users\esthe\Downloads\white line 14 1 _\Whit_1405_9_five(2).mp4,0.0,6.365;3.661;7.299;10.332;7.866;6.166;16.964;6.932;4.266;7.799;4.766;27.063,30.000;30.000;30.000;30.000;30.000;30.000;30.000;30.000;30.000;30.000;30.000;30.000,Whiteline,lifting,,,START,65.582,C:\Users\esthe\Downloads\white line 14 1 _\Whit_1405_5_three(2).mp4,0,NA,
whit_1405(2),2025-06-27 14:55:43.116,,109.442,Media file(s),player #1:C:\Users\esthe\Downloads\white line 14 1 _\Whit_1405_10_one(2).mp4;C:\Users\esthe\Downloads\white line 14 1 _\Whit_1405_11_two(2).mp4;C:\Users\esthe\Downloads\white line 14 1 _\Whit_1405_12_three(2).mp4;C:\Users\esthe\Downloads\white line 14 1 _\Whit_1405_13_five(2).mp4;C:\Users\esthe\Downloads\white line 14 1 _\Whit_1405_2_five (2).mp4;C:\Users\esthe\Downloads\white line 14 1 _\Whit_1405_3_one (2).mp4;C:\Users\esthe\Downloads\white line 14 1 _\Whit_1405_4_control (2).mp4;C:\Users\esthe\Downloads\white line 14 1 _\Whit_1405_5_three(2).mp4;C:\Users\esthe\Downloads\white line 14 1 _\Whit_1405_6_one(2).mp4;C:\Users\esthe\Downloads\white line 14 1 _\Whit_1405_7_two(2).mp4;C:\Users\esthe\Downloads\white line 14 1 _\Whit_1405_8_onehalf(2).mp4;C:\Users\esthe\Downloads\white line 14 1 _\Whit_1405_9_five(2).mp4,0.0,6.365;3.661;7.299;10.332;7.866;6.166;16.964;6.932;4.266;7.799;4.766;27.063,30.000;30.000;30.000;30.000;30.000;30.000;30.000;30.000;30.000;30.000;30.000;30.000,Whiteline,lifting,,,STOP,65.882,C:\Users\esthe\Downloads\white line 14 1 _\Whit_1405_6_one(2).mp4,9,NA,
whit_1405(2),2025-06-27 14:55:43.116,,109.442,Media file(s),player #1:C:\Users\esthe\Downloads\white line 14 1 _\Whit_1405_10_one(2).mp4;C:\Users\esthe\Downloads\white line 14 1 _\Whit_1405_11_two(2).mp4;C:\Users\esthe\Downloads\white line 14 1 _\Whit_1405_12_three(2).mp4;C:\Users\esthe\Downloads\white line 14 1 _\Whit_1405_13_five(2).mp4;C:\Users\esthe\Downloads\white line 14 1 _\Whit_1405_2_five (2).mp4;C:\Users\esthe\Downloads\white line 14 1 _\Whit_1405_3_one (2).mp4;C:\Users\esthe\Downloads\white line 14 1 _\Whit_1405_4_control (2).mp4;C:\Users\esthe\Downloads\white line 14 1 _\Whit_1405_5_three(2).mp4;C:\Users\esthe\Downloads\white line 14 1 _\Whit_1405_6_one(2).mp4;C:\Users\esthe\Downloads\white line 14 1 _\Whit_1405_7_two(2).mp4;C:\Users\esthe\Downloads\white line 14 1 _\Whit_1405_8_onehalf(2).mp4;C:\Users\esthe\Downloads\white line 14 1 _\Whit_1405_9_five(2).mp4,0.0,6.365;3.661;7.299;10.332;7.866;6.166;16.964;6.932;4.266;7.799;4.766;27.063,30.000;30.000;30.000;30.000;30.000;30.000;30.000;30.000;30.000;30.000;30.000;30.000,Whiteline,assessing,,,START,66.082,C:\Users\esthe\Downloads\white line 14 1 _\Whit_1405_6_one(2).mp4,15,NA,
whit_1405(2),2025-06-27 14:55:43.116,,109.442,Media file(s),player #1:C:\Users\esthe\Downloads\white line 14 1 _\Whit_1405_10_one(2).mp4;C:\Users\esthe\Downloads\white line 14 1 _\Whit_1405_11_two(2).mp4;C:\Users\esthe\Downloads\white line 14 1 _\Whit_1405_12_three(2).mp4;C:\Users\esthe\Downloads\white line 14 1 _\Whit_1405_13_five(2).mp4;C:\Users\esthe\Downloads\white line 14 1 _\Whit_1405_2_five (2).mp4;C:\Users\esthe\Downloads\white line 14 1 _\Whit_1405_3_one (2).mp4;C:\Users\esthe\Downloads\white line 14 1 _\Whit_1405_4_control (2).mp4;C:\Users\esthe\Downloads\white line 14 1 _\Whit_1405_5_three(2).mp4;C:\Users\esthe\Downloads\white line 14 1 _\Whit_1405_6_one(2).mp4;C:\Users\esthe\Downloads\white line 14 1 _\Whit_1405_7_two(2).mp4;C:\Users\esthe\Downloads\white line 14 1 _\Whit_1405_8_onehalf(2).mp4;C:\Users\esthe\Downloads\white line 14 1 _\Whit_1405_9_five(2).mp4,0.0,6.365;3.661;7.299;10.332;7.866;6.166;16.964;6.932;4.266;7.799;4.766;27.063,30.000;30.000;30.000;30.000;30.000;30.000;30.000;30.000;30.000;30.000;30.000;30.000,Whiteline,jaw movement,,,POINT,66.282,C:\Users\esthe\Downloads\white line 14 1 _\Whit_1405_6_one(2).mp4,21,NA,
whit_1405(2),2025-06-27 14:55:43.116,,109.442,Media file(s),player #1:C:\Users\esthe\Downloads\white line 14 1 _\Whit_1405_10_one(2).mp4;C:\Users\esthe\Downloads\white line 14 1 _\Whit_1405_11_two(2).mp4;C:\Users\esthe\Downloads\white line 14 1 _\Whit_1405_12_three(2).mp4;C:\Users\esthe\Downloads\white line 14 1 _\Whit_1405_13_five(2).mp4;C:\Users\esthe\Downloads\white line 14 1 _\Whit_1405_2_five (2).mp4;C:\Users\esthe\Downloads\white line 14 1 _\Whit_1405_3_one (2).mp4;C:\Users\esthe\Downloads\white line 14 1 _\Whit_1405_4_control (2).mp4;C:\Users\esthe\Downloads\white line 14 1 _\Whit_1405_5_three(2).mp4;C:\Users\esthe\Downloads\white line 14 1 _\Whit_1405_6_one(2).mp4;C:\Users\esthe\Downloads\white line 14 1 _\Whit_1405_7_two(2).mp4;C:\Users\esthe\Downloads\white line 14 1 _\Whit_1405_8_onehalf(2).mp4;C:\Users\esthe\Downloads\white line 14 1 _\Whit_1405_9_five(2).mp4,0.0,6.365;3.661;7.299;10.332;7.866;6.166;16.964;6.932;4.266;7.799;4.766;27.063,30.000;30.000;30.000;30.000;30.000;30.000;30.000;30.000;30.000;30.000;30.000;30.000,Whiteline,rotation,,Horizontal,START,66.449,C:\Users\esthe\Downloads\white line 14 1 _\Whit_1405_6_one(2).mp4,26,NA,
whit_1405(2),2025-06-27 14:55:43.116,,109.442,Media file(s),player #1:C:\Users\esthe\Downloads\white line 14 1 _\Whit_1405_10_one(2).mp4;C:\Users\esthe\Downloads\white line 14 1 _\Whit_1405_11_two(2).mp4;C:\Users\esthe\Downloads\white line 14 1 _\Whit_1405_12_three(2).mp4;C:\Users\esthe\Downloads\white line 14 1 _\Whit_1405_13_five(2).mp4;C:\Users\esthe\Downloads\white line 14 1 _\Whit_1405_2_five (2).mp4;C:\Users\esthe\Downloads\white line 14 1 _\Whit_1405_3_one (2).mp4;C:\Users\esthe\Downloads\white line 14 1 _\Whit_1405_4_control (2).mp4;C:\Users\esthe\Downloads\white line 14 1 _\Whit_1405_5_three(2).mp4;C:\Users\esthe\Downloads\white line 14 1 _\Whit_1405_6_one(2).mp4;C:\Users\esthe\Downloads\white line 14 1 _\Whit_1405_7_two(2).mp4;C:\Users\esthe\Downloads\white line 14 1 _\Whit_1405_8_onehalf(2).mp4;C:\Users\esthe\Downloads\white line 14 1 _\Whit_1405_9_five(2).mp4,0.0,6.365;3.661;7.299;10.332;7.866;6.166;16.964;6.932;4.266;7.799;4.766;27.063,30.000;30.000;30.000;30.000;30.000;30.000;30.000;30.000;30.000;30.000;30.000;30.000,Whiteline,teeth-hole contact,,,POINT,66.449,C:\Users\esthe\Downloads\white line 14 1 _\Whit_1405_6_one(2).mp4,26,NA,
whit_1405(2),2025-06-27 14:55:43.116,,109.442,Media file(s),player #1:C:\Users\esthe\Downloads\white line 14 1 _\Whit_1405_10_one(2).mp4;C:\Users\esthe\Downloads\white line 14 1 _\Whit_1405_11_two(2).mp4;C:\Users\esthe\Downloads\white line 14 1 _\Whit_1405_12_three(2).mp4;C:\Users\esthe\Downloads\white line 14 1 _\Whit_1405_13_five(2).mp4;C:\Users\esthe\Downloads\white line 14 1 _\Whit_1405_2_five (2).mp4;C:\Users\esthe\Downloads\white line 14 1 _\Whit_1405_3_one (2).mp4;C:\Users\esthe\Downloads\white line 14 1 _\Whit_1405_4_control (2).mp4;C:\Users\esthe\Downloads\white line 14 1 _\Whit_1405_5_three(2).mp4;C:\Users\esthe\Downloads\white line 14 1 _\Whit_1405_6_one(2).mp4;C:\Users\esthe\Downloads\white line 14 1 _\Whit_1405_7_two(2).mp4;C:\Users\esthe\Downloads\white line 14 1 _\Whit_1405_8_onehalf(2).mp4;C:\Users\esthe\Downloads\white line 14 1 _\Whit_1405_9_five(2).mp4,0.0,6.365;3.661;7.299;10.332;7.866;6.166;16.964;6.932;4.266;7.799;4.766;27.063,30.000;30.000;30.000;30.000;30.000;30.000;30.000;30.000;30.000;30.000;30.000;30.000,Whiteline,translational movement,,,POINT,66.748,C:\Users\esthe\Downloads\white line 14 1 _\Whit_1405_6_one(2).mp4,35,NA,
whit_1405(2),2025-06-27 14:55:43.116,,109.442,Media file(s),player #1:C:\Users\esthe\Downloads\white line 14 1 _\Whit_1405_10_one(2).mp4;C:\Users\esthe\Downloads\white line 14 1 _\Whit_1405_11_two(2).mp4;C:\Users\esthe\Downloads\white line 14 1 _\Whit_1405_12_three(2).mp4;C:\Users\esthe\Downloads\white line 14 1 _\Whit_1405_13_five(2).mp4;C:\Users\esthe\Downloads\white line 14 1 _\Whit_1405_2_five (2).mp4;C:\Users\esthe\Downloads\white line 14 1 _\Whit_1405_3_one (2).mp4;C:\Users\esthe\Downloads\white line 14 1 _\Whit_1405_4_control (2).mp4;C:\Users\esthe\Downloads\white line 14 1 _\Whit_1405_5_three(2).mp4;C:\Users\esthe\Downloads\white line 14 1 _\Whit_1405_6_one(2).mp4;C:\Users\esthe\Downloads\white line 14 1 _\Whit_1405_7_two(2).mp4;C:\Users\esthe\Downloads\white line 14 1 _\Whit_1405_8_onehalf(2).mp4;C:\Users\esthe\Downloads\white line 14 1 _\Whit_1405_9_five(2).mp4,0.0,6.365;3.661;7.299;10.332;7.866;6.166;16.964;6.932;4.266;7.799;4.766;27.063,30.000;30.000;30.000;30.000;30.000;30.000;30.000;30.000;30.000;30.000;30.000;30.000,Whiteline,rotation,,Horizontal,STOP,66.815,C:\Users\esthe\Downloads\white line 14 1 _\Whit_1405_6_one(2).mp4,37,NA,
whit_1405(2),2025-06-27 14:55:43.116,,109.442,Media file(s),player #1:C:\Users\esthe\Downloads\white line 14 1 _\Whit_1405_10_one(2).mp4;C:\Users\esthe\Downloads\white line 14 1 _\Whit_1405_11_two(2).mp4;C:\Users\esthe\Downloads\white line 14 1 _\Whit_1405_12_three(2).mp4;C:\Users\esthe\Downloads\white line 14 1 _\Whit_1405_13_five(2).mp4;C:\Users\esthe\Downloads\white line 14 1 _\Whit_1405_2_five (2).mp4;C:\Users\esthe\Downloads\white line 14 1 _\Whit_1405_3_one (2).mp4;C:\Users\esthe\Downloads\white line 14 1 _\Whit_1405_4_control (2).mp4;C:\Users\esthe\Downloads\white line 14 1 _\Whit_1405_5_three(2).mp4;C:\Users\esthe\Downloads\white line 14 1 _\Whit_1405_6_one(2).mp4;C:\Users\esthe\Downloads\white line 14 1 _\Whit_1405_7_two(2).mp4;C:\Users\esthe\Downloads\white line 14 1 _\Whit_1405_8_onehalf(2).mp4;C:\Users\esthe\Downloads\white line 14 1 _\Whit_1405_9_five(2).mp4,0.0,6.365;3.661;7.299;10.332;7.866;6.166;16.964;6.932;4.266;7.799;4.766;27.063,30.000;30.000;30.000;30.000;30.000;30.000;30.000;30.000;30.000;30.000;30.000;30.000,Whiteline,teeth-hole contact,,,POINT,66.815,C:\Users\esthe\Downloads\white line 14 1 _\Whit_1405_6_one(2).mp4,37,NA,
whit_1405(2),2025-06-27 14:55:43.116,,109.442,Media file(s),player #1:C:\Users\esthe\Downloads\white line 14 1 _\Whit_1405_10_one(2).mp4;C:\Users\esthe\Downloads\white line 14 1 _\Whit_1405_11_two(2).mp4;C:\Users\esthe\Downloads\white line 14 1 _\Whit_1405_12_three(2).mp4;C:\Users\esthe\Downloads\white line 14 1 _\Whit_1405_13_five(2).mp4;C:\Users\esthe\Downloads\white line 14 1 _\Whit_1405_2_five (2).mp4;C:\Users\esthe\Downloads\white line 14 1 _\Whit_1405_3_one (2).mp4;C:\Users\esthe\Downloads\white line 14 1 _\Whit_1405_4_control (2).mp4;C:\Users\esthe\Downloads\white line 14 1 _\Whit_1405_5_three(2).mp4;C:\Users\esthe\Downloads\white line 14 1 _\Whit_1405_6_one(2).mp4;C:\Users\esthe\Downloads\white line 14 1 _\Whit_1405_7_two(2).mp4;C:\Users\esthe\Downloads\white line 14 1 _\Whit_1405_8_onehalf(2).mp4;C:\Users\esthe\Downloads\white line 14 1 _\Whit_1405_9_five(2).mp4,0.0,6.365;3.661;7.299;10.332;7.866;6.166;16.964;6.932;4.266;7.799;4.766;27.063,30.000;30.000;30.000;30.000;30.000;30.000;30.000;30.000;30.000;30.000;30.000;30.000,Whiteline,assessing,,,STOP,66.882,C:\Users\esthe\Downloads\white line 14 1 _\Whit_1405_6_one(2).mp4,39,NA,
whit_1405(2),2025-06-27 14:55:43.116,,109.442,Media file(s),player #1:C:\Users\esthe\Downloads\white line 14 1 _\Whit_1405_10_one(2).mp4;C:\Users\esthe\Downloads\white line 14 1 _\Whit_1405_11_two(2).mp4;C:\Users\esthe\Downloads\white line 14 1 _\Whit_1405_12_three(2).mp4;C:\Users\esthe\Downloads\white line 14 1 _\Whit_1405_13_five(2).mp4;C:\Users\esthe\Downloads\white line 14 1 _\Whit_1405_2_five (2).mp4;C:\Users\esthe\Downloads\white line 14 1 _\Whit_1405_3_one (2).mp4;C:\Users\esthe\Downloads\white line 14 1 _\Whit_1405_4_control (2).mp4;C:\Users\esthe\Downloads\white line 14 1 _\Whit_1405_5_three(2).mp4;C:\Users\esthe\Downloads\white line 14 1 _\Whit_1405_6_one(2).mp4;C:\Users\esthe\Downloads\white line 14 1 _\Whit_1405_7_two(2).mp4;C:\Users\esthe\Downloads\white line 14 1 _\Whit_1405_8_onehalf(2).mp4;C:\Users\esthe\Downloads\white line 14 1 _\Whit_1405_9_five(2).mp4,0.0,6.365;3.661;7.299;10.332;7.866;6.166;16.964;6.932;4.266;7.799;4.766;27.063,30.000;30.000;30.000;30.000;30.000;30.000;30.000;30.000;30.000;30.000;30.000;30.000,Whiteline,jaw movement,,,POINT,66.982,C:\Users\esthe\Downloads\white line 14 1 _\Whit_1405_6_one(2).mp4,42,NA,
whit_1405(2),2025-06-27 14:55:43.116,,109.442,Media file(s),player #1:C:\Users\esthe\Downloads\white line 14 1 _\Whit_1405_10_one(2).mp4;C:\Users\esthe\Downloads\white line 14 1 _\Whit_1405_11_two(2).mp4;C:\Users\esthe\Downloads\white line 14 1 _\Whit_1405_12_three(2).mp4;C:\Users\esthe\Downloads\white line 14 1 _\Whit_1405_13_five(2).mp4;C:\Users\esthe\Downloads\white line 14 1 _\Whit_1405_2_five (2).mp4;C:\Users\esthe\Downloads\white line 14 1 _\Whit_1405_3_one (2).mp4;C:\Users\esthe\Downloads\white line 14 1 _\Whit_1405_4_control (2).mp4;C:\Users\esthe\Downloads\white line 14 1 _\Whit_1405_5_three(2).mp4;C:\Users\esthe\Downloads\white line 14 1 _\Whit_1405_6_one(2).mp4;C:\Users\esthe\Downloads\white line 14 1 _\Whit_1405_7_two(2).mp4;C:\Users\esthe\Downloads\white line 14 1 _\Whit_1405_8_onehalf(2).mp4;C:\Users\esthe\Downloads\white line 14 1 _\Whit_1405_9_five(2).mp4,0.0,6.365;3.661;7.299;10.332;7.866;6.166;16.964;6.932;4.266;7.799;4.766;27.063,30.000;30.000;30.000;30.000;30.000;30.000;30.000;30.000;30.000;30.000;30.000;30.000,Whiteline,peeling,,,START,66.982,C:\Users\esthe\Downloads\white line 14 1 _\Whit_1405_6_one(2).mp4,42,NA,
whit_1405(2),2025-06-27 14:55:43.116,,109.442,Media file(s),player #1:C:\Users\esthe\Downloads\white line 14 1 _\Whit_1405_10_one(2).mp4;C:\Users\esthe\Downloads\white line 14 1 _\Whit_1405_11_two(2).mp4;C:\Users\esthe\Downloads\white line 14 1 _\Whit_1405_12_three(2).mp4;C:\Users\esthe\Downloads\white line 14 1 _\Whit_1405_13_five(2).mp4;C:\Users\esthe\Downloads\white line 14 1 _\Whit_1405_2_five (2).mp4;C:\Users\esthe\Downloads\white line 14 1 _\Whit_1405_3_one (2).mp4;C:\Users\esthe\Downloads\white line 14 1 _\Whit_1405_4_control (2).mp4;C:\Users\esthe\Downloads\white line 14 1 _\Whit_1405_5_three(2).mp4;C:\Users\esthe\Downloads\white line 14 1 _\Whit_1405_6_one(2).mp4;C:\Users\esthe\Downloads\white line 14 1 _\Whit_1405_7_two(2).mp4;C:\Users\esthe\Downloads\white line 14 1 _\Whit_1405_8_onehalf(2).mp4;C:\Users\esthe\Downloads\white line 14 1 _\Whit_1405_9_five(2).mp4,0.0,6.365;3.661;7.299;10.332;7.866;6.166;16.964;6.932;4.266;7.799;4.766;27.063,30.000;30.000;30.000;30.000;30.000;30.000;30.000;30.000;30.000;30.000;30.000;30.000,Whiteline,jaw movement,,,POINT,67.248,C:\Users\esthe\Downloads\white line 14 1 _\Whit_1405_6_one(2).mp4,50,NA,
whit_1405(2),2025-06-27 14:55:43.116,,109.442,Media file(s),player #1:C:\Users\esthe\Downloads\white line 14 1 _\Whit_1405_10_one(2).mp4;C:\Users\esthe\Downloads\white line 14 1 _\Whit_1405_11_two(2).mp4;C:\Users\esthe\Downloads\white line 14 1 _\Whit_1405_12_three(2).mp4;C:\Users\esthe\Downloads\white line 14 1 _\Whit_1405_13_five(2).mp4;C:\Users\esthe\Downloads\white line 14 1 _\Whit_1405_2_five (2).mp4;C:\Users\esthe\Downloads\white line 14 1 _\Whit_1405_3_one (2).mp4;C:\Users\esthe\Downloads\white line 14 1 _\Whit_1405_4_control (2).mp4;C:\Users\esthe\Downloads\white line 14 1 _\Whit_1405_5_three(2).mp4;C:\Users\esthe\Downloads\white line 14 1 _\Whit_1405_6_one(2).mp4;C:\Users\esthe\Downloads\white line 14 1 _\Whit_1405_7_two(2).mp4;C:\Users\esthe\Downloads\white line 14 1 _\Whit_1405_8_onehalf(2).mp4;C:\Users\esthe\Downloads\white line 14 1 _\Whit_1405_9_five(2).mp4,0.0,6.365;3.661;7.299;10.332;7.866;6.166;16.964;6.932;4.266;7.799;4.766;27.063,30.000;30.000;30.000;30.000;30.000;30.000;30.000;30.000;30.000;30.000;30.000;30.000,Whiteline,jaw movement,,,POINT,67.548,C:\Users\esthe\Downloads\white line 14 1 _\Whit_1405_6_one(2).mp4,59,NA,
whit_1405(2),2025-06-27 14:55:43.116,,109.442,Media file(s),player #1:C:\Users\esthe\Downloads\white line 14 1 _\Whit_1405_10_one(2).mp4;C:\Users\esthe\Downloads\white line 14 1 _\Whit_1405_11_two(2).mp4;C:\Users\esthe\Downloads\white line 14 1 _\Whit_1405_12_three(2).mp4;C:\Users\esthe\Downloads\white line 14 1 _\Whit_1405_13_five(2).mp4;C:\Users\esthe\Downloads\white line 14 1 _\Whit_1405_2_five (2).mp4;C:\Users\esthe\Downloads\white line 14 1 _\Whit_1405_3_one (2).mp4;C:\Users\esthe\Downloads\white line 14 1 _\Whit_1405_4_control (2).mp4;C:\Users\esthe\Downloads\white line 14 1 _\Whit_1405_5_three(2).mp4;C:\Users\esthe\Downloads\white line 14 1 _\Whit_1405_6_one(2).mp4;C:\Users\esthe\Downloads\white line 14 1 _\Whit_1405_7_two(2).mp4;C:\Users\esthe\Downloads\white line 14 1 _\Whit_1405_8_onehalf(2).mp4;C:\Users\esthe\Downloads\white line 14 1 _\Whit_1405_9_five(2).mp4,0.0,6.365;3.661;7.299;10.332;7.866;6.166;16.964;6.932;4.266;7.799;4.766;27.063,30.000;30.000;30.000;30.000;30.000;30.000;30.000;30.000;30.000;30.000;30.000;30.000,Whiteline,jaw movement,,,POINT,67.748,C:\Users\esthe\Downloads\white line 14 1 _\Whit_1405_6_one(2).mp4,65,NA,
whit_1405(2),2025-06-27 14:55:43.116,,109.442,Media file(s),player #1:C:\Users\esthe\Downloads\white line 14 1 _\Whit_1405_10_one(2).mp4;C:\Users\esthe\Downloads\white line 14 1 _\Whit_1405_11_two(2).mp4;C:\Users\esthe\Downloads\white line 14 1 _\Whit_1405_12_three(2).mp4;C:\Users\esthe\Downloads\white line 14 1 _\Whit_1405_13_five(2).mp4;C:\Users\esthe\Downloads\white line 14 1 _\Whit_1405_2_five (2).mp4;C:\Users\esthe\Downloads\white line 14 1 _\Whit_1405_3_one (2).mp4;C:\Users\esthe\Downloads\white line 14 1 _\Whit_1405_4_control (2).mp4;C:\Users\esthe\Downloads\white line 14 1 _\Whit_1405_5_three(2).mp4;C:\Users\esthe\Downloads\white line 14 1 _\Whit_1405_6_one(2).mp4;C:\Users\esthe\Downloads\white line 14 1 _\Whit_1405_7_two(2).mp4;C:\Users\esthe\Downloads\white line 14 1 _\Whit_1405_8_onehalf(2).mp4;C:\Users\esthe\Downloads\white line 14 1 _\Whit_1405_9_five(2).mp4,0.0,6.365;3.661;7.299;10.332;7.866;6.166;16.964;6.932;4.266;7.799;4.766;27.063,30.000;30.000;30.000;30.000;30.000;30.000;30.000;30.000;30.000;30.000;30.000;30.000,Whiteline,jaw movement,,,POINT,68.382,C:\Users\esthe\Downloads\white line 14 1 _\Whit_1405_6_one(2).mp4,84,NA,
whit_1405(2),2025-06-27 14:55:43.116,,109.442,Media file(s),player #1:C:\Users\esthe\Downloads\white line 14 1 _\Whit_1405_10_one(2).mp4;C:\Users\esthe\Downloads\white line 14 1 _\Whit_1405_11_two(2).mp4;C:\Users\esthe\Downloads\white line 14 1 _\Whit_1405_12_three(2).mp4;C:\Users\esthe\Downloads\white line 14 1 _\Whit_1405_13_five(2).mp4;C:\Users\esthe\Downloads\white line 14 1 _\Whit_1405_2_five (2).mp4;C:\Users\esthe\Downloads\white line 14 1 _\Whit_1405_3_one (2).mp4;C:\Users\esthe\Downloads\white line 14 1 _\Whit_1405_4_control (2).mp4;C:\Users\esthe\Downloads\white line 14 1 _\Whit_1405_5_three(2).mp4;C:\Users\esthe\Downloads\white line 14 1 _\Whit_1405_6_one(2).mp4;C:\Users\esthe\Downloads\white line 14 1 _\Whit_1405_7_two(2).mp4;C:\Users\esthe\Downloads\white line 14 1 _\Whit_1405_8_onehalf(2).mp4;C:\Users\esthe\Downloads\white line 14 1 _\Whit_1405_9_five(2).mp4,0.0,6.365;3.661;7.299;10.332;7.866;6.166;16.964;6.932;4.266;7.799;4.766;27.063,30.000;30.000;30.000;30.000;30.000;30.000;30.000;30.000;30.000;30.000;30.000;30.000,Whiteline,peeling,,,STOP,69.181,C:\Users\esthe\Downloads\white line 14 1 _\Whit_1405_6_one(2).mp4,108,NA,
whit_1405(2),2025-06-27 14:55:43.116,,109.442,Media file(s),player #1:C:\Users\esthe\Downloads\white line 14 1 _\Whit_1405_10_one(2).mp4;C:\Users\esthe\Downloads\white line 14 1 _\Whit_1405_11_two(2).mp4;C:\Users\esthe\Downloads\white line 14 1 _\Whit_1405_12_three(2).mp4;C:\Users\esthe\Downloads\white line 14 1 _\Whit_1405_13_five(2).mp4;C:\Users\esthe\Downloads\white line 14 1 _\Whit_1405_2_five (2).mp4;C:\Users\esthe\Downloads\white line 14 1 _\Whit_1405_3_one (2).mp4;C:\Users\esthe\Downloads\white line 14 1 _\Whit_1405_4_control (2).mp4;C:\Users\esthe\Downloads\white line 14 1 _\Whit_1405_5_three(2).mp4;C:\Users\esthe\Downloads\white line 14 1 _\Whit_1405_6_one(2).mp4;C:\Users\esthe\Downloads\white line 14 1 _\Whit_1405_7_two(2).mp4;C:\Users\esthe\Downloads\white line 14 1 _\Whit_1405_8_onehalf(2).mp4;C:\Users\esthe\Downloads\white line 14 1 _\Whit_1405_9_five(2).mp4,0.0,6.365;3.661;7.299;10.332;7.866;6.166;16.964;6.932;4.266;7.799;4.766;27.063,30.000;30.000;30.000;30.000;30.000;30.000;30.000;30.000;30.000;30.000;30.000;30.000,Whiteline,eating,,,START,69.348,C:\Users\esthe\Downloads\white line 14 1 _\Whit_1405_6_one(2).mp4,113,NA,
whit_1405(2),2025-06-27 14:55:43.116,,109.442,Media file(s),player #1:C:\Users\esthe\Downloads\white line 14 1 _\Whit_1405_10_one(2).mp4;C:\Users\esthe\Downloads\white line 14 1 _\Whit_1405_11_two(2).mp4;C:\Users\esthe\Downloads\white line 14 1 _\Whit_1405_12_three(2).mp4;C:\Users\esthe\Downloads\white line 14 1 _\Whit_1405_13_five(2).mp4;C:\Users\esthe\Downloads\white line 14 1 _\Whit_1405_2_five (2).mp4;C:\Users\esthe\Downloads\white line 14 1 _\Whit_1405_3_one (2).mp4;C:\Users\esthe\Downloads\white line 14 1 _\Whit_1405_4_control (2).mp4;C:\Users\esthe\Downloads\white line 14 1 _\Whit_1405_5_three(2).mp4;C:\Users\esthe\Downloads\white line 14 1 _\Whit_1405_6_one(2).mp4;C:\Users\esthe\Downloads\white line 14 1 _\Whit_1405_7_two(2).mp4;C:\Users\esthe\Downloads\white line 14 1 _\Whit_1405_8_onehalf(2).mp4;C:\Users\esthe\Downloads\white line 14 1 _\Whit_1405_9_five(2).mp4,0.0,6.365;3.661;7.299;10.332;7.866;6.166;16.964;6.932;4.266;7.799;4.766;27.063,30.000;30.000;30.000;30.000;30.000;30.000;30.000;30.000;30.000;30.000;30.000;30.000,Whiteline,eating,,,STOP,69.781,C:\Users\esthe\Downloads\white line 14 1 _\Whit_1405_6_one(2).mp4,126,NA,
whit_1405(2),2025-06-27 14:55:43.116,,109.442,Media file(s),player #1:C:\Users\esthe\Downloads\white line 14 1 _\Whit_1405_10_one(2).mp4;C:\Users\esthe\Downloads\white line 14 1 _\Whit_1405_11_two(2).mp4;C:\Users\esthe\Downloads\white line 14 1 _\Whit_1405_12_three(2).mp4;C:\Users\esthe\Downloads\white line 14 1 _\Whit_1405_13_five(2).mp4;C:\Users\esthe\Downloads\white line 14 1 _\Whit_1405_2_five (2).mp4;C:\Users\esthe\Downloads\white line 14 1 _\Whit_1405_3_one (2).mp4;C:\Users\esthe\Downloads\white line 14 1 _\Whit_1405_4_control (2).mp4;C:\Users\esthe\Downloads\white line 14 1 _\Whit_1405_5_three(2).mp4;C:\Users\esthe\Downloads\white line 14 1 _\Whit_1405_6_one(2).mp4;C:\Users\esthe\Downloads\white line 14 1 _\Whit_1405_7_two(2).mp4;C:\Users\esthe\Downloads\white line 14 1 _\Whit_1405_8_onehalf(2).mp4;C:\Users\esthe\Downloads\white line 14 1 _\Whit_1405_9_five(2).mp4,0.0,6.365;3.661;7.299;10.332;7.866;6.166;16.964;6.932;4.266;7.799;4.766;27.063,30.000;30.000;30.000;30.000;30.000;30.000;30.000;30.000;30.000;30.000;30.000;30.000,Whiteline,bending,,,START,70.315,C:\Users\esthe\Downloads\white line 14 1 _\Whit_1405_7_two(2).mp4,14,NA,
whit_1405(2),2025-06-27 14:55:43.116,,109.442,Media file(s),player #1:C:\Users\esthe\Downloads\white line 14 1 _\Whit_1405_10_one(2).mp4;C:\Users\esthe\Downloads\white line 14 1 _\Whit_1405_11_two(2).mp4;C:\Users\esthe\Downloads\white line 14 1 _\Whit_1405_12_three(2).mp4;C:\Users\esthe\Downloads\white line 14 1 _\Whit_1405_13_five(2).mp4;C:\Users\esthe\Downloads\white line 14 1 _\Whit_1405_2_five (2).mp4;C:\Users\esthe\Downloads\white line 14 1 _\Whit_1405_3_one (2).mp4;C:\Users\esthe\Downloads\white line 14 1 _\Whit_1405_4_control (2).mp4;C:\Users\esthe\Downloads\white line 14 1 _\Whit_1405_5_three(2).mp4;C:\Users\esthe\Downloads\white line 14 1 _\Whit_1405_6_one(2).mp4;C:\Users\esthe\Downloads\white line 14 1 _\Whit_1405_7_two(2).mp4;C:\Users\esthe\Downloads\white line 14 1 _\Whit_1405_8_onehalf(2).mp4;C:\Users\esthe\Downloads\white line 14 1 _\Whit_1405_9_five(2).mp4,0.0,6.365;3.661;7.299;10.332;7.866;6.166;16.964;6.932;4.266;7.799;4.766;27.063,30.000;30.000;30.000;30.000;30.000;30.000;30.000;30.000;30.000;30.000;30.000;30.000,Whiteline,bending,,,STOP,70.848,C:\Users\esthe\Downloads\white line 14 1 _\Whit_1405_7_two(2).mp4,30,NA,
whit_1405(2),2025-06-27 14:55:43.116,,109.442,Media file(s),player #1:C:\Users\esthe\Downloads\white line 14 1 _\Whit_1405_10_one(2).mp4;C:\Users\esthe\Downloads\white line 14 1 _\Whit_1405_11_two(2).mp4;C:\Users\esthe\Downloads\white line 14 1 _\Whit_1405_12_three(2).mp4;C:\Users\esthe\Downloads\white line 14 1 _\Whit_1405_13_five(2).mp4;C:\Users\esthe\Downloads\white line 14 1 _\Whit_1405_2_five (2).mp4;C:\Users\esthe\Downloads\white line 14 1 _\Whit_1405_3_one (2).mp4;C:\Users\esthe\Downloads\white line 14 1 _\Whit_1405_4_control (2).mp4;C:\Users\esthe\Downloads\white line 14 1 _\Whit_1405_5_three(2).mp4;C:\Users\esthe\Downloads\white line 14 1 _\Whit_1405_6_one(2).mp4;C:\Users\esthe\Downloads\white line 14 1 _\Whit_1405_7_two(2).mp4;C:\Users\esthe\Downloads\white line 14 1 _\Whit_1405_8_onehalf(2).mp4;C:\Users\esthe\Downloads\white line 14 1 _\Whit_1405_9_five(2).mp4,0.0,6.365;3.661;7.299;10.332;7.866;6.166;16.964;6.932;4.266;7.799;4.766;27.063,30.000;30.000;30.000;30.000;30.000;30.000;30.000;30.000;30.000;30.000;30.000;30.000,Whiteline,grabbing peanut,,,POINT,70.848,C:\Users\esthe\Downloads\white line 14 1 _\Whit_1405_7_two(2).mp4,30,NA,
whit_1405(2),2025-06-27 14:55:43.116,,109.442,Media file(s),player #1:C:\Users\esthe\Downloads\white line 14 1 _\Whit_1405_10_one(2).mp4;C:\Users\esthe\Downloads\white line 14 1 _\Whit_1405_11_two(2).mp4;C:\Users\esthe\Downloads\white line 14 1 _\Whit_1405_12_three(2).mp4;C:\Users\esthe\Downloads\white line 14 1 _\Whit_1405_13_five(2).mp4;C:\Users\esthe\Downloads\white line 14 1 _\Whit_1405_2_five (2).mp4;C:\Users\esthe\Downloads\white line 14 1 _\Whit_1405_3_one (2).mp4;C:\Users\esthe\Downloads\white line 14 1 _\Whit_1405_4_control (2).mp4;C:\Users\esthe\Downloads\white line 14 1 _\Whit_1405_5_three(2).mp4;C:\Users\esthe\Downloads\white line 14 1 _\Whit_1405_6_one(2).mp4;C:\Users\esthe\Downloads\white line 14 1 _\Whit_1405_7_two(2).mp4;C:\Users\esthe\Downloads\white line 14 1 _\Whit_1405_8_onehalf(2).mp4;C:\Users\esthe\Downloads\white line 14 1 _\Whit_1405_9_five(2).mp4,0.0,6.365;3.661;7.299;10.332;7.866;6.166;16.964;6.932;4.266;7.799;4.766;27.063,30.000;30.000;30.000;30.000;30.000;30.000;30.000;30.000;30.000;30.000;30.000;30.000,Whiteline,lifting,,,START,70.881,C:\Users\esthe\Downloads\white line 14 1 _\Whit_1405_7_two(2).mp4,31,NA,
whit_1405(2),2025-06-27 14:55:43.116,,109.442,Media file(s),player #1:C:\Users\esthe\Downloads\white line 14 1 _\Whit_1405_10_one(2).mp4;C:\Users\esthe\Downloads\white line 14 1 _\Whit_1405_11_two(2).mp4;C:\Users\esthe\Downloads\white line 14 1 _\Whit_1405_12_three(2).mp4;C:\Users\esthe\Downloads\white line 14 1 _\Whit_1405_13_five(2).mp4;C:\Users\esthe\Downloads\white line 14 1 _\Whit_1405_2_five (2).mp4;C:\Users\esthe\Downloads\white line 14 1 _\Whit_1405_3_one (2).mp4;C:\Users\esthe\Downloads\white line 14 1 _\Whit_1405_4_control (2).mp4;C:\Users\esthe\Downloads\white line 14 1 _\Whit_1405_5_three(2).mp4;C:\Users\esthe\Downloads\white line 14 1 _\Whit_1405_6_one(2).mp4;C:\Users\esthe\Downloads\white line 14 1 _\Whit_1405_7_two(2).mp4;C:\Users\esthe\Downloads\white line 14 1 _\Whit_1405_8_onehalf(2).mp4;C:\Users\esthe\Downloads\white line 14 1 _\Whit_1405_9_five(2).mp4,0.0,6.365;3.661;7.299;10.332;7.866;6.166;16.964;6.932;4.266;7.799;4.766;27.063,30.000;30.000;30.000;30.000;30.000;30.000;30.000;30.000;30.000;30.000;30.000;30.000,Whiteline,lifting,,,STOP,71.014,C:\Users\esthe\Downloads\white line 14 1 _\Whit_1405_7_two(2).mp4,35,NA,
whit_1405(2),2025-06-27 14:55:43.116,,109.442,Media file(s),player #1:C:\Users\esthe\Downloads\white line 14 1 _\Whit_1405_10_one(2).mp4;C:\Users\esthe\Downloads\white line 14 1 _\Whit_1405_11_two(2).mp4;C:\Users\esthe\Downloads\white line 14 1 _\Whit_1405_12_three(2).mp4;C:\Users\esthe\Downloads\white line 14 1 _\Whit_1405_13_five(2).mp4;C:\Users\esthe\Downloads\white line 14 1 _\Whit_1405_2_five (2).mp4;C:\Users\esthe\Downloads\white line 14 1 _\Whit_1405_3_one (2).mp4;C:\Users\esthe\Downloads\white line 14 1 _\Whit_1405_4_control (2).mp4;C:\Users\esthe\Downloads\white line 14 1 _\Whit_1405_5_three(2).mp4;C:\Users\esthe\Downloads\white line 14 1 _\Whit_1405_6_one(2).mp4;C:\Users\esthe\Downloads\white line 14 1 _\Whit_1405_7_two(2).mp4;C:\Users\esthe\Downloads\white line 14 1 _\Whit_1405_8_onehalf(2).mp4;C:\Users\esthe\Downloads\white line 14 1 _\Whit_1405_9_five(2).mp4,0.0,6.365;3.661;7.299;10.332;7.866;6.166;16.964;6.932;4.266;7.799;4.766;27.063,30.000;30.000;30.000;30.000;30.000;30.000;30.000;30.000;30.000;30.000;30.000;30.000,Whiteline,pause,,,START,71.048,C:\Users\esthe\Downloads\white line 14 1 _\Whit_1405_7_two(2).mp4,36,NA,
whit_1405(2),2025-06-27 14:55:43.116,,109.442,Media file(s),player #1:C:\Users\esthe\Downloads\white line 14 1 _\Whit_1405_10_one(2).mp4;C:\Users\esthe\Downloads\white line 14 1 _\Whit_1405_11_two(2).mp4;C:\Users\esthe\Downloads\white line 14 1 _\Whit_1405_12_three(2).mp4;C:\Users\esthe\Downloads\white line 14 1 _\Whit_1405_13_five(2).mp4;C:\Users\esthe\Downloads\white line 14 1 _\Whit_1405_2_five (2).mp4;C:\Users\esthe\Downloads\white line 14 1 _\Whit_1405_3_one (2).mp4;C:\Users\esthe\Downloads\white line 14 1 _\Whit_1405_4_control (2).mp4;C:\Users\esthe\Downloads\white line 14 1 _\Whit_1405_5_three(2).mp4;C:\Users\esthe\Downloads\white line 14 1 _\Whit_1405_6_one(2).mp4;C:\Users\esthe\Downloads\white line 14 1 _\Whit_1405_7_two(2).mp4;C:\Users\esthe\Downloads\white line 14 1 _\Whit_1405_8_onehalf(2).mp4;C:\Users\esthe\Downloads\white line 14 1 _\Whit_1405_9_five(2).mp4,0.0,6.365;3.661;7.299;10.332;7.866;6.166;16.964;6.932;4.266;7.799;4.766;27.063,30.000;30.000;30.000;30.000;30.000;30.000;30.000;30.000;30.000;30.000;30.000;30.000,Whiteline,pause,,,STOP,71.781,C:\Users\esthe\Downloads\white line 14 1 _\Whit_1405_7_two(2).mp4,58,NA,
whit_1405(2),2025-06-27 14:55:43.116,,109.442,Media file(s),player #1:C:\Users\esthe\Downloads\white line 14 1 _\Whit_1405_10_one(2).mp4;C:\Users\esthe\Downloads\white line 14 1 _\Whit_1405_11_two(2).mp4;C:\Users\esthe\Downloads\white line 14 1 _\Whit_1405_12_three(2).mp4;C:\Users\esthe\Downloads\white line 14 1 _\Whit_1405_13_five(2).mp4;C:\Users\esthe\Downloads\white line 14 1 _\Whit_1405_2_five (2).mp4;C:\Users\esthe\Downloads\white line 14 1 _\Whit_1405_3_one (2).mp4;C:\Users\esthe\Downloads\white line 14 1 _\Whit_1405_4_control (2).mp4;C:\Users\esthe\Downloads\white line 14 1 _\Whit_1405_5_three(2).mp4;C:\Users\esthe\Downloads\white line 14 1 _\Whit_1405_6_one(2).mp4;C:\Users\esthe\Downloads\white line 14 1 _\Whit_1405_7_two(2).mp4;C:\Users\esthe\Downloads\white line 14 1 _\Whit_1405_8_onehalf(2).mp4;C:\Users\esthe\Downloads\white line 14 1 _\Whit_1405_9_five(2).mp4,0.0,6.365;3.661;7.299;10.332;7.866;6.166;16.964;6.932;4.266;7.799;4.766;27.063,30.000;30.000;30.000;30.000;30.000;30.000;30.000;30.000;30.000;30.000;30.000;30.000,Whiteline,target,,,START,72.081,C:\Users\esthe\Downloads\white line 14 1 _\Whit_1405_7_two(2).mp4,67,NA,
whit_1405(2),2025-06-27 14:55:43.116,,109.442,Media file(s),player #1:C:\Users\esthe\Downloads\white line 14 1 _\Whit_1405_10_one(2).mp4;C:\Users\esthe\Downloads\white line 14 1 _\Whit_1405_11_two(2).mp4;C:\Users\esthe\Downloads\white line 14 1 _\Whit_1405_12_three(2).mp4;C:\Users\esthe\Downloads\white line 14 1 _\Whit_1405_13_five(2).mp4;C:\Users\esthe\Downloads\white line 14 1 _\Whit_1405_2_five (2).mp4;C:\Users\esthe\Downloads\white line 14 1 _\Whit_1405_3_one (2).mp4;C:\Users\esthe\Downloads\white line 14 1 _\Whit_1405_4_control (2).mp4;C:\Users\esthe\Downloads\white line 14 1 _\Whit_1405_5_three(2).mp4;C:\Users\esthe\Downloads\white line 14 1 _\Whit_1405_6_one(2).mp4;C:\Users\esthe\Downloads\white line 14 1 _\Whit_1405_7_two(2).mp4;C:\Users\esthe\Downloads\white line 14 1 _\Whit_1405_8_onehalf(2).mp4;C:\Users\esthe\Downloads\white line 14 1 _\Whit_1405_9_five(2).mp4,0.0,6.365;3.661;7.299;10.332;7.866;6.166;16.964;6.932;4.266;7.799;4.766;27.063,30.000;30.000;30.000;30.000;30.000;30.000;30.000;30.000;30.000;30.000;30.000;30.000,Whiteline,pause,,,START,74.281,C:\Users\esthe\Downloads\white line 14 1 _\Whit_1405_7_two(2).mp4,133,NA,
whit_1405(2),2025-06-27 14:55:43.116,,109.442,Media file(s),player #1:C:\Users\esthe\Downloads\white line 14 1 _\Whit_1405_10_one(2).mp4;C:\Users\esthe\Downloads\white line 14 1 _\Whit_1405_11_two(2).mp4;C:\Users\esthe\Downloads\white line 14 1 _\Whit_1405_12_three(2).mp4;C:\Users\esthe\Downloads\white line 14 1 _\Whit_1405_13_five(2).mp4;C:\Users\esthe\Downloads\white line 14 1 _\Whit_1405_2_five (2).mp4;C:\Users\esthe\Downloads\white line 14 1 _\Whit_1405_3_one (2).mp4;C:\Users\esthe\Downloads\white line 14 1 _\Whit_1405_4_control (2).mp4;C:\Users\esthe\Downloads\white line 14 1 _\Whit_1405_5_three(2).mp4;C:\Users\esthe\Downloads\white line 14 1 _\Whit_1405_6_one(2).mp4;C:\Users\esthe\Downloads\white line 14 1 _\Whit_1405_7_two(2).mp4;C:\Users\esthe\Downloads\white line 14 1 _\Whit_1405_8_onehalf(2).mp4;C:\Users\esthe\Downloads\white line 14 1 _\Whit_1405_9_five(2).mp4,0.0,6.365;3.661;7.299;10.332;7.866;6.166;16.964;6.932;4.266;7.799;4.766;27.063,30.000;30.000;30.000;30.000;30.000;30.000;30.000;30.000;30.000;30.000;30.000;30.000,Whiteline,pause,,,STOP,74.547,C:\Users\esthe\Downloads\white line 14 1 _\Whit_1405_7_two(2).mp4,141,NA,
whit_1405(2),2025-06-27 14:55:43.116,,109.442,Media file(s),player #1:C:\Users\esthe\Downloads\white line 14 1 _\Whit_1405_10_one(2).mp4;C:\Users\esthe\Downloads\white line 14 1 _\Whit_1405_11_two(2).mp4;C:\Users\esthe\Downloads\white line 14 1 _\Whit_1405_12_three(2).mp4;C:\Users\esthe\Downloads\white line 14 1 _\Whit_1405_13_five(2).mp4;C:\Users\esthe\Downloads\white line 14 1 _\Whit_1405_2_five (2).mp4;C:\Users\esthe\Downloads\white line 14 1 _\Whit_1405_3_one (2).mp4;C:\Users\esthe\Downloads\white line 14 1 _\Whit_1405_4_control (2).mp4;C:\Users\esthe\Downloads\white line 14 1 _\Whit_1405_5_three(2).mp4;C:\Users\esthe\Downloads\white line 14 1 _\Whit_1405_6_one(2).mp4;C:\Users\esthe\Downloads\white line 14 1 _\Whit_1405_7_two(2).mp4;C:\Users\esthe\Downloads\white line 14 1 _\Whit_1405_8_onehalf(2).mp4;C:\Users\esthe\Downloads\white line 14 1 _\Whit_1405_9_five(2).mp4,0.0,6.365;3.661;7.299;10.332;7.866;6.166;16.964;6.932;4.266;7.799;4.766;27.063,30.000;30.000;30.000;30.000;30.000;30.000;30.000;30.000;30.000;30.000;30.000;30.000,Whiteline,target,,,STOP,74.547,C:\Users\esthe\Downloads\white line 14 1 _\Whit_1405_7_two(2).mp4,141,NA,
whit_1405(2),2025-06-27 14:55:43.116,,109.442,Media file(s),player #1:C:\Users\esthe\Downloads\white line 14 1 _\Whit_1405_10_one(2).mp4;C:\Users\esthe\Downloads\white line 14 1 _\Whit_1405_11_two(2).mp4;C:\Users\esthe\Downloads\white line 14 1 _\Whit_1405_12_three(2).mp4;C:\Users\esthe\Downloads\white line 14 1 _\Whit_1405_13_five(2).mp4;C:\Users\esthe\Downloads\white line 14 1 _\Whit_1405_2_five (2).mp4;C:\Users\esthe\Downloads\white line 14 1 _\Whit_1405_3_one (2).mp4;C:\Users\esthe\Downloads\white line 14 1 _\Whit_1405_4_control (2).mp4;C:\Users\esthe\Downloads\white line 14 1 _\Whit_1405_5_three(2).mp4;C:\Users\esthe\Downloads\white line 14 1 _\Whit_1405_6_one(2).mp4;C:\Users\esthe\Downloads\white line 14 1 _\Whit_1405_7_two(2).mp4;C:\Users\esthe\Downloads\white line 14 1 _\Whit_1405_8_onehalf(2).mp4;C:\Users\esthe\Downloads\white line 14 1 _\Whit_1405_9_five(2).mp4,0.0,6.365;3.661;7.299;10.332;7.866;6.166;16.964;6.932;4.266;7.799;4.766;27.063,30.000;30.000;30.000;30.000;30.000;30.000;30.000;30.000;30.000;30.000;30.000;30.000,Whiteline,assessing,,,START,74.681,C:\Users\esthe\Downloads\white line 14 1 _\Whit_1405_7_two(2).mp4,145,NA,
whit_1405(2),2025-06-27 14:55:43.116,,109.442,Media file(s),player #1:C:\Users\esthe\Downloads\white line 14 1 _\Whit_1405_10_one(2).mp4;C:\Users\esthe\Downloads\white line 14 1 _\Whit_1405_11_two(2).mp4;C:\Users\esthe\Downloads\white line 14 1 _\Whit_1405_12_three(2).mp4;C:\Users\esthe\Downloads\white line 14 1 _\Whit_1405_13_five(2).mp4;C:\Users\esthe\Downloads\white line 14 1 _\Whit_1405_2_five (2).mp4;C:\Users\esthe\Downloads\white line 14 1 _\Whit_1405_3_one (2).mp4;C:\Users\esthe\Downloads\white line 14 1 _\Whit_1405_4_control (2).mp4;C:\Users\esthe\Downloads\white line 14 1 _\Whit_1405_5_three(2).mp4;C:\Users\esthe\Downloads\white line 14 1 _\Whit_1405_6_one(2).mp4;C:\Users\esthe\Downloads\white line 14 1 _\Whit_1405_7_two(2).mp4;C:\Users\esthe\Downloads\white line 14 1 _\Whit_1405_8_onehalf(2).mp4;C:\Users\esthe\Downloads\white line 14 1 _\Whit_1405_9_five(2).mp4,0.0,6.365;3.661;7.299;10.332;7.866;6.166;16.964;6.932;4.266;7.799;4.766;27.063,30.000;30.000;30.000;30.000;30.000;30.000;30.000;30.000;30.000;30.000;30.000;30.000,Whiteline,jaw movement,,,POINT,74.814,C:\Users\esthe\Downloads\white line 14 1 _\Whit_1405_7_two(2).mp4,149,NA,
whit_1405(2),2025-06-27 14:55:43.116,,109.442,Media file(s),player #1:C:\Users\esthe\Downloads\white line 14 1 _\Whit_1405_10_one(2).mp4;C:\Users\esthe\Downloads\white line 14 1 _\Whit_1405_11_two(2).mp4;C:\Users\esthe\Downloads\white line 14 1 _\Whit_1405_12_three(2).mp4;C:\Users\esthe\Downloads\white line 14 1 _\Whit_1405_13_five(2).mp4;C:\Users\esthe\Downloads\white line 14 1 _\Whit_1405_2_five (2).mp4;C:\Users\esthe\Downloads\white line 14 1 _\Whit_1405_3_one (2).mp4;C:\Users\esthe\Downloads\white line 14 1 _\Whit_1405_4_control (2).mp4;C:\Users\esthe\Downloads\white line 14 1 _\Whit_1405_5_three(2).mp4;C:\Users\esthe\Downloads\white line 14 1 _\Whit_1405_6_one(2).mp4;C:\Users\esthe\Downloads\white line 14 1 _\Whit_1405_7_two(2).mp4;C:\Users\esthe\Downloads\white line 14 1 _\Whit_1405_8_onehalf(2).mp4;C:\Users\esthe\Downloads\white line 14 1 _\Whit_1405_9_five(2).mp4,0.0,6.365;3.661;7.299;10.332;7.866;6.166;16.964;6.932;4.266;7.799;4.766;27.063,30.000;30.000;30.000;30.000;30.000;30.000;30.000;30.000;30.000;30.000;30.000;30.000,Whiteline,sniffing,,,POINT,74.914,C:\Users\esthe\Downloads\white line 14 1 _\Whit_1405_7_two(2).mp4,152,NA,
whit_1405(2),2025-06-27 14:55:43.116,,109.442,Media file(s),player #1:C:\Users\esthe\Downloads\white line 14 1 _\Whit_1405_10_one(2).mp4;C:\Users\esthe\Downloads\white line 14 1 _\Whit_1405_11_two(2).mp4;C:\Users\esthe\Downloads\white line 14 1 _\Whit_1405_12_three(2).mp4;C:\Users\esthe\Downloads\white line 14 1 _\Whit_1405_13_five(2).mp4;C:\Users\esthe\Downloads\white line 14 1 _\Whit_1405_2_five (2).mp4;C:\Users\esthe\Downloads\white line 14 1 _\Whit_1405_3_one (2).mp4;C:\Users\esthe\Downloads\white line 14 1 _\Whit_1405_4_control (2).mp4;C:\Users\esthe\Downloads\white line 14 1 _\Whit_1405_5_three(2).mp4;C:\Users\esthe\Downloads\white line 14 1 _\Whit_1405_6_one(2).mp4;C:\Users\esthe\Downloads\white line 14 1 _\Whit_1405_7_two(2).mp4;C:\Users\esthe\Downloads\white line 14 1 _\Whit_1405_8_onehalf(2).mp4;C:\Users\esthe\Downloads\white line 14 1 _\Whit_1405_9_five(2).mp4,0.0,6.365;3.661;7.299;10.332;7.866;6.166;16.964;6.932;4.266;7.799;4.766;27.063,30.000;30.000;30.000;30.000;30.000;30.000;30.000;30.000;30.000;30.000;30.000;30.000,Whiteline,licking,,,POINT,75.147,C:\Users\esthe\Downloads\white line 14 1 _\Whit_1405_7_two(2).mp4,159,NA,
whit_1405(2),2025-06-27 14:55:43.116,,109.442,Media file(s),player #1:C:\Users\esthe\Downloads\white line 14 1 _\Whit_1405_10_one(2).mp4;C:\Users\esthe\Downloads\white line 14 1 _\Whit_1405_11_two(2).mp4;C:\Users\esthe\Downloads\white line 14 1 _\Whit_1405_12_three(2).mp4;C:\Users\esthe\Downloads\white line 14 1 _\Whit_1405_13_five(2).mp4;C:\Users\esthe\Downloads\white line 14 1 _\Whit_1405_2_five (2).mp4;C:\Users\esthe\Downloads\white line 14 1 _\Whit_1405_3_one (2).mp4;C:\Users\esthe\Downloads\white line 14 1 _\Whit_1405_4_control (2).mp4;C:\Users\esthe\Downloads\white line 14 1 _\Whit_1405_5_three(2).mp4;C:\Users\esthe\Downloads\white line 14 1 _\Whit_1405_6_one(2).mp4;C:\Users\esthe\Downloads\white line 14 1 _\Whit_1405_7_two(2).mp4;C:\Users\esthe\Downloads\white line 14 1 _\Whit_1405_8_onehalf(2).mp4;C:\Users\esthe\Downloads\white line 14 1 _\Whit_1405_9_five(2).mp4,0.0,6.365;3.661;7.299;10.332;7.866;6.166;16.964;6.932;4.266;7.799;4.766;27.063,30.000;30.000;30.000;30.000;30.000;30.000;30.000;30.000;30.000;30.000;30.000;30.000,Whiteline,jaw movement,,,POINT,75.281,C:\Users\esthe\Downloads\white line 14 1 _\Whit_1405_7_two(2).mp4,163,NA,
whit_1405(2),2025-06-27 14:55:43.116,,109.442,Media file(s),player #1:C:\Users\esthe\Downloads\white line 14 1 _\Whit_1405_10_one(2).mp4;C:\Users\esthe\Downloads\white line 14 1 _\Whit_1405_11_two(2).mp4;C:\Users\esthe\Downloads\white line 14 1 _\Whit_1405_12_three(2).mp4;C:\Users\esthe\Downloads\white line 14 1 _\Whit_1405_13_five(2).mp4;C:\Users\esthe\Downloads\white line 14 1 _\Whit_1405_2_five (2).mp4;C:\Users\esthe\Downloads\white line 14 1 _\Whit_1405_3_one (2).mp4;C:\Users\esthe\Downloads\white line 14 1 _\Whit_1405_4_control (2).mp4;C:\Users\esthe\Downloads\white line 14 1 _\Whit_1405_5_three(2).mp4;C:\Users\esthe\Downloads\white line 14 1 _\Whit_1405_6_one(2).mp4;C:\Users\esthe\Downloads\white line 14 1 _\Whit_1405_7_two(2).mp4;C:\Users\esthe\Downloads\white line 14 1 _\Whit_1405_8_onehalf(2).mp4;C:\Users\esthe\Downloads\white line 14 1 _\Whit_1405_9_five(2).mp4,0.0,6.365;3.661;7.299;10.332;7.866;6.166;16.964;6.932;4.266;7.799;4.766;27.063,30.000;30.000;30.000;30.000;30.000;30.000;30.000;30.000;30.000;30.000;30.000;30.000,Whiteline,rotation,,Horizontal,START,75.281,C:\Users\esthe\Downloads\white line 14 1 _\Whit_1405_7_two(2).mp4,163,NA,
whit_1405(2),2025-06-27 14:55:43.116,,109.442,Media file(s),player #1:C:\Users\esthe\Downloads\white line 14 1 _\Whit_1405_10_one(2).mp4;C:\Users\esthe\Downloads\white line 14 1 _\Whit_1405_11_two(2).mp4;C:\Users\esthe\Downloads\white line 14 1 _\Whit_1405_12_three(2).mp4;C:\Users\esthe\Downloads\white line 14 1 _\Whit_1405_13_five(2).mp4;C:\Users\esthe\Downloads\white line 14 1 _\Whit_1405_2_five (2).mp4;C:\Users\esthe\Downloads\white line 14 1 _\Whit_1405_3_one (2).mp4;C:\Users\esthe\Downloads\white line 14 1 _\Whit_1405_4_control (2).mp4;C:\Users\esthe\Downloads\white line 14 1 _\Whit_1405_5_three(2).mp4;C:\Users\esthe\Downloads\white line 14 1 _\Whit_1405_6_one(2).mp4;C:\Users\esthe\Downloads\white line 14 1 _\Whit_1405_7_two(2).mp4;C:\Users\esthe\Downloads\white line 14 1 _\Whit_1405_8_onehalf(2).mp4;C:\Users\esthe\Downloads\white line 14 1 _\Whit_1405_9_five(2).mp4,0.0,6.365;3.661;7.299;10.332;7.866;6.166;16.964;6.932;4.266;7.799;4.766;27.063,30.000;30.000;30.000;30.000;30.000;30.000;30.000;30.000;30.000;30.000;30.000;30.000,Whiteline,ear clapping,,,POINT,75.647,C:\Users\esthe\Downloads\white line 14 1 _\Whit_1405_7_two(2).mp4,174,NA,
whit_1405(2),2025-06-27 14:55:43.116,,109.442,Media file(s),player #1:C:\Users\esthe\Downloads\white line 14 1 _\Whit_1405_10_one(2).mp4;C:\Users\esthe\Downloads\white line 14 1 _\Whit_1405_11_two(2).mp4;C:\Users\esthe\Downloads\white line 14 1 _\Whit_1405_12_three(2).mp4;C:\Users\esthe\Downloads\white line 14 1 _\Whit_1405_13_five(2).mp4;C:\Users\esthe\Downloads\white line 14 1 _\Whit_1405_2_five (2).mp4;C:\Users\esthe\Downloads\white line 14 1 _\Whit_1405_3_one (2).mp4;C:\Users\esthe\Downloads\white line 14 1 _\Whit_1405_4_control (2).mp4;C:\Users\esthe\Downloads\white line 14 1 _\Whit_1405_5_three(2).mp4;C:\Users\esthe\Downloads\white line 14 1 _\Whit_1405_6_one(2).mp4;C:\Users\esthe\Downloads\white line 14 1 _\Whit_1405_7_two(2).mp4;C:\Users\esthe\Downloads\white line 14 1 _\Whit_1405_8_onehalf(2).mp4;C:\Users\esthe\Downloads\white line 14 1 _\Whit_1405_9_five(2).mp4,0.0,6.365;3.661;7.299;10.332;7.866;6.166;16.964;6.932;4.266;7.799;4.766;27.063,30.000;30.000;30.000;30.000;30.000;30.000;30.000;30.000;30.000;30.000;30.000;30.000,Whiteline,ear clapping,,,POINT,75.714,C:\Users\esthe\Downloads\white line 14 1 _\Whit_1405_7_two(2).mp4,176,NA,
whit_1405(2),2025-06-27 14:55:43.116,,109.442,Media file(s),player #1:C:\Users\esthe\Downloads\white line 14 1 _\Whit_1405_10_one(2).mp4;C:\Users\esthe\Downloads\white line 14 1 _\Whit_1405_11_two(2).mp4;C:\Users\esthe\Downloads\white line 14 1 _\Whit_1405_12_three(2).mp4;C:\Users\esthe\Downloads\white line 14 1 _\Whit_1405_13_five(2).mp4;C:\Users\esthe\Downloads\white line 14 1 _\Whit_1405_2_five (2).mp4;C:\Users\esthe\Downloads\white line 14 1 _\Whit_1405_3_one (2).mp4;C:\Users\esthe\Downloads\white line 14 1 _\Whit_1405_4_control (2).mp4;C:\Users\esthe\Downloads\white line 14 1 _\Whit_1405_5_three(2).mp4;C:\Users\esthe\Downloads\white line 14 1 _\Whit_1405_6_one(2).mp4;C:\Users\esthe\Downloads\white line 14 1 _\Whit_1405_7_two(2).mp4;C:\Users\esthe\Downloads\white line 14 1 _\Whit_1405_8_onehalf(2).mp4;C:\Users\esthe\Downloads\white line 14 1 _\Whit_1405_9_five(2).mp4,0.0,6.365;3.661;7.299;10.332;7.866;6.166;16.964;6.932;4.266;7.799;4.766;27.063,30.000;30.000;30.000;30.000;30.000;30.000;30.000;30.000;30.000;30.000;30.000;30.000,Whiteline,jaw movement,,,POINT,75.714,C:\Users\esthe\Downloads\white line 14 1 _\Whit_1405_7_two(2).mp4,176,NA,
whit_1405(2),2025-06-27 14:55:43.116,,109.442,Media file(s),player #1:C:\Users\esthe\Downloads\white line 14 1 _\Whit_1405_10_one(2).mp4;C:\Users\esthe\Downloads\white line 14 1 _\Whit_1405_11_two(2).mp4;C:\Users\esthe\Downloads\white line 14 1 _\Whit_1405_12_three(2).mp4;C:\Users\esthe\Downloads\white line 14 1 _\Whit_1405_13_five(2).mp4;C:\Users\esthe\Downloads\white line 14 1 _\Whit_1405_2_five (2).mp4;C:\Users\esthe\Downloads\white line 14 1 _\Whit_1405_3_one (2).mp4;C:\Users\esthe\Downloads\white line 14 1 _\Whit_1405_4_control (2).mp4;C:\Users\esthe\Downloads\white line 14 1 _\Whit_1405_5_three(2).mp4;C:\Users\esthe\Downloads\white line 14 1 _\Whit_1405_6_one(2).mp4;C:\Users\esthe\Downloads\white line 14 1 _\Whit_1405_7_two(2).mp4;C:\Users\esthe\Downloads\white line 14 1 _\Whit_1405_8_onehalf(2).mp4;C:\Users\esthe\Downloads\white line 14 1 _\Whit_1405_9_five(2).mp4,0.0,6.365;3.661;7.299;10.332;7.866;6.166;16.964;6.932;4.266;7.799;4.766;27.063,30.000;30.000;30.000;30.000;30.000;30.000;30.000;30.000;30.000;30.000;30.000;30.000,Whiteline,rotation,,Horizontal,STOP,75.714,C:\Users\esthe\Downloads\white line 14 1 _\Whit_1405_7_two(2).mp4,176,NA,
whit_1405(2),2025-06-27 14:55:43.116,,109.442,Media file(s),player #1:C:\Users\esthe\Downloads\white line 14 1 _\Whit_1405_10_one(2).mp4;C:\Users\esthe\Downloads\white line 14 1 _\Whit_1405_11_two(2).mp4;C:\Users\esthe\Downloads\white line 14 1 _\Whit_1405_12_three(2).mp4;C:\Users\esthe\Downloads\white line 14 1 _\Whit_1405_13_five(2).mp4;C:\Users\esthe\Downloads\white line 14 1 _\Whit_1405_2_five (2).mp4;C:\Users\esthe\Downloads\white line 14 1 _\Whit_1405_3_one (2).mp4;C:\Users\esthe\Downloads\white line 14 1 _\Whit_1405_4_control (2).mp4;C:\Users\esthe\Downloads\white line 14 1 _\Whit_1405_5_three(2).mp4;C:\Users\esthe\Downloads\white line 14 1 _\Whit_1405_6_one(2).mp4;C:\Users\esthe\Downloads\white line 14 1 _\Whit_1405_7_two(2).mp4;C:\Users\esthe\Downloads\white line 14 1 _\Whit_1405_8_onehalf(2).mp4;C:\Users\esthe\Downloads\white line 14 1 _\Whit_1405_9_five(2).mp4,0.0,6.365;3.661;7.299;10.332;7.866;6.166;16.964;6.932;4.266;7.799;4.766;27.063,30.000;30.000;30.000;30.000;30.000;30.000;30.000;30.000;30.000;30.000;30.000;30.000,Whiteline,assessing,,,STOP,75.947,C:\Users\esthe\Downloads\white line 14 1 _\Whit_1405_7_two(2).mp4,183,NA,
whit_1405(2),2025-06-27 14:55:43.116,,109.442,Media file(s),player #1:C:\Users\esthe\Downloads\white line 14 1 _\Whit_1405_10_one(2).mp4;C:\Users\esthe\Downloads\white line 14 1 _\Whit_1405_11_two(2).mp4;C:\Users\esthe\Downloads\white line 14 1 _\Whit_1405_12_three(2).mp4;C:\Users\esthe\Downloads\white line 14 1 _\Whit_1405_13_five(2).mp4;C:\Users\esthe\Downloads\white line 14 1 _\Whit_1405_2_five (2).mp4;C:\Users\esthe\Downloads\white line 14 1 _\Whit_1405_3_one (2).mp4;C:\Users\esthe\Downloads\white line 14 1 _\Whit_1405_4_control (2).mp4;C:\Users\esthe\Downloads\white line 14 1 _\Whit_1405_5_three(2).mp4;C:\Users\esthe\Downloads\white line 14 1 _\Whit_1405_6_one(2).mp4;C:\Users\esthe\Downloads\white line 14 1 _\Whit_1405_7_two(2).mp4;C:\Users\esthe\Downloads\white line 14 1 _\Whit_1405_8_onehalf(2).mp4;C:\Users\esthe\Downloads\white line 14 1 _\Whit_1405_9_five(2).mp4,0.0,6.365;3.661;7.299;10.332;7.866;6.166;16.964;6.932;4.266;7.799;4.766;27.063,30.000;30.000;30.000;30.000;30.000;30.000;30.000;30.000;30.000;30.000;30.000;30.000,Whiteline,translational movement,,,POINT,75.947,C:\Users\esthe\Downloads\white line 14 1 _\Whit_1405_7_two(2).mp4,183,NA,
whit_1405(2),2025-06-27 14:55:43.116,,109.442,Media file(s),player #1:C:\Users\esthe\Downloads\white line 14 1 _\Whit_1405_10_one(2).mp4;C:\Users\esthe\Downloads\white line 14 1 _\Whit_1405_11_two(2).mp4;C:\Users\esthe\Downloads\white line 14 1 _\Whit_1405_12_three(2).mp4;C:\Users\esthe\Downloads\white line 14 1 _\Whit_1405_13_five(2).mp4;C:\Users\esthe\Downloads\white line 14 1 _\Whit_1405_2_five (2).mp4;C:\Users\esthe\Downloads\white line 14 1 _\Whit_1405_3_one (2).mp4;C:\Users\esthe\Downloads\white line 14 1 _\Whit_1405_4_control (2).mp4;C:\Users\esthe\Downloads\white line 14 1 _\Whit_1405_5_three(2).mp4;C:\Users\esthe\Downloads\white line 14 1 _\Whit_1405_6_one(2).mp4;C:\Users\esthe\Downloads\white line 14 1 _\Whit_1405_7_two(2).mp4;C:\Users\esthe\Downloads\white line 14 1 _\Whit_1405_8_onehalf(2).mp4;C:\Users\esthe\Downloads\white line 14 1 _\Whit_1405_9_five(2).mp4,0.0,6.365;3.661;7.299;10.332;7.866;6.166;16.964;6.932;4.266;7.799;4.766;27.063,30.000;30.000;30.000;30.000;30.000;30.000;30.000;30.000;30.000;30.000;30.000;30.000,Whiteline,jaw movement,,,POINT,76.014,C:\Users\esthe\Downloads\white line 14 1 _\Whit_1405_7_two(2).mp4,185,NA,
whit_1405(2),2025-06-27 14:55:43.116,,109.442,Media file(s),player #1:C:\Users\esthe\Downloads\white line 14 1 _\Whit_1405_10_one(2).mp4;C:\Users\esthe\Downloads\white line 14 1 _\Whit_1405_11_two(2).mp4;C:\Users\esthe\Downloads\white line 14 1 _\Whit_1405_12_three(2).mp4;C:\Users\esthe\Downloads\white line 14 1 _\Whit_1405_13_five(2).mp4;C:\Users\esthe\Downloads\white line 14 1 _\Whit_1405_2_five (2).mp4;C:\Users\esthe\Downloads\white line 14 1 _\Whit_1405_3_one (2).mp4;C:\Users\esthe\Downloads\white line 14 1 _\Whit_1405_4_control (2).mp4;C:\Users\esthe\Downloads\white line 14 1 _\Whit_1405_5_three(2).mp4;C:\Users\esthe\Downloads\white line 14 1 _\Whit_1405_6_one(2).mp4;C:\Users\esthe\Downloads\white line 14 1 _\Whit_1405_7_two(2).mp4;C:\Users\esthe\Downloads\white line 14 1 _\Whit_1405_8_onehalf(2).mp4;C:\Users\esthe\Downloads\white line 14 1 _\Whit_1405_9_five(2).mp4,0.0,6.365;3.661;7.299;10.332;7.866;6.166;16.964;6.932;4.266;7.799;4.766;27.063,30.000;30.000;30.000;30.000;30.000;30.000;30.000;30.000;30.000;30.000;30.000;30.000,Whiteline,peeling,,,START,76.047,C:\Users\esthe\Downloads\white line 14 1 _\Whit_1405_7_two(2).mp4,186,NA,
whit_1405(2),2025-06-27 14:55:43.116,,109.442,Media file(s),player #1:C:\Users\esthe\Downloads\white line 14 1 _\Whit_1405_10_one(2).mp4;C:\Users\esthe\Downloads\white line 14 1 _\Whit_1405_11_two(2).mp4;C:\Users\esthe\Downloads\white line 14 1 _\Whit_1405_12_three(2).mp4;C:\Users\esthe\Downloads\white line 14 1 _\Whit_1405_13_five(2).mp4;C:\Users\esthe\Downloads\white line 14 1 _\Whit_1405_2_five (2).mp4;C:\Users\esthe\Downloads\white line 14 1 _\Whit_1405_3_one (2).mp4;C:\Users\esthe\Downloads\white line 14 1 _\Whit_1405_4_control (2).mp4;C:\Users\esthe\Downloads\white line 14 1 _\Whit_1405_5_three(2).mp4;C:\Users\esthe\Downloads\white line 14 1 _\Whit_1405_6_one(2).mp4;C:\Users\esthe\Downloads\white line 14 1 _\Whit_1405_7_two(2).mp4;C:\Users\esthe\Downloads\white line 14 1 _\Whit_1405_8_onehalf(2).mp4;C:\Users\esthe\Downloads\white line 14 1 _\Whit_1405_9_five(2).mp4,0.0,6.365;3.661;7.299;10.332;7.866;6.166;16.964;6.932;4.266;7.799;4.766;27.063,30.000;30.000;30.000;30.000;30.000;30.000;30.000;30.000;30.000;30.000;30.000;30.000,Whiteline,jaw movement,,,POINT,76.314,C:\Users\esthe\Downloads\white line 14 1 _\Whit_1405_7_two(2).mp4,193,NA,
whit_1405(2),2025-06-27 14:55:43.116,,109.442,Media file(s),player #1:C:\Users\esthe\Downloads\white line 14 1 _\Whit_1405_10_one(2).mp4;C:\Users\esthe\Downloads\white line 14 1 _\Whit_1405_11_two(2).mp4;C:\Users\esthe\Downloads\white line 14 1 _\Whit_1405_12_three(2).mp4;C:\Users\esthe\Downloads\white line 14 1 _\Whit_1405_13_five(2).mp4;C:\Users\esthe\Downloads\white line 14 1 _\Whit_1405_2_five (2).mp4;C:\Users\esthe\Downloads\white line 14 1 _\Whit_1405_3_one (2).mp4;C:\Users\esthe\Downloads\white line 14 1 _\Whit_1405_4_control (2).mp4;C:\Users\esthe\Downloads\white line 14 1 _\Whit_1405_5_three(2).mp4;C:\Users\esthe\Downloads\white line 14 1 _\Whit_1405_6_one(2).mp4;C:\Users\esthe\Downloads\white line 14 1 _\Whit_1405_7_two(2).mp4;C:\Users\esthe\Downloads\white line 14 1 _\Whit_1405_8_onehalf(2).mp4;C:\Users\esthe\Downloads\white line 14 1 _\Whit_1405_9_five(2).mp4,0.0,6.365;3.661;7.299;10.332;7.866;6.166;16.964;6.932;4.266;7.799;4.766;27.063,30.000;30.000;30.000;30.000;30.000;30.000;30.000;30.000;30.000;30.000;30.000;30.000,Whiteline,jaw movement,,,POINT,76.580,C:\Users\esthe\Downloads\white line 14 1 _\Whit_1405_7_two(2).mp4,201,NA,
whit_1405(2),2025-06-27 14:55:43.116,,109.442,Media file(s),player #1:C:\Users\esthe\Downloads\white line 14 1 _\Whit_1405_10_one(2).mp4;C:\Users\esthe\Downloads\white line 14 1 _\Whit_1405_11_two(2).mp4;C:\Users\esthe\Downloads\white line 14 1 _\Whit_1405_12_three(2).mp4;C:\Users\esthe\Downloads\white line 14 1 _\Whit_1405_13_five(2).mp4;C:\Users\esthe\Downloads\white line 14 1 _\Whit_1405_2_five (2).mp4;C:\Users\esthe\Downloads\white line 14 1 _\Whit_1405_3_one (2).mp4;C:\Users\esthe\Downloads\white line 14 1 _\Whit_1405_4_control (2).mp4;C:\Users\esthe\Downloads\white line 14 1 _\Whit_1405_5_three(2).mp4;C:\Users\esthe\Downloads\white line 14 1 _\Whit_1405_6_one(2).mp4;C:\Users\esthe\Downloads\white line 14 1 _\Whit_1405_7_two(2).mp4;C:\Users\esthe\Downloads\white line 14 1 _\Whit_1405_8_onehalf(2).mp4;C:\Users\esthe\Downloads\white line 14 1 _\Whit_1405_9_five(2).mp4,0.0,6.365;3.661;7.299;10.332;7.866;6.166;16.964;6.932;4.266;7.799;4.766;27.063,30.000;30.000;30.000;30.000;30.000;30.000;30.000;30.000;30.000;30.000;30.000;30.000,Whiteline,peeling,,,STOP,76.814,C:\Users\esthe\Downloads\white line 14 1 _\Whit_1405_7_two(2).mp4,208,NA,
whit_1405(2),2025-06-27 14:55:43.116,,109.442,Media file(s),player #1:C:\Users\esthe\Downloads\white line 14 1 _\Whit_1405_10_one(2).mp4;C:\Users\esthe\Downloads\white line 14 1 _\Whit_1405_11_two(2).mp4;C:\Users\esthe\Downloads\white line 14 1 _\Whit_1405_12_three(2).mp4;C:\Users\esthe\Downloads\white line 14 1 _\Whit_1405_13_five(2).mp4;C:\Users\esthe\Downloads\white line 14 1 _\Whit_1405_2_five (2).mp4;C:\Users\esthe\Downloads\white line 14 1 _\Whit_1405_3_one (2).mp4;C:\Users\esthe\Downloads\white line 14 1 _\Whit_1405_4_control (2).mp4;C:\Users\esthe\Downloads\white line 14 1 _\Whit_1405_5_three(2).mp4;C:\Users\esthe\Downloads\white line 14 1 _\Whit_1405_6_one(2).mp4;C:\Users\esthe\Downloads\white line 14 1 _\Whit_1405_7_two(2).mp4;C:\Users\esthe\Downloads\white line 14 1 _\Whit_1405_8_onehalf(2).mp4;C:\Users\esthe\Downloads\white line 14 1 _\Whit_1405_9_five(2).mp4,0.0,6.365;3.661;7.299;10.332;7.866;6.166;16.964;6.932;4.266;7.799;4.766;27.063,30.000;30.000;30.000;30.000;30.000;30.000;30.000;30.000;30.000;30.000;30.000;30.000,Whiteline,eating,,,START,76.880,C:\Users\esthe\Downloads\white line 14 1 _\Whit_1405_7_two(2).mp4,210,NA,
whit_1405(2),2025-06-27 14:55:43.116,,109.442,Media file(s),player #1:C:\Users\esthe\Downloads\white line 14 1 _\Whit_1405_10_one(2).mp4;C:\Users\esthe\Downloads\white line 14 1 _\Whit_1405_11_two(2).mp4;C:\Users\esthe\Downloads\white line 14 1 _\Whit_1405_12_three(2).mp4;C:\Users\esthe\Downloads\white line 14 1 _\Whit_1405_13_five(2).mp4;C:\Users\esthe\Downloads\white line 14 1 _\Whit_1405_2_five (2).mp4;C:\Users\esthe\Downloads\white line 14 1 _\Whit_1405_3_one (2).mp4;C:\Users\esthe\Downloads\white line 14 1 _\Whit_1405_4_control (2).mp4;C:\Users\esthe\Downloads\white line 14 1 _\Whit_1405_5_three(2).mp4;C:\Users\esthe\Downloads\white line 14 1 _\Whit_1405_6_one(2).mp4;C:\Users\esthe\Downloads\white line 14 1 _\Whit_1405_7_two(2).mp4;C:\Users\esthe\Downloads\white line 14 1 _\Whit_1405_8_onehalf(2).mp4;C:\Users\esthe\Downloads\white line 14 1 _\Whit_1405_9_five(2).mp4,0.0,6.365;3.661;7.299;10.332;7.866;6.166;16.964;6.932;4.266;7.799;4.766;27.063,30.000;30.000;30.000;30.000;30.000;30.000;30.000;30.000;30.000;30.000;30.000;30.000,Whiteline,eating,,,STOP,77.514,C:\Users\esthe\Downloads\white line 14 1 _\Whit_1405_7_two(2).mp4,229,NA,
whit_1405(2),2025-06-27 14:55:43.116,,109.442,Media file(s),player #1:C:\Users\esthe\Downloads\white line 14 1 _\Whit_1405_10_one(2).mp4;C:\Users\esthe\Downloads\white line 14 1 _\Whit_1405_11_two(2).mp4;C:\Users\esthe\Downloads\white line 14 1 _\Whit_1405_12_three(2).mp4;C:\Users\esthe\Downloads\white line 14 1 _\Whit_1405_13_five(2).mp4;C:\Users\esthe\Downloads\white line 14 1 _\Whit_1405_2_five (2).mp4;C:\Users\esthe\Downloads\white line 14 1 _\Whit_1405_3_one (2).mp4;C:\Users\esthe\Downloads\white line 14 1 _\Whit_1405_4_control (2).mp4;C:\Users\esthe\Downloads\white line 14 1 _\Whit_1405_5_three(2).mp4;C:\Users\esthe\Downloads\white line 14 1 _\Whit_1405_6_one(2).mp4;C:\Users\esthe\Downloads\white line 14 1 _\Whit_1405_7_two(2).mp4;C:\Users\esthe\Downloads\white line 14 1 _\Whit_1405_8_onehalf(2).mp4;C:\Users\esthe\Downloads\white line 14 1 _\Whit_1405_9_five(2).mp4,0.0,6.365;3.661;7.299;10.332;7.866;6.166;16.964;6.932;4.266;7.799;4.766;27.063,30.000;30.000;30.000;30.000;30.000;30.000;30.000;30.000;30.000;30.000;30.000;30.000,Whiteline,target,,,START,77.679,C:\Users\esthe\Downloads\white line 14 1 _\Whit_1405_8_onehalf(2).mp4,2,NA,
whit_1405(2),2025-06-27 14:55:43.116,,109.442,Media file(s),player #1:C:\Users\esthe\Downloads\white line 14 1 _\Whit_1405_10_one(2).mp4;C:\Users\esthe\Downloads\white line 14 1 _\Whit_1405_11_two(2).mp4;C:\Users\esthe\Downloads\white line 14 1 _\Whit_1405_12_three(2).mp4;C:\Users\esthe\Downloads\white line 14 1 _\Whit_1405_13_five(2).mp4;C:\Users\esthe\Downloads\white line 14 1 _\Whit_1405_2_five (2).mp4;C:\Users\esthe\Downloads\white line 14 1 _\Whit_1405_3_one (2).mp4;C:\Users\esthe\Downloads\white line 14 1 _\Whit_1405_4_control (2).mp4;C:\Users\esthe\Downloads\white line 14 1 _\Whit_1405_5_three(2).mp4;C:\Users\esthe\Downloads\white line 14 1 _\Whit_1405_6_one(2).mp4;C:\Users\esthe\Downloads\white line 14 1 _\Whit_1405_7_two(2).mp4;C:\Users\esthe\Downloads\white line 14 1 _\Whit_1405_8_onehalf(2).mp4;C:\Users\esthe\Downloads\white line 14 1 _\Whit_1405_9_five(2).mp4,0.0,6.365;3.661;7.299;10.332;7.866;6.166;16.964;6.932;4.266;7.799;4.766;27.063,30.000;30.000;30.000;30.000;30.000;30.000;30.000;30.000;30.000;30.000;30.000;30.000,Whiteline,target,,,STOP,78.879,C:\Users\esthe\Downloads\white line 14 1 _\Whit_1405_8_onehalf(2).mp4,37,NA,
whit_1405(2),2025-06-27 14:55:43.116,,109.442,Media file(s),player #1:C:\Users\esthe\Downloads\white line 14 1 _\Whit_1405_10_one(2).mp4;C:\Users\esthe\Downloads\white line 14 1 _\Whit_1405_11_two(2).mp4;C:\Users\esthe\Downloads\white line 14 1 _\Whit_1405_12_three(2).mp4;C:\Users\esthe\Downloads\white line 14 1 _\Whit_1405_13_five(2).mp4;C:\Users\esthe\Downloads\white line 14 1 _\Whit_1405_2_five (2).mp4;C:\Users\esthe\Downloads\white line 14 1 _\Whit_1405_3_one (2).mp4;C:\Users\esthe\Downloads\white line 14 1 _\Whit_1405_4_control (2).mp4;C:\Users\esthe\Downloads\white line 14 1 _\Whit_1405_5_three(2).mp4;C:\Users\esthe\Downloads\white line 14 1 _\Whit_1405_6_one(2).mp4;C:\Users\esthe\Downloads\white line 14 1 _\Whit_1405_7_two(2).mp4;C:\Users\esthe\Downloads\white line 14 1 _\Whit_1405_8_onehalf(2).mp4;C:\Users\esthe\Downloads\white line 14 1 _\Whit_1405_9_five(2).mp4,0.0,6.365;3.661;7.299;10.332;7.866;6.166;16.964;6.932;4.266;7.799;4.766;27.063,30.000;30.000;30.000;30.000;30.000;30.000;30.000;30.000;30.000;30.000;30.000;30.000,Whiteline,bending,,,START,78.946,C:\Users\esthe\Downloads\white line 14 1 _\Whit_1405_8_onehalf(2).mp4,39,NA,
whit_1405(2),2025-06-27 14:55:43.116,,109.442,Media file(s),player #1:C:\Users\esthe\Downloads\white line 14 1 _\Whit_1405_10_one(2).mp4;C:\Users\esthe\Downloads\white line 14 1 _\Whit_1405_11_two(2).mp4;C:\Users\esthe\Downloads\white line 14 1 _\Whit_1405_12_three(2).mp4;C:\Users\esthe\Downloads\white line 14 1 _\Whit_1405_13_five(2).mp4;C:\Users\esthe\Downloads\white line 14 1 _\Whit_1405_2_five (2).mp4;C:\Users\esthe\Downloads\white line 14 1 _\Whit_1405_3_one (2).mp4;C:\Users\esthe\Downloads\white line 14 1 _\Whit_1405_4_control (2).mp4;C:\Users\esthe\Downloads\white line 14 1 _\Whit_1405_5_three(2).mp4;C:\Users\esthe\Downloads\white line 14 1 _\Whit_1405_6_one(2).mp4;C:\Users\esthe\Downloads\white line 14 1 _\Whit_1405_7_two(2).mp4;C:\Users\esthe\Downloads\white line 14 1 _\Whit_1405_8_onehalf(2).mp4;C:\Users\esthe\Downloads\white line 14 1 _\Whit_1405_9_five(2).mp4,0.0,6.365;3.661;7.299;10.332;7.866;6.166;16.964;6.932;4.266;7.799;4.766;27.063,30.000;30.000;30.000;30.000;30.000;30.000;30.000;30.000;30.000;30.000;30.000;30.000,Whiteline,bending,,,STOP,79.413,C:\Users\esthe\Downloads\white line 14 1 _\Whit_1405_8_onehalf(2).mp4,53,NA,
whit_1405(2),2025-06-27 14:55:43.116,,109.442,Media file(s),player #1:C:\Users\esthe\Downloads\white line 14 1 _\Whit_1405_10_one(2).mp4;C:\Users\esthe\Downloads\white line 14 1 _\Whit_1405_11_two(2).mp4;C:\Users\esthe\Downloads\white line 14 1 _\Whit_1405_12_three(2).mp4;C:\Users\esthe\Downloads\white line 14 1 _\Whit_1405_13_five(2).mp4;C:\Users\esthe\Downloads\white line 14 1 _\Whit_1405_2_five (2).mp4;C:\Users\esthe\Downloads\white line 14 1 _\Whit_1405_3_one (2).mp4;C:\Users\esthe\Downloads\white line 14 1 _\Whit_1405_4_control (2).mp4;C:\Users\esthe\Downloads\white line 14 1 _\Whit_1405_5_three(2).mp4;C:\Users\esthe\Downloads\white line 14 1 _\Whit_1405_6_one(2).mp4;C:\Users\esthe\Downloads\white line 14 1 _\Whit_1405_7_two(2).mp4;C:\Users\esthe\Downloads\white line 14 1 _\Whit_1405_8_onehalf(2).mp4;C:\Users\esthe\Downloads\white line 14 1 _\Whit_1405_9_five(2).mp4,0.0,6.365;3.661;7.299;10.332;7.866;6.166;16.964;6.932;4.266;7.799;4.766;27.063,30.000;30.000;30.000;30.000;30.000;30.000;30.000;30.000;30.000;30.000;30.000;30.000,Whiteline,grabbing peanut,,,POINT,79.413,C:\Users\esthe\Downloads\white line 14 1 _\Whit_1405_8_onehalf(2).mp4,53,NA,
whit_1405(2),2025-06-27 14:55:43.116,,109.442,Media file(s),player #1:C:\Users\esthe\Downloads\white line 14 1 _\Whit_1405_10_one(2).mp4;C:\Users\esthe\Downloads\white line 14 1 _\Whit_1405_11_two(2).mp4;C:\Users\esthe\Downloads\white line 14 1 _\Whit_1405_12_three(2).mp4;C:\Users\esthe\Downloads\white line 14 1 _\Whit_1405_13_five(2).mp4;C:\Users\esthe\Downloads\white line 14 1 _\Whit_1405_2_five (2).mp4;C:\Users\esthe\Downloads\white line 14 1 _\Whit_1405_3_one (2).mp4;C:\Users\esthe\Downloads\white line 14 1 _\Whit_1405_4_control (2).mp4;C:\Users\esthe\Downloads\white line 14 1 _\Whit_1405_5_three(2).mp4;C:\Users\esthe\Downloads\white line 14 1 _\Whit_1405_6_one(2).mp4;C:\Users\esthe\Downloads\white line 14 1 _\Whit_1405_7_two(2).mp4;C:\Users\esthe\Downloads\white line 14 1 _\Whit_1405_8_onehalf(2).mp4;C:\Users\esthe\Downloads\white line 14 1 _\Whit_1405_9_five(2).mp4,0.0,6.365;3.661;7.299;10.332;7.866;6.166;16.964;6.932;4.266;7.799;4.766;27.063,30.000;30.000;30.000;30.000;30.000;30.000;30.000;30.000;30.000;30.000;30.000;30.000,Whiteline,lifting,,,START,79.446,C:\Users\esthe\Downloads\white line 14 1 _\Whit_1405_8_onehalf(2).mp4,54,NA,
whit_1405(2),2025-06-27 14:55:43.116,,109.442,Media file(s),player #1:C:\Users\esthe\Downloads\white line 14 1 _\Whit_1405_10_one(2).mp4;C:\Users\esthe\Downloads\white line 14 1 _\Whit_1405_11_two(2).mp4;C:\Users\esthe\Downloads\white line 14 1 _\Whit_1405_12_three(2).mp4;C:\Users\esthe\Downloads\white line 14 1 _\Whit_1405_13_five(2).mp4;C:\Users\esthe\Downloads\white line 14 1 _\Whit_1405_2_five (2).mp4;C:\Users\esthe\Downloads\white line 14 1 _\Whit_1405_3_one (2).mp4;C:\Users\esthe\Downloads\white line 14 1 _\Whit_1405_4_control (2).mp4;C:\Users\esthe\Downloads\white line 14 1 _\Whit_1405_5_three(2).mp4;C:\Users\esthe\Downloads\white line 14 1 _\Whit_1405_6_one(2).mp4;C:\Users\esthe\Downloads\white line 14 1 _\Whit_1405_7_two(2).mp4;C:\Users\esthe\Downloads\white line 14 1 _\Whit_1405_8_onehalf(2).mp4;C:\Users\esthe\Downloads\white line 14 1 _\Whit_1405_9_five(2).mp4,0.0,6.365;3.661;7.299;10.332;7.866;6.166;16.964;6.932;4.266;7.799;4.766;27.063,30.000;30.000;30.000;30.000;30.000;30.000;30.000;30.000;30.000;30.000;30.000;30.000,Whiteline,lifting,,,STOP,79.679,C:\Users\esthe\Downloads\white line 14 1 _\Whit_1405_8_onehalf(2).mp4,61,NA,
whit_1405(2),2025-06-27 14:55:43.116,,109.442,Media file(s),player #1:C:\Users\esthe\Downloads\white line 14 1 _\Whit_1405_10_one(2).mp4;C:\Users\esthe\Downloads\white line 14 1 _\Whit_1405_11_two(2).mp4;C:\Users\esthe\Downloads\white line 14 1 _\Whit_1405_12_three(2).mp4;C:\Users\esthe\Downloads\white line 14 1 _\Whit_1405_13_five(2).mp4;C:\Users\esthe\Downloads\white line 14 1 _\Whit_1405_2_five (2).mp4;C:\Users\esthe\Downloads\white line 14 1 _\Whit_1405_3_one (2).mp4;C:\Users\esthe\Downloads\white line 14 1 _\Whit_1405_4_control (2).mp4;C:\Users\esthe\Downloads\white line 14 1 _\Whit_1405_5_three(2).mp4;C:\Users\esthe\Downloads\white line 14 1 _\Whit_1405_6_one(2).mp4;C:\Users\esthe\Downloads\white line 14 1 _\Whit_1405_7_two(2).mp4;C:\Users\esthe\Downloads\white line 14 1 _\Whit_1405_8_onehalf(2).mp4;C:\Users\esthe\Downloads\white line 14 1 _\Whit_1405_9_five(2).mp4,0.0,6.365;3.661;7.299;10.332;7.866;6.166;16.964;6.932;4.266;7.799;4.766;27.063,30.000;30.000;30.000;30.000;30.000;30.000;30.000;30.000;30.000;30.000;30.000;30.000,Whiteline,assessing,,,START,79.846,C:\Users\esthe\Downloads\white line 14 1 _\Whit_1405_8_onehalf(2).mp4,66,NA,
whit_1405(2),2025-06-27 14:55:43.116,,109.442,Media file(s),player #1:C:\Users\esthe\Downloads\white line 14 1 _\Whit_1405_10_one(2).mp4;C:\Users\esthe\Downloads\white line 14 1 _\Whit_1405_11_two(2).mp4;C:\Users\esthe\Downloads\white line 14 1 _\Whit_1405_12_three(2).mp4;C:\Users\esthe\Downloads\white line 14 1 _\Whit_1405_13_five(2).mp4;C:\Users\esthe\Downloads\white line 14 1 _\Whit_1405_2_five (2).mp4;C:\Users\esthe\Downloads\white line 14 1 _\Whit_1405_3_one (2).mp4;C:\Users\esthe\Downloads\white line 14 1 _\Whit_1405_4_control (2).mp4;C:\Users\esthe\Downloads\white line 14 1 _\Whit_1405_5_three(2).mp4;C:\Users\esthe\Downloads\white line 14 1 _\Whit_1405_6_one(2).mp4;C:\Users\esthe\Downloads\white line 14 1 _\Whit_1405_7_two(2).mp4;C:\Users\esthe\Downloads\white line 14 1 _\Whit_1405_8_onehalf(2).mp4;C:\Users\esthe\Downloads\white line 14 1 _\Whit_1405_9_five(2).mp4,0.0,6.365;3.661;7.299;10.332;7.866;6.166;16.964;6.932;4.266;7.799;4.766;27.063,30.000;30.000;30.000;30.000;30.000;30.000;30.000;30.000;30.000;30.000;30.000;30.000,Whiteline,jaw movement,,,POINT,79.913,C:\Users\esthe\Downloads\white line 14 1 _\Whit_1405_8_onehalf(2).mp4,68,NA,
whit_1405(2),2025-06-27 14:55:43.116,,109.442,Media file(s),player #1:C:\Users\esthe\Downloads\white line 14 1 _\Whit_1405_10_one(2).mp4;C:\Users\esthe\Downloads\white line 14 1 _\Whit_1405_11_two(2).mp4;C:\Users\esthe\Downloads\white line 14 1 _\Whit_1405_12_three(2).mp4;C:\Users\esthe\Downloads\white line 14 1 _\Whit_1405_13_five(2).mp4;C:\Users\esthe\Downloads\white line 14 1 _\Whit_1405_2_five (2).mp4;C:\Users\esthe\Downloads\white line 14 1 _\Whit_1405_3_one (2).mp4;C:\Users\esthe\Downloads\white line 14 1 _\Whit_1405_4_control (2).mp4;C:\Users\esthe\Downloads\white line 14 1 _\Whit_1405_5_three(2).mp4;C:\Users\esthe\Downloads\white line 14 1 _\Whit_1405_6_one(2).mp4;C:\Users\esthe\Downloads\white line 14 1 _\Whit_1405_7_two(2).mp4;C:\Users\esthe\Downloads\white line 14 1 _\Whit_1405_8_onehalf(2).mp4;C:\Users\esthe\Downloads\white line 14 1 _\Whit_1405_9_five(2).mp4,0.0,6.365;3.661;7.299;10.332;7.866;6.166;16.964;6.932;4.266;7.799;4.766;27.063,30.000;30.000;30.000;30.000;30.000;30.000;30.000;30.000;30.000;30.000;30.000;30.000,Whiteline,translational movement,,,POINT,80.013,C:\Users\esthe\Downloads\white line 14 1 _\Whit_1405_8_onehalf(2).mp4,71,NA,
whit_1405(2),2025-06-27 14:55:43.116,,109.442,Media file(s),player #1:C:\Users\esthe\Downloads\white line 14 1 _\Whit_1405_10_one(2).mp4;C:\Users\esthe\Downloads\white line 14 1 _\Whit_1405_11_two(2).mp4;C:\Users\esthe\Downloads\white line 14 1 _\Whit_1405_12_three(2).mp4;C:\Users\esthe\Downloads\white line 14 1 _\Whit_1405_13_five(2).mp4;C:\Users\esthe\Downloads\white line 14 1 _\Whit_1405_2_five (2).mp4;C:\Users\esthe\Downloads\white line 14 1 _\Whit_1405_3_one (2).mp4;C:\Users\esthe\Downloads\white line 14 1 _\Whit_1405_4_control (2).mp4;C:\Users\esthe\Downloads\white line 14 1 _\Whit_1405_5_three(2).mp4;C:\Users\esthe\Downloads\white line 14 1 _\Whit_1405_6_one(2).mp4;C:\Users\esthe\Downloads\white line 14 1 _\Whit_1405_7_two(2).mp4;C:\Users\esthe\Downloads\white line 14 1 _\Whit_1405_8_onehalf(2).mp4;C:\Users\esthe\Downloads\white line 14 1 _\Whit_1405_9_five(2).mp4,0.0,6.365;3.661;7.299;10.332;7.866;6.166;16.964;6.932;4.266;7.799;4.766;27.063,30.000;30.000;30.000;30.000;30.000;30.000;30.000;30.000;30.000;30.000;30.000;30.000,Whiteline,jaw movement,,,POINT,80.112,C:\Users\esthe\Downloads\white line 14 1 _\Whit_1405_8_onehalf(2).mp4,74,NA,
whit_1405(2),2025-06-27 14:55:43.116,,109.442,Media file(s),player #1:C:\Users\esthe\Downloads\white line 14 1 _\Whit_1405_10_one(2).mp4;C:\Users\esthe\Downloads\white line 14 1 _\Whit_1405_11_two(2).mp4;C:\Users\esthe\Downloads\white line 14 1 _\Whit_1405_12_three(2).mp4;C:\Users\esthe\Downloads\white line 14 1 _\Whit_1405_13_five(2).mp4;C:\Users\esthe\Downloads\white line 14 1 _\Whit_1405_2_five (2).mp4;C:\Users\esthe\Downloads\white line 14 1 _\Whit_1405_3_one (2).mp4;C:\Users\esthe\Downloads\white line 14 1 _\Whit_1405_4_control (2).mp4;C:\Users\esthe\Downloads\white line 14 1 _\Whit_1405_5_three(2).mp4;C:\Users\esthe\Downloads\white line 14 1 _\Whit_1405_6_one(2).mp4;C:\Users\esthe\Downloads\white line 14 1 _\Whit_1405_7_two(2).mp4;C:\Users\esthe\Downloads\white line 14 1 _\Whit_1405_8_onehalf(2).mp4;C:\Users\esthe\Downloads\white line 14 1 _\Whit_1405_9_five(2).mp4,0.0,6.365;3.661;7.299;10.332;7.866;6.166;16.964;6.932;4.266;7.799;4.766;27.063,30.000;30.000;30.000;30.000;30.000;30.000;30.000;30.000;30.000;30.000;30.000;30.000,Whiteline,teeth-hole contact,,,POINT,80.379,C:\Users\esthe\Downloads\white line 14 1 _\Whit_1405_8_onehalf(2).mp4,82,NA,
whit_1405(2),2025-06-27 14:55:43.116,,109.442,Media file(s),player #1:C:\Users\esthe\Downloads\white line 14 1 _\Whit_1405_10_one(2).mp4;C:\Users\esthe\Downloads\white line 14 1 _\Whit_1405_11_two(2).mp4;C:\Users\esthe\Downloads\white line 14 1 _\Whit_1405_12_three(2).mp4;C:\Users\esthe\Downloads\white line 14 1 _\Whit_1405_13_five(2).mp4;C:\Users\esthe\Downloads\white line 14 1 _\Whit_1405_2_five (2).mp4;C:\Users\esthe\Downloads\white line 14 1 _\Whit_1405_3_one (2).mp4;C:\Users\esthe\Downloads\white line 14 1 _\Whit_1405_4_control (2).mp4;C:\Users\esthe\Downloads\white line 14 1 _\Whit_1405_5_three(2).mp4;C:\Users\esthe\Downloads\white line 14 1 _\Whit_1405_6_one(2).mp4;C:\Users\esthe\Downloads\white line 14 1 _\Whit_1405_7_two(2).mp4;C:\Users\esthe\Downloads\white line 14 1 _\Whit_1405_8_onehalf(2).mp4;C:\Users\esthe\Downloads\white line 14 1 _\Whit_1405_9_five(2).mp4,0.0,6.365;3.661;7.299;10.332;7.866;6.166;16.964;6.932;4.266;7.799;4.766;27.063,30.000;30.000;30.000;30.000;30.000;30.000;30.000;30.000;30.000;30.000;30.000;30.000,Whiteline,assessing,,,STOP,80.612,C:\Users\esthe\Downloads\white line 14 1 _\Whit_1405_8_onehalf(2).mp4,89,NA,
whit_1405(2),2025-06-27 14:55:43.116,,109.442,Media file(s),player #1:C:\Users\esthe\Downloads\white line 14 1 _\Whit_1405_10_one(2).mp4;C:\Users\esthe\Downloads\white line 14 1 _\Whit_1405_11_two(2).mp4;C:\Users\esthe\Downloads\white line 14 1 _\Whit_1405_12_three(2).mp4;C:\Users\esthe\Downloads\white line 14 1 _\Whit_1405_13_five(2).mp4;C:\Users\esthe\Downloads\white line 14 1 _\Whit_1405_2_five (2).mp4;C:\Users\esthe\Downloads\white line 14 1 _\Whit_1405_3_one (2).mp4;C:\Users\esthe\Downloads\white line 14 1 _\Whit_1405_4_control (2).mp4;C:\Users\esthe\Downloads\white line 14 1 _\Whit_1405_5_three(2).mp4;C:\Users\esthe\Downloads\white line 14 1 _\Whit_1405_6_one(2).mp4;C:\Users\esthe\Downloads\white line 14 1 _\Whit_1405_7_two(2).mp4;C:\Users\esthe\Downloads\white line 14 1 _\Whit_1405_8_onehalf(2).mp4;C:\Users\esthe\Downloads\white line 14 1 _\Whit_1405_9_five(2).mp4,0.0,6.365;3.661;7.299;10.332;7.866;6.166;16.964;6.932;4.266;7.799;4.766;27.063,30.000;30.000;30.000;30.000;30.000;30.000;30.000;30.000;30.000;30.000;30.000;30.000,Whiteline,peeling,,,START,80.679,C:\Users\esthe\Downloads\white line 14 1 _\Whit_1405_8_onehalf(2).mp4,91,NA,
whit_1405(2),2025-06-27 14:55:43.116,,109.442,Media file(s),player #1:C:\Users\esthe\Downloads\white line 14 1 _\Whit_1405_10_one(2).mp4;C:\Users\esthe\Downloads\white line 14 1 _\Whit_1405_11_two(2).mp4;C:\Users\esthe\Downloads\white line 14 1 _\Whit_1405_12_three(2).mp4;C:\Users\esthe\Downloads\white line 14 1 _\Whit_1405_13_five(2).mp4;C:\Users\esthe\Downloads\white line 14 1 _\Whit_1405_2_five (2).mp4;C:\Users\esthe\Downloads\white line 14 1 _\Whit_1405_3_one (2).mp4;C:\Users\esthe\Downloads\white line 14 1 _\Whit_1405_4_control (2).mp4;C:\Users\esthe\Downloads\white line 14 1 _\Whit_1405_5_three(2).mp4;C:\Users\esthe\Downloads\white line 14 1 _\Whit_1405_6_one(2).mp4;C:\Users\esthe\Downloads\white line 14 1 _\Whit_1405_7_two(2).mp4;C:\Users\esthe\Downloads\white line 14 1 _\Whit_1405_8_onehalf(2).mp4;C:\Users\esthe\Downloads\white line 14 1 _\Whit_1405_9_five(2).mp4,0.0,6.365;3.661;7.299;10.332;7.866;6.166;16.964;6.932;4.266;7.799;4.766;27.063,30.000;30.000;30.000;30.000;30.000;30.000;30.000;30.000;30.000;30.000;30.000;30.000,Whiteline,jaw movement,,,POINT,81.279,C:\Users\esthe\Downloads\white line 14 1 _\Whit_1405_8_onehalf(2).mp4,109,NA,
whit_1405(2),2025-06-27 14:55:43.116,,109.442,Media file(s),player #1:C:\Users\esthe\Downloads\white line 14 1 _\Whit_1405_10_one(2).mp4;C:\Users\esthe\Downloads\white line 14 1 _\Whit_1405_11_two(2).mp4;C:\Users\esthe\Downloads\white line 14 1 _\Whit_1405_12_three(2).mp4;C:\Users\esthe\Downloads\white line 14 1 _\Whit_1405_13_five(2).mp4;C:\Users\esthe\Downloads\white line 14 1 _\Whit_1405_2_five (2).mp4;C:\Users\esthe\Downloads\white line 14 1 _\Whit_1405_3_one (2).mp4;C:\Users\esthe\Downloads\white line 14 1 _\Whit_1405_4_control (2).mp4;C:\Users\esthe\Downloads\white line 14 1 _\Whit_1405_5_three(2).mp4;C:\Users\esthe\Downloads\white line 14 1 _\Whit_1405_6_one(2).mp4;C:\Users\esthe\Downloads\white line 14 1 _\Whit_1405_7_two(2).mp4;C:\Users\esthe\Downloads\white line 14 1 _\Whit_1405_8_onehalf(2).mp4;C:\Users\esthe\Downloads\white line 14 1 _\Whit_1405_9_five(2).mp4,0.0,6.365;3.661;7.299;10.332;7.866;6.166;16.964;6.932;4.266;7.799;4.766;27.063,30.000;30.000;30.000;30.000;30.000;30.000;30.000;30.000;30.000;30.000;30.000;30.000,Whiteline,jaw movement,,,POINT,81.712,C:\Users\esthe\Downloads\white line 14 1 _\Whit_1405_8_onehalf(2).mp4,122,NA,
whit_1405(2),2025-06-27 14:55:43.116,,109.442,Media file(s),player #1:C:\Users\esthe\Downloads\white line 14 1 _\Whit_1405_10_one(2).mp4;C:\Users\esthe\Downloads\white line 14 1 _\Whit_1405_11_two(2).mp4;C:\Users\esthe\Downloads\white line 14 1 _\Whit_1405_12_three(2).mp4;C:\Users\esthe\Downloads\white line 14 1 _\Whit_1405_13_five(2).mp4;C:\Users\esthe\Downloads\white line 14 1 _\Whit_1405_2_five (2).mp4;C:\Users\esthe\Downloads\white line 14 1 _\Whit_1405_3_one (2).mp4;C:\Users\esthe\Downloads\white line 14 1 _\Whit_1405_4_control (2).mp4;C:\Users\esthe\Downloads\white line 14 1 _\Whit_1405_5_three(2).mp4;C:\Users\esthe\Downloads\white line 14 1 _\Whit_1405_6_one(2).mp4;C:\Users\esthe\Downloads\white line 14 1 _\Whit_1405_7_two(2).mp4;C:\Users\esthe\Downloads\white line 14 1 _\Whit_1405_8_onehalf(2).mp4;C:\Users\esthe\Downloads\white line 14 1 _\Whit_1405_9_five(2).mp4,0.0,6.365;3.661;7.299;10.332;7.866;6.166;16.964;6.932;4.266;7.799;4.766;27.063,30.000;30.000;30.000;30.000;30.000;30.000;30.000;30.000;30.000;30.000;30.000;30.000,Whiteline,jaw movement,,,POINT,81.912,C:\Users\esthe\Downloads\white line 14 1 _\Whit_1405_8_onehalf(2).mp4,128,NA,
whit_1405(2),2025-06-27 14:55:43.116,,109.442,Media file(s),player #1:C:\Users\esthe\Downloads\white line 14 1 _\Whit_1405_10_one(2).mp4;C:\Users\esthe\Downloads\white line 14 1 _\Whit_1405_11_two(2).mp4;C:\Users\esthe\Downloads\white line 14 1 _\Whit_1405_12_three(2).mp4;C:\Users\esthe\Downloads\white line 14 1 _\Whit_1405_13_five(2).mp4;C:\Users\esthe\Downloads\white line 14 1 _\Whit_1405_2_five (2).mp4;C:\Users\esthe\Downloads\white line 14 1 _\Whit_1405_3_one (2).mp4;C:\Users\esthe\Downloads\white line 14 1 _\Whit_1405_4_control (2).mp4;C:\Users\esthe\Downloads\white line 14 1 _\Whit_1405_5_three(2).mp4;C:\Users\esthe\Downloads\white line 14 1 _\Whit_1405_6_one(2).mp4;C:\Users\esthe\Downloads\white line 14 1 _\Whit_1405_7_two(2).mp4;C:\Users\esthe\Downloads\white line 14 1 _\Whit_1405_8_onehalf(2).mp4;C:\Users\esthe\Downloads\white line 14 1 _\Whit_1405_9_five(2).mp4,0.0,6.365;3.661;7.299;10.332;7.866;6.166;16.964;6.932;4.266;7.799;4.766;27.063,30.000;30.000;30.000;30.000;30.000;30.000;30.000;30.000;30.000;30.000;30.000;30.000,Whiteline,jaw movement,,,POINT,82.112,C:\Users\esthe\Downloads\white line 14 1 _\Whit_1405_8_onehalf(2).mp4,134,NA,
whit_1405(2),2025-06-27 14:55:43.116,,109.442,Media file(s),player #1:C:\Users\esthe\Downloads\white line 14 1 _\Whit_1405_10_one(2).mp4;C:\Users\esthe\Downloads\white line 14 1 _\Whit_1405_11_two(2).mp4;C:\Users\esthe\Downloads\white line 14 1 _\Whit_1405_12_three(2).mp4;C:\Users\esthe\Downloads\white line 14 1 _\Whit_1405_13_five(2).mp4;C:\Users\esthe\Downloads\white line 14 1 _\Whit_1405_2_five (2).mp4;C:\Users\esthe\Downloads\white line 14 1 _\Whit_1405_3_one (2).mp4;C:\Users\esthe\Downloads\white line 14 1 _\Whit_1405_4_control (2).mp4;C:\Users\esthe\Downloads\white line 14 1 _\Whit_1405_5_three(2).mp4;C:\Users\esthe\Downloads\white line 14 1 _\Whit_1405_6_one(2).mp4;C:\Users\esthe\Downloads\white line 14 1 _\Whit_1405_7_two(2).mp4;C:\Users\esthe\Downloads\white line 14 1 _\Whit_1405_8_onehalf(2).mp4;C:\Users\esthe\Downloads\white line 14 1 _\Whit_1405_9_five(2).mp4,0.0,6.365;3.661;7.299;10.332;7.866;6.166;16.964;6.932;4.266;7.799;4.766;27.063,30.000;30.000;30.000;30.000;30.000;30.000;30.000;30.000;30.000;30.000;30.000;30.000,Whiteline,peeling,,,STOP,82.179,C:\Users\esthe\Downloads\white line 14 1 _\Whit_1405_8_onehalf(2).mp4,136,NA,
whit_1405(2),2025-06-27 14:55:43.116,,109.442,Media file(s),player #1:C:\Users\esthe\Downloads\white line 14 1 _\Whit_1405_10_one(2).mp4;C:\Users\esthe\Downloads\white line 14 1 _\Whit_1405_11_two(2).mp4;C:\Users\esthe\Downloads\white line 14 1 _\Whit_1405_12_three(2).mp4;C:\Users\esthe\Downloads\white line 14 1 _\Whit_1405_13_five(2).mp4;C:\Users\esthe\Downloads\white line 14 1 _\Whit_1405_2_five (2).mp4;C:\Users\esthe\Downloads\white line 14 1 _\Whit_1405_3_one (2).mp4;C:\Users\esthe\Downloads\white line 14 1 _\Whit_1405_4_control (2).mp4;C:\Users\esthe\Downloads\white line 14 1 _\Whit_1405_5_three(2).mp4;C:\Users\esthe\Downloads\white line 14 1 _\Whit_1405_6_one(2).mp4;C:\Users\esthe\Downloads\white line 14 1 _\Whit_1405_7_two(2).mp4;C:\Users\esthe\Downloads\white line 14 1 _\Whit_1405_8_onehalf(2).mp4;C:\Users\esthe\Downloads\white line 14 1 _\Whit_1405_9_five(2).mp4,0.0,6.365;3.661;7.299;10.332;7.866;6.166;16.964;6.932;4.266;7.799;4.766;27.063,30.000;30.000;30.000;30.000;30.000;30.000;30.000;30.000;30.000;30.000;30.000;30.000,Whiteline,eating,,,START,82.212,C:\Users\esthe\Downloads\white line 14 1 _\Whit_1405_8_onehalf(2).mp4,137,NA,
whit_1405(2),2025-06-27 14:55:43.116,,109.442,Media file(s),player #1:C:\Users\esthe\Downloads\white line 14 1 _\Whit_1405_10_one(2).mp4;C:\Users\esthe\Downloads\white line 14 1 _\Whit_1405_11_two(2).mp4;C:\Users\esthe\Downloads\white line 14 1 _\Whit_1405_12_three(2).mp4;C:\Users\esthe\Downloads\white line 14 1 _\Whit_1405_13_five(2).mp4;C:\Users\esthe\Downloads\white line 14 1 _\Whit_1405_2_five (2).mp4;C:\Users\esthe\Downloads\white line 14 1 _\Whit_1405_3_one (2).mp4;C:\Users\esthe\Downloads\white line 14 1 _\Whit_1405_4_control (2).mp4;C:\Users\esthe\Downloads\white line 14 1 _\Whit_1405_5_three(2).mp4;C:\Users\esthe\Downloads\white line 14 1 _\Whit_1405_6_one(2).mp4;C:\Users\esthe\Downloads\white line 14 1 _\Whit_1405_7_two(2).mp4;C:\Users\esthe\Downloads\white line 14 1 _\Whit_1405_8_onehalf(2).mp4;C:\Users\esthe\Downloads\white line 14 1 _\Whit_1405_9_five(2).mp4,0.0,6.365;3.661;7.299;10.332;7.866;6.166;16.964;6.932;4.266;7.799;4.766;27.063,30.000;30.000;30.000;30.000;30.000;30.000;30.000;30.000;30.000;30.000;30.000;30.000,Whiteline,eating,,,STOP,82.346,C:\Users\esthe\Downloads\white line 14 1 _\Whit_1405_8_onehalf(2).mp4,141,NA,
whit_1405(2),2025-06-27 14:55:43.116,,109.442,Media file(s),player #1:C:\Users\esthe\Downloads\white line 14 1 _\Whit_1405_10_one(2).mp4;C:\Users\esthe\Downloads\white line 14 1 _\Whit_1405_11_two(2).mp4;C:\Users\esthe\Downloads\white line 14 1 _\Whit_1405_12_three(2).mp4;C:\Users\esthe\Downloads\white line 14 1 _\Whit_1405_13_five(2).mp4;C:\Users\esthe\Downloads\white line 14 1 _\Whit_1405_2_five (2).mp4;C:\Users\esthe\Downloads\white line 14 1 _\Whit_1405_3_one (2).mp4;C:\Users\esthe\Downloads\white line 14 1 _\Whit_1405_4_control (2).mp4;C:\Users\esthe\Downloads\white line 14 1 _\Whit_1405_5_three(2).mp4;C:\Users\esthe\Downloads\white line 14 1 _\Whit_1405_6_one(2).mp4;C:\Users\esthe\Downloads\white line 14 1 _\Whit_1405_7_two(2).mp4;C:\Users\esthe\Downloads\white line 14 1 _\Whit_1405_8_onehalf(2).mp4;C:\Users\esthe\Downloads\white line 14 1 _\Whit_1405_9_five(2).mp4,0.0,6.365;3.661;7.299;10.332;7.866;6.166;16.964;6.932;4.266;7.799;4.766;27.063,30.000;30.000;30.000;30.000;30.000;30.000;30.000;30.000;30.000;30.000;30.000;30.000,Whiteline,bending,,,START,82.412,C:\Users\esthe\Downloads\white line 14 1 _\Whit_1405_8_onehalf(2).mp4,0,NA,
whit_1405(2),2025-06-27 14:55:43.116,,109.442,Media file(s),player #1:C:\Users\esthe\Downloads\white line 14 1 _\Whit_1405_10_one(2).mp4;C:\Users\esthe\Downloads\white line 14 1 _\Whit_1405_11_two(2).mp4;C:\Users\esthe\Downloads\white line 14 1 _\Whit_1405_12_three(2).mp4;C:\Users\esthe\Downloads\white line 14 1 _\Whit_1405_13_five(2).mp4;C:\Users\esthe\Downloads\white line 14 1 _\Whit_1405_2_five (2).mp4;C:\Users\esthe\Downloads\white line 14 1 _\Whit_1405_3_one (2).mp4;C:\Users\esthe\Downloads\white line 14 1 _\Whit_1405_4_control (2).mp4;C:\Users\esthe\Downloads\white line 14 1 _\Whit_1405_5_three(2).mp4;C:\Users\esthe\Downloads\white line 14 1 _\Whit_1405_6_one(2).mp4;C:\Users\esthe\Downloads\white line 14 1 _\Whit_1405_7_two(2).mp4;C:\Users\esthe\Downloads\white line 14 1 _\Whit_1405_8_onehalf(2).mp4;C:\Users\esthe\Downloads\white line 14 1 _\Whit_1405_9_five(2).mp4,0.0,6.365;3.661;7.299;10.332;7.866;6.166;16.964;6.932;4.266;7.799;4.766;27.063,30.000;30.000;30.000;30.000;30.000;30.000;30.000;30.000;30.000;30.000;30.000;30.000,Whiteline,bending,,,STOP,83.045,C:\Users\esthe\Downloads\white line 14 1 _\Whit_1405_9_five(2).mp4,19,NA,
whit_1405(2),2025-06-27 14:55:43.116,,109.442,Media file(s),player #1:C:\Users\esthe\Downloads\white line 14 1 _\Whit_1405_10_one(2).mp4;C:\Users\esthe\Downloads\white line 14 1 _\Whit_1405_11_two(2).mp4;C:\Users\esthe\Downloads\white line 14 1 _\Whit_1405_12_three(2).mp4;C:\Users\esthe\Downloads\white line 14 1 _\Whit_1405_13_five(2).mp4;C:\Users\esthe\Downloads\white line 14 1 _\Whit_1405_2_five (2).mp4;C:\Users\esthe\Downloads\white line 14 1 _\Whit_1405_3_one (2).mp4;C:\Users\esthe\Downloads\white line 14 1 _\Whit_1405_4_control (2).mp4;C:\Users\esthe\Downloads\white line 14 1 _\Whit_1405_5_three(2).mp4;C:\Users\esthe\Downloads\white line 14 1 _\Whit_1405_6_one(2).mp4;C:\Users\esthe\Downloads\white line 14 1 _\Whit_1405_7_two(2).mp4;C:\Users\esthe\Downloads\white line 14 1 _\Whit_1405_8_onehalf(2).mp4;C:\Users\esthe\Downloads\white line 14 1 _\Whit_1405_9_five(2).mp4,0.0,6.365;3.661;7.299;10.332;7.866;6.166;16.964;6.932;4.266;7.799;4.766;27.063,30.000;30.000;30.000;30.000;30.000;30.000;30.000;30.000;30.000;30.000;30.000;30.000,Whiteline,grabbing peanut,,,POINT,83.045,C:\Users\esthe\Downloads\white line 14 1 _\Whit_1405_9_five(2).mp4,19,NA,
whit_1405(2),2025-06-27 14:55:43.116,,109.442,Media file(s),player #1:C:\Users\esthe\Downloads\white line 14 1 _\Whit_1405_10_one(2).mp4;C:\Users\esthe\Downloads\white line 14 1 _\Whit_1405_11_two(2).mp4;C:\Users\esthe\Downloads\white line 14 1 _\Whit_1405_12_three(2).mp4;C:\Users\esthe\Downloads\white line 14 1 _\Whit_1405_13_five(2).mp4;C:\Users\esthe\Downloads\white line 14 1 _\Whit_1405_2_five (2).mp4;C:\Users\esthe\Downloads\white line 14 1 _\Whit_1405_3_one (2).mp4;C:\Users\esthe\Downloads\white line 14 1 _\Whit_1405_4_control (2).mp4;C:\Users\esthe\Downloads\white line 14 1 _\Whit_1405_5_three(2).mp4;C:\Users\esthe\Downloads\white line 14 1 _\Whit_1405_6_one(2).mp4;C:\Users\esthe\Downloads\white line 14 1 _\Whit_1405_7_two(2).mp4;C:\Users\esthe\Downloads\white line 14 1 _\Whit_1405_8_onehalf(2).mp4;C:\Users\esthe\Downloads\white line 14 1 _\Whit_1405_9_five(2).mp4,0.0,6.365;3.661;7.299;10.332;7.866;6.166;16.964;6.932;4.266;7.799;4.766;27.063,30.000;30.000;30.000;30.000;30.000;30.000;30.000;30.000;30.000;30.000;30.000;30.000,Whiteline,lifting,,,START,83.079,C:\Users\esthe\Downloads\white line 14 1 _\Whit_1405_9_five(2).mp4,20,NA,
whit_1405(2),2025-06-27 14:55:43.116,,109.442,Media file(s),player #1:C:\Users\esthe\Downloads\white line 14 1 _\Whit_1405_10_one(2).mp4;C:\Users\esthe\Downloads\white line 14 1 _\Whit_1405_11_two(2).mp4;C:\Users\esthe\Downloads\white line 14 1 _\Whit_1405_12_three(2).mp4;C:\Users\esthe\Downloads\white line 14 1 _\Whit_1405_13_five(2).mp4;C:\Users\esthe\Downloads\white line 14 1 _\Whit_1405_2_five (2).mp4;C:\Users\esthe\Downloads\white line 14 1 _\Whit_1405_3_one (2).mp4;C:\Users\esthe\Downloads\white line 14 1 _\Whit_1405_4_control (2).mp4;C:\Users\esthe\Downloads\white line 14 1 _\Whit_1405_5_three(2).mp4;C:\Users\esthe\Downloads\white line 14 1 _\Whit_1405_6_one(2).mp4;C:\Users\esthe\Downloads\white line 14 1 _\Whit_1405_7_two(2).mp4;C:\Users\esthe\Downloads\white line 14 1 _\Whit_1405_8_onehalf(2).mp4;C:\Users\esthe\Downloads\white line 14 1 _\Whit_1405_9_five(2).mp4,0.0,6.365;3.661;7.299;10.332;7.866;6.166;16.964;6.932;4.266;7.799;4.766;27.063,30.000;30.000;30.000;30.000;30.000;30.000;30.000;30.000;30.000;30.000;30.000;30.000,Whiteline,lifting,,,STOP,83.378,C:\Users\esthe\Downloads\white line 14 1 _\Whit_1405_9_five(2).mp4,29,NA,
whit_1405(2),2025-06-27 14:55:43.116,,109.442,Media file(s),player #1:C:\Users\esthe\Downloads\white line 14 1 _\Whit_1405_10_one(2).mp4;C:\Users\esthe\Downloads\white line 14 1 _\Whit_1405_11_two(2).mp4;C:\Users\esthe\Downloads\white line 14 1 _\Whit_1405_12_three(2).mp4;C:\Users\esthe\Downloads\white line 14 1 _\Whit_1405_13_five(2).mp4;C:\Users\esthe\Downloads\white line 14 1 _\Whit_1405_2_five (2).mp4;C:\Users\esthe\Downloads\white line 14 1 _\Whit_1405_3_one (2).mp4;C:\Users\esthe\Downloads\white line 14 1 _\Whit_1405_4_control (2).mp4;C:\Users\esthe\Downloads\white line 14 1 _\Whit_1405_5_three(2).mp4;C:\Users\esthe\Downloads\white line 14 1 _\Whit_1405_6_one(2).mp4;C:\Users\esthe\Downloads\white line 14 1 _\Whit_1405_7_two(2).mp4;C:\Users\esthe\Downloads\white line 14 1 _\Whit_1405_8_onehalf(2).mp4;C:\Users\esthe\Downloads\white line 14 1 _\Whit_1405_9_five(2).mp4,0.0,6.365;3.661;7.299;10.332;7.866;6.166;16.964;6.932;4.266;7.799;4.766;27.063,30.000;30.000;30.000;30.000;30.000;30.000;30.000;30.000;30.000;30.000;30.000;30.000,Whiteline,assessing,,,START,83.645,C:\Users\esthe\Downloads\white line 14 1 _\Whit_1405_9_five(2).mp4,37,NA,
whit_1405(2),2025-06-27 14:55:43.116,,109.442,Media file(s),player #1:C:\Users\esthe\Downloads\white line 14 1 _\Whit_1405_10_one(2).mp4;C:\Users\esthe\Downloads\white line 14 1 _\Whit_1405_11_two(2).mp4;C:\Users\esthe\Downloads\white line 14 1 _\Whit_1405_12_three(2).mp4;C:\Users\esthe\Downloads\white line 14 1 _\Whit_1405_13_five(2).mp4;C:\Users\esthe\Downloads\white line 14 1 _\Whit_1405_2_five (2).mp4;C:\Users\esthe\Downloads\white line 14 1 _\Whit_1405_3_one (2).mp4;C:\Users\esthe\Downloads\white line 14 1 _\Whit_1405_4_control (2).mp4;C:\Users\esthe\Downloads\white line 14 1 _\Whit_1405_5_three(2).mp4;C:\Users\esthe\Downloads\white line 14 1 _\Whit_1405_6_one(2).mp4;C:\Users\esthe\Downloads\white line 14 1 _\Whit_1405_7_two(2).mp4;C:\Users\esthe\Downloads\white line 14 1 _\Whit_1405_8_onehalf(2).mp4;C:\Users\esthe\Downloads\white line 14 1 _\Whit_1405_9_five(2).mp4,0.0,6.365;3.661;7.299;10.332;7.866;6.166;16.964;6.932;4.266;7.799;4.766;27.063,30.000;30.000;30.000;30.000;30.000;30.000;30.000;30.000;30.000;30.000;30.000;30.000,Whiteline,jaw movement,,,POINT,83.745,C:\Users\esthe\Downloads\white line 14 1 _\Whit_1405_9_five(2).mp4,40,NA,
whit_1405(2),2025-06-27 14:55:43.116,,109.442,Media file(s),player #1:C:\Users\esthe\Downloads\white line 14 1 _\Whit_1405_10_one(2).mp4;C:\Users\esthe\Downloads\white line 14 1 _\Whit_1405_11_two(2).mp4;C:\Users\esthe\Downloads\white line 14 1 _\Whit_1405_12_three(2).mp4;C:\Users\esthe\Downloads\white line 14 1 _\Whit_1405_13_five(2).mp4;C:\Users\esthe\Downloads\white line 14 1 _\Whit_1405_2_five (2).mp4;C:\Users\esthe\Downloads\white line 14 1 _\Whit_1405_3_one (2).mp4;C:\Users\esthe\Downloads\white line 14 1 _\Whit_1405_4_control (2).mp4;C:\Users\esthe\Downloads\white line 14 1 _\Whit_1405_5_three(2).mp4;C:\Users\esthe\Downloads\white line 14 1 _\Whit_1405_6_one(2).mp4;C:\Users\esthe\Downloads\white line 14 1 _\Whit_1405_7_two(2).mp4;C:\Users\esthe\Downloads\white line 14 1 _\Whit_1405_8_onehalf(2).mp4;C:\Users\esthe\Downloads\white line 14 1 _\Whit_1405_9_five(2).mp4,0.0,6.365;3.661;7.299;10.332;7.866;6.166;16.964;6.932;4.266;7.799;4.766;27.063,30.000;30.000;30.000;30.000;30.000;30.000;30.000;30.000;30.000;30.000;30.000;30.000,Whiteline,sniffing,,,POINT,83.978,C:\Users\esthe\Downloads\white line 14 1 _\Whit_1405_9_five(2).mp4,47,NA,
whit_1405(2),2025-06-27 14:55:43.116,,109.442,Media file(s),player #1:C:\Users\esthe\Downloads\white line 14 1 _\Whit_1405_10_one(2).mp4;C:\Users\esthe\Downloads\white line 14 1 _\Whit_1405_11_two(2).mp4;C:\Users\esthe\Downloads\white line 14 1 _\Whit_1405_12_three(2).mp4;C:\Users\esthe\Downloads\white line 14 1 _\Whit_1405_13_five(2).mp4;C:\Users\esthe\Downloads\white line 14 1 _\Whit_1405_2_five (2).mp4;C:\Users\esthe\Downloads\white line 14 1 _\Whit_1405_3_one (2).mp4;C:\Users\esthe\Downloads\white line 14 1 _\Whit_1405_4_control (2).mp4;C:\Users\esthe\Downloads\white line 14 1 _\Whit_1405_5_three(2).mp4;C:\Users\esthe\Downloads\white line 14 1 _\Whit_1405_6_one(2).mp4;C:\Users\esthe\Downloads\white line 14 1 _\Whit_1405_7_two(2).mp4;C:\Users\esthe\Downloads\white line 14 1 _\Whit_1405_8_onehalf(2).mp4;C:\Users\esthe\Downloads\white line 14 1 _\Whit_1405_9_five(2).mp4,0.0,6.365;3.661;7.299;10.332;7.866;6.166;16.964;6.932;4.266;7.799;4.766;27.063,30.000;30.000;30.000;30.000;30.000;30.000;30.000;30.000;30.000;30.000;30.000;30.000,Whiteline,rotation,,Vertical,START,84.445,C:\Users\esthe\Downloads\white line 14 1 _\Whit_1405_9_five(2).mp4,61,NA,
whit_1405(2),2025-06-27 14:55:43.116,,109.442,Media file(s),player #1:C:\Users\esthe\Downloads\white line 14 1 _\Whit_1405_10_one(2).mp4;C:\Users\esthe\Downloads\white line 14 1 _\Whit_1405_11_two(2).mp4;C:\Users\esthe\Downloads\white line 14 1 _\Whit_1405_12_three(2).mp4;C:\Users\esthe\Downloads\white line 14 1 _\Whit_1405_13_five(2).mp4;C:\Users\esthe\Downloads\white line 14 1 _\Whit_1405_2_five (2).mp4;C:\Users\esthe\Downloads\white line 14 1 _\Whit_1405_3_one (2).mp4;C:\Users\esthe\Downloads\white line 14 1 _\Whit_1405_4_control (2).mp4;C:\Users\esthe\Downloads\white line 14 1 _\Whit_1405_5_three(2).mp4;C:\Users\esthe\Downloads\white line 14 1 _\Whit_1405_6_one(2).mp4;C:\Users\esthe\Downloads\white line 14 1 _\Whit_1405_7_two(2).mp4;C:\Users\esthe\Downloads\white line 14 1 _\Whit_1405_8_onehalf(2).mp4;C:\Users\esthe\Downloads\white line 14 1 _\Whit_1405_9_five(2).mp4,0.0,6.365;3.661;7.299;10.332;7.866;6.166;16.964;6.932;4.266;7.799;4.766;27.063,30.000;30.000;30.000;30.000;30.000;30.000;30.000;30.000;30.000;30.000;30.000;30.000,Whiteline,jaw movement,,,POINT,84.845,C:\Users\esthe\Downloads\white line 14 1 _\Whit_1405_9_five(2).mp4,73,NA,
whit_1405(2),2025-06-27 14:55:43.116,,109.442,Media file(s),player #1:C:\Users\esthe\Downloads\white line 14 1 _\Whit_1405_10_one(2).mp4;C:\Users\esthe\Downloads\white line 14 1 _\Whit_1405_11_two(2).mp4;C:\Users\esthe\Downloads\white line 14 1 _\Whit_1405_12_three(2).mp4;C:\Users\esthe\Downloads\white line 14 1 _\Whit_1405_13_five(2).mp4;C:\Users\esthe\Downloads\white line 14 1 _\Whit_1405_2_five (2).mp4;C:\Users\esthe\Downloads\white line 14 1 _\Whit_1405_3_one (2).mp4;C:\Users\esthe\Downloads\white line 14 1 _\Whit_1405_4_control (2).mp4;C:\Users\esthe\Downloads\white line 14 1 _\Whit_1405_5_three(2).mp4;C:\Users\esthe\Downloads\white line 14 1 _\Whit_1405_6_one(2).mp4;C:\Users\esthe\Downloads\white line 14 1 _\Whit_1405_7_two(2).mp4;C:\Users\esthe\Downloads\white line 14 1 _\Whit_1405_8_onehalf(2).mp4;C:\Users\esthe\Downloads\white line 14 1 _\Whit_1405_9_five(2).mp4,0.0,6.365;3.661;7.299;10.332;7.866;6.166;16.964;6.932;4.266;7.799;4.766;27.063,30.000;30.000;30.000;30.000;30.000;30.000;30.000;30.000;30.000;30.000;30.000;30.000,Whiteline,rotation,,Vertical,STOP,84.845,C:\Users\esthe\Downloads\white line 14 1 _\Whit_1405_9_five(2).mp4,73,NA,
whit_1405(2),2025-06-27 14:55:43.116,,109.442,Media file(s),player #1:C:\Users\esthe\Downloads\white line 14 1 _\Whit_1405_10_one(2).mp4;C:\Users\esthe\Downloads\white line 14 1 _\Whit_1405_11_two(2).mp4;C:\Users\esthe\Downloads\white line 14 1 _\Whit_1405_12_three(2).mp4;C:\Users\esthe\Downloads\white line 14 1 _\Whit_1405_13_five(2).mp4;C:\Users\esthe\Downloads\white line 14 1 _\Whit_1405_2_five (2).mp4;C:\Users\esthe\Downloads\white line 14 1 _\Whit_1405_3_one (2).mp4;C:\Users\esthe\Downloads\white line 14 1 _\Whit_1405_4_control (2).mp4;C:\Users\esthe\Downloads\white line 14 1 _\Whit_1405_5_three(2).mp4;C:\Users\esthe\Downloads\white line 14 1 _\Whit_1405_6_one(2).mp4;C:\Users\esthe\Downloads\white line 14 1 _\Whit_1405_7_two(2).mp4;C:\Users\esthe\Downloads\white line 14 1 _\Whit_1405_8_onehalf(2).mp4;C:\Users\esthe\Downloads\white line 14 1 _\Whit_1405_9_five(2).mp4,0.0,6.365;3.661;7.299;10.332;7.866;6.166;16.964;6.932;4.266;7.799;4.766;27.063,30.000;30.000;30.000;30.000;30.000;30.000;30.000;30.000;30.000;30.000;30.000;30.000,Whiteline,rotation,,Vertical,START,85.078,C:\Users\esthe\Downloads\white line 14 1 _\Whit_1405_9_five(2).mp4,80,NA,
whit_1405(2),2025-06-27 14:55:43.116,,109.442,Media file(s),player #1:C:\Users\esthe\Downloads\white line 14 1 _\Whit_1405_10_one(2).mp4;C:\Users\esthe\Downloads\white line 14 1 _\Whit_1405_11_two(2).mp4;C:\Users\esthe\Downloads\white line 14 1 _\Whit_1405_12_three(2).mp4;C:\Users\esthe\Downloads\white line 14 1 _\Whit_1405_13_five(2).mp4;C:\Users\esthe\Downloads\white line 14 1 _\Whit_1405_2_five (2).mp4;C:\Users\esthe\Downloads\white line 14 1 _\Whit_1405_3_one (2).mp4;C:\Users\esthe\Downloads\white line 14 1 _\Whit_1405_4_control (2).mp4;C:\Users\esthe\Downloads\white line 14 1 _\Whit_1405_5_three(2).mp4;C:\Users\esthe\Downloads\white line 14 1 _\Whit_1405_6_one(2).mp4;C:\Users\esthe\Downloads\white line 14 1 _\Whit_1405_7_two(2).mp4;C:\Users\esthe\Downloads\white line 14 1 _\Whit_1405_8_onehalf(2).mp4;C:\Users\esthe\Downloads\white line 14 1 _\Whit_1405_9_five(2).mp4,0.0,6.365;3.661;7.299;10.332;7.866;6.166;16.964;6.932;4.266;7.799;4.766;27.063,30.000;30.000;30.000;30.000;30.000;30.000;30.000;30.000;30.000;30.000;30.000;30.000,Whiteline,sniffing,,,POINT,85.112,C:\Users\esthe\Downloads\white line 14 1 _\Whit_1405_9_five(2).mp4,81,NA,
whit_1405(2),2025-06-27 14:55:43.116,,109.442,Media file(s),player #1:C:\Users\esthe\Downloads\white line 14 1 _\Whit_1405_10_one(2).mp4;C:\Users\esthe\Downloads\white line 14 1 _\Whit_1405_11_two(2).mp4;C:\Users\esthe\Downloads\white line 14 1 _\Whit_1405_12_three(2).mp4;C:\Users\esthe\Downloads\white line 14 1 _\Whit_1405_13_five(2).mp4;C:\Users\esthe\Downloads\white line 14 1 _\Whit_1405_2_five (2).mp4;C:\Users\esthe\Downloads\white line 14 1 _\Whit_1405_3_one (2).mp4;C:\Users\esthe\Downloads\white line 14 1 _\Whit_1405_4_control (2).mp4;C:\Users\esthe\Downloads\white line 14 1 _\Whit_1405_5_three(2).mp4;C:\Users\esthe\Downloads\white line 14 1 _\Whit_1405_6_one(2).mp4;C:\Users\esthe\Downloads\white line 14 1 _\Whit_1405_7_two(2).mp4;C:\Users\esthe\Downloads\white line 14 1 _\Whit_1405_8_onehalf(2).mp4;C:\Users\esthe\Downloads\white line 14 1 _\Whit_1405_9_five(2).mp4,0.0,6.365;3.661;7.299;10.332;7.866;6.166;16.964;6.932;4.266;7.799;4.766;27.063,30.000;30.000;30.000;30.000;30.000;30.000;30.000;30.000;30.000;30.000;30.000;30.000,Whiteline,translational movement,,,POINT,85.345,C:\Users\esthe\Downloads\white line 14 1 _\Whit_1405_9_five(2).mp4,88,NA,
whit_1405(2),2025-06-27 14:55:43.116,,109.442,Media file(s),player #1:C:\Users\esthe\Downloads\white line 14 1 _\Whit_1405_10_one(2).mp4;C:\Users\esthe\Downloads\white line 14 1 _\Whit_1405_11_two(2).mp4;C:\Users\esthe\Downloads\white line 14 1 _\Whit_1405_12_three(2).mp4;C:\Users\esthe\Downloads\white line 14 1 _\Whit_1405_13_five(2).mp4;C:\Users\esthe\Downloads\white line 14 1 _\Whit_1405_2_five (2).mp4;C:\Users\esthe\Downloads\white line 14 1 _\Whit_1405_3_one (2).mp4;C:\Users\esthe\Downloads\white line 14 1 _\Whit_1405_4_control (2).mp4;C:\Users\esthe\Downloads\white line 14 1 _\Whit_1405_5_three(2).mp4;C:\Users\esthe\Downloads\white line 14 1 _\Whit_1405_6_one(2).mp4;C:\Users\esthe\Downloads\white line 14 1 _\Whit_1405_7_two(2).mp4;C:\Users\esthe\Downloads\white line 14 1 _\Whit_1405_8_onehalf(2).mp4;C:\Users\esthe\Downloads\white line 14 1 _\Whit_1405_9_five(2).mp4,0.0,6.365;3.661;7.299;10.332;7.866;6.166;16.964;6.932;4.266;7.799;4.766;27.063,30.000;30.000;30.000;30.000;30.000;30.000;30.000;30.000;30.000;30.000;30.000;30.000,Whiteline,licking,,,POINT,85.478,C:\Users\esthe\Downloads\white line 14 1 _\Whit_1405_9_five(2).mp4,92,NA,
whit_1405(2),2025-06-27 14:55:43.116,,109.442,Media file(s),player #1:C:\Users\esthe\Downloads\white line 14 1 _\Whit_1405_10_one(2).mp4;C:\Users\esthe\Downloads\white line 14 1 _\Whit_1405_11_two(2).mp4;C:\Users\esthe\Downloads\white line 14 1 _\Whit_1405_12_three(2).mp4;C:\Users\esthe\Downloads\white line 14 1 _\Whit_1405_13_five(2).mp4;C:\Users\esthe\Downloads\white line 14 1 _\Whit_1405_2_five (2).mp4;C:\Users\esthe\Downloads\white line 14 1 _\Whit_1405_3_one (2).mp4;C:\Users\esthe\Downloads\white line 14 1 _\Whit_1405_4_control (2).mp4;C:\Users\esthe\Downloads\white line 14 1 _\Whit_1405_5_three(2).mp4;C:\Users\esthe\Downloads\white line 14 1 _\Whit_1405_6_one(2).mp4;C:\Users\esthe\Downloads\white line 14 1 _\Whit_1405_7_two(2).mp4;C:\Users\esthe\Downloads\white line 14 1 _\Whit_1405_8_onehalf(2).mp4;C:\Users\esthe\Downloads\white line 14 1 _\Whit_1405_9_five(2).mp4,0.0,6.365;3.661;7.299;10.332;7.866;6.166;16.964;6.932;4.266;7.799;4.766;27.063,30.000;30.000;30.000;30.000;30.000;30.000;30.000;30.000;30.000;30.000;30.000;30.000,Whiteline,licking,,,POINT,85.678,C:\Users\esthe\Downloads\white line 14 1 _\Whit_1405_9_five(2).mp4,98,NA,
whit_1405(2),2025-06-27 14:55:43.116,,109.442,Media file(s),player #1:C:\Users\esthe\Downloads\white line 14 1 _\Whit_1405_10_one(2).mp4;C:\Users\esthe\Downloads\white line 14 1 _\Whit_1405_11_two(2).mp4;C:\Users\esthe\Downloads\white line 14 1 _\Whit_1405_12_three(2).mp4;C:\Users\esthe\Downloads\white line 14 1 _\Whit_1405_13_five(2).mp4;C:\Users\esthe\Downloads\white line 14 1 _\Whit_1405_2_five (2).mp4;C:\Users\esthe\Downloads\white line 14 1 _\Whit_1405_3_one (2).mp4;C:\Users\esthe\Downloads\white line 14 1 _\Whit_1405_4_control (2).mp4;C:\Users\esthe\Downloads\white line 14 1 _\Whit_1405_5_three(2).mp4;C:\Users\esthe\Downloads\white line 14 1 _\Whit_1405_6_one(2).mp4;C:\Users\esthe\Downloads\white line 14 1 _\Whit_1405_7_two(2).mp4;C:\Users\esthe\Downloads\white line 14 1 _\Whit_1405_8_onehalf(2).mp4;C:\Users\esthe\Downloads\white line 14 1 _\Whit_1405_9_five(2).mp4,0.0,6.365;3.661;7.299;10.332;7.866;6.166;16.964;6.932;4.266;7.799;4.766;27.063,30.000;30.000;30.000;30.000;30.000;30.000;30.000;30.000;30.000;30.000;30.000;30.000,Whiteline,rotation,,Vertical,STOP,85.678,C:\Users\esthe\Downloads\white line 14 1 _\Whit_1405_9_five(2).mp4,98,NA,
whit_1405(2),2025-06-27 14:55:43.116,,109.442,Media file(s),player #1:C:\Users\esthe\Downloads\white line 14 1 _\Whit_1405_10_one(2).mp4;C:\Users\esthe\Downloads\white line 14 1 _\Whit_1405_11_two(2).mp4;C:\Users\esthe\Downloads\white line 14 1 _\Whit_1405_12_three(2).mp4;C:\Users\esthe\Downloads\white line 14 1 _\Whit_1405_13_five(2).mp4;C:\Users\esthe\Downloads\white line 14 1 _\Whit_1405_2_five (2).mp4;C:\Users\esthe\Downloads\white line 14 1 _\Whit_1405_3_one (2).mp4;C:\Users\esthe\Downloads\white line 14 1 _\Whit_1405_4_control (2).mp4;C:\Users\esthe\Downloads\white line 14 1 _\Whit_1405_5_three(2).mp4;C:\Users\esthe\Downloads\white line 14 1 _\Whit_1405_6_one(2).mp4;C:\Users\esthe\Downloads\white line 14 1 _\Whit_1405_7_two(2).mp4;C:\Users\esthe\Downloads\white line 14 1 _\Whit_1405_8_onehalf(2).mp4;C:\Users\esthe\Downloads\white line 14 1 _\Whit_1405_9_five(2).mp4,0.0,6.365;3.661;7.299;10.332;7.866;6.166;16.964;6.932;4.266;7.799;4.766;27.063,30.000;30.000;30.000;30.000;30.000;30.000;30.000;30.000;30.000;30.000;30.000;30.000,Whiteline,translational movement,,,POINT,86.012,C:\Users\esthe\Downloads\white line 14 1 _\Whit_1405_9_five(2).mp4,108,NA,
whit_1405(2),2025-06-27 14:55:43.116,,109.442,Media file(s),player #1:C:\Users\esthe\Downloads\white line 14 1 _\Whit_1405_10_one(2).mp4;C:\Users\esthe\Downloads\white line 14 1 _\Whit_1405_11_two(2).mp4;C:\Users\esthe\Downloads\white line 14 1 _\Whit_1405_12_three(2).mp4;C:\Users\esthe\Downloads\white line 14 1 _\Whit_1405_13_five(2).mp4;C:\Users\esthe\Downloads\white line 14 1 _\Whit_1405_2_five (2).mp4;C:\Users\esthe\Downloads\white line 14 1 _\Whit_1405_3_one (2).mp4;C:\Users\esthe\Downloads\white line 14 1 _\Whit_1405_4_control (2).mp4;C:\Users\esthe\Downloads\white line 14 1 _\Whit_1405_5_three(2).mp4;C:\Users\esthe\Downloads\white line 14 1 _\Whit_1405_6_one(2).mp4;C:\Users\esthe\Downloads\white line 14 1 _\Whit_1405_7_two(2).mp4;C:\Users\esthe\Downloads\white line 14 1 _\Whit_1405_8_onehalf(2).mp4;C:\Users\esthe\Downloads\white line 14 1 _\Whit_1405_9_five(2).mp4,0.0,6.365;3.661;7.299;10.332;7.866;6.166;16.964;6.932;4.266;7.799;4.766;27.063,30.000;30.000;30.000;30.000;30.000;30.000;30.000;30.000;30.000;30.000;30.000;30.000,Whiteline,jaw movement,,,POINT,86.212,C:\Users\esthe\Downloads\white line 14 1 _\Whit_1405_9_five(2).mp4,114,NA,
whit_1405(2),2025-06-27 14:55:43.116,,109.442,Media file(s),player #1:C:\Users\esthe\Downloads\white line 14 1 _\Whit_1405_10_one(2).mp4;C:\Users\esthe\Downloads\white line 14 1 _\Whit_1405_11_two(2).mp4;C:\Users\esthe\Downloads\white line 14 1 _\Whit_1405_12_three(2).mp4;C:\Users\esthe\Downloads\white line 14 1 _\Whit_1405_13_five(2).mp4;C:\Users\esthe\Downloads\white line 14 1 _\Whit_1405_2_five (2).mp4;C:\Users\esthe\Downloads\white line 14 1 _\Whit_1405_3_one (2).mp4;C:\Users\esthe\Downloads\white line 14 1 _\Whit_1405_4_control (2).mp4;C:\Users\esthe\Downloads\white line 14 1 _\Whit_1405_5_three(2).mp4;C:\Users\esthe\Downloads\white line 14 1 _\Whit_1405_6_one(2).mp4;C:\Users\esthe\Downloads\white line 14 1 _\Whit_1405_7_two(2).mp4;C:\Users\esthe\Downloads\white line 14 1 _\Whit_1405_8_onehalf(2).mp4;C:\Users\esthe\Downloads\white line 14 1 _\Whit_1405_9_five(2).mp4,0.0,6.365;3.661;7.299;10.332;7.866;6.166;16.964;6.932;4.266;7.799;4.766;27.063,30.000;30.000;30.000;30.000;30.000;30.000;30.000;30.000;30.000;30.000;30.000;30.000,Whiteline,licking,,,POINT,86.545,C:\Users\esthe\Downloads\white line 14 1 _\Whit_1405_9_five(2).mp4,124,NA,
whit_1405(2),2025-06-27 14:55:43.116,,109.442,Media file(s),player #1:C:\Users\esthe\Downloads\white line 14 1 _\Whit_1405_10_one(2).mp4;C:\Users\esthe\Downloads\white line 14 1 _\Whit_1405_11_two(2).mp4;C:\Users\esthe\Downloads\white line 14 1 _\Whit_1405_12_three(2).mp4;C:\Users\esthe\Downloads\white line 14 1 _\Whit_1405_13_five(2).mp4;C:\Users\esthe\Downloads\white line 14 1 _\Whit_1405_2_five (2).mp4;C:\Users\esthe\Downloads\white line 14 1 _\Whit_1405_3_one (2).mp4;C:\Users\esthe\Downloads\white line 14 1 _\Whit_1405_4_control (2).mp4;C:\Users\esthe\Downloads\white line 14 1 _\Whit_1405_5_three(2).mp4;C:\Users\esthe\Downloads\white line 14 1 _\Whit_1405_6_one(2).mp4;C:\Users\esthe\Downloads\white line 14 1 _\Whit_1405_7_two(2).mp4;C:\Users\esthe\Downloads\white line 14 1 _\Whit_1405_8_onehalf(2).mp4;C:\Users\esthe\Downloads\white line 14 1 _\Whit_1405_9_five(2).mp4,0.0,6.365;3.661;7.299;10.332;7.866;6.166;16.964;6.932;4.266;7.799;4.766;27.063,30.000;30.000;30.000;30.000;30.000;30.000;30.000;30.000;30.000;30.000;30.000;30.000,Whiteline,licking,,,POINT,86.845,C:\Users\esthe\Downloads\white line 14 1 _\Whit_1405_9_five(2).mp4,133,NA,
whit_1405(2),2025-06-27 14:55:43.116,,109.442,Media file(s),player #1:C:\Users\esthe\Downloads\white line 14 1 _\Whit_1405_10_one(2).mp4;C:\Users\esthe\Downloads\white line 14 1 _\Whit_1405_11_two(2).mp4;C:\Users\esthe\Downloads\white line 14 1 _\Whit_1405_12_three(2).mp4;C:\Users\esthe\Downloads\white line 14 1 _\Whit_1405_13_five(2).mp4;C:\Users\esthe\Downloads\white line 14 1 _\Whit_1405_2_five (2).mp4;C:\Users\esthe\Downloads\white line 14 1 _\Whit_1405_3_one (2).mp4;C:\Users\esthe\Downloads\white line 14 1 _\Whit_1405_4_control (2).mp4;C:\Users\esthe\Downloads\white line 14 1 _\Whit_1405_5_three(2).mp4;C:\Users\esthe\Downloads\white line 14 1 _\Whit_1405_6_one(2).mp4;C:\Users\esthe\Downloads\white line 14 1 _\Whit_1405_7_two(2).mp4;C:\Users\esthe\Downloads\white line 14 1 _\Whit_1405_8_onehalf(2).mp4;C:\Users\esthe\Downloads\white line 14 1 _\Whit_1405_9_five(2).mp4,0.0,6.365;3.661;7.299;10.332;7.866;6.166;16.964;6.932;4.266;7.799;4.766;27.063,30.000;30.000;30.000;30.000;30.000;30.000;30.000;30.000;30.000;30.000;30.000;30.000,Whiteline,jaw movement,,,POINT,87.278,C:\Users\esthe\Downloads\white line 14 1 _\Whit_1405_9_five(2).mp4,146,NA,
whit_1405(2),2025-06-27 14:55:43.116,,109.442,Media file(s),player #1:C:\Users\esthe\Downloads\white line 14 1 _\Whit_1405_10_one(2).mp4;C:\Users\esthe\Downloads\white line 14 1 _\Whit_1405_11_two(2).mp4;C:\Users\esthe\Downloads\white line 14 1 _\Whit_1405_12_three(2).mp4;C:\Users\esthe\Downloads\white line 14 1 _\Whit_1405_13_five(2).mp4;C:\Users\esthe\Downloads\white line 14 1 _\Whit_1405_2_five (2).mp4;C:\Users\esthe\Downloads\white line 14 1 _\Whit_1405_3_one (2).mp4;C:\Users\esthe\Downloads\white line 14 1 _\Whit_1405_4_control (2).mp4;C:\Users\esthe\Downloads\white line 14 1 _\Whit_1405_5_three(2).mp4;C:\Users\esthe\Downloads\white line 14 1 _\Whit_1405_6_one(2).mp4;C:\Users\esthe\Downloads\white line 14 1 _\Whit_1405_7_two(2).mp4;C:\Users\esthe\Downloads\white line 14 1 _\Whit_1405_8_onehalf(2).mp4;C:\Users\esthe\Downloads\white line 14 1 _\Whit_1405_9_five(2).mp4,0.0,6.365;3.661;7.299;10.332;7.866;6.166;16.964;6.932;4.266;7.799;4.766;27.063,30.000;30.000;30.000;30.000;30.000;30.000;30.000;30.000;30.000;30.000;30.000;30.000,Whiteline,jaw movement,,,POINT,87.411,C:\Users\esthe\Downloads\white line 14 1 _\Whit_1405_9_five(2).mp4,150,NA,
whit_1405(2),2025-06-27 14:55:43.116,,109.442,Media file(s),player #1:C:\Users\esthe\Downloads\white line 14 1 _\Whit_1405_10_one(2).mp4;C:\Users\esthe\Downloads\white line 14 1 _\Whit_1405_11_two(2).mp4;C:\Users\esthe\Downloads\white line 14 1 _\Whit_1405_12_three(2).mp4;C:\Users\esthe\Downloads\white line 14 1 _\Whit_1405_13_five(2).mp4;C:\Users\esthe\Downloads\white line 14 1 _\Whit_1405_2_five (2).mp4;C:\Users\esthe\Downloads\white line 14 1 _\Whit_1405_3_one (2).mp4;C:\Users\esthe\Downloads\white line 14 1 _\Whit_1405_4_control (2).mp4;C:\Users\esthe\Downloads\white line 14 1 _\Whit_1405_5_three(2).mp4;C:\Users\esthe\Downloads\white line 14 1 _\Whit_1405_6_one(2).mp4;C:\Users\esthe\Downloads\white line 14 1 _\Whit_1405_7_two(2).mp4;C:\Users\esthe\Downloads\white line 14 1 _\Whit_1405_8_onehalf(2).mp4;C:\Users\esthe\Downloads\white line 14 1 _\Whit_1405_9_five(2).mp4,0.0,6.365;3.661;7.299;10.332;7.866;6.166;16.964;6.932;4.266;7.799;4.766;27.063,30.000;30.000;30.000;30.000;30.000;30.000;30.000;30.000;30.000;30.000;30.000;30.000,Whiteline,sniffing,,,POINT,87.745,C:\Users\esthe\Downloads\white line 14 1 _\Whit_1405_9_five(2).mp4,160,NA,
whit_1405(2),2025-06-27 14:55:43.116,,109.442,Media file(s),player #1:C:\Users\esthe\Downloads\white line 14 1 _\Whit_1405_10_one(2).mp4;C:\Users\esthe\Downloads\white line 14 1 _\Whit_1405_11_two(2).mp4;C:\Users\esthe\Downloads\white line 14 1 _\Whit_1405_12_three(2).mp4;C:\Users\esthe\Downloads\white line 14 1 _\Whit_1405_13_five(2).mp4;C:\Users\esthe\Downloads\white line 14 1 _\Whit_1405_2_five (2).mp4;C:\Users\esthe\Downloads\white line 14 1 _\Whit_1405_3_one (2).mp4;C:\Users\esthe\Downloads\white line 14 1 _\Whit_1405_4_control (2).mp4;C:\Users\esthe\Downloads\white line 14 1 _\Whit_1405_5_three(2).mp4;C:\Users\esthe\Downloads\white line 14 1 _\Whit_1405_6_one(2).mp4;C:\Users\esthe\Downloads\white line 14 1 _\Whit_1405_7_two(2).mp4;C:\Users\esthe\Downloads\white line 14 1 _\Whit_1405_8_onehalf(2).mp4;C:\Users\esthe\Downloads\white line 14 1 _\Whit_1405_9_five(2).mp4,0.0,6.365;3.661;7.299;10.332;7.866;6.166;16.964;6.932;4.266;7.799;4.766;27.063,30.000;30.000;30.000;30.000;30.000;30.000;30.000;30.000;30.000;30.000;30.000;30.000,Whiteline,translational movement,,,POINT,88.078,C:\Users\esthe\Downloads\white line 14 1 _\Whit_1405_9_five(2).mp4,170,NA,
whit_1405(2),2025-06-27 14:55:43.116,,109.442,Media file(s),player #1:C:\Users\esthe\Downloads\white line 14 1 _\Whit_1405_10_one(2).mp4;C:\Users\esthe\Downloads\white line 14 1 _\Whit_1405_11_two(2).mp4;C:\Users\esthe\Downloads\white line 14 1 _\Whit_1405_12_three(2).mp4;C:\Users\esthe\Downloads\white line 14 1 _\Whit_1405_13_five(2).mp4;C:\Users\esthe\Downloads\white line 14 1 _\Whit_1405_2_five (2).mp4;C:\Users\esthe\Downloads\white line 14 1 _\Whit_1405_3_one (2).mp4;C:\Users\esthe\Downloads\white line 14 1 _\Whit_1405_4_control (2).mp4;C:\Users\esthe\Downloads\white line 14 1 _\Whit_1405_5_three(2).mp4;C:\Users\esthe\Downloads\white line 14 1 _\Whit_1405_6_one(2).mp4;C:\Users\esthe\Downloads\white line 14 1 _\Whit_1405_7_two(2).mp4;C:\Users\esthe\Downloads\white line 14 1 _\Whit_1405_8_onehalf(2).mp4;C:\Users\esthe\Downloads\white line 14 1 _\Whit_1405_9_five(2).mp4,0.0,6.365;3.661;7.299;10.332;7.866;6.166;16.964;6.932;4.266;7.799;4.766;27.063,30.000;30.000;30.000;30.000;30.000;30.000;30.000;30.000;30.000;30.000;30.000;30.000,Whiteline,jaw movement,,,POINT,88.411,C:\Users\esthe\Downloads\white line 14 1 _\Whit_1405_9_five(2).mp4,180,NA,
whit_1405(2),2025-06-27 14:55:43.116,,109.442,Media file(s),player #1:C:\Users\esthe\Downloads\white line 14 1 _\Whit_1405_10_one(2).mp4;C:\Users\esthe\Downloads\white line 14 1 _\Whit_1405_11_two(2).mp4;C:\Users\esthe\Downloads\white line 14 1 _\Whit_1405_12_three(2).mp4;C:\Users\esthe\Downloads\white line 14 1 _\Whit_1405_13_five(2).mp4;C:\Users\esthe\Downloads\white line 14 1 _\Whit_1405_2_five (2).mp4;C:\Users\esthe\Downloads\white line 14 1 _\Whit_1405_3_one (2).mp4;C:\Users\esthe\Downloads\white line 14 1 _\Whit_1405_4_control (2).mp4;C:\Users\esthe\Downloads\white line 14 1 _\Whit_1405_5_three(2).mp4;C:\Users\esthe\Downloads\white line 14 1 _\Whit_1405_6_one(2).mp4;C:\Users\esthe\Downloads\white line 14 1 _\Whit_1405_7_two(2).mp4;C:\Users\esthe\Downloads\white line 14 1 _\Whit_1405_8_onehalf(2).mp4;C:\Users\esthe\Downloads\white line 14 1 _\Whit_1405_9_five(2).mp4,0.0,6.365;3.661;7.299;10.332;7.866;6.166;16.964;6.932;4.266;7.799;4.766;27.063,30.000;30.000;30.000;30.000;30.000;30.000;30.000;30.000;30.000;30.000;30.000;30.000,Whiteline,rotation,,Vertical,START,88.444,C:\Users\esthe\Downloads\white line 14 1 _\Whit_1405_9_five(2).mp4,181,NA,
whit_1405(2),2025-06-27 14:55:43.116,,109.442,Media file(s),player #1:C:\Users\esthe\Downloads\white line 14 1 _\Whit_1405_10_one(2).mp4;C:\Users\esthe\Downloads\white line 14 1 _\Whit_1405_11_two(2).mp4;C:\Users\esthe\Downloads\white line 14 1 _\Whit_1405_12_three(2).mp4;C:\Users\esthe\Downloads\white line 14 1 _\Whit_1405_13_five(2).mp4;C:\Users\esthe\Downloads\white line 14 1 _\Whit_1405_2_five (2).mp4;C:\Users\esthe\Downloads\white line 14 1 _\Whit_1405_3_one (2).mp4;C:\Users\esthe\Downloads\white line 14 1 _\Whit_1405_4_control (2).mp4;C:\Users\esthe\Downloads\white line 14 1 _\Whit_1405_5_three(2).mp4;C:\Users\esthe\Downloads\white line 14 1 _\Whit_1405_6_one(2).mp4;C:\Users\esthe\Downloads\white line 14 1 _\Whit_1405_7_two(2).mp4;C:\Users\esthe\Downloads\white line 14 1 _\Whit_1405_8_onehalf(2).mp4;C:\Users\esthe\Downloads\white line 14 1 _\Whit_1405_9_five(2).mp4,0.0,6.365;3.661;7.299;10.332;7.866;6.166;16.964;6.932;4.266;7.799;4.766;27.063,30.000;30.000;30.000;30.000;30.000;30.000;30.000;30.000;30.000;30.000;30.000;30.000,Whiteline,jaw movement,,,POINT,88.911,C:\Users\esthe\Downloads\white line 14 1 _\Whit_1405_9_five(2).mp4,195,NA,
whit_1405(2),2025-06-27 14:55:43.116,,109.442,Media file(s),player #1:C:\Users\esthe\Downloads\white line 14 1 _\Whit_1405_10_one(2).mp4;C:\Users\esthe\Downloads\white line 14 1 _\Whit_1405_11_two(2).mp4;C:\Users\esthe\Downloads\white line 14 1 _\Whit_1405_12_three(2).mp4;C:\Users\esthe\Downloads\white line 14 1 _\Whit_1405_13_five(2).mp4;C:\Users\esthe\Downloads\white line 14 1 _\Whit_1405_2_five (2).mp4;C:\Users\esthe\Downloads\white line 14 1 _\Whit_1405_3_one (2).mp4;C:\Users\esthe\Downloads\white line 14 1 _\Whit_1405_4_control (2).mp4;C:\Users\esthe\Downloads\white line 14 1 _\Whit_1405_5_three(2).mp4;C:\Users\esthe\Downloads\white line 14 1 _\Whit_1405_6_one(2).mp4;C:\Users\esthe\Downloads\white line 14 1 _\Whit_1405_7_two(2).mp4;C:\Users\esthe\Downloads\white line 14 1 _\Whit_1405_8_onehalf(2).mp4;C:\Users\esthe\Downloads\white line 14 1 _\Whit_1405_9_five(2).mp4,0.0,6.365;3.661;7.299;10.332;7.866;6.166;16.964;6.932;4.266;7.799;4.766;27.063,30.000;30.000;30.000;30.000;30.000;30.000;30.000;30.000;30.000;30.000;30.000;30.000,Whiteline,rotation,,Vertical,STOP,88.911,C:\Users\esthe\Downloads\white line 14 1 _\Whit_1405_9_five(2).mp4,195,NA,
whit_1405(2),2025-06-27 14:55:43.116,,109.442,Media file(s),player #1:C:\Users\esthe\Downloads\white line 14 1 _\Whit_1405_10_one(2).mp4;C:\Users\esthe\Downloads\white line 14 1 _\Whit_1405_11_two(2).mp4;C:\Users\esthe\Downloads\white line 14 1 _\Whit_1405_12_three(2).mp4;C:\Users\esthe\Downloads\white line 14 1 _\Whit_1405_13_five(2).mp4;C:\Users\esthe\Downloads\white line 14 1 _\Whit_1405_2_five (2).mp4;C:\Users\esthe\Downloads\white line 14 1 _\Whit_1405_3_one (2).mp4;C:\Users\esthe\Downloads\white line 14 1 _\Whit_1405_4_control (2).mp4;C:\Users\esthe\Downloads\white line 14 1 _\Whit_1405_5_three(2).mp4;C:\Users\esthe\Downloads\white line 14 1 _\Whit_1405_6_one(2).mp4;C:\Users\esthe\Downloads\white line 14 1 _\Whit_1405_7_two(2).mp4;C:\Users\esthe\Downloads\white line 14 1 _\Whit_1405_8_onehalf(2).mp4;C:\Users\esthe\Downloads\white line 14 1 _\Whit_1405_9_five(2).mp4,0.0,6.365;3.661;7.299;10.332;7.866;6.166;16.964;6.932;4.266;7.799;4.766;27.063,30.000;30.000;30.000;30.000;30.000;30.000;30.000;30.000;30.000;30.000;30.000;30.000,Whiteline,rotation,,Vertical,START,88.944,C:\Users\esthe\Downloads\white line 14 1 _\Whit_1405_9_five(2).mp4,196,NA,
whit_1405(2),2025-06-27 14:55:43.116,,109.442,Media file(s),player #1:C:\Users\esthe\Downloads\white line 14 1 _\Whit_1405_10_one(2).mp4;C:\Users\esthe\Downloads\white line 14 1 _\Whit_1405_11_two(2).mp4;C:\Users\esthe\Downloads\white line 14 1 _\Whit_1405_12_three(2).mp4;C:\Users\esthe\Downloads\white line 14 1 _\Whit_1405_13_five(2).mp4;C:\Users\esthe\Downloads\white line 14 1 _\Whit_1405_2_five (2).mp4;C:\Users\esthe\Downloads\white line 14 1 _\Whit_1405_3_one (2).mp4;C:\Users\esthe\Downloads\white line 14 1 _\Whit_1405_4_control (2).mp4;C:\Users\esthe\Downloads\white line 14 1 _\Whit_1405_5_three(2).mp4;C:\Users\esthe\Downloads\white line 14 1 _\Whit_1405_6_one(2).mp4;C:\Users\esthe\Downloads\white line 14 1 _\Whit_1405_7_two(2).mp4;C:\Users\esthe\Downloads\white line 14 1 _\Whit_1405_8_onehalf(2).mp4;C:\Users\esthe\Downloads\white line 14 1 _\Whit_1405_9_five(2).mp4,0.0,6.365;3.661;7.299;10.332;7.866;6.166;16.964;6.932;4.266;7.799;4.766;27.063,30.000;30.000;30.000;30.000;30.000;30.000;30.000;30.000;30.000;30.000;30.000;30.000,Whiteline,jaw movement,,,POINT,89.378,C:\Users\esthe\Downloads\white line 14 1 _\Whit_1405_9_five(2).mp4,209,NA,
whit_1405(2),2025-06-27 14:55:43.116,,109.442,Media file(s),player #1:C:\Users\esthe\Downloads\white line 14 1 _\Whit_1405_10_one(2).mp4;C:\Users\esthe\Downloads\white line 14 1 _\Whit_1405_11_two(2).mp4;C:\Users\esthe\Downloads\white line 14 1 _\Whit_1405_12_three(2).mp4;C:\Users\esthe\Downloads\white line 14 1 _\Whit_1405_13_five(2).mp4;C:\Users\esthe\Downloads\white line 14 1 _\Whit_1405_2_five (2).mp4;C:\Users\esthe\Downloads\white line 14 1 _\Whit_1405_3_one (2).mp4;C:\Users\esthe\Downloads\white line 14 1 _\Whit_1405_4_control (2).mp4;C:\Users\esthe\Downloads\white line 14 1 _\Whit_1405_5_three(2).mp4;C:\Users\esthe\Downloads\white line 14 1 _\Whit_1405_6_one(2).mp4;C:\Users\esthe\Downloads\white line 14 1 _\Whit_1405_7_two(2).mp4;C:\Users\esthe\Downloads\white line 14 1 _\Whit_1405_8_onehalf(2).mp4;C:\Users\esthe\Downloads\white line 14 1 _\Whit_1405_9_five(2).mp4,0.0,6.365;3.661;7.299;10.332;7.866;6.166;16.964;6.932;4.266;7.799;4.766;27.063,30.000;30.000;30.000;30.000;30.000;30.000;30.000;30.000;30.000;30.000;30.000;30.000,Whiteline,rotation,,Vertical,STOP,89.378,C:\Users\esthe\Downloads\white line 14 1 _\Whit_1405_9_five(2).mp4,209,NA,
whit_1405(2),2025-06-27 14:55:43.116,,109.442,Media file(s),player #1:C:\Users\esthe\Downloads\white line 14 1 _\Whit_1405_10_one(2).mp4;C:\Users\esthe\Downloads\white line 14 1 _\Whit_1405_11_two(2).mp4;C:\Users\esthe\Downloads\white line 14 1 _\Whit_1405_12_three(2).mp4;C:\Users\esthe\Downloads\white line 14 1 _\Whit_1405_13_five(2).mp4;C:\Users\esthe\Downloads\white line 14 1 _\Whit_1405_2_five (2).mp4;C:\Users\esthe\Downloads\white line 14 1 _\Whit_1405_3_one (2).mp4;C:\Users\esthe\Downloads\white line 14 1 _\Whit_1405_4_control (2).mp4;C:\Users\esthe\Downloads\white line 14 1 _\Whit_1405_5_three(2).mp4;C:\Users\esthe\Downloads\white line 14 1 _\Whit_1405_6_one(2).mp4;C:\Users\esthe\Downloads\white line 14 1 _\Whit_1405_7_two(2).mp4;C:\Users\esthe\Downloads\white line 14 1 _\Whit_1405_8_onehalf(2).mp4;C:\Users\esthe\Downloads\white line 14 1 _\Whit_1405_9_five(2).mp4,0.0,6.365;3.661;7.299;10.332;7.866;6.166;16.964;6.932;4.266;7.799;4.766;27.063,30.000;30.000;30.000;30.000;30.000;30.000;30.000;30.000;30.000;30.000;30.000;30.000,Whiteline,rotation,,Vertical,START,89.478,C:\Users\esthe\Downloads\white line 14 1 _\Whit_1405_9_five(2).mp4,212,NA,
whit_1405(2),2025-06-27 14:55:43.116,,109.442,Media file(s),player #1:C:\Users\esthe\Downloads\white line 14 1 _\Whit_1405_10_one(2).mp4;C:\Users\esthe\Downloads\white line 14 1 _\Whit_1405_11_two(2).mp4;C:\Users\esthe\Downloads\white line 14 1 _\Whit_1405_12_three(2).mp4;C:\Users\esthe\Downloads\white line 14 1 _\Whit_1405_13_five(2).mp4;C:\Users\esthe\Downloads\white line 14 1 _\Whit_1405_2_five (2).mp4;C:\Users\esthe\Downloads\white line 14 1 _\Whit_1405_3_one (2).mp4;C:\Users\esthe\Downloads\white line 14 1 _\Whit_1405_4_control (2).mp4;C:\Users\esthe\Downloads\white line 14 1 _\Whit_1405_5_three(2).mp4;C:\Users\esthe\Downloads\white line 14 1 _\Whit_1405_6_one(2).mp4;C:\Users\esthe\Downloads\white line 14 1 _\Whit_1405_7_two(2).mp4;C:\Users\esthe\Downloads\white line 14 1 _\Whit_1405_8_onehalf(2).mp4;C:\Users\esthe\Downloads\white line 14 1 _\Whit_1405_9_five(2).mp4,0.0,6.365;3.661;7.299;10.332;7.866;6.166;16.964;6.932;4.266;7.799;4.766;27.063,30.000;30.000;30.000;30.000;30.000;30.000;30.000;30.000;30.000;30.000;30.000;30.000,Whiteline,licking,,,POINT,89.644,C:\Users\esthe\Downloads\white line 14 1 _\Whit_1405_9_five(2).mp4,217,NA,
whit_1405(2),2025-06-27 14:55:43.116,,109.442,Media file(s),player #1:C:\Users\esthe\Downloads\white line 14 1 _\Whit_1405_10_one(2).mp4;C:\Users\esthe\Downloads\white line 14 1 _\Whit_1405_11_two(2).mp4;C:\Users\esthe\Downloads\white line 14 1 _\Whit_1405_12_three(2).mp4;C:\Users\esthe\Downloads\white line 14 1 _\Whit_1405_13_five(2).mp4;C:\Users\esthe\Downloads\white line 14 1 _\Whit_1405_2_five (2).mp4;C:\Users\esthe\Downloads\white line 14 1 _\Whit_1405_3_one (2).mp4;C:\Users\esthe\Downloads\white line 14 1 _\Whit_1405_4_control (2).mp4;C:\Users\esthe\Downloads\white line 14 1 _\Whit_1405_5_three(2).mp4;C:\Users\esthe\Downloads\white line 14 1 _\Whit_1405_6_one(2).mp4;C:\Users\esthe\Downloads\white line 14 1 _\Whit_1405_7_two(2).mp4;C:\Users\esthe\Downloads\white line 14 1 _\Whit_1405_8_onehalf(2).mp4;C:\Users\esthe\Downloads\white line 14 1 _\Whit_1405_9_five(2).mp4,0.0,6.365;3.661;7.299;10.332;7.866;6.166;16.964;6.932;4.266;7.799;4.766;27.063,30.000;30.000;30.000;30.000;30.000;30.000;30.000;30.000;30.000;30.000;30.000;30.000,Whiteline,rotation,,Vertical,STOP,89.644,C:\Users\esthe\Downloads\white line 14 1 _\Whit_1405_9_five(2).mp4,217,NA,
whit_1405(2),2025-06-27 14:55:43.116,,109.442,Media file(s),player #1:C:\Users\esthe\Downloads\white line 14 1 _\Whit_1405_10_one(2).mp4;C:\Users\esthe\Downloads\white line 14 1 _\Whit_1405_11_two(2).mp4;C:\Users\esthe\Downloads\white line 14 1 _\Whit_1405_12_three(2).mp4;C:\Users\esthe\Downloads\white line 14 1 _\Whit_1405_13_five(2).mp4;C:\Users\esthe\Downloads\white line 14 1 _\Whit_1405_2_five (2).mp4;C:\Users\esthe\Downloads\white line 14 1 _\Whit_1405_3_one (2).mp4;C:\Users\esthe\Downloads\white line 14 1 _\Whit_1405_4_control (2).mp4;C:\Users\esthe\Downloads\white line 14 1 _\Whit_1405_5_three(2).mp4;C:\Users\esthe\Downloads\white line 14 1 _\Whit_1405_6_one(2).mp4;C:\Users\esthe\Downloads\white line 14 1 _\Whit_1405_7_two(2).mp4;C:\Users\esthe\Downloads\white line 14 1 _\Whit_1405_8_onehalf(2).mp4;C:\Users\esthe\Downloads\white line 14 1 _\Whit_1405_9_five(2).mp4,0.0,6.365;3.661;7.299;10.332;7.866;6.166;16.964;6.932;4.266;7.799;4.766;27.063,30.000;30.000;30.000;30.000;30.000;30.000;30.000;30.000;30.000;30.000;30.000;30.000,Whiteline,chewing,,,START,89.778,C:\Users\esthe\Downloads\white line 14 1 _\Whit_1405_9_five(2).mp4,221,NA,
whit_1405(2),2025-06-27 14:55:43.116,,109.442,Media file(s),player #1:C:\Users\esthe\Downloads\white line 14 1 _\Whit_1405_10_one(2).mp4;C:\Users\esthe\Downloads\white line 14 1 _\Whit_1405_11_two(2).mp4;C:\Users\esthe\Downloads\white line 14 1 _\Whit_1405_12_three(2).mp4;C:\Users\esthe\Downloads\white line 14 1 _\Whit_1405_13_five(2).mp4;C:\Users\esthe\Downloads\white line 14 1 _\Whit_1405_2_five (2).mp4;C:\Users\esthe\Downloads\white line 14 1 _\Whit_1405_3_one (2).mp4;C:\Users\esthe\Downloads\white line 14 1 _\Whit_1405_4_control (2).mp4;C:\Users\esthe\Downloads\white line 14 1 _\Whit_1405_5_three(2).mp4;C:\Users\esthe\Downloads\white line 14 1 _\Whit_1405_6_one(2).mp4;C:\Users\esthe\Downloads\white line 14 1 _\Whit_1405_7_two(2).mp4;C:\Users\esthe\Downloads\white line 14 1 _\Whit_1405_8_onehalf(2).mp4;C:\Users\esthe\Downloads\white line 14 1 _\Whit_1405_9_five(2).mp4,0.0,6.365;3.661;7.299;10.332;7.866;6.166;16.964;6.932;4.266;7.799;4.766;27.063,30.000;30.000;30.000;30.000;30.000;30.000;30.000;30.000;30.000;30.000;30.000;30.000,Whiteline,sniffing,,,POINT,89.811,C:\Users\esthe\Downloads\white line 14 1 _\Whit_1405_9_five(2).mp4,222,NA,
whit_1405(2),2025-06-27 14:55:43.116,,109.442,Media file(s),player #1:C:\Users\esthe\Downloads\white line 14 1 _\Whit_1405_10_one(2).mp4;C:\Users\esthe\Downloads\white line 14 1 _\Whit_1405_11_two(2).mp4;C:\Users\esthe\Downloads\white line 14 1 _\Whit_1405_12_three(2).mp4;C:\Users\esthe\Downloads\white line 14 1 _\Whit_1405_13_five(2).mp4;C:\Users\esthe\Downloads\white line 14 1 _\Whit_1405_2_five (2).mp4;C:\Users\esthe\Downloads\white line 14 1 _\Whit_1405_3_one (2).mp4;C:\Users\esthe\Downloads\white line 14 1 _\Whit_1405_4_control (2).mp4;C:\Users\esthe\Downloads\white line 14 1 _\Whit_1405_5_three(2).mp4;C:\Users\esthe\Downloads\white line 14 1 _\Whit_1405_6_one(2).mp4;C:\Users\esthe\Downloads\white line 14 1 _\Whit_1405_7_two(2).mp4;C:\Users\esthe\Downloads\white line 14 1 _\Whit_1405_8_onehalf(2).mp4;C:\Users\esthe\Downloads\white line 14 1 _\Whit_1405_9_five(2).mp4,0.0,6.365;3.661;7.299;10.332;7.866;6.166;16.964;6.932;4.266;7.799;4.766;27.063,30.000;30.000;30.000;30.000;30.000;30.000;30.000;30.000;30.000;30.000;30.000;30.000,Whiteline,ear clapping,,,POINT,90.378,C:\Users\esthe\Downloads\white line 14 1 _\Whit_1405_9_five(2).mp4,239,NA,
whit_1405(2),2025-06-27 14:55:43.116,,109.442,Media file(s),player #1:C:\Users\esthe\Downloads\white line 14 1 _\Whit_1405_10_one(2).mp4;C:\Users\esthe\Downloads\white line 14 1 _\Whit_1405_11_two(2).mp4;C:\Users\esthe\Downloads\white line 14 1 _\Whit_1405_12_three(2).mp4;C:\Users\esthe\Downloads\white line 14 1 _\Whit_1405_13_five(2).mp4;C:\Users\esthe\Downloads\white line 14 1 _\Whit_1405_2_five (2).mp4;C:\Users\esthe\Downloads\white line 14 1 _\Whit_1405_3_one (2).mp4;C:\Users\esthe\Downloads\white line 14 1 _\Whit_1405_4_control (2).mp4;C:\Users\esthe\Downloads\white line 14 1 _\Whit_1405_5_three(2).mp4;C:\Users\esthe\Downloads\white line 14 1 _\Whit_1405_6_one(2).mp4;C:\Users\esthe\Downloads\white line 14 1 _\Whit_1405_7_two(2).mp4;C:\Users\esthe\Downloads\white line 14 1 _\Whit_1405_8_onehalf(2).mp4;C:\Users\esthe\Downloads\white line 14 1 _\Whit_1405_9_five(2).mp4,0.0,6.365;3.661;7.299;10.332;7.866;6.166;16.964;6.932;4.266;7.799;4.766;27.063,30.000;30.000;30.000;30.000;30.000;30.000;30.000;30.000;30.000;30.000;30.000;30.000,Whiteline,chewing,,,STOP,94.844,C:\Users\esthe\Downloads\white line 14 1 _\Whit_1405_9_five(2).mp4,373,NA,
whit_1405(2),2025-06-27 14:55:43.116,,109.442,Media file(s),player #1:C:\Users\esthe\Downloads\white line 14 1 _\Whit_1405_10_one(2).mp4;C:\Users\esthe\Downloads\white line 14 1 _\Whit_1405_11_two(2).mp4;C:\Users\esthe\Downloads\white line 14 1 _\Whit_1405_12_three(2).mp4;C:\Users\esthe\Downloads\white line 14 1 _\Whit_1405_13_five(2).mp4;C:\Users\esthe\Downloads\white line 14 1 _\Whit_1405_2_five (2).mp4;C:\Users\esthe\Downloads\white line 14 1 _\Whit_1405_3_one (2).mp4;C:\Users\esthe\Downloads\white line 14 1 _\Whit_1405_4_control (2).mp4;C:\Users\esthe\Downloads\white line 14 1 _\Whit_1405_5_three(2).mp4;C:\Users\esthe\Downloads\white line 14 1 _\Whit_1405_6_one(2).mp4;C:\Users\esthe\Downloads\white line 14 1 _\Whit_1405_7_two(2).mp4;C:\Users\esthe\Downloads\white line 14 1 _\Whit_1405_8_onehalf(2).mp4;C:\Users\esthe\Downloads\white line 14 1 _\Whit_1405_9_five(2).mp4,0.0,6.365;3.661;7.299;10.332;7.866;6.166;16.964;6.932;4.266;7.799;4.766;27.063,30.000;30.000;30.000;30.000;30.000;30.000;30.000;30.000;30.000;30.000;30.000;30.000,Whiteline,licking,,,POINT,94.910,C:\Users\esthe\Downloads\white line 14 1 _\Whit_1405_9_five(2).mp4,375,NA,
whit_1405(2),2025-06-27 14:55:43.116,,109.442,Media file(s),player #1:C:\Users\esthe\Downloads\white line 14 1 _\Whit_1405_10_one(2).mp4;C:\Users\esthe\Downloads\white line 14 1 _\Whit_1405_11_two(2).mp4;C:\Users\esthe\Downloads\white line 14 1 _\Whit_1405_12_three(2).mp4;C:\Users\esthe\Downloads\white line 14 1 _\Whit_1405_13_five(2).mp4;C:\Users\esthe\Downloads\white line 14 1 _\Whit_1405_2_five (2).mp4;C:\Users\esthe\Downloads\white line 14 1 _\Whit_1405_3_one (2).mp4;C:\Users\esthe\Downloads\white line 14 1 _\Whit_1405_4_control (2).mp4;C:\Users\esthe\Downloads\white line 14 1 _\Whit_1405_5_three(2).mp4;C:\Users\esthe\Downloads\white line 14 1 _\Whit_1405_6_one(2).mp4;C:\Users\esthe\Downloads\white line 14 1 _\Whit_1405_7_two(2).mp4;C:\Users\esthe\Downloads\white line 14 1 _\Whit_1405_8_onehalf(2).mp4;C:\Users\esthe\Downloads\white line 14 1 _\Whit_1405_9_five(2).mp4,0.0,6.365;3.661;7.299;10.332;7.866;6.166;16.964;6.932;4.266;7.799;4.766;27.063,30.000;30.000;30.000;30.000;30.000;30.000;30.000;30.000;30.000;30.000;30.000;30.000,Whiteline,licking,,,POINT,95.377,C:\Users\esthe\Downloads\white line 14 1 _\Whit_1405_9_five(2).mp4,389,NA,
whit_1405(2),2025-06-27 14:55:43.116,,109.442,Media file(s),player #1:C:\Users\esthe\Downloads\white line 14 1 _\Whit_1405_10_one(2).mp4;C:\Users\esthe\Downloads\white line 14 1 _\Whit_1405_11_two(2).mp4;C:\Users\esthe\Downloads\white line 14 1 _\Whit_1405_12_three(2).mp4;C:\Users\esthe\Downloads\white line 14 1 _\Whit_1405_13_five(2).mp4;C:\Users\esthe\Downloads\white line 14 1 _\Whit_1405_2_five (2).mp4;C:\Users\esthe\Downloads\white line 14 1 _\Whit_1405_3_one (2).mp4;C:\Users\esthe\Downloads\white line 14 1 _\Whit_1405_4_control (2).mp4;C:\Users\esthe\Downloads\white line 14 1 _\Whit_1405_5_three(2).mp4;C:\Users\esthe\Downloads\white line 14 1 _\Whit_1405_6_one(2).mp4;C:\Users\esthe\Downloads\white line 14 1 _\Whit_1405_7_two(2).mp4;C:\Users\esthe\Downloads\white line 14 1 _\Whit_1405_8_onehalf(2).mp4;C:\Users\esthe\Downloads\white line 14 1 _\Whit_1405_9_five(2).mp4,0.0,6.365;3.661;7.299;10.332;7.866;6.166;16.964;6.932;4.266;7.799;4.766;27.063,30.000;30.000;30.000;30.000;30.000;30.000;30.000;30.000;30.000;30.000;30.000;30.000,Whiteline,jaw movement,,,POINT,95.610,C:\Users\esthe\Downloads\white line 14 1 _\Whit_1405_9_five(2).mp4,396,NA,
whit_1405(2),2025-06-27 14:55:43.116,,109.442,Media file(s),player #1:C:\Users\esthe\Downloads\white line 14 1 _\Whit_1405_10_one(2).mp4;C:\Users\esthe\Downloads\white line 14 1 _\Whit_1405_11_two(2).mp4;C:\Users\esthe\Downloads\white line 14 1 _\Whit_1405_12_three(2).mp4;C:\Users\esthe\Downloads\white line 14 1 _\Whit_1405_13_five(2).mp4;C:\Users\esthe\Downloads\white line 14 1 _\Whit_1405_2_five (2).mp4;C:\Users\esthe\Downloads\white line 14 1 _\Whit_1405_3_one (2).mp4;C:\Users\esthe\Downloads\white line 14 1 _\Whit_1405_4_control (2).mp4;C:\Users\esthe\Downloads\white line 14 1 _\Whit_1405_5_three(2).mp4;C:\Users\esthe\Downloads\white line 14 1 _\Whit_1405_6_one(2).mp4;C:\Users\esthe\Downloads\white line 14 1 _\Whit_1405_7_two(2).mp4;C:\Users\esthe\Downloads\white line 14 1 _\Whit_1405_8_onehalf(2).mp4;C:\Users\esthe\Downloads\white line 14 1 _\Whit_1405_9_five(2).mp4,0.0,6.365;3.661;7.299;10.332;7.866;6.166;16.964;6.932;4.266;7.799;4.766;27.063,30.000;30.000;30.000;30.000;30.000;30.000;30.000;30.000;30.000;30.000;30.000;30.000,Whiteline,mouth,,,POINT,95.910,C:\Users\esthe\Downloads\white line 14 1 _\Whit_1405_9_five(2).mp4,405,NA,
whit_1405(2),2025-06-27 14:55:43.116,,109.442,Media file(s),player #1:C:\Users\esthe\Downloads\white line 14 1 _\Whit_1405_10_one(2).mp4;C:\Users\esthe\Downloads\white line 14 1 _\Whit_1405_11_two(2).mp4;C:\Users\esthe\Downloads\white line 14 1 _\Whit_1405_12_three(2).mp4;C:\Users\esthe\Downloads\white line 14 1 _\Whit_1405_13_five(2).mp4;C:\Users\esthe\Downloads\white line 14 1 _\Whit_1405_2_five (2).mp4;C:\Users\esthe\Downloads\white line 14 1 _\Whit_1405_3_one (2).mp4;C:\Users\esthe\Downloads\white line 14 1 _\Whit_1405_4_control (2).mp4;C:\Users\esthe\Downloads\white line 14 1 _\Whit_1405_5_three(2).mp4;C:\Users\esthe\Downloads\white line 14 1 _\Whit_1405_6_one(2).mp4;C:\Users\esthe\Downloads\white line 14 1 _\Whit_1405_7_two(2).mp4;C:\Users\esthe\Downloads\white line 14 1 _\Whit_1405_8_onehalf(2).mp4;C:\Users\esthe\Downloads\white line 14 1 _\Whit_1405_9_five(2).mp4,0.0,6.365;3.661;7.299;10.332;7.866;6.166;16.964;6.932;4.266;7.799;4.766;27.063,30.000;30.000;30.000;30.000;30.000;30.000;30.000;30.000;30.000;30.000;30.000;30.000,Whiteline,assessing,,,STOP,96.044,C:\Users\esthe\Downloads\white line 14 1 _\Whit_1405_9_five(2).mp4,409,NA,
whit_1405(2),2025-06-27 14:55:43.116,,109.442,Media file(s),player #1:C:\Users\esthe\Downloads\white line 14 1 _\Whit_1405_10_one(2).mp4;C:\Users\esthe\Downloads\white line 14 1 _\Whit_1405_11_two(2).mp4;C:\Users\esthe\Downloads\white line 14 1 _\Whit_1405_12_three(2).mp4;C:\Users\esthe\Downloads\white line 14 1 _\Whit_1405_13_five(2).mp4;C:\Users\esthe\Downloads\white line 14 1 _\Whit_1405_2_five (2).mp4;C:\Users\esthe\Downloads\white line 14 1 _\Whit_1405_3_one (2).mp4;C:\Users\esthe\Downloads\white line 14 1 _\Whit_1405_4_control (2).mp4;C:\Users\esthe\Downloads\white line 14 1 _\Whit_1405_5_three(2).mp4;C:\Users\esthe\Downloads\white line 14 1 _\Whit_1405_6_one(2).mp4;C:\Users\esthe\Downloads\white line 14 1 _\Whit_1405_7_two(2).mp4;C:\Users\esthe\Downloads\white line 14 1 _\Whit_1405_8_onehalf(2).mp4;C:\Users\esthe\Downloads\white line 14 1 _\Whit_1405_9_five(2).mp4,0.0,6.365;3.661;7.299;10.332;7.866;6.166;16.964;6.932;4.266;7.799;4.766;27.063,30.000;30.000;30.000;30.000;30.000;30.000;30.000;30.000;30.000;30.000;30.000;30.000,Whiteline,target,,,START,96.344,C:\Users\esthe\Downloads\white line 14 1 _\Whit_1405_9_five(2).mp4,418,NA,
whit_1405(2),2025-06-27 14:55:43.116,,109.442,Media file(s),player #1:C:\Users\esthe\Downloads\white line 14 1 _\Whit_1405_10_one(2).mp4;C:\Users\esthe\Downloads\white line 14 1 _\Whit_1405_11_two(2).mp4;C:\Users\esthe\Downloads\white line 14 1 _\Whit_1405_12_three(2).mp4;C:\Users\esthe\Downloads\white line 14 1 _\Whit_1405_13_five(2).mp4;C:\Users\esthe\Downloads\white line 14 1 _\Whit_1405_2_five (2).mp4;C:\Users\esthe\Downloads\white line 14 1 _\Whit_1405_3_one (2).mp4;C:\Users\esthe\Downloads\white line 14 1 _\Whit_1405_4_control (2).mp4;C:\Users\esthe\Downloads\white line 14 1 _\Whit_1405_5_three(2).mp4;C:\Users\esthe\Downloads\white line 14 1 _\Whit_1405_6_one(2).mp4;C:\Users\esthe\Downloads\white line 14 1 _\Whit_1405_7_two(2).mp4;C:\Users\esthe\Downloads\white line 14 1 _\Whit_1405_8_onehalf(2).mp4;C:\Users\esthe\Downloads\white line 14 1 _\Whit_1405_9_five(2).mp4,0.0,6.365;3.661;7.299;10.332;7.866;6.166;16.964;6.932;4.266;7.799;4.766;27.063,30.000;30.000;30.000;30.000;30.000;30.000;30.000;30.000;30.000;30.000;30.000;30.000,Whiteline,target,,,STOP,97.510,C:\Users\esthe\Downloads\white line 14 1 _\Whit_1405_9_five(2).mp4,453,NA,
whit_1405(2),2025-06-27 14:55:43.116,,109.442,Media file(s),player #1:C:\Users\esthe\Downloads\white line 14 1 _\Whit_1405_10_one(2).mp4;C:\Users\esthe\Downloads\white line 14 1 _\Whit_1405_11_two(2).mp4;C:\Users\esthe\Downloads\white line 14 1 _\Whit_1405_12_three(2).mp4;C:\Users\esthe\Downloads\white line 14 1 _\Whit_1405_13_five(2).mp4;C:\Users\esthe\Downloads\white line 14 1 _\Whit_1405_2_five (2).mp4;C:\Users\esthe\Downloads\white line 14 1 _\Whit_1405_3_one (2).mp4;C:\Users\esthe\Downloads\white line 14 1 _\Whit_1405_4_control (2).mp4;C:\Users\esthe\Downloads\white line 14 1 _\Whit_1405_5_three(2).mp4;C:\Users\esthe\Downloads\white line 14 1 _\Whit_1405_6_one(2).mp4;C:\Users\esthe\Downloads\white line 14 1 _\Whit_1405_7_two(2).mp4;C:\Users\esthe\Downloads\white line 14 1 _\Whit_1405_8_onehalf(2).mp4;C:\Users\esthe\Downloads\white line 14 1 _\Whit_1405_9_five(2).mp4,0.0,6.365;3.661;7.299;10.332;7.866;6.166;16.964;6.932;4.266;7.799;4.766;27.063,30.000;30.000;30.000;30.000;30.000;30.000;30.000;30.000;30.000;30.000;30.000;30.000,Whiteline,pause,,,START,97.543,C:\Users\esthe\Downloads\white line 14 1 _\Whit_1405_9_five(2).mp4,454,NA,
whit_1405(2),2025-06-27 14:55:43.116,,109.442,Media file(s),player #1:C:\Users\esthe\Downloads\white line 14 1 _\Whit_1405_10_one(2).mp4;C:\Users\esthe\Downloads\white line 14 1 _\Whit_1405_11_two(2).mp4;C:\Users\esthe\Downloads\white line 14 1 _\Whit_1405_12_three(2).mp4;C:\Users\esthe\Downloads\white line 14 1 _\Whit_1405_13_five(2).mp4;C:\Users\esthe\Downloads\white line 14 1 _\Whit_1405_2_five (2).mp4;C:\Users\esthe\Downloads\white line 14 1 _\Whit_1405_3_one (2).mp4;C:\Users\esthe\Downloads\white line 14 1 _\Whit_1405_4_control (2).mp4;C:\Users\esthe\Downloads\white line 14 1 _\Whit_1405_5_three(2).mp4;C:\Users\esthe\Downloads\white line 14 1 _\Whit_1405_6_one(2).mp4;C:\Users\esthe\Downloads\white line 14 1 _\Whit_1405_7_two(2).mp4;C:\Users\esthe\Downloads\white line 14 1 _\Whit_1405_8_onehalf(2).mp4;C:\Users\esthe\Downloads\white line 14 1 _\Whit_1405_9_five(2).mp4,0.0,6.365;3.661;7.299;10.332;7.866;6.166;16.964;6.932;4.266;7.799;4.766;27.063,30.000;30.000;30.000;30.000;30.000;30.000;30.000;30.000;30.000;30.000;30.000;30.000,Whiteline,dropping peanut,,,POINT,97.577,C:\Users\esthe\Downloads\white line 14 1 _\Whit_1405_9_five(2).mp4,455,NA,
whit_1405(2),2025-06-27 14:55:43.116,,109.442,Media file(s),player #1:C:\Users\esthe\Downloads\white line 14 1 _\Whit_1405_10_one(2).mp4;C:\Users\esthe\Downloads\white line 14 1 _\Whit_1405_11_two(2).mp4;C:\Users\esthe\Downloads\white line 14 1 _\Whit_1405_12_three(2).mp4;C:\Users\esthe\Downloads\white line 14 1 _\Whit_1405_13_five(2).mp4;C:\Users\esthe\Downloads\white line 14 1 _\Whit_1405_2_five (2).mp4;C:\Users\esthe\Downloads\white line 14 1 _\Whit_1405_3_one (2).mp4;C:\Users\esthe\Downloads\white line 14 1 _\Whit_1405_4_control (2).mp4;C:\Users\esthe\Downloads\white line 14 1 _\Whit_1405_5_three(2).mp4;C:\Users\esthe\Downloads\white line 14 1 _\Whit_1405_6_one(2).mp4;C:\Users\esthe\Downloads\white line 14 1 _\Whit_1405_7_two(2).mp4;C:\Users\esthe\Downloads\white line 14 1 _\Whit_1405_8_onehalf(2).mp4;C:\Users\esthe\Downloads\white line 14 1 _\Whit_1405_9_five(2).mp4,0.0,6.365;3.661;7.299;10.332;7.866;6.166;16.964;6.932;4.266;7.799;4.766;27.063,30.000;30.000;30.000;30.000;30.000;30.000;30.000;30.000;30.000;30.000;30.000;30.000,Whiteline,pause,,,STOP,100.343,C:\Users\esthe\Downloads\white line 14 1 _\Whit_1405_9_five(2).mp4,538,NA,
whit_1405(2),2025-06-27 14:55:43.116,,109.442,Media file(s),player #1:C:\Users\esthe\Downloads\white line 14 1 _\Whit_1405_10_one(2).mp4;C:\Users\esthe\Downloads\white line 14 1 _\Whit_1405_11_two(2).mp4;C:\Users\esthe\Downloads\white line 14 1 _\Whit_1405_12_three(2).mp4;C:\Users\esthe\Downloads\white line 14 1 _\Whit_1405_13_five(2).mp4;C:\Users\esthe\Downloads\white line 14 1 _\Whit_1405_2_five (2).mp4;C:\Users\esthe\Downloads\white line 14 1 _\Whit_1405_3_one (2).mp4;C:\Users\esthe\Downloads\white line 14 1 _\Whit_1405_4_control (2).mp4;C:\Users\esthe\Downloads\white line 14 1 _\Whit_1405_5_three(2).mp4;C:\Users\esthe\Downloads\white line 14 1 _\Whit_1405_6_one(2).mp4;C:\Users\esthe\Downloads\white line 14 1 _\Whit_1405_7_two(2).mp4;C:\Users\esthe\Downloads\white line 14 1 _\Whit_1405_8_onehalf(2).mp4;C:\Users\esthe\Downloads\white line 14 1 _\Whit_1405_9_five(2).mp4,0.0,6.365;3.661;7.299;10.332;7.866;6.166;16.964;6.932;4.266;7.799;4.766;27.063,30.000;30.000;30.000;30.000;30.000;30.000;30.000;30.000;30.000;30.000;30.000;30.000,Whiteline,bending,,,START,100.476,C:\Users\esthe\Downloads\white line 14 1 _\Whit_1405_9_five(2).mp4,542,NA,
whit_1405(2),2025-06-27 14:55:43.116,,109.442,Media file(s),player #1:C:\Users\esthe\Downloads\white line 14 1 _\Whit_1405_10_one(2).mp4;C:\Users\esthe\Downloads\white line 14 1 _\Whit_1405_11_two(2).mp4;C:\Users\esthe\Downloads\white line 14 1 _\Whit_1405_12_three(2).mp4;C:\Users\esthe\Downloads\white line 14 1 _\Whit_1405_13_five(2).mp4;C:\Users\esthe\Downloads\white line 14 1 _\Whit_1405_2_five (2).mp4;C:\Users\esthe\Downloads\white line 14 1 _\Whit_1405_3_one (2).mp4;C:\Users\esthe\Downloads\white line 14 1 _\Whit_1405_4_control (2).mp4;C:\Users\esthe\Downloads\white line 14 1 _\Whit_1405_5_three(2).mp4;C:\Users\esthe\Downloads\white line 14 1 _\Whit_1405_6_one(2).mp4;C:\Users\esthe\Downloads\white line 14 1 _\Whit_1405_7_two(2).mp4;C:\Users\esthe\Downloads\white line 14 1 _\Whit_1405_8_onehalf(2).mp4;C:\Users\esthe\Downloads\white line 14 1 _\Whit_1405_9_five(2).mp4,0.0,6.365;3.661;7.299;10.332;7.866;6.166;16.964;6.932;4.266;7.799;4.766;27.063,30.000;30.000;30.000;30.000;30.000;30.000;30.000;30.000;30.000;30.000;30.000;30.000,Whiteline,bending,,,STOP,100.910,C:\Users\esthe\Downloads\white line 14 1 _\Whit_1405_9_five(2).mp4,555,NA,
whit_1405(2),2025-06-27 14:55:43.116,,109.442,Media file(s),player #1:C:\Users\esthe\Downloads\white line 14 1 _\Whit_1405_10_one(2).mp4;C:\Users\esthe\Downloads\white line 14 1 _\Whit_1405_11_two(2).mp4;C:\Users\esthe\Downloads\white line 14 1 _\Whit_1405_12_three(2).mp4;C:\Users\esthe\Downloads\white line 14 1 _\Whit_1405_13_five(2).mp4;C:\Users\esthe\Downloads\white line 14 1 _\Whit_1405_2_five (2).mp4;C:\Users\esthe\Downloads\white line 14 1 _\Whit_1405_3_one (2).mp4;C:\Users\esthe\Downloads\white line 14 1 _\Whit_1405_4_control (2).mp4;C:\Users\esthe\Downloads\white line 14 1 _\Whit_1405_5_three(2).mp4;C:\Users\esthe\Downloads\white line 14 1 _\Whit_1405_6_one(2).mp4;C:\Users\esthe\Downloads\white line 14 1 _\Whit_1405_7_two(2).mp4;C:\Users\esthe\Downloads\white line 14 1 _\Whit_1405_8_onehalf(2).mp4;C:\Users\esthe\Downloads\white line 14 1 _\Whit_1405_9_five(2).mp4,0.0,6.365;3.661;7.299;10.332;7.866;6.166;16.964;6.932;4.266;7.799;4.766;27.063,30.000;30.000;30.000;30.000;30.000;30.000;30.000;30.000;30.000;30.000;30.000;30.000,Whiteline,grabbing peanut,,,POINT,100.910,C:\Users\esthe\Downloads\white line 14 1 _\Whit_1405_9_five(2).mp4,555,NA,
whit_1405(2),2025-06-27 14:55:43.116,,109.442,Media file(s),player #1:C:\Users\esthe\Downloads\white line 14 1 _\Whit_1405_10_one(2).mp4;C:\Users\esthe\Downloads\white line 14 1 _\Whit_1405_11_two(2).mp4;C:\Users\esthe\Downloads\white line 14 1 _\Whit_1405_12_three(2).mp4;C:\Users\esthe\Downloads\white line 14 1 _\Whit_1405_13_five(2).mp4;C:\Users\esthe\Downloads\white line 14 1 _\Whit_1405_2_five (2).mp4;C:\Users\esthe\Downloads\white line 14 1 _\Whit_1405_3_one (2).mp4;C:\Users\esthe\Downloads\white line 14 1 _\Whit_1405_4_control (2).mp4;C:\Users\esthe\Downloads\white line 14 1 _\Whit_1405_5_three(2).mp4;C:\Users\esthe\Downloads\white line 14 1 _\Whit_1405_6_one(2).mp4;C:\Users\esthe\Downloads\white line 14 1 _\Whit_1405_7_two(2).mp4;C:\Users\esthe\Downloads\white line 14 1 _\Whit_1405_8_onehalf(2).mp4;C:\Users\esthe\Downloads\white line 14 1 _\Whit_1405_9_five(2).mp4,0.0,6.365;3.661;7.299;10.332;7.866;6.166;16.964;6.932;4.266;7.799;4.766;27.063,30.000;30.000;30.000;30.000;30.000;30.000;30.000;30.000;30.000;30.000;30.000;30.000,Whiteline,lifting,,,START,100.943,C:\Users\esthe\Downloads\white line 14 1 _\Whit_1405_9_five(2).mp4,556,NA,
whit_1405(2),2025-06-27 14:55:43.116,,109.442,Media file(s),player #1:C:\Users\esthe\Downloads\white line 14 1 _\Whit_1405_10_one(2).mp4;C:\Users\esthe\Downloads\white line 14 1 _\Whit_1405_11_two(2).mp4;C:\Users\esthe\Downloads\white line 14 1 _\Whit_1405_12_three(2).mp4;C:\Users\esthe\Downloads\white line 14 1 _\Whit_1405_13_five(2).mp4;C:\Users\esthe\Downloads\white line 14 1 _\Whit_1405_2_five (2).mp4;C:\Users\esthe\Downloads\white line 14 1 _\Whit_1405_3_one (2).mp4;C:\Users\esthe\Downloads\white line 14 1 _\Whit_1405_4_control (2).mp4;C:\Users\esthe\Downloads\white line 14 1 _\Whit_1405_5_three(2).mp4;C:\Users\esthe\Downloads\white line 14 1 _\Whit_1405_6_one(2).mp4;C:\Users\esthe\Downloads\white line 14 1 _\Whit_1405_7_two(2).mp4;C:\Users\esthe\Downloads\white line 14 1 _\Whit_1405_8_onehalf(2).mp4;C:\Users\esthe\Downloads\white line 14 1 _\Whit_1405_9_five(2).mp4,0.0,6.365;3.661;7.299;10.332;7.866;6.166;16.964;6.932;4.266;7.799;4.766;27.063,30.000;30.000;30.000;30.000;30.000;30.000;30.000;30.000;30.000;30.000;30.000;30.000,Whiteline,lifting,,,STOP,101.243,C:\Users\esthe\Downloads\white line 14 1 _\Whit_1405_9_five(2).mp4,565,NA,
whit_1405(2),2025-06-27 14:55:43.116,,109.442,Media file(s),player #1:C:\Users\esthe\Downloads\white line 14 1 _\Whit_1405_10_one(2).mp4;C:\Users\esthe\Downloads\white line 14 1 _\Whit_1405_11_two(2).mp4;C:\Users\esthe\Downloads\white line 14 1 _\Whit_1405_12_three(2).mp4;C:\Users\esthe\Downloads\white line 14 1 _\Whit_1405_13_five(2).mp4;C:\Users\esthe\Downloads\white line 14 1 _\Whit_1405_2_five (2).mp4;C:\Users\esthe\Downloads\white line 14 1 _\Whit_1405_3_one (2).mp4;C:\Users\esthe\Downloads\white line 14 1 _\Whit_1405_4_control (2).mp4;C:\Users\esthe\Downloads\white line 14 1 _\Whit_1405_5_three(2).mp4;C:\Users\esthe\Downloads\white line 14 1 _\Whit_1405_6_one(2).mp4;C:\Users\esthe\Downloads\white line 14 1 _\Whit_1405_7_two(2).mp4;C:\Users\esthe\Downloads\white line 14 1 _\Whit_1405_8_onehalf(2).mp4;C:\Users\esthe\Downloads\white line 14 1 _\Whit_1405_9_five(2).mp4,0.0,6.365;3.661;7.299;10.332;7.866;6.166;16.964;6.932;4.266;7.799;4.766;27.063,30.000;30.000;30.000;30.000;30.000;30.000;30.000;30.000;30.000;30.000;30.000;30.000,Whiteline,assessing,,,START,101.409,C:\Users\esthe\Downloads\white line 14 1 _\Whit_1405_9_five(2).mp4,570,NA,
whit_1405(2),2025-06-27 14:55:43.116,,109.442,Media file(s),player #1:C:\Users\esthe\Downloads\white line 14 1 _\Whit_1405_10_one(2).mp4;C:\Users\esthe\Downloads\white line 14 1 _\Whit_1405_11_two(2).mp4;C:\Users\esthe\Downloads\white line 14 1 _\Whit_1405_12_three(2).mp4;C:\Users\esthe\Downloads\white line 14 1 _\Whit_1405_13_five(2).mp4;C:\Users\esthe\Downloads\white line 14 1 _\Whit_1405_2_five (2).mp4;C:\Users\esthe\Downloads\white line 14 1 _\Whit_1405_3_one (2).mp4;C:\Users\esthe\Downloads\white line 14 1 _\Whit_1405_4_control (2).mp4;C:\Users\esthe\Downloads\white line 14 1 _\Whit_1405_5_three(2).mp4;C:\Users\esthe\Downloads\white line 14 1 _\Whit_1405_6_one(2).mp4;C:\Users\esthe\Downloads\white line 14 1 _\Whit_1405_7_two(2).mp4;C:\Users\esthe\Downloads\white line 14 1 _\Whit_1405_8_onehalf(2).mp4;C:\Users\esthe\Downloads\white line 14 1 _\Whit_1405_9_five(2).mp4,0.0,6.365;3.661;7.299;10.332;7.866;6.166;16.964;6.932;4.266;7.799;4.766;27.063,30.000;30.000;30.000;30.000;30.000;30.000;30.000;30.000;30.000;30.000;30.000;30.000,Whiteline,jaw movement,,,POINT,101.409,C:\Users\esthe\Downloads\white line 14 1 _\Whit_1405_9_five(2).mp4,570,NA,
whit_1405(2),2025-06-27 14:55:43.116,,109.442,Media file(s),player #1:C:\Users\esthe\Downloads\white line 14 1 _\Whit_1405_10_one(2).mp4;C:\Users\esthe\Downloads\white line 14 1 _\Whit_1405_11_two(2).mp4;C:\Users\esthe\Downloads\white line 14 1 _\Whit_1405_12_three(2).mp4;C:\Users\esthe\Downloads\white line 14 1 _\Whit_1405_13_five(2).mp4;C:\Users\esthe\Downloads\white line 14 1 _\Whit_1405_2_five (2).mp4;C:\Users\esthe\Downloads\white line 14 1 _\Whit_1405_3_one (2).mp4;C:\Users\esthe\Downloads\white line 14 1 _\Whit_1405_4_control (2).mp4;C:\Users\esthe\Downloads\white line 14 1 _\Whit_1405_5_three(2).mp4;C:\Users\esthe\Downloads\white line 14 1 _\Whit_1405_6_one(2).mp4;C:\Users\esthe\Downloads\white line 14 1 _\Whit_1405_7_two(2).mp4;C:\Users\esthe\Downloads\white line 14 1 _\Whit_1405_8_onehalf(2).mp4;C:\Users\esthe\Downloads\white line 14 1 _\Whit_1405_9_five(2).mp4,0.0,6.365;3.661;7.299;10.332;7.866;6.166;16.964;6.932;4.266;7.799;4.766;27.063,30.000;30.000;30.000;30.000;30.000;30.000;30.000;30.000;30.000;30.000;30.000;30.000,Whiteline,licking,,,POINT,101.543,C:\Users\esthe\Downloads\white line 14 1 _\Whit_1405_9_five(2).mp4,574,NA,
whit_1405(2),2025-06-27 14:55:43.116,,109.442,Media file(s),player #1:C:\Users\esthe\Downloads\white line 14 1 _\Whit_1405_10_one(2).mp4;C:\Users\esthe\Downloads\white line 14 1 _\Whit_1405_11_two(2).mp4;C:\Users\esthe\Downloads\white line 14 1 _\Whit_1405_12_three(2).mp4;C:\Users\esthe\Downloads\white line 14 1 _\Whit_1405_13_five(2).mp4;C:\Users\esthe\Downloads\white line 14 1 _\Whit_1405_2_five (2).mp4;C:\Users\esthe\Downloads\white line 14 1 _\Whit_1405_3_one (2).mp4;C:\Users\esthe\Downloads\white line 14 1 _\Whit_1405_4_control (2).mp4;C:\Users\esthe\Downloads\white line 14 1 _\Whit_1405_5_three(2).mp4;C:\Users\esthe\Downloads\white line 14 1 _\Whit_1405_6_one(2).mp4;C:\Users\esthe\Downloads\white line 14 1 _\Whit_1405_7_two(2).mp4;C:\Users\esthe\Downloads\white line 14 1 _\Whit_1405_8_onehalf(2).mp4;C:\Users\esthe\Downloads\white line 14 1 _\Whit_1405_9_five(2).mp4,0.0,6.365;3.661;7.299;10.332;7.866;6.166;16.964;6.932;4.266;7.799;4.766;27.063,30.000;30.000;30.000;30.000;30.000;30.000;30.000;30.000;30.000;30.000;30.000;30.000,Whiteline,licking,,,POINT,102.043,C:\Users\esthe\Downloads\white line 14 1 _\Whit_1405_9_five(2).mp4,589,NA,
whit_1405(2),2025-06-27 14:55:43.116,,109.442,Media file(s),player #1:C:\Users\esthe\Downloads\white line 14 1 _\Whit_1405_10_one(2).mp4;C:\Users\esthe\Downloads\white line 14 1 _\Whit_1405_11_two(2).mp4;C:\Users\esthe\Downloads\white line 14 1 _\Whit_1405_12_three(2).mp4;C:\Users\esthe\Downloads\white line 14 1 _\Whit_1405_13_five(2).mp4;C:\Users\esthe\Downloads\white line 14 1 _\Whit_1405_2_five (2).mp4;C:\Users\esthe\Downloads\white line 14 1 _\Whit_1405_3_one (2).mp4;C:\Users\esthe\Downloads\white line 14 1 _\Whit_1405_4_control (2).mp4;C:\Users\esthe\Downloads\white line 14 1 _\Whit_1405_5_three(2).mp4;C:\Users\esthe\Downloads\white line 14 1 _\Whit_1405_6_one(2).mp4;C:\Users\esthe\Downloads\white line 14 1 _\Whit_1405_7_two(2).mp4;C:\Users\esthe\Downloads\white line 14 1 _\Whit_1405_8_onehalf(2).mp4;C:\Users\esthe\Downloads\white line 14 1 _\Whit_1405_9_five(2).mp4,0.0,6.365;3.661;7.299;10.332;7.866;6.166;16.964;6.932;4.266;7.799;4.766;27.063,30.000;30.000;30.000;30.000;30.000;30.000;30.000;30.000;30.000;30.000;30.000;30.000,Whiteline,licking,,,POINT,102.176,C:\Users\esthe\Downloads\white line 14 1 _\Whit_1405_9_five(2).mp4,593,NA,
whit_1405(2),2025-06-27 14:55:43.116,,109.442,Media file(s),player #1:C:\Users\esthe\Downloads\white line 14 1 _\Whit_1405_10_one(2).mp4;C:\Users\esthe\Downloads\white line 14 1 _\Whit_1405_11_two(2).mp4;C:\Users\esthe\Downloads\white line 14 1 _\Whit_1405_12_three(2).mp4;C:\Users\esthe\Downloads\white line 14 1 _\Whit_1405_13_five(2).mp4;C:\Users\esthe\Downloads\white line 14 1 _\Whit_1405_2_five (2).mp4;C:\Users\esthe\Downloads\white line 14 1 _\Whit_1405_3_one (2).mp4;C:\Users\esthe\Downloads\white line 14 1 _\Whit_1405_4_control (2).mp4;C:\Users\esthe\Downloads\white line 14 1 _\Whit_1405_5_three(2).mp4;C:\Users\esthe\Downloads\white line 14 1 _\Whit_1405_6_one(2).mp4;C:\Users\esthe\Downloads\white line 14 1 _\Whit_1405_7_two(2).mp4;C:\Users\esthe\Downloads\white line 14 1 _\Whit_1405_8_onehalf(2).mp4;C:\Users\esthe\Downloads\white line 14 1 _\Whit_1405_9_five(2).mp4,0.0,6.365;3.661;7.299;10.332;7.866;6.166;16.964;6.932;4.266;7.799;4.766;27.063,30.000;30.000;30.000;30.000;30.000;30.000;30.000;30.000;30.000;30.000;30.000;30.000,Whiteline,jaw movement,,,POINT,102.309,C:\Users\esthe\Downloads\white line 14 1 _\Whit_1405_9_five(2).mp4,597,NA,
whit_1405(2),2025-06-27 14:55:43.116,,109.442,Media file(s),player #1:C:\Users\esthe\Downloads\white line 14 1 _\Whit_1405_10_one(2).mp4;C:\Users\esthe\Downloads\white line 14 1 _\Whit_1405_11_two(2).mp4;C:\Users\esthe\Downloads\white line 14 1 _\Whit_1405_12_three(2).mp4;C:\Users\esthe\Downloads\white line 14 1 _\Whit_1405_13_five(2).mp4;C:\Users\esthe\Downloads\white line 14 1 _\Whit_1405_2_five (2).mp4;C:\Users\esthe\Downloads\white line 14 1 _\Whit_1405_3_one (2).mp4;C:\Users\esthe\Downloads\white line 14 1 _\Whit_1405_4_control (2).mp4;C:\Users\esthe\Downloads\white line 14 1 _\Whit_1405_5_three(2).mp4;C:\Users\esthe\Downloads\white line 14 1 _\Whit_1405_6_one(2).mp4;C:\Users\esthe\Downloads\white line 14 1 _\Whit_1405_7_two(2).mp4;C:\Users\esthe\Downloads\white line 14 1 _\Whit_1405_8_onehalf(2).mp4;C:\Users\esthe\Downloads\white line 14 1 _\Whit_1405_9_five(2).mp4,0.0,6.365;3.661;7.299;10.332;7.866;6.166;16.964;6.932;4.266;7.799;4.766;27.063,30.000;30.000;30.000;30.000;30.000;30.000;30.000;30.000;30.000;30.000;30.000;30.000,Whiteline,licking,,,POINT,102.876,C:\Users\esthe\Downloads\white line 14 1 _\Whit_1405_9_five(2).mp4,614,NA,
whit_1405(2),2025-06-27 14:55:43.116,,109.442,Media file(s),player #1:C:\Users\esthe\Downloads\white line 14 1 _\Whit_1405_10_one(2).mp4;C:\Users\esthe\Downloads\white line 14 1 _\Whit_1405_11_two(2).mp4;C:\Users\esthe\Downloads\white line 14 1 _\Whit_1405_12_three(2).mp4;C:\Users\esthe\Downloads\white line 14 1 _\Whit_1405_13_five(2).mp4;C:\Users\esthe\Downloads\white line 14 1 _\Whit_1405_2_five (2).mp4;C:\Users\esthe\Downloads\white line 14 1 _\Whit_1405_3_one (2).mp4;C:\Users\esthe\Downloads\white line 14 1 _\Whit_1405_4_control (2).mp4;C:\Users\esthe\Downloads\white line 14 1 _\Whit_1405_5_three(2).mp4;C:\Users\esthe\Downloads\white line 14 1 _\Whit_1405_6_one(2).mp4;C:\Users\esthe\Downloads\white line 14 1 _\Whit_1405_7_two(2).mp4;C:\Users\esthe\Downloads\white line 14 1 _\Whit_1405_8_onehalf(2).mp4;C:\Users\esthe\Downloads\white line 14 1 _\Whit_1405_9_five(2).mp4,0.0,6.365;3.661;7.299;10.332;7.866;6.166;16.964;6.932;4.266;7.799;4.766;27.063,30.000;30.000;30.000;30.000;30.000;30.000;30.000;30.000;30.000;30.000;30.000;30.000,Whiteline,jaw movement,,,POINT,103.043,C:\Users\esthe\Downloads\white line 14 1 _\Whit_1405_9_five(2).mp4,619,NA,
whit_1405(2),2025-06-27 14:55:43.116,,109.442,Media file(s),player #1:C:\Users\esthe\Downloads\white line 14 1 _\Whit_1405_10_one(2).mp4;C:\Users\esthe\Downloads\white line 14 1 _\Whit_1405_11_two(2).mp4;C:\Users\esthe\Downloads\white line 14 1 _\Whit_1405_12_three(2).mp4;C:\Users\esthe\Downloads\white line 14 1 _\Whit_1405_13_five(2).mp4;C:\Users\esthe\Downloads\white line 14 1 _\Whit_1405_2_five (2).mp4;C:\Users\esthe\Downloads\white line 14 1 _\Whit_1405_3_one (2).mp4;C:\Users\esthe\Downloads\white line 14 1 _\Whit_1405_4_control (2).mp4;C:\Users\esthe\Downloads\white line 14 1 _\Whit_1405_5_three(2).mp4;C:\Users\esthe\Downloads\white line 14 1 _\Whit_1405_6_one(2).mp4;C:\Users\esthe\Downloads\white line 14 1 _\Whit_1405_7_two(2).mp4;C:\Users\esthe\Downloads\white line 14 1 _\Whit_1405_8_onehalf(2).mp4;C:\Users\esthe\Downloads\white line 14 1 _\Whit_1405_9_five(2).mp4,0.0,6.365;3.661;7.299;10.332;7.866;6.166;16.964;6.932;4.266;7.799;4.766;27.063,30.000;30.000;30.000;30.000;30.000;30.000;30.000;30.000;30.000;30.000;30.000;30.000,Whiteline,assessing,,,STOP,103.076,C:\Users\esthe\Downloads\white line 14 1 _\Whit_1405_9_five(2).mp4,620,NA,
whit_1405(2),2025-06-27 14:55:43.116,,109.442,Media file(s),player #1:C:\Users\esthe\Downloads\white line 14 1 _\Whit_1405_10_one(2).mp4;C:\Users\esthe\Downloads\white line 14 1 _\Whit_1405_11_two(2).mp4;C:\Users\esthe\Downloads\white line 14 1 _\Whit_1405_12_three(2).mp4;C:\Users\esthe\Downloads\white line 14 1 _\Whit_1405_13_five(2).mp4;C:\Users\esthe\Downloads\white line 14 1 _\Whit_1405_2_five (2).mp4;C:\Users\esthe\Downloads\white line 14 1 _\Whit_1405_3_one (2).mp4;C:\Users\esthe\Downloads\white line 14 1 _\Whit_1405_4_control (2).mp4;C:\Users\esthe\Downloads\white line 14 1 _\Whit_1405_5_three(2).mp4;C:\Users\esthe\Downloads\white line 14 1 _\Whit_1405_6_one(2).mp4;C:\Users\esthe\Downloads\white line 14 1 _\Whit_1405_7_two(2).mp4;C:\Users\esthe\Downloads\white line 14 1 _\Whit_1405_8_onehalf(2).mp4;C:\Users\esthe\Downloads\white line 14 1 _\Whit_1405_9_five(2).mp4,0.0,6.365;3.661;7.299;10.332;7.866;6.166;16.964;6.932;4.266;7.799;4.766;27.063,30.000;30.000;30.000;30.000;30.000;30.000;30.000;30.000;30.000;30.000;30.000;30.000,Whiteline,peeling,,,START,103.109,C:\Users\esthe\Downloads\white line 14 1 _\Whit_1405_9_five(2).mp4,621,NA,
whit_1405(2),2025-06-27 14:55:43.116,,109.442,Media file(s),player #1:C:\Users\esthe\Downloads\white line 14 1 _\Whit_1405_10_one(2).mp4;C:\Users\esthe\Downloads\white line 14 1 _\Whit_1405_11_two(2).mp4;C:\Users\esthe\Downloads\white line 14 1 _\Whit_1405_12_three(2).mp4;C:\Users\esthe\Downloads\white line 14 1 _\Whit_1405_13_five(2).mp4;C:\Users\esthe\Downloads\white line 14 1 _\Whit_1405_2_five (2).mp4;C:\Users\esthe\Downloads\white line 14 1 _\Whit_1405_3_one (2).mp4;C:\Users\esthe\Downloads\white line 14 1 _\Whit_1405_4_control (2).mp4;C:\Users\esthe\Downloads\white line 14 1 _\Whit_1405_5_three(2).mp4;C:\Users\esthe\Downloads\white line 14 1 _\Whit_1405_6_one(2).mp4;C:\Users\esthe\Downloads\white line 14 1 _\Whit_1405_7_two(2).mp4;C:\Users\esthe\Downloads\white line 14 1 _\Whit_1405_8_onehalf(2).mp4;C:\Users\esthe\Downloads\white line 14 1 _\Whit_1405_9_five(2).mp4,0.0,6.365;3.661;7.299;10.332;7.866;6.166;16.964;6.932;4.266;7.799;4.766;27.063,30.000;30.000;30.000;30.000;30.000;30.000;30.000;30.000;30.000;30.000;30.000;30.000,Whiteline,jaw movement,,,POINT,103.343,C:\Users\esthe\Downloads\white line 14 1 _\Whit_1405_9_five(2).mp4,628,NA,
whit_1405(2),2025-06-27 14:55:43.116,,109.442,Media file(s),player #1:C:\Users\esthe\Downloads\white line 14 1 _\Whit_1405_10_one(2).mp4;C:\Users\esthe\Downloads\white line 14 1 _\Whit_1405_11_two(2).mp4;C:\Users\esthe\Downloads\white line 14 1 _\Whit_1405_12_three(2).mp4;C:\Users\esthe\Downloads\white line 14 1 _\Whit_1405_13_five(2).mp4;C:\Users\esthe\Downloads\white line 14 1 _\Whit_1405_2_five (2).mp4;C:\Users\esthe\Downloads\white line 14 1 _\Whit_1405_3_one (2).mp4;C:\Users\esthe\Downloads\white line 14 1 _\Whit_1405_4_control (2).mp4;C:\Users\esthe\Downloads\white line 14 1 _\Whit_1405_5_three(2).mp4;C:\Users\esthe\Downloads\white line 14 1 _\Whit_1405_6_one(2).mp4;C:\Users\esthe\Downloads\white line 14 1 _\Whit_1405_7_two(2).mp4;C:\Users\esthe\Downloads\white line 14 1 _\Whit_1405_8_onehalf(2).mp4;C:\Users\esthe\Downloads\white line 14 1 _\Whit_1405_9_five(2).mp4,0.0,6.365;3.661;7.299;10.332;7.866;6.166;16.964;6.932;4.266;7.799;4.766;27.063,30.000;30.000;30.000;30.000;30.000;30.000;30.000;30.000;30.000;30.000;30.000;30.000,Whiteline,jaw movement,,,POINT,103.876,C:\Users\esthe\Downloads\white line 14 1 _\Whit_1405_9_five(2).mp4,643,NA,
whit_1405(2),2025-06-27 14:55:43.116,,109.442,Media file(s),player #1:C:\Users\esthe\Downloads\white line 14 1 _\Whit_1405_10_one(2).mp4;C:\Users\esthe\Downloads\white line 14 1 _\Whit_1405_11_two(2).mp4;C:\Users\esthe\Downloads\white line 14 1 _\Whit_1405_12_three(2).mp4;C:\Users\esthe\Downloads\white line 14 1 _\Whit_1405_13_five(2).mp4;C:\Users\esthe\Downloads\white line 14 1 _\Whit_1405_2_five (2).mp4;C:\Users\esthe\Downloads\white line 14 1 _\Whit_1405_3_one (2).mp4;C:\Users\esthe\Downloads\white line 14 1 _\Whit_1405_4_control (2).mp4;C:\Users\esthe\Downloads\white line 14 1 _\Whit_1405_5_three(2).mp4;C:\Users\esthe\Downloads\white line 14 1 _\Whit_1405_6_one(2).mp4;C:\Users\esthe\Downloads\white line 14 1 _\Whit_1405_7_two(2).mp4;C:\Users\esthe\Downloads\white line 14 1 _\Whit_1405_8_onehalf(2).mp4;C:\Users\esthe\Downloads\white line 14 1 _\Whit_1405_9_five(2).mp4,0.0,6.365;3.661;7.299;10.332;7.866;6.166;16.964;6.932;4.266;7.799;4.766;27.063,30.000;30.000;30.000;30.000;30.000;30.000;30.000;30.000;30.000;30.000;30.000;30.000,Whiteline,jaw movement,,,POINT,104.309,C:\Users\esthe\Downloads\white line 14 1 _\Whit_1405_9_five(2).mp4,656,NA,
whit_1405(2),2025-06-27 14:55:43.116,,109.442,Media file(s),player #1:C:\Users\esthe\Downloads\white line 14 1 _\Whit_1405_10_one(2).mp4;C:\Users\esthe\Downloads\white line 14 1 _\Whit_1405_11_two(2).mp4;C:\Users\esthe\Downloads\white line 14 1 _\Whit_1405_12_three(2).mp4;C:\Users\esthe\Downloads\white line 14 1 _\Whit_1405_13_five(2).mp4;C:\Users\esthe\Downloads\white line 14 1 _\Whit_1405_2_five (2).mp4;C:\Users\esthe\Downloads\white line 14 1 _\Whit_1405_3_one (2).mp4;C:\Users\esthe\Downloads\white line 14 1 _\Whit_1405_4_control (2).mp4;C:\Users\esthe\Downloads\white line 14 1 _\Whit_1405_5_three(2).mp4;C:\Users\esthe\Downloads\white line 14 1 _\Whit_1405_6_one(2).mp4;C:\Users\esthe\Downloads\white line 14 1 _\Whit_1405_7_two(2).mp4;C:\Users\esthe\Downloads\white line 14 1 _\Whit_1405_8_onehalf(2).mp4;C:\Users\esthe\Downloads\white line 14 1 _\Whit_1405_9_five(2).mp4,0.0,6.365;3.661;7.299;10.332;7.866;6.166;16.964;6.932;4.266;7.799;4.766;27.063,30.000;30.000;30.000;30.000;30.000;30.000;30.000;30.000;30.000;30.000;30.000;30.000,Whiteline,jaw movement,,,POINT,104.642,C:\Users\esthe\Downloads\white line 14 1 _\Whit_1405_9_five(2).mp4,666,NA,
whit_1405(2),2025-06-27 14:55:43.116,,109.442,Media file(s),player #1:C:\Users\esthe\Downloads\white line 14 1 _\Whit_1405_10_one(2).mp4;C:\Users\esthe\Downloads\white line 14 1 _\Whit_1405_11_two(2).mp4;C:\Users\esthe\Downloads\white line 14 1 _\Whit_1405_12_three(2).mp4;C:\Users\esthe\Downloads\white line 14 1 _\Whit_1405_13_five(2).mp4;C:\Users\esthe\Downloads\white line 14 1 _\Whit_1405_2_five (2).mp4;C:\Users\esthe\Downloads\white line 14 1 _\Whit_1405_3_one (2).mp4;C:\Users\esthe\Downloads\white line 14 1 _\Whit_1405_4_control (2).mp4;C:\Users\esthe\Downloads\white line 14 1 _\Whit_1405_5_three(2).mp4;C:\Users\esthe\Downloads\white line 14 1 _\Whit_1405_6_one(2).mp4;C:\Users\esthe\Downloads\white line 14 1 _\Whit_1405_7_two(2).mp4;C:\Users\esthe\Downloads\white line 14 1 _\Whit_1405_8_onehalf(2).mp4;C:\Users\esthe\Downloads\white line 14 1 _\Whit_1405_9_five(2).mp4,0.0,6.365;3.661;7.299;10.332;7.866;6.166;16.964;6.932;4.266;7.799;4.766;27.063,30.000;30.000;30.000;30.000;30.000;30.000;30.000;30.000;30.000;30.000;30.000;30.000,Whiteline,jaw movement,,,POINT,105.142,C:\Users\esthe\Downloads\white line 14 1 _\Whit_1405_9_five(2).mp4,681,NA,
whit_1405(2),2025-06-27 14:55:43.116,,109.442,Media file(s),player #1:C:\Users\esthe\Downloads\white line 14 1 _\Whit_1405_10_one(2).mp4;C:\Users\esthe\Downloads\white line 14 1 _\Whit_1405_11_two(2).mp4;C:\Users\esthe\Downloads\white line 14 1 _\Whit_1405_12_three(2).mp4;C:\Users\esthe\Downloads\white line 14 1 _\Whit_1405_13_five(2).mp4;C:\Users\esthe\Downloads\white line 14 1 _\Whit_1405_2_five (2).mp4;C:\Users\esthe\Downloads\white line 14 1 _\Whit_1405_3_one (2).mp4;C:\Users\esthe\Downloads\white line 14 1 _\Whit_1405_4_control (2).mp4;C:\Users\esthe\Downloads\white line 14 1 _\Whit_1405_5_three(2).mp4;C:\Users\esthe\Downloads\white line 14 1 _\Whit_1405_6_one(2).mp4;C:\Users\esthe\Downloads\white line 14 1 _\Whit_1405_7_two(2).mp4;C:\Users\esthe\Downloads\white line 14 1 _\Whit_1405_8_onehalf(2).mp4;C:\Users\esthe\Downloads\white line 14 1 _\Whit_1405_9_five(2).mp4,0.0,6.365;3.661;7.299;10.332;7.866;6.166;16.964;6.932;4.266;7.799;4.766;27.063,30.000;30.000;30.000;30.000;30.000;30.000;30.000;30.000;30.000;30.000;30.000;30.000,Whiteline,jaw movement,,,POINT,105.676,C:\Users\esthe\Downloads\white line 14 1 _\Whit_1405_9_five(2).mp4,697,NA,
whit_1405(2),2025-06-27 14:55:43.116,,109.442,Media file(s),player #1:C:\Users\esthe\Downloads\white line 14 1 _\Whit_1405_10_one(2).mp4;C:\Users\esthe\Downloads\white line 14 1 _\Whit_1405_11_two(2).mp4;C:\Users\esthe\Downloads\white line 14 1 _\Whit_1405_12_three(2).mp4;C:\Users\esthe\Downloads\white line 14 1 _\Whit_1405_13_five(2).mp4;C:\Users\esthe\Downloads\white line 14 1 _\Whit_1405_2_five (2).mp4;C:\Users\esthe\Downloads\white line 14 1 _\Whit_1405_3_one (2).mp4;C:\Users\esthe\Downloads\white line 14 1 _\Whit_1405_4_control (2).mp4;C:\Users\esthe\Downloads\white line 14 1 _\Whit_1405_5_three(2).mp4;C:\Users\esthe\Downloads\white line 14 1 _\Whit_1405_6_one(2).mp4;C:\Users\esthe\Downloads\white line 14 1 _\Whit_1405_7_two(2).mp4;C:\Users\esthe\Downloads\white line 14 1 _\Whit_1405_8_onehalf(2).mp4;C:\Users\esthe\Downloads\white line 14 1 _\Whit_1405_9_five(2).mp4,0.0,6.365;3.661;7.299;10.332;7.866;6.166;16.964;6.932;4.266;7.799;4.766;27.063,30.000;30.000;30.000;30.000;30.000;30.000;30.000;30.000;30.000;30.000;30.000;30.000,Whiteline,jaw movement,,,POINT,105.742,C:\Users\esthe\Downloads\white line 14 1 _\Whit_1405_9_five(2).mp4,699,NA,
whit_1405(2),2025-06-27 14:55:43.116,,109.442,Media file(s),player #1:C:\Users\esthe\Downloads\white line 14 1 _\Whit_1405_10_one(2).mp4;C:\Users\esthe\Downloads\white line 14 1 _\Whit_1405_11_two(2).mp4;C:\Users\esthe\Downloads\white line 14 1 _\Whit_1405_12_three(2).mp4;C:\Users\esthe\Downloads\white line 14 1 _\Whit_1405_13_five(2).mp4;C:\Users\esthe\Downloads\white line 14 1 _\Whit_1405_2_five (2).mp4;C:\Users\esthe\Downloads\white line 14 1 _\Whit_1405_3_one (2).mp4;C:\Users\esthe\Downloads\white line 14 1 _\Whit_1405_4_control (2).mp4;C:\Users\esthe\Downloads\white line 14 1 _\Whit_1405_5_three(2).mp4;C:\Users\esthe\Downloads\white line 14 1 _\Whit_1405_6_one(2).mp4;C:\Users\esthe\Downloads\white line 14 1 _\Whit_1405_7_two(2).mp4;C:\Users\esthe\Downloads\white line 14 1 _\Whit_1405_8_onehalf(2).mp4;C:\Users\esthe\Downloads\white line 14 1 _\Whit_1405_9_five(2).mp4,0.0,6.365;3.661;7.299;10.332;7.866;6.166;16.964;6.932;4.266;7.799;4.766;27.063,30.000;30.000;30.000;30.000;30.000;30.000;30.000;30.000;30.000;30.000;30.000;30.000,Whiteline,jaw movement,,,POINT,106.442,C:\Users\esthe\Downloads\white line 14 1 _\Whit_1405_9_five(2).mp4,720,NA,
whit_1405(2),2025-06-27 14:55:43.116,,109.442,Media file(s),player #1:C:\Users\esthe\Downloads\white line 14 1 _\Whit_1405_10_one(2).mp4;C:\Users\esthe\Downloads\white line 14 1 _\Whit_1405_11_two(2).mp4;C:\Users\esthe\Downloads\white line 14 1 _\Whit_1405_12_three(2).mp4;C:\Users\esthe\Downloads\white line 14 1 _\Whit_1405_13_five(2).mp4;C:\Users\esthe\Downloads\white line 14 1 _\Whit_1405_2_five (2).mp4;C:\Users\esthe\Downloads\white line 14 1 _\Whit_1405_3_one (2).mp4;C:\Users\esthe\Downloads\white line 14 1 _\Whit_1405_4_control (2).mp4;C:\Users\esthe\Downloads\white line 14 1 _\Whit_1405_5_three(2).mp4;C:\Users\esthe\Downloads\white line 14 1 _\Whit_1405_6_one(2).mp4;C:\Users\esthe\Downloads\white line 14 1 _\Whit_1405_7_two(2).mp4;C:\Users\esthe\Downloads\white line 14 1 _\Whit_1405_8_onehalf(2).mp4;C:\Users\esthe\Downloads\white line 14 1 _\Whit_1405_9_five(2).mp4,0.0,6.365;3.661;7.299;10.332;7.866;6.166;16.964;6.932;4.266;7.799;4.766;27.063,30.000;30.000;30.000;30.000;30.000;30.000;30.000;30.000;30.000;30.000;30.000;30.000,Whiteline,jaw movement,,,POINT,106.809,C:\Users\esthe\Downloads\white line 14 1 _\Whit_1405_9_five(2).mp4,731,NA,
whit_1405(2),2025-06-27 14:55:43.116,,109.442,Media file(s),player #1:C:\Users\esthe\Downloads\white line 14 1 _\Whit_1405_10_one(2).mp4;C:\Users\esthe\Downloads\white line 14 1 _\Whit_1405_11_two(2).mp4;C:\Users\esthe\Downloads\white line 14 1 _\Whit_1405_12_three(2).mp4;C:\Users\esthe\Downloads\white line 14 1 _\Whit_1405_13_five(2).mp4;C:\Users\esthe\Downloads\white line 14 1 _\Whit_1405_2_five (2).mp4;C:\Users\esthe\Downloads\white line 14 1 _\Whit_1405_3_one (2).mp4;C:\Users\esthe\Downloads\white line 14 1 _\Whit_1405_4_control (2).mp4;C:\Users\esthe\Downloads\white line 14 1 _\Whit_1405_5_three(2).mp4;C:\Users\esthe\Downloads\white line 14 1 _\Whit_1405_6_one(2).mp4;C:\Users\esthe\Downloads\white line 14 1 _\Whit_1405_7_two(2).mp4;C:\Users\esthe\Downloads\white line 14 1 _\Whit_1405_8_onehalf(2).mp4;C:\Users\esthe\Downloads\white line 14 1 _\Whit_1405_9_five(2).mp4,0.0,6.365;3.661;7.299;10.332;7.866;6.166;16.964;6.932;4.266;7.799;4.766;27.063,30.000;30.000;30.000;30.000;30.000;30.000;30.000;30.000;30.000;30.000;30.000;30.000,Whiteline,jaw movement,,,POINT,107.109,C:\Users\esthe\Downloads\white line 14 1 _\Whit_1405_9_five(2).mp4,740,NA,
whit_1405(2),2025-06-27 14:55:43.116,,109.442,Media file(s),player #1:C:\Users\esthe\Downloads\white line 14 1 _\Whit_1405_10_one(2).mp4;C:\Users\esthe\Downloads\white line 14 1 _\Whit_1405_11_two(2).mp4;C:\Users\esthe\Downloads\white line 14 1 _\Whit_1405_12_three(2).mp4;C:\Users\esthe\Downloads\white line 14 1 _\Whit_1405_13_five(2).mp4;C:\Users\esthe\Downloads\white line 14 1 _\Whit_1405_2_five (2).mp4;C:\Users\esthe\Downloads\white line 14 1 _\Whit_1405_3_one (2).mp4;C:\Users\esthe\Downloads\white line 14 1 _\Whit_1405_4_control (2).mp4;C:\Users\esthe\Downloads\white line 14 1 _\Whit_1405_5_three(2).mp4;C:\Users\esthe\Downloads\white line 14 1 _\Whit_1405_6_one(2).mp4;C:\Users\esthe\Downloads\white line 14 1 _\Whit_1405_7_two(2).mp4;C:\Users\esthe\Downloads\white line 14 1 _\Whit_1405_8_onehalf(2).mp4;C:\Users\esthe\Downloads\white line 14 1 _\Whit_1405_9_five(2).mp4,0.0,6.365;3.661;7.299;10.332;7.866;6.166;16.964;6.932;4.266;7.799;4.766;27.063,30.000;30.000;30.000;30.000;30.000;30.000;30.000;30.000;30.000;30.000;30.000;30.000,Whiteline,peeling,,,STOP,107.842,C:\Users\esthe\Downloads\white line 14 1 _\Whit_1405_9_five(2).mp4,762,NA,
whit_1405(2),2025-06-27 14:55:43.116,,109.442,Media file(s),player #1:C:\Users\esthe\Downloads\white line 14 1 _\Whit_1405_10_one(2).mp4;C:\Users\esthe\Downloads\white line 14 1 _\Whit_1405_11_two(2).mp4;C:\Users\esthe\Downloads\white line 14 1 _\Whit_1405_12_three(2).mp4;C:\Users\esthe\Downloads\white line 14 1 _\Whit_1405_13_five(2).mp4;C:\Users\esthe\Downloads\white line 14 1 _\Whit_1405_2_five (2).mp4;C:\Users\esthe\Downloads\white line 14 1 _\Whit_1405_3_one (2).mp4;C:\Users\esthe\Downloads\white line 14 1 _\Whit_1405_4_control (2).mp4;C:\Users\esthe\Downloads\white line 14 1 _\Whit_1405_5_three(2).mp4;C:\Users\esthe\Downloads\white line 14 1 _\Whit_1405_6_one(2).mp4;C:\Users\esthe\Downloads\white line 14 1 _\Whit_1405_7_two(2).mp4;C:\Users\esthe\Downloads\white line 14 1 _\Whit_1405_8_onehalf(2).mp4;C:\Users\esthe\Downloads\white line 14 1 _\Whit_1405_9_five(2).mp4,0.0,6.365;3.661;7.299;10.332;7.866;6.166;16.964;6.932;4.266;7.799;4.766;27.063,30.000;30.000;30.000;30.000;30.000;30.000;30.000;30.000;30.000;30.000;30.000;30.000,Whiteline,eating,,,START,108.109,C:\Users\esthe\Downloads\white line 14 1 _\Whit_1405_9_five(2).mp4,770,NA,
whit_1405(2),2025-06-27 14:55:43.116,,109.442,Media file(s),player #1:C:\Users\esthe\Downloads\white line 14 1 _\Whit_1405_10_one(2).mp4;C:\Users\esthe\Downloads\white line 14 1 _\Whit_1405_11_two(2).mp4;C:\Users\esthe\Downloads\white line 14 1 _\Whit_1405_12_three(2).mp4;C:\Users\esthe\Downloads\white line 14 1 _\Whit_1405_13_five(2).mp4;C:\Users\esthe\Downloads\white line 14 1 _\Whit_1405_2_five (2).mp4;C:\Users\esthe\Downloads\white line 14 1 _\Whit_1405_3_one (2).mp4;C:\Users\esthe\Downloads\white line 14 1 _\Whit_1405_4_control (2).mp4;C:\Users\esthe\Downloads\white line 14 1 _\Whit_1405_5_three(2).mp4;C:\Users\esthe\Downloads\white line 14 1 _\Whit_1405_6_one(2).mp4;C:\Users\esthe\Downloads\white line 14 1 _\Whit_1405_7_two(2).mp4;C:\Users\esthe\Downloads\white line 14 1 _\Whit_1405_8_onehalf(2).mp4;C:\Users\esthe\Downloads\white line 14 1 _\Whit_1405_9_five(2).mp4,0.0,6.365;3.661;7.299;10.332;7.866;6.166;16.964;6.932;4.266;7.799;4.766;27.063,30.000;30.000;30.000;30.000;30.000;30.000;30.000;30.000;30.000;30.000;30.000;30.000,Whiteline,eating,,,STOP,109.442,C:\Users\esthe\Downloads\white line 14 1 _\Whit_1405_9_five(2).mp4,810,NA,
